game_id,day,season,split,patch,team_id,team,lineup_id,result,lineup_impact,mean_dpm,mean_vision_per_minute,gold_concentration,damage_concentration,top_id,top_player,top_gold_share,top_damage_share,jng_id,jng_player,jng_gold_share,jng_damage_share,mid_id,mid_player,mid_gold_share,mid_damage_share,bot_id,bot_player,bot_gold_share,bot_damage_share,sup_id,sup_player,sup_gold_share,sup_damage_share
ESPORTSTMNT01/1722151,2021-01-27,2021,Unknown,11.01,oe:team:5c116dedda7feae2f6ffc093f844ac6,Rebirth eSports,lineup-f963747881ec7ebe,0,,275.40890688,1.18218623,0.20518851,0.21480929,oe:player:65cc80ed438421c722c7609622fcae8,TxZ,0.19497238,0.17263987,oe:player:17badd69433ad6e3af7dfdcfc573eeb,Winter,0.18767956,0.16323171,oe:player:e9b14ee01169f2b367c7fc21848679f,SkyMind,0.21176796,0.29135919,oe:player:ba722a5e6c2fc8344cdc9d4647d2999,AZR,0.25207182,0.23105871,oe:player:074ca14b0fa039b49a6bd7edc433e89,Glory,0.15350829,0.14171052
ESPORTSTMNT01/1722151,2021-01-27,2021,Unknown,11.01,oe:team:cb951a65f688a6e2bdf1d8d4a91da4d,Cruzados Esports,lineup-8b80bdcb8145aff8,1,,404.33198381,1.49797571,0.20822779,0.21896271,oe:player:b9833585bf011bdf1cdf48a80b5a881,LukasNegro,0.23814406,0.22232903,oe:player:62633293ebe4ae9a06bb68c78cf9484,Kartana,0.20471200,0.19549414,oe:player:de5baf357cd597896c34639e1c1e573,Kirito,0.18787257,0.20702914,oe:player:a1cf236c2b3c7deff8f57282dd2a84f,Emets,0.24000456,0.28266747,oe:player:23f2d06e47584f95b1cdb4c8f4ebce7,Charlie,0.12926681,0.09248022
ESPORTSTMNT01/1722163,2021-01-27,2021,Unknown,11.01,oe:team:096d11bb39c67344ba0d303a4505e81,Newstar,lineup-686ef2e469a46898,0,,284.84778013,1.32558140,0.20366661,0.21788590,oe:player:d7489947f78bf18709270b555816665,Deratero,0.19889587,0.27187103,oe:player:e125fd5aae78be68687e3ee2fc95f11,Funky Dog,0.20604664,0.19723453,oe:player:73b8ea5aed1fefc530e333a07438218,Cosmoz,0.21915277,0.23969629,oe:player:40f2085f7e220c565206b944e72f2f7,Egotistic,0.22649916,0.19667787,oe:player:4ff224901b37d52d1f1d85e6c702a39,IgnaVilu,0.14940555,0.09452027
ESPORTSTMNT01/1722163,2021-01-27,2021,Unknown,11.01,oe:team:c33bf74e075fb47e63c1eb63226ae3d,Furious Gaming Chile,lineup-7c9e273a37d546b3,1,,372.86257928,1.54756871,0.20382657,0.29423955,oe:player:d093de85c458fabe60eda8786a7bd6b,Manolito,0.21480740,0.23433354,oe:player:d03862f740c87d7ba17afc3cacaa20f,EXIMUS,0.19433050,0.10760699,oe:player:30fda405a39a1754550e87835c669fb,Emp,0.22112723,0.45514391,oe:player:d3bc65e5e987b942fba2400b4649f71,Viciun,0.22141071,0.09991835,oe:player:5a98ba300e1c781d7e91e1ac52902e2,Woohee,0.14832416,0.10299721
ESPORTSTMNT01/1722195,2021-01-27,2021,Unknown,11.01,oe:team:a19a63a498e083aef0b8fc70b2b7715,Movistar Optix,lineup-022dfa69823302b0,1,,490.08328940,1.46758039,0.20951970,0.23006541,oe:player:5d16b474fe0e5c99f5647b615816e12,Arfyss,0.23718509,0.20664997,oe:player:7c4c65147d1fd5043281209a511aa26,Ominick,0.18708431,0.12611973,oe:player:66a45be025e362d7d650d5d8b4b0935,Zaphyr,0.20522338,0.30901980,oe:player:cff378543c5bcc3d39d5aaca01b61fb,Kimi,0.24652335,0.25593102,oe:player:7a913e753d77491e84e55c61204fb0c,Gralou,0.12398388,0.10227947
ESPORTSTMNT01/1722195,2021-01-27,2021,Unknown,11.01,oe:team:f3bc4f2e318bd6b40e1ddd88c637396,Kaos Latin Gamers Academy,lineup-99e10d528c7c6b3a,0,,379.62256194,1.46758039,0.20711119,0.22936676,oe:player:ba8eae65e7f69e7f2405a2d8faa59c0,Kryzpo,0.19267117,0.17139905,oe:player:53c5acbf75de5e3342bc323e60268dd,Ocean,0.21254420,0.15793508,oe:player:87f9c53f8f466a417e52a132104870b,skr,0.21849991,0.28334333,oe:player:f1d0f1885cb3c4086498e51b543fc09,Sang,0.24416320,0.29304139,oe:player:1d67f2d70da0337f39229e850e03e3d,Clark Gregg,0.13212151,0.09428114
ESPORTSTMNT01/1722211,2021-01-27,2021,Unknown,11.01,oe:team:5babf9f14b8cc18a551ee1fd2d5c6f9,LDM Esports,lineup-14884b178e904ede,1,,360.28140704,1.56113903,0.20638669,0.24194184,oe:player:c32e66894e6e164bea6d26fe5aaf78b,GianKios,0.22979068,0.26115822,oe:player:d1eb4dedba8e5c2b0001d202277d47b,Lil Knight,0.18658335,0.14483374,oe:player:b4067a049170b186439a5fc1a0d971f,Wandering,0.18944089,0.30965930,oe:player:e87d9b370206c12da8a677cb495afb5,Lyg,0.24803760,0.23285353,oe:player:dd62ea30c72d69edfdbc9a86de04984,Prodigy,0.14614749,0.05149520
ESPORTSTMNT01/1722211,2021-01-27,2021,Unknown,11.01,oe:team:71cc230a7d2155dd4958f3de7ad40bb,Santiago Wanderers eSports,lineup-b5adc99abbf37bab,0,,308.09380235,1.18592965,0.20911481,0.23873871,oe:player:a2b6e393c91152242dcc619fc05ad56,Fiv,0.20665415,0.22878020,oe:player:993d7f137872d18adc42aa9aa508a8b,Camilonicolau,0.18735116,0.09499163,oe:player:0bc91bc67360a5b84f5f79d06e7a43e,KearZy,0.19703700,0.30761368,oe:player:62ba359fa6b58bea641314e7a4635cf,Nantes,0.27104323,0.27036079,oe:player:59473cb24ef2f321262a35b4d8256f2,Sholwan,0.13791445,0.09825370
ESPORTSTMNT01/1722578,2021-01-28,2021,Unknown,11.01,oe:team:49f7d0d26c02418d44ffcf34a087068,Australs,lineup-d7a5e2764fc31b19,1,,335.54634146,1.48780488,0.21020719,0.23733374,oe:player:7cba8e96b731a63a100267a3d07d68a,Burrito,0.24253464,0.33343510,oe:player:3e2e64ccceb9c7bfa8b72113d2940c3,Sami,0.17247613,0.13281579,oe:player:18eff78d8fbeb94244572cef0bb4536,Alowhed,0.19608655,0.22968003,oe:player:ec40ca8fe7e6ed94b321110063bed2c,GunPoint,0.25594745,0.22107375,oe:player:189a5a37a297a466a48066fedb27241,Nnicky,0.13295524,0.08299533
ESPORTSTMNT01/1722578,2021-01-28,2021,Unknown,11.01,oe:team:f3bc4f2e318bd6b40e1ddd88c637396,Kaos Latin Gamers Academy,lineup-99e10d528c7c6b3a,0,,356.86829268,1.64878049,0.21038037,0.22523214,oe:player:ba8eae65e7f69e7f2405a2d8faa59c0,Kryzpo,0.20852946,0.29061757,oe:player:53c5acbf75de5e3342bc323e60268dd,Ocean,0.20356839,0.20830258,oe:player:87f9c53f8f466a417e52a132104870b,skr,0.19052315,0.20992919,oe:player:f1d0f1885cb3c4086498e51b543fc09,Sang,0.27010953,0.21949753,oe:player:1d67f2d70da0337f39229e850e03e3d,Clark Gregg,0.12726947,0.07165313
ESPORTSTMNT01/1722644,2021-01-28,2021,Unknown,11.01,oe:team:c33bf74e075fb47e63c1eb63226ae3d,Furious Gaming Chile,lineup-7c9e273a37d546b3,1,,452.20127389,1.46751592,0.20861852,0.24127424,oe:player:d093de85c458fabe60eda8786a7bd6b,Manolito,0.21263088,0.23854436,oe:player:d03862f740c87d7ba17afc3cacaa20f,EXIMUS,0.18018880,0.09926812,oe:player:30fda405a39a1754550e87835c669fb,Emp,0.24794362,0.34164934,oe:player:d3bc65e5e987b942fba2400b4649f71,Viciun,0.22930276,0.21692612,oe:player:5a98ba300e1c781d7e91e1ac52902e2,Woohee,0.12993394,0.10361205
ESPORTSTMNT01/1722644,2021-01-28,2021,Unknown,11.01,oe:team:c5c317341ae046ce3345b8d56efce5c,Dark Horse,lineup-91cb290f6626bb3d,0,,262.98343949,1.16178344,0.20577347,0.23265022,oe:player:9b997d21495dbcdcb3a00095e4b6e1f,Rockstar,0.23324876,0.29802075,oe:player:a2b027a7f381c954eddcdc598035d69,Leigrey,0.20567523,0.24160781,oe:player:0fc1ccf8c73aa57eec800c254828e40,Snavet,0.18941591,0.12253321,oe:player:ce311f9a3d94cb7038eb2ea051144c2,Perro,0.23122929,0.25070480,oe:player:de74dc0ce635e91e85ca1a5056668cb,Keishao,0.14043082,0.08713343
ESPORTSTMNT01/1722661,2021-01-28,2021,Unknown,11.01,oe:team:5c116dedda7feae2f6ffc093f844ac6,Rebirth eSports,lineup-428119e9b6856fa9,0,,437.93364929,1.28909953,0.21119430,0.22267022,oe:player:65cc80ed438421c722c7609622fcae8,TxZ,0.18274674,0.18818810,oe:player:17badd69433ad6e3af7dfdcfc573eeb,Winter,0.20309447,0.24993146,oe:player:e9b14ee01169f2b367c7fc21848679f,SkyMind,0.18951589,0.17228691,oe:player:ba722a5e6c2fc8344cdc9d4647d2999,AZR,0.28468683,0.29281561,oe:player:b8420b6d3d1c9b967bed2b90a9c54a9,Tammz,0.13995608,0.09677792
ESPORTSTMNT01/1722661,2021-01-28,2021,Unknown,11.01,oe:team:71cc230a7d2155dd4958f3de7ad40bb,Santiago Wanderers eSports,lineup-b5adc99abbf37bab,1,,429.28909953,1.79462875,0.20912619,0.22748103,oe:player:a2b6e393c91152242dcc619fc05ad56,Fiv,0.17179084,0.16810186,oe:player:993d7f137872d18adc42aa9aa508a8b,Camilonicolau,0.21768101,0.21841466,oe:player:0bc91bc67360a5b84f5f79d06e7a43e,KearZy,0.20311298,0.27261353,oe:player:62ba359fa6b58bea641314e7a4635cf,Nantes,0.26687653,0.26816810,oe:player:59473cb24ef2f321262a35b4d8256f2,Sholwan,0.14053865,0.07270185
ESPORTSTMNT01/1722701,2021-01-28,2021,Unknown,11.01,oe:team:5babf9f14b8cc18a551ee1fd2d5c6f9,LDM Esports,lineup-14884b178e904ede,0,,278.62833246,1.29848406,0.20840632,0.23080688,oe:player:c32e66894e6e164bea6d26fe5aaf78b,GianKios,0.24460969,0.31111261,oe:player:d1eb4dedba8e5c2b0001d202277d47b,Lil Knight,0.16777507,0.13312171,oe:player:b4067a049170b186439a5fc1a0d971f,Wandering,0.22714989,0.27542888,oe:player:e87d9b370206c12da8a677cb495afb5,Lyg,0.22416007,0.16403260,oe:player:dd62ea30c72d69edfdbc9a86de04984,Prodigy,0.13630527,0.11630420
ESPORTSTMNT01/1722701,2021-01-28,2021,Unknown,11.01,oe:team:65381c751e78df337720522a7275412,ODIN Gaming,lineup-5f263d73df8fa884,1,,261.76058547,1.73131208,0.20651488,0.22990296,oe:player:6138b4e3cfce7fb1d438ac203f1265c,Kanra,0.20960982,0.25476287,oe:player:d68b7d3b26ccc08cc30abb5210e5839,Amarant,0.18704102,0.15622229,oe:player:b7b27fd30d9097988844c2cfaf8f12e,N N,0.22212744,0.29693978,oe:player:a23e88f88c9668bf9d4dea3d00d606d,KouZZe,0.24347229,0.21591699,oe:player:c6a3d2fb852e7fbe44c84dd6e23f971,Pyl,0.13774943,0.07615807
ESPORTSTMNT01/1722730,2021-01-28,2021,Unknown,11.01,oe:team:096d11bb39c67344ba0d303a4505e81,Newstar,lineup-686ef2e469a46898,0,,297.29191412,1.46916400,0.20770404,0.24587957,oe:player:d7489947f78bf18709270b555816665,Deratero,0.24196581,0.17888293,oe:player:e125fd5aae78be68687e3ee2fc95f11,Funky Dog,0.19998645,0.36724383,oe:player:73b8ea5aed1fefc530e333a07438218,Cosmoz,0.19768250,0.23403588,oe:player:40f2085f7e220c565206b944e72f2f7,Egotistic,0.23093734,0.11605908,oe:player:4ff224901b37d52d1f1d85e6c702a39,IgnaVilu,0.12942791,0.10377828
ESPORTSTMNT01/1722730,2021-01-28,2021,Unknown,11.01,oe:team:a19a63a498e083aef0b8fc70b2b7715,Movistar Optix,lineup-022dfa69823302b0,1,,458.56007309,1.55687529,0.20585555,0.21769603,oe:player:5d16b474fe0e5c99f5647b615816e12,Arfyss,0.20675862,0.18483186,oe:player:7c4c65147d1fd5043281209a511aa26,Ominick,0.18787635,0.18844218,oe:player:66a45be025e362d7d650d5d8b4b0935,Zaphyr,0.20337501,0.22039714,oe:player:cff378543c5bcc3d39d5aaca01b61fb,Kimi,0.25414349,0.29507824,oe:player:7a913e753d77491e84e55c61204fb0c,Gralou,0.14784653,0.11125058
ESPORTSTMNT01/1722770,2021-01-29,2021,Unknown,11.01,oe:team:ba3b1a1f005f917f9aaea679f31ae08,Bencheados,lineup-2abcf67931335e50,0,,220.66752246,1.04749679,0.21092443,0.22331091,oe:player:f01edf63566e420e611fe50f0a0032c,Antimagic,0.17035200,0.26418848,oe:player:09df9e68902cee8732f903bbead50a9,Rainight,0.19371661,0.27221640,oe:player:6aff04000a3032154606825dbb26529,Fear,0.23801733,0.15912740,oe:player:905b58ee28fd586c8870ce6c8af1f6c,Wonder,0.26437281,0.21445026,oe:player:174147762fec5d9537f498ef166b4a5,Tsunami,0.13354125,0.09001745
ESPORTSTMNT01/1722770,2021-01-29,2021,Unknown,11.01,oe:team:cb951a65f688a6e2bdf1d8d4a91da4d,Cruzados Esports,lineup-8b80bdcb8145aff8,1,,356.72657253,1.29396662,0.20653495,0.24604930,oe:player:b9833585bf011bdf1cdf48a80b5a881,LukasNegro,0.22799854,0.30309835,oe:player:62633293ebe4ae9a06bb68c78cf9484,Kartana,0.18914256,0.14392745,oe:player:de5baf357cd597896c34639e1c1e573,Kirito,0.21862480,0.27712404,oe:player:a1cf236c2b3c7deff8f57282dd2a84f,Emets,0.23031802,0.23441650,oe:player:23f2d06e47584f95b1cdb4c8f4ebce7,Charlie,0.13391608,0.04143366
ESPORTSTMNT01/1722965,2021-01-29,2021,Unknown,11.01,oe:team:49f7d0d26c02418d44ffcf34a087068,Australs,lineup-d7a5e2764fc31b19,1,,576.54613003,1.68668731,0.21236524,0.24276104,oe:player:7cba8e96b731a63a100267a3d07d68a,Burrito,0.18255401,0.22777037,oe:player:3e2e64ccceb9c7bfa8b72113d2940c3,Sami,0.18166158,0.14133916,oe:player:18eff78d8fbeb94244572cef0bb4536,Alowhed,0.23746965,0.26717444,oe:player:ec40ca8fe7e6ed94b321110063bed2c,GunPoint,0.27098769,0.31104410,oe:player:189a5a37a297a466a48066fedb27241,Nnicky,0.12732707,0.05267194
ESPORTSTMNT01/1722965,2021-01-29,2021,Unknown,11.01,oe:team:71cc230a7d2155dd4958f3de7ad40bb,Santiago Wanderers eSports,lineup-b5adc99abbf37bab,0,,539.47616099,1.53808050,0.20629160,0.22412806,oe:player:a2b6e393c91152242dcc619fc05ad56,Fiv,0.23106065,0.20573794,oe:player:993d7f137872d18adc42aa9aa508a8b,Camilonicolau,0.21329351,0.18195842,oe:player:0bc91bc67360a5b84f5f79d06e7a43e,KearZy,0.23393765,0.21500045,oe:player:62ba359fa6b58bea641314e7a4635cf,Nantes,0.18245907,0.30714350,oe:player:59473cb24ef2f321262a35b4d8256f2,Sholwan,0.13924912,0.09015970
ESPORTSTMNT01/1723011,2021-01-29,2021,Unknown,11.01,oe:team:65381c751e78df337720522a7275412,ODIN Gaming,lineup-5f263d73df8fa884,1,,325.69681529,1.52101911,0.20483891,0.22218101,oe:player:6138b4e3cfce7fb1d438ac203f1265c,Kanra,0.18080651,0.15488595,oe:player:d68b7d3b26ccc08cc30abb5210e5839,Amarant,0.20964983,0.26612222,oe:player:b7b27fd30d9097988844c2cfaf8f12e,N N,0.23025501,0.28283113,oe:player:a23e88f88c9668bf9d4dea3d00d606d,KouZZe,0.22994043,0.19004036,oe:player:c6a3d2fb852e7fbe44c84dd6e23f971,Pyl,0.14934822,0.10612034
ESPORTSTMNT01/1723011,2021-01-29,2021,Unknown,11.01,oe:team:a19a63a498e083aef0b8fc70b2b7715,Movistar Optix,lineup-022dfa69823302b0,0,,275.35031847,1.07770701,0.20508528,0.25109628,oe:player:5d16b474fe0e5c99f5647b615816e12,Arfyss,0.21576425,0.19092297,oe:player:7c4c65147d1fd5043281209a511aa26,Ominick,0.21987254,0.37287994,oe:player:66a45be025e362d7d650d5d8b4b0935,Zaphyr,0.21436848,0.21426787,oe:player:cff378543c5bcc3d39d5aaca01b61fb,Kimi,0.21363110,0.16130465,oe:player:7a913e753d77491e84e55c61204fb0c,Gralou,0.13636364,0.06062457
ESPORTSTMNT01/1723036,2021-01-29,2021,Unknown,11.01,oe:team:c5c317341ae046ce3345b8d56efce5c,Dark Horse,lineup-91cb290f6626bb3d,0,,354.20202020,1.16498316,0.20929268,0.25724429,oe:player:9b997d21495dbcdcb3a00095e4b6e1f,Rockstar,0.18061674,0.16291184,oe:player:a2b027a7f381c954eddcdc598035d69,Leigrey,0.19223267,0.19251317,oe:player:0fc1ccf8c73aa57eec800c254828e40,Snavet,0.21022640,0.16665716,oe:player:ce311f9a3d94cb7038eb2ea051144c2,Perro,0.27407018,0.39968440,oe:player:de74dc0ce635e91e85ca1a5056668cb,Keishao,0.14285401,0.07823343
ESPORTSTMNT01/1723036,2021-01-29,2021,Unknown,11.01,oe:team:cb951a65f688a6e2bdf1d8d4a91da4d,Cruzados Esports,lineup-8b80bdcb8145aff8,1,,416.61279461,1.50168350,0.21077618,0.24668978,oe:player:b9833585bf011bdf1cdf48a80b5a881,LukasNegro,0.24268013,0.23257957,oe:player:62633293ebe4ae9a06bb68c78cf9484,Kartana,0.18077591,0.11592610,oe:player:de5baf357cd597896c34639e1c1e573,Kirito,0.22017246,0.27045113,oe:player:a1cf236c2b3c7deff8f57282dd2a84f,Emets,0.23829552,0.31978276,oe:player:23f2d06e47584f95b1cdb4c8f4ebce7,Charlie,0.11807597,0.06126045
ESPORTSTMNT01/1723071,2021-01-29,2021,Unknown,11.01,oe:team:c33bf74e075fb47e63c1eb63226ae3d,Furious Gaming Chile,lineup-7c9e273a37d546b3,1,,431.19702602,1.51177200,0.20853182,0.26101478,oe:player:d093de85c458fabe60eda8786a7bd6b,Manolito,0.26246543,0.30531991,oe:player:d03862f740c87d7ba17afc3cacaa20f,EXIMUS,0.19221652,0.15307952,oe:player:30fda405a39a1754550e87835c669fb,Emp,0.20539971,0.34854128,oe:player:d3bc65e5e987b942fba2400b4649f71,Viciun,0.20694060,0.14259604,oe:player:5a98ba300e1c781d7e91e1ac52902e2,Woohee,0.13297774,0.05046325
ESPORTSTMNT01/1723071,2021-01-29,2021,Unknown,11.01,oe:team:f3bc4f2e318bd6b40e1ddd88c637396,Kaos Latin Gamers Academy,lineup-99e10d528c7c6b3a,0,,412.70879802,1.40272615,0.20765527,0.24418766,oe:player:ba8eae65e7f69e7f2405a2d8faa59c0,Kryzpo,0.18856737,0.17282379,oe:player:53c5acbf75de5e3342bc323e60268dd,Ocean,0.20474970,0.17139460,oe:player:87f9c53f8f466a417e52a132104870b,skr,0.22502393,0.37031610,oe:player:f1d0f1885cb3c4086498e51b543fc09,Sang,0.24874155,0.20216420,oe:player:1d67f2d70da0337f39229e850e03e3d,Clark Gregg,0.13291745,0.08330131
ESPORTSTMNT01/1723155,2021-01-30,2021,Unknown,11.01,oe:team:096d11bb39c67344ba0d303a4505e81,Newstar,lineup-686ef2e469a46898,1,,397.40281690,1.29014085,0.21089234,0.24204601,oe:player:d7489947f78bf18709270b555816665,Deratero,0.23500565,0.32587647,oe:player:e125fd5aae78be68687e3ee2fc95f11,Funky Dog,0.16632039,0.15798353,oe:player:73b8ea5aed1fefc530e333a07438218,Cosmoz,0.24019982,0.26084861,oe:player:40f2085f7e220c565206b944e72f2f7,Egotistic,0.23425708,0.19927983,oe:player:4ff224901b37d52d1f1d85e6c702a39,IgnaVilu,0.12421706,0.05601157
ESPORTSTMNT01/1723155,2021-01-30,2021,Unknown,11.01,oe:team:ba3b1a1f005f917f9aaea679f31ae08,Bencheados,lineup-2abcf67931335e50,0,,221.56056338,1.45352113,0.20672637,0.22309317,oe:player:f01edf63566e420e611fe50f0a0032c,Antimagic,0.19878698,0.26160144,oe:player:09df9e68902cee8732f903bbead50a9,Rainight,0.16837059,0.14687111,oe:player:6aff04000a3032154606825dbb26529,Fear,0.23975376,0.21595850,oe:player:905b58ee28fd586c8870ce6c8af1f6c,Wonder,0.24193285,0.27701071,oe:player:174147762fec5d9537f498ef166b4a5,Tsunami,0.15115582,0.09855824
ESPORTSTMNT01/1732524,2021-01-28,2021,Unknown,11.01,oe:team:ba3b1a1f005f917f9aaea679f31ae08,Bencheados,lineup-2164fdeb8b3b5955,1,,231.86497890,1.71589311,0.20917914,0.27474153,oe:player:f01edf63566e420e611fe50f0a0032c,Antimagic,0.20256657,0.29926724,oe:player:751db8ce6bb29533f47ca7093c325d5,Zwitch,0.16912095,0.06204202,oe:player:6aff04000a3032154606825dbb26529,Fear,0.25025666,0.36189159,oe:player:905b58ee28fd586c8870ce6c8af1f6c,Wonder,0.24124158,0.21604309,oe:player:174147762fec5d9537f498ef166b4a5,Tsunami,0.13681424,0.06075605
ESPORTSTMNT01/1732524,2021-01-28,2021,Unknown,11.01,oe:team:c5c317341ae046ce3345b8d56efce5c,Dark Horse,lineup-1f0a153d1d873ae6,0,,176.65260197,1.42334740,0.21119038,0.25180543,oe:player:9b997d21495dbcdcb3a00095e4b6e1f,Rockstar,0.19098617,0.28006369,oe:player:a2b027a7f381c954eddcdc598035d69,Leigrey,0.18994497,0.10031847,oe:player:0fc1ccf8c73aa57eec800c254828e40,Snavet,0.23817492,0.24656051,oe:player:ce311f9a3d94cb7038eb2ea051144c2,Perro,0.25888740,0.31484076,oe:player:714188a13fc8862a503f93418cee85f,Uruwhy,0.12200654,0.05821656
ESPORTSTMNT01/1732549,2021-01-28,2021,Unknown,11.01,oe:team:49f7d0d26c02418d44ffcf34a087068,Australs,lineup-d7a5e2764fc31b19,1,,353.26415094,1.54245283,0.20469994,0.26508872,oe:player:7cba8e96b731a63a100267a3d07d68a,Burrito,0.21657567,0.28911633,oe:player:3e2e64ccceb9c7bfa8b72113d2940c3,Sami,0.18494060,0.08810687,oe:player:18eff78d8fbeb94244572cef0bb4536,Alowhed,0.22703460,0.36572665,oe:player:ec40ca8fe7e6ed94b321110063bed2c,GunPoint,0.22483952,0.18744993,oe:player:189a5a37a297a466a48066fedb27241,Nnicky,0.14660961,0.06960022
ESPORTSTMNT01/1732549,2021-01-28,2021,Unknown,11.01,oe:team:65381c751e78df337720522a7275412,ODIN Gaming,lineup-5f263d73df8fa884,0,,240.02830189,1.49292453,0.20504189,0.22756077,oe:player:6138b4e3cfce7fb1d438ac203f1265c,Kanra,0.17774082,0.26703809,oe:player:d68b7d3b26ccc08cc30abb5210e5839,Amarant,0.21355705,0.15030657,oe:player:b7b27fd30d9097988844c2cfaf8f12e,N N,0.21663481,0.30715717,oe:player:a23e88f88c9668bf9d4dea3d00d606d,KouZZe,0.24105835,0.16386629,oe:player:c6a3d2fb852e7fbe44c84dd6e23f971,Pyl,0.15100896,0.11163188
ESPORTSTMNT01/1884069,2021-03-05,2021,Unknown,11.04,oe:team:5babf9f14b8cc18a551ee1fd2d5c6f9,LDM Esports,lineup-14884b178e904ede,1,-0.41018506,351.98774885,1.55589587,0.20509638,0.24824749,oe:player:c32e66894e6e164bea6d26fe5aaf78b,GianKios,0.18369533,0.13368835,oe:player:d1eb4dedba8e5c2b0001d202277d47b,Lil Knight,0.20861336,0.21776130,oe:player:b4067a049170b186439a5fc1a0d971f,Wandering,0.21129184,0.29741394,oe:player:e87d9b370206c12da8a677cb495afb5,Lyg,0.24627447,0.30373116,oe:player:dd62ea30c72d69edfdbc9a86de04984,Prodigy,0.15012500,0.04740524
ESPORTSTMNT01/1884069,2021-03-05,2021,Unknown,11.04,oe:team:ba3b1a1f005f917f9aaea679f31ae08,Bencheados,lineup-0c2026dc491b2bdf,0,-0.53779969,215.96937213,1.12098009,0.21364831,0.26597776,oe:player:f01edf63566e420e611fe50f0a0032c,Antimagic,0.18792569,0.11316902,oe:player:f2ab3e94cdc9ce3d067e60c4bcb67a6,Frost,0.16820952,0.22965652,oe:player:6aff04000a3032154606825dbb26529,Fear,0.24523965,0.23660550,oe:player:905b58ee28fd586c8870ce6c8af1f6c,Wonder,0.27157708,0.37762714,oe:player:174147762fec5d9537f498ef166b4a5,Tsunami,0.12704806,0.04294183
ESPORTSTMNT01/1884182,2021-03-05,2021,Unknown,11.04,oe:team:71cc230a7d2155dd4958f3de7ad40bb,Santiago Wanderers eSports,lineup-b5adc99abbf37bab,0,-1.00830111,270.49080533,1.23272036,0.20573176,0.21289427,oe:player:a2b6e393c91152242dcc619fc05ad56,Fiv,0.19339094,0.19199932,oe:player:993d7f137872d18adc42aa9aa508a8b,Camilonicolau,0.19803169,0.22246603,oe:player:0bc91bc67360a5b84f5f79d06e7a43e,KearZy,0.21576786,0.28075506,oe:player:62ba359fa6b58bea641314e7a4635cf,Nantes,0.24841308,0.17759586,oe:player:59473cb24ef2f321262a35b4d8256f2,Sholwan,0.14439644,0.12718373
ESPORTSTMNT01/1884182,2021-03-05,2021,Unknown,11.04,oe:team:cb951a65f688a6e2bdf1d8d4a91da4d,Cruzados Esports,lineup-3c347d908edc329f,1,-0.50267076,360.28915663,1.30881420,0.20507619,0.25742090,oe:player:b9833585bf011bdf1cdf48a80b5a881,LukasNegro,0.20185199,0.24640956,oe:player:62633293ebe4ae9a06bb68c78cf9484,Kartana,0.22614511,0.11633015,oe:player:de5baf357cd597896c34639e1c1e573,Kirito,0.21825699,0.38362761,oe:player:0bc4fd0edda3d6c6d91dafb2bf7eb0a,Matimm,0.21551330,0.17060911,oe:player:007cc9547ae8884ad597cd92ba50542,Severity,0.13823260,0.08302357
ESPORTSTMNT01/1884197,2021-03-05,2021,Unknown,11.04,oe:team:096d11bb39c67344ba0d303a4505e81,Newstar,lineup-686ef2e469a46898,0,-0.90178654,302.42195122,1.28780488,0.20710160,0.27429210,oe:player:d7489947f78bf18709270b555816665,Deratero,0.21496980,0.26403910,oe:player:e125fd5aae78be68687e3ee2fc95f11,Funky Dog,0.19289328,0.10258644,oe:player:73b8ea5aed1fefc530e333a07438218,Cosmoz,0.21298070,0.17870364,oe:player:40f2085f7e220c565206b944e72f2f7,Egotistic,0.24632877,0.39873219,oe:player:4ff224901b37d52d1f1d85e6c702a39,IgnaVilu,0.13282746,0.05593864
ESPORTSTMNT01/1884197,2021-03-05,2021,Unknown,11.04,oe:team:f3bc4f2e318bd6b40e1ddd88c637396,Kaos Latin Gamers Academy,lineup-92404f093427e538,1,0.45053404,348.74634146,1.39024390,0.20596688,0.22874567,oe:player:ba8eae65e7f69e7f2405a2d8faa59c0,Kryzpo,0.18331861,0.19153623,oe:player:53c5acbf75de5e3342bc323e60268dd,Ocean,0.20371450,0.11468256,oe:player:cf6fe267c79a3e3ea388534d48dd66d,Regi,0.21367746,0.24403088,oe:player:f1d0f1885cb3c4086498e51b543fc09,Sang,0.25202549,0.32031807,oe:player:1d67f2d70da0337f39229e850e03e3d,Clark Gregg,0.14726394,0.12943225
ESPORTSTMNT01/1886584,2021-03-10,2021,Unknown,11.04,oe:team:65381c751e78df337720522a7275412,ODIN Gaming,lineup-b28bf1e7c4023da1,0,0.64998582,402.41142857,1.25714286,0.21172516,0.25550103,oe:player:6138b4e3cfce7fb1d438ac203f1265c,Kanra,0.21744420,0.27379228,oe:player:11e35320b6079280e7d88cc2b87a4c0,1Haru,0.17066337,0.08246003,oe:player:b7b27fd30d9097988844c2cfaf8f12e,N N,0.25377398,0.34175400,oe:player:a23e88f88c9668bf9d4dea3d00d606d,KouZZe,0.23733250,0.22630712,oe:player:c6a3d2fb852e7fbe44c84dd6e23f971,Pyl,0.12078595,0.07568658
ESPORTSTMNT01/1886584,2021-03-10,2021,Unknown,11.04,oe:team:c33bf74e075fb47e63c1eb63226ae3d,Furious Gaming Chile,lineup-7c9e273a37d546b3,1,0.57555738,401.64571429,1.56571429,0.21003924,0.23280221,oe:player:d093de85c458fabe60eda8786a7bd6b,Manolito,0.18830831,0.15284259,oe:player:d03862f740c87d7ba17afc3cacaa20f,EXIMUS,0.17959458,0.20189791,oe:player:30fda405a39a1754550e87835c669fb,Emp,0.21370043,0.29558388,oe:player:d3bc65e5e987b942fba2400b4649f71,Viciun,0.27676033,0.27526747,oe:player:5a98ba300e1c781d7e91e1ac52902e2,Woohee,0.14163635,0.07440815
ESPORTSTMNT01/1892690,2021-03-03,2021,Unknown,11.04,oe:team:65381c751e78df337720522a7275412,ODIN Gaming,lineup-b28bf1e7c4023da1,0,-1.41876956,176.60825325,1.30243075,0.20778499,0.22236634,oe:player:6138b4e3cfce7fb1d438ac203f1265c,Kanra,0.20605846,0.17534089,oe:player:11e35320b6079280e7d88cc2b87a4c0,1Haru,0.17414734,0.21144613,oe:player:b7b27fd30d9097988844c2cfaf8f12e,N N,0.24934581,0.28918763,oe:player:a23e88f88c9668bf9d4dea3d00d606d,KouZZe,0.23109505,0.23545228,oe:player:c6a3d2fb852e7fbe44c84dd6e23f971,Pyl,0.13935335,0.08857307
ESPORTSTMNT01/1892690,2021-03-03,2021,Unknown,11.04,oe:team:f3bc4f2e318bd6b40e1ddd88c637396,Kaos Latin Gamers Academy,lineup-92404f093427e538,1,-0.83067254,252.49519503,1.72979084,0.20818585,0.26266874,oe:player:ba8eae65e7f69e7f2405a2d8faa59c0,Kryzpo,0.18584056,0.17242491,oe:player:53c5acbf75de5e3342bc323e60268dd,Ocean,0.21693888,0.09728118,oe:player:cf6fe267c79a3e3ea388534d48dd66d,Regi,0.22330841,0.34039009,oe:player:f1d0f1885cb3c4086498e51b543fc09,Sang,0.24532929,0.32064371,oe:player:1d67f2d70da0337f39229e850e03e3d,Clark Gregg,0.12858286,0.06926011
ESPORTSTMNT01/1892747,2021-03-03,2021,Unknown,11.04,oe:team:49f7d0d26c02418d44ffcf34a087068,Australs,lineup-d7a5e2764fc31b19,1,0.04330102,337.25882973,1.65735372,0.21504334,0.26932064,oe:player:7cba8e96b731a63a100267a3d07d68a,Burrito,0.17035577,0.21840008,oe:player:3e2e64ccceb9c7bfa8b72113d2940c3,Sami,0.18880129,0.17567289,oe:player:18eff78d8fbeb94244572cef0bb4536,Alowhed,0.20192372,0.11197599,oe:player:ec40ca8fe7e6ed94b321110063bed2c,GunPoint,0.30093996,0.41464879,oe:player:189a5a37a297a466a48066fedb27241,Nnicky,0.13797925,0.07930226
ESPORTSTMNT01/1892747,2021-03-03,2021,Unknown,11.04,oe:team:cb951a65f688a6e2bdf1d8d4a91da4d,Cruzados Esports,lineup-845780a91f3259c1,0,-0.80770447,301.82182393,1.46125461,0.21265277,0.27303558,oe:player:b9833585bf011bdf1cdf48a80b5a881,LukasNegro,0.21262563,0.20321506,oe:player:62633293ebe4ae9a06bb68c78cf9484,Kartana,0.18233747,0.06620837,oe:player:de5baf357cd597896c34639e1c1e573,Kirito,0.19278031,0.29889129,oe:player:a1cf236c2b3c7deff8f57282dd2a84f,Emets,0.28376256,0.36558171,oe:player:007cc9547ae8884ad597cd92ba50542,Severity,0.12849403,0.06610358
ESPORTSTMNT01/1892811,2021-03-03,2021,Unknown,11.04,oe:team:a19a63a498e083aef0b8fc70b2b7715,Movistar Optix,lineup-b1adafcea28f087f,1,0.19296201,412.89703808,1.47813822,0.20975600,0.22370164,oe:player:5d16b474fe0e5c99f5647b615816e12,Arfyss,0.22414284,0.20544913,oe:player:7c4c65147d1fd5043281209a511aa26,Ominick,0.16800038,0.15610909,oe:player:66a45be025e362d7d650d5d8b4b0935,Zaphyr,0.24386387,0.29082065,oe:player:350b1ee846a2badcb03cf11cf9b7749,Kayse,0.23480200,0.25167382,oe:player:7a913e753d77491e84e55c61204fb0c,Gralou,0.12919092,0.09594731
ESPORTSTMNT01/1892811,2021-03-03,2021,Unknown,11.04,oe:team:ba3b1a1f005f917f9aaea679f31ae08,Bencheados,lineup-2abcf67931335e50,0,0.18177921,339.21015515,1.25811001,0.20263049,0.28316276,oe:player:f01edf63566e420e611fe50f0a0032c,Antimagic,0.19582028,0.14862370,oe:player:09df9e68902cee8732f903bbead50a9,Rainight,0.17170108,0.03683992,oe:player:6aff04000a3032154606825dbb26529,Fear,0.23913928,0.27125156,oe:player:905b58ee28fd586c8870ce6c8af1f6c,Wonder,0.20803029,0.41049480,oe:player:174147762fec5d9537f498ef166b4a5,Tsunami,0.18530905,0.13279002
ESPORTSTMNT01/1892859,2021-03-03,2021,Unknown,11.04,oe:team:5c116dedda7feae2f6ffc093f844ac6,Rebirth eSports,lineup-5f3c9803e51cdf68,0,0.17235604,238.21639344,1.27213115,0.20611848,0.21947060,oe:player:65cc80ed438421c722c7609622fcae8,TxZ,0.19580180,0.23147434,oe:player:7a1816535cdcfc18cf630f113394cf0,Empanadita,0.19016274,0.23400683,oe:player:e9b14ee01169f2b367c7fc21848679f,SkyMind,0.21953730,0.19822176,oe:player:ba722a5e6c2fc8344cdc9d4647d2999,AZR,0.25019833,0.25558798,oe:player:074ca14b0fa039b49a6bd7edc433e89,Glory,0.14429983,0.08070909
ESPORTSTMNT01/1892859,2021-03-03,2021,Unknown,11.04,oe:team:c33bf74e075fb47e63c1eb63226ae3d,Furious Gaming Chile,lineup-7c9e273a37d546b3,1,0.60254673,431.10163934,1.55409836,0.21260469,0.25844359,oe:player:d093de85c458fabe60eda8786a7bd6b,Manolito,0.19265526,0.24172916,oe:player:d03862f740c87d7ba17afc3cacaa20f,EXIMUS,0.18144190,0.09573643,oe:player:30fda405a39a1754550e87835c669fb,Emp,0.27647505,0.37287620,oe:player:d3bc65e5e987b942fba2400b4649f71,Viciun,0.22510801,0.21503430,oe:player:5a98ba300e1c781d7e91e1ac52902e2,Woohee,0.12431978,0.07462391
ESPORTSTMNT01/1892917,2021-03-04,2021,Unknown,11.04,oe:team:5babf9f14b8cc18a551ee1fd2d5c6f9,LDM Esports,lineup-14884b178e904ede,1,-1.38932368,225.52685950,1.65495868,0.20785359,0.20968848,oe:player:c32e66894e6e164bea6d26fe5aaf78b,GianKios,0.21954547,0.22385598,oe:player:d1eb4dedba8e5c2b0001d202277d47b,Lil Knight,0.18176009,0.22490037,oe:player:b4067a049170b186439a5fc1a0d971f,Wandering,0.19137913,0.13533049,oe:player:e87d9b370206c12da8a677cb495afb5,Lyg,0.26297793,0.25373093,oe:player:dd62ea30c72d69edfdbc9a86de04984,Prodigy,0.14433737,0.16218222
ESPORTSTMNT01/1892917,2021-03-04,2021,Unknown,11.04,oe:team:c5c317341ae046ce3345b8d56efce5c,Dark Horse,lineup-1f0a153d1d873ae6,0,-0.64744865,252.53925620,1.30165289,0.20835409,0.30395786,oe:player:9b997d21495dbcdcb3a00095e4b6e1f,Rockstar,0.22092103,0.25103699,oe:player:a2b027a7f381c954eddcdc598035d69,Leigrey,0.18225458,0.04032595,oe:player:0fc1ccf8c73aa57eec800c254828e40,Snavet,0.21568110,0.41344525,oe:player:ce311f9a3d94cb7038eb2ea051144c2,Perro,0.25047915,0.25896473,oe:player:714188a13fc8862a503f93418cee85f,Uruwhy,0.13066413,0.03622708
ESPORTSTMNT01/1892952,2021-03-04,2021,Unknown,11.04,oe:team:096d11bb39c67344ba0d303a4505e81,Newstar,lineup-686ef2e469a46898,1,-0.31064136,421.68824940,2.04796163,0.20787063,0.25754555,oe:player:d7489947f78bf18709270b555816665,Deratero,0.22212289,0.19120357,oe:player:e125fd5aae78be68687e3ee2fc95f11,Funky Dog,0.19111035,0.12288165,oe:player:73b8ea5aed1fefc530e333a07438218,Cosmoz,0.21541819,0.31631446,oe:player:40f2085f7e220c565206b944e72f2f7,Egotistic,0.24335446,0.32178522,oe:player:4ff224901b37d52d1f1d85e6c702a39,IgnaVilu,0.12799411,0.04781511
ESPORTSTMNT01/1892952,2021-03-04,2021,Unknown,11.04,oe:team:71cc230a7d2155dd4958f3de7ad40bb,Santiago Wanderers eSports,lineup-b5adc99abbf37bab,0,-0.31657044,378.58992806,1.65467626,0.21081778,0.25254557,oe:player:a2b6e393c91152242dcc619fc05ad56,Fiv,0.22268311,0.24229756,oe:player:993d7f137872d18adc42aa9aa508a8b,Camilonicolau,0.17232260,0.09876356,oe:player:0bc91bc67360a5b84f5f79d06e7a43e,KearZy,0.21242449,0.30732492,oe:player:62ba359fa6b58bea641314e7a4635cf,Nantes,0.26467804,0.29374430,oe:player:59473cb24ef2f321262a35b4d8256f2,Sholwan,0.12789176,0.05786967
ESPORTSTMNT01/1893348,2021-03-04,2021,Unknown,11.04,oe:team:a19a63a498e083aef0b8fc70b2b7715,Movistar Optix,lineup-b1adafcea28f087f,1,-0.59803664,379.40529532,1.68024440,0.20918045,0.24537356,oe:player:5d16b474fe0e5c99f5647b615816e12,Arfyss,0.23705823,0.20901507,oe:player:7c4c65147d1fd5043281209a511aa26,Ominick,0.18156249,0.20795220,oe:player:66a45be025e362d7d650d5d8b4b0935,Zaphyr,0.23926006,0.30791033,oe:player:350b1ee846a2badcb03cf11cf9b7749,Kayse,0.21716141,0.25111118,oe:player:7a913e753d77491e84e55c61204fb0c,Gralou,0.12495781,0.02401121
ESPORTSTMNT01/1893348,2021-03-04,2021,Unknown,11.04,oe:team:cb951a65f688a6e2bdf1d8d4a91da4d,Cruzados Esports,lineup-845780a91f3259c1,0,-0.82182376,265.37474542,1.30753564,0.21353488,0.30850159,oe:player:b9833585bf011bdf1cdf48a80b5a881,LukasNegro,0.17807554,0.09379965,oe:player:62633293ebe4ae9a06bb68c78cf9484,Kartana,0.17838625,0.15069187,oe:player:de5baf357cd597896c34639e1c1e573,Kirito,0.24901447,0.47965832,oe:player:a1cf236c2b3c7deff8f57282dd2a84f,Emets,0.26856976,0.20454493,oe:player:007cc9547ae8884ad597cd92ba50542,Severity,0.12595398,0.07130523
ESPORTSTMNT01/1893420,2021-03-04,2021,Unknown,11.04,oe:team:49f7d0d26c02418d44ffcf34a087068,Australs,lineup-d7a5e2764fc31b19,0,-0.60670089,350.42201835,1.35412844,0.20969190,0.22722211,oe:player:7cba8e96b731a63a100267a3d07d68a,Burrito,0.20639589,0.16983977,oe:player:3e2e64ccceb9c7bfa8b72113d2940c3,Sami,0.18936058,0.16658812,oe:player:18eff78d8fbeb94244572cef0bb4536,Alowhed,0.20326765,0.24593151,oe:player:ec40ca8fe7e6ed94b321110063bed2c,GunPoint,0.26950475,0.31589695,oe:player:189a5a37a297a466a48066fedb27241,Nnicky,0.13147112,0.10174364
ESPORTSTMNT01/1893420,2021-03-04,2021,Unknown,11.04,oe:team:c5c317341ae046ce3345b8d56efce5c,Dark Horse,lineup-91cb290f6626bb3d,1,0.77114849,412.18899083,1.75045872,0.20681191,0.26182477,oe:player:9b997d21495dbcdcb3a00095e4b6e1f,Rockstar,0.19030048,0.14919673,oe:player:a2b027a7f381c954eddcdc598035d69,Leigrey,0.18251596,0.11924253,oe:player:0fc1ccf8c73aa57eec800c254828e40,Snavet,0.23507707,0.29560236,oe:player:ce311f9a3d94cb7038eb2ea051144c2,Perro,0.24680056,0.36449834,oe:player:de74dc0ce635e91e85ca1a5056668cb,Keishao,0.14530593,0.07146005
ESPORTSTMNT01/1893509,2021-03-04,2021,Unknown,11.04,oe:team:5c116dedda7feae2f6ffc093f844ac6,Rebirth eSports,lineup-c262149fc3964d57,0,0.70507541,439.31606218,1.50777202,0.20796643,0.25591708,oe:player:65cc80ed438421c722c7609622fcae8,TxZ,0.21098976,0.15241544,oe:player:b8420b6d3d1c9b967bed2b90a9c54a9,Tammz,0.16825841,0.12946408,oe:player:e9b14ee01169f2b367c7fc21848679f,SkyMind,0.23363678,0.33123791,oe:player:ba722a5e6c2fc8344cdc9d4647d2999,AZR,0.24658432,0.31867717,oe:player:074ca14b0fa039b49a6bd7edc433e89,Glory,0.14053072,0.06820541
ESPORTSTMNT01/1893509,2021-03-04,2021,Unknown,11.04,oe:team:65381c751e78df337720522a7275412,ODIN Gaming,lineup-b28bf1e7c4023da1,1,0.48557714,388.62694301,1.53367876,0.20976165,0.22233143,oe:player:6138b4e3cfce7fb1d438ac203f1265c,Kanra,0.24379274,0.22781148,oe:player:11e35320b6079280e7d88cc2b87a4c0,1Haru,0.18175588,0.27806146,oe:player:b7b27fd30d9097988844c2cfaf8f12e,N N,0.22484616,0.20746617,oe:player:a23e88f88c9668bf9d4dea3d00d606d,KouZZe,0.22783021,0.21035931,oe:player:c6a3d2fb852e7fbe44c84dd6e23f971,Pyl,0.12177501,0.07630158
ESPORTSTMNT01/1893553,2021-03-04,2021,Unknown,11.04,oe:team:096d11bb39c67344ba0d303a4505e81,Newstar,lineup-686ef2e469a46898,1,-0.42091074,298.68032787,1.37704918,0.21445162,0.32421467,oe:player:d7489947f78bf18709270b555816665,Deratero,0.19933180,0.11276380,oe:player:e125fd5aae78be68687e3ee2fc95f11,Funky Dog,0.16319799,0.14624441,oe:player:73b8ea5aed1fefc530e333a07438218,Cosmoz,0.20218335,0.17813332,oe:player:40f2085f7e220c565206b944e72f2f7,Egotistic,0.29660368,0.50500837,oe:player:4ff224901b37d52d1f1d85e6c702a39,IgnaVilu,0.13868318,0.05785011
ESPORTSTMNT01/1893553,2021-03-04,2021,Unknown,11.04,oe:team:5babf9f14b8cc18a551ee1fd2d5c6f9,LDM Esports,lineup-14884b178e904ede,0,-0.92367671,243.76229508,0.99180328,0.20345910,0.26118055,oe:player:c32e66894e6e164bea6d26fe5aaf78b,GianKios,0.19094090,0.10958674,oe:player:d1eb4dedba8e5c2b0001d202277d47b,Lil Knight,0.19832158,0.19156663,oe:player:b4067a049170b186439a5fc1a0d971f,Wandering,0.22981248,0.39184236,oe:player:e87d9b370206c12da8a677cb495afb5,Lyg,0.22439998,0.23033727,oe:player:dd62ea30c72d69edfdbc9a86de04984,Prodigy,0.15652507,0.07666700
ESPORTSTMNT01/1893578,2021-03-04,2021,Unknown,11.04,oe:team:71cc230a7d2155dd4958f3de7ad40bb,Santiago Wanderers eSports,lineup-b5adc99abbf37bab,0,-0.61940548,427.18740630,1.66866567,0.20925107,0.29247108,oe:player:a2b6e393c91152242dcc619fc05ad56,Fiv,0.19817391,0.15643623,oe:player:993d7f137872d18adc42aa9aa508a8b,Camilonicolau,0.17876157,0.06145634,oe:player:0bc91bc67360a5b84f5f79d06e7a43e,KearZy,0.23916607,0.40772600,oe:player:62ba359fa6b58bea641314e7a4635cf,Nantes,0.25166962,0.30530228,oe:player:59473cb24ef2f321262a35b4d8256f2,Sholwan,0.13222883,0.06907916
ESPORTSTMNT01/1893578,2021-03-04,2021,Unknown,11.04,oe:team:f3bc4f2e318bd6b40e1ddd88c637396,Kaos Latin Gamers Academy,lineup-92404f093427e538,1,0.24860203,431.30734633,1.80359820,0.21185621,0.25934337,oe:player:ba8eae65e7f69e7f2405a2d8faa59c0,Kryzpo,0.19988468,0.18697729,oe:player:53c5acbf75de5e3342bc323e60268dd,Ocean,0.16500638,0.08814941,oe:player:cf6fe267c79a3e3ea388534d48dd66d,Regi,0.24368191,0.34541264,oe:player:f1d0f1885cb3c4086498e51b543fc09,Sang,0.26161792,0.30221912,oe:player:1d67f2d70da0337f39229e850e03e3d,Clark Gregg,0.12980911,0.07724154
ESPORTSTMNT01/1893618,2021-03-05,2021,Unknown,11.04,oe:team:ba3b1a1f005f917f9aaea679f31ae08,Bencheados,lineup-0c2026dc491b2bdf,0,0.07809907,207.89136339,1.34274851,0.20735548,0.20840535,oe:player:f01edf63566e420e611fe50f0a0032c,Antimagic,0.18636932,0.23941807,oe:player:f2ab3e94cdc9ce3d067e60c4bcb67a6,Frost,0.18068987,0.17633411,oe:player:6aff04000a3032154606825dbb26529,Fear,0.24682587,0.19818775,oe:player:905b58ee28fd586c8870ce6c8af1f6c,Wonder,0.24053242,0.24866746,oe:player:174147762fec5d9537f498ef166b4a5,Tsunami,0.14558253,0.13739261
ESPORTSTMNT01/1893618,2021-03-05,2021,Unknown,11.04,oe:team:c33bf74e075fb47e63c1eb63226ae3d,Furious Gaming Chile,lineup-7c9e273a37d546b3,1,-0.37144880,294.08147746,1.35578490,0.20989448,0.21397115,oe:player:d093de85c458fabe60eda8786a7bd6b,Manolito,0.20080641,0.20712813,oe:player:d03862f740c87d7ba17afc3cacaa20f,EXIMUS,0.18200228,0.17984352,oe:player:30fda405a39a1754550e87835c669fb,Emp,0.24085559,0.24514041,oe:player:d3bc65e5e987b942fba2400b4649f71,Viciun,0.24989603,0.25797371,oe:player:5a98ba300e1c781d7e91e1ac52902e2,Woohee,0.12643969,0.10991422
ESPORTSTMNT01/1894155,2021-03-05,2021,Unknown,11.04,oe:team:65381c751e78df337720522a7275412,ODIN Gaming,lineup-b28bf1e7c4023da1,1,0.13518400,475.21138640,1.63837638,0.20750966,0.23311009,oe:player:6138b4e3cfce7fb1d438ac203f1265c,Kanra,0.20727960,0.18891684,oe:player:11e35320b6079280e7d88cc2b87a4c0,1Haru,0.19698146,0.11864542,oe:player:b7b27fd30d9097988844c2cfaf8f12e,N N,0.22939528,0.27344488,oe:player:a23e88f88c9668bf9d4dea3d00d606d,KouZZe,0.23802208,0.31146253,oe:player:c6a3d2fb852e7fbe44c84dd6e23f971,Pyl,0.12832157,0.10753032
ESPORTSTMNT01/1894155,2021-03-05,2021,Unknown,11.04,oe:team:c5c317341ae046ce3345b8d56efce5c,Dark Horse,lineup-91cb290f6626bb3d,0,0.18030047,298.36794939,1.32841328,0.21072404,0.25671468,oe:player:9b997d21495dbcdcb3a00095e4b6e1f,Rockstar,0.24127901,0.37286662,oe:player:a2b027a7f381c954eddcdc598035d69,Leigrey,0.15923452,0.16539106,oe:player:0fc1ccf8c73aa57eec800c254828e40,Snavet,0.21163066,0.13486124,oe:player:ce311f9a3d94cb7038eb2ea051144c2,Perro,0.25371607,0.26018191,oe:player:de74dc0ce635e91e85ca1a5056668cb,Keishao,0.13413974,0.06669918
ESPORTSTMNT01/1894223,2021-03-06,2021,Unknown,11.04,oe:team:5c116dedda7feae2f6ffc093f844ac6,Rebirth eSports,lineup-c262149fc3964d57,0,0.72797164,408.24161074,1.63590604,0.21149276,0.24539989,oe:player:65cc80ed438421c722c7609622fcae8,TxZ,0.19583327,0.17693332,oe:player:b8420b6d3d1c9b967bed2b90a9c54a9,Tammz,0.16944606,0.20445354,oe:player:e9b14ee01169f2b367c7fc21848679f,SkyMind,0.26012268,0.20482344,oe:player:ba722a5e6c2fc8344cdc9d4647d2999,AZR,0.24476413,0.35644358,oe:player:074ca14b0fa039b49a6bd7edc433e89,Glory,0.12983386,0.05734612
ESPORTSTMNT01/1894223,2021-03-06,2021,Unknown,11.04,oe:team:a19a63a498e083aef0b8fc70b2b7715,Movistar Optix,lineup-b1adafcea28f087f,1,0.44672543,421.42953020,1.68624161,0.20751972,0.21461773,oe:player:5d16b474fe0e5c99f5647b615816e12,Arfyss,0.23266585,0.25512398,oe:player:7c4c65147d1fd5043281209a511aa26,Ominick,0.19643765,0.19080550,oe:player:66a45be025e362d7d650d5d8b4b0935,Zaphyr,0.21985679,0.24223640,oe:player:350b1ee846a2badcb03cf11cf9b7749,Kayse,0.22474952,0.20988008,oe:player:7a913e753d77491e84e55c61204fb0c,Gralou,0.12629018,0.10195404
ESPORTSTMNT01/1894241,2021-03-06,2021,Unknown,11.04,oe:team:49f7d0d26c02418d44ffcf34a087068,Australs,lineup-d7a5e2764fc31b19,1,-0.16451565,244.01452282,1.66182573,0.20825826,0.21592928,oe:player:7cba8e96b731a63a100267a3d07d68a,Burrito,0.25581750,0.26545084,oe:player:3e2e64ccceb9c7bfa8b72113d2940c3,Sami,0.17910271,0.16490244,oe:player:18eff78d8fbeb94244572cef0bb4536,Alowhed,0.20968370,0.22938401,oe:player:ec40ca8fe7e6ed94b321110063bed2c,GunPoint,0.22022712,0.23244484,oe:player:189a5a37a297a466a48066fedb27241,Nnicky,0.13516898,0.10781788
ESPORTSTMNT01/1894241,2021-03-06,2021,Unknown,11.04,oe:team:c33bf74e075fb47e63c1eb63226ae3d,Furious Gaming Chile,lineup-7c9e273a37d546b3,0,-1.22118323,219.74688797,1.40041494,0.21062094,0.24224813,oe:player:d093de85c458fabe60eda8786a7bd6b,Manolito,0.20621412,0.24386790,oe:player:d03862f740c87d7ba17afc3cacaa20f,EXIMUS,0.18058139,0.08732227,oe:player:30fda405a39a1754550e87835c669fb,Emp,0.21765586,0.30952246,oe:player:d3bc65e5e987b942fba2400b4649f71,Viciun,0.26807229,0.26567722,oe:player:5a98ba300e1c781d7e91e1ac52902e2,Woohee,0.12747635,0.09361015
ESPORTSTMNT01/1896269,2021-03-10,2021,Unknown,11.04,oe:team:5c116dedda7feae2f6ffc093f844ac6,Rebirth eSports,lineup-5f3c9803e51cdf68,0,-0.26797904,310.05341246,1.40652819,0.21325583,0.25041327,oe:player:65cc80ed438421c722c7609622fcae8,TxZ,0.20859881,0.22203507,oe:player:7a1816535cdcfc18cf630f113394cf0,Empanadita,0.16281604,0.07068754,oe:player:e9b14ee01169f2b367c7fc21848679f,SkyMind,0.19768408,0.19343848,oe:player:ba722a5e6c2fc8344cdc9d4647d2999,AZR,0.29067169,0.37242554,oe:player:074ca14b0fa039b49a6bd7edc433e89,Glory,0.14022938,0.14141337
ESPORTSTMNT01/1896269,2021-03-10,2021,Unknown,11.04,oe:team:c5c317341ae046ce3345b8d56efce5c,Dark Horse,lineup-91cb290f6626bb3d,1,0.87366040,423.05044510,1.67359050,0.20946280,0.22921330,oe:player:9b997d21495dbcdcb3a00095e4b6e1f,Rockstar,0.20208500,0.28709107,oe:player:a2b027a7f381c954eddcdc598035d69,Leigrey,0.21968108,0.22246226,oe:player:0fc1ccf8c73aa57eec800c254828e40,Snavet,0.18007834,0.18642332,oe:player:ce311f9a3d94cb7038eb2ea051144c2,Perro,0.26492814,0.24238258,oe:player:de74dc0ce635e91e85ca1a5056668cb,Keishao,0.13322744,0.06164076
ESPORTSTMNT01/1896307,2021-03-10,2021,Unknown,11.04,oe:team:49f7d0d26c02418d44ffcf34a087068,Australs,lineup-d7a5e2764fc31b19,1,-0.42437147,197.38229982,1.24984949,0.21086281,0.21304832,oe:player:7cba8e96b731a63a100267a3d07d68a,Burrito,0.27284341,0.23264156,oe:player:3e2e64ccceb9c7bfa8b72113d2940c3,Sami,0.19354182,0.20361627,oe:player:18eff78d8fbeb94244572cef0bb4536,Alowhed,0.19868911,0.16492808,oe:player:ec40ca8fe7e6ed94b321110063bed2c,GunPoint,0.20866893,0.12613008,oe:player:189a5a37a297a466a48066fedb27241,Nnicky,0.12625673,0.27268402
ESPORTSTMNT01/1896307,2021-03-10,2021,Unknown,11.04,oe:team:5babf9f14b8cc18a551ee1fd2d5c6f9,LDM Esports,lineup-14884b178e904ede,0,-1.20308624,225.33413606,1.24262492,0.20618852,0.23466243,oe:player:c32e66894e6e164bea6d26fe5aaf78b,GianKios,0.20248943,0.06252004,oe:player:d1eb4dedba8e5c2b0001d202277d47b,Lil Knight,0.18416918,0.18012183,oe:player:b4067a049170b186439a5fc1a0d971f,Wandering,0.21928701,0.29150369,oe:player:e87d9b370206c12da8a677cb495afb5,Lyg,0.24966767,0.28204553,oe:player:dd62ea30c72d69edfdbc9a86de04984,Prodigy,0.14438671,0.18380891
ESPORTSTMNT01/1896323,2021-03-10,2021,Unknown,11.04,oe:team:ba3b1a1f005f917f9aaea679f31ae08,Bencheados,lineup-2abcf67931335e50,0,0.12343297,390.52530120,1.40722892,0.21315488,0.27311716,oe:player:f01edf63566e420e611fe50f0a0032c,Antimagic,0.17351592,0.09160352,oe:player:09df9e68902cee8732f903bbead50a9,Rainight,0.17081170,0.15929116,oe:player:6aff04000a3032154606825dbb26529,Fear,0.25375067,0.38760273,oe:player:905b58ee28fd586c8870ce6c8af1f6c,Wonder,0.26695531,0.28977960,oe:player:174147762fec5d9537f498ef166b4a5,Tsunami,0.13496641,0.07172298
ESPORTSTMNT01/1896323,2021-03-10,2021,Unknown,11.04,oe:team:f3bc4f2e318bd6b40e1ddd88c637396,Kaos Latin Gamers Academy,lineup-92404f093427e538,1,0.09929913,447.96144578,1.60000000,0.20916953,0.22858671,oe:player:ba8eae65e7f69e7f2405a2d8faa59c0,Kryzpo,0.21963068,0.21557363,oe:player:53c5acbf75de5e3342bc323e60268dd,Ocean,0.18184014,0.20097470,oe:player:cf6fe267c79a3e3ea388534d48dd66d,Regi,0.21016963,0.26306050,oe:player:f1d0f1885cb3c4086498e51b543fc09,Sang,0.25853508,0.26314657,oe:player:1d67f2d70da0337f39229e850e03e3d,Clark Gregg,0.12982447,0.05724460
ESPORTSTMNT01/1896339,2021-03-11,2021,Unknown,11.04,oe:team:71cc230a7d2155dd4958f3de7ad40bb,Santiago Wanderers eSports,lineup-e16ec6b9e27e0fbf,1,0.00457091,390.35011442,1.43478261,0.20833750,0.26692387,oe:player:a2b6e393c91152242dcc619fc05ad56,Fiv,0.17706530,0.10940715,oe:player:993d7f137872d18adc42aa9aa508a8b,Camilonicolau,0.18472616,0.11902710,oe:player:0bc91bc67360a5b84f5f79d06e7a43e,KearZy,0.24593938,0.40896221,oe:player:62ba359fa6b58bea641314e7a4635cf,Nantes,0.24827815,0.24373472,oe:player:526fdc640d635b7c6f01cd356345db0,Duivel,0.14399101,0.11886882
ESPORTSTMNT01/1896339,2021-03-11,2021,Unknown,11.04,oe:team:a19a63a498e083aef0b8fc70b2b7715,Movistar Optix,lineup-b1adafcea28f087f,0,-0.33638897,359.18306636,1.19450801,0.20953822,0.23171366,oe:player:5d16b474fe0e5c99f5647b615816e12,Arfyss,0.24852983,0.22541618,oe:player:7c4c65147d1fd5043281209a511aa26,Ominick,0.18822559,0.13816632,oe:player:66a45be025e362d7d650d5d8b4b0935,Zaphyr,0.23668164,0.30035741,oe:player:350b1ee846a2badcb03cf11cf9b7749,Kayse,0.20202678,0.25500277,oe:player:7a913e753d77491e84e55c61204fb0c,Gralou,0.12453616,0.08105732
ESPORTSTMNT01/1896345,2021-03-11,2021,Unknown,11.04,oe:team:096d11bb39c67344ba0d303a4505e81,Newstar,lineup-686ef2e469a46898,0,-1.21860256,245.15730337,1.32808989,0.20827807,0.23897740,oe:player:d7489947f78bf18709270b555816665,Deratero,0.19049658,0.17904579,oe:player:e125fd5aae78be68687e3ee2fc95f11,Funky Dog,0.19700793,0.20934965,oe:player:73b8ea5aed1fefc530e333a07438218,Cosmoz,0.22963230,0.35138182,oe:player:40f2085f7e220c565206b944e72f2f7,Egotistic,0.25123919,0.18380311,oe:player:4ff224901b37d52d1f1d85e6c702a39,IgnaVilu,0.13162401,0.07641963
ESPORTSTMNT01/1896345,2021-03-11,2021,Unknown,11.04,oe:team:cb951a65f688a6e2bdf1d8d4a91da4d,Cruzados Esports,lineup-845780a91f3259c1,1,0.97603605,456.10786517,1.55730337,0.20621682,0.30737530,oe:player:b9833585bf011bdf1cdf48a80b5a881,LukasNegro,0.23122677,0.46693567,oe:player:62633293ebe4ae9a06bb68c78cf9484,Kartana,0.20153886,0.10742580,oe:player:de5baf357cd597896c34639e1c1e573,Kirito,0.21433388,0.24762031,oe:player:a1cf236c2b3c7deff8f57282dd2a84f,Emets,0.22074868,0.10696760,oe:player:007cc9547ae8884ad597cd92ba50542,Severity,0.13215181,0.07105061
ESPORTSTMNT01/1896588,2021-03-11,2021,Unknown,11.04,oe:team:a19a63a498e083aef0b8fc70b2b7715,Movistar Optix,lineup-b1adafcea28f087f,1,0.83926887,437.69448819,1.39842520,0.20378502,0.22218031,oe:player:5d16b474fe0e5c99f5647b615816e12,Arfyss,0.22810685,0.27045075,oe:player:7c4c65147d1fd5043281209a511aa26,Ominick,0.20163460,0.18355305,oe:player:66a45be025e362d7d650d5d8b4b0935,Zaphyr,0.22639343,0.25184215,oe:player:350b1ee846a2badcb03cf11cf9b7749,Kayse,0.19090862,0.21286915,oe:player:7a913e753d77491e84e55c61204fb0c,Gralou,0.15295650,0.08128490
ESPORTSTMNT01/1896588,2021-03-11,2021,Unknown,11.04,oe:team:c33bf74e075fb47e63c1eb63226ae3d,Furious Gaming Chile,lineup-7c9e273a37d546b3,0,0.22155387,377.03307087,1.32283465,0.20395923,0.25077227,oe:player:d093de85c458fabe60eda8786a7bd6b,Manolito,0.17258448,0.12679186,oe:player:d03862f740c87d7ba17afc3cacaa20f,EXIMUS,0.20772109,0.12239783,oe:player:30fda405a39a1754550e87835c669fb,Emp,0.24813891,0.33155679,oe:player:d3bc65e5e987b942fba2400b4649f71,Viciun,0.17118135,0.31426471,oe:player:5a98ba300e1c781d7e91e1ac52902e2,Woohee,0.20037417,0.10498881
ESPORTSTMNT01/1896604,2021-03-11,2021,Unknown,11.04,oe:team:49f7d0d26c02418d44ffcf34a087068,Australs,lineup-d7a5e2764fc31b19,1,-0.77649059,275.01201923,1.50000000,0.21045186,0.25275934,oe:player:7cba8e96b731a63a100267a3d07d68a,Burrito,0.24658962,0.33242428,oe:player:3e2e64ccceb9c7bfa8b72113d2940c3,Sami,0.17398991,0.11042350,oe:player:18eff78d8fbeb94244572cef0bb4536,Alowhed,0.20787970,0.26681526,oe:player:ec40ca8fe7e6ed94b321110063bed2c,GunPoint,0.24551021,0.23660679,oe:player:189a5a37a297a466a48066fedb27241,Nnicky,0.12603056,0.05373017
ESPORTSTMNT01/1896604,2021-03-11,2021,Unknown,11.04,oe:team:ba3b1a1f005f917f9aaea679f31ae08,Bencheados,lineup-2abcf67931335e50,0,-0.70714287,185.98557692,1.26201923,0.20904668,0.22974131,oe:player:f01edf63566e420e611fe50f0a0032c,Antimagic,0.21067704,0.34552152,oe:player:09df9e68902cee8732f903bbead50a9,Rainight,0.18058373,0.16754556,oe:player:6aff04000a3032154606825dbb26529,Fear,0.23974417,0.19588988,oe:player:905b58ee28fd586c8870ce6c8af1f6c,Wonder,0.24148629,0.17343932,oe:player:174147762fec5d9537f498ef166b4a5,Tsunami,0.12750877,0.11760372
ESPORTSTMNT01/1896616,2021-03-11,2021,Unknown,11.04,oe:team:71cc230a7d2155dd4958f3de7ad40bb,Santiago Wanderers eSports,lineup-e16ec6b9e27e0fbf,1,-0.25262966,499.63713080,1.32489451,0.20735309,0.24141353,oe:player:a2b6e393c91152242dcc619fc05ad56,Fiv,0.19045307,0.14408769,oe:player:993d7f137872d18adc42aa9aa508a8b,Camilonicolau,0.19723008,0.18151570,oe:player:0bc91bc67360a5b84f5f79d06e7a43e,KearZy,0.22704049,0.31156789,oe:player:62ba359fa6b58bea641314e7a4635cf,Nantes,0.24927163,0.29278633,oe:player:526fdc640d635b7c6f01cd356345db0,Duivel,0.13600473,0.07004239
ESPORTSTMNT01/1896616,2021-03-11,2021,Unknown,11.04,oe:team:c5c317341ae046ce3345b8d56efce5c,Dark Horse,lineup-2abe2d244d852e85,0,-0.03769451,245.52742616,1.19831224,0.20395686,0.22525706,oe:player:9b997d21495dbcdcb3a00095e4b6e1f,Rockstar,0.18515255,0.28437876,oe:player:a2b027a7f381c954eddcdc598035d69,Leigrey,0.20233506,0.08186974,oe:player:ce311f9a3d94cb7038eb2ea051144c2,Perro,0.24719132,0.20797388,oe:player:0fc1ccf8c73aa57eec800c254828e40,Snavet,0.20390462,0.25640144,oe:player:de74dc0ce635e91e85ca1a5056668cb,Keishao,0.16141646,0.16937618
ESPORTSTMNT01/1896626,2021-03-11,2021,Unknown,11.04,oe:team:5c116dedda7feae2f6ffc093f844ac6,Rebirth eSports,lineup-c262149fc3964d57,0,0.92758159,444.88832487,1.53299492,0.20766455,0.24131248,oe:player:65cc80ed438421c722c7609622fcae8,TxZ,0.18906931,0.11484089,oe:player:b8420b6d3d1c9b967bed2b90a9c54a9,Tammz,0.18381532,0.14011387,oe:player:e9b14ee01169f2b367c7fc21848679f,SkyMind,0.23900457,0.29393106,oe:player:ba722a5e6c2fc8344cdc9d4647d2999,AZR,0.24739905,0.32641512,oe:player:074ca14b0fa039b49a6bd7edc433e89,Glory,0.14071174,0.12469906
ESPORTSTMNT01/1896626,2021-03-11,2021,Unknown,11.04,oe:team:f3bc4f2e318bd6b40e1ddd88c637396,Kaos Latin Gamers Academy,lineup-92404f093427e538,1,0.46849121,406.29949239,1.51776650,0.20395263,0.22833443,oe:player:ba8eae65e7f69e7f2405a2d8faa59c0,Kryzpo,0.22308133,0.21953749,oe:player:53c5acbf75de5e3342bc323e60268dd,Ocean,0.21688241,0.16815132,oe:player:cf6fe267c79a3e3ea388534d48dd66d,Regi,0.19829896,0.22946990,oe:player:f1d0f1885cb3c4086498e51b543fc09,Sang,0.21550931,0.30526855,oe:player:1d67f2d70da0337f39229e850e03e3d,Clark Gregg,0.14622799,0.07757274
ESPORTSTMNT01/1896634,2021-03-11,2021,Unknown,11.04,oe:team:096d11bb39c67344ba0d303a4505e81,Newstar,lineup-686ef2e469a46898,0,-0.59056153,289.18373984,1.27479675,0.21034637,0.23313839,oe:player:d7489947f78bf18709270b555816665,Deratero,0.25439460,0.21467770,oe:player:e125fd5aae78be68687e3ee2fc95f11,Funky Dog,0.18201177,0.20498403,oe:player:73b8ea5aed1fefc530e333a07438218,Cosmoz,0.22076461,0.32832531,oe:player:40f2085f7e220c565206b944e72f2f7,Egotistic,0.22140748,0.17835455,oe:player:4ff224901b37d52d1f1d85e6c702a39,IgnaVilu,0.12142154,0.07365840
ESPORTSTMNT01/1896634,2021-03-11,2021,Unknown,11.04,oe:team:65381c751e78df337720522a7275412,ODIN Gaming,lineup-af2e6a2d3a874acb,1,0.47141782,410.78373984,1.48943089,0.20736225,0.23676205,oe:player:91c5a0c519cf76503ec2fbb712d43ea,Fracasaurio,0.19454522,0.18178220,oe:player:11e35320b6079280e7d88cc2b87a4c0,1Haru,0.20355165,0.19736217,oe:player:b7b27fd30d9097988844c2cfaf8f12e,N N,0.20016231,0.18380886,oe:player:a23e88f88c9668bf9d4dea3d00d606d,KouZZe,0.26136147,0.35170525,oe:player:c6a3d2fb852e7fbe44c84dd6e23f971,Pyl,0.14037935,0.08534152
ESPORTSTMNT01/1896644,2021-03-12,2021,Unknown,11.04,oe:team:5babf9f14b8cc18a551ee1fd2d5c6f9,LDM Esports,lineup-14884b178e904ede,0,0.52183314,455.81582538,1.21964529,0.21355024,0.23862484,oe:player:c32e66894e6e164bea6d26fe5aaf78b,GianKios,0.27251507,0.25649406,oe:player:d1eb4dedba8e5c2b0001d202277d47b,Lil Knight,0.23117890,0.31189448,oe:player:b4067a049170b186439a5fc1a0d971f,Wandering,0.19510039,0.23373230,oe:player:e87d9b370206c12da8a677cb495afb5,Lyg,0.18535557,0.12490684,oe:player:dd62ea30c72d69edfdbc9a86de04984,Prodigy,0.11585007,0.07297232
ESPORTSTMNT01/1896644,2021-03-12,2021,Unknown,11.04,oe:team:cb951a65f688a6e2bdf1d8d4a91da4d,Cruzados Esports,lineup-845780a91f3259c1,1,1.37644429,514.91950887,1.63301501,0.21089923,0.24796252,oe:player:b9833585bf011bdf1cdf48a80b5a881,LukasNegro,0.24658740,0.33752742,oe:player:62633293ebe4ae9a06bb68c78cf9484,Kartana,0.17024953,0.12306457,oe:player:de5baf357cd597896c34639e1c1e573,Kirito,0.21685215,0.15736178,oe:player:a1cf236c2b3c7deff8f57282dd2a84f,Emets,0.24228362,0.29385909,oe:player:007cc9547ae8884ad597cd92ba50542,Severity,0.12402730,0.08818714
ESPORTSTMNT01/1896867,2021-03-12,2021,Unknown,11.04,oe:team:096d11bb39c67344ba0d303a4505e81,Newstar,lineup-686ef2e469a46898,1,0.07914516,403.23873122,1.28881469,0.20683490,0.23333255,oe:player:d7489947f78bf18709270b555816665,Deratero,0.22423965,0.20135795,oe:player:e125fd5aae78be68687e3ee2fc95f11,Funky Dog,0.17917334,0.19571086,oe:player:73b8ea5aed1fefc530e333a07438218,Cosmoz,0.19666097,0.32544506,oe:player:40f2085f7e220c565206b944e72f2f7,Egotistic,0.25382597,0.20970440,oe:player:4ff224901b37d52d1f1d85e6c702a39,IgnaVilu,0.14610007,0.06778173
ESPORTSTMNT01/1896867,2021-03-12,2021,Unknown,11.04,oe:team:5c116dedda7feae2f6ffc093f844ac6,Rebirth eSports,lineup-c262149fc3964d57,0,0.57908715,349.48914858,1.18196995,0.20733566,0.22137764,oe:player:65cc80ed438421c722c7609622fcae8,TxZ,0.18222827,0.16057780,oe:player:b8420b6d3d1c9b967bed2b90a9c54a9,Tammz,0.21201405,0.27367395,oe:player:e9b14ee01169f2b367c7fc21848679f,SkyMind,0.23119120,0.19779884,oe:player:ba722a5e6c2fc8344cdc9d4647d2999,AZR,0.24009974,0.26727301,oe:player:074ca14b0fa039b49a6bd7edc433e89,Glory,0.13446673,0.10067640
ESPORTSTMNT01/1896881,2021-03-12,2021,Unknown,11.04,oe:team:71cc230a7d2155dd4958f3de7ad40bb,Santiago Wanderers eSports,lineup-e16ec6b9e27e0fbf,1,-0.43953123,442.12232416,1.57186544,0.21049730,0.25721654,oe:player:a2b6e393c91152242dcc619fc05ad56,Fiv,0.19226158,0.19234440,oe:player:993d7f137872d18adc42aa9aa508a8b,Camilonicolau,0.19274766,0.15356841,oe:player:0bc91bc67360a5b84f5f79d06e7a43e,KearZy,0.25101267,0.27226196,oe:player:62ba359fa6b58bea641314e7a4635cf,Nantes,0.24171230,0.34841673,oe:player:526fdc640d635b7c6f01cd356345db0,Duivel,0.12226579,0.03340850
ESPORTSTMNT01/1896881,2021-03-12,2021,Unknown,11.04,oe:team:ba3b1a1f005f917f9aaea679f31ae08,Bencheados,lineup-2abcf67931335e50,0,0.97837277,386.37308869,1.49847095,0.20688760,0.22030876,oe:player:f01edf63566e420e611fe50f0a0032c,Antimagic,0.19529910,0.21900526,oe:player:09df9e68902cee8732f903bbead50a9,Rainight,0.19354383,0.21800798,oe:player:6aff04000a3032154606825dbb26529,Fear,0.23462120,0.10354271,oe:player:905b58ee28fd586c8870ce6c8af1f6c,Wonder,0.23998789,0.29511492,oe:player:174147762fec5d9537f498ef166b4a5,Tsunami,0.13654797,0.16432913
ESPORTSTMNT01/1896884,2021-03-12,2021,Unknown,11.04,oe:team:65381c751e78df337720522a7275412,ODIN Gaming,lineup-af2e6a2d3a874acb,0,1.64257562,640.78619756,1.77807848,0.21180180,0.25443186,oe:player:91c5a0c519cf76503ec2fbb712d43ea,Fracasaurio,0.21808478,0.18024416,oe:player:11e35320b6079280e7d88cc2b87a4c0,1Haru,0.16783851,0.12206757,oe:player:b7b27fd30d9097988844c2cfaf8f12e,N N,0.19650745,0.24396409,oe:player:a23e88f88c9668bf9d4dea3d00d606d,KouZZe,0.28045696,0.37618073,oe:player:c6a3d2fb852e7fbe44c84dd6e23f971,Pyl,0.13711229,0.07754344
ESPORTSTMNT01/1896884,2021-03-12,2021,Unknown,11.04,oe:team:cb951a65f688a6e2bdf1d8d4a91da4d,Cruzados Esports,lineup-845780a91f3259c1,1,2.55015952,741.70230041,1.74966171,0.20939739,0.23608795,oe:player:b9833585bf011bdf1cdf48a80b5a881,LukasNegro,0.23341129,0.30549626,oe:player:62633293ebe4ae9a06bb68c78cf9484,Kartana,0.18916011,0.14448349,oe:player:de5baf357cd597896c34639e1c1e573,Kirito,0.21607317,0.24108130,oe:player:a1cf236c2b3c7deff8f57282dd2a84f,Emets,0.24050466,0.24403139,oe:player:007cc9547ae8884ad597cd92ba50542,Severity,0.12085076,0.06490756
ESPORTSTMNT01/1896899,2021-03-12,2021,Unknown,11.04,oe:team:49f7d0d26c02418d44ffcf34a087068,Australs,lineup-d7a5e2764fc31b19,0,0.23964812,334.80540541,1.42162162,0.21277354,0.22005523,oe:player:7cba8e96b731a63a100267a3d07d68a,Burrito,0.24887111,0.29278807,oe:player:3e2e64ccceb9c7bfa8b72113d2940c3,Sami,0.17800382,0.16732592,oe:player:18eff78d8fbeb94244572cef0bb4536,Alowhed,0.21968857,0.25568705,oe:player:ec40ca8fe7e6ed94b321110063bed2c,GunPoint,0.24163975,0.15901129,oe:player:189a5a37a297a466a48066fedb27241,Nnicky,0.11179675,0.12518768
ESPORTSTMNT01/1896899,2021-03-12,2021,Unknown,11.04,oe:team:a19a63a498e083aef0b8fc70b2b7715,Movistar Optix,lineup-b1adafcea28f087f,1,-0.74137104,345.70810811,1.70270270,0.20678298,0.23373519,oe:player:5d16b474fe0e5c99f5647b615816e12,Arfyss,0.23539389,0.18231284,oe:player:7c4c65147d1fd5043281209a511aa26,Ominick,0.19781329,0.24257302,oe:player:66a45be025e362d7d650d5d8b4b0935,Zaphyr,0.21837679,0.27292201,oe:player:350b1ee846a2badcb03cf11cf9b7749,Kayse,0.21812447,0.25480018,oe:player:7a913e753d77491e84e55c61204fb0c,Gralou,0.13029156,0.04739196
ESPORTSTMNT01/1896931,2021-03-13,2021,Unknown,11.04,oe:team:5babf9f14b8cc18a551ee1fd2d5c6f9,LDM Esports,lineup-108ee0014535b084,0,0.05684117,325.36644458,1.09024833,0.20619631,0.23122090,oe:player:c32e66894e6e164bea6d26fe5aaf78b,GianKios,0.24142355,0.31777058,oe:player:d1eb4dedba8e5c2b0001d202277d47b,Lil Knight,0.19713960,0.15681894,oe:player:b4067a049170b186439a5fc1a0d971f,Wandering,0.19507270,0.18130236,oe:player:dd62ea30c72d69edfdbc9a86de04984,Prodigy,0.22724033,0.25443985,oe:player:c1bf3cfa3d2aa4464eed8b4724644dd,Wardian,0.13912382,0.08966827
ESPORTSTMNT01/1896931,2021-03-13,2021,Unknown,11.04,oe:team:c33bf74e075fb47e63c1eb63226ae3d,Furious Gaming Chile,lineup-7c9e273a37d546b3,1,-0.18951764,292.84797093,1.22834646,0.21614726,0.22596030,oe:player:d093de85c458fabe60eda8786a7bd6b,Manolito,0.16527274,0.22645256,oe:player:d03862f740c87d7ba17afc3cacaa20f,EXIMUS,0.17641123,0.14246358,oe:player:30fda405a39a1754550e87835c669fb,Emp,0.23233656,0.24074855,oe:player:d3bc65e5e987b942fba2400b4649f71,Viciun,0.29361768,0.29577325,oe:player:5a98ba300e1c781d7e91e1ac52902e2,Woohee,0.13236179,0.09456206
ESPORTSTMNT01/1896943,2021-03-13,2021,Unknown,11.04,oe:team:c5c317341ae046ce3345b8d56efce5c,Dark Horse,lineup-2abe2d244d852e85,0,0.39044122,375.52095808,1.06986028,0.20275531,0.22605000,oe:player:9b997d21495dbcdcb3a00095e4b6e1f,Rockstar,0.21046527,0.24756559,oe:player:a2b027a7f381c954eddcdc598035d69,Leigrey,0.19457856,0.16403028,oe:player:ce311f9a3d94cb7038eb2ea051144c2,Perro,0.23287930,0.28800442,oe:player:0fc1ccf8c73aa57eec800c254828e40,Snavet,0.20124073,0.22015988,oe:player:de74dc0ce635e91e85ca1a5056668cb,Keishao,0.16083614,0.08023983
ESPORTSTMNT01/1896943,2021-03-13,2021,Unknown,11.04,oe:team:f3bc4f2e318bd6b40e1ddd88c637396,Kaos Latin Gamers Academy,lineup-92404f093427e538,1,1.30320963,602.78642715,1.43712575,0.20534958,0.24724778,oe:player:ba8eae65e7f69e7f2405a2d8faa59c0,Kryzpo,0.20629933,0.25473185,oe:player:53c5acbf75de5e3342bc323e60268dd,Ocean,0.23380344,0.20981735,oe:player:cf6fe267c79a3e3ea388534d48dd66d,Regi,0.22153010,0.34714367,oe:player:f1d0f1885cb3c4086498e51b543fc09,Sang,0.19921998,0.08716672,oe:player:1d67f2d70da0337f39229e850e03e3d,Clark Gregg,0.13914715,0.10114041
ESPORTSTMNT01/1995059,2021-05-28,2021,Unknown,11.10,oe:team:71cc230a7d2155dd4958f3de7ad40bb,Santiago Wanderers eSports,lineup-3f4856bde7436d9d,0,1.04973010,481.32031943,1.34693878,0.20971210,0.24550766,oe:player:d3f6d7885e73d5ddaee506de52bf0d8,Furiozz,0.19492748,0.21227104,oe:player:9a2f5597c8acf766dfcee23a4a4d71e,koughi,0.18147638,0.11296567,oe:player:66a45be025e362d7d650d5d8b4b0935,Zaphyr,0.23131027,0.30115698,oe:player:ec40ca8fe7e6ed94b321110063bed2c,GunPoint,0.26069200,0.30342448,oe:player:59106219d6adffb36fe52ff2f3f781c,Caos,0.13159387,0.07018184
ESPORTSTMNT01/1995059,2021-05-28,2021,Unknown,11.10,oe:team:c33bf74e075fb47e63c1eb63226ae3d,Furious Gaming Chile,lineup-092c4aa304ece08a,1,0.22050078,382.33895297,1.82608696,0.21424740,0.25195514,oe:player:d093de85c458fabe60eda8786a7bd6b,Manolito,0.17843077,0.20694553,oe:player:d03862f740c87d7ba17afc3cacaa20f,EXIMUS,0.15943119,0.12309235,oe:player:30fda405a39a1754550e87835c669fb,Emp,0.24364591,0.17730032,oe:player:d3bc65e5e987b942fba2400b4649f71,Viciun,0.28016993,0.38982956,oe:player:affea2faa664cb5130a7569ac4b74b3,Feitan,0.13832220,0.10283224
ESPORTSTMNT01/1995085,2021-05-28,2021,Unknown,11.10,oe:team:096d11bb39c67344ba0d303a4505e81,Newstar,lineup-69a36becab81eb20,0,0.69979229,458.61714286,1.25714286,0.20773996,0.22895038,oe:player:f01edf63566e420e611fe50f0a0032c,Antimagic,0.19080624,0.16216452,oe:player:6ffda240105538d79cc27c57a5ea46d,Douny,0.20366595,0.23735952,oe:player:6aff04000a3032154606825dbb26529,Fear,0.24192233,0.30449301,oe:player:a23e88f88c9668bf9d4dea3d00d606d,KouZZe,0.23290184,0.21797204,oe:player:fb8a1248ec042b539f281c3268fc864,PikaBoss,0.13070363,0.07801091
ESPORTSTMNT01/1995085,2021-05-28,2021,Unknown,11.10,oe:team:f3bc4f2e318bd6b40e1ddd88c637396,Kaos Latin Gamers Academy,lineup-ae57961326c44301,1,1.16275088,516.73142857,1.53142857,0.20927021,0.25282160,oe:player:9b997d21495dbcdcb3a00095e4b6e1f,Rockstar,0.18178616,0.17067722,oe:player:f38784ca7ec10b84f1c1f84121428d6,Xeydon,0.18927130,0.11438935,oe:player:0bc91bc67360a5b84f5f79d06e7a43e,KearZy,0.24447054,0.35114124,oe:player:ba722a5e6c2fc8344cdc9d4647d2999,AZR,0.25022382,0.28469058,oe:player:65568d869f85a561ada66050521f65e,Milo,0.13424818,0.07910161
ESPORTSTMNT01/1995097,2021-05-28,2021,Unknown,11.10,oe:team:5babf9f14b8cc18a551ee1fd2d5c6f9,LDM Esports,lineup-0fd0338ae6579ae5,0,-0.02667093,314.68892261,1.34142640,0.21499673,0.26862412,oe:player:805ebae4eabf3730d5f66e854033374,Knod,0.19969366,0.15692931,oe:player:baab52118a09c2b4e43f4950ec5af6b,Day Beats,0.15771019,0.09447391,oe:player:73b8ea5aed1fefc530e333a07438218,Cosmoz,0.21488152,0.16167422,oe:player:dd62ea30c72d69edfdbc9a86de04984,Prodigy,0.29323836,0.42891311,oe:player:c1bf3cfa3d2aa4464eed8b4724644dd,Wardian,0.13447627,0.15800945
ESPORTSTMNT01/1995097,2021-05-28,2021,Unknown,11.10,oe:team:cb951a65f688a6e2bdf1d8d4a91da4d,Cruzados Esports,lineup-845780a91f3259c1,1,0.41494663,444.72837633,1.61456753,0.21123539,0.28556268,oe:player:b9833585bf011bdf1cdf48a80b5a881,LukasNegro,0.25909309,0.41799397,oe:player:62633293ebe4ae9a06bb68c78cf9484,Kartana,0.19203653,0.08063437,oe:player:de5baf357cd597896c34639e1c1e573,Kirito,0.18197404,0.24576560,oe:player:a1cf236c2b3c7deff8f57282dd2a84f,Emets,0.24178817,0.20288253,oe:player:007cc9547ae8884ad597cd92ba50542,Severity,0.12510816,0.05272353
ESPORTSTMNT01/1995099,2021-05-29,2021,Unknown,11.10,oe:team:5c116dedda7feae2f6ffc093f844ac6,Rebirth eSports,lineup-b6c3f9ba21ba0e73,1,0.49658624,360.29325058,1.68037238,0.20985354,0.23931251,oe:player:f1fa99d4fb0bd61ece7a4576a5507ba,Scrappy,0.24340949,0.15290105,oe:player:3e2e64ccceb9c7bfa8b72113d2940c3,Sami,0.19409992,0.30895443,oe:player:18eff78d8fbeb94244572cef0bb4536,Alowhed,0.24122521,0.29186207,oe:player:350b1ee846a2badcb03cf11cf9b7749,Kayse,0.20022596,0.17299071,oe:player:526fdc640d635b7c6f01cd356345db0,Duivel,0.12103942,0.07329173
ESPORTSTMNT01/1995099,2021-05-29,2021,Unknown,11.10,oe:team:a19a63a498e083aef0b8fc70b2b7715,Movistar Optix,lineup-d172b59bfbc4635f,0,-0.07049552,433.57796742,1.52211016,0.20817172,0.25863218,oe:player:5d16b474fe0e5c99f5647b615816e12,Arfyss,0.21593910,0.14766981,oe:player:d68b7d3b26ccc08cc30abb5210e5839,Amarant,0.19015046,0.19055901,oe:player:fbbdc14045f1d9b78dd8fd4ca50306d,Piqueos,0.22334332,0.30203871,oe:player:4ae382e5cc3e063f06c8e0f3fa41afd,KreshtDoo,0.24377541,0.32916787,oe:player:7a913e753d77491e84e55c61204fb0c,Gralou,0.12679170,0.03056459
ESPORTSTMNT01/1995121,2021-05-29,2021,Unknown,11.10,oe:team:ba3b1a1f005f917f9aaea679f31ae08,Bencheados,lineup-5511ffc4a130e862,0,-0.63572617,317.79263711,1.81217130,0.21145550,0.24001585,oe:player:d7489947f78bf18709270b555816665,Deratero,0.18420308,0.16836177,oe:player:e125fd5aae78be68687e3ee2fc95f11,Funky Dog,0.17528691,0.19344086,oe:player:b4067a049170b186439a5fc1a0d971f,Wandering,0.23429057,0.17207824,oe:player:905b58ee28fd586c8870ce6c8af1f6c,Wonder,0.27166641,0.36723549,oe:player:59473cb24ef2f321262a35b4d8256f2,Sholwan,0.13455303,0.09888364
ESPORTSTMNT01/1995121,2021-05-29,2021,Unknown,11.10,oe:team:c5c317341ae046ce3345b8d56efce5c,Dark Horse,lineup-58550011c4d57fa8,1,0.66817562,414.92862509,2.05559730,0.21454491,0.29827309,oe:player:cf6fe267c79a3e3ea388534d48dd66d,Regi,0.24904753,0.21462328,oe:player:53c5acbf75de5e3342bc323e60268dd,Ocean,0.17549944,0.21541637,oe:player:ba8eae65e7f69e7f2405a2d8faa59c0,Kryzpo,0.27820788,0.44443479,oe:player:ce311f9a3d94cb7038eb2ea051144c2,Perro,0.15708494,0.07699495,oe:player:c6a3d2fb852e7fbe44c84dd6e23f971,Pyl,0.14016021,0.04853061
ESPORTSTMNT01/2004787,2021-05-27,2021,Unknown,11.10,oe:team:096d11bb39c67344ba0d303a4505e81,Newstar,lineup-69a36becab81eb20,0,0.48712050,351.42081448,1.32488688,0.20640263,0.24290816,oe:player:f01edf63566e420e611fe50f0a0032c,Antimagic,0.18823125,0.12282138,oe:player:6ffda240105538d79cc27c57a5ea46d,Douny,0.20067005,0.20026267,oe:player:6aff04000a3032154606825dbb26529,Fear,0.19958766,0.21583745,oe:player:a23e88f88c9668bf9d4dea3d00d606d,KouZZe,0.26142084,0.36251545,oe:player:fb8a1248ec042b539f281c3268fc864,PikaBoss,0.15009020,0.09856304
ESPORTSTMNT01/2004787,2021-05-27,2021,Unknown,11.10,oe:team:c33bf74e075fb47e63c1eb63226ae3d,Furious Gaming Chile,lineup-092c4aa304ece08a,1,0.36895092,399.13846154,1.48235294,0.21440269,0.29451351,oe:player:d093de85c458fabe60eda8786a7bd6b,Manolito,0.18736659,0.12863906,oe:player:d03862f740c87d7ba17afc3cacaa20f,EXIMUS,0.16692222,0.11479023,oe:player:30fda405a39a1754550e87835c669fb,Emp,0.23444875,0.43022528,oe:player:d3bc65e5e987b942fba2400b4649f71,Viciun,0.28276360,0.27816020,oe:player:affea2faa664cb5130a7569ac4b74b3,Feitan,0.12849884,0.04818523
ESPORTSTMNT01/2004812,2021-05-27,2021,Unknown,11.10,oe:team:71cc230a7d2155dd4958f3de7ad40bb,Santiago Wanderers eSports,lineup-3f4856bde7436d9d,1,-0.09698413,392.32411067,1.55335968,0.20712442,0.26820228,oe:player:d3f6d7885e73d5ddaee506de52bf0d8,Furiozz,0.17641193,0.08594269,oe:player:9a2f5597c8acf766dfcee23a4a4d71e,koughi,0.20026154,0.39568095,oe:player:66a45be025e362d7d650d5d8b4b0935,Zaphyr,0.23373927,0.22725624,oe:player:ec40ca8fe7e6ed94b321110063bed2c,GunPoint,0.24663670,0.21708578,oe:player:59106219d6adffb36fe52ff2f3f781c,Caos,0.14295055,0.07403433
ESPORTSTMNT01/2004812,2021-05-27,2021,Unknown,11.10,oe:team:ba3b1a1f005f917f9aaea679f31ae08,Bencheados,lineup-5511ffc4a130e862,0,-0.32600010,267.23715415,1.50000000,0.20989044,0.23284188,oe:player:d7489947f78bf18709270b555816665,Deratero,0.19520609,0.30265785,oe:player:e125fd5aae78be68687e3ee2fc95f11,Funky Dog,0.17857214,0.14682522,oe:player:b4067a049170b186439a5fc1a0d971f,Wandering,0.22663019,0.24348849,oe:player:905b58ee28fd586c8870ce6c8af1f6c,Wonder,0.26574674,0.23494698,oe:player:59473cb24ef2f321262a35b4d8256f2,Sholwan,0.13384484,0.07208147
ESPORTSTMNT01/2004836,2021-05-27,2021,Unknown,11.10,oe:team:5babf9f14b8cc18a551ee1fd2d5c6f9,LDM Esports,lineup-0fd0338ae6579ae5,0,-0.30132471,328.30113636,1.94886364,0.20996883,0.25026045,oe:player:805ebae4eabf3730d5f66e854033374,Knod,0.26368132,0.16347934,oe:player:baab52118a09c2b4e43f4950ec5af6b,Day Beats,0.19242874,0.16633495,oe:player:73b8ea5aed1fefc530e333a07438218,Cosmoz,0.21726463,0.32273585,oe:player:dd62ea30c72d69edfdbc9a86de04984,Prodigy,0.20116896,0.29892179,oe:player:c1bf3cfa3d2aa4464eed8b4724644dd,Wardian,0.12545634,0.04852806
ESPORTSTMNT01/2004836,2021-05-27,2021,Unknown,11.10,oe:team:5c116dedda7feae2f6ffc093f844ac6,Rebirth eSports,lineup-b6c3f9ba21ba0e73,1,0.56652819,352.69318182,1.33522727,0.20929589,0.22979282,oe:player:f1fa99d4fb0bd61ece7a4576a5507ba,Scrappy,0.22454400,0.21645133,oe:player:3e2e64ccceb9c7bfa8b72113d2940c3,Sami,0.16704000,0.15649064,oe:player:18eff78d8fbeb94244572cef0bb4536,Alowhed,0.24670400,0.25218288,oe:player:350b1ee846a2badcb03cf11cf9b7749,Kayse,0.22929600,0.29832136,oe:player:526fdc640d635b7c6f01cd356345db0,Duivel,0.13241600,0.07655379
ESPORTSTMNT01/2004844,2021-05-28,2021,Unknown,11.10,oe:team:c5c317341ae046ce3345b8d56efce5c,Dark Horse,lineup-d7a431a8b47493fd,1,0.79613629,454.53484923,1.98121602,0.20487293,0.25364474,oe:player:ba8eae65e7f69e7f2405a2d8faa59c0,Kryzpo,0.20902153,0.16532032,oe:player:53c5acbf75de5e3342bc323e60268dd,Ocean,0.19938043,0.17949287,oe:player:cf6fe267c79a3e3ea388534d48dd66d,Regi,0.22576502,0.19875501,oe:player:ce311f9a3d94cb7038eb2ea051144c2,Perro,0.22500944,0.38700458,oe:player:c6a3d2fb852e7fbe44c84dd6e23f971,Pyl,0.14082357,0.06942723
ESPORTSTMNT01/2004844,2021-05-28,2021,Unknown,11.10,oe:team:cb951a65f688a6e2bdf1d8d4a91da4d,Cruzados Esports,lineup-845780a91f3259c1,0,-0.94391725,313.96342066,1.35837865,0.20705500,0.22211973,oe:player:b9833585bf011bdf1cdf48a80b5a881,LukasNegro,0.22827903,0.28037560,oe:player:62633293ebe4ae9a06bb68c78cf9484,Kartana,0.19800837,0.21472161,oe:player:de5baf357cd597896c34639e1c1e573,Kirito,0.21561601,0.18398232,oe:player:a1cf236c2b3c7deff8f57282dd2a84f,Emets,0.22969178,0.23811143,oe:player:007cc9547ae8884ad597cd92ba50542,Severity,0.12840480,0.08280905
ESPORTSTMNT01/2004854,2021-05-28,2021,Unknown,11.10,oe:team:a19a63a498e083aef0b8fc70b2b7715,Movistar Optix,lineup-d172b59bfbc4635f,1,0.09624025,400.85088339,1.33144876,0.20683814,0.22529157,oe:player:5d16b474fe0e5c99f5647b615816e12,Arfyss,0.20234361,0.20119745,oe:player:d68b7d3b26ccc08cc30abb5210e5839,Amarant,0.20599317,0.29783993,oe:player:fbbdc14045f1d9b78dd8fd4ca50306d,Piqueos,0.21025429,0.17382106,oe:player:4ae382e5cc3e063f06c8e0f3fa41afd,KreshtDoo,0.24779547,0.24224089,oe:player:7a913e753d77491e84e55c61204fb0c,Gralou,0.13361346,0.08490067
ESPORTSTMNT01/2004854,2021-05-28,2021,Unknown,11.10,oe:team:f3bc4f2e318bd6b40e1ddd88c637396,Kaos Latin Gamers Academy,lineup-ae57961326c44301,0,-0.32871065,288.52579505,1.00070671,0.20831518,0.25032125,oe:player:9b997d21495dbcdcb3a00095e4b6e1f,Rockstar,0.21870592,0.17150667,oe:player:f38784ca7ec10b84f1c1f84121428d6,Xeydon,0.18550188,0.10710717,oe:player:0bc91bc67360a5b84f5f79d06e7a43e,KearZy,0.21194758,0.29483863,oe:player:ba722a5e6c2fc8344cdc9d4647d2999,AZR,0.25308533,0.33883957,oe:player:65568d869f85a561ada66050521f65e,Milo,0.13075929,0.08770795
ESPORTSTMNT01_2131819,2021-06-30,2021,Unknown,11.13,oe:team:c5c317341ae046ce3345b8d56efce5c,Dark Horse,lineup-d7a431a8b47493fd,0,-0.38520387,328.98531502,1.43818096,0.20830482,0.22230079,oe:player:ba8eae65e7f69e7f2405a2d8faa59c0,Kryzpo,0.23136180,0.24638007,oe:player:53c5acbf75de5e3342bc323e60268dd,Ocean,0.21793679,0.21408577,oe:player:cf6fe267c79a3e3ea388534d48dd66d,Regi,0.17759280,0.16878045,oe:player:ce311f9a3d94cb7038eb2ea051144c2,Perro,0.24194327,0.28168089,oe:player:c6a3d2fb852e7fbe44c84dd6e23f971,Pyl,0.13116534,0.08907281
ESPORTSTMNT01_2131819,2021-06-30,2021,Unknown,11.13,oe:team:f3bc4f2e318bd6b40e1ddd88c637396,Kaos Latin Gamers Academy,lineup-ae57961326c44301,1,-0.57752826,361.02889626,1.58029370,0.20737931,0.26264918,oe:player:9b997d21495dbcdcb3a00095e4b6e1f,Rockstar,0.20630723,0.16417628,oe:player:f38784ca7ec10b84f1c1f84121428d6,Xeydon,0.18114557,0.12824550,oe:player:0bc91bc67360a5b84f5f79d06e7a43e,KearZy,0.22790712,0.31581931,oe:player:ba722a5e6c2fc8344cdc9d4647d2999,AZR,0.24748918,0.34211396,oe:player:65568d869f85a561ada66050521f65e,Milo,0.13715089,0.04964494
ESPORTSTMNT01_2131868,2021-06-30,2021,Unknown,11.13,oe:team:5babf9f14b8cc18a551ee1fd2d5c6f9,LDM Esports,lineup-d78cf0365d34a7c3,0,0.43574693,396.06182026,1.35317687,0.20659272,0.23045276,oe:player:73b8ea5aed1fefc530e333a07438218,Cosmoz,0.21995406,0.14760666,oe:player:baab52118a09c2b4e43f4950ec5af6b,Day Beats,0.20047241,0.29627125,oe:player:11ca8602d3855c158442bb37c9254bb,Neadz,0.20127422,0.21952827,oe:player:dd62ea30c72d69edfdbc9a86de04984,Prodigy,0.24372643,0.25787374,oe:player:c1bf3cfa3d2aa4464eed8b4724644dd,Wardian,0.13457288,0.07872008
ESPORTSTMNT01_2131868,2021-06-30,2021,Unknown,11.13,oe:team:c33bf74e075fb47e63c1eb63226ae3d,Furious Gaming Chile,lineup-acdb5316dd6a29c9,1,0.55968410,472.51974814,1.38065255,0.20688212,0.24168869,oe:player:d093de85c458fabe60eda8786a7bd6b,Manolito,0.21605151,0.28820631,oe:player:993d7f137872d18adc42aa9aa508a8b,Camilonicolau,0.17845289,0.12899943,oe:player:30fda405a39a1754550e87835c669fb,Emp,0.21973338,0.25917635,oe:player:d3bc65e5e987b942fba2400b4649f71,Viciun,0.24612315,0.26775305,oe:player:affea2faa664cb5130a7569ac4b74b3,Feitan,0.13963907,0.05586487
ESPORTSTMNT01_2131898,2021-06-30,2021,Unknown,11.13,oe:team:5c116dedda7feae2f6ffc093f844ac6,Rebirth eSports,lineup-5f9ea8b5f4158b36,0,-0.23621300,342.65332549,1.19364332,0.20765419,0.23939603,oe:player:f1fa99d4fb0bd61ece7a4576a5507ba,Scrappy,0.22726355,0.15216226,oe:player:3e2e64ccceb9c7bfa8b72113d2940c3,Sami,0.19694828,0.19668549,oe:player:18eff78d8fbeb94244572cef0bb4536,Alowhed,0.23009088,0.29391516,oe:player:e87d9b370206c12da8a677cb495afb5,Lyg,0.22039717,0.29558478,oe:player:526fdc640d635b7c6f01cd356345db0,Duivel,0.12530012,0.06165231
ESPORTSTMNT01_2131898,2021-06-30,2021,Unknown,11.13,oe:team:ba3b1a1f005f917f9aaea679f31ae08,Bencheados,lineup-097a9f3438d30f47,1,0.43283678,391.91759859,1.91406710,0.20933099,0.23324585,oe:player:d7489947f78bf18709270b555816665,Deratero,0.18743461,0.25246445,oe:player:e125fd5aae78be68687e3ee2fc95f11,Funky Dog,0.21865536,0.28870587,oe:player:b4067a049170b186439a5fc1a0d971f,Wandering,0.20643136,0.14584873,oe:player:905b58ee28fd586c8870ce6c8af1f6c,Wonder,0.25971404,0.24567031,oe:player:d99c1faaba5061813508a061f33bd2a,Hayha,0.12776462,0.06731064
ESPORTSTMNT01_2131914,2021-07-01,2021,Unknown,11.13,oe:team:71cc230a7d2155dd4958f3de7ad40bb,Santiago Wanderers eSports,lineup-dfeb92fa18d6ded3,0,-0.54773663,248.76470588,0.86554622,0.20390978,0.21135790,oe:player:ed5e33a16b4c021ea0a9ce1e8f23a5a,Hazard,0.23172960,0.13289194,oe:player:9a2f5597c8acf766dfcee23a4a4d71e,koughi,0.20227550,0.18741344,oe:player:66a45be025e362d7d650d5d8b4b0935,Zaphyr,0.22253903,0.25683208,oe:player:ec40ca8fe7e6ed94b321110063bed2c,GunPoint,0.19161776,0.25146100,oe:player:5a98ba300e1c781d7e91e1ac52902e2,Woohee,0.15183811,0.17140155
ESPORTSTMNT01_2131914,2021-07-01,2021,Unknown,11.13,oe:team:cb951a65f688a6e2bdf1d8d4a91da4d,Cruzados Esports,lineup-845780a91f3259c1,1,-0.15781480,375.36134454,1.32773109,0.20626001,0.26298074,oe:player:b9833585bf011bdf1cdf48a80b5a881,LukasNegro,0.20019182,0.16947255,oe:player:62633293ebe4ae9a06bb68c78cf9484,Kartana,0.18751913,0.14043611,oe:player:de5baf357cd597896c34639e1c1e573,Kirito,0.21255841,0.40474165,oe:player:a1cf236c2b3c7deff8f57282dd2a84f,Emets,0.25439259,0.21341900,oe:player:007cc9547ae8884ad597cd92ba50542,Severity,0.14533804,0.07193069
ESPORTSTMNT01_2131943,2021-07-01,2021,Unknown,11.13,oe:team:096d11bb39c67344ba0d303a4505e81,Newstar,lineup-007bd41ad2def7cf,0,0.95307257,326.12903226,1.13364055,0.20349447,0.22466617,oe:player:ec900369f74e342027743723147282f,Akira,0.19550702,0.19018652,oe:player:6ffda240105538d79cc27c57a5ea46d,Douny,0.18816433,0.15945316,oe:player:6aff04000a3032154606825dbb26529,Fear,0.19321893,0.13058499,oe:player:a23e88f88c9668bf9d4dea3d00d606d,KouZZe,0.25042122,0.18594744,oe:player:fb8a1248ec042b539f281c3268fc864,PikaBoss,0.17268851,0.33382789
ESPORTSTMNT01_2131943,2021-07-01,2021,Unknown,11.13,oe:team:a19a63a498e083aef0b8fc70b2b7715,Movistar Optix,lineup-d172b59bfbc4635f,1,0.39543982,504.89170507,1.40322581,0.21404204,0.33488467,oe:player:5d16b474fe0e5c99f5647b615816e12,Arfyss,0.20379620,0.14331677,oe:player:d68b7d3b26ccc08cc30abb5210e5839,Amarant,0.16727915,0.10073794,oe:player:fbbdc14045f1d9b78dd8fd4ca50306d,Piqueos,0.19364564,0.17866678,oe:player:4ae382e5cc3e063f06c8e0f3fa41afd,KreshtDoo,0.29604324,0.51847592,oe:player:7a913e753d77491e84e55c61204fb0c,Gralou,0.13923576,0.05880259
ESPORTSTMNT01_2132364,2021-07-01,2021,Unknown,11.13,oe:team:cb951a65f688a6e2bdf1d8d4a91da4d,Cruzados Esports,lineup-845780a91f3259c1,1,0.21624163,504.92783505,1.50927835,0.20609963,0.26171139,oe:player:b9833585bf011bdf1cdf48a80b5a881,LukasNegro,0.21229587,0.20420189,oe:player:62633293ebe4ae9a06bb68c78cf9484,Kartana,0.21416825,0.11127037,oe:player:de5baf357cd597896c34639e1c1e573,Kirito,0.22649343,0.37717751,oe:player:a1cf236c2b3c7deff8f57282dd2a84f,Emets,0.21620345,0.24890359,oe:player:007cc9547ae8884ad597cd92ba50542,Severity,0.13083899,0.05844665
ESPORTSTMNT01_2132364,2021-07-01,2021,Unknown,11.13,oe:team:f3bc4f2e318bd6b40e1ddd88c637396,Kaos Latin Gamers Academy,lineup-ae57961326c44301,0,0.47104545,389.30103093,1.15670103,0.20448865,0.21797031,oe:player:9b997d21495dbcdcb3a00095e4b6e1f,Rockstar,0.21204194,0.12027901,oe:player:f38784ca7ec10b84f1c1f84121428d6,Xeydon,0.21286588,0.28947996,oe:player:0bc91bc67360a5b84f5f79d06e7a43e,KearZy,0.20211342,0.19835709,oe:player:ba722a5e6c2fc8344cdc9d4647d2999,AZR,0.23012751,0.23820646,oe:player:65568d869f85a561ada66050521f65e,Milo,0.14285126,0.15367749
ESPORTSTMNT01_2132397,2021-07-01,2021,Unknown,11.13,oe:team:5c116dedda7feae2f6ffc093f844ac6,Rebirth eSports,lineup-5f9ea8b5f4158b36,1,0.81267159,441.86528497,1.36096718,0.20699147,0.23981265,oe:player:f1fa99d4fb0bd61ece7a4576a5507ba,Scrappy,0.24655752,0.16990306,oe:player:3e2e64ccceb9c7bfa8b72113d2940c3,Sami,0.20356717,0.31313321,oe:player:18eff78d8fbeb94244572cef0bb4536,Alowhed,0.21426506,0.22592245,oe:player:e87d9b370206c12da8a677cb495afb5,Lyg,0.20340453,0.24426204,oe:player:526fdc640d635b7c6f01cd356345db0,Duivel,0.13220572,0.04677924
ESPORTSTMNT01_2132397,2021-07-01,2021,Unknown,11.13,oe:team:71cc230a7d2155dd4958f3de7ad40bb,Santiago Wanderers eSports,lineup-dfeb92fa18d6ded3,0,-0.58589566,270.90155440,1.22970639,0.20764505,0.24234253,oe:player:ed5e33a16b4c021ea0a9ce1e8f23a5a,Hazard,0.21147537,0.11690001,oe:player:9a2f5597c8acf766dfcee23a4a4d71e,koughi,0.19098842,0.17540101,oe:player:66a45be025e362d7d650d5d8b4b0935,Zaphyr,0.21011404,0.34427358,oe:player:ec40ca8fe7e6ed94b321110063bed2c,GunPoint,0.25392220,0.26340754,oe:player:5a98ba300e1c781d7e91e1ac52902e2,Woohee,0.13349997,0.10001785
ESPORTSTMNT01_2132441,2021-07-01,2021,Unknown,11.13,oe:team:096d11bb39c67344ba0d303a4505e81,Newstar,lineup-007bd41ad2def7cf,0,0.56865965,421.41525424,0.92372881,0.20413227,0.22204579,oe:player:ec900369f74e342027743723147282f,Akira,0.19598965,0.17139582,oe:player:6ffda240105538d79cc27c57a5ea46d,Douny,0.18235231,0.10780864,oe:player:6aff04000a3032154606825dbb26529,Fear,0.23029862,0.30948981,oe:player:a23e88f88c9668bf9d4dea3d00d606d,KouZZe,0.23342497,0.18726245,oe:player:fb8a1248ec042b539f281c3268fc864,PikaBoss,0.15793445,0.22404328
ESPORTSTMNT01_2132441,2021-07-01,2021,Unknown,11.13,oe:team:c5c317341ae046ce3345b8d56efce5c,Dark Horse,lineup-d7a431a8b47493fd,1,1.86863304,640.11864407,1.16101695,0.20389644,0.21163348,oe:player:ba8eae65e7f69e7f2405a2d8faa59c0,Kryzpo,0.20192228,0.23328567,oe:player:53c5acbf75de5e3342bc323e60268dd,Ocean,0.22049871,0.17480870,oe:player:cf6fe267c79a3e3ea388534d48dd66d,Regi,0.19829455,0.24424762,oe:player:ce311f9a3d94cb7038eb2ea051144c2,Perro,0.22998499,0.23111447,oe:player:c6a3d2fb852e7fbe44c84dd6e23f971,Pyl,0.14929947,0.11654354
ESPORTSTMNT01_2132459,2021-07-02,2021,Unknown,11.13,oe:team:ba3b1a1f005f917f9aaea679f31ae08,Bencheados,lineup-097a9f3438d30f47,1,1.62528553,542.08674503,1.61491690,0.20917647,0.23788621,oe:player:d7489947f78bf18709270b555816665,Deratero,0.18896675,0.15018305,oe:player:e125fd5aae78be68687e3ee2fc95f11,Funky Dog,0.22533207,0.22824019,oe:player:b4067a049170b186439a5fc1a0d971f,Wandering,0.22749937,0.26241879,oe:player:905b58ee28fd586c8870ce6c8af1f6c,Wonder,0.23733862,0.30180180,oe:player:d99c1faaba5061813508a061f33bd2a,Hayha,0.12086319,0.05735616
ESPORTSTMNT01_2132459,2021-07-02,2021,Unknown,11.13,oe:team:c33bf74e075fb47e63c1eb63226ae3d,Furious Gaming Chile,lineup-acdb5316dd6a29c9,0,0.62202510,515.09525740,1.65869477,0.20969155,0.23926479,oe:player:d093de85c458fabe60eda8786a7bd6b,Manolito,0.19372448,0.26537608,oe:player:993d7f137872d18adc42aa9aa508a8b,Camilonicolau,0.17397346,0.11125171,oe:player:30fda405a39a1754550e87835c669fb,Emp,0.22934154,0.26877567,oe:player:d3bc65e5e987b942fba2400b4649f71,Viciun,0.26515710,0.28062704,oe:player:affea2faa664cb5130a7569ac4b74b3,Feitan,0.13780343,0.07396950
ESPORTSTMNT01_2132475,2021-07-02,2021,Unknown,11.13,oe:team:5babf9f14b8cc18a551ee1fd2d5c6f9,LDM Esports,lineup-743660d8b36ddb66,0,-0.25949192,283.97617021,0.78638298,0.20446553,0.22220733,oe:player:baab52118a09c2b4e43f4950ec5af6b,Day Beats,0.19025800,0.15917428,oe:player:73b8ea5aed1fefc530e333a07438218,Cosmoz,0.21098039,0.22901532,oe:player:c1bf3cfa3d2aa4464eed8b4724644dd,Wardian,0.18633643,0.31536359,oe:player:11ca8602d3855c158442bb37c9254bb,Neadz,0.25085655,0.12554844,oe:player:dd62ea30c72d69edfdbc9a86de04984,Prodigy,0.16156863,0.17089837
ESPORTSTMNT01_2132475,2021-07-02,2021,Unknown,11.13,oe:team:a19a63a498e083aef0b8fc70b2b7715,Movistar Optix,lineup-d172b59bfbc4635f,1,0.11384534,421.05191489,1.31744681,0.21050376,0.24135918,oe:player:5d16b474fe0e5c99f5647b615816e12,Arfyss,0.24263339,0.25674299,oe:player:d68b7d3b26ccc08cc30abb5210e5839,Amarant,0.17768173,0.14664791,oe:player:fbbdc14045f1d9b78dd8fd4ca50306d,Piqueos,0.17610151,0.32177161,oe:player:4ae382e5cc3e063f06c8e0f3fa41afd,KreshtDoo,0.26347834,0.21689143,oe:player:7a913e753d77491e84e55c61204fb0c,Gralou,0.14010504,0.05794606
ESPORTSTMNT01_2135482,2021-07-06,2021,Unknown,11.13,oe:team:a19a63a498e083aef0b8fc70b2b7715,Movistar Optix,lineup-d172b59bfbc4635f,1,0.24277832,437.69750367,1.49779736,0.21405357,0.22668023,oe:player:5d16b474fe0e5c99f5647b615816e12,Arfyss,0.18904042,0.15796183,oe:player:d68b7d3b26ccc08cc30abb5210e5839,Amarant,0.17697019,0.19788507,oe:player:fbbdc14045f1d9b78dd8fd4ca50306d,Piqueos,0.21166190,0.29908210,oe:player:4ae382e5cc3e063f06c8e0f3fa41afd,KreshtDoo,0.29184157,0.25494511,oe:player:7a913e753d77491e84e55c61204fb0c,Gralou,0.13048591,0.09012588
ESPORTSTMNT01_2135482,2021-07-06,2021,Unknown,11.13,oe:team:c5c317341ae046ce3345b8d56efce5c,Dark Horse,lineup-d7a431a8b47493fd,0,0.40566009,415.74743025,1.63289280,0.20638168,0.22173466,oe:player:ba8eae65e7f69e7f2405a2d8faa59c0,Kryzpo,0.22788451,0.22200873,oe:player:53c5acbf75de5e3342bc323e60268dd,Ocean,0.21722060,0.21422416,oe:player:cf6fe267c79a3e3ea388534d48dd66d,Regi,0.22205167,0.22017208,oe:player:ce311f9a3d94cb7038eb2ea051144c2,Perro,0.20224265,0.26939433,oe:player:c6a3d2fb852e7fbe44c84dd6e23f971,Pyl,0.13060057,0.07420070
ESPORTSTMNT01_2135497,2021-07-07,2021,Unknown,11.13,oe:team:a19a63a498e083aef0b8fc70b2b7715,Movistar Optix,lineup-d172b59bfbc4635f,0,-1.19496008,281.57423581,1.47379913,0.21173714,0.25620583,oe:player:5d16b474fe0e5c99f5647b615816e12,Arfyss,0.18904085,0.26794147,oe:player:d68b7d3b26ccc08cc30abb5210e5839,Amarant,0.17536405,0.12478191,oe:player:fbbdc14045f1d9b78dd8fd4ca50306d,Piqueos,0.22520250,0.25640310,oe:player:4ae382e5cc3e063f06c8e0f3fa41afd,KreshtDoo,0.27703271,0.31956173,oe:player:7a913e753d77491e84e55c61204fb0c,Gralou,0.13335989,0.03131179
ESPORTSTMNT01_2135497,2021-07-07,2021,Unknown,11.13,oe:team:c5c317341ae046ce3345b8d56efce5c,Dark Horse,lineup-d7a431a8b47493fd,1,0.65654365,451.74235808,1.63100437,0.20653295,0.26856369,oe:player:ba8eae65e7f69e7f2405a2d8faa59c0,Kryzpo,0.19674159,0.26320216,oe:player:53c5acbf75de5e3342bc323e60268dd,Ocean,0.22690612,0.16255836,oe:player:cf6fe267c79a3e3ea388534d48dd66d,Regi,0.24508012,0.39623873,oe:player:ce311f9a3d94cb7038eb2ea051144c2,Perro,0.19213536,0.08618740,oe:player:c6a3d2fb852e7fbe44c84dd6e23f971,Pyl,0.13913682,0.09181336
ESPORTSTMNT01_2136113,2021-07-07,2021,Unknown,11.13,oe:team:5c116dedda7feae2f6ffc093f844ac6,Rebirth eSports,lineup-aaef4122f5ac374a,1,0.95054085,392.97508897,1.33807829,0.20500813,0.23264858,oe:player:60c0889ef26c56c4e80784baa52eb68,lRoma,0.18648568,0.21158061,oe:player:3e2e64ccceb9c7bfa8b72113d2940c3,Sami,0.21006088,0.14487530,oe:player:18eff78d8fbeb94244572cef0bb4536,Alowhed,0.21742689,0.21380834,oe:player:e87d9b370206c12da8a677cb495afb5,Lyg,0.23950494,0.33495735,oe:player:526fdc640d635b7c6f01cd356345db0,Duivel,0.14652161,0.09477840
ESPORTSTMNT01_2136113,2021-07-07,2021,Unknown,11.13,oe:team:c33bf74e075fb47e63c1eb63226ae3d,Furious Gaming Chile,lineup-acdb5316dd6a29c9,0,-0.53303998,291.77224199,1.28113879,0.20909859,0.28133291,oe:player:d093de85c458fabe60eda8786a7bd6b,Manolito,0.20298301,0.35285652,oe:player:993d7f137872d18adc42aa9aa508a8b,Camilonicolau,0.17079119,0.06105772,oe:player:30fda405a39a1754550e87835c669fb,Emp,0.25455666,0.35185637,oe:player:d3bc65e5e987b942fba2400b4649f71,Viciun,0.23512348,0.14763136,oe:player:affea2faa664cb5130a7569ac4b74b3,Feitan,0.13654567,0.08659804
ESPORTSTMNT01_2136140,2021-07-07,2021,Unknown,11.13,oe:team:5c116dedda7feae2f6ffc093f844ac6,Rebirth eSports,lineup-aaef4122f5ac374a,0,-0.11251559,325.05589375,1.20863309,0.21039629,0.23006981,oe:player:60c0889ef26c56c4e80784baa52eb68,lRoma,0.19286011,0.24765057,oe:player:3e2e64ccceb9c7bfa8b72113d2940c3,Sami,0.17568004,0.18321484,oe:player:18eff78d8fbeb94244572cef0bb4536,Alowhed,0.26070290,0.19389965,oe:player:e87d9b370206c12da8a677cb495afb5,Lyg,0.23848889,0.30417995,oe:player:526fdc640d635b7c6f01cd356345db0,Duivel,0.13226805,0.07105500
ESPORTSTMNT01_2136140,2021-07-07,2021,Unknown,11.13,oe:team:c33bf74e075fb47e63c1eb63226ae3d,Furious Gaming Chile,lineup-acdb5316dd6a29c9,1,-0.10991952,379.92916436,1.44106253,0.20974188,0.26284778,oe:player:d093de85c458fabe60eda8786a7bd6b,Manolito,0.19529310,0.23172117,oe:player:993d7f137872d18adc42aa9aa508a8b,Camilonicolau,0.17419019,0.14892241,oe:player:30fda405a39a1754550e87835c669fb,Emp,0.25446809,0.38261873,oe:player:d3bc65e5e987b942fba2400b4649f71,Viciun,0.24187581,0.19760186,oe:player:affea2faa664cb5130a7569ac4b74b3,Feitan,0.13417282,0.03913583
ESPORTSTMNT01_2136157,2021-07-08,2021,Unknown,11.13,oe:team:5c116dedda7feae2f6ffc093f844ac6,Rebirth eSports,lineup-aaef4122f5ac374a,1,3.33112718,752.17615289,1.30120482,0.21184817,0.23112279,oe:player:60c0889ef26c56c4e80784baa52eb68,lRoma,0.15820475,0.18592998,oe:player:3e2e64ccceb9c7bfa8b72113d2940c3,Sami,0.26658935,0.32788287,oe:player:18eff78d8fbeb94244572cef0bb4536,Alowhed,0.22692087,0.21167332,oe:player:e87d9b370206c12da8a677cb495afb5,Lyg,0.21659977,0.19453319,oe:player:526fdc640d635b7c6f01cd356345db0,Duivel,0.13168526,0.07998065
ESPORTSTMNT01_2136157,2021-07-08,2021,Unknown,11.13,oe:team:c33bf74e075fb47e63c1eb63226ae3d,Furious Gaming Chile,lineup-acdb5316dd6a29c9,0,1.97840276,710.98628999,1.48068135,0.20701598,0.25988560,oe:player:d093de85c458fabe60eda8786a7bd6b,Manolito,0.21941221,0.20063529,oe:player:993d7f137872d18adc42aa9aa508a8b,Camilonicolau,0.19285178,0.14382380,oe:player:30fda405a39a1754550e87835c669fb,Emp,0.21166060,0.19550248,oe:player:d3bc65e5e987b942fba2400b4649f71,Viciun,0.24356198,0.39571004,oe:player:affea2faa664cb5130a7569ac4b74b3,Feitan,0.13251342,0.06432839
ESPORTSTMNT01_2136179,2021-07-08,2021,Unknown,11.13,oe:team:5c116dedda7feae2f6ffc093f844ac6,Rebirth eSports,lineup-5f9ea8b5f4158b36,0,0.51926060,403.92794887,1.00406740,0.20406804,0.22354441,oe:player:f1fa99d4fb0bd61ece7a4576a5507ba,Scrappy,0.22820759,0.28130502,oe:player:3e2e64ccceb9c7bfa8b72113d2940c3,Sami,0.20920714,0.12632487,oe:player:18eff78d8fbeb94244572cef0bb4536,Alowhed,0.21150639,0.21201450,oe:player:e87d9b370206c12da8a677cb495afb5,Lyg,0.20602355,0.26490592,oe:player:526fdc640d635b7c6f01cd356345db0,Duivel,0.14505533,0.11544968
ESPORTSTMNT01_2136179,2021-07-08,2021,Unknown,11.13,oe:team:c33bf74e075fb47e63c1eb63226ae3d,Furious Gaming Chile,lineup-acdb5316dd6a29c9,1,0.08105188,428.13015689,1.58977339,0.20949604,0.25811326,oe:player:d093de85c458fabe60eda8786a7bd6b,Manolito,0.20033057,0.26507712,oe:player:993d7f137872d18adc42aa9aa508a8b,Camilonicolau,0.16146046,0.11237602,oe:player:30fda405a39a1754550e87835c669fb,Emp,0.23223638,0.27883911,oe:player:d3bc65e5e987b942fba2400b4649f71,Viciun,0.26195075,0.31041840,oe:player:affea2faa664cb5130a7569ac4b74b3,Feitan,0.14402184,0.03328936
ESPORTSTMNT01_2137259,2021-07-09,2021,Unknown,11.13,oe:team:5c116dedda7feae2f6ffc093f844ac6,Rebirth eSports,lineup-5f9ea8b5f4158b36,1,0.61540828,474.01981833,1.44178365,0.21440878,0.26123786,oe:player:f1fa99d4fb0bd61ece7a4576a5507ba,Scrappy,0.19079877,0.21461645,oe:player:3e2e64ccceb9c7bfa8b72113d2940c3,Sami,0.16692988,0.12038924,oe:player:18eff78d8fbeb94244572cef0bb4536,Alowhed,0.22926883,0.21094771,oe:player:e87d9b370206c12da8a677cb495afb5,Lyg,0.28488904,0.38997418,oe:player:526fdc640d635b7c6f01cd356345db0,Duivel,0.12811348,0.06407241
ESPORTSTMNT01_2137259,2021-07-09,2021,Unknown,11.13,oe:team:f3bc4f2e318bd6b40e1ddd88c637396,Kaos Latin Gamers Academy,lineup-ae57961326c44301,0,0.39542473,467.69777044,1.70437655,0.20883339,0.23191336,oe:player:9b997d21495dbcdcb3a00095e4b6e1f,Rockstar,0.23782673,0.25507167,oe:player:f38784ca7ec10b84f1c1f84121428d6,Xeydon,0.19609752,0.17602254,oe:player:0bc91bc67360a5b84f5f79d06e7a43e,KearZy,0.19089151,0.21918069,oe:player:ba722a5e6c2fc8344cdc9d4647d2999,AZR,0.24673779,0.29034821,oe:player:65568d869f85a561ada66050521f65e,Milo,0.12844645,0.05937689
ESPORTSTMNT01_2137275,2021-07-10,2021,Unknown,11.13,oe:team:5c116dedda7feae2f6ffc093f844ac6,Rebirth eSports,lineup-5f9ea8b5f4158b36,1,0.52978020,450.70803949,1.38787024,0.20716034,0.24033546,oe:player:f1fa99d4fb0bd61ece7a4576a5507ba,Scrappy,0.21206889,0.20935560,oe:player:3e2e64ccceb9c7bfa8b72113d2940c3,Sami,0.18885714,0.13008211,oe:player:18eff78d8fbeb94244572cef0bb4536,Alowhed,0.21138124,0.32117464,oe:player:e87d9b370206c12da8a677cb495afb5,Lyg,0.25166180,0.26674845,oe:player:526fdc640d635b7c6f01cd356345db0,Duivel,0.13603093,0.07263919
ESPORTSTMNT01_2137275,2021-07-10,2021,Unknown,11.13,oe:team:f3bc4f2e318bd6b40e1ddd88c637396,Kaos Latin Gamers Academy,lineup-ae57961326c44301,0,0.82681226,534.11001410,1.46685472,0.21565171,0.24638364,oe:player:9b997d21495dbcdcb3a00095e4b6e1f,Rockstar,0.17250560,0.18883291,oe:player:f38784ca7ec10b84f1c1f84121428d6,Xeydon,0.18354313,0.15426054,oe:player:0bc91bc67360a5b84f5f79d06e7a43e,KearZy,0.27039415,0.31132026,oe:player:ba722a5e6c2fc8344cdc9d4647d2999,AZR,0.25504272,0.29586674,oe:player:65568d869f85a561ada66050521f65e,Milo,0.11851440,0.04971956
ESPORTSTMNT01_2138422,2021-07-12,2021,Unknown,11.13,oe:team:c33bf74e075fb47e63c1eb63226ae3d,Furious Gaming Chile,lineup-acdb5316dd6a29c9,1,0.06980610,498.67718447,1.47087379,0.21101982,0.30158325,oe:player:d093de85c458fabe60eda8786a7bd6b,Manolito,0.17840100,0.15980142,oe:player:993d7f137872d18adc42aa9aa508a8b,Camilonicolau,0.16116658,0.05685917,oe:player:30fda405a39a1754550e87835c669fb,Emp,0.25890170,0.39972257,oe:player:d3bc65e5e987b942fba2400b4649f71,Viciun,0.25356068,0.33226254,oe:player:affea2faa664cb5130a7569ac4b74b3,Feitan,0.14797005,0.05135431
ESPORTSTMNT01_2138422,2021-07-12,2021,Unknown,11.13,oe:team:c5c317341ae046ce3345b8d56efce5c,Dark Horse,lineup-d7a431a8b47493fd,0,1.46830420,379.13592233,1.07766990,0.20601368,0.21319395,oe:player:ba8eae65e7f69e7f2405a2d8faa59c0,Kryzpo,0.19950233,0.12815933,oe:player:53c5acbf75de5e3342bc323e60268dd,Ocean,0.19895443,0.19342014,oe:player:cf6fe267c79a3e3ea388534d48dd66d,Regi,0.22771893,0.22622340,oe:player:ce311f9a3d94cb7038eb2ea051144c2,Perro,0.23641677,0.17160252,oe:player:c6a3d2fb852e7fbe44c84dd6e23f971,Pyl,0.13740754,0.28059461
ESPORTSTMNT01_2138429,2021-07-12,2021,Unknown,11.13,oe:team:c33bf74e075fb47e63c1eb63226ae3d,Furious Gaming Chile,lineup-acdb5316dd6a29c9,1,0.66718470,522.33251594,1.64786660,0.20778556,0.22033076,oe:player:d093de85c458fabe60eda8786a7bd6b,Manolito,0.19902162,0.20229175,oe:player:993d7f137872d18adc42aa9aa508a8b,Camilonicolau,0.18484116,0.16999989,oe:player:30fda405a39a1754550e87835c669fb,Emp,0.23910205,0.27559632,oe:player:d3bc65e5e987b942fba2400b4649f71,Viciun,0.24219324,0.25531531,oe:player:affea2faa664cb5130a7569ac4b74b3,Feitan,0.13484191,0.09679673
ESPORTSTMNT01_2138429,2021-07-12,2021,Unknown,11.13,oe:team:c5c317341ae046ce3345b8d56efce5c,Dark Horse,lineup-d7a431a8b47493fd,0,0.61491680,419.92349191,1.40068661,0.20435882,0.24327074,oe:player:ba8eae65e7f69e7f2405a2d8faa59c0,Kryzpo,0.22478568,0.22547371,oe:player:53c5acbf75de5e3342bc323e60268dd,Ocean,0.19340086,0.12193071,oe:player:cf6fe267c79a3e3ea388534d48dd66d,Regi,0.21095414,0.25993665,oe:player:ce311f9a3d94cb7038eb2ea051144c2,Perro,0.22515600,0.32460197,oe:player:c6a3d2fb852e7fbe44c84dd6e23f971,Pyl,0.14570333,0.06805696
ESPORTSTMNT01_2138440,2021-07-12,2021,Unknown,11.13,oe:team:c33bf74e075fb47e63c1eb63226ae3d,Furious Gaming Chile,lineup-acdb5316dd6a29c9,1,0.70494516,523.78129496,1.48489209,0.20720383,0.23640635,oe:player:d093de85c458fabe60eda8786a7bd6b,Manolito,0.16951106,0.18609558,oe:player:993d7f137872d18adc42aa9aa508a8b,Camilonicolau,0.21257075,0.20986298,oe:player:30fda405a39a1754550e87835c669fb,Emp,0.22415252,0.16732779,oe:player:d3bc65e5e987b942fba2400b4649f71,Viciun,0.24938736,0.34945664,oe:player:affea2faa664cb5130a7569ac4b74b3,Feitan,0.14437832,0.08725702
ESPORTSTMNT01_2138440,2021-07-12,2021,Unknown,11.13,oe:team:c5c317341ae046ce3345b8d56efce5c,Dark Horse,lineup-d7a431a8b47493fd,0,1.83053146,567.26330935,1.30071942,0.20587272,0.25243216,oe:player:ba8eae65e7f69e7f2405a2d8faa59c0,Kryzpo,0.23993023,0.37545910,oe:player:53c5acbf75de5e3342bc323e60268dd,Ocean,0.19406002,0.17840547,oe:player:cf6fe267c79a3e3ea388534d48dd66d,Regi,0.22974229,0.23567906,oe:player:ce311f9a3d94cb7038eb2ea051144c2,Perro,0.19389701,0.13640145,oe:player:c6a3d2fb852e7fbe44c84dd6e23f971,Pyl,0.14237045,0.07405491
ESPORTSTMNT01_2138724,2021-07-13,2021,Unknown,11.13,oe:team:5c116dedda7feae2f6ffc093f844ac6,Rebirth eSports,lineup-5f9ea8b5f4158b36,0,0.49308789,427.11774461,1.18076285,0.20795124,0.27450296,oe:player:f1fa99d4fb0bd61ece7a4576a5507ba,Scrappy,0.23874336,0.14038330,oe:player:3e2e64ccceb9c7bfa8b72113d2940c3,Sami,0.18126646,0.08077592,oe:player:18eff78d8fbeb94244572cef0bb4536,Alowhed,0.22241064,0.30620613,oe:player:e87d9b370206c12da8a677cb495afb5,Lyg,0.22725244,0.38263341,oe:player:526fdc640d635b7c6f01cd356345db0,Duivel,0.13032710,0.09000124
ESPORTSTMNT01_2138724,2021-07-13,2021,Unknown,11.13,oe:team:cb951a65f688a6e2bdf1d8d4a91da4d,Cruzados Esports,lineup-845780a91f3259c1,1,0.23848960,419.19734660,1.51907131,0.20539859,0.22636497,oe:player:b9833585bf011bdf1cdf48a80b5a881,LukasNegro,0.21130751,0.25671741,oe:player:62633293ebe4ae9a06bb68c78cf9484,Kartana,0.19883696,0.14222869,oe:player:de5baf357cd597896c34639e1c1e573,Kirito,0.20847405,0.26303130,oe:player:a1cf236c2b3c7deff8f57282dd2a84f,Emets,0.24081182,0.25242903,oe:player:007cc9547ae8884ad597cd92ba50542,Severity,0.14056966,0.08559357
ESPORTSTMNT01_2138737,2021-07-14,2021,Unknown,11.13,oe:team:5c116dedda7feae2f6ffc093f844ac6,Rebirth eSports,lineup-5f9ea8b5f4158b36,0,-0.39649338,242.56020942,1.21727749,0.20764817,0.23050693,oe:player:f1fa99d4fb0bd61ece7a4576a5507ba,Scrappy,0.20193613,0.16670984,oe:player:3e2e64ccceb9c7bfa8b72113d2940c3,Sami,0.18841396,0.15084504,oe:player:18eff78d8fbeb94244572cef0bb4536,Alowhed,0.20693011,0.26788836,oe:player:e87d9b370206c12da8a677cb495afb5,Lyg,0.26242733,0.31279544,oe:player:526fdc640d635b7c6f01cd356345db0,Duivel,0.14029247,0.10176132
ESPORTSTMNT01_2138737,2021-07-14,2021,Unknown,11.13,oe:team:cb951a65f688a6e2bdf1d8d4a91da4d,Cruzados Esports,lineup-845780a91f3259c1,1,-0.32230879,367.14659686,1.35078534,0.20875012,0.22573330,oe:player:b9833585bf011bdf1cdf48a80b5a881,LukasNegro,0.17359016,0.21987166,oe:player:62633293ebe4ae9a06bb68c78cf9484,Kartana,0.19234935,0.15272727,oe:player:de5baf357cd597896c34639e1c1e573,Kirito,0.21766458,0.28928342,oe:player:a1cf236c2b3c7deff8f57282dd2a84f,Emets,0.26962946,0.25035294,oe:player:007cc9547ae8884ad597cd92ba50542,Severity,0.14676646,0.08776471
ESPORTSTMNT01_2138744,2021-07-14,2021,Unknown,11.13,oe:team:5c116dedda7feae2f6ffc093f844ac6,Rebirth eSports,lineup-5f9ea8b5f4158b36,0,0.01443697,300.48000000,1.16571429,0.20756403,0.22480049,oe:player:f1fa99d4fb0bd61ece7a4576a5507ba,Scrappy,0.24415249,0.27546575,oe:player:3e2e64ccceb9c7bfa8b72113d2940c3,Sami,0.19038578,0.16769014,oe:player:18eff78d8fbeb94244572cef0bb4536,Alowhed,0.21666160,0.24295672,oe:player:e87d9b370206c12da8a677cb495afb5,Lyg,0.21875000,0.23602755,oe:player:526fdc640d635b7c6f01cd356345db0,Duivel,0.13005012,0.07785984
ESPORTSTMNT01_2138744,2021-07-14,2021,Unknown,11.13,oe:team:cb951a65f688a6e2bdf1d8d4a91da4d,Cruzados Esports,lineup-845780a91f3259c1,1,-0.14239891,373.07220779,1.62701299,0.20679955,0.22408761,oe:player:b9833585bf011bdf1cdf48a80b5a881,LukasNegro,0.20491620,0.25715575,oe:player:62633293ebe4ae9a06bb68c78cf9484,Kartana,0.18430192,0.15566361,oe:player:de5baf357cd597896c34639e1c1e573,Kirito,0.22564201,0.25428175,oe:player:a1cf236c2b3c7deff8f57282dd2a84f,Emets,0.24624036,0.24908517,oe:player:007cc9547ae8884ad597cd92ba50542,Severity,0.13889951,0.08381372
ESPORTSTMNT01_2138918,2021-07-14,2021,Unknown,11.13,oe:team:c5c317341ae046ce3345b8d56efce5c,Dark Horse,lineup-d7a431a8b47493fd,0,2.40503203,672.37677419,1.28516129,0.21266121,0.25698438,oe:player:ba8eae65e7f69e7f2405a2d8faa59c0,Kryzpo,0.22750321,0.34917443,oe:player:53c5acbf75de5e3342bc323e60268dd,Ocean,0.28340480,0.29913336,oe:player:cf6fe267c79a3e3ea388534d48dd66d,Regi,0.16243075,0.16686497,oe:player:ce311f9a3d94cb7038eb2ea051144c2,Perro,0.18391812,0.11052943,oe:player:c6a3d2fb852e7fbe44c84dd6e23f971,Pyl,0.14274312,0.07429782
ESPORTSTMNT01_2138918,2021-07-14,2021,Unknown,11.13,oe:team:cb951a65f688a6e2bdf1d8d4a91da4d,Cruzados Esports,lineup-845780a91f3259c1,1,0.90131129,637.32129032,1.45032258,0.21460839,0.25451666,oe:player:b9833585bf011bdf1cdf48a80b5a881,LukasNegro,0.20668787,0.28494262,oe:player:62633293ebe4ae9a06bb68c78cf9484,Kartana,0.18032619,0.09671933,oe:player:de5baf357cd597896c34639e1c1e573,Kirito,0.20575004,0.25125323,oe:player:a1cf236c2b3c7deff8f57282dd2a84f,Emets,0.28763390,0.31289834,oe:player:007cc9547ae8884ad597cd92ba50542,Severity,0.11960201,0.05418647
ESPORTSTMNT01_2138928,2021-07-14,2021,Unknown,11.13,oe:team:c5c317341ae046ce3345b8d56efce5c,Dark Horse,lineup-d7a431a8b47493fd,1,-0.37466268,279.64539007,1.65248227,0.20646972,0.24140177,oe:player:ba8eae65e7f69e7f2405a2d8faa59c0,Kryzpo,0.21195866,0.22191225,oe:player:53c5acbf75de5e3342bc323e60268dd,Ocean,0.20237448,0.23241187,oe:player:cf6fe267c79a3e3ea388534d48dd66d,Regi,0.21102088,0.19322851,oe:player:ce311f9a3d94cb7038eb2ea051144c2,Perro,0.24153647,0.31531829,oe:player:c6a3d2fb852e7fbe44c84dd6e23f971,Pyl,0.13310951,0.03712909
ESPORTSTMNT01_2138928,2021-07-14,2021,Unknown,11.13,oe:team:cb951a65f688a6e2bdf1d8d4a91da4d,Cruzados Esports,lineup-845780a91f3259c1,0,-1.41985785,242.77304965,1.42553191,0.20707416,0.27068775,oe:player:b9833585bf011bdf1cdf48a80b5a881,LukasNegro,0.21210249,0.34649879,oe:player:62633293ebe4ae9a06bb68c78cf9484,Kartana,0.18908717,0.14317432,oe:player:de5baf357cd597896c34639e1c1e573,Kirito,0.23106841,0.33761795,oe:player:a1cf236c2b3c7deff8f57282dd2a84f,Emets,0.23546099,0.11112734,oe:player:007cc9547ae8884ad597cd92ba50542,Severity,0.13228094,0.06158161
ESPORTSTMNT01_2138933,2021-07-14,2021,Unknown,11.13,oe:team:c5c317341ae046ce3345b8d56efce5c,Dark Horse,lineup-d7a431a8b47493fd,0,0.52701910,393.17796610,1.43008475,0.20527187,0.23014696,oe:player:ba8eae65e7f69e7f2405a2d8faa59c0,Kryzpo,0.23798868,0.24345296,oe:player:53c5acbf75de5e3342bc323e60268dd,Ocean,0.19726671,0.21330424,oe:player:cf6fe267c79a3e3ea388534d48dd66d,Regi,0.19247698,0.16616554,oe:player:ce311f9a3d94cb7038eb2ea051144c2,Perro,0.22724415,0.30402522,oe:player:c6a3d2fb852e7fbe44c84dd6e23f971,Pyl,0.14502349,0.07305205
ESPORTSTMNT01_2138933,2021-07-14,2021,Unknown,11.13,oe:team:cb951a65f688a6e2bdf1d8d4a91da4d,Cruzados Esports,lineup-845780a91f3259c1,1,0.28727992,537.67372881,1.62711864,0.20730143,0.23439431,oe:player:b9833585bf011bdf1cdf48a80b5a881,LukasNegro,0.18850522,0.20801712,oe:player:62633293ebe4ae9a06bb68c78cf9484,Kartana,0.21290312,0.18170319,oe:player:de5baf357cd597896c34639e1c1e573,Kirito,0.23216027,0.28223042,oe:player:a1cf236c2b3c7deff8f57282dd2a84f,Emets,0.23520175,0.27503133,oe:player:007cc9547ae8884ad597cd92ba50542,Severity,0.13122965,0.05301794
ESPORTSTMNT01_2138935,2021-07-15,2021,Unknown,11.13,oe:team:c5c317341ae046ce3345b8d56efce5c,Dark Horse,lineup-d7a431a8b47493fd,0,-0.22185962,338.39439252,1.68785047,0.20997414,0.24575113,oe:player:ba8eae65e7f69e7f2405a2d8faa59c0,Kryzpo,0.21150767,0.28836562,oe:player:53c5acbf75de5e3342bc323e60268dd,Ocean,0.17363084,0.09251496,oe:player:cf6fe267c79a3e3ea388534d48dd66d,Regi,0.19243152,0.28583028,oe:player:ce311f9a3d94cb7038eb2ea051144c2,Perro,0.27768882,0.25828956,oe:player:c6a3d2fb852e7fbe44c84dd6e23f971,Pyl,0.14474115,0.07499959
ESPORTSTMNT01_2138935,2021-07-15,2021,Unknown,11.13,oe:team:cb951a65f688a6e2bdf1d8d4a91da4d,Cruzados Esports,lineup-845780a91f3259c1,1,-0.74776167,401.43364486,1.74953271,0.21040679,0.23863587,oe:player:b9833585bf011bdf1cdf48a80b5a881,LukasNegro,0.22173932,0.28308818,oe:player:62633293ebe4ae9a06bb68c78cf9484,Kartana,0.18247757,0.13963039,oe:player:de5baf357cd597896c34639e1c1e573,Kirito,0.25111956,0.28729274,oe:player:a1cf236c2b3c7deff8f57282dd2a84f,Emets,0.22469056,0.22989565,oe:player:007cc9547ae8884ad597cd92ba50542,Severity,0.11997298,0.06009303
ESPORTSTMNT01_2143156,2021-07-02,2021,Unknown,11.13,oe:team:a19a63a498e083aef0b8fc70b2b7715,Movistar Optix,lineup-d172b59bfbc4635f,1,0.42810694,411.75388154,1.34560092,0.20692935,0.24528300,oe:player:5d16b474fe0e5c99f5647b615816e12,Arfyss,0.24153914,0.25351098,oe:player:d68b7d3b26ccc08cc30abb5210e5839,Amarant,0.18159579,0.13579688,oe:player:fbbdc14045f1d9b78dd8fd4ca50306d,Piqueos,0.21817981,0.34456176,oe:player:4ae382e5cc3e063f06c8e0f3fa41afd,KreshtDoo,0.22224470,0.19802246,oe:player:7a913e753d77491e84e55c61204fb0c,Gralou,0.13644055,0.06810793
ESPORTSTMNT01_2143156,2021-07-02,2021,Unknown,11.13,oe:team:c33bf74e075fb47e63c1eb63226ae3d,Furious Gaming Chile,lineup-acdb5316dd6a29c9,0,-0.40757457,304.47843588,1.42840713,0.20601003,0.22442125,oe:player:d093de85c458fabe60eda8786a7bd6b,Manolito,0.21181258,0.21274137,oe:player:993d7f137872d18adc42aa9aa508a8b,Camilonicolau,0.19873092,0.17645726,oe:player:30fda405a39a1754550e87835c669fb,Emp,0.21293912,0.21890581,oe:player:d3bc65e5e987b942fba2400b4649f71,Viciun,0.24034394,0.30391624,oe:player:affea2faa664cb5130a7569ac4b74b3,Feitan,0.13617344,0.08797933
ESPORTSTMNT01_2145657,2021-07-06,2021,Unknown,11.13,oe:team:a19a63a498e083aef0b8fc70b2b7715,Movistar Optix,lineup-d172b59bfbc4635f,0,-0.88385892,293.56116015,1.23329130,0.20790547,0.25935871,oe:player:5d16b474fe0e5c99f5647b615816e12,Arfyss,0.19866636,0.20650017,oe:player:d68b7d3b26ccc08cc30abb5210e5839,Amarant,0.18566209,0.14247790,oe:player:fbbdc14045f1d9b78dd8fd4ca50306d,Piqueos,0.22684653,0.24699090,oe:player:4ae382e5cc3e063f06c8e0f3fa41afd,KreshtDoo,0.25321274,0.36601459,oe:player:7a913e753d77491e84e55c61204fb0c,Gralou,0.13561227,0.03801644
ESPORTSTMNT01_2145657,2021-07-06,2021,Unknown,11.13,oe:team:c5c317341ae046ce3345b8d56efce5c,Dark Horse,lineup-d7a431a8b47493fd,1,0.53144283,420.52206810,1.44514502,0.20429164,0.24058373,oe:player:ba8eae65e7f69e7f2405a2d8faa59c0,Kryzpo,0.20733119,0.20480757,oe:player:53c5acbf75de5e3342bc323e60268dd,Ocean,0.23578951,0.34669569,oe:player:cf6fe267c79a3e3ea388534d48dd66d,Regi,0.19332611,0.19359830,oe:player:ce311f9a3d94cb7038eb2ea051144c2,Perro,0.21530475,0.19253675,oe:player:c6a3d2fb852e7fbe44c84dd6e23f971,Pyl,0.14824843,0.06236168
ESPORTSTMNT01_2145685,2021-07-06,2021,Unknown,11.13,oe:team:a19a63a498e083aef0b8fc70b2b7715,Movistar Optix,lineup-d172b59bfbc4635f,0,-0.03147886,485.87958115,1.84293194,0.20690289,0.23419804,oe:player:5d16b474fe0e5c99f5647b615816e12,Arfyss,0.23517696,0.23344073,oe:player:d68b7d3b26ccc08cc30abb5210e5839,Amarant,0.18725005,0.14747368,oe:player:fbbdc14045f1d9b78dd8fd4ca50306d,Piqueos,0.23996649,0.29447324,oe:player:4ae382e5cc3e063f06c8e0f3fa41afd,KreshtDoo,0.20010116,0.25862310,oe:player:7a913e753d77491e84e55c61204fb0c,Gralou,0.13750533,0.06598925
ESPORTSTMNT01_2145685,2021-07-06,2021,Unknown,11.13,oe:team:c5c317341ae046ce3345b8d56efce5c,Dark Horse,lineup-d7a431a8b47493fd,1,0.31012420,375.75392670,1.52879581,0.20726889,0.24094698,oe:player:ba8eae65e7f69e7f2405a2d8faa59c0,Kryzpo,0.20033426,0.18367262,oe:player:53c5acbf75de5e3342bc323e60268dd,Ocean,0.23716116,0.32728615,oe:player:cf6fe267c79a3e3ea388534d48dd66d,Regi,0.20630104,0.22477671,oe:player:ce311f9a3d94cb7038eb2ea051144c2,Perro,0.22754394,0.21772632,oe:player:c6a3d2fb852e7fbe44c84dd6e23f971,Pyl,0.12865960,0.04653820
ESPORTSTMNT01_2146311,2021-07-07,2021,Unknown,11.13,oe:team:5c116dedda7feae2f6ffc093f844ac6,Rebirth eSports,lineup-aaef4122f5ac374a,0,0.14462645,276.52099644,0.93096085,0.20407594,0.22797764,oe:player:60c0889ef26c56c4e80784baa52eb68,lRoma,0.19610158,0.31495552,oe:player:3e2e64ccceb9c7bfa8b72113d2940c3,Sami,0.21737946,0.14384112,oe:player:18eff78d8fbeb94244572cef0bb4536,Alowhed,0.20890463,0.23563751,oe:player:e87d9b370206c12da8a677cb495afb5,Lyg,0.23021278,0.20700519,oe:player:526fdc640d635b7c6f01cd356345db0,Duivel,0.14740156,0.09856066
ESPORTSTMNT01_2146311,2021-07-07,2021,Unknown,11.13,oe:team:c33bf74e075fb47e63c1eb63226ae3d,Furious Gaming Chile,lineup-acdb5316dd6a29c9,1,0.18266207,402.34590747,1.20427046,0.20604716,0.24476406,oe:player:d093de85c458fabe60eda8786a7bd6b,Manolito,0.20474417,0.17597860,oe:player:993d7f137872d18adc42aa9aa508a8b,Camilonicolau,0.16831644,0.13271631,oe:player:30fda405a39a1754550e87835c669fb,Emp,0.24107232,0.34873058,oe:player:d3bc65e5e987b942fba2400b4649f71,Viciun,0.23314545,0.26042286,oe:player:affea2faa664cb5130a7569ac4b74b3,Feitan,0.15272162,0.08215165
ESPORTSTMNT01_2146868,2021-07-08,2021,Unknown,11.13,oe:team:a19a63a498e083aef0b8fc70b2b7715,Movistar Optix,lineup-d172b59bfbc4635f,1,0.41443267,450.83508103,1.56720686,0.21321134,0.24796725,oe:player:5d16b474fe0e5c99f5647b615816e12,Arfyss,0.22379568,0.27803504,oe:player:d68b7d3b26ccc08cc30abb5210e5839,Amarant,0.18519843,0.16208878,oe:player:fbbdc14045f1d9b78dd8fd4ca50306d,Piqueos,0.17579394,0.17919082,oe:player:4ae382e5cc3e063f06c8e0f3fa41afd,KreshtDoo,0.28417093,0.33144720,oe:player:7a913e753d77491e84e55c61204fb0c,Gralou,0.13104102,0.04923815
ESPORTSTMNT01_2146868,2021-07-08,2021,Unknown,11.13,oe:team:cb951a65f688a6e2bdf1d8d4a91da4d,Cruzados Esports,lineup-845780a91f3259c1,0,-0.20164777,382.12964728,1.53860820,0.20943793,0.24023980,oe:player:b9833585bf011bdf1cdf48a80b5a881,LukasNegro,0.20690150,0.19256388,oe:player:62633293ebe4ae9a06bb68c78cf9484,Kartana,0.18809716,0.15237468,oe:player:de5baf357cd597896c34639e1c1e573,Kirito,0.21878641,0.30705444,oe:player:a1cf236c2b3c7deff8f57282dd2a84f,Emets,0.25944250,0.28603931,oe:player:007cc9547ae8884ad597cd92ba50542,Severity,0.12677243,0.06196770
ESPORTSTMNT01_2146904,2021-07-08,2021,Unknown,11.13,oe:team:a19a63a498e083aef0b8fc70b2b7715,Movistar Optix,lineup-d172b59bfbc4635f,1,0.75442004,494.43938592,1.67072525,0.21191025,0.25296837,oe:player:5d16b474fe0e5c99f5647b615816e12,Arfyss,0.22429135,0.24429227,oe:player:d68b7d3b26ccc08cc30abb5210e5839,Amarant,0.16719390,0.11624889,oe:player:fbbdc14045f1d9b78dd8fd4ca50306d,Piqueos,0.23158436,0.34015135,oe:player:4ae382e5cc3e063f06c8e0f3fa41afd,KreshtDoo,0.25547366,0.24783832,oe:player:7a913e753d77491e84e55c61204fb0c,Gralou,0.12145673,0.05146917
ESPORTSTMNT01_2146904,2021-07-08,2021,Unknown,11.13,oe:team:cb951a65f688a6e2bdf1d8d4a91da4d,Cruzados Esports,lineup-845780a91f3259c1,0,0.38874136,443.35839068,1.49285336,0.20585036,0.22522737,oe:player:b9833585bf011bdf1cdf48a80b5a881,LukasNegro,0.21500075,0.31778714,oe:player:62633293ebe4ae9a06bb68c78cf9484,Kartana,0.18380250,0.18026421,oe:player:de5baf357cd597896c34639e1c1e573,Kirito,0.23985774,0.23254814,oe:player:a1cf236c2b3c7deff8f57282dd2a84f,Emets,0.21957323,0.16093535,oe:player:007cc9547ae8884ad597cd92ba50542,Severity,0.14176577,0.10846515
ESPORTSTMNT01_2146935,2021-07-08,2021,Unknown,11.13,oe:team:a19a63a498e083aef0b8fc70b2b7715,Movistar Optix,lineup-d172b59bfbc4635f,0,-0.27867956,345.72831424,1.28968903,0.20718561,0.25814825,oe:player:5d16b474fe0e5c99f5647b615816e12,Arfyss,0.23012029,0.27447453,oe:player:d68b7d3b26ccc08cc30abb5210e5839,Amarant,0.18836343,0.17085779,oe:player:fbbdc14045f1d9b78dd8fd4ca50306d,Piqueos,0.20119624,0.16048097,oe:player:4ae382e5cc3e063f06c8e0f3fa41afd,KreshtDoo,0.24469391,0.35548192,oe:player:7a913e753d77491e84e55c61204fb0c,Gralou,0.13562613,0.03870479
ESPORTSTMNT01_2146935,2021-07-08,2021,Unknown,11.13,oe:team:cb951a65f688a6e2bdf1d8d4a91da4d,Cruzados Esports,lineup-845780a91f3259c1,1,0.19312447,410.02291326,1.89198036,0.20507901,0.21466730,oe:player:b9833585bf011bdf1cdf48a80b5a881,LukasNegro,0.20989300,0.24805607,oe:player:62633293ebe4ae9a06bb68c78cf9484,Kartana,0.21252625,0.21146078,oe:player:de5baf357cd597896c34639e1c1e573,Kirito,0.19447685,0.23497948,oe:player:a1cf236c2b3c7deff8f57282dd2a84f,Emets,0.23977534,0.20992799,oe:player:007cc9547ae8884ad597cd92ba50542,Severity,0.14332856,0.09557567
ESPORTSTMNT01_2146951,2021-07-09,2021,Unknown,11.13,oe:team:a19a63a498e083aef0b8fc70b2b7715,Movistar Optix,lineup-d172b59bfbc4635f,0,0.23187206,366.42038217,1.30700637,0.20619265,0.24837975,oe:player:5d16b474fe0e5c99f5647b615816e12,Arfyss,0.20302439,0.13481435,oe:player:d68b7d3b26ccc08cc30abb5210e5839,Amarant,0.20424866,0.37957864,oe:player:fbbdc14045f1d9b78dd8fd4ca50306d,Piqueos,0.23977510,0.18420943,oe:player:4ae382e5cc3e063f06c8e0f3fa41afd,KreshtDoo,0.21816904,0.20888611,oe:player:7a913e753d77491e84e55c61204fb0c,Gralou,0.13478281,0.09251147
ESPORTSTMNT01_2146951,2021-07-09,2021,Unknown,11.13,oe:team:cb951a65f688a6e2bdf1d8d4a91da4d,Cruzados Esports,lineup-845780a91f3259c1,1,0.60541374,551.49554140,1.49808917,0.20782737,0.24735730,oe:player:b9833585bf011bdf1cdf48a80b5a881,LukasNegro,0.19396608,0.24367325,oe:player:62633293ebe4ae9a06bb68c78cf9484,Kartana,0.19560796,0.13375558,oe:player:de5baf357cd597896c34639e1c1e573,Kirito,0.22171017,0.34348754,oe:player:a1cf236c2b3c7deff8f57282dd2a84f,Emets,0.25451051,0.22066691,oe:player:007cc9547ae8884ad597cd92ba50542,Severity,0.13420527,0.05841672
ESPORTSTMNT01_2146959,2021-07-09,2021,Unknown,11.13,oe:team:a19a63a498e083aef0b8fc70b2b7715,Movistar Optix,lineup-d172b59bfbc4635f,0,0.46036130,451.23122115,1.28409568,0.20883195,0.24981775,oe:player:5d16b474fe0e5c99f5647b615816e12,Arfyss,0.19873571,0.20900153,oe:player:d68b7d3b26ccc08cc30abb5210e5839,Amarant,0.19725656,0.24385372,oe:player:fbbdc14045f1d9b78dd8fd4ca50306d,Piqueos,0.21629870,0.16000982,oe:player:4ae382e5cc3e063f06c8e0f3fa41afd,KreshtDoo,0.25897612,0.34544176,oe:player:7a913e753d77491e84e55c61204fb0c,Gralou,0.12873291,0.04169317
ESPORTSTMNT01_2146959,2021-07-09,2021,Unknown,11.13,oe:team:cb951a65f688a6e2bdf1d8d4a91da4d,Cruzados Esports,lineup-845780a91f3259c1,1,0.58803810,488.05707092,1.89844734,0.20843388,0.23608347,oe:player:b9833585bf011bdf1cdf48a80b5a881,LukasNegro,0.18272094,0.16117416,oe:player:62633293ebe4ae9a06bb68c78cf9484,Kartana,0.22806532,0.27285390,oe:player:de5baf357cd597896c34639e1c1e573,Kirito,0.23667992,0.26539414,oe:player:a1cf236c2b3c7deff8f57282dd2a84f,Emets,0.22564159,0.25041271,oe:player:007cc9547ae8884ad597cd92ba50542,Severity,0.12689223,0.05016508
ESPORTSTMNT01_2147446,2021-07-09,2021,Unknown,11.13,oe:team:5c116dedda7feae2f6ffc093f844ac6,Rebirth eSports,lineup-5f9ea8b5f4158b36,0,0.51040322,468.21226415,1.51886792,0.20951000,0.24661630,oe:player:f1fa99d4fb0bd61ece7a4576a5507ba,Scrappy,0.22886924,0.19006458,oe:player:3e2e64ccceb9c7bfa8b72113d2940c3,Sami,0.18490550,0.17192049,oe:player:18eff78d8fbeb94244572cef0bb4536,Alowhed,0.23097076,0.25026949,oe:player:e87d9b370206c12da8a677cb495afb5,Lyg,0.23458537,0.34071791,oe:player:526fdc640d635b7c6f01cd356345db0,Duivel,0.12066912,0.04702753
ESPORTSTMNT01_2147446,2021-07-09,2021,Unknown,11.13,oe:team:f3bc4f2e318bd6b40e1ddd88c637396,Kaos Latin Gamers Academy,lineup-ae57961326c44301,1,0.95829581,581.37264151,1.92452830,0.20754353,0.25035278,oe:player:9b997d21495dbcdcb3a00095e4b6e1f,Rockstar,0.18710662,0.17190936,oe:player:f38784ca7ec10b84f1c1f84121428d6,Xeydon,0.21368173,0.14311446,oe:player:0bc91bc67360a5b84f5f79d06e7a43e,KearZy,0.23965923,0.26691873,oe:player:ba722a5e6c2fc8344cdc9d4647d2999,AZR,0.22876216,0.35340078,oe:player:65568d869f85a561ada66050521f65e,Milo,0.13079026,0.06465668
ESPORTSTMNT01_2147519,2021-07-09,2021,Unknown,11.13,oe:team:5c116dedda7feae2f6ffc093f844ac6,Rebirth eSports,lineup-5f9ea8b5f4158b36,1,0.43024845,387.66863905,1.35700197,0.20662116,0.22242447,oe:player:f1fa99d4fb0bd61ece7a4576a5507ba,Scrappy,0.22482155,0.25630380,oe:player:3e2e64ccceb9c7bfa8b72113d2940c3,Sami,0.16116738,0.12792804,oe:player:18eff78d8fbeb94244572cef0bb4536,Alowhed,0.20490198,0.18704846,oe:player:e87d9b370206c12da8a677cb495afb5,Lyg,0.25162662,0.29645685,oe:player:526fdc640d635b7c6f01cd356345db0,Duivel,0.15748247,0.13226286
ESPORTSTMNT01_2147519,2021-07-09,2021,Unknown,11.13,oe:team:f3bc4f2e318bd6b40e1ddd88c637396,Kaos Latin Gamers Academy,lineup-ae57961326c44301,0,-0.50498859,314.95857988,1.03353057,0.20706886,0.26353901,oe:player:9b997d21495dbcdcb3a00095e4b6e1f,Rockstar,0.23957990,0.24348087,oe:player:f38784ca7ec10b84f1c1f84121428d6,Xeydon,0.17092819,0.12038777,oe:player:0bc91bc67360a5b84f5f79d06e7a43e,KearZy,0.20276586,0.18762055,oe:player:ba722a5e6c2fc8344cdc9d4647d2999,AZR,0.24111954,0.38854237,oe:player:65568d869f85a561ada66050521f65e,Milo,0.14560651,0.05996844
ESPORTSTMNT01_2148986,2021-07-13,2021,Unknown,11.13,oe:team:5c116dedda7feae2f6ffc093f844ac6,Rebirth eSports,lineup-5f9ea8b5f4158b36,1,0.79442252,402.36379163,1.72672929,0.21024484,0.23260886,oe:player:f1fa99d4fb0bd61ece7a4576a5507ba,Scrappy,0.24849500,0.23773686,oe:player:3e2e64ccceb9c7bfa8b72113d2940c3,Sami,0.18246862,0.13241137,oe:player:18eff78d8fbeb94244572cef0bb4536,Alowhed,0.19262652,0.24686736,oe:player:e87d9b370206c12da8a677cb495afb5,Lyg,0.24842580,0.30166310,oe:player:526fdc640d635b7c6f01cd356345db0,Duivel,0.12798406,0.08132131
ESPORTSTMNT01_2148986,2021-07-13,2021,Unknown,11.13,oe:team:cb951a65f688a6e2bdf1d8d4a91da4d,Cruzados Esports,lineup-845780a91f3259c1,0,0.57307765,561.67378309,1.66011956,0.20662896,0.26256157,oe:player:b9833585bf011bdf1cdf48a80b5a881,LukasNegro,0.22549178,0.33868820,oe:player:62633293ebe4ae9a06bb68c78cf9484,Kartana,0.21195775,0.11579091,oe:player:de5baf357cd597896c34639e1c1e573,Kirito,0.21239381,0.17907316,oe:player:a1cf236c2b3c7deff8f57282dd2a84f,Emets,0.22219710,0.31595512,oe:player:007cc9547ae8884ad597cd92ba50542,Severity,0.12795956,0.05049261
ESPORTSTMNT01_2149885,2021-07-24,2021,Unknown,11.13,oe:team:c33bf74e075fb47e63c1eb63226ae3d,Furious Gaming Chile,lineup-acdb5316dd6a29c9,1,0.51207066,458.36056066,1.60657322,0.20845471,0.28492611,oe:player:d093de85c458fabe60eda8786a7bd6b,Manolito,0.19942455,0.09909021,oe:player:993d7f137872d18adc42aa9aa508a8b,Camilonicolau,0.17782994,0.12618153,oe:player:30fda405a39a1754550e87835c669fb,Emp,0.22528962,0.34904908,oe:player:d3bc65e5e987b942fba2400b4649f71,Viciun,0.25922617,0.36572651,oe:player:affea2faa664cb5130a7569ac4b74b3,Feitan,0.13822973,0.05995268
ESPORTSTMNT01_2149885,2021-07-24,2021,Unknown,11.13,oe:team:cb951a65f688a6e2bdf1d8d4a91da4d,Cruzados Esports,lineup-845780a91f3259c1,0,0.13268792,414.54809087,1.54277429,0.20769249,0.23209229,oe:player:b9833585bf011bdf1cdf48a80b5a881,LukasNegro,0.19752598,0.26578524,oe:player:62633293ebe4ae9a06bb68c78cf9484,Kartana,0.21622738,0.22192375,oe:player:de5baf357cd597896c34639e1c1e573,Kirito,0.21643383,0.25010143,oe:player:a1cf236c2b3c7deff8f57282dd2a84f,Emets,0.24277407,0.21849598,oe:player:007cc9547ae8884ad597cd92ba50542,Severity,0.12703874,0.04369360
ESPORTSTMNT01_2149887,2021-07-24,2021,Unknown,11.13,oe:team:c33bf74e075fb47e63c1eb63226ae3d,Furious Gaming Chile,lineup-acdb5316dd6a29c9,1,0.94309188,505.24048443,1.56747405,0.20757425,0.22270866,oe:player:d093de85c458fabe60eda8786a7bd6b,Manolito,0.20383207,0.18146143,oe:player:993d7f137872d18adc42aa9aa508a8b,Camilonicolau,0.18954964,0.18717319,oe:player:30fda405a39a1754550e87835c669fb,Emp,0.23338333,0.31293467,oe:player:d3bc65e5e987b942fba2400b4649f71,Viciun,0.24128799,0.21453006,oe:player:affea2faa664cb5130a7569ac4b74b3,Feitan,0.13194698,0.10390064
ESPORTSTMNT01_2149887,2021-07-24,2021,Unknown,11.13,oe:team:cb951a65f688a6e2bdf1d8d4a91da4d,Cruzados Esports,lineup-845780a91f3259c1,0,0.61478975,529.26643599,1.61418685,0.20847070,0.24009449,oe:player:b9833585bf011bdf1cdf48a80b5a881,LukasNegro,0.21826774,0.22026635,oe:player:62633293ebe4ae9a06bb68c78cf9484,Kartana,0.24108745,0.15413055,oe:player:de5baf357cd597896c34639e1c1e573,Kirito,0.20954959,0.31729298,oe:player:a1cf236c2b3c7deff8f57282dd2a84f,Emets,0.21017765,0.25319696,oe:player:007cc9547ae8884ad597cd92ba50542,Severity,0.12091757,0.05511317
ESPORTSTMNT01_2149888,2021-07-24,2021,Unknown,11.13,oe:team:c33bf74e075fb47e63c1eb63226ae3d,Furious Gaming Chile,lineup-acdb5316dd6a29c9,1,0.33916335,388.47648903,1.45203762,0.20632661,0.20906281,oe:player:d093de85c458fabe60eda8786a7bd6b,Manolito,0.19785369,0.21297569,oe:player:993d7f137872d18adc42aa9aa508a8b,Camilonicolau,0.19032742,0.22308512,oe:player:30fda405a39a1754550e87835c669fb,Emp,0.24331562,0.24434976,oe:player:d3bc65e5e987b942fba2400b4649f71,Viciun,0.22816164,0.19955457,oe:player:affea2faa664cb5130a7569ac4b74b3,Feitan,0.14034162,0.12003486
ESPORTSTMNT01_2149888,2021-07-24,2021,Unknown,11.13,oe:team:cb951a65f688a6e2bdf1d8d4a91da4d,Cruzados Esports,lineup-845780a91f3259c1,0,-0.17416750,319.06457680,1.43699060,0.20526723,0.21606060,oe:player:b9833585bf011bdf1cdf48a80b5a881,LukasNegro,0.18241946,0.19401542,oe:player:62633293ebe4ae9a06bb68c78cf9484,Kartana,0.20520115,0.25895447,oe:player:de5baf357cd597896c34639e1c1e573,Kirito,0.24986369,0.25426207,oe:player:a1cf236c2b3c7deff8f57282dd2a84f,Emets,0.21077211,0.19028980,oe:player:007cc9547ae8884ad597cd92ba50542,Severity,0.15174359,0.10247825
ESPORTSTMNT02/1684526,2021-02-03,2021,Unknown,11.02,oe:team:5c116dedda7feae2f6ffc093f844ac6,Rebirth eSports,lineup-f963747881ec7ebe,0,,289.08837209,1.35069767,0.20665948,0.25113286,oe:player:65cc80ed438421c722c7609622fcae8,TxZ,0.21162433,0.19144705,oe:player:17badd69433ad6e3af7dfdcfc573eeb,Winter,0.18535194,0.05981272,oe:player:e9b14ee01169f2b367c7fc21848679f,SkyMind,0.23561781,0.32472246,oe:player:ba722a5e6c2fc8344cdc9d4647d2999,AZR,0.23118967,0.30022203,oe:player:074ca14b0fa039b49a6bd7edc433e89,Glory,0.13621626,0.12379573
ESPORTSTMNT02/1684526,2021-02-03,2021,Unknown,11.02,oe:team:ba3b1a1f005f917f9aaea679f31ae08,Bencheados,lineup-0c2026dc491b2bdf,1,,351.52744186,1.51255814,0.21160311,0.29591874,oe:player:f01edf63566e420e611fe50f0a0032c,Antimagic,0.17991517,0.13546728,oe:player:f2ab3e94cdc9ce3d067e60c4bcb67a6,Frost,0.18401941,0.10695119,oe:player:6aff04000a3032154606825dbb26529,Fear,0.24083794,0.27896859,oe:player:905b58ee28fd586c8870ce6c8af1f6c,Wonder,0.26567697,0.43136134,oe:player:174147762fec5d9537f498ef166b4a5,Tsunami,0.12955052,0.04725160
ESPORTSTMNT02/1684597,2021-02-03,2021,Unknown,11.02,oe:team:5babf9f14b8cc18a551ee1fd2d5c6f9,LDM Esports,lineup-14884b178e904ede,1,,483.56709109,1.45151812,0.21082345,0.25925909,oe:player:c32e66894e6e164bea6d26fe5aaf78b,GianKios,0.24313802,0.20087013,oe:player:d1eb4dedba8e5c2b0001d202277d47b,Lil Knight,0.18025984,0.22811623,oe:player:b4067a049170b186439a5fc1a0d971f,Wandering,0.20960903,0.14355852,oe:player:e87d9b370206c12da8a677cb495afb5,Lyg,0.24648791,0.37941595,oe:player:dd62ea30c72d69edfdbc9a86de04984,Prodigy,0.12050520,0.04803918
ESPORTSTMNT02/1684597,2021-02-03,2021,Unknown,11.02,oe:team:f3bc4f2e318bd6b40e1ddd88c637396,Kaos Latin Gamers Academy,lineup-99e10d528c7c6b3a,0,,374.59745348,1.72771792,0.20852328,0.21875085,oe:player:ba8eae65e7f69e7f2405a2d8faa59c0,Kryzpo,0.22963522,0.15483810,oe:player:53c5acbf75de5e3342bc323e60268dd,Ocean,0.22237723,0.24552899,oe:player:87f9c53f8f466a417e52a132104870b,skr,0.18095956,0.24344252,oe:player:f1d0f1885cb3c4086498e51b543fc09,Sang,0.23936281,0.25487889,oe:player:1d67f2d70da0337f39229e850e03e3d,Clark Gregg,0.12766519,0.10131150
ESPORTSTMNT02/1684693,2021-02-03,2021,Unknown,11.02,oe:team:096d11bb39c67344ba0d303a4505e81,Newstar,lineup-686ef2e469a46898,1,,408.71000389,1.61619307,0.20690597,0.21781303,oe:player:d7489947f78bf18709270b555816665,Deratero,0.24613051,0.26505749,oe:player:e125fd5aae78be68687e3ee2fc95f11,Funky Dog,0.18497096,0.15567213,oe:player:73b8ea5aed1fefc530e333a07438218,Cosmoz,0.19245711,0.21575350,oe:player:40f2085f7e220c565206b944e72f2f7,Egotistic,0.23414279,0.25490868,oe:player:4ff224901b37d52d1f1d85e6c702a39,IgnaVilu,0.14229863,0.10860820
ESPORTSTMNT02/1684693,2021-02-03,2021,Unknown,11.02,oe:team:49f7d0d26c02418d44ffcf34a087068,Australs,lineup-d7a5e2764fc31b19,0,,402.13312573,1.45270533,0.20867493,0.24510404,oe:player:7cba8e96b731a63a100267a3d07d68a,Burrito,0.23205527,0.33037519,oe:player:3e2e64ccceb9c7bfa8b72113d2940c3,Sami,0.18535415,0.15037751,oe:player:18eff78d8fbeb94244572cef0bb4536,Alowhed,0.22806023,0.22046695,oe:player:ec40ca8fe7e6ed94b321110063bed2c,GunPoint,0.23023575,0.24964572,oe:player:189a5a37a297a466a48066fedb27241,Nnicky,0.12429460,0.04913463
ESPORTSTMNT02/1684724,2021-02-03,2021,Unknown,11.02,oe:team:65381c751e78df337720522a7275412,ODIN Gaming,lineup-5f263d73df8fa884,0,,350.12050633,1.45822785,0.20908504,0.23445844,oe:player:6138b4e3cfce7fb1d438ac203f1265c,Kanra,0.19020814,0.25185687,oe:player:d68b7d3b26ccc08cc30abb5210e5839,Amarant,0.19260187,0.11002360,oe:player:b7b27fd30d9097988844c2cfaf8f12e,N N,0.24150506,0.28410037,oe:player:a23e88f88c9668bf9d4dea3d00d606d,KouZZe,0.24664784,0.26516729,oe:player:c6a3d2fb852e7fbe44c84dd6e23f971,Pyl,0.12903708,0.08885187
ESPORTSTMNT02/1684724,2021-02-03,2021,Unknown,11.02,oe:team:71cc230a7d2155dd4958f3de7ad40bb,Santiago Wanderers eSports,lineup-b5adc99abbf37bab,1,,545.36506329,1.61012658,0.20935780,0.26934399,oe:player:a2b6e393c91152242dcc619fc05ad56,Fiv,0.16329283,0.08951848,oe:player:993d7f137872d18adc42aa9aa508a8b,Camilonicolau,0.19652073,0.13399363,oe:player:0bc91bc67360a5b84f5f79d06e7a43e,KearZy,0.23923756,0.28303884,oe:player:62ba359fa6b58bea641314e7a4635cf,Nantes,0.25729982,0.39080639,oe:player:59473cb24ef2f321262a35b4d8256f2,Sholwan,0.14364908,0.10264266
ESPORTSTMNT02/1684752,2021-02-03,2021,Unknown,11.02,oe:team:c33bf74e075fb47e63c1eb63226ae3d,Furious Gaming Chile,lineup-7c9e273a37d546b3,1,,256.58710562,1.59122085,0.20691867,0.24848086,oe:player:d093de85c458fabe60eda8786a7bd6b,Manolito,0.23218603,0.31375233,oe:player:d03862f740c87d7ba17afc3cacaa20f,EXIMUS,0.21060982,0.14496504,oe:player:30fda405a39a1754550e87835c669fb,Emp,0.20841895,0.30241858,oe:player:d3bc65e5e987b942fba2400b4649f71,Viciun,0.22123172,0.18666467,oe:player:5a98ba300e1c781d7e91e1ac52902e2,Woohee,0.12755349,0.05219939
ESPORTSTMNT02/1684752,2021-02-03,2021,Unknown,11.02,oe:team:cb951a65f688a6e2bdf1d8d4a91da4d,Cruzados Esports,lineup-8b80bdcb8145aff8,0,,151.40740741,1.51989026,0.21141349,0.26567122,oe:player:b9833585bf011bdf1cdf48a80b5a881,LukasNegro,0.23699066,0.40291368,oe:player:62633293ebe4ae9a06bb68c78cf9484,Kartana,0.17587030,0.22523012,oe:player:de5baf357cd597896c34639e1c1e573,Kirito,0.21759427,0.16362253,oe:player:a1cf236c2b3c7deff8f57282dd2a84f,Emets,0.25068756,0.14967022,oe:player:23f2d06e47584f95b1cdb4c8f4ebce7,Charlie,0.11885720,0.05856346
ESPORTSTMNT02/1684781,2021-02-04,2021,Unknown,11.02,oe:team:a19a63a498e083aef0b8fc70b2b7715,Movistar Optix,lineup-022dfa69823302b0,1,,423.11237230,1.40976163,0.20579499,0.22559563,oe:player:5d16b474fe0e5c99f5647b615816e12,Arfyss,0.19225369,0.22109550,oe:player:7c4c65147d1fd5043281209a511aa26,Ominick,0.21277074,0.25272426,oe:player:66a45be025e362d7d650d5d8b4b0935,Zaphyr,0.22613677,0.23160623,oe:player:cff378543c5bcc3d39d5aaca01b61fb,Kimi,0.23134091,0.23620970,oe:player:7a913e753d77491e84e55c61204fb0c,Gralou,0.13749789,0.05836432
ESPORTSTMNT02/1684781,2021-02-04,2021,Unknown,11.02,oe:team:c5c317341ae046ce3345b8d56efce5c,Dark Horse,lineup-91cb290f6626bb3d,0,,309.39160045,1.38251986,0.20772849,0.24951113,oe:player:9b997d21495dbcdcb3a00095e4b6e1f,Rockstar,0.19623286,0.30256004,oe:player:a2b027a7f381c954eddcdc598035d69,Leigrey,0.18919998,0.13051135,oe:player:0fc1ccf8c73aa57eec800c254828e40,Snavet,0.20331011,0.21561117,oe:player:ce311f9a3d94cb7038eb2ea051144c2,Perro,0.26696100,0.30359462,oe:player:de74dc0ce635e91e85ca1a5056668cb,Keishao,0.14429605,0.04772282
ESPORTSTMNT02/1685220,2021-02-04,2021,Unknown,11.02,oe:team:65381c751e78df337720522a7275412,ODIN Gaming,lineup-5f263d73df8fa884,1,,430.52750353,1.72073343,0.20836557,0.22526256,oe:player:6138b4e3cfce7fb1d438ac203f1265c,Kanra,0.16573587,0.20027257,oe:player:d68b7d3b26ccc08cc30abb5210e5839,Amarant,0.19912801,0.17369711,oe:player:b7b27fd30d9097988844c2cfaf8f12e,N N,0.22834979,0.25191650,oe:player:a23e88f88c9668bf9d4dea3d00d606d,KouZZe,0.25980256,0.29083618,oe:player:c6a3d2fb852e7fbe44c84dd6e23f971,Pyl,0.14698377,0.08327764
ESPORTSTMNT02/1685220,2021-02-04,2021,Unknown,11.02,oe:team:f3bc4f2e318bd6b40e1ddd88c637396,Kaos Latin Gamers Academy,lineup-99e10d528c7c6b3a,0,,381.06629055,1.40479549,0.20969468,0.23650249,oe:player:ba8eae65e7f69e7f2405a2d8faa59c0,Kryzpo,0.20972304,0.24443326,oe:player:53c5acbf75de5e3342bc323e60268dd,Ocean,0.24355553,0.25476726,oe:player:87f9c53f8f466a417e52a132104870b,skr,0.20702220,0.29645860,oe:player:f1d0f1885cb3c4086498e51b543fc09,Sang,0.22386652,0.14143373,oe:player:1d67f2d70da0337f39229e850e03e3d,Clark Gregg,0.11583271,0.06290714
ESPORTSTMNT02/1685299,2021-02-04,2021,Unknown,11.02,oe:team:49f7d0d26c02418d44ffcf34a087068,Australs,lineup-d7a5e2764fc31b19,0,,449.19619706,1.34312878,0.20869528,0.26175417,oe:player:7cba8e96b731a63a100267a3d07d68a,Burrito,0.20242118,0.19340799,oe:player:3e2e64ccceb9c7bfa8b72113d2940c3,Sami,0.18869535,0.13015470,oe:player:18eff78d8fbeb94244572cef0bb4536,Alowhed,0.23252047,0.29202263,oe:player:ec40ca8fe7e6ed94b321110063bed2c,GunPoint,0.24828427,0.34751789,oe:player:189a5a37a297a466a48066fedb27241,Nnicky,0.12807873,0.03689679
ESPORTSTMNT02/1685299,2021-02-04,2021,Unknown,11.02,oe:team:cb951a65f688a6e2bdf1d8d4a91da4d,Cruzados Esports,lineup-8b80bdcb8145aff8,1,,477.08556612,1.58167675,0.20667074,0.22069869,oe:player:b9833585bf011bdf1cdf48a80b5a881,LukasNegro,0.22508802,0.17010152,oe:player:62633293ebe4ae9a06bb68c78cf9484,Kartana,0.21068295,0.25386421,oe:player:de5baf357cd597896c34639e1c1e573,Kirito,0.21048734,0.25024457,oe:player:a1cf236c2b3c7deff8f57282dd2a84f,Emets,0.22559101,0.23913563,oe:player:23f2d06e47584f95b1cdb4c8f4ebce7,Charlie,0.12815067,0.08665406
ESPORTSTMNT02/1685365,2021-02-04,2021,Unknown,11.02,oe:team:a19a63a498e083aef0b8fc70b2b7715,Movistar Optix,lineup-022dfa69823302b0,1,,456.13805310,1.56106195,0.20724076,0.22226359,oe:player:5d16b474fe0e5c99f5647b615816e12,Arfyss,0.21616610,0.21326799,oe:player:7c4c65147d1fd5043281209a511aa26,Ominick,0.18828140,0.17737993,oe:player:66a45be025e362d7d650d5d8b4b0935,Zaphyr,0.23983648,0.27150606,oe:player:cff378543c5bcc3d39d5aaca01b61fb,Kimi,0.22408901,0.25416153,oe:player:7a913e753d77491e84e55c61204fb0c,Gralou,0.13162701,0.08368449
ESPORTSTMNT02/1685365,2021-02-04,2021,Unknown,11.02,oe:team:ba3b1a1f005f917f9aaea679f31ae08,Bencheados,lineup-0c2026dc491b2bdf,0,,309.48318584,1.43893805,0.21281005,0.25835171,oe:player:f01edf63566e420e611fe50f0a0032c,Antimagic,0.21157704,0.18507017,oe:player:f2ab3e94cdc9ce3d067e60c4bcb67a6,Frost,0.15369183,0.10038431,oe:player:6aff04000a3032154606825dbb26529,Fear,0.23795078,0.34677281,oe:player:905b58ee28fd586c8870ce6c8af1f6c,Wonder,0.26579244,0.29821913,oe:player:174147762fec5d9537f498ef166b4a5,Tsunami,0.13098791,0.06955358
ESPORTSTMNT02/1685397,2021-02-04,2021,Unknown,11.02,oe:team:5c116dedda7feae2f6ffc093f844ac6,Rebirth eSports,lineup-f963747881ec7ebe,0,,260.35654596,0.82228412,0.20691020,0.23301962,oe:player:65cc80ed438421c722c7609622fcae8,TxZ,0.21950437,0.26991912,oe:player:17badd69433ad6e3af7dfdcfc573eeb,Winter,0.18560762,0.10874310,oe:player:e9b14ee01169f2b367c7fc21848679f,SkyMind,0.23629243,0.22084992,oe:player:ba722a5e6c2fc8344cdc9d4647d2999,AZR,0.22484082,0.29865195,oe:player:074ca14b0fa039b49a6bd7edc433e89,Glory,0.13375475,0.10183592
ESPORTSTMNT02/1685397,2021-02-04,2021,Unknown,11.02,oe:team:c33bf74e075fb47e63c1eb63226ae3d,Furious Gaming Chile,lineup-7c9e273a37d546b3,1,,411.16880223,1.41058496,0.20829050,0.27027263,oe:player:d093de85c458fabe60eda8786a7bd6b,Manolito,0.23376097,0.18665453,oe:player:d03862f740c87d7ba17afc3cacaa20f,EXIMUS,0.19310054,0.11994342,oe:player:30fda405a39a1754550e87835c669fb,Emp,0.22972250,0.36517950,oe:player:d3bc65e5e987b942fba2400b4649f71,Viciun,0.21976418,0.29415973,oe:player:5a98ba300e1c781d7e91e1ac52902e2,Woohee,0.12365182,0.03406283
ESPORTSTMNT02/1685416,2021-02-04,2021,Unknown,11.02,oe:team:5babf9f14b8cc18a551ee1fd2d5c6f9,LDM Esports,lineup-14884b178e904ede,1,,383.24511931,1.21475054,0.20652002,0.25520620,oe:player:c32e66894e6e164bea6d26fe5aaf78b,GianKios,0.23762230,0.39656773,oe:player:d1eb4dedba8e5c2b0001d202277d47b,Lil Knight,0.18979484,0.13686069,oe:player:b4067a049170b186439a5fc1a0d971f,Wandering,0.20822725,0.18286581,oe:player:e87d9b370206c12da8a677cb495afb5,Lyg,0.22853235,0.19441237,oe:player:dd62ea30c72d69edfdbc9a86de04984,Prodigy,0.13582325,0.08929340
ESPORTSTMNT02/1685416,2021-02-04,2021,Unknown,11.02,oe:team:c5c317341ae046ce3345b8d56efce5c,Dark Horse,lineup-1f0a153d1d873ae6,0,,189.31887202,0.97180043,0.20572897,0.21137760,oe:player:9b997d21495dbcdcb3a00095e4b6e1f,Rockstar,0.19699374,0.27778542,oe:player:a2b027a7f381c954eddcdc598035d69,Leigrey,0.20228426,0.16921032,oe:player:0fc1ccf8c73aa57eec800c254828e40,Snavet,0.23119534,0.17328933,oe:player:ce311f9a3d94cb7038eb2ea051144c2,Perro,0.23100862,0.23144965,oe:player:714188a13fc8862a503f93418cee85f,Uruwhy,0.13851803,0.14826527
ESPORTSTMNT02/1685446,2021-02-05,2021,Unknown,11.02,oe:team:096d11bb39c67344ba0d303a4505e81,Newstar,lineup-686ef2e469a46898,0,,337.17089679,1.29949239,0.20588272,0.24626876,oe:player:d7489947f78bf18709270b555816665,Deratero,0.23362906,0.30178453,oe:player:e125fd5aae78be68687e3ee2fc95f11,Funky Dog,0.19432210,0.17389646,oe:player:73b8ea5aed1fefc530e333a07438218,Cosmoz,0.22026928,0.10948070,oe:player:40f2085f7e220c565206b944e72f2f7,Egotistic,0.21555161,0.32344380,oe:player:4ff224901b37d52d1f1d85e6c702a39,IgnaVilu,0.13622795,0.09139450
ESPORTSTMNT02/1685446,2021-02-05,2021,Unknown,11.02,oe:team:71cc230a7d2155dd4958f3de7ad40bb,Santiago Wanderers eSports,lineup-b5adc99abbf37bab,1,,375.26903553,1.59729272,0.20451715,0.24328224,oe:player:a2b6e393c91152242dcc619fc05ad56,Fiv,0.22716183,0.33455975,oe:player:993d7f137872d18adc42aa9aa508a8b,Camilonicolau,0.21318532,0.18399885,oe:player:0bc91bc67360a5b84f5f79d06e7a43e,KearZy,0.20659789,0.21617430,oe:player:62ba359fa6b58bea641314e7a4635cf,Nantes,0.21159946,0.22089961,oe:player:59473cb24ef2f321262a35b4d8256f2,Sholwan,0.14145551,0.04436749
ESPORTSTMNT02/1687662,2021-02-09,2021,Unknown,11.02,oe:team:5babf9f14b8cc18a551ee1fd2d5c6f9,LDM Esports,lineup-14884b178e904ede,1,,501.97416481,1.94565702,0.20809897,0.24249236,oe:player:c32e66894e6e164bea6d26fe5aaf78b,GianKios,0.24406938,0.19154306,oe:player:d1eb4dedba8e5c2b0001d202277d47b,Lil Knight,0.18742060,0.13924886,oe:player:b4067a049170b186439a5fc1a0d971f,Wandering,0.18888543,0.34138706,oe:player:e87d9b370206c12da8a677cb495afb5,Lyg,0.24304529,0.25372960,oe:player:dd62ea30c72d69edfdbc9a86de04984,Prodigy,0.13657930,0.07409143
ESPORTSTMNT02/1687662,2021-02-09,2021,Unknown,11.02,oe:team:5c116dedda7feae2f6ffc093f844ac6,Rebirth eSports,lineup-428119e9b6856fa9,0,,306.11492205,1.36837416,0.20700943,0.21555544,oe:player:65cc80ed438421c722c7609622fcae8,TxZ,0.23941560,0.22460668,oe:player:17badd69433ad6e3af7dfdcfc573eeb,Winter,0.18603340,0.23208018,oe:player:e9b14ee01169f2b367c7fc21848679f,SkyMind,0.22299796,0.22104454,oe:player:ba722a5e6c2fc8344cdc9d4647d2999,AZR,0.21795658,0.23344218,oe:player:b8420b6d3d1c9b967bed2b90a9c54a9,Tammz,0.13359646,0.08882642
ESPORTSTMNT02/1687936,2021-02-10,2021,Unknown,11.02,oe:team:5babf9f14b8cc18a551ee1fd2d5c6f9,LDM Esports,lineup-14884b178e904ede,1,,393.89289392,1.73017508,0.20700033,0.21613244,oe:player:c32e66894e6e164bea6d26fe5aaf78b,GianKios,0.20290286,0.23517139,oe:player:d1eb4dedba8e5c2b0001d202277d47b,Lil Knight,0.19797613,0.19152875,oe:player:b4067a049170b186439a5fc1a0d971f,Wandering,0.23667047,0.28348890,oe:player:e87d9b370206c12da8a677cb495afb5,Lyg,0.23091481,0.17475880,oe:player:dd62ea30c72d69edfdbc9a86de04984,Prodigy,0.13153573,0.11505216
ESPORTSTMNT02/1687936,2021-02-10,2021,Unknown,11.02,oe:team:ba3b1a1f005f917f9aaea679f31ae08,Bencheados,lineup-2abcf67931335e50,0,,348.37693100,1.28527291,0.20540111,0.23900935,oe:player:f01edf63566e420e611fe50f0a0032c,Antimagic,0.21958824,0.27377215,oe:player:09df9e68902cee8732f903bbead50a9,Rainight,0.18884314,0.16211710,oe:player:6aff04000a3032154606825dbb26529,Fear,0.23152941,0.32831373,oe:player:905b58ee28fd586c8870ce6c8af1f6c,Wonder,0.21939216,0.15096046,oe:player:174147762fec5d9537f498ef166b4a5,Tsunami,0.14064706,0.08483655
ESPORTSTMNT02/1687976,2021-02-10,2021,Unknown,11.02,oe:team:71cc230a7d2155dd4958f3de7ad40bb,Santiago Wanderers eSports,lineup-b5adc99abbf37bab,1,,559.72163389,1.39788200,0.21162098,0.26196342,oe:player:a2b6e393c91152242dcc619fc05ad56,Fiv,0.25240816,0.23104201,oe:player:993d7f137872d18adc42aa9aa508a8b,Camilonicolau,0.18440335,0.17006509,oe:player:0bc91bc67360a5b84f5f79d06e7a43e,KearZy,0.17915068,0.12422427,oe:player:62ba359fa6b58bea641314e7a4635cf,Nantes,0.25553671,0.39791770,oe:player:59473cb24ef2f321262a35b4d8256f2,Sholwan,0.12850109,0.07675092
ESPORTSTMNT02/1687976,2021-02-10,2021,Unknown,11.02,oe:team:cb951a65f688a6e2bdf1d8d4a91da4d,Cruzados Esports,lineup-8b80bdcb8145aff8,0,,404.30257186,1.39183056,0.20770760,0.24777827,oe:player:b9833585bf011bdf1cdf48a80b5a881,LukasNegro,0.23178610,0.37185493,oe:player:62633293ebe4ae9a06bb68c78cf9484,Kartana,0.21046980,0.11189774,oe:player:de5baf357cd597896c34639e1c1e573,Kirito,0.20650930,0.19538699,oe:player:a1cf236c2b3c7deff8f57282dd2a84f,Emets,0.22736794,0.22096661,oe:player:23f2d06e47584f95b1cdb4c8f4ebce7,Charlie,0.12386686,0.09989373
ESPORTSTMNT02/1687996,2021-02-10,2021,Unknown,11.02,oe:team:096d11bb39c67344ba0d303a4505e81,Newstar,lineup-686ef2e469a46898,1,,432.54825462,1.66324435,0.20765350,0.24010246,oe:player:d7489947f78bf18709270b555816665,Deratero,0.23818586,0.18898557,oe:player:e125fd5aae78be68687e3ee2fc95f11,Funky Dog,0.18189378,0.19055215,oe:player:73b8ea5aed1fefc530e333a07438218,Cosmoz,0.22868657,0.32742783,oe:player:40f2085f7e220c565206b944e72f2f7,Egotistic,0.21952312,0.24120939,oe:player:4ff224901b37d52d1f1d85e6c702a39,IgnaVilu,0.13171067,0.05182506
ESPORTSTMNT02/1687996,2021-02-10,2021,Unknown,11.02,oe:team:f3bc4f2e318bd6b40e1ddd88c637396,Kaos Latin Gamers Academy,lineup-99e10d528c7c6b3a,0,,316.45379877,1.48459959,0.20802351,0.22679099,oe:player:ba8eae65e7f69e7f2405a2d8faa59c0,Kryzpo,0.22325203,0.26073076,oe:player:53c5acbf75de5e3342bc323e60268dd,Ocean,0.20700994,0.25929026,oe:player:87f9c53f8f466a417e52a132104870b,skr,0.20865402,0.23421775,oe:player:f1d0f1885cb3c4086498e51b543fc09,Sang,0.23799458,0.17998482,oe:player:1d67f2d70da0337f39229e850e03e3d,Clark Gregg,0.12308943,0.06577641
ESPORTSTMNT02/1688007,2021-02-10,2021,Unknown,11.02,oe:team:65381c751e78df337720522a7275412,ODIN Gaming,lineup-5f263d73df8fa884,1,,483.92366412,1.64885496,0.21414593,0.28787306,oe:player:6138b4e3cfce7fb1d438ac203f1265c,Kanra,0.16340801,0.16003092,oe:player:d68b7d3b26ccc08cc30abb5210e5839,Amarant,0.18294096,0.08926712,oe:player:b7b27fd30d9097988844c2cfaf8f12e,N N,0.25520150,0.39387008,oe:player:a23e88f88c9668bf9d4dea3d00d606d,KouZZe,0.26802713,0.31163833,oe:player:c6a3d2fb852e7fbe44c84dd6e23f971,Pyl,0.13042239,0.04519355
ESPORTSTMNT02/1688007,2021-02-10,2021,Unknown,11.02,oe:team:c5c317341ae046ce3345b8d56efce5c,Dark Horse,lineup-1f0a153d1d873ae6,0,,308.83206107,1.13740458,0.21112421,0.26893757,oe:player:9b997d21495dbcdcb3a00095e4b6e1f,Rockstar,0.25196217,0.41125145,oe:player:a2b027a7f381c954eddcdc598035d69,Leigrey,0.17138760,0.15619052,oe:player:0fc1ccf8c73aa57eec800c254828e40,Snavet,0.20562487,0.16303730,oe:player:ce311f9a3d94cb7038eb2ea051144c2,Perro,0.24532099,0.21385669,oe:player:714188a13fc8862a503f93418cee85f,Uruwhy,0.12570437,0.05566404
ESPORTSTMNT02/1688043,2021-02-10,2021,Unknown,11.02,oe:team:5c116dedda7feae2f6ffc093f844ac6,Rebirth eSports,lineup-428119e9b6856fa9,0,,188.27513228,1.39682540,0.20857061,0.22856410,oe:player:65cc80ed438421c722c7609622fcae8,TxZ,0.23869398,0.20177608,oe:player:17badd69433ad6e3af7dfdcfc573eeb,Winter,0.17179297,0.29279077,oe:player:e9b14ee01169f2b367c7fc21848679f,SkyMind,0.21735506,0.19237110,oe:player:ba722a5e6c2fc8344cdc9d4647d2999,AZR,0.23894184,0.24629047,oe:player:b8420b6d3d1c9b967bed2b90a9c54a9,Tammz,0.13321616,0.06677158
ESPORTSTMNT02/1688043,2021-02-10,2021,Unknown,11.02,oe:team:a19a63a498e083aef0b8fc70b2b7715,Movistar Optix,lineup-022dfa69823302b0,1,,300.87477954,1.41093474,0.20754886,0.22264822,oe:player:5d16b474fe0e5c99f5647b615816e12,Arfyss,0.20424084,0.19350981,oe:player:7c4c65147d1fd5043281209a511aa26,Ominick,0.17882587,0.20600717,oe:player:66a45be025e362d7d650d5d8b4b0935,Zaphyr,0.24114142,0.23634786,oe:player:cff378543c5bcc3d39d5aaca01b61fb,Kimi,0.23837810,0.28357054,oe:player:7a913e753d77491e84e55c61204fb0c,Gralou,0.13741376,0.08056461
ESPORTSTMNT02/1688057,2021-02-11,2021,Unknown,11.02,oe:team:49f7d0d26c02418d44ffcf34a087068,Australs,lineup-d7a5e2764fc31b19,0,,222.64419836,1.68704863,0.20693219,0.22146666,oe:player:7cba8e96b731a63a100267a3d07d68a,Burrito,0.19186446,0.19950176,oe:player:3e2e64ccceb9c7bfa8b72113d2940c3,Sami,0.19997402,0.18175213,oe:player:18eff78d8fbeb94244572cef0bb4536,Alowhed,0.24466012,0.28176251,oe:player:ec40ca8fe7e6ed94b321110063bed2c,GunPoint,0.22760592,0.24743097,oe:player:189a5a37a297a466a48066fedb27241,Nnicky,0.13589548,0.08955263
ESPORTSTMNT02/1688057,2021-02-11,2021,Unknown,11.02,oe:team:c33bf74e075fb47e63c1eb63226ae3d,Furious Gaming Chile,lineup-7c9e273a37d546b3,1,,320.44679827,1.60616273,0.20799829,0.23105024,oe:player:d093de85c458fabe60eda8786a7bd6b,Manolito,0.22216212,0.19903000,oe:player:d03862f740c87d7ba17afc3cacaa20f,EXIMUS,0.19083465,0.18491274,oe:player:30fda405a39a1754550e87835c669fb,Emp,0.23267974,0.33565917,oe:player:d3bc65e5e987b942fba2400b4649f71,Viciun,0.22869807,0.19151161,oe:player:5a98ba300e1c781d7e91e1ac52902e2,Woohee,0.12562542,0.08888648
ESPORTSTMNT02/1688166,2021-02-11,2021,Unknown,11.02,oe:team:65381c751e78df337720522a7275412,ODIN Gaming,lineup-5f263d73df8fa884,0,,210.10227273,1.37727273,0.20618985,0.22225595,oe:player:6138b4e3cfce7fb1d438ac203f1265c,Kanra,0.18763895,0.26895992,oe:player:d68b7d3b26ccc08cc30abb5210e5839,Amarant,0.21427513,0.16673698,oe:player:b7b27fd30d9097988844c2cfaf8f12e,N N,0.21306824,0.23504787,oe:player:a23e88f88c9668bf9d4dea3d00d606d,KouZZe,0.24518834,0.24419925,oe:player:c6a3d2fb852e7fbe44c84dd6e23f971,Pyl,0.13982934,0.08505598
ESPORTSTMNT02/1688166,2021-02-11,2021,Unknown,11.02,oe:team:c33bf74e075fb47e63c1eb63226ae3d,Furious Gaming Chile,lineup-7c9e273a37d546b3,1,,375.88636364,1.54090909,0.21574682,0.26792790,oe:player:d093de85c458fabe60eda8786a7bd6b,Manolito,0.20721551,0.26490114,oe:player:d03862f740c87d7ba17afc3cacaa20f,EXIMUS,0.18837281,0.15936876,oe:player:30fda405a39a1754550e87835c669fb,Emp,0.29575633,0.38470887,oe:player:d3bc65e5e987b942fba2400b4649f71,Viciun,0.18763211,0.15078904,oe:player:5a98ba300e1c781d7e91e1ac52902e2,Woohee,0.12102325,0.04023218
ESPORTSTMNT02/1688213,2021-02-11,2021,Unknown,11.02,oe:team:5c116dedda7feae2f6ffc093f844ac6,Rebirth eSports,lineup-428119e9b6856fa9,1,,482.62834008,1.56923077,0.20971025,0.23872189,oe:player:65cc80ed438421c722c7609622fcae8,TxZ,0.20006593,0.17623136,oe:player:17badd69433ad6e3af7dfdcfc573eeb,Winter,0.20490539,0.17209410,oe:player:e9b14ee01169f2b367c7fc21848679f,SkyMind,0.26020967,0.33989994,oe:player:ba722a5e6c2fc8344cdc9d4647d2999,AZR,0.21177557,0.23929697,oe:player:b8420b6d3d1c9b967bed2b90a9c54a9,Tammz,0.12304345,0.07247763
ESPORTSTMNT02/1688213,2021-02-11,2021,Unknown,11.02,oe:team:c5c317341ae046ce3345b8d56efce5c,Dark Horse,lineup-91cb290f6626bb3d,0,,319.49149798,1.53036437,0.21266615,0.24640273,oe:player:9b997d21495dbcdcb3a00095e4b6e1f,Rockstar,0.23719834,0.31805602,oe:player:a2b027a7f381c954eddcdc598035d69,Leigrey,0.16380449,0.10180651,oe:player:0fc1ccf8c73aa57eec800c254828e40,Snavet,0.22202810,0.29687357,oe:player:ce311f9a3d94cb7038eb2ea051144c2,Perro,0.25638840,0.19918798,oe:player:de74dc0ce635e91e85ca1a5056668cb,Keishao,0.12058067,0.08407591
ESPORTSTMNT02/1688227,2021-02-11,2021,Unknown,11.02,oe:team:49f7d0d26c02418d44ffcf34a087068,Australs,lineup-d7a5e2764fc31b19,0,,303.76923077,1.50000000,0.20612396,0.25725593,oe:player:7cba8e96b731a63a100267a3d07d68a,Burrito,0.21312146,0.20260403,oe:player:3e2e64ccceb9c7bfa8b72113d2940c3,Sami,0.21247023,0.12509496,oe:player:18eff78d8fbeb94244572cef0bb4536,Alowhed,0.22618339,0.39098506,oe:player:ec40ca8fe7e6ed94b321110063bed2c,GunPoint,0.21753126,0.20437664,oe:player:189a5a37a297a466a48066fedb27241,Nnicky,0.13069366,0.07693931
ESPORTSTMNT02/1688227,2021-02-11,2021,Unknown,11.02,oe:team:5babf9f14b8cc18a551ee1fd2d5c6f9,LDM Esports,lineup-14884b178e904ede,1,,388.98076923,1.53846154,0.20987122,0.26901796,oe:player:c32e66894e6e164bea6d26fe5aaf78b,GianKios,0.21009058,0.16273628,oe:player:d1eb4dedba8e5c2b0001d202277d47b,Lil Knight,0.16802051,0.09980060,oe:player:b4067a049170b186439a5fc1a0d971f,Wandering,0.21958190,0.27425389,oe:player:e87d9b370206c12da8a677cb495afb5,Lyg,0.26580875,0.38984196,oe:player:dd62ea30c72d69edfdbc9a86de04984,Prodigy,0.13649826,0.07336728
ESPORTSTMNT02/1688237,2021-02-11,2021,Unknown,11.02,oe:team:ba3b1a1f005f917f9aaea679f31ae08,Bencheados,lineup-2abcf67931335e50,1,,458.58415842,1.34653465,0.21426826,0.24509864,oe:player:f01edf63566e420e611fe50f0a0032c,Antimagic,0.17044440,0.22473390,oe:player:09df9e68902cee8732f903bbead50a9,Rainight,0.16837521,0.15444653,oe:player:6aff04000a3032154606825dbb26529,Fear,0.25364475,0.30238357,oe:player:905b58ee28fd586c8870ce6c8af1f6c,Wonder,0.27264613,0.27880692,oe:player:174147762fec5d9537f498ef166b4a5,Tsunami,0.13488951,0.03962908
ESPORTSTMNT02/1688237,2021-02-11,2021,Unknown,11.02,oe:team:f3bc4f2e318bd6b40e1ddd88c637396,Kaos Latin Gamers Academy,lineup-99e10d528c7c6b3a,0,,357.85148515,1.66336634,0.20781096,0.27961572,oe:player:ba8eae65e7f69e7f2405a2d8faa59c0,Kryzpo,0.18656392,0.11713195,oe:player:53c5acbf75de5e3342bc323e60268dd,Ocean,0.20444971,0.11356279,oe:player:87f9c53f8f466a417e52a132104870b,skr,0.21876733,0.40666242,oe:player:f1d0f1885cb3c4086498e51b543fc09,Sang,0.25515360,0.28589215,oe:player:1d67f2d70da0337f39229e850e03e3d,Clark Gregg,0.13506544,0.07675068
ESPORTSTMNT02/1688265,2021-02-11,2021,Unknown,11.02,oe:team:71cc230a7d2155dd4958f3de7ad40bb,Santiago Wanderers eSports,lineup-b5adc99abbf37bab,1,,321.84123358,1.28840662,0.20831321,0.24175668,oe:player:a2b6e393c91152242dcc619fc05ad56,Fiv,0.19607984,0.22079554,oe:player:993d7f137872d18adc42aa9aa508a8b,Camilonicolau,0.18635138,0.13689792,oe:player:0bc91bc67360a5b84f5f79d06e7a43e,KearZy,0.21951088,0.31240152,oe:player:62ba359fa6b58bea641314e7a4635cf,Nantes,0.26119403,0.27043141,oe:player:59473cb24ef2f321262a35b4d8256f2,Sholwan,0.13686387,0.05947362
ESPORTSTMNT02/1688265,2021-02-11,2021,Unknown,11.02,oe:team:a19a63a498e083aef0b8fc70b2b7715,Movistar Optix,lineup-022dfa69823302b0,0,,346.43061108,1.28155340,0.20833603,0.24804135,oe:player:5d16b474fe0e5c99f5647b615816e12,Arfyss,0.24876192,0.21978239,oe:player:7c4c65147d1fd5043281209a511aa26,Ominick,0.18861785,0.19157270,oe:player:66a45be025e362d7d650d5d8b4b0935,Zaphyr,0.22172881,0.36132542,oe:player:cff378543c5bcc3d39d5aaca01b61fb,Kimi,0.21292924,0.17129575,oe:player:7a913e753d77491e84e55c61204fb0c,Gralou,0.12796218,0.05602374
ESPORTSTMNT02/1688277,2021-02-12,2021,Unknown,11.02,oe:team:096d11bb39c67344ba0d303a4505e81,Newstar,lineup-686ef2e469a46898,0,,417.23304562,1.54377312,0.21033127,0.23862545,oe:player:d7489947f78bf18709270b555816665,Deratero,0.23682826,0.23452018,oe:player:e125fd5aae78be68687e3ee2fc95f11,Funky Dog,0.16084695,0.15017614,oe:player:73b8ea5aed1fefc530e333a07438218,Cosmoz,0.23241704,0.32505851,oe:player:40f2085f7e220c565206b944e72f2f7,Egotistic,0.23944403,0.22663546,oe:player:4ff224901b37d52d1f1d85e6c702a39,IgnaVilu,0.13046372,0.06360971
ESPORTSTMNT02/1688277,2021-02-12,2021,Unknown,11.02,oe:team:cb951a65f688a6e2bdf1d8d4a91da4d,Cruzados Esports,lineup-3b2d14b5129e75c3,1,,453.77558570,1.50431566,0.20953432,0.24978470,oe:player:b9833585bf011bdf1cdf48a80b5a881,LukasNegro,0.24278656,0.23154680,oe:player:62633293ebe4ae9a06bb68c78cf9484,Kartana,0.21515179,0.16522287,oe:player:de5baf357cd597896c34639e1c1e573,Kirito,0.20926433,0.21143876,oe:player:a1cf236c2b3c7deff8f57282dd2a84f,Emets,0.21704512,0.34986903,oe:player:0bc4fd0edda3d6c6d91dafb2bf7eb0a,Matimm,0.11575221,0.04192255
ESPORTSTMNT02/1695377,2021-02-05,2021,Unknown,11.02,oe:team:a19a63a498e083aef0b8fc70b2b7715,Movistar Optix,lineup-022dfa69823302b0,1,,589.93113447,1.63972454,0.21025859,0.26687825,oe:player:5d16b474fe0e5c99f5647b615816e12,Arfyss,0.21866303,0.18029270,oe:player:7c4c65147d1fd5043281209a511aa26,Ominick,0.17462218,0.11124710,oe:player:66a45be025e362d7d650d5d8b4b0935,Zaphyr,0.25054053,0.39144764,oe:player:cff378543c5bcc3d39d5aaca01b61fb,Kimi,0.23171340,0.25472776,oe:player:7a913e753d77491e84e55c61204fb0c,Gralou,0.12446085,0.06228481
ESPORTSTMNT02/1695377,2021-02-05,2021,Unknown,11.02,oe:team:cb951a65f688a6e2bdf1d8d4a91da4d,Cruzados Esports,lineup-8b80bdcb8145aff8,0,,519.00978615,1.72671258,0.20840620,0.22584136,oe:player:b9833585bf011bdf1cdf48a80b5a881,LukasNegro,0.20891305,0.13679826,oe:player:62633293ebe4ae9a06bb68c78cf9484,Kartana,0.21979693,0.29727057,oe:player:de5baf357cd597896c34639e1c1e573,Kirito,0.21215786,0.26722758,oe:player:a1cf236c2b3c7deff8f57282dd2a84f,Emets,0.23852343,0.18633358,oe:player:23f2d06e47584f95b1cdb4c8f4ebce7,Charlie,0.12060873,0.11237000
ESPORTSTMNT02/1695442,2021-02-05,2021,Unknown,11.02,oe:team:49f7d0d26c02418d44ffcf34a087068,Australs,lineup-d7a5e2764fc31b19,1,,436.78107944,1.65918739,0.20714881,0.26809748,oe:player:7cba8e96b731a63a100267a3d07d68a,Burrito,0.20105906,0.20486163,oe:player:3e2e64ccceb9c7bfa8b72113d2940c3,Sami,0.21049302,0.11954149,oe:player:18eff78d8fbeb94244572cef0bb4536,Alowhed,0.24103593,0.40274237,oe:player:ec40ca8fe7e6ed94b321110063bed2c,GunPoint,0.21826430,0.21520801,oe:player:189a5a37a297a466a48066fedb27241,Nnicky,0.12914769,0.05764649
ESPORTSTMNT02/1695442,2021-02-05,2021,Unknown,11.02,oe:team:c5c317341ae046ce3345b8d56efce5c,Dark Horse,lineup-1f0a153d1d873ae6,0,,251.65069739,1.30260764,0.20974067,0.29621555,oe:player:9b997d21495dbcdcb3a00095e4b6e1f,Rockstar,0.22602289,0.37595790,oe:player:a2b027a7f381c954eddcdc598035d69,Leigrey,0.18152097,0.06587432,oe:player:0fc1ccf8c73aa57eec800c254828e40,Snavet,0.21567814,0.14750875,oe:player:ce311f9a3d94cb7038eb2ea051144c2,Perro,0.25244590,0.35441427,oe:player:714188a13fc8862a503f93418cee85f,Uruwhy,0.12433211,0.05624476
ESPORTSTMNT02/1695464,2021-02-05,2021,Unknown,11.02,oe:team:5c116dedda7feae2f6ffc093f844ac6,Rebirth eSports,lineup-428119e9b6856fa9,0,,263.46373057,1.04145078,0.20993398,0.24582225,oe:player:65cc80ed438421c722c7609622fcae8,TxZ,0.21792979,0.27245641,oe:player:17badd69433ad6e3af7dfdcfc573eeb,Winter,0.18145779,0.09374908,oe:player:e9b14ee01169f2b367c7fc21848679f,SkyMind,0.19805337,0.22378241,oe:player:ba722a5e6c2fc8344cdc9d4647d2999,AZR,0.26932962,0.32472934,oe:player:b8420b6d3d1c9b967bed2b90a9c54a9,Tammz,0.13322944,0.08528275
ESPORTSTMNT02/1695464,2021-02-05,2021,Unknown,11.02,oe:team:65381c751e78df337720522a7275412,ODIN Gaming,lineup-5f263d73df8fa884,1,,411.31865285,1.70207254,0.21088433,0.26659431,oe:player:6138b4e3cfce7fb1d438ac203f1265c,Kanra,0.16878595,0.19728662,oe:player:d68b7d3b26ccc08cc30abb5210e5839,Amarant,0.19050041,0.12892315,oe:player:b7b27fd30d9097988844c2cfaf8f12e,N N,0.24126531,0.39413865,oe:player:a23e88f88c9668bf9d4dea3d00d606d,KouZZe,0.26342971,0.23093929,oe:player:c6a3d2fb852e7fbe44c84dd6e23f971,Pyl,0.13601862,0.04871228
ESPORTSTMNT02/1695483,2021-02-05,2021,Unknown,11.02,oe:team:096d11bb39c67344ba0d303a4505e81,Newstar,lineup-686ef2e469a46898,1,,338.60124888,1.63247101,0.20483500,0.22735831,oe:player:d7489947f78bf18709270b555816665,Deratero,0.22037880,0.23954349,oe:player:e125fd5aae78be68687e3ee2fc95f11,Funky Dog,0.21396271,0.29305112,oe:player:73b8ea5aed1fefc530e333a07438218,Cosmoz,0.19640288,0.18858082,oe:player:40f2085f7e220c565206b944e72f2f7,Egotistic,0.22786669,0.20892479,oe:player:4ff224901b37d52d1f1d85e6c702a39,IgnaVilu,0.14138893,0.06989978
ESPORTSTMNT02/1695483,2021-02-05,2021,Unknown,11.02,oe:team:5babf9f14b8cc18a551ee1fd2d5c6f9,LDM Esports,lineup-14884b178e904ede,0,,243.24888492,1.36485281,0.20795445,0.32065945,oe:player:c32e66894e6e164bea6d26fe5aaf78b,GianKios,0.21171340,0.09954452,oe:player:d1eb4dedba8e5c2b0001d202277d47b,Lil Knight,0.17473594,0.10493542,oe:player:b4067a049170b186439a5fc1a0d971f,Wandering,0.23902204,0.31441019,oe:player:e87d9b370206c12da8a677cb495afb5,Lyg,0.23889693,0.44689418,oe:player:dd62ea30c72d69edfdbc9a86de04984,Prodigy,0.13563169,0.03421568
ESPORTSTMNT02/1695527,2021-02-05,2021,Unknown,11.02,oe:team:71cc230a7d2155dd4958f3de7ad40bb,Santiago Wanderers eSports,lineup-b5adc99abbf37bab,0,,270.62712688,1.40009723,0.21004187,0.23435960,oe:player:a2b6e393c91152242dcc619fc05ad56,Fiv,0.22151550,0.24037508,oe:player:993d7f137872d18adc42aa9aa508a8b,Camilonicolau,0.18270710,0.14457857,oe:player:0bc91bc67360a5b84f5f79d06e7a43e,KearZy,0.22413564,0.26225480,oe:player:62ba359fa6b58bea641314e7a4635cf,Nantes,0.25022309,0.28745419,oe:player:59473cb24ef2f321262a35b4d8256f2,Sholwan,0.12141867,0.06533736
ESPORTSTMNT02/1695527,2021-02-05,2021,Unknown,11.02,oe:team:f3bc4f2e318bd6b40e1ddd88c637396,Kaos Latin Gamers Academy,lineup-99e10d528c7c6b3a,1,,298.79824988,1.70345163,0.20722077,0.23393740,oe:player:ba8eae65e7f69e7f2405a2d8faa59c0,Kryzpo,0.18650714,0.19129620,oe:player:53c5acbf75de5e3342bc323e60268dd,Ocean,0.21940117,0.16292782,oe:player:87f9c53f8f466a417e52a132104870b,skr,0.23624033,0.31060739,oe:player:f1d0f1885cb3c4086498e51b543fc09,Sang,0.22615221,0.26285168,oe:player:1d67f2d70da0337f39229e850e03e3d,Clark Gregg,0.13169914,0.07231691
ESPORTSTMNT02/1695568,2021-02-06,2021,Unknown,11.02,oe:team:ba3b1a1f005f917f9aaea679f31ae08,Bencheados,lineup-0c2026dc491b2bdf,0,,230.27865169,1.06516854,0.20860736,0.23657889,oe:player:f01edf63566e420e611fe50f0a0032c,Antimagic,0.21980617,0.22972656,oe:player:f2ab3e94cdc9ce3d067e60c4bcb67a6,Frost,0.17179735,0.15923063,oe:player:6aff04000a3032154606825dbb26529,Fear,0.23475973,0.24313484,oe:player:905b58ee28fd586c8870ce6c8af1f6c,Wonder,0.24096602,0.30976638,oe:player:174147762fec5d9537f498ef166b4a5,Tsunami,0.13267073,0.05814158
ESPORTSTMNT02/1695568,2021-02-06,2021,Unknown,11.02,oe:team:c33bf74e075fb47e63c1eb63226ae3d,Furious Gaming Chile,lineup-7c9e273a37d546b3,1,,259.31460674,1.56404494,0.20799187,0.22058615,oe:player:d093de85c458fabe60eda8786a7bd6b,Manolito,0.23288343,0.25079943,oe:player:d03862f740c87d7ba17afc3cacaa20f,EXIMUS,0.20592314,0.21853633,oe:player:30fda405a39a1754550e87835c669fb,Emp,0.21177525,0.22454179,oe:player:d3bc65e5e987b942fba2400b4649f71,Viciun,0.22694676,0.23260107,oe:player:5a98ba300e1c781d7e91e1ac52902e2,Woohee,0.12247142,0.07352138
ESPORTSTMNT02/1697915,2021-02-12,2021,Unknown,11.02,oe:team:a19a63a498e083aef0b8fc70b2b7715,Movistar Optix,lineup-022dfa69823302b0,0,,320.50845819,1.33977767,0.20523369,0.24411930,oe:player:5d16b474fe0e5c99f5647b615816e12,Arfyss,0.21289384,0.19892872,oe:player:7c4c65147d1fd5043281209a511aa26,Ominick,0.20259313,0.18291381,oe:player:66a45be025e362d7d650d5d8b4b0935,Zaphyr,0.23014988,0.36508568,oe:player:cff378543c5bcc3d39d5aaca01b61fb,Kimi,0.21661721,0.18028990,oe:player:7a913e753d77491e84e55c61204fb0c,Gralou,0.13774594,0.07278189
ESPORTSTMNT02/1697915,2021-02-12,2021,Unknown,11.02,oe:team:c33bf74e075fb47e63c1eb63226ae3d,Furious Gaming Chile,lineup-7c9e273a37d546b3,1,,446.07636539,1.68197197,0.21095531,0.21668316,oe:player:d093de85c458fabe60eda8786a7bd6b,Manolito,0.20286349,0.16724526,oe:player:d03862f740c87d7ba17afc3cacaa20f,EXIMUS,0.20720258,0.22516935,oe:player:30fda405a39a1754550e87835c669fb,Emp,0.21198010,0.23847044,oe:player:d3bc65e5e987b942fba2400b4649f71,Viciun,0.26146380,0.26524164,oe:player:5a98ba300e1c781d7e91e1ac52902e2,Woohee,0.11649003,0.10387331
ESPORTSTMNT02/1697930,2021-02-12,2021,Unknown,11.02,oe:team:49f7d0d26c02418d44ffcf34a087068,Australs,lineup-d7a5e2764fc31b19,1,,385.35925613,1.72442942,0.20711859,0.24207180,oe:player:7cba8e96b731a63a100267a3d07d68a,Burrito,0.18893341,0.16220058,oe:player:3e2e64ccceb9c7bfa8b72113d2940c3,Sami,0.18117487,0.15876546,oe:player:18eff78d8fbeb94244572cef0bb4536,Alowhed,0.23991815,0.27379574,oe:player:ec40ca8fe7e6ed94b321110063bed2c,GunPoint,0.24497684,0.33200842,oe:player:189a5a37a297a466a48066fedb27241,Nnicky,0.14499673,0.07322980
ESPORTSTMNT02/1697930,2021-02-12,2021,Unknown,11.02,oe:team:ba3b1a1f005f917f9aaea679f31ae08,Bencheados,lineup-2abcf67931335e50,0,,341.69061708,1.35925613,0.21872996,0.30404345,oe:player:f01edf63566e420e611fe50f0a0032c,Antimagic,0.19012058,0.28862995,oe:player:09df9e68902cee8732f903bbead50a9,Rainight,0.16991335,0.03792489,oe:player:6aff04000a3032154606825dbb26529,Fear,0.31456011,0.42888526,oe:player:905b58ee28fd586c8870ce6c8af1f6c,Wonder,0.19287748,0.17448419,oe:player:174147762fec5d9537f498ef166b4a5,Tsunami,0.13252848,0.07007570
ESPORTSTMNT02/1697945,2021-02-12,2021,Unknown,11.02,oe:team:71cc230a7d2155dd4958f3de7ad40bb,Santiago Wanderers eSports,lineup-b5adc99abbf37bab,1,,457.56102784,1.50963597,0.20963795,0.28783580,oe:player:a2b6e393c91152242dcc619fc05ad56,Fiv,0.17367700,0.09069594,oe:player:993d7f137872d18adc42aa9aa508a8b,Camilonicolau,0.21061072,0.20166510,oe:player:0bc91bc67360a5b84f5f79d06e7a43e,KearZy,0.21456969,0.18932427,oe:player:62ba359fa6b58bea641314e7a4635cf,Nantes,0.26622010,0.44459264,oe:player:59473cb24ef2f321262a35b4d8256f2,Sholwan,0.13492249,0.07372204
ESPORTSTMNT02/1697945,2021-02-12,2021,Unknown,11.02,oe:team:c5c317341ae046ce3345b8d56efce5c,Dark Horse,lineup-91cb290f6626bb3d,0,,284.85224839,1.29122056,0.20962603,0.25716455,oe:player:9b997d21495dbcdcb3a00095e4b6e1f,Rockstar,0.19637932,0.21688241,oe:player:a2b027a7f381c954eddcdc598035d69,Leigrey,0.19594384,0.08003699,oe:player:0fc1ccf8c73aa57eec800c254828e40,Snavet,0.22387657,0.26117451,oe:player:ce311f9a3d94cb7038eb2ea051144c2,Perro,0.25859030,0.35855397,oe:player:de74dc0ce635e91e85ca1a5056668cb,Keishao,0.12520996,0.08335213
ESPORTSTMNT02/1697948,2021-02-12,2021,Unknown,11.02,oe:team:5c116dedda7feae2f6ffc093f844ac6,Rebirth eSports,lineup-f963747881ec7ebe,0,,311.94036444,1.39149641,0.20451932,0.24133509,oe:player:65cc80ed438421c722c7609622fcae8,TxZ,0.19763937,0.11158315,oe:player:17badd69433ad6e3af7dfdcfc573eeb,Winter,0.21640555,0.33863670,oe:player:e9b14ee01169f2b367c7fc21848679f,SkyMind,0.21474971,0.24980351,oe:player:ba722a5e6c2fc8344cdc9d4647d2999,AZR,0.22810258,0.20836077,oe:player:074ca14b0fa039b49a6bd7edc433e89,Glory,0.14310279,0.09161586
ESPORTSTMNT02/1697948,2021-02-12,2021,Unknown,11.02,oe:team:f3bc4f2e318bd6b40e1ddd88c637396,Kaos Latin Gamers Academy,lineup-99e10d528c7c6b3a,1,,348.74875759,1.66979569,0.20755587,0.21346544,oe:player:ba8eae65e7f69e7f2405a2d8faa59c0,Kryzpo,0.22970593,0.22072123,oe:player:53c5acbf75de5e3342bc323e60268dd,Ocean,0.21360691,0.22106323,oe:player:87f9c53f8f466a417e52a132104870b,skr,0.19825552,0.21513528,oe:player:f1d0f1885cb3c4086498e51b543fc09,Sang,0.23223127,0.24483204,oe:player:1d67f2d70da0337f39229e850e03e3d,Clark Gregg,0.12620037,0.09824821
ESPORTSTMNT02/1697967,2021-02-12,2021,Unknown,11.02,oe:team:096d11bb39c67344ba0d303a4505e81,Newstar,lineup-686ef2e469a46898,1,,475.80979021,1.67832168,0.20701462,0.23303977,oe:player:d7489947f78bf18709270b555816665,Deratero,0.21517667,0.25585825,oe:player:e125fd5aae78be68687e3ee2fc95f11,Funky Dog,0.18410503,0.16173825,oe:player:73b8ea5aed1fefc530e333a07438218,Cosmoz,0.22382010,0.25008524,oe:player:40f2085f7e220c565206b944e72f2f7,Egotistic,0.24182227,0.27491740,oe:player:4ff224901b37d52d1f1d85e6c702a39,IgnaVilu,0.13507593,0.05740085
ESPORTSTMNT02/1697967,2021-02-12,2021,Unknown,11.02,oe:team:65381c751e78df337720522a7275412,ODIN Gaming,lineup-5f263d73df8fa884,0,,435.39020979,1.33706294,0.21287434,0.24407821,oe:player:6138b4e3cfce7fb1d438ac203f1265c,Kanra,0.17520049,0.15064374,oe:player:d68b7d3b26ccc08cc30abb5210e5839,Amarant,0.18505381,0.15443425,oe:player:b7b27fd30d9097988844c2cfaf8f12e,N N,0.24669271,0.31561432,oe:player:a23e88f88c9668bf9d4dea3d00d606d,KouZZe,0.26663925,0.30363889,oe:player:c6a3d2fb852e7fbe44c84dd6e23f971,Pyl,0.12641374,0.07566880
ESPORTSTMNT02/1697977,2021-02-13,2021,Unknown,11.02,oe:team:5babf9f14b8cc18a551ee1fd2d5c6f9,LDM Esports,lineup-14884b178e904ede,1,,370.19871795,1.60256410,0.20783888,0.22499271,oe:player:c32e66894e6e164bea6d26fe5aaf78b,GianKios,0.20553910,0.27982199,oe:player:d1eb4dedba8e5c2b0001d202277d47b,Lil Knight,0.17954594,0.16740836,oe:player:b4067a049170b186439a5fc1a0d971f,Wandering,0.20968032,0.17701858,oe:player:e87d9b370206c12da8a677cb495afb5,Lyg,0.26295975,0.27935447,oe:player:dd62ea30c72d69edfdbc9a86de04984,Prodigy,0.14227489,0.09639660
ESPORTSTMNT02/1697977,2021-02-13,2021,Unknown,11.02,oe:team:cb951a65f688a6e2bdf1d8d4a91da4d,Cruzados Esports,lineup-845780a91f3259c1,0,,319.26923077,1.50641026,0.20611777,0.24239411,oe:player:b9833585bf011bdf1cdf48a80b5a881,LukasNegro,0.21807855,0.29086857,oe:player:62633293ebe4ae9a06bb68c78cf9484,Kartana,0.19844051,0.17501907,oe:player:de5baf357cd597896c34639e1c1e573,Kirito,0.22574124,0.32082480,oe:player:a1cf236c2b3c7deff8f57282dd2a84f,Emets,0.22487486,0.13387945,oe:player:007cc9547ae8884ad597cd92ba50542,Severity,0.13286484,0.07940810
ESPORTSTMNT02/1723719,2021-03-18,2021,Unknown,11.05,oe:team:49f7d0d26c02418d44ffcf34a087068,Australs,lineup-d7a5e2764fc31b19,1,0.27543719,397.85438336,1.71768202,0.20921821,0.23757442,oe:player:7cba8e96b731a63a100267a3d07d68a,Burrito,0.19774114,0.16459762,oe:player:3e2e64ccceb9c7bfa8b72113d2940c3,Sami,0.18060287,0.16910919,oe:player:18eff78d8fbeb94244572cef0bb4536,Alowhed,0.22151065,0.26666069,oe:player:ec40ca8fe7e6ed94b321110063bed2c,GunPoint,0.26478025,0.32416080,oe:player:189a5a37a297a466a48066fedb27241,Nnicky,0.13536510,0.07547170
ESPORTSTMNT02/1723719,2021-03-18,2021,Unknown,11.05,oe:team:5c116dedda7feae2f6ffc093f844ac6,Rebirth eSports,lineup-c262149fc3964d57,0,0.31439207,296.53491828,1.33135215,0.20621500,0.23508800,oe:player:65cc80ed438421c722c7609622fcae8,TxZ,0.17121892,0.18894813,oe:player:b8420b6d3d1c9b967bed2b90a9c54a9,Tammz,0.15652469,0.07434058,oe:player:e9b14ee01169f2b367c7fc21848679f,SkyMind,0.25251820,0.33147599,oe:player:ba722a5e6c2fc8344cdc9d4647d2999,AZR,0.22635530,0.23324381,oe:player:074ca14b0fa039b49a6bd7edc433e89,Glory,0.19338288,0.17199150
ESPORTSTMNT02/1723779,2021-03-18,2021,Unknown,11.05,oe:team:65381c751e78df337720522a7275412,ODIN Gaming,lineup-af2e6a2d3a874acb,0,-0.81307410,260.17133443,1.42339374,0.20970435,0.23245589,oe:player:91c5a0c519cf76503ec2fbb712d43ea,Fracasaurio,0.21065319,0.23006003,oe:player:11e35320b6079280e7d88cc2b87a4c0,1Haru,0.18288892,0.27334667,oe:player:b7b27fd30d9097988844c2cfaf8f12e,N N,0.24600875,0.27501836,oe:player:a23e88f88c9668bf9d4dea3d00d606d,KouZZe,0.23678924,0.15888655,oe:player:c6a3d2fb852e7fbe44c84dd6e23f971,Pyl,0.12365989,0.06268838
ESPORTSTMNT02/1723779,2021-03-18,2021,Unknown,11.05,oe:team:ba3b1a1f005f917f9aaea679f31ae08,Bencheados,lineup-2164fdeb8b3b5955,1,0.56262139,411.68369028,1.54200988,0.20712308,0.24695449,oe:player:f01edf63566e420e611fe50f0a0032c,Antimagic,0.19274036,0.18881757,oe:player:751db8ce6bb29533f47ca7093c325d5,Zwitch,0.18497408,0.12259696,oe:player:6aff04000a3032154606825dbb26529,Fear,0.23980468,0.36562995,oe:player:905b58ee28fd586c8870ce6c8af1f6c,Wonder,0.24177124,0.23371697,oe:player:174147762fec5d9537f498ef166b4a5,Tsunami,0.14070963,0.08923855
ESPORTSTMNT02/1733569,2021-03-17,2021,Unknown,11.05,oe:team:096d11bb39c67344ba0d303a4505e81,Newstar,lineup-686ef2e469a46898,0,-1.18122734,256.91398417,1.26649077,0.21087340,0.23908490,oe:player:d7489947f78bf18709270b555816665,Deratero,0.19807716,0.25375268,oe:player:e125fd5aae78be68687e3ee2fc95f11,Funky Dog,0.16605656,0.09935668,oe:player:73b8ea5aed1fefc530e333a07438218,Cosmoz,0.27225552,0.22449533,oe:player:40f2085f7e220c565206b944e72f2f7,Egotistic,0.22559234,0.32348229,oe:player:4ff224901b37d52d1f1d85e6c702a39,IgnaVilu,0.13801842,0.09891302
ESPORTSTMNT02/1733569,2021-03-17,2021,Unknown,11.05,oe:team:c5c317341ae046ce3345b8d56efce5c,Dark Horse,lineup-91cb290f6626bb3d,1,1.05704178,374.59630607,1.38047493,0.20968722,0.24429162,oe:player:9b997d21495dbcdcb3a00095e4b6e1f,Rockstar,0.24738405,0.34505959,oe:player:a2b027a7f381c954eddcdc598035d69,Leigrey,0.16153210,0.09720227,oe:player:0fc1ccf8c73aa57eec800c254828e40,Snavet,0.21998345,0.26618206,oe:player:ce311f9a3d94cb7038eb2ea051144c2,Perro,0.23627131,0.18057645,oe:player:de74dc0ce635e91e85ca1a5056668cb,Keishao,0.13482909,0.11097963
ESPORTSTMNT02/1733620,2021-03-17,2021,Unknown,11.05,oe:team:5babf9f14b8cc18a551ee1fd2d5c6f9,LDM Esports,lineup-14884b178e904ede,0,-0.68837779,241.76700839,1.81174278,0.20637845,0.20722243,oe:player:c32e66894e6e164bea6d26fe5aaf78b,GianKios,0.20611265,0.18877787,oe:player:d1eb4dedba8e5c2b0001d202277d47b,Lil Knight,0.19680256,0.17830049,oe:player:b4067a049170b186439a5fc1a0d971f,Wandering,0.19459980,0.23399482,oe:player:e87d9b370206c12da8a677cb495afb5,Lyg,0.25736117,0.25175779,oe:player:dd62ea30c72d69edfdbc9a86de04984,Prodigy,0.14512382,0.14716903
ESPORTSTMNT02/1733620,2021-03-17,2021,Unknown,11.05,oe:team:a19a63a498e083aef0b8fc70b2b7715,Movistar Optix,lineup-b1adafcea28f087f,1,-0.55118369,299.28424977,1.35321528,0.20871819,0.25195483,oe:player:5d16b474fe0e5c99f5647b615816e12,Arfyss,0.23442848,0.32528680,oe:player:7c4c65147d1fd5043281209a511aa26,Ominick,0.18187410,0.14485632,oe:player:66a45be025e362d7d650d5d8b4b0935,Zaphyr,0.24332424,0.31575801,oe:player:350b1ee846a2badcb03cf11cf9b7749,Kayse,0.21231526,0.14267030,oe:player:7a913e753d77491e84e55c61204fb0c,Gralou,0.12805792,0.07142857
ESPORTSTMNT02/1733651,2021-03-17,2021,Unknown,11.05,oe:team:71cc230a7d2155dd4958f3de7ad40bb,Santiago Wanderers eSports,lineup-e16ec6b9e27e0fbf,1,-0.48161449,273.58375635,1.35363790,0.20529254,0.22302036,oe:player:a2b6e393c91152242dcc619fc05ad56,Fiv,0.23740720,0.25251101,oe:player:993d7f137872d18adc42aa9aa508a8b,Camilonicolau,0.17359357,0.15919549,oe:player:0bc91bc67360a5b84f5f79d06e7a43e,KearZy,0.19882663,0.22566919,oe:player:62ba359fa6b58bea641314e7a4635cf,Nantes,0.23474909,0.27415764,oe:player:526fdc640d635b7c6f01cd356345db0,Duivel,0.15542349,0.08846668
ESPORTSTMNT02/1733651,2021-03-17,2021,Unknown,11.05,oe:team:c33bf74e075fb47e63c1eb63226ae3d,Furious Gaming Chile,lineup-7c9e273a37d546b3,0,-1.00244501,263.74280880,1.23181049,0.20998673,0.27986075,oe:player:d093de85c458fabe60eda8786a7bd6b,Manolito,0.22658715,0.22436358,oe:player:d03862f740c87d7ba17afc3cacaa20f,EXIMUS,0.18401832,0.19259392,oe:player:30fda405a39a1754550e87835c669fb,Emp,0.25210683,0.42090946,oe:player:d3bc65e5e987b942fba2400b4649f71,Viciun,0.21524266,0.11363170,oe:player:5a98ba300e1c781d7e91e1ac52902e2,Woohee,0.12204503,0.04850133
ESPORTSTMNT02/1733682,2021-03-17,2021,Unknown,11.05,oe:team:cb951a65f688a6e2bdf1d8d4a91da4d,Cruzados Esports,lineup-845780a91f3259c1,1,-0.47696700,360.87240356,1.75667656,0.20460730,0.24415939,oe:player:b9833585bf011bdf1cdf48a80b5a881,LukasNegro,0.21723310,0.23114115,oe:player:62633293ebe4ae9a06bb68c78cf9484,Kartana,0.19729484,0.10337626,oe:player:de5baf357cd597896c34639e1c1e573,Kirito,0.19744397,0.25995362,oe:player:a1cf236c2b3c7deff8f57282dd2a84f,Emets,0.23997495,0.32573552,oe:player:007cc9547ae8884ad597cd92ba50542,Severity,0.14805315,0.07979344
ESPORTSTMNT02/1733682,2021-03-17,2021,Unknown,11.05,oe:team:f3bc4f2e318bd6b40e1ddd88c637396,Kaos Latin Gamers Academy,lineup-50b23e8ae2cdd17f,0,-0.22646359,325.48367953,1.24629080,0.21019970,0.24234895,oe:player:ba8eae65e7f69e7f2405a2d8faa59c0,Kryzpo,0.19116065,0.15288819,oe:player:53c5acbf75de5e3342bc323e60268dd,Ocean,0.19318224,0.25516009,oe:player:902c06feac78c5d6b7e9a16a3330a1a,Bluux,0.20972588,0.16917074,oe:player:f1d0f1885cb3c4086498e51b543fc09,Sang,0.27354501,0.34532492,oe:player:1d67f2d70da0337f39229e850e03e3d,Clark Gregg,0.13238622,0.07745606
ESPORTSTMNT02_1922213,2021-06-03,2021,Unknown,11.11,oe:team:5c116dedda7feae2f6ffc093f844ac6,Rebirth eSports,lineup-b6c3f9ba21ba0e73,0,0.28806758,289.27364185,1.22535211,0.20821623,0.24104144,oe:player:f1fa99d4fb0bd61ece7a4576a5507ba,Scrappy,0.23848780,0.19289277,oe:player:3e2e64ccceb9c7bfa8b72113d2940c3,Sami,0.20180781,0.13997454,oe:player:18eff78d8fbeb94244572cef0bb4536,Alowhed,0.21183613,0.30427978,oe:player:350b1ee846a2badcb03cf11cf9b7749,Kayse,0.22508438,0.29505665,oe:player:526fdc640d635b7c6f01cd356345db0,Duivel,0.12278388,0.06779626
ESPORTSTMNT02_1922213,2021-06-03,2021,Unknown,11.11,oe:team:c33bf74e075fb47e63c1eb63226ae3d,Furious Gaming Chile,lineup-092c4aa304ece08a,1,0.29826701,495.60965795,1.58752515,0.20655908,0.25021640,oe:player:d093de85c458fabe60eda8786a7bd6b,Manolito,0.18438527,0.21981341,oe:player:d03862f740c87d7ba17afc3cacaa20f,EXIMUS,0.20222323,0.19078995,oe:player:30fda405a39a1754550e87835c669fb,Emp,0.24382344,0.17094975,oe:player:d3bc65e5e987b942fba2400b4649f71,Viciun,0.22909411,0.36530826,oe:player:affea2faa664cb5130a7569ac4b74b3,Feitan,0.14047394,0.05313863
ESPORTSTMNT02_1922338,2021-06-03,2021,Unknown,11.11,oe:team:71cc230a7d2155dd4958f3de7ad40bb,Santiago Wanderers eSports,lineup-90d19d5eaa369617,1,0.20953599,463.15318417,1.54905336,0.20669926,0.22668443,oe:player:ed5e33a16b4c021ea0a9ce1e8f23a5a,Hazard,0.22944947,0.24556657,oe:player:9a2f5597c8acf766dfcee23a4a4d71e,koughi,0.20375801,0.15419262,oe:player:66a45be025e362d7d650d5d8b4b0935,Zaphyr,0.22846606,0.29891636,oe:player:ec40ca8fe7e6ed94b321110063bed2c,GunPoint,0.20856967,0.21333968,oe:player:59106219d6adffb36fe52ff2f3f781c,Caos,0.12975678,0.08798478
ESPORTSTMNT02_1922338,2021-06-03,2021,Unknown,11.11,oe:team:f3bc4f2e318bd6b40e1ddd88c637396,Kaos Latin Gamers Academy,lineup-ae57961326c44301,0,-0.11161863,345.51462995,1.30120482,0.20689331,0.24469629,oe:player:9b997d21495dbcdcb3a00095e4b6e1f,Rockstar,0.19886401,0.18861834,oe:player:f38784ca7ec10b84f1c1f84121428d6,Xeydon,0.19156442,0.14452238,oe:player:0bc91bc67360a5b84f5f79d06e7a43e,KearZy,0.24565685,0.18453354,oe:player:ba722a5e6c2fc8344cdc9d4647d2999,AZR,0.22715271,0.37875105,oe:player:65568d869f85a561ada66050521f65e,Milo,0.13676200,0.10357470
ESPORTSTMNT02_1922361,2021-06-04,2021,Unknown,11.11,oe:team:a19a63a498e083aef0b8fc70b2b7715,Movistar Optix,lineup-d172b59bfbc4635f,1,-0.22034809,373.07196030,1.56327543,0.20890351,0.22827204,oe:player:5d16b474fe0e5c99f5647b615816e12,Arfyss,0.23852512,0.22018916,oe:player:d68b7d3b26ccc08cc30abb5210e5839,Amarant,0.18476168,0.23024583,oe:player:fbbdc14045f1d9b78dd8fd4ca50306d,Piqueos,0.21240571,0.19005906,oe:player:4ae382e5cc3e063f06c8e0f3fa41afd,KreshtDoo,0.23870567,0.29383830,oe:player:7a913e753d77491e84e55c61204fb0c,Gralou,0.12560183,0.06566765
ESPORTSTMNT02_1922361,2021-06-04,2021,Unknown,11.11,oe:team:ba3b1a1f005f917f9aaea679f31ae08,Bencheados,lineup-097a9f3438d30f47,0,-0.65043997,213.03722084,1.26550868,0.20701226,0.25282225,oe:player:d7489947f78bf18709270b555816665,Deratero,0.18556047,0.14745964,oe:player:e125fd5aae78be68687e3ee2fc95f11,Funky Dog,0.18690639,0.16580474,oe:player:b4067a049170b186439a5fc1a0d971f,Wandering,0.22677637,0.32647285,oe:player:905b58ee28fd586c8870ce6c8af1f6c,Wonder,0.25476154,0.30683486,oe:player:d99c1faaba5061813508a061f33bd2a,Hayha,0.14599523,0.05342791
ESPORTSTMNT02_1922375,2021-06-04,2021,Unknown,11.11,oe:team:096d11bb39c67344ba0d303a4505e81,Newstar,lineup-69a36becab81eb20,0,-0.65717937,283.56186253,1.37294900,0.21269971,0.25755510,oe:player:f01edf63566e420e611fe50f0a0032c,Antimagic,0.17887431,0.21356454,oe:player:6ffda240105538d79cc27c57a5ea46d,Douny,0.19944139,0.15974177,oe:player:6aff04000a3032154606825dbb26529,Fear,0.19911976,0.15747101,oe:player:a23e88f88c9668bf9d4dea3d00d606d,KouZZe,0.28873466,0.39515070,oe:player:fb8a1248ec042b539f281c3268fc864,PikaBoss,0.13382988,0.07407199
ESPORTSTMNT02_1922375,2021-06-04,2021,Unknown,11.11,oe:team:cb951a65f688a6e2bdf1d8d4a91da4d,Cruzados Esports,lineup-845780a91f3259c1,1,0.39715639,434.00620843,1.85188470,0.20716658,0.23219918,oe:player:b9833585bf011bdf1cdf48a80b5a881,LukasNegro,0.21897751,0.19435487,oe:player:62633293ebe4ae9a06bb68c78cf9484,Kartana,0.17454788,0.16891254,oe:player:de5baf357cd597896c34639e1c1e573,Kirito,0.22765931,0.10937136,oe:player:a1cf236c2b3c7deff8f57282dd2a84f,Emets,0.24024657,0.34992704,oe:player:007cc9547ae8884ad597cd92ba50542,Severity,0.13856873,0.17743419
ESPORTSTMNT02_1922921,2021-06-04,2021,Unknown,11.11,oe:team:ba3b1a1f005f917f9aaea679f31ae08,Bencheados,lineup-097a9f3438d30f47,0,-0.12526276,362.62449889,1.48596882,0.21276021,0.22894278,oe:player:d7489947f78bf18709270b555816665,Deratero,0.22487018,0.21716956,oe:player:e125fd5aae78be68687e3ee2fc95f11,Funky Dog,0.17316815,0.21522383,oe:player:b4067a049170b186439a5fc1a0d971f,Wandering,0.24200269,0.25688006,oe:player:905b58ee28fd586c8870ce6c8af1f6c,Wonder,0.24652221,0.25830987,oe:player:d99c1faaba5061813508a061f33bd2a,Hayha,0.11343676,0.05241668
ESPORTSTMNT02_1922921,2021-06-04,2021,Unknown,11.11,oe:team:f3bc4f2e318bd6b40e1ddd88c637396,Kaos Latin Gamers Academy,lineup-ae57961326c44301,1,-0.03424284,400.04632517,1.62494432,0.21793802,0.31051579,oe:player:9b997d21495dbcdcb3a00095e4b6e1f,Rockstar,0.17536587,0.12403463,oe:player:f38784ca7ec10b84f1c1f84121428d6,Xeydon,0.19361117,0.11886374,oe:player:0bc91bc67360a5b84f5f79d06e7a43e,KearZy,0.19078820,0.24833650,oe:player:ba722a5e6c2fc8344cdc9d4647d2999,AZR,0.31066043,0.46640924,oe:player:65568d869f85a561ada66050521f65e,Milo,0.12957433,0.04235590
ESPORTSTMNT02_1922957,2021-06-04,2021,Unknown,11.11,oe:team:c33bf74e075fb47e63c1eb63226ae3d,Furious Gaming Chile,lineup-092c4aa304ece08a,1,-0.21070185,400.15260613,1.50241805,0.20863345,0.23243940,oe:player:d093de85c458fabe60eda8786a7bd6b,Manolito,0.20741376,0.15830607,oe:player:d03862f740c87d7ba17afc3cacaa20f,EXIMUS,0.17438315,0.15182816,oe:player:30fda405a39a1754550e87835c669fb,Emp,0.26347019,0.32454034,oe:player:d3bc65e5e987b942fba2400b4649f71,Viciun,0.21524287,0.26098587,oe:player:affea2faa664cb5130a7569ac4b74b3,Feitan,0.13949004,0.10433956
ESPORTSTMNT02_1922957,2021-06-04,2021,Unknown,11.11,oe:team:c5c317341ae046ce3345b8d56efce5c,Dark Horse,lineup-d7a431a8b47493fd,0,0.19894171,311.59376679,1.18645889,0.20543978,0.28756391,oe:player:ba8eae65e7f69e7f2405a2d8faa59c0,Kryzpo,0.23200464,0.14968028,oe:player:53c5acbf75de5e3342bc323e60268dd,Ocean,0.20580322,0.11092027,oe:player:cf6fe267c79a3e3ea388534d48dd66d,Regi,0.21079101,0.43217515,oe:player:ce311f9a3d94cb7038eb2ea051144c2,Perro,0.21497165,0.25079155,oe:player:c6a3d2fb852e7fbe44c84dd6e23f971,Pyl,0.13642949,0.05643275
ESPORTSTMNT02_1923002,2021-06-05,2021,Unknown,11.11,oe:team:096d11bb39c67344ba0d303a4505e81,Newstar,lineup-69a36becab81eb20,0,-0.68803166,262.91078838,1.38796680,0.20747983,0.25190744,oe:player:f01edf63566e420e611fe50f0a0032c,Antimagic,0.19459168,0.14890746,oe:player:6ffda240105538d79cc27c57a5ea46d,Douny,0.19009141,0.16931417,oe:player:6aff04000a3032154606825dbb26529,Fear,0.23549413,0.25077531,oe:player:a23e88f88c9668bf9d4dea3d00d606d,KouZZe,0.24417465,0.36599512,oe:player:fb8a1248ec042b539f281c3268fc864,PikaBoss,0.13564814,0.06500793
ESPORTSTMNT02_1923002,2021-06-05,2021,Unknown,11.11,oe:team:5babf9f14b8cc18a551ee1fd2d5c6f9,LDM Esports,lineup-0fd0338ae6579ae5,1,-0.17976207,336.35477178,1.53734440,0.21107572,0.22116023,oe:player:805ebae4eabf3730d5f66e854033374,Knod,0.19236025,0.19722063,oe:player:baab52118a09c2b4e43f4950ec5af6b,Day Beats,0.16707776,0.14688847,oe:player:73b8ea5aed1fefc530e333a07438218,Cosmoz,0.26824106,0.28102737,oe:player:dd62ea30c72d69edfdbc9a86de04984,Prodigy,0.23562548,0.26309654,oe:player:c1bf3cfa3d2aa4464eed8b4724644dd,Wardian,0.13669544,0.11176699
ESPORTSTMNT02_1923025,2021-06-05,2021,Unknown,11.11,oe:team:5c116dedda7feae2f6ffc093f844ac6,Rebirth eSports,lineup-b6c3f9ba21ba0e73,0,0.17856666,348.53142857,1.18285714,0.20676831,0.22792433,oe:player:f1fa99d4fb0bd61ece7a4576a5507ba,Scrappy,0.21987483,0.20026888,oe:player:3e2e64ccceb9c7bfa8b72113d2940c3,Sami,0.18740730,0.20792550,oe:player:18eff78d8fbeb94244572cef0bb4536,Alowhed,0.21940455,0.29987048,oe:player:350b1ee846a2badcb03cf11cf9b7749,Kayse,0.23901168,0.22358303,oe:player:526fdc640d635b7c6f01cd356345db0,Duivel,0.13430163,0.06835211
ESPORTSTMNT02_1923025,2021-06-05,2021,Unknown,11.11,oe:team:cb951a65f688a6e2bdf1d8d4a91da4d,Cruzados Esports,lineup-845780a91f3259c1,1,0.23474779,500.14857143,1.95428571,0.20695817,0.23306484,oe:player:b9833585bf011bdf1cdf48a80b5a881,LukasNegro,0.25558877,0.32287549,oe:player:62633293ebe4ae9a06bb68c78cf9484,Kartana,0.21674079,0.21652995,oe:player:de5baf357cd597896c34639e1c1e573,Kirito,0.19757929,0.17812993,oe:player:a1cf236c2b3c7deff8f57282dd2a84f,Emets,0.18890266,0.21302242,oe:player:007cc9547ae8884ad597cd92ba50542,Severity,0.14118848,0.06944222
ESPORTSTMNT02_1926547,2021-06-09,2021,Unknown,11.11,oe:team:c5c317341ae046ce3345b8d56efce5c,Dark Horse,lineup-d7a431a8b47493fd,0,0.65325566,473.06781116,1.59656652,0.21293996,0.25170505,oe:player:ba8eae65e7f69e7f2405a2d8faa59c0,Kryzpo,0.25212955,0.30771659,oe:player:53c5acbf75de5e3342bc323e60268dd,Ocean,0.18886424,0.16624208,oe:player:cf6fe267c79a3e3ea388534d48dd66d,Regi,0.17938480,0.14430509,oe:player:ce311f9a3d94cb7038eb2ea051144c2,Perro,0.25860692,0.32446056,oe:player:c6a3d2fb852e7fbe44c84dd6e23f971,Pyl,0.12101449,0.05727568
ESPORTSTMNT02_1926547,2021-06-09,2021,Unknown,11.11,oe:team:f3bc4f2e318bd6b40e1ddd88c637396,Kaos Latin Gamers Academy,lineup-ae57961326c44301,1,0.59064925,563.51072961,1.52961373,0.21367952,0.29176595,oe:player:9b997d21495dbcdcb3a00095e4b6e1f,Rockstar,0.16186574,0.12076955,oe:player:f38784ca7ec10b84f1c1f84121428d6,Xeydon,0.17804535,0.12012978,oe:player:0bc91bc67360a5b84f5f79d06e7a43e,KearZy,0.25916635,0.44977380,oe:player:ba722a5e6c2fc8344cdc9d4647d2999,AZR,0.26465711,0.23407211,oe:player:65568d869f85a561ada66050521f65e,Milo,0.13626545,0.07525476
ESPORTSTMNT02_1926586,2021-06-09,2021,Unknown,11.11,oe:team:5babf9f14b8cc18a551ee1fd2d5c6f9,LDM Esports,lineup-0fd0338ae6579ae5,0,0.12801626,299.74668275,1.11459590,0.20571973,0.26036271,oe:player:805ebae4eabf3730d5f66e854033374,Knod,0.23890073,0.29175420,oe:player:baab52118a09c2b4e43f4950ec5af6b,Day Beats,0.18690333,0.06171677,oe:player:73b8ea5aed1fefc530e333a07438218,Cosmoz,0.21116415,0.36177713,oe:player:dd62ea30c72d69edfdbc9a86de04984,Prodigy,0.22168412,0.14028734,oe:player:c1bf3cfa3d2aa4464eed8b4724644dd,Wardian,0.14134767,0.14446457
ESPORTSTMNT02_1926586,2021-06-09,2021,Unknown,11.11,oe:team:c33bf74e075fb47e63c1eb63226ae3d,Furious Gaming Chile,lineup-092c4aa304ece08a,1,0.72914096,456.61519903,1.36067551,0.20795318,0.22668069,oe:player:d093de85c458fabe60eda8786a7bd6b,Manolito,0.18129443,0.14102300,oe:player:d03862f740c87d7ba17afc3cacaa20f,EXIMUS,0.16670668,0.21838989,oe:player:30fda405a39a1754550e87835c669fb,Emp,0.23065276,0.23560367,oe:player:d3bc65e5e987b942fba2400b4649f71,Viciun,0.26228418,0.30637671,oe:player:affea2faa664cb5130a7569ac4b74b3,Feitan,0.15906195,0.09860673
ESPORTSTMNT02_1926610,2021-06-09,2021,Unknown,11.11,oe:team:5c116dedda7feae2f6ffc093f844ac6,Rebirth eSports,lineup-5f9ea8b5f4158b36,1,0.75890360,434.96887967,1.64315353,0.20382199,0.25068666,oe:player:f1fa99d4fb0bd61ece7a4576a5507ba,Scrappy,0.19887821,0.12710882,oe:player:3e2e64ccceb9c7bfa8b72113d2940c3,Sami,0.19554487,0.16170852,oe:player:18eff78d8fbeb94244572cef0bb4536,Alowhed,0.21995192,0.20952994,oe:player:e87d9b370206c12da8a677cb495afb5,Lyg,0.23342949,0.38984045,oe:player:526fdc640d635b7c6f01cd356345db0,Duivel,0.15219551,0.11181226
ESPORTSTMNT02_1926610,2021-06-09,2021,Unknown,11.11,oe:team:ba3b1a1f005f917f9aaea679f31ae08,Bencheados,lineup-097a9f3438d30f47,0,-1.03522885,214.72406639,1.49377593,0.21209292,0.26298329,oe:player:d7489947f78bf18709270b555816665,Deratero,0.19797576,0.10003188,oe:player:e125fd5aae78be68687e3ee2fc95f11,Funky Dog,0.17981472,0.20116525,oe:player:b4067a049170b186439a5fc1a0d971f,Wandering,0.21466759,0.24296356,oe:player:905b58ee28fd586c8870ce6c8af1f6c,Wonder,0.27939436,0.38537349,oe:player:d99c1faaba5061813508a061f33bd2a,Hayha,0.12814757,0.07046581
ESPORTSTMNT02_1926649,2021-06-10,2021,Unknown,11.11,oe:team:71cc230a7d2155dd4958f3de7ad40bb,Santiago Wanderers eSports,lineup-90d19d5eaa369617,0,-1.12308739,240.55990783,1.08525346,0.20973933,0.27478484,oe:player:ed5e33a16b4c021ea0a9ce1e8f23a5a,Hazard,0.18934024,0.11206575,oe:player:9a2f5597c8acf766dfcee23a4a4d71e,koughi,0.20349418,0.15444958,oe:player:66a45be025e362d7d650d5d8b4b0935,Zaphyr,0.25806525,0.25953277,oe:player:ec40ca8fe7e6ed94b321110063bed2c,GunPoint,0.22428208,0.40829287,oe:player:59106219d6adffb36fe52ff2f3f781c,Caos,0.12481825,0.06565903
ESPORTSTMNT02_1926649,2021-06-10,2021,Unknown,11.11,oe:team:cb951a65f688a6e2bdf1d8d4a91da4d,Cruzados Esports,lineup-845780a91f3259c1,1,-0.80206021,342.33179724,1.56221198,0.20442199,0.25843332,oe:player:b9833585bf011bdf1cdf48a80b5a881,LukasNegro,0.20530295,0.12321299,oe:player:62633293ebe4ae9a06bb68c78cf9484,Kartana,0.20400738,0.15237057,oe:player:de5baf357cd597896c34639e1c1e573,Kirito,0.21717602,0.37478798,oe:player:a1cf236c2b3c7deff8f57282dd2a84f,Emets,0.22995421,0.27085857,oe:player:007cc9547ae8884ad597cd92ba50542,Severity,0.14355944,0.07876989
ESPORTSTMNT02_1926697,2021-06-10,2021,Unknown,11.11,oe:team:096d11bb39c67344ba0d303a4505e81,Newstar,lineup-69a36becab81eb20,1,0.76470001,450.74588118,1.70144783,0.21224736,0.24483894,oe:player:f01edf63566e420e611fe50f0a0032c,Antimagic,0.16747954,0.11754855,oe:player:6ffda240105538d79cc27c57a5ea46d,Douny,0.20280321,0.18513497,oe:player:6aff04000a3032154606825dbb26529,Fear,0.19534959,0.23887183,oe:player:a23e88f88c9668bf9d4dea3d00d606d,KouZZe,0.28988090,0.36075335,oe:player:fb8a1248ec042b539f281c3268fc864,PikaBoss,0.14448675,0.09769130
ESPORTSTMNT02_1926697,2021-06-10,2021,Unknown,11.11,oe:team:a19a63a498e083aef0b8fc70b2b7715,Movistar Optix,lineup-d172b59bfbc4635f,0,-0.61781587,329.85921118,1.12031952,0.20547616,0.24530552,oe:player:5d16b474fe0e5c99f5647b615816e12,Arfyss,0.23032991,0.18374834,oe:player:d68b7d3b26ccc08cc30abb5210e5839,Amarant,0.20820627,0.19907735,oe:player:fbbdc14045f1d9b78dd8fd4ca50306d,Piqueos,0.19792995,0.18471095,oe:player:4ae382e5cc3e063f06c8e0f3fa41afd,KreshtDoo,0.22546900,0.36502661,oe:player:7a913e753d77491e84e55c61204fb0c,Gralou,0.13806487,0.06743675
ESPORTSTMNT02_1927242,2021-06-10,2021,Unknown,11.11,oe:team:cb951a65f688a6e2bdf1d8d4a91da4d,Cruzados Esports,lineup-845780a91f3259c1,0,-1.75364654,248.38679792,1.45222930,0.20826402,0.26000536,oe:player:b9833585bf011bdf1cdf48a80b5a881,LukasNegro,0.20412343,0.29216438,oe:player:62633293ebe4ae9a06bb68c78cf9484,Kartana,0.21179860,0.33767869,oe:player:de5baf357cd597896c34639e1c1e573,Kirito,0.19710099,0.15587322,oe:player:a1cf236c2b3c7deff8f57282dd2a84f,Emets,0.25679174,0.18888298,oe:player:007cc9547ae8884ad597cd92ba50542,Severity,0.13018524,0.02540073
ESPORTSTMNT02_1927242,2021-06-10,2021,Unknown,11.11,oe:team:f3bc4f2e318bd6b40e1ddd88c637396,Kaos Latin Gamers Academy,lineup-ae57961326c44301,1,-0.40806794,317.36421540,1.24377533,0.20921438,0.32996894,oe:player:9b997d21495dbcdcb3a00095e4b6e1f,Rockstar,0.21168591,0.15766081,oe:player:f38784ca7ec10b84f1c1f84121428d6,Xeydon,0.17392683,0.10642816,oe:player:0bc91bc67360a5b84f5f79d06e7a43e,KearZy,0.26300767,0.51755922,oe:player:ba722a5e6c2fc8344cdc9d4647d2999,AZR,0.21597672,0.14141525,oe:player:65568d869f85a561ada66050521f65e,Milo,0.13540287,0.07693655
ESPORTSTMNT02_1927263,2021-06-10,2021,Unknown,11.11,oe:team:5c116dedda7feae2f6ffc093f844ac6,Rebirth eSports,lineup-5f9ea8b5f4158b36,1,-0.54911654,238.71476888,1.46110485,0.20541982,0.23722145,oe:player:f1fa99d4fb0bd61ece7a4576a5507ba,Scrappy,0.21287430,0.14420516,oe:player:3e2e64ccceb9c7bfa8b72113d2940c3,Sami,0.19269017,0.22808161,oe:player:18eff78d8fbeb94244572cef0bb4536,Alowhed,0.23053080,0.34888070,oe:player:e87d9b370206c12da8a677cb495afb5,Lyg,0.22447925,0.18308303,oe:player:526fdc640d635b7c6f01cd356345db0,Duivel,0.13942547,0.09574950
ESPORTSTMNT02_1927263,2021-06-10,2021,Unknown,11.11,oe:team:71cc230a7d2155dd4958f3de7ad40bb,Santiago Wanderers eSports,lineup-90d19d5eaa369617,0,-1.40115941,242.13077790,1.42051860,0.20674747,0.24265660,oe:player:ed5e33a16b4c021ea0a9ce1e8f23a5a,Hazard,0.21175003,0.16854309,oe:player:9a2f5597c8acf766dfcee23a4a4d71e,koughi,0.20376545,0.11328398,oe:player:66a45be025e362d7d650d5d8b4b0935,Zaphyr,0.23779063,0.28892303,oe:player:ec40ca8fe7e6ed94b321110063bed2c,GunPoint,0.21662697,0.32823020,oe:player:59106219d6adffb36fe52ff2f3f781c,Caos,0.13006692,0.10101970
ESPORTSTMNT02_1927283,2021-06-10,2021,Unknown,11.11,oe:team:096d11bb39c67344ba0d303a4505e81,Newstar,lineup-69a36becab81eb20,0,-0.27550317,405.47368421,1.20371517,0.20818892,0.25660747,oe:player:f01edf63566e420e611fe50f0a0032c,Antimagic,0.23505967,0.21511820,oe:player:6ffda240105538d79cc27c57a5ea46d,Douny,0.15717302,0.07729522,oe:player:6aff04000a3032154606825dbb26529,Fear,0.22400418,0.27586586,oe:player:a23e88f88c9668bf9d4dea3d00d606d,KouZZe,0.23887927,0.34826828,oe:player:fb8a1248ec042b539f281c3268fc864,PikaBoss,0.14488387,0.08345245
ESPORTSTMNT02_1927283,2021-06-10,2021,Unknown,11.11,oe:team:c5c317341ae046ce3345b8d56efce5c,Dark Horse,lineup-d7a431a8b47493fd,1,1.96075217,608.98328173,1.50835913,0.20364229,0.21441518,oe:player:ba8eae65e7f69e7f2405a2d8faa59c0,Kryzpo,0.22532204,0.19486573,oe:player:53c5acbf75de5e3342bc323e60268dd,Ocean,0.22057149,0.22268451,oe:player:cf6fe267c79a3e3ea388534d48dd66d,Regi,0.21437976,0.28973023,oe:player:ce311f9a3d94cb7038eb2ea051144c2,Perro,0.18651697,0.15219805,oe:player:c6a3d2fb852e7fbe44c84dd6e23f971,Pyl,0.15320974,0.14052148
ESPORTSTMNT02_1927308,2021-06-11,2021,Unknown,11.11,oe:team:ba3b1a1f005f917f9aaea679f31ae08,Bencheados,lineup-097a9f3438d30f47,0,0.57879389,420.54594112,1.32203390,0.20657371,0.23788492,oe:player:d7489947f78bf18709270b555816665,Deratero,0.22889029,0.22714198,oe:player:e125fd5aae78be68687e3ee2fc95f11,Funky Dog,0.19486559,0.17387874,oe:player:b4067a049170b186439a5fc1a0d971f,Wandering,0.20783323,0.30149417,oe:player:905b58ee28fd586c8870ce6c8af1f6c,Wonder,0.23496175,0.25099272,oe:player:d99c1faaba5061813508a061f33bd2a,Hayha,0.13344915,0.04649239
ESPORTSTMNT02_1927308,2021-06-11,2021,Unknown,11.11,oe:team:c33bf74e075fb47e63c1eb63226ae3d,Furious Gaming Chile,lineup-092c4aa304ece08a,1,0.50012257,481.25780553,1.53612846,0.20762595,0.24607914,oe:player:d093de85c458fabe60eda8786a7bd6b,Manolito,0.20734216,0.17910249,oe:player:d03862f740c87d7ba17afc3cacaa20f,EXIMUS,0.18711620,0.17349719,oe:player:30fda405a39a1754550e87835c669fb,Emp,0.23391761,0.21910693,oe:player:d3bc65e5e987b942fba2400b4649f71,Viciun,0.23990938,0.36276483,oe:player:affea2faa664cb5130a7569ac4b74b3,Feitan,0.13171466,0.06552855
ESPORTSTMNT02_1927330,2021-06-11,2021,Unknown,11.11,oe:team:5babf9f14b8cc18a551ee1fd2d5c6f9,LDM Esports,lineup-0fd0338ae6579ae5,0,0.12657461,396.89842932,1.37591623,0.20739128,0.23963122,oe:player:805ebae4eabf3730d5f66e854033374,Knod,0.21032664,0.24519969,oe:player:baab52118a09c2b4e43f4950ec5af6b,Day Beats,0.18687361,0.11082266,oe:player:73b8ea5aed1fefc530e333a07438218,Cosmoz,0.21744776,0.31773068,oe:player:dd62ea30c72d69edfdbc9a86de04984,Prodigy,0.25055792,0.24391750,oe:player:c1bf3cfa3d2aa4464eed8b4724644dd,Wardian,0.13479408,0.08232948
ESPORTSTMNT02_1927330,2021-06-11,2021,Unknown,11.11,oe:team:a19a63a498e083aef0b8fc70b2b7715,Movistar Optix,lineup-d172b59bfbc4635f,1,0.68672919,444.28900524,1.33821990,0.20977874,0.24365242,oe:player:5d16b474fe0e5c99f5647b615816e12,Arfyss,0.24304237,0.17936535,oe:player:d68b7d3b26ccc08cc30abb5210e5839,Amarant,0.19445041,0.30561683,oe:player:fbbdc14045f1d9b78dd8fd4ca50306d,Piqueos,0.20307210,0.13066350,oe:player:4ae382e5cc3e063f06c8e0f3fa41afd,KreshtDoo,0.23914444,0.30867130,oe:player:7a913e753d77491e84e55c61204fb0c,Gralou,0.12029069,0.07568301
ESPORTSTMNT02_1931468,2021-06-02,2021,Unknown,11.11,oe:team:5babf9f14b8cc18a551ee1fd2d5c6f9,LDM Esports,lineup-0fd0338ae6579ae5,0,-0.57368996,258.78891688,1.48110831,0.20771592,0.23190538,oe:player:805ebae4eabf3730d5f66e854033374,Knod,0.18641128,0.20040647,oe:player:baab52118a09c2b4e43f4950ec5af6b,Day Beats,0.20126491,0.13121379,oe:player:73b8ea5aed1fefc530e333a07438218,Cosmoz,0.22696061,0.25913381,oe:player:dd62ea30c72d69edfdbc9a86de04984,Prodigy,0.25054210,0.31332928,oe:player:c1bf3cfa3d2aa4464eed8b4724644dd,Wardian,0.13482111,0.09591665
ESPORTSTMNT02_1931468,2021-06-02,2021,Unknown,11.11,oe:team:ba3b1a1f005f917f9aaea679f31ae08,Bencheados,lineup-5511ffc4a130e862,1,1.05495299,388.04433249,1.51133501,0.21361585,0.23146658,oe:player:d7489947f78bf18709270b555816665,Deratero,0.16586837,0.11590771,oe:player:e125fd5aae78be68687e3ee2fc95f11,Funky Dog,0.17467846,0.18775803,oe:player:b4067a049170b186439a5fc1a0d971f,Wandering,0.26868414,0.26316035,oe:player:905b58ee28fd586c8870ce6c8af1f6c,Wonder,0.25475446,0.31584851,oe:player:59473cb24ef2f321262a35b4d8256f2,Sholwan,0.13601457,0.11732540
ESPORTSTMNT02_1931499,2021-06-02,2021,Unknown,11.11,oe:team:a19a63a498e083aef0b8fc70b2b7715,Movistar Optix,lineup-d172b59bfbc4635f,1,0.75279575,466.01536098,1.51152074,0.20859566,0.24723605,oe:player:5d16b474fe0e5c99f5647b615816e12,Arfyss,0.19884561,0.21677390,oe:player:d68b7d3b26ccc08cc30abb5210e5839,Amarant,0.20393195,0.09046200,oe:player:fbbdc14045f1d9b78dd8fd4ca50306d,Piqueos,0.21410463,0.27137282,oe:player:4ae382e5cc3e063f06c8e0f3fa41afd,KreshtDoo,0.25573608,0.33241918,oe:player:7a913e753d77491e84e55c61204fb0c,Gralou,0.12738173,0.08897210
ESPORTSTMNT02_1931499,2021-06-02,2021,Unknown,11.11,oe:team:cb951a65f688a6e2bdf1d8d4a91da4d,Cruzados Esports,lineup-845780a91f3259c1,0,-0.08684728,378.87557604,1.26574501,0.20736263,0.23589233,oe:player:b9833585bf011bdf1cdf48a80b5a881,LukasNegro,0.24144238,0.23795855,oe:player:62633293ebe4ae9a06bb68c78cf9484,Kartana,0.18635479,0.09771010,oe:player:de5baf357cd597896c34639e1c1e573,Kirito,0.20016444,0.23946677,oe:player:a1cf236c2b3c7deff8f57282dd2a84f,Emets,0.23635814,0.31760241,oe:player:007cc9547ae8884ad597cd92ba50542,Severity,0.13568025,0.10726217
ESPORTSTMNT02_1931533,2021-06-02,2021,Unknown,11.11,oe:team:c33bf74e075fb47e63c1eb63226ae3d,Furious Gaming Chile,lineup-092c4aa304ece08a,1,0.43302304,474.10030960,1.49349845,0.20961562,0.24016422,oe:player:d093de85c458fabe60eda8786a7bd6b,Manolito,0.20796957,0.24119989,oe:player:d03862f740c87d7ba17afc3cacaa20f,EXIMUS,0.16645535,0.13749491,oe:player:30fda405a39a1754550e87835c669fb,Emp,0.25658395,0.28415823,oe:player:d3bc65e5e987b942fba2400b4649f71,Viciun,0.23320051,0.28149390,oe:player:affea2faa664cb5130a7569ac4b74b3,Feitan,0.13579062,0.05565307
ESPORTSTMNT02_1931533,2021-06-02,2021,Unknown,11.11,oe:team:f3bc4f2e318bd6b40e1ddd88c637396,Kaos Latin Gamers Academy,lineup-ae57961326c44301,0,-0.06170602,267.17275542,1.33746130,0.20560382,0.22760243,oe:player:9b997d21495dbcdcb3a00095e4b6e1f,Rockstar,0.21804990,0.23330645,oe:player:f38784ca7ec10b84f1c1f84121428d6,Xeydon,0.18258656,0.14906694,oe:player:0bc91bc67360a5b84f5f79d06e7a43e,KearZy,0.23383401,0.29195984,oe:player:ba722a5e6c2fc8344cdc9d4647d2999,AZR,0.22298880,0.24245627,oe:player:65568d869f85a561ada66050521f65e,Milo,0.14254073,0.08321050
ESPORTSTMNT02_1931547,2021-06-03,2021,Unknown,11.11,oe:team:096d11bb39c67344ba0d303a4505e81,Newstar,lineup-69a36becab81eb20,1,-0.36869788,309.28455285,1.44715447,0.20949336,0.24312788,oe:player:f01edf63566e420e611fe50f0a0032c,Antimagic,0.18295504,0.14675008,oe:player:6ffda240105538d79cc27c57a5ea46d,Douny,0.19042938,0.15651122,oe:player:6aff04000a3032154606825dbb26529,Fear,0.23176232,0.22275380,oe:player:a23e88f88c9668bf9d4dea3d00d606d,KouZZe,0.26102357,0.36955646,oe:player:fb8a1248ec042b539f281c3268fc864,PikaBoss,0.13382969,0.10442844
ESPORTSTMNT02_1931547,2021-06-03,2021,Unknown,11.11,oe:team:5c116dedda7feae2f6ffc093f844ac6,Rebirth eSports,lineup-b6c3f9ba21ba0e73,0,0.05521282,334.61246612,1.33875339,0.20906168,0.23097308,oe:player:f1fa99d4fb0bd61ece7a4576a5507ba,Scrappy,0.23680409,0.23373720,oe:player:3e2e64ccceb9c7bfa8b72113d2940c3,Sami,0.19172464,0.27789296,oe:player:18eff78d8fbeb94244572cef0bb4536,Alowhed,0.22355422,0.27394065,oe:player:350b1ee846a2badcb03cf11cf9b7749,Kayse,0.22747273,0.13047493,oe:player:526fdc640d635b7c6f01cd356345db0,Duivel,0.12044432,0.08395426
ESPORTSTMNT02_1931564,2021-06-03,2021,Unknown,11.11,oe:team:71cc230a7d2155dd4958f3de7ad40bb,Santiago Wanderers eSports,lineup-90d19d5eaa369617,0,-2.04944916,138.66105263,1.43157895,0.20675915,0.21336202,oe:player:ed5e33a16b4c021ea0a9ce1e8f23a5a,Hazard,0.20472873,0.24249970,oe:player:9a2f5597c8acf766dfcee23a4a4d71e,koughi,0.16989412,0.16482449,oe:player:66a45be025e362d7d650d5d8b4b0935,Zaphyr,0.25067201,0.15419653,oe:player:ec40ca8fe7e6ed94b321110063bed2c,GunPoint,0.22571178,0.28039597,oe:player:59106219d6adffb36fe52ff2f3f781c,Caos,0.14899336,0.15808332
ESPORTSTMNT02_1931564,2021-06-03,2021,Unknown,11.11,oe:team:c5c317341ae046ce3345b8d56efce5c,Dark Horse,lineup-d7a431a8b47493fd,1,-0.82956591,212.57263158,1.40631579,0.20361335,0.22637032,oe:player:ba8eae65e7f69e7f2405a2d8faa59c0,Kryzpo,0.20604119,0.18844828,oe:player:53c5acbf75de5e3342bc323e60268dd,Ocean,0.23373742,0.33276552,oe:player:cf6fe267c79a3e3ea388534d48dd66d,Regi,0.20622045,0.18630908,oe:player:ce311f9a3d94cb7038eb2ea051144c2,Perro,0.20290407,0.18258527,oe:player:c6a3d2fb852e7fbe44c84dd6e23f971,Pyl,0.15109687,0.10989185
ESPORTSTMNT02_1937191,2021-06-11,2021,Unknown,11.11,oe:team:a19a63a498e083aef0b8fc70b2b7715,Movistar Optix,lineup-d172b59bfbc4635f,1,-0.07673892,464.65944096,1.34854535,0.20998817,0.26896436,oe:player:5d16b474fe0e5c99f5647b615816e12,Arfyss,0.18548092,0.19061860,oe:player:d68b7d3b26ccc08cc30abb5210e5839,Amarant,0.18445535,0.09397605,oe:player:fbbdc14045f1d9b78dd8fd4ca50306d,Piqueos,0.24280273,0.36276315,oe:player:4ae382e5cc3e063f06c8e0f3fa41afd,KreshtDoo,0.25536591,0.29884058,oe:player:7a913e753d77491e84e55c61204fb0c,Gralou,0.13189510,0.05380162
ESPORTSTMNT02_1937191,2021-06-11,2021,Unknown,11.11,oe:team:c5c317341ae046ce3345b8d56efce5c,Dark Horse,lineup-d7a431a8b47493fd,0,-0.46167366,280.60011409,1.17741015,0.20320134,0.21904729,oe:player:ba8eae65e7f69e7f2405a2d8faa59c0,Kryzpo,0.22364938,0.24849357,oe:player:53c5acbf75de5e3342bc323e60268dd,Ocean,0.21190122,0.19816545,oe:player:cf6fe267c79a3e3ea388534d48dd66d,Regi,0.22393894,0.18025908,oe:player:ce311f9a3d94cb7038eb2ea051144c2,Perro,0.16137172,0.27581664,oe:player:c6a3d2fb852e7fbe44c84dd6e23f971,Pyl,0.17913874,0.09726525
ESPORTSTMNT02_1937223,2021-06-11,2021,Unknown,11.11,oe:team:096d11bb39c67344ba0d303a4505e81,Newstar,lineup-69a36becab81eb20,1,-0.21481121,345.25878594,1.51437700,0.21436866,0.27447200,oe:player:f01edf63566e420e611fe50f0a0032c,Antimagic,0.16417584,0.13912331,oe:player:6ffda240105538d79cc27c57a5ea46d,Douny,0.18402503,0.13494531,oe:player:6aff04000a3032154606825dbb26529,Fear,0.24123658,0.25646827,oe:player:a23e88f88c9668bf9d4dea3d00d606d,KouZZe,0.27969181,0.40927766,oe:player:fb8a1248ec042b539f281c3268fc864,PikaBoss,0.13087074,0.06018544
ESPORTSTMNT02_1937223,2021-06-11,2021,Unknown,11.11,oe:team:ba3b1a1f005f917f9aaea679f31ae08,Bencheados,lineup-097a9f3438d30f47,0,0.42583295,435.33546326,1.64856230,0.20532004,0.27801129,oe:player:d7489947f78bf18709270b555816665,Deratero,0.23439719,0.35081462,oe:player:e125fd5aae78be68687e3ee2fc95f11,Funky Dog,0.19665478,0.06432188,oe:player:b4067a049170b186439a5fc1a0d971f,Wandering,0.21900455,0.21592911,oe:player:905b58ee28fd586c8870ce6c8af1f6c,Wonder,0.21040960,0.31885733,oe:player:d99c1faaba5061813508a061f33bd2a,Hayha,0.13953387,0.05007706
ESPORTSTMNT03/1752986,2021-02-17,2021,Unknown,11.03,oe:team:096d11bb39c67344ba0d303a4505e81,Newstar,lineup-686ef2e469a46898,1,,320.74949084,1.46639511,0.20560309,0.21942005,oe:player:d7489947f78bf18709270b555816665,Deratero,0.23764043,0.21977547,oe:player:e125fd5aae78be68687e3ee2fc95f11,Funky Dog,0.19690149,0.24245657,oe:player:73b8ea5aed1fefc530e333a07438218,Cosmoz,0.18244312,0.15234177,oe:player:40f2085f7e220c565206b944e72f2f7,Egotistic,0.23465953,0.27887839,oe:player:4ff224901b37d52d1f1d85e6c702a39,IgnaVilu,0.14835544,0.10654780
ESPORTSTMNT03/1752986,2021-02-17,2021,Unknown,11.03,oe:team:5c116dedda7feae2f6ffc093f844ac6,Rebirth eSports,lineup-f963747881ec7ebe,0,,204.79837067,1.09979633,0.20475635,0.24101618,oe:player:65cc80ed438421c722c7609622fcae8,TxZ,0.21435029,0.12343371,oe:player:17badd69433ad6e3af7dfdcfc573eeb,Winter,0.19744455,0.19002347,oe:player:e9b14ee01169f2b367c7fc21848679f,SkyMind,0.22477700,0.37594972,oe:player:ba722a5e6c2fc8344cdc9d4647d2999,AZR,0.22209499,0.16233740,oe:player:074ca14b0fa039b49a6bd7edc433e89,Glory,0.14133317,0.14825570
ESPORTSTMNT03/1753038,2021-02-17,2021,Unknown,11.03,oe:team:71cc230a7d2155dd4958f3de7ad40bb,Santiago Wanderers eSports,lineup-b0c27dc831870d6e,1,,423.32387415,1.30289944,0.20611235,0.29193003,oe:player:c48beab1564e4f2c05080bbeb13726b,Makishy,0.18224945,0.15696698,oe:player:993d7f137872d18adc42aa9aa508a8b,Camilonicolau,0.19659635,0.10151441,oe:player:0bc91bc67360a5b84f5f79d06e7a43e,KearZy,0.22222734,0.23726917,oe:player:62ba359fa6b58bea641314e7a4635cf,Nantes,0.25089812,0.44390039,oe:player:59473cb24ef2f321262a35b4d8256f2,Sholwan,0.14802874,0.06034905
ESPORTSTMNT03/1753038,2021-02-17,2021,Unknown,11.03,oe:team:ba3b1a1f005f917f9aaea679f31ae08,Bencheados,lineup-2abcf67931335e50,0,,221.75200494,1.11782850,0.20355274,0.33952604,oe:player:f01edf63566e420e611fe50f0a0032c,Antimagic,0.18523575,0.07517944,oe:player:09df9e68902cee8732f903bbead50a9,Rainight,0.22057894,0.07961943,oe:player:6aff04000a3032154606825dbb26529,Fear,0.24201744,0.20954765,oe:player:905b58ee28fd586c8870ce6c8af1f6c,Wonder,0.17704462,0.51981305,oe:player:174147762fec5d9537f498ef166b4a5,Tsunami,0.17512325,0.11584043
ESPORTSTMNT03/1753080,2021-02-17,2021,Unknown,11.03,oe:team:65381c751e78df337720522a7275412,ODIN Gaming,lineup-5f263d73df8fa884,0,,253.85731560,1.32769045,0.21037757,0.24661573,oe:player:6138b4e3cfce7fb1d438ac203f1265c,Kanra,0.16965766,0.23718205,oe:player:d68b7d3b26ccc08cc30abb5210e5839,Amarant,0.20381982,0.07805087,oe:player:b7b27fd30d9097988844c2cfaf8f12e,N N,0.23690090,0.34215490,oe:player:a23e88f88c9668bf9d4dea3d00d606d,KouZZe,0.25816216,0.23652472,oe:player:c6a3d2fb852e7fbe44c84dd6e23f971,Pyl,0.13145946,0.10608745
ESPORTSTMNT03/1753080,2021-02-17,2021,Unknown,11.03,oe:team:cb951a65f688a6e2bdf1d8d4a91da4d,Cruzados Esports,lineup-845780a91f3259c1,1,,338.40870617,1.40024184,0.20800627,0.24578902,oe:player:b9833585bf011bdf1cdf48a80b5a881,LukasNegro,0.23858080,0.32209931,oe:player:62633293ebe4ae9a06bb68c78cf9484,Kartana,0.18167982,0.09964840,oe:player:de5baf357cd597896c34639e1c1e573,Kirito,0.19714639,0.29026241,oe:player:a1cf236c2b3c7deff8f57282dd2a84f,Emets,0.24617141,0.20051882,oe:player:007cc9547ae8884ad597cd92ba50542,Severity,0.13642157,0.08747106
ESPORTSTMNT03/1753162,2021-02-17,2021,Unknown,11.03,oe:team:49f7d0d26c02418d44ffcf34a087068,Australs,lineup-d7a5e2764fc31b19,1,,256.58019526,1.58437936,0.20828228,0.26581508,oe:player:7cba8e96b731a63a100267a3d07d68a,Burrito,0.19153045,0.20046965,oe:player:3e2e64ccceb9c7bfa8b72113d2940c3,Sami,0.20056930,0.07957906,oe:player:18eff78d8fbeb94244572cef0bb4536,Alowhed,0.21648300,0.33329710,oe:player:ec40ca8fe7e6ed94b321110063bed2c,GunPoint,0.25856444,0.32266481,oe:player:189a5a37a297a466a48066fedb27241,Nnicky,0.13285281,0.06398939
ESPORTSTMNT03/1753162,2021-02-17,2021,Unknown,11.03,oe:team:a19a63a498e083aef0b8fc70b2b7715,Movistar Optix,lineup-022dfa69823302b0,0,,268.29009763,1.32217573,0.20637262,0.24565141,oe:player:5d16b474fe0e5c99f5647b615816e12,Arfyss,0.20133811,0.22592585,oe:player:7c4c65147d1fd5043281209a511aa26,Ominick,0.18985661,0.22272359,oe:player:66a45be025e362d7d650d5d8b4b0935,Zaphyr,0.23716106,0.34786135,oe:player:cff378543c5bcc3d39d5aaca01b61fb,Kimi,0.23317700,0.14231353,oe:player:7a913e753d77491e84e55c61204fb0c,Gralou,0.13846723,0.06117569
ESPORTSTMNT03/1753210,2021-02-17,2021,Unknown,11.03,oe:team:5babf9f14b8cc18a551ee1fd2d5c6f9,LDM Esports,lineup-14884b178e904ede,0,,239.96564885,1.51717557,0.20668105,0.28423956,oe:player:c32e66894e6e164bea6d26fe5aaf78b,GianKios,0.22699409,0.36140669,oe:player:d1eb4dedba8e5c2b0001d202277d47b,Lil Knight,0.17475327,0.12936012,oe:player:b4067a049170b186439a5fc1a0d971f,Wandering,0.21297212,0.07489144,oe:player:e87d9b370206c12da8a677cb495afb5,Lyg,0.24283172,0.35310397,oe:player:dd62ea30c72d69edfdbc9a86de04984,Prodigy,0.14244881,0.08123777
ESPORTSTMNT03/1753210,2021-02-17,2021,Unknown,11.03,oe:team:c33bf74e075fb47e63c1eb63226ae3d,Furious Gaming Chile,lineup-7c9e273a37d546b3,1,,312.86450382,1.46564885,0.21043372,0.24444258,oe:player:d093de85c458fabe60eda8786a7bd6b,Manolito,0.20153009,0.23644482,oe:player:d03862f740c87d7ba17afc3cacaa20f,EXIMUS,0.17583290,0.14767508,oe:player:30fda405a39a1754550e87835c669fb,Emp,0.24027427,0.33376032,oe:player:d3bc65e5e987b942fba2400b4649f71,Viciun,0.25470216,0.22919831,oe:player:5a98ba300e1c781d7e91e1ac52902e2,Woohee,0.12766059,0.05292148
ESPORTSTMNT03/1753232,2021-02-18,2021,Unknown,11.03,oe:team:c5c317341ae046ce3345b8d56efce5c,Dark Horse,lineup-91cb290f6626bb3d,0,,364.22963276,1.69691853,0.20665714,0.26714286,oe:player:9b997d21495dbcdcb3a00095e4b6e1f,Rockstar,0.22156880,0.28344343,oe:player:a2b027a7f381c954eddcdc598035d69,Leigrey,0.20766609,0.09743411,oe:player:0fc1ccf8c73aa57eec800c254828e40,Snavet,0.21003348,0.20289271,oe:player:ce311f9a3d94cb7038eb2ea051144c2,Perro,0.23165656,0.36546833,oe:player:de74dc0ce635e91e85ca1a5056668cb,Keishao,0.12907506,0.05076142
ESPORTSTMNT03/1753232,2021-02-18,2021,Unknown,11.03,oe:team:f3bc4f2e318bd6b40e1ddd88c637396,Kaos Latin Gamers Academy,lineup-99e10d528c7c6b3a,1,,477.69016463,1.65639510,0.20944832,0.22825561,oe:player:ba8eae65e7f69e7f2405a2d8faa59c0,Kryzpo,0.19384879,0.23353198,oe:player:53c5acbf75de5e3342bc323e60268dd,Ocean,0.25696363,0.26895996,oe:player:87f9c53f8f466a417e52a132104870b,skr,0.21429756,0.25580039,oe:player:f1d0f1885cb3c4086498e51b543fc09,Sang,0.21127169,0.17887894,oe:player:1d67f2d70da0337f39229e850e03e3d,Clark Gregg,0.12361833,0.06282872
ESPORTSTMNT03/1756865,2021-02-24,2021,Unknown,11.03,oe:team:49f7d0d26c02418d44ffcf34a087068,Australs,lineup-d7a5e2764fc31b19,1,0.27628054,442.54256527,2.05221339,0.21311177,0.24681455,oe:player:7cba8e96b731a63a100267a3d07d68a,Burrito,0.18197259,0.16885195,oe:player:3e2e64ccceb9c7bfa8b72113d2940c3,Sami,0.17530618,0.13509798,oe:player:18eff78d8fbeb94244572cef0bb4536,Alowhed,0.21776943,0.30574536,oe:player:ec40ca8fe7e6ed94b321110063bed2c,GunPoint,0.28846915,0.31844670,oe:player:189a5a37a297a466a48066fedb27241,Nnicky,0.13648264,0.07185801
ESPORTSTMNT03/1756865,2021-02-24,2021,Unknown,11.03,oe:team:f3bc4f2e318bd6b40e1ddd88c637396,Kaos Latin Gamers Academy,lineup-99e10d528c7c6b3a,0,0.46598665,398.74233825,1.59818388,0.21041243,0.24987290,oe:player:ba8eae65e7f69e7f2405a2d8faa59c0,Kryzpo,0.25325481,0.32358266,oe:player:53c5acbf75de5e3342bc323e60268dd,Ocean,0.23428922,0.23205766,oe:player:87f9c53f8f466a417e52a132104870b,skr,0.19055428,0.14537194,oe:player:f1d0f1885cb3c4086498e51b543fc09,Sang,0.20133472,0.26238001,oe:player:1d67f2d70da0337f39229e850e03e3d,Clark Gregg,0.12056697,0.03660772
ESPORTSTMNT03/1756900,2021-02-24,2021,Unknown,11.03,oe:team:c33bf74e075fb47e63c1eb63226ae3d,Furious Gaming Chile,lineup-3a4502e5382d4ce8,1,0.82523639,519.52413324,1.19102651,0.21315403,0.23927286,oe:player:d093de85c458fabe60eda8786a7bd6b,Manolito,0.21372406,0.20588836,oe:player:1a499972cdeb4fa15ce1a7bf6f472ea,NegroNE,0.19201412,0.14182304,oe:player:30fda405a39a1754550e87835c669fb,Emp,0.18370987,0.20215121,oe:player:d3bc65e5e987b942fba2400b4649f71,Viciun,0.28458824,0.35658318,oe:player:5a98ba300e1c781d7e91e1ac52902e2,Woohee,0.12596371,0.09355421
ESPORTSTMNT03/1756900,2021-02-24,2021,Unknown,11.03,oe:team:c5c317341ae046ce3345b8d56efce5c,Dark Horse,lineup-91cb290f6626bb3d,0,0.90904860,287.21685928,1.00339905,0.20303961,0.21031211,oe:player:9b997d21495dbcdcb3a00095e4b6e1f,Rockstar,0.18746664,0.13431606,oe:player:a2b027a7f381c954eddcdc598035d69,Leigrey,0.18714636,0.24704613,oe:player:0fc1ccf8c73aa57eec800c254828e40,Snavet,0.24853208,0.22088730,oe:player:ce311f9a3d94cb7038eb2ea051144c2,Perro,0.18156827,0.23977505,oe:player:de74dc0ce635e91e85ca1a5056668cb,Keishao,0.19528664,0.15797546
ESPORTSTMNT03/1756922,2021-02-24,2021,Unknown,11.03,oe:team:5c116dedda7feae2f6ffc093f844ac6,Rebirth eSports,lineup-5f3c9803e51cdf68,0,-0.69157957,181.91867677,1.40592695,0.20845672,0.21603094,oe:player:65cc80ed438421c722c7609622fcae8,TxZ,0.20546298,0.27849252,oe:player:7a1816535cdcfc18cf630f113394cf0,Empanadita,0.17685965,0.18107015,oe:player:e9b14ee01169f2b367c7fc21848679f,SkyMind,0.25848938,0.25444379,oe:player:ba722a5e6c2fc8344cdc9d4647d2999,AZR,0.22224131,0.14792926,oe:player:074ca14b0fa039b49a6bd7edc433e89,Glory,0.13694669,0.13806428
ESPORTSTMNT03/1756922,2021-02-24,2021,Unknown,11.03,oe:team:71cc230a7d2155dd4958f3de7ad40bb,Santiago Wanderers eSports,lineup-b5adc99abbf37bab,1,-0.42979345,320.22053756,1.52997932,0.20492513,0.22620370,oe:player:a2b6e393c91152242dcc619fc05ad56,Fiv,0.21864020,0.22729855,oe:player:993d7f137872d18adc42aa9aa508a8b,Camilonicolau,0.18408022,0.16807851,oe:player:0bc91bc67360a5b84f5f79d06e7a43e,KearZy,0.21463354,0.23347107,oe:player:62ba359fa6b58bea641314e7a4635cf,Nantes,0.23581746,0.29258781,oe:player:59473cb24ef2f321262a35b4d8256f2,Sholwan,0.14682858,0.07856405
ESPORTSTMNT03/1756955,2021-02-24,2021,Unknown,11.03,oe:team:5babf9f14b8cc18a551ee1fd2d5c6f9,LDM Esports,lineup-14884b178e904ede,0,-0.64309936,230.11466165,1.49436090,0.20772979,0.23273208,oe:player:c32e66894e6e164bea6d26fe5aaf78b,GianKios,0.20867542,0.18217463,oe:player:d1eb4dedba8e5c2b0001d202277d47b,Lil Knight,0.18986125,0.08302497,oe:player:b4067a049170b186439a5fc1a0d971f,Wandering,0.22342667,0.29825765,oe:player:e87d9b370206c12da8a677cb495afb5,Lyg,0.24716355,0.28311319,oe:player:dd62ea30c72d69edfdbc9a86de04984,Prodigy,0.13087311,0.15342956
ESPORTSTMNT03/1756955,2021-02-24,2021,Unknown,11.03,oe:team:65381c751e78df337720522a7275412,ODIN Gaming,lineup-b28bf1e7c4023da1,1,0.29902591,310.28571429,1.61842105,0.20980769,0.22836255,oe:player:6138b4e3cfce7fb1d438ac203f1265c,Kanra,0.21441329,0.32902006,oe:player:11e35320b6079280e7d88cc2b87a4c0,1Haru,0.17160614,0.19207982,oe:player:b7b27fd30d9097988844c2cfaf8f12e,N N,0.24301915,0.15885795,oe:player:a23e88f88c9668bf9d4dea3d00d606d,KouZZe,0.24258353,0.21817752,oe:player:c6a3d2fb852e7fbe44c84dd6e23f971,Pyl,0.12837789,0.10186464
ESPORTSTMNT03/1756976,2021-02-24,2021,Unknown,11.03,oe:team:096d11bb39c67344ba0d303a4505e81,Newstar,lineup-686ef2e469a46898,0,-0.06090714,339.99789141,1.44227728,0.21114867,0.24670212,oe:player:d7489947f78bf18709270b555816665,Deratero,0.23388306,0.24897671,oe:player:e125fd5aae78be68687e3ee2fc95f11,Funky Dog,0.16359892,0.12363251,oe:player:73b8ea5aed1fefc530e333a07438218,Cosmoz,0.24392623,0.35171541,oe:player:40f2085f7e220c565206b944e72f2f7,Egotistic,0.23355792,0.19998884,oe:player:4ff224901b37d52d1f1d85e6c702a39,IgnaVilu,0.12503387,0.07568654
ESPORTSTMNT03/1756976,2021-02-24,2021,Unknown,11.03,oe:team:a19a63a498e083aef0b8fc70b2b7715,Movistar Optix,lineup-b1adafcea28f087f,1,-0.41218222,274.53241961,1.09435952,0.20521674,0.21483346,oe:player:5d16b474fe0e5c99f5647b615816e12,Arfyss,0.22574840,0.23164128,oe:player:7c4c65147d1fd5043281209a511aa26,Ominick,0.20270770,0.26108897,oe:player:66a45be025e362d7d650d5d8b4b0935,Zaphyr,0.24382778,0.20915228,oe:player:350b1ee846a2badcb03cf11cf9b7749,Kayse,0.16130172,0.19818429,oe:player:7a913e753d77491e84e55c61204fb0c,Gralou,0.16641440,0.09993318
ESPORTSTMNT03/1756981,2021-02-25,2021,Unknown,11.03,oe:team:ba3b1a1f005f917f9aaea679f31ae08,Bencheados,lineup-2164fdeb8b3b5955,0,0.50091511,359.28277635,1.33419023,0.20766644,0.22926007,oe:player:f01edf63566e420e611fe50f0a0032c,Antimagic,0.19653450,0.23360594,oe:player:751db8ce6bb29533f47ca7093c325d5,Zwitch,0.18363854,0.13149591,oe:player:6aff04000a3032154606825dbb26529,Fear,0.23941945,0.32333054,oe:player:905b58ee28fd586c8870ce6c8af1f6c,Wonder,0.24331168,0.20224526,oe:player:174147762fec5d9537f498ef166b4a5,Tsunami,0.13709583,0.10932234
ESPORTSTMNT03/1756981,2021-02-25,2021,Unknown,11.03,oe:team:cb951a65f688a6e2bdf1d8d4a91da4d,Cruzados Esports,lineup-845780a91f3259c1,1,0.46816356,466.71979434,1.12596401,0.20921250,0.25350311,oe:player:b9833585bf011bdf1cdf48a80b5a881,LukasNegro,0.18910789,0.25141280,oe:player:62633293ebe4ae9a06bb68c78cf9484,Kartana,0.19333022,0.11753528,oe:player:de5baf357cd597896c34639e1c1e573,Kirito,0.23105091,0.18102052,oe:player:a1cf236c2b3c7deff8f57282dd2a84f,Emets,0.25647828,0.37069963,oe:player:007cc9547ae8884ad597cd92ba50542,Severity,0.13003270,0.07933177
ESPORTSTMNT03/1757365,2021-02-25,2021,Unknown,11.03,oe:team:65381c751e78df337720522a7275412,ODIN Gaming,lineup-b28bf1e7c4023da1,1,0.41625027,369.80094787,1.69984202,0.20999403,0.22853695,oe:player:6138b4e3cfce7fb1d438ac203f1265c,Kanra,0.23205704,0.22896054,oe:player:11e35320b6079280e7d88cc2b87a4c0,1Haru,0.20369157,0.20377300,oe:player:b7b27fd30d9097988844c2cfaf8f12e,N N,0.23105848,0.30954700,oe:player:a23e88f88c9668bf9d4dea3d00d606d,KouZZe,0.22024590,0.18159293,oe:player:c6a3d2fb852e7fbe44c84dd6e23f971,Pyl,0.11294701,0.07612652
ESPORTSTMNT03/1757365,2021-02-25,2021,Unknown,11.03,oe:team:a19a63a498e083aef0b8fc70b2b7715,Movistar Optix,lineup-b1adafcea28f087f,0,-1.25985803,211.22274882,1.25750395,0.20788315,0.30069761,oe:player:5d16b474fe0e5c99f5647b615816e12,Arfyss,0.21481365,0.25904984,oe:player:7c4c65147d1fd5043281209a511aa26,Ominick,0.20405227,0.07524083,oe:player:66a45be025e362d7d650d5d8b4b0935,Zaphyr,0.23511441,0.42661401,oe:player:350b1ee846a2badcb03cf11cf9b7749,Kayse,0.22279599,0.21267875,oe:player:7a913e753d77491e84e55c61204fb0c,Gralou,0.12322368,0.02641656
ESPORTSTMNT03/1757391,2021-02-25,2021,Unknown,11.03,oe:team:c5c317341ae046ce3345b8d56efce5c,Dark Horse,lineup-91cb290f6626bb3d,0,0.64834435,355.73434535,1.18406072,0.20711415,0.23902264,oe:player:9b997d21495dbcdcb3a00095e4b6e1f,Rockstar,0.19255322,0.24982931,oe:player:a2b027a7f381c954eddcdc598035d69,Leigrey,0.19833420,0.07941453,oe:player:0fc1ccf8c73aa57eec800c254828e40,Snavet,0.20915642,0.28287958,oe:player:ce311f9a3d94cb7038eb2ea051144c2,Perro,0.25902080,0.28070325,oe:player:de74dc0ce635e91e85ca1a5056668cb,Keishao,0.14093537,0.10717334
ESPORTSTMNT03/1757391,2021-02-25,2021,Unknown,11.03,oe:team:cb951a65f688a6e2bdf1d8d4a91da4d,Cruzados Esports,lineup-845780a91f3259c1,1,0.26566059,454.67931689,1.40417457,0.20764400,0.22319502,oe:player:b9833585bf011bdf1cdf48a80b5a881,LukasNegro,0.20041777,0.17711672,oe:player:62633293ebe4ae9a06bb68c78cf9484,Kartana,0.20390540,0.26584201,oe:player:de5baf357cd597896c34639e1c1e573,Kirito,0.23548062,0.28963007,oe:player:a1cf236c2b3c7deff8f57282dd2a84f,Emets,0.23290686,0.16120793,oe:player:007cc9547ae8884ad597cd92ba50542,Severity,0.12728934,0.10620326
ESPORTSTMNT03/1757407,2021-02-25,2021,Unknown,11.03,oe:team:c33bf74e075fb47e63c1eb63226ae3d,Furious Gaming Chile,lineup-7c9e273a37d546b3,1,-0.23086862,376.56849953,1.49301025,0.20649724,0.28064244,oe:player:d093de85c458fabe60eda8786a7bd6b,Manolito,0.22427349,0.31675156,oe:player:d03862f740c87d7ba17afc3cacaa20f,EXIMUS,0.18444909,0.09895609,oe:player:30fda405a39a1754550e87835c669fb,Emp,0.23936738,0.37755966,oe:player:d3bc65e5e987b942fba2400b4649f71,Viciun,0.21442639,0.16080365,oe:player:5a98ba300e1c781d7e91e1ac52902e2,Woohee,0.13748365,0.04592905
ESPORTSTMNT03/1757407,2021-02-25,2021,Unknown,11.03,oe:team:f3bc4f2e318bd6b40e1ddd88c637396,Kaos Latin Gamers Academy,lineup-99e10d528c7c6b3a,0,-0.09867027,229.31407269,1.53215284,0.20703901,0.23467139,oe:player:ba8eae65e7f69e7f2405a2d8faa59c0,Kryzpo,0.22998639,0.27133068,oe:player:53c5acbf75de5e3342bc323e60268dd,Ocean,0.21252117,0.12655758,oe:player:87f9c53f8f466a417e52a132104870b,skr,0.21713650,0.27308640,oe:player:f1d0f1885cb3c4086498e51b543fc09,Sang,0.21439718,0.25487088,oe:player:1d67f2d70da0337f39229e850e03e3d,Clark Gregg,0.12595876,0.07415445
ESPORTSTMNT03/1757425,2021-02-25,2021,Unknown,11.03,oe:team:096d11bb39c67344ba0d303a4505e81,Newstar,lineup-686ef2e469a46898,0,0.40253624,443.43595770,1.52761457,0.20648998,0.25470973,oe:player:d7489947f78bf18709270b555816665,Deratero,0.19947491,0.20793716,oe:player:e125fd5aae78be68687e3ee2fc95f11,Funky Dog,0.20238542,0.21175311,oe:player:73b8ea5aed1fefc530e333a07438218,Cosmoz,0.24793339,0.37947446,oe:player:40f2085f7e220c565206b944e72f2f7,Egotistic,0.21348736,0.13551902,oe:player:4ff224901b37d52d1f1d85e6c702a39,IgnaVilu,0.13671893,0.06531625
ESPORTSTMNT03/1757425,2021-02-25,2021,Unknown,11.03,oe:team:ba3b1a1f005f917f9aaea679f31ae08,Bencheados,lineup-0c2026dc491b2bdf,1,1.63847036,461.47591069,1.57931845,0.20723187,0.23584258,oe:player:f01edf63566e420e611fe50f0a0032c,Antimagic,0.21448653,0.24666171,oe:player:f2ab3e94cdc9ce3d067e60c4bcb67a6,Frost,0.17087481,0.07543365,oe:player:6aff04000a3032154606825dbb26529,Fear,0.22935880,0.21576916,oe:player:905b58ee28fd586c8870ce6c8af1f6c,Wonder,0.24364703,0.32042494,oe:player:174147762fec5d9537f498ef166b4a5,Tsunami,0.14163282,0.14171055
ESPORTSTMNT03/1757436,2021-02-26,2021,Unknown,11.03,oe:team:5babf9f14b8cc18a551ee1fd2d5c6f9,LDM Esports,lineup-14884b178e904ede,1,-0.15922898,349.87660668,1.46529563,0.20840117,0.23817500,oe:player:c32e66894e6e164bea6d26fe5aaf78b,GianKios,0.19292291,0.10893301,oe:player:d1eb4dedba8e5c2b0001d202277d47b,Lil Knight,0.22504516,0.22368518,oe:player:b4067a049170b186439a5fc1a0d971f,Wandering,0.23996271,0.29946658,oe:player:e87d9b370206c12da8a677cb495afb5,Lyg,0.21819824,0.28120086,oe:player:dd62ea30c72d69edfdbc9a86de04984,Prodigy,0.12387099,0.08671438
ESPORTSTMNT03/1757436,2021-02-26,2021,Unknown,11.03,oe:team:5c116dedda7feae2f6ffc093f844ac6,Rebirth eSports,lineup-5f3c9803e51cdf68,0,0.48810618,343.91773779,1.93316195,0.20630586,0.24285783,oe:player:65cc80ed438421c722c7609622fcae8,TxZ,0.21506654,0.15003289,oe:player:7a1816535cdcfc18cf630f113394cf0,Empanadita,0.19493924,0.27835915,oe:player:e9b14ee01169f2b367c7fc21848679f,SkyMind,0.21089095,0.22769539,oe:player:ba722a5e6c2fc8344cdc9d4647d2999,AZR,0.24301331,0.29821204,oe:player:074ca14b0fa039b49a6bd7edc433e89,Glory,0.13608996,0.04570053
ESPORTSTMNT03/1757725,2021-02-26,2021,Unknown,11.03,oe:team:5babf9f14b8cc18a551ee1fd2d5c6f9,LDM Esports,lineup-14884b178e904ede,1,-0.62616830,305.66324683,1.54978877,0.20444729,0.22839278,oe:player:c32e66894e6e164bea6d26fe5aaf78b,GianKios,0.19235488,0.19155590,oe:player:d1eb4dedba8e5c2b0001d202277d47b,Lil Knight,0.21188943,0.19745540,oe:player:b4067a049170b186439a5fc1a0d971f,Wandering,0.21639445,0.25616604,oe:player:e87d9b370206c12da8a677cb495afb5,Lyg,0.23307262,0.28727462,oe:player:dd62ea30c72d69edfdbc9a86de04984,Prodigy,0.14628863,0.06754804
ESPORTSTMNT03/1757725,2021-02-26,2021,Unknown,11.03,oe:team:f3bc4f2e318bd6b40e1ddd88c637396,Kaos Latin Gamers Academy,lineup-99e10d528c7c6b3a,0,-0.34928061,246.45986723,1.23838262,0.20663126,0.22224562,oe:player:ba8eae65e7f69e7f2405a2d8faa59c0,Kryzpo,0.20790295,0.18873413,oe:player:53c5acbf75de5e3342bc323e60268dd,Ocean,0.21635840,0.18808768,oe:player:87f9c53f8f466a417e52a132104870b,skr,0.20590920,0.22152680,oe:player:f1d0f1885cb3c4086498e51b543fc09,Sang,0.23881816,0.30453691,oe:player:1d67f2d70da0337f39229e850e03e3d,Clark Gregg,0.13101129,0.09711448
ESPORTSTMNT03/1757737,2021-02-26,2021,Unknown,11.03,oe:team:096d11bb39c67344ba0d303a4505e81,Newstar,lineup-686ef2e469a46898,1,0.27061128,425.41186586,1.40326741,0.20591450,0.24282360,oe:player:d7489947f78bf18709270b555816665,Deratero,0.18926979,0.10219624,oe:player:e125fd5aae78be68687e3ee2fc95f11,Funky Dog,0.18446349,0.22229229,oe:player:73b8ea5aed1fefc530e333a07438218,Cosmoz,0.26628641,0.30650384,oe:player:40f2085f7e220c565206b944e72f2f7,Egotistic,0.19346806,0.28682133,oe:player:4ff224901b37d52d1f1d85e6c702a39,IgnaVilu,0.16651225,0.08218630
ESPORTSTMNT03/1757737,2021-02-26,2021,Unknown,11.03,oe:team:49f7d0d26c02418d44ffcf34a087068,Australs,lineup-d7a5e2764fc31b19,0,1.03215082,416.09458298,1.53224420,0.20994327,0.22608958,oe:player:7cba8e96b731a63a100267a3d07d68a,Burrito,0.16944825,0.21546626,oe:player:3e2e64ccceb9c7bfa8b72113d2940c3,Sami,0.19923091,0.11975996,oe:player:18eff78d8fbeb94244572cef0bb4536,Alowhed,0.26682962,0.25322059,oe:player:ec40ca8fe7e6ed94b321110063bed2c,GunPoint,0.22647590,0.29664117,oe:player:189a5a37a297a466a48066fedb27241,Nnicky,0.13801532,0.11491203
ESPORTSTMNT03/1757744,2021-02-26,2021,Unknown,11.03,oe:team:65381c751e78df337720522a7275412,ODIN Gaming,lineup-b28bf1e7c4023da1,1,1.11613696,453.78961385,1.55525965,0.20883195,0.20973518,oe:player:6138b4e3cfce7fb1d438ac203f1265c,Kanra,0.21954112,0.22033122,oe:player:11e35320b6079280e7d88cc2b87a4c0,1Haru,0.18558205,0.13646874,oe:player:b7b27fd30d9097988844c2cfaf8f12e,N N,0.24337110,0.20875832,oe:player:a23e88f88c9668bf9d4dea3d00d606d,KouZZe,0.22667103,0.26526133,oe:player:c6a3d2fb852e7fbe44c84dd6e23f971,Pyl,0.12483470,0.16918039
ESPORTSTMNT03/1757744,2021-02-26,2021,Unknown,11.03,oe:team:71cc230a7d2155dd4958f3de7ad40bb,Santiago Wanderers eSports,lineup-b5adc99abbf37bab,0,0.42634106,456.49533955,1.45938748,0.21042783,0.24309200,oe:player:a2b6e393c91152242dcc619fc05ad56,Fiv,0.19572925,0.22827774,oe:player:993d7f137872d18adc42aa9aa508a8b,Camilonicolau,0.17912435,0.12594070,oe:player:0bc91bc67360a5b84f5f79d06e7a43e,KearZy,0.21324862,0.17399979,oe:player:62ba359fa6b58bea641314e7a4635cf,Nantes,0.27568946,0.36541939,oe:player:59473cb24ef2f321262a35b4d8256f2,Sholwan,0.13620831,0.10636237
ESPORTSTMNT03/1757756,2021-02-27,2021,Unknown,11.03,oe:team:c33bf74e075fb47e63c1eb63226ae3d,Furious Gaming Chile,lineup-7c9e273a37d546b3,0,-0.33493306,304.92239468,1.31973392,0.21210602,0.23658209,oe:player:d093de85c458fabe60eda8786a7bd6b,Manolito,0.19968395,0.21048866,oe:player:d03862f740c87d7ba17afc3cacaa20f,EXIMUS,0.19013516,0.16787086,oe:player:30fda405a39a1754550e87835c669fb,Emp,0.21098110,0.21342059,oe:player:d3bc65e5e987b942fba2400b4649f71,Viciun,0.27669625,0.33682373,oe:player:5a98ba300e1c781d7e91e1ac52902e2,Woohee,0.12250353,0.07139616
ESPORTSTMNT03/1757756,2021-02-27,2021,Unknown,11.03,oe:team:cb951a65f688a6e2bdf1d8d4a91da4d,Cruzados Esports,lineup-845780a91f3259c1,1,-0.17427642,287.62749446,1.63902439,0.21002354,0.23453900,oe:player:b9833585bf011bdf1cdf48a80b5a881,LukasNegro,0.23023128,0.30825162,oe:player:62633293ebe4ae9a06bb68c78cf9484,Kartana,0.20049166,0.16653099,oe:player:de5baf357cd597896c34639e1c1e573,Kirito,0.20906741,0.22362627,oe:player:a1cf236c2b3c7deff8f57282dd2a84f,Emets,0.24427459,0.24107308,oe:player:007cc9547ae8884ad597cd92ba50542,Severity,0.11593507,0.06051804
ESPORTSTMNT03/1757768,2021-02-27,2021,Unknown,11.03,oe:team:a19a63a498e083aef0b8fc70b2b7715,Movistar Optix,lineup-022dfa69823302b0,0,0.69341681,497.80776479,1.48812665,0.21236574,0.24730132,oe:player:5d16b474fe0e5c99f5647b615816e12,Arfyss,0.25936566,0.37653216,oe:player:7c4c65147d1fd5043281209a511aa26,Ominick,0.18786715,0.15418374,oe:player:66a45be025e362d7d650d5d8b4b0935,Zaphyr,0.16981861,0.19469002,oe:player:cff378543c5bcc3d39d5aaca01b61fb,Kimi,0.25327218,0.19273649,oe:player:7a913e753d77491e84e55c61204fb0c,Gralou,0.12967639,0.08185758
ESPORTSTMNT03/1757768,2021-02-27,2021,Unknown,11.03,oe:team:c5c317341ae046ce3345b8d56efce5c,Dark Horse,lineup-91cb290f6626bb3d,1,1.73114899,516.37542405,1.95853750,0.21191490,0.28271359,oe:player:9b997d21495dbcdcb3a00095e4b6e1f,Rockstar,0.20646951,0.24824372,oe:player:a2b027a7f381c954eddcdc598035d69,Leigrey,0.18661614,0.14597677,oe:player:0fc1ccf8c73aa57eec800c254828e40,Snavet,0.17281764,0.09195704,oe:player:ce311f9a3d94cb7038eb2ea051144c2,Perro,0.28906829,0.42912703,oe:player:de74dc0ce635e91e85ca1a5056668cb,Keishao,0.14502842,0.08469543
ESPORTSTMNT03/1763771,2021-02-18,2021,Unknown,11.03,oe:team:096d11bb39c67344ba0d303a4505e81,Newstar,lineup-686ef2e469a46898,1,,424.42307692,1.28461538,0.20861036,0.24053988,oe:player:d7489947f78bf18709270b555816665,Deratero,0.23909834,0.24206615,oe:player:e125fd5aae78be68687e3ee2fc95f11,Funky Dog,0.17043304,0.12346171,oe:player:73b8ea5aed1fefc530e333a07438218,Cosmoz,0.22817776,0.32460353,oe:player:40f2085f7e220c565206b944e72f2f7,Egotistic,0.22963510,0.23655641,oe:player:4ff224901b37d52d1f1d85e6c702a39,IgnaVilu,0.13265577,0.07331219
ESPORTSTMNT03/1763771,2021-02-18,2021,Unknown,11.03,oe:team:c5c317341ae046ce3345b8d56efce5c,Dark Horse,lineup-1f0a153d1d873ae6,0,,193.32307692,1.16923077,0.20368926,0.21659015,oe:player:9b997d21495dbcdcb3a00095e4b6e1f,Rockstar,0.23967345,0.24590164,oe:player:a2b027a7f381c954eddcdc598035d69,Leigrey,0.21690242,0.23623269,oe:player:0fc1ccf8c73aa57eec800c254828e40,Snavet,0.20337330,0.16286010,oe:player:ce311f9a3d94cb7038eb2ea051144c2,Perro,0.17328575,0.25091517,oe:player:714188a13fc8862a503f93418cee85f,Uruwhy,0.16676508,0.10409040
ESPORTSTMNT03/1763835,2021-02-18,2021,Unknown,11.03,oe:team:5babf9f14b8cc18a551ee1fd2d5c6f9,LDM Esports,lineup-14884b178e904ede,0,,454.76051645,1.81924198,0.20693806,0.22542799,oe:player:c32e66894e6e164bea6d26fe5aaf78b,GianKios,0.21130891,0.21712276,oe:player:d1eb4dedba8e5c2b0001d202277d47b,Lil Knight,0.21917527,0.20379163,oe:player:b4067a049170b186439a5fc1a0d971f,Wandering,0.20182543,0.24442246,oe:player:e87d9b370206c12da8a677cb495afb5,Lyg,0.23823816,0.26983185,oe:player:dd62ea30c72d69edfdbc9a86de04984,Prodigy,0.12945223,0.06483130
ESPORTSTMNT03/1763835,2021-02-18,2021,Unknown,11.03,oe:team:a19a63a498e083aef0b8fc70b2b7715,Movistar Optix,lineup-b1adafcea28f087f,1,,416.28154935,1.42440650,0.20879118,0.23303625,oe:player:5d16b474fe0e5c99f5647b615816e12,Arfyss,0.24751701,0.16036547,oe:player:7c4c65147d1fd5043281209a511aa26,Ominick,0.18593087,0.13487652,oe:player:66a45be025e362d7d650d5d8b4b0935,Zaphyr,0.21762684,0.30185734,oe:player:350b1ee846a2badcb03cf11cf9b7749,Kayse,0.22304427,0.29322496,oe:player:7a913e753d77491e84e55c61204fb0c,Gralou,0.12588101,0.10967572
ESPORTSTMNT03/1763883,2021-02-18,2021,Unknown,11.03,oe:team:71cc230a7d2155dd4958f3de7ad40bb,Santiago Wanderers eSports,lineup-b0c27dc831870d6e,0,,391.34157035,1.45396572,0.21041256,0.26009857,oe:player:c48beab1564e4f2c05080bbeb13726b,Makishy,0.17250448,0.16743458,oe:player:993d7f137872d18adc42aa9aa508a8b,Camilonicolau,0.18399769,0.11573763,oe:player:0bc91bc67360a5b84f5f79d06e7a43e,KearZy,0.25335218,0.31470369,oe:player:62ba359fa6b58bea641314e7a4635cf,Nantes,0.25210557,0.34030774,oe:player:59473cb24ef2f321262a35b4d8256f2,Sholwan,0.13804007,0.06181636
ESPORTSTMNT03/1763883,2021-02-18,2021,Unknown,11.03,oe:team:c33bf74e075fb47e63c1eb63226ae3d,Furious Gaming Chile,lineup-7c9e273a37d546b3,1,,394.52212037,1.80789159,0.20551125,0.22687153,oe:player:d093de85c458fabe60eda8786a7bd6b,Manolito,0.23283730,0.18609980,oe:player:d03862f740c87d7ba17afc3cacaa20f,EXIMUS,0.18736359,0.21513432,oe:player:30fda405a39a1754550e87835c669fb,Emp,0.24562252,0.23836194,oe:player:d3bc65e5e987b942fba2400b4649f71,Viciun,0.17065972,0.29018766,oe:player:5a98ba300e1c781d7e91e1ac52902e2,Woohee,0.16351687,0.07021627
ESPORTSTMNT03/1763927,2021-02-18,2021,Unknown,11.03,oe:team:cb951a65f688a6e2bdf1d8d4a91da4d,Cruzados Esports,lineup-845780a91f3259c1,1,,422.27479092,1.80645161,0.21270815,0.29171924,oe:player:b9833585bf011bdf1cdf48a80b5a881,LukasNegro,0.18973813,0.15953871,oe:player:62633293ebe4ae9a06bb68c78cf9484,Kartana,0.17626605,0.05055398,oe:player:de5baf357cd597896c34639e1c1e573,Kirito,0.23727531,0.30597209,oe:player:a1cf236c2b3c7deff8f57282dd2a84f,Emets,0.27131475,0.40474870,oe:player:007cc9547ae8884ad597cd92ba50542,Severity,0.12540577,0.07918652
ESPORTSTMNT03/1763927,2021-02-18,2021,Unknown,11.03,oe:team:f3bc4f2e318bd6b40e1ddd88c637396,Kaos Latin Gamers Academy,lineup-99e10d528c7c6b3a,0,,343.18757467,1.64874552,0.21179730,0.24499402,oe:player:ba8eae65e7f69e7f2405a2d8faa59c0,Kryzpo,0.22343173,0.26895226,oe:player:53c5acbf75de5e3342bc323e60268dd,Ocean,0.18238007,0.12353089,oe:player:87f9c53f8f466a417e52a132104870b,skr,0.19967712,0.21404501,oe:player:f1d0f1885cb3c4086498e51b543fc09,Sang,0.27115621,0.32745224,oe:player:1d67f2d70da0337f39229e850e03e3d,Clark Gregg,0.12335486,0.06601961
ESPORTSTMNT03/1763973,2021-02-18,2021,Unknown,11.03,oe:team:49f7d0d26c02418d44ffcf34a087068,Australs,lineup-d7a5e2764fc31b19,0,,229.13596288,1.53132251,0.20809017,0.24977502,oe:player:7cba8e96b731a63a100267a3d07d68a,Burrito,0.20646059,0.17665071,oe:player:3e2e64ccceb9c7bfa8b72113d2940c3,Sami,0.19616331,0.10180077,oe:player:18eff78d8fbeb94244572cef0bb4536,Alowhed,0.26097900,0.35821041,oe:player:ec40ca8fe7e6ed94b321110063bed2c,GunPoint,0.20205564,0.26498821,oe:player:189a5a37a297a466a48066fedb27241,Nnicky,0.13434145,0.09834990
ESPORTSTMNT03/1763973,2021-02-18,2021,Unknown,11.03,oe:team:5c116dedda7feae2f6ffc093f844ac6,Rebirth eSports,lineup-5f3c9803e51cdf68,1,,291.25197216,1.62598608,0.20414168,0.22439207,oe:player:65cc80ed438421c722c7609622fcae8,TxZ,0.20500692,0.17205185,oe:player:7a1816535cdcfc18cf630f113394cf0,Empanadita,0.21382373,0.30649664,oe:player:e9b14ee01169f2b367c7fc21848679f,SkyMind,0.21094378,0.17019731,oe:player:ba722a5e6c2fc8344cdc9d4647d2999,AZR,0.22611578,0.24701744,oe:player:074ca14b0fa039b49a6bd7edc433e89,Glory,0.14410979,0.10423677
ESPORTSTMNT03/1763993,2021-02-19,2021,Unknown,11.03,oe:team:65381c751e78df337720522a7275412,ODIN Gaming,lineup-5f263d73df8fa884,1,,421.73027260,1.42898135,0.21202197,0.23780232,oe:player:6138b4e3cfce7fb1d438ac203f1265c,Kanra,0.16650714,0.16094793,oe:player:d68b7d3b26ccc08cc30abb5210e5839,Amarant,0.18138311,0.16819416,oe:player:b7b27fd30d9097988844c2cfaf8f12e,N N,0.26184494,0.34900288,oe:player:a23e88f88c9668bf9d4dea3d00d606d,KouZZe,0.25293132,0.23167521,oe:player:c6a3d2fb852e7fbe44c84dd6e23f971,Pyl,0.13733349,0.09017983
ESPORTSTMNT03/1763993,2021-02-19,2021,Unknown,11.03,oe:team:ba3b1a1f005f917f9aaea679f31ae08,Bencheados,lineup-2164fdeb8b3b5955,0,,245.50932568,0.82639885,0.20742755,0.21001913,oe:player:f01edf63566e420e611fe50f0a0032c,Antimagic,0.21957834,0.19733520,oe:player:751db8ce6bb29533f47ca7093c325d5,Zwitch,0.20412329,0.19989481,oe:player:6aff04000a3032154606825dbb26529,Fear,0.18758930,0.22924264,oe:player:905b58ee28fd586c8870ce6c8af1f6c,Wonder,0.25270463,0.25312062,oe:player:174147762fec5d9537f498ef166b4a5,Tsunami,0.13600443,0.12040673
ESPORTSTMNT03/1764373,2021-02-19,2021,Unknown,11.03,oe:team:5c116dedda7feae2f6ffc093f844ac6,Rebirth eSports,lineup-5f3c9803e51cdf68,0,,209.43076016,1.35061874,0.20745155,0.28326058,oe:player:65cc80ed438421c722c7609622fcae8,TxZ,0.20690056,0.21204038,oe:player:7a1816535cdcfc18cf630f113394cf0,Empanadita,0.19345307,0.15420198,oe:player:e9b14ee01169f2b367c7fc21848679f,SkyMind,0.22253501,0.16737009,oe:player:ba722a5e6c2fc8344cdc9d4647d2999,AZR,0.24596343,0.43036094,oe:player:074ca14b0fa039b49a6bd7edc433e89,Glory,0.13114792,0.03602661
ESPORTSTMNT03/1764373,2021-02-19,2021,Unknown,11.03,oe:team:cb951a65f688a6e2bdf1d8d4a91da4d,Cruzados Esports,lineup-845780a91f3259c1,1,,386.07896288,1.30111962,0.20675241,0.24956205,oe:player:b9833585bf011bdf1cdf48a80b5a881,LukasNegro,0.23475738,0.27779406,oe:player:62633293ebe4ae9a06bb68c78cf9484,Kartana,0.18130331,0.07906883,oe:player:de5baf357cd597896c34639e1c1e573,Kirito,0.22451405,0.22621708,oe:player:a1cf236c2b3c7deff8f57282dd2a84f,Emets,0.22313313,0.32689842,oe:player:007cc9547ae8884ad597cd92ba50542,Severity,0.13629213,0.09002161
ESPORTSTMNT03/1764428,2021-02-19,2021,Unknown,11.03,oe:team:096d11bb39c67344ba0d303a4505e81,Newstar,lineup-686ef2e469a46898,0,,246.78159806,1.58062954,0.20886808,0.25421318,oe:player:d7489947f78bf18709270b555816665,Deratero,0.21891080,0.30875739,oe:player:e125fd5aae78be68687e3ee2fc95f11,Funky Dog,0.16460094,0.09685167,oe:player:73b8ea5aed1fefc530e333a07438218,Cosmoz,0.24942723,0.32498175,oe:player:40f2085f7e220c565206b944e72f2f7,Egotistic,0.22974648,0.19634069,oe:player:4ff224901b37d52d1f1d85e6c702a39,IgnaVilu,0.13731455,0.07306850
ESPORTSTMNT03/1764428,2021-02-19,2021,Unknown,11.03,oe:team:c33bf74e075fb47e63c1eb63226ae3d,Furious Gaming Chile,lineup-7c9e273a37d546b3,1,,259.50217918,1.38886199,0.20623008,0.23696226,oe:player:d093de85c458fabe60eda8786a7bd6b,Manolito,0.23453749,0.28777768,oe:player:d03862f740c87d7ba17afc3cacaa20f,EXIMUS,0.19269598,0.13758509,oe:player:30fda405a39a1754550e87835c669fb,Emp,0.22263273,0.21549176,oe:player:d3bc65e5e987b942fba2400b4649f71,Viciun,0.21524357,0.28977069,oe:player:5a98ba300e1c781d7e91e1ac52902e2,Woohee,0.13489023,0.06937478
ESPORTSTMNT03/1764446,2021-02-19,2021,Unknown,11.03,oe:team:a19a63a498e083aef0b8fc70b2b7715,Movistar Optix,lineup-b1adafcea28f087f,1,,388.90773067,1.23441397,0.20711379,0.22154253,oe:player:5d16b474fe0e5c99f5647b615816e12,Arfyss,0.21925597,0.20796784,oe:player:7c4c65147d1fd5043281209a511aa26,Ominick,0.20129528,0.22874346,oe:player:66a45be025e362d7d650d5d8b4b0935,Zaphyr,0.22430153,0.28695368,oe:player:350b1ee846a2badcb03cf11cf9b7749,Kayse,0.22829279,0.19034703,oe:player:7a913e753d77491e84e55c61204fb0c,Gralou,0.12685443,0.08598800
ESPORTSTMNT03/1764446,2021-02-19,2021,Unknown,11.03,oe:team:f3bc4f2e318bd6b40e1ddd88c637396,Kaos Latin Gamers Academy,lineup-99e10d528c7c6b3a,0,,219.71072319,1.33915212,0.20392532,0.22661091,oe:player:ba8eae65e7f69e7f2405a2d8faa59c0,Kryzpo,0.21051971,0.26954508,oe:player:53c5acbf75de5e3342bc323e60268dd,Ocean,0.20564901,0.19582539,oe:player:87f9c53f8f466a417e52a132104870b,skr,0.21220186,0.21390629,oe:player:f1d0f1885cb3c4086498e51b543fc09,Sang,0.22601054,0.25633342,oe:player:1d67f2d70da0337f39229e850e03e3d,Clark Gregg,0.14561888,0.06438981
ESPORTSTMNT03/1764489,2021-02-19,2021,Unknown,11.03,oe:team:5babf9f14b8cc18a551ee1fd2d5c6f9,LDM Esports,lineup-14884b178e904ede,0,,487.13840976,1.72654607,0.21046602,0.27725730,oe:player:c32e66894e6e164bea6d26fe5aaf78b,GianKios,0.22638676,0.24290629,oe:player:d1eb4dedba8e5c2b0001d202277d47b,Lil Knight,0.16702980,0.06850167,oe:player:b4067a049170b186439a5fc1a0d971f,Wandering,0.24977918,0.40108193,oe:player:e87d9b370206c12da8a677cb495afb5,Lyg,0.22974326,0.21913280,oe:player:dd62ea30c72d69edfdbc9a86de04984,Prodigy,0.12706101,0.06837731
ESPORTSTMNT03/1764489,2021-02-19,2021,Unknown,11.03,oe:team:71cc230a7d2155dd4958f3de7ad40bb,Santiago Wanderers eSports,lineup-b0c27dc831870d6e,1,,400.54859066,1.51451409,0.21471792,0.31069618,oe:player:c48beab1564e4f2c05080bbeb13726b,Makishy,0.20644119,0.16372161,oe:player:993d7f137872d18adc42aa9aa508a8b,Camilonicolau,0.19221559,0.12531824,oe:player:0bc91bc67360a5b84f5f79d06e7a43e,KearZy,0.17361180,0.12526783,oe:player:62ba359fa6b58bea641314e7a4635cf,Nantes,0.29613047,0.49406367,oe:player:59473cb24ef2f321262a35b4d8256f2,Sholwan,0.13160095,0.09162865
ESPORTSTMNT03/1764522,2021-02-19,2021,Unknown,11.03,oe:team:ba3b1a1f005f917f9aaea679f31ae08,Bencheados,lineup-2164fdeb8b3b5955,1,,493.96542783,1.58686258,0.20424299,0.30444341,oe:player:f01edf63566e420e611fe50f0a0032c,Antimagic,0.17730396,0.14129739,oe:player:751db8ce6bb29533f47ca7093c325d5,Zwitch,0.18662077,0.06282217,oe:player:6aff04000a3032154606825dbb26529,Fear,0.24983287,0.26109414,oe:player:905b58ee28fd586c8870ce6c8af1f6c,Wonder,0.21515440,0.45362351,oe:player:174147762fec5d9537f498ef166b4a5,Tsunami,0.17108800,0.08116280
ESPORTSTMNT03/1764522,2021-02-19,2021,Unknown,11.03,oe:team:c5c317341ae046ce3345b8d56efce5c,Dark Horse,lineup-1f0a153d1d873ae6,0,,355.40535869,1.32238548,0.20795469,0.22913048,oe:player:9b997d21495dbcdcb3a00095e4b6e1f,Rockstar,0.23077586,0.18910322,oe:player:a2b027a7f381c954eddcdc598035d69,Leigrey,0.21995312,0.21676832,oe:player:0fc1ccf8c73aa57eec800c254828e40,Snavet,0.22948334,0.29934047,oe:player:ce311f9a3d94cb7038eb2ea051144c2,Perro,0.19541240,0.22902501,oe:player:714188a13fc8862a503f93418cee85f,Uruwhy,0.12437528,0.06576298
ESPORTSTMNT03/1764552,2021-02-20,2021,Unknown,11.03,oe:team:49f7d0d26c02418d44ffcf34a087068,Australs,lineup-d7a5e2764fc31b19,0,-0.77349233,227.79190751,1.50520231,0.20790267,0.24810991,oe:player:7cba8e96b731a63a100267a3d07d68a,Burrito,0.21301922,0.20919610,oe:player:3e2e64ccceb9c7bfa8b72113d2940c3,Sami,0.19119302,0.13684531,oe:player:18eff78d8fbeb94244572cef0bb4536,Alowhed,0.21859952,0.33958587,oe:player:ec40ca8fe7e6ed94b321110063bed2c,GunPoint,0.24796364,0.25937881,oe:player:189a5a37a297a466a48066fedb27241,Nnicky,0.12922461,0.05499391
ESPORTSTMNT03/1764552,2021-02-20,2021,Unknown,11.03,oe:team:65381c751e78df337720522a7275412,ODIN Gaming,lineup-5f263d73df8fa884,1,-0.00987325,317.03583815,1.55375723,0.21102644,0.22932019,oe:player:6138b4e3cfce7fb1d438ac203f1265c,Kanra,0.18440142,0.30558351,oe:player:d68b7d3b26ccc08cc30abb5210e5839,Amarant,0.17439223,0.10952610,oe:player:b7b27fd30d9097988844c2cfaf8f12e,N N,0.23148582,0.21531090,oe:player:a23e88f88c9668bf9d4dea3d00d606d,KouZZe,0.27227231,0.25294272,oe:player:c6a3d2fb852e7fbe44c84dd6e23f971,Pyl,0.13744822,0.11663677
ESPORTSTMNT03/1766954,2021-02-25,2021,Unknown,11.03,oe:team:49f7d0d26c02418d44ffcf34a087068,Australs,lineup-d7a5e2764fc31b19,1,0.12020567,398.76923077,1.41249355,0.21503918,0.27827485,oe:player:7cba8e96b731a63a100267a3d07d68a,Burrito,0.19255934,0.20339299,oe:player:3e2e64ccceb9c7bfa8b72113d2940c3,Sami,0.16476454,0.12663125,oe:player:18eff78d8fbeb94244572cef0bb4536,Alowhed,0.27935598,0.42774360,oe:player:ec40ca8fe7e6ed94b321110063bed2c,GunPoint,0.23985026,0.18656786,oe:player:189a5a37a297a466a48066fedb27241,Nnicky,0.12346988,0.05566431
ESPORTSTMNT03/1766954,2021-02-25,2021,Unknown,11.03,oe:team:71cc230a7d2155dd4958f3de7ad40bb,Santiago Wanderers eSports,lineup-b5adc99abbf37bab,0,-0.38228270,317.90397522,1.53020134,0.21613946,0.34760909,oe:player:a2b6e393c91152242dcc619fc05ad56,Fiv,0.15917180,0.10723960,oe:player:993d7f137872d18adc42aa9aa508a8b,Camilonicolau,0.18822382,0.10616779,oe:player:0bc91bc67360a5b84f5f79d06e7a43e,KearZy,0.20540570,0.15582188,oe:player:62ba359fa6b58bea641314e7a4635cf,Nantes,0.30481129,0.54079704,oe:player:59473cb24ef2f321262a35b4d8256f2,Sholwan,0.14238740,0.08997369
ESPORTSTMNT03/1767315,2021-02-26,2021,Unknown,11.03,oe:team:5c116dedda7feae2f6ffc093f844ac6,Rebirth eSports,lineup-5f3c9803e51cdf68,0,0.37416729,315.02608696,1.32173913,0.21243695,0.23939273,oe:player:65cc80ed438421c722c7609622fcae8,TxZ,0.17630883,0.11313533,oe:player:7a1816535cdcfc18cf630f113394cf0,Empanadita,0.19520536,0.15450296,oe:player:e9b14ee01169f2b367c7fc21848679f,SkyMind,0.22548916,0.30475507,oe:player:ba722a5e6c2fc8344cdc9d4647d2999,AZR,0.27632646,0.30977881,oe:player:074ca14b0fa039b49a6bd7edc433e89,Glory,0.12667019,0.11782783
ESPORTSTMNT03/1767315,2021-02-26,2021,Unknown,11.03,oe:team:ba3b1a1f005f917f9aaea679f31ae08,Bencheados,lineup-0c2026dc491b2bdf,1,0.85932352,448.04637681,1.45507246,0.21213316,0.26844882,oe:player:f01edf63566e420e611fe50f0a0032c,Antimagic,0.22470899,0.32462996,oe:player:f2ab3e94cdc9ce3d067e60c4bcb67a6,Frost,0.14986501,0.04971017,oe:player:6aff04000a3032154606825dbb26529,Fear,0.22324840,0.24448815,oe:player:905b58ee28fd586c8870ce6c8af1f6c,Wonder,0.26615128,0.30927181,oe:player:174147762fec5d9537f498ef166b4a5,Tsunami,0.13602632,0.07189991
ESPORTSTMNT03/1811040,2021-03-25,2021,Unknown,11.06,oe:team:5babf9f14b8cc18a551ee1fd2d5c6f9,LDM Esports,lineup-5eb881ff34b68c62,0,0.99375999,389.45050879,1.45420907,0.20982817,0.22705454,oe:player:c32e66894e6e164bea6d26fe5aaf78b,GianKios,0.26479617,0.23230625,oe:player:dd62ea30c72d69edfdbc9a86de04984,Prodigy,0.20515023,0.14891828,oe:player:b4067a049170b186439a5fc1a0d971f,Wandering,0.19743602,0.17344583,oe:player:e87d9b370206c12da8a677cb495afb5,Lyg,0.20709071,0.32675370,oe:player:c1bf3cfa3d2aa4464eed8b4724644dd,Wardian,0.12552687,0.11857595
ESPORTSTMNT03/1811040,2021-03-25,2021,Unknown,11.06,oe:team:c33bf74e075fb47e63c1eb63226ae3d,Furious Gaming Chile,lineup-7c9e273a37d546b3,1,1.02632068,464.85291397,1.38205365,0.21290896,0.25053189,oe:player:d093de85c458fabe60eda8786a7bd6b,Manolito,0.17142174,0.12744922,oe:player:d03862f740c87d7ba17afc3cacaa20f,EXIMUS,0.20861590,0.17924562,oe:player:30fda405a39a1754550e87835c669fb,Emp,0.20304424,0.24125085,oe:player:d3bc65e5e987b942fba2400b4649f71,Viciun,0.28548382,0.37056274,oe:player:5a98ba300e1c781d7e91e1ac52902e2,Woohee,0.13143429,0.08149156
ESPORTSTMNT03/1811065,2021-03-25,2021,Unknown,11.06,oe:team:5babf9f14b8cc18a551ee1fd2d5c6f9,LDM Esports,lineup-5eb881ff34b68c62,0,0.89945224,380.37181409,1.42128936,0.21576874,0.27448111,oe:player:c32e66894e6e164bea6d26fe5aaf78b,GianKios,0.27364174,0.39018084,oe:player:dd62ea30c72d69edfdbc9a86de04984,Prodigy,0.17602485,0.08920491,oe:player:b4067a049170b186439a5fc1a0d971f,Wandering,0.17954838,0.16934429,oe:player:e87d9b370206c12da8a677cb495afb5,Lyg,0.25219747,0.28497328,oe:player:c1bf3cfa3d2aa4464eed8b4724644dd,Wardian,0.11858756,0.06629669
ESPORTSTMNT03/1811065,2021-03-25,2021,Unknown,11.06,oe:team:c33bf74e075fb47e63c1eb63226ae3d,Furious Gaming Chile,lineup-7c9e273a37d546b3,1,0.66487800,390.88455772,1.54722639,0.20963291,0.22484336,oe:player:d093de85c458fabe60eda8786a7bd6b,Manolito,0.17594406,0.17753912,oe:player:d03862f740c87d7ba17afc3cacaa20f,EXIMUS,0.18959339,0.20355937,oe:player:30fda405a39a1754550e87835c669fb,Emp,0.26183764,0.29094814,oe:player:d3bc65e5e987b942fba2400b4649f71,Viciun,0.23503273,0.24601105,oe:player:5a98ba300e1c781d7e91e1ac52902e2,Woohee,0.13759218,0.08194231
ESPORTSTMNT03/1811095,2021-03-25,2021,Unknown,11.06,oe:team:5babf9f14b8cc18a551ee1fd2d5c6f9,LDM Esports,lineup-5eb881ff34b68c62,0,1.99222862,533.95384615,1.24038462,0.21234569,0.29658902,oe:player:c32e66894e6e164bea6d26fe5aaf78b,GianKios,0.25036739,0.45000648,oe:player:dd62ea30c72d69edfdbc9a86de04984,Prodigy,0.16689919,0.12563748,oe:player:b4067a049170b186439a5fc1a0d971f,Wandering,0.18259948,0.11082419,oe:player:e87d9b370206c12da8a677cb495afb5,Lyg,0.26491434,0.24859538,oe:player:c1bf3cfa3d2aa4464eed8b4724644dd,Wardian,0.13521960,0.06493647
ESPORTSTMNT03/1811095,2021-03-25,2021,Unknown,11.06,oe:team:c33bf74e075fb47e63c1eb63226ae3d,Furious Gaming Chile,lineup-7c9e273a37d546b3,1,1.81352013,555.99807692,1.52884615,0.20878377,0.24287334,oe:player:d093de85c458fabe60eda8786a7bd6b,Manolito,0.16610525,0.14183433,oe:player:d03862f740c87d7ba17afc3cacaa20f,EXIMUS,0.19483494,0.15089288,oe:player:30fda405a39a1754550e87835c669fb,Emp,0.25157572,0.33042450,oe:player:d3bc65e5e987b942fba2400b4649f71,Viciun,0.24308706,0.28792297,oe:player:5a98ba300e1c781d7e91e1ac52902e2,Woohee,0.14439704,0.08892532
ESPORTSTMNT03/1813785,2021-04-02,2021,Unknown,11.06,oe:team:096d11bb39c67344ba0d303a4505e81,Newstar,lineup-686ef2e469a46898,0,-0.16333377,303.88932806,1.18577075,0.20748732,0.22997831,oe:player:d7489947f78bf18709270b555816665,Deratero,0.21881011,0.13770653,oe:player:e125fd5aae78be68687e3ee2fc95f11,Funky Dog,0.17486252,0.11309059,oe:player:73b8ea5aed1fefc530e333a07438218,Cosmoz,0.23272760,0.30604919,oe:player:40f2085f7e220c565206b944e72f2f7,Egotistic,0.23720836,0.27799951,oe:player:4ff224901b37d52d1f1d85e6c702a39,IgnaVilu,0.13639141,0.16515418
ESPORTSTMNT03/1813785,2021-04-02,2021,Unknown,11.06,oe:team:cb951a65f688a6e2bdf1d8d4a91da4d,Cruzados Esports,lineup-845780a91f3259c1,1,0.43952384,451.53472614,1.73461321,0.20498321,0.23284148,oe:player:b9833585bf011bdf1cdf48a80b5a881,LukasNegro,0.18160605,0.09557466,oe:player:62633293ebe4ae9a06bb68c78cf9484,Kartana,0.21109589,0.21097255,oe:player:de5baf357cd597896c34639e1c1e573,Kirito,0.23363601,0.28178694,oe:player:a1cf236c2b3c7deff8f57282dd2a84f,Emets,0.22584082,0.29260643,oe:player:007cc9547ae8884ad597cd92ba50542,Severity,0.14782123,0.11905941
ESPORTSTMNT03/1813814,2021-04-02,2021,Unknown,11.06,oe:team:096d11bb39c67344ba0d303a4505e81,Newstar,lineup-686ef2e469a46898,0,1.15989345,519.84693878,1.47448980,0.21265321,0.22638567,oe:player:d7489947f78bf18709270b555816665,Deratero,0.20505120,0.21947198,oe:player:e125fd5aae78be68687e3ee2fc95f11,Funky Dog,0.16171657,0.18533713,oe:player:73b8ea5aed1fefc530e333a07438218,Cosmoz,0.23090784,0.25816076,oe:player:40f2085f7e220c565206b944e72f2f7,Egotistic,0.27259077,0.26957503,oe:player:4ff224901b37d52d1f1d85e6c702a39,IgnaVilu,0.12973363,0.06745510
ESPORTSTMNT03/1813814,2021-04-02,2021,Unknown,11.06,oe:team:cb951a65f688a6e2bdf1d8d4a91da4d,Cruzados Esports,lineup-845780a91f3259c1,1,0.94324493,544.13265306,1.78571429,0.21105831,0.24034483,oe:player:b9833585bf011bdf1cdf48a80b5a881,LukasNegro,0.22422647,0.26088139,oe:player:62633293ebe4ae9a06bb68c78cf9484,Kartana,0.16880203,0.14312236,oe:player:de5baf357cd597896c34639e1c1e573,Kirito,0.19467282,0.19517112,oe:player:a1cf236c2b3c7deff8f57282dd2a84f,Emets,0.27468423,0.32960150,oe:player:007cc9547ae8884ad597cd92ba50542,Severity,0.13761444,0.07122363
ESPORTSTMNT03/1813844,2021-04-02,2021,Unknown,11.06,oe:team:096d11bb39c67344ba0d303a4505e81,Newstar,lineup-686ef2e469a46898,0,-0.52095913,298.26659909,1.13127217,0.21569432,0.23390283,oe:player:d7489947f78bf18709270b555816665,Deratero,0.28596258,0.26737357,oe:player:e125fd5aae78be68687e3ee2fc95f11,Funky Dog,0.16264964,0.20126427,oe:player:73b8ea5aed1fefc530e333a07438218,Cosmoz,0.19361532,0.25552610,oe:player:40f2085f7e220c565206b944e72f2f7,Egotistic,0.23355502,0.23427814,oe:player:4ff224901b37d52d1f1d85e6c702a39,IgnaVilu,0.12421743,0.04155791
ESPORTSTMNT03/1813844,2021-04-02,2021,Unknown,11.06,oe:team:cb951a65f688a6e2bdf1d8d4a91da4d,Cruzados Esports,lineup-845780a91f3259c1,1,0.03172199,459.95337050,1.66649772,0.20917961,0.26308433,oe:player:b9833585bf011bdf1cdf48a80b5a881,LukasNegro,0.21953197,0.17278906,oe:player:62633293ebe4ae9a06bb68c78cf9484,Kartana,0.17825245,0.15184333,oe:player:de5baf357cd597896c34639e1c1e573,Kirito,0.19479428,0.19345710,oe:player:a1cf236c2b3c7deff8f57282dd2a84f,Emets,0.26801663,0.40922194,oe:player:007cc9547ae8884ad597cd92ba50542,Severity,0.13940467,0.07268856
ESPORTSTMNT03/1821370,2021-03-26,2021,Unknown,11.06,oe:team:49f7d0d26c02418d44ffcf34a087068,Australs,lineup-d7a5e2764fc31b19,1,0.34604992,391.36646641,1.50737302,0.20941055,0.23760497,oe:player:7cba8e96b731a63a100267a3d07d68a,Burrito,0.20651281,0.23373970,oe:player:3e2e64ccceb9c7bfa8b72113d2940c3,Sami,0.19189043,0.15088084,oe:player:18eff78d8fbeb94244572cef0bb4536,Alowhed,0.19594347,0.17176301,oe:player:ec40ca8fe7e6ed94b321110063bed2c,GunPoint,0.27090722,0.34890147,oe:player:189a5a37a297a466a48066fedb27241,Nnicky,0.13474607,0.09471498
ESPORTSTMNT03/1821370,2021-03-26,2021,Unknown,11.06,oe:team:65381c751e78df337720522a7275412,ODIN Gaming,lineup-af2e6a2d3a874acb,0,-0.40219947,297.01146914,1.42872747,0.20919308,0.22185682,oe:player:91c5a0c519cf76503ec2fbb712d43ea,Fracasaurio,0.20078335,0.22767493,oe:player:11e35320b6079280e7d88cc2b87a4c0,1Haru,0.16437277,0.15777047,oe:player:b7b27fd30d9097988844c2cfaf8f12e,N N,0.24590272,0.29643196,oe:player:a23e88f88c9668bf9d4dea3d00d606d,KouZZe,0.24811273,0.21675236,oe:player:c6a3d2fb852e7fbe44c84dd6e23f971,Pyl,0.14082843,0.10137029
ESPORTSTMNT03/1821386,2021-03-26,2021,Unknown,11.06,oe:team:49f7d0d26c02418d44ffcf34a087068,Australs,lineup-d7a5e2764fc31b19,1,0.55010348,408.22360248,1.28944099,0.21029116,0.25271934,oe:player:7cba8e96b731a63a100267a3d07d68a,Burrito,0.18204266,0.18238087,oe:player:3e2e64ccceb9c7bfa8b72113d2940c3,Sami,0.17750299,0.11603067,oe:player:18eff78d8fbeb94244572cef0bb4536,Alowhed,0.23678462,0.26635019,oe:player:ec40ca8fe7e6ed94b321110063bed2c,GunPoint,0.26548521,0.35963118,oe:player:189a5a37a297a466a48066fedb27241,Nnicky,0.13818451,0.07560708
ESPORTSTMNT03/1821386,2021-03-26,2021,Unknown,11.06,oe:team:65381c751e78df337720522a7275412,ODIN Gaming,lineup-af2e6a2d3a874acb,0,-0.01035726,337.78881988,1.50559006,0.20677855,0.22683376,oe:player:91c5a0c519cf76503ec2fbb712d43ea,Fracasaurio,0.18197927,0.21105472,oe:player:11e35320b6079280e7d88cc2b87a4c0,1Haru,0.22577489,0.12255075,oe:player:b7b27fd30d9097988844c2cfaf8f12e,N N,0.22127896,0.31332745,oe:player:a23e88f88c9668bf9d4dea3d00d606d,KouZZe,0.23505765,0.23470874,oe:player:c6a3d2fb852e7fbe44c84dd6e23f971,Pyl,0.13590924,0.11835834
ESPORTSTMNT03/1821403,2021-03-26,2021,Unknown,11.06,oe:team:49f7d0d26c02418d44ffcf34a087068,Australs,lineup-d7a5e2764fc31b19,1,0.31634317,368.85125348,1.35710306,0.20858361,0.22891111,oe:player:7cba8e96b731a63a100267a3d07d68a,Burrito,0.19175381,0.26026752,oe:player:3e2e64ccceb9c7bfa8b72113d2940c3,Sami,0.18733944,0.16795955,oe:player:18eff78d8fbeb94244572cef0bb4536,Alowhed,0.25536419,0.22751658,oe:player:ec40ca8fe7e6ed94b321110063bed2c,GunPoint,0.23122987,0.27686954,oe:player:189a5a37a297a466a48066fedb27241,Nnicky,0.13431270,0.06738681
ESPORTSTMNT03/1821403,2021-03-26,2021,Unknown,11.06,oe:team:65381c751e78df337720522a7275412,ODIN Gaming,lineup-af2e6a2d3a874acb,0,-0.49145705,290.10584958,1.33704735,0.21023383,0.24824008,oe:player:91c5a0c519cf76503ec2fbb712d43ea,Fracasaurio,0.21623801,0.21108423,oe:player:11e35320b6079280e7d88cc2b87a4c0,1Haru,0.18441587,0.21827399,oe:player:b7b27fd30d9097988844c2cfaf8f12e,N N,0.20760680,0.18843185,oe:player:a23e88f88c9668bf9d4dea3d00d606d,KouZZe,0.26527899,0.34520106,oe:player:c6a3d2fb852e7fbe44c84dd6e23f971,Pyl,0.12646033,0.03700887
ESPORTSTMNT03/1823450,2021-04-01,2021,Unknown,11.06,oe:team:71cc230a7d2155dd4958f3de7ad40bb,Santiago Wanderers eSports,lineup-e16ec6b9e27e0fbf,0,0.16411324,397.67276322,1.26347009,0.21042256,0.22489161,oe:player:a2b6e393c91152242dcc619fc05ad56,Fiv,0.24688812,0.23294700,oe:player:993d7f137872d18adc42aa9aa508a8b,Camilonicolau,0.18879360,0.28868901,oe:player:0bc91bc67360a5b84f5f79d06e7a43e,KearZy,0.20350268,0.21115437,oe:player:62ba359fa6b58bea641314e7a4635cf,Nantes,0.24089955,0.19276264,oe:player:526fdc640d635b7c6f01cd356345db0,Duivel,0.11991605,0.07444698
ESPORTSTMNT03/1823450,2021-04-01,2021,Unknown,11.06,oe:team:a19a63a498e083aef0b8fc70b2b7715,Movistar Optix,lineup-b1adafcea28f087f,1,-0.08362675,409.22787939,1.52446861,0.20685646,0.25670506,oe:player:5d16b474fe0e5c99f5647b615816e12,Arfyss,0.22237664,0.33303860,oe:player:7c4c65147d1fd5043281209a511aa26,Ominick,0.20081149,0.12641146,oe:player:66a45be025e362d7d650d5d8b4b0935,Zaphyr,0.23908564,0.30773022,oe:player:350b1ee846a2badcb03cf11cf9b7749,Kayse,0.20686571,0.17969531,oe:player:7a913e753d77491e84e55c61204fb0c,Gralou,0.13086053,0.05312441
ESPORTSTMNT03/1823464,2021-04-01,2021,Unknown,11.06,oe:team:71cc230a7d2155dd4958f3de7ad40bb,Santiago Wanderers eSports,lineup-e16ec6b9e27e0fbf,1,0.53966462,466.17447357,1.34078212,0.20546539,0.22435426,oe:player:a2b6e393c91152242dcc619fc05ad56,Fiv,0.22333315,0.24842089,oe:player:993d7f137872d18adc42aa9aa508a8b,Camilonicolau,0.16979401,0.13072047,oe:player:0bc91bc67360a5b84f5f79d06e7a43e,KearZy,0.23246864,0.30497019,oe:player:62ba359fa6b58bea641314e7a4635cf,Nantes,0.22344272,0.19437162,oe:player:526fdc640d635b7c6f01cd356345db0,Duivel,0.15096149,0.12151683
ESPORTSTMNT03/1823464,2021-04-01,2021,Unknown,11.06,oe:team:a19a63a498e083aef0b8fc70b2b7715,Movistar Optix,lineup-b1adafcea28f087f,0,0.34112839,402.31198969,1.35109583,0.21112740,0.25808455,oe:player:5d16b474fe0e5c99f5647b615816e12,Arfyss,0.23337416,0.26375697,oe:player:7c4c65147d1fd5043281209a511aa26,Ominick,0.19309072,0.11611870,oe:player:66a45be025e362d7d650d5d8b4b0935,Zaphyr,0.26362551,0.37350510,oe:player:350b1ee846a2badcb03cf11cf9b7749,Kayse,0.18544648,0.17388964,oe:player:7a913e753d77491e84e55c61204fb0c,Gralou,0.12446312,0.07272960
ESPORTSTMNT03/1823492,2021-04-01,2021,Unknown,11.06,oe:team:71cc230a7d2155dd4958f3de7ad40bb,Santiago Wanderers eSports,lineup-e16ec6b9e27e0fbf,1,0.40880510,445.30751914,1.61548852,0.21241055,0.23881666,oe:player:a2b6e393c91152242dcc619fc05ad56,Fiv,0.22204070,0.28958129,oe:player:993d7f137872d18adc42aa9aa508a8b,Camilonicolau,0.17021370,0.15902886,oe:player:0bc91bc67360a5b84f5f79d06e7a43e,KearZy,0.21159653,0.19744234,oe:player:62ba359fa6b58bea641314e7a4635cf,Nantes,0.27188389,0.29539305,oe:player:526fdc640d635b7c6f01cd356345db0,Duivel,0.12426519,0.05855446
ESPORTSTMNT03/1823492,2021-04-01,2021,Unknown,11.06,oe:team:a19a63a498e083aef0b8fc70b2b7715,Movistar Optix,lineup-b1adafcea28f087f,0,-0.68594805,295.68842864,1.32913102,0.21190212,0.25500266,oe:player:5d16b474fe0e5c99f5647b615816e12,Arfyss,0.21836524,0.32632887,oe:player:7c4c65147d1fd5043281209a511aa26,Ominick,0.17876942,0.14457215,oe:player:66a45be025e362d7d650d5d8b4b0935,Zaphyr,0.26113582,0.31666271,oe:player:350b1ee846a2badcb03cf11cf9b7749,Kayse,0.22415071,0.15506057,oe:player:7a913e753d77491e84e55c61204fb0c,Gralou,0.11757880,0.05737570
ESPORTSTMNT03/1823511,2021-04-01,2021,Unknown,11.06,oe:team:71cc230a7d2155dd4958f3de7ad40bb,Santiago Wanderers eSports,lineup-e16ec6b9e27e0fbf,1,-0.43258483,370.97719088,1.46218487,0.20682046,0.26643885,oe:player:a2b6e393c91152242dcc619fc05ad56,Fiv,0.25559586,0.39010562,oe:player:993d7f137872d18adc42aa9aa508a8b,Camilonicolau,0.20159109,0.20514911,oe:player:0bc91bc67360a5b84f5f79d06e7a43e,KearZy,0.21056850,0.21881796,oe:player:62ba359fa6b58bea641314e7a4635cf,Nantes,0.19181212,0.15214352,oe:player:526fdc640d635b7c6f01cd356345db0,Duivel,0.14043244,0.03378378
ESPORTSTMNT03/1823511,2021-04-01,2021,Unknown,11.06,oe:team:a19a63a498e083aef0b8fc70b2b7715,Movistar Optix,lineup-b1adafcea28f087f,0,-0.17156026,363.81752701,1.46938776,0.20418793,0.22325641,oe:player:5d16b474fe0e5c99f5647b615816e12,Arfyss,0.21686224,0.15206890,oe:player:7c4c65147d1fd5043281209a511aa26,Ominick,0.21558250,0.23676500,oe:player:66a45be025e362d7d650d5d8b4b0935,Zaphyr,0.21026831,0.28235993,oe:player:350b1ee846a2badcb03cf11cf9b7749,Kayse,0.21499685,0.23613146,oe:player:7a913e753d77491e84e55c61204fb0c,Gralou,0.14229009,0.09267472
ESPORTSTMNT03/1825443,2021-04-08,2021,Unknown,11.06,oe:team:49f7d0d26c02418d44ffcf34a087068,Australs,lineup-d7a5e2764fc31b19,0,-0.19432834,189.88402367,1.24970414,0.20929275,0.23075773,oe:player:7cba8e96b731a63a100267a3d07d68a,Burrito,0.22318834,0.32484481,oe:player:3e2e64ccceb9c7bfa8b72113d2940c3,Sami,0.17538927,0.16027223,oe:player:18eff78d8fbeb94244572cef0bb4536,Alowhed,0.22602368,0.15174632,oe:player:ec40ca8fe7e6ed94b321110063bed2c,GunPoint,0.24757224,0.25431905,oe:player:189a5a37a297a466a48066fedb27241,Nnicky,0.12782648,0.10881759
ESPORTSTMNT03/1825443,2021-04-08,2021,Unknown,11.06,oe:team:c33bf74e075fb47e63c1eb63226ae3d,Furious Gaming Chile,lineup-7c9e273a37d546b3,1,0.15461693,332.96094675,1.49822485,0.21108886,0.26606921,oe:player:d093de85c458fabe60eda8786a7bd6b,Manolito,0.19843045,0.20095112,oe:player:d03862f740c87d7ba17afc3cacaa20f,EXIMUS,0.18169109,0.10756632,oe:player:30fda405a39a1754550e87835c669fb,Emp,0.23787421,0.36901817,oe:player:d3bc65e5e987b942fba2400b4649f71,Viciun,0.25865861,0.27514288,oe:player:5a98ba300e1c781d7e91e1ac52902e2,Woohee,0.12334564,0.04732150
ESPORTSTMNT03/1825514,2021-04-09,2021,Unknown,11.06,oe:team:49f7d0d26c02418d44ffcf34a087068,Australs,lineup-d7a5e2764fc31b19,0,0.81187204,350.86447639,1.29979466,0.21014552,0.22815711,oe:player:7cba8e96b731a63a100267a3d07d68a,Burrito,0.18581639,0.19700827,oe:player:3e2e64ccceb9c7bfa8b72113d2940c3,Sami,0.18023880,0.15708341,oe:player:18eff78d8fbeb94244572cef0bb4536,Alowhed,0.24150967,0.29148305,oe:player:ec40ca8fe7e6ed94b321110063bed2c,GunPoint,0.25867625,0.26913285,oe:player:189a5a37a297a466a48066fedb27241,Nnicky,0.13375888,0.08529241
ESPORTSTMNT03/1825514,2021-04-09,2021,Unknown,11.06,oe:team:c33bf74e075fb47e63c1eb63226ae3d,Furious Gaming Chile,lineup-7c9e273a37d546b3,1,0.80277874,447.11704312,1.57700205,0.20607989,0.32391882,oe:player:d093de85c458fabe60eda8786a7bd6b,Manolito,0.20062681,0.14123336,oe:player:d03862f740c87d7ba17afc3cacaa20f,EXIMUS,0.18913529,0.08276157,oe:player:30fda405a39a1754550e87835c669fb,Emp,0.24040394,0.50123998,oe:player:d3bc65e5e987b942fba2400b4649f71,Viciun,0.22892825,0.20115180,oe:player:5a98ba300e1c781d7e91e1ac52902e2,Woohee,0.14090571,0.07361329
ESPORTSTMNT03/1825546,2021-04-09,2021,Unknown,11.06,oe:team:49f7d0d26c02418d44ffcf34a087068,Australs,lineup-d7a5e2764fc31b19,0,0.46927310,307.33582788,1.28531338,0.20697202,0.23530126,oe:player:7cba8e96b731a63a100267a3d07d68a,Burrito,0.23794173,0.35661194,oe:player:3e2e64ccceb9c7bfa8b72113d2940c3,Sami,0.19844365,0.14390854,oe:player:18eff78d8fbeb94244572cef0bb4536,Alowhed,0.20840916,0.19708896,oe:player:ec40ca8fe7e6ed94b321110063bed2c,GunPoint,0.22480459,0.18898040,oe:player:189a5a37a297a466a48066fedb27241,Nnicky,0.13040087,0.11341016
ESPORTSTMNT03/1825546,2021-04-09,2021,Unknown,11.06,oe:team:c33bf74e075fb47e63c1eb63226ae3d,Furious Gaming Chile,lineup-7c9e273a37d546b3,1,1.12791227,503.15247895,1.84097287,0.20936412,0.25904988,oe:player:d093de85c458fabe60eda8786a7bd6b,Manolito,0.20514338,0.27635674,oe:player:d03862f740c87d7ba17afc3cacaa20f,EXIMUS,0.19043532,0.08515812,oe:player:30fda405a39a1754550e87835c669fb,Emp,0.23930928,0.36290925,oe:player:d3bc65e5e987b942fba2400b4649f71,Viciun,0.24210589,0.19141056,oe:player:5a98ba300e1c781d7e91e1ac52902e2,Woohee,0.12300613,0.08416532
ESPORTSTMNT03/1825795,2021-04-09,2021,Unknown,11.06,oe:team:71cc230a7d2155dd4958f3de7ad40bb,Santiago Wanderers eSports,lineup-e16ec6b9e27e0fbf,0,-1.11784922,218.40165062,1.12242091,0.20720790,0.23021662,oe:player:a2b6e393c91152242dcc619fc05ad56,Fiv,0.23148585,0.21210747,oe:player:993d7f137872d18adc42aa9aa508a8b,Camilonicolau,0.17891702,0.15206137,oe:player:0bc91bc67360a5b84f5f79d06e7a43e,KearZy,0.23018272,0.29335298,oe:player:62ba359fa6b58bea641314e7a4635cf,Nantes,0.22463748,0.26452027,oe:player:526fdc640d635b7c6f01cd356345db0,Duivel,0.13477694,0.07795790
ESPORTSTMNT03/1825795,2021-04-09,2021,Unknown,11.06,oe:team:cb951a65f688a6e2bdf1d8d4a91da4d,Cruzados Esports,lineup-845780a91f3259c1,1,-0.41318713,359.25722146,1.45254470,0.20749202,0.25387253,oe:player:b9833585bf011bdf1cdf48a80b5a881,LukasNegro,0.21930435,0.24980473,oe:player:62633293ebe4ae9a06bb68c78cf9484,Kartana,0.17634783,0.10254997,oe:player:de5baf357cd597896c34639e1c1e573,Kirito,0.22388406,0.21897542,oe:player:a1cf236c2b3c7deff8f57282dd2a84f,Emets,0.24407729,0.35773030,oe:player:007cc9547ae8884ad597cd92ba50542,Severity,0.13638647,0.07093958
ESPORTSTMNT03/1825802,2021-04-09,2021,Unknown,11.06,oe:team:71cc230a7d2155dd4958f3de7ad40bb,Santiago Wanderers eSports,lineup-e16ec6b9e27e0fbf,0,-1.02601263,220.19529837,1.20072333,0.20794972,0.23718634,oe:player:a2b6e393c91152242dcc619fc05ad56,Fiv,0.19009733,0.22912424,oe:player:993d7f137872d18adc42aa9aa508a8b,Camilonicolau,0.20103080,0.13133171,oe:player:0bc91bc67360a5b84f5f79d06e7a43e,KearZy,0.24353874,0.30881677,oe:player:62ba359fa6b58bea641314e7a4635cf,Nantes,0.23440667,0.25859011,oe:player:526fdc640d635b7c6f01cd356345db0,Duivel,0.13092647,0.07213718
ESPORTSTMNT03/1825802,2021-04-09,2021,Unknown,11.06,oe:team:cb951a65f688a6e2bdf1d8d4a91da4d,Cruzados Esports,lineup-845780a91f3259c1,1,-0.36309279,376.33273056,1.51175407,0.20626354,0.23586303,oe:player:b9833585bf011bdf1cdf48a80b5a881,LukasNegro,0.20188103,0.19395326,oe:player:62633293ebe4ae9a06bb68c78cf9484,Kartana,0.18422045,0.18749519,oe:player:de5baf357cd597896c34639e1c1e573,Kirito,0.23126508,0.24088952,oe:player:a1cf236c2b3c7deff8f57282dd2a84f,Emets,0.24072678,0.31873222,oe:player:007cc9547ae8884ad597cd92ba50542,Severity,0.14190666,0.05892981
ESPORTSTMNT03/1825825,2021-04-09,2021,Unknown,11.06,oe:team:71cc230a7d2155dd4958f3de7ad40bb,Santiago Wanderers eSports,lineup-e16ec6b9e27e0fbf,0,-0.10584908,330.38790932,1.14861461,0.20495574,0.21520828,oe:player:a2b6e393c91152242dcc619fc05ad56,Fiv,0.21232145,0.30151566,oe:player:993d7f137872d18adc42aa9aa508a8b,Camilonicolau,0.20885563,0.14211216,oe:player:0bc91bc67360a5b84f5f79d06e7a43e,KearZy,0.20059599,0.21017962,oe:player:62ba359fa6b58bea641314e7a4635cf,Nantes,0.23648495,0.17364521,oe:player:526fdc640d635b7c6f01cd356345db0,Duivel,0.14174198,0.17254735
ESPORTSTMNT03/1825825,2021-04-09,2021,Unknown,11.06,oe:team:cb951a65f688a6e2bdf1d8d4a91da4d,Cruzados Esports,lineup-845780a91f3259c1,1,1.11309388,629.60201511,1.06801008,0.21052002,0.24371496,oe:player:b9833585bf011bdf1cdf48a80b5a881,LukasNegro,0.18281076,0.20456728,oe:player:62633293ebe4ae9a06bb68c78cf9484,Kartana,0.21049589,0.15551786,oe:player:de5baf357cd597896c34639e1c1e573,Kirito,0.25259062,0.29708104,oe:player:a1cf236c2b3c7deff8f57282dd2a84f,Emets,0.23315544,0.29522468,oe:player:007cc9547ae8884ad597cd92ba50542,Severity,0.12094730,0.04760914
ESPORTSTMNT03/1826677,2021-04-15,2021,Unknown,11.06,oe:team:c33bf74e075fb47e63c1eb63226ae3d,Furious Gaming Chile,lineup-7c9e273a37d546b3,1,0.05063539,395.49280074,1.52717139,0.21514279,0.26753528,oe:player:d093de85c458fabe60eda8786a7bd6b,Manolito,0.18443196,0.16544998,oe:player:d03862f740c87d7ba17afc3cacaa20f,EXIMUS,0.16409476,0.12761070,oe:player:30fda405a39a1754550e87835c669fb,Emp,0.27340330,0.36855605,oe:player:d3bc65e5e987b942fba2400b4649f71,Viciun,0.25221225,0.29327208,oe:player:5a98ba300e1c781d7e91e1ac52902e2,Woohee,0.12585773,0.04511119
ESPORTSTMNT03/1826677,2021-04-15,2021,Unknown,11.06,oe:team:cb951a65f688a6e2bdf1d8d4a91da4d,Cruzados Esports,lineup-845780a91f3259c1,0,1.31195859,537.46957733,1.54946586,0.20914439,0.27167895,oe:player:b9833585bf011bdf1cdf48a80b5a881,LukasNegro,0.23184618,0.17223714,oe:player:62633293ebe4ae9a06bb68c78cf9484,Kartana,0.18331155,0.12493908,oe:player:de5baf357cd597896c34639e1c1e573,Kirito,0.25967723,0.41418216,oe:player:a1cf236c2b3c7deff8f57282dd2a84f,Emets,0.18987900,0.22556025,oe:player:007cc9547ae8884ad597cd92ba50542,Severity,0.13528603,0.06308137
ESPORTSTMNT03/1826693,2021-04-15,2021,Unknown,11.06,oe:team:c33bf74e075fb47e63c1eb63226ae3d,Furious Gaming Chile,lineup-7c9e273a37d546b3,1,1.10908168,511.38461538,1.58325219,0.21177447,0.26516395,oe:player:d093de85c458fabe60eda8786a7bd6b,Manolito,0.17405776,0.14994516,oe:player:d03862f740c87d7ba17afc3cacaa20f,EXIMUS,0.16952484,0.12120139,oe:player:30fda405a39a1754550e87835c669fb,Emp,0.25723524,0.27264315,oe:player:d3bc65e5e987b942fba2400b4649f71,Viciun,0.25831299,0.38557328,oe:player:5a98ba300e1c781d7e91e1ac52902e2,Woohee,0.14086918,0.07063702
ESPORTSTMNT03/1826693,2021-04-15,2021,Unknown,11.06,oe:team:cb951a65f688a6e2bdf1d8d4a91da4d,Cruzados Esports,lineup-845780a91f3259c1,0,1.29118743,552.07010711,1.47224927,0.20996409,0.25827029,oe:player:b9833585bf011bdf1cdf48a80b5a881,LukasNegro,0.24329428,0.29521885,oe:player:62633293ebe4ae9a06bb68c78cf9484,Kartana,0.19315519,0.13442897,oe:player:de5baf357cd597896c34639e1c1e573,Kirito,0.17624547,0.16065230,oe:player:a1cf236c2b3c7deff8f57282dd2a84f,Emets,0.25447189,0.35200432,oe:player:007cc9547ae8884ad597cd92ba50542,Severity,0.13283318,0.05769556
ESPORTSTMNT03/1826708,2021-04-15,2021,Unknown,11.06,oe:team:c33bf74e075fb47e63c1eb63226ae3d,Furious Gaming Chile,lineup-7c9e273a37d546b3,0,-0.98607756,252.28656716,1.36119403,0.20644896,0.26465648,oe:player:d093de85c458fabe60eda8786a7bd6b,Manolito,0.21046490,0.18948906,oe:player:d03862f740c87d7ba17afc3cacaa20f,EXIMUS,0.17889350,0.11991643,oe:player:30fda405a39a1754550e87835c669fb,Emp,0.26090580,0.40457597,oe:player:d3bc65e5e987b942fba2400b4649f71,Viciun,0.19632945,0.21295714,oe:player:5a98ba300e1c781d7e91e1ac52902e2,Woohee,0.15340634,0.07306140
ESPORTSTMNT03/1826708,2021-04-15,2021,Unknown,11.06,oe:team:cb951a65f688a6e2bdf1d8d4a91da4d,Cruzados Esports,lineup-845780a91f3259c1,1,1.09902046,518.33859275,1.69381663,0.20832437,0.28377989,oe:player:b9833585bf011bdf1cdf48a80b5a881,LukasNegro,0.24030424,0.43839592,oe:player:62633293ebe4ae9a06bb68c78cf9484,Kartana,0.19792336,0.14644789,oe:player:de5baf357cd597896c34639e1c1e573,Kirito,0.21395642,0.20278995,oe:player:a1cf236c2b3c7deff8f57282dd2a84f,Emets,0.22459952,0.16305335,oe:player:007cc9547ae8884ad597cd92ba50542,Severity,0.12321646,0.04931288
ESPORTSTMNT03/1826728,2021-04-15,2021,Unknown,11.06,oe:team:c33bf74e075fb47e63c1eb63226ae3d,Furious Gaming Chile,lineup-7c9e273a37d546b3,0,-0.31079113,290.62478968,1.21817162,0.20872833,0.25563063,oe:player:d093de85c458fabe60eda8786a7bd6b,Manolito,0.21232660,0.23222639,oe:player:d03862f740c87d7ba17afc3cacaa20f,EXIMUS,0.17403190,0.09043120,oe:player:30fda405a39a1754550e87835c669fb,Emp,0.26160137,0.24551897,oe:player:d3bc65e5e987b942fba2400b4649f71,Viciun,0.21447291,0.35734797,oe:player:5a98ba300e1c781d7e91e1ac52902e2,Woohee,0.13756721,0.07447548
ESPORTSTMNT03/1826728,2021-04-15,2021,Unknown,11.06,oe:team:cb951a65f688a6e2bdf1d8d4a91da4d,Cruzados Esports,lineup-845780a91f3259c1,1,1.11935643,521.55916994,1.49411105,0.20758288,0.27360576,oe:player:b9833585bf011bdf1cdf48a80b5a881,LukasNegro,0.20420098,0.19974192,oe:player:62633293ebe4ae9a06bb68c78cf9484,Kartana,0.20928368,0.18854120,oe:player:de5baf357cd597896c34639e1c1e573,Kirito,0.20669679,0.13806052,oe:player:a1cf236c2b3c7deff8f57282dd2a84f,Emets,0.25003644,0.41975611,oe:player:007cc9547ae8884ad597cd92ba50542,Severity,0.12978212,0.05390025
ESPORTSTMNT03/1826730,2021-04-16,2021,Unknown,11.06,oe:team:c33bf74e075fb47e63c1eb63226ae3d,Furious Gaming Chile,lineup-7c9e273a37d546b3,0,-1.10202680,220.01747679,1.18623703,0.20820210,0.24536230,oe:player:d093de85c458fabe60eda8786a7bd6b,Manolito,0.19785620,0.22918590,oe:player:d03862f740c87d7ba17afc3cacaa20f,EXIMUS,0.17385839,0.11590361,oe:player:30fda405a39a1754550e87835c669fb,Emp,0.24870869,0.26525871,oe:player:d3bc65e5e987b942fba2400b4649f71,Viciun,0.23945239,0.32352328,oe:player:5a98ba300e1c781d7e91e1ac52902e2,Woohee,0.14012433,0.06612850
ESPORTSTMNT03/1826730,2021-04-16,2021,Unknown,11.06,oe:team:cb951a65f688a6e2bdf1d8d4a91da4d,Cruzados Esports,lineup-845780a91f3259c1,1,-0.01797158,298.32222829,1.52048061,0.20981575,0.23372961,oe:player:b9833585bf011bdf1cdf48a80b5a881,LukasNegro,0.20465101,0.19523715,oe:player:62633293ebe4ae9a06bb68c78cf9484,Kartana,0.20042282,0.13581142,oe:player:de5baf357cd597896c34639e1c1e573,Kirito,0.18482513,0.22759727,oe:player:a1cf236c2b3c7deff8f57282dd2a84f,Emets,0.27401661,0.33893539,oe:player:007cc9547ae8884ad597cd92ba50542,Severity,0.13608443,0.10241877
ESPORTSTMNT03/1863103,2021-05-20,2021,Unknown,11.09,oe:team:a19a63a498e083aef0b8fc70b2b7715,Movistar Optix,lineup-d172b59bfbc4635f,0,-0.85350221,358.38113208,1.47169811,0.21251812,0.26311028,oe:player:5d16b474fe0e5c99f5647b615816e12,Arfyss,0.20302016,0.18919986,oe:player:d68b7d3b26ccc08cc30abb5210e5839,Amarant,0.18214401,0.08258837,oe:player:fbbdc14045f1d9b78dd8fd4ca50306d,Piqueos,0.23415604,0.35666677,oe:player:4ae382e5cc3e063f06c8e0f3fa41afd,KreshtDoo,0.26394999,0.29590612,oe:player:7a913e753d77491e84e55c61204fb0c,Gralou,0.11672980,0.07563888
ESPORTSTMNT03/1863103,2021-05-20,2021,Unknown,11.09,oe:team:c5c317341ae046ce3345b8d56efce5c,Dark Horse,lineup-d7a431a8b47493fd,1,0.94683415,418.15471698,1.81132075,0.20609310,0.25370055,oe:player:ba8eae65e7f69e7f2405a2d8faa59c0,Kryzpo,0.22646059,0.38978531,oe:player:53c5acbf75de5e3342bc323e60268dd,Ocean,0.23170448,0.21141403,oe:player:cf6fe267c79a3e3ea388534d48dd66d,Regi,0.21988031,0.18191786,oe:player:ce311f9a3d94cb7038eb2ea051144c2,Perro,0.18273728,0.12358881,oe:player:c6a3d2fb852e7fbe44c84dd6e23f971,Pyl,0.13921734,0.09329399
ESPORTSTMNT03/1863107,2021-05-20,2021,Unknown,11.09,oe:team:5c116dedda7feae2f6ffc093f844ac6,Rebirth eSports,lineup-b6c3f9ba21ba0e73,0,-0.35010071,295.03367876,1.22020725,0.20545234,0.23381260,oe:player:f1fa99d4fb0bd61ece7a4576a5507ba,Scrappy,0.20999149,0.26637865,oe:player:3e2e64ccceb9c7bfa8b72113d2940c3,Sami,0.22248085,0.27704750,oe:player:18eff78d8fbeb94244572cef0bb4536,Alowhed,0.20863994,0.24728010,oe:player:350b1ee846a2badcb03cf11cf9b7749,Kayse,0.22375732,0.14370011,oe:player:526fdc640d635b7c6f01cd356345db0,Duivel,0.13513040,0.06559364
ESPORTSTMNT03/1863107,2021-05-20,2021,Unknown,11.09,oe:team:f3bc4f2e318bd6b40e1ddd88c637396,Kaos Latin Gamers Academy,lineup-ae57961326c44301,1,-0.42978605,339.06994819,1.53108808,0.20744708,0.23506381,oe:player:9b997d21495dbcdcb3a00095e4b6e1f,Rockstar,0.18651867,0.24931808,oe:player:f38784ca7ec10b84f1c1f84121428d6,Xeydon,0.19463559,0.14965503,oe:player:0bc91bc67360a5b84f5f79d06e7a43e,KearZy,0.23046933,0.25867009,oe:player:ba722a5e6c2fc8344cdc9d4647d2999,AZR,0.25004793,0.28296697,oe:player:65568d869f85a561ada66050521f65e,Milo,0.13832847,0.05938983
ESPORTSTMNT03/1863113,2021-05-20,2021,Unknown,11.09,oe:team:096d11bb39c67344ba0d303a4505e81,Newstar,lineup-69a36becab81eb20,1,0.19285648,348.16911333,1.73341163,0.20967776,0.21087153,oe:player:f01edf63566e420e611fe50f0a0032c,Antimagic,0.17615043,0.17817895,oe:player:6ffda240105538d79cc27c57a5ea46d,Douny,0.19750255,0.26433385,oe:player:6aff04000a3032154606825dbb26529,Fear,0.26671035,0.18443262,oe:player:a23e88f88c9668bf9d4dea3d00d606d,KouZZe,0.22362385,0.23968347,oe:player:fb8a1248ec042b539f281c3268fc864,PikaBoss,0.13601281,0.13337111
ESPORTSTMNT03/1863113,2021-05-20,2021,Unknown,11.09,oe:team:ba3b1a1f005f917f9aaea679f31ae08,Bencheados,lineup-5e95cf4e7b14eb59,0,-0.69672973,176.94186729,1.31062830,0.20640469,0.20815400,oe:player:d7489947f78bf18709270b555816665,Deratero,0.24984213,0.26828880,oe:player:e125fd5aae78be68687e3ee2fc95f11,Funky Dog,0.17897217,0.17693441,oe:player:b4067a049170b186439a5fc1a0d971f,Wandering,0.22191189,0.22388595,oe:player:40f2085f7e220c565206b944e72f2f7,Egotistic,0.20389080,0.16558480,oe:player:59473cb24ef2f321262a35b4d8256f2,Sholwan,0.14538301,0.16530604
ESPORTSTMNT03/1863120,2021-05-21,2021,Unknown,11.09,oe:team:c33bf74e075fb47e63c1eb63226ae3d,Furious Gaming Chile,lineup-092c4aa304ece08a,1,0.23503362,397.67789571,1.63359483,0.20854896,0.22946029,oe:player:d093de85c458fabe60eda8786a7bd6b,Manolito,0.19149417,0.21110090,oe:player:d03862f740c87d7ba17afc3cacaa20f,EXIMUS,0.19922263,0.23152867,oe:player:30fda405a39a1754550e87835c669fb,Emp,0.22703305,0.23836578,oe:player:d3bc65e5e987b942fba2400b4649f71,Viciun,0.25271927,0.26810928,oe:player:affea2faa664cb5130a7569ac4b74b3,Feitan,0.12953087,0.05089537
ESPORTSTMNT03/1863120,2021-05-21,2021,Unknown,11.09,oe:team:cb951a65f688a6e2bdf1d8d4a91da4d,Cruzados Esports,lineup-845780a91f3259c1,0,-0.23404633,249.84586987,1.53945547,0.20729106,0.25421019,oe:player:b9833585bf011bdf1cdf48a80b5a881,LukasNegro,0.23214044,0.33452281,oe:player:62633293ebe4ae9a06bb68c78cf9484,Kartana,0.20185022,0.07593422,oe:player:de5baf357cd597896c34639e1c1e573,Kirito,0.21866121,0.28381134,oe:player:a1cf236c2b3c7deff8f57282dd2a84f,Emets,0.22121499,0.22088745,oe:player:007cc9547ae8884ad597cd92ba50542,Severity,0.12613313,0.08484419
ESPORTSTMNT03/1863124,2021-05-21,2021,Unknown,11.09,oe:team:5babf9f14b8cc18a551ee1fd2d5c6f9,LDM Esports,lineup-0fd0338ae6579ae5,1,-0.29017313,320.90873405,1.58979392,0.21234669,0.26375365,oe:player:805ebae4eabf3730d5f66e854033374,Knod,0.18832622,0.17854718,oe:player:baab52118a09c2b4e43f4950ec5af6b,Day Beats,0.17776761,0.12139227,oe:player:73b8ea5aed1fefc530e333a07438218,Cosmoz,0.29791201,0.37850682,oe:player:dd62ea30c72d69edfdbc9a86de04984,Prodigy,0.17436106,0.26606851,oe:player:c1bf3cfa3d2aa4464eed8b4724644dd,Wardian,0.16163311,0.05548522
ESPORTSTMNT03/1863124,2021-05-21,2021,Unknown,11.09,oe:team:71cc230a7d2155dd4958f3de7ad40bb,Santiago Wanderers eSports,lineup-3f4856bde7436d9d,0,-0.19222804,343.61334642,1.27183513,0.20549938,0.26065849,oe:player:d3f6d7885e73d5ddaee506de52bf0d8,Furiozz,0.19366753,0.25637027,oe:player:9a2f5597c8acf766dfcee23a4a4d71e,koughi,0.21387076,0.06143222,oe:player:66a45be025e362d7d650d5d8b4b0935,Zaphyr,0.21399054,0.33720034,oe:player:ec40ca8fe7e6ed94b321110063bed2c,GunPoint,0.23842606,0.26721730,oe:player:59106219d6adffb36fe52ff2f3f781c,Caos,0.14004512,0.07777987
ESPORTSTMNT03/1863152,2021-05-21,2021,Unknown,11.09,oe:team:ba3b1a1f005f917f9aaea679f31ae08,Bencheados,lineup-5511ffc4a130e862,0,-0.01268561,324.67415730,1.48314607,0.20784452,0.28336992,oe:player:d7489947f78bf18709270b555816665,Deratero,0.19744592,0.15481005,oe:player:e125fd5aae78be68687e3ee2fc95f11,Funky Dog,0.20194596,0.14128629,oe:player:b4067a049170b186439a5fc1a0d971f,Wandering,0.23984015,0.45276614,oe:player:905b58ee28fd586c8870ce6c8af1f6c,Wonder,0.23271653,0.16371154,oe:player:59473cb24ef2f321262a35b4d8256f2,Sholwan,0.12805143,0.08742597
ESPORTSTMNT03/1863152,2021-05-21,2021,Unknown,11.09,oe:team:cb951a65f688a6e2bdf1d8d4a91da4d,Cruzados Esports,lineup-845780a91f3259c1,1,0.19852634,421.07865169,1.54176844,0.20698624,0.21706495,oe:player:b9833585bf011bdf1cdf48a80b5a881,LukasNegro,0.23189342,0.22947556,oe:player:62633293ebe4ae9a06bb68c78cf9484,Kartana,0.17534306,0.20644865,oe:player:de5baf357cd597896c34639e1c1e573,Kirito,0.23183189,0.25839146,oe:player:a1cf236c2b3c7deff8f57282dd2a84f,Emets,0.22280167,0.21725208,oe:player:007cc9547ae8884ad597cd92ba50542,Severity,0.13812996,0.08843225
ESPORTSTMNT03/1863153,2021-05-21,2021,Unknown,11.09,oe:team:096d11bb39c67344ba0d303a4505e81,Newstar,lineup-69a36becab81eb20,1,0.07862784,375.73552361,1.66570842,0.21119438,0.24219879,oe:player:f01edf63566e420e611fe50f0a0032c,Antimagic,0.18507517,0.14254423,oe:player:6ffda240105538d79cc27c57a5ea46d,Douny,0.17930252,0.21079968,oe:player:6aff04000a3032154606825dbb26529,Fear,0.24093820,0.22316803,oe:player:a23e88f88c9668bf9d4dea3d00d606d,KouZZe,0.26387468,0.34952717,oe:player:fb8a1248ec042b539f281c3268fc864,PikaBoss,0.13080943,0.07396089
ESPORTSTMNT03/1863153,2021-05-21,2021,Unknown,11.09,oe:team:71cc230a7d2155dd4958f3de7ad40bb,Santiago Wanderers eSports,lineup-3f4856bde7436d9d,0,-0.84775831,239.52197125,1.46365503,0.21557970,0.30408123,oe:player:d3f6d7885e73d5ddaee506de52bf0d8,Furiozz,0.18558287,0.22988293,oe:player:9a2f5597c8acf766dfcee23a4a4d71e,koughi,0.17360593,0.06974878,oe:player:66a45be025e362d7d650d5d8b4b0935,Zaphyr,0.22736776,0.19648993,oe:player:ec40ca8fe7e6ed94b321110063bed2c,GunPoint,0.28989576,0.45295558,oe:player:59106219d6adffb36fe52ff2f3f781c,Caos,0.12354768,0.05092278
ESPORTSTMNT03/1863158,2021-05-21,2021,Unknown,11.09,oe:team:a19a63a498e083aef0b8fc70b2b7715,Movistar Optix,lineup-d172b59bfbc4635f,1,0.59154467,397.92341357,1.58862144,0.20664526,0.22457038,oe:player:5d16b474fe0e5c99f5647b615816e12,Arfyss,0.21483402,0.24742234,oe:player:d68b7d3b26ccc08cc30abb5210e5839,Amarant,0.18703096,0.20622928,oe:player:fbbdc14045f1d9b78dd8fd4ca50306d,Piqueos,0.22062132,0.22617418,oe:player:4ae382e5cc3e063f06c8e0f3fa41afd,KreshtDoo,0.24157236,0.25603379,oe:player:7a913e753d77491e84e55c61204fb0c,Gralou,0.13594134,0.06414042
ESPORTSTMNT03/1863158,2021-05-21,2021,Unknown,11.09,oe:team:c33bf74e075fb47e63c1eb63226ae3d,Furious Gaming Chile,lineup-092c4aa304ece08a,0,0.07827986,349.66083151,1.40481400,0.20796145,0.24527557,oe:player:d093de85c458fabe60eda8786a7bd6b,Manolito,0.20641906,0.20431803,oe:player:d03862f740c87d7ba17afc3cacaa20f,EXIMUS,0.19038214,0.22324228,oe:player:30fda405a39a1754550e87835c669fb,Emp,0.22161872,0.35447292,oe:player:d3bc65e5e987b942fba2400b4649f71,Viciun,0.25075140,0.15528020,oe:player:affea2faa664cb5130a7569ac4b74b3,Feitan,0.13082868,0.06268657
ESPORTSTMNT03/1863160,2021-05-22,2021,Unknown,11.09,oe:team:5babf9f14b8cc18a551ee1fd2d5c6f9,LDM Esports,lineup-0fd0338ae6579ae5,0,-0.30903646,350.87800830,1.47385892,0.20567886,0.22194714,oe:player:805ebae4eabf3730d5f66e854033374,Knod,0.20095436,0.18642504,oe:player:baab52118a09c2b4e43f4950ec5af6b,Day Beats,0.17534952,0.17236192,oe:player:73b8ea5aed1fefc530e333a07438218,Cosmoz,0.26442818,0.27516036,oe:player:dd62ea30c72d69edfdbc9a86de04984,Prodigy,0.18633342,0.26897315,oe:player:c1bf3cfa3d2aa4464eed8b4724644dd,Wardian,0.17293452,0.09707953
ESPORTSTMNT03/1863160,2021-05-22,2021,Unknown,11.09,oe:team:f3bc4f2e318bd6b40e1ddd88c637396,Kaos Latin Gamers Academy,lineup-ae57961326c44301,1,1.11644685,501.77925311,1.57344398,0.21440531,0.23385047,oe:player:9b997d21495dbcdcb3a00095e4b6e1f,Rockstar,0.19369499,0.17135372,oe:player:f38784ca7ec10b84f1c1f84121428d6,Xeydon,0.16229353,0.22589160,oe:player:0bc91bc67360a5b84f5f79d06e7a43e,KearZy,0.26838846,0.27085359,oe:player:ba722a5e6c2fc8344cdc9d4647d2999,AZR,0.25093710,0.27779983,oe:player:65568d869f85a561ada66050521f65e,Milo,0.12468592,0.05410126
ESPORTSTMNT03/1863162,2021-05-22,2021,Unknown,11.09,oe:team:5c116dedda7feae2f6ffc093f844ac6,Rebirth eSports,lineup-b6c3f9ba21ba0e73,0,0.20138492,428.40714995,1.14995035,0.21084602,0.22625239,oe:player:f1fa99d4fb0bd61ece7a4576a5507ba,Scrappy,0.22682125,0.20511537,oe:player:3e2e64ccceb9c7bfa8b72113d2940c3,Sami,0.16709744,0.14148621,oe:player:18eff78d8fbeb94244572cef0bb4536,Alowhed,0.21995348,0.30376490,oe:player:350b1ee846a2badcb03cf11cf9b7749,Kayse,0.25844626,0.24818848,oe:player:526fdc640d635b7c6f01cd356345db0,Duivel,0.12768157,0.10144504
ESPORTSTMNT03/1863162,2021-05-22,2021,Unknown,11.09,oe:team:c5c317341ae046ce3345b8d56efce5c,Dark Horse,lineup-d7a431a8b47493fd,1,0.87601026,463.29294935,1.57894737,0.20284225,0.22992510,oe:player:ba8eae65e7f69e7f2405a2d8faa59c0,Kryzpo,0.22277715,0.30802768,oe:player:53c5acbf75de5e3342bc323e60268dd,Ocean,0.21611307,0.13515356,oe:player:cf6fe267c79a3e3ea388534d48dd66d,Regi,0.21758900,0.17183240,oe:player:ce311f9a3d94cb7038eb2ea051144c2,Perro,0.18069056,0.27356088,oe:player:c6a3d2fb852e7fbe44c84dd6e23f971,Pyl,0.16283022,0.11142548
ESPORTSTMNT03_1961696,2021-06-15,2021,Unknown,11.12,oe:team:5babf9f14b8cc18a551ee1fd2d5c6f9,LDM Esports,lineup-ac18e8d30a62cf36,0,0.98308611,539.19555732,1.55652519,0.21638844,0.25527423,oe:player:449b4d758aa7151bc1bbb24c3ffb40b,Anubis,0.18743624,0.24856104,oe:player:baab52118a09c2b4e43f4950ec5af6b,Day Beats,0.15838166,0.13241993,oe:player:73b8ea5aed1fefc530e333a07438218,Cosmoz,0.25247712,0.36291006,oe:player:dd62ea30c72d69edfdbc9a86de04984,Prodigy,0.27747886,0.20374130,oe:player:c1bf3cfa3d2aa4464eed8b4724644dd,Wardian,0.12422612,0.05236767
ESPORTSTMNT03_1961696,2021-06-15,2021,Unknown,11.12,oe:team:71cc230a7d2155dd4958f3de7ad40bb,Santiago Wanderers eSports,lineup-661026be0d10d82d,1,1.14884232,523.61126537,1.42324474,0.21593409,0.25047523,oe:player:ed5e33a16b4c021ea0a9ce1e8f23a5a,Hazard,0.27084622,0.35959346,oe:player:9a2f5597c8acf766dfcee23a4a4d71e,koughi,0.16601951,0.17770586,oe:player:66a45be025e362d7d650d5d8b4b0935,Zaphyr,0.18706646,0.18000582,oe:player:ec40ca8fe7e6ed94b321110063bed2c,GunPoint,0.25624893,0.23415938,oe:player:87f9c53f8f466a417e52a132104870b,skr,0.11981888,0.04853548
ESPORTSTMNT03_1961738,2021-06-15,2021,Unknown,11.12,oe:team:c33bf74e075fb47e63c1eb63226ae3d,Furious Gaming Chile,lineup-092c4aa304ece08a,0,-0.05256111,338.49696970,1.33333333,0.20701520,0.26665680,oe:player:d093de85c458fabe60eda8786a7bd6b,Manolito,0.20128065,0.19297429,oe:player:d03862f740c87d7ba17afc3cacaa20f,EXIMUS,0.20845076,0.29748263,oe:player:30fda405a39a1754550e87835c669fb,Emp,0.22900251,0.35805343,oe:player:d3bc65e5e987b942fba2400b4649f71,Viciun,0.23235751,0.10069469,oe:player:affea2faa664cb5130a7569ac4b74b3,Feitan,0.12890857,0.05079496
ESPORTSTMNT03_1961738,2021-06-15,2021,Unknown,11.12,oe:team:cb951a65f688a6e2bdf1d8d4a91da4d,Cruzados Esports,lineup-845780a91f3259c1,1,0.50542358,495.24242424,1.49696970,0.20570140,0.25236567,oe:player:b9833585bf011bdf1cdf48a80b5a881,LukasNegro,0.21004687,0.18697913,oe:player:62633293ebe4ae9a06bb68c78cf9484,Kartana,0.21443596,0.14905464,oe:player:de5baf357cd597896c34639e1c1e573,Kirito,0.23149544,0.22765710,oe:player:a1cf236c2b3c7deff8f57282dd2a84f,Emets,0.20964937,0.37335862,oe:player:007cc9547ae8884ad597cd92ba50542,Severity,0.13437236,0.06295050
ESPORTSTMNT03_1961765,2021-06-15,2021,Unknown,11.12,oe:team:5c116dedda7feae2f6ffc093f844ac6,Rebirth eSports,lineup-5f9ea8b5f4158b36,1,0.40530587,367.19114028,1.85069729,0.21040413,0.22153202,oe:player:f1fa99d4fb0bd61ece7a4576a5507ba,Scrappy,0.25502813,0.26273106,oe:player:3e2e64ccceb9c7bfa8b72113d2940c3,Sami,0.18345319,0.23507728,oe:player:18eff78d8fbeb94244572cef0bb4536,Alowhed,0.21943643,0.17480999,oe:player:e87d9b370206c12da8a677cb495afb5,Lyg,0.22127671,0.24460798,oe:player:526fdc640d635b7c6f01cd356345db0,Duivel,0.12080554,0.08277369
ESPORTSTMNT03_1961765,2021-06-15,2021,Unknown,11.12,oe:team:f3bc4f2e318bd6b40e1ddd88c637396,Kaos Latin Gamers Academy,lineup-ae57961326c44301,0,0.07300241,437.45365053,1.57013946,0.21091444,0.24505759,oe:player:9b997d21495dbcdcb3a00095e4b6e1f,Rockstar,0.23915597,0.31004996,oe:player:f38784ca7ec10b84f1c1f84121428d6,Xeydon,0.17424641,0.09610018,oe:player:0bc91bc67360a5b84f5f79d06e7a43e,KearZy,0.24464369,0.23717314,oe:player:ba722a5e6c2fc8344cdc9d4647d2999,AZR,0.22117793,0.27791530,oe:player:65568d869f85a561ada66050521f65e,Milo,0.12077601,0.07876142
ESPORTSTMNT03_1962287,2021-06-16,2021,Unknown,11.12,oe:team:ba3b1a1f005f917f9aaea679f31ae08,Bencheados,lineup-097a9f3438d30f47,1,0.95216931,457.40805604,1.52014011,0.20665594,0.23098126,oe:player:d7489947f78bf18709270b555816665,Deratero,0.22528403,0.28305383,oe:player:e125fd5aae78be68687e3ee2fc95f11,Funky Dog,0.19190601,0.25113715,oe:player:b4067a049170b186439a5fc1a0d971f,Wandering,0.20690142,0.19084157,oe:player:905b58ee28fd586c8870ce6c8af1f6c,Wonder,0.24093219,0.21984838,oe:player:d99c1faaba5061813508a061f33bd2a,Hayha,0.13497636,0.05511907
ESPORTSTMNT03_1962287,2021-06-16,2021,Unknown,11.12,oe:team:cb951a65f688a6e2bdf1d8d4a91da4d,Cruzados Esports,lineup-845780a91f3259c1,0,-1.09897817,281.42907180,1.22591944,0.20558026,0.25082698,oe:player:b9833585bf011bdf1cdf48a80b5a881,LukasNegro,0.21314366,0.13197590,oe:player:62633293ebe4ae9a06bb68c78cf9484,Kartana,0.21690571,0.16144770,oe:player:de5baf357cd597896c34639e1c1e573,Kirito,0.22786269,0.29817793,oe:player:a1cf236c2b3c7deff8f57282dd2a84f,Emets,0.20757113,0.33656096,oe:player:007cc9547ae8884ad597cd92ba50542,Severity,0.13451681,0.07183751
ESPORTSTMNT03_1962321,2021-06-16,2021,Unknown,11.12,oe:team:096d11bb39c67344ba0d303a4505e81,Newstar,lineup-2b0b85a3e4fc68df,0,-0.19365248,295.42816901,1.13239437,0.21116640,0.21902243,oe:player:2add7cc983f1a369edfe50f194d5d13,Linker,0.15877369,0.22632226,oe:player:6ffda240105538d79cc27c57a5ea46d,Douny,0.19793238,0.22646529,oe:player:6aff04000a3032154606825dbb26529,Fear,0.21268544,0.15569667,oe:player:a23e88f88c9668bf9d4dea3d00d606d,KouZZe,0.28176159,0.28416145,oe:player:fb8a1248ec042b539f281c3268fc864,PikaBoss,0.14884690,0.10735433
ESPORTSTMNT03_1962321,2021-06-16,2021,Unknown,11.12,oe:team:71cc230a7d2155dd4958f3de7ad40bb,Santiago Wanderers eSports,lineup-dfeb92fa18d6ded3,1,-0.20365291,330.03380282,1.30140845,0.20655508,0.21230077,oe:player:ed5e33a16b4c021ea0a9ce1e8f23a5a,Hazard,0.24148738,0.19247708,oe:player:9a2f5597c8acf766dfcee23a4a4d71e,koughi,0.21880823,0.25290623,oe:player:66a45be025e362d7d650d5d8b4b0935,Zaphyr,0.20087244,0.22655810,oe:player:ec40ca8fe7e6ed94b321110063bed2c,GunPoint,0.20553109,0.21949096,oe:player:5a98ba300e1c781d7e91e1ac52902e2,Woohee,0.13330086,0.10856762
ESPORTSTMNT03_1962353,2021-06-16,2021,Unknown,11.12,oe:team:a19a63a498e083aef0b8fc70b2b7715,Movistar Optix,lineup-d172b59bfbc4635f,0,0.40201268,350.14187643,1.20137300,0.20785492,0.25283885,oe:player:5d16b474fe0e5c99f5647b615816e12,Arfyss,0.23830095,0.21106188,oe:player:d68b7d3b26ccc08cc30abb5210e5839,Amarant,0.17026665,0.10354090,oe:player:fbbdc14045f1d9b78dd8fd4ca50306d,Piqueos,0.21865889,0.30342718,oe:player:4ae382e5cc3e063f06c8e0f3fa41afd,KreshtDoo,0.23530038,0.31856325,oe:player:7a913e753d77491e84e55c61204fb0c,Gralou,0.13747313,0.06340679
ESPORTSTMNT03_1962353,2021-06-16,2021,Unknown,11.12,oe:team:c33bf74e075fb47e63c1eb63226ae3d,Furious Gaming Chile,lineup-092c4aa304ece08a,1,0.89208255,515.67048055,1.57894737,0.20648862,0.23232667,oe:player:d093de85c458fabe60eda8786a7bd6b,Manolito,0.21513785,0.24661856,oe:player:d03862f740c87d7ba17afc3cacaa20f,EXIMUS,0.19646105,0.20412429,oe:player:30fda405a39a1754550e87835c669fb,Emp,0.23254165,0.28621066,oe:player:d3bc65e5e987b942fba2400b4649f71,Viciun,0.22383065,0.21315033,oe:player:affea2faa664cb5130a7569ac4b74b3,Feitan,0.13202881,0.04989616
ESPORTSTMNT03_1962364,2021-06-17,2021,Unknown,11.12,oe:team:5babf9f14b8cc18a551ee1fd2d5c6f9,LDM Esports,lineup-d78cf0365d34a7c3,1,0.94620460,544.44937028,1.81964736,0.20796904,0.23259060,oe:player:73b8ea5aed1fefc530e333a07438218,Cosmoz,0.21287537,0.17111735,oe:player:baab52118a09c2b4e43f4950ec5af6b,Day Beats,0.18451209,0.24030379,oe:player:11ca8602d3855c158442bb37c9254bb,Neadz,0.24181004,0.29619924,oe:player:dd62ea30c72d69edfdbc9a86de04984,Prodigy,0.23063615,0.23304205,oe:player:c1bf3cfa3d2aa4464eed8b4724644dd,Wardian,0.13016634,0.05933756
ESPORTSTMNT03_1962364,2021-06-17,2021,Unknown,11.12,oe:team:f3bc4f2e318bd6b40e1ddd88c637396,Kaos Latin Gamers Academy,lineup-ae57961326c44301,0,-0.18448871,333.61813602,1.34811083,0.20818551,0.22948584,oe:player:9b997d21495dbcdcb3a00095e4b6e1f,Rockstar,0.18886507,0.22605371,oe:player:f38784ca7ec10b84f1c1f84121428d6,Xeydon,0.19906147,0.21297068,oe:player:0bc91bc67360a5b84f5f79d06e7a43e,KearZy,0.22378001,0.26508535,oe:player:ba722a5e6c2fc8344cdc9d4647d2999,AZR,0.25508371,0.24537020,oe:player:65568d869f85a561ada66050521f65e,Milo,0.13320974,0.05052006
ESPORTSTMNT03_1962387,2021-06-17,2021,Unknown,11.12,oe:team:5c116dedda7feae2f6ffc093f844ac6,Rebirth eSports,lineup-5f9ea8b5f4158b36,1,0.48907832,482.34772640,1.58654948,0.21046410,0.26555592,oe:player:f1fa99d4fb0bd61ece7a4576a5507ba,Scrappy,0.25664936,0.13475359,oe:player:3e2e64ccceb9c7bfa8b72113d2940c3,Sami,0.18455931,0.24002776,oe:player:18eff78d8fbeb94244572cef0bb4536,Alowhed,0.23592524,0.39780592,oe:player:e87d9b370206c12da8a677cb495afb5,Lyg,0.19852136,0.16698038,oe:player:526fdc640d635b7c6f01cd356345db0,Duivel,0.12434472,0.06043235
ESPORTSTMNT03_1962387,2021-06-17,2021,Unknown,11.12,oe:team:c5c317341ae046ce3345b8d56efce5c,Dark Horse,lineup-d7a431a8b47493fd,0,0.19877327,341.99770730,1.66908674,0.20606969,0.20261190,oe:player:ba8eae65e7f69e7f2405a2d8faa59c0,Kryzpo,0.22291261,0.22933873,oe:player:53c5acbf75de5e3342bc323e60268dd,Ocean,0.21461414,0.18812346,oe:player:cf6fe267c79a3e3ea388534d48dd66d,Regi,0.16525137,0.18302853,oe:player:ce311f9a3d94cb7038eb2ea051144c2,Perro,0.24399707,0.22546391,oe:player:c6a3d2fb852e7fbe44c84dd6e23f971,Pyl,0.15322480,0.17404537
ESPORTSTMNT03_1990910,2021-06-18,2021,Unknown,11.12,oe:team:71cc230a7d2155dd4958f3de7ad40bb,Santiago Wanderers eSports,lineup-dfeb92fa18d6ded3,0,0.49280598,445.43560058,1.37192475,0.20625410,0.25941912,oe:player:ed5e33a16b4c021ea0a9ce1e8f23a5a,Hazard,0.22678925,0.25559786,oe:player:9a2f5597c8acf766dfcee23a4a4d71e,koughi,0.20963244,0.13766261,oe:player:66a45be025e362d7d650d5d8b4b0935,Zaphyr,0.20888231,0.16561619,oe:player:ec40ca8fe7e6ed94b321110063bed2c,GunPoint,0.22392337,0.37932917,oe:player:5a98ba300e1c781d7e91e1ac52902e2,Woohee,0.13077263,0.06179418
ESPORTSTMNT03_1990910,2021-06-18,2021,Unknown,11.12,oe:team:c33bf74e075fb47e63c1eb63226ae3d,Furious Gaming Chile,lineup-092c4aa304ece08a,1,1.04010279,543.94790159,1.61505065,0.21387095,0.24282460,oe:player:d093de85c458fabe60eda8786a7bd6b,Manolito,0.17436053,0.23011270,oe:player:d03862f740c87d7ba17afc3cacaa20f,EXIMUS,0.16415923,0.17120904,oe:player:30fda405a39a1754550e87835c669fb,Emp,0.25445739,0.22033267,oe:player:d3bc65e5e987b942fba2400b4649f71,Viciun,0.27036476,0.33137165,oe:player:affea2faa664cb5130a7569ac4b74b3,Feitan,0.13665809,0.04697394
ESPORTSTMNT03_1990955,2021-06-18,2021,Unknown,11.12,oe:team:096d11bb39c67344ba0d303a4505e81,Newstar,lineup-2b0b85a3e4fc68df,1,0.57044924,508.23309609,1.51067616,0.20976976,0.25264540,oe:player:2add7cc983f1a369edfe50f194d5d13,Linker,0.19454588,0.23705742,oe:player:6ffda240105538d79cc27c57a5ea46d,Douny,0.23728492,0.33095611,oe:player:6aff04000a3032154606825dbb26529,Fear,0.19710204,0.11112395,oe:player:a23e88f88c9668bf9d4dea3d00d606d,KouZZe,0.24847361,0.26788434,oe:player:fb8a1248ec042b539f281c3268fc864,PikaBoss,0.12259356,0.05297818
ESPORTSTMNT03_1990955,2021-06-18,2021,Unknown,11.12,oe:team:f3bc4f2e318bd6b40e1ddd88c637396,Kaos Latin Gamers Academy,lineup-ae57961326c44301,0,0.13566322,396.63523132,1.43060498,0.20196275,0.24213833,oe:player:9b997d21495dbcdcb3a00095e4b6e1f,Rockstar,0.22551042,0.26982760,oe:player:f38784ca7ec10b84f1c1f84121428d6,Xeydon,0.20395667,0.13438219,oe:player:0bc91bc67360a5b84f5f79d06e7a43e,KearZy,0.21427063,0.34185699,oe:player:ba722a5e6c2fc8344cdc9d4647d2999,AZR,0.16987997,0.15987241,oe:player:65568d869f85a561ada66050521f65e,Milo,0.18638232,0.09406081
ESPORTSTMNT03_1990984,2021-06-18,2021,Unknown,11.12,oe:team:5babf9f14b8cc18a551ee1fd2d5c6f9,LDM Esports,lineup-d78cf0365d34a7c3,1,1.85326408,678.27865360,1.68214742,0.21164830,0.25494210,oe:player:73b8ea5aed1fefc530e333a07438218,Cosmoz,0.17965377,0.13957485,oe:player:baab52118a09c2b4e43f4950ec5af6b,Day Beats,0.20049144,0.17470978,oe:player:11ca8602d3855c158442bb37c9254bb,Neadz,0.22314772,0.30887231,oe:player:dd62ea30c72d69edfdbc9a86de04984,Prodigy,0.27147280,0.32721996,oe:player:c1bf3cfa3d2aa4464eed8b4724644dd,Wardian,0.12523427,0.04962310
ESPORTSTMNT03_1990984,2021-06-18,2021,Unknown,11.12,oe:team:cb951a65f688a6e2bdf1d8d4a91da4d,Cruzados Esports,lineup-845780a91f3259c1,0,1.28123501,615.30805283,1.40605028,0.20896852,0.26319743,oe:player:b9833585bf011bdf1cdf48a80b5a881,LukasNegro,0.22795836,0.23774347,oe:player:62633293ebe4ae9a06bb68c78cf9484,Kartana,0.20928237,0.20631689,oe:player:de5baf357cd597896c34639e1c1e573,Kirito,0.18930303,0.12367879,oe:player:a1cf236c2b3c7deff8f57282dd2a84f,Emets,0.24850989,0.38254504,oe:player:007cc9547ae8884ad597cd92ba50542,Severity,0.12494636,0.04971581
ESPORTSTMNT03_1991002,2021-06-19,2021,Unknown,11.12,oe:team:5c116dedda7feae2f6ffc093f844ac6,Rebirth eSports,lineup-5f9ea8b5f4158b36,0,1.43954712,546.18720749,1.61934477,0.20933725,0.25586651,oe:player:f1fa99d4fb0bd61ece7a4576a5507ba,Scrappy,0.24379444,0.14905486,oe:player:3e2e64ccceb9c7bfa8b72113d2940c3,Sami,0.18542443,0.17236208,oe:player:18eff78d8fbeb94244572cef0bb4536,Alowhed,0.22721590,0.29210296,oe:player:e87d9b370206c12da8a677cb495afb5,Lyg,0.22114708,0.34145087,oe:player:526fdc640d635b7c6f01cd356345db0,Duivel,0.12241815,0.04502922
ESPORTSTMNT03_1991002,2021-06-19,2021,Unknown,11.12,oe:team:a19a63a498e083aef0b8fc70b2b7715,Movistar Optix,lineup-d172b59bfbc4635f,1,1.31681261,673.79251170,1.71762871,0.21394631,0.28396773,oe:player:5d16b474fe0e5c99f5647b615816e12,Arfyss,0.16704400,0.06589705,oe:player:d68b7d3b26ccc08cc30abb5210e5839,Amarant,0.18491745,0.20485250,oe:player:fbbdc14045f1d9b78dd8fd4ca50306d,Piqueos,0.24879851,0.36370140,oe:player:4ae382e5cc3e063f06c8e0f3fa41afd,KreshtDoo,0.27121314,0.32164315,oe:player:7a913e753d77491e84e55c61204fb0c,Gralou,0.12802690,0.04390590
ESPORTSTMNT03_1991038,2021-06-19,2021,Unknown,11.12,oe:team:ba3b1a1f005f917f9aaea679f31ae08,Bencheados,lineup-097a9f3438d30f47,0,0.67202694,443.19082569,1.38165138,0.21033535,0.23268903,oe:player:d7489947f78bf18709270b555816665,Deratero,0.21243187,0.23142846,oe:player:e125fd5aae78be68687e3ee2fc95f11,Funky Dog,0.18503613,0.13425161,oe:player:b4067a049170b186439a5fc1a0d971f,Wandering,0.23558119,0.26916150,oe:player:905b58ee28fd586c8870ce6c8af1f6c,Wonder,0.24729053,0.28743184,oe:player:d99c1faaba5061813508a061f33bd2a,Hayha,0.11966029,0.07772658
ESPORTSTMNT03_1991038,2021-06-19,2021,Unknown,11.12,oe:team:c5c317341ae046ce3345b8d56efce5c,Dark Horse,lineup-d7a431a8b47493fd,1,0.98559967,526.05137615,1.49174312,0.20808369,0.24140550,oe:player:ba8eae65e7f69e7f2405a2d8faa59c0,Kryzpo,0.26006375,0.29678965,oe:player:53c5acbf75de5e3342bc323e60268dd,Ocean,0.20899244,0.13495385,oe:player:cf6fe267c79a3e3ea388534d48dd66d,Regi,0.20294239,0.30513990,oe:player:ce311f9a3d94cb7038eb2ea051144c2,Perro,0.19395585,0.19231735,oe:player:c6a3d2fb852e7fbe44c84dd6e23f971,Pyl,0.13404557,0.07079924
ESPORTSTMNT03_1994480,2021-06-23,2021,Unknown,11.12,oe:team:5babf9f14b8cc18a551ee1fd2d5c6f9,LDM Esports,lineup-d78cf0365d34a7c3,1,1.32230142,578.62008734,1.42981909,0.20831146,0.25488486,oe:player:73b8ea5aed1fefc530e333a07438218,Cosmoz,0.23183558,0.25858411,oe:player:baab52118a09c2b4e43f4950ec5af6b,Day Beats,0.16577471,0.10347504,oe:player:11ca8602d3855c158442bb37c9254bb,Neadz,0.23287620,0.34670220,oe:player:dd62ea30c72d69edfdbc9a86de04984,Prodigy,0.23261605,0.23135043,oe:player:c1bf3cfa3d2aa4464eed8b4724644dd,Wardian,0.13689746,0.05988822
ESPORTSTMNT03_1994480,2021-06-23,2021,Unknown,11.12,oe:team:ba3b1a1f005f917f9aaea679f31ae08,Bencheados,lineup-097a9f3438d30f47,0,0.40127300,374.83718029,1.12289457,0.20214315,0.22479282,oe:player:d7489947f78bf18709270b555816665,Deratero,0.23391101,0.19216328,oe:player:e125fd5aae78be68687e3ee2fc95f11,Funky Dog,0.17583673,0.19493929,oe:player:b4067a049170b186439a5fc1a0d971f,Wandering,0.20059092,0.30280396,oe:player:905b58ee28fd586c8870ce6c8af1f6c,Wonder,0.18149767,0.22609442,oe:player:d99c1faaba5061813508a061f33bd2a,Hayha,0.20816367,0.08399904
ESPORTSTMNT03_1994525,2021-06-23,2021,Unknown,11.12,oe:team:a19a63a498e083aef0b8fc70b2b7715,Movistar Optix,lineup-d172b59bfbc4635f,0,0.10569205,380.44299674,1.53908795,0.20768763,0.23488317,oe:player:5d16b474fe0e5c99f5647b615816e12,Arfyss,0.21347328,0.19954022,oe:player:d68b7d3b26ccc08cc30abb5210e5839,Amarant,0.18237574,0.21868900,oe:player:fbbdc14045f1d9b78dd8fd4ca50306d,Piqueos,0.21690223,0.15122521,oe:player:4ae382e5cc3e063f06c8e0f3fa41afd,KreshtDoo,0.25205598,0.34114610,oe:player:7a913e753d77491e84e55c61204fb0c,Gralou,0.13519277,0.08939947
ESPORTSTMNT03_1994525,2021-06-23,2021,Unknown,11.12,oe:team:cb951a65f688a6e2bdf1d8d4a91da4d,Cruzados Esports,lineup-845780a91f3259c1,1,0.09171548,412.42182410,1.63680782,0.20806756,0.25360161,oe:player:b9833585bf011bdf1cdf48a80b5a881,LukasNegro,0.20503078,0.23826843,oe:player:62633293ebe4ae9a06bb68c78cf9484,Kartana,0.19763173,0.08946913,oe:player:de5baf357cd597896c34639e1c1e573,Kirito,0.24012627,0.24492649,oe:player:a1cf236c2b3c7deff8f57282dd2a84f,Emets,0.23109886,0.35064981,oe:player:007cc9547ae8884ad597cd92ba50542,Severity,0.12611236,0.07668614
ESPORTSTMNT03_1994570,2021-06-23,2021,Unknown,11.12,oe:team:c33bf74e075fb47e63c1eb63226ae3d,Furious Gaming Chile,lineup-092c4aa304ece08a,0,0.69998363,546.34401349,1.58347386,0.21583644,0.27847837,oe:player:d093de85c458fabe60eda8786a7bd6b,Manolito,0.16472938,0.10262607,oe:player:d03862f740c87d7ba17afc3cacaa20f,EXIMUS,0.18358071,0.17996370,oe:player:30fda405a39a1754550e87835c669fb,Emp,0.28929721,0.41631017,oe:player:d3bc65e5e987b942fba2400b4649f71,Viciun,0.23430794,0.24251347,oe:player:affea2faa664cb5130a7569ac4b74b3,Feitan,0.12808476,0.05858659
ESPORTSTMNT03_1994570,2021-06-23,2021,Unknown,11.12,oe:team:f3bc4f2e318bd6b40e1ddd88c637396,Kaos Latin Gamers Academy,lineup-ae57961326c44301,1,1.06480408,483.78414840,1.26981450,0.20980281,0.29878667,oe:player:9b997d21495dbcdcb3a00095e4b6e1f,Rockstar,0.18257746,0.12260008,oe:player:f38784ca7ec10b84f1c1f84121428d6,Xeydon,0.19416493,0.11501861,oe:player:0bc91bc67360a5b84f5f79d06e7a43e,KearZy,0.25086229,0.46743632,oe:player:ba722a5e6c2fc8344cdc9d4647d2999,AZR,0.24319432,0.21279332,oe:player:65568d869f85a561ada66050521f65e,Milo,0.12920099,0.08215167
ESPORTSTMNT03_1994601,2021-06-24,2021,Unknown,11.12,oe:team:096d11bb39c67344ba0d303a4505e81,Newstar,lineup-007bd41ad2def7cf,0,-0.65208317,279.91755319,1.08510638,0.20515694,0.23159109,oe:player:ec900369f74e342027743723147282f,Akira,0.19452736,0.25308554,oe:player:6ffda240105538d79cc27c57a5ea46d,Douny,0.19709784,0.24635864,oe:player:6aff04000a3032154606825dbb26529,Fear,0.21531233,0.12726962,oe:player:a23e88f88c9668bf9d4dea3d00d606d,KouZZe,0.24582642,0.28905738,oe:player:fb8a1248ec042b539f281c3268fc864,PikaBoss,0.14723604,0.08422883
ESPORTSTMNT03_1994601,2021-06-24,2021,Unknown,11.12,oe:team:5c116dedda7feae2f6ffc093f844ac6,Rebirth eSports,lineup-5f9ea8b5f4158b36,1,0.71447433,391.57180851,1.24468085,0.21273684,0.22087198,oe:player:f1fa99d4fb0bd61ece7a4576a5507ba,Scrappy,0.18875600,0.24486012,oe:player:3e2e64ccceb9c7bfa8b72113d2940c3,Sami,0.20346188,0.20031787,oe:player:18eff78d8fbeb94244572cef0bb4536,Alowhed,0.28386624,0.27764533,oe:player:e87d9b370206c12da8a677cb495afb5,Lyg,0.19849890,0.19000754,oe:player:526fdc640d635b7c6f01cd356345db0,Duivel,0.12541697,0.08716914
ESPORTSTMNT03_1994613,2021-06-24,2021,Unknown,11.12,oe:team:71cc230a7d2155dd4958f3de7ad40bb,Santiago Wanderers eSports,lineup-dfeb92fa18d6ded3,1,-0.87049999,358.92030848,1.56709512,0.20803010,0.23525725,oe:player:ed5e33a16b4c021ea0a9ce1e8f23a5a,Hazard,0.21109661,0.16326601,oe:player:9a2f5597c8acf766dfcee23a4a4d71e,koughi,0.16586162,0.17629566,oe:player:66a45be025e362d7d650d5d8b4b0935,Zaphyr,0.24965731,0.29364847,oe:player:ec40ca8fe7e6ed94b321110063bed2c,GunPoint,0.23097258,0.29299527,oe:player:5a98ba300e1c781d7e91e1ac52902e2,Woohee,0.14241188,0.07379459
ESPORTSTMNT03_1994613,2021-06-24,2021,Unknown,11.12,oe:team:c5c317341ae046ce3345b8d56efce5c,Dark Horse,lineup-d7a431a8b47493fd,0,-0.54748081,185.20719794,1.40668380,0.20440493,0.25146272,oe:player:ba8eae65e7f69e7f2405a2d8faa59c0,Kryzpo,0.24014426,0.20257170,oe:player:53c5acbf75de5e3342bc323e60268dd,Ocean,0.21136839,0.03524435,oe:player:cf6fe267c79a3e3ea388534d48dd66d,Regi,0.18949872,0.33801925,oe:player:ce311f9a3d94cb7038eb2ea051144c2,Perro,0.15022925,0.16223059,oe:player:c6a3d2fb852e7fbe44c84dd6e23f971,Pyl,0.20875938,0.26193411
ESPORTSTMNT03_1995550,2021-06-25,2021,Unknown,11.12,oe:team:71cc230a7d2155dd4958f3de7ad40bb,Santiago Wanderers eSports,lineup-dfeb92fa18d6ded3,0,0.23543682,414.42496999,1.43577431,0.20870766,0.26098658,oe:player:ed5e33a16b4c021ea0a9ce1e8f23a5a,Hazard,0.22000293,0.21745226,oe:player:9a2f5597c8acf766dfcee23a4a4d71e,koughi,0.19882767,0.12831387,oe:player:66a45be025e362d7d650d5d8b4b0935,Zaphyr,0.22675850,0.21029153,oe:player:ec40ca8fe7e6ed94b321110063bed2c,GunPoint,0.23443728,0.38700408,oe:player:5a98ba300e1c781d7e91e1ac52902e2,Woohee,0.11997362,0.05693826
ESPORTSTMNT03_1995550,2021-06-25,2021,Unknown,11.12,oe:team:a19a63a498e083aef0b8fc70b2b7715,Movistar Optix,lineup-d172b59bfbc4635f,1,0.22328486,452.72989196,1.58943577,0.20733881,0.23990856,oe:player:5d16b474fe0e5c99f5647b615816e12,Arfyss,0.20085786,0.18528654,oe:player:d68b7d3b26ccc08cc30abb5210e5839,Amarant,0.19400277,0.18403496,oe:player:fbbdc14045f1d9b78dd8fd4ca50306d,Piqueos,0.25034664,0.25590522,oe:player:4ae382e5cc3e063f06c8e0f3fa41afd,KreshtDoo,0.22067151,0.32153880,oe:player:7a913e753d77491e84e55c61204fb0c,Gralou,0.13412121,0.05323448
ESPORTSTMNT03_1995575,2021-06-25,2021,Unknown,11.12,oe:team:ba3b1a1f005f917f9aaea679f31ae08,Bencheados,lineup-097a9f3438d30f47,1,1.48423935,576.56235476,1.68241673,0.21663229,0.23838615,oe:player:d7489947f78bf18709270b555816665,Deratero,0.16103187,0.16040207,oe:player:e125fd5aae78be68687e3ee2fc95f11,Funky Dog,0.18647883,0.23428746,oe:player:b4067a049170b186439a5fc1a0d971f,Wandering,0.24292395,0.20798504,oe:player:905b58ee28fd586c8870ce6c8af1f6c,Wonder,0.28553769,0.33203286,oe:player:d99c1faaba5061813508a061f33bd2a,Hayha,0.12402766,0.06529257
ESPORTSTMNT03_1995575,2021-06-25,2021,Unknown,11.12,oe:team:f3bc4f2e318bd6b40e1ddd88c637396,Kaos Latin Gamers Academy,lineup-ae57961326c44301,0,0.62997417,501.59256390,1.46398141,0.21411009,0.25981679,oe:player:9b997d21495dbcdcb3a00095e4b6e1f,Rockstar,0.21772172,0.27023145,oe:player:f38784ca7ec10b84f1c1f84121428d6,Xeydon,0.16220008,0.07721958,oe:player:0bc91bc67360a5b84f5f79d06e7a43e,KearZy,0.28166123,0.32803032,oe:player:ba722a5e6c2fc8344cdc9d4647d2999,AZR,0.21281129,0.26367140,oe:player:65568d869f85a561ada66050521f65e,Milo,0.12560568,0.06084725
ESPORTSTMNT03_1995599,2021-06-25,2021,Unknown,11.12,oe:team:c33bf74e075fb47e63c1eb63226ae3d,Furious Gaming Chile,lineup-092c4aa304ece08a,1,0.09376706,457.71519660,1.67056323,0.20845401,0.27530681,oe:player:d093de85c458fabe60eda8786a7bd6b,Manolito,0.19027428,0.12948388,oe:player:d03862f740c87d7ba17afc3cacaa20f,EXIMUS,0.18605078,0.11711360,oe:player:30fda405a39a1754550e87835c669fb,Emp,0.24514632,0.35465627,oe:player:d3bc65e5e987b942fba2400b4649f71,Viciun,0.24356042,0.33998746,oe:player:affea2faa664cb5130a7569ac4b74b3,Feitan,0.13496820,0.05875879
ESPORTSTMNT03_1995599,2021-06-25,2021,Unknown,11.12,oe:team:c5c317341ae046ce3345b8d56efce5c,Dark Horse,lineup-d7a431a8b47493fd,0,1.05728338,444.95642933,1.20510096,0.20557152,0.23916211,oe:player:ba8eae65e7f69e7f2405a2d8faa59c0,Kryzpo,0.20310849,0.13879972,oe:player:53c5acbf75de5e3342bc323e60268dd,Ocean,0.20775049,0.31750831,oe:player:cf6fe267c79a3e3ea388534d48dd66d,Regi,0.21013366,0.25875559,oe:player:ce311f9a3d94cb7038eb2ea051144c2,Perro,0.24038960,0.21841683,oe:player:c6a3d2fb852e7fbe44c84dd6e23f971,Pyl,0.13861776,0.06651955
ESPORTSTMNT03_1995614,2021-06-26,2021,Unknown,11.12,oe:team:096d11bb39c67344ba0d303a4505e81,Newstar,lineup-007bd41ad2def7cf,0,-1.24647566,246.25562130,1.12189349,0.20379637,0.27347699,oe:player:ec900369f74e342027743723147282f,Akira,0.19529650,0.18961391,oe:player:6ffda240105538d79cc27c57a5ea46d,Douny,0.19037209,0.24367809,oe:player:6aff04000a3032154606825dbb26529,Fear,0.22300205,0.10161183,oe:player:a23e88f88c9668bf9d4dea3d00d606d,KouZZe,0.23512898,0.40526513,oe:player:fb8a1248ec042b539f281c3268fc864,PikaBoss,0.15620038,0.05983103
ESPORTSTMNT03_1995614,2021-06-26,2021,Unknown,11.12,oe:team:5babf9f14b8cc18a551ee1fd2d5c6f9,LDM Esports,lineup-d78cf0365d34a7c3,1,-0.66864656,347.20473373,1.64023669,0.20925885,0.24956494,oe:player:73b8ea5aed1fefc530e333a07438218,Cosmoz,0.24028397,0.31545257,oe:player:baab52118a09c2b4e43f4950ec5af6b,Day Beats,0.16524984,0.12476993,oe:player:11ca8602d3855c158442bb37c9254bb,Neadz,0.23715300,0.30203689,oe:player:dd62ea30c72d69edfdbc9a86de04984,Prodigy,0.22413762,0.19974232,oe:player:c1bf3cfa3d2aa4464eed8b4724644dd,Wardian,0.13317557,0.05799828
ESPORTSTMNT03_1995621,2021-06-26,2021,Unknown,11.12,oe:team:5c116dedda7feae2f6ffc093f844ac6,Rebirth eSports,lineup-5f9ea8b5f4158b36,1,0.08837065,427.68910649,1.24112607,0.20516130,0.28615048,oe:player:f1fa99d4fb0bd61ece7a4576a5507ba,Scrappy,0.19196206,0.12035304,oe:player:3e2e64ccceb9c7bfa8b72113d2940c3,Sami,0.21342180,0.17473428,oe:player:18eff78d8fbeb94244572cef0bb4536,Alowhed,0.20533206,0.20224256,oe:player:e87d9b370206c12da8a677cb495afb5,Lyg,0.24378823,0.44354963,oe:player:526fdc640d635b7c6f01cd356345db0,Duivel,0.14549585,0.05912049
ESPORTSTMNT03_1995621,2021-06-26,2021,Unknown,11.12,oe:team:cb951a65f688a6e2bdf1d8d4a91da4d,Cruzados Esports,lineup-845780a91f3259c1,0,-1.25253805,244.12729498,1.29253366,0.20738264,0.23347368,oe:player:b9833585bf011bdf1cdf48a80b5a881,LukasNegro,0.22107563,0.21235184,oe:player:62633293ebe4ae9a06bb68c78cf9484,Kartana,0.20403942,0.13470910,oe:player:de5baf357cd597896c34639e1c1e573,Kirito,0.20059964,0.22450514,oe:player:a1cf236c2b3c7deff8f57282dd2a84f,Emets,0.24454981,0.33265147,oe:player:007cc9547ae8884ad597cd92ba50542,Severity,0.12973551,0.09578244
ESPORTSTMNT03_1997084,2021-06-29,2021,Unknown,11.12,oe:team:5babf9f14b8cc18a551ee1fd2d5c6f9,LDM Esports,lineup-d78cf0365d34a7c3,0,-1.04974742,263.43350254,1.49847716,0.20862655,0.30464383,oe:player:73b8ea5aed1fefc530e333a07438218,Cosmoz,0.18508703,0.17256688,oe:player:baab52118a09c2b4e43f4950ec5af6b,Day Beats,0.20286788,0.47970958,oe:player:11ca8602d3855c158442bb37c9254bb,Neadz,0.22565269,0.17000023,oe:player:dd62ea30c72d69edfdbc9a86de04984,Prodigy,0.25502373,0.09387934,oe:player:c1bf3cfa3d2aa4464eed8b4724644dd,Wardian,0.13136867,0.08384397
ESPORTSTMNT03_1997084,2021-06-29,2021,Unknown,11.12,oe:team:c5c317341ae046ce3345b8d56efce5c,Dark Horse,lineup-d7a431a8b47493fd,1,-0.07341856,363.80710660,1.47411168,0.20834971,0.23225811,oe:player:ba8eae65e7f69e7f2405a2d8faa59c0,Kryzpo,0.18007489,0.17215571,oe:player:53c5acbf75de5e3342bc323e60268dd,Ocean,0.21034573,0.29339473,oe:player:cf6fe267c79a3e3ea388534d48dd66d,Regi,0.23349299,0.22211804,oe:player:ce311f9a3d94cb7038eb2ea051144c2,Perro,0.24477924,0.25215571,oe:player:c6a3d2fb852e7fbe44c84dd6e23f971,Pyl,0.13130715,0.06017581
ESPORTSTMNT03_2000440,2021-06-17,2021,Unknown,11.12,oe:team:096d11bb39c67344ba0d303a4505e81,Newstar,lineup-2b0b85a3e4fc68df,0,0.59068073,307.15985130,0.98141264,0.20288071,0.20955240,oe:player:2add7cc983f1a369edfe50f194d5d13,Linker,0.19922137,0.22157674,oe:player:6ffda240105538d79cc27c57a5ea46d,Douny,0.19093907,0.12318157,oe:player:6aff04000a3032154606825dbb26529,Fear,0.21367818,0.20504442,oe:player:a23e88f88c9668bf9d4dea3d00d606d,KouZZe,0.23416074,0.19427299,oe:player:fb8a1248ec042b539f281c3268fc864,PikaBoss,0.16200064,0.25592429
ESPORTSTMNT03_2000440,2021-06-17,2021,Unknown,11.12,oe:team:c33bf74e075fb47e63c1eb63226ae3d,Furious Gaming Chile,lineup-092c4aa304ece08a,1,0.21615330,449.23420074,1.43494424,0.20620952,0.24202241,oe:player:d093de85c458fabe60eda8786a7bd6b,Manolito,0.20945741,0.19631922,oe:player:d03862f740c87d7ba17afc3cacaa20f,EXIMUS,0.20079168,0.22925425,oe:player:30fda405a39a1754550e87835c669fb,Emp,0.24379937,0.32138956,oe:player:d3bc65e5e987b942fba2400b4649f71,Viciun,0.20999233,0.21488862,oe:player:affea2faa664cb5130a7569ac4b74b3,Feitan,0.13595920,0.03814836
ESPORTSTMNT03_2000477,2021-06-17,2021,Unknown,11.12,oe:team:71cc230a7d2155dd4958f3de7ad40bb,Santiago Wanderers eSports,lineup-dfeb92fa18d6ded3,0,-0.94581798,276.36632201,1.33530281,0.20972154,0.27827661,oe:player:ed5e33a16b4c021ea0a9ce1e8f23a5a,Hazard,0.21144698,0.13413148,oe:player:9a2f5597c8acf766dfcee23a4a4d71e,koughi,0.17138996,0.13864244,oe:player:66a45be025e362d7d650d5d8b4b0935,Zaphyr,0.25081910,0.41928381,oe:player:ec40ca8fe7e6ed94b321110063bed2c,GunPoint,0.23619569,0.24844468,oe:player:5a98ba300e1c781d7e91e1ac52902e2,Woohee,0.13014827,0.05949759
ESPORTSTMNT03_2000477,2021-06-17,2021,Unknown,11.12,oe:team:ba3b1a1f005f917f9aaea679f31ae08,Bencheados,lineup-097a9f3438d30f47,1,-0.29983572,334.00886263,1.37075332,0.20265435,0.25691784,oe:player:d7489947f78bf18709270b555816665,Deratero,0.23638977,0.24620120,oe:player:e125fd5aae78be68687e3ee2fc95f11,Funky Dog,0.19104319,0.12103094,oe:player:b4067a049170b186439a5fc1a0d971f,Wandering,0.21538846,0.24713874,oe:player:905b58ee28fd586c8870ce6c8af1f6c,Wonder,0.17165135,0.34483735,oe:player:d99c1faaba5061813508a061f33bd2a,Hayha,0.18552722,0.04079178
ESPORTSTMNT03_2000515,2021-06-17,2021,Unknown,11.12,oe:team:5babf9f14b8cc18a551ee1fd2d5c6f9,LDM Esports,lineup-d78cf0365d34a7c3,0,-0.95657469,244.64727273,1.36727273,0.20920270,0.23981002,oe:player:73b8ea5aed1fefc530e333a07438218,Cosmoz,0.23882671,0.32949850,oe:player:baab52118a09c2b4e43f4950ec5af6b,Day Beats,0.17852446,0.15675258,oe:player:11ca8602d3855c158442bb37c9254bb,Neadz,0.23847929,0.25865811,oe:player:dd62ea30c72d69edfdbc9a86de04984,Prodigy,0.21788222,0.18766907,oe:player:c1bf3cfa3d2aa4464eed8b4724644dd,Wardian,0.12628732,0.06742174
ESPORTSTMNT03_2000515,2021-06-17,2021,Unknown,11.12,oe:team:5c116dedda7feae2f6ffc093f844ac6,Rebirth eSports,lineup-5f9ea8b5f4158b36,1,1.36552803,497.23636364,1.43272727,0.20649042,0.23069600,oe:player:f1fa99d4fb0bd61ece7a4576a5507ba,Scrappy,0.20646766,0.18320901,oe:player:3e2e64ccceb9c7bfa8b72113d2940c3,Sami,0.20352463,0.23656575,oe:player:18eff78d8fbeb94244572cef0bb4536,Alowhed,0.23812277,0.25319585,oe:player:e87d9b370206c12da8a677cb495afb5,Lyg,0.21967627,0.27210765,oe:player:526fdc640d635b7c6f01cd356345db0,Duivel,0.13220867,0.05492175
ESPORTSTMNT03_2000532,2021-06-18,2021,Unknown,11.12,oe:team:c5c317341ae046ce3345b8d56efce5c,Dark Horse,lineup-d7a431a8b47493fd,1,0.80452663,452.58804523,1.56381260,0.21147699,0.23654169,oe:player:ba8eae65e7f69e7f2405a2d8faa59c0,Kryzpo,0.18480882,0.21618264,oe:player:53c5acbf75de5e3342bc323e60268dd,Ocean,0.20990355,0.16098404,oe:player:cf6fe267c79a3e3ea388534d48dd66d,Regi,0.28790906,0.35377938,oe:player:ce311f9a3d94cb7038eb2ea051144c2,Perro,0.16055804,0.17013621,oe:player:c6a3d2fb852e7fbe44c84dd6e23f971,Pyl,0.15682053,0.09891773
ESPORTSTMNT03_2000532,2021-06-18,2021,Unknown,11.12,oe:team:cb951a65f688a6e2bdf1d8d4a91da4d,Cruzados Esports,lineup-845780a91f3259c1,0,-0.58279824,466.84975767,1.18255250,0.20541488,0.29903846,oe:player:b9833585bf011bdf1cdf48a80b5a881,LukasNegro,0.21769741,0.20419406,oe:player:62633293ebe4ae9a06bb68c78cf9484,Kartana,0.18181818,0.11019448,oe:player:de5baf357cd597896c34639e1c1e573,Kirito,0.21741005,0.15389300,oe:player:a1cf236c2b3c7deff8f57282dd2a84f,Emets,0.23803855,0.46605301,oe:player:007cc9547ae8884ad597cd92ba50542,Severity,0.14503582,0.06566544
ESPORTSTMNT03_2000552,2021-06-18,2021,Unknown,11.12,oe:team:a19a63a498e083aef0b8fc70b2b7715,Movistar Optix,lineup-d172b59bfbc4635f,1,0.30623341,448.13701657,1.27292818,0.20994284,0.21662588,oe:player:5d16b474fe0e5c99f5647b615816e12,Arfyss,0.21982365,0.21064000,oe:player:d68b7d3b26ccc08cc30abb5210e5839,Amarant,0.19104631,0.25480072,oe:player:fbbdc14045f1d9b78dd8fd4ca50306d,Piqueos,0.22382558,0.20581708,oe:player:4ae382e5cc3e063f06c8e0f3fa41afd,KreshtDoo,0.24707328,0.23831997,oe:player:7a913e753d77491e84e55c61204fb0c,Gralou,0.11823118,0.09042223
ESPORTSTMNT03_2000552,2021-06-18,2021,Unknown,11.12,oe:team:f3bc4f2e318bd6b40e1ddd88c637396,Kaos Latin Gamers Academy,lineup-ae57961326c44301,0,-0.72859221,299.47624309,1.10055249,0.20090741,0.24482280,oe:player:9b997d21495dbcdcb3a00095e4b6e1f,Rockstar,0.21618379,0.19009984,oe:player:f38784ca7ec10b84f1c1f84121428d6,Xeydon,0.18328388,0.09143034,oe:player:0bc91bc67360a5b84f5f79d06e7a43e,KearZy,0.21544201,0.32616059,oe:player:ba722a5e6c2fc8344cdc9d4647d2999,AZR,0.19541408,0.28832658,oe:player:65568d869f85a561ada66050521f65e,Milo,0.18967624,0.10398264
ESPORTSTMNT03_2005087,2021-06-24,2021,Unknown,11.12,oe:team:5c116dedda7feae2f6ffc093f844ac6,Rebirth eSports,lineup-aaef4122f5ac374a,1,0.66649768,410.64590658,1.31391261,0.20873850,0.26358684,oe:player:60c0889ef26c56c4e80784baa52eb68,lRoma,0.18911139,0.14784319,oe:player:3e2e64ccceb9c7bfa8b72113d2940c3,Sami,0.23778182,0.19099409,oe:player:18eff78d8fbeb94244572cef0bb4536,Alowhed,0.22822823,0.22053924,oe:player:e87d9b370206c12da8a677cb495afb5,Lyg,0.22181767,0.39284928,oe:player:526fdc640d635b7c6f01cd356345db0,Duivel,0.12306088,0.04777421
ESPORTSTMNT03_2005087,2021-06-24,2021,Unknown,11.12,oe:team:c33bf74e075fb47e63c1eb63226ae3d,Furious Gaming Chile,lineup-092c4aa304ece08a,0,-0.72849594,260.73329985,1.32596685,0.20696306,0.23200074,oe:player:d093de85c458fabe60eda8786a7bd6b,Manolito,0.21827580,0.24761905,oe:player:d03862f740c87d7ba17afc3cacaa20f,EXIMUS,0.20081060,0.25101711,oe:player:30fda405a39a1754550e87835c669fb,Emp,0.21533883,0.14257975,oe:player:d3bc65e5e987b942fba2400b4649f71,Viciun,0.23664167,0.28659270,oe:player:affea2faa664cb5130a7569ac4b74b3,Feitan,0.12893310,0.07219140
ESPORTSTMNT03_2005138,2021-06-24,2021,Unknown,11.12,oe:team:71cc230a7d2155dd4958f3de7ad40bb,Santiago Wanderers eSports,lineup-dfeb92fa18d6ded3,0,-1.06793584,278.62456946,1.29506315,0.20685934,0.23162863,oe:player:ed5e33a16b4c021ea0a9ce1e8f23a5a,Hazard,0.20809061,0.16137167,oe:player:9a2f5597c8acf766dfcee23a4a4d71e,koughi,0.20876194,0.27270255,oe:player:66a45be025e362d7d650d5d8b4b0935,Zaphyr,0.22922667,0.23141395,oe:player:ec40ca8fe7e6ed94b321110063bed2c,GunPoint,0.22595665,0.27146636,oe:player:5a98ba300e1c781d7e91e1ac52902e2,Woohee,0.12796414,0.06304547
ESPORTSTMNT03_2005138,2021-06-24,2021,Unknown,11.12,oe:team:f3bc4f2e318bd6b40e1ddd88c637396,Kaos Latin Gamers Academy,lineup-ae57961326c44301,1,-0.40209178,348.53731343,1.53616533,0.20587238,0.25486472,oe:player:9b997d21495dbcdcb3a00095e4b6e1f,Rockstar,0.18866700,0.16465729,oe:player:f38784ca7ec10b84f1c1f84121428d6,Xeydon,0.18594550,0.10062060,oe:player:0bc91bc67360a5b84f5f79d06e7a43e,KearZy,0.22480355,0.36334888,oe:player:ba722a5e6c2fc8344cdc9d4647d2999,AZR,0.24994593,0.27691912,oe:player:65568d869f85a561ada66050521f65e,Milo,0.15063802,0.09445411
ESPORTSTMNT03_2005199,2021-06-25,2021,Unknown,11.12,oe:team:a19a63a498e083aef0b8fc70b2b7715,Movistar Optix,lineup-d172b59bfbc4635f,1,-0.18174048,358.73754153,1.46179402,0.20800314,0.25033857,oe:player:5d16b474fe0e5c99f5647b615816e12,Arfyss,0.20296498,0.11326172,oe:player:d68b7d3b26ccc08cc30abb5210e5839,Amarant,0.20500609,0.28488609,oe:player:fbbdc14045f1d9b78dd8fd4ca50306d,Piqueos,0.23669698,0.21828116,oe:player:4ae382e5cc3e063f06c8e0f3fa41afd,KreshtDoo,0.23069899,0.32433784,oe:player:7a913e753d77491e84e55c61204fb0c,Gralou,0.12463296,0.05923319
ESPORTSTMNT03_2005199,2021-06-25,2021,Unknown,11.12,oe:team:ba3b1a1f005f917f9aaea679f31ae08,Bencheados,lineup-097a9f3438d30f47,0,-0.32421791,304.69767442,1.43521595,0.21181503,0.23469085,oe:player:d7489947f78bf18709270b555816665,Deratero,0.23896433,0.26076717,oe:player:e125fd5aae78be68687e3ee2fc95f11,Funky Dog,0.16957352,0.17604728,oe:player:b4067a049170b186439a5fc1a0d971f,Wandering,0.26190773,0.23015025,oe:player:905b58ee28fd586c8870ce6c8af1f6c,Wonder,0.20387442,0.28329372,oe:player:d99c1faaba5061813508a061f33bd2a,Hayha,0.12568000,0.04974159
ESPORTSTMNT03_2005214,2021-06-25,2021,Unknown,11.12,oe:team:096d11bb39c67344ba0d303a4505e81,Newstar,lineup-007bd41ad2def7cf,0,-0.40803360,259.21957852,0.96261047,0.20579992,0.25171387,oe:player:ec900369f74e342027743723147282f,Akira,0.24022647,0.14381923,oe:player:6ffda240105538d79cc27c57a5ea46d,Douny,0.19312102,0.31652820,oe:player:6aff04000a3032154606825dbb26529,Fear,0.19309271,0.13355992,oe:player:a23e88f88c9668bf9d4dea3d00d606d,KouZZe,0.23000708,0.32663016,oe:player:fb8a1248ec042b539f281c3268fc864,PikaBoss,0.14355272,0.07946249
ESPORTSTMNT03_2005214,2021-06-25,2021,Unknown,11.12,oe:team:cb951a65f688a6e2bdf1d8d4a91da4d,Cruzados Esports,lineup-845780a91f3259c1,1,-0.32093739,368.76954453,1.23997281,0.20595986,0.24309136,oe:player:b9833585bf011bdf1cdf48a80b5a881,LukasNegro,0.21893467,0.27724809,oe:player:62633293ebe4ae9a06bb68c78cf9484,Kartana,0.17509457,0.08653910,oe:player:de5baf357cd597896c34639e1c1e573,Kirito,0.21079644,0.30824024,oe:player:a1cf236c2b3c7deff8f57282dd2a84f,Emets,0.24684593,0.23448734,oe:player:007cc9547ae8884ad597cd92ba50542,Severity,0.14832839,0.09348523
ESPORTSTMNT05_1970391,2021-06-04,2021,Unknown,11.11,oe:team:71cc230a7d2155dd4958f3de7ad40bb,Santiago Wanderers eSports,lineup-90d19d5eaa369617,0,-0.60046642,298.56024096,1.39156627,0.20868051,0.25386494,oe:player:ed5e33a16b4c021ea0a9ce1e8f23a5a,Hazard,0.19306827,0.18875729,oe:player:9a2f5597c8acf766dfcee23a4a4d71e,koughi,0.19348539,0.09983657,oe:player:66a45be025e362d7d650d5d8b4b0935,Zaphyr,0.23540565,0.22955550,oe:player:ec40ca8fe7e6ed94b321110063bed2c,GunPoint,0.24858275,0.38142895,oe:player:59106219d6adffb36fe52ff2f3f781c,Caos,0.12945794,0.10042170
ESPORTSTMNT05_1970391,2021-06-04,2021,Unknown,11.11,oe:team:a19a63a498e083aef0b8fc70b2b7715,Movistar Optix,lineup-d172b59bfbc4635f,1,-0.31704298,312.93975904,1.72289157,0.20874209,0.24426365,oe:player:5d16b474fe0e5c99f5647b615816e12,Arfyss,0.18300196,0.19737045,oe:player:d68b7d3b26ccc08cc30abb5210e5839,Amarant,0.21038221,0.33572034,oe:player:fbbdc14045f1d9b78dd8fd4ca50306d,Piqueos,0.24470304,0.24888350,oe:player:4ae382e5cc3e063f06c8e0f3fa41afd,KreshtDoo,0.23397380,0.16770617,oe:player:7a913e753d77491e84e55c61204fb0c,Gralou,0.12793900,0.05031955
ESPORTSTMNT05_1970770,2021-06-08,2021,Unknown,11.11,oe:team:5babf9f14b8cc18a551ee1fd2d5c6f9,LDM Esports,lineup-0fd0338ae6579ae5,1,0.57707570,524.27121464,1.83194676,0.21070486,0.25617279,oe:player:805ebae4eabf3730d5f66e854033374,Knod,0.18038085,0.16032715,oe:player:baab52118a09c2b4e43f4950ec5af6b,Day Beats,0.19261097,0.24948348,oe:player:73b8ea5aed1fefc530e333a07438218,Cosmoz,0.21433552,0.14570262,oe:player:dd62ea30c72d69edfdbc9a86de04984,Prodigy,0.27697465,0.37750526,oe:player:c1bf3cfa3d2aa4464eed8b4724644dd,Wardian,0.13569800,0.06698150
ESPORTSTMNT05_1970770,2021-06-08,2021,Unknown,11.11,oe:team:c5c317341ae046ce3345b8d56efce5c,Dark Horse,lineup-d7a431a8b47493fd,0,0.85168280,439.50249584,1.25790349,0.20840952,0.25088790,oe:player:ba8eae65e7f69e7f2405a2d8faa59c0,Kryzpo,0.19882105,0.20385703,oe:player:53c5acbf75de5e3342bc323e60268dd,Ocean,0.21085682,0.11019115,oe:player:cf6fe267c79a3e3ea388534d48dd66d,Regi,0.23334308,0.26460867,oe:player:ce311f9a3d94cb7038eb2ea051144c2,Perro,0.23440506,0.34924529,oe:player:c6a3d2fb852e7fbe44c84dd6e23f971,Pyl,0.12257399,0.07209786
