game_id,day,season,split,patch,team_id,team,lineup_id,result,lineup_impact,mean_dpm,mean_vision_per_minute,gold_concentration,damage_concentration,top_id,top_player,top_gold_share,top_damage_share,jng_id,jng_player,jng_gold_share,jng_damage_share,mid_id,mid_player,mid_gold_share,mid_damage_share,bot_id,bot_player,bot_gold_share,bot_damage_share,sup_id,sup_player,sup_gold_share,sup_damage_share
ESPORTSTMNT03/1353264,2020-04-26,2020,Spring,10.07,oe:team:d00921d1fc09960415443f591cb6160,RoX,lineup-da676ebcd53b6874,0,0.10675289,476.33862434,1.40529101,0.20755585,0.25393032,oe:player:4b54bd2134c923b7b6a9bab64ef00cd,Dreampull,0.21745024,0.23303861,oe:player:981b8fcee42e1e726a67a2b9a98ea6e,Four,0.19240368,0.11153863,oe:player:01691a35fd830394e9b5565308805d9,Phlaty,0.26090482,0.30762874,oe:player:90704735ca9fc01f2244f23f6e5d635,Shiganari,0.18676599,0.30051984,oe:player:74f3f60a44ee916ecc257a5381be756,Lekcyc,0.14247526,0.04727418
ESPORTSTMNT03/1353264,2020-04-26,2020,Spring,10.07,oe:team:e84133caa1e561518201cc7d33f14ed,Unicorns of Love.CIS,lineup-30b555bbbf7062cf,1,0.97621193,659.87724868,1.54497354,0.22129302,0.31471801,oe:player:2c8efc1ed4a1fd3a51dbd7e29d8ea6c,BOSS,0.15733184,0.10390260,oe:player:63d4c2d98c6654867a62dbaa41d3379,AHaHaCiK,0.15233836,0.06303561,oe:player:3587454d4910f0665e2fda36ad2e91c,Nomanz,0.28301348,0.34492867,oe:player:71a0da2a0d53879bffd88b072d4c593,Gadget,0.27536178,0.41990173,oe:player:92ffbe9070b1c1b1f6717158e1d35ff,SaNTaS,0.13195454,0.06823139
ESPORTSTMNT03/1353269,2020-04-26,2020,Spring,10.07,oe:team:d00921d1fc09960415443f591cb6160,RoX,lineup-da676ebcd53b6874,0,-0.06849935,388.42259007,1.28529698,0.20883668,0.25471502,oe:player:4b54bd2134c923b7b6a9bab64ef00cd,Dreampull,0.17941304,0.18903512,oe:player:981b8fcee42e1e726a67a2b9a98ea6e,Four,0.18573804,0.09660826,oe:player:01691a35fd830394e9b5565308805d9,Phlaty,0.25487928,0.32935249,oe:player:90704735ca9fc01f2244f23f6e5d635,Shiganari,0.23997036,0.30882154,oe:player:74f3f60a44ee916ecc257a5381be756,Lekcyc,0.13999928,0.07618260
ESPORTSTMNT03/1353269,2020-04-26,2020,Spring,10.07,oe:team:e84133caa1e561518201cc7d33f14ed,Unicorns of Love.CIS,lineup-30b555bbbf7062cf,1,0.29606362,509.51509250,1.37293087,0.21142663,0.27398487,oe:player:2c8efc1ed4a1fd3a51dbd7e29d8ea6c,BOSS,0.19049123,0.18199330,oe:player:63d4c2d98c6654867a62dbaa41d3379,AHaHaCiK,0.19289212,0.12221942,oe:player:3587454d4910f0665e2fda36ad2e91c,Nomanz,0.29189701,0.42732651,oe:player:71a0da2a0d53879bffd88b072d4c593,Gadget,0.16048018,0.19457185,oe:player:92ffbe9070b1c1b1f6717158e1d35ff,SaNTaS,0.16423946,0.07388891
ESPORTSTMNT03/1353271,2020-04-26,2020,Spring,10.07,oe:team:d00921d1fc09960415443f591cb6160,RoX,lineup-da676ebcd53b6874,0,-0.20899948,368.65430464,0.80264901,0.21074362,0.22415528,oe:player:4b54bd2134c923b7b6a9bab64ef00cd,Dreampull,0.18029578,0.21130009,oe:player:981b8fcee42e1e726a67a2b9a98ea6e,Four,0.26664727,0.19105823,oe:player:01691a35fd830394e9b5565308805d9,Phlaty,0.19926453,0.27359934,oe:player:90704735ca9fc01f2244f23f6e5d635,Shiganari,0.22611709,0.25046886,oe:player:74f3f60a44ee916ecc257a5381be756,Lekcyc,0.12767534,0.07357348
ESPORTSTMNT03/1353271,2020-04-26,2020,Spring,10.07,oe:team:e84133caa1e561518201cc7d33f14ed,Unicorns of Love.CIS,lineup-30b555bbbf7062cf,1,1.81608867,729.46490066,1.06490066,0.20551945,0.22844938,oe:player:2c8efc1ed4a1fd3a51dbd7e29d8ea6c,BOSS,0.19590326,0.25509037,oe:player:63d4c2d98c6654867a62dbaa41d3379,AHaHaCiK,0.23586140,0.13943633,oe:player:3587454d4910f0665e2fda36ad2e91c,Nomanz,0.24027212,0.30792779,oe:player:71a0da2a0d53879bffd88b072d4c593,Gadget,0.16424326,0.19801506,oe:player:92ffbe9070b1c1b1f6717158e1d35ff,SaNTaS,0.16371996,0.09953046
ESPORTSTMNT04/1140184,2020-03-15,2020,Spring,10.05,oe:team:95fa2bbc5eb242e7c3243c3467e32f3,Vega Squadron,lineup-13d5ffd4fde44262,0,1.39438064,527.71814947,0.91387900,0.20548235,0.21403906,oe:player:4edc4df5fe2af4a60a1477f30d3135c,Charger1,0.18835791,0.19589881,oe:player:2255ff4942064b8bcd54c7f27267683,MxDragon,0.20846749,0.17018143,oe:player:40a769de6d1e052f6f50847a401a4f2,Keysie,0.25365757,0.28818360,oe:player:344156b3919a7e7d7743f4e2d18f254,SimSin,0.19844094,0.21693884,oe:player:9e7e396e096fda09a26ea796205bf96,JamesPeke,0.15107609,0.12879732
ESPORTSTMNT04/1140184,2020-03-15,2020,Spring,10.05,oe:team:e84133caa1e561518201cc7d33f14ed,Unicorns of Love.CIS,lineup-30b555bbbf7062cf,1,1.60814882,624.20498221,1.17864769,0.20381164,0.21411081,oe:player:2c8efc1ed4a1fd3a51dbd7e29d8ea6c,BOSS,0.20293637,0.24434897,oe:player:63d4c2d98c6654867a62dbaa41d3379,AHaHaCiK,0.18857325,0.14826775,oe:player:3587454d4910f0665e2fda36ad2e91c,Nomanz,0.25212160,0.26293033,oe:player:71a0da2a0d53879bffd88b072d4c593,Gadget,0.17677995,0.21675059,oe:player:92ffbe9070b1c1b1f6717158e1d35ff,SaNTaS,0.17958883,0.12770237
ESPORTSTMNT04/1140201,2020-03-15,2020,Spring,10.05,oe:team:418bd4b8f699d70c4509d7f9c768a3a,Gambit Esports,lineup-9f4f8e77185e5361,1,1.63086306,577.36407507,1.58284182,0.20480469,0.20579216,oe:player:9d8f178040611a073608bf5fc51768c,Doxy,0.23066750,0.21832791,oe:player:1c7db660fc268b1d2747939129d6101,Diamondprox,0.20020006,0.20452013,oe:player:2096ff50c6496d70e4b39793390c9ce,Sencux,0.19218053,0.14713814,oe:player:887bf3ec60709542db51245b16e2081,Lodik,0.23053187,0.24810547,oe:player:243f63354f4c1cc25d50f6269b84436,Edward,0.14642003,0.18190835
ESPORTSTMNT04/1140201,2020-03-15,2020,Spring,10.05,oe:team:e8d370a0e90adebb0571ec096375906,Dragon Army,lineup-03f4910e11210fe1,0,-0.36695996,369.38766756,1.03592493,0.20339412,0.24526124,oe:player:9924638276d9e5a1ef1ac4a85d9daf4,Aoi Haru,0.24711764,0.20925290,oe:player:883f7eebf15a40d54b44e2116d7bc9c,ItsCortez,0.17324311,0.08584020,oe:player:5ebedf1ac058b7c02b2acbcbf098c0c,Paranoia,0.20041808,0.36201641,oe:player:c3370c331a0954e90db4181dc563dd4,LeX,0.20061203,0.21761396,oe:player:fd2b2449dcb232ae3130a511350b6e9,Dimonko,0.17860914,0.12527652
ESPORTSTMNT04/1140205,2020-03-15,2020,Spring,10.05,oe:team:0d5a4462c2d79495e2e236cdaf8a360,Elements Pro Gaming,lineup-ab1f0bcfa7ec26b9,1,0.63236194,471.69336384,1.40732265,0.20135029,0.22571338,oe:player:83bb08a967d0acd1391834744adfde9,Smurf,0.20452774,0.19444040,oe:player:4d3c41bcc3aa6f21c8776fc1438fad5,Kreox,0.21048620,0.16648232,oe:player:24abb8f1ed61411f16f17091cf3683d,Kira,0.22056709,0.27717945,oe:player:4563af86598cb2fa72019f547afd5c1,Kinzu,0.17315920,0.27549119,oe:player:ef6247f6656bc2ccefc0497847a00f4,Jestkui Max,0.19125976,0.08640664
ESPORTSTMNT04/1140205,2020-03-15,2020,Spring,10.05,oe:team:ba0e5d60413f9eda6ffb0cb0e0ee531,CrowCrowd,lineup-44ec89ec1089358d,0,0.06165810,417.96109840,1.22196796,0.20283960,0.23524485,oe:player:e56057e00946fc9dd59e49ac9adbb21,NoNholy,0.20244523,0.15242350,oe:player:b436ae77e934596896a9a7ab163c4de,Rein,0.17836604,0.16364174,oe:player:be877a261fb0c3a320db45091bdefec,XoNix,0.24164801,0.31642659,oe:player:bf6e04b833d34652f7777f5381ea5c3,Haninger,0.20253303,0.27749947,oe:player:8eba84e3213421c5bb552410640869c,Skash,0.17500768,0.09000871
ESPORTSTMNT04/1140209,2020-03-15,2020,Spring,10.05,oe:team:c7ad88feac64b5b6cca8f234b392862,M19,lineup-43e06dd11e3fcc66,0,-0.30246502,291.64720812,1.01269036,0.20658692,0.23479416,oe:player:bb01f1375d11d9448d1d5653169f666,Shellkunchik,0.18541517,0.14816072,oe:player:db899b0827da1fc3db78513d405e9d2,NNS 1,0.18087345,0.13367099,oe:player:1e5e1047837e8be1dc45d1f0103fa11,Griffon,0.24833214,0.33506514,oe:player:35580324a38d3589b5108259628a271,Powder,0.23491224,0.25982299,oe:player:3cce5f3eaf76e098ba8e28f7bbba3f9,Astra,0.15046700,0.12328016
ESPORTSTMNT04/1140209,2020-03-15,2020,Spring,10.05,oe:team:d00921d1fc09960415443f591cb6160,RoX,lineup-da676ebcd53b6874,1,-0.37353919,385.21827411,1.40862944,0.20654499,0.22387168,oe:player:4b54bd2134c923b7b6a9bab64ef00cd,Dreampull,0.21209042,0.22760515,oe:player:981b8fcee42e1e726a67a2b9a98ea6e,Four,0.18898710,0.19198688,oe:player:01691a35fd830394e9b5565308805d9,Phlaty,0.19845850,0.21647691,oe:player:90704735ca9fc01f2244f23f6e5d635,Shiganari,0.25624557,0.28714026,oe:player:74f3f60a44ee916ecc257a5381be756,Lekcyc,0.14421842,0.07679080
ESPORTSTMNT04/1140407,2020-03-21,2020,Spring,10.05,oe:team:d00921d1fc09960415443f591cb6160,RoX,lineup-da676ebcd53b6874,1,-0.74665382,302.99448191,1.61128142,0.20064461,0.22390491,oe:player:4b54bd2134c923b7b6a9bab64ef00cd,Dreampull,0.20170962,0.15419358,oe:player:981b8fcee42e1e726a67a2b9a98ea6e,Four,0.19338498,0.26072070,oe:player:01691a35fd830394e9b5565308805d9,Phlaty,0.22104067,0.17784469,oe:player:90704735ca9fc01f2244f23f6e5d635,Shiganari,0.19547080,0.29743577,oe:player:74f3f60a44ee916ecc257a5381be756,Lekcyc,0.18839392,0.10980525
ESPORTSTMNT04/1140407,2020-03-21,2020,Spring,10.05,oe:team:e8d370a0e90adebb0571ec096375906,Dragon Army,lineup-03f4910e11210fe1,0,-0.37932727,305.62109135,1.03740037,0.20656543,0.24576362,oe:player:9924638276d9e5a1ef1ac4a85d9daf4,Aoi Haru,0.23814664,0.14795734,oe:player:883f7eebf15a40d54b44e2116d7bc9c,ItsCortez,0.18412176,0.04128650,oe:player:5ebedf1ac058b7c02b2acbcbf098c0c,Paranoia,0.23431470,0.28098895,oe:player:c3370c331a0954e90db4181dc563dd4,LeX,0.20395607,0.30287200,oe:player:fd2b2449dcb232ae3130a511350b6e9,Dimonko,0.13946083,0.22689521
ESPORTSTMNT04/1140414,2020-03-21,2020,Spring,10.05,oe:team:95fa2bbc5eb242e7c3243c3467e32f3,Vega Squadron,lineup-25db05f360bfbe5a,0,-0.88444706,255.00331492,0.94143646,0.21152255,0.23251771,oe:player:4edc4df5fe2af4a60a1477f30d3135c,Charger1,0.22468162,0.16878559,oe:player:2255ff4942064b8bcd54c7f27267683,MxDragon,0.18800857,0.11642358,oe:player:40a769de6d1e052f6f50847a401a4f2,Keysie,0.26482588,0.26862179,oe:player:bb126962263d44f3a78e57c10cfd623,Unho1y,0.20344866,0.31999584,oe:player:344156b3919a7e7d7743f4e2d18f254,SimSin,0.11903528,0.12617321
ESPORTSTMNT04/1140414,2020-03-21,2020,Spring,10.05,oe:team:ba0e5d60413f9eda6ffb0cb0e0ee531,CrowCrowd,lineup-44ec89ec1089358d,1,-0.57891502,313.44530387,1.34585635,0.20972015,0.25677601,oe:player:e56057e00946fc9dd59e49ac9adbb21,NoNholy,0.22970111,0.16864081,oe:player:b436ae77e934596896a9a7ab163c4de,Rein,0.15766735,0.12811456,oe:player:be877a261fb0c3a320db45091bdefec,XoNix,0.24014054,0.37740598,oe:player:bf6e04b833d34652f7777f5381ea5c3,Haninger,0.23652624,0.25347942,oe:player:8eba84e3213421c5bb552410640869c,Skash,0.13596476,0.07235924
ESPORTSTMNT04/1140415,2020-03-21,2020,Spring,10.05,oe:team:418bd4b8f699d70c4509d7f9c768a3a,Gambit Esports,lineup-9f4f8e77185e5361,1,0.38795117,481.19462419,1.69039323,0.20801729,0.26190297,oe:player:9d8f178040611a073608bf5fc51768c,Doxy,0.19852433,0.15978153,oe:player:1c7db660fc268b1d2747939129d6101,Diamondprox,0.24770835,0.35002483,oe:player:2096ff50c6496d70e4b39793390c9ce,Sencux,0.22462657,0.31233863,oe:player:887bf3ec60709542db51245b16e2081,Lodik,0.20077841,0.10448113,oe:player:243f63354f4c1cc25d50f6269b84436,Edward,0.12836234,0.07337388
ESPORTSTMNT04/1140415,2020-03-21,2020,Spring,10.05,oe:team:c7ad88feac64b5b6cca8f234b392862,M19,lineup-ddafa3e120ba2b10,0,-0.59557724,288.00000000,1.41562967,0.21169166,0.25293048,oe:player:bb01f1375d11d9448d1d5653169f666,Shellkunchik,0.23740312,0.28747719,oe:player:a2343d04ce4dafae3aa458b006ec880,Fallen,0.17965166,0.10666584,oe:player:1e5e1047837e8be1dc45d1f0103fa11,Griffon,0.21249934,0.25852414,oe:player:3d7d052a031e864ee9c1b04b5a4d0f1,MyKey,0.25336122,0.29967231,oe:player:4133a5db607886ab7d940079cf80e98,Miracle,0.11708466,0.04766053
ESPORTSTMNT04/1140422,2020-03-21,2020,Spring,10.05,oe:team:0d5a4462c2d79495e2e236cdaf8a360,Elements Pro Gaming,lineup-ab1f0bcfa7ec26b9,0,-0.07817492,290.28786737,0.94046722,0.20667914,0.27205292,oe:player:83bb08a967d0acd1391834744adfde9,Smurf,0.22006682,0.32210835,oe:player:4d3c41bcc3aa6f21c8776fc1438fad5,Kreox,0.19307750,0.11709916,oe:player:24abb8f1ed61411f16f17091cf3683d,Kira,0.23485905,0.36690446,oe:player:4563af86598cb2fa72019f547afd5c1,Kinzu,0.21993707,0.12114887,oe:player:ef6247f6656bc2ccefc0497847a00f4,Jestkui Max,0.13205956,0.07273917
ESPORTSTMNT04/1140422,2020-03-21,2020,Spring,10.05,oe:team:e84133caa1e561518201cc7d33f14ed,Unicorns of Love.CIS,lineup-30b555bbbf7062cf,1,-0.49773712,328.17784476,1.32027129,0.20967161,0.22379425,oe:player:2c8efc1ed4a1fd3a51dbd7e29d8ea6c,BOSS,0.20278770,0.13807831,oe:player:63d4c2d98c6654867a62dbaa41d3379,AHaHaCiK,0.19607966,0.20572594,oe:player:3587454d4910f0665e2fda36ad2e91c,Nomanz,0.18314421,0.19340883,oe:player:71a0da2a0d53879bffd88b072d4c593,Gadget,0.27682695,0.32603125,oe:player:92ffbe9070b1c1b1f6717158e1d35ff,SaNTaS,0.14116147,0.13675567
ESPORTSTMNT04/1140445,2020-03-22,2020,Spring,10.05,oe:team:0d5a4462c2d79495e2e236cdaf8a360,Elements Pro Gaming,lineup-ab1f0bcfa7ec26b9,0,0.64117621,481.34387352,1.58102767,0.21390132,0.23059480,oe:player:83bb08a967d0acd1391834744adfde9,Smurf,0.21831026,0.17477418,oe:player:4d3c41bcc3aa6f21c8776fc1438fad5,Kreox,0.16329260,0.19273280,oe:player:24abb8f1ed61411f16f17091cf3683d,Kira,0.21310913,0.27494663,oe:player:4563af86598cb2fa72019f547afd5c1,Kinzu,0.28020942,0.28691082,oe:player:ef6247f6656bc2ccefc0497847a00f4,Jestkui Max,0.12507859,0.07063557
ESPORTSTMNT04/1140445,2020-03-22,2020,Spring,10.05,oe:team:d00921d1fc09960415443f591cb6160,RoX,lineup-da676ebcd53b6874,1,0.51109372,492.85375494,1.71936759,0.20433850,0.22444569,oe:player:4b54bd2134c923b7b6a9bab64ef00cd,Dreampull,0.21972056,0.25770699,oe:player:981b8fcee42e1e726a67a2b9a98ea6e,Four,0.20764123,0.24068104,oe:player:01691a35fd830394e9b5565308805d9,Phlaty,0.23901289,0.22559587,oe:player:90704735ca9fc01f2244f23f6e5d635,Shiganari,0.17593434,0.21257178,oe:player:74f3f60a44ee916ecc257a5381be756,Lekcyc,0.15769098,0.06344433
ESPORTSTMNT04/1140448,2020-03-22,2020,Spring,10.05,oe:team:ba0e5d60413f9eda6ffb0cb0e0ee531,CrowCrowd,lineup-44ec89ec1089358d,1,-0.20283923,370.96879501,1.42294767,0.20647471,0.25294820,oe:player:e56057e00946fc9dd59e49ac9adbb21,NoNholy,0.23356126,0.30405007,oe:player:b436ae77e934596896a9a7ab163c4de,Rein,0.18091089,0.08955803,oe:player:be877a261fb0c3a320db45091bdefec,XoNix,0.21231544,0.21815697,oe:player:bf6e04b833d34652f7777f5381ea5c3,Haninger,0.23390048,0.31561947,oe:player:8eba84e3213421c5bb552410640869c,Skash,0.13931192,0.07261546
ESPORTSTMNT04/1140448,2020-03-22,2020,Spring,10.05,oe:team:e8d370a0e90adebb0571ec096375906,Dragon Army,lineup-03f4910e11210fe1,0,0.45947975,517.06000960,1.57273164,0.20576488,0.23017483,oe:player:9924638276d9e5a1ef1ac4a85d9daf4,Aoi Haru,0.18304653,0.16817265,oe:player:883f7eebf15a40d54b44e2116d7bc9c,ItsCortez,0.22449712,0.25390795,oe:player:5ebedf1ac058b7c02b2acbcbf098c0c,Paranoia,0.20754006,0.17317527,oe:player:c3370c331a0954e90db4181dc563dd4,LeX,0.24096969,0.31534322,oe:player:fd2b2449dcb232ae3130a511350b6e9,Dimonko,0.14394660,0.08940091
ESPORTSTMNT04/1140455,2020-03-22,2020,Spring,10.05,oe:team:95fa2bbc5eb242e7c3243c3467e32f3,Vega Squadron,lineup-25db05f360bfbe5a,0,-1.09975289,265.45490389,1.47856087,0.20590201,0.24714584,oe:player:4edc4df5fe2af4a60a1477f30d3135c,Charger1,0.20191274,0.18342839,oe:player:2255ff4942064b8bcd54c7f27267683,MxDragon,0.17599053,0.15132341,oe:player:40a769de6d1e052f6f50847a401a4f2,Keysie,0.21739685,0.34571339,oe:player:bb126962263d44f3a78e57c10cfd623,Unho1y,0.25239093,0.25984761,oe:player:344156b3919a7e7d7743f4e2d18f254,SimSin,0.15230895,0.05968719
ESPORTSTMNT04/1140455,2020-03-22,2020,Spring,10.05,oe:team:c7ad88feac64b5b6cca8f234b392862,M19,lineup-ddafa3e120ba2b10,1,0.03540590,341.13356333,1.46673238,0.20485495,0.23855981,oe:player:bb01f1375d11d9448d1d5653169f666,Shellkunchik,0.19662959,0.16234397,oe:player:a2343d04ce4dafae3aa458b006ec880,Fallen,0.22152238,0.34278779,oe:player:1e5e1047837e8be1dc45d1f0103fa11,Griffon,0.22006500,0.22387309,oe:player:3d7d052a031e864ee9c1b04b5a4d0f1,MyKey,0.22118735,0.19819695,oe:player:4133a5db607886ab7d940079cf80e98,Miracle,0.14059568,0.07279820
ESPORTSTMNT04/1140456,2020-03-22,2020,Spring,10.05,oe:team:418bd4b8f699d70c4509d7f9c768a3a,Gambit Esports,lineup-9f4f8e77185e5361,0,0.81180314,376.58916360,1.30668069,0.20724103,0.24051955,oe:player:9d8f178040611a073608bf5fc51768c,Doxy,0.21007890,0.10364075,oe:player:1c7db660fc268b1d2747939129d6101,Diamondprox,0.16224852,0.10763016,oe:player:2096ff50c6496d70e4b39793390c9ce,Sencux,0.24893491,0.17940595,oe:player:887bf3ec60709542db51245b16e2081,Lodik,0.22869822,0.31826411,oe:player:243f63354f4c1cc25d50f6269b84436,Edward,0.15003945,0.29105904
ESPORTSTMNT04/1140456,2020-03-22,2020,Spring,10.05,oe:team:e84133caa1e561518201cc7d33f14ed,Unicorns of Love.CIS,lineup-30b555bbbf7062cf,1,0.12373970,470.28511310,1.53392951,0.20613537,0.22844802,oe:player:2c8efc1ed4a1fd3a51dbd7e29d8ea6c,BOSS,0.22195556,0.27744594,oe:player:63d4c2d98c6654867a62dbaa41d3379,AHaHaCiK,0.19496845,0.13462907,oe:player:3587454d4910f0665e2fda36ad2e91c,Nomanz,0.25483351,0.23167474,oe:player:71a0da2a0d53879bffd88b072d4c593,Gadget,0.15928773,0.26817090,oe:player:92ffbe9070b1c1b1f6717158e1d35ff,SaNTaS,0.16895475,0.08807935
ESPORTSTMNT04/1150169,2020-03-14,2020,Spring,10.05,oe:team:95fa2bbc5eb242e7c3243c3467e32f3,Vega Squadron,lineup-2d3fc958a04a1a30,0,,292.67223382,1.67849687,0.20871719,0.22906071,oe:player:4edc4df5fe2af4a60a1477f30d3135c,Charger1,0.19580376,0.24898352,oe:player:2255ff4942064b8bcd54c7f27267683,MxDragon,0.21085914,0.19056281,oe:player:40a769de6d1e052f6f50847a401a4f2,Keysie,0.19536403,0.22161352,oe:player:b96bb4c90ea976beb64fd01af9d554c,Optimas,0.26440103,0.27949925,oe:player:344156b3919a7e7d7743f4e2d18f254,SimSin,0.13357204,0.05934089
ESPORTSTMNT04/1150169,2020-03-14,2020,Spring,10.05,oe:team:e8d370a0e90adebb0571ec096375906,Dragon Army,lineup-03f4910e11210fe1,1,,442.55949896,1.39039666,0.20790402,0.27174672,oe:player:9924638276d9e5a1ef1ac4a85d9daf4,Aoi Haru,0.19611173,0.15581218,oe:player:883f7eebf15a40d54b44e2116d7bc9c,ItsCortez,0.18676306,0.09340239,oe:player:5ebedf1ac058b7c02b2acbcbf098c0c,Paranoia,0.25108771,0.39212023,oe:player:c3370c331a0954e90db4181dc563dd4,LeX,0.23059505,0.28098554,oe:player:fd2b2449dcb232ae3130a511350b6e9,Dimonko,0.13544244,0.07767966
ESPORTSTMNT04/1150190,2020-03-14,2020,Spring,10.05,oe:team:418bd4b8f699d70c4509d7f9c768a3a,Gambit Esports,lineup-9f4f8e77185e5361,1,,431.41924592,1.53967361,0.20807853,0.25353501,oe:player:9d8f178040611a073608bf5fc51768c,Doxy,0.17893375,0.21748114,oe:player:1c7db660fc268b1d2747939129d6101,Diamondprox,0.19948619,0.15443133,oe:player:2096ff50c6496d70e4b39793390c9ce,Sencux,0.19299792,0.11889929,oe:player:887bf3ec60709542db51245b16e2081,Lodik,0.27419506,0.39354475,oe:player:243f63354f4c1cc25d50f6269b84436,Edward,0.15438708,0.11564349
ESPORTSTMNT04/1150190,2020-03-14,2020,Spring,10.05,oe:team:ba0e5d60413f9eda6ffb0cb0e0ee531,CrowCrowd,lineup-44ec89ec1089358d,0,,404.02926280,1.30332020,0.20360304,0.22106790,oe:player:e56057e00946fc9dd59e49ac9adbb21,NoNholy,0.22262057,0.26615410,oe:player:b436ae77e934596896a9a7ab163c4de,Rein,0.18220223,0.15438743,oe:player:be877a261fb0c3a320db45091bdefec,XoNix,0.19923730,0.24178506,oe:player:bf6e04b833d34652f7777f5381ea5c3,Haninger,0.23515711,0.24273776,oe:player:8eba84e3213421c5bb552410640869c,Skash,0.16078279,0.09493565
ESPORTSTMNT04/1150193,2020-03-14,2020,Spring,10.05,oe:team:0d5a4462c2d79495e2e236cdaf8a360,Elements Pro Gaming,lineup-ab1f0bcfa7ec26b9,1,,415.31026659,1.52467385,0.20702643,0.22939633,oe:player:83bb08a967d0acd1391834744adfde9,Smurf,0.23199867,0.17139767,oe:player:4d3c41bcc3aa6f21c8776fc1438fad5,Kreox,0.17321814,0.17254491,oe:player:24abb8f1ed61411f16f17091cf3683d,Kira,0.20358864,0.20953520,oe:player:4563af86598cb2fa72019f547afd5c1,Kinzu,0.24675195,0.33869805,oe:player:ef6247f6656bc2ccefc0497847a00f4,Jestkui Max,0.14444260,0.10782418
ESPORTSTMNT04/1150193,2020-03-14,2020,Spring,10.05,oe:team:c7ad88feac64b5b6cca8f234b392862,M19,lineup-43e06dd11e3fcc66,0,,300.36074872,1.29325014,0.20788173,0.23719636,oe:player:bb01f1375d11d9448d1d5653169f666,Shellkunchik,0.19480844,0.14886240,oe:player:db899b0827da1fc3db78513d405e9d2,NNS 1,0.18708696,0.20152737,oe:player:1e5e1047837e8be1dc45d1f0103fa11,Griffon,0.23720846,0.33488941,oe:player:35580324a38d3589b5108259628a271,Powder,0.24577022,0.23719634,oe:player:3cce5f3eaf76e098ba8e28f7bbba3f9,Astra,0.13512593,0.07752447
ESPORTSTMNT04/1150200,2020-03-14,2020,Spring,10.05,oe:team:d00921d1fc09960415443f591cb6160,RoX,lineup-da676ebcd53b6874,1,,384.44181460,1.36489152,0.20595637,0.23508757,oe:player:4b54bd2134c923b7b6a9bab64ef00cd,Dreampull,0.21055656,0.13606140,oe:player:981b8fcee42e1e726a67a2b9a98ea6e,Four,0.19379002,0.19651945,oe:player:01691a35fd830394e9b5565308805d9,Phlaty,0.21398375,0.27509851,oe:player:90704735ca9fc01f2244f23f6e5d635,Shiganari,0.24300197,0.30867263,oe:player:74f3f60a44ee916ecc257a5381be756,Lekcyc,0.13866771,0.08364801
ESPORTSTMNT04/1150200,2020-03-14,2020,Spring,10.05,oe:team:e84133caa1e561518201cc7d33f14ed,Unicorns of Love.CIS,lineup-30b555bbbf7062cf,0,,260.01577909,1.08086785,0.20714735,0.23849188,oe:player:2c8efc1ed4a1fd3a51dbd7e29d8ea6c,BOSS,0.19893906,0.22841885,oe:player:63d4c2d98c6654867a62dbaa41d3379,AHaHaCiK,0.21223751,0.24495555,oe:player:3587454d4910f0665e2fda36ad2e91c,Nomanz,0.25736427,0.32360348,oe:player:71a0da2a0d53879bffd88b072d4c593,Gadget,0.19177647,0.12370665,oe:player:92ffbe9070b1c1b1f6717158e1d35ff,SaNTaS,0.13968269,0.07931547
ESPORTSTMNT04/1250420,2020-07-25,2020,Summer,10.14,oe:team:ba0e5d60413f9eda6ffb0cb0e0ee531,CrowCrowd,lineup-890a9eab1ff23dd8,0,0.27289016,387.67476241,1.59662091,0.20712400,0.22139615,oe:player:e56057e00946fc9dd59e49ac9adbb21,NoNholy,0.24704877,0.21309734,oe:player:2255ff4942064b8bcd54c7f27267683,MxDragon,0.16857959,0.18309146,oe:player:be877a261fb0c3a320db45091bdefec,XoNix,0.19584554,0.17629274,oe:player:bf6e04b833d34652f7777f5381ea5c3,Haninger,0.23808138,0.31375433,oe:player:8eba84e3213421c5bb552410640869c,Skash,0.15044473,0.11376414
ESPORTSTMNT04/1250420,2020-07-25,2020,Summer,10.14,oe:team:e84133caa1e561518201cc7d33f14ed,Unicorns of Love.CIS,lineup-30b555bbbf7062cf,1,-0.46118642,455.13833157,1.30517423,0.20907948,0.26053017,oe:player:2c8efc1ed4a1fd3a51dbd7e29d8ea6c,BOSS,0.19618588,0.12219500,oe:player:63d4c2d98c6654867a62dbaa41d3379,AHaHaCiK,0.19405396,0.17705607,oe:player:3587454d4910f0665e2fda36ad2e91c,Nomanz,0.23632578,0.31828053,oe:player:71a0da2a0d53879bffd88b072d4c593,Gadget,0.24736842,0.33231249,oe:player:92ffbe9070b1c1b1f6717158e1d35ff,SaNTaS,0.12606596,0.05015591
ESPORTSTMNT04/1250429,2020-07-25,2020,Summer,10.14,oe:team:785bf7c68fff8e64a5b17ba5972f10a,One Breath Gaming,lineup-0f5e0aeb1cab9b7f,1,-0.03215660,412.00761180,1.91817317,0.20601067,0.25737509,oe:player:83bb08a967d0acd1391834744adfde9,Smurf,0.19845501,0.15592813,oe:player:4d3c41bcc3aa6f21c8776fc1438fad5,Kreox,0.17510213,0.12708882,oe:player:89af6c0570c6f4e0f713b968f6f3830,Universe,0.24972451,0.40911736,oe:player:4563af86598cb2fa72019f547afd5c1,Kinzu,0.22472423,0.18666112,oe:player:ef6247f6656bc2ccefc0497847a00f4,Jestkui Max,0.15199412,0.12120456
ESPORTSTMNT04/1250429,2020-07-25,2020,Summer,10.14,oe:team:e8d370a0e90adebb0571ec096375906,Dragon Army,lineup-dc24871ffe23222b,0,0.07319129,415.80209324,1.92578497,0.20780663,0.24372744,oe:player:9924638276d9e5a1ef1ac4a85d9daf4,Aoi Haru,0.19219769,0.15277524,oe:player:883f7eebf15a40d54b44e2116d7bc9c,ItsCortez,0.20431124,0.19221616,oe:player:83e8cd90b8f749d97144c0bb4fed90c,Arnax,0.21207573,0.24669571,oe:player:6c152faa4bbca9a007fc7c608b6583a,MDB,0.25712631,0.34419507,oe:player:fd2b2449dcb232ae3130a511350b6e9,Dimonko,0.13428902,0.06411782
ESPORTSTMNT04/1250451,2020-07-25,2020,Summer,10.14,oe:team:0d5a4462c2d79495e2e236cdaf8a360,Elements Pro Gaming,lineup-f9c48e1f402b0990,0,-1.14906585,192.85660614,1.29993738,0.20929173,0.22195666,oe:player:24abb8f1ed61411f16f17091cf3683d,Kira,0.16481940,0.22290189,oe:player:80932fb9a9194e06d140ab59c7453a9,Anechek,0.24016169,0.25757812,oe:player:dc1ae587a62c6f7c533fa9727e92e77,Jewish Gap,0.20938845,0.23883737,oe:player:bb126962263d44f3a78e57c10cfd623,Unho1y,0.24871561,0.20922621,oe:player:8cf3c0f57dad7b8c99e87fa6cdecc22,CblpHuK,0.13691485,0.07145640
ESPORTSTMNT04/1250451,2020-07-25,2020,Summer,10.14,oe:team:95fa2bbc5eb242e7c3243c3467e32f3,Vega Squadron,lineup-beff17a9fa3fd8f9,1,-0.39492885,262.54978084,1.16468378,0.20705497,0.23871106,oe:player:7f1b3a3cd866a23e17542c63254d2c1,existence,0.24066028,0.35465499,oe:player:b436ae77e934596896a9a7ab163c4de,Rein,0.19132218,0.17466587,oe:player:1e5e1047837e8be1dc45d1f0103fa11,Griffon,0.23936084,0.18308005,oe:player:4504a10c633f886522c674b25720864,Mytant,0.18914968,0.20523168,oe:player:c49e01c67147c8b2580273ca5e0d261,Melekx,0.13950703,0.08236742
ESPORTSTMNT04/1250454,2020-07-25,2020,Summer,10.14,oe:team:418bd4b8f699d70c4509d7f9c768a3a,Gambit Esports,lineup-748611b660f017bd,1,-0.15916684,359.94000000,1.19000000,0.20407243,0.22410974,oe:player:4b54bd2134c923b7b6a9bab64ef00cd,Dreampull,0.18123931,0.14560760,oe:player:1c7db660fc268b1d2747939129d6101,Diamondprox,0.23365330,0.18155804,oe:player:01691a35fd830394e9b5565308805d9,Phlaty,0.21407527,0.32297050,oe:player:90704735ca9fc01f2244f23f6e5d635,Shiganari,0.21690268,0.22200922,oe:player:74f3f60a44ee916ecc257a5381be756,Lekcyc,0.15412944,0.12785464
ESPORTSTMNT04/1250454,2020-07-25,2020,Summer,10.14,oe:team:d00921d1fc09960415443f591cb6160,RoX,lineup-0a3f0315f72be4e9,0,-0.92615050,287.98000000,0.95000000,0.20443273,0.23877798,oe:player:217223858c21837232ac5f4f80f5150,Ques,0.21432350,0.19452740,oe:player:53d4675b1a04c392f05527482e5c937,Soul,0.21714447,0.16292798,oe:player:40a769de6d1e052f6f50847a401a4f2,Keysie,0.22419690,0.30727828,oe:player:3d7d052a031e864ee9c1b04b5a4d0f1,MyKey,0.20215805,0.27665116,oe:player:4133a5db607886ab7d940079cf80e98,Miracle,0.14217709,0.05861518
ESPORTSTMNT04/1250471,2020-07-26,2020,Summer,10.14,oe:team:95fa2bbc5eb242e7c3243c3467e32f3,Vega Squadron,lineup-beff17a9fa3fd8f9,0,0.23620867,317.44995323,1.45369504,0.20670233,0.23802011,oe:player:7f1b3a3cd866a23e17542c63254d2c1,existence,0.20360460,0.23927226,oe:player:b436ae77e934596896a9a7ab163c4de,Rein,0.19446688,0.11870790,oe:player:1e5e1047837e8be1dc45d1f0103fa11,Griffon,0.21284330,0.27988472,oe:player:4504a10c633f886522c674b25720864,Mytant,0.25126212,0.28777029,oe:player:c49e01c67147c8b2580273ca5e0d261,Melekx,0.13782310,0.07436482
ESPORTSTMNT04/1250471,2020-07-26,2020,Summer,10.14,oe:team:ba0e5d60413f9eda6ffb0cb0e0ee531,CrowCrowd,lineup-890a9eab1ff23dd8,1,0.61896656,469.93638915,1.49298410,0.20772778,0.23777111,oe:player:e56057e00946fc9dd59e49ac9adbb21,NoNholy,0.25282184,0.29253407,oe:player:2255ff4942064b8bcd54c7f27267683,MxDragon,0.19329591,0.17209502,oe:player:be877a261fb0c3a320db45091bdefec,XoNix,0.21612309,0.31209765,oe:player:bf6e04b833d34652f7777f5381ea5c3,Haninger,0.20559318,0.12276804,oe:player:8eba84e3213421c5bb552410640869c,Skash,0.13216598,0.10050521
ESPORTSTMNT04/1250473,2020-07-26,2020,Summer,10.14,oe:team:0d5a4462c2d79495e2e236cdaf8a360,Elements Pro Gaming,lineup-f9c48e1f402b0990,0,0.80101461,486.96318115,1.20176730,0.20899683,0.27193563,oe:player:24abb8f1ed61411f16f17091cf3683d,Kira,0.17935819,0.14222980,oe:player:80932fb9a9194e06d140ab59c7453a9,Anechek,0.26596807,0.40553096,oe:player:dc1ae587a62c6f7c533fa9727e92e77,Jewish Gap,0.20652707,0.19352302,oe:player:bb126962263d44f3a78e57c10cfd623,Unho1y,0.21170296,0.21972611,oe:player:8cf3c0f57dad7b8c99e87fa6cdecc22,CblpHuK,0.13644371,0.03899010
ESPORTSTMNT04/1250473,2020-07-26,2020,Summer,10.14,oe:team:418bd4b8f699d70c4509d7f9c768a3a,Gambit Esports,lineup-748611b660f017bd,1,0.44448573,472.56553756,1.49631811,0.20716633,0.22280104,oe:player:4b54bd2134c923b7b6a9bab64ef00cd,Dreampull,0.22214950,0.27456431,oe:player:1c7db660fc268b1d2747939129d6101,Diamondprox,0.19765902,0.16112344,oe:player:01691a35fd830394e9b5565308805d9,Phlaty,0.22959254,0.22268070,oe:player:90704735ca9fc01f2244f23f6e5d635,Shiganari,0.22312364,0.25301055,oe:player:74f3f60a44ee916ecc257a5381be756,Lekcyc,0.12747530,0.08862101
ESPORTSTMNT04/1250495,2020-07-26,2020,Summer,10.14,oe:team:785bf7c68fff8e64a5b17ba5972f10a,One Breath Gaming,lineup-0f5e0aeb1cab9b7f,1,-0.36198320,301.04812834,1.45454545,0.20662804,0.28249539,oe:player:83bb08a967d0acd1391834744adfde9,Smurf,0.19295461,0.07678461,oe:player:4d3c41bcc3aa6f21c8776fc1438fad5,Kreox,0.19221756,0.18833783,oe:player:89af6c0570c6f4e0f713b968f6f3830,Universe,0.23764977,0.43512861,oe:player:4563af86598cb2fa72019f547afd5c1,Kinzu,0.23778206,0.20846952,oe:player:ef6247f6656bc2ccefc0497847a00f4,Jestkui Max,0.13939600,0.09127943
ESPORTSTMNT04/1250495,2020-07-26,2020,Summer,10.14,oe:team:d00921d1fc09960415443f591cb6160,RoX,lineup-0a3f0315f72be4e9,0,-0.88732962,140.82709447,1.15508021,0.20870631,0.25409785,oe:player:217223858c21837232ac5f4f80f5150,Ques,0.25301346,0.17280138,oe:player:53d4675b1a04c392f05527482e5c937,Soul,0.20285165,0.15270113,oe:player:40a769de6d1e052f6f50847a401a4f2,Keysie,0.18777262,0.30023796,oe:player:3d7d052a031e864ee9c1b04b5a4d0f1,MyKey,0.22710004,0.32985672,oe:player:4133a5db607886ab7d940079cf80e98,Miracle,0.12926223,0.04440282
ESPORTSTMNT04/1250496,2020-07-26,2020,Summer,10.14,oe:team:e84133caa1e561518201cc7d33f14ed,Unicorns of Love.CIS,lineup-30b555bbbf7062cf,1,0.47195010,479.79094077,1.63066202,0.20766622,0.20785682,oe:player:2c8efc1ed4a1fd3a51dbd7e29d8ea6c,BOSS,0.21966619,0.19847495,oe:player:63d4c2d98c6654867a62dbaa41d3379,AHaHaCiK,0.20211117,0.19555556,oe:player:3587454d4910f0665e2fda36ad2e91c,Nomanz,0.23934218,0.19437908,oe:player:71a0da2a0d53879bffd88b072d4c593,Gadget,0.21336857,0.26798838,oe:player:92ffbe9070b1c1b1f6717158e1d35ff,SaNTaS,0.12551189,0.14360203
ESPORTSTMNT04/1250496,2020-07-26,2020,Summer,10.14,oe:team:e8d370a0e90adebb0571ec096375906,Dragon Army,lineup-dc24871ffe23222b,0,0.01437808,346.87804878,1.26829268,0.20801685,0.22463593,oe:player:9924638276d9e5a1ef1ac4a85d9daf4,Aoi Haru,0.19901249,0.19874641,oe:player:883f7eebf15a40d54b44e2116d7bc9c,ItsCortez,0.20499061,0.18940475,oe:player:83e8cd90b8f749d97144c0bb4fed90c,Arnax,0.22825022,0.21941861,oe:player:6c152faa4bbca9a007fc7c608b6583a,MDB,0.24163470,0.30602487,oe:player:fd2b2449dcb232ae3130a511350b6e9,Dimonko,0.12611197,0.08640537
ESPORTSTMNT05/1400808,2020-02-22,2020,Spring,10.03,oe:team:95fa2bbc5eb242e7c3243c3467e32f3,Vega Squadron,lineup-2d3fc958a04a1a30,0,,213.24381625,0.96678445,0.20328929,0.24509005,oe:player:4edc4df5fe2af4a60a1477f30d3135c,Charger1,0.20571600,0.27261881,oe:player:2255ff4942064b8bcd54c7f27267683,MxDragon,0.17247292,0.09290117,oe:player:40a769de6d1e052f6f50847a401a4f2,Keysie,0.22629362,0.32598926,oe:player:b96bb4c90ea976beb64fd01af9d554c,Optimas,0.22773767,0.21861205,oe:player:344156b3919a7e7d7743f4e2d18f254,SimSin,0.16777978,0.08987870
ESPORTSTMNT05/1400808,2020-02-22,2020,Spring,10.03,oe:team:e84133caa1e561518201cc7d33f14ed,Unicorns of Love.CIS,lineup-30b555bbbf7062cf,1,,417.46431095,1.16183746,0.20698615,0.23427763,oe:player:2c8efc1ed4a1fd3a51dbd7e29d8ea6c,BOSS,0.23423209,0.22024946,oe:player:63d4c2d98c6654867a62dbaa41d3379,AHaHaCiK,0.16979827,0.14547191,oe:player:3587454d4910f0665e2fda36ad2e91c,Nomanz,0.22491297,0.29011092,oe:player:71a0da2a0d53879bffd88b072d4c593,Gadget,0.22947523,0.27507821,oe:player:92ffbe9070b1c1b1f6717158e1d35ff,SaNTaS,0.14158144,0.06908951
ESPORTSTMNT05/1400828,2020-02-22,2020,Spring,10.03,oe:team:418bd4b8f699d70c4509d7f9c768a3a,Gambit Esports,lineup-9f4f8e77185e5361,1,,431.38823529,1.40504202,0.20816379,0.25126800,oe:player:9d8f178040611a073608bf5fc51768c,Doxy,0.21210170,0.22019978,oe:player:1c7db660fc268b1d2747939129d6101,Diamondprox,0.17726189,0.09030840,oe:player:2096ff50c6496d70e4b39793390c9ce,Sencux,0.21727024,0.27592763,oe:player:887bf3ec60709542db51245b16e2081,Lodik,0.25659990,0.33517742,oe:player:243f63354f4c1cc25d50f6269b84436,Edward,0.13676627,0.07838676
ESPORTSTMNT05/1400828,2020-02-22,2020,Spring,10.03,oe:team:e8d370a0e90adebb0571ec096375906,Dragon Army,lineup-03f4910e11210fe1,0,,297.78823529,1.02184874,0.20524374,0.22910347,oe:player:9924638276d9e5a1ef1ac4a85d9daf4,Aoi Haru,0.19166374,0.21620462,oe:player:883f7eebf15a40d54b44e2116d7bc9c,ItsCortez,0.19599227,0.15457378,oe:player:5ebedf1ac058b7c02b2acbcbf098c0c,Paranoia,0.23356477,0.31246614,oe:player:c3370c331a0954e90db4181dc563dd4,LeX,0.23301547,0.23139787,oe:player:fd2b2449dcb232ae3130a511350b6e9,Dimonko,0.14576375,0.08535759
ESPORTSTMNT05/1400849,2020-02-22,2020,Spring,10.03,oe:team:0d5a4462c2d79495e2e236cdaf8a360,Elements Pro Gaming,lineup-ab1f0bcfa7ec26b9,1,,404.83204134,1.64341085,0.20925399,0.22538540,oe:player:83bb08a967d0acd1391834744adfde9,Smurf,0.19083163,0.16138380,oe:player:4d3c41bcc3aa6f21c8776fc1438fad5,Kreox,0.19241542,0.17234952,oe:player:24abb8f1ed61411f16f17091cf3683d,Kira,0.23944509,0.26311355,oe:player:4563af86598cb2fa72019f547afd5c1,Kinzu,0.24906513,0.29940640,oe:player:ef6247f6656bc2ccefc0497847a00f4,Jestkui Max,0.12824273,0.10374673
ESPORTSTMNT05/1400849,2020-02-22,2020,Spring,10.03,oe:team:ba0e5d60413f9eda6ffb0cb0e0ee531,CrowCrowd,lineup-44ec89ec1089358d,0,,422.73385013,1.24547804,0.20657555,0.28116191,oe:player:e56057e00946fc9dd59e49ac9adbb21,NoNholy,0.20994164,0.16728811,oe:player:b436ae77e934596896a9a7ab163c4de,Rein,0.20419098,0.07081994,oe:player:be877a261fb0c3a320db45091bdefec,XoNix,0.19873042,0.30643406,oe:player:bf6e04b833d34652f7777f5381ea5c3,Haninger,0.25002560,0.38669177,oe:player:8eba84e3213421c5bb552410640869c,Skash,0.13711136,0.06876612
ESPORTSTMNT05/1400884,2020-02-22,2020,Spring,10.03,oe:team:c7ad88feac64b5b6cca8f234b392862,M19,lineup-2b9b2faf887f7502,0,,464.68202765,1.46543779,0.21241113,0.30109577,oe:player:bb01f1375d11d9448d1d5653169f666,Shellkunchik,0.20458277,0.13184577,oe:player:db899b0827da1fc3db78513d405e9d2,NNS 1,0.16523382,0.08310127,oe:player:1e5e1047837e8be1dc45d1f0103fa11,Griffon,0.26836373,0.45539688,oe:player:87584f7e2bc94097b614d00a672c883,Valhalla,0.23466380,0.25167202,oe:player:4133a5db607886ab7d940079cf80e98,Miracle,0.12715590,0.07798405
ESPORTSTMNT05/1400884,2020-02-22,2020,Spring,10.03,oe:team:d00921d1fc09960415443f591cb6160,RoX,lineup-da676ebcd53b6874,1,,502.30783410,1.28294931,0.20575402,0.30389107,oe:player:4b54bd2134c923b7b6a9bab64ef00cd,Dreampull,0.19787890,0.13885770,oe:player:981b8fcee42e1e726a67a2b9a98ea6e,Four,0.16887552,0.10726160,oe:player:01691a35fd830394e9b5565308805d9,Phlaty,0.25382475,0.20444988,oe:player:90704735ca9fc01f2244f23f6e5d635,Shiganari,0.21862354,0.47517449,oe:player:74f3f60a44ee916ecc257a5381be756,Lekcyc,0.16079729,0.07425634
ESPORTSTMNT05/1400937,2020-02-23,2020,Spring,10.03,oe:team:d00921d1fc09960415443f591cb6160,RoX,lineup-da676ebcd53b6874,1,,495.12887561,1.49271573,0.20971195,0.29136163,oe:player:4b54bd2134c923b7b6a9bab64ef00cd,Dreampull,0.18530250,0.19370784,oe:player:981b8fcee42e1e726a67a2b9a98ea6e,Four,0.19464582,0.13425377,oe:player:01691a35fd830394e9b5565308805d9,Phlaty,0.19513617,0.16132362,oe:player:90704735ca9fc01f2244f23f6e5d635,Shiganari,0.28003446,0.45457426,oe:player:74f3f60a44ee916ecc257a5381be756,Lekcyc,0.14488105,0.05614051
ESPORTSTMNT05/1400937,2020-02-23,2020,Spring,10.03,oe:team:e8d370a0e90adebb0571ec096375906,Dragon Army,lineup-03f4910e11210fe1,0,,725.22226373,1.52409414,0.20428497,0.25458325,oe:player:9924638276d9e5a1ef1ac4a85d9daf4,Aoi Haru,0.21505073,0.26086473,oe:player:883f7eebf15a40d54b44e2116d7bc9c,ItsCortez,0.17074238,0.07690453,oe:player:5ebedf1ac058b7c02b2acbcbf098c0c,Paranoia,0.21572805,0.27752882,oe:player:c3370c331a0954e90db4181dc563dd4,LeX,0.23767057,0.31400315,oe:player:fd2b2449dcb232ae3130a511350b6e9,Dimonko,0.16080827,0.07069877
ESPORTSTMNT05/1400950,2020-02-23,2020,Spring,10.03,oe:team:95fa2bbc5eb242e7c3243c3467e32f3,Vega Squadron,lineup-2d3fc958a04a1a30,0,,300.55319149,1.43971631,0.20594277,0.26135940,oe:player:4edc4df5fe2af4a60a1477f30d3135c,Charger1,0.20105741,0.19705980,oe:player:2255ff4942064b8bcd54c7f27267683,MxDragon,0.19514395,0.09431781,oe:player:40a769de6d1e052f6f50847a401a4f2,Keysie,0.24545842,0.36613337,oe:player:b96bb4c90ea976beb64fd01af9d554c,Optimas,0.21779548,0.27353816,oe:player:344156b3919a7e7d7743f4e2d18f254,SimSin,0.14054474,0.06895087
ESPORTSTMNT05/1400950,2020-02-23,2020,Spring,10.03,oe:team:ba0e5d60413f9eda6ffb0cb0e0ee531,CrowCrowd,lineup-44ec89ec1089358d,1,,364.56028369,1.53900709,0.21110264,0.27844689,oe:player:e56057e00946fc9dd59e49ac9adbb21,NoNholy,0.19883342,0.26093808,oe:player:b436ae77e934596896a9a7ab163c4de,Rein,0.17087494,0.04694279,oe:player:be877a261fb0c3a320db45091bdefec,XoNix,0.25664854,0.26755248,oe:player:bf6e04b833d34652f7777f5381ea5c3,Haninger,0.24468611,0.36466743,oe:player:8eba84e3213421c5bb552410640869c,Skash,0.12895699,0.05989923
ESPORTSTMNT05/1400952,2020-02-23,2020,Spring,10.03,oe:team:418bd4b8f699d70c4509d7f9c768a3a,Gambit Esports,lineup-9f4f8e77185e5361,1,,441.43355965,1.42580019,0.21156721,0.30036591,oe:player:9d8f178040611a073608bf5fc51768c,Doxy,0.17335666,0.10231632,oe:player:1c7db660fc268b1d2747939129d6101,Diamondprox,0.17029928,0.09154549,oe:player:2096ff50c6496d70e4b39793390c9ce,Sencux,0.24643437,0.43145294,oe:player:887bf3ec60709542db51245b16e2081,Lodik,0.26728445,0.29952672,oe:player:243f63354f4c1cc25d50f6269b84436,Edward,0.14262525,0.07515853
ESPORTSTMNT05/1400952,2020-02-23,2020,Spring,10.03,oe:team:c7ad88feac64b5b6cca8f234b392862,M19,lineup-2b9b2faf887f7502,0,,358.44616877,1.46071775,0.21420478,0.27209065,oe:player:bb01f1375d11d9448d1d5653169f666,Shellkunchik,0.18520040,0.15306934,oe:player:db899b0827da1fc3db78513d405e9d2,NNS 1,0.15802050,0.07296284,oe:player:1e5e1047837e8be1dc45d1f0103fa11,Griffon,0.24325636,0.40254574,oe:player:87584f7e2bc94097b614d00a672c883,Valhalla,0.27838862,0.26418587,oe:player:4133a5db607886ab7d940079cf80e98,Miracle,0.13513413,0.10723621
ESPORTSTMNT05/1400954,2020-02-23,2020,Spring,10.03,oe:team:0d5a4462c2d79495e2e236cdaf8a360,Elements Pro Gaming,lineup-ab1f0bcfa7ec26b9,0,,334.22051035,1.39817044,0.20514933,0.26096644,oe:player:83bb08a967d0acd1391834744adfde9,Smurf,0.20005245,0.19648043,oe:player:4d3c41bcc3aa6f21c8776fc1438fad5,Kreox,0.19811568,0.13910593,oe:player:24abb8f1ed61411f16f17091cf3683d,Kira,0.23257409,0.41211451,oe:player:4563af86598cb2fa72019f547afd5c1,Kinzu,0.22712692,0.15208823,oe:player:ef6247f6656bc2ccefc0497847a00f4,Jestkui Max,0.14213085,0.10021090
ESPORTSTMNT05/1400954,2020-02-23,2020,Spring,10.03,oe:team:e84133caa1e561518201cc7d33f14ed,Unicorns of Love.CIS,lineup-30b555bbbf7062cf,1,,476.56812711,1.65238325,0.20721178,0.26603145,oe:player:2c8efc1ed4a1fd3a51dbd7e29d8ea6c,BOSS,0.17149383,0.11427394,oe:player:63d4c2d98c6654867a62dbaa41d3379,AHaHaCiK,0.19530184,0.12072352,oe:player:3587454d4910f0665e2fda36ad2e91c,Nomanz,0.22215525,0.35529666,oe:player:71a0da2a0d53879bffd88b072d4c593,Gadget,0.25949307,0.32366705,oe:player:92ffbe9070b1c1b1f6717158e1d35ff,SaNTaS,0.15155601,0.08603884
ESPORTSTMNT05/1430435,2020-04-05,2020,Spring,10.06,oe:team:ba0e5d60413f9eda6ffb0cb0e0ee531,CrowCrowd,lineup-44ec89ec1089358d,1,-0.22876005,452.06371329,1.54106521,0.20676694,0.29062518,oe:player:e56057e00946fc9dd59e49ac9adbb21,NoNholy,0.21829934,0.17184837,oe:player:b436ae77e934596896a9a7ab163c4de,Rein,0.19233491,0.10771243,oe:player:be877a261fb0c3a320db45091bdefec,XoNix,0.21922720,0.19374232,oe:player:bf6e04b833d34652f7777f5381ea5c3,Haninger,0.23778445,0.45472563,oe:player:8eba84e3213421c5bb552410640869c,Skash,0.13235410,0.07197125
ESPORTSTMNT05/1430435,2020-04-05,2020,Spring,10.06,oe:team:c7ad88feac64b5b6cca8f234b392862,M19,lineup-ddafa3e120ba2b10,0,-0.14877261,383.74912892,1.64858138,0.20674231,0.23773631,oe:player:bb01f1375d11d9448d1d5653169f666,Shellkunchik,0.21195844,0.25173552,oe:player:a2343d04ce4dafae3aa458b006ec880,Fallen,0.20113703,0.20127323,oe:player:1e5e1047837e8be1dc45d1f0103fa11,Griffon,0.22822976,0.28546524,oe:player:3d7d052a031e864ee9c1b04b5a4d0f1,MyKey,0.22907273,0.22606855,oe:player:4133a5db607886ab7d940079cf80e98,Miracle,0.12960204,0.03545746
ESPORTSTMNT05/1430440,2020-04-05,2020,Spring,10.06,oe:team:0d5a4462c2d79495e2e236cdaf8a360,Elements Pro Gaming,lineup-ab1f0bcfa7ec26b9,0,-0.24194013,324.17539586,1.46163216,0.20614329,0.21478521,oe:player:83bb08a967d0acd1391834744adfde9,Smurf,0.23740175,0.22879751,oe:player:4d3c41bcc3aa6f21c8776fc1438fad5,Kreox,0.20229541,0.22951891,oe:player:24abb8f1ed61411f16f17091cf3683d,Kira,0.20217486,0.26737003,oe:player:4563af86598cb2fa72019f547afd5c1,Kinzu,0.22298307,0.15514676,oe:player:ef6247f6656bc2ccefc0497847a00f4,Jestkui Max,0.13514491,0.11916678
ESPORTSTMNT05/1430440,2020-04-05,2020,Spring,10.06,oe:team:95fa2bbc5eb242e7c3243c3467e32f3,Vega Squadron,lineup-25db05f360bfbe5a,1,0.45281186,427.24238733,1.46163216,0.20581293,0.22422598,oe:player:4edc4df5fe2af4a60a1477f30d3135c,Charger1,0.21227056,0.26932485,oe:player:2255ff4942064b8bcd54c7f27267683,MxDragon,0.19224650,0.18297669,oe:player:40a769de6d1e052f6f50847a401a4f2,Keysie,0.24399472,0.27235251,oe:player:bb126962263d44f3a78e57c10cfd623,Unho1y,0.21102876,0.19301757,oe:player:344156b3919a7e7d7743f4e2d18f254,SimSin,0.14045947,0.08232839
ESPORTSTMNT05/1430445,2020-04-05,2020,Spring,10.06,oe:team:e84133caa1e561518201cc7d33f14ed,Unicorns of Love.CIS,lineup-30b555bbbf7062cf,1,-0.05354892,418.50437318,1.27696793,0.20474192,0.22362346,oe:player:2c8efc1ed4a1fd3a51dbd7e29d8ea6c,BOSS,0.20929122,0.22920019,oe:player:63d4c2d98c6654867a62dbaa41d3379,AHaHaCiK,0.20653425,0.20606491,oe:player:3587454d4910f0665e2fda36ad2e91c,Nomanz,0.23421253,0.15843591,oe:player:71a0da2a0d53879bffd88b072d4c593,Gadget,0.20807555,0.30558632,oe:player:92ffbe9070b1c1b1f6717158e1d35ff,SaNTaS,0.14188646,0.10071266
ESPORTSTMNT05/1430445,2020-04-05,2020,Spring,10.06,oe:team:e8d370a0e90adebb0571ec096375906,Dragon Army,lineup-8ac99af994f01df4,0,-1.01858991,222.42857143,1.11078717,0.20292414,0.22452467,oe:player:9924638276d9e5a1ef1ac4a85d9daf4,Aoi Haru,0.19144745,0.31363297,oe:player:883f7eebf15a40d54b44e2116d7bc9c,ItsCortez,0.21778498,0.13467815,oe:player:83e8cd90b8f749d97144c0bb4fed90c,Arnax,0.22594993,0.18261177,oe:player:c3370c331a0954e90db4181dc563dd4,LeX,0.20733257,0.24183084,oe:player:fd2b2449dcb232ae3130a511350b6e9,Dimonko,0.15748507,0.12724627
ESPORTSTMNT05/1430446,2020-04-05,2020,Spring,10.06,oe:team:418bd4b8f699d70c4509d7f9c768a3a,Gambit Esports,lineup-9f4f8e77185e5361,0,-0.51770080,342.95107632,1.31506849,0.20456640,0.25433210,oe:player:9d8f178040611a073608bf5fc51768c,Doxy,0.19787230,0.18722610,oe:player:1c7db660fc268b1d2747939129d6101,Diamondprox,0.19147319,0.07833470,oe:player:2096ff50c6496d70e4b39793390c9ce,Sencux,0.25724399,0.31482813,oe:player:887bf3ec60709542db51245b16e2081,Lodik,0.16873638,0.32379827,oe:player:243f63354f4c1cc25d50f6269b84436,Edward,0.18467415,0.09581279
ESPORTSTMNT05/1430446,2020-04-05,2020,Spring,10.06,oe:team:d00921d1fc09960415443f591cb6160,RoX,lineup-da676ebcd53b6874,1,-0.22989520,423.32289628,1.15655577,0.20790204,0.29748188,oe:player:4b54bd2134c923b7b6a9bab64ef00cd,Dreampull,0.18137639,0.18056750,oe:player:981b8fcee42e1e726a67a2b9a98ea6e,Four,0.19434116,0.12663301,oe:player:01691a35fd830394e9b5565308805d9,Phlaty,0.20194064,0.13262419,oe:player:90704735ca9fc01f2244f23f6e5d635,Shiganari,0.27146119,0.47290101,oe:player:74f3f60a44ee916ecc257a5381be756,Lekcyc,0.15088063,0.08727429
ESPORTSTMNT05/1440434,2020-04-04,2020,Spring,10.06,oe:team:0d5a4462c2d79495e2e236cdaf8a360,Elements Pro Gaming,lineup-ab1f0bcfa7ec26b9,1,1.02361069,532.00317334,1.67552559,0.20825517,0.24945927,oe:player:83bb08a967d0acd1391834744adfde9,Smurf,0.18530816,0.14545699,oe:player:4d3c41bcc3aa6f21c8776fc1438fad5,Kreox,0.19037923,0.13918490,oe:player:24abb8f1ed61411f16f17091cf3683d,Kira,0.23962440,0.35497696,oe:player:4563af86598cb2fa72019f547afd5c1,Kinzu,0.24828803,0.27501454,oe:player:ef6247f6656bc2ccefc0497847a00f4,Jestkui Max,0.13640019,0.08536662
ESPORTSTMNT05/1440434,2020-04-04,2020,Spring,10.06,oe:team:e8d370a0e90adebb0571ec096375906,Dragon Army,lineup-8ac99af994f01df4,0,0.40850703,536.32050774,1.40420468,0.20936960,0.25531842,oe:player:9924638276d9e5a1ef1ac4a85d9daf4,Aoi Haru,0.21977540,0.18773076,oe:player:883f7eebf15a40d54b44e2116d7bc9c,ItsCortez,0.19020881,0.11255680,oe:player:83e8cd90b8f749d97144c0bb4fed90c,Arnax,0.24286425,0.30465422,oe:player:c3370c331a0954e90db4181dc563dd4,LeX,0.22672106,0.33272685,oe:player:fd2b2449dcb232ae3130a511350b6e9,Dimonko,0.12043048,0.06233137
ESPORTSTMNT05/1440449,2020-04-04,2020,Spring,10.06,oe:team:ba0e5d60413f9eda6ffb0cb0e0ee531,CrowCrowd,lineup-44ec89ec1089358d,0,0.42249468,459.21723773,1.47085835,0.20793168,0.21903979,oe:player:e56057e00946fc9dd59e49ac9adbb21,NoNholy,0.23827441,0.23994572,oe:player:b436ae77e934596896a9a7ab163c4de,Rein,0.20981325,0.19194735,oe:player:be877a261fb0c3a320db45091bdefec,XoNix,0.18024947,0.21794032,oe:player:bf6e04b833d34652f7777f5381ea5c3,Haninger,0.23864654,0.26400953,oe:player:8eba84e3213421c5bb552410640869c,Skash,0.13301633,0.08615708
ESPORTSTMNT05/1440449,2020-04-04,2020,Spring,10.06,oe:team:d00921d1fc09960415443f591cb6160,RoX,lineup-da676ebcd53b6874,1,0.19866737,499.01095019,1.75061816,0.21158638,0.23647929,oe:player:4b54bd2134c923b7b6a9bab64ef00cd,Dreampull,0.20625054,0.24454449,oe:player:981b8fcee42e1e726a67a2b9a98ea6e,Four,0.16533971,0.15069017,oe:player:01691a35fd830394e9b5565308805d9,Phlaty,0.26128948,0.24619240,oe:player:90704735ca9fc01f2244f23f6e5d635,Shiganari,0.23855574,0.29985135,oe:player:74f3f60a44ee916ecc257a5381be756,Lekcyc,0.12856453,0.05872160
ESPORTSTMNT05/1440462,2020-04-04,2020,Spring,10.06,oe:team:418bd4b8f699d70c4509d7f9c768a3a,Gambit Esports,lineup-9f4f8e77185e5361,1,-0.47891705,336.84892086,1.56115108,0.20789006,0.25967295,oe:player:9d8f178040611a073608bf5fc51768c,Doxy,0.21360409,0.19533553,oe:player:1c7db660fc268b1d2747939129d6101,Diamondprox,0.19916092,0.27749776,oe:player:2096ff50c6496d70e4b39793390c9ce,Sencux,0.25937516,0.36087737,oe:player:887bf3ec60709542db51245b16e2081,Lodik,0.19200812,0.06808765,oe:player:243f63354f4c1cc25d50f6269b84436,Edward,0.13585172,0.09820170
ESPORTSTMNT05/1440462,2020-04-04,2020,Spring,10.06,oe:team:95fa2bbc5eb242e7c3243c3467e32f3,Vega Squadron,lineup-25db05f360bfbe5a,0,-0.58655209,312.55395683,1.49640288,0.20396350,0.24739584,oe:player:4edc4df5fe2af4a60a1477f30d3135c,Charger1,0.19679392,0.22409944,oe:player:2255ff4942064b8bcd54c7f27267683,MxDragon,0.19319664,0.11593969,oe:player:40a769de6d1e052f6f50847a401a4f2,Keysie,0.21282432,0.34703648,oe:player:bb126962263d44f3a78e57c10cfd623,Unho1y,0.24182742,0.24113247,oe:player:344156b3919a7e7d7743f4e2d18f254,SimSin,0.15535770,0.07179192
ESPORTSTMNT05/1440466,2020-04-04,2020,Spring,10.06,oe:team:c7ad88feac64b5b6cca8f234b392862,M19,lineup-ddafa3e120ba2b10,0,-0.08545597,321.17545126,1.11768953,0.20676517,0.24064652,oe:player:bb01f1375d11d9448d1d5653169f666,Shellkunchik,0.16912617,0.19935795,oe:player:a2343d04ce4dafae3aa458b006ec880,Fallen,0.20833773,0.13844452,oe:player:1e5e1047837e8be1dc45d1f0103fa11,Griffon,0.20093286,0.21886212,oe:player:3d7d052a031e864ee9c1b04b5a4d0f1,MyKey,0.26328133,0.35501362,oe:player:4133a5db607886ab7d940079cf80e98,Miracle,0.15832191,0.08832178
ESPORTSTMNT05/1440466,2020-04-04,2020,Spring,10.06,oe:team:e84133caa1e561518201cc7d33f14ed,Unicorns of Love.CIS,lineup-30b555bbbf7062cf,1,0.20101596,527.85270758,1.21299639,0.20879657,0.25885965,oe:player:2c8efc1ed4a1fd3a51dbd7e29d8ea6c,BOSS,0.18965554,0.12240041,oe:player:63d4c2d98c6654867a62dbaa41d3379,AHaHaCiK,0.21518691,0.31508626,oe:player:3587454d4910f0665e2fda36ad2e91c,Nomanz,0.25993064,0.34673276,oe:player:71a0da2a0d53879bffd88b072d4c593,Gadget,0.20482543,0.13128047,oe:player:92ffbe9070b1c1b1f6717158e1d35ff,SaNTaS,0.13040148,0.08450011
ESPORTSTMNT05/1510642,2020-06-28,2020,Summer,10.12,oe:team:0d5a4462c2d79495e2e236cdaf8a360,Elements Pro Gaming,lineup-f9c48e1f402b0990,0,0.00281127,362.02496533,1.23162275,0.20798330,0.21616574,oe:player:24abb8f1ed61411f16f17091cf3683d,Kira,0.19962837,0.24068654,oe:player:80932fb9a9194e06d140ab59c7453a9,Anechek,0.23705980,0.20018389,oe:player:dc1ae587a62c6f7c533fa9727e92e77,Jewish Gap,0.23325412,0.20747835,oe:player:bb126962263d44f3a78e57c10cfd623,Unho1y,0.20413086,0.25732894,oe:player:8cf3c0f57dad7b8c99e87fa6cdecc22,CblpHuK,0.12592685,0.09432227
ESPORTSTMNT05/1510642,2020-06-28,2020,Summer,10.12,oe:team:ba0e5d60413f9eda6ffb0cb0e0ee531,CrowCrowd,lineup-890a9eab1ff23dd8,1,0.53014821,475.59500693,1.80859917,0.20700508,0.24005518,oe:player:e56057e00946fc9dd59e49ac9adbb21,NoNholy,0.20223485,0.16896857,oe:player:2255ff4942064b8bcd54c7f27267683,MxDragon,0.21240466,0.22195133,oe:player:be877a261fb0c3a320db45091bdefec,XoNix,0.21265576,0.34854070,oe:player:bf6e04b833d34652f7777f5381ea5c3,Haninger,0.24253743,0.18867088,oe:player:8eba84e3213421c5bb552410640869c,Skash,0.13016730,0.07186851
ESPORTSTMNT05/1510647,2020-06-28,2020,Summer,10.12,oe:team:418bd4b8f699d70c4509d7f9c768a3a,Gambit Esports,lineup-748611b660f017bd,1,0.07820153,425.55214724,1.56441718,0.21014937,0.31819502,oe:player:4b54bd2134c923b7b6a9bab64ef00cd,Dreampull,0.21590632,0.13796583,oe:player:1c7db660fc268b1d2747939129d6101,Diamondprox,0.15218651,0.07013624,oe:player:01691a35fd830394e9b5565308805d9,Phlaty,0.22618322,0.24923232,oe:player:90704735ca9fc01f2244f23f6e5d635,Shiganari,0.26163394,0.47734448,oe:player:74f3f60a44ee916ecc257a5381be756,Lekcyc,0.14409002,0.06532113
ESPORTSTMNT05/1510647,2020-06-28,2020,Summer,10.12,oe:team:95fa2bbc5eb242e7c3243c3467e32f3,Vega Squadron,lineup-82fea03e346e4345,0,-0.27656914,279.44171779,1.17791411,0.21356530,0.38395978,oe:player:bb01f1375d11d9448d1d5653169f666,Shellkunchik,0.20049405,0.10338317,oe:player:b436ae77e934596896a9a7ab163c4de,Rein,0.19340878,0.13007969,oe:player:1e5e1047837e8be1dc45d1f0103fa11,Griffon,0.28871527,0.57996882,oe:player:4504a10c633f886522c674b25720864,Mytant,0.19214492,0.12922347,oe:player:92cf30af7adcb96fb33693e86e976d1,WildHeart,0.12523697,0.05734484
ESPORTSTMNT05/1510658,2020-06-28,2020,Summer,10.12,oe:team:785bf7c68fff8e64a5b17ba5972f10a,One Breath Gaming,lineup-0f5e0aeb1cab9b7f,0,0.43131901,425.82894029,0.94244217,0.20887829,0.24851078,oe:player:83bb08a967d0acd1391834744adfde9,Smurf,0.19131430,0.19676207,oe:player:4d3c41bcc3aa6f21c8776fc1438fad5,Kreox,0.20711001,0.17120422,oe:player:89af6c0570c6f4e0f713b968f6f3830,Universe,0.23683853,0.20884368,oe:player:4563af86598cb2fa72019f547afd5c1,Kinzu,0.24056430,0.36541960,oe:player:ef6247f6656bc2ccefc0497847a00f4,Jestkui Max,0.12417286,0.05777043
ESPORTSTMNT05/1510658,2020-06-28,2020,Summer,10.12,oe:team:e84133caa1e561518201cc7d33f14ed,Unicorns of Love.CIS,lineup-30b555bbbf7062cf,1,0.55446500,503.03819258,1.87197418,0.21019623,0.24545141,oe:player:2c8efc1ed4a1fd3a51dbd7e29d8ea6c,BOSS,0.23865845,0.25196012,oe:player:63d4c2d98c6654867a62dbaa41d3379,AHaHaCiK,0.17341795,0.12738518,oe:player:3587454d4910f0665e2fda36ad2e91c,Nomanz,0.24831471,0.25149816,oe:player:71a0da2a0d53879bffd88b072d4c593,Gadget,0.21360683,0.31563346,oe:player:92ffbe9070b1c1b1f6717158e1d35ff,SaNTaS,0.12600206,0.05352308
ESPORTSTMNT05/1510665,2020-06-28,2020,Summer,10.12,oe:team:d00921d1fc09960415443f591cb6160,RoX,lineup-0a3f0315f72be4e9,0,-0.41168158,323.33564014,1.30103806,0.20670769,0.22383139,oe:player:217223858c21837232ac5f4f80f5150,Ques,0.24273123,0.24707846,oe:player:53d4675b1a04c392f05527482e5c937,Soul,0.20680576,0.22753735,oe:player:40a769de6d1e052f6f50847a401a4f2,Keysie,0.20573469,0.20084757,oe:player:3d7d052a031e864ee9c1b04b5a4d0f1,MyKey,0.21283053,0.25715937,oe:player:4133a5db607886ab7d940079cf80e98,Miracle,0.13189780,0.06737725
ESPORTSTMNT05/1510665,2020-06-28,2020,Summer,10.12,oe:team:e8d370a0e90adebb0571ec096375906,Dragon Army,lineup-dc24871ffe23222b,1,0.07883071,438.93425606,1.14878893,0.20956593,0.24714768,oe:player:9924638276d9e5a1ef1ac4a85d9daf4,Aoi Haru,0.19543363,0.19578722,oe:player:883f7eebf15a40d54b44e2116d7bc9c,ItsCortez,0.18016425,0.08565888,oe:player:83e8cd90b8f749d97144c0bb4fed90c,Arnax,0.24804621,0.24802132,oe:player:6c152faa4bbca9a007fc7c608b6583a,MDB,0.24546521,0.35622615,oe:player:fd2b2449dcb232ae3130a511350b6e9,Dimonko,0.13089071,0.11430644
ESPORTSTMNT05/1520165,2020-06-20,2020,Summer,10.12,oe:team:d00921d1fc09960415443f591cb6160,RoX,lineup-0a3f0315f72be4e9,0,-0.71000532,267.14195584,1.21135647,0.20579855,0.22294330,oe:player:217223858c21837232ac5f4f80f5150,Ques,0.23629976,0.18432762,oe:player:53d4675b1a04c392f05527482e5c937,Soul,0.21851110,0.29145529,oe:player:40a769de6d1e052f6f50847a401a4f2,Keysie,0.18949009,0.25353550,oe:player:3d7d052a031e864ee9c1b04b5a4d0f1,MyKey,0.21687820,0.17474848,oe:player:4133a5db607886ab7d940079cf80e98,Miracle,0.13882085,0.09593312
ESPORTSTMNT05/1520165,2020-06-20,2020,Summer,10.12,oe:team:e84133caa1e561518201cc7d33f14ed,Unicorns of Love.CIS,lineup-30b555bbbf7062cf,1,0.01238983,431.07634069,1.35520505,0.20555468,0.22459470,oe:player:2c8efc1ed4a1fd3a51dbd7e29d8ea6c,BOSS,0.18954391,0.18794127,oe:player:63d4c2d98c6654867a62dbaa41d3379,AHaHaCiK,0.18742296,0.17204679,oe:player:3587454d4910f0665e2fda36ad2e91c,Nomanz,0.24182438,0.29621694,oe:player:71a0da2a0d53879bffd88b072d4c593,Gadget,0.23160032,0.25199340,oe:player:92ffbe9070b1c1b1f6717158e1d35ff,SaNTaS,0.14960844,0.09180161
ESPORTSTMNT05/1520179,2020-06-20,2020,Summer,10.12,oe:team:785bf7c68fff8e64a5b17ba5972f10a,One Breath Gaming,lineup-0f5e0aeb1cab9b7f,1,-0.27688511,359.94663702,1.35408560,0.20748166,0.21567352,oe:player:83bb08a967d0acd1391834744adfde9,Smurf,0.20979809,0.17527149,oe:player:4d3c41bcc3aa6f21c8776fc1438fad5,Kreox,0.19851427,0.24789667,oe:player:89af6c0570c6f4e0f713b968f6f3830,Universe,0.21852941,0.27397057,oe:player:4563af86598cb2fa72019f547afd5c1,Kinzu,0.24437129,0.18733553,oe:player:ef6247f6656bc2ccefc0497847a00f4,Jestkui Max,0.12878695,0.11552574
ESPORTSTMNT05/1520179,2020-06-20,2020,Summer,10.12,oe:team:95fa2bbc5eb242e7c3243c3467e32f3,Vega Squadron,lineup-82fea03e346e4345,0,-1.00083152,206.98832685,1.30072262,0.20843178,0.29095930,oe:player:bb01f1375d11d9448d1d5653169f666,Shellkunchik,0.22171956,0.14856112,oe:player:b436ae77e934596896a9a7ab163c4de,Rein,0.17588383,0.09190809,oe:player:1e5e1047837e8be1dc45d1f0103fa11,Griffon,0.22295538,0.38861139,oe:player:4504a10c633f886522c674b25720864,Mytant,0.24734078,0.32799459,oe:player:92cf30af7adcb96fb33693e86e976d1,WildHeart,0.13210045,0.04292482
ESPORTSTMNT05/1520188,2020-06-20,2020,Summer,10.12,oe:team:418bd4b8f699d70c4509d7f9c768a3a,Gambit Esports,lineup-748611b660f017bd,1,-0.51518754,382.82602677,1.57821874,0.20746808,0.23685714,oe:player:4b54bd2134c923b7b6a9bab64ef00cd,Dreampull,0.19542498,0.16459816,oe:player:1c7db660fc268b1d2747939129d6101,Diamondprox,0.21031621,0.20319100,oe:player:01691a35fd830394e9b5565308805d9,Phlaty,0.24760410,0.30678991,oe:player:90704735ca9fc01f2244f23f6e5d635,Shiganari,0.21605741,0.26617196,oe:player:74f3f60a44ee916ecc257a5381be756,Lekcyc,0.13059729,0.05924897
ESPORTSTMNT05/1520188,2020-06-20,2020,Summer,10.12,oe:team:ba0e5d60413f9eda6ffb0cb0e0ee531,CrowCrowd,lineup-890a9eab1ff23dd8,0,-0.24844040,361.75542224,1.15736041,0.20704179,0.22988868,oe:player:e56057e00946fc9dd59e49ac9adbb21,NoNholy,0.23968138,0.17063389,oe:player:2255ff4942064b8bcd54c7f27267683,MxDragon,0.20659220,0.16872044,oe:player:be877a261fb0c3a320db45091bdefec,XoNix,0.23806995,0.32634286,oe:player:bf6e04b833d34652f7777f5381ea5c3,Haninger,0.14338033,0.23760467,oe:player:8eba84e3213421c5bb552410640869c,Skash,0.17227614,0.09669815
ESPORTSTMNT05/1520195,2020-06-20,2020,Summer,10.12,oe:team:0d5a4462c2d79495e2e236cdaf8a360,Elements Pro Gaming,lineup-f9c48e1f402b0990,0,0.15761147,445.66729679,1.63894140,0.20783409,0.23196791,oe:player:24abb8f1ed61411f16f17091cf3683d,Kira,0.22189597,0.22003919,oe:player:80932fb9a9194e06d140ab59c7453a9,Anechek,0.17870875,0.13022676,oe:player:dc1ae587a62c6f7c533fa9727e92e77,Jewish Gap,0.20551944,0.19545466,oe:player:bb126962263d44f3a78e57c10cfd623,Unho1y,0.25547050,0.33939888,oe:player:8cf3c0f57dad7b8c99e87fa6cdecc22,CblpHuK,0.13840534,0.11488051
ESPORTSTMNT05/1520195,2020-06-20,2020,Summer,10.12,oe:team:e8d370a0e90adebb0571ec096375906,Dragon Army,lineup-dc24871ffe23222b,1,0.84065689,564.78260870,1.36672968,0.20806572,0.22925681,oe:player:9924638276d9e5a1ef1ac4a85d9daf4,Aoi Haru,0.19310230,0.12234160,oe:player:883f7eebf15a40d54b44e2116d7bc9c,ItsCortez,0.17238193,0.12490210,oe:player:83e8cd90b8f749d97144c0bb4fed90c,Arnax,0.25400624,0.29169595,oe:player:6c152faa4bbca9a007fc7c608b6583a,MDB,0.23580019,0.29100311,oe:player:fd2b2449dcb232ae3130a511350b6e9,Dimonko,0.14470934,0.17005723
ESPORTSTMNT05/1520232,2020-06-21,2020,Summer,10.12,oe:team:ba0e5d60413f9eda6ffb0cb0e0ee531,CrowCrowd,lineup-890a9eab1ff23dd8,0,0.07666087,411.49629630,1.06666667,0.20527528,0.23365913,oe:player:e56057e00946fc9dd59e49ac9adbb21,NoNholy,0.19831436,0.21147753,oe:player:2255ff4942064b8bcd54c7f27267683,MxDragon,0.18013735,0.12881624,oe:player:be877a261fb0c3a320db45091bdefec,XoNix,0.22717668,0.29536290,oe:player:bf6e04b833d34652f7777f5381ea5c3,Haninger,0.24259233,0.27894585,oe:player:8eba84e3213421c5bb552410640869c,Skash,0.15177928,0.08539747
ESPORTSTMNT05/1520232,2020-06-21,2020,Summer,10.12,oe:team:e84133caa1e561518201cc7d33f14ed,Unicorns of Love.CIS,lineup-30b555bbbf7062cf,1,-0.04374656,510.31111111,1.20000000,0.20548371,0.23130373,oe:player:2c8efc1ed4a1fd3a51dbd7e29d8ea6c,BOSS,0.22441954,0.23052023,oe:player:63d4c2d98c6654867a62dbaa41d3379,AHaHaCiK,0.21846706,0.18234338,oe:player:3587454d4910f0665e2fda36ad2e91c,Nomanz,0.21344688,0.21850142,oe:player:71a0da2a0d53879bffd88b072d4c593,Gadget,0.20910802,0.30520235,oe:player:92ffbe9070b1c1b1f6717158e1d35ff,SaNTaS,0.13455849,0.06343262
ESPORTSTMNT05/1520238,2020-06-21,2020,Summer,10.12,oe:team:0d5a4462c2d79495e2e236cdaf8a360,Elements Pro Gaming,lineup-f9c48e1f402b0990,1,0.76866722,526.54767088,1.67696996,0.21266404,0.24289825,oe:player:24abb8f1ed61411f16f17091cf3683d,Kira,0.26950437,0.29473162,oe:player:80932fb9a9194e06d140ab59c7453a9,Anechek,0.16673469,0.15506499,oe:player:dc1ae587a62c6f7c533fa9727e92e77,Jewish Gap,0.20151603,0.10097232,oe:player:bb126962263d44f3a78e57c10cfd623,Unho1y,0.23594752,0.32680822,oe:player:8cf3c0f57dad7b8c99e87fa6cdecc22,CblpHuK,0.12629738,0.12242286
ESPORTSTMNT05/1520238,2020-06-21,2020,Summer,10.12,oe:team:95fa2bbc5eb242e7c3243c3467e32f3,Vega Squadron,lineup-82fea03e346e4345,0,-0.31097587,338.88898563,1.22246408,0.20905672,0.25891028,oe:player:bb01f1375d11d9448d1d5653169f666,Shellkunchik,0.21636176,0.22328077,oe:player:b436ae77e934596896a9a7ab163c4de,Rein,0.18208354,0.11621884,oe:player:1e5e1047837e8be1dc45d1f0103fa11,Griffon,0.25650912,0.37181088,oe:player:4504a10c633f886522c674b25720864,Mytant,0.21590909,0.23276141,oe:player:92cf30af7adcb96fb33693e86e976d1,WildHeart,0.12913649,0.05592810
ESPORTSTMNT05/1520246,2020-06-21,2020,Summer,10.12,oe:team:785bf7c68fff8e64a5b17ba5972f10a,One Breath Gaming,lineup-0f5e0aeb1cab9b7f,1,-0.69029882,370.62354725,1.74027287,0.20999417,0.27262169,oe:player:83bb08a967d0acd1391834744adfde9,Smurf,0.17707855,0.18485979,oe:player:4d3c41bcc3aa6f21c8776fc1438fad5,Kreox,0.19517357,0.18135859,oe:player:89af6c0570c6f4e0f713b968f6f3830,Universe,0.22007678,0.18139132,oe:player:4563af86598cb2fa72019f547afd5c1,Kinzu,0.27096594,0.41371356,oe:player:ef6247f6656bc2ccefc0497847a00f4,Jestkui Max,0.13670516,0.03867674
ESPORTSTMNT05/1520246,2020-06-21,2020,Summer,10.12,oe:team:e8d370a0e90adebb0571ec096375906,Dragon Army,lineup-dc24871ffe23222b,0,-0.88045241,300.69125821,1.09752400,0.21000228,0.26035843,oe:player:9924638276d9e5a1ef1ac4a85d9daf4,Aoi Haru,0.21401515,0.19869326,oe:player:883f7eebf15a40d54b44e2116d7bc9c,ItsCortez,0.17805089,0.08737825,oe:player:83e8cd90b8f749d97144c0bb4fed90c,Arnax,0.23383976,0.17925346,oe:player:6c152faa4bbca9a007fc7c608b6583a,MDB,0.24967062,0.40549315,oe:player:fd2b2449dcb232ae3130a511350b6e9,Dimonko,0.12442358,0.12918188
ESPORTSTMNT05/1520249,2020-06-21,2020,Summer,10.12,oe:team:418bd4b8f699d70c4509d7f9c768a3a,Gambit Esports,lineup-748611b660f017bd,1,-0.70105135,315.16955017,1.73010381,0.20723299,0.25189453,oe:player:4b54bd2134c923b7b6a9bab64ef00cd,Dreampull,0.19791908,0.21705239,oe:player:1c7db660fc268b1d2747939129d6101,Diamondprox,0.18230325,0.11786922,oe:player:01691a35fd830394e9b5565308805d9,Phlaty,0.21630947,0.23477230,oe:player:90704735ca9fc01f2244f23f6e5d635,Shiganari,0.25936861,0.36210531,oe:player:74f3f60a44ee916ecc257a5381be756,Lekcyc,0.14409960,0.06820078
ESPORTSTMNT05/1520249,2020-06-21,2020,Summer,10.12,oe:team:d00921d1fc09960415443f591cb6160,RoX,lineup-0a3f0315f72be4e9,0,-1.41141769,246.54671280,1.32179931,0.20640251,0.23959703,oe:player:217223858c21837232ac5f4f80f5150,Ques,0.20895183,0.17779150,oe:player:53d4675b1a04c392f05527482e5c937,Soul,0.19935896,0.19974176,oe:player:40a769de6d1e052f6f50847a401a4f2,Keysie,0.21152054,0.30957728,oe:player:3d7d052a031e864ee9c1b04b5a4d0f1,MyKey,0.24482280,0.26438556,oe:player:4133a5db607886ab7d940079cf80e98,Miracle,0.13534587,0.04850390
ESPORTSTMNT05/1520597,2020-06-27,2020,Summer,10.12,oe:team:0d5a4462c2d79495e2e236cdaf8a360,Elements Pro Gaming,lineup-f9c48e1f402b0990,0,-1.11268110,215.56231003,1.03586626,0.20545003,0.22299326,oe:player:24abb8f1ed61411f16f17091cf3683d,Kira,0.23546916,0.30189509,oe:player:80932fb9a9194e06d140ab59c7453a9,Anechek,0.19456572,0.17664975,oe:player:dc1ae587a62c6f7c533fa9727e92e77,Jewish Gap,0.21227347,0.18890017,oe:player:bb126962263d44f3a78e57c10cfd623,Unho1y,0.21832240,0.23580372,oe:player:8cf3c0f57dad7b8c99e87fa6cdecc22,CblpHuK,0.13936925,0.09675127
ESPORTSTMNT05/1520597,2020-06-27,2020,Summer,10.12,oe:team:418bd4b8f699d70c4509d7f9c768a3a,Gambit Esports,lineup-748611b660f017bd,1,-0.02658813,436.31124620,1.40060790,0.20732591,0.28749510,oe:player:4b54bd2134c923b7b6a9bab64ef00cd,Dreampull,0.19976229,0.22268479,oe:player:1c7db660fc268b1d2747939129d6101,Diamondprox,0.18483370,0.10539867,oe:player:01691a35fd830394e9b5565308805d9,Phlaty,0.24917614,0.42891776,oe:player:90704735ca9fc01f2244f23f6e5d635,Shiganari,0.22843097,0.20305629,oe:player:74f3f60a44ee916ecc257a5381be756,Lekcyc,0.13779691,0.03994249
ESPORTSTMNT05/1520604,2020-06-27,2020,Summer,10.12,oe:team:95fa2bbc5eb242e7c3243c3467e32f3,Vega Squadron,lineup-82fea03e346e4345,0,-0.88121235,230.46530612,1.04489796,0.20660489,0.24424709,oe:player:bb01f1375d11d9448d1d5653169f666,Shellkunchik,0.19380304,0.11274440,oe:player:b436ae77e934596896a9a7ab163c4de,Rein,0.21829449,0.19800227,oe:player:1e5e1047837e8be1dc45d1f0103fa11,Griffon,0.24313620,0.28085152,oe:player:4504a10c633f886522c674b25720864,Mytant,0.21010373,0.32679229,oe:player:92cf30af7adcb96fb33693e86e976d1,WildHeart,0.13466254,0.08160952
ESPORTSTMNT05/1520604,2020-06-27,2020,Summer,10.12,oe:team:ba0e5d60413f9eda6ffb0cb0e0ee531,CrowCrowd,lineup-890a9eab1ff23dd8,1,0.38970492,453.91836735,1.47755102,0.20521979,0.24318223,oe:player:e56057e00946fc9dd59e49ac9adbb21,NoNholy,0.23447432,0.36084884,oe:player:2255ff4942064b8bcd54c7f27267683,MxDragon,0.20307205,0.15552558,oe:player:be877a261fb0c3a320db45091bdefec,XoNix,0.21895366,0.24256811,oe:player:bf6e04b833d34652f7777f5381ea5c3,Haninger,0.20389420,0.14160597,oe:player:8eba84e3213421c5bb552410640869c,Skash,0.13960577,0.09945149
ESPORTSTMNT05/1520612,2020-06-27,2020,Summer,10.12,oe:team:e84133caa1e561518201cc7d33f14ed,Unicorns of Love.CIS,lineup-30b555bbbf7062cf,1,-0.42856622,408.80000000,1.10222222,0.20699902,0.23716870,oe:player:2c8efc1ed4a1fd3a51dbd7e29d8ea6c,BOSS,0.22275351,0.20802348,oe:player:63d4c2d98c6654867a62dbaa41d3379,AHaHaCiK,0.20384734,0.19043270,oe:player:3587454d4910f0665e2fda36ad2e91c,Nomanz,0.23857477,0.35559904,oe:player:71a0da2a0d53879bffd88b072d4c593,Gadget,0.20519149,0.14459665,oe:player:92ffbe9070b1c1b1f6717158e1d35ff,SaNTaS,0.12963289,0.10134812
ESPORTSTMNT05/1520612,2020-06-27,2020,Summer,10.12,oe:team:e8d370a0e90adebb0571ec096375906,Dragon Army,lineup-dc24871ffe23222b,0,0.03405753,407.84888889,1.20888889,0.20590367,0.21523809,oe:player:9924638276d9e5a1ef1ac4a85d9daf4,Aoi Haru,0.17592074,0.21659438,oe:player:883f7eebf15a40d54b44e2116d7bc9c,ItsCortez,0.20435464,0.26194887,oe:player:83e8cd90b8f749d97144c0bb4fed90c,Arnax,0.25039181,0.24658370,oe:player:6c152faa4bbca9a007fc7c608b6583a,MDB,0.21854360,0.16117080,oe:player:fd2b2449dcb232ae3130a511350b6e9,Dimonko,0.15078921,0.11370224
ESPORTSTMNT05/1520617,2020-06-27,2020,Summer,10.12,oe:team:785bf7c68fff8e64a5b17ba5972f10a,One Breath Gaming,lineup-0f5e0aeb1cab9b7f,1,0.20894375,458.34624358,1.58469435,0.21065032,0.25068649,oe:player:83bb08a967d0acd1391834744adfde9,Smurf,0.24760831,0.29805872,oe:player:4d3c41bcc3aa6f21c8776fc1438fad5,Kreox,0.17782293,0.14738617,oe:player:89af6c0570c6f4e0f713b968f6f3830,Universe,0.23808606,0.22167789,oe:player:4563af86598cb2fa72019f547afd5c1,Kinzu,0.21527417,0.29981797,oe:player:ef6247f6656bc2ccefc0497847a00f4,Jestkui Max,0.12120853,0.03305926
ESPORTSTMNT05/1520617,2020-06-27,2020,Summer,10.12,oe:team:d00921d1fc09960415443f591cb6160,RoX,lineup-0a3f0315f72be4e9,0,-0.88130518,320.81941204,1.53989734,0.21061495,0.29321223,oe:player:217223858c21837232ac5f4f80f5150,Ques,0.24450912,0.09641667,oe:player:53d4675b1a04c392f05527482e5c937,Soul,0.17966276,0.09460143,oe:player:40a769de6d1e052f6f50847a401a4f2,Keysie,0.21699906,0.43570768,oe:player:3d7d052a031e864ee9c1b04b5a4d0f1,MyKey,0.23892836,0.27455361,oe:player:4133a5db607886ab7d940079cf80e98,Miracle,0.11990071,0.09872061
ESPORTSTMNT05/1530382,2020-08-08,2020,Summer,10.15,oe:team:ba0e5d60413f9eda6ffb0cb0e0ee531,CrowCrowd,lineup-890a9eab1ff23dd8,1,-0.41612552,351.56185819,1.70171149,0.20672600,0.24572912,oe:player:e56057e00946fc9dd59e49ac9adbb21,NoNholy,0.24298724,0.21124316,oe:player:2255ff4942064b8bcd54c7f27267683,MxDragon,0.19230464,0.17014955,oe:player:be877a261fb0c3a320db45091bdefec,XoNix,0.23515202,0.37615169,oe:player:bf6e04b833d34652f7777f5381ea5c3,Haninger,0.18825193,0.14644812,oe:player:8eba84e3213421c5bb552410640869c,Skash,0.14130418,0.09600748
ESPORTSTMNT05/1530382,2020-08-08,2020,Summer,10.15,oe:team:d00921d1fc09960415443f591cb6160,RoX,lineup-0a3f0315f72be4e9,0,-1.44995339,182.49388753,1.24987775,0.20788071,0.23538912,oe:player:217223858c21837232ac5f4f80f5150,Ques,0.25276087,0.25688103,oe:player:53d4675b1a04c392f05527482e5c937,Soul,0.18350123,0.09874598,oe:player:40a769de6d1e052f6f50847a401a4f2,Keysie,0.21108298,0.16578778,oe:player:3d7d052a031e864ee9c1b04b5a4d0f1,MyKey,0.21864282,0.33321543,oe:player:4133a5db607886ab7d940079cf80e98,Miracle,0.13401210,0.14536977
ESPORTSTMNT05/1530387,2020-08-08,2020,Summer,10.15,oe:team:418bd4b8f699d70c4509d7f9c768a3a,Gambit Esports,lineup-748611b660f017bd,1,-0.20952899,299.74563591,1.43640898,0.20701074,0.23637746,oe:player:4b54bd2134c923b7b6a9bab64ef00cd,Dreampull,0.24240206,0.31228473,oe:player:1c7db660fc268b1d2747939129d6101,Diamondprox,0.18326533,0.24195078,oe:player:01691a35fd830394e9b5565308805d9,Phlaty,0.22560518,0.16228223,oe:player:90704735ca9fc01f2244f23f6e5d635,Shiganari,0.21285199,0.22480407,oe:player:74f3f60a44ee916ecc257a5381be756,Lekcyc,0.13587543,0.05867818
ESPORTSTMNT05/1530387,2020-08-08,2020,Summer,10.15,oe:team:785bf7c68fff8e64a5b17ba5972f10a,One Breath Gaming,lineup-0f5e0aeb1cab9b7f,0,-0.73909646,271.50374065,1.21945137,0.20613148,0.22084574,oe:player:83bb08a967d0acd1391834744adfde9,Smurf,0.22779789,0.24915268,oe:player:4d3c41bcc3aa6f21c8776fc1438fad5,Kreox,0.20302970,0.19971894,oe:player:89af6c0570c6f4e0f713b968f6f3830,Universe,0.21535181,0.17599405,oe:player:4563af86598cb2fa72019f547afd5c1,Kinzu,0.22189716,0.28122675,oe:player:ef6247f6656bc2ccefc0497847a00f4,Jestkui Max,0.13192344,0.09390758
ESPORTSTMNT05/1530394,2020-08-08,2020,Summer,10.15,oe:team:0d5a4462c2d79495e2e236cdaf8a360,Elements Pro Gaming,lineup-f9c48e1f402b0990,0,0.49636564,427.44215938,1.03341902,0.20775065,0.23170734,oe:player:24abb8f1ed61411f16f17091cf3683d,Kira,0.20915982,0.23917005,oe:player:80932fb9a9194e06d140ab59c7453a9,Anechek,0.20731095,0.14004511,oe:player:dc1ae587a62c6f7c533fa9727e92e77,Jewish Gap,0.24901614,0.32194858,oe:player:bb126962263d44f3a78e57c10cfd623,Unho1y,0.20641293,0.20682003,oe:player:8cf3c0f57dad7b8c99e87fa6cdecc22,CblpHuK,0.12810016,0.09201624
ESPORTSTMNT05/1530394,2020-08-08,2020,Summer,10.15,oe:team:e84133caa1e561518201cc7d33f14ed,Unicorns of Love.CIS,lineup-30b555bbbf7062cf,1,-0.03169651,458.93059126,1.28791774,0.21001492,0.25970445,oe:player:2c8efc1ed4a1fd3a51dbd7e29d8ea6c,BOSS,0.22523703,0.23944680,oe:player:63d4c2d98c6654867a62dbaa41d3379,AHaHaCiK,0.17967358,0.08091349,oe:player:3587454d4910f0665e2fda36ad2e91c,Nomanz,0.27290971,0.38902332,oe:player:71a0da2a0d53879bffd88b072d4c593,Gadget,0.17871112,0.17888351,oe:player:92ffbe9070b1c1b1f6717158e1d35ff,SaNTaS,0.14346856,0.11173288
ESPORTSTMNT05/1540444,2020-08-09,2020,Summer,10.15,oe:team:785bf7c68fff8e64a5b17ba5972f10a,One Breath Gaming,lineup-0f5e0aeb1cab9b7f,1,0.25563216,419.96957404,1.60649087,0.20472640,0.22086756,oe:player:83bb08a967d0acd1391834744adfde9,Smurf,0.19027154,0.19581250,oe:player:4d3c41bcc3aa6f21c8776fc1438fad5,Kreox,0.20589959,0.24925016,oe:player:89af6c0570c6f4e0f713b968f6f3830,Universe,0.21124509,0.27530247,oe:player:4563af86598cb2fa72019f547afd5c1,Kinzu,0.24342467,0.19230602,oe:player:ef6247f6656bc2ccefc0497847a00f4,Jestkui Max,0.14915910,0.08732884
ESPORTSTMNT05/1540444,2020-08-09,2020,Summer,10.15,oe:team:ba0e5d60413f9eda6ffb0cb0e0ee531,CrowCrowd,lineup-890a9eab1ff23dd8,0,-0.25488730,338.11764706,1.46653144,0.20530589,0.24120709,oe:player:e56057e00946fc9dd59e49ac9adbb21,NoNholy,0.24408392,0.17221582,oe:player:2255ff4942064b8bcd54c7f27267683,MxDragon,0.18449879,0.12655676,oe:player:be877a261fb0c3a320db45091bdefec,XoNix,0.21414333,0.25525520,oe:player:bf6e04b833d34652f7777f5381ea5c3,Haninger,0.21033414,0.34734720,oe:player:8eba84e3213421c5bb552410640869c,Skash,0.14693982,0.09862501
ESPORTSTMNT05/1540454,2020-08-09,2020,Summer,10.15,oe:team:95fa2bbc5eb242e7c3243c3467e32f3,Vega Squadron,lineup-beff17a9fa3fd8f9,0,0.05778165,309.61542957,1.29748685,0.20527309,0.22944922,oe:player:7f1b3a3cd866a23e17542c63254d2c1,existence,0.21509349,0.23700902,oe:player:b436ae77e934596896a9a7ab163c4de,Rein,0.21869891,0.21496851,oe:player:1e5e1047837e8be1dc45d1f0103fa11,Griffon,0.20736760,0.27911929,oe:player:4504a10c633f886522c674b25720864,Mytant,0.22297615,0.21508177,oe:player:c49e01c67147c8b2580273ca5e0d261,Melekx,0.13586385,0.05382141
ESPORTSTMNT05/1540454,2020-08-09,2020,Summer,10.15,oe:team:e84133caa1e561518201cc7d33f14ed,Unicorns of Love.CIS,lineup-30b555bbbf7062cf,1,-0.08757718,460.23611923,1.40268849,0.20836507,0.27117082,oe:player:2c8efc1ed4a1fd3a51dbd7e29d8ea6c,BOSS,0.21938489,0.21604035,oe:player:63d4c2d98c6654867a62dbaa41d3379,AHaHaCiK,0.15887054,0.07201853,oe:player:3587454d4910f0665e2fda36ad2e91c,Nomanz,0.25345706,0.39156076,oe:player:71a0da2a0d53879bffd88b072d4c593,Gadget,0.22246588,0.24583219,oe:player:92ffbe9070b1c1b1f6717158e1d35ff,SaNTaS,0.14582163,0.07454817
ESPORTSTMNT05/1540460,2020-08-09,2020,Summer,10.15,oe:team:418bd4b8f699d70c4509d7f9c768a3a,Gambit Esports,lineup-748611b660f017bd,1,0.09443990,461.82131661,1.33542320,0.21158560,0.26690895,oe:player:4b54bd2134c923b7b6a9bab64ef00cd,Dreampull,0.17969998,0.13014438,oe:player:1c7db660fc268b1d2747939129d6101,Diamondprox,0.19734156,0.30150488,oe:player:01691a35fd830394e9b5565308805d9,Phlaty,0.20291141,0.18773291,oe:player:90704735ca9fc01f2244f23f6e5d635,Shiganari,0.28404048,0.35060175,oe:player:74f3f60a44ee916ecc257a5381be756,Lekcyc,0.13600657,0.03001609
ESPORTSTMNT05/1540460,2020-08-09,2020,Summer,10.15,oe:team:e8d370a0e90adebb0571ec096375906,Dragon Army,lineup-dc24871ffe23222b,0,-0.36507185,344.56739812,0.72413793,0.20652599,0.21164786,oe:player:9924638276d9e5a1ef1ac4a85d9daf4,Aoi Haru,0.18863723,0.14042414,oe:player:883f7eebf15a40d54b44e2116d7bc9c,ItsCortez,0.21408576,0.22465133,oe:player:83e8cd90b8f749d97144c0bb4fed90c,Arnax,0.24452857,0.26703786,oe:player:6c152faa4bbca9a007fc7c608b6583a,MDB,0.21573992,0.21916537,oe:player:fd2b2449dcb232ae3130a511350b6e9,Dimonko,0.13700853,0.14872131
ESPORTSTMNT05/1540464,2020-08-09,2020,Summer,10.15,oe:team:0d5a4462c2d79495e2e236cdaf8a360,Elements Pro Gaming,lineup-f9c48e1f402b0990,1,-0.67121663,304.17604913,1.86693961,0.20900448,0.24245453,oe:player:24abb8f1ed61411f16f17091cf3683d,Kira,0.22134243,0.19295377,oe:player:80932fb9a9194e06d140ab59c7453a9,Anechek,0.18855450,0.11855441,oe:player:dc1ae587a62c6f7c533fa9727e92e77,Jewish Gap,0.19852789,0.34126792,oe:player:bb126962263d44f3a78e57c10cfd623,Unho1y,0.26051906,0.25853018,oe:player:8cf3c0f57dad7b8c99e87fa6cdecc22,CblpHuK,0.13105613,0.08869372
ESPORTSTMNT05/1540464,2020-08-09,2020,Summer,10.15,oe:team:d00921d1fc09960415443f591cb6160,RoX,lineup-0a3f0315f72be4e9,0,-1.40353624,191.33674514,1.44933470,0.20473930,0.22734381,oe:player:217223858c21837232ac5f4f80f5150,Ques,0.22602351,0.17219797,oe:player:53d4675b1a04c392f05527482e5c937,Soul,0.19327895,0.16593914,oe:player:40a769de6d1e052f6f50847a401a4f2,Keysie,0.19501985,0.30087303,oe:player:3d7d052a031e864ee9c1b04b5a4d0f1,MyKey,0.23693836,0.26556683,oe:player:4133a5db607886ab7d940079cf80e98,Miracle,0.14873931,0.09542303
ESPORTSTMNT05/1540465,2020-08-09,2020,Summer,10.15,oe:team:0d5a4462c2d79495e2e236cdaf8a360,Elements Pro Gaming,lineup-f9c48e1f402b0990,1,-0.56287605,303.60413589,1.64844904,0.20530531,0.25405694,oe:player:24abb8f1ed61411f16f17091cf3683d,Kira,0.19082446,0.12237034,oe:player:80932fb9a9194e06d140ab59c7453a9,Anechek,0.20813554,0.15829522,oe:player:dc1ae587a62c6f7c533fa9727e92e77,Jewish Gap,0.22313176,0.20142065,oe:player:bb126962263d44f3a78e57c10cfd623,Unho1y,0.23572926,0.39920210,oe:player:8cf3c0f57dad7b8c99e87fa6cdecc22,CblpHuK,0.14217898,0.11871169
ESPORTSTMNT05/1540465,2020-08-09,2020,Summer,10.15,oe:team:95fa2bbc5eb242e7c3243c3467e32f3,Vega Squadron,lineup-beff17a9fa3fd8f9,0,-0.22913208,270.03249631,1.40029542,0.21026767,0.21921522,oe:player:7f1b3a3cd866a23e17542c63254d2c1,existence,0.22682324,0.23580509,oe:player:b436ae77e934596896a9a7ab163c4de,Rein,0.17005381,0.07717218,oe:player:1e5e1047837e8be1dc45d1f0103fa11,Griffon,0.21317167,0.22810319,oe:player:4504a10c633f886522c674b25720864,Mytant,0.25988875,0.24212853,oe:player:c49e01c67147c8b2580273ca5e0d261,Melekx,0.13006253,0.21679102
ESPORTSTMNT06/1160283,2020-03-01,2020,Spring,10.04,oe:team:ba0e5d60413f9eda6ffb0cb0e0ee531,CrowCrowd,lineup-44ec89ec1089358d,0,,397.86424474,1.27915870,0.21178694,0.26485088,oe:player:e56057e00946fc9dd59e49ac9adbb21,NoNholy,0.27393957,0.37267340,oe:player:b436ae77e934596896a9a7ab163c4de,Rein,0.17389818,0.07772379,oe:player:be877a261fb0c3a320db45091bdefec,XoNix,0.19862508,0.19575842,oe:player:bf6e04b833d34652f7777f5381ea5c3,Haninger,0.22450375,0.27439051,oe:player:8eba84e3213421c5bb552410640869c,Skash,0.12903342,0.07945387
ESPORTSTMNT06/1160283,2020-03-01,2020,Spring,10.04,oe:team:d00921d1fc09960415443f591cb6160,RoX,lineup-da676ebcd53b6874,1,,461.56405354,1.51434034,0.20633845,0.25698140,oe:player:4b54bd2134c923b7b6a9bab64ef00cd,Dreampull,0.19595661,0.13966147,oe:player:981b8fcee42e1e726a67a2b9a98ea6e,Four,0.17777614,0.16349763,oe:player:01691a35fd830394e9b5565308805d9,Phlaty,0.23222903,0.26692019,oe:player:90704735ca9fc01f2244f23f6e5d635,Shiganari,0.24586438,0.36839162,oe:player:74f3f60a44ee916ecc257a5381be756,Lekcyc,0.14817384,0.06152909
ESPORTSTMNT06/1160290,2020-03-01,2020,Spring,10.04,oe:team:418bd4b8f699d70c4509d7f9c768a3a,Gambit Esports,lineup-9f4f8e77185e5361,0,,452.46553268,1.28916741,0.21070892,0.24107550,oe:player:9d8f178040611a073608bf5fc51768c,Doxy,0.22515664,0.28654700,oe:player:1c7db660fc268b1d2747939129d6101,Diamondprox,0.16864035,0.12909277,oe:player:2096ff50c6496d70e4b39793390c9ce,Sencux,0.21574248,0.21465204,oe:player:887bf3ec60709542db51245b16e2081,Lodik,0.26156015,0.30292993,oe:player:243f63354f4c1cc25d50f6269b84436,Edward,0.12890038,0.06677826
ESPORTSTMNT06/1160290,2020-03-01,2020,Spring,10.04,oe:team:95fa2bbc5eb242e7c3243c3467e32f3,Vega Squadron,lineup-2d3fc958a04a1a30,1,,550.58728738,1.68666070,0.20593810,0.23864207,oe:player:4edc4df5fe2af4a60a1477f30d3135c,Charger1,0.20349804,0.15612531,oe:player:2255ff4942064b8bcd54c7f27267683,MxDragon,0.17701033,0.20969552,oe:player:40a769de6d1e052f6f50847a401a4f2,Keysie,0.22780318,0.24354884,oe:player:b96bb4c90ea976beb64fd01af9d554c,Optimas,0.24374926,0.32700169,oe:player:344156b3919a7e7d7743f4e2d18f254,SimSin,0.14793919,0.06362865
ESPORTSTMNT06/1160292,2020-03-01,2020,Spring,10.04,oe:team:c7ad88feac64b5b6cca8f234b392862,M19,lineup-2b9b2faf887f7502,0,,282.25683710,1.12722949,0.20720117,0.22529103,oe:player:bb01f1375d11d9448d1d5653169f666,Shellkunchik,0.19903581,0.20857872,oe:player:db899b0827da1fc3db78513d405e9d2,NNS 1,0.17963728,0.13674393,oe:player:1e5e1047837e8be1dc45d1f0103fa11,Griffon,0.25619835,0.31716503,oe:player:87584f7e2bc94097b614d00a672c883,Valhalla,0.22141873,0.22136845,oe:player:4133a5db607886ab7d940079cf80e98,Miracle,0.14370983,0.11614387
ESPORTSTMNT06/1160292,2020-03-01,2020,Spring,10.04,oe:team:e84133caa1e561518201cc7d33f14ed,Unicorns of Love.CIS,lineup-30b555bbbf7062cf,1,,526.66587396,1.39833532,0.20744901,0.22926169,oe:player:2c8efc1ed4a1fd3a51dbd7e29d8ea6c,BOSS,0.23634323,0.24403625,oe:player:63d4c2d98c6654867a62dbaa41d3379,AHaHaCiK,0.18140539,0.20156866,oe:player:3587454d4910f0665e2fda36ad2e91c,Nomanz,0.22928177,0.20397990,oe:player:71a0da2a0d53879bffd88b072d4c593,Gadget,0.22018301,0.28938920,oe:player:92ffbe9070b1c1b1f6717158e1d35ff,SaNTaS,0.13278660,0.06102600
ESPORTSTMNT06/1160644,2020-03-07,2020,Spring,10.04,oe:team:ba0e5d60413f9eda6ffb0cb0e0ee531,CrowCrowd,lineup-44ec89ec1089358d,1,,410.21223857,1.45003873,0.20472715,0.24831408,oe:player:e56057e00946fc9dd59e49ac9adbb21,NoNholy,0.22512904,0.33055379,oe:player:b436ae77e934596896a9a7ab163c4de,Rein,0.20637932,0.16738421,oe:player:be877a261fb0c3a320db45091bdefec,XoNix,0.20313672,0.27331641,oe:player:bf6e04b833d34652f7777f5381ea5c3,Haninger,0.22418053,0.18567026,oe:player:8eba84e3213421c5bb552410640869c,Skash,0.14117439,0.04307532
ESPORTSTMNT06/1160644,2020-03-07,2020,Spring,10.04,oe:team:c7ad88feac64b5b6cca8f234b392862,M19,lineup-2b9b2faf887f7502,0,,249.37877614,0.97598761,0.20599873,0.24166534,oe:player:bb01f1375d11d9448d1d5653169f666,Shellkunchik,0.20205333,0.10421559,oe:player:db899b0827da1fc3db78513d405e9d2,NNS 1,0.19384002,0.14417235,oe:player:1e5e1047837e8be1dc45d1f0103fa11,Griffon,0.20989887,0.33489880,oe:player:87584f7e2bc94097b614d00a672c883,Valhalla,0.25114925,0.28264192,oe:player:4133a5db607886ab7d940079cf80e98,Miracle,0.14305854,0.13407134
ESPORTSTMNT06/1160661,2020-03-07,2020,Spring,10.04,oe:team:0d5a4462c2d79495e2e236cdaf8a360,Elements Pro Gaming,lineup-ab1f0bcfa7ec26b9,0,,354.23212784,1.56433978,0.21724216,0.25011321,oe:player:83bb08a967d0acd1391834744adfde9,Smurf,0.29164612,0.32119606,oe:player:4d3c41bcc3aa6f21c8776fc1438fad5,Kreox,0.17017993,0.12158639,oe:player:24abb8f1ed61411f16f17091cf3683d,Kira,0.17886632,0.22398393,oe:player:4563af86598cb2fa72019f547afd5c1,Kinzu,0.23744372,0.28166446,oe:player:ef6247f6656bc2ccefc0497847a00f4,Jestkui Max,0.12186391,0.05156916
ESPORTSTMNT06/1160661,2020-03-07,2020,Spring,10.04,oe:team:95fa2bbc5eb242e7c3243c3467e32f3,Vega Squadron,lineup-2d3fc958a04a1a30,1,,441.88561817,1.68544996,0.21054761,0.25056784,oe:player:4edc4df5fe2af4a60a1477f30d3135c,Charger1,0.18692377,0.17986228,oe:player:2255ff4942064b8bcd54c7f27267683,MxDragon,0.20086962,0.13695799,oe:player:40a769de6d1e052f6f50847a401a4f2,Keysie,0.22537300,0.37123574,oe:player:b96bb4c90ea976beb64fd01af9d554c,Optimas,0.26286246,0.23656172,oe:player:344156b3919a7e7d7743f4e2d18f254,SimSin,0.12397115,0.07538228
ESPORTSTMNT06/1160672,2020-03-07,2020,Spring,10.04,oe:team:e84133caa1e561518201cc7d33f14ed,Unicorns of Love.CIS,lineup-30b555bbbf7062cf,1,,501.97817190,1.33424284,0.20065198,0.25043185,oe:player:2c8efc1ed4a1fd3a51dbd7e29d8ea6c,BOSS,0.18450192,0.15716266,oe:player:63d4c2d98c6654867a62dbaa41d3379,AHaHaCiK,0.21258051,0.15717896,oe:player:3587454d4910f0665e2fda36ad2e91c,Nomanz,0.20908592,0.18519364,oe:player:71a0da2a0d53879bffd88b072d4c593,Gadget,0.20563197,0.39427640,oe:player:92ffbe9070b1c1b1f6717158e1d35ff,SaNTaS,0.18819968,0.10618834
ESPORTSTMNT06/1160672,2020-03-07,2020,Spring,10.04,oe:team:e8d370a0e90adebb0571ec096375906,Dragon Army,lineup-03f4910e11210fe1,0,,507.42155525,0.85948158,0.21084339,0.23729827,oe:player:9924638276d9e5a1ef1ac4a85d9daf4,Aoi Haru,0.22044262,0.17923859,oe:player:883f7eebf15a40d54b44e2116d7bc9c,ItsCortez,0.18616589,0.19590256,oe:player:5ebedf1ac058b7c02b2acbcbf098c0c,Paranoia,0.27438221,0.34507179,oe:player:c3370c331a0954e90db4181dc563dd4,LeX,0.18616589,0.20538797,oe:player:fd2b2449dcb232ae3130a511350b6e9,Dimonko,0.13284340,0.07439910
ESPORTSTMNT06/1160681,2020-03-07,2020,Spring,10.04,oe:team:418bd4b8f699d70c4509d7f9c768a3a,Gambit Esports,lineup-9f4f8e77185e5361,0,,349.39862880,1.48677767,0.20810565,0.25480555,oe:player:9d8f178040611a073608bf5fc51768c,Doxy,0.18250325,0.16215353,oe:player:1c7db660fc268b1d2747939129d6101,Diamondprox,0.20805624,0.33914155,oe:player:2096ff50c6496d70e4b39793390c9ce,Sencux,0.25090357,0.30059203,oe:player:887bf3ec60709542db51245b16e2081,Lodik,0.22554937,0.14097820,oe:player:243f63354f4c1cc25d50f6269b84436,Edward,0.13298757,0.05713469
ESPORTSTMNT06/1160681,2020-03-07,2020,Spring,10.04,oe:team:d00921d1fc09960415443f591cb6160,RoX,lineup-da676ebcd53b6874,1,,423.24975514,1.39862880,0.20850485,0.23760961,oe:player:4b54bd2134c923b7b6a9bab64ef00cd,Dreampull,0.18464226,0.21419547,oe:player:981b8fcee42e1e726a67a2b9a98ea6e,Four,0.21459235,0.19878372,oe:player:01691a35fd830394e9b5565308805d9,Phlaty,0.23068220,0.33729503,oe:player:90704735ca9fc01f2244f23f6e5d635,Shiganari,0.24277870,0.18513530,oe:player:74f3f60a44ee916ecc257a5381be756,Lekcyc,0.12730449,0.06459048
ESPORTSTMNT06/1160764,2020-03-08,2020,Spring,10.04,oe:team:0d5a4462c2d79495e2e236cdaf8a360,Elements Pro Gaming,lineup-ab1f0bcfa7ec26b9,1,,412.76368491,1.54873164,0.20690984,0.25338253,oe:player:83bb08a967d0acd1391834744adfde9,Smurf,0.23664078,0.28777332,oe:player:4d3c41bcc3aa6f21c8776fc1438fad5,Kreox,0.20046834,0.15617803,oe:player:24abb8f1ed61411f16f17091cf3683d,Kira,0.18201123,0.12282313,oe:player:4563af86598cb2fa72019f547afd5c1,Kinzu,0.24074236,0.35308578,oe:player:ef6247f6656bc2ccefc0497847a00f4,Jestkui Max,0.14013730,0.08013973
ESPORTSTMNT06/1160764,2020-03-08,2020,Spring,10.04,oe:team:418bd4b8f699d70c4509d7f9c768a3a,Gambit Esports,lineup-9f4f8e77185e5361,0,,369.08411215,1.55407210,0.21694295,0.25743460,oe:player:9d8f178040611a073608bf5fc51768c,Doxy,0.16128050,0.15752919,oe:player:1c7db660fc268b1d2747939129d6101,Diamondprox,0.17638207,0.11458379,oe:player:2096ff50c6496d70e4b39793390c9ce,Sencux,0.23978002,0.35735266,oe:player:887bf3ec60709542db51245b16e2081,Lodik,0.29205331,0.29283327,oe:player:243f63354f4c1cc25d50f6269b84436,Edward,0.13050410,0.07770109
ESPORTSTMNT06/1160799,2020-03-08,2020,Spring,10.04,oe:team:ba0e5d60413f9eda6ffb0cb0e0ee531,CrowCrowd,lineup-44ec89ec1089358d,0,,371.10229008,0.90687023,0.21005448,0.22972746,oe:player:e56057e00946fc9dd59e49ac9adbb21,NoNholy,0.26923631,0.32378061,oe:player:b436ae77e934596896a9a7ab163c4de,Rein,0.18886038,0.09436710,oe:player:be877a261fb0c3a320db45091bdefec,XoNix,0.15717704,0.23968207,oe:player:bf6e04b833d34652f7777f5381ea5c3,Haninger,0.23227722,0.17167753,oe:player:8eba84e3213421c5bb552410640869c,Skash,0.15244904,0.17049269
ESPORTSTMNT06/1160799,2020-03-08,2020,Spring,10.04,oe:team:e84133caa1e561518201cc7d33f14ed,Unicorns of Love.CIS,lineup-30b555bbbf7062cf,1,,583.76793893,1.06259542,0.20685219,0.23141730,oe:player:2c8efc1ed4a1fd3a51dbd7e29d8ea6c,BOSS,0.18009137,0.16046322,oe:player:63d4c2d98c6654867a62dbaa41d3379,AHaHaCiK,0.21869330,0.24270336,oe:player:3587454d4910f0665e2fda36ad2e91c,Nomanz,0.25878161,0.31041301,oe:player:71a0da2a0d53879bffd88b072d4c593,Gadget,0.19351243,0.21172797,oe:player:92ffbe9070b1c1b1f6717158e1d35ff,SaNTaS,0.14892129,0.07469244
ESPORTSTMNT06/1160814,2020-03-08,2020,Spring,10.04,oe:team:c7ad88feac64b5b6cca8f234b392862,M19,lineup-2b9b2faf887f7502,0,,280.15324675,1.18441558,0.20722467,0.23823096,oe:player:bb01f1375d11d9448d1d5653169f666,Shellkunchik,0.21305697,0.30670598,oe:player:db899b0827da1fc3db78513d405e9d2,NNS 1,0.16344708,0.06728229,oe:player:1e5e1047837e8be1dc45d1f0103fa11,Griffon,0.23077646,0.27972631,oe:player:87584f7e2bc94097b614d00a672c883,Valhalla,0.24506486,0.14638556,oe:player:4133a5db607886ab7d940079cf80e98,Miracle,0.14765463,0.19989987
ESPORTSTMNT06/1160814,2020-03-08,2020,Spring,10.04,oe:team:e8d370a0e90adebb0571ec096375906,Dragon Army,lineup-03f4910e11210fe1,1,,437.64935065,1.41038961,0.21446829,0.22739240,oe:player:9924638276d9e5a1ef1ac4a85d9daf4,Aoi Haru,0.28413027,0.30113060,oe:player:883f7eebf15a40d54b44e2116d7bc9c,ItsCortez,0.17537651,0.18974450,oe:player:5ebedf1ac058b7c02b2acbcbf098c0c,Paranoia,0.21588855,0.25793644,oe:player:c3370c331a0954e90db4181dc563dd4,LeX,0.20525226,0.16186237,oe:player:fd2b2449dcb232ae3130a511350b6e9,Dimonko,0.11935241,0.08932609
ESPORTSTMNT06/1160824,2020-03-08,2020,Spring,10.04,oe:team:95fa2bbc5eb242e7c3243c3467e32f3,Vega Squadron,lineup-2d3fc958a04a1a30,0,,266.07103219,1.23862375,0.20530447,0.23258101,oe:player:4edc4df5fe2af4a60a1477f30d3135c,Charger1,0.20932232,0.29715930,oe:player:2255ff4942064b8bcd54c7f27267683,MxDragon,0.23007307,0.19234138,oe:player:40a769de6d1e052f6f50847a401a4f2,Keysie,0.23570849,0.27888875,oe:player:b96bb4c90ea976beb64fd01af9d554c,Optimas,0.15201299,0.15242147,oe:player:344156b3919a7e7d7743f4e2d18f254,SimSin,0.17288314,0.07918909
ESPORTSTMNT06/1160824,2020-03-08,2020,Spring,10.04,oe:team:d00921d1fc09960415443f591cb6160,RoX,lineup-da676ebcd53b6874,1,,374.38401776,1.49833518,0.20607951,0.21864406,oe:player:4b54bd2134c923b7b6a9bab64ef00cd,Dreampull,0.19337532,0.24880825,oe:player:981b8fcee42e1e726a67a2b9a98ea6e,Four,0.20122080,0.14907506,oe:player:01691a35fd830394e9b5565308805d9,Phlaty,0.22171404,0.20661686,oe:player:90704735ca9fc01f2244f23f6e5d635,Shiganari,0.24394878,0.28025614,oe:player:74f3f60a44ee916ecc257a5381be756,Lekcyc,0.13974106,0.11524369
ESPORTSTMNT06/1170178,2020-02-29,2020,Spring,10.04,oe:team:0d5a4462c2d79495e2e236cdaf8a360,Elements Pro Gaming,lineup-ab1f0bcfa7ec26b9,0,,278.78845244,1.51064837,0.20879015,0.22001230,oe:player:83bb08a967d0acd1391834744adfde9,Smurf,0.20755538,0.21207985,oe:player:4d3c41bcc3aa6f21c8776fc1438fad5,Kreox,0.18994382,0.16848645,oe:player:24abb8f1ed61411f16f17091cf3683d,Kira,0.20935248,0.22750051,oe:player:4563af86598cb2fa72019f547afd5c1,Kinzu,0.26184666,0.29105724,oe:player:ef6247f6656bc2ccefc0497847a00f4,Jestkui Max,0.13130167,0.10087594
ESPORTSTMNT06/1170178,2020-02-29,2020,Spring,10.04,oe:team:d00921d1fc09960415443f591cb6160,RoX,lineup-da676ebcd53b6874,1,,427.51348793,1.46521533,0.20665583,0.21565683,oe:player:4b54bd2134c923b7b6a9bab64ef00cd,Dreampull,0.22130584,0.16117591,oe:player:981b8fcee42e1e726a67a2b9a98ea6e,Four,0.20081515,0.19389463,oe:player:01691a35fd830394e9b5565308805d9,Phlaty,0.19998402,0.26014241,oe:player:90704735ca9fc01f2244f23f6e5d635,Shiganari,0.24352274,0.26443317,oe:player:74f3f60a44ee916ecc257a5381be756,Lekcyc,0.13437225,0.12035389
ESPORTSTMNT06/1170194,2020-02-29,2020,Spring,10.04,oe:team:ba0e5d60413f9eda6ffb0cb0e0ee531,CrowCrowd,lineup-44ec89ec1089358d,1,,535.51273677,1.46962769,0.20943577,0.25977312,oe:player:e56057e00946fc9dd59e49ac9adbb21,NoNholy,0.21977925,0.17310549,oe:player:b436ae77e934596896a9a7ab163c4de,Rein,0.17502457,0.05686267,oe:player:be877a261fb0c3a320db45091bdefec,XoNix,0.22979613,0.32384646,oe:player:bf6e04b833d34652f7777f5381ea5c3,Haninger,0.24782653,0.32834718,oe:player:8eba84e3213421c5bb552410640869c,Skash,0.12757352,0.11783819
ESPORTSTMNT06/1170194,2020-02-29,2020,Spring,10.04,oe:team:e8d370a0e90adebb0571ec096375906,Dragon Army,lineup-03f4910e11210fe1,0,,462.84650555,1.45787067,0.20858127,0.25010727,oe:player:9924638276d9e5a1ef1ac4a85d9daf4,Aoi Haru,0.19876806,0.19646410,oe:player:883f7eebf15a40d54b44e2116d7bc9c,ItsCortez,0.19515897,0.14510216,oe:player:5ebedf1ac058b7c02b2acbcbf098c0c,Paranoia,0.21437772,0.23570104,oe:player:c3370c331a0954e90db4181dc563dd4,LeX,0.26032673,0.36227700,oe:player:fd2b2449dcb232ae3130a511350b6e9,Dimonko,0.13136852,0.06045570
ESPORTSTMNT06/1170202,2020-02-29,2020,Spring,10.04,oe:team:95fa2bbc5eb242e7c3243c3467e32f3,Vega Squadron,lineup-2d3fc958a04a1a30,1,,571.77752028,1.33024334,0.21305311,0.27540286,oe:player:4edc4df5fe2af4a60a1477f30d3135c,Charger1,0.19146591,0.14550790,oe:player:2255ff4942064b8bcd54c7f27267683,MxDragon,0.16297860,0.14828025,oe:player:40a769de6d1e052f6f50847a401a4f2,Keysie,0.21368843,0.14776145,oe:player:b96bb4c90ea976beb64fd01af9d554c,Optimas,0.28980695,0.44426521,oe:player:344156b3919a7e7d7743f4e2d18f254,SimSin,0.14206012,0.11418520
ESPORTSTMNT06/1170202,2020-02-29,2020,Spring,10.04,oe:team:c7ad88feac64b5b6cca8f234b392862,M19,lineup-2b9b2faf887f7502,0,,526.99420626,1.40903824,0.20095865,0.22437685,oe:player:bb01f1375d11d9448d1d5653169f666,Shellkunchik,0.21556845,0.24335306,oe:player:db899b0827da1fc3db78513d405e9d2,NNS 1,0.20016376,0.27787404,oe:player:1e5e1047837e8be1dc45d1f0103fa11,Griffon,0.20071889,0.13636004,oe:player:87584f7e2bc94097b614d00a672c883,Valhalla,0.20880981,0.24443487,oe:player:4133a5db607886ab7d940079cf80e98,Miracle,0.17473909,0.09797799
ESPORTSTMNT06/1170218,2020-02-29,2020,Spring,10.04,oe:team:418bd4b8f699d70c4509d7f9c768a3a,Gambit Esports,lineup-9f4f8e77185e5361,0,,366.39393939,1.40000000,0.20706739,0.25014616,oe:player:9d8f178040611a073608bf5fc51768c,Doxy,0.19717424,0.21319990,oe:player:1c7db660fc268b1d2747939129d6101,Diamondprox,0.18887152,0.11739310,oe:player:2096ff50c6496d70e4b39793390c9ce,Sencux,0.22049897,0.22016376,oe:player:887bf3ec60709542db51245b16e2081,Lodik,0.25370983,0.36872054,oe:player:243f63354f4c1cc25d50f6269b84436,Edward,0.13974544,0.08052270
ESPORTSTMNT06/1170218,2020-02-29,2020,Spring,10.04,oe:team:e84133caa1e561518201cc7d33f14ed,Unicorns of Love.CIS,lineup-30b555bbbf7062cf,1,,445.00000000,1.59393939,0.20704281,0.22328796,oe:player:2c8efc1ed4a1fd3a51dbd7e29d8ea6c,BOSS,0.18411231,0.21837249,oe:player:63d4c2d98c6654867a62dbaa41d3379,AHaHaCiK,0.21208580,0.18956759,oe:player:3587454d4910f0665e2fda36ad2e91c,Nomanz,0.24128008,0.27780729,oe:player:71a0da2a0d53879bffd88b072d4c593,Gadget,0.22729334,0.23809329,oe:player:92ffbe9070b1c1b1f6717158e1d35ff,SaNTaS,0.13522846,0.07615935
ESPORTSTMNT06/1170272,2020-03-01,2020,Spring,10.04,oe:team:0d5a4462c2d79495e2e236cdaf8a360,Elements Pro Gaming,lineup-ab1f0bcfa7ec26b9,1,,343.02480916,1.46564885,0.20433677,0.24124484,oe:player:83bb08a967d0acd1391834744adfde9,Smurf,0.22479852,0.31301010,oe:player:4d3c41bcc3aa6f21c8776fc1438fad5,Kreox,0.21825869,0.20936326,oe:player:24abb8f1ed61411f16f17091cf3683d,Kira,0.22826661,0.27281983,oe:player:4563af86598cb2fa72019f547afd5c1,Kinzu,0.15954882,0.14730869,oe:player:ef6247f6656bc2ccefc0497847a00f4,Jestkui Max,0.16912736,0.05749812
ESPORTSTMNT06/1170272,2020-03-01,2020,Spring,10.04,oe:team:e8d370a0e90adebb0571ec096375906,Dragon Army,lineup-03f4910e11210fe1,0,,345.63549618,1.41412214,0.21114387,0.22808126,oe:player:9924638276d9e5a1ef1ac4a85d9daf4,Aoi Haru,0.21335700,0.20165311,oe:player:883f7eebf15a40d54b44e2116d7bc9c,ItsCortez,0.16897067,0.07336304,oe:player:5ebedf1ac058b7c02b2acbcbf098c0c,Paranoia,0.24593686,0.30466615,oe:player:c3370c331a0954e90db4181dc563dd4,LeX,0.24707641,0.23113747,oe:player:fd2b2449dcb232ae3130a511350b6e9,Dimonko,0.12465907,0.18918024
ESPORTSTMNT06/1180456,2020-04-11,2020,Spring,10.07,oe:team:0d5a4462c2d79495e2e236cdaf8a360,Elements Pro Gaming,lineup-ab1f0bcfa7ec26b9,1,0.15760375,424.12626832,1.77903044,0.20819464,0.25001219,oe:player:83bb08a967d0acd1391834744adfde9,Smurf,0.17404087,0.15094099,oe:player:4d3c41bcc3aa6f21c8776fc1438fad5,Kreox,0.21934385,0.26188198,oe:player:24abb8f1ed61411f16f17091cf3683d,Kira,0.22416637,0.15188198,oe:player:4563af86598cb2fa72019f547afd5c1,Kinzu,0.24783076,0.36054226,oe:player:ef6247f6656bc2ccefc0497847a00f4,Jestkui Max,0.13461814,0.07475279
ESPORTSTMNT06/1180456,2020-04-11,2020,Spring,10.07,oe:team:418bd4b8f699d70c4509d7f9c768a3a,Gambit Esports,lineup-9f4f8e77185e5361,0,-0.64991027,268.45095829,1.29199549,0.20799641,0.22678099,oe:player:9d8f178040611a073608bf5fc51768c,Doxy,0.23403844,0.29735927,oe:player:1c7db660fc268b1d2747939129d6101,Diamondprox,0.19095887,0.13594215,oe:player:2096ff50c6496d70e4b39793390c9ce,Sencux,0.22010093,0.20352265,oe:player:887bf3ec60709542db51245b16e2081,Lodik,0.22909911,0.26067127,oe:player:243f63354f4c1cc25d50f6269b84436,Edward,0.12580264,0.10250466
ESPORTSTMNT06/1180467,2020-04-11,2020,Spring,10.07,oe:team:ba0e5d60413f9eda6ffb0cb0e0ee531,CrowCrowd,lineup-44ec89ec1089358d,0,-0.77714902,261.81889764,0.97637795,0.20734701,0.21997826,oe:player:e56057e00946fc9dd59e49ac9adbb21,NoNholy,0.22245068,0.19364831,oe:player:b436ae77e934596896a9a7ab163c4de,Rein,0.19021951,0.24456407,oe:player:be877a261fb0c3a320db45091bdefec,XoNix,0.23842734,0.26164627,oe:player:bf6e04b833d34652f7777f5381ea5c3,Haninger,0.21897749,0.21776789,oe:player:8eba84e3213421c5bb552410640869c,Skash,0.12992498,0.08237346
ESPORTSTMNT06/1180467,2020-04-11,2020,Spring,10.07,oe:team:e84133caa1e561518201cc7d33f14ed,Unicorns of Love.CIS,lineup-30b555bbbf7062cf,1,0.88447956,601.37795276,1.30708661,0.21068840,0.29457523,oe:player:2c8efc1ed4a1fd3a51dbd7e29d8ea6c,BOSS,0.18675502,0.19224877,oe:player:63d4c2d98c6654867a62dbaa41d3379,AHaHaCiK,0.19056785,0.15294272,oe:player:3587454d4910f0665e2fda36ad2e91c,Nomanz,0.27863330,0.46011129,oe:player:71a0da2a0d53879bffd88b072d4c593,Gadget,0.20859554,0.13958756,oe:player:92ffbe9070b1c1b1f6717158e1d35ff,SaNTaS,0.13544829,0.05510966
ESPORTSTMNT06/1180472,2020-04-11,2020,Spring,10.07,oe:team:c7ad88feac64b5b6cca8f234b392862,M19,lineup-ddafa3e120ba2b10,1,0.65627520,499.78888265,1.67770915,0.20488674,0.24801517,oe:player:bb01f1375d11d9448d1d5653169f666,Shellkunchik,0.17977953,0.22168597,oe:player:a2343d04ce4dafae3aa458b006ec880,Fallen,0.20650398,0.11162490,oe:player:1e5e1047837e8be1dc45d1f0103fa11,Griffon,0.24246333,0.35825121,oe:player:3d7d052a031e864ee9c1b04b5a4d0f1,MyKey,0.21893756,0.22667404,oe:player:4133a5db607886ab7d940079cf80e98,Miracle,0.15231560,0.08176389
ESPORTSTMNT06/1180472,2020-04-11,2020,Spring,10.07,oe:team:e8d370a0e90adebb0571ec096375906,Dragon Army,lineup-8ac99af994f01df4,0,-0.43211342,470.36496350,1.07130825,0.21115172,0.27161828,oe:player:9924638276d9e5a1ef1ac4a85d9daf4,Aoi Haru,0.19381898,0.16049277,oe:player:883f7eebf15a40d54b44e2116d7bc9c,ItsCortez,0.18282561,0.11304971,oe:player:83e8cd90b8f749d97144c0bb4fed90c,Arnax,0.25779249,0.34824524,oe:player:c3370c331a0954e90db4181dc563dd4,LeX,0.24145695,0.33102707,oe:player:fd2b2449dcb232ae3130a511350b6e9,Dimonko,0.12410596,0.04718522
ESPORTSTMNT06/1180473,2020-04-11,2020,Spring,10.07,oe:team:95fa2bbc5eb242e7c3243c3467e32f3,Vega Squadron,lineup-25db05f360bfbe5a,0,-0.54123946,249.44626335,0.88825623,0.20586013,0.20564415,oe:player:4edc4df5fe2af4a60a1477f30d3135c,Charger1,0.18911968,0.24594261,oe:player:2255ff4942064b8bcd54c7f27267683,MxDragon,0.19940734,0.23043210,oe:player:40a769de6d1e052f6f50847a401a4f2,Keysie,0.25453580,0.18383209,oe:player:bb126962263d44f3a78e57c10cfd623,Unho1y,0.20880042,0.15356434,oe:player:344156b3919a7e7d7743f4e2d18f254,SimSin,0.14813676,0.18622886
ESPORTSTMNT06/1180473,2020-04-11,2020,Spring,10.07,oe:team:d00921d1fc09960415443f591cb6160,RoX,lineup-da676ebcd53b6874,1,-0.20811857,443.47900356,1.28113879,0.20732976,0.23209271,oe:player:4b54bd2134c923b7b6a9bab64ef00cd,Dreampull,0.23688530,0.26167090,oe:player:981b8fcee42e1e726a67a2b9a98ea6e,Four,0.17125605,0.14553963,oe:player:01691a35fd830394e9b5565308805d9,Phlaty,0.23700687,0.27784839,oe:player:90704735ca9fc01f2244f23f6e5d635,Shiganari,0.21453610,0.24591711,oe:player:74f3f60a44ee916ecc257a5381be756,Lekcyc,0.14031568,0.06902396
ESPORTSTMNT06/1180492,2020-04-12,2020,Spring,10.07,oe:team:95fa2bbc5eb242e7c3243c3467e32f3,Vega Squadron,lineup-25db05f360bfbe5a,0,0.07329544,392.71363636,1.38409091,0.20773910,0.22027047,oe:player:4edc4df5fe2af4a60a1477f30d3135c,Charger1,0.20881269,0.24530366,oe:player:2255ff4942064b8bcd54c7f27267683,MxDragon,0.21297001,0.23254280,oe:player:40a769de6d1e052f6f50847a401a4f2,Keysie,0.24427340,0.26770027,oe:player:bb126962263d44f3a78e57c10cfd623,Unho1y,0.20790714,0.15872079,oe:player:344156b3919a7e7d7743f4e2d18f254,SimSin,0.12603676,0.09573249
ESPORTSTMNT06/1180492,2020-04-12,2020,Spring,10.07,oe:team:e8d370a0e90adebb0571ec096375906,Dragon Army,lineup-8ac99af994f01df4,1,-0.38190278,432.27272727,1.31590909,0.20857478,0.26883632,oe:player:9924638276d9e5a1ef1ac4a85d9daf4,Aoi Haru,0.22296229,0.23652997,oe:player:883f7eebf15a40d54b44e2116d7bc9c,ItsCortez,0.16783322,0.07820189,oe:player:83e8cd90b8f749d97144c0bb4fed90c,Arnax,0.23293445,0.38981073,oe:player:c3370c331a0954e90db4181dc563dd4,LeX,0.24126966,0.22247634,oe:player:fd2b2449dcb232ae3130a511350b6e9,Dimonko,0.13500038,0.07298107
ESPORTSTMNT06/1180493,2020-04-12,2020,Spring,10.07,oe:team:418bd4b8f699d70c4509d7f9c768a3a,Gambit Esports,lineup-9f4f8e77185e5361,1,-0.36152776,362.53744493,1.61527166,0.20994319,0.26955542,oe:player:9d8f178040611a073608bf5fc51768c,Doxy,0.24041031,0.36565568,oe:player:1c7db660fc268b1d2747939129d6101,Diamondprox,0.17905353,0.06699394,oe:player:2096ff50c6496d70e4b39793390c9ce,Sencux,0.19487975,0.28707754,oe:player:887bf3ec60709542db51245b16e2081,Lodik,0.25504698,0.20968212,oe:player:243f63354f4c1cc25d50f6269b84436,Edward,0.13060943,0.07059071
ESPORTSTMNT06/1180493,2020-04-12,2020,Spring,10.07,oe:team:ba0e5d60413f9eda6ffb0cb0e0ee531,CrowCrowd,lineup-44ec89ec1089358d,0,-0.66985026,362.94273128,1.75624082,0.20966715,0.25846666,oe:player:e56057e00946fc9dd59e49ac9adbb21,NoNholy,0.19095477,0.23861080,oe:player:b436ae77e934596896a9a7ab163c4de,Rein,0.17379315,0.16306582,oe:player:be877a261fb0c3a320db45091bdefec,XoNix,0.22262939,0.15790325,oe:player:bf6e04b833d34652f7777f5381ea5c3,Haninger,0.27075812,0.38303313,oe:player:8eba84e3213421c5bb552410640869c,Skash,0.14186456,0.05738700
ESPORTSTMNT06/1180495,2020-04-12,2020,Spring,10.07,oe:team:0d5a4462c2d79495e2e236cdaf8a360,Elements Pro Gaming,lineup-ab1f0bcfa7ec26b9,0,0.20345838,474.92385787,1.25888325,0.20763023,0.22859065,oe:player:83bb08a967d0acd1391834744adfde9,Smurf,0.20992528,0.20101183,oe:player:4d3c41bcc3aa6f21c8776fc1438fad5,Kreox,0.24492338,0.30343452,oe:player:24abb8f1ed61411f16f17091cf3683d,Kira,0.21902309,0.20709705,oe:player:4563af86598cb2fa72019f547afd5c1,Kinzu,0.19787225,0.22045033,oe:player:ef6247f6656bc2ccefc0497847a00f4,Jestkui Max,0.12825601,0.06800627
ESPORTSTMNT06/1180495,2020-04-12,2020,Spring,10.07,oe:team:c7ad88feac64b5b6cca8f234b392862,M19,lineup-ddafa3e120ba2b10,1,0.16150648,398.72081218,1.57698816,0.20722794,0.23886734,oe:player:bb01f1375d11d9448d1d5653169f666,Shellkunchik,0.16854991,0.13606966,oe:player:a2343d04ce4dafae3aa458b006ec880,Fallen,0.20471507,0.16857633,oe:player:1e5e1047837e8be1dc45d1f0103fa11,Griffon,0.22961568,0.32948006,oe:player:3d7d052a031e864ee9c1b04b5a4d0f1,MyKey,0.25020925,0.27361613,oe:player:4133a5db607886ab7d940079cf80e98,Miracle,0.14691009,0.09225781
ESPORTSTMNT06/1180497,2020-04-12,2020,Spring,10.07,oe:team:d00921d1fc09960415443f591cb6160,RoX,lineup-da676ebcd53b6874,0,-0.35058809,337.22142857,0.90000000,0.21000375,0.26092206,oe:player:4b54bd2134c923b7b6a9bab64ef00cd,Dreampull,0.25496550,0.25868971,oe:player:981b8fcee42e1e726a67a2b9a98ea6e,Four,0.16686363,0.13404715,oe:player:01691a35fd830394e9b5565308805d9,Phlaty,0.24615912,0.38816166,oe:player:90704735ca9fc01f2244f23f6e5d635,Shiganari,0.19286341,0.13563576,oe:player:74f3f60a44ee916ecc257a5381be756,Lekcyc,0.13914834,0.08346572
ESPORTSTMNT06/1180497,2020-04-12,2020,Spring,10.07,oe:team:e84133caa1e561518201cc7d33f14ed,Unicorns of Love.CIS,lineup-30b555bbbf7062cf,1,-0.63847524,338.10000000,1.17857143,0.20643360,0.25085675,oe:player:2c8efc1ed4a1fd3a51dbd7e29d8ea6c,BOSS,0.21201011,0.29702751,oe:player:63d4c2d98c6654867a62dbaa41d3379,AHaHaCiK,0.21483427,0.15398023,oe:player:3587454d4910f0665e2fda36ad2e91c,Nomanz,0.23314175,0.33629104,oe:player:71a0da2a0d53879bffd88b072d4c593,Gadget,0.20983005,0.14640639,oe:player:92ffbe9070b1c1b1f6717158e1d35ff,SaNTaS,0.13018382,0.06629484
ESPORTSTMNT06/1180499,2020-04-12,2020,Spring,10.07,oe:team:c7ad88feac64b5b6cca8f234b392862,M19,lineup-ddafa3e120ba2b10,0,-0.06661127,363.69149405,1.44909652,0.21242900,0.26160026,oe:player:bb01f1375d11d9448d1d5653169f666,Shellkunchik,0.18876137,0.16176128,oe:player:a2343d04ce4dafae3aa458b006ec880,Fallen,0.18284234,0.10865519,oe:player:1e5e1047837e8be1dc45d1f0103fa11,Griffon,0.27308874,0.35580503,oe:player:3d7d052a031e864ee9c1b04b5a4d0f1,MyKey,0.23088740,0.30345510,oe:player:4133a5db607886ab7d940079cf80e98,Miracle,0.12442015,0.07032341
ESPORTSTMNT06/1180499,2020-04-12,2020,Spring,10.07,oe:team:e8d370a0e90adebb0571ec096375906,Dragon Army,lineup-8ac99af994f01df4,1,-0.13045024,459.99823711,1.54958131,0.20565785,0.25030546,oe:player:9924638276d9e5a1ef1ac4a85d9daf4,Aoi Haru,0.18826040,0.13915013,oe:player:883f7eebf15a40d54b44e2116d7bc9c,ItsCortez,0.20016948,0.10573938,oe:player:83e8cd90b8f749d97144c0bb4fed90c,Arnax,0.23520065,0.34259238,oe:player:c3370c331a0954e90db4181dc563dd4,LeX,0.23291568,0.29928258,oe:player:fd2b2449dcb232ae3130a511350b6e9,Dimonko,0.14345379,0.11323553
ESPORTSTMNT06/1180501,2020-04-12,2020,Spring,10.07,oe:team:d00921d1fc09960415443f591cb6160,RoX,lineup-da676ebcd53b6874,1,0.69070044,539.07486631,1.36898396,0.20863998,0.25060936,oe:player:4b54bd2134c923b7b6a9bab64ef00cd,Dreampull,0.18674866,0.24479451,oe:player:981b8fcee42e1e726a67a2b9a98ea6e,Four,0.19639635,0.12986201,oe:player:01691a35fd830394e9b5565308805d9,Phlaty,0.23258558,0.20684079,oe:player:90704735ca9fc01f2244f23f6e5d635,Shiganari,0.25240845,0.35667166,oe:player:74f3f60a44ee916ecc257a5381be756,Lekcyc,0.13186096,0.06183102
ESPORTSTMNT06/1180501,2020-04-12,2020,Spring,10.07,oe:team:e84133caa1e561518201cc7d33f14ed,Unicorns of Love.CIS,lineup-30b555bbbf7062cf,0,-0.12363059,488.98930481,1.49197861,0.21821476,0.30211705,oe:player:2c8efc1ed4a1fd3a51dbd7e29d8ea6c,BOSS,0.15752168,0.11442351,oe:player:63d4c2d98c6654867a62dbaa41d3379,AHaHaCiK,0.17226484,0.12246148,oe:player:3587454d4910f0665e2fda36ad2e91c,Nomanz,0.29729820,0.45266347,oe:player:71a0da2a0d53879bffd88b072d4c593,Gadget,0.24034356,0.25753218,oe:player:92ffbe9070b1c1b1f6717158e1d35ff,SaNTaS,0.13257171,0.05291937
ESPORTSTMNT06/1180766,2020-04-18,2020,Spring,10.07,oe:team:0d5a4462c2d79495e2e236cdaf8a360,Elements Pro Gaming,lineup-ab1f0bcfa7ec26b9,0,-0.89593160,214.72796935,1.03448276,0.20681384,0.23197427,oe:player:83bb08a967d0acd1391834744adfde9,Smurf,0.22614471,0.18571123,oe:player:4d3c41bcc3aa6f21c8776fc1438fad5,Kreox,0.18892029,0.13492970,oe:player:24abb8f1ed61411f16f17091cf3683d,Kira,0.19985868,0.30640211,oe:player:4563af86598cb2fa72019f547afd5c1,Kinzu,0.24683437,0.27549782,oe:player:ef6247f6656bc2ccefc0497847a00f4,Jestkui Max,0.13824194,0.09745914
ESPORTSTMNT06/1180766,2020-04-18,2020,Spring,10.07,oe:team:e84133caa1e561518201cc7d33f14ed,Unicorns of Love.CIS,lineup-30b555bbbf7062cf,1,0.07783719,499.68582375,1.26436782,0.20810247,0.28719851,oe:player:2c8efc1ed4a1fd3a51dbd7e29d8ea6c,BOSS,0.19128580,0.12880124,oe:player:63d4c2d98c6654867a62dbaa41d3379,AHaHaCiK,0.18177627,0.07382417,oe:player:3587454d4910f0665e2fda36ad2e91c,Nomanz,0.23391543,0.35895352,oe:player:71a0da2a0d53879bffd88b072d4c593,Gadget,0.25360690,0.36099311,oe:player:92ffbe9070b1c1b1f6717158e1d35ff,SaNTaS,0.13941560,0.07742796
ESPORTSTMNT06/1180770,2020-04-18,2020,Spring,10.07,oe:team:0d5a4462c2d79495e2e236cdaf8a360,Elements Pro Gaming,lineup-ab1f0bcfa7ec26b9,0,0.09042883,377.53031195,1.05944673,0.20823863,0.26084506,oe:player:83bb08a967d0acd1391834744adfde9,Smurf,0.27131590,0.34907955,oe:player:4d3c41bcc3aa6f21c8776fc1438fad5,Kreox,0.19729804,0.10785378,oe:player:24abb8f1ed61411f16f17091cf3683d,Kira,0.17189560,0.13606600,oe:player:4563af86598cb2fa72019f547afd5c1,Kinzu,0.20744906,0.31755594,oe:player:ef6247f6656bc2ccefc0497847a00f4,Jestkui Max,0.15204140,0.08944474
ESPORTSTMNT06/1180770,2020-04-18,2020,Spring,10.07,oe:team:e84133caa1e561518201cc7d33f14ed,Unicorns of Love.CIS,lineup-30b555bbbf7062cf,1,-0.12869729,449.61506769,1.57504414,0.20896144,0.34574282,oe:player:2c8efc1ed4a1fd3a51dbd7e29d8ea6c,BOSS,0.19689886,0.15027176,oe:player:63d4c2d98c6654867a62dbaa41d3379,AHaHaCiK,0.18888118,0.12853059,oe:player:3587454d4910f0665e2fda36ad2e91c,Nomanz,0.27037294,0.53251752,oe:player:71a0da2a0d53879bffd88b072d4c593,Gadget,0.20582971,0.14565334,oe:player:92ffbe9070b1c1b1f6717158e1d35ff,SaNTaS,0.13801731,0.04302680
ESPORTSTMNT06/1180776,2020-04-18,2020,Spring,10.07,oe:team:0d5a4462c2d79495e2e236cdaf8a360,Elements Pro Gaming,lineup-ab1f0bcfa7ec26b9,0,0.57565862,454.65691789,1.34308211,0.20340532,0.22184681,oe:player:83bb08a967d0acd1391834744adfde9,Smurf,0.21591321,0.20105396,oe:player:4d3c41bcc3aa6f21c8776fc1438fad5,Kreox,0.20310335,0.21218734,oe:player:24abb8f1ed61411f16f17091cf3683d,Kira,0.20551186,0.31216507,oe:player:4563af86598cb2fa72019f547afd5c1,Kinzu,0.22522753,0.16232465,oe:player:ef6247f6656bc2ccefc0497847a00f4,Jestkui Max,0.15024405,0.11226898
ESPORTSTMNT06/1180776,2020-04-18,2020,Spring,10.07,oe:team:e84133caa1e561518201cc7d33f14ed,Unicorns of Love.CIS,lineup-30b555bbbf7062cf,1,0.42196710,501.93475816,1.35658043,0.20160296,0.21248177,oe:player:2c8efc1ed4a1fd3a51dbd7e29d8ea6c,BOSS,0.19013921,0.22062660,oe:player:63d4c2d98c6654867a62dbaa41d3379,AHaHaCiK,0.20185615,0.15670297,oe:player:3587454d4910f0665e2fda36ad2e91c,Nomanz,0.23244945,0.22818341,oe:player:71a0da2a0d53879bffd88b072d4c593,Gadget,0.17910176,0.26569853,oe:player:92ffbe9070b1c1b1f6717158e1d35ff,SaNTaS,0.19645343,0.12878849
ESPORTSTMNT06/1180794,2020-04-19,2020,Spring,10.07,oe:team:418bd4b8f699d70c4509d7f9c768a3a,Gambit Esports,lineup-9f4f8e77185e5361,0,0.76119781,526.58410042,1.44602510,0.20902991,0.25945493,oe:player:9d8f178040611a073608bf5fc51768c,Doxy,0.20733341,0.21269475,oe:player:1c7db660fc268b1d2747939129d6101,Diamondprox,0.18191894,0.13764565,oe:player:2096ff50c6496d70e4b39793390c9ce,Sencux,0.26899928,0.38888995,oe:player:887bf3ec60709542db51245b16e2081,Lodik,0.20397765,0.20121474,oe:player:243f63354f4c1cc25d50f6269b84436,Edward,0.13777073,0.05955491
ESPORTSTMNT06/1180794,2020-04-19,2020,Spring,10.07,oe:team:d00921d1fc09960415443f591cb6160,RoX,lineup-da676ebcd53b6874,1,1.13022102,700.69958159,1.36569038,0.20385611,0.26393946,oe:player:4b54bd2134c923b7b6a9bab64ef00cd,Dreampull,0.19065748,0.13077904,oe:player:981b8fcee42e1e726a67a2b9a98ea6e,Four,0.22633971,0.29025624,oe:player:01691a35fd830394e9b5565308805d9,Phlaty,0.22091138,0.16039439,oe:player:90704735ca9fc01f2244f23f6e5d635,Shiganari,0.21202339,0.36622574,oe:player:74f3f60a44ee916ecc257a5381be756,Lekcyc,0.15006804,0.05234458
ESPORTSTMNT06/1180800,2020-04-19,2020,Spring,10.07,oe:team:418bd4b8f699d70c4509d7f9c768a3a,Gambit Esports,lineup-9f4f8e77185e5361,0,-0.28089065,364.88841431,1.38387613,0.20701672,0.25925578,oe:player:9d8f178040611a073608bf5fc51768c,Doxy,0.20228514,0.13569083,oe:player:1c7db660fc268b1d2747939129d6101,Diamondprox,0.16972700,0.13707794,oe:player:2096ff50c6496d70e4b39793390c9ce,Sencux,0.26080890,0.39785437,oe:player:887bf3ec60709542db51245b16e2081,Lodik,0.21407482,0.23368391,oe:player:243f63354f4c1cc25d50f6269b84436,Edward,0.15310415,0.09569294
ESPORTSTMNT06/1180800,2020-04-19,2020,Spring,10.07,oe:team:d00921d1fc09960415443f591cb6160,RoX,lineup-da676ebcd53b6874,1,-0.62067057,326.35771490,1.62733582,0.20779628,0.24841196,oe:player:4b54bd2134c923b7b6a9bab64ef00cd,Dreampull,0.22318532,0.33471407,oe:player:981b8fcee42e1e726a67a2b9a98ea6e,Four,0.18844620,0.12247983,oe:player:01691a35fd830394e9b5565308805d9,Phlaty,0.24295418,0.24071929,oe:player:90704735ca9fc01f2244f23f6e5d635,Shiganari,0.21624088,0.24539155,oe:player:74f3f60a44ee916ecc257a5381be756,Lekcyc,0.12917343,0.05669526
ESPORTSTMNT06/1180806,2020-04-19,2020,Spring,10.07,oe:team:418bd4b8f699d70c4509d7f9c768a3a,Gambit Esports,lineup-9f4f8e77185e5361,0,0.58109310,528.37829210,1.60415004,0.21170534,0.29585279,oe:player:9d8f178040611a073608bf5fc51768c,Doxy,0.23781881,0.25176948,oe:player:1c7db660fc268b1d2747939129d6101,Diamondprox,0.18499226,0.18762405,oe:player:2096ff50c6496d70e4b39793390c9ce,Sencux,0.26453014,0.43260560,oe:player:887bf3ec60709542db51245b16e2081,Lodik,0.18851214,0.09500376,oe:player:243f63354f4c1cc25d50f6269b84436,Edward,0.12414664,0.03299711
ESPORTSTMNT06/1180806,2020-04-19,2020,Spring,10.07,oe:team:d00921d1fc09960415443f591cb6160,RoX,lineup-da676ebcd53b6874,1,0.18584461,449.14285714,1.52753392,0.21108522,0.24411628,oe:player:4b54bd2134c923b7b6a9bab64ef00cd,Dreampull,0.22388420,0.11780886,oe:player:981b8fcee42e1e726a67a2b9a98ea6e,Four,0.16768530,0.09416180,oe:player:01691a35fd830394e9b5565308805d9,Phlaty,0.19048385,0.26196213,oe:player:90704735ca9fc01f2244f23f6e5d635,Shiganari,0.27686637,0.34780801,oe:player:74f3f60a44ee916ecc257a5381be756,Lekcyc,0.14108028,0.17825920
ESPORTSTMNT06/1270376,2020-07-05,2020,Summer,10.13,oe:team:ba0e5d60413f9eda6ffb0cb0e0ee531,CrowCrowd,lineup-890a9eab1ff23dd8,1,0.49789987,474.31790296,1.50585611,0.20801668,0.23718835,oe:player:e56057e00946fc9dd59e49ac9adbb21,NoNholy,0.20776341,0.15770908,oe:player:2255ff4942064b8bcd54c7f27267683,MxDragon,0.19746222,0.15933174,oe:player:be877a261fb0c3a320db45091bdefec,XoNix,0.23629635,0.36666620,oe:player:bf6e04b833d34652f7777f5381ea5c3,Haninger,0.23295358,0.19325253,oe:player:8eba84e3213421c5bb552410640869c,Skash,0.12552444,0.12304045
ESPORTSTMNT06/1270376,2020-07-05,2020,Summer,10.13,oe:team:d00921d1fc09960415443f591cb6160,RoX,lineup-0a3f0315f72be4e9,0,-0.33396548,357.26938093,1.19129950,0.20793657,0.25919076,oe:player:217223858c21837232ac5f4f80f5150,Ques,0.20655193,0.18995167,oe:player:53d4675b1a04c392f05527482e5c937,Soul,0.19312826,0.31351392,oe:player:40a769de6d1e052f6f50847a401a4f2,Keysie,0.21393705,0.08826945,oe:player:3d7d052a031e864ee9c1b04b5a4d0f1,MyKey,0.25467093,0.33391405,oe:player:4133a5db607886ab7d940079cf80e98,Miracle,0.13171183,0.07435090
ESPORTSTMNT06/1270381,2020-07-05,2020,Summer,10.13,oe:team:0d5a4462c2d79495e2e236cdaf8a360,Elements Pro Gaming,lineup-a8c754e8dfeb0197,0,-0.54665184,236.82719547,0.80453258,0.20354266,0.22163267,oe:player:24abb8f1ed61411f16f17091cf3683d,Kira,0.20193148,0.28205742,oe:player:80932fb9a9194e06d140ab59c7453a9,Anechek,0.23677309,0.17224880,oe:player:dc1ae587a62c6f7c533fa9727e92e77,Jewish Gap,0.21487741,0.22507177,oe:player:aba9be14ceb7a6cbfabb24d2c16fd31,selfdestruct,0.18948508,0.23224880,oe:player:8cf3c0f57dad7b8c99e87fa6cdecc22,CblpHuK,0.15693294,0.08837321
ESPORTSTMNT06/1270381,2020-07-05,2020,Summer,10.13,oe:team:e84133caa1e561518201cc7d33f14ed,Unicorns of Love.CIS,lineup-30b555bbbf7062cf,1,-0.46254409,416.62322946,0.81586402,0.20193168,0.25276877,oe:player:2c8efc1ed4a1fd3a51dbd7e29d8ea6c,BOSS,0.18297850,0.17798569,oe:player:63d4c2d98c6654867a62dbaa41d3379,AHaHaCiK,0.20608802,0.10123208,oe:player:3587454d4910f0665e2fda36ad2e91c,Nomanz,0.22529829,0.38958849,oe:player:71a0da2a0d53879bffd88b072d4c593,Gadget,0.21357457,0.21152120,oe:player:92ffbe9070b1c1b1f6717158e1d35ff,SaNTaS,0.17206062,0.11967253
ESPORTSTMNT06/1270392,2020-07-05,2020,Summer,10.13,oe:team:95fa2bbc5eb242e7c3243c3467e32f3,Vega Squadron,lineup-82fea03e346e4345,0,-0.15054500,345.16363636,1.43636364,0.20867829,0.23100276,oe:player:bb01f1375d11d9448d1d5653169f666,Shellkunchik,0.19308903,0.18441846,oe:player:b436ae77e934596896a9a7ab163c4de,Rein,0.19508145,0.20459334,oe:player:1e5e1047837e8be1dc45d1f0103fa11,Griffon,0.25962027,0.29825116,oe:player:4504a10c633f886522c674b25720864,Mytant,0.22031879,0.24931521,oe:player:92cf30af7adcb96fb33693e86e976d1,WildHeart,0.13189046,0.06342183
ESPORTSTMNT06/1270392,2020-07-05,2020,Summer,10.13,oe:team:e8d370a0e90adebb0571ec096375906,Dragon Army,lineup-dc24871ffe23222b,1,-0.37136868,390.18181818,1.61818182,0.20979796,0.24543531,oe:player:9924638276d9e5a1ef1ac4a85d9daf4,Aoi Haru,0.23016707,0.21317179,oe:player:883f7eebf15a40d54b44e2116d7bc9c,ItsCortez,0.17715889,0.14998447,oe:player:83e8cd90b8f749d97144c0bb4fed90c,Arnax,0.19563790,0.27778813,oe:player:6c152faa4bbca9a007fc7c608b6583a,MDB,0.26310434,0.31345138,oe:player:fd2b2449dcb232ae3130a511350b6e9,Dimonko,0.13393180,0.04560422
ESPORTSTMNT06/1270665,2020-07-11,2020,Summer,10.13,oe:team:418bd4b8f699d70c4509d7f9c768a3a,Gambit Esports,lineup-748611b660f017bd,1,-0.08294628,401.05562130,1.59053254,0.20632309,0.24724675,oe:player:4b54bd2134c923b7b6a9bab64ef00cd,Dreampull,0.23801590,0.20371092,oe:player:1c7db660fc268b1d2747939129d6101,Diamondprox,0.18620303,0.11593074,oe:player:01691a35fd830394e9b5565308805d9,Phlaty,0.23248986,0.35696328,oe:player:90704735ca9fc01f2244f23f6e5d635,Shiganari,0.20345749,0.24105025,oe:player:74f3f60a44ee916ecc257a5381be756,Lekcyc,0.13983372,0.08234482
ESPORTSTMNT06/1270665,2020-07-11,2020,Summer,10.13,oe:team:e8d370a0e90adebb0571ec096375906,Dragon Army,lineup-dc24871ffe23222b,0,-0.34057456,375.08165680,1.10059172,0.20764673,0.24424624,oe:player:9924638276d9e5a1ef1ac4a85d9daf4,Aoi Haru,0.20024787,0.15330153,oe:player:883f7eebf15a40d54b44e2116d7bc9c,ItsCortez,0.19988065,0.12568151,oe:player:83e8cd90b8f749d97144c0bb4fed90c,Arnax,0.25640908,0.28273133,oe:player:6c152faa4bbca9a007fc7c608b6583a,MDB,0.20958895,0.33948584,oe:player:fd2b2449dcb232ae3130a511350b6e9,Dimonko,0.13387345,0.09879979
ESPORTSTMNT06/1270671,2020-07-11,2020,Summer,10.13,oe:team:785bf7c68fff8e64a5b17ba5972f10a,One Breath Gaming,lineup-0f5e0aeb1cab9b7f,0,-1.64380913,154.65375854,1.15489749,0.20631007,0.21668397,oe:player:83bb08a967d0acd1391834744adfde9,Smurf,0.24222969,0.26476956,oe:player:4d3c41bcc3aa6f21c8776fc1438fad5,Kreox,0.19265268,0.15960408,oe:player:89af6c0570c6f4e0f713b968f6f3830,Universe,0.20579441,0.24652026,oe:player:4563af86598cb2fa72019f547afd5c1,Kinzu,0.22215784,0.22014052,oe:player:ef6247f6656bc2ccefc0497847a00f4,Jestkui Max,0.13716537,0.10896558
ESPORTSTMNT06/1270671,2020-07-11,2020,Summer,10.13,oe:team:ba0e5d60413f9eda6ffb0cb0e0ee531,CrowCrowd,lineup-890a9eab1ff23dd8,1,-0.20516745,357.53302961,1.99544419,0.20671883,0.24477680,oe:player:e56057e00946fc9dd59e49ac9adbb21,NoNholy,0.22548372,0.14325580,oe:player:2255ff4942064b8bcd54c7f27267683,MxDragon,0.18869812,0.20168581,oe:player:be877a261fb0c3a320db45091bdefec,XoNix,0.22964644,0.20936945,oe:player:bf6e04b833d34652f7777f5381ea5c3,Haninger,0.22337556,0.36501080,oe:player:8eba84e3213421c5bb552410640869c,Skash,0.13279617,0.08067815
ESPORTSTMNT06/1270673,2020-07-11,2020,Summer,10.13,oe:team:0d5a4462c2d79495e2e236cdaf8a360,Elements Pro Gaming,lineup-f9c48e1f402b0990,0,-0.23702387,343.25214755,1.34007074,0.21047891,0.25602470,oe:player:24abb8f1ed61411f16f17091cf3683d,Kira,0.25653493,0.35185839,oe:player:80932fb9a9194e06d140ab59c7453a9,Anechek,0.18707272,0.10295365,oe:player:dc1ae587a62c6f7c533fa9727e92e77,Jewish Gap,0.23103499,0.27916549,oe:player:bb126962263d44f3a78e57c10cfd623,Unho1y,0.20370709,0.19744559,oe:player:8cf3c0f57dad7b8c99e87fa6cdecc22,CblpHuK,0.12165028,0.06857688
ESPORTSTMNT06/1270673,2020-07-11,2020,Summer,10.13,oe:team:d00921d1fc09960415443f591cb6160,RoX,lineup-0a3f0315f72be4e9,1,0.23293949,472.13542193,1.68569985,0.20562645,0.23745745,oe:player:217223858c21837232ac5f4f80f5150,Ques,0.21939617,0.30092599,oe:player:53d4675b1a04c392f05527482e5c937,Soul,0.19903590,0.18536404,oe:player:40a769de6d1e052f6f50847a401a4f2,Keysie,0.23798046,0.19770623,oe:player:3d7d052a031e864ee9c1b04b5a4d0f1,MyKey,0.20507738,0.26645518,oe:player:4133a5db607886ab7d940079cf80e98,Miracle,0.13851008,0.04954857
ESPORTSTMNT06/1270676,2020-07-11,2020,Summer,10.13,oe:team:95fa2bbc5eb242e7c3243c3467e32f3,Vega Squadron,lineup-beff17a9fa3fd8f9,0,-0.39107895,238.86950987,1.13812858,0.20785211,0.22517615,oe:player:7f1b3a3cd866a23e17542c63254d2c1,existence,0.22572015,0.15752111,oe:player:b436ae77e934596896a9a7ab163c4de,Rein,0.21052495,0.17037606,oe:player:1e5e1047837e8be1dc45d1f0103fa11,Griffon,0.23990234,0.30455359,oe:player:4504a10c633f886522c674b25720864,Mytant,0.19790124,0.25805833,oe:player:c49e01c67147c8b2580273ca5e0d261,Melekx,0.12595132,0.10949092
ESPORTSTMNT06/1270676,2020-07-11,2020,Summer,10.13,oe:team:e84133caa1e561518201cc7d33f14ed,Unicorns of Love.CIS,lineup-30b555bbbf7062cf,1,-0.74565310,355.89051560,1.50477403,0.20607974,0.27990473,oe:player:2c8efc1ed4a1fd3a51dbd7e29d8ea6c,BOSS,0.22608168,0.22598300,oe:player:63d4c2d98c6654867a62dbaa41d3379,AHaHaCiK,0.16201249,0.05550309,oe:player:3587454d4910f0665e2fda36ad2e91c,Nomanz,0.21373359,0.22211968,oe:player:71a0da2a0d53879bffd88b072d4c593,Gadget,0.24248058,0.41131525,oe:player:92ffbe9070b1c1b1f6717158e1d35ff,SaNTaS,0.15569167,0.08507898
ESPORTSTMNT06/1270719,2020-07-12,2020,Summer,10.13,oe:team:418bd4b8f699d70c4509d7f9c768a3a,Gambit Esports,lineup-748611b660f017bd,1,0.04487910,437.75248933,1.65576102,0.20686666,0.22597394,oe:player:4b54bd2134c923b7b6a9bab64ef00cd,Dreampull,0.20667386,0.20665497,oe:player:1c7db660fc268b1d2747939129d6101,Diamondprox,0.20845695,0.23457464,oe:player:01691a35fd830394e9b5565308805d9,Phlaty,0.21416584,0.18787288,oe:player:90704735ca9fc01f2244f23f6e5d635,Shiganari,0.24067248,0.29536622,oe:player:74f3f60a44ee916ecc257a5381be756,Lekcyc,0.13003087,0.07553129
ESPORTSTMNT06/1270719,2020-07-12,2020,Summer,10.13,oe:team:ba0e5d60413f9eda6ffb0cb0e0ee531,CrowCrowd,lineup-890a9eab1ff23dd8,0,0.67967578,495.65291607,1.53627312,0.20737236,0.24938896,oe:player:e56057e00946fc9dd59e49ac9adbb21,NoNholy,0.19323548,0.23287530,oe:player:2255ff4942064b8bcd54c7f27267683,MxDragon,0.18343356,0.10222590,oe:player:be877a261fb0c3a320db45091bdefec,XoNix,0.24170149,0.37941247,oe:player:bf6e04b833d34652f7777f5381ea5c3,Haninger,0.24153161,0.14154355,oe:player:8eba84e3213421c5bb552410640869c,Skash,0.14009785,0.14394279
ESPORTSTMNT06/1270731,2020-07-12,2020,Summer,10.13,oe:team:0d5a4462c2d79495e2e236cdaf8a360,Elements Pro Gaming,lineup-f9c48e1f402b0990,0,-0.43100313,342.57961783,1.22929936,0.20531629,0.22838354,oe:player:24abb8f1ed61411f16f17091cf3683d,Kira,0.20311400,0.27457470,oe:player:80932fb9a9194e06d140ab59c7453a9,Anechek,0.20056731,0.11084875,oe:player:dc1ae587a62c6f7c533fa9727e92e77,Jewish Gap,0.24856102,0.29556568,oe:player:bb126962263d44f3a78e57c10cfd623,Unho1y,0.14574102,0.19458957,oe:player:8cf3c0f57dad7b8c99e87fa6cdecc22,CblpHuK,0.20201665,0.12442131
ESPORTSTMNT06/1270731,2020-07-12,2020,Summer,10.13,oe:team:e8d370a0e90adebb0571ec096375906,Dragon Army,lineup-dc24871ffe23222b,1,0.11706257,481.14649682,1.47133758,0.20678812,0.25909451,oe:player:9924638276d9e5a1ef1ac4a85d9daf4,Aoi Haru,0.19749227,0.23153296,oe:player:883f7eebf15a40d54b44e2116d7bc9c,ItsCortez,0.20275851,0.11636219,oe:player:83e8cd90b8f749d97144c0bb4fed90c,Arnax,0.22108167,0.17715118,oe:player:6c152faa4bbca9a007fc7c608b6583a,MDB,0.24457076,0.39203071,oe:player:fd2b2449dcb232ae3130a511350b6e9,Dimonko,0.13409680,0.08292295
ESPORTSTMNT06/1270735,2020-07-12,2020,Summer,10.13,oe:team:d00921d1fc09960415443f591cb6160,RoX,lineup-0a3f0315f72be4e9,0,-0.35472617,344.53667263,1.30948122,0.20927972,0.25839611,oe:player:217223858c21837232ac5f4f80f5150,Ques,0.26111306,0.20108413,oe:player:53d4675b1a04c392f05527482e5c937,Soul,0.20396016,0.18058527,oe:player:40a769de6d1e052f6f50847a401a4f2,Keysie,0.19264206,0.38339322,oe:player:3d7d052a031e864ee9c1b04b5a4d0f1,MyKey,0.21478617,0.19082432,oe:player:4133a5db607886ab7d940079cf80e98,Miracle,0.12749854,0.04411307
ESPORTSTMNT06/1270735,2020-07-12,2020,Summer,10.13,oe:team:e84133caa1e561518201cc7d33f14ed,Unicorns of Love.CIS,lineup-30b555bbbf7062cf,1,-0.30626177,430.89087657,1.32379249,0.20573625,0.27687451,oe:player:2c8efc1ed4a1fd3a51dbd7e29d8ea6c,BOSS,0.18059974,0.10985270,oe:player:63d4c2d98c6654867a62dbaa41d3379,AHaHaCiK,0.19189428,0.12003255,oe:player:3587454d4910f0665e2fda36ad2e91c,Nomanz,0.22014946,0.38907617,oe:player:71a0da2a0d53879bffd88b072d4c593,Gadget,0.25297894,0.30546191,oe:player:92ffbe9070b1c1b1f6717158e1d35ff,SaNTaS,0.15437758,0.07557666
ESPORTSTMNT06/1270736,2020-07-12,2020,Summer,10.13,oe:team:785bf7c68fff8e64a5b17ba5972f10a,One Breath Gaming,lineup-0f5e0aeb1cab9b7f,1,-0.54379097,355.34200260,1.43563069,0.20266885,0.34043306,oe:player:83bb08a967d0acd1391834744adfde9,Smurf,0.21591520,0.11450717,oe:player:4d3c41bcc3aa6f21c8776fc1438fad5,Kreox,0.19706720,0.09972993,oe:player:89af6c0570c6f4e0f713b968f6f3830,Universe,0.21938196,0.53270536,oe:player:4563af86598cb2fa72019f547afd5c1,Kinzu,0.21127294,0.15464506,oe:player:ef6247f6656bc2ccefc0497847a00f4,Jestkui Max,0.15636269,0.09841249
ESPORTSTMNT06/1270736,2020-07-12,2020,Summer,10.13,oe:team:95fa2bbc5eb242e7c3243c3467e32f3,Vega Squadron,lineup-beff17a9fa3fd8f9,0,-0.98450002,173.97659298,1.13133940,0.20843731,0.30251280,oe:player:7f1b3a3cd866a23e17542c63254d2c1,existence,0.23421458,0.21871917,oe:player:b436ae77e934596896a9a7ab163c4de,Rein,0.17526927,0.07148623,oe:player:1e5e1047837e8be1dc45d1f0103fa11,Griffon,0.20363687,0.24087362,oe:player:4504a10c633f886522c674b25720864,Mytant,0.25069240,0.43645170,oe:player:c49e01c67147c8b2580273ca5e0d261,Melekx,0.13618688,0.03246928
ESPORTSTMNT06/1300347,2020-07-04,2020,Summer,10.13,oe:team:ba0e5d60413f9eda6ffb0cb0e0ee531,CrowCrowd,lineup-890a9eab1ff23dd8,1,-0.57618941,335.20198511,1.63771712,0.20498396,0.22937241,oe:player:e56057e00946fc9dd59e49ac9adbb21,NoNholy,0.21064408,0.23794549,oe:player:2255ff4942064b8bcd54c7f27267683,MxDragon,0.18260655,0.09192339,oe:player:be877a261fb0c3a320db45091bdefec,XoNix,0.25104157,0.31501617,oe:player:bf6e04b833d34652f7777f5381ea5c3,Haninger,0.15569546,0.20930604,oe:player:8eba84e3213421c5bb552410640869c,Skash,0.20001234,0.14580890
ESPORTSTMNT06/1300347,2020-07-04,2020,Summer,10.13,oe:team:e8d370a0e90adebb0571ec096375906,Dragon Army,lineup-dc24871ffe23222b,0,-0.85973978,305.41339950,1.17915633,0.20677888,0.24716419,oe:player:9924638276d9e5a1ef1ac4a85d9daf4,Aoi Haru,0.21789130,0.18606193,oe:player:883f7eebf15a40d54b44e2116d7bc9c,ItsCortez,0.19430162,0.10057718,oe:player:83e8cd90b8f749d97144c0bb4fed90c,Arnax,0.23562043,0.31789642,oe:player:6c152faa4bbca9a007fc7c608b6583a,MDB,0.22089530,0.30537790,oe:player:fd2b2449dcb232ae3130a511350b6e9,Dimonko,0.13129135,0.09008658
ESPORTSTMNT06/1300364,2020-07-04,2020,Summer,10.13,oe:team:0d5a4462c2d79495e2e236cdaf8a360,Elements Pro Gaming,lineup-f9c48e1f402b0990,0,-0.11743453,314.57002725,1.30136240,0.21109685,0.28416398,oe:player:24abb8f1ed61411f16f17091cf3683d,Kira,0.25276962,0.38931044,oe:player:80932fb9a9194e06d140ab59c7453a9,Anechek,0.16964879,0.07481862,oe:player:dc1ae587a62c6f7c533fa9727e92e77,Jewish Gap,0.24606253,0.29503357,oe:player:bb126962263d44f3a78e57c10cfd623,Unho1y,0.20399854,0.19443694,oe:player:8cf3c0f57dad7b8c99e87fa6cdecc22,CblpHuK,0.12752052,0.04640043
ESPORTSTMNT06/1300364,2020-07-04,2020,Summer,10.13,oe:team:785bf7c68fff8e64a5b17ba5972f10a,One Breath Gaming,lineup-0f5e0aeb1cab9b7f,1,0.35353343,497.85286104,1.31444142,0.20648581,0.27328502,oe:player:83bb08a967d0acd1391834744adfde9,Smurf,0.18137171,0.13911730,oe:player:4d3c41bcc3aa6f21c8776fc1438fad5,Kreox,0.21130268,0.15749376,oe:player:89af6c0570c6f4e0f713b968f6f3830,Universe,0.25102174,0.42012347,oe:player:4563af86598cb2fa72019f547afd5c1,Kinzu,0.21317443,0.22070143,oe:player:ef6247f6656bc2ccefc0497847a00f4,Jestkui Max,0.14312944,0.06256404
ESPORTSTMNT06/1300370,2020-07-04,2020,Summer,10.13,oe:team:418bd4b8f699d70c4509d7f9c768a3a,Gambit Esports,lineup-748611b660f017bd,0,0.17209006,370.31928783,1.50267062,0.20653635,0.20649156,oe:player:4b54bd2134c923b7b6a9bab64ef00cd,Dreampull,0.22016332,0.18652282,oe:player:1c7db660fc268b1d2747939129d6101,Diamondprox,0.20419060,0.19686917,oe:player:01691a35fd830394e9b5565308805d9,Phlaty,0.23301777,0.24606242,oe:player:90704735ca9fc01f2244f23f6e5d635,Shiganari,0.21240129,0.22854286,oe:player:74f3f60a44ee916ecc257a5381be756,Lekcyc,0.13022703,0.14200273
ESPORTSTMNT06/1300370,2020-07-04,2020,Summer,10.13,oe:team:e84133caa1e561518201cc7d33f14ed,Unicorns of Love.CIS,lineup-30b555bbbf7062cf,1,-0.59402135,375.74599407,1.58100890,0.21228041,0.27034064,oe:player:2c8efc1ed4a1fd3a51dbd7e29d8ea6c,BOSS,0.19133645,0.14351510,oe:player:63d4c2d98c6654867a62dbaa41d3379,AHaHaCiK,0.16732082,0.10358030,oe:player:3587454d4910f0665e2fda36ad2e91c,Nomanz,0.25574852,0.33655541,oe:player:71a0da2a0d53879bffd88b072d4c593,Gadget,0.25574852,0.34794640,oe:player:92ffbe9070b1c1b1f6717158e1d35ff,SaNTaS,0.12984569,0.06840280
ESPORTSTMNT06/1300376,2020-07-04,2020,Summer,10.13,oe:team:95fa2bbc5eb242e7c3243c3467e32f3,Vega Squadron,lineup-82fea03e346e4345,0,-0.43980565,258.56972328,1.31524688,0.20991658,0.27333586,oe:player:bb01f1375d11d9448d1d5653169f666,Shellkunchik,0.21686157,0.23892023,oe:player:b436ae77e934596896a9a7ab163c4de,Rein,0.18224912,0.11193090,oe:player:1e5e1047837e8be1dc45d1f0103fa11,Griffon,0.26522497,0.41853848,oe:player:4504a10c633f886522c674b25720864,Mytant,0.20651897,0.14660556,oe:player:92cf30af7adcb96fb33693e86e976d1,WildHeart,0.12914536,0.08400483
ESPORTSTMNT06/1300376,2020-07-04,2020,Summer,10.13,oe:team:d00921d1fc09960415443f591cb6160,RoX,lineup-0a3f0315f72be4e9,1,-0.24105148,379.29245795,1.58871405,0.20373846,0.23090549,oe:player:217223858c21837232ac5f4f80f5150,Ques,0.21877437,0.22156799,oe:player:53d4675b1a04c392f05527482e5c937,Soul,0.18447472,0.12495494,oe:player:40a769de6d1e052f6f50847a401a4f2,Keysie,0.22886348,0.32722778,oe:player:3d7d052a031e864ee9c1b04b5a4d0f1,MyKey,0.21391235,0.21744803,oe:player:4133a5db607886ab7d940079cf80e98,Miracle,0.15397508,0.10880126
ESPORTSTMNT06/1300414,2020-07-05,2020,Summer,10.13,oe:team:418bd4b8f699d70c4509d7f9c768a3a,Gambit Esports,lineup-748611b660f017bd,1,-0.03220281,379.35991262,1.23866739,0.20688094,0.26132651,oe:player:4b54bd2134c923b7b6a9bab64ef00cd,Dreampull,0.21082671,0.20767397,oe:player:1c7db660fc268b1d2747939129d6101,Diamondprox,0.20036289,0.15384217,oe:player:01691a35fd830394e9b5565308805d9,Phlaty,0.21510737,0.21753853,oe:player:90704735ca9fc01f2244f23f6e5d635,Shiganari,0.24248243,0.38165987,oe:player:74f3f60a44ee916ecc257a5381be756,Lekcyc,0.13122060,0.03928547
ESPORTSTMNT06/1300414,2020-07-05,2020,Summer,10.13,oe:team:785bf7c68fff8e64a5b17ba5972f10a,One Breath Gaming,lineup-0f5e0aeb1cab9b7f,0,-0.62633221,314.77225560,0.93719279,0.21260451,0.25399621,oe:player:83bb08a967d0acd1391834744adfde9,Smurf,0.20249864,0.20785359,oe:player:4d3c41bcc3aa6f21c8776fc1438fad5,Kreox,0.17127602,0.12661101,oe:player:89af6c0570c6f4e0f713b968f6f3830,Universe,0.27113836,0.35511878,oe:player:4563af86598cb2fa72019f547afd5c1,Kinzu,0.23094732,0.25638677,oe:player:ef6247f6656bc2ccefc0497847a00f4,Jestkui Max,0.12413966,0.05402986
ESPORTSTMNT06/1310099,2020-08-15,2020,Summer,10.16,oe:team:785bf7c68fff8e64a5b17ba5972f10a,One Breath Gaming,lineup-0f5e0aeb1cab9b7f,0,-0.23786439,297.96576477,1.21258973,0.20719217,0.24928369,oe:player:83bb08a967d0acd1391834744adfde9,Smurf,0.22724179,0.36081213,oe:player:4d3c41bcc3aa6f21c8776fc1438fad5,Kreox,0.20580228,0.13489593,oe:player:89af6c0570c6f4e0f713b968f6f3830,Universe,0.22135018,0.13327255,oe:player:4563af86598cb2fa72019f547afd5c1,Kinzu,0.22013783,0.27010318,oe:player:ef6247f6656bc2ccefc0497847a00f4,Jestkui Max,0.12546793,0.10091621
ESPORTSTMNT06/1310099,2020-08-15,2020,Summer,10.16,oe:team:e84133caa1e561518201cc7d33f14ed,Unicorns of Love.CIS,lineup-30b555bbbf7062cf,1,-0.24695855,369.72722253,1.30535616,0.20819154,0.21742524,oe:player:2c8efc1ed4a1fd3a51dbd7e29d8ea6c,BOSS,0.25182995,0.27212445,oe:player:63d4c2d98c6654867a62dbaa41d3379,AHaHaCiK,0.18611340,0.17238969,oe:player:3587454d4910f0665e2fda36ad2e91c,Nomanz,0.21582885,0.21538406,oe:player:71a0da2a0d53879bffd88b072d4c593,Gadget,0.21563495,0.23871823,oe:player:92ffbe9070b1c1b1f6717158e1d35ff,SaNTaS,0.13059285,0.10138356
ESPORTSTMNT06/1310104,2020-08-15,2020,Summer,10.16,oe:team:785bf7c68fff8e64a5b17ba5972f10a,One Breath Gaming,lineup-0f5e0aeb1cab9b7f,0,-0.54443238,265.03373494,1.20000000,0.20483356,0.22780233,oe:player:83bb08a967d0acd1391834744adfde9,Smurf,0.21864858,0.19971088,oe:player:4d3c41bcc3aa6f21c8776fc1438fad5,Kreox,0.21028469,0.28181000,oe:player:89af6c0570c6f4e0f713b968f6f3830,Universe,0.20297617,0.21924011,oe:player:4563af86598cb2fa72019f547afd5c1,Kinzu,0.22798871,0.23811472,oe:player:ef6247f6656bc2ccefc0497847a00f4,Jestkui Max,0.14010184,0.06112429
ESPORTSTMNT06/1310104,2020-08-15,2020,Summer,10.16,oe:team:e84133caa1e561518201cc7d33f14ed,Unicorns of Love.CIS,lineup-30b555bbbf7062cf,1,-0.46516921,384.54216867,1.39518072,0.20846995,0.26903281,oe:player:2c8efc1ed4a1fd3a51dbd7e29d8ea6c,BOSS,0.19996488,0.12608328,oe:player:63d4c2d98c6654867a62dbaa41d3379,AHaHaCiK,0.17889130,0.16698938,oe:player:3587454d4910f0665e2fda36ad2e91c,Nomanz,0.25854163,0.39291287,oe:player:71a0da2a0d53879bffd88b072d4c593,Gadget,0.22544830,0.26085158,oe:player:92ffbe9070b1c1b1f6717158e1d35ff,SaNTaS,0.13715390,0.05316289
ESPORTSTMNT06/1320068,2020-08-15,2020,Summer,10.16,oe:team:785bf7c68fff8e64a5b17ba5972f10a,One Breath Gaming,lineup-0f5e0aeb1cab9b7f,0,0.05264375,358.59183673,1.13265306,0.20596127,0.23049159,oe:player:83bb08a967d0acd1391834744adfde9,Smurf,0.25656627,0.31278812,oe:player:4d3c41bcc3aa6f21c8776fc1438fad5,Kreox,0.20120037,0.13663138,oe:player:89af6c0570c6f4e0f713b968f6f3830,Universe,0.18864600,0.22844460,oe:player:4563af86598cb2fa72019f547afd5c1,Kinzu,0.20466935,0.23147516,oe:player:ef6247f6656bc2ccefc0497847a00f4,Jestkui Max,0.14891801,0.09066075
ESPORTSTMNT06/1320068,2020-08-15,2020,Summer,10.16,oe:team:e84133caa1e561518201cc7d33f14ed,Unicorns of Love.CIS,lineup-30b555bbbf7062cf,1,0.20348166,463.01020408,1.23214286,0.20598412,0.24198692,oe:player:2c8efc1ed4a1fd3a51dbd7e29d8ea6c,BOSS,0.22026448,0.15026446,oe:player:63d4c2d98c6654867a62dbaa41d3379,AHaHaCiK,0.20253306,0.15975207,oe:player:3587454d4910f0665e2fda36ad2e91c,Nomanz,0.23620786,0.36357025,oe:player:71a0da2a0d53879bffd88b072d4c593,Gadget,0.20596014,0.22813223,oe:player:92ffbe9070b1c1b1f6717158e1d35ff,SaNTaS,0.13503446,0.09828099
ESPORTSTMNT06/1320126,2020-08-16,2020,Summer,10.16,oe:team:418bd4b8f699d70c4509d7f9c768a3a,Gambit Esports,lineup-748611b660f017bd,1,0.50427965,459.60065826,1.53373560,0.20655759,0.23544539,oe:player:4b54bd2134c923b7b6a9bab64ef00cd,Dreampull,0.20402613,0.20336289,oe:player:1c7db660fc268b1d2747939129d6101,Diamondprox,0.19893095,0.19014337,oe:player:01691a35fd830394e9b5565308805d9,Phlaty,0.20351036,0.16959081,oe:player:90704735ca9fc01f2244f23f6e5d635,Shiganari,0.25380576,0.34831927,oe:player:74f3f60a44ee916ecc257a5381be756,Lekcyc,0.13972680,0.08858366
ESPORTSTMNT06/1320126,2020-08-16,2020,Summer,10.16,oe:team:ba0e5d60413f9eda6ffb0cb0e0ee531,CrowCrowd,lineup-890a9eab1ff23dd8,0,-0.29920506,302.60010971,1.07295666,0.21096057,0.22638992,oe:player:e56057e00946fc9dd59e49ac9adbb21,NoNholy,0.23117547,0.30752665,oe:player:2255ff4942064b8bcd54c7f27267683,MxDragon,0.19927598,0.16003916,oe:player:be877a261fb0c3a320db45091bdefec,XoNix,0.27012351,0.26458560,oe:player:bf6e04b833d34652f7777f5381ea5c3,Haninger,0.15227853,0.12112247,oe:player:8eba84e3213421c5bb552410640869c,Skash,0.14714651,0.14672613
ESPORTSTMNT06/1320149,2020-08-16,2020,Summer,10.16,oe:team:418bd4b8f699d70c4509d7f9c768a3a,Gambit Esports,lineup-748611b660f017bd,1,0.21672988,428.97168030,1.23096287,0.20855015,0.24325300,oe:player:4b54bd2134c923b7b6a9bab64ef00cd,Dreampull,0.21080136,0.19792969,oe:player:1c7db660fc268b1d2747939129d6101,Diamondprox,0.19805532,0.17793074,oe:player:01691a35fd830394e9b5565308805d9,Phlaty,0.21562665,0.14476348,oe:player:90704735ca9fc01f2244f23f6e5d635,Shiganari,0.25055081,0.37489217,oe:player:74f3f60a44ee916ecc257a5381be756,Lekcyc,0.12496586,0.10448392
ESPORTSTMNT06/1320149,2020-08-16,2020,Summer,10.16,oe:team:ba0e5d60413f9eda6ffb0cb0e0ee531,CrowCrowd,lineup-890a9eab1ff23dd8,0,-0.72117430,302.09943361,0.95909377,0.20566533,0.23769572,oe:player:e56057e00946fc9dd59e49ac9adbb21,NoNholy,0.20042443,0.25943054,oe:player:2255ff4942064b8bcd54c7f27267683,MxDragon,0.17676649,0.09826763,oe:player:be877a261fb0c3a320db45091bdefec,XoNix,0.23010820,0.23905707,oe:player:bf6e04b833d34652f7777f5381ea5c3,Haninger,0.24213367,0.30717696,oe:player:8eba84e3213421c5bb552410640869c,Skash,0.15056721,0.09606779
ESPORTSTMNT06/1320156,2020-08-16,2020,Summer,10.16,oe:team:418bd4b8f699d70c4509d7f9c768a3a,Gambit Esports,lineup-748611b660f017bd,1,0.25724228,403.25144844,1.23059096,0.20707465,0.20851609,oe:player:4b54bd2134c923b7b6a9bab64ef00cd,Dreampull,0.21042985,0.23301322,oe:player:1c7db660fc268b1d2747939129d6101,Diamondprox,0.18790645,0.15830762,oe:player:01691a35fd830394e9b5565308805d9,Phlaty,0.24388009,0.26054723,oe:player:90704735ca9fc01f2244f23f6e5d635,Shiganari,0.22363018,0.19246220,oe:player:74f3f60a44ee916ecc257a5381be756,Lekcyc,0.13415343,0.15566973
ESPORTSTMNT06/1320156,2020-08-16,2020,Summer,10.16,oe:team:ba0e5d60413f9eda6ffb0cb0e0ee531,CrowCrowd,lineup-890a9eab1ff23dd8,0,-0.02156162,382.34530707,1.23754345,0.20536803,0.21722526,oe:player:e56057e00946fc9dd59e49ac9adbb21,NoNholy,0.23086107,0.26557443,oe:player:2255ff4942064b8bcd54c7f27267683,MxDragon,0.17711125,0.11599447,oe:player:be877a261fb0c3a320db45091bdefec,XoNix,0.23008138,0.26479252,oe:player:bf6e04b833d34652f7777f5381ea5c3,Haninger,0.21460942,0.19407572,oe:player:8eba84e3213421c5bb552410640869c,Skash,0.14733687,0.15956286
ESPORTSTMNT06/1320751,2020-08-30,2020,Summer,10.16,oe:team:418bd4b8f699d70c4509d7f9c768a3a,Gambit Esports,lineup-748611b660f017bd,0,-0.52696253,251.02890173,1.75722543,0.20572527,0.25561629,oe:player:4b54bd2134c923b7b6a9bab64ef00cd,Dreampull,0.21448814,0.24636179,oe:player:1c7db660fc268b1d2747939129d6101,Diamondprox,0.22981471,0.33837616,oe:player:01691a35fd830394e9b5565308805d9,Phlaty,0.20719376,0.25333886,oe:player:90704735ca9fc01f2244f23f6e5d635,Shiganari,0.21455521,0.12054435,oe:player:74f3f60a44ee916ecc257a5381be756,Lekcyc,0.13394818,0.04137883
ESPORTSTMNT06/1320751,2020-08-30,2020,Summer,10.16,oe:team:e84133caa1e561518201cc7d33f14ed,Unicorns of Love.CIS,lineup-30b555bbbf7062cf,1,-0.45698840,342.64161850,1.49132948,0.20396156,0.21798813,oe:player:2c8efc1ed4a1fd3a51dbd7e29d8ea6c,BOSS,0.20138112,0.17725256,oe:player:63d4c2d98c6654867a62dbaa41d3379,AHaHaCiK,0.21290694,0.21920812,oe:player:3587454d4910f0665e2fda36ad2e91c,Nomanz,0.24506741,0.30703308,oe:player:71a0da2a0d53879bffd88b072d4c593,Gadget,0.17079908,0.16029826,oe:player:92ffbe9070b1c1b1f6717158e1d35ff,SaNTaS,0.16984545,0.13620797
ESPORTSTMNT06/1320757,2020-08-30,2020,Summer,10.16,oe:team:418bd4b8f699d70c4509d7f9c768a3a,Gambit Esports,lineup-748611b660f017bd,1,0.29622767,433.97372570,1.62059905,0.20790120,0.24559753,oe:player:4b54bd2134c923b7b6a9bab64ef00cd,Dreampull,0.22713659,0.15309281,oe:player:1c7db660fc268b1d2747939129d6101,Diamondprox,0.19276311,0.14780372,oe:player:01691a35fd830394e9b5565308805d9,Phlaty,0.24421885,0.31933567,oe:player:90704735ca9fc01f2244f23f6e5d635,Shiganari,0.20732047,0.30439837,oe:player:74f3f60a44ee916ecc257a5381be756,Lekcyc,0.12856098,0.07536944
ESPORTSTMNT06/1320757,2020-08-30,2020,Summer,10.16,oe:team:e84133caa1e561518201cc7d33f14ed,Unicorns of Love.CIS,lineup-30b555bbbf7062cf,0,-0.79850871,316.29427220,1.14135575,0.20893673,0.28789596,oe:player:2c8efc1ed4a1fd3a51dbd7e29d8ea6c,BOSS,0.20495749,0.08875775,oe:player:63d4c2d98c6654867a62dbaa41d3379,AHaHaCiK,0.18428362,0.09202735,oe:player:3587454d4910f0665e2fda36ad2e91c,Nomanz,0.25470198,0.38443749,oe:player:71a0da2a0d53879bffd88b072d4c593,Gadget,0.22654312,0.33830419,oe:player:92ffbe9070b1c1b1f6717158e1d35ff,SaNTaS,0.12951379,0.09647322
ESPORTSTMNT06/1320763,2020-08-30,2020,Summer,10.16,oe:team:418bd4b8f699d70c4509d7f9c768a3a,Gambit Esports,lineup-748611b660f017bd,0,-0.69089177,254.15457788,1.09155767,0.20537371,0.29143414,oe:player:4b54bd2134c923b7b6a9bab64ef00cd,Dreampull,0.22377513,0.23722771,oe:player:1c7db660fc268b1d2747939129d6101,Diamondprox,0.20128394,0.09145520,oe:player:01691a35fd830394e9b5565308805d9,Phlaty,0.21795729,0.17440490,oe:player:90704735ca9fc01f2244f23f6e5d635,Shiganari,0.22067674,0.43939479,oe:player:74f3f60a44ee916ecc257a5381be756,Lekcyc,0.13630690,0.05751740
ESPORTSTMNT06/1320763,2020-08-30,2020,Summer,10.16,oe:team:e84133caa1e561518201cc7d33f14ed,Unicorns of Love.CIS,lineup-30b555bbbf7062cf,1,-0.10525761,427.99762188,1.44827586,0.20632784,0.23304134,oe:player:2c8efc1ed4a1fd3a51dbd7e29d8ea6c,BOSS,0.19018738,0.15805704,oe:player:63d4c2d98c6654867a62dbaa41d3379,AHaHaCiK,0.21691844,0.23726892,oe:player:3587454d4910f0665e2fda36ad2e91c,Nomanz,0.21781696,0.24570352,oe:player:71a0da2a0d53879bffd88b072d4c593,Gadget,0.23910073,0.29559434,oe:player:92ffbe9070b1c1b1f6717158e1d35ff,SaNTaS,0.13597649,0.06337617
ESPORTSTMNT06/1320770,2020-08-30,2020,Summer,10.16,oe:team:418bd4b8f699d70c4509d7f9c768a3a,Gambit Esports,lineup-748611b660f017bd,0,0.27359680,382.99445061,1.21198668,0.21400438,0.24399958,oe:player:4b54bd2134c923b7b6a9bab64ef00cd,Dreampull,0.24735943,0.29033436,oe:player:1c7db660fc268b1d2747939129d6101,Diamondprox,0.16601811,0.11545216,oe:player:01691a35fd830394e9b5565308805d9,Phlaty,0.26707433,0.32220541,oe:player:90704735ca9fc01f2244f23f6e5d635,Shiganari,0.19766518,0.18875732,oe:player:74f3f60a44ee916ecc257a5381be756,Lekcyc,0.12188294,0.08325074
ESPORTSTMNT06/1320770,2020-08-30,2020,Summer,10.16,oe:team:e84133caa1e561518201cc7d33f14ed,Unicorns of Love.CIS,lineup-30b555bbbf7062cf,1,-0.07901254,472.91453940,1.43174251,0.20867747,0.24475827,oe:player:2c8efc1ed4a1fd3a51dbd7e29d8ea6c,BOSS,0.17939339,0.16120311,oe:player:63d4c2d98c6654867a62dbaa41d3379,AHaHaCiK,0.23450914,0.23789005,oe:player:3587454d4910f0665e2fda36ad2e91c,Nomanz,0.22996626,0.20539033,oe:player:71a0da2a0d53879bffd88b072d4c593,Gadget,0.22906437,0.34228906,oe:player:92ffbe9070b1c1b1f6717158e1d35ff,SaNTaS,0.12706684,0.05322744
