player_id,player,team_id,team,role,day,n_games,actual_dpm,expected_dpm,adjusted_impact
oe:player:0032540b0e42463aeb1541643e9a2a4,Unbannedx,oe:team:e82c09af2170776b35900be0ac82aa7,Campus Party Sparks,bot,2020-05-27,1,537.29142857,514.31404787,0.11470030
oe:player:0032540b0e42463aeb1541643e9a2a4,Unbannedx,oe:team:e82c09af2170776b35900be0ac82aa7,Campus Party Sparks,bot,2020-05-28,1,1049.04138292,490.39256165,2.78870714
oe:player:0032540b0e42463aeb1541643e9a2a4,Unbannedx,oe:team:e82c09af2170776b35900be0ac82aa7,Campus Party Sparks,bot,2020-06-03,1,835.13736264,524.00165187,1.55315172
oe:player:0032540b0e42463aeb1541643e9a2a4,Unbannedx,oe:team:e82c09af2170776b35900be0ac82aa7,Campus Party Sparks,bot,2020-06-04,1,434.81646274,471.78334262,-0.18453418
oe:player:0032540b0e42463aeb1541643e9a2a4,Unbannedx,oe:team:e82c09af2170776b35900be0ac82aa7,Campus Party Sparks,bot,2020-06-10,1,404.27430719,487.17883411,-0.41384934
oe:player:0032540b0e42463aeb1541643e9a2a4,Unbannedx,oe:team:e82c09af2170776b35900be0ac82aa7,Campus Party Sparks,bot,2020-06-11,1,277.59223301,492.30587844,-1.07182447
oe:player:0032540b0e42463aeb1541643e9a2a4,Unbannedx,oe:team:e82c09af2170776b35900be0ac82aa7,Campus Party Sparks,bot,2020-06-17,1,208.36012862,440.57084741,-1.13336843
oe:player:0032540b0e42463aeb1541643e9a2a4,Unbannedx,oe:team:e82c09af2170776b35900be0ac82aa7,Campus Party Sparks,bot,2020-06-18,1,423.03727566,486.16818059,-0.30812779
oe:player:0032540b0e42463aeb1541643e9a2a4,Unbannedx,oe:team:e82c09af2170776b35900be0ac82aa7,Campus Party Sparks,bot,2020-06-24,1,897.67764298,499.48953818,1.94346682
oe:player:0032540b0e42463aeb1541643e9a2a4,Unbannedx,oe:team:e82c09af2170776b35900be0ac82aa7,Campus Party Sparks,bot,2020-06-25,1,631.22216187,554.78795305,0.37305823
oe:player:0032540b0e42463aeb1541643e9a2a4,Unbannedx,oe:team:e82c09af2170776b35900be0ac82aa7,Campus Party Sparks,bot,2020-07-01,1,502.38842975,546.06245967,-0.21316314
oe:player:0032540b0e42463aeb1541643e9a2a4,Unbannedx,oe:team:e82c09af2170776b35900be0ac82aa7,Campus Party Sparks,bot,2020-07-02,1,266.04861504,531.43342555,-1.29528373
oe:player:0032540b0e42463aeb1541643e9a2a4,Unbannedx,oe:team:e82c09af2170776b35900be0ac82aa7,Campus Party Sparks,bot,2020-07-08,1,250.82156611,451.78756600,-0.98086997
oe:player:0032540b0e42463aeb1541643e9a2a4,Unbannedx,oe:team:e82c09af2170776b35900be0ac82aa7,Campus Party Sparks,bot,2020-07-09,1,205.98773006,443.67755637,-1.16011073
oe:player:0032540b0e42463aeb1541643e9a2a4,Unbannedx,oe:team:e82c09af2170776b35900be0ac82aa7,Campus Party Sparks,bot,2020-07-15,4,492.31879258,536.45579171,-0.21115826
oe:player:0a7c15b8702ebdc6706ebef40309126,Brizz,oe:team:cd6b4265231d4ba346274357681c335,aNc Outplayed,sup,2020-02-13,1,162.99492386,207.80687646,-0.58021616
oe:player:0a7c15b8702ebdc6706ebef40309126,Brizz,oe:team:cd6b4265231d4ba346274357681c335,aNc Outplayed,sup,2020-02-19,1,91.17159763,201.10639192,-1.42341362
oe:player:0a7c15b8702ebdc6706ebef40309126,Brizz,oe:team:cd6b4265231d4ba346274357681c335,aNc Outplayed,sup,2020-02-20,1,203.06382979,272.75301112,-0.90232152
oe:player:0a7c15b8702ebdc6706ebef40309126,Brizz,oe:team:cd6b4265231d4ba346274357681c335,aNc Outplayed,sup,2020-02-25,1,51.81578947,246.71755750,-2.52354893
oe:player:0a7c15b8702ebdc6706ebef40309126,Brizz,oe:team:cd6b4265231d4ba346274357681c335,aNc Outplayed,sup,2020-02-26,1,151.32137031,256.34151365,-1.35977971
oe:player:0a7c15b8702ebdc6706ebef40309126,Brizz,oe:team:cd6b4265231d4ba346274357681c335,aNc Outplayed,sup,2020-02-27,1,145.77014218,262.03347138,-1.50535422
oe:player:0a7c15b8702ebdc6706ebef40309126,Brizz,oe:team:cd6b4265231d4ba346274357681c335,aNc Outplayed,sup,2020-03-11,5,166.93851340,227.58421056,-0.78522830
oe:player:0a7c15b8702ebdc6706ebef40309126,Brizz,oe:team:e82c09af2170776b35900be0ac82aa7,Campus Party Sparks,sup,2020-05-27,1,132.68571429,171.36976369,-0.53484525
oe:player:0a7c15b8702ebdc6706ebef40309126,Brizz,oe:team:e82c09af2170776b35900be0ac82aa7,Campus Party Sparks,sup,2020-05-28,1,185.02881090,141.70361443,0.59901370
oe:player:0a7c15b8702ebdc6706ebef40309126,Brizz,oe:team:e82c09af2170776b35900be0ac82aa7,Campus Party Sparks,sup,2020-06-03,1,293.54395604,241.24003459,0.72315346
oe:player:0a7c15b8702ebdc6706ebef40309126,Brizz,oe:team:e82c09af2170776b35900be0ac82aa7,Campus Party Sparks,sup,2020-06-04,1,103.58175751,130.63707476,-0.37406653
oe:player:0a7c15b8702ebdc6706ebef40309126,Brizz,oe:team:e82c09af2170776b35900be0ac82aa7,Campus Party Sparks,sup,2020-06-10,1,238.36542978,206.27696187,0.44365481
oe:player:0a7c15b8702ebdc6706ebef40309126,Brizz,oe:team:e82c09af2170776b35900be0ac82aa7,Campus Party Sparks,sup,2020-06-11,1,86.44660194,192.05082758,-1.46008289
oe:player:0a7c15b8702ebdc6706ebef40309126,Brizz,oe:team:e82c09af2170776b35900be0ac82aa7,Campus Party Sparks,sup,2020-06-17,1,84.42443730,95.74363347,-0.15619768
oe:player:0a7c15b8702ebdc6706ebef40309126,Brizz,oe:team:e82c09af2170776b35900be0ac82aa7,Campus Party Sparks,sup,2020-06-18,1,137.39530603,175.77292343,-0.52958661
oe:player:0a7c15b8702ebdc6706ebef40309126,Brizz,oe:team:e82c09af2170776b35900be0ac82aa7,Campus Party Sparks,sup,2020-06-24,1,174.69670711,129.78940423,0.61969209
oe:player:0a7c15b8702ebdc6706ebef40309126,Brizz,oe:team:e82c09af2170776b35900be0ac82aa7,Campus Party Sparks,sup,2020-06-25,1,133.19934818,231.97117513,-1.36298812
oe:player:0a7c15b8702ebdc6706ebef40309126,Brizz,oe:team:e82c09af2170776b35900be0ac82aa7,Campus Party Sparks,sup,2020-07-01,1,127.09090909,186.23284638,-0.81612096
oe:player:0a7c15b8702ebdc6706ebef40309126,Brizz,oe:team:e82c09af2170776b35900be0ac82aa7,Campus Party Sparks,sup,2020-07-02,1,91.37365743,162.81830855,-0.98589055
oe:player:0a7c15b8702ebdc6706ebef40309126,Brizz,oe:team:e82c09af2170776b35900be0ac82aa7,Campus Party Sparks,sup,2020-07-08,1,129.74326059,125.82413424,0.05408144
oe:player:0a7c15b8702ebdc6706ebef40309126,Brizz,oe:team:e82c09af2170776b35900be0ac82aa7,Campus Party Sparks,sup,2020-07-09,1,111.53374233,106.04734429,0.07570879
oe:player:0a7c15b8702ebdc6706ebef40309126,Brizz,oe:team:e82c09af2170776b35900be0ac82aa7,Campus Party Sparks,sup,2020-07-15,4,138.73879861,221.08633591,-1.15775092
oe:player:0b72e1678a76990f37a1ae1349b8998,Saddy,oe:team:e82c09af2170776b35900be0ac82aa7,Campus Party Sparks,bot,2020-02-25,1,650.15564202,523.41061261,0.61721443
oe:player:0b72e1678a76990f37a1ae1349b8998,Saddy,oe:team:e82c09af2170776b35900be0ac82aa7,Campus Party Sparks,bot,2020-02-26,1,450.65517241,454.13135920,-0.01692810
oe:player:0b72e1678a76990f37a1ae1349b8998,Saddy,oe:team:e82c09af2170776b35900be0ac82aa7,Campus Party Sparks,bot,2020-02-27,1,409.73502304,465.69695830,-0.27251967
oe:player:0b72e1678a76990f37a1ae1349b8998,Saddy,oe:team:e82c09af2170776b35900be0ac82aa7,Campus Party Sparks,bot,2020-03-03,2,677.01719893,411.42545582,1.29336082
oe:player:0d2b66955bb77849e92e2566d390f18,Baffetto,oe:team:d448392af90cd2fa0b726394ecfa13f,DayDreamers,jng,2020-07-01,1,165.49586777,339.09716179,-1.18412662
oe:player:0d2b66955bb77849e92e2566d390f18,Baffetto,oe:team:d448392af90cd2fa0b726394ecfa13f,DayDreamers,jng,2020-07-02,1,121.42600897,378.42473590,-1.75297675
oe:player:0e6c7c6775583c8ab462da1aabd1a94,Guè,oe:team:1814e10e29c1ebec936f15aa87797bd,YDN Esports,jng,2020-05-27,1,93.51749540,387.90041862,-1.99736403
oe:player:0e6c7c6775583c8ab462da1aabd1a94,Guè,oe:team:1814e10e29c1ebec936f15aa87797bd,YDN Esports,jng,2020-05-28,1,211.11576742,302.21068345,-0.61807155
oe:player:0e6c7c6775583c8ab462da1aabd1a94,Guè,oe:team:1814e10e29c1ebec936f15aa87797bd,YDN Esports,jng,2020-06-03,1,230.25920873,317.65331267,-0.59296184
oe:player:0e6c7c6775583c8ab462da1aabd1a94,Guè,oe:team:1814e10e29c1ebec936f15aa87797bd,YDN Esports,jng,2020-06-04,1,76.81242808,314.37193520,-1.61182180
oe:player:0e6c7c6775583c8ab462da1aabd1a94,Guè,oe:team:1814e10e29c1ebec936f15aa87797bd,YDN Esports,jng,2020-06-10,1,123.03651505,327.61755144,-1.38806558
oe:player:0e6c7c6775583c8ab462da1aabd1a94,Guè,oe:team:1814e10e29c1ebec936f15aa87797bd,YDN Esports,jng,2020-06-11,1,269.88990826,320.54451885,-0.34368739
oe:player:0e6c7c6775583c8ab462da1aabd1a94,Guè,oe:team:1814e10e29c1ebec936f15aa87797bd,YDN Esports,jng,2020-06-17,1,92.20556745,298.84712263,-1.40949275
oe:player:0e6c7c6775583c8ab462da1aabd1a94,Guè,oe:team:1814e10e29c1ebec936f15aa87797bd,YDN Esports,jng,2020-06-18,1,217.19313682,318.55461794,-0.69138210
oe:player:0e6c7c6775583c8ab462da1aabd1a94,Guè,oe:team:1814e10e29c1ebec936f15aa87797bd,YDN Esports,jng,2020-06-24,1,302.49566724,290.94471188,0.07878855
oe:player:0e6c7c6775583c8ab462da1aabd1a94,Guè,oe:team:1814e10e29c1ebec936f15aa87797bd,YDN Esports,jng,2020-06-25,1,172.97932331,313.38322228,-0.95768868
oe:player:0e6c8380e804e9a22a6e0d044dfa1e1,Ryujin,oe:team:1814e10e29c1ebec936f15aa87797bd,YDN Esports,jng,2020-07-01,1,135.16787360,287.98031443,-1.04232678
oe:player:0e6c8380e804e9a22a6e0d044dfa1e1,Ryujin,oe:team:1814e10e29c1ebec936f15aa87797bd,YDN Esports,jng,2020-07-02,1,260.57680251,300.35516153,-0.27132640
oe:player:0e6c8380e804e9a22a6e0d044dfa1e1,Ryujin,oe:team:1814e10e29c1ebec936f15aa87797bd,YDN Esports,jng,2020-07-08,1,379.57281553,291.99520390,0.59736295
oe:player:0e6c8380e804e9a22a6e0d044dfa1e1,Ryujin,oe:team:1814e10e29c1ebec936f15aa87797bd,YDN Esports,jng,2020-07-09,2,371.46643921,287.93207421,0.56978415
oe:player:12a3b0f5521f7fef687cffc6005350f,Taxer,oe:team:d448392af90cd2fa0b726394ecfa13f,DayDreamers,jng,2020-05-27,1,295.75144509,268.54668421,0.18458208
oe:player:12a3b0f5521f7fef687cffc6005350f,Taxer,oe:team:d448392af90cd2fa0b726394ecfa13f,DayDreamers,jng,2020-05-28,1,134.79940565,277.76631655,-0.97001878
oe:player:12a3b0f5521f7fef687cffc6005350f,Taxer,oe:team:d448392af90cd2fa0b726394ecfa13f,DayDreamers,jng,2020-06-03,1,372.15552524,313.87853899,0.39540458
oe:player:12a3b0f5521f7fef687cffc6005350f,Taxer,oe:team:d448392af90cd2fa0b726394ecfa13f,DayDreamers,jng,2020-06-04,1,194.08231368,333.12243272,-0.94337582
oe:player:12a3b0f5521f7fef687cffc6005350f,Taxer,oe:team:d448392af90cd2fa0b726394ecfa13f,DayDreamers,jng,2020-06-10,1,136.86621551,295.67886480,-1.07753082
oe:player:12a3b0f5521f7fef687cffc6005350f,Taxer,oe:team:d448392af90cd2fa0b726394ecfa13f,DayDreamers,jng,2020-06-11,1,136.88793103,316.66990268,-1.21980596
oe:player:12a3b0f5521f7fef687cffc6005350f,Taxer,oe:team:d448392af90cd2fa0b726394ecfa13f,DayDreamers,jng,2020-06-17,1,138.36538462,299.37077087,-1.09821050
oe:player:12a3b0f5521f7fef687cffc6005350f,Taxer,oe:team:d448392af90cd2fa0b726394ecfa13f,DayDreamers,jng,2020-06-18,1,94.39490446,201.16770955,-0.72829250
oe:player:12a3b0f5521f7fef687cffc6005350f,Taxer,oe:team:d448392af90cd2fa0b726394ecfa13f,DayDreamers,jng,2020-06-24,1,98.68693849,286.39250510,-1.28033122
oe:player:12a3b0f5521f7fef687cffc6005350f,Taxer,oe:team:d448392af90cd2fa0b726394ecfa13f,DayDreamers,jng,2020-06-25,1,237.57518797,329.67770391,-0.62822712
oe:player:1568d5652172aa445a8cbf435466d5c,Gine,oe:team:e82c09af2170776b35900be0ac82aa7,Campus Party Sparks,jng,2020-05-27,1,220.56000000,312.00575484,-0.62045196
oe:player:1568d5652172aa445a8cbf435466d5c,Gine,oe:team:e82c09af2170776b35900be0ac82aa7,Campus Party Sparks,jng,2020-05-28,1,531.35673127,335.52093571,1.32872984
oe:player:1568d5652172aa445a8cbf435466d5c,Gine,oe:team:e82c09af2170776b35900be0ac82aa7,Campus Party Sparks,jng,2020-06-03,1,198.59890110,323.93787126,-0.85041465
oe:player:1568d5652172aa445a8cbf435466d5c,Gine,oe:team:e82c09af2170776b35900be0ac82aa7,Campus Party Sparks,jng,2020-06-04,1,174.69410456,311.31342137,-0.92695088
oe:player:1568d5652172aa445a8cbf435466d5c,Gine,oe:team:e82c09af2170776b35900be0ac82aa7,Campus Party Sparks,jng,2020-06-10,1,211.73320808,319.53041086,-0.73139519
oe:player:1568d5652172aa445a8cbf435466d5c,Gine,oe:team:e82c09af2170776b35900be0ac82aa7,Campus Party Sparks,jng,2020-06-11,1,73.55339806,323.18392773,-1.69372270
oe:player:1568d5652172aa445a8cbf435466d5c,Gine,oe:team:e82c09af2170776b35900be0ac82aa7,Campus Party Sparks,jng,2020-06-17,1,147.12540193,246.46550509,-0.67759437
oe:player:1568d5652172aa445a8cbf435466d5c,Gine,oe:team:e82c09af2170776b35900be0ac82aa7,Campus Party Sparks,jng,2020-06-18,1,114.42245743,276.51529889,-1.10562798
oe:player:1568d5652172aa445a8cbf435466d5c,Gine,oe:team:e82c09af2170776b35900be0ac82aa7,Campus Party Sparks,jng,2020-06-24,1,536.94974003,331.16760050,1.40363072
oe:player:1568d5652172aa445a8cbf435466d5c,Gine,oe:team:e82c09af2170776b35900be0ac82aa7,Campus Party Sparks,jng,2020-06-25,1,256.42585551,358.78299316,-0.69817343
oe:player:1568d5652172aa445a8cbf435466d5c,Gine,oe:team:e82c09af2170776b35900be0ac82aa7,Campus Party Sparks,jng,2020-07-01,1,217.61157025,271.91170138,-0.37037875
oe:player:1568d5652172aa445a8cbf435466d5c,Gine,oe:team:e82c09af2170776b35900be0ac82aa7,Campus Party Sparks,jng,2020-07-02,1,220.12436405,301.83426376,-0.55733955
oe:player:1568d5652172aa445a8cbf435466d5c,Gine,oe:team:e82c09af2170776b35900be0ac82aa7,Campus Party Sparks,jng,2020-07-08,1,166.29011553,248.14337264,-0.55831738
oe:player:1568d5652172aa445a8cbf435466d5c,Gine,oe:team:e82c09af2170776b35900be0ac82aa7,Campus Party Sparks,jng,2020-07-09,1,242.13496933,294.03002724,-0.35397386
oe:player:1568d5652172aa445a8cbf435466d5c,Gine,oe:team:e82c09af2170776b35900be0ac82aa7,Campus Party Sparks,jng,2020-07-15,4,508.96745170,377.25279415,0.90963075
oe:player:1614a7affed2a34ca2776c351bf1f62,Vaniiali,oe:team:1814e10e29c1ebec936f15aa87797bd,YDN Esports,mid,2020-05-27,1,820.44198895,552.95316523,1.59531393
oe:player:1614a7affed2a34ca2776c351bf1f62,Vaniiali,oe:team:1814e10e29c1ebec936f15aa87797bd,YDN Esports,mid,2020-05-28,1,267.18700891,482.24840645,-1.28263469
oe:player:1614a7affed2a34ca2776c351bf1f62,Vaniiali,oe:team:1814e10e29c1ebec936f15aa87797bd,YDN Esports,mid,2020-06-03,1,558.37653479,482.03375876,0.45531134
oe:player:1614a7affed2a34ca2776c351bf1f62,Vaniiali,oe:team:1814e10e29c1ebec936f15aa87797bd,YDN Esports,mid,2020-06-04,1,331.41542002,493.37371492,-0.96592568
oe:player:1614a7affed2a34ca2776c351bf1f62,Vaniiali,oe:team:1814e10e29c1ebec936f15aa87797bd,YDN Esports,mid,2020-06-10,1,574.20884049,517.67854169,0.33714894
oe:player:1614a7affed2a34ca2776c351bf1f62,Vaniiali,oe:team:1814e10e29c1ebec936f15aa87797bd,YDN Esports,mid,2020-06-11,1,548.58715596,458.08156502,0.53977893
oe:player:1614a7affed2a34ca2776c351bf1f62,Vaniiali,oe:team:1814e10e29c1ebec936f15aa87797bd,YDN Esports,mid,2020-06-17,1,322.52676660,522.88667960,-1.05794979
oe:player:1614a7affed2a34ca2776c351bf1f62,Vaniiali,oe:team:1814e10e29c1ebec936f15aa87797bd,YDN Esports,mid,2020-06-18,1,766.43202816,606.65196197,0.84367818
oe:player:1614a7affed2a34ca2776c351bf1f62,Vaniiali,oe:team:1814e10e29c1ebec936f15aa87797bd,YDN Esports,mid,2020-06-24,1,324.33275563,504.18090269,-0.94964260
oe:player:1614a7affed2a34ca2776c351bf1f62,Vaniiali,oe:team:1814e10e29c1ebec936f15aa87797bd,YDN Esports,mid,2020-06-25,1,445.88345865,464.06039022,-0.09597868
oe:player:1614a7affed2a34ca2776c351bf1f62,Vaniiali,oe:team:1814e10e29c1ebec936f15aa87797bd,YDN Esports,mid,2020-07-01,1,344.51612903,530.86304916,-0.98395773
oe:player:1614a7affed2a34ca2776c351bf1f62,Vaniiali,oe:team:1814e10e29c1ebec936f15aa87797bd,YDN Esports,mid,2020-07-02,1,469.01567398,501.35663943,-0.17076828
oe:player:1614a7affed2a34ca2776c351bf1f62,Vaniiali,oe:team:1814e10e29c1ebec936f15aa87797bd,YDN Esports,mid,2020-07-08,1,388.81553398,475.57470339,-0.45810983
oe:player:1614a7affed2a34ca2776c351bf1f62,Vaniiali,oe:team:1814e10e29c1ebec936f15aa87797bd,YDN Esports,mid,2020-07-09,2,548.31525735,485.08206772,0.33388685
oe:player:1806cb4175771800d1d1ace2817103c,Zwyroo,oe:team:22042a8a81add8ab741dcfc6c8985ca,Mkers,mid,2020-05-27,1,647.41599073,515.85144509,0.78465616
oe:player:1806cb4175771800d1d1ace2817103c,Zwyroo,oe:team:22042a8a81add8ab741dcfc6c8985ca,Mkers,mid,2020-05-28,1,994.46130501,483.08900318,3.04984465
oe:player:1806cb4175771800d1d1ace2817103c,Zwyroo,oe:team:22042a8a81add8ab741dcfc6c8985ca,Mkers,mid,2020-06-03,1,395.86061246,442.63783766,-0.27898122
oe:player:1806cb4175771800d1d1ace2817103c,Zwyroo,oe:team:22042a8a81add8ab741dcfc6c8985ca,Mkers,mid,2020-06-04,1,363.23018228,470.99244715,-0.64269841
oe:player:1806cb4175771800d1d1ace2817103c,Zwyroo,oe:team:22042a8a81add8ab741dcfc6c8985ca,Mkers,mid,2020-06-10,1,555.02882767,445.21634762,0.65492598
oe:player:1806cb4175771800d1d1ace2817103c,Zwyroo,oe:team:22042a8a81add8ab741dcfc6c8985ca,Mkers,mid,2020-06-11,1,517.59223301,462.43871458,0.32893777
oe:player:1806cb4175771800d1d1ace2817103c,Zwyroo,oe:team:22042a8a81add8ab741dcfc6c8985ca,Mkers,mid,2020-06-17,1,577.98076923,520.78648741,0.30199992
oe:player:1806cb4175771800d1d1ace2817103c,Zwyroo,oe:team:22042a8a81add8ab741dcfc6c8985ca,Mkers,mid,2020-06-18,1,302.93447293,534.25293111,-1.22141855
oe:player:1806cb4175771800d1d1ace2817103c,Zwyroo,oe:team:22042a8a81add8ab741dcfc6c8985ca,Mkers,mid,2020-06-24,1,392.24755700,501.77508380,-0.57833237
oe:player:1806cb4175771800d1d1ace2817103c,Zwyroo,oe:team:22042a8a81add8ab741dcfc6c8985ca,Mkers,mid,2020-06-25,1,532.05633803,450.63389448,0.42993060
oe:player:1806cb4175771800d1d1ace2817103c,Zwyroo,oe:team:22042a8a81add8ab741dcfc6c8985ca,Mkers,mid,2020-07-01,1,694.03810695,525.29447826,0.89100800
oe:player:1806cb4175771800d1d1ace2817103c,Zwyroo,oe:team:22042a8a81add8ab741dcfc6c8985ca,Mkers,mid,2020-07-02,1,503.81191223,512.62507107,-0.04653565
oe:player:1806cb4175771800d1d1ace2817103c,Zwyroo,oe:team:22042a8a81add8ab741dcfc6c8985ca,Mkers,mid,2020-07-08,1,528.94736842,524.21044141,0.02501214
oe:player:1806cb4175771800d1d1ace2817103c,Zwyroo,oe:team:22042a8a81add8ab741dcfc6c8985ca,Mkers,mid,2020-07-09,1,1418.04646251,475.83831429,4.97509155
oe:player:1806cb4175771800d1d1ace2817103c,Zwyroo,oe:team:22042a8a81add8ab741dcfc6c8985ca,Mkers,mid,2020-07-13,5,554.45118177,559.74162960,-0.02644599
oe:player:1806cb4175771800d1d1ace2817103c,Zwyroo,oe:team:22042a8a81add8ab741dcfc6c8985ca,Mkers,mid,2020-07-21,4,411.70549739,549.52908812,-0.68895520
oe:player:1806cb4175771800d1d1ace2817103c,Zwyroo,oe:team:22042a8a81add8ab741dcfc6c8985ca,Mkers,mid,2020-07-26,4,434.44152590,546.69296771,-0.56112466
oe:player:1e249a5688255bde7f7213b5d257b3c,Click,oe:team:9efc9069228bc0817c7a9bac775daa7,Samsung Morning Stars,sup,2020-02-13,1,277.56345178,225.96790041,0.66804883
oe:player:1e249a5688255bde7f7213b5d257b3c,Click,oe:team:9efc9069228bc0817c7a9bac775daa7,Samsung Morning Stars,sup,2020-02-19,1,415.23754345,220.10248865,2.52656948
oe:player:1e249a5688255bde7f7213b5d257b3c,Click,oe:team:9efc9069228bc0817c7a9bac775daa7,Samsung Morning Stars,sup,2020-02-20,1,399.16385705,213.69802084,2.40137438
oe:player:1e249a5688255bde7f7213b5d257b3c,Click,oe:team:9efc9069228bc0817c7a9bac775daa7,Samsung Morning Stars,sup,2020-02-25,1,136.22210690,246.43452462,-1.42700824
oe:player:1e249a5688255bde7f7213b5d257b3c,Click,oe:team:9efc9069228bc0817c7a9bac775daa7,Samsung Morning Stars,sup,2020-02-26,1,157.38664066,241.17530721,-1.08487882
oe:player:1e249a5688255bde7f7213b5d257b3c,Click,oe:team:9efc9069228bc0817c7a9bac775daa7,Samsung Morning Stars,sup,2020-02-27,1,142.34624146,138.21482233,0.05349278
oe:player:1e249a5688255bde7f7213b5d257b3c,Click,oe:team:9efc9069228bc0817c7a9bac775daa7,Samsung Morning Stars,sup,2020-03-03,2,225.62418979,206.75763231,0.24428039
oe:player:1e249a5688255bde7f7213b5d257b3c,Click,oe:team:9efc9069228bc0817c7a9bac775daa7,Samsung Morning Stars,sup,2020-03-12,5,147.09838498,186.53687586,-0.54527615
oe:player:1e249a5688255bde7f7213b5d257b3c,Click,oe:team:9efc9069228bc0817c7a9bac775daa7,Samsung Morning Stars,sup,2020-05-27,1,98.67052023,202.14408936,-1.43062446
oe:player:1e249a5688255bde7f7213b5d257b3c,Click,oe:team:9efc9069228bc0817c7a9bac775daa7,Samsung Morning Stars,sup,2020-05-28,1,156.83505155,226.79282394,-0.96723541
oe:player:1e249a5688255bde7f7213b5d257b3c,Click,oe:team:9efc9069228bc0817c7a9bac775daa7,Samsung Morning Stars,sup,2020-06-03,1,65.10031679,238.01710298,-2.39074564
oe:player:1e249a5688255bde7f7213b5d257b3c,Click,oe:team:9efc9069228bc0817c7a9bac775daa7,Samsung Morning Stars,sup,2020-06-04,1,238.98898250,260.24066523,-0.29382554
oe:player:1e249a5688255bde7f7213b5d257b3c,Click,oe:team:9efc9069228bc0817c7a9bac775daa7,Samsung Morning Stars,sup,2020-06-10,1,58.70236869,198.74167061,-1.93618189
oe:player:1e249a5688255bde7f7213b5d257b3c,Click,oe:team:9efc9069228bc0817c7a9bac775daa7,Samsung Morning Stars,sup,2020-06-11,1,191.39449541,198.36420250,-0.09636310
oe:player:1e249a5688255bde7f7213b5d257b3c,Click,oe:team:9efc9069228bc0817c7a9bac775daa7,Samsung Morning Stars,sup,2020-06-17,1,212.33440514,192.53437592,0.27322776
oe:player:1e249a5688255bde7f7213b5d257b3c,Click,oe:team:9efc9069228bc0817c7a9bac775daa7,Samsung Morning Stars,sup,2020-06-18,1,240.76433121,207.26604226,0.46225499
oe:player:1e249a5688255bde7f7213b5d257b3c,Click,oe:team:9efc9069228bc0817c7a9bac775daa7,Samsung Morning Stars,sup,2020-06-24,1,165.10986644,215.46554615,-0.69487621
oe:player:1e249a5688255bde7f7213b5d257b3c,Click,oe:team:9efc9069228bc0817c7a9bac775daa7,Samsung Morning Stars,sup,2020-06-25,1,414.22535211,221.67503530,2.65707137
oe:player:1e249a5688255bde7f7213b5d257b3c,Click,oe:team:9efc9069228bc0817c7a9bac775daa7,Samsung Morning Stars,sup,2020-07-01,1,214.91978610,250.38616842,-0.48941342
oe:player:1e249a5688255bde7f7213b5d257b3c,Click,oe:team:9efc9069228bc0817c7a9bac775daa7,Samsung Morning Stars,sup,2020-07-02,1,224.70527404,227.97559127,-0.04512829
oe:player:1e249a5688255bde7f7213b5d257b3c,Click,oe:team:9efc9069228bc0817c7a9bac775daa7,Samsung Morning Stars,sup,2020-07-08,1,114.52427184,196.66069674,-1.13343020
oe:player:1e249a5688255bde7f7213b5d257b3c,Click,oe:team:9efc9069228bc0817c7a9bac775daa7,Samsung Morning Stars,sup,2020-07-09,1,261.34969325,194.23892460,0.92608574
oe:player:1e249a5688255bde7f7213b5d257b3c,Click,oe:team:9efc9069228bc0817c7a9bac775daa7,Samsung Morning Stars,sup,2020-07-14,4,331.86732798,208.53573712,1.73395911
oe:player:1e249a5688255bde7f7213b5d257b3c,Click,oe:team:9efc9069228bc0817c7a9bac775daa7,Samsung Morning Stars,sup,2020-07-21,4,169.25181548,178.92866976,-0.13605005
oe:player:1e249a5688255bde7f7213b5d257b3c,Click,oe:team:9efc9069228bc0817c7a9bac775daa7,Samsung Morning Stars,sup,2020-08-02,4,190.80549791,187.80981517,0.04211728
oe:player:243f63354f4c1cc25d50f6269b84436,Edward,oe:team:22042a8a81add8ab741dcfc6c8985ca,Mkers,sup,2020-05-27,1,206.69756663,240.67142877,-0.46972225
oe:player:243f63354f4c1cc25d50f6269b84436,Edward,oe:team:22042a8a81add8ab741dcfc6c8985ca,Mkers,sup,2020-05-28,1,270.63732929,201.18029291,0.96031224
oe:player:243f63354f4c1cc25d50f6269b84436,Edward,oe:team:22042a8a81add8ab741dcfc6c8985ca,Mkers,sup,2020-06-03,1,112.46040127,178.26902160,-0.90986928
oe:player:243f63354f4c1cc25d50f6269b84436,Edward,oe:team:22042a8a81add8ab741dcfc6c8985ca,Mkers,sup,2020-06-04,1,80.44934294,186.43149757,-1.46530814
oe:player:243f63354f4c1cc25d50f6269b84436,Edward,oe:team:22042a8a81add8ab741dcfc6c8985ca,Mkers,sup,2020-06-10,1,153.13260730,191.59466893,-0.53177605
oe:player:243f63354f4c1cc25d50f6269b84436,Edward,oe:team:22042a8a81add8ab741dcfc6c8985ca,Mkers,sup,2020-06-11,1,76.73786408,198.49635686,-1.68343162
oe:player:243f63354f4c1cc25d50f6269b84436,Edward,oe:team:22042a8a81add8ab741dcfc6c8985ca,Mkers,sup,2020-06-17,1,172.50000000,197.19614900,-0.34079108
oe:player:243f63354f4c1cc25d50f6269b84436,Edward,oe:team:22042a8a81add8ab741dcfc6c8985ca,Mkers,sup,2020-06-18,1,178.31908832,226.13133861,-0.65977851
oe:player:243f63354f4c1cc25d50f6269b84436,Edward,oe:team:22042a8a81add8ab741dcfc6c8985ca,Mkers,sup,2020-06-24,1,165.92833876,225.27464063,-0.81894106
oe:player:243f63354f4c1cc25d50f6269b84436,Edward,oe:team:22042a8a81add8ab741dcfc6c8985ca,Mkers,sup,2020-06-25,1,203.63380282,218.35335322,-0.20312039
oe:player:243f63354f4c1cc25d50f6269b84436,Edward,oe:team:22042a8a81add8ab741dcfc6c8985ca,Mkers,sup,2020-07-01,1,149.46527351,224.57259930,-1.03643312
oe:player:243f63354f4c1cc25d50f6269b84436,Edward,oe:team:22042a8a81add8ab741dcfc6c8985ca,Mkers,sup,2020-07-02,1,134.48275862,145.28806502,-0.14910633
oe:player:243f63354f4c1cc25d50f6269b84436,Edward,oe:team:22042a8a81add8ab741dcfc6c8985ca,Mkers,sup,2020-07-08,1,217.93324775,192.82347532,0.34649882
oe:player:243f63354f4c1cc25d50f6269b84436,Edward,oe:team:22042a8a81add8ab741dcfc6c8985ca,Mkers,sup,2020-07-09,1,226.18796199,173.20997533,0.73106237
oe:player:243f63354f4c1cc25d50f6269b84436,Edward,oe:team:22042a8a81add8ab741dcfc6c8985ca,Mkers,sup,2020-07-13,5,201.84303121,208.19209400,-0.08926355
oe:player:243f63354f4c1cc25d50f6269b84436,Edward,oe:team:22042a8a81add8ab741dcfc6c8985ca,Mkers,sup,2020-07-21,4,136.75556588,181.76299688,-0.63277417
oe:player:243f63354f4c1cc25d50f6269b84436,Edward,oe:team:22042a8a81add8ab741dcfc6c8985ca,Mkers,sup,2020-07-26,4,174.14228104,207.69492187,-0.47172754
oe:player:247cede38bc224fc82ea98ca18ddacf,Eckas,oe:team:9efc9069228bc0817c7a9bac775daa7,Samsung Morning Stars,jng,2020-05-27,1,285.26011561,361.59952943,-0.51795667
oe:player:247cede38bc224fc82ea98ca18ddacf,Eckas,oe:team:9efc9069228bc0817c7a9bac775daa7,Samsung Morning Stars,jng,2020-05-28,1,259.82474227,292.25718785,-0.22005149
oe:player:247cede38bc224fc82ea98ca18ddacf,Eckas,oe:team:9efc9069228bc0817c7a9bac775daa7,Samsung Morning Stars,jng,2020-06-03,1,260.71805702,332.17052746,-0.48479916
oe:player:247cede38bc224fc82ea98ca18ddacf,Eckas,oe:team:9efc9069228bc0817c7a9bac775daa7,Samsung Morning Stars,jng,2020-06-04,1,340.44069994,357.16127929,-0.11344776
oe:player:247cede38bc224fc82ea98ca18ddacf,Eckas,oe:team:9efc9069228bc0817c7a9bac775daa7,Samsung Morning Stars,jng,2020-06-10,1,208.85684861,288.03448273,-0.53721376
oe:player:247cede38bc224fc82ea98ca18ddacf,Eckas,oe:team:9efc9069228bc0817c7a9bac775daa7,Samsung Morning Stars,jng,2020-06-11,1,422.86238532,305.04899920,0.79935418
oe:player:247cede38bc224fc82ea98ca18ddacf,Eckas,oe:team:9efc9069228bc0817c7a9bac775daa7,Samsung Morning Stars,jng,2020-06-17,1,200.06430868,344.04415047,-0.98208002
oe:player:247cede38bc224fc82ea98ca18ddacf,Eckas,oe:team:9efc9069228bc0817c7a9bac775daa7,Samsung Morning Stars,jng,2020-06-18,1,321.51046406,341.50750648,-0.13639893
oe:player:247cede38bc224fc82ea98ca18ddacf,Eckas,oe:team:9efc9069228bc0817c7a9bac775daa7,Samsung Morning Stars,jng,2020-06-24,1,326.60060319,317.56357400,0.06164117
oe:player:247cede38bc224fc82ea98ca18ddacf,Eckas,oe:team:9efc9069228bc0817c7a9bac775daa7,Samsung Morning Stars,jng,2020-06-25,1,492.14084507,335.56178747,1.06801871
oe:player:247cede38bc224fc82ea98ca18ddacf,Eckas,oe:team:9efc9069228bc0817c7a9bac775daa7,Samsung Morning Stars,jng,2020-07-01,1,377.64705882,328.49869274,0.33523879
oe:player:247cede38bc224fc82ea98ca18ddacf,Eckas,oe:team:9efc9069228bc0817c7a9bac775daa7,Samsung Morning Stars,jng,2020-07-02,1,232.43019648,282.40307470,-0.34086275
oe:player:247cede38bc224fc82ea98ca18ddacf,Eckas,oe:team:9efc9069228bc0817c7a9bac775daa7,Samsung Morning Stars,jng,2020-07-08,1,259.06796117,318.84452610,-0.40773326
oe:player:247cede38bc224fc82ea98ca18ddacf,Eckas,oe:team:9efc9069228bc0817c7a9bac775daa7,Samsung Morning Stars,jng,2020-07-09,1,349.50920245,315.63010923,0.23108777
oe:player:247cede38bc224fc82ea98ca18ddacf,Eckas,oe:team:9efc9069228bc0817c7a9bac775daa7,Samsung Morning Stars,jng,2020-07-14,4,547.73706678,324.14486809,1.54414356
oe:player:247cede38bc224fc82ea98ca18ddacf,Eckas,oe:team:9efc9069228bc0817c7a9bac775daa7,Samsung Morning Stars,jng,2020-07-21,4,273.09704476,317.41321197,-0.30605059
oe:player:247cede38bc224fc82ea98ca18ddacf,Eckas,oe:team:9efc9069228bc0817c7a9bac775daa7,Samsung Morning Stars,jng,2020-08-02,4,382.92909754,315.47746852,0.46582573
oe:player:247cede38bc224fc82ea98ca18ddacf,Eckas,oe:team:cd6b4265231d4ba346274357681c335,aNc Outplayed,jng,2020-02-13,1,510.78680203,283.77431669,1.57191925
oe:player:247cede38bc224fc82ea98ca18ddacf,Eckas,oe:team:cd6b4265231d4ba346274357681c335,aNc Outplayed,jng,2020-02-19,1,497.28994083,349.40610450,1.02400292
oe:player:247cede38bc224fc82ea98ca18ddacf,Eckas,oe:team:cd6b4265231d4ba346274357681c335,aNc Outplayed,jng,2020-02-20,1,725.90070922,371.34641475,2.45506637
oe:player:247cede38bc224fc82ea98ca18ddacf,Eckas,oe:team:cd6b4265231d4ba346274357681c335,aNc Outplayed,jng,2020-02-25,1,290.78947368,334.39394816,-0.30193367
oe:player:247cede38bc224fc82ea98ca18ddacf,Eckas,oe:team:cd6b4265231d4ba346274357681c335,aNc Outplayed,jng,2020-02-26,1,475.33442088,341.88745659,0.92403663
oe:player:247cede38bc224fc82ea98ca18ddacf,Eckas,oe:team:cd6b4265231d4ba346274357681c335,aNc Outplayed,jng,2020-03-11,5,325.19786855,331.85666058,-0.04610796
oe:player:260f4f388d990d8940cfde52de0bda3,Phantomles,oe:team:1814e10e29c1ebec936f15aa87797bd,YDN Esports,bot,2020-03-29,4,561.09353107,505.41894154,0.27792080
oe:player:260f4f388d990d8940cfde52de0bda3,Phantomles,oe:team:1814e10e29c1ebec936f15aa87797bd,YDN Esports,mid,2020-02-13,1,785.66805846,496.10412996,1.64600008
oe:player:260f4f388d990d8940cfde52de0bda3,Phantomles,oe:team:1814e10e29c1ebec936f15aa87797bd,YDN Esports,mid,2020-02-19,1,594.42038217,523.49034023,0.40319544
oe:player:260f4f388d990d8940cfde52de0bda3,Phantomles,oe:team:1814e10e29c1ebec936f15aa87797bd,YDN Esports,mid,2020-02-20,1,538.28067597,473.54930386,0.36795966
oe:player:260f4f388d990d8940cfde52de0bda3,Phantomles,oe:team:1814e10e29c1ebec936f15aa87797bd,YDN Esports,mid,2020-02-25,1,493.64050633,464.47115141,0.16581057
oe:player:260f4f388d990d8940cfde52de0bda3,Phantomles,oe:team:1814e10e29c1ebec936f15aa87797bd,YDN Esports,mid,2020-02-26,1,534.98135322,532.92451955,0.01169189
oe:player:260f4f388d990d8940cfde52de0bda3,Phantomles,oe:team:1814e10e29c1ebec936f15aa87797bd,YDN Esports,mid,2020-02-27,1,695.29612756,432.51482796,1.49375664
oe:player:260f4f388d990d8940cfde52de0bda3,Phantomles,oe:team:1814e10e29c1ebec936f15aa87797bd,YDN Esports,mid,2020-03-12,5,564.25205999,470.90788860,0.55670833
oe:player:27a20bf69591451d5e1911016a37c5d,Gemon,oe:team:7894460f171d66e8ffc149c05b056a8,Cyberground Gaming,top,2020-05-27,1,420.14732965,435.40751984,-0.10520931
oe:player:27a20bf69591451d5e1911016a37c5d,Gemon,oe:team:7894460f171d66e8ffc149c05b056a8,Cyberground Gaming,top,2020-05-28,1,346.16084977,497.36502654,-1.04245668
oe:player:27a20bf69591451d5e1911016a37c5d,Gemon,oe:team:7894460f171d66e8ffc149c05b056a8,Cyberground Gaming,top,2020-06-03,1,691.89560440,459.77565856,1.60031947
oe:player:27a20bf69591451d5e1911016a37c5d,Gemon,oe:team:7894460f171d66e8ffc149c05b056a8,Cyberground Gaming,top,2020-06-04,1,317.84834738,429.71805655,-0.77127053
oe:player:27a20bf69591451d5e1911016a37c5d,Gemon,oe:team:7894460f171d66e8ffc149c05b056a8,Cyberground Gaming,top,2020-06-10,1,616.42894326,431.20452162,1.27700464
oe:player:27a20bf69591451d5e1911016a37c5d,Gemon,oe:team:7894460f171d66e8ffc149c05b056a8,Cyberground Gaming,top,2020-06-11,1,335.35018051,484.14571757,-1.02585064
oe:player:27a20bf69591451d5e1911016a37c5d,Gemon,oe:team:7894460f171d66e8ffc149c05b056a8,Cyberground Gaming,top,2020-06-17,1,381.77312775,467.14645749,-0.53188406
oe:player:27a20bf69591451d5e1911016a37c5d,Gemon,oe:team:7894460f171d66e8ffc149c05b056a8,Cyberground Gaming,top,2020-06-18,1,346.93356797,454.18933743,-0.66821377
oe:player:27a20bf69591451d5e1911016a37c5d,Gemon,oe:team:7894460f171d66e8ffc149c05b056a8,Cyberground Gaming,top,2020-06-24,1,356.16938111,456.51733040,-0.62517739
oe:player:27a20bf69591451d5e1911016a37c5d,Gemon,oe:team:7894460f171d66e8ffc149c05b056a8,Cyberground Gaming,top,2020-06-25,1,260.17381858,452.22949681,-1.19652537
oe:player:27a20bf69591451d5e1911016a37c5d,Gemon,oe:team:7894460f171d66e8ffc149c05b056a8,Cyberground Gaming,top,2020-07-01,1,545.42780749,428.06948992,0.73115362
oe:player:27a20bf69591451d5e1911016a37c5d,Gemon,oe:team:7894460f171d66e8ffc149c05b056a8,Cyberground Gaming,top,2020-07-02,1,358.03587444,456.47647786,-0.61329444
oe:player:27a20bf69591451d5e1911016a37c5d,Gemon,oe:team:7894460f171d66e8ffc149c05b056a8,Cyberground Gaming,top,2020-07-08,1,487.99307958,438.63603969,0.30749911
oe:player:27a20bf69591451d5e1911016a37c5d,Gemon,oe:team:7894460f171d66e8ffc149c05b056a8,Cyberground Gaming,top,2020-07-09,1,477.02558635,477.22154741,-0.00122086
oe:player:27a20bf69591451d5e1911016a37c5d,Gemon,oe:team:7894460f171d66e8ffc149c05b056a8,Cyberground Gaming,top,2020-07-15,4,591.01556550,409.32111165,1.14720184
oe:player:27a20bf69591451d5e1911016a37c5d,Gemon,oe:team:7894460f171d66e8ffc149c05b056a8,Cyberground Gaming,top,2020-07-20,5,406.92327608,398.04917884,0.05603022
oe:player:27b383e6eed837ff756c825f9e11468,Gabbo,oe:team:1814e10e29c1ebec936f15aa87797bd,YDN Esports,top,2020-02-13,1,697.92275574,440.25528386,1.76389924
oe:player:27b383e6eed837ff756c825f9e11468,Gabbo,oe:team:1814e10e29c1ebec936f15aa87797bd,YDN Esports,top,2020-02-19,1,465.63057325,493.37237512,-0.18991044
oe:player:27b383e6eed837ff756c825f9e11468,Gabbo,oe:team:1814e10e29c1ebec936f15aa87797bd,YDN Esports,top,2020-02-20,1,335.40044085,458.95969841,-0.84584243
oe:player:27b383e6eed837ff756c825f9e11468,Gabbo,oe:team:1814e10e29c1ebec936f15aa87797bd,YDN Esports,top,2020-02-25,1,371.48354430,434.29839499,-0.43000797
oe:player:27b383e6eed837ff756c825f9e11468,Gabbo,oe:team:1814e10e29c1ebec936f15aa87797bd,YDN Esports,top,2020-02-26,1,537.15503463,523.85451480,0.09105060
oe:player:27b383e6eed837ff756c825f9e11468,Gabbo,oe:team:1814e10e29c1ebec936f15aa87797bd,YDN Esports,top,2020-02-27,1,443.16628702,399.61131167,0.29816176
oe:player:27b383e6eed837ff756c825f9e11468,Gabbo,oe:team:1814e10e29c1ebec936f15aa87797bd,YDN Esports,top,2020-03-12,5,438.96070917,447.18168308,-0.05667839
oe:player:27b383e6eed837ff756c825f9e11468,Gabbo,oe:team:1814e10e29c1ebec936f15aa87797bd,YDN Esports,top,2020-03-29,4,712.71145934,444.31466591,1.85042527
oe:player:2bd10bd54b2d35095c69899de24a576,Eneino,oe:team:1814e10e29c1ebec936f15aa87797bd,YDN Esports,bot,2020-05-27,1,136.42725599,561.06009064,-2.11971560
oe:player:2bd10bd54b2d35095c69899de24a576,Eneino,oe:team:1814e10e29c1ebec936f15aa87797bd,YDN Esports,bot,2020-05-28,1,447.43844945,526.47181490,-0.39452497
oe:player:2bd10bd54b2d35095c69899de24a576,Eneino,oe:team:1814e10e29c1ebec936f15aa87797bd,YDN Esports,bot,2020-06-03,1,434.73396999,510.50756256,-0.37825258
oe:player:2bd10bd54b2d35095c69899de24a576,Eneino,oe:team:1814e10e29c1ebec936f15aa87797bd,YDN Esports,bot,2020-06-04,1,184.79861910,497.07630830,-1.55885234
oe:player:2bd10bd54b2d35095c69899de24a576,Eneino,oe:team:1814e10e29c1ebec936f15aa87797bd,YDN Esports,bot,2020-06-10,1,548.41768097,513.94807295,0.17206810
oe:player:2bd10bd54b2d35095c69899de24a576,Eneino,oe:team:1814e10e29c1ebec936f15aa87797bd,YDN Esports,bot,2020-06-11,1,185.83486239,475.40521789,-1.44550009
oe:player:2bd10bd54b2d35095c69899de24a576,Eneino,oe:team:1814e10e29c1ebec936f15aa87797bd,YDN Esports,bot,2020-06-17,1,344.32548180,549.47842980,-1.00130552
oe:player:2bd10bd54b2d35095c69899de24a576,Eneino,oe:team:1814e10e29c1ebec936f15aa87797bd,YDN Esports,bot,2020-06-18,1,712.92564892,604.62329991,0.52859947
oe:player:2bd10bd54b2d35095c69899de24a576,Eneino,oe:team:1814e10e29c1ebec936f15aa87797bd,YDN Esports,bot,2020-06-24,1,273.17157712,591.36876852,-1.55304912
oe:player:2bd10bd54b2d35095c69899de24a576,Eneino,oe:team:1814e10e29c1ebec936f15aa87797bd,YDN Esports,bot,2020-06-25,1,703.47744361,548.12552538,0.75823787
oe:player:2bd10bd54b2d35095c69899de24a576,Eneino,oe:team:1814e10e29c1ebec936f15aa87797bd,YDN Esports,bot,2020-07-01,1,291.07307439,538.33127757,-1.20681183
oe:player:2bd10bd54b2d35095c69899de24a576,Eneino,oe:team:1814e10e29c1ebec936f15aa87797bd,YDN Esports,bot,2020-07-02,1,273.74294671,498.20885424,-1.09556775
oe:player:2bd10bd54b2d35095c69899de24a576,Eneino,oe:team:1814e10e29c1ebec936f15aa87797bd,YDN Esports,bot,2020-07-08,1,286.87378641,509.58734149,-1.08701491
oe:player:2bd10bd54b2d35095c69899de24a576,Eneino,oe:team:1814e10e29c1ebec936f15aa87797bd,YDN Esports,bot,2020-07-09,2,583.74879933,514.72590012,0.33688529
oe:player:2d1fca25321f6983dc3e1da11039a80,Diagu,oe:team:11f5f2c70a8b02dc6d17fac94c126c9,MOBA ROG,jng,2020-02-13,1,327.83435926,353.13096200,-0.17516313
oe:player:2d1fca25321f6983dc3e1da11039a80,Diagu,oe:team:11f5f2c70a8b02dc6d17fac94c126c9,MOBA ROG,jng,2020-02-19,1,197.73248408,258.31462093,-0.41949335
oe:player:2d1fca25321f6983dc3e1da11039a80,Diagu,oe:team:11f5f2c70a8b02dc6d17fac94c126c9,MOBA ROG,jng,2020-02-20,1,225.19148936,266.12555805,-0.28344278
oe:player:2d1fca25321f6983dc3e1da11039a80,Diagu,oe:team:11f5f2c70a8b02dc6d17fac94c126c9,MOBA ROG,jng,2020-02-25,1,201.01167315,268.97080697,-0.47057443
oe:player:2d1fca25321f6983dc3e1da11039a80,Diagu,oe:team:11f5f2c70a8b02dc6d17fac94c126c9,MOBA ROG,jng,2020-02-26,1,160.19502682,264.46186043,-0.72198250
oe:player:2d1fca25321f6983dc3e1da11039a80,Diagu,oe:team:11f5f2c70a8b02dc6d17fac94c126c9,MOBA ROG,jng,2020-02-27,1,328.05111821,301.02889452,0.18711197
oe:player:330649b30536a93ea9363a7dd17e7dd,Cospect,oe:team:1814e10e29c1ebec936f15aa87797bd,YDN Esports,sup,2020-02-13,1,246.23173278,184.67465322,0.79702870
oe:player:330649b30536a93ea9363a7dd17e7dd,Cospect,oe:team:1814e10e29c1ebec936f15aa87797bd,YDN Esports,sup,2020-02-19,1,158.59872611,262.34841911,-1.34333018
oe:player:330649b30536a93ea9363a7dd17e7dd,Cospect,oe:team:1814e10e29c1ebec936f15aa87797bd,YDN Esports,sup,2020-02-20,1,190.58045555,220.17966134,-0.38324457
oe:player:330649b30536a93ea9363a7dd17e7dd,Cospect,oe:team:1814e10e29c1ebec936f15aa87797bd,YDN Esports,sup,2020-02-25,1,127.47341772,225.61458096,-1.27071206
oe:player:330649b30536a93ea9363a7dd17e7dd,Cospect,oe:team:1814e10e29c1ebec936f15aa87797bd,YDN Esports,sup,2020-02-26,1,224.52850293,271.78627314,-0.61188411
oe:player:330649b30536a93ea9363a7dd17e7dd,Cospect,oe:team:1814e10e29c1ebec936f15aa87797bd,YDN Esports,sup,2020-02-27,1,178.22323462,190.14721104,-0.15438925
oe:player:330649b30536a93ea9363a7dd17e7dd,Cospect,oe:team:1814e10e29c1ebec936f15aa87797bd,YDN Esports,sup,2020-03-12,5,159.09853352,191.84592322,-0.45276506
oe:player:330649b30536a93ea9363a7dd17e7dd,Cospect,oe:team:1814e10e29c1ebec936f15aa87797bd,YDN Esports,sup,2020-03-29,4,145.41813435,190.50066700,-0.62331061
oe:player:369527480223407c4bc2a0f8f1c3437,Crocomux,oe:team:11f5f2c70a8b02dc6d17fac94c126c9,MOBA ROG,mid,2020-02-13,1,283.48069390,514.12583089,-1.31108152
oe:player:369527480223407c4bc2a0f8f1c3437,Crocomux,oe:team:11f5f2c70a8b02dc6d17fac94c126c9,MOBA ROG,mid,2020-02-19,1,301.49044586,399.17178941,-0.55526080
oe:player:369527480223407c4bc2a0f8f1c3437,Crocomux,oe:team:11f5f2c70a8b02dc6d17fac94c126c9,MOBA ROG,mid,2020-02-20,1,399.20567376,420.43560766,-0.12067965
oe:player:369527480223407c4bc2a0f8f1c3437,Crocomux,oe:team:11f5f2c70a8b02dc6d17fac94c126c9,MOBA ROG,mid,2020-02-25,1,590.77821012,472.00222154,0.67517141
oe:player:369527480223407c4bc2a0f8f1c3437,Crocomux,oe:team:11f5f2c70a8b02dc6d17fac94c126c9,MOBA ROG,mid,2020-02-26,1,419.64895173,409.07378047,0.06011361
oe:player:369527480223407c4bc2a0f8f1c3437,Crocomux,oe:team:11f5f2c70a8b02dc6d17fac94c126c9,MOBA ROG,mid,2020-02-27,1,524.88817891,462.02376341,0.35734711
oe:player:369527480223407c4bc2a0f8f1c3437,Crocomux,oe:team:d448392af90cd2fa0b726394ecfa13f,DayDreamers,mid,2020-05-27,1,768.49710983,426.38212322,2.04038732
oe:player:369527480223407c4bc2a0f8f1c3437,Crocomux,oe:team:d448392af90cd2fa0b726394ecfa13f,DayDreamers,mid,2020-05-28,1,675.39375929,429.15029548,1.46860577
oe:player:369527480223407c4bc2a0f8f1c3437,Crocomux,oe:team:d448392af90cd2fa0b726394ecfa13f,DayDreamers,mid,2020-06-03,1,877.40791269,453.65070226,2.52730478
oe:player:369527480223407c4bc2a0f8f1c3437,Crocomux,oe:team:d448392af90cd2fa0b726394ecfa13f,DayDreamers,mid,2020-06-04,1,578.37597330,483.66950470,0.56483313
oe:player:369527480223407c4bc2a0f8f1c3437,Crocomux,oe:team:d448392af90cd2fa0b726394ecfa13f,DayDreamers,mid,2020-06-10,1,1261.34305049,493.03797028,4.58220191
oe:player:369527480223407c4bc2a0f8f1c3437,Crocomux,oe:team:d448392af90cd2fa0b726394ecfa13f,DayDreamers,mid,2020-06-11,1,347.12068966,436.85681525,-0.53518981
oe:player:369527480223407c4bc2a0f8f1c3437,Crocomux,oe:team:d448392af90cd2fa0b726394ecfa13f,DayDreamers,mid,2020-06-17,1,558.84615385,462.21071281,0.51025898
oe:player:369527480223407c4bc2a0f8f1c3437,Crocomux,oe:team:d448392af90cd2fa0b726394ecfa13f,DayDreamers,mid,2020-06-18,1,322.00181984,473.83377909,-0.80171022
oe:player:369527480223407c4bc2a0f8f1c3437,Crocomux,oe:team:d448392af90cd2fa0b726394ecfa13f,DayDreamers,mid,2020-06-24,1,470.67035245,518.99033883,-0.25514145
oe:player:369527480223407c4bc2a0f8f1c3437,Crocomux,oe:team:d448392af90cd2fa0b726394ecfa13f,DayDreamers,mid,2020-06-25,1,524.83082707,516.85668430,0.04210544
oe:player:369527480223407c4bc2a0f8f1c3437,Crocomux,oe:team:d448392af90cd2fa0b726394ecfa13f,DayDreamers,mid,2020-07-01,1,407.92561983,494.11950438,-0.45512498
oe:player:369527480223407c4bc2a0f8f1c3437,Crocomux,oe:team:d448392af90cd2fa0b726394ecfa13f,DayDreamers,mid,2020-07-02,1,591.28251121,566.56666720,0.13050576
oe:player:369527480223407c4bc2a0f8f1c3437,Crocomux,oe:team:d448392af90cd2fa0b726394ecfa13f,DayDreamers,mid,2020-07-08,1,281.94690265,486.90098591,-1.08220814
oe:player:369527480223407c4bc2a0f8f1c3437,Crocomux,oe:team:d448392af90cd2fa0b726394ecfa13f,DayDreamers,mid,2020-07-09,2,924.96786345,479.50160058,2.35217180
oe:player:387044439b507fa2c0922010cc6e6dd,Kamil,oe:team:7894460f171d66e8ffc149c05b056a8,Cyberground Gaming,jng,2020-02-13,1,162.43984331,388.43527411,-1.56487678
oe:player:387044439b507fa2c0922010cc6e6dd,Kamil,oe:team:7894460f171d66e8ffc149c05b056a8,Cyberground Gaming,jng,2020-02-19,1,137.61983471,335.53964030,-1.37047066
oe:player:387044439b507fa2c0922010cc6e6dd,Kamil,oe:team:7894460f171d66e8ffc149c05b056a8,Cyberground Gaming,jng,2020-02-20,1,258.59550562,375.45390700,-0.80917122
oe:player:387044439b507fa2c0922010cc6e6dd,Kamil,oe:team:7894460f171d66e8ffc149c05b056a8,Cyberground Gaming,jng,2020-02-25,1,155.80695381,306.91610938,-1.04633624
oe:player:387044439b507fa2c0922010cc6e6dd,Kamil,oe:team:7894460f171d66e8ffc149c05b056a8,Cyberground Gaming,jng,2020-02-26,1,321.16142781,311.08308686,0.06978620
oe:player:387044439b507fa2c0922010cc6e6dd,Kamil,oe:team:7894460f171d66e8ffc149c05b056a8,Cyberground Gaming,jng,2020-02-27,1,527.06161137,354.45139311,1.19521763
oe:player:387044439b507fa2c0922010cc6e6dd,Kamil,oe:team:7894460f171d66e8ffc149c05b056a8,Cyberground Gaming,jng,2020-03-03,3,202.95305334,377.04957172,-1.20550932
oe:player:3b2d059fda23dc133eb0e8d9e184acd,Nomi,oe:team:d448392af90cd2fa0b726394ecfa13f,DayDreamers,bot,2020-05-27,1,572.48554913,456.53476189,0.57881226
oe:player:3b2d059fda23dc133eb0e8d9e184acd,Nomi,oe:team:d448392af90cd2fa0b726394ecfa13f,DayDreamers,bot,2020-05-28,1,509.95542348,497.07602921,0.06429237
oe:player:3b2d059fda23dc133eb0e8d9e184acd,Nomi,oe:team:d448392af90cd2fa0b726394ecfa13f,DayDreamers,bot,2020-06-03,1,460.10914052,491.66433006,-0.15751968
oe:player:3b2d059fda23dc133eb0e8d9e184acd,Nomi,oe:team:d448392af90cd2fa0b726394ecfa13f,DayDreamers,bot,2020-06-04,1,264.16017798,491.34912048,-1.13409964
oe:player:3b2d059fda23dc133eb0e8d9e184acd,Nomi,oe:team:d448392af90cd2fa0b726394ecfa13f,DayDreamers,bot,2020-06-10,1,608.55804269,512.73229636,0.47835050
oe:player:3b2d059fda23dc133eb0e8d9e184acd,Nomi,oe:team:d448392af90cd2fa0b726394ecfa13f,DayDreamers,bot,2020-06-11,1,1035.43965517,482.72519031,2.75908356
oe:player:3b2d059fda23dc133eb0e8d9e184acd,Nomi,oe:team:d448392af90cd2fa0b726394ecfa13f,DayDreamers,bot,2020-06-17,1,132.01923077,516.81341627,-1.87809411
oe:player:3b2d059fda23dc133eb0e8d9e184acd,Nomi,oe:team:d448392af90cd2fa0b726394ecfa13f,DayDreamers,bot,2020-06-18,1,180.16378526,482.44781456,-1.47538054
oe:player:3b2d059fda23dc133eb0e8d9e184acd,Nomi,oe:team:d448392af90cd2fa0b726394ecfa13f,DayDreamers,bot,2020-06-24,1,443.88389772,533.29460122,-0.43639359
oe:player:3b2d059fda23dc133eb0e8d9e184acd,Nomi,oe:team:d448392af90cd2fa0b726394ecfa13f,DayDreamers,bot,2020-06-25,1,318.46804511,542.24759448,-1.09221779
oe:player:3b2d059fda23dc133eb0e8d9e184acd,Nomi,oe:team:d448392af90cd2fa0b726394ecfa13f,DayDreamers,bot,2020-07-01,1,354.94214876,558.80790456,-0.99502303
oe:player:3b2d059fda23dc133eb0e8d9e184acd,Nomi,oe:team:d448392af90cd2fa0b726394ecfa13f,DayDreamers,bot,2020-07-02,1,535.77578475,555.45737352,-0.09606142
oe:player:3b2d059fda23dc133eb0e8d9e184acd,Nomi,oe:team:d448392af90cd2fa0b726394ecfa13f,DayDreamers,bot,2020-07-08,1,253.09734513,495.57984485,-1.18350269
oe:player:3b2d059fda23dc133eb0e8d9e184acd,Nomi,oe:team:d448392af90cd2fa0b726394ecfa13f,DayDreamers,bot,2020-07-09,2,826.91667672,479.54949773,1.69542129
oe:player:3b579761cf6bebf93291741299005b9,Ciglio,oe:team:cd6b4265231d4ba346274357681c335,aNc Outplayed,bot,2020-02-27,1,349.15876777,568.78566686,-1.06952431
oe:player:3c3fb027a4593e06fa62c87319b22a6,Eren,oe:team:cd6b4265231d4ba346274357681c335,aNc Outplayed,mid,2020-02-13,1,825.88832487,410.81643312,2.35943880
oe:player:3c3fb027a4593e06fa62c87319b22a6,Eren,oe:team:cd6b4265231d4ba346274357681c335,aNc Outplayed,mid,2020-02-19,1,246.88757396,447.57350660,-1.14078112
oe:player:3c3fb027a4593e06fa62c87319b22a6,Eren,oe:team:cd6b4265231d4ba346274357681c335,aNc Outplayed,mid,2020-02-20,1,733.44680851,504.70561360,1.30025873
oe:player:3c3fb027a4593e06fa62c87319b22a6,Eren,oe:team:cd6b4265231d4ba346274357681c335,aNc Outplayed,mid,2020-02-25,1,351.42105263,491.58620266,-0.79675618
oe:player:3c3fb027a4593e06fa62c87319b22a6,Eren,oe:team:cd6b4265231d4ba346274357681c335,aNc Outplayed,mid,2020-02-26,1,532.49592170,450.93067016,0.46365033
oe:player:3c3fb027a4593e06fa62c87319b22a6,Eren,oe:team:cd6b4265231d4ba346274357681c335,aNc Outplayed,mid,2020-02-27,1,297.04976303,504.84881755,-1.18121502
oe:player:3c3fb027a4593e06fa62c87319b22a6,Eren,oe:team:cd6b4265231d4ba346274357681c335,aNc Outplayed,mid,2020-03-11,5,474.96355873,451.20419045,0.13505799
oe:player:42f1ef65c0cf37ae1e5c07f572d53e8,Cohle,oe:team:1ea33e423fda711df3254bb510eac95,Racoon,mid,2020-02-13,1,396.87987520,477.09307685,-0.45596472
oe:player:42f1ef65c0cf37ae1e5c07f572d53e8,Cohle,oe:team:1ea33e423fda711df3254bb510eac95,Racoon,mid,2020-02-19,1,369.80301275,434.25052297,-0.36634607
oe:player:42f1ef65c0cf37ae1e5c07f572d53e8,Cohle,oe:team:1ea33e423fda711df3254bb510eac95,Racoon,mid,2020-02-20,1,373.93258427,503.72229012,-0.73777790
oe:player:42f1ef65c0cf37ae1e5c07f572d53e8,Cohle,oe:team:1ea33e423fda711df3254bb510eac95,Racoon,mid,2020-02-25,1,347.08860759,400.82401049,-0.30545406
oe:player:42f1ef65c0cf37ae1e5c07f572d53e8,Cohle,oe:team:1ea33e423fda711df3254bb510eac95,Racoon,mid,2020-02-26,1,348.45024470,436.87536138,-0.50264461
oe:player:42f1ef65c0cf37ae1e5c07f572d53e8,Cohle,oe:team:1ea33e423fda711df3254bb510eac95,Racoon,mid,2020-02-27,1,443.12211982,445.92809559,-0.01595032
oe:player:42f1ef65c0cf37ae1e5c07f572d53e8,Cohle,oe:team:1ea33e423fda711df3254bb510eac95,Racoon,mid,2020-03-03,3,524.64677702,550.65823329,-0.14785978
oe:player:42f1ef65c0cf37ae1e5c07f572d53e8,Cohle,oe:team:1ea33e423fda711df3254bb510eac95,Racoon,mid,2020-03-11,5,384.84871793,463.19419680,-0.44534782
oe:player:42f1ef65c0cf37ae1e5c07f572d53e8,Cohle,oe:team:1ea33e423fda711df3254bb510eac95,Racoon,mid,2020-03-29,4,615.84947013,458.24212130,0.93997647
oe:player:42f1ef65c0cf37ae1e5c07f572d53e8,Cohle,oe:team:e82c09af2170776b35900be0ac82aa7,Campus Party Sparks,mid,2020-05-27,1,266.02285714,453.19870874,-1.11632419
oe:player:42f1ef65c0cf37ae1e5c07f572d53e8,Cohle,oe:team:e82c09af2170776b35900be0ac82aa7,Campus Party Sparks,mid,2020-05-28,1,815.92456784,451.76035977,2.17188975
oe:player:42f1ef65c0cf37ae1e5c07f572d53e8,Cohle,oe:team:e82c09af2170776b35900be0ac82aa7,Campus Party Sparks,mid,2020-06-03,1,623.21428571,491.43707038,0.78592453
oe:player:42f1ef65c0cf37ae1e5c07f572d53e8,Cohle,oe:team:e82c09af2170776b35900be0ac82aa7,Campus Party Sparks,mid,2020-06-04,1,396.84093437,454.88492946,-0.34617668
oe:player:42f1ef65c0cf37ae1e5c07f572d53e8,Cohle,oe:team:e82c09af2170776b35900be0ac82aa7,Campus Party Sparks,mid,2020-06-10,1,396.66510099,442.02900108,-0.27055210
oe:player:42f1ef65c0cf37ae1e5c07f572d53e8,Cohle,oe:team:e82c09af2170776b35900be0ac82aa7,Campus Party Sparks,mid,2020-06-11,1,452.46601942,439.58107899,0.07684629
oe:player:42f1ef65c0cf37ae1e5c07f572d53e8,Cohle,oe:team:e82c09af2170776b35900be0ac82aa7,Campus Party Sparks,mid,2020-06-17,1,223.63987138,475.48311780,-1.32979449
oe:player:42f1ef65c0cf37ae1e5c07f572d53e8,Cohle,oe:team:e82c09af2170776b35900be0ac82aa7,Campus Party Sparks,mid,2020-06-18,1,397.77266452,505.53291161,-0.56900070
oe:player:42f1ef65c0cf37ae1e5c07f572d53e8,Cohle,oe:team:e82c09af2170776b35900be0ac82aa7,Campus Party Sparks,mid,2020-06-24,1,587.76429809,530.43569434,0.30270918
oe:player:42f1ef65c0cf37ae1e5c07f572d53e8,Cohle,oe:team:e82c09af2170776b35900be0ac82aa7,Campus Party Sparks,mid,2020-06-25,1,865.77946768,520.03910338,1.82559445
oe:player:42f1ef65c0cf37ae1e5c07f572d53e8,Cohle,oe:team:e82c09af2170776b35900be0ac82aa7,Campus Party Sparks,mid,2020-07-01,1,682.80991736,526.37904310,0.82599362
oe:player:42f1ef65c0cf37ae1e5c07f572d53e8,Cohle,oe:team:e82c09af2170776b35900be0ac82aa7,Campus Party Sparks,mid,2020-07-02,1,315.19502544,513.61747133,-1.04771948
oe:player:42f1ef65c0cf37ae1e5c07f572d53e8,Cohle,oe:team:e82c09af2170776b35900be0ac82aa7,Campus Party Sparks,mid,2020-07-08,1,573.00385109,540.05453575,0.17398052
oe:player:42f1ef65c0cf37ae1e5c07f572d53e8,Cohle,oe:team:e82c09af2170776b35900be0ac82aa7,Campus Party Sparks,mid,2020-07-09,1,321.05521472,435.21895608,-0.60281273
oe:player:42f1ef65c0cf37ae1e5c07f572d53e8,Cohle,oe:team:e82c09af2170776b35900be0ac82aa7,Campus Party Sparks,mid,2020-07-15,4,442.19338827,521.57054627,-0.39679206
oe:player:4515c41bfcadfcf2e3c5880242f99a2,Shredder,oe:team:d448392af90cd2fa0b726394ecfa13f,DayDreamers,sup,2020-05-27,1,66.41618497,133.08031357,-0.92169753
oe:player:4515c41bfcadfcf2e3c5880242f99a2,Shredder,oe:team:d448392af90cd2fa0b726394ecfa13f,DayDreamers,sup,2020-05-28,1,103.53640416,202.72441013,-1.37137231
oe:player:4515c41bfcadfcf2e3c5880242f99a2,Shredder,oe:team:d448392af90cd2fa0b726394ecfa13f,DayDreamers,sup,2020-06-03,1,108.58117326,157.28234114,-0.67334183
oe:player:4515c41bfcadfcf2e3c5880242f99a2,Shredder,oe:team:d448392af90cd2fa0b726394ecfa13f,DayDreamers,sup,2020-06-04,1,85.89543938,184.95685229,-1.36962204
oe:player:4515c41bfcadfcf2e3c5880242f99a2,Shredder,oe:team:d448392af90cd2fa0b726394ecfa13f,DayDreamers,sup,2020-06-10,1,130.61946903,209.39462123,-1.08914441
oe:player:4515c41bfcadfcf2e3c5880242f99a2,Shredder,oe:team:d448392af90cd2fa0b726394ecfa13f,DayDreamers,sup,2020-06-11,1,303.49137931,224.77971243,1.08826666
oe:player:4515c41bfcadfcf2e3c5880242f99a2,Shredder,oe:team:d448392af90cd2fa0b726394ecfa13f,DayDreamers,sup,2020-06-17,1,54.23076923,174.79204036,-1.66366853
oe:player:4515c41bfcadfcf2e3c5880242f99a2,Shredder,oe:team:d448392af90cd2fa0b726394ecfa13f,DayDreamers,sup,2020-06-18,1,22.22020018,156.81278137,-1.85729164
oe:player:4515c41bfcadfcf2e3c5880242f99a2,Shredder,oe:team:d448392af90cd2fa0b726394ecfa13f,DayDreamers,sup,2020-06-24,1,87.98894264,197.40123046,-1.50981968
oe:player:4515c41bfcadfcf2e3c5880242f99a2,Shredder,oe:team:d448392af90cd2fa0b726394ecfa13f,DayDreamers,sup,2020-06-25,1,149.15413534,189.39745896,-0.55533216
oe:player:4515c41bfcadfcf2e3c5880242f99a2,Shredder,oe:team:d448392af90cd2fa0b726394ecfa13f,DayDreamers,sup,2020-07-01,1,73.01652893,213.06939177,-1.93264004
oe:player:4515c41bfcadfcf2e3c5880242f99a2,Shredder,oe:team:d448392af90cd2fa0b726394ecfa13f,DayDreamers,sup,2020-07-02,1,172.35874439,269.23067170,-1.33677072
oe:player:4515c41bfcadfcf2e3c5880242f99a2,Shredder,oe:team:d448392af90cd2fa0b726394ecfa13f,DayDreamers,sup,2020-07-08,1,115.89380531,187.24368823,-0.98458281
oe:player:4515c41bfcadfcf2e3c5880242f99a2,Shredder,oe:team:d448392af90cd2fa0b726394ecfa13f,DayDreamers,sup,2020-07-09,2,211.22138804,138.55664516,1.00272703
oe:player:458a187181acd5fccb30d52b139812f,Shiziy,oe:team:cd6b4265231d4ba346274357681c335,aNc Outplayed,jng,2020-02-27,1,119.75118483,345.14667327,-1.56072256
oe:player:54363113a5ee31eedeaca50569162b4,Khema,oe:team:8bcb5c0aa41c119da58107290671f4d,QLASH Forge,jng,2020-02-13,1,206.70826833,304.67286418,-0.67834345
oe:player:54363113a5ee31eedeaca50569162b4,Khema,oe:team:8bcb5c0aa41c119da58107290671f4d,QLASH Forge,jng,2020-02-19,1,151.63636364,346.80755804,-1.35143825
oe:player:54363113a5ee31eedeaca50569162b4,Khema,oe:team:8bcb5c0aa41c119da58107290671f4d,QLASH Forge,jng,2020-02-20,1,157.56061719,221.26318376,-0.44110037
oe:player:54363113a5ee31eedeaca50569162b4,Khema,oe:team:8bcb5c0aa41c119da58107290671f4d,QLASH Forge,jng,2020-02-25,1,204.36842105,300.83380740,-0.66796237
oe:player:54363113a5ee31eedeaca50569162b4,Khema,oe:team:8bcb5c0aa41c119da58107290671f4d,QLASH Forge,jng,2020-02-26,1,142.10344828,285.40558404,-0.99227752
oe:player:54363113a5ee31eedeaca50569162b4,Khema,oe:team:8bcb5c0aa41c119da58107290671f4d,QLASH Forge,jng,2020-02-27,1,304.44089457,303.68692685,0.00522075
oe:player:58cff57941b3605087bb9208b3d76d0,Khantos,oe:team:cd6b4265231d4ba346274357681c335,aNc Outplayed,bot,2020-02-13,1,420.53299492,486.92413742,-0.32330712
oe:player:58cff57941b3605087bb9208b3d76d0,Khantos,oe:team:cd6b4265231d4ba346274357681c335,aNc Outplayed,bot,2020-02-19,1,443.39644970,479.60401645,-0.17632118
oe:player:58cff57941b3605087bb9208b3d76d0,Khantos,oe:team:cd6b4265231d4ba346274357681c335,aNc Outplayed,bot,2020-02-20,1,1085.92907801,573.13299422,2.49717991
oe:player:58cff57941b3605087bb9208b3d76d0,Khantos,oe:team:cd6b4265231d4ba346274357681c335,aNc Outplayed,bot,2020-02-25,1,747.97368421,473.53650378,1.33643574
oe:player:58cff57941b3605087bb9208b3d76d0,Khantos,oe:team:cd6b4265231d4ba346274357681c335,aNc Outplayed,bot,2020-02-26,1,633.11582382,494.75716494,0.67376970
oe:player:58cff57941b3605087bb9208b3d76d0,Khantos,oe:team:cd6b4265231d4ba346274357681c335,aNc Outplayed,bot,2020-03-11,5,607.55981542,491.57982695,0.56479155
oe:player:64d129224a5377b63e9727479ec987d,Counter,oe:team:7894460f171d66e8ffc149c05b056a8,Cyberground Gaming,bot,2020-02-13,1,831.57246782,542.85555117,1.40597424
oe:player:64d129224a5377b63e9727479ec987d,Counter,oe:team:7894460f171d66e8ffc149c05b056a8,Cyberground Gaming,bot,2020-02-19,1,471.83471074,554.41454832,-0.40214174
oe:player:64d129224a5377b63e9727479ec987d,Counter,oe:team:7894460f171d66e8ffc149c05b056a8,Cyberground Gaming,bot,2020-02-20,1,558.82022472,546.67397614,0.05914899
oe:player:64d129224a5377b63e9727479ec987d,Counter,oe:team:7894460f171d66e8ffc149c05b056a8,Cyberground Gaming,bot,2020-02-25,1,303.51842242,472.60865654,-0.82342426
oe:player:64d129224a5377b63e9727479ec987d,Counter,oe:team:7894460f171d66e8ffc149c05b056a8,Cyberground Gaming,bot,2020-02-26,1,860.17048482,474.06063441,1.88025180
oe:player:64d129224a5377b63e9727479ec987d,Counter,oe:team:7894460f171d66e8ffc149c05b056a8,Cyberground Gaming,bot,2020-02-27,1,536.09004739,493.34177593,0.20817266
oe:player:64d129224a5377b63e9727479ec987d,Counter,oe:team:7894460f171d66e8ffc149c05b056a8,Cyberground Gaming,bot,2020-03-03,3,502.64281731,523.56420269,-0.10188156
oe:player:68e9e2570a4f21b55b398a11aaea6bb,Kazuki,oe:team:7894460f171d66e8ffc149c05b056a8,Cyberground Gaming,mid,2020-06-03,1,297.28021978,479.77711155,-1.08841869
oe:player:68e9e2570a4f21b55b398a11aaea6bb,Kazuki,oe:team:7894460f171d66e8ffc149c05b056a8,Cyberground Gaming,mid,2020-06-04,1,411.71743357,467.18050115,-0.33078393
oe:player:68e9e2570a4f21b55b398a11aaea6bb,Kazuki,oe:team:7894460f171d66e8ffc149c05b056a8,Cyberground Gaming,mid,2020-06-10,1,412.44143675,490.40895018,-0.46500134
oe:player:68e9e2570a4f21b55b398a11aaea6bb,Kazuki,oe:team:7894460f171d66e8ffc149c05b056a8,Cyberground Gaming,mid,2020-06-11,1,323.82671480,467.89972708,-0.85925715
oe:player:6dc7ae729c87dd9b26169b0fbaf04e7,Jenxas,oe:team:7894460f171d66e8ffc149c05b056a8,Cyberground Gaming,jng,2020-05-27,1,516.27992634,326.12832511,1.29016304
oe:player:6dc7ae729c87dd9b26169b0fbaf04e7,Jenxas,oe:team:7894460f171d66e8ffc149c05b056a8,Cyberground Gaming,jng,2020-05-28,1,411.16843703,351.11030453,0.40748951
oe:player:6e074d3f89abdbbffcc7c7c67b8c795,Psclly,oe:team:1ea33e423fda711df3254bb510eac95,Racoon,top,2020-02-13,1,425.67862715,465.23586289,-0.27079467
oe:player:6e074d3f89abdbbffcc7c7c67b8c795,Psclly,oe:team:1ea33e423fda711df3254bb510eac95,Racoon,top,2020-02-19,1,383.63847045,412.41157198,-0.19697035
oe:player:6e074d3f89abdbbffcc7c7c67b8c795,Psclly,oe:team:1ea33e423fda711df3254bb510eac95,Racoon,top,2020-02-20,1,374.77528090,491.89525654,-0.80176141
oe:player:6e074d3f89abdbbffcc7c7c67b8c795,Psclly,oe:team:1ea33e423fda711df3254bb510eac95,Racoon,top,2020-02-25,1,330.04556962,403.89433052,-0.50554217
oe:player:6e074d3f89abdbbffcc7c7c67b8c795,Psclly,oe:team:1ea33e423fda711df3254bb510eac95,Racoon,top,2020-02-26,1,468.05872757,409.90189176,0.39812087
oe:player:6e074d3f89abdbbffcc7c7c67b8c795,Psclly,oe:team:1ea33e423fda711df3254bb510eac95,Racoon,top,2020-02-27,1,624.78110599,448.92091762,1.20387587
oe:player:6e074d3f89abdbbffcc7c7c67b8c795,Psclly,oe:team:1ea33e423fda711df3254bb510eac95,Racoon,top,2020-03-03,3,463.77162648,508.27189125,-0.30463288
oe:player:6e074d3f89abdbbffcc7c7c67b8c795,Psclly,oe:team:1ea33e423fda711df3254bb510eac95,Racoon,top,2020-03-11,5,528.84785002,426.62195388,0.69980188
oe:player:6e074d3f89abdbbffcc7c7c67b8c795,Psclly,oe:team:1ea33e423fda711df3254bb510eac95,Racoon,top,2020-03-29,4,454.44929518,421.37400940,0.22803307
oe:player:702efc23873d774e479682ef680d911,Cboi,oe:team:9efc9069228bc0817c7a9bac775daa7,Samsung Morning Stars,jng,2020-02-13,1,395.05076142,305.87355813,0.61749627
oe:player:702efc23873d774e479682ef680d911,Cboi,oe:team:9efc9069228bc0817c7a9bac775daa7,Samsung Morning Stars,jng,2020-02-19,1,564.40324450,312.13266945,1.74681569
oe:player:702efc23873d774e479682ef680d911,Cboi,oe:team:9efc9069228bc0817c7a9bac775daa7,Samsung Morning Stars,jng,2020-02-20,1,322.17127444,301.96494900,0.13991615
oe:player:702efc23873d774e479682ef680d911,Cboi,oe:team:9efc9069228bc0817c7a9bac775daa7,Samsung Morning Stars,jng,2020-02-25,1,585.80176440,347.40623182,1.65073972
oe:player:702efc23873d774e479682ef680d911,Cboi,oe:team:9efc9069228bc0817c7a9bac775daa7,Samsung Morning Stars,jng,2020-02-26,1,264.51487079,348.02879875,-0.57828163
oe:player:702efc23873d774e479682ef680d911,Cboi,oe:team:9efc9069228bc0817c7a9bac775daa7,Samsung Morning Stars,jng,2020-02-27,1,693.45102506,267.85413204,2.94699186
oe:player:702efc23873d774e479682ef680d911,Cboi,oe:team:9efc9069228bc0817c7a9bac775daa7,Samsung Morning Stars,jng,2020-03-03,2,289.57432948,299.21001731,-0.06672110
oe:player:702efc23873d774e479682ef680d911,Cboi,oe:team:9efc9069228bc0817c7a9bac775daa7,Samsung Morning Stars,jng,2020-03-12,5,290.28252139,318.70426166,-0.19283918
oe:player:72c5cc0e2586935d16539f31a2a4fec,ACD,oe:team:22042a8a81add8ab741dcfc6c8985ca,Mkers,top,2020-05-27,1,615.46929316,435.37084276,1.24166432
oe:player:72c5cc0e2586935d16539f31a2a4fec,ACD,oe:team:22042a8a81add8ab741dcfc6c8985ca,Mkers,top,2020-05-28,1,864.21851290,537.13493977,2.25503331
oe:player:72c5cc0e2586935d16539f31a2a4fec,ACD,oe:team:22042a8a81add8ab741dcfc6c8985ca,Mkers,top,2020-06-03,1,317.13833157,434.93834520,-0.81215621
oe:player:72c5cc0e2586935d16539f31a2a4fec,ACD,oe:team:22042a8a81add8ab741dcfc6c8985ca,Mkers,top,2020-06-04,1,364.75625265,413.76090677,-0.33785594
oe:player:72c5cc0e2586935d16539f31a2a4fec,ACD,oe:team:22042a8a81add8ab741dcfc6c8985ca,Mkers,top,2020-06-10,1,400.58936579,411.46714631,-0.07499538
oe:player:72c5cc0e2586935d16539f31a2a4fec,ACD,oe:team:22042a8a81add8ab741dcfc6c8985ca,Mkers,top,2020-06-11,1,503.84466019,441.36067824,0.43078733
oe:player:72c5cc0e2586935d16539f31a2a4fec,ACD,oe:team:22042a8a81add8ab741dcfc6c8985ca,Mkers,top,2020-06-17,1,267.30769231,400.35588266,-0.82890304
oe:player:72c5cc0e2586935d16539f31a2a4fec,ACD,oe:team:22042a8a81add8ab741dcfc6c8985ca,Mkers,top,2020-06-18,1,730.56980057,478.81524142,1.56845515
oe:player:72c5cc0e2586935d16539f31a2a4fec,ACD,oe:team:22042a8a81add8ab741dcfc6c8985ca,Mkers,top,2020-06-24,1,283.93485342,452.22206262,-1.04844552
oe:player:72c5cc0e2586935d16539f31a2a4fec,ACD,oe:team:22042a8a81add8ab741dcfc6c8985ca,Mkers,top,2020-06-25,1,460.08450704,402.27222285,0.36017610
oe:player:72c5cc0e2586935d16539f31a2a4fec,ACD,oe:team:22042a8a81add8ab741dcfc6c8985ca,Mkers,top,2020-07-01,1,361.14320836,408.97458826,-0.29799410
oe:player:72c5cc0e2586935d16539f31a2a4fec,ACD,oe:team:22042a8a81add8ab741dcfc6c8985ca,Mkers,top,2020-07-02,1,326.93416928,405.71433454,-0.49080802
oe:player:72c5cc0e2586935d16539f31a2a4fec,ACD,oe:team:22042a8a81add8ab741dcfc6c8985ca,Mkers,top,2020-07-08,1,264.80102696,436.75798324,-1.07130840
oe:player:72c5cc0e2586935d16539f31a2a4fec,ACD,oe:team:22042a8a81add8ab741dcfc6c8985ca,Mkers,top,2020-07-09,1,742.99894403,449.14598068,1.83073226
oe:player:72c5cc0e2586935d16539f31a2a4fec,ACD,oe:team:22042a8a81add8ab741dcfc6c8985ca,Mkers,top,2020-07-13,5,407.55024402,407.49052644,0.00037705
oe:player:72c5cc0e2586935d16539f31a2a4fec,ACD,oe:team:22042a8a81add8ab741dcfc6c8985ca,Mkers,top,2020-07-21,4,255.80672310,437.49833403,-1.14718389
oe:player:72c5cc0e2586935d16539f31a2a4fec,ACD,oe:team:22042a8a81add8ab741dcfc6c8985ca,Mkers,top,2020-07-26,4,319.79188407,419.53452854,-0.62976576
oe:player:762566962c0691eddac15cc5708ccd0,Guilty,oe:team:9efc9069228bc0817c7a9bac775daa7,Samsung Morning Stars,bot,2020-02-19,1,692.78099652,437.39815046,1.24364622
oe:player:762566962c0691eddac15cc5708ccd0,Guilty,oe:team:9efc9069228bc0817c7a9bac775daa7,Samsung Morning Stars,bot,2020-02-20,1,392.32636548,446.42243244,-0.26343339
oe:player:762566962c0691eddac15cc5708ccd0,Guilty,oe:team:9efc9069228bc0817c7a9bac775daa7,Samsung Morning Stars,bot,2020-02-25,1,499.42916450,531.13857468,-0.15441635
oe:player:762566962c0691eddac15cc5708ccd0,Guilty,oe:team:9efc9069228bc0817c7a9bac775daa7,Samsung Morning Stars,bot,2020-02-26,1,594.67576792,525.87935727,0.33502014
oe:player:762566962c0691eddac15cc5708ccd0,Guilty,oe:team:9efc9069228bc0817c7a9bac775daa7,Samsung Morning Stars,bot,2020-02-27,1,872.35763098,412.17870069,2.24094843
oe:player:762566962c0691eddac15cc5708ccd0,Guilty,oe:team:9efc9069228bc0817c7a9bac775daa7,Samsung Morning Stars,bot,2020-03-03,2,530.69192024,468.47677714,0.30297112
oe:player:762566962c0691eddac15cc5708ccd0,Guilty,oe:team:9efc9069228bc0817c7a9bac775daa7,Samsung Morning Stars,bot,2020-03-12,5,406.45701671,514.74890387,-0.54057996
oe:player:79135c0efdcb9f2b2e3b8c5f80833d5,Glebo,oe:team:e82c09af2170776b35900be0ac82aa7,Campus Party Sparks,top,2020-02-13,1,372.68267223,340.66275573,0.21919688
oe:player:79135c0efdcb9f2b2e3b8c5f80833d5,Glebo,oe:team:e82c09af2170776b35900be0ac82aa7,Campus Party Sparks,top,2020-02-19,1,334.47337278,419.65034302,-0.58309104
oe:player:79135c0efdcb9f2b2e3b8c5f80833d5,Glebo,oe:team:e82c09af2170776b35900be0ac82aa7,Campus Party Sparks,top,2020-02-20,1,599.23128793,415.00185447,1.26116873
oe:player:79135c0efdcb9f2b2e3b8c5f80833d5,Glebo,oe:team:e82c09af2170776b35900be0ac82aa7,Campus Party Sparks,top,2020-02-25,1,521.98443580,504.43065856,0.12016687
oe:player:79135c0efdcb9f2b2e3b8c5f80833d5,Glebo,oe:team:e82c09af2170776b35900be0ac82aa7,Campus Party Sparks,top,2020-02-26,1,394.89655172,448.28479290,-0.36547678
oe:player:79135c0efdcb9f2b2e3b8c5f80833d5,Glebo,oe:team:e82c09af2170776b35900be0ac82aa7,Campus Party Sparks,top,2020-02-27,1,402.68433180,451.89326184,-0.33686671
oe:player:79135c0efdcb9f2b2e3b8c5f80833d5,Glebo,oe:team:e82c09af2170776b35900be0ac82aa7,Campus Party Sparks,top,2020-03-03,2,347.91640132,350.38103801,-0.01687202
oe:player:7eeabd75904be61f9f4149574de2f7e,DrMatt,oe:team:9efc9069228bc0817c7a9bac775daa7,Samsung Morning Stars,bot,2020-02-13,1,300.88832487,441.27388699,-0.68364018
oe:player:81317166070e5727aa15670f1d996b3,Lotuss,oe:team:cd6b4265231d4ba346274357681c335,aNc Outplayed,jng,2020-05-27,1,149.58285052,265.85193734,-0.78887623
oe:player:81317166070e5727aa15670f1d996b3,Lotuss,oe:team:cd6b4265231d4ba346274357681c335,aNc Outplayed,jng,2020-05-28,1,183.58762887,309.75726864,-0.85605068
oe:player:81317166070e5727aa15670f1d996b3,Lotuss,oe:team:cd6b4265231d4ba346274357681c335,aNc Outplayed,jng,2020-06-03,1,782.51023192,301.73809910,3.26199956
oe:player:81317166070e5727aa15670f1d996b3,Lotuss,oe:team:cd6b4265231d4ba346274357681c335,aNc Outplayed,jng,2020-06-04,1,242.45109321,296.76113923,-0.36848922
oe:player:81317166070e5727aa15670f1d996b3,Lotuss,oe:team:cd6b4265231d4ba346274357681c335,aNc Outplayed,jng,2020-06-10,1,437.10662283,315.80848311,0.82299795
oe:player:81317166070e5727aa15670f1d996b3,Lotuss,oe:team:cd6b4265231d4ba346274357681c335,aNc Outplayed,jng,2020-06-11,1,177.12931034,317.13498705,-0.94992705
oe:player:81317166070e5727aa15670f1d996b3,Lotuss,oe:team:cd6b4265231d4ba346274357681c335,aNc Outplayed,jng,2020-06-17,1,233.75550661,365.12727692,-0.89608093
oe:player:81317166070e5727aa15670f1d996b3,Lotuss,oe:team:cd6b4265231d4ba346274357681c335,aNc Outplayed,jng,2020-06-18,1,208.86039886,266.94065233,-0.39616280
oe:player:81317166070e5727aa15670f1d996b3,Lotuss,oe:team:cd6b4265231d4ba346274357681c335,aNc Outplayed,jng,2020-06-24,1,294.67470918,244.73320681,0.34064874
oe:player:81317166070e5727aa15670f1d996b3,Lotuss,oe:team:cd6b4265231d4ba346274357681c335,aNc Outplayed,jng,2020-06-25,1,309.71478719,333.72925946,-0.16380163
oe:player:81317166070e5727aa15670f1d996b3,Lotuss,oe:team:cd6b4265231d4ba346274357681c335,aNc Outplayed,jng,2020-07-01,1,331.75773535,286.28005720,0.31020120
oe:player:81317166070e5727aa15670f1d996b3,Lotuss,oe:team:cd6b4265231d4ba346274357681c335,aNc Outplayed,jng,2020-07-02,1,329.81345393,317.26241506,0.08561007
oe:player:81317166070e5727aa15670f1d996b3,Lotuss,oe:team:cd6b4265231d4ba346274357681c335,aNc Outplayed,jng,2020-07-08,1,219.18584071,295.09131794,-0.51774785
oe:player:81317166070e5727aa15670f1d996b3,Lotuss,oe:team:cd6b4265231d4ba346274357681c335,aNc Outplayed,jng,2020-07-09,1,381.87633262,349.45527000,0.22114261
oe:player:81317166070e5727aa15670f1d996b3,Lotuss,oe:team:cd6b4265231d4ba346274357681c335,aNc Outplayed,jng,2020-07-13,5,324.97514404,314.51823289,0.07221617
oe:player:81317166070e5727aa15670f1d996b3,Lotuss,oe:team:cd6b4265231d4ba346274357681c335,aNc Outplayed,jng,2020-07-22,4,327.86601234,314.83562167,0.08998880
oe:player:85fb7708d989f936cb51ef53a8af080,Horizon,oe:team:1814e10e29c1ebec936f15aa87797bd,YDN Esports,sup,2020-05-27,1,144.12523020,234.88398296,-1.25482954
oe:player:85fb7708d989f936cb51ef53a8af080,Horizon,oe:team:1814e10e29c1ebec936f15aa87797bd,YDN Esports,sup,2020-05-28,1,162.33630173,236.16320512,-1.02072998
oe:player:85fb7708d989f936cb51ef53a8af080,Horizon,oe:team:1814e10e29c1ebec936f15aa87797bd,YDN Esports,sup,2020-06-03,1,119.05866303,211.46492845,-1.27760804
oe:player:85fb7708d989f936cb51ef53a8af080,Horizon,oe:team:1814e10e29c1ebec936f15aa87797bd,YDN Esports,sup,2020-06-04,1,109.85040276,235.71062920,-1.74014214
oe:player:85fb7708d989f936cb51ef53a8af080,Horizon,oe:team:1814e10e29c1ebec936f15aa87797bd,YDN Esports,sup,2020-06-10,1,345.89365791,254.91877065,1.25781782
oe:player:85fb7708d989f936cb51ef53a8af080,Horizon,oe:team:1814e10e29c1ebec936f15aa87797bd,YDN Esports,sup,2020-06-11,1,275.61467890,211.33921192,0.88867192
oe:player:85fb7708d989f936cb51ef53a8af080,Horizon,oe:team:1814e10e29c1ebec936f15aa87797bd,YDN Esports,sup,2020-06-17,1,219.10064240,197.74415778,0.29470585
oe:player:85fb7708d989f936cb51ef53a8af080,Horizon,oe:team:1814e10e29c1ebec936f15aa87797bd,YDN Esports,sup,2020-06-18,1,102.97404311,260.68621027,-2.17632716
oe:player:85fb7708d989f936cb51ef53a8af080,Horizon,oe:team:1814e10e29c1ebec936f15aa87797bd,YDN Esports,sup,2020-06-24,1,54.35008666,172.03590737,-1.62398915
oe:player:85fb7708d989f936cb51ef53a8af080,Horizon,oe:team:1814e10e29c1ebec936f15aa87797bd,YDN Esports,sup,2020-06-25,1,134.15413534,146.92843125,-0.17627712
oe:player:85fb7708d989f936cb51ef53a8af080,Horizon,oe:team:1814e10e29c1ebec936f15aa87797bd,YDN Esports,sup,2020-07-01,1,77.97235023,168.95394421,-1.25548788
oe:player:85fb7708d989f936cb51ef53a8af080,Horizon,oe:team:1814e10e29c1ebec936f15aa87797bd,YDN Esports,sup,2020-07-02,1,53.71786834,148.24972720,-1.30447927
oe:player:85fb7708d989f936cb51ef53a8af080,Horizon,oe:team:1814e10e29c1ebec936f15aa87797bd,YDN Esports,sup,2020-07-08,1,121.08737864,157.35017169,-0.50040338
oe:player:85fb7708d989f936cb51ef53a8af080,Horizon,oe:team:1814e10e29c1ebec936f15aa87797bd,YDN Esports,sup,2020-07-09,2,193.85828028,180.68371416,0.18180060
oe:player:92446c031dbe789c917c6da0d7ab44b,Apples,oe:team:8bcb5c0aa41c119da58107290671f4d,QLASH Forge,mid,2020-02-13,1,350.04680187,409.35598023,-0.33713768
oe:player:92446c031dbe789c917c6da0d7ab44b,Apples,oe:team:8bcb5c0aa41c119da58107290671f4d,QLASH Forge,mid,2020-02-19,1,446.38016529,448.35810201,-0.01124340
oe:player:92446c031dbe789c917c6da0d7ab44b,Apples,oe:team:8bcb5c0aa41c119da58107290671f4d,QLASH Forge,mid,2020-02-20,1,258.86847906,357.44113209,-0.56032737
oe:player:92446c031dbe789c917c6da0d7ab44b,Apples,oe:team:8bcb5c0aa41c119da58107290671f4d,QLASH Forge,mid,2020-02-25,1,556.97368421,409.10216533,0.84056234
oe:player:92446c031dbe789c917c6da0d7ab44b,Apples,oe:team:8bcb5c0aa41c119da58107290671f4d,QLASH Forge,mid,2020-02-26,1,328.31034483,441.33609415,-0.64248470
oe:player:92446c031dbe789c917c6da0d7ab44b,Apples,oe:team:8bcb5c0aa41c119da58107290671f4d,QLASH Forge,mid,2020-02-27,1,843.89776358,457.26355644,2.19778734
oe:player:98d46cf2b9fdf05d5e62cac4728a26a,Cribob,oe:team:11f5f2c70a8b02dc6d17fac94c126c9,MOBA ROG,sup,2020-02-13,1,181.64521544,232.41017824,-0.65729454
oe:player:98d46cf2b9fdf05d5e62cac4728a26a,Cribob,oe:team:11f5f2c70a8b02dc6d17fac94c126c9,MOBA ROG,sup,2020-02-19,1,152.25477707,126.36183050,0.33525667
oe:player:98d46cf2b9fdf05d5e62cac4728a26a,Cribob,oe:team:11f5f2c70a8b02dc6d17fac94c126c9,MOBA ROG,sup,2020-02-20,1,134.09929078,183.20835480,-0.63585429
oe:player:98d46cf2b9fdf05d5e62cac4728a26a,Cribob,oe:team:11f5f2c70a8b02dc6d17fac94c126c9,MOBA ROG,sup,2020-02-25,1,130.03891051,192.40871165,-0.80755165
oe:player:98d46cf2b9fdf05d5e62cac4728a26a,Cribob,oe:team:11f5f2c70a8b02dc6d17fac94c126c9,MOBA ROG,sup,2020-02-26,1,96.12871770,127.66325587,-0.40830286
oe:player:98d46cf2b9fdf05d5e62cac4728a26a,Cribob,oe:team:11f5f2c70a8b02dc6d17fac94c126c9,MOBA ROG,sup,2020-02-27,1,405.43130990,237.81131370,2.17031003
oe:player:9a479ebb8a4b57092cec1f726f16ef3,Mistil,oe:team:7894460f171d66e8ffc149c05b056a8,Cyberground Gaming,bot,2020-05-27,1,907.51381215,486.28343131,2.10273096
oe:player:9a479ebb8a4b57092cec1f726f16ef3,Mistil,oe:team:7894460f171d66e8ffc149c05b056a8,Cyberground Gaming,bot,2020-05-28,1,339.60546282,536.40723719,-0.98241058
oe:player:9a479ebb8a4b57092cec1f726f16ef3,Mistil,oe:team:7894460f171d66e8ffc149c05b056a8,Cyberground Gaming,bot,2020-06-03,1,730.08241758,525.63611922,1.02057112
oe:player:9a479ebb8a4b57092cec1f726f16ef3,Mistil,oe:team:7894460f171d66e8ffc149c05b056a8,Cyberground Gaming,bot,2020-06-04,1,265.70317563,497.79312858,-1.15856489
oe:player:9a479ebb8a4b57092cec1f726f16ef3,Mistil,oe:team:7894460f171d66e8ffc149c05b056a8,Cyberground Gaming,bot,2020-06-10,1,583.44612181,532.93080072,0.25216635
oe:player:9a479ebb8a4b57092cec1f726f16ef3,Mistil,oe:team:7894460f171d66e8ffc149c05b056a8,Cyberground Gaming,bot,2020-06-11,1,219.59566787,517.19717539,-1.48559062
oe:player:9a479ebb8a4b57092cec1f726f16ef3,Mistil,oe:team:7894460f171d66e8ffc149c05b056a8,Cyberground Gaming,bot,2020-06-17,1,346.75110132,543.35209738,-0.95956536
oe:player:9a479ebb8a4b57092cec1f726f16ef3,Mistil,oe:team:7894460f171d66e8ffc149c05b056a8,Cyberground Gaming,bot,2020-06-18,1,318.50417950,471.77225496,-0.74806710
oe:player:9a479ebb8a4b57092cec1f726f16ef3,Mistil,oe:team:7894460f171d66e8ffc149c05b056a8,Cyberground Gaming,bot,2020-06-24,1,142.63192182,527.05834382,-1.87629914
oe:player:9a479ebb8a4b57092cec1f726f16ef3,Mistil,oe:team:7894460f171d66e8ffc149c05b056a8,Cyberground Gaming,bot,2020-06-25,1,336.04562738,606.07537048,-1.31795461
oe:player:9a479ebb8a4b57092cec1f726f16ef3,Mistil,oe:team:7894460f171d66e8ffc149c05b056a8,Cyberground Gaming,bot,2020-07-01,1,303.55614973,548.15523869,-1.19383329
oe:player:9a479ebb8a4b57092cec1f726f16ef3,Mistil,oe:team:7894460f171d66e8ffc149c05b056a8,Cyberground Gaming,bot,2020-07-02,1,467.62331839,482.45623425,-0.07239614
oe:player:9a479ebb8a4b57092cec1f726f16ef3,Mistil,oe:team:7894460f171d66e8ffc149c05b056a8,Cyberground Gaming,bot,2020-07-08,1,248.22664360,481.20177103,-1.13709934
oe:player:9a479ebb8a4b57092cec1f726f16ef3,Mistil,oe:team:7894460f171d66e8ffc149c05b056a8,Cyberground Gaming,bot,2020-07-09,1,332.14285714,490.86442302,-0.77468436
oe:player:9a479ebb8a4b57092cec1f726f16ef3,Mistil,oe:team:7894460f171d66e8ffc149c05b056a8,Cyberground Gaming,bot,2020-07-15,4,465.53282590,514.32968490,-0.23345176
oe:player:9a479ebb8a4b57092cec1f726f16ef3,Mistil,oe:team:7894460f171d66e8ffc149c05b056a8,Cyberground Gaming,bot,2020-07-20,5,391.38862844,449.60789718,-0.27853003
oe:player:9b9a3c403c4658c66cfac280e723c8e,Unfail,oe:team:cd6b4265231d4ba346274357681c335,aNc Outplayed,top,2020-02-27,1,290.40284360,517.80360049,-1.55670415
oe:player:9c2b5d4edfc9c79923a32bd589c6223,Guubi,oe:team:9efc9069228bc0817c7a9bac775daa7,Samsung Morning Stars,bot,2020-05-27,1,446.70520231,486.39846133,-0.19814393
oe:player:9c2b5d4edfc9c79923a32bd589c6223,Guubi,oe:team:9efc9069228bc0817c7a9bac775daa7,Samsung Morning Stars,bot,2020-05-28,1,963.98969072,501.38293607,2.30927680
oe:player:9c2b5d4edfc9c79923a32bd589c6223,Guubi,oe:team:9efc9069228bc0817c7a9bac775daa7,Samsung Morning Stars,bot,2020-06-03,1,342.32312566,512.27762959,-0.84839227
oe:player:9c2b5d4edfc9c79923a32bd589c6223,Guubi,oe:team:9efc9069228bc0817c7a9bac775daa7,Samsung Morning Stars,bot,2020-06-04,1,198.19831497,498.05646432,-1.49685550
oe:player:9c2b5d4edfc9c79923a32bd589c6223,Guubi,oe:team:9efc9069228bc0817c7a9bac775daa7,Samsung Morning Stars,bot,2020-06-10,1,616.52935118,559.31241653,0.28562000
oe:player:9c2b5d4edfc9c79923a32bd589c6223,Guubi,oe:team:9efc9069228bc0817c7a9bac775daa7,Samsung Morning Stars,bot,2020-06-11,1,486.22018349,531.12498835,-0.22415934
oe:player:9c2b5d4edfc9c79923a32bd589c6223,Guubi,oe:team:9efc9069228bc0817c7a9bac775daa7,Samsung Morning Stars,bot,2020-06-17,1,591.51125402,545.85028959,0.22286093
oe:player:9c2b5d4edfc9c79923a32bd589c6223,Guubi,oe:team:9efc9069228bc0817c7a9bac775daa7,Samsung Morning Stars,bot,2020-06-18,1,726.93357598,534.04282204,0.94145650
oe:player:9c2b5d4edfc9c79923a32bd589c6223,Guubi,oe:team:9efc9069228bc0817c7a9bac775daa7,Samsung Morning Stars,bot,2020-06-24,1,689.85781991,522.90432150,0.81486258
oe:player:9c2b5d4edfc9c79923a32bd589c6223,Guubi,oe:team:9efc9069228bc0817c7a9bac775daa7,Samsung Morning Stars,bot,2020-06-25,1,617.94366197,488.26751530,0.63292019
oe:player:9c2b5d4edfc9c79923a32bd589c6223,Guubi,oe:team:9efc9069228bc0817c7a9bac775daa7,Samsung Morning Stars,bot,2020-07-01,1,917.51336898,568.45683016,1.70366667
oe:player:9c2b5d4edfc9c79923a32bd589c6223,Guubi,oe:team:9efc9069228bc0817c7a9bac775daa7,Samsung Morning Stars,bot,2020-07-02,1,453.41261634,494.82728200,-0.20213569
oe:player:9c2b5d4edfc9c79923a32bd589c6223,Guubi,oe:team:9efc9069228bc0817c7a9bac775daa7,Samsung Morning Stars,bot,2020-07-08,1,337.47572816,502.04067274,-0.80320458
oe:player:9c2b5d4edfc9c79923a32bd589c6223,Guubi,oe:team:9efc9069228bc0817c7a9bac775daa7,Samsung Morning Stars,bot,2020-07-09,1,704.87116564,542.74358063,0.79130838
oe:player:9c2b5d4edfc9c79923a32bd589c6223,Guubi,oe:team:9efc9069228bc0817c7a9bac775daa7,Samsung Morning Stars,bot,2020-07-14,4,701.02499488,491.04144059,1.00459396
oe:player:9c2b5d4edfc9c79923a32bd589c6223,Guubi,oe:team:9efc9069228bc0817c7a9bac775daa7,Samsung Morning Stars,bot,2020-07-21,4,646.95556731,510.79593397,0.65140885
oe:player:9c2b5d4edfc9c79923a32bd589c6223,Guubi,oe:team:9efc9069228bc0817c7a9bac775daa7,Samsung Morning Stars,bot,2020-08-02,4,510.93581079,505.47494982,0.02612561
oe:player:9c2b5d4edfc9c79923a32bd589c6223,Guubi,oe:team:e82c09af2170776b35900be0ac82aa7,Campus Party Sparks,bot,2020-02-13,1,362.16075157,392.08107360,-0.14570397
oe:player:9c2b5d4edfc9c79923a32bd589c6223,Guubi,oe:team:e82c09af2170776b35900be0ac82aa7,Campus Party Sparks,bot,2020-02-19,1,500.55621302,463.14268310,0.18219389
oe:player:9c2b5d4edfc9c79923a32bd589c6223,Guubi,oe:team:e82c09af2170776b35900be0ac82aa7,Campus Party Sparks,bot,2020-02-20,1,286.08226568,397.27177287,-0.54146319
oe:player:9c2b5d4edfc9c79923a32bd589c6223,Guubi,oe:team:e82c09af2170776b35900be0ac82aa7,Campus Party Sparks,mid,2020-02-25,1,401.08949416,472.34184412,-0.40502757
oe:player:9c2b5d4edfc9c79923a32bd589c6223,Guubi,oe:team:e82c09af2170776b35900be0ac82aa7,Campus Party Sparks,mid,2020-02-26,1,776.41379310,425.78851216,1.99309784
oe:player:9c2b5d4edfc9c79923a32bd589c6223,Guubi,oe:team:e82c09af2170776b35900be0ac82aa7,Campus Party Sparks,mid,2020-02-27,1,503.29493088,433.89274564,0.39451047
oe:player:9c2b5d4edfc9c79923a32bd589c6223,Guubi,oe:team:e82c09af2170776b35900be0ac82aa7,Campus Party Sparks,mid,2020-03-03,2,582.37807094,395.02613334,1.06498522
oe:player:a80cd24bb5d26934adffb39e135dc55,Vrow,oe:team:7894460f171d66e8ffc149c05b056a8,Cyberground Gaming,mid,2020-02-13,1,450.11751539,543.59061902,-0.53133944
oe:player:a80cd24bb5d26934adffb39e135dc55,Vrow,oe:team:7894460f171d66e8ffc149c05b056a8,Cyberground Gaming,mid,2020-02-19,1,487.73553719,516.29313768,-0.16233311
oe:player:a80cd24bb5d26934adffb39e135dc55,Vrow,oe:team:7894460f171d66e8ffc149c05b056a8,Cyberground Gaming,mid,2020-02-20,1,527.50000000,519.08172601,0.04785292
oe:player:a80cd24bb5d26934adffb39e135dc55,Vrow,oe:team:7894460f171d66e8ffc149c05b056a8,Cyberground Gaming,mid,2020-02-25,1,304.01660612,468.67456738,-0.93598336
oe:player:a80cd24bb5d26934adffb39e135dc55,Vrow,oe:team:7894460f171d66e8ffc149c05b056a8,Cyberground Gaming,mid,2020-02-26,1,560.80980288,435.57700227,0.71187458
oe:player:a80cd24bb5d26934adffb39e135dc55,Vrow,oe:team:7894460f171d66e8ffc149c05b056a8,Cyberground Gaming,mid,2020-02-27,1,606.14928910,487.38733697,0.67509162
oe:player:a80cd24bb5d26934adffb39e135dc55,Vrow,oe:team:7894460f171d66e8ffc149c05b056a8,Cyberground Gaming,mid,2020-03-03,3,480.30051351,526.89723054,-0.26487484
oe:player:ab921907d86cd2439d6bd3e4af1aec5,Deidara,oe:team:1ea33e423fda711df3254bb510eac95,Racoon,top,2020-05-27,1,511.47428571,444.84631174,0.45935752
oe:player:ab921907d86cd2439d6bd3e4af1aec5,Deidara,oe:team:1ea33e423fda711df3254bb510eac95,Racoon,top,2020-05-28,1,592.00594354,481.89911551,0.75911658
oe:player:ab921907d86cd2439d6bd3e4af1aec5,Deidara,oe:team:1ea33e423fda711df3254bb510eac95,Racoon,top,2020-06-03,1,285.70259209,446.43194941,-1.10812674
oe:player:ab921907d86cd2439d6bd3e4af1aec5,Deidara,oe:team:1ea33e423fda711df3254bb510eac95,Racoon,top,2020-06-04,1,459.42348453,472.50012644,-0.09015513
oe:player:ab921907d86cd2439d6bd3e4af1aec5,Deidara,oe:team:1ea33e423fda711df3254bb510eac95,Racoon,top,2020-06-10,1,274.75798146,391.81021109,-0.80700071
oe:player:ab921907d86cd2439d6bd3e4af1aec5,Deidara,oe:team:1ea33e423fda711df3254bb510eac95,Racoon,top,2020-06-11,1,246.02166065,432.58095244,-1.28620772
oe:player:ab921907d86cd2439d6bd3e4af1aec5,Deidara,oe:team:1ea33e423fda711df3254bb510eac95,Racoon,top,2020-06-17,1,260.59957173,457.53858562,-1.22694902
oe:player:ab921907d86cd2439d6bd3e4af1aec5,Deidara,oe:team:1ea33e423fda711df3254bb510eac95,Racoon,top,2020-06-18,1,332.47123792,431.97752647,-0.61993376
oe:player:ab921907d86cd2439d6bd3e4af1aec5,Deidara,oe:team:1ea33e423fda711df3254bb510eac95,Racoon,top,2020-06-24,1,396.44782308,445.34091584,-0.30460868
oe:player:ab921907d86cd2439d6bd3e4af1aec5,Deidara,oe:team:1ea33e423fda711df3254bb510eac95,Racoon,top,2020-06-25,1,318.45546292,450.10161537,-0.82016821
oe:player:ab921907d86cd2439d6bd3e4af1aec5,Deidara,oe:team:1ea33e423fda711df3254bb510eac95,Racoon,top,2020-07-01,1,531.88690842,441.96576413,0.56021739
oe:player:ab921907d86cd2439d6bd3e4af1aec5,Deidara,oe:team:1ea33e423fda711df3254bb510eac95,Racoon,top,2020-07-02,1,484.49844881,396.15735349,0.55037353
oe:player:ab921907d86cd2439d6bd3e4af1aec5,Deidara,oe:team:1ea33e423fda711df3254bb510eac95,Racoon,top,2020-07-08,1,433.13148789,462.81995391,-0.18496200
oe:player:ab921907d86cd2439d6bd3e4af1aec5,Deidara,oe:team:1ea33e423fda711df3254bb510eac95,Racoon,top,2020-07-09,1,305.46441496,432.42791132,-0.79099481
oe:player:ab921907d86cd2439d6bd3e4af1aec5,Deidara,oe:team:1ea33e423fda711df3254bb510eac95,Racoon,top,2020-07-14,4,355.39436440,379.04711056,-0.14934123
oe:player:ab921907d86cd2439d6bd3e4af1aec5,Deidara,oe:team:1ea33e423fda711df3254bb510eac95,Racoon,top,2020-07-20,5,582.81708791,472.34168761,0.69753138
oe:player:ab921907d86cd2439d6bd3e4af1aec5,Deidara,oe:team:1ea33e423fda711df3254bb510eac95,Racoon,top,2020-07-22,4,561.65101813,417.11871432,0.91256349
oe:player:ab921907d86cd2439d6bd3e4af1aec5,Deidara,oe:team:1ea33e423fda711df3254bb510eac95,Racoon,top,2020-07-26,4,442.19752773,424.71891738,0.11035832
oe:player:ab921907d86cd2439d6bd3e4af1aec5,Deidara,oe:team:1ea33e423fda711df3254bb510eac95,Racoon,top,2020-08-02,4,406.15350882,399.81887114,0.03999631
oe:player:ab921907d86cd2439d6bd3e4af1aec5,Deidara,oe:team:cd6b4265231d4ba346274357681c335,aNc Outplayed,top,2020-02-13,1,475.71065990,402.80389367,0.49909361
oe:player:ab921907d86cd2439d6bd3e4af1aec5,Deidara,oe:team:cd6b4265231d4ba346274357681c335,aNc Outplayed,top,2020-02-19,1,590.66272189,425.20466210,1.13266662
oe:player:ab921907d86cd2439d6bd3e4af1aec5,Deidara,oe:team:cd6b4265231d4ba346274357681c335,aNc Outplayed,top,2020-02-20,1,674.01418440,477.76930426,1.34342217
oe:player:ab921907d86cd2439d6bd3e4af1aec5,Deidara,oe:team:cd6b4265231d4ba346274357681c335,aNc Outplayed,top,2020-02-25,1,544.42105263,424.54680020,0.82061620
oe:player:ab921907d86cd2439d6bd3e4af1aec5,Deidara,oe:team:cd6b4265231d4ba346274357681c335,aNc Outplayed,top,2020-02-26,1,496.34584013,465.51537769,0.21105431
oe:player:ab921907d86cd2439d6bd3e4af1aec5,Deidara,oe:team:cd6b4265231d4ba346274357681c335,aNc Outplayed,top,2020-03-11,5,369.47071607,430.20080719,-0.41573646
oe:player:abc2ceda16cf91c71b1f8974dd087be,PesE,oe:team:1814e10e29c1ebec936f15aa87797bd,YDN Esports,top,2020-05-27,1,356.94290976,494.63412334,-0.94929339
oe:player:abc2ceda16cf91c71b1f8974dd087be,PesE,oe:team:1814e10e29c1ebec936f15aa87797bd,YDN Esports,top,2020-05-28,1,348.40230487,469.90667007,-0.83769536
oe:player:abc2ceda16cf91c71b1f8974dd087be,PesE,oe:team:1814e10e29c1ebec936f15aa87797bd,YDN Esports,top,2020-06-03,1,0.00000000,518.61302882,-3.57550715
oe:player:abc2ceda16cf91c71b1f8974dd087be,PesE,oe:team:1814e10e29c1ebec936f15aa87797bd,YDN Esports,top,2020-06-04,1,232.81933257,493.85734396,-1.79969114
oe:player:abc2ceda16cf91c71b1f8974dd087be,PesE,oe:team:1814e10e29c1ebec936f15aa87797bd,YDN Esports,top,2020-06-10,1,228.62267777,454.66632617,-1.55842726
oe:player:abc2ceda16cf91c71b1f8974dd087be,PesE,oe:team:1814e10e29c1ebec936f15aa87797bd,YDN Esports,top,2020-06-11,1,246.44036697,407.88840121,-1.11308156
oe:player:abc2ceda16cf91c71b1f8974dd087be,PesE,oe:team:1814e10e29c1ebec936f15aa87797bd,YDN Esports,top,2020-06-17,1,236.01713062,405.69289647,-1.05709636
oe:player:abc2ceda16cf91c71b1f8974dd087be,PesE,oe:team:1814e10e29c1ebec936f15aa87797bd,YDN Esports,top,2020-06-18,1,422.21733392,506.85234825,-0.52728429
oe:player:abc2ceda16cf91c71b1f8974dd087be,PesE,oe:team:1814e10e29c1ebec936f15aa87797bd,YDN Esports,top,2020-06-24,1,436.15251300,456.06405084,-0.12405080
oe:player:abc2ceda16cf91c71b1f8974dd087be,PesE,oe:team:1814e10e29c1ebec936f15aa87797bd,YDN Esports,top,2020-06-25,1,527.00187970,489.06185988,0.23636998
oe:player:abc2ceda16cf91c71b1f8974dd087be,PesE,oe:team:1814e10e29c1ebec936f15aa87797bd,YDN Esports,top,2020-07-01,1,272.86372614,449.33314656,-1.09942148
oe:player:abc2ceda16cf91c71b1f8974dd087be,PesE,oe:team:1814e10e29c1ebec936f15aa87797bd,YDN Esports,top,2020-07-02,1,217.09090909,454.28436941,-1.47773810
oe:player:abc2ceda16cf91c71b1f8974dd087be,PesE,oe:team:1814e10e29c1ebec936f15aa87797bd,YDN Esports,top,2020-07-08,1,55.45631068,400.60055929,-2.15028190
oe:player:abc2ceda16cf91c71b1f8974dd087be,PesE,oe:team:1814e10e29c1ebec936f15aa87797bd,YDN Esports,top,2020-07-09,2,334.06451081,454.19080409,-0.74839837
oe:player:ae47062e8906d12c9f92a2ec49fce87,Endz,oe:team:1814e10e29c1ebec936f15aa87797bd,YDN Esports,bot,2020-02-13,1,1037.44258873,528.44114140,2.47870104
oe:player:ae47062e8906d12c9f92a2ec49fce87,Endz,oe:team:1814e10e29c1ebec936f15aa87797bd,YDN Esports,bot,2020-02-19,1,444.72611465,513.43855826,-0.33461124
oe:player:ae47062e8906d12c9f92a2ec49fce87,Endz,oe:team:1814e10e29c1ebec936f15aa87797bd,YDN Esports,bot,2020-02-20,1,445.61351947,485.78918773,-0.19564477
oe:player:ae47062e8906d12c9f92a2ec49fce87,Endz,oe:team:1814e10e29c1ebec936f15aa87797bd,YDN Esports,bot,2020-02-25,1,342.28860759,497.79027944,-0.75725159
oe:player:ae47062e8906d12c9f92a2ec49fce87,Endz,oe:team:1814e10e29c1ebec936f15aa87797bd,YDN Esports,bot,2020-02-26,1,764.65636654,556.19303863,1.01516071
oe:player:ae47062e8906d12c9f92a2ec49fce87,Endz,oe:team:1814e10e29c1ebec936f15aa87797bd,YDN Esports,bot,2020-02-27,1,367.48291572,420.64712344,-0.25889549
oe:player:ae47062e8906d12c9f92a2ec49fce87,Endz,oe:team:1814e10e29c1ebec936f15aa87797bd,YDN Esports,bot,2020-03-12,5,479.76865149,497.10813989,-0.08655662
oe:player:ae47062e8906d12c9f92a2ec49fce87,Endz,oe:team:22042a8a81add8ab741dcfc6c8985ca,Mkers,bot,2020-05-27,1,293.01274623,480.98593564,-0.93833936
oe:player:ae47062e8906d12c9f92a2ec49fce87,Endz,oe:team:22042a8a81add8ab741dcfc6c8985ca,Mkers,bot,2020-05-28,1,510.50075873,525.31799590,-0.07396585
oe:player:ae47062e8906d12c9f92a2ec49fce87,Endz,oe:team:22042a8a81add8ab741dcfc6c8985ca,Mkers,bot,2020-06-03,1,405.11087645,467.08920630,-0.30938830
oe:player:ae47062e8906d12c9f92a2ec49fce87,Endz,oe:team:22042a8a81add8ab741dcfc6c8985ca,Mkers,bot,2020-06-04,1,487.93556592,496.85630354,-0.04453124
oe:player:ae47062e8906d12c9f92a2ec49fce87,Endz,oe:team:22042a8a81add8ab741dcfc6c8985ca,Mkers,bot,2020-06-10,1,643.39525945,483.21003505,0.79962521
oe:player:ae47062e8906d12c9f92a2ec49fce87,Endz,oe:team:22042a8a81add8ab741dcfc6c8985ca,Mkers,bot,2020-06-11,1,297.51456311,506.76392868,-1.04454745
oe:player:ae47062e8906d12c9f92a2ec49fce87,Endz,oe:team:22042a8a81add8ab741dcfc6c8985ca,Mkers,bot,2020-06-17,1,506.68269231,491.87763158,0.07226018
oe:player:ae47062e8906d12c9f92a2ec49fce87,Endz,oe:team:22042a8a81add8ab741dcfc6c8985ca,Mkers,bot,2020-06-18,1,457.66381766,578.12941273,-0.58796555
oe:player:ae47062e8906d12c9f92a2ec49fce87,Endz,oe:team:22042a8a81add8ab741dcfc6c8985ca,Mkers,bot,2020-06-24,1,609.69381107,543.69864150,0.32210762
oe:player:ae47062e8906d12c9f92a2ec49fce87,Endz,oe:team:22042a8a81add8ab741dcfc6c8985ca,Mkers,bot,2020-06-25,1,679.74647887,434.56728031,1.19666467
oe:player:ae47062e8906d12c9f92a2ec49fce87,Endz,oe:team:22042a8a81add8ab741dcfc6c8985ca,Mkers,bot,2020-07-01,1,728.85064536,504.99399639,1.09259409
oe:player:ae47062e8906d12c9f92a2ec49fce87,Endz,oe:team:22042a8a81add8ab741dcfc6c8985ca,Mkers,bot,2020-07-02,1,826.11912226,546.42201051,1.36513887
oe:player:ae47062e8906d12c9f92a2ec49fce87,Endz,oe:team:22042a8a81add8ab741dcfc6c8985ca,Mkers,bot,2020-07-08,1,493.70988447,551.76644635,-0.28336106
oe:player:ae47062e8906d12c9f92a2ec49fce87,Endz,oe:team:22042a8a81add8ab741dcfc6c8985ca,Mkers,bot,2020-07-09,1,677.86694826,560.76878302,0.57152988
oe:player:ae47062e8906d12c9f92a2ec49fce87,Endz,oe:team:22042a8a81add8ab741dcfc6c8985ca,Mkers,bot,2020-07-13,5,454.41981630,486.98775392,-0.15581007
oe:player:ae47062e8906d12c9f92a2ec49fce87,Endz,oe:team:22042a8a81add8ab741dcfc6c8985ca,Mkers,bot,2020-07-21,4,378.26108155,501.08331328,-0.58760064
oe:player:ae47062e8906d12c9f92a2ec49fce87,Endz,oe:team:22042a8a81add8ab741dcfc6c8985ca,Mkers,bot,2020-07-26,4,435.10099892,586.32189327,-0.72346426
oe:player:b021d02e17045078576b0bb66fae869,Rawbin IV,oe:team:22042a8a81add8ab741dcfc6c8985ca,Mkers,jng,2020-05-27,1,494.66975666,304.28227360,1.29176348
oe:player:b021d02e17045078576b0bb66fae869,Rawbin IV,oe:team:22042a8a81add8ab741dcfc6c8985ca,Mkers,jng,2020-05-28,1,463.42943854,287.83569072,1.19138920
oe:player:b021d02e17045078576b0bb66fae869,Rawbin IV,oe:team:22042a8a81add8ab741dcfc6c8985ca,Mkers,jng,2020-06-03,1,244.49841605,287.65899734,-0.29284101
oe:player:b021d02e17045078576b0bb66fae869,Rawbin IV,oe:team:22042a8a81add8ab741dcfc6c8985ca,Mkers,jng,2020-06-04,1,180.30521407,293.98195810,-0.77128740
oe:player:b021d02e17045078576b0bb66fae869,Rawbin IV,oe:team:22042a8a81add8ab741dcfc6c8985ca,Mkers,jng,2020-06-10,1,209.17360666,307.23390468,-0.66533109
oe:player:b021d02e17045078576b0bb66fae869,Rawbin IV,oe:team:22042a8a81add8ab741dcfc6c8985ca,Mkers,jng,2020-06-11,1,159.06796117,338.16755849,-1.21517610
oe:player:b021d02e17045078576b0bb66fae869,Rawbin IV,oe:team:22042a8a81add8ab741dcfc6c8985ca,Mkers,jng,2020-06-17,1,296.97115385,257.37749612,0.27006656
oe:player:b021d02e17045078576b0bb66fae869,Rawbin IV,oe:team:22042a8a81add8ab741dcfc6c8985ca,Mkers,jng,2020-06-18,1,752.36467236,378.75643753,2.54836496
oe:player:b021d02e17045078576b0bb66fae869,Rawbin IV,oe:team:22042a8a81add8ab741dcfc6c8985ca,Mkers,jng,2020-06-24,1,516.93811075,381.28979973,0.92525103
oe:player:b021d02e17045078576b0bb66fae869,Rawbin IV,oe:team:22042a8a81add8ab741dcfc6c8985ca,Mkers,jng,2020-06-25,1,483.57746479,296.23094408,1.27788219
oe:player:b021d02e17045078576b0bb66fae869,Rawbin IV,oe:team:22042a8a81add8ab741dcfc6c8985ca,Mkers,jng,2020-07-01,1,341.30301168,247.27192589,0.64138181
oe:player:b021d02e17045078576b0bb66fae869,Rawbin IV,oe:team:22042a8a81add8ab741dcfc6c8985ca,Mkers,jng,2020-07-02,1,332.12539185,286.33136166,0.31235902
oe:player:b021d02e17045078576b0bb66fae869,Rawbin IV,oe:team:22042a8a81add8ab741dcfc6c8985ca,Mkers,jng,2020-07-08,1,380.75738126,337.91717917,0.29221109
oe:player:b021d02e17045078576b0bb66fae869,Rawbin IV,oe:team:22042a8a81add8ab741dcfc6c8985ca,Mkers,jng,2020-07-09,1,517.91974657,332.57549877,1.26422478
oe:player:b021d02e17045078576b0bb66fae869,Rawbin IV,oe:team:22042a8a81add8ab741dcfc6c8985ca,Mkers,jng,2020-07-13,5,312.74782554,312.88390943,-0.00093980
oe:player:b021d02e17045078576b0bb66fae869,Rawbin IV,oe:team:22042a8a81add8ab741dcfc6c8985ca,Mkers,jng,2020-07-21,4,171.22722821,288.34840311,-0.80884713
oe:player:b021d02e17045078576b0bb66fae869,Rawbin IV,oe:team:22042a8a81add8ab741dcfc6c8985ca,Mkers,jng,2020-07-26,4,206.07962135,324.28822108,-0.81635696
oe:player:b021d02e17045078576b0bb66fae869,Rawbin IV,oe:team:e82c09af2170776b35900be0ac82aa7,Campus Party Sparks,jng,2020-02-13,1,478.21503132,263.43008975,1.48725117
oe:player:b021d02e17045078576b0bb66fae869,Rawbin IV,oe:team:e82c09af2170776b35900be0ac82aa7,Campus Party Sparks,jng,2020-02-19,1,143.28994083,295.76396983,-1.05578713
oe:player:b021d02e17045078576b0bb66fae869,Rawbin IV,oe:team:e82c09af2170776b35900be0ac82aa7,Campus Party Sparks,jng,2020-02-20,1,316.02157788,252.66205493,0.43872500
oe:player:b021d02e17045078576b0bb66fae869,Rawbin IV,oe:team:e82c09af2170776b35900be0ac82aa7,Campus Party Sparks,jng,2020-02-25,1,256.88715953,293.78914313,-0.25552312
oe:player:b021d02e17045078576b0bb66fae869,Rawbin IV,oe:team:e82c09af2170776b35900be0ac82aa7,Campus Party Sparks,jng,2020-02-26,1,288.41379310,289.96526031,-0.01074294
oe:player:b021d02e17045078576b0bb66fae869,Rawbin IV,oe:team:e82c09af2170776b35900be0ac82aa7,Campus Party Sparks,jng,2020-02-27,1,138.66359447,295.51801945,-1.08611863
oe:player:b021d02e17045078576b0bb66fae869,Rawbin IV,oe:team:e82c09af2170776b35900be0ac82aa7,Campus Party Sparks,jng,2020-03-03,2,329.63436453,250.12117343,0.55057904
oe:player:b366e140eae91b8d8f8c03294238f32,StenBosse,oe:team:9efc9069228bc0817c7a9bac775daa7,Samsung Morning Stars,top,2020-02-13,1,187.33502538,380.42160346,-1.32180157
oe:player:b366e140eae91b8d8f8c03294238f32,StenBosse,oe:team:9efc9069228bc0817c7a9bac775daa7,Samsung Morning Stars,top,2020-02-19,1,622.38702202,457.47291031,1.12894295
oe:player:b366e140eae91b8d8f8c03294238f32,StenBosse,oe:team:9efc9069228bc0817c7a9bac775daa7,Samsung Morning Stars,top,2020-02-20,1,471.82737694,397.11248623,0.51147139
oe:player:b366e140eae91b8d8f8c03294238f32,StenBosse,oe:team:9efc9069228bc0817c7a9bac775daa7,Samsung Morning Stars,top,2020-02-25,1,613.94914375,443.51588994,1.16672502
oe:player:b366e140eae91b8d8f8c03294238f32,StenBosse,oe:team:9efc9069228bc0817c7a9bac775daa7,Samsung Morning Stars,top,2020-02-26,1,778.80058508,499.98244327,1.90868915
oe:player:b366e140eae91b8d8f8c03294238f32,StenBosse,oe:team:9efc9069228bc0817c7a9bac775daa7,Samsung Morning Stars,top,2020-02-27,1,687.30068337,351.83973195,2.29644554
oe:player:b366e140eae91b8d8f8c03294238f32,StenBosse,oe:team:9efc9069228bc0817c7a9bac775daa7,Samsung Morning Stars,top,2020-03-03,2,657.97854209,436.83225204,1.51388831
oe:player:b366e140eae91b8d8f8c03294238f32,StenBosse,oe:team:9efc9069228bc0817c7a9bac775daa7,Samsung Morning Stars,top,2020-03-12,5,484.54631978,455.57252352,0.19975591
oe:player:b366e140eae91b8d8f8c03294238f32,StenBosse,oe:team:9efc9069228bc0817c7a9bac775daa7,Samsung Morning Stars,top,2020-05-27,1,91.79190751,423.23848525,-2.28511345
oe:player:b366e140eae91b8d8f8c03294238f32,StenBosse,oe:team:9efc9069228bc0817c7a9bac775daa7,Samsung Morning Stars,top,2020-05-28,1,590.41237113,475.13751581,0.79474685
oe:player:b366e140eae91b8d8f8c03294238f32,StenBosse,oe:team:9efc9069228bc0817c7a9bac775daa7,Samsung Morning Stars,top,2020-06-03,1,336.20908131,432.81685814,-0.66604921
oe:player:b366e140eae91b8d8f8c03294238f32,StenBosse,oe:team:9efc9069228bc0817c7a9bac775daa7,Samsung Morning Stars,top,2020-06-04,1,524.32922878,477.72111208,0.32133334
oe:player:b366e140eae91b8d8f8c03294238f32,StenBosse,oe:team:9efc9069228bc0817c7a9bac775daa7,Samsung Morning Stars,top,2020-06-10,1,544.29454171,515.85634587,0.19606328
oe:player:b366e140eae91b8d8f8c03294238f32,StenBosse,oe:team:9efc9069228bc0817c7a9bac775daa7,Samsung Morning Stars,top,2020-06-11,1,839.50458716,442.62810913,2.73621102
oe:player:b366e140eae91b8d8f8c03294238f32,StenBosse,oe:team:9efc9069228bc0817c7a9bac775daa7,Samsung Morning Stars,top,2020-06-17,1,359.88424437,458.67399857,-0.61546968
oe:player:b366e140eae91b8d8f8c03294238f32,StenBosse,oe:team:9efc9069228bc0817c7a9bac775daa7,Samsung Morning Stars,top,2020-06-18,1,544.85896269,434.31602881,0.68869312
oe:player:b366e140eae91b8d8f8c03294238f32,StenBosse,oe:team:9efc9069228bc0817c7a9bac775daa7,Samsung Morning Stars,top,2020-06-24,1,375.35545024,453.57233776,-0.48729874
oe:player:b366e140eae91b8d8f8c03294238f32,StenBosse,oe:team:9efc9069228bc0817c7a9bac775daa7,Samsung Morning Stars,top,2020-06-25,1,613.43661972,424.83695831,1.17499405
oe:player:b366e140eae91b8d8f8c03294238f32,StenBosse,oe:team:9efc9069228bc0817c7a9bac775daa7,Samsung Morning Stars,top,2020-07-01,1,573.28877005,513.67540291,0.37139702
oe:player:b366e140eae91b8d8f8c03294238f32,StenBosse,oe:team:9efc9069228bc0817c7a9bac775daa7,Samsung Morning Stars,top,2020-07-02,1,563.76421923,487.41685104,0.47565146
oe:player:b366e140eae91b8d8f8c03294238f32,StenBosse,oe:team:9efc9069228bc0817c7a9bac775daa7,Samsung Morning Stars,top,2020-07-08,1,472.77669903,466.47194578,0.03927922
oe:player:b366e140eae91b8d8f8c03294238f32,StenBosse,oe:team:9efc9069228bc0817c7a9bac775daa7,Samsung Morning Stars,top,2020-07-09,1,548.02453988,433.13803479,0.71575399
oe:player:b366e140eae91b8d8f8c03294238f32,StenBosse,oe:team:9efc9069228bc0817c7a9bac775daa7,Samsung Morning Stars,top,2020-07-14,4,408.35854358,410.75328230,-0.01512016
oe:player:b366e140eae91b8d8f8c03294238f32,StenBosse,oe:team:9efc9069228bc0817c7a9bac775daa7,Samsung Morning Stars,top,2020-07-21,4,295.41378464,414.61543035,-0.75262808
oe:player:b366e140eae91b8d8f8c03294238f32,StenBosse,oe:team:9efc9069228bc0817c7a9bac775daa7,Samsung Morning Stars,top,2020-08-02,4,470.48107335,403.88745916,0.42046587
oe:player:b48b5c19883ff4b6790649f23c6d0db,MjrDee,oe:team:7894460f171d66e8ffc149c05b056a8,Cyberground Gaming,sup,2020-02-13,1,146.39059877,296.27437593,-1.94066503
oe:player:b48b5c19883ff4b6790649f23c6d0db,MjrDee,oe:team:7894460f171d66e8ffc149c05b056a8,Cyberground Gaming,sup,2020-02-19,1,178.21487603,257.13899155,-1.02189359
oe:player:b48b5c19883ff4b6790649f23c6d0db,MjrDee,oe:team:7894460f171d66e8ffc149c05b056a8,Cyberground Gaming,sup,2020-02-20,1,121.06741573,273.54835970,-1.97429262
oe:player:b48b5c19883ff4b6790649f23c6d0db,MjrDee,oe:team:7894460f171d66e8ffc149c05b056a8,Cyberground Gaming,sup,2020-02-25,1,134.19823560,203.16006173,-0.89290387
oe:player:b48b5c19883ff4b6790649f23c6d0db,MjrDee,oe:team:7894460f171d66e8ffc149c05b056a8,Cyberground Gaming,sup,2020-02-26,1,181.69419286,205.80525207,-0.31218515
oe:player:b48b5c19883ff4b6790649f23c6d0db,MjrDee,oe:team:7894460f171d66e8ffc149c05b056a8,Cyberground Gaming,sup,2020-02-27,1,128.95734597,250.97131417,-1.57981234
oe:player:b48b5c19883ff4b6790649f23c6d0db,MjrDee,oe:team:7894460f171d66e8ffc149c05b056a8,Cyberground Gaming,sup,2020-03-03,3,155.84652467,263.48140115,-1.39363475
oe:player:b5eb44eff14a0f0624058aa192e3e5e,GentlemanHero,oe:team:11f5f2c70a8b02dc6d17fac94c126c9,MOBA ROG,top,2020-02-13,1,568.27084499,493.76351549,0.51005050
oe:player:b5eb44eff14a0f0624058aa192e3e5e,GentlemanHero,oe:team:11f5f2c70a8b02dc6d17fac94c126c9,MOBA ROG,top,2020-02-19,1,343.10828025,363.29733284,-0.13820702
oe:player:b5eb44eff14a0f0624058aa192e3e5e,GentlemanHero,oe:team:11f5f2c70a8b02dc6d17fac94c126c9,MOBA ROG,top,2020-02-20,1,777.13475177,399.68553253,2.58388219
oe:player:b5eb44eff14a0f0624058aa192e3e5e,GentlemanHero,oe:team:11f5f2c70a8b02dc6d17fac94c126c9,MOBA ROG,top,2020-02-25,1,370.81712062,407.71916418,-0.25261818
oe:player:b5eb44eff14a0f0624058aa192e3e5e,GentlemanHero,oe:team:11f5f2c70a8b02dc6d17fac94c126c9,MOBA ROG,top,2020-02-26,1,500.50706972,374.81782601,0.86042355
oe:player:b5eb44eff14a0f0624058aa192e3e5e,GentlemanHero,oe:team:11f5f2c70a8b02dc6d17fac94c126c9,MOBA ROG,top,2020-02-27,1,777.18849840,426.83354325,2.39840456
oe:player:bd107bc280a96aa29bf95bad6fbff17,aki,oe:team:9efc9069228bc0817c7a9bac775daa7,Samsung Morning Stars,mid,2020-02-13,1,597.99492386,433.93408034,0.93258909
oe:player:bd107bc280a96aa29bf95bad6fbff17,aki,oe:team:9efc9069228bc0817c7a9bac775daa7,Samsung Morning Stars,mid,2020-02-19,1,246.18771727,428.76307920,-1.03783321
oe:player:bd107bc280a96aa29bf95bad6fbff17,aki,oe:team:9efc9069228bc0817c7a9bac775daa7,Samsung Morning Stars,mid,2020-02-20,1,409.35940661,408.30827414,0.00597507
oe:player:bd107bc280a96aa29bf95bad6fbff17,aki,oe:team:9efc9069228bc0817c7a9bac775daa7,Samsung Morning Stars,mid,2020-02-25,1,313.94914375,480.53520481,-0.94694347
oe:player:bd107bc280a96aa29bf95bad6fbff17,aki,oe:team:9efc9069228bc0817c7a9bac775daa7,Samsung Morning Stars,mid,2020-02-26,1,426.99171136,480.64275127,-0.30497451
oe:player:bd107bc280a96aa29bf95bad6fbff17,aki,oe:team:9efc9069228bc0817c7a9bac775daa7,Samsung Morning Stars,mid,2020-02-27,1,532.07289294,383.29677606,0.84570444
oe:player:bd107bc280a96aa29bf95bad6fbff17,aki,oe:team:9efc9069228bc0817c7a9bac775daa7,Samsung Morning Stars,mid,2020-03-03,2,485.19272122,434.21239833,0.28979306
oe:player:bd107bc280a96aa29bf95bad6fbff17,aki,oe:team:9efc9069228bc0817c7a9bac775daa7,Samsung Morning Stars,mid,2020-03-12,5,349.36861836,450.24788062,-0.60164791
oe:player:bd107bc280a96aa29bf95bad6fbff17,aki,oe:team:cd6b4265231d4ba346274357681c335,aNc Outplayed,mid,2020-05-27,1,482.78099652,463.28519105,0.11627376
oe:player:bd107bc280a96aa29bf95bad6fbff17,aki,oe:team:cd6b4265231d4ba346274357681c335,aNc Outplayed,mid,2020-05-28,1,301.02061856,457.17825663,-0.93133034
oe:player:bd107bc280a96aa29bf95bad6fbff17,aki,oe:team:cd6b4265231d4ba346274357681c335,aNc Outplayed,mid,2020-06-03,1,780.65484311,484.68278105,1.76518909
oe:player:bd107bc280a96aa29bf95bad6fbff17,aki,oe:team:cd6b4265231d4ba346274357681c335,aNc Outplayed,mid,2020-06-04,1,467.81357883,470.98829881,-0.01893416
oe:player:bd107bc280a96aa29bf95bad6fbff17,aki,oe:team:cd6b4265231d4ba346274357681c335,aNc Outplayed,mid,2020-06-10,1,499.58666040,485.39987078,0.08461057
oe:player:bd107bc280a96aa29bf95bad6fbff17,aki,oe:team:cd6b4265231d4ba346274357681c335,aNc Outplayed,mid,2020-06-11,1,528.64655172,505.07338630,0.14059129
oe:player:bd107bc280a96aa29bf95bad6fbff17,aki,oe:team:cd6b4265231d4ba346274357681c335,aNc Outplayed,mid,2020-06-17,1,756.90528634,595.40344047,0.85276960
oe:player:bd107bc280a96aa29bf95bad6fbff17,aki,oe:team:cd6b4265231d4ba346274357681c335,aNc Outplayed,mid,2020-06-18,1,557.66381766,555.71470985,0.01029177
oe:player:bd107bc280a96aa29bf95bad6fbff17,aki,oe:team:cd6b4265231d4ba346274357681c335,aNc Outplayed,mid,2020-06-24,1,603.90348988,484.98500099,0.62791897
oe:player:bd107bc280a96aa29bf95bad6fbff17,aki,oe:team:cd6b4265231d4ba346274357681c335,aNc Outplayed,mid,2020-06-25,1,412.12812637,503.79247763,-0.48401040
oe:player:bd107bc280a96aa29bf95bad6fbff17,aki,oe:team:cd6b4265231d4ba346274357681c335,aNc Outplayed,mid,2020-07-01,1,557.06385780,526.86972977,0.15943245
oe:player:bd107bc280a96aa29bf95bad6fbff17,aki,oe:team:cd6b4265231d4ba346274357681c335,aNc Outplayed,mid,2020-07-02,1,692.69643867,544.64122872,0.78176805
oe:player:bd107bc280a96aa29bf95bad6fbff17,aki,oe:team:cd6b4265231d4ba346274357681c335,aNc Outplayed,mid,2020-07-08,1,470.69026549,515.25194601,-0.23529667
oe:player:bd107bc280a96aa29bf95bad6fbff17,aki,oe:team:cd6b4265231d4ba346274357681c335,aNc Outplayed,mid,2020-07-09,1,538.94456290,570.06497149,-0.16432344
oe:player:bd107bc280a96aa29bf95bad6fbff17,aki,oe:team:cd6b4265231d4ba346274357681c335,aNc Outplayed,mid,2020-07-13,5,588.85049856,501.30446523,0.43762679
oe:player:bd107bc280a96aa29bf95bad6fbff17,aki,oe:team:cd6b4265231d4ba346274357681c335,aNc Outplayed,mid,2020-07-22,4,504.01076728,504.34942209,-0.00169287
oe:player:bf4680a824168dbc1b4e9e038b6ccc9,Rharesh,oe:team:1ea33e423fda711df3254bb510eac95,Racoon,bot,2020-02-13,1,572.38689548,487.07948658,0.41542429
oe:player:bf4680a824168dbc1b4e9e038b6ccc9,Rharesh,oe:team:1ea33e423fda711df3254bb510eac95,Racoon,bot,2020-02-19,1,319.81460023,454.21393978,-0.65448887
oe:player:bf4680a824168dbc1b4e9e038b6ccc9,Rharesh,oe:team:1ea33e423fda711df3254bb510eac95,Racoon,bot,2020-02-20,1,604.38202247,527.32747371,0.37523506
oe:player:bf4680a824168dbc1b4e9e038b6ccc9,Rharesh,oe:team:1ea33e423fda711df3254bb510eac95,Racoon,bot,2020-02-25,1,643.01772152,487.54577034,0.75710686
oe:player:bf4680a824168dbc1b4e9e038b6ccc9,Rharesh,oe:team:1ea33e423fda711df3254bb510eac95,Racoon,bot,2020-02-26,1,483.16476346,522.84573728,-0.19323574
oe:player:bf4680a824168dbc1b4e9e038b6ccc9,Rharesh,oe:team:1ea33e423fda711df3254bb510eac95,Racoon,bot,2020-02-27,1,532.18894009,497.68169047,0.16804109
oe:player:bf4680a824168dbc1b4e9e038b6ccc9,Rharesh,oe:team:1ea33e423fda711df3254bb510eac95,Racoon,bot,2020-03-03,3,649.83844053,573.25220475,0.37295450
oe:player:bf4680a824168dbc1b4e9e038b6ccc9,Rharesh,oe:team:1ea33e423fda711df3254bb510eac95,Racoon,bot,2020-03-11,5,630.51062725,494.37607350,0.66293890
oe:player:bf4680a824168dbc1b4e9e038b6ccc9,Rharesh,oe:team:1ea33e423fda711df3254bb510eac95,Racoon,bot,2020-03-29,4,676.99864461,480.12073132,0.98279066
oe:player:bf4680a824168dbc1b4e9e038b6ccc9,Rharesh,oe:team:1ea33e423fda711df3254bb510eac95,Racoon,bot,2020-05-27,1,630.06857143,514.54253905,0.57669194
oe:player:bf4680a824168dbc1b4e9e038b6ccc9,Rharesh,oe:team:1ea33e423fda711df3254bb510eac95,Racoon,bot,2020-05-28,1,571.64933135,495.66640689,0.37929754
oe:player:bf4680a824168dbc1b4e9e038b6ccc9,Rharesh,oe:team:1ea33e423fda711df3254bb510eac95,Racoon,bot,2020-06-03,1,257.78990450,466.08884783,-1.03980306
oe:player:bf4680a824168dbc1b4e9e038b6ccc9,Rharesh,oe:team:1ea33e423fda711df3254bb510eac95,Racoon,bot,2020-06-04,1,747.39296312,558.24102972,0.94422350
oe:player:bf4680a824168dbc1b4e9e038b6ccc9,Rharesh,oe:team:1ea33e423fda711df3254bb510eac95,Racoon,bot,2020-06-10,1,429.79402678,491.00373064,-0.30555142
oe:player:bf4680a824168dbc1b4e9e038b6ccc9,Rharesh,oe:team:1ea33e423fda711df3254bb510eac95,Racoon,bot,2020-06-11,1,628.24548736,502.21884604,0.62910970
oe:player:bf4680a824168dbc1b4e9e038b6ccc9,Rharesh,oe:team:1ea33e423fda711df3254bb510eac95,Racoon,bot,2020-06-17,1,409.16488223,447.85375669,-0.18883172
oe:player:bf4680a824168dbc1b4e9e038b6ccc9,Rharesh,oe:team:1ea33e423fda711df3254bb510eac95,Racoon,bot,2020-06-18,1,158.13161528,484.16016934,-1.59127224
oe:player:bf4680a824168dbc1b4e9e038b6ccc9,Rharesh,oe:team:1ea33e423fda711df3254bb510eac95,Racoon,bot,2020-06-24,1,976.21285418,532.15019193,2.16737025
oe:player:bf4680a824168dbc1b4e9e038b6ccc9,Rharesh,oe:team:1ea33e423fda711df3254bb510eac95,Racoon,bot,2020-06-25,1,299.94734533,548.35109321,-1.21240298
oe:player:bf4680a824168dbc1b4e9e038b6ccc9,Rharesh,oe:team:1ea33e423fda711df3254bb510eac95,Racoon,bot,2020-07-01,1,311.32145052,514.71217679,-0.99270451
oe:player:bf4680a824168dbc1b4e9e038b6ccc9,Rharesh,oe:team:1ea33e423fda711df3254bb510eac95,Racoon,bot,2020-07-02,1,265.59462254,442.92329553,-0.86550148
oe:player:bf4680a824168dbc1b4e9e038b6ccc9,Rharesh,oe:team:1ea33e423fda711df3254bb510eac95,Racoon,bot,2020-07-08,1,368.58996540,556.72368657,-0.91823849
oe:player:bf4680a824168dbc1b4e9e038b6ccc9,Rharesh,oe:team:1ea33e423fda711df3254bb510eac95,Racoon,bot,2020-07-09,1,704.62002413,528.67278699,0.85875900
oe:player:bf4680a824168dbc1b4e9e038b6ccc9,Rharesh,oe:team:1ea33e423fda711df3254bb510eac95,Racoon,bot,2020-07-14,4,499.71891344,487.67426192,0.05762348
oe:player:bf4680a824168dbc1b4e9e038b6ccc9,Rharesh,oe:team:1ea33e423fda711df3254bb510eac95,Racoon,bot,2020-07-20,5,474.63229335,535.57191429,-0.29154462
oe:player:bf4680a824168dbc1b4e9e038b6ccc9,Rharesh,oe:team:1ea33e423fda711df3254bb510eac95,Racoon,bot,2020-07-22,4,570.90787334,448.86919983,0.58385198
oe:player:bf4680a824168dbc1b4e9e038b6ccc9,Rharesh,oe:team:1ea33e423fda711df3254bb510eac95,Racoon,bot,2020-07-26,4,468.80095843,437.83742545,0.14813435
oe:player:bf4680a824168dbc1b4e9e038b6ccc9,Rharesh,oe:team:1ea33e423fda711df3254bb510eac95,Racoon,bot,2020-08-02,4,506.68733345,460.27994484,0.22202016
oe:player:c08f75d1d70bf068013b32f60fe96a5,Vigil,oe:team:e82c09af2170776b35900be0ac82aa7,Campus Party Sparks,mid,2020-02-13,1,751.12734864,383.99638319,2.08692292
oe:player:c08f75d1d70bf068013b32f60fe96a5,Vigil,oe:team:e82c09af2170776b35900be0ac82aa7,Campus Party Sparks,mid,2020-02-19,1,361.63313609,428.60215971,-0.38067939
oe:player:c08f75d1d70bf068013b32f60fe96a5,Vigil,oe:team:e82c09af2170776b35900be0ac82aa7,Campus Party Sparks,mid,2020-02-20,1,382.61631827,373.66371593,0.05089026
oe:player:c2b83cbec1a6ac75a6d4c7b28bce860,Ceasarna,oe:team:7894460f171d66e8ffc149c05b056a8,Cyberground Gaming,jng,2020-06-03,1,437.71978022,368.31966878,0.47087407
oe:player:c2b83cbec1a6ac75a6d4c7b28bce860,Ceasarna,oe:team:7894460f171d66e8ffc149c05b056a8,Cyberground Gaming,jng,2020-06-04,1,326.79196371,322.47279955,0.02930518
oe:player:c2b83cbec1a6ac75a6d4c7b28bce860,Ceasarna,oe:team:7894460f171d66e8ffc149c05b056a8,Cyberground Gaming,jng,2020-06-10,1,218.23008850,329.54247332,-0.75524542
oe:player:c2b83cbec1a6ac75a6d4c7b28bce860,Ceasarna,oe:team:7894460f171d66e8ffc149c05b056a8,Cyberground Gaming,jng,2020-06-11,1,162.02166065,276.12062070,-0.77415210
oe:player:c2b83cbec1a6ac75a6d4c7b28bce860,Ceasarna,oe:team:7894460f171d66e8ffc149c05b056a8,Cyberground Gaming,jng,2020-06-17,1,115.83700441,308.02560183,-1.31090978
oe:player:c2b83cbec1a6ac75a6d4c7b28bce860,Ceasarna,oe:team:7894460f171d66e8ffc149c05b056a8,Cyberground Gaming,jng,2020-06-18,1,695.71491421,384.32723016,2.12396138
oe:player:c2b83cbec1a6ac75a6d4c7b28bce860,Ceasarna,oe:team:7894460f171d66e8ffc149c05b056a8,Cyberground Gaming,jng,2020-06-24,1,157.83713355,294.08946336,-0.92937101
oe:player:c2b83cbec1a6ac75a6d4c7b28bce860,Ceasarna,oe:team:7894460f171d66e8ffc149c05b056a8,Cyberground Gaming,jng,2020-06-25,1,182.86800652,328.09585988,-0.99059265
oe:player:c2b83cbec1a6ac75a6d4c7b28bce860,Ceasarna,oe:team:7894460f171d66e8ffc149c05b056a8,Cyberground Gaming,jng,2020-07-01,1,312.29946524,302.43107392,0.06731185
oe:player:c2b83cbec1a6ac75a6d4c7b28bce860,Ceasarna,oe:team:7894460f171d66e8ffc149c05b056a8,Cyberground Gaming,jng,2020-07-02,1,348.96860987,353.06075598,-0.02791234
oe:player:c2b83cbec1a6ac75a6d4c7b28bce860,Ceasarna,oe:team:7894460f171d66e8ffc149c05b056a8,Cyberground Gaming,jng,2020-07-08,1,415.92560554,312.77008308,0.70361918
oe:player:c2b83cbec1a6ac75a6d4c7b28bce860,Ceasarna,oe:team:7894460f171d66e8ffc149c05b056a8,Cyberground Gaming,jng,2020-07-09,1,318.58208955,334.35200952,-0.10756591
oe:player:c2b83cbec1a6ac75a6d4c7b28bce860,Ceasarna,oe:team:7894460f171d66e8ffc149c05b056a8,Cyberground Gaming,jng,2020-07-15,4,460.80318850,339.46349647,0.83798051
oe:player:c2b83cbec1a6ac75a6d4c7b28bce860,Ceasarna,oe:team:7894460f171d66e8ffc149c05b056a8,Cyberground Gaming,jng,2020-07-20,5,354.15570865,323.46193326,0.21197339
oe:player:c5f3e376c7e4fc8febf4e84a3946487,Simpy,oe:team:8bcb5c0aa41c119da58107290671f4d,QLASH Forge,sup,2020-02-13,1,141.99687988,180.78516297,-0.50222289
oe:player:c5f3e376c7e4fc8febf4e84a3946487,Simpy,oe:team:8bcb5c0aa41c119da58107290671f4d,QLASH Forge,sup,2020-02-19,1,225.55371901,240.35052380,-0.19158606
oe:player:c5f3e376c7e4fc8febf4e84a3946487,Simpy,oe:team:8bcb5c0aa41c119da58107290671f4d,QLASH Forge,sup,2020-02-20,1,120.35268185,121.55236049,-0.01553320
oe:player:c5f3e376c7e4fc8febf4e84a3946487,Simpy,oe:team:8bcb5c0aa41c119da58107290671f4d,QLASH Forge,sup,2020-02-25,1,142.63157895,193.24253126,-0.65530044
oe:player:c5f3e376c7e4fc8febf4e84a3946487,Simpy,oe:team:8bcb5c0aa41c119da58107290671f4d,QLASH Forge,sup,2020-02-26,1,185.34482759,167.30308959,0.23360080
oe:player:c5f3e376c7e4fc8febf4e84a3946487,Simpy,oe:team:8bcb5c0aa41c119da58107290671f4d,QLASH Forge,sup,2020-02-27,1,156.93290735,258.10967806,-1.31001650
oe:player:cd59def3023c9e0be42a59a178eab0a,Taba,oe:team:8bcb5c0aa41c119da58107290671f4d,QLASH Forge,bot,2020-02-13,1,292.79251170,482.12983930,-0.92202219
oe:player:cd59def3023c9e0be42a59a178eab0a,Taba,oe:team:8bcb5c0aa41c119da58107290671f4d,QLASH Forge,bot,2020-02-19,1,577.15702479,480.97764202,0.46836790
oe:player:cd59def3023c9e0be42a59a178eab0a,Taba,oe:team:8bcb5c0aa41c119da58107290671f4d,QLASH Forge,bot,2020-02-20,1,507.28875827,409.62869804,0.47557840
oe:player:cd59def3023c9e0be42a59a178eab0a,Taba,oe:team:8bcb5c0aa41c119da58107290671f4d,QLASH Forge,bot,2020-02-25,1,480.60526316,457.26596758,0.11365613
oe:player:cd59def3023c9e0be42a59a178eab0a,Taba,oe:team:8bcb5c0aa41c119da58107290671f4d,QLASH Forge,bot,2020-02-26,1,377.62068966,443.66234970,-0.32160524
oe:player:cd59def3023c9e0be42a59a178eab0a,Taba,oe:team:8bcb5c0aa41c119da58107290671f4d,QLASH Forge,bot,2020-02-27,1,445.27156550,491.82813211,-0.22671804
oe:player:cd59def3023c9e0be42a59a178eab0a,Taba,oe:team:cd6b4265231d4ba346274357681c335,aNc Outplayed,bot,2020-05-27,1,515.31865585,578.06451033,-0.31321969
oe:player:cd59def3023c9e0be42a59a178eab0a,Taba,oe:team:cd6b4265231d4ba346274357681c335,aNc Outplayed,bot,2020-05-28,1,528.03092784,547.19625147,-0.09567097
oe:player:cd59def3023c9e0be42a59a178eab0a,Taba,oe:team:cd6b4265231d4ba346274357681c335,aNc Outplayed,bot,2020-06-03,1,340.21828104,596.44204110,-1.27903793
oe:player:cd59def3023c9e0be42a59a178eab0a,Taba,oe:team:cd6b4265231d4ba346274357681c335,aNc Outplayed,bot,2020-06-04,1,506.96202532,563.70657108,-0.28326189
oe:player:cd59def3023c9e0be42a59a178eab0a,Taba,oe:team:cd6b4265231d4ba346274357681c335,aNc Outplayed,bot,2020-06-10,1,785.21371536,519.73504369,1.32523732
oe:player:cd59def3023c9e0be42a59a178eab0a,Taba,oe:team:cd6b4265231d4ba346274357681c335,aNc Outplayed,bot,2020-06-11,1,839.37931034,539.46079207,1.49715686
oe:player:cd59def3023c9e0be42a59a178eab0a,Taba,oe:team:cd6b4265231d4ba346274357681c335,aNc Outplayed,bot,2020-06-17,1,393.03964758,649.10658826,-1.24980530
oe:player:cd59def3023c9e0be42a59a178eab0a,Taba,oe:team:cd6b4265231d4ba346274357681c335,aNc Outplayed,bot,2020-06-18,1,448.74643875,538.10610457,-0.43614449
oe:player:cd59def3023c9e0be42a59a178eab0a,Taba,oe:team:cd6b4265231d4ba346274357681c335,aNc Outplayed,bot,2020-06-24,1,542.92115467,570.12534228,-0.13277754
oe:player:cd59def3023c9e0be42a59a178eab0a,Taba,oe:team:cd6b4265231d4ba346274357681c335,aNc Outplayed,bot,2020-06-25,1,342.59763054,469.89165896,-0.62129360
oe:player:cd59def3023c9e0be42a59a178eab0a,Taba,oe:team:cd6b4265231d4ba346274357681c335,aNc Outplayed,bot,2020-07-01,1,393.65371955,520.55485040,-0.61937596
oe:player:cd59def3023c9e0be42a59a178eab0a,Taba,oe:team:cd6b4265231d4ba346274357681c335,aNc Outplayed,bot,2020-07-02,1,332.39118146,586.40842501,-1.23980119
oe:player:cd59def3023c9e0be42a59a178eab0a,Taba,oe:team:cd6b4265231d4ba346274357681c335,aNc Outplayed,bot,2020-07-08,1,228.07079646,493.76897355,-1.29681321
oe:player:cd59def3023c9e0be42a59a178eab0a,Taba,oe:team:cd6b4265231d4ba346274357681c335,aNc Outplayed,bot,2020-07-09,1,397.26012793,605.61845487,-1.01695026
oe:player:cd59def3023c9e0be42a59a178eab0a,Taba,oe:team:cd6b4265231d4ba346274357681c335,aNc Outplayed,bot,2020-07-13,5,530.37395141,511.81466519,0.08879051
oe:player:cd59def3023c9e0be42a59a178eab0a,Taba,oe:team:cd6b4265231d4ba346274357681c335,aNc Outplayed,bot,2020-07-22,4,611.53204579,474.88437888,0.65374367
oe:player:cda093b28f577696b82604fb20037ad,Fresskowy,oe:team:1ea33e423fda711df3254bb510eac95,Racoon,mid,2020-05-27,1,254.36571429,446.11332720,-1.14359035
oe:player:cda093b28f577696b82604fb20037ad,Fresskowy,oe:team:1ea33e423fda711df3254bb510eac95,Racoon,mid,2020-05-28,1,697.08766716,473.72418846,1.33214863
oe:player:cda093b28f577696b82604fb20037ad,Fresskowy,oe:team:1ea33e423fda711df3254bb510eac95,Racoon,mid,2020-06-03,1,755.36152797,469.83481287,1.70289263
oe:player:cda093b28f577696b82604fb20037ad,Fresskowy,oe:team:1ea33e423fda711df3254bb510eac95,Racoon,mid,2020-06-04,1,434.98092412,472.86211021,-0.22592489
oe:player:cda093b28f577696b82604fb20037ad,Fresskowy,oe:team:1ea33e423fda711df3254bb510eac95,Racoon,mid,2020-06-10,1,295.11843460,416.20413950,-0.72215994
oe:player:cda093b28f577696b82604fb20037ad,Fresskowy,oe:team:1ea33e423fda711df3254bb510eac95,Racoon,mid,2020-06-11,1,839.69675090,496.47314761,2.04699916
oe:player:cda093b28f577696b82604fb20037ad,Fresskowy,oe:team:1ea33e423fda711df3254bb510eac95,Racoon,mid,2020-06-17,1,952.29122056,549.40317382,2.12734831
oe:player:cda093b28f577696b82604fb20037ad,Fresskowy,oe:team:1ea33e423fda711df3254bb510eac95,Racoon,mid,2020-06-18,1,228.76208007,522.75687121,-1.55236505
oe:player:cda093b28f577696b82604fb20037ad,Fresskowy,oe:team:1ea33e423fda711df3254bb510eac95,Racoon,mid,2020-06-24,1,793.51762267,498.68920532,1.55676680
oe:player:cda093b28f577696b82604fb20037ad,Fresskowy,oe:team:1ea33e423fda711df3254bb510eac95,Racoon,mid,2020-06-25,1,308.74067573,468.62953597,-0.84425264
oe:player:cda093b28f577696b82604fb20037ad,Fresskowy,oe:team:1ea33e423fda711df3254bb510eac95,Racoon,mid,2020-07-01,1,351.85003073,424.08281895,-0.38140695
oe:player:cda093b28f577696b82604fb20037ad,Fresskowy,oe:team:1ea33e423fda711df3254bb510eac95,Racoon,mid,2020-07-02,1,985.99793175,439.06117090,2.88796107
oe:player:cda093b28f577696b82604fb20037ad,Fresskowy,oe:team:1ea33e423fda711df3254bb510eac95,Racoon,mid,2020-07-08,1,1001.15916955,545.64900403,2.40520609
oe:player:cda093b28f577696b82604fb20037ad,Fresskowy,oe:team:1ea33e423fda711df3254bb510eac95,Racoon,mid,2020-07-09,1,476.92400483,498.64840601,-0.11471020
oe:player:cda093b28f577696b82604fb20037ad,Fresskowy,oe:team:1ea33e423fda711df3254bb510eac95,Racoon,mid,2020-07-14,4,530.81730006,497.47691200,0.16666257
oe:player:cda093b28f577696b82604fb20037ad,Fresskowy,oe:team:1ea33e423fda711df3254bb510eac95,Racoon,mid,2020-07-20,5,698.52537264,589.19257543,0.54653488
oe:player:cda093b28f577696b82604fb20037ad,Fresskowy,oe:team:1ea33e423fda711df3254bb510eac95,Racoon,mid,2020-07-22,4,690.19749074,472.84834292,1.08648908
oe:player:cda093b28f577696b82604fb20037ad,Fresskowy,oe:team:1ea33e423fda711df3254bb510eac95,Racoon,mid,2020-07-26,4,462.50104706,491.45386378,-0.14472989
oe:player:cda093b28f577696b82604fb20037ad,Fresskowy,oe:team:1ea33e423fda711df3254bb510eac95,Racoon,mid,2020-08-02,4,402.45001634,477.75207339,-0.37642136
oe:player:d0f1bda8c77037b1f96242f46f97637,SkaR,oe:team:8bcb5c0aa41c119da58107290671f4d,QLASH Forge,top,2020-02-13,1,195.03900156,386.88057205,-1.31327869
oe:player:d0f1bda8c77037b1f96242f46f97637,SkaR,oe:team:8bcb5c0aa41c119da58107290671f4d,QLASH Forge,top,2020-02-19,1,238.08264463,449.95435041,-1.45039782
oe:player:d0f1bda8c77037b1f96242f46f97637,SkaR,oe:team:8bcb5c0aa41c119da58107290671f4d,QLASH Forge,top,2020-02-20,1,212.44673035,342.11107376,-0.88763566
oe:player:d0f1bda8c77037b1f96242f46f97637,SkaR,oe:team:8bcb5c0aa41c119da58107290671f4d,QLASH Forge,top,2020-02-25,1,387.97368421,399.33827344,-0.07779791
oe:player:d0f1bda8c77037b1f96242f46f97637,SkaR,oe:team:8bcb5c0aa41c119da58107290671f4d,QLASH Forge,top,2020-02-26,1,466.68965517,394.77800209,0.49228142
oe:player:d0f1bda8c77037b1f96242f46f97637,SkaR,oe:team:8bcb5c0aa41c119da58107290671f4d,QLASH Forge,top,2020-02-27,1,709.87220447,420.38977043,1.98169308
oe:player:d0f1bda8c77037b1f96242f46f97637,SkaR,oe:team:d448392af90cd2fa0b726394ecfa13f,DayDreamers,top,2020-07-08,1,356.38938053,509.22230908,-0.95216386
oe:player:d0f1bda8c77037b1f96242f46f97637,SkaR,oe:team:d448392af90cd2fa0b726394ecfa13f,DayDreamers,top,2020-07-09,2,517.42003151,419.08393600,0.61264334
oe:player:d40822b245369eb5f7dde40269c56df,PonZ,oe:team:d448392af90cd2fa0b726394ecfa13f,DayDreamers,top,2020-05-27,1,209.97109827,418.59044905,-1.43829780
oe:player:d40822b245369eb5f7dde40269c56df,PonZ,oe:team:d448392af90cd2fa0b726394ecfa13f,DayDreamers,top,2020-05-28,1,258.90044577,404.36191770,-1.00286438
oe:player:d40822b245369eb5f7dde40269c56df,PonZ,oe:team:d448392af90cd2fa0b726394ecfa13f,DayDreamers,top,2020-06-03,1,243.60163711,433.46445241,-1.30898341
oe:player:d40822b245369eb5f7dde40269c56df,PonZ,oe:team:d448392af90cd2fa0b726394ecfa13f,DayDreamers,top,2020-06-04,1,195.85094549,416.96924899,-1.52447014
oe:player:d40822b245369eb5f7dde40269c56df,PonZ,oe:team:d448392af90cd2fa0b726394ecfa13f,DayDreamers,top,2020-06-10,1,275.32535138,510.58868095,-1.62199110
oe:player:d40822b245369eb5f7dde40269c56df,PonZ,oe:team:d448392af90cd2fa0b726394ecfa13f,DayDreamers,top,2020-06-11,1,264.87931034,454.48517409,-1.30721190
oe:player:d40822b245369eb5f7dde40269c56df,PonZ,oe:team:d448392af90cd2fa0b726394ecfa13f,DayDreamers,top,2020-06-17,1,219.08653846,436.69900580,-1.35574663
oe:player:d40822b245369eb5f7dde40269c56df,PonZ,oe:team:d448392af90cd2fa0b726394ecfa13f,DayDreamers,top,2020-06-18,1,207.73430391,415.01762694,-1.29139506
oe:player:d40822b245369eb5f7dde40269c56df,PonZ,oe:team:d448392af90cd2fa0b726394ecfa13f,DayDreamers,top,2020-06-24,1,124.76848652,391.06864934,-1.65907566
oe:player:d40822b245369eb5f7dde40269c56df,PonZ,oe:team:d448392af90cd2fa0b726394ecfa13f,DayDreamers,top,2020-06-25,1,177.01127820,431.56045447,-1.58586588
oe:player:d40822b245369eb5f7dde40269c56df,PonZ,oe:team:d448392af90cd2fa0b726394ecfa13f,DayDreamers,top,2020-07-01,1,358.28925620,451.04690737,-0.57788910
oe:player:d40822b245369eb5f7dde40269c56df,PonZ,oe:team:d448392af90cd2fa0b726394ecfa13f,DayDreamers,top,2020-07-02,1,433.85650224,503.96184033,-0.43676301
oe:player:d9010060524eb15f81d4a5301286782,Ploxy,oe:team:1ea33e423fda711df3254bb510eac95,Racoon,jng,2020-02-13,1,206.05304212,330.43140948,-0.86124228
oe:player:d9010060524eb15f81d4a5301286782,Ploxy,oe:team:1ea33e423fda711df3254bb510eac95,Racoon,jng,2020-02-19,1,146.45422943,239.77191465,-0.64616651
oe:player:d9010060524eb15f81d4a5301286782,Ploxy,oe:team:1ea33e423fda711df3254bb510eac95,Racoon,jng,2020-02-20,1,418.87640449,372.31974001,0.32237574
oe:player:d9010060524eb15f81d4a5301286782,Ploxy,oe:team:1ea33e423fda711df3254bb510eac95,Racoon,jng,2020-02-25,1,514.26835443,290.48843702,1.54953574
oe:player:d9010060524eb15f81d4a5301286782,Ploxy,oe:team:1ea33e423fda711df3254bb510eac95,Racoon,jng,2020-02-26,1,774.97553018,325.30964974,3.11365452
oe:player:d9010060524eb15f81d4a5301286782,Ploxy,oe:team:1ea33e423fda711df3254bb510eac95,Racoon,jng,2020-02-27,1,297.89170507,339.21173172,-0.28611530
oe:player:d9010060524eb15f81d4a5301286782,Ploxy,oe:team:1ea33e423fda711df3254bb510eac95,Racoon,jng,2020-03-03,3,316.02351945,386.20775577,-0.48598187
oe:player:d9010060524eb15f81d4a5301286782,Ploxy,oe:team:1ea33e423fda711df3254bb510eac95,Racoon,jng,2020-03-11,5,263.43795833,321.75992700,-0.40384310
oe:player:d9010060524eb15f81d4a5301286782,Ploxy,oe:team:1ea33e423fda711df3254bb510eac95,Racoon,jng,2020-03-29,4,205.38037352,281.80595842,-0.51854134
oe:player:d9010060524eb15f81d4a5301286782,Ploxy,oe:team:1ea33e423fda711df3254bb510eac95,Racoon,jng,2020-05-27,1,250.66285714,292.42159803,-0.28332964
oe:player:d9010060524eb15f81d4a5301286782,Ploxy,oe:team:1ea33e423fda711df3254bb510eac95,Racoon,jng,2020-05-28,1,253.58098068,327.44668120,-0.50117273
oe:player:d9010060524eb15f81d4a5301286782,Ploxy,oe:team:1ea33e423fda711df3254bb510eac95,Racoon,jng,2020-06-03,1,295.49795362,344.66519128,-0.33359568
oe:player:d9010060524eb15f81d4a5301286782,Ploxy,oe:team:1ea33e423fda711df3254bb510eac95,Racoon,jng,2020-06-04,1,161.81432811,324.85250591,-1.10620069
oe:player:d9010060524eb15f81d4a5301286782,Ploxy,oe:team:1ea33e423fda711df3254bb510eac95,Racoon,jng,2020-06-10,1,375.84963955,283.80432818,0.62451990
oe:player:d9010060524eb15f81d4a5301286782,Ploxy,oe:team:1ea33e423fda711df3254bb510eac95,Racoon,jng,2020-06-11,1,444.43321300,359.22040744,0.57816191
oe:player:d9010060524eb15f81d4a5301286782,Ploxy,oe:team:1ea33e423fda711df3254bb510eac95,Racoon,jng,2020-06-17,1,221.54175589,312.81972616,-0.62260293
oe:player:d9010060524eb15f81d4a5301286782,Ploxy,oe:team:1ea33e423fda711df3254bb510eac95,Racoon,jng,2020-06-18,1,185.19098021,334.36001016,-1.01747524
oe:player:d9010060524eb15f81d4a5301286782,Ploxy,oe:team:1ea33e423fda711df3254bb510eac95,Racoon,jng,2020-06-24,1,264.75466482,280.23861848,-0.10561535
oe:player:d9010060524eb15f81d4a5301286782,Ploxy,oe:team:1ea33e423fda711df3254bb510eac95,Racoon,jng,2020-06-25,1,290.31154015,322.68641536,-0.22082757
oe:player:d9010060524eb15f81d4a5301286782,Ploxy,oe:team:1ea33e423fda711df3254bb510eac95,Racoon,jng,2020-07-01,1,333.63245237,273.79118713,0.40817458
oe:player:d9010060524eb15f81d4a5301286782,Ploxy,oe:team:1ea33e423fda711df3254bb510eac95,Racoon,jng,2020-07-02,1,321.99586350,246.86496449,0.51246448
oe:player:d9010060524eb15f81d4a5301286782,Ploxy,oe:team:1ea33e423fda711df3254bb510eac95,Racoon,jng,2020-07-08,1,461.62629758,355.13099632,0.72639966
oe:player:d9010060524eb15f81d4a5301286782,Ploxy,oe:team:1ea33e423fda711df3254bb510eac95,Racoon,jng,2020-07-09,1,446.88781665,360.08341267,0.59208893
oe:player:d9010060524eb15f81d4a5301286782,Ploxy,oe:team:1ea33e423fda711df3254bb510eac95,Racoon,jng,2020-07-14,4,250.72336389,272.48880046,-0.15031365
oe:player:d9010060524eb15f81d4a5301286782,Ploxy,oe:team:1ea33e423fda711df3254bb510eac95,Racoon,jng,2020-07-20,5,297.77569923,333.22708076,-0.24482975
oe:player:d9010060524eb15f81d4a5301286782,Ploxy,oe:team:1ea33e423fda711df3254bb510eac95,Racoon,jng,2020-07-22,4,346.31523717,305.85284666,0.27943613
oe:player:d9010060524eb15f81d4a5301286782,Ploxy,oe:team:1ea33e423fda711df3254bb510eac95,Racoon,jng,2020-07-26,4,266.42785192,291.69858145,-0.17452145
oe:player:d9010060524eb15f81d4a5301286782,Ploxy,oe:team:1ea33e423fda711df3254bb510eac95,Racoon,jng,2020-08-02,4,301.92275966,266.65159628,0.24358515
oe:player:dafc6edb9a01b6d96afd03b81a33386,Knighter,oe:team:9efc9069228bc0817c7a9bac775daa7,Samsung Morning Stars,mid,2020-05-27,1,840.86705202,485.01569001,2.12231161
oe:player:dafc6edb9a01b6d96afd03b81a33386,Knighter,oe:team:9efc9069228bc0817c7a9bac775daa7,Samsung Morning Stars,mid,2020-05-28,1,637.11340206,486.76323190,0.89669437
oe:player:dafc6edb9a01b6d96afd03b81a33386,Knighter,oe:team:9efc9069228bc0817c7a9bac775daa7,Samsung Morning Stars,mid,2020-06-03,1,918.72228089,506.84091002,2.45647680
oe:player:dafc6edb9a01b6d96afd03b81a33386,Knighter,oe:team:9efc9069228bc0817c7a9bac775daa7,Samsung Morning Stars,mid,2020-06-04,1,750.52495139,553.56152283,1.17469769
oe:player:dafc6edb9a01b6d96afd03b81a33386,Knighter,oe:team:9efc9069228bc0817c7a9bac775daa7,Samsung Morning Stars,mid,2020-06-10,1,572.50257467,472.47851003,0.59654748
oe:player:dafc6edb9a01b6d96afd03b81a33386,Knighter,oe:team:9efc9069228bc0817c7a9bac775daa7,Samsung Morning Stars,mid,2020-06-11,1,490.62385321,431.45936040,0.35285938
oe:player:dafc6edb9a01b6d96afd03b81a33386,Knighter,oe:team:9efc9069228bc0817c7a9bac775daa7,Samsung Morning Stars,mid,2020-06-17,1,476.91318328,532.44101152,-0.29320064
oe:player:dafc6edb9a01b6d96afd03b81a33386,Knighter,oe:team:9efc9069228bc0817c7a9bac775daa7,Samsung Morning Stars,mid,2020-06-18,1,540.60054595,527.62417773,0.06851843
oe:player:dafc6edb9a01b6d96afd03b81a33386,Knighter,oe:team:9efc9069228bc0817c7a9bac775daa7,Samsung Morning Stars,mid,2020-06-24,1,502.23179664,479.80484654,0.11841983
oe:player:dafc6edb9a01b6d96afd03b81a33386,Knighter,oe:team:9efc9069228bc0817c7a9bac775daa7,Samsung Morning Stars,mid,2020-06-25,1,587.69014085,445.54372509,0.75056816
oe:player:dafc6edb9a01b6d96afd03b81a33386,Knighter,oe:team:9efc9069228bc0817c7a9bac775daa7,Samsung Morning Stars,mid,2020-07-01,1,847.56684492,554.35617401,1.54822470
oe:player:dafc6edb9a01b6d96afd03b81a33386,Knighter,oe:team:9efc9069228bc0817c7a9bac775daa7,Samsung Morning Stars,mid,2020-07-02,1,257.71458118,446.33940198,-0.99598560
oe:player:dafc6edb9a01b6d96afd03b81a33386,Knighter,oe:team:9efc9069228bc0817c7a9bac775daa7,Samsung Morning Stars,mid,2020-07-08,1,438.48543689,465.57304111,-0.14302924
oe:player:dafc6edb9a01b6d96afd03b81a33386,Knighter,oe:team:9efc9069228bc0817c7a9bac775daa7,Samsung Morning Stars,mid,2020-07-09,1,332.17177914,497.49781696,-0.87296228
oe:player:dafc6edb9a01b6d96afd03b81a33386,Knighter,oe:team:9efc9069228bc0817c7a9bac775daa7,Samsung Morning Stars,mid,2020-07-14,4,664.55399577,519.46910481,0.72525313
oe:player:dafc6edb9a01b6d96afd03b81a33386,Knighter,oe:team:9efc9069228bc0817c7a9bac775daa7,Samsung Morning Stars,mid,2020-07-21,4,532.50956218,526.77170783,0.02868250
oe:player:dafc6edb9a01b6d96afd03b81a33386,Knighter,oe:team:9efc9069228bc0817c7a9bac775daa7,Samsung Morning Stars,mid,2020-08-02,4,694.50505358,527.46352372,0.83501040
oe:player:dbe75751981b890185b008df9b6542e,Patkica,oe:team:cd6b4265231d4ba346274357681c335,aNc Outplayed,top,2020-05-27,1,472.76940904,462.53068847,0.07058947
oe:player:dbe75751981b890185b008df9b6542e,Patkica,oe:team:cd6b4265231d4ba346274357681c335,aNc Outplayed,top,2020-05-28,1,563.10309278,404.60537168,1.09274103
oe:player:dbe75751981b890185b008df9b6542e,Patkica,oe:team:cd6b4265231d4ba346274357681c335,aNc Outplayed,top,2020-06-03,1,329.30422920,428.90595630,-0.68669059
oe:player:dbe75751981b890185b008df9b6542e,Patkica,oe:team:cd6b4265231d4ba346274357681c335,aNc Outplayed,top,2020-06-04,1,331.38089758,419.40841018,-0.60689374
oe:player:dbe75751981b890185b008df9b6542e,Patkica,oe:team:cd6b4265231d4ba346274357681c335,aNc Outplayed,top,2020-06-10,1,442.03851574,462.96251123,-0.14425765
oe:player:dbe75751981b890185b008df9b6542e,Patkica,oe:team:cd6b4265231d4ba346274357681c335,aNc Outplayed,top,2020-06-11,1,252.72413793,431.74078923,-1.23420601
oe:player:dbe75751981b890185b008df9b6542e,Patkica,oe:team:cd6b4265231d4ba346274357681c335,aNc Outplayed,top,2020-06-17,1,473.16079295,506.26334703,-0.20623210
oe:player:dbe75751981b890185b008df9b6542e,Patkica,oe:team:cd6b4265231d4ba346274357681c335,aNc Outplayed,top,2020-06-18,1,596.18233618,432.33685001,1.02077316
oe:player:dbe75751981b890185b008df9b6542e,Patkica,oe:team:cd6b4265231d4ba346274357681c335,aNc Outplayed,top,2020-06-24,1,350.25420078,375.44306026,-0.15692902
oe:player:dbe75751981b890185b008df9b6542e,Patkica,oe:team:cd6b4265231d4ba346274357681c335,aNc Outplayed,top,2020-06-25,1,244.79157525,399.27943613,-0.96247425
oe:player:dbe75751981b890185b008df9b6542e,Patkica,oe:team:cd6b4265231d4ba346274357681c335,aNc Outplayed,top,2020-07-01,1,330.21724819,454.07164113,-0.77162479
oe:player:dbe75751981b890185b008df9b6542e,Patkica,oe:team:cd6b4265231d4ba346274357681c335,aNc Outplayed,top,2020-07-02,1,322.31769361,406.81600556,-0.52643262
oe:player:dbe75751981b890185b008df9b6542e,Patkica,oe:team:cd6b4265231d4ba346274357681c335,aNc Outplayed,top,2020-07-08,1,583.15044248,457.48288002,0.78292101
oe:player:dbe75751981b890185b008df9b6542e,Patkica,oe:team:cd6b4265231d4ba346274357681c335,aNc Outplayed,top,2020-07-09,1,353.60341151,464.71954098,-0.69226419
oe:player:dbe75751981b890185b008df9b6542e,Patkica,oe:team:cd6b4265231d4ba346274357681c335,aNc Outplayed,top,2020-07-13,5,422.78521317,430.92393269,-0.05138712
oe:player:dbe75751981b890185b008df9b6542e,Patkica,oe:team:cd6b4265231d4ba346274357681c335,aNc Outplayed,top,2020-07-22,4,420.96405025,400.16390431,0.13133018
oe:player:dca71a74a98cf3c42cf2bac6a76985f,Fðx,oe:team:7894460f171d66e8ffc149c05b056a8,Cyberground Gaming,sup,2020-05-27,1,140.03683241,189.63628084,-0.68576144
oe:player:dca71a74a98cf3c42cf2bac6a76985f,Fðx,oe:team:7894460f171d66e8ffc149c05b056a8,Cyberground Gaming,sup,2020-05-28,1,298.40667678,231.67619727,0.92261490
oe:player:dca71a74a98cf3c42cf2bac6a76985f,Fðx,oe:team:7894460f171d66e8ffc149c05b056a8,Cyberground Gaming,sup,2020-06-03,1,38.51648352,250.52205543,-2.93118677
oe:player:dca71a74a98cf3c42cf2bac6a76985f,Fðx,oe:team:7894460f171d66e8ffc149c05b056a8,Cyberground Gaming,sup,2020-06-04,1,122.68308490,213.82413236,-1.26011515
oe:player:dca71a74a98cf3c42cf2bac6a76985f,Fðx,oe:team:7894460f171d66e8ffc149c05b056a8,Cyberground Gaming,sup,2020-06-10,1,68.96408121,213.39320915,-1.99687558
oe:player:dca71a74a98cf3c42cf2bac6a76985f,Fðx,oe:team:7894460f171d66e8ffc149c05b056a8,Cyberground Gaming,sup,2020-06-11,1,104.31768953,239.88181094,-1.87430809
oe:player:dca71a74a98cf3c42cf2bac6a76985f,Fðx,oe:team:7894460f171d66e8ffc149c05b056a8,Cyberground Gaming,sup,2020-06-17,1,66.47577093,234.46866896,-2.31819468
oe:player:dca71a74a98cf3c42cf2bac6a76985f,Fðx,oe:team:7894460f171d66e8ffc149c05b056a8,Cyberground Gaming,sup,2020-06-18,1,68.15662121,207.70197559,-1.92563675
oe:player:dca71a74a98cf3c42cf2bac6a76985f,Fðx,oe:team:7894460f171d66e8ffc149c05b056a8,Cyberground Gaming,sup,2020-06-24,1,157.71986971,182.15369365,-0.33717116
oe:player:dca71a74a98cf3c42cf2bac6a76985f,Fðx,oe:team:7894460f171d66e8ffc149c05b056a8,Cyberground Gaming,sup,2020-06-25,1,167.61542640,198.77565923,-0.42999131
oe:player:dca71a74a98cf3c42cf2bac6a76985f,Fðx,oe:team:7894460f171d66e8ffc149c05b056a8,Cyberground Gaming,sup,2020-07-01,1,40.98930481,169.07740657,-1.76753398
oe:player:dca71a74a98cf3c42cf2bac6a76985f,Fðx,oe:team:7894460f171d66e8ffc149c05b056a8,Cyberground Gaming,sup,2020-07-02,1,117.52466368,222.16213614,-1.44393028
oe:player:dca71a74a98cf3c42cf2bac6a76985f,Fðx,oe:team:7894460f171d66e8ffc149c05b056a8,Cyberground Gaming,sup,2020-07-08,1,76.06401384,192.42453520,-1.60570087
oe:player:dca71a74a98cf3c42cf2bac6a76985f,Fðx,oe:team:7894460f171d66e8ffc149c05b056a8,Cyberground Gaming,sup,2020-07-09,1,197.39872068,229.85064420,-0.44781581
oe:player:dca71a74a98cf3c42cf2bac6a76985f,Fðx,oe:team:7894460f171d66e8ffc149c05b056a8,Cyberground Gaming,sup,2020-07-15,4,144.73204176,188.94003847,-0.62153466
oe:player:dca71a74a98cf3c42cf2bac6a76985f,Fðx,oe:team:7894460f171d66e8ffc149c05b056a8,Cyberground Gaming,sup,2020-07-20,5,139.54821845,168.71629907,-0.41008357
oe:player:df3e7f4eef306da0e300b26a7c92b00,Tabasko,oe:team:1814e10e29c1ebec936f15aa87797bd,YDN Esports,jng,2020-02-13,1,252.21294363,321.06389597,-0.47674971
oe:player:df3e7f4eef306da0e300b26a7c92b00,Tabasko,oe:team:1814e10e29c1ebec936f15aa87797bd,YDN Esports,jng,2020-02-19,1,528.95541401,396.87080001,0.91460321
oe:player:df3e7f4eef306da0e300b26a7c92b00,Tabasko,oe:team:1814e10e29c1ebec936f15aa87797bd,YDN Esports,jng,2020-02-20,1,425.24614254,336.09178071,0.61733810
oe:player:df3e7f4eef306da0e300b26a7c92b00,Tabasko,oe:team:1814e10e29c1ebec936f15aa87797bd,YDN Esports,jng,2020-02-25,1,222.37974684,340.91249640,-0.82076503
oe:player:df3e7f4eef306da0e300b26a7c92b00,Tabasko,oe:team:1814e10e29c1ebec936f15aa87797bd,YDN Esports,jng,2020-02-26,1,223.85721897,382.38806583,-1.09772680
oe:player:df3e7f4eef306da0e300b26a7c92b00,Tabasko,oe:team:1814e10e29c1ebec936f15aa87797bd,YDN Esports,jng,2020-02-27,1,204.36218679,292.94216214,-0.61336084
oe:player:df3e7f4eef306da0e300b26a7c92b00,Tabasko,oe:team:1814e10e29c1ebec936f15aa87797bd,YDN Esports,jng,2020-03-12,5,291.52759014,329.28174476,-0.25615885
oe:player:df3e7f4eef306da0e300b26a7c92b00,Tabasko,oe:team:1814e10e29c1ebec936f15aa87797bd,YDN Esports,jng,2020-03-29,4,401.40478107,323.31942865,0.52980272
oe:player:e00c389b687a28f6858cd9f9dab7bca,Darkchri,oe:team:1ea33e423fda711df3254bb510eac95,Racoon,sup,2020-05-27,1,83.31428571,162.86177177,-1.09982269
oe:player:e00c389b687a28f6858cd9f9dab7bca,Darkchri,oe:team:1ea33e423fda711df3254bb510eac95,Racoon,sup,2020-05-28,1,91.94650817,223.75240074,-1.82234686
oe:player:e00c389b687a28f6858cd9f9dab7bca,Darkchri,oe:team:1ea33e423fda711df3254bb510eac95,Racoon,sup,2020-06-03,1,90.42291951,176.96399412,-1.19651597
oe:player:e00c389b687a28f6858cd9f9dab7bca,Darkchri,oe:team:1ea33e423fda711df3254bb510eac95,Racoon,sup,2020-06-04,1,70.19923696,206.21409716,-1.88054000
oe:player:e00c389b687a28f6858cd9f9dab7bca,Darkchri,oe:team:1ea33e423fda711df3254bb510eac95,Racoon,sup,2020-06-10,1,109.46446962,127.49166147,-0.24924376
oe:player:e00c389b687a28f6858cd9f9dab7bca,Darkchri,oe:team:1ea33e423fda711df3254bb510eac95,Racoon,sup,2020-06-11,1,154.13718412,247.38758606,-1.28927906
oe:player:e00c389b687a28f6858cd9f9dab7bca,Darkchri,oe:team:1ea33e423fda711df3254bb510eac95,Racoon,sup,2020-06-17,1,149.63597430,164.62410464,-0.20682662
oe:player:e00c389b687a28f6858cd9f9dab7bca,Darkchri,oe:team:1ea33e423fda711df3254bb510eac95,Racoon,sup,2020-06-18,1,150.31753336,215.71613405,-0.90245891
oe:player:e00c389b687a28f6858cd9f9dab7bca,Darkchri,oe:team:1ea33e423fda711df3254bb510eac95,Racoon,sup,2020-06-24,1,147.53282654,205.78947115,-0.80390448
oe:player:e00c389b687a28f6858cd9f9dab7bca,Darkchri,oe:team:1ea33e423fda711df3254bb510eac95,Racoon,sup,2020-06-25,1,70.45195261,184.92939561,-1.57971559
oe:player:e00c389b687a28f6858cd9f9dab7bca,Darkchri,oe:team:1ea33e423fda711df3254bb510eac95,Racoon,sup,2020-07-01,1,142.75353411,168.75509644,-0.35880495
oe:player:e00c389b687a28f6858cd9f9dab7bca,Darkchri,oe:team:1ea33e423fda711df3254bb510eac95,Racoon,sup,2020-07-02,1,160.23784902,187.81406072,-0.38053411
oe:player:e00c389b687a28f6858cd9f9dab7bca,Darkchri,oe:team:1ea33e423fda711df3254bb510eac95,Racoon,sup,2020-07-08,1,109.20415225,224.07204123,-1.58510349
oe:player:e00c389b687a28f6858cd9f9dab7bca,Darkchri,oe:team:1ea33e423fda711df3254bb510eac95,Racoon,sup,2020-07-09,1,97.31001206,206.91641083,-1.51249829
oe:player:e00c389b687a28f6858cd9f9dab7bca,Darkchri,oe:team:1ea33e423fda711df3254bb510eac95,Racoon,sup,2020-07-14,4,141.48931397,171.80141494,-0.42616773
oe:player:e00c389b687a28f6858cd9f9dab7bca,Darkchri,oe:team:1ea33e423fda711df3254bb510eac95,Racoon,sup,2020-07-20,5,131.31639561,232.23356829,-1.41882749
oe:player:e00c389b687a28f6858cd9f9dab7bca,Darkchri,oe:team:1ea33e423fda711df3254bb510eac95,Racoon,sup,2020-07-22,4,197.37222914,163.37630033,0.47795987
oe:player:e00c389b687a28f6858cd9f9dab7bca,Darkchri,oe:team:1ea33e423fda711df3254bb510eac95,Racoon,sup,2020-07-26,4,136.60521944,172.73809026,-0.50800383
oe:player:e00c389b687a28f6858cd9f9dab7bca,Darkchri,oe:team:1ea33e423fda711df3254bb510eac95,Racoon,sup,2020-08-02,4,209.43101332,160.31126163,0.69059063
oe:player:e00c389b687a28f6858cd9f9dab7bca,Darkchri,oe:team:e82c09af2170776b35900be0ac82aa7,Campus Party Sparks,sup,2020-02-13,1,185.88726514,118.42665272,0.87346645
oe:player:e00c389b687a28f6858cd9f9dab7bca,Darkchri,oe:team:e82c09af2170776b35900be0ac82aa7,Campus Party Sparks,sup,2020-02-19,1,222.46153846,192.56450954,0.38710072
oe:player:e00c389b687a28f6858cd9f9dab7bca,Darkchri,oe:team:e82c09af2170776b35900be0ac82aa7,Campus Party Sparks,sup,2020-02-20,1,178.46257586,155.46904672,0.29771559
oe:player:e00c389b687a28f6858cd9f9dab7bca,Darkchri,oe:team:e82c09af2170776b35900be0ac82aa7,Campus Party Sparks,sup,2020-02-25,1,188.24902724,246.12608580,-0.74938052
oe:player:e00c389b687a28f6858cd9f9dab7bca,Darkchri,oe:team:e82c09af2170776b35900be0ac82aa7,Campus Party Sparks,sup,2020-02-26,1,106.20689655,165.81778485,-0.77182980
oe:player:e00c389b687a28f6858cd9f9dab7bca,Darkchri,oe:team:e82c09af2170776b35900be0ac82aa7,Campus Party Sparks,sup,2020-02-27,1,137.10829493,200.39447241,-0.81941671
oe:player:e00c389b687a28f6858cd9f9dab7bca,Darkchri,oe:team:e82c09af2170776b35900be0ac82aa7,Campus Party Sparks,sup,2020-03-03,2,156.59753119,156.72371912,-0.00163386
oe:player:e42fd90dea956c3986b69209b56ce16,OMON,oe:team:7894460f171d66e8ffc149c05b056a8,Cyberground Gaming,mid,2020-06-17,1,595.83700441,582.45166327,0.07067790
oe:player:e42fd90dea956c3986b69209b56ce16,OMON,oe:team:7894460f171d66e8ffc149c05b056a8,Cyberground Gaming,mid,2020-06-18,1,593.32160141,508.65444833,0.44706346
oe:player:e42fd90dea956c3986b69209b56ce16,OMON,oe:team:7894460f171d66e8ffc149c05b056a8,Cyberground Gaming,mid,2020-06-24,1,287.33550489,494.69811042,-1.09492573
oe:player:e42fd90dea956c3986b69209b56ce16,OMON,oe:team:7894460f171d66e8ffc149c05b056a8,Cyberground Gaming,mid,2020-06-25,1,349.21238457,501.55731847,-0.80441885
oe:player:e42fd90dea956c3986b69209b56ce16,OMON,oe:team:7894460f171d66e8ffc149c05b056a8,Cyberground Gaming,mid,2020-07-01,1,639.54545455,498.43471509,0.74509953
oe:player:e42fd90dea956c3986b69209b56ce16,OMON,oe:team:7894460f171d66e8ffc149c05b056a8,Cyberground Gaming,mid,2020-07-02,1,654.16143498,540.36480731,0.60087428
oe:player:e42fd90dea956c3986b69209b56ce16,OMON,oe:team:7894460f171d66e8ffc149c05b056a8,Cyberground Gaming,mid,2020-07-08,1,486.48788927,479.59085337,0.03641805
oe:player:e42fd90dea956c3986b69209b56ce16,OMON,oe:team:7894460f171d66e8ffc149c05b056a8,Cyberground Gaming,mid,2020-07-09,1,778.49680171,483.23079918,1.55907736
oe:player:e42fd90dea956c3986b69209b56ce16,OMON,oe:team:7894460f171d66e8ffc149c05b056a8,Cyberground Gaming,mid,2020-07-15,4,555.98842340,510.39666557,0.22790495
oe:player:e42fd90dea956c3986b69209b56ce16,OMON,oe:team:7894460f171d66e8ffc149c05b056a8,Cyberground Gaming,mid,2020-07-20,5,568.90134990,521.88327158,0.23503487
oe:player:e58cdf8eba80387a09db24e165d7d1c,S1D,oe:team:1ea33e423fda711df3254bb510eac95,Racoon,sup,2020-02-13,1,128.92355694,233.02886816,-1.34793465
oe:player:e58cdf8eba80387a09db24e165d7d1c,S1D,oe:team:1ea33e423fda711df3254bb510eac95,Racoon,sup,2020-02-19,1,192.51448436,214.75909218,-0.28801871
oe:player:e58cdf8eba80387a09db24e165d7d1c,S1D,oe:team:1ea33e423fda711df3254bb510eac95,Racoon,sup,2020-02-20,1,141.60112360,257.87887890,-1.50554101
oe:player:e58cdf8eba80387a09db24e165d7d1c,S1D,oe:team:1ea33e423fda711df3254bb510eac95,Racoon,sup,2020-02-25,1,150.77468354,146.84020675,0.05094281
oe:player:e58cdf8eba80387a09db24e165d7d1c,S1D,oe:team:1ea33e423fda711df3254bb510eac95,Racoon,sup,2020-02-26,1,161.23980424,225.65234115,-0.83400058
oe:player:e58cdf8eba80387a09db24e165d7d1c,S1D,oe:team:1ea33e423fda711df3254bb510eac95,Racoon,sup,2020-02-27,1,93.21428571,204.17148064,-1.43665146
oe:player:e58cdf8eba80387a09db24e165d7d1c,S1D,oe:team:1ea33e423fda711df3254bb510eac95,Racoon,sup,2020-03-03,3,145.96282258,255.84686683,-1.42275652
oe:player:e58cdf8eba80387a09db24e165d7d1c,S1D,oe:team:1ea33e423fda711df3254bb510eac95,Racoon,sup,2020-03-11,5,144.78403173,218.97336143,-0.96058853
oe:player:e58cdf8eba80387a09db24e165d7d1c,S1D,oe:team:1ea33e423fda711df3254bb510eac95,Racoon,sup,2020-03-29,4,93.06283971,143.57373255,-0.69836306
oe:player:e58cdf8eba80387a09db24e165d7d1c,S1D,oe:team:cd6b4265231d4ba346274357681c335,aNc Outplayed,sup,2020-05-27,1,140.44032445,240.64921451,-1.38548704
oe:player:e58cdf8eba80387a09db24e165d7d1c,S1D,oe:team:cd6b4265231d4ba346274357681c335,aNc Outplayed,sup,2020-05-28,1,201.55670103,177.45927612,0.33317074
oe:player:e58cdf8eba80387a09db24e165d7d1c,S1D,oe:team:cd6b4265231d4ba346274357681c335,aNc Outplayed,sup,2020-06-03,1,108.18553888,161.16873671,-0.73254513
oe:player:e58cdf8eba80387a09db24e165d7d1c,S1D,oe:team:cd6b4265231d4ba346274357681c335,aNc Outplayed,sup,2020-06-04,1,109.29804373,222.79049453,-1.56914541
oe:player:e58cdf8eba80387a09db24e165d7d1c,S1D,oe:team:cd6b4265231d4ba346274357681c335,aNc Outplayed,sup,2020-06-10,1,293.03898544,238.40426644,0.75537904
oe:player:e58cdf8eba80387a09db24e165d7d1c,S1D,oe:team:cd6b4265231d4ba346274357681c335,aNc Outplayed,sup,2020-06-11,1,214.99137931,243.88286541,-0.39945338
oe:player:e58cdf8eba80387a09db24e165d7d1c,S1D,oe:team:cd6b4265231d4ba346274357681c335,aNc Outplayed,sup,2020-06-17,1,93.13876652,260.75688736,-2.31302300
oe:player:e58cdf8eba80387a09db24e165d7d1c,S1D,oe:team:cd6b4265231d4ba346274357681c335,aNc Outplayed,sup,2020-06-18,1,259.85754986,234.62032533,0.34825758
oe:player:e58cdf8eba80387a09db24e165d7d1c,S1D,oe:team:cd6b4265231d4ba346274357681c335,aNc Outplayed,sup,2020-06-24,1,172.91684619,202.88887724,-0.41359488
oe:player:e58cdf8eba80387a09db24e165d7d1c,S1D,oe:team:cd6b4265231d4ba346274357681c335,aNc Outplayed,sup,2020-06-25,1,129.42518649,203.26305822,-1.01891546
oe:player:e58cdf8eba80387a09db24e165d7d1c,S1D,oe:team:cd6b4265231d4ba346274357681c335,aNc Outplayed,sup,2020-07-01,1,133.42988808,157.78554339,-0.33609249
oe:player:e58cdf8eba80387a09db24e165d7d1c,S1D,oe:team:cd6b4265231d4ba346274357681c335,aNc Outplayed,sup,2020-07-02,1,97.00395704,196.27618572,-1.36989334
oe:player:e58cdf8eba80387a09db24e165d7d1c,S1D,oe:team:cd6b4265231d4ba346274357681c335,aNc Outplayed,sup,2020-07-08,1,131.61061947,167.45044417,-0.49456669
oe:player:e58cdf8eba80387a09db24e165d7d1c,S1D,oe:team:cd6b4265231d4ba346274357681c335,aNc Outplayed,sup,2020-07-09,1,138.93390192,275.14053391,-1.87956451
oe:player:e58cdf8eba80387a09db24e165d7d1c,S1D,oe:team:cd6b4265231d4ba346274357681c335,aNc Outplayed,sup,2020-07-13,5,116.07780415,172.52781284,-0.79364911
oe:player:e58cdf8eba80387a09db24e165d7d1c,S1D,oe:team:cd6b4265231d4ba346274357681c335,aNc Outplayed,sup,2020-07-22,4,114.93685657,167.63216365,-0.74086053
oe:player:e8ff461b567776b254963373be94961,Toni,oe:team:d448392af90cd2fa0b726394ecfa13f,DayDreamers,jng,2020-07-08,1,141.84070796,324.10708197,-1.24323074
oe:player:e8ff461b567776b254963373be94961,Toni,oe:team:d448392af90cd2fa0b726394ecfa13f,DayDreamers,jng,2020-07-09,2,351.35408799,300.43876813,0.34729111
oe:player:eb2d1546df63028dc58a418842ce1a2,Occlumats,oe:team:1814e10e29c1ebec936f15aa87797bd,YDN Esports,mid,2020-03-29,4,405.57092869,478.40064968,-0.43435934
oe:player:eb2d1546df63028dc58a418842ce1a2,Occlumats,oe:team:e82c09af2170776b35900be0ac82aa7,Campus Party Sparks,top,2020-05-27,1,238.14857143,425.89968237,-1.29442455
oe:player:eb2d1546df63028dc58a418842ce1a2,Occlumats,oe:team:e82c09af2170776b35900be0ac82aa7,Campus Party Sparks,top,2020-05-28,1,360.53431116,396.37312627,-0.24708585
oe:player:eb2d1546df63028dc58a418842ce1a2,Occlumats,oe:team:e82c09af2170776b35900be0ac82aa7,Campus Party Sparks,top,2020-06-03,1,369.31318681,469.82372073,-0.69295624
oe:player:eb2d1546df63028dc58a418842ce1a2,Occlumats,oe:team:e82c09af2170776b35900be0ac82aa7,Campus Party Sparks,top,2020-06-04,1,426.94104561,431.91675097,-0.03430433
oe:player:eb2d1546df63028dc58a418842ce1a2,Occlumats,oe:team:e82c09af2170776b35900be0ac82aa7,Campus Party Sparks,top,2020-06-10,1,314.00657586,433.05577039,-0.82076852
oe:player:eb2d1546df63028dc58a418842ce1a2,Occlumats,oe:team:e82c09af2170776b35900be0ac82aa7,Campus Party Sparks,top,2020-06-11,1,243.84466019,417.36256184,-1.19629562
oe:player:eb2d1546df63028dc58a418842ce1a2,Occlumats,oe:team:e82c09af2170776b35900be0ac82aa7,Campus Party Sparks,top,2020-06-17,1,133.31189711,338.74603733,-1.27987448
oe:player:eb2d1546df63028dc58a418842ce1a2,Occlumats,oe:team:e82c09af2170776b35900be0ac82aa7,Campus Party Sparks,top,2020-06-18,1,340.94799816,415.87115460,-0.46677848
oe:player:eb2d1546df63028dc58a418842ce1a2,Occlumats,oe:team:e82c09af2170776b35900be0ac82aa7,Campus Party Sparks,top,2020-06-24,1,278.75216638,411.67815847,-0.82814173
oe:player:eb2d1546df63028dc58a418842ce1a2,Occlumats,oe:team:e82c09af2170776b35900be0ac82aa7,Campus Party Sparks,top,2020-06-25,1,377.40358501,448.45441863,-0.44265354
oe:player:eb2d1546df63028dc58a418842ce1a2,Occlumats,oe:team:e82c09af2170776b35900be0ac82aa7,Campus Party Sparks,top,2020-07-01,1,630.66942149,442.44442388,1.17265986
oe:player:eb2d1546df63028dc58a418842ce1a2,Occlumats,oe:team:e82c09af2170776b35900be0ac82aa7,Campus Party Sparks,top,2020-07-02,1,298.06670435,438.63628663,-0.87576203
oe:player:eb2d1546df63028dc58a418842ce1a2,Occlumats,oe:team:e82c09af2170776b35900be0ac82aa7,Campus Party Sparks,top,2020-07-08,1,301.15532734,385.19488891,-0.52357456
oe:player:eb2d1546df63028dc58a418842ce1a2,Occlumats,oe:team:e82c09af2170776b35900be0ac82aa7,Campus Party Sparks,top,2020-07-09,1,634.71165644,397.87979406,1.47548531
oe:player:eb2d1546df63028dc58a418842ce1a2,Occlumats,oe:team:e82c09af2170776b35900be0ac82aa7,Campus Party Sparks,top,2020-07-15,4,352.11232259,437.10786838,-0.53665395
oe:player:eecfe6cdce097029c1360b48a55215f,David1,oe:team:7894460f171d66e8ffc149c05b056a8,Cyberground Gaming,mid,2020-05-27,1,283.75690608,431.83200795,-0.88312577
oe:player:eecfe6cdce097029c1360b48a55215f,David1,oe:team:7894460f171d66e8ffc149c05b056a8,Cyberground Gaming,mid,2020-05-28,1,355.17450683,498.25912307,-0.85336232
oe:player:f287b8e9d3a74cb2f89433b09ac7ebe,Acefos,oe:team:7894460f171d66e8ffc149c05b056a8,Cyberground Gaming,top,2020-02-13,1,384.37604924,516.76795440,-0.90630757
oe:player:f287b8e9d3a74cb2f89433b09ac7ebe,Acefos,oe:team:7894460f171d66e8ffc149c05b056a8,Cyberground Gaming,top,2020-02-19,1,377.02479339,489.51666806,-0.77007909
oe:player:f287b8e9d3a74cb2f89433b09ac7ebe,Acefos,oe:team:7894460f171d66e8ffc149c05b056a8,Cyberground Gaming,top,2020-02-20,1,336.91011236,478.90913134,-0.97207443
oe:player:f287b8e9d3a74cb2f89433b09ac7ebe,Acefos,oe:team:7894460f171d66e8ffc149c05b056a8,Cyberground Gaming,top,2020-02-25,1,501.63985470,454.65844625,0.32161790
oe:player:f287b8e9d3a74cb2f89433b09ac7ebe,Acefos,oe:team:7894460f171d66e8ffc149c05b056a8,Cyberground Gaming,top,2020-02-26,1,623.20724560,420.70430303,1.38626263
oe:player:f287b8e9d3a74cb2f89433b09ac7ebe,Acefos,oe:team:7894460f171d66e8ffc149c05b056a8,Cyberground Gaming,top,2020-02-27,1,520.77014218,467.54967100,0.36432829
oe:player:f287b8e9d3a74cb2f89433b09ac7ebe,Acefos,oe:team:7894460f171d66e8ffc149c05b056a8,Cyberground Gaming,top,2020-03-03,3,375.88447135,480.74165713,-0.71781474
oe:player:ffc7be970454e6871321d2385be5a22,Creon,oe:team:11f5f2c70a8b02dc6d17fac94c126c9,MOBA ROG,bot,2020-02-13,1,493.83324007,521.67224423,-0.13556851
oe:player:ffc7be970454e6871321d2385be5a22,Creon,oe:team:11f5f2c70a8b02dc6d17fac94c126c9,MOBA ROG,bot,2020-02-19,1,604.24203822,433.09449151,0.83344282
oe:player:ffc7be970454e6871321d2385be5a22,Creon,oe:team:11f5f2c70a8b02dc6d17fac94c126c9,MOBA ROG,bot,2020-02-20,1,502.38297872,438.59254842,0.31064235
oe:player:ffc7be970454e6871321d2385be5a22,Creon,oe:team:11f5f2c70a8b02dc6d17fac94c126c9,MOBA ROG,bot,2020-02-25,1,370.07782101,429.37109728,-0.28874241
oe:player:ffc7be970454e6871321d2385be5a22,Creon,oe:team:11f5f2c70a8b02dc6d17fac94c126c9,MOBA ROG,bot,2020-02-26,1,417.89371039,397.11185068,0.10120210
oe:player:ffc7be970454e6871321d2385be5a22,Creon,oe:team:11f5f2c70a8b02dc6d17fac94c126c9,MOBA ROG,bot,2020-02-27,1,431.69329073,450.06183362,-0.08944990
