record_id,game_id,date,day,season,split,playoffs,patch,side,team_id,team,opponent_team_id,opponent_team,player_id,player,role,champion,opponent_player_id,opponent_champion,role_champion,lineup_id,result,game_seconds,game_minutes,kills,deaths,assists,kda,total_gold,damage,total_cs,dpm,gold_share,damage_share,vision_score,vision_per_minute,kill_participation,gold_diff_at_15,xp_diff_at_15,cs_diff_at_15,fold,prediction_status,expected_dpm,baseline_dpm,training_role_sd,adjusted_impact,train_end_day
pg-999e860aacd3dbbe,ESPORTSTMNT03/1250366,2019-12-23T07:46:06,2019-12-23,2020,Unknown,0,9.24,Blue,oe:team:0b65555ba9e97910fc1e7264a99fa24,Kwangdong Freecs,oe:team:14098ac4d339fe1a0f13e74109a493c,Rockhead Players,oe:player:7b28158d613ea1869441676fa32a3b5,Mystic,bot,Varus,oe:player:ebec939da49d80219030b8441845ef9,Xayah,bot:Varus,lineup-78fe9e15be4e263c,1,2219.00000000,36.98333333,3,1,4,7.00000000,17799.00000000,18339.00000000,397,495.87201442,0.26715197,0.35278163,82,2.21721496,0.77777778,1819.00000000,922.00000000,32.00000000,0,warmup,,,,,
pg-e4e3d24be713fc29,ESPORTSTMNT03/1250366,2019-12-23T07:46:06,2019-12-23,2020,Unknown,0,9.24,Blue,oe:team:0b65555ba9e97910fc1e7264a99fa24,Kwangdong Freecs,oe:team:14098ac4d339fe1a0f13e74109a493c,Rockhead Players,oe:player:ae4cccea87290717523772f7472e7f5,Spirit,jng,Lee Sin,oe:player:be26898a3600cb5e9898c0ab68d9139,Olaf,jng:Lee Sin,lineup-78fe9e15be4e263c,1,2219.00000000,36.98333333,4,0,2,6.00000000,11064.00000000,6807.00000000,151,184.05588103,0.16606379,0.13094414,87,2.35241100,0.66666667,456.00000000,-47.00000000,-3.00000000,0,warmup,,,,,
pg-0b32985e8c51fd5f,ESPORTSTMNT03/1250366,2019-12-23T07:46:06,2019-12-23,2020,Unknown,0,9.24,Blue,oe:team:0b65555ba9e97910fc1e7264a99fa24,Kwangdong Freecs,oe:team:14098ac4d339fe1a0f13e74109a493c,Rockhead Players,oe:player:6c1fa8d6ae91f559b9d317477dad3ea,Fly,mid,Syndra,oe:player:245a58a5dc42397caf57bc06c2c0afd,Ryze,mid:Syndra,lineup-78fe9e15be4e263c,1,2219.00000000,36.98333333,0,0,5,5.00000000,13677.00000000,10440.00000000,309,282.28931951,0.20528330,0.20083102,48,1.29788193,0.55555556,538.00000000,469.00000000,15.00000000,0,warmup,,,,,
pg-3291d09ae8b0c1e5,ESPORTSTMNT03/1250366,2019-12-23T07:46:06,2019-12-23,2020,Unknown,0,9.24,Blue,oe:team:0b65555ba9e97910fc1e7264a99fa24,Kwangdong Freecs,oe:team:14098ac4d339fe1a0f13e74109a493c,Rockhead Players,oe:player:1e48e6a94caf09f3d8275ffba847eea,Jelly,sup,Tahm Kench,oe:player:a72464c4b816f4ce92d5ed43bebbf62,Nautilus,sup:Tahm Kench,lineup-78fe9e15be4e263c,1,2219.00000000,36.98333333,2,1,6,8.00000000,9700.00000000,3813.00000000,35,103.10049572,0.14559099,0.07334949,95,2.56872465,0.88888889,1100.00000000,662.00000000,1.00000000,0,warmup,,,,,
pg-9b28e2067d2398b2,ESPORTSTMNT03/1250366,2019-12-23T07:46:06,2019-12-23,2020,Unknown,0,9.24,Blue,oe:team:0b65555ba9e97910fc1e7264a99fa24,Kwangdong Freecs,oe:team:14098ac4d339fe1a0f13e74109a493c,Rockhead Players,oe:player:03daae1844b9ad257324c3eedf41e28,Kiin,top,Aatrox,oe:player:93f82d825f42b45556c854fdfcef571,Fiora,top:Aatrox,lineup-78fe9e15be4e263c,1,2219.00000000,36.98333333,0,0,2,2.00000000,14385.00000000,12585.00000000,350,340.28841821,0.21590994,0.24209372,49,1.32492114,0.22222222,191.00000000,500.00000000,5.00000000,0,warmup,,,,,
pg-32069abdbfe7c71c,ESPORTSTMNT03/1250366,2019-12-23T07:46:06,2019-12-23,2020,Unknown,0,9.24,Red,oe:team:14098ac4d339fe1a0f13e74109a493c,Rockhead Players,oe:team:0b65555ba9e97910fc1e7264a99fa24,Kwangdong Freecs,oe:player:ebec939da49d80219030b8441845ef9,Pilot,bot,Xayah,oe:player:7b28158d613ea1869441676fa32a3b5,Varus,bot:Xayah,lineup-a16606ae6cf955eb,0,2219.00000000,36.98333333,1,2,1,1.00000000,13674.00000000,8898.00000000,351,240.59486255,0.25021501,0.24290238,37,1.00045065,1.00000000,-1819.00000000,-922.00000000,-32.00000000,0,warmup,,,,,
pg-bd3803a17994e5b9,ESPORTSTMNT03/1250366,2019-12-23T07:46:06,2019-12-23,2020,Unknown,0,9.24,Red,oe:team:14098ac4d339fe1a0f13e74109a493c,Rockhead Players,oe:team:0b65555ba9e97910fc1e7264a99fa24,Kwangdong Freecs,oe:player:be26898a3600cb5e9898c0ab68d9139,BroCColi,jng,Olaf,oe:player:ae4cccea87290717523772f7472e7f5,Lee Sin,jng:Olaf,lineup-a16606ae6cf955eb,0,2219.00000000,36.98333333,0,0,2,2.00000000,8598.00000000,4370.00000000,152,118.16133393,0.15733133,0.11929461,45,1.21676431,1.00000000,-456.00000000,47.00000000,3.00000000,0,warmup,,,,,
pg-e598c1cafd346d61,ESPORTSTMNT03/1250366,2019-12-23T07:46:06,2019-12-23,2020,Unknown,0,9.24,Red,oe:team:14098ac4d339fe1a0f13e74109a493c,Rockhead Players,oe:team:0b65555ba9e97910fc1e7264a99fa24,Kwangdong Freecs,oe:player:245a58a5dc42397caf57bc06c2c0afd,Ian,mid,Ryze,oe:player:6c1fa8d6ae91f559b9d317477dad3ea,Syndra,mid:Ryze,lineup-a16606ae6cf955eb,0,2219.00000000,36.98333333,1,2,1,1.00000000,12107.00000000,10410.00000000,287,281.47814331,0.22154111,0.28417777,25,0.67598017,1.00000000,-538.00000000,-469.00000000,-15.00000000,0,warmup,,,,,
pg-ac642e689e1cf21c,ESPORTSTMNT03/1250366,2019-12-23T07:46:06,2019-12-23,2020,Unknown,0,9.24,Red,oe:team:14098ac4d339fe1a0f13e74109a493c,Rockhead Players,oe:team:0b65555ba9e97910fc1e7264a99fa24,Kwangdong Freecs,oe:player:a72464c4b816f4ce92d5ed43bebbf62,SUP,sup,Nautilus,oe:player:1e48e6a94caf09f3d8275ffba847eea,Tahm Kench,sup:Nautilus,lineup-a16606ae6cf955eb,0,2219.00000000,36.98333333,0,3,2,0.66666667,6713.00000000,3508.00000000,38,94.85353763,0.12283848,0.09576327,79,2.13609734,1.00000000,-1100.00000000,-662.00000000,-1.00000000,0,warmup,,,,,
pg-2f4774160c59b2f2,ESPORTSTMNT03/1250366,2019-12-23T07:46:06,2019-12-23,2020,Unknown,0,9.24,Red,oe:team:14098ac4d339fe1a0f13e74109a493c,Rockhead Players,oe:team:0b65555ba9e97910fc1e7264a99fa24,Kwangdong Freecs,oe:player:93f82d825f42b45556c854fdfcef571,SoaR,top,Fiora,oe:player:03daae1844b9ad257324c3eedf41e28,Aatrox,top:Fiora,lineup-a16606ae6cf955eb,0,2219.00000000,36.98333333,0,2,1,0.50000000,13557.00000000,9446.00000000,353,255.41234790,0.24807407,0.25786198,36,0.97341145,0.50000000,-191.00000000,-500.00000000,-5.00000000,0,warmup,,,,,
pg-7fa9a5893d001707,ESPORTSTMNT03/1240419,2019-12-23T08:59:59,2019-12-23,2020,Unknown,0,9.24,Blue,oe:team:14098ac4d339fe1a0f13e74109a493c,Rockhead Players,oe:team:0b65555ba9e97910fc1e7264a99fa24,Kwangdong Freecs,oe:player:ebec939da49d80219030b8441845ef9,Pilot,bot,Miss Fortune,oe:player:7b28158d613ea1869441676fa32a3b5,Varus,bot:Miss Fortune,lineup-a16606ae6cf955eb,0,2259.00000000,37.65000000,5,5,6,2.20000000,17904.00000000,22271.00000000,396,591.52722444,0.27017973,0.30238968,81,2.15139442,0.73333333,567.00000000,502.00000000,-1.00000000,0,warmup,,,,,
pg-4247a9ed9215168c,ESPORTSTMNT03/1240419,2019-12-23T08:59:59,2019-12-23,2020,Unknown,0,9.24,Blue,oe:team:14098ac4d339fe1a0f13e74109a493c,Rockhead Players,oe:team:0b65555ba9e97910fc1e7264a99fa24,Kwangdong Freecs,oe:player:be26898a3600cb5e9898c0ab68d9139,BroCColi,jng,Olaf,oe:player:5fac949d3a1a7631ddaef68ea4cbe1e,Lee Sin,jng:Olaf,lineup-a16606ae6cf955eb,0,2259.00000000,37.65000000,5,4,7,3.00000000,11435.00000000,10618.00000000,159,282.01859230,0.17255949,0.14416836,60,1.59362550,0.80000000,454.00000000,98.00000000,9.00000000,0,warmup,,,,,
pg-97606ae39679f6ee,ESPORTSTMNT03/1240419,2019-12-23T08:59:59,2019-12-23,2020,Unknown,0,9.24,Blue,oe:team:14098ac4d339fe1a0f13e74109a493c,Rockhead Players,oe:team:0b65555ba9e97910fc1e7264a99fa24,Kwangdong Freecs,oe:player:245a58a5dc42397caf57bc06c2c0afd,Ian,mid,Twisted Fate,oe:player:6c1fa8d6ae91f559b9d317477dad3ea,Orianna,mid:Twisted Fate,lineup-a16606ae6cf955eb,0,2259.00000000,37.65000000,4,4,9,3.25000000,16721.00000000,19297.00000000,313,512.53652058,0.25232770,0.26200950,29,0.77025232,0.86666667,-410.00000000,-658.00000000,-16.00000000,0,warmup,,,,,
pg-57fec890a9e985b8,ESPORTSTMNT03/1240419,2019-12-23T08:59:59,2019-12-23,2020,Unknown,0,9.24,Blue,oe:team:14098ac4d339fe1a0f13e74109a493c,Rockhead Players,oe:team:0b65555ba9e97910fc1e7264a99fa24,Kwangdong Freecs,oe:player:a72464c4b816f4ce92d5ed43bebbf62,SUP,sup,Thresh,oe:player:1e48e6a94caf09f3d8275ffba847eea,Braum,sup:Thresh,lineup-a16606ae6cf955eb,0,2259.00000000,37.65000000,0,3,10,3.33333333,7292.00000000,2838.00000000,34,75.37848606,0.11003969,0.03853360,103,2.73572377,0.66666667,-177.00000000,-1015.00000000,0.00000000,0,warmup,,,,,
pg-1e53265f9a3d7951,ESPORTSTMNT03/1240419,2019-12-23T08:59:59,2019-12-23,2020,Unknown,0,9.24,Blue,oe:team:14098ac4d339fe1a0f13e74109a493c,Rockhead Players,oe:team:0b65555ba9e97910fc1e7264a99fa24,Kwangdong Freecs,oe:player:93f82d825f42b45556c854fdfcef571,SoaR,top,Gangplank,oe:player:03daae1844b9ad257324c3eedf41e28,Vladimir,top:Gangplank,lineup-a16606ae6cf955eb,0,2259.00000000,37.65000000,1,4,12,3.25000000,12915.00000000,18626.00000000,249,494.71447543,0.19489339,0.25289885,38,1.00929615,0.86666667,-117.00000000,143.00000000,-22.00000000,0,warmup,,,,,
pg-9767645d7af783b0,ESPORTSTMNT03/1240419,2019-12-23T08:59:59,2019-12-23,2020,Unknown,0,9.24,Red,oe:team:0b65555ba9e97910fc1e7264a99fa24,Kwangdong Freecs,oe:team:14098ac4d339fe1a0f13e74109a493c,Rockhead Players,oe:player:7b28158d613ea1869441676fa32a3b5,Mystic,bot,Varus,oe:player:ebec939da49d80219030b8441845ef9,Miss Fortune,bot:Varus,lineup-2012be2fc14d4b69,1,2259.00000000,37.65000000,4,4,7,2.75000000,17282.00000000,10341.00000000,369,274.66135458,0.25520164,0.14252832,53,1.40770252,0.55000000,-567.00000000,-502.00000000,1.00000000,0,warmup,,,,,
pg-dccfa21ae9cc846e,ESPORTSTMNT03/1240419,2019-12-23T08:59:59,2019-12-23,2020,Unknown,0,9.24,Red,oe:team:0b65555ba9e97910fc1e7264a99fa24,Kwangdong Freecs,oe:team:14098ac4d339fe1a0f13e74109a493c,Rockhead Players,oe:player:5fac949d3a1a7631ddaef68ea4cbe1e,Dread,jng,Lee Sin,oe:player:be26898a3600cb5e9898c0ab68d9139,Olaf,jng:Lee Sin,lineup-2012be2fc14d4b69,1,2259.00000000,37.65000000,1,0,9,10.00000000,10617.00000000,9071.00000000,176,240.92961487,0.15678022,0.12502412,58,1.54050465,0.50000000,-454.00000000,-98.00000000,-9.00000000,0,warmup,,,,,
pg-77d5b9ca66303dac,ESPORTSTMNT03/1240419,2019-12-23T08:59:59,2019-12-23,2020,Unknown,0,9.24,Red,oe:team:0b65555ba9e97910fc1e7264a99fa24,Kwangdong Freecs,oe:team:14098ac4d339fe1a0f13e74109a493c,Rockhead Players,oe:player:6c1fa8d6ae91f559b9d317477dad3ea,Fly,mid,Orianna,oe:player:245a58a5dc42397caf57bc06c2c0afd,Twisted Fate,mid:Orianna,lineup-2012be2fc14d4b69,1,2259.00000000,37.65000000,7,2,7,7.00000000,16175.00000000,21355.00000000,345,567.19787517,0.23885468,0.29433250,34,0.90305445,0.70000000,410.00000000,658.00000000,16.00000000,0,warmup,,,,,
pg-4d3be34df097b3fd,ESPORTSTMNT03/1240419,2019-12-23T08:59:59,2019-12-23,2020,Unknown,0,9.24,Red,oe:team:0b65555ba9e97910fc1e7264a99fa24,Kwangdong Freecs,oe:team:14098ac4d339fe1a0f13e74109a493c,Rockhead Players,oe:player:1e48e6a94caf09f3d8275ffba847eea,Jelly,sup,Braum,oe:player:a72464c4b816f4ce92d5ed43bebbf62,Thresh,sup:Braum,lineup-2012be2fc14d4b69,1,2259.00000000,37.65000000,0,5,10,2.00000000,7677.00000000,3862.00000000,27,102.57636122,0.11336553,0.05322932,88,2.33731740,0.50000000,177.00000000,1015.00000000,0.00000000,0,warmup,,,,,
pg-278338feab4dc6c5,ESPORTSTMNT03/1240419,2019-12-23T08:59:59,2019-12-23,2020,Unknown,0,9.24,Red,oe:team:0b65555ba9e97910fc1e7264a99fa24,Kwangdong Freecs,oe:team:14098ac4d339fe1a0f13e74109a493c,Rockhead Players,oe:player:03daae1844b9ad257324c3eedf41e28,Kiin,top,Vladimir,oe:player:93f82d825f42b45556c854fdfcef571,Gangplank,top:Vladimir,lineup-2012be2fc14d4b69,1,2259.00000000,37.65000000,8,4,3,2.75000000,15968.00000000,27925.00000000,321,741.69986720,0.23579793,0.38488574,49,1.30146082,0.55000000,117.00000000,-143.00000000,22.00000000,0,warmup,,,,,
pg-5ac1512b3d6290bc,ESPORTSTMNT03/1240422,2019-12-23T10:23:49,2019-12-23,2020,Unknown,0,9.24,Blue,oe:team:f73cbd69433514d61cf7c9cd0f5123a,BRION,oe:team:c228d8939c704a1d5ac0e3d49477cc4,SeolHaeOne Prince,oe:player:9712524dc88851032bd53054f8b49b4,Hena,bot,Miss Fortune,oe:player:d4236a5c6d033d0388ab042acd884f1,Vayne,bot:Miss Fortune,lineup-c2c14a68207a1e26,1,1959.00000000,32.65000000,9,1,8,17.00000000,15598.00000000,25701.00000000,313,787.16692190,0.25979780,0.33522460,52,1.59264931,0.70833333,39.00000000,-1661.00000000,4.00000000,0,warmup,,,,,
pg-70e441be879f9f8f,ESPORTSTMNT03/1240422,2019-12-23T10:23:49,2019-12-23,2020,Unknown,0,9.24,Blue,oe:team:f73cbd69433514d61cf7c9cd0f5123a,BRION,oe:team:c228d8939c704a1d5ac0e3d49477cc4,SeolHaeOne Prince,oe:player:a7106e2dbec7483fb265d4b72abb291,Doil,jng,Lee Sin,oe:player:a83e3a47f2f38f28a36e7e901eadee9,Olaf,jng:Lee Sin,lineup-c2c14a68207a1e26,1,1959.00000000,32.65000000,5,2,14,9.50000000,11496.00000000,12096.00000000,145,370.47473201,0.19147554,0.15777117,49,1.50076570,0.79166667,284.00000000,260.00000000,-9.00000000,0,warmup,,,,,
pg-450cda5d2d29bbb8,ESPORTSTMNT03/1240422,2019-12-23T10:23:49,2019-12-23,2020,Unknown,0,9.24,Blue,oe:team:f73cbd69433514d61cf7c9cd0f5123a,BRION,oe:team:c228d8939c704a1d5ac0e3d49477cc4,SeolHaeOne Prince,oe:player:8ec77bab39c59d63aa771bd8b8033d0,Jiin,mid,Syndra,oe:player:c795dfff10a7c952f4c5438951e9ece,Ryze,mid:Syndra,lineup-c2c14a68207a1e26,1,1959.00000000,32.65000000,6,3,8,4.66666667,12730.00000000,24237.00000000,254,742.32771822,0.21202885,0.31612928,38,1.16385911,0.58333333,767.00000000,1121.00000000,11.00000000,0,warmup,,,,,
pg-890a79b08ec0951e,ESPORTSTMNT03/1240422,2019-12-23T10:23:49,2019-12-23,2020,Unknown,0,9.24,Blue,oe:team:f73cbd69433514d61cf7c9cd0f5123a,BRION,oe:team:c228d8939c704a1d5ac0e3d49477cc4,SeolHaeOne Prince,oe:player:cf1fc00c5f362d9b4988cbb260cbc95,Minit,sup,Braum,oe:player:1e6947ac7fb3a9529a9726eb692c8cc,Tahm Kench,sup:Braum,lineup-c2c14a68207a1e26,1,1959.00000000,32.65000000,1,1,17,18.00000000,7919.00000000,4866.00000000,30,149.03522205,0.13189760,0.06346846,80,2.45022971,0.75000000,56.00000000,73.00000000,-6.00000000,0,warmup,,,,,
pg-a7022c9a37fd39c0,ESPORTSTMNT03/1240422,2019-12-23T10:23:49,2019-12-23,2020,Unknown,0,9.24,Blue,oe:team:f73cbd69433514d61cf7c9cd0f5123a,BRION,oe:team:c228d8939c704a1d5ac0e3d49477cc4,SeolHaeOne Prince,oe:player:840d0b77e71408d3da84e4f0cae4b73,Wizer,top,Aatrox,oe:player:97e9a3eb84113179c74c87e035d52c8,Veigar,top:Aatrox,lineup-c2c14a68207a1e26,1,1959.00000000,32.65000000,3,2,8,5.50000000,12296.00000000,9768.00000000,234,299.17304747,0.20480021,0.12740648,41,1.25574273,0.45833333,1004.00000000,3104.00000000,20.00000000,0,warmup,,,,,
pg-885613dc3f67ac15,ESPORTSTMNT03/1240422,2019-12-23T10:23:49,2019-12-23,2020,Unknown,0,9.24,Red,oe:team:c228d8939c704a1d5ac0e3d49477cc4,SeolHaeOne Prince,oe:team:f73cbd69433514d61cf7c9cd0f5123a,BRION,oe:player:d4236a5c6d033d0388ab042acd884f1,HyBriD,bot,Vayne,oe:player:9712524dc88851032bd53054f8b49b4,Miss Fortune,bot:Vayne,lineup-f746f461006bbb76,0,1959.00000000,32.65000000,3,7,3,0.85714286,11968.00000000,19028.00000000,264,582.78713629,0.23068620,0.31485588,47,1.43950995,0.66666667,-39.00000000,1661.00000000,-4.00000000,0,warmup,,,,,
pg-89dd822603c517e3,ESPORTSTMNT03/1240422,2019-12-23T10:23:49,2019-12-23,2020,Unknown,0,9.24,Red,oe:team:c228d8939c704a1d5ac0e3d49477cc4,SeolHaeOne Prince,oe:team:f73cbd69433514d61cf7c9cd0f5123a,BRION,oe:player:a83e3a47f2f38f28a36e7e901eadee9,Kuma,jng,Olaf,oe:player:a7106e2dbec7483fb265d4b72abb291,Lee Sin,jng:Olaf,lineup-f746f461006bbb76,0,1959.00000000,32.65000000,3,5,5,1.60000000,10600.00000000,11735.00000000,155,359.41807044,0.20431766,0.19417877,39,1.19448698,0.88888889,-284.00000000,-260.00000000,9.00000000,0,warmup,,,,,
pg-cf3740c738e758e1,ESPORTSTMNT03/1240422,2019-12-23T10:23:49,2019-12-23,2020,Unknown,0,9.24,Red,oe:team:c228d8939c704a1d5ac0e3d49477cc4,SeolHaeOne Prince,oe:team:f73cbd69433514d61cf7c9cd0f5123a,BRION,oe:player:c795dfff10a7c952f4c5438951e9ece,Cover,mid,Ryze,oe:player:8ec77bab39c59d63aa771bd8b8033d0,Syndra,mid:Ryze,lineup-f746f461006bbb76,0,1959.00000000,32.65000000,0,5,5,1.00000000,11446.00000000,12105.00000000,294,370.75038285,0.22062452,0.20030115,32,0.98009188,0.55555556,-767.00000000,-1121.00000000,-11.00000000,0,warmup,,,,,
pg-347645d66282b8a7,ESPORTSTMNT03/1240422,2019-12-23T10:23:49,2019-12-23,2020,Unknown,0,9.24,Red,oe:team:c228d8939c704a1d5ac0e3d49477cc4,SeolHaeOne Prince,oe:team:f73cbd69433514d61cf7c9cd0f5123a,BRION,oe:player:1e6947ac7fb3a9529a9726eb692c8cc,Secret,sup,Tahm Kench,oe:player:cf1fc00c5f362d9b4988cbb260cbc95,Braum,sup:Tahm Kench,lineup-f746f461006bbb76,0,1959.00000000,32.65000000,0,3,5,1.66666667,6642.00000000,4152.00000000,35,127.16692190,0.12802621,0.06870305,68,2.08269525,0.55555556,-56.00000000,-73.00000000,6.00000000,0,warmup,,,,,
pg-078dce46b6529465,ESPORTSTMNT03/1240422,2019-12-23T10:23:49,2019-12-23,2020,Unknown,0,9.24,Red,oe:team:c228d8939c704a1d5ac0e3d49477cc4,SeolHaeOne Prince,oe:team:f73cbd69433514d61cf7c9cd0f5123a,BRION,oe:player:97e9a3eb84113179c74c87e035d52c8,ikssu,top,Veigar,oe:player:840d0b77e71408d3da84e4f0cae4b73,Aatrox,top:Veigar,lineup-f746f461006bbb76,0,1959.00000000,32.65000000,3,4,1,1.00000000,11224.00000000,13414.00000000,221,410.84226646,0.21634541,0.22196115,39,1.19448698,0.44444444,-1004.00000000,-3104.00000000,-20.00000000,0,warmup,,,,,
pg-817da7d38e0b9d58,ESPORTSTMNT03/1250386,2019-12-23T11:52:34,2019-12-23,2020,Unknown,0,9.24,Blue,oe:team:f73cbd69433514d61cf7c9cd0f5123a,BRION,oe:team:c228d8939c704a1d5ac0e3d49477cc4,SeolHaeOne Prince,oe:player:450cbae633304212e5e2cdf32ac1711,Hollow,bot,Xayah,oe:player:d4236a5c6d033d0388ab042acd884f1,Varus,bot:Xayah,lineup-4c3dc37094b8abeb,0,2195.00000000,36.58333333,5,5,2,1.40000000,15297.00000000,17234.00000000,311,471.08883827,0.25250074,0.24086989,53,1.44874715,0.50000000,-286.00000000,50.00000000,-14.00000000,0,warmup,,,,,
pg-5f55ae1e9da075cf,ESPORTSTMNT03/1250386,2019-12-23T11:52:34,2019-12-23,2020,Unknown,0,9.24,Blue,oe:team:f73cbd69433514d61cf7c9cd0f5123a,BRION,oe:team:c228d8939c704a1d5ac0e3d49477cc4,SeolHaeOne Prince,oe:player:5c6f901a83ec448d51703aebba0ca64,Croco,jng,Lee Sin,oe:player:a83e3a47f2f38f28a36e7e901eadee9,Rek'Sai,jng:Lee Sin,lineup-4c3dc37094b8abeb,0,2195.00000000,36.58333333,0,5,10,2.00000000,10282.00000000,10146.00000000,184,277.33940774,0.16972038,0.14180492,51,1.39407745,0.71428571,-243.00000000,410.00000000,14.00000000,0,warmup,,,,,
pg-4c3bc67d23e4cef2,ESPORTSTMNT03/1250386,2019-12-23T11:52:34,2019-12-23,2020,Unknown,0,9.24,Blue,oe:team:f73cbd69433514d61cf7c9cd0f5123a,BRION,oe:team:c228d8939c704a1d5ac0e3d49477cc4,SeolHaeOne Prince,oe:player:8ec77bab39c59d63aa771bd8b8033d0,Jiin,mid,Syndra,oe:player:c795dfff10a7c952f4c5438951e9ece,Ryze,mid:Syndra,lineup-4c3dc37094b8abeb,0,2195.00000000,36.58333333,5,6,3,1.33333333,13270.00000000,23736.00000000,281,648.82004556,0.21904196,0.33174468,41,1.12072893,0.57142857,-643.00000000,-580.00000000,-15.00000000,0,warmup,,,,,
pg-97bef8b83c61d3ac,ESPORTSTMNT03/1250386,2019-12-23T11:52:34,2019-12-23,2020,Unknown,0,9.24,Blue,oe:team:f73cbd69433514d61cf7c9cd0f5123a,BRION,oe:team:c228d8939c704a1d5ac0e3d49477cc4,SeolHaeOne Prince,oe:player:cf1fc00c5f362d9b4988cbb260cbc95,Minit,sup,Rakan,oe:player:1e6947ac7fb3a9529a9726eb692c8cc,Tahm Kench,sup:Rakan,lineup-4c3dc37094b8abeb,0,2195.00000000,36.58333333,0,4,5,1.25000000,7414.00000000,4726.00000000,35,129.18451025,0.12237958,0.06605264,100,2.73348519,0.35714286,-462.00000000,-294.00000000,-1.00000000,0,warmup,,,,,
pg-6e78117201f9df00,ESPORTSTMNT03/1250386,2019-12-23T11:52:34,2019-12-23,2020,Unknown,0,9.24,Blue,oe:team:f73cbd69433514d61cf7c9cd0f5123a,BRION,oe:team:c228d8939c704a1d5ac0e3d49477cc4,SeolHaeOne Prince,oe:player:840d0b77e71408d3da84e4f0cae4b73,Wizer,top,Aatrox,oe:player:97e9a3eb84113179c74c87e035d52c8,Illaoi,top:Aatrox,lineup-4c3dc37094b8abeb,0,2195.00000000,36.58333333,4,3,7,3.66666667,14319.00000000,15707.00000000,296,429.34851936,0.23635733,0.21952788,51,1.39407745,0.78571429,1080.00000000,715.00000000,31.00000000,0,warmup,,,,,
pg-f14274b2b0097f62,ESPORTSTMNT03/1250386,2019-12-23T11:52:34,2019-12-23,2020,Unknown,0,9.24,Red,oe:team:c228d8939c704a1d5ac0e3d49477cc4,SeolHaeOne Prince,oe:team:f73cbd69433514d61cf7c9cd0f5123a,BRION,oe:player:d4236a5c6d033d0388ab042acd884f1,HyBriD,bot,Varus,oe:player:450cbae633304212e5e2cdf32ac1711,Xayah,bot:Varus,lineup-f746f461006bbb76,1,2195.00000000,36.58333333,5,2,8,6.50000000,15858.00000000,18278.00000000,320,499.62642369,0.22100818,0.23743521,39,1.06605923,0.56521739,286.00000000,-50.00000000,14.00000000,0,warmup,,,,,
pg-72e30082486ba4e2,ESPORTSTMNT03/1250386,2019-12-23T11:52:34,2019-12-23,2020,Unknown,0,9.24,Red,oe:team:c228d8939c704a1d5ac0e3d49477cc4,SeolHaeOne Prince,oe:team:f73cbd69433514d61cf7c9cd0f5123a,BRION,oe:player:a83e3a47f2f38f28a36e7e901eadee9,Kuma,jng,Rek'Sai,oe:player:5c6f901a83ec448d51703aebba0ca64,Lee Sin,jng:Rek'Sai,lineup-f746f461006bbb76,1,2195.00000000,36.58333333,3,3,11,4.66666667,12858.00000000,12053.00000000,189,329.46697039,0.17919808,0.15657110,56,1.53075171,0.60869565,243.00000000,-410.00000000,-14.00000000,0,warmup,,,,,
pg-9cadb8e460db60bd,ESPORTSTMNT03/1250386,2019-12-23T11:52:34,2019-12-23,2020,Unknown,0,9.24,Red,oe:team:c228d8939c704a1d5ac0e3d49477cc4,SeolHaeOne Prince,oe:team:f73cbd69433514d61cf7c9cd0f5123a,BRION,oe:player:c795dfff10a7c952f4c5438951e9ece,Cover,mid,Ryze,oe:player:8ec77bab39c59d63aa771bd8b8033d0,Syndra,mid:Ryze,lineup-f746f461006bbb76,1,2195.00000000,36.58333333,7,3,9,5.33333333,17925.00000000,19613.00000000,333,536.11845103,0.24981534,0.25477715,46,1.25740319,0.69565217,643.00000000,580.00000000,15.00000000,0,warmup,,,,,
pg-749abeac1b886f16,ESPORTSTMNT03/1250386,2019-12-23T11:52:34,2019-12-23,2020,Unknown,0,9.24,Red,oe:team:c228d8939c704a1d5ac0e3d49477cc4,SeolHaeOne Prince,oe:team:f73cbd69433514d61cf7c9cd0f5123a,BRION,oe:player:1e6947ac7fb3a9529a9726eb692c8cc,Secret,sup,Tahm Kench,oe:player:cf1fc00c5f362d9b4988cbb260cbc95,Rakan,sup:Tahm Kench,lineup-f746f461006bbb76,1,2195.00000000,36.58333333,2,3,11,4.33333333,9661.00000000,5851.00000000,36,159.93621868,0.13464245,0.07600577,89,2.43280182,0.56521739,462.00000000,294.00000000,1.00000000,0,warmup,,,,,
pg-5cb99922068b34c7,ESPORTSTMNT03/1250386,2019-12-23T11:52:34,2019-12-23,2020,Unknown,0,9.24,Red,oe:team:c228d8939c704a1d5ac0e3d49477cc4,SeolHaeOne Prince,oe:team:f73cbd69433514d61cf7c9cd0f5123a,BRION,oe:player:97e9a3eb84113179c74c87e035d52c8,ikssu,top,Illaoi,oe:player:840d0b77e71408d3da84e4f0cae4b73,Aatrox,top:Illaoi,lineup-f746f461006bbb76,1,2195.00000000,36.58333333,6,3,7,4.33333333,15451.00000000,21186.00000000,241,579.11617312,0.21533594,0.27521077,32,0.87471526,0.56521739,-1080.00000000,-715.00000000,-31.00000000,0,warmup,,,,,
pg-6a43c2694922c938,ESPORTSTMNT03/1250395,2019-12-23T12:57:27,2019-12-23,2020,Unknown,0,9.24,Blue,oe:team:f73cbd69433514d61cf7c9cd0f5123a,BRION,oe:team:c228d8939c704a1d5ac0e3d49477cc4,SeolHaeOne Prince,oe:player:9712524dc88851032bd53054f8b49b4,Hena,bot,Senna,oe:player:d4236a5c6d033d0388ab042acd884f1,Yasuo,bot:Senna,lineup-c2c14a68207a1e26,1,1825.00000000,30.41666667,4,0,9,13.00000000,13145.00000000,14334.00000000,241,471.25479452,0.24367411,0.26845713,28,0.92054795,1.00000000,1859.00000000,404.00000000,36.00000000,0,warmup,,,,,
pg-55090e2c3f117875,ESPORTSTMNT03/1250395,2019-12-23T12:57:27,2019-12-23,2020,Unknown,0,9.24,Blue,oe:team:f73cbd69433514d61cf7c9cd0f5123a,BRION,oe:team:c228d8939c704a1d5ac0e3d49477cc4,SeolHaeOne Prince,oe:player:a7106e2dbec7483fb265d4b72abb291,Doil,jng,Jarvan IV,oe:player:a83e3a47f2f38f28a36e7e901eadee9,Lee Sin,jng:Jarvan IV,lineup-c2c14a68207a1e26,1,1825.00000000,30.41666667,2,2,11,6.50000000,10427.00000000,3890.00000000,173,127.89041096,0.19328946,0.07285463,49,1.61095890,1.00000000,1443.00000000,851.00000000,26.00000000,0,warmup,,,,,
pg-42986f6c8547c861,ESPORTSTMNT03/1250395,2019-12-23T12:57:27,2019-12-23,2020,Unknown,0,9.24,Blue,oe:team:f73cbd69433514d61cf7c9cd0f5123a,BRION,oe:team:c228d8939c704a1d5ac0e3d49477cc4,SeolHaeOne Prince,oe:player:8ec77bab39c59d63aa771bd8b8033d0,Jiin,mid,Rumble,oe:player:c795dfff10a7c952f4c5438951e9ece,Zoe,mid:Rumble,lineup-c2c14a68207a1e26,1,1825.00000000,30.41666667,5,2,5,5.00000000,11836.00000000,15011.00000000,220,493.51232877,0.21940866,0.28113646,37,1.21643836,0.76923077,657.00000000,524.00000000,-31.00000000,0,warmup,,,,,
pg-7f003af4718cdb15,ESPORTSTMNT03/1250395,2019-12-23T12:57:27,2019-12-23,2020,Unknown,0,9.24,Blue,oe:team:f73cbd69433514d61cf7c9cd0f5123a,BRION,oe:team:c228d8939c704a1d5ac0e3d49477cc4,SeolHaeOne Prince,oe:player:cf1fc00c5f362d9b4988cbb260cbc95,Minit,sup,Tahm Kench,oe:player:1e6947ac7fb3a9529a9726eb692c8cc,Gragas,sup:Tahm Kench,lineup-c2c14a68207a1e26,1,1825.00000000,30.41666667,1,0,11,12.00000000,8027.00000000,5302.00000000,28,174.31232877,0.14879970,0.09929955,66,2.16986301,0.92307692,1238.00000000,1229.00000000,16.00000000,0,warmup,,,,,
pg-0855ff717fcf302c,ESPORTSTMNT03/1250395,2019-12-23T12:57:27,2019-12-23,2020,Unknown,0,9.24,Blue,oe:team:f73cbd69433514d61cf7c9cd0f5123a,BRION,oe:team:c228d8939c704a1d5ac0e3d49477cc4,SeolHaeOne Prince,oe:player:840d0b77e71408d3da84e4f0cae4b73,Wizer,top,Mordekaiser,oe:player:97e9a3eb84113179c74c87e035d52c8,Aatrox,top:Mordekaiser,lineup-c2c14a68207a1e26,1,1825.00000000,30.41666667,1,1,3,4.00000000,10510.00000000,14857.00000000,237,488.44931507,0.19482807,0.27825224,27,0.88767123,0.30769231,-71.00000000,-374.00000000,-11.00000000,0,warmup,,,,,
pg-2493f43080479a26,ESPORTSTMNT03/1250395,2019-12-23T12:57:27,2019-12-23,2020,Unknown,0,9.24,Red,oe:team:c228d8939c704a1d5ac0e3d49477cc4,SeolHaeOne Prince,oe:team:f73cbd69433514d61cf7c9cd0f5123a,BRION,oe:player:d4236a5c6d033d0388ab042acd884f1,HyBriD,bot,Yasuo,oe:player:9712524dc88851032bd53054f8b49b4,Senna,bot:Yasuo,lineup-f746f461006bbb76,0,1825.00000000,30.41666667,1,4,2,0.75000000,10278.00000000,4546.00000000,237,149.45753425,0.23021099,0.12333822,14,0.46027397,0.60000000,-1859.00000000,-404.00000000,-36.00000000,0,warmup,,,,,
pg-e180c22653462a1a,ESPORTSTMNT03/1250395,2019-12-23T12:57:27,2019-12-23,2020,Unknown,0,9.24,Red,oe:team:c228d8939c704a1d5ac0e3d49477cc4,SeolHaeOne Prince,oe:team:f73cbd69433514d61cf7c9cd0f5123a,BRION,oe:player:a83e3a47f2f38f28a36e7e901eadee9,Kuma,jng,Lee Sin,oe:player:a7106e2dbec7483fb265d4b72abb291,Jarvan IV,jng:Lee Sin,lineup-f746f461006bbb76,0,1825.00000000,30.41666667,0,2,3,1.50000000,7489.00000000,3685.00000000,134,121.15068493,0.16774179,0.09997830,41,1.34794521,0.60000000,-1443.00000000,-851.00000000,-26.00000000,0,warmup,,,,,
pg-05e486b7f0880b2e,ESPORTSTMNT03/1250395,2019-12-23T12:57:27,2019-12-23,2020,Unknown,0,9.24,Red,oe:team:c228d8939c704a1d5ac0e3d49477cc4,SeolHaeOne Prince,oe:team:f73cbd69433514d61cf7c9cd0f5123a,BRION,oe:player:c795dfff10a7c952f4c5438951e9ece,Cover,mid,Zoe,oe:player:8ec77bab39c59d63aa771bd8b8033d0,Rumble,mid:Zoe,lineup-f746f461006bbb76,0,1825.00000000,30.41666667,3,3,1,1.33333333,10573.00000000,12043.00000000,243,395.93424658,0.23681853,0.32674046,24,0.78904110,0.80000000,-657.00000000,-524.00000000,31.00000000,0,warmup,,,,,
pg-ffabc364346a5661,ESPORTSTMNT03/1250395,2019-12-23T12:57:27,2019-12-23,2020,Unknown,0,9.24,Red,oe:team:c228d8939c704a1d5ac0e3d49477cc4,SeolHaeOne Prince,oe:team:f73cbd69433514d61cf7c9cd0f5123a,BRION,oe:player:1e6947ac7fb3a9529a9726eb692c8cc,Secret,sup,Gragas,oe:player:cf1fc00c5f362d9b4988cbb260cbc95,Tahm Kench,sup:Gragas,lineup-f746f461006bbb76,0,1825.00000000,30.41666667,0,3,3,1.00000000,5813.00000000,4984.00000000,19,163.85753425,0.13020203,0.13522166,85,2.79452055,0.60000000,-1238.00000000,-1229.00000000,-16.00000000,0,warmup,,,,,
pg-1311a2b3e782a399,ESPORTSTMNT03/1250395,2019-12-23T12:57:27,2019-12-23,2020,Unknown,0,9.24,Red,oe:team:c228d8939c704a1d5ac0e3d49477cc4,SeolHaeOne Prince,oe:team:f73cbd69433514d61cf7c9cd0f5123a,BRION,oe:player:97e9a3eb84113179c74c87e035d52c8,ikssu,top,Aatrox,oe:player:840d0b77e71408d3da84e4f0cae4b73,Mordekaiser,top:Aatrox,lineup-f746f461006bbb76,0,1825.00000000,30.41666667,1,1,2,3.00000000,10493.00000000,11600.00000000,251,381.36986301,0.23502665,0.31472136,21,0.69041096,0.60000000,71.00000000,374.00000000,11.00000000,0,warmup,,,,,
pg-b897602f079ee1b5,ESPORTSTMNT03/1250422,2019-12-24T07:43:38,2019-12-24,2020,Unknown,0,9.24,Blue,oe:team:d723992568441c6bafa2658129eade7,KT Rolster,name-team-bbf4d270ed871a83,unknown team,oe:player:85104684d1eb7f4c0ce393441a0b669,Aiming,bot,Miss Fortune,oe:player:6c1d0c529e73fe4c8b9a5306867c4bf,Varus,bot:Miss Fortune,lineup-37cb486803a059b7,1,2415.00000000,40.25000000,1,1,6,7.00000000,17691.00000000,24796.00000000,450,616.04968944,0.25143905,0.30902293,86,2.13664596,0.70000000,-730.00000000,-144.00000000,-8.00000000,0,warmup,,,,,
pg-81af1ac3a08bd358,ESPORTSTMNT03/1250422,2019-12-24T07:43:38,2019-12-24,2020,Unknown,0,9.24,Blue,oe:team:d723992568441c6bafa2658129eade7,KT Rolster,name-team-bbf4d270ed871a83,unknown team,oe:player:b06f165ee2371a61d3be74d413e1e21,Malrang,jng,Lee Sin,oe:player:46876fce3aee77758b1088135c4d571,Olaf,jng:Lee Sin,lineup-37cb486803a059b7,1,2415.00000000,40.25000000,2,2,7,4.50000000,11634.00000000,7521.00000000,177,186.85714286,0.16535198,0.09373131,90,2.23602484,0.90000000,-1089.00000000,-2170.00000000,-34.00000000,0,warmup,,,,,
pg-f203fdbb8c526d09,ESPORTSTMNT03/1250422,2019-12-24T07:43:38,2019-12-24,2020,Unknown,0,9.24,Blue,oe:team:d723992568441c6bafa2658129eade7,KT Rolster,name-team-bbf4d270ed871a83,unknown team,oe:player:d06ddbf2ef1a12432c3fe5f7544e5d5,Kuro,mid,Orianna,oe:player:e9017664588010860a92ceb5f8fcb82,Taliyah,mid:Orianna,lineup-37cb486803a059b7,1,2415.00000000,40.25000000,7,2,2,4.50000000,17006.00000000,22910.00000000,347,569.19254658,0.24170326,0.28551844,80,1.98757764,0.90000000,-1040.00000000,-652.00000000,4.00000000,0,warmup,,,,,
pg-9c4ebd3a0eb32d9c,ESPORTSTMNT03/1250422,2019-12-24T07:43:38,2019-12-24,2020,Unknown,0,9.24,Blue,oe:team:d723992568441c6bafa2658129eade7,KT Rolster,name-team-bbf4d270ed871a83,unknown team,oe:player:45fa65486c55c031328f189912bbe4b,TusiN,sup,Leona,oe:player:7fdedd3126915607d5c8f42f8239253,Thresh,sup:Leona,lineup-37cb486803a059b7,1,2415.00000000,40.25000000,0,5,8,1.60000000,8684.00000000,5237.00000000,34,130.11180124,0.12342415,0.06526670,116,2.88198758,0.80000000,-495.00000000,-626.00000000,-4.00000000,0,warmup,,,,,
pg-cecef761859de9ce,ESPORTSTMNT03/1250422,2019-12-24T07:43:38,2019-12-24,2020,Unknown,0,9.24,Blue,oe:team:d723992568441c6bafa2658129eade7,KT Rolster,name-team-bbf4d270ed871a83,unknown team,oe:player:9406e3c325bfc9873426e5eda4ba6e1,Ray,top,Renekton,oe:player:2cf25c61b8ffce22fd2124df83c5b38,Aatrox,top:Renekton,lineup-37cb486803a059b7,1,2415.00000000,40.25000000,0,3,4,1.33333333,15344.00000000,19776.00000000,346,491.32919255,0.21808155,0.24646062,36,0.89440994,0.40000000,-6.00000000,-123.00000000,8.00000000,0,warmup,,,,,
pg-b3e83adac5aaf9d0,ESPORTSTMNT03/1250422,2019-12-24T07:43:38,2019-12-24,2020,Unknown,0,9.24,Red,name-team-bbf4d270ed871a83,unknown team,oe:team:d723992568441c6bafa2658129eade7,KT Rolster,oe:player:6c1d0c529e73fe4c8b9a5306867c4bf,BAO,bot,Varus,oe:player:85104684d1eb7f4c0ce393441a0b669,Miss Fortune,bot:Varus,lineup-3bca7d9104c06fe6,0,2415.00000000,40.25000000,5,0,4,9.00000000,16703.00000000,20511.00000000,392,509.59006211,0.24275146,0.26717120,48,1.19254658,0.69230769,730.00000000,144.00000000,8.00000000,0,warmup,,,,,
pg-5d311d2b7cec46f0,ESPORTSTMNT03/1250422,2019-12-24T07:43:38,2019-12-24,2020,Unknown,0,9.24,Red,name-team-bbf4d270ed871a83,unknown team,oe:team:d723992568441c6bafa2658129eade7,KT Rolster,oe:player:46876fce3aee77758b1088135c4d571,Dantal,jng,Olaf,oe:player:b06f165ee2371a61d3be74d413e1e21,Lee Sin,jng:Olaf,lineup-3bca7d9104c06fe6,0,2415.00000000,40.25000000,0,4,5,1.25000000,11630.00000000,8304.00000000,214,206.31055901,0.16902350,0.10816584,71,1.76397516,0.38461538,1089.00000000,2170.00000000,34.00000000,0,warmup,,,,,
pg-51e737101ec22683,ESPORTSTMNT03/1250422,2019-12-24T07:43:38,2019-12-24,2020,Unknown,0,9.24,Red,name-team-bbf4d270ed871a83,unknown team,oe:team:d723992568441c6bafa2658129eade7,KT Rolster,oe:player:e9017664588010860a92ceb5f8fcb82,Quad,mid,Taliyah,oe:player:d06ddbf2ef1a12432c3fe5f7544e5d5,Orianna,mid:Taliyah,lineup-3bca7d9104c06fe6,0,2415.00000000,40.25000000,3,3,4,2.33333333,13841.00000000,20461.00000000,316,508.34782609,0.20115686,0.26651991,56,1.39130435,0.53846154,1040.00000000,652.00000000,-4.00000000,0,warmup,,,,,
pg-e52c768c7bc1265c,ESPORTSTMNT03/1250422,2019-12-24T07:43:38,2019-12-24,2020,Unknown,0,9.24,Red,name-team-bbf4d270ed871a83,unknown team,oe:team:d723992568441c6bafa2658129eade7,KT Rolster,oe:player:7fdedd3126915607d5c8f42f8239253,Pleata,sup,Thresh,oe:player:45fa65486c55c031328f189912bbe4b,Leona,sup:Thresh,lineup-3bca7d9104c06fe6,0,2415.00000000,40.25000000,1,1,7,8.00000000,8948.00000000,4590.00000000,53,114.03726708,0.13004491,0.05978820,107,2.65838509,0.61538462,495.00000000,626.00000000,4.00000000,0,warmup,,,,,
pg-2d578bc8a757aedc,ESPORTSTMNT03/1250422,2019-12-24T07:43:38,2019-12-24,2020,Unknown,0,9.24,Red,name-team-bbf4d270ed871a83,unknown team,oe:team:d723992568441c6bafa2658129eade7,KT Rolster,oe:player:2cf25c61b8ffce22fd2124df83c5b38,Khalis,top,Aatrox,oe:player:9406e3c325bfc9873426e5eda4ba6e1,Renekton,top:Aatrox,lineup-3bca7d9104c06fe6,0,2415.00000000,40.25000000,4,2,4,4.00000000,17685.00000000,22905.00000000,369,569.06832298,0.25702327,0.29835485,40,0.99378882,0.61538462,6.00000000,123.00000000,-8.00000000,0,warmup,,,,,
pg-e85e138786bb6e52,ESPORTSTMNT03/1250425,2019-12-24T08:58:47,2019-12-24,2020,Unknown,0,9.24,Blue,oe:team:d723992568441c6bafa2658129eade7,KT Rolster,name-team-bbf4d270ed871a83,unknown team,oe:player:85104684d1eb7f4c0ce393441a0b669,Aiming,bot,Miss Fortune,oe:player:6c1d0c529e73fe4c8b9a5306867c4bf,Varus,bot:Miss Fortune,lineup-7cddd72ad9466689,1,1649.00000000,27.48333333,4,2,5,4.50000000,13460.00000000,11203.00000000,293,407.62886598,0.24047309,0.20392078,47,1.71012735,0.47368421,3.00000000,104.00000000,-10.00000000,0,warmup,,,,,
pg-b1b2c66d888e125b,ESPORTSTMNT03/1250425,2019-12-24T08:58:47,2019-12-24,2020,Unknown,0,9.24,Blue,oe:team:d723992568441c6bafa2658129eade7,KT Rolster,name-team-bbf4d270ed871a83,unknown team,oe:player:37a18aea52f7509729362a4b97a6ce7,bonO,jng,Elise,oe:player:46876fce3aee77758b1088135c4d571,Olaf,jng:Elise,lineup-7cddd72ad9466689,1,1649.00000000,27.48333333,5,0,8,13.00000000,10873.00000000,11576.00000000,174,421.20072771,0.19425437,0.21071026,79,2.87446938,0.68421053,963.00000000,500.00000000,-18.00000000,0,warmup,,,,,
pg-29268095cbb6cba2,ESPORTSTMNT03/1250425,2019-12-24T08:58:47,2019-12-24,2020,Unknown,0,9.24,Blue,oe:team:d723992568441c6bafa2658129eade7,KT Rolster,name-team-bbf4d270ed871a83,unknown team,oe:player:d06ddbf2ef1a12432c3fe5f7544e5d5,Kuro,mid,Aurelion Sol,oe:player:e9017664588010860a92ceb5f8fcb82,Viktor,mid:Aurelion Sol,lineup-7cddd72ad9466689,1,1649.00000000,27.48333333,4,1,7,11.00000000,11043.00000000,11612.00000000,200,422.51061249,0.19729155,0.21136554,29,1.05518496,0.57894737,575.00000000,441.00000000,-9.00000000,0,warmup,,,,,
pg-623fe9dab8906ee2,ESPORTSTMNT03/1250425,2019-12-24T08:58:47,2019-12-24,2020,Unknown,0,9.24,Blue,oe:team:d723992568441c6bafa2658129eade7,KT Rolster,name-team-bbf4d270ed871a83,unknown team,oe:player:45fa65486c55c031328f189912bbe4b,TusiN,sup,Leona,oe:player:7fdedd3126915607d5c8f42f8239253,Thresh,sup:Leona,lineup-7cddd72ad9466689,1,1649.00000000,27.48333333,1,1,4,5.00000000,7031.00000000,2051.00000000,43,74.62704669,0.12561414,0.03733299,77,2.80169800,0.26315789,104.00000000,551.00000000,5.00000000,0,warmup,,,,,
pg-71cf30dc1fb65dbe,ESPORTSTMNT03/1250425,2019-12-24T08:58:47,2019-12-24,2020,Unknown,0,9.24,Blue,oe:team:d723992568441c6bafa2658129eade7,KT Rolster,name-team-bbf4d270ed871a83,unknown team,oe:player:110de1170a2c2ac8bbc0dc557061b69,SoHwan,top,Jayce,oe:player:2cf25c61b8ffce22fd2124df83c5b38,Aatrox,top:Jayce,lineup-7cddd72ad9466689,1,1649.00000000,27.48333333,5,0,11,16.00000000,13566.00000000,18496.00000000,237,672.98969072,0.24236686,0.33667043,40,1.45542753,0.84210526,2819.00000000,810.00000000,27.00000000,0,warmup,,,,,
pg-4ee7c11b883b97ce,ESPORTSTMNT03/1250425,2019-12-24T08:58:47,2019-12-24,2020,Unknown,0,9.24,Red,name-team-bbf4d270ed871a83,unknown team,oe:team:d723992568441c6bafa2658129eade7,KT Rolster,oe:player:6c1d0c529e73fe4c8b9a5306867c4bf,BAO,bot,Varus,oe:player:85104684d1eb7f4c0ce393441a0b669,Miss Fortune,bot:Varus,lineup-3bca7d9104c06fe6,0,1649.00000000,27.48333333,3,2,1,2.00000000,10512.00000000,9693.00000000,263,352.68647665,0.25406647,0.29122101,34,1.23711340,1.00000000,-3.00000000,-104.00000000,10.00000000,0,warmup,,,,,
pg-813220fdc33cfcc1,ESPORTSTMNT03/1250425,2019-12-24T08:58:47,2019-12-24,2020,Unknown,0,9.24,Red,name-team-bbf4d270ed871a83,unknown team,oe:team:d723992568441c6bafa2658129eade7,KT Rolster,oe:player:46876fce3aee77758b1088135c4d571,Dantal,jng,Olaf,oe:player:37a18aea52f7509729362a4b97a6ce7,Elise,jng:Olaf,lineup-3bca7d9104c06fe6,0,1649.00000000,27.48333333,0,3,2,0.66666667,7016.00000000,4416.00000000,124,160.67919951,0.16957100,0.13267636,43,1.56458460,0.50000000,-963.00000000,-500.00000000,18.00000000,0,warmup,,,,,
pg-a07470ed1c272672,ESPORTSTMNT03/1250425,2019-12-24T08:58:47,2019-12-24,2020,Unknown,0,9.24,Red,name-team-bbf4d270ed871a83,unknown team,oe:team:d723992568441c6bafa2658129eade7,KT Rolster,oe:player:e9017664588010860a92ceb5f8fcb82,Quad,mid,Viktor,oe:player:d06ddbf2ef1a12432c3fe5f7544e5d5,Aurelion Sol,mid:Viktor,lineup-3bca7d9104c06fe6,0,1649.00000000,27.48333333,0,5,2,0.40000000,9500.00000000,11700.00000000,261,425.71255306,0.22960725,0.35152025,29,1.05518496,0.50000000,-575.00000000,-441.00000000,9.00000000,0,warmup,,,,,
pg-266c13f6e7284b12,ESPORTSTMNT03/1250425,2019-12-24T08:58:47,2019-12-24,2020,Unknown,0,9.24,Red,name-team-bbf4d270ed871a83,unknown team,oe:team:d723992568441c6bafa2658129eade7,KT Rolster,oe:player:7fdedd3126915607d5c8f42f8239253,Pleata,sup,Thresh,oe:player:45fa65486c55c031328f189912bbe4b,Leona,sup:Thresh,lineup-3bca7d9104c06fe6,0,1649.00000000,27.48333333,1,5,3,0.80000000,6572.00000000,2563.00000000,29,93.25651910,0.15883988,0.07700397,62,2.25591267,1.00000000,-104.00000000,-551.00000000,-5.00000000,0,warmup,,,,,
pg-2e9324a18e8b13d0,ESPORTSTMNT03/1250425,2019-12-24T08:58:47,2019-12-24,2020,Unknown,0,9.24,Red,name-team-bbf4d270ed871a83,unknown team,oe:team:d723992568441c6bafa2658129eade7,KT Rolster,oe:player:2cf25c61b8ffce22fd2124df83c5b38,Khalis,top,Aatrox,oe:player:110de1170a2c2ac8bbc0dc557061b69,Jayce,top:Aatrox,lineup-3bca7d9104c06fe6,0,1649.00000000,27.48333333,0,4,1,0.25000000,7775.00000000,4912.00000000,198,178.72650091,0.18791541,0.14757842,17,0.61855670,0.25000000,-2819.00000000,-810.00000000,-27.00000000,0,warmup,,,,,
pg-150e87fc2b44cd55,ESPORTSTMNT03/1250428,2019-12-24T10:08:21,2019-12-24,2020,Unknown,0,9.24,Blue,oe:team:3a1d18f46bcb3716ebcfcf4ef068934,Hanwha Life Esports,oe:team:51784a0e9c9e3da09f28d87e0562feb,ESports Connected,oe:player:1d18fe2cdd43a72d46421ecfe81b599,Lava,bot,Miss Fortune,oe:player:0f4317a0c9d88aa9948683815c2ba14,Varus,bot:Miss Fortune,lineup-3dea0401516d3f85,1,1695.00000000,28.25000000,6,0,5,11.00000000,13790.00000000,24259.00000000,317,858.72566372,0.27326952,0.41501009,32,1.13274336,0.84615385,1029.00000000,982.00000000,46.00000000,0,warmup,,,,,
pg-a17cf51514e5de65,ESPORTSTMNT03/1250428,2019-12-24T10:08:21,2019-12-24,2020,Unknown,0,9.24,Blue,oe:team:3a1d18f46bcb3716ebcfcf4ef068934,Hanwha Life Esports,oe:team:51784a0e9c9e3da09f28d87e0562feb,ESports Connected,oe:player:2736a0eb19c2525920f8ff4af5086c0,Haru,jng,Lee Sin,oe:player:1004f902c40acfe8ff42e89acec0e20,Elise,jng:Lee Sin,lineup-3dea0401516d3f85,1,1695.00000000,28.25000000,1,2,10,5.50000000,8998.00000000,5713.00000000,162,202.23008850,0.17830886,0.09773497,38,1.34513274,0.84615385,-457.00000000,1016.00000000,14.00000000,0,warmup,,,,,
pg-fc0ba8f4a86c7583,ESPORTSTMNT03/1250428,2019-12-24T10:08:21,2019-12-24,2020,Unknown,0,9.24,Blue,oe:team:3a1d18f46bcb3716ebcfcf4ef068934,Hanwha Life Esports,oe:team:51784a0e9c9e3da09f28d87e0562feb,ESports Connected,oe:player:2861898294dd867b05fd28dca284e57,Tempt,mid,Nautilus,oe:player:990de650e44c3b85ec90451de02db04,Renekton,mid:Nautilus,lineup-3dea0401516d3f85,1,1695.00000000,28.25000000,5,2,6,5.50000000,10587.00000000,12653.00000000,187,447.89380531,0.20979728,0.21646081,30,1.06194690,0.84615385,410.00000000,-935.00000000,-18.00000000,0,warmup,,,,,
pg-c73f9cb21334b88d,ESPORTSTMNT03/1250428,2019-12-24T10:08:21,2019-12-24,2020,Unknown,0,9.24,Blue,oe:team:3a1d18f46bcb3716ebcfcf4ef068934,Hanwha Life Esports,oe:team:51784a0e9c9e3da09f28d87e0562feb,ESports Connected,oe:player:e4e24b8656e4e6a74b939af730b0148,Lehends,sup,Yuumi,oe:player:20cbf3318192b3d953e11d6cced699b,Tahm Kench,sup:Yuumi,lineup-3dea0401516d3f85,1,1695.00000000,28.25000000,0,0,11,11.00000000,6957.00000000,10317.00000000,8,365.20353982,0.13786339,0.17649776,59,2.08849558,0.84615385,638.00000000,722.00000000,-12.00000000,0,warmup,,,,,
pg-50f42caf1a10af26,ESPORTSTMNT03/1250428,2019-12-24T10:08:21,2019-12-24,2020,Unknown,0,9.24,Blue,oe:team:3a1d18f46bcb3716ebcfcf4ef068934,Hanwha Life Esports,oe:team:51784a0e9c9e3da09f28d87e0562feb,ESports Connected,oe:player:d3a36b831bf6dfc749f79a1d3a71fad,CuVee,top,Aatrox,oe:player:94d6adcc4935cd40d48a58688f30af9,Jayce,top:Aatrox,lineup-3dea0401516d3f85,1,1695.00000000,28.25000000,1,2,3,2.00000000,10131.00000000,5512.00000000,227,195.11504425,0.20076095,0.09429637,21,0.74336283,0.30769231,-729.00000000,-367.00000000,-23.00000000,0,warmup,,,,,
pg-e3967fcfb428dff0,ESPORTSTMNT03/1250428,2019-12-24T10:08:21,2019-12-24,2020,Unknown,0,9.24,Red,oe:team:51784a0e9c9e3da09f28d87e0562feb,ESports Connected,oe:team:3a1d18f46bcb3716ebcfcf4ef068934,Hanwha Life Esports,oe:player:0f4317a0c9d88aa9948683815c2ba14,Rain,bot,Varus,oe:player:1d18fe2cdd43a72d46421ecfe81b599,Miss Fortune,bot:Varus,lineup-5f9932b599d95615,0,1695.00000000,28.25000000,1,2,4,2.50000000,10238.00000000,9796.00000000,245,346.76106195,0.22540235,0.24368159,32,1.13274336,0.83333333,-1029.00000000,-982.00000000,-46.00000000,0,warmup,,,,,
pg-6f45bd84832649d0,ESPORTSTMNT03/1250428,2019-12-24T10:08:21,2019-12-24,2020,Unknown,0,9.24,Red,oe:team:51784a0e9c9e3da09f28d87e0562feb,ESports Connected,oe:team:3a1d18f46bcb3716ebcfcf4ef068934,Hanwha Life Esports,oe:player:1004f902c40acfe8ff42e89acec0e20,Garou,jng,Elise,oe:player:2736a0eb19c2525920f8ff4af5086c0,Lee Sin,jng:Elise,lineup-5f9932b599d95615,0,1695.00000000,28.25000000,2,2,3,2.50000000,8595.00000000,9337.00000000,136,330.51327434,0.18922965,0.23226368,69,2.44247788,0.83333333,457.00000000,-1016.00000000,-14.00000000,0,warmup,,,,,
pg-8596a8ebe65a3004,ESPORTSTMNT03/1250428,2019-12-24T10:08:21,2019-12-24,2020,Unknown,0,9.24,Red,oe:team:51784a0e9c9e3da09f28d87e0562feb,ESports Connected,oe:team:3a1d18f46bcb3716ebcfcf4ef068934,Hanwha Life Esports,oe:player:990de650e44c3b85ec90451de02db04,Jool,mid,Renekton,oe:player:2861898294dd867b05fd28dca284e57,Nautilus,mid:Renekton,lineup-5f9932b599d95615,0,1695.00000000,28.25000000,1,4,2,0.75000000,9838.00000000,8517.00000000,227,301.48672566,0.21659585,0.21186567,28,0.99115044,0.50000000,-410.00000000,935.00000000,18.00000000,0,warmup,,,,,
pg-1b232e37588e8d8d,ESPORTSTMNT03/1250428,2019-12-24T10:08:21,2019-12-24,2020,Unknown,0,9.24,Red,oe:team:51784a0e9c9e3da09f28d87e0562feb,ESports Connected,oe:team:3a1d18f46bcb3716ebcfcf4ef068934,Hanwha Life Esports,oe:player:20cbf3318192b3d953e11d6cced699b,Mocha,sup,Tahm Kench,oe:player:e4e24b8656e4e6a74b939af730b0148,Yuumi,sup:Tahm Kench,lineup-5f9932b599d95615,0,1695.00000000,28.25000000,0,2,3,1.50000000,5778.00000000,1510.00000000,25,53.45132743,0.12720988,0.03756219,40,1.41592920,0.50000000,-638.00000000,-722.00000000,12.00000000,0,warmup,,,,,
pg-aa5164e8dc4432cd,ESPORTSTMNT03/1250428,2019-12-24T10:08:21,2019-12-24,2020,Unknown,0,9.24,Red,oe:team:51784a0e9c9e3da09f28d87e0562feb,ESports Connected,oe:team:3a1d18f46bcb3716ebcfcf4ef068934,Hanwha Life Esports,oe:player:94d6adcc4935cd40d48a58688f30af9,Lapis,top,Jayce,oe:player:d3a36b831bf6dfc749f79a1d3a71fad,Aatrox,top:Jayce,lineup-5f9932b599d95615,0,1695.00000000,28.25000000,2,3,4,2.00000000,10972.00000000,11040.00000000,240,390.79646018,0.24156227,0.27462687,28,0.99115044,1.00000000,729.00000000,367.00000000,23.00000000,0,warmup,,,,,
pg-3863a977ae067a02,ESPORTSTMNT03/1250443,2019-12-24T11:43:02,2019-12-24,2020,Unknown,0,9.24,Blue,oe:team:51784a0e9c9e3da09f28d87e0562feb,ESports Connected,oe:team:3a1d18f46bcb3716ebcfcf4ef068934,Hanwha Life Esports,oe:player:0f4317a0c9d88aa9948683815c2ba14,Rain,bot,Xayah,oe:player:1d18fe2cdd43a72d46421ecfe81b599,Cassiopeia,bot:Xayah,lineup-5f9932b599d95615,0,1563.00000000,26.05000000,4,2,2,3.00000000,10804.00000000,11427.00000000,245,438.65642994,0.26671933,0.28874289,19,0.72936660,0.50000000,-765.00000000,-55.00000000,-5.00000000,0,warmup,,,,,
pg-4759a651877f7c4c,ESPORTSTMNT03/1250443,2019-12-24T11:43:02,2019-12-24,2020,Unknown,0,9.24,Blue,oe:team:51784a0e9c9e3da09f28d87e0562feb,ESports Connected,oe:team:3a1d18f46bcb3716ebcfcf4ef068934,Hanwha Life Esports,oe:player:1004f902c40acfe8ff42e89acec0e20,Garou,jng,Taliyah,oe:player:2736a0eb19c2525920f8ff4af5086c0,Elise,jng:Taliyah,lineup-5f9932b599d95615,0,1563.00000000,26.05000000,1,9,7,0.88888889,7847.00000000,7979.00000000,146,306.29558541,0.19371960,0.20161718,39,1.49712092,0.66666667,-2321.00000000,-257.00000000,18.00000000,0,warmup,,,,,
pg-8605e36809507cf8,ESPORTSTMNT03/1250443,2019-12-24T11:43:02,2019-12-24,2020,Unknown,0,9.24,Blue,oe:team:51784a0e9c9e3da09f28d87e0562feb,ESports Connected,oe:team:3a1d18f46bcb3716ebcfcf4ef068934,Hanwha Life Esports,oe:player:990de650e44c3b85ec90451de02db04,Jool,mid,Pantheon,oe:player:2861898294dd867b05fd28dca284e57,Nocturne,mid:Pantheon,lineup-5f9932b599d95615,0,1563.00000000,26.05000000,5,8,2,0.87500000,8503.00000000,11597.00000000,137,445.18234165,0.20991434,0.29303853,17,0.65259117,0.58333333,-932.00000000,-1546.00000000,-41.00000000,0,warmup,,,,,
pg-2e27767831d29993,ESPORTSTMNT03/1250443,2019-12-24T11:43:02,2019-12-24,2020,Unknown,0,9.24,Blue,oe:team:51784a0e9c9e3da09f28d87e0562feb,ESports Connected,oe:team:3a1d18f46bcb3716ebcfcf4ef068934,Hanwha Life Esports,oe:player:20cbf3318192b3d953e11d6cced699b,Mocha,sup,Leona,oe:player:e4e24b8656e4e6a74b939af730b0148,Thresh,sup:Leona,lineup-5f9932b599d95615,0,1563.00000000,26.05000000,2,3,5,2.33333333,5893.00000000,3096.00000000,38,118.84836852,0.14548103,0.07823121,61,2.34165067,0.58333333,-244.00000000,-40.00000000,1.00000000,0,warmup,,,,,
pg-f6f102ed374e0a84,ESPORTSTMNT03/1250443,2019-12-24T11:43:02,2019-12-24,2020,Unknown,0,9.24,Blue,oe:team:51784a0e9c9e3da09f28d87e0562feb,ESports Connected,oe:team:3a1d18f46bcb3716ebcfcf4ef068934,Hanwha Life Esports,oe:player:94d6adcc4935cd40d48a58688f30af9,Lapis,top,Aatrox,oe:player:d3a36b831bf6dfc749f79a1d3a71fad,Ryze,top:Aatrox,lineup-5f9932b599d95615,0,1563.00000000,26.05000000,0,5,4,0.80000000,7460.00000000,5476.00000000,163,210.21113244,0.18416570,0.13837018,27,1.03646833,0.33333333,-2106.00000000,-2071.00000000,-62.00000000,0,warmup,,,,,
pg-2fb8041b3eb94156,ESPORTSTMNT03/1250443,2019-12-24T11:43:02,2019-12-24,2020,Unknown,0,9.24,Red,oe:team:3a1d18f46bcb3716ebcfcf4ef068934,Hanwha Life Esports,oe:team:51784a0e9c9e3da09f28d87e0562feb,ESports Connected,oe:player:1d18fe2cdd43a72d46421ecfe81b599,Lava,bot,Cassiopeia,oe:player:0f4317a0c9d88aa9948683815c2ba14,Xayah,bot:Cassiopeia,lineup-3dea0401516d3f85,1,1563.00000000,26.05000000,5,2,6,5.50000000,11442.00000000,12962.00000000,215,497.58157390,0.20813097,0.23984161,25,0.95969290,0.40740741,765.00000000,55.00000000,5.00000000,0,warmup,,,,,
pg-867ba551ca5b3b53,ESPORTSTMNT03/1250443,2019-12-24T11:43:02,2019-12-24,2020,Unknown,0,9.24,Red,oe:team:3a1d18f46bcb3716ebcfcf4ef068934,Hanwha Life Esports,oe:team:51784a0e9c9e3da09f28d87e0562feb,ESports Connected,oe:player:2736a0eb19c2525920f8ff4af5086c0,Haru,jng,Elise,oe:player:1004f902c40acfe8ff42e89acec0e20,Taliyah,jng:Elise,lineup-3dea0401516d3f85,1,1563.00000000,26.05000000,9,1,7,16.00000000,11838.00000000,11389.00000000,129,437.19769674,0.21533424,0.21073570,77,2.95585413,0.59259259,2321.00000000,257.00000000,-18.00000000,0,warmup,,,,,
pg-ca7e94cee3a4b942,ESPORTSTMNT03/1250443,2019-12-24T11:43:02,2019-12-24,2020,Unknown,0,9.24,Red,oe:team:3a1d18f46bcb3716ebcfcf4ef068934,Hanwha Life Esports,oe:team:51784a0e9c9e3da09f28d87e0562feb,ESports Connected,oe:player:2861898294dd867b05fd28dca284e57,Tempt,mid,Nocturne,oe:player:990de650e44c3b85ec90451de02db04,Pantheon,mid:Nocturne,lineup-3dea0401516d3f85,1,1563.00000000,26.05000000,8,4,3,2.75000000,11676.00000000,10301.00000000,193,395.43186180,0.21238745,0.19060395,23,0.88291747,0.40740741,932.00000000,1546.00000000,41.00000000,0,warmup,,,,,
pg-a570f046fedf2bda,ESPORTSTMNT03/1250443,2019-12-24T11:43:02,2019-12-24,2020,Unknown,0,9.24,Red,oe:team:3a1d18f46bcb3716ebcfcf4ef068934,Hanwha Life Esports,oe:team:51784a0e9c9e3da09f28d87e0562feb,ESports Connected,oe:player:e4e24b8656e4e6a74b939af730b0148,Lehends,sup,Thresh,oe:player:20cbf3318192b3d953e11d6cced699b,Leona,sup:Thresh,lineup-3dea0401516d3f85,1,1563.00000000,26.05000000,0,4,15,3.75000000,7400.00000000,4064.00000000,26,156.00767754,0.13460664,0.07519799,65,2.49520154,0.55555556,244.00000000,40.00000000,-1.00000000,0,warmup,,,,,
pg-5c4a06cbd0f2eff3,ESPORTSTMNT03/1250443,2019-12-24T11:43:02,2019-12-24,2020,Unknown,0,9.24,Red,oe:team:3a1d18f46bcb3716ebcfcf4ef068934,Hanwha Life Esports,oe:team:51784a0e9c9e3da09f28d87e0562feb,ESports Connected,oe:player:d3a36b831bf6dfc749f79a1d3a71fad,CuVee,top,Ryze,oe:player:94d6adcc4935cd40d48a58688f30af9,Aatrox,top:Ryze,lineup-3dea0401516d3f85,1,1563.00000000,26.05000000,5,1,5,10.00000000,12619.00000000,15328.00000000,263,588.40690979,0.22954070,0.28362075,28,1.07485605,0.37037037,2106.00000000,2071.00000000,62.00000000,0,warmup,,,,,
pg-aa10e86f99683b78,ESPORTSTMNT03/1250494,2019-12-25T07:52:01,2019-12-25,2020,Unknown,0,9.24,Blue,oe:team:50f58982d91a36557ec8aec52ab014f,Gen.G,oe:team:cdbf1c680f2450b6c410a2756cf8fab,GC Busan Ascension,oe:player:eada4723af6f51cf2391d85b5fde49b,Ruler,bot,Senna,oe:player:e6dfcb34f17c1e6ef882dce81d4b6e8,Jinx,bot:Senna,lineup-5ec338a3ffe4ddde,1,1210.00000000,20.16666667,5,0,11,16.00000000,10062.00000000,12237.00000000,194,606.79338843,0.23700947,0.34962857,25,1.23966942,0.80000000,1388.00000000,2280.00000000,44.00000000,0,warmup,,,,,
pg-2513d81b74e8322f,ESPORTSTMNT03/1250494,2019-12-25T07:52:01,2019-12-25,2020,Unknown,0,9.24,Blue,oe:team:50f58982d91a36557ec8aec52ab014f,Gen.G,oe:team:cdbf1c680f2450b6c410a2756cf8fab,GC Busan Ascension,oe:player:d3abb04a273ed8615be5f54a391818e,Clid,jng,Gragas,oe:player:b0a8e9b139a0e467fdc91acced3c24d,Graves,jng:Gragas,lineup-5ec338a3ffe4ddde,1,1210.00000000,20.16666667,3,0,10,13.00000000,7771.00000000,5891.00000000,122,292.11570248,0.18304518,0.16831429,42,2.08264463,0.65000000,715.00000000,1325.00000000,12.00000000,0,warmup,,,,,
pg-93c48113f3c4e38a,ESPORTSTMNT03/1250494,2019-12-25T07:52:01,2019-12-25,2020,Unknown,0,9.24,Blue,oe:team:50f58982d91a36557ec8aec52ab014f,Gen.G,oe:team:cdbf1c680f2450b6c410a2756cf8fab,GC Busan Ascension,oe:player:30361653a485a9609fb2d3aa073282c,Bdd,mid,Qiyana,oe:player:ef19fe6f71c35fce19fb88a0e732e9b,Veigar,mid:Qiyana,lineup-5ec338a3ffe4ddde,1,1210.00000000,20.16666667,9,0,4,13.00000000,10594.00000000,9924.00000000,192,492.09917355,0.24954068,0.28354286,49,2.42975207,0.65000000,2640.00000000,755.00000000,20.00000000,0,warmup,,,,,
pg-1093a1ac1bcf0ea0,ESPORTSTMNT03/1250494,2019-12-25T07:52:01,2019-12-25,2020,Unknown,0,9.24,Blue,oe:team:50f58982d91a36557ec8aec52ab014f,Gen.G,oe:team:cdbf1c680f2450b6c410a2756cf8fab,GC Busan Ascension,oe:player:dea5251e486aed942e1bc06e1d5c116,Life,sup,Tahm Kench,oe:player:40cd014b7b6251e3a22e6a45a73a64e,Thresh,sup:Tahm Kench,lineup-5ec338a3ffe4ddde,1,1210.00000000,20.16666667,0,0,15,15.00000000,5595.00000000,1771.00000000,23,87.81818182,0.13178970,0.05060000,37,1.83471074,0.75000000,153.00000000,682.00000000,-4.00000000,0,warmup,,,,,
pg-6a79c5866f67feb3,ESPORTSTMNT03/1250494,2019-12-25T07:52:01,2019-12-25,2020,Unknown,0,9.24,Blue,oe:team:50f58982d91a36557ec8aec52ab014f,Gen.G,oe:team:cdbf1c680f2450b6c410a2756cf8fab,GC Busan Ascension,oe:player:9daf04bfd9c8815cc827414f59f45af,Rascal,top,Akali,oe:player:a6f06ee4a5c237b417374dc038f2be2,Ezreal,top:Akali,lineup-5ec338a3ffe4ddde,1,1210.00000000,20.16666667,3,1,3,6.00000000,8432.00000000,5177.00000000,167,256.71074380,0.19861497,0.14791429,12,0.59504132,0.30000000,2019.00000000,2171.00000000,30.00000000,0,warmup,,,,,
pg-0f569e2f85116126,ESPORTSTMNT03/1250494,2019-12-25T07:52:01,2019-12-25,2020,Unknown,0,9.24,Red,oe:team:cdbf1c680f2450b6c410a2756cf8fab,GC Busan Ascension,oe:team:50f58982d91a36557ec8aec52ab014f,Gen.G,oe:player:e6dfcb34f17c1e6ef882dce81d4b6e8,Shark,bot,Jinx,oe:player:eada4723af6f51cf2391d85b5fde49b,Senna,bot:Jinx,lineup-d2551cdb2594b408,0,1210.00000000,20.16666667,0,5,1,0.20000000,6020.00000000,2673.00000000,130,132.54545455,0.21507681,0.13499318,6,0.29752066,1.00000000,-1388.00000000,-2280.00000000,-44.00000000,0,warmup,,,,,
pg-26bbcc5b6229a7ed,ESPORTSTMNT03/1250494,2019-12-25T07:52:01,2019-12-25,2020,Unknown,0,9.24,Red,oe:team:cdbf1c680f2450b6c410a2756cf8fab,GC Busan Ascension,oe:team:50f58982d91a36557ec8aec52ab014f,Gen.G,oe:player:b0a8e9b139a0e467fdc91acced3c24d,Flare,jng,Graves,oe:player:d3abb04a273ed8615be5f54a391818e,Gragas,jng:Graves,lineup-d2551cdb2594b408,0,1210.00000000,20.16666667,1,4,0,0.25000000,5720.00000000,4658.00000000,104,230.97520661,0.20435870,0.23524064,19,0.94214876,1.00000000,-715.00000000,-1325.00000000,-12.00000000,0,warmup,,,,,
pg-0074a333a638663c,ESPORTSTMNT03/1250494,2019-12-25T07:52:01,2019-12-25,2020,Unknown,0,9.24,Red,oe:team:cdbf1c680f2450b6c410a2756cf8fab,GC Busan Ascension,oe:team:50f58982d91a36557ec8aec52ab014f,Gen.G,oe:player:ef19fe6f71c35fce19fb88a0e732e9b,Yuri,mid,Veigar,oe:player:30361653a485a9609fb2d3aa073282c,Qiyana,mid:Veigar,lineup-d2551cdb2594b408,0,1210.00000000,20.16666667,0,3,0,0.00000000,6380.00000000,3679.00000000,165,182.42975207,0.22793855,0.18579870,12,0.59504132,0.00000000,-2640.00000000,-755.00000000,-20.00000000,0,warmup,,,,,
pg-d31fcfdc160106d8,ESPORTSTMNT03/1250494,2019-12-25T07:52:01,2019-12-25,2020,Unknown,0,9.24,Red,oe:team:cdbf1c680f2450b6c410a2756cf8fab,GC Busan Ascension,oe:team:50f58982d91a36557ec8aec52ab014f,Gen.G,oe:player:40cd014b7b6251e3a22e6a45a73a64e,Execute,sup,Thresh,oe:player:dea5251e486aed942e1bc06e1d5c116,Tahm Kench,sup:Thresh,lineup-d2551cdb2594b408,0,1210.00000000,20.16666667,0,3,0,0.00000000,4304.00000000,2062.00000000,28,102.24793388,0.15376920,0.10413615,38,1.88429752,0.00000000,-153.00000000,-682.00000000,4.00000000,0,warmup,,,,,
pg-561987e2c84f10e3,ESPORTSTMNT03/1250494,2019-12-25T07:52:01,2019-12-25,2020,Unknown,0,9.24,Red,oe:team:cdbf1c680f2450b6c410a2756cf8fab,GC Busan Ascension,oe:team:50f58982d91a36557ec8aec52ab014f,Gen.G,oe:player:a6f06ee4a5c237b417374dc038f2be2,Slugger,top,Ezreal,oe:player:9daf04bfd9c8815cc827414f59f45af,Akali,top:Ezreal,lineup-d2551cdb2594b408,0,1210.00000000,20.16666667,0,5,1,0.20000000,5566.00000000,6729.00000000,125,333.66942149,0.19885673,0.33983132,14,0.69421488,1.00000000,-2019.00000000,-2171.00000000,-30.00000000,0,warmup,,,,,
pg-b4ebac8fe84482ab,ESPORTSTMNT03/1250497,2019-12-25T08:39:31,2019-12-25,2020,Unknown,0,9.24,Blue,oe:team:cdbf1c680f2450b6c410a2756cf8fab,GC Busan Ascension,oe:team:50f58982d91a36557ec8aec52ab014f,Gen.G,oe:player:e6dfcb34f17c1e6ef882dce81d4b6e8,Shark,bot,Ashe,oe:player:eada4723af6f51cf2391d85b5fde49b,Miss Fortune,bot:Ashe,lineup-d2551cdb2594b408,0,1342.00000000,22.36666667,1,6,1,0.33333333,6989.00000000,5428.00000000,157,242.68256334,0.20937060,0.18937967,13,0.58122206,0.66666667,-2286.00000000,-2459.00000000,-30.00000000,0,warmup,,,,,
pg-4f41c26f73b6a95c,ESPORTSTMNT03/1250497,2019-12-25T08:39:31,2019-12-25,2020,Unknown,0,9.24,Blue,oe:team:cdbf1c680f2450b6c410a2756cf8fab,GC Busan Ascension,oe:team:50f58982d91a36557ec8aec52ab014f,Gen.G,oe:player:b0a8e9b139a0e467fdc91acced3c24d,Flare,jng,Lee Sin,oe:player:d3abb04a273ed8615be5f54a391818e,Rek'Sai,jng:Lee Sin,lineup-d2551cdb2594b408,0,1342.00000000,22.36666667,1,5,1,0.40000000,6104.00000000,4412.00000000,101,197.25782414,0.18285851,0.15393204,18,0.80476900,0.66666667,-1099.00000000,-1814.00000000,-44.00000000,0,warmup,,,,,
pg-5cac94d7081ece4f,ESPORTSTMNT03/1250497,2019-12-25T08:39:31,2019-12-25,2020,Unknown,0,9.24,Blue,oe:team:cdbf1c680f2450b6c410a2756cf8fab,GC Busan Ascension,oe:team:50f58982d91a36557ec8aec52ab014f,Gen.G,oe:player:ef19fe6f71c35fce19fb88a0e732e9b,Yuri,mid,Aatrox,oe:player:30361653a485a9609fb2d3aa073282c,Irelia,mid:Aatrox,lineup-d2551cdb2594b408,0,1342.00000000,22.36666667,0,2,0,0.00000000,7904.00000000,4969.00000000,221,222.16095380,0.23678140,0.17336543,15,0.67064083,0.00000000,-465.00000000,641.00000000,-5.00000000,0,warmup,,,,,
pg-910e118dfd4c296c,ESPORTSTMNT03/1250497,2019-12-25T08:39:31,2019-12-25,2020,Unknown,0,9.24,Blue,oe:team:cdbf1c680f2450b6c410a2756cf8fab,GC Busan Ascension,oe:team:50f58982d91a36557ec8aec52ab014f,Gen.G,oe:player:40cd014b7b6251e3a22e6a45a73a64e,Execute,sup,Thresh,oe:player:b0ec3df39d61f953e7af0afd8eb8c4a,Blitzcrank,sup:Thresh,lineup-d2551cdb2594b408,0,1342.00000000,22.36666667,0,6,1,0.16666667,4582.00000000,3100.00000000,27,138.59910581,0.13726371,0.10815714,41,1.83308495,0.33333333,-648.00000000,-394.00000000,1.00000000,0,warmup,,,,,
pg-82a76dc084c04b1f,ESPORTSTMNT03/1250497,2019-12-25T08:39:31,2019-12-25,2020,Unknown,0,9.24,Blue,oe:team:cdbf1c680f2450b6c410a2756cf8fab,GC Busan Ascension,oe:team:50f58982d91a36557ec8aec52ab014f,Gen.G,oe:player:a6f06ee4a5c237b417374dc038f2be2,Slugger,top,Mordekaiser,oe:player:9daf04bfd9c8815cc827414f59f45af,Ryze,top:Mordekaiser,lineup-d2551cdb2594b408,0,1342.00000000,22.36666667,1,4,0,0.25000000,7802.00000000,10753.00000000,174,480.76005961,0.23372577,0.37516572,12,0.53651267,0.33333333,-1631.00000000,-308.00000000,-29.00000000,0,warmup,,,,,
pg-9ed1a7631147e548,ESPORTSTMNT03/1250497,2019-12-25T08:39:31,2019-12-25,2020,Unknown,0,9.24,Red,oe:team:50f58982d91a36557ec8aec52ab014f,Gen.G,oe:team:cdbf1c680f2450b6c410a2756cf8fab,GC Busan Ascension,oe:player:eada4723af6f51cf2391d85b5fde49b,Ruler,bot,Miss Fortune,oe:player:e6dfcb34f17c1e6ef882dce81d4b6e8,Ashe,bot:Miss Fortune,lineup-f845ffd1ce56a3da,1,1342.00000000,22.36666667,11,2,8,9.50000000,12446.00000000,16865.00000000,225,754.02384501,0.25321967,0.32567346,44,1.96721311,0.82608696,2286.00000000,2459.00000000,30.00000000,0,warmup,,,,,
pg-bbbb262fcadaefb8,ESPORTSTMNT03/1250497,2019-12-25T08:39:31,2019-12-25,2020,Unknown,0,9.24,Red,oe:team:50f58982d91a36557ec8aec52ab014f,Gen.G,oe:team:cdbf1c680f2450b6c410a2756cf8fab,GC Busan Ascension,oe:player:d3abb04a273ed8615be5f54a391818e,Clid,jng,Rek'Sai,oe:player:b0a8e9b139a0e467fdc91acced3c24d,Lee Sin,jng:Rek'Sai,lineup-f845ffd1ce56a3da,1,1342.00000000,22.36666667,5,0,5,10.00000000,9793.00000000,4910.00000000,162,219.52309985,0.19924315,0.09481510,39,1.74366617,0.43478261,1099.00000000,1814.00000000,44.00000000,0,warmup,,,,,
pg-e937e364640ceb29,ESPORTSTMNT03/1250497,2019-12-25T08:39:31,2019-12-25,2020,Unknown,0,9.24,Red,oe:team:50f58982d91a36557ec8aec52ab014f,Gen.G,oe:team:cdbf1c680f2450b6c410a2756cf8fab,GC Busan Ascension,oe:player:30361653a485a9609fb2d3aa073282c,Bdd,mid,Irelia,oe:player:ef19fe6f71c35fce19fb88a0e732e9b,Aatrox,mid:Irelia,lineup-f845ffd1ce56a3da,1,1342.00000000,22.36666667,5,0,8,13.00000000,10009.00000000,10479.00000000,198,468.50968703,0.20363777,0.20235589,15,0.67064083,0.56521739,465.00000000,-641.00000000,5.00000000,0,warmup,,,,,
pg-fc7ef91404c05c8e,ESPORTSTMNT03/1250497,2019-12-25T08:39:31,2019-12-25,2020,Unknown,0,9.24,Red,oe:team:50f58982d91a36557ec8aec52ab014f,Gen.G,oe:team:cdbf1c680f2450b6c410a2756cf8fab,GC Busan Ascension,oe:player:b0ec3df39d61f953e7af0afd8eb8c4a,Kellin,sup,Blitzcrank,oe:player:40cd014b7b6251e3a22e6a45a73a64e,Thresh,sup:Blitzcrank,lineup-f845ffd1ce56a3da,1,1342.00000000,22.36666667,1,1,15,16.00000000,6580.00000000,5230.00000000,28,233.83010432,0.13387317,0.10099450,42,1.87779434,0.69565217,648.00000000,394.00000000,-1.00000000,0,warmup,,,,,
pg-fa99e003452ec927,ESPORTSTMNT03/1250497,2019-12-25T08:39:31,2019-12-25,2020,Unknown,0,9.24,Red,oe:team:50f58982d91a36557ec8aec52ab014f,Gen.G,oe:team:cdbf1c680f2450b6c410a2756cf8fab,GC Busan Ascension,oe:player:9daf04bfd9c8815cc827414f59f45af,Rascal,top,Ryze,oe:player:a6f06ee4a5c237b417374dc038f2be2,Mordekaiser,top:Ryze,lineup-f845ffd1ce56a3da,1,1342.00000000,22.36666667,1,0,10,11.00000000,10323.00000000,14301.00000000,210,639.38897168,0.21002625,0.27616105,16,0.71535022,0.47826087,1631.00000000,308.00000000,29.00000000,0,warmup,,,,,
pg-8515523470e388b8,ESPORTSTMNT03/1250523,2019-12-25T10:26:26,2019-12-25,2020,Unknown,0,9.24,Blue,oe:team:3f0da22a1e50a49e14e7e54bd90206f,Team Dynamics,oe:team:9f8570136192e22b6e703c51ed81742,ASURA,oe:player:18bdb3898e7fecb3bb0be7ff075d509,Deokdam,bot,Varus,oe:player:49dea036f5b15e39632aaaf1666a28b,Yasuo,bot:Varus,lineup-f17d1637344c9435,1,1440.00000000,24.00000000,10,0,2,12.00000000,13776.00000000,8531.00000000,234,355.45833333,0.28187343,0.22411076,18,0.75000000,0.66666667,3509.00000000,1584.00000000,31.00000000,0,warmup,,,,,
pg-c93fb4441558f40f,ESPORTSTMNT03/1250523,2019-12-25T10:26:26,2019-12-25,2020,Unknown,0,9.24,Blue,oe:team:3f0da22a1e50a49e14e7e54bd90206f,Team Dynamics,oe:team:9f8570136192e22b6e703c51ed81742,ASURA,oe:player:7f37edf33ba2e672b6995a7e4907283,Jin0,jng,Olaf,oe:player:3ee0c18b85e7bb8eaad86d58498e27d,Gragas,jng:Olaf,lineup-f17d1637344c9435,1,1440.00000000,24.00000000,2,1,3,5.00000000,7783.00000000,2970.00000000,130,123.75000000,0.15924948,0.07802238,26,1.08333333,0.27777778,-271.00000000,-1232.00000000,-18.00000000,0,warmup,,,,,
pg-b7369ab1081d6f9f,ESPORTSTMNT03/1250523,2019-12-25T10:26:26,2019-12-25,2020,Unknown,0,9.24,Blue,oe:team:3f0da22a1e50a49e14e7e54bd90206f,Team Dynamics,oe:team:9f8570136192e22b6e703c51ed81742,ASURA,oe:player:c12513153fca703d809f0eafa5fccbe,Kuzan,mid,Syndra,oe:player:4338c2873f0bd4186799ccc65dad195,Irelia,mid:Syndra,lineup-f17d1637344c9435,1,1440.00000000,24.00000000,1,0,6,7.00000000,10387.00000000,10085.00000000,260,420.20833333,0.21253044,0.26493459,21,0.87500000,0.38888889,-112.00000000,623.00000000,6.00000000,0,warmup,,,,,
pg-b6c2eaa054f783a1,ESPORTSTMNT03/1250523,2019-12-25T10:26:26,2019-12-25,2020,Unknown,0,9.24,Blue,oe:team:3f0da22a1e50a49e14e7e54bd90206f,Team Dynamics,oe:team:9f8570136192e22b6e703c51ed81742,ASURA,oe:player:b1e10c40bba8608f1acfd3acdea43c2,GuGer,sup,Nautilus,oe:player:9c9510e85beb2369341b9c869c83ad1,Senna,sup:Nautilus,lineup-f17d1637344c9435,1,1440.00000000,24.00000000,1,0,10,11.00000000,7183.00000000,4469.00000000,42,186.20833333,0.14697277,0.11740136,70,2.91666667,0.61111111,1690.00000000,1242.00000000,17.00000000,0,warmup,,,,,
pg-7e61d069177eb61b,ESPORTSTMNT03/1250523,2019-12-25T10:26:26,2019-12-25,2020,Unknown,0,9.24,Blue,oe:team:3f0da22a1e50a49e14e7e54bd90206f,Team Dynamics,oe:team:9f8570136192e22b6e703c51ed81742,ASURA,oe:player:6fbf57b984dbf130701e09ea4110bb8,Rich,top,Mordekaiser,oe:player:e814d49205a343687eb8b1f9c13a896,Fiora,top:Mordekaiser,lineup-f17d1637344c9435,1,1440.00000000,24.00000000,4,3,3,2.33333333,9744.00000000,12011.00000000,186,500.45833333,0.19937389,0.31553092,15,0.62500000,0.38888889,-1701.00000000,-663.00000000,-28.00000000,0,warmup,,,,,
pg-2b6613f3813b8caf,ESPORTSTMNT03/1250523,2019-12-25T10:26:26,2019-12-25,2020,Unknown,0,9.24,Red,oe:team:9f8570136192e22b6e703c51ed81742,ASURA,oe:team:3f0da22a1e50a49e14e7e54bd90206f,Team Dynamics,oe:player:49dea036f5b15e39632aaaf1666a28b,5kid,bot,Yasuo,oe:player:18bdb3898e7fecb3bb0be7ff075d509,Varus,bot:Yasuo,lineup-4bfe099afdfda4a7,0,1440.00000000,24.00000000,0,3,0,0.00000000,7472.00000000,972.00000000,193,40.50000000,0.19609490,0.04218201,12,0.50000000,0.00000000,-3509.00000000,-1584.00000000,-31.00000000,0,warmup,,,,,
pg-ff15d843083a7e77,ESPORTSTMNT03/1250523,2019-12-25T10:26:26,2019-12-25,2020,Unknown,0,9.24,Red,oe:team:9f8570136192e22b6e703c51ed81742,ASURA,oe:team:3f0da22a1e50a49e14e7e54bd90206f,Team Dynamics,oe:player:3ee0c18b85e7bb8eaad86d58498e27d,Juhan,jng,Gragas,oe:player:7f37edf33ba2e672b6995a7e4907283,Olaf,jng:Gragas,lineup-4bfe099afdfda4a7,0,1440.00000000,24.00000000,1,4,2,0.75000000,7539.00000000,6269.00000000,139,261.20833333,0.19785324,0.27205659,32,1.33333333,0.75000000,271.00000000,1232.00000000,18.00000000,0,warmup,,,,,
pg-3141414d6842cc22,ESPORTSTMNT03/1250523,2019-12-25T10:26:26,2019-12-25,2020,Unknown,0,9.24,Red,oe:team:9f8570136192e22b6e703c51ed81742,ASURA,oe:team:3f0da22a1e50a49e14e7e54bd90206f,Team Dynamics,oe:player:4338c2873f0bd4186799ccc65dad195,Gangboong,mid,Irelia,oe:player:c12513153fca703d809f0eafa5fccbe,Syndra,mid:Irelia,lineup-4bfe099afdfda4a7,0,1440.00000000,24.00000000,0,2,1,0.50000000,8675.00000000,3652.00000000,216,152.16666667,0.22766639,0.15848631,12,0.50000000,0.25000000,112.00000000,-623.00000000,-6.00000000,0,warmup,,,,,
pg-68571887c5e1ee80,ESPORTSTMNT03/1250523,2019-12-25T10:26:26,2019-12-25,2020,Unknown,0,9.24,Red,oe:team:9f8570136192e22b6e703c51ed81742,ASURA,oe:team:3f0da22a1e50a49e14e7e54bd90206f,Team Dynamics,oe:player:9c9510e85beb2369341b9c869c83ad1,IDK,sup,Senna,oe:player:b1e10c40bba8608f1acfd3acdea43c2,Nautilus,sup:Senna,lineup-4bfe099afdfda4a7,0,1440.00000000,24.00000000,0,5,1,0.20000000,4686.00000000,2504.00000000,16,104.33333333,0.12297921,0.10866641,42,1.75000000,0.25000000,-1690.00000000,-1242.00000000,-17.00000000,0,warmup,,,,,
pg-f1a2209cca8cc0b4,ESPORTSTMNT03/1250523,2019-12-25T10:26:26,2019-12-25,2020,Unknown,0,9.24,Red,oe:team:9f8570136192e22b6e703c51ed81742,ASURA,oe:team:3f0da22a1e50a49e14e7e54bd90206f,Team Dynamics,oe:player:e814d49205a343687eb8b1f9c13a896,ReGank,top,Fiora,oe:player:6fbf57b984dbf130701e09ea4110bb8,Mordekaiser,top:Fiora,lineup-4bfe099afdfda4a7,0,1440.00000000,24.00000000,3,4,0,0.75000000,9732.00000000,9646.00000000,223,401.91666667,0.25540626,0.41860869,21,0.87500000,0.75000000,1701.00000000,663.00000000,28.00000000,0,warmup,,,,,
pg-5f75902c6260a296,ESPORTSTMNT03/1250537,2019-12-25T11:41:47,2019-12-25,2020,Unknown,0,9.24,Blue,oe:team:3f0da22a1e50a49e14e7e54bd90206f,Team Dynamics,oe:team:9f8570136192e22b6e703c51ed81742,ASURA,oe:player:18bdb3898e7fecb3bb0be7ff075d509,Deokdam,bot,Varus,oe:player:49dea036f5b15e39632aaaf1666a28b,Miss Fortune,bot:Varus,lineup-f17d1637344c9435,1,2471.00000000,41.18333333,2,7,9,1.57142857,16179.00000000,15717.00000000,358,381.63496560,0.20965129,0.16662603,53,1.28692837,0.44000000,-821.00000000,-636.00000000,-12.00000000,0,warmup,,,,,
pg-72e69413b12729f1,ESPORTSTMNT03/1250537,2019-12-25T11:41:47,2019-12-25,2020,Unknown,0,9.24,Blue,oe:team:3f0da22a1e50a49e14e7e54bd90206f,Team Dynamics,oe:team:9f8570136192e22b6e703c51ed81742,ASURA,oe:player:7f37edf33ba2e672b6995a7e4907283,Jin0,jng,Rek'Sai,oe:player:3ee0c18b85e7bb8eaad86d58498e27d,Nocturne,jng:Rek'Sai,lineup-f17d1637344c9435,1,2471.00000000,41.18333333,7,1,11,18.00000000,13612.00000000,16519.00000000,177,401.10886281,0.17638750,0.17512854,103,2.50101174,0.72000000,18.00000000,171.00000000,-11.00000000,0,warmup,,,,,
pg-cde7d021fb1abe07,ESPORTSTMNT03/1250537,2019-12-25T11:41:47,2019-12-25,2020,Unknown,0,9.24,Blue,oe:team:3f0da22a1e50a49e14e7e54bd90206f,Team Dynamics,oe:team:9f8570136192e22b6e703c51ed81742,ASURA,oe:player:c12513153fca703d809f0eafa5fccbe,Kuzan,mid,Syndra,oe:player:4338c2873f0bd4186799ccc65dad195,Fiora,mid:Syndra,lineup-f17d1637344c9435,1,2471.00000000,41.18333333,12,2,4,8.00000000,20649.00000000,30342.00000000,377,736.75435047,0.26757461,0.32167506,48,1.16552003,0.64000000,2039.00000000,717.00000000,29.00000000,0,warmup,,,,,
pg-f595e7ace63b6013,ESPORTSTMNT03/1250537,2019-12-25T11:41:47,2019-12-25,2020,Unknown,0,9.24,Blue,oe:team:3f0da22a1e50a49e14e7e54bd90206f,Team Dynamics,oe:team:9f8570136192e22b6e703c51ed81742,ASURA,oe:player:b1e10c40bba8608f1acfd3acdea43c2,GuGer,sup,Braum,oe:player:9c9510e85beb2369341b9c869c83ad1,Leona,sup:Braum,lineup-f17d1637344c9435,1,2471.00000000,41.18333333,0,3,12,4.00000000,9306.00000000,5702.00000000,45,138.45406718,0.12058934,0.06045057,122,2.96236342,0.48000000,-472.00000000,-142.00000000,3.00000000,0,warmup,,,,,
pg-094d1654053a3756,ESPORTSTMNT03/1250537,2019-12-25T11:41:47,2019-12-25,2020,Unknown,0,9.24,Blue,oe:team:3f0da22a1e50a49e14e7e54bd90206f,Team Dynamics,oe:team:9f8570136192e22b6e703c51ed81742,ASURA,oe:player:6fbf57b984dbf130701e09ea4110bb8,Rich,top,Aatrox,oe:player:e814d49205a343687eb8b1f9c13a896,Mordekaiser,top:Aatrox,lineup-f17d1637344c9435,1,2471.00000000,41.18333333,4,3,9,4.33333333,17425.00000000,26045.00000000,324,632.41602590,0.22579726,0.27611980,49,1.18980170,0.52000000,1542.00000000,1186.00000000,18.00000000,0,warmup,,,,,
pg-20aa0ebf02224725,ESPORTSTMNT03/1250537,2019-12-25T11:41:47,2019-12-25,2020,Unknown,0,9.24,Red,oe:team:9f8570136192e22b6e703c51ed81742,ASURA,oe:team:3f0da22a1e50a49e14e7e54bd90206f,Team Dynamics,oe:player:49dea036f5b15e39632aaaf1666a28b,5kid,bot,Miss Fortune,oe:player:18bdb3898e7fecb3bb0be7ff075d509,Varus,bot:Miss Fortune,lineup-4bfe099afdfda4a7,0,2471.00000000,41.18333333,9,4,5,3.50000000,20939.00000000,23821.00000000,464,578.41359773,0.28722908,0.31315814,64,1.55402671,0.87500000,821.00000000,636.00000000,12.00000000,0,warmup,,,,,
pg-1888f246245bd199,ESPORTSTMNT03/1250537,2019-12-25T11:41:47,2019-12-25,2020,Unknown,0,9.24,Red,oe:team:9f8570136192e22b6e703c51ed81742,ASURA,oe:team:3f0da22a1e50a49e14e7e54bd90206f,Team Dynamics,oe:player:3ee0c18b85e7bb8eaad86d58498e27d,Juhan,jng,Nocturne,oe:player:7f37edf33ba2e672b6995a7e4907283,Rek'Sai,jng:Nocturne,lineup-4bfe099afdfda4a7,0,2471.00000000,41.18333333,0,6,6,1.00000000,11474.00000000,8518.00000000,197,206.83124241,0.15739369,0.11198023,38,0.92270336,0.37500000,-18.00000000,-171.00000000,11.00000000,0,warmup,,,,,
pg-836fb79089951ed8,ESPORTSTMNT03/1250537,2019-12-25T11:41:47,2019-12-25,2020,Unknown,0,9.24,Red,oe:team:9f8570136192e22b6e703c51ed81742,ASURA,oe:team:3f0da22a1e50a49e14e7e54bd90206f,Team Dynamics,oe:player:4338c2873f0bd4186799ccc65dad195,Gangboong,mid,Fiora,oe:player:c12513153fca703d809f0eafa5fccbe,Syndra,mid:Fiora,lineup-4bfe099afdfda4a7,0,2471.00000000,41.18333333,2,6,8,1.66666667,16468.00000000,18504.00000000,332,449.30797248,0.22589849,0.24325923,35,0.84985836,0.62500000,-2039.00000000,-717.00000000,-29.00000000,0,warmup,,,,,
pg-03523e7d0ef380b5,ESPORTSTMNT03/1250537,2019-12-25T11:41:47,2019-12-25,2020,Unknown,0,9.24,Red,oe:team:9f8570136192e22b6e703c51ed81742,ASURA,oe:team:3f0da22a1e50a49e14e7e54bd90206f,Team Dynamics,oe:player:9c9510e85beb2369341b9c869c83ad1,IDK,sup,Leona,oe:player:b1e10c40bba8608f1acfd3acdea43c2,Braum,sup:Leona,lineup-4bfe099afdfda4a7,0,2471.00000000,41.18333333,1,3,9,3.33333333,9192.00000000,4989.00000000,35,121.14123837,0.12609053,0.06558692,96,2.33104006,0.62500000,472.00000000,142.00000000,-3.00000000,0,warmup,,,,,
pg-39ea0506fa3ab2d9,ESPORTSTMNT03/1250537,2019-12-25T11:41:47,2019-12-25,2020,Unknown,0,9.24,Red,oe:team:9f8570136192e22b6e703c51ed81742,ASURA,oe:team:3f0da22a1e50a49e14e7e54bd90206f,Team Dynamics,oe:player:e814d49205a343687eb8b1f9c13a896,ReGank,top,Mordekaiser,oe:player:6fbf57b984dbf130701e09ea4110bb8,Aatrox,top:Mordekaiser,lineup-4bfe099afdfda4a7,0,2471.00000000,41.18333333,4,6,6,1.66666667,14827.00000000,20235.00000000,282,491.33953865,0.20338820,0.26601549,37,0.89842169,0.62500000,-1542.00000000,-1186.00000000,-18.00000000,0,warmup,,,,,
pg-6f6576b0af91b754,ESPORTSTMNT03/1240616,2019-12-26T07:35:28,2019-12-26,2020,Unknown,0,9.24,Blue,name-team-bbf4d270ed871a83,unknown team,oe:team:101f8589e58c724c1dcd5a9c1555277,DRX,oe:player:767226293077313c4cdd84877a3e3ca,Enjoy,bot,Jinx,oe:player:c588a2d07b69ca4ba61c96aebd3f793,Miss Fortune,bot:Jinx,lineup-6c9c0427664f06a1,0,1507.00000000,25.11666667,0,5,0,0.00000000,7826.00000000,4613.00000000,200,183.66290644,0.21182266,0.12450742,20,0.79628401,0.00000000,-1591.00000000,-1736.00000000,-53.00000000,1,out_of_time,393.24105040,449.37573371,200.27764261,-1.04643804,2019-12-25
pg-ab0adc6abd43a12c,ESPORTSTMNT03/1240616,2019-12-26T07:35:28,2019-12-26,2020,Unknown,0,9.24,Blue,name-team-bbf4d270ed871a83,unknown team,oe:team:101f8589e58c724c1dcd5a9c1555277,DRX,oe:player:c26dd92b4af66a5de0594ddd44a3943,Magong,jng,Lee Sin,oe:player:a2357eb17578485c2ba736db36cbc42,Rek'Sai,jng:Lee Sin,lineup-6c9c0427664f06a1,0,1507.00000000,25.11666667,2,5,3,1.00000000,7362.00000000,5898.00000000,118,234.82415395,0.19926379,0.15919028,23,0.91572661,0.83333333,-250.00000000,-120.00000000,-22.00000000,1,out_of_time,281.44106416,253.65231709,94.72509510,-0.49212841,2019-12-25
pg-e9f4ae5a93df249b,ESPORTSTMNT03/1240616,2019-12-26T07:35:28,2019-12-26,2020,Unknown,0,9.24,Blue,name-team-bbf4d270ed871a83,unknown team,oe:team:101f8589e58c724c1dcd5a9c1555277,DRX,oe:player:779263ec4c1b5f9943badee2e45e66f,Rex,mid,Zoe,oe:player:fb6e61b8acb05df17b7e5ad4ae7c800,LeBlanc,mid:Zoe,lineup-6c9c0427664f06a1,0,1507.00000000,25.11666667,1,3,0,0.33333333,7950.00000000,12277.00000000,170,488.79893829,0.21517891,0.33136302,13,0.51758461,0.16666667,-512.00000000,-706.00000000,-27.00000000,1,out_of_time,402.46720490,441.16769975,149.27842615,0.57832693,2019-12-25
pg-5b14cf1a863bc1d0,ESPORTSTMNT03/1240616,2019-12-26T07:35:28,2019-12-26,2020,Unknown,0,9.24,Blue,name-team-bbf4d270ed871a83,unknown team,oe:team:101f8589e58c724c1dcd5a9c1555277,DRX,oe:player:f7f873beef2f6b2efc353cdb25da76d,Tang,sup,Tahm Kench,oe:player:db79ce6ad35451c938fbe2995dabd37,Leona,sup:Tahm Kench,lineup-6c9c0427664f06a1,0,1507.00000000,25.11666667,0,4,1,0.25000000,4968.00000000,4235.00000000,33,168.61313869,0.13446652,0.11430499,41,1.63238222,0.16666667,-522.00000000,1.00000000,0.00000000,1,out_of_time,208.23516738,134.52221008,61.17656057,-0.64766682,2019-12-25
pg-4d9f6b8131830c72,ESPORTSTMNT03/1240616,2019-12-26T07:35:28,2019-12-26,2020,Unknown,0,9.24,Blue,name-team-bbf4d270ed871a83,unknown team,oe:team:101f8589e58c724c1dcd5a9c1555277,DRX,oe:player:7277de5f2ed6f17c61f1f25594591a8,Meaning,top,Aatrox,oe:player:a1f3b2bb3f36e5113237f92d76dc4c8,Hecarim,top:Aatrox,lineup-6c9c0427664f06a1,0,1507.00000000,25.11666667,3,3,3,2.00000000,8840.00000000,10027.00000000,176,399.21698739,0.23926812,0.27063428,20,0.79628401,1.00000000,1242.00000000,604.00000000,8.00000000,1,out_of_time,384.83059647,440.52758878,154.15582731,0.09332369,2019-12-25
pg-c084d0087e883f8d,ESPORTSTMNT03/1240616,2019-12-26T07:35:28,2019-12-26,2020,Unknown,0,9.24,Red,oe:team:101f8589e58c724c1dcd5a9c1555277,DRX,name-team-bbf4d270ed871a83,unknown team,oe:player:c588a2d07b69ca4ba61c96aebd3f793,Deft,bot,Miss Fortune,oe:player:767226293077313c4cdd84877a3e3ca,Jinx,bot:Miss Fortune,lineup-650d8d893f293854,1,1507.00000000,25.11666667,6,0,8,14.00000000,13888.00000000,18938.00000000,287,754.00132714,0.26580413,0.28379188,34,1.35368281,0.70000000,1591.00000000,1736.00000000,53.00000000,1,out_of_time,455.40661242,449.37573371,200.27764261,1.49090388,2019-12-25
pg-78415d5d9f1baa71,ESPORTSTMNT03/1240616,2019-12-26T07:35:28,2019-12-26,2020,Unknown,0,9.24,Red,oe:team:101f8589e58c724c1dcd5a9c1555277,DRX,name-team-bbf4d270ed871a83,unknown team,oe:player:a2357eb17578485c2ba736db36cbc42,Pyosik,jng,Rek'Sai,oe:player:c26dd92b4af66a5de0594ddd44a3943,Lee Sin,jng:Rek'Sai,lineup-650d8d893f293854,1,1507.00000000,25.11666667,4,2,5,4.50000000,9722.00000000,6507.00000000,155,259.07100199,0.18607055,0.09750944,33,1.31386861,0.45000000,250.00000000,120.00000000,22.00000000,1,out_of_time,286.42744726,253.65231709,94.72509510,-0.28879829,2019-12-25
pg-0474d922d758bc82,ESPORTSTMNT03/1240616,2019-12-26T07:35:28,2019-12-26,2020,Unknown,0,9.24,Red,oe:team:101f8589e58c724c1dcd5a9c1555277,DRX,name-team-bbf4d270ed871a83,unknown team,oe:player:fb6e61b8acb05df17b7e5ad4ae7c800,Chovy,mid,LeBlanc,oe:player:779263ec4c1b5f9943badee2e45e66f,Zoe,mid:LeBlanc,lineup-650d8d893f293854,1,1507.00000000,25.11666667,6,0,9,15.00000000,11871.00000000,23626.00000000,230,940.65029861,0.22720052,0.35404304,22,0.87591241,0.75000000,512.00000000,706.00000000,27.00000000,1,out_of_time,390.71434156,441.16769975,149.27842615,3.68396138,2019-12-25
pg-6363ebe9d6640479,ESPORTSTMNT03/1240616,2019-12-26T07:35:28,2019-12-26,2020,Unknown,0,9.24,Red,oe:team:101f8589e58c724c1dcd5a9c1555277,DRX,name-team-bbf4d270ed871a83,unknown team,oe:player:db79ce6ad35451c938fbe2995dabd37,Keria,sup,Leona,oe:player:f7f873beef2f6b2efc353cdb25da76d,Tahm Kench,sup:Leona,lineup-650d8d893f293854,1,1507.00000000,25.11666667,1,0,12,13.00000000,7597.00000000,4095.00000000,31,163.03915063,0.14539991,0.06136486,75,2.98606503,0.65000000,522.00000000,-1.00000000,0.00000000,1,out_of_time,204.44301746,134.52221008,61.17656057,-0.67679298,2019-12-25
pg-e24ce4b3eca8df74,ESPORTSTMNT03/1240616,2019-12-26T07:35:28,2019-12-26,2020,Unknown,0,9.24,Red,oe:team:101f8589e58c724c1dcd5a9c1555277,DRX,name-team-bbf4d270ed871a83,unknown team,oe:player:a1f3b2bb3f36e5113237f92d76dc4c8,Doran,top,Hecarim,oe:player:7277de5f2ed6f17c61f1f25594591a8,Aatrox,top:Hecarim,lineup-650d8d893f293854,1,1507.00000000,25.11666667,3,4,5,2.00000000,9171.00000000,13566.00000000,168,540.11944260,0.17552489,0.20329078,32,1.27405441,0.40000000,-1242.00000000,-604.00000000,-8.00000000,1,out_of_time,413.75389841,440.52758878,154.15582731,0.81972603,2019-12-25
pg-c297476da59160ea,ESPORTSTMNT03/1240620,2019-12-26T08:40:49,2019-12-26,2020,Unknown,0,9.24,Blue,name-team-bbf4d270ed871a83,unknown team,oe:team:101f8589e58c724c1dcd5a9c1555277,DRX,oe:player:767226293077313c4cdd84877a3e3ca,Enjoy,bot,Miss Fortune,oe:player:c588a2d07b69ca4ba61c96aebd3f793,Varus,bot:Miss Fortune,lineup-6c9c0427664f06a1,0,1183.00000000,19.71666667,1,4,0,0.25000000,6605.00000000,4794.00000000,156,243.14454776,0.24071577,0.20630890,22,1.11580727,0.33333333,-2185.00000000,-1763.00000000,-26.00000000,1,out_of_time,476.03014807,449.37573371,200.27764261,-1.16281377,2019-12-25
pg-18a031d313cc5d5d,ESPORTSTMNT03/1240620,2019-12-26T08:40:49,2019-12-26,2020,Unknown,0,9.24,Blue,name-team-bbf4d270ed871a83,unknown team,oe:team:101f8589e58c724c1dcd5a9c1555277,DRX,oe:player:c26dd92b4af66a5de0594ddd44a3943,Magong,jng,Nidalee,oe:player:a2357eb17578485c2ba736db36cbc42,Lee Sin,jng:Nidalee,lineup-6c9c0427664f06a1,0,1183.00000000,19.71666667,0,9,2,0.22222222,5129.00000000,5754.00000000,91,291.83431953,0.18692372,0.24762233,18,0.91293322,0.66666667,-2019.00000000,-1399.00000000,-3.00000000,1,out_of_time,300.00856370,253.65231709,94.72509510,-0.08629439,2019-12-25
pg-9046c09f28db8ecf,ESPORTSTMNT03/1240620,2019-12-26T08:40:49,2019-12-26,2020,Unknown,0,9.24,Blue,name-team-bbf4d270ed871a83,unknown team,oe:team:101f8589e58c724c1dcd5a9c1555277,DRX,oe:player:779263ec4c1b5f9943badee2e45e66f,Rex,mid,Renekton,oe:player:fb6e61b8acb05df17b7e5ad4ae7c800,Fiora,mid:Renekton,lineup-6c9c0427664f06a1,0,1183.00000000,19.71666667,1,4,0,0.25000000,6034.00000000,4700.00000000,135,238.37700761,0.21990597,0.20226363,15,0.76077768,0.33333333,-2616.00000000,-1023.00000000,-12.00000000,1,out_of_time,414.00296546,441.16769975,149.27842615,-1.17649926,2019-12-25
pg-853df6426ba698ef,ESPORTSTMNT03/1240620,2019-12-26T08:40:49,2019-12-26,2020,Unknown,0,9.24,Blue,name-team-bbf4d270ed871a83,unknown team,oe:team:101f8589e58c724c1dcd5a9c1555277,DRX,oe:player:f7f873beef2f6b2efc353cdb25da76d,Tang,sup,Nautilus,oe:player:db79ce6ad35451c938fbe2995dabd37,Thresh,sup:Nautilus,lineup-6c9c0427664f06a1,0,1183.00000000,19.71666667,0,5,0,0.00000000,3724.00000000,4655.00000000,24,236.09467456,0.13571923,0.20032706,31,1.57227388,0.00000000,-1123.00000000,-1134.00000000,3.00000000,1,out_of_time,219.63494847,134.52221008,61.17656057,0.26905282,2019-12-25
pg-505419564ceca75e,ESPORTSTMNT03/1240620,2019-12-26T08:40:49,2019-12-26,2020,Unknown,0,9.24,Blue,name-team-bbf4d270ed871a83,unknown team,oe:team:101f8589e58c724c1dcd5a9c1555277,DRX,oe:player:7277de5f2ed6f17c61f1f25594591a8,Meaning,top,Irelia,oe:player:a1f3b2bb3f36e5113237f92d76dc4c8,Quinn,top:Irelia,lineup-6c9c0427664f06a1,0,1183.00000000,19.71666667,1,5,0,0.20000000,5947.00000000,3334.00000000,127,169.09551986,0.21673530,0.14347807,15,0.76077768,0.33333333,-1101.00000000,-892.00000000,-36.00000000,1,out_of_time,399.63502308,440.52758878,154.15582731,-1.49549652,2019-12-25
pg-a4788a38097f8c3d,ESPORTSTMNT03/1240620,2019-12-26T08:40:49,2019-12-26,2020,Unknown,0,9.24,Red,oe:team:101f8589e58c724c1dcd5a9c1555277,DRX,name-team-bbf4d270ed871a83,unknown team,oe:player:c588a2d07b69ca4ba61c96aebd3f793,Deft,bot,Varus,oe:player:767226293077313c4cdd84877a3e3ca,Miss Fortune,bot:Varus,lineup-650d8d893f293854,1,1183.00000000,19.71666667,7,0,5,12.00000000,10633.00000000,11891.00000000,186,603.09382925,0.24029922,0.21720308,20,1.01437025,0.44444444,2185.00000000,1763.00000000,26.00000000,1,out_of_time,390.08475324,449.37573371,200.27764261,1.06356892,2019-12-25
pg-a63e5c7d97d87cab,ESPORTSTMNT03/1240620,2019-12-26T08:40:49,2019-12-26,2020,Unknown,0,9.24,Red,oe:team:101f8589e58c724c1dcd5a9c1555277,DRX,name-team-bbf4d270ed871a83,unknown team,oe:player:a2357eb17578485c2ba736db36cbc42,Pyosik,jng,Lee Sin,oe:player:c26dd92b4af66a5de0594ddd44a3943,Nidalee,jng:Lee Sin,lineup-650d8d893f293854,1,1183.00000000,19.71666667,9,1,8,17.00000000,9455.00000000,11962.00000000,113,606.69484362,0.21367715,0.21849998,22,1.11580727,0.62962963,2019.00000000,1399.00000000,3.00000000,1,out_of_time,272.82559209,253.65231709,94.72509510,3.52461247,2019-12-25
pg-744fb601645ffea4,ESPORTSTMNT03/1240620,2019-12-26T08:40:49,2019-12-26,2020,Unknown,0,9.24,Red,oe:team:101f8589e58c724c1dcd5a9c1555277,DRX,name-team-bbf4d270ed871a83,unknown team,oe:player:fb6e61b8acb05df17b7e5ad4ae7c800,Chovy,mid,Fiora,oe:player:779263ec4c1b5f9943badee2e45e66f,Renekton,mid:Fiora,lineup-650d8d893f293854,1,1183.00000000,19.71666667,7,1,5,12.00000000,10210.00000000,12539.00000000,184,635.95942519,0.23073968,0.22903956,27,1.36939983,0.44444444,2616.00000000,1023.00000000,12.00000000,1,out_of_time,402.68938604,441.16769975,149.27842615,1.56265071,2019-12-25
pg-973afee98ca4d661,ESPORTSTMNT03/1240620,2019-12-26T08:40:49,2019-12-26,2020,Unknown,0,9.24,Red,oe:team:101f8589e58c724c1dcd5a9c1555277,DRX,name-team-bbf4d270ed871a83,unknown team,oe:player:db79ce6ad35451c938fbe2995dabd37,Keria,sup,Thresh,oe:player:f7f873beef2f6b2efc353cdb25da76d,Nautilus,sup:Thresh,lineup-650d8d893f293854,1,1183.00000000,19.71666667,1,1,14,15.00000000,6069.00000000,4962.00000000,24,251.66525782,0.13715564,0.09063676,39,1.97802198,0.55555556,1123.00000000,1134.00000000,-3.00000000,1,out_of_time,205.62949456,134.52221008,61.17656057,0.75250656,2019-12-25
pg-04e8e1afc0bb787c,ESPORTSTMNT03/1240620,2019-12-26T08:40:49,2019-12-26,2020,Unknown,0,9.24,Red,oe:team:101f8589e58c724c1dcd5a9c1555277,DRX,name-team-bbf4d270ed871a83,unknown team,oe:player:a1f3b2bb3f36e5113237f92d76dc4c8,Doran,top,Quinn,oe:player:7277de5f2ed6f17c61f1f25594591a8,Irelia,top:Quinn,lineup-650d8d893f293854,1,1183.00000000,19.71666667,3,0,9,12.00000000,7882.00000000,13392.00000000,160,679.22231615,0.17812832,0.24462061,19,0.96365173,0.44444444,1101.00000000,892.00000000,36.00000000,1,out_of_time,378.43010026,440.52758878,154.15582731,1.95122183,2019-12-25
pg-e645e2b49cd48611,ESPORTSTMNT03/1240648,2019-12-26T10:47:34,2019-12-26,2020,Unknown,0,9.24,Blue,oe:team:0ce92abf77546dafee13c1c3f37c25e,Spear Gaming,oe:team:5e29baf115bdaaeeb3bafa7f288b298,Jin Air Green Wings,oe:player:030a726de315d9ad86989bf360809e9,Prince,bot,Varus,oe:player:bb44cd8ee037367fa257945abd4cff5,Miss Fortune,bot:Varus,lineup-07790ee10e422c8e,1,1884.00000000,31.40000000,3,0,6,9.00000000,13924.00000000,9526.00000000,323,303.37579618,0.23844916,0.20604330,55,1.75159236,0.81818182,477.00000000,1181.00000000,17.00000000,1,out_of_time,405.84868828,449.37573371,200.27764261,-0.51165418,2019-12-25
pg-5a5e3873268d74d4,ESPORTSTMNT03/1240648,2019-12-26T10:47:34,2019-12-26,2020,Unknown,0,9.24,Blue,oe:team:0ce92abf77546dafee13c1c3f37c25e,Spear Gaming,oe:team:5e29baf115bdaaeeb3bafa7f288b298,Jin Air Green Wings,oe:player:cc00384e754d3b4db840275587813eb,Yohan,jng,Lee Sin,oe:player:1970fcb701acce66e0771946bbb3105,Rek'Sai,jng:Lee Sin,lineup-07790ee10e422c8e,1,1884.00000000,31.40000000,1,1,8,9.00000000,9943.00000000,5378.00000000,176,171.27388535,0.17027434,0.11632384,42,1.33757962,0.81818182,76.00000000,397.00000000,11.00000000,1,out_of_time,282.83424215,253.65231709,94.72509510,-1.17772758,2019-12-25
pg-c5be3c3894307ea9,ESPORTSTMNT03/1240648,2019-12-26T10:47:34,2019-12-26,2020,Unknown,0,9.24,Blue,oe:team:0ce92abf77546dafee13c1c3f37c25e,Spear Gaming,oe:team:5e29baf115bdaaeeb3bafa7f288b298,Jin Air Green Wings,oe:player:ba2664f94e92e7e9e06fe8582b1f4ec,Chasy,mid,Akali,oe:player:942180f580887b12bcb04219e0dde84,Ryze,mid:Akali,lineup-07790ee10e422c8e,1,1884.00000000,31.40000000,5,1,4,9.00000000,13762.00000000,11332.00000000,308,360.89171975,0.23567490,0.24510631,28,0.89171975,0.81818182,-531.00000000,51.00000000,-17.00000000,1,out_of_time,415.28557654,441.16769975,149.27842615,-0.36437855,2019-12-25
pg-7318a4844730c055,ESPORTSTMNT03/1240648,2019-12-26T10:47:34,2019-12-26,2020,Unknown,0,9.24,Blue,oe:team:0ce92abf77546dafee13c1c3f37c25e,Spear Gaming,oe:team:5e29baf115bdaaeeb3bafa7f288b298,Jin Air Green Wings,oe:player:29e873916dcb14c9feb6b85d253cb87,Asper,sup,Tahm Kench,oe:player:966eee3894707e51bffb173951362ed,Yuumi,sup:Tahm Kench,lineup-07790ee10e422c8e,1,1884.00000000,31.40000000,0,0,8,8.00000000,7481.00000000,3451.00000000,34,109.90445860,0.12811248,0.07464365,77,2.45222930,0.72727273,321.00000000,-206.00000000,18.00000000,1,out_of_time,220.65801689,134.52221008,61.17656057,-1.81039204,2019-12-25
pg-09f4536bb5e44082,ESPORTSTMNT03/1240648,2019-12-26T10:47:34,2019-12-26,2020,Unknown,0,9.24,Blue,oe:team:0ce92abf77546dafee13c1c3f37c25e,Spear Gaming,oe:team:5e29baf115bdaaeeb3bafa7f288b298,Jin Air Green Wings,oe:player:21846207612858fb49a468b43e56dd3,Destroy,top,Vladimir,oe:player:4d79b9a430199b71e47a4a9e908fe76,Gangplank,top:Vladimir,lineup-07790ee10e422c8e,1,1884.00000000,31.40000000,2,0,7,9.00000000,13284.00000000,16546.00000000,303,526.94267516,0.22748913,0.35788290,29,0.92356688,0.81818182,-903.00000000,-460.00000000,-10.00000000,1,out_of_time,434.46964217,440.52758878,154.15582731,0.59986726,2019-12-25
pg-47aaf6912eabbb0d,ESPORTSTMNT03/1240648,2019-12-26T10:47:34,2019-12-26,2020,Unknown,0,9.24,Red,oe:team:5e29baf115bdaaeeb3bafa7f288b298,Jin Air Green Wings,oe:team:0ce92abf77546dafee13c1c3f37c25e,Spear Gaming,oe:player:bb44cd8ee037367fa257945abd4cff5,Light,bot,Miss Fortune,oe:player:030a726de315d9ad86989bf360809e9,Varus,bot:Miss Fortune,lineup-880c45502955ee6a,0,1884.00000000,31.40000000,0,3,1,0.33333333,11144.00000000,7349.00000000,291,234.04458599,0.22196108,0.14878928,32,1.01910828,0.50000000,-477.00000000,-1181.00000000,-17.00000000,1,out_of_time,453.98918639,449.37573371,200.27764261,-1.09819847,2019-12-25
pg-fe86655eb13e8bb7,ESPORTSTMNT03/1240648,2019-12-26T10:47:34,2019-12-26,2020,Unknown,0,9.24,Red,oe:team:5e29baf115bdaaeeb3bafa7f288b298,Jin Air Green Wings,oe:team:0ce92abf77546dafee13c1c3f37c25e,Spear Gaming,oe:player:1970fcb701acce66e0771946bbb3105,UmTi,jng,Rek'Sai,oe:player:cc00384e754d3b4db840275587813eb,Lee Sin,jng:Rek'Sai,lineup-880c45502955ee6a,0,1884.00000000,31.40000000,1,2,1,1.00000000,8599.00000000,6023.00000000,153,191.81528662,0.17127094,0.12194282,93,2.96178344,1.00000000,-76.00000000,-397.00000000,-11.00000000,1,out_of_time,278.75724263,253.65231709,94.72509510,-0.91783445,2019-12-25
pg-16b0a9438202d3b3,ESPORTSTMNT03/1240648,2019-12-26T10:47:34,2019-12-26,2020,Unknown,0,9.24,Red,oe:team:5e29baf115bdaaeeb3bafa7f288b298,Jin Air Green Wings,oe:team:0ce92abf77546dafee13c1c3f37c25e,Spear Gaming,oe:player:942180f580887b12bcb04219e0dde84,Yaharong,mid,Ryze,oe:player:ba2664f94e92e7e9e06fe8582b1f4ec,Akali,mid:Ryze,lineup-880c45502955ee6a,0,1884.00000000,31.40000000,1,2,1,1.00000000,12516.00000000,14630.00000000,329,465.92356688,0.24928795,0.29620181,34,1.08280255,1.00000000,531.00000000,-51.00000000,17.00000000,1,out_of_time,383.03522602,441.16769975,149.27842615,0.55526001,2019-12-25
pg-d5df1062745089ac,ESPORTSTMNT03/1240648,2019-12-26T10:47:34,2019-12-26,2020,Unknown,0,9.24,Red,oe:team:5e29baf115bdaaeeb3bafa7f288b298,Jin Air Green Wings,oe:team:0ce92abf77546dafee13c1c3f37c25e,Spear Gaming,oe:player:966eee3894707e51bffb173951362ed,Senan,sup,Yuumi,oe:player:29e873916dcb14c9feb6b85d253cb87,Tahm Kench,sup:Yuumi,lineup-880c45502955ee6a,0,1884.00000000,31.40000000,0,2,1,0.50000000,5872.00000000,6767.00000000,10,215.50955414,0.11695580,0.13700599,69,2.19745223,0.50000000,-321.00000000,206.00000000,-18.00000000,1,out_of_time,219.55462041,134.52221008,61.17656057,-0.06612118,2019-12-25
pg-853bec6408d290d2,ESPORTSTMNT03/1240648,2019-12-26T10:47:34,2019-12-26,2020,Unknown,0,9.24,Red,oe:team:5e29baf115bdaaeeb3bafa7f288b298,Jin Air Green Wings,oe:team:0ce92abf77546dafee13c1c3f37c25e,Spear Gaming,oe:player:4d79b9a430199b71e47a4a9e908fe76,TaNa,top,Gangplank,oe:player:21846207612858fb49a468b43e56dd3,Vladimir,top:Gangplank,lineup-880c45502955ee6a,0,1884.00000000,31.40000000,0,2,2,1.00000000,12076.00000000,14623.00000000,271,465.70063694,0.24052423,0.29606009,33,1.05095541,1.00000000,903.00000000,460.00000000,10.00000000,1,out_of_time,388.43245807,440.52758878,154.15582731,0.50123424,2019-12-25
pg-c71b8f6e13bafe4c,ESPORTSTMNT03/1240659,2019-12-26T11:47:31,2019-12-26,2020,Unknown,0,9.24,Blue,oe:team:5e29baf115bdaaeeb3bafa7f288b298,Jin Air Green Wings,oe:team:0ce92abf77546dafee13c1c3f37c25e,Spear Gaming,oe:player:bb44cd8ee037367fa257945abd4cff5,Light,bot,Jinx,oe:player:030a726de315d9ad86989bf360809e9,Miss Fortune,bot:Jinx,lineup-880c45502955ee6a,0,2525.00000000,42.08333333,3,2,3,3.00000000,18493.00000000,20358.00000000,484,483.75445545,0.27350844,0.40748599,67,1.59207921,0.75000000,-869.00000000,52.00000000,1.00000000,1,out_of_time,394.63422839,449.37573371,200.27764261,0.44498340,2019-12-25
pg-8b529b9dfe0de4e1,ESPORTSTMNT03/1240659,2019-12-26T11:47:31,2019-12-26,2020,Unknown,0,9.24,Blue,oe:team:5e29baf115bdaaeeb3bafa7f288b298,Jin Air Green Wings,oe:team:0ce92abf77546dafee13c1c3f37c25e,Spear Gaming,oe:player:1970fcb701acce66e0771946bbb3105,UmTi,jng,Olaf,oe:player:cc00384e754d3b4db840275587813eb,Elise,jng:Olaf,lineup-880c45502955ee6a,0,2525.00000000,42.08333333,2,2,4,3.00000000,12394.00000000,9068.00000000,203,215.47722772,0.18330523,0.18150520,87,2.06732673,0.75000000,-108.00000000,-854.00000000,-8.00000000,1,out_of_time,287.20739623,253.65231709,94.72509510,-0.75724567,2019-12-25
pg-7bb42b4227f08090,ESPORTSTMNT03/1240659,2019-12-26T11:47:31,2019-12-26,2020,Unknown,0,9.24,Blue,oe:team:5e29baf115bdaaeeb3bafa7f288b298,Jin Air Green Wings,oe:team:0ce92abf77546dafee13c1c3f37c25e,Spear Gaming,oe:player:942180f580887b12bcb04219e0dde84,Yaharong,mid,Syndra,oe:player:ba2664f94e92e7e9e06fe8582b1f4ec,Irelia,mid:Syndra,lineup-880c45502955ee6a,0,2525.00000000,42.08333333,1,3,3,1.33333333,13536.00000000,10609.00000000,306,252.09504950,0.20019523,0.21234988,45,1.06930693,0.50000000,231.00000000,199.00000000,12.00000000,1,out_of_time,424.29684104,441.16769975,149.27842615,-1.15356114,2019-12-25
pg-a97fd44efec50bba,ESPORTSTMNT03/1240659,2019-12-26T11:47:31,2019-12-26,2020,Unknown,0,9.24,Blue,oe:team:5e29baf115bdaaeeb3bafa7f288b298,Jin Air Green Wings,oe:team:0ce92abf77546dafee13c1c3f37c25e,Spear Gaming,oe:player:966eee3894707e51bffb173951362ed,Senan,sup,Thresh,oe:player:29e873916dcb14c9feb6b85d253cb87,Blitzcrank,sup:Thresh,lineup-880c45502955ee6a,0,2525.00000000,42.08333333,0,4,5,1.25000000,8301.00000000,2847.00000000,40,67.65148515,0.12277043,0.05698559,113,2.68514851,0.62500000,-34.00000000,-36.00000000,2.00000000,1,out_of_time,231.07162234,134.52221008,61.17656057,-2.67128677,2019-12-25
pg-04c5b4e9cfc0cf08,ESPORTSTMNT03/1240659,2019-12-26T11:47:31,2019-12-26,2020,Unknown,0,9.24,Blue,oe:team:5e29baf115bdaaeeb3bafa7f288b298,Jin Air Green Wings,oe:team:0ce92abf77546dafee13c1c3f37c25e,Spear Gaming,oe:player:4d79b9a430199b71e47a4a9e908fe76,TaNa,top,Aatrox,oe:player:21846207612858fb49a468b43e56dd3,Kennen,top:Aatrox,lineup-880c45502955ee6a,0,2525.00000000,42.08333333,2,2,1,1.50000000,14890.00000000,7078.00000000,329,168.19009901,0.22022066,0.14167334,38,0.90297030,0.37500000,-734.00000000,763.00000000,7.00000000,1,out_of_time,386.22377446,440.52758878,154.15582731,-1.41437193,2019-12-25
pg-881695bcfe18254e,ESPORTSTMNT03/1240659,2019-12-26T11:47:31,2019-12-26,2020,Unknown,0,9.24,Red,oe:team:0ce92abf77546dafee13c1c3f37c25e,Spear Gaming,oe:team:5e29baf115bdaaeeb3bafa7f288b298,Jin Air Green Wings,oe:player:030a726de315d9ad86989bf360809e9,Prince,bot,Miss Fortune,oe:player:bb44cd8ee037367fa257945abd4cff5,Jinx,bot:Miss Fortune,lineup-07790ee10e422c8e,1,2525.00000000,42.08333333,6,1,4,10.00000000,19628.00000000,17443.00000000,425,414.48712871,0.26114260,0.29835454,62,1.47326733,0.76923077,869.00000000,-52.00000000,-1.00000000,1,out_of_time,447.73640779,449.37573371,200.27764261,-0.16601593,2019-12-25
pg-eec5527c64575a33,ESPORTSTMNT03/1240659,2019-12-26T11:47:31,2019-12-26,2020,Unknown,0,9.24,Red,oe:team:0ce92abf77546dafee13c1c3f37c25e,Spear Gaming,oe:team:5e29baf115bdaaeeb3bafa7f288b298,Jin Air Green Wings,oe:player:cc00384e754d3b4db840275587813eb,Yohan,jng,Elise,oe:player:1970fcb701acce66e0771946bbb3105,Olaf,jng:Elise,lineup-07790ee10e422c8e,1,2525.00000000,42.08333333,1,3,6,2.33333333,12667.00000000,7227.00000000,199,171.73069307,0.16852931,0.12361453,87,2.06732673,0.53846154,108.00000000,854.00000000,8.00000000,1,out_of_time,297.93472028,253.65231709,94.72509510,-1.33231882,2019-12-25
pg-b630e715eb55b144,ESPORTSTMNT03/1240659,2019-12-26T11:47:31,2019-12-26,2020,Unknown,0,9.24,Red,oe:team:0ce92abf77546dafee13c1c3f37c25e,Spear Gaming,oe:team:5e29baf115bdaaeeb3bafa7f288b298,Jin Air Green Wings,oe:player:ba2664f94e92e7e9e06fe8582b1f4ec,Chasy,mid,Irelia,oe:player:942180f580887b12bcb04219e0dde84,Syndra,mid:Irelia,lineup-07790ee10e422c8e,1,2525.00000000,42.08333333,4,1,4,8.00000000,17375.00000000,9291.00000000,336,220.77623762,0.23116735,0.15891831,39,0.92673267,0.61538462,-231.00000000,-199.00000000,-12.00000000,1,out_of_time,370.35386644,441.16769975,149.27842615,-1.00200433,2019-12-25
pg-e57e76584be8ea8a,ESPORTSTMNT03/1240659,2019-12-26T11:47:31,2019-12-26,2020,Unknown,0,9.24,Red,oe:team:0ce92abf77546dafee13c1c3f37c25e,Spear Gaming,oe:team:5e29baf115bdaaeeb3bafa7f288b298,Jin Air Green Wings,oe:player:29e873916dcb14c9feb6b85d253cb87,Asper,sup,Blitzcrank,oe:player:966eee3894707e51bffb173951362ed,Thresh,sup:Blitzcrank,lineup-07790ee10e422c8e,1,2525.00000000,42.08333333,0,3,6,2.00000000,9749.00000000,4089.00000000,44,97.16435644,0.12970650,0.06994048,128,3.04158416,0.46153846,34.00000000,36.00000000,-2.00000000,1,out_of_time,204.78608988,134.52221008,61.17656057,-1.75919882,2019-12-25
pg-d555e9227b3fcb73,ESPORTSTMNT03/1240659,2019-12-26T11:47:31,2019-12-26,2020,Unknown,0,9.24,Red,oe:team:0ce92abf77546dafee13c1c3f37c25e,Spear Gaming,oe:team:5e29baf115bdaaeeb3bafa7f288b298,Jin Air Green Wings,oe:player:21846207612858fb49a468b43e56dd3,Destroy,top,Kennen,oe:player:4d79b9a430199b71e47a4a9e908fe76,Aatrox,top:Kennen,lineup-07790ee10e422c8e,1,2525.00000000,42.08333333,2,0,9,11.00000000,15743.00000000,20414.00000000,307,485.08514851,0.20945425,0.34917214,52,1.23564356,0.84615385,734.00000000,-763.00000000,-7.00000000,1,out_of_time,406.08369379,440.52758878,154.15582731,0.51247790,2019-12-25
pg-17bfbfefd1516326,ESPORTSTMNT03/1250694,2019-12-28T07:43:40,2019-12-28,2020,Unknown,0,9.24,Blue,oe:team:f73cbd69433514d61cf7c9cd0f5123a,BRION,oe:team:0b65555ba9e97910fc1e7264a99fa24,Kwangdong Freecs,oe:player:9712524dc88851032bd53054f8b49b4,Hena,bot,Varus,oe:player:7b28158d613ea1869441676fa32a3b5,Miss Fortune,bot:Varus,lineup-c2c14a68207a1e26,0,1955.00000000,32.58333333,5,3,3,2.66666667,13945.00000000,19736.00000000,313,605.70843990,0.27749035,0.38240651,44,1.35038363,0.88888889,1379.00000000,530.00000000,7.00000000,1,out_of_time,407.47849325,449.37573371,200.27764261,0.98977571,2019-12-25
pg-f33e96d0b8249548,ESPORTSTMNT03/1250694,2019-12-28T07:43:40,2019-12-28,2020,Unknown,0,9.24,Blue,oe:team:f73cbd69433514d61cf7c9cd0f5123a,BRION,oe:team:0b65555ba9e97910fc1e7264a99fa24,Kwangdong Freecs,oe:player:a7106e2dbec7483fb265d4b72abb291,Doil,jng,Lee Sin,oe:player:ae4cccea87290717523772f7472e7f5,Poppy,jng:Lee Sin,lineup-c2c14a68207a1e26,0,1955.00000000,32.58333333,2,3,6,2.66666667,9584.00000000,8837.00000000,172,271.21227621,0.19071119,0.17122651,47,1.44245524,0.88888889,685.00000000,749.00000000,12.00000000,1,out_of_time,290.21933210,253.65231709,94.72509510,-0.20065491,2019-12-25
pg-6b8034d214a328c1,ESPORTSTMNT03/1250694,2019-12-28T07:43:40,2019-12-28,2020,Unknown,0,9.24,Blue,oe:team:f73cbd69433514d61cf7c9cd0f5123a,BRION,oe:team:0b65555ba9e97910fc1e7264a99fa24,Kwangdong Freecs,oe:player:8ec77bab39c59d63aa771bd8b8033d0,Jiin,mid,Nautilus,oe:player:6c1fa8d6ae91f559b9d317477dad3ea,Orianna,mid:Nautilus,lineup-c2c14a68207a1e26,0,1955.00000000,32.58333333,0,5,4,0.80000000,8809.00000000,7855.00000000,200,241.07416880,0.17528953,0.15219919,23,0.70588235,0.44444444,-828.00000000,-464.00000000,-32.00000000,1,out_of_time,416.91796056,441.16769975,149.27842615,-1.17795851,2019-12-25
pg-dd0980aefb9b9880,ESPORTSTMNT03/1250694,2019-12-28T07:43:40,2019-12-28,2020,Unknown,0,9.24,Blue,oe:team:f73cbd69433514d61cf7c9cd0f5123a,BRION,oe:team:0b65555ba9e97910fc1e7264a99fa24,Kwangdong Freecs,oe:player:cf1fc00c5f362d9b4988cbb260cbc95,Minit,sup,Tahm Kench,oe:player:1e48e6a94caf09f3d8275ffba847eea,Braum,sup:Tahm Kench,lineup-c2c14a68207a1e26,0,1955.00000000,32.58333333,1,4,6,1.75000000,6959.00000000,4815.00000000,31,147.77493606,0.13847654,0.09329587,67,2.05626598,0.77777778,845.00000000,1173.00000000,0.00000000,1,out_of_time,216.00394317,134.52221008,61.17656057,-1.11528021,2019-12-25
pg-482ddbd1633f8c45,ESPORTSTMNT03/1250694,2019-12-28T07:43:40,2019-12-28,2020,Unknown,0,9.24,Blue,oe:team:f73cbd69433514d61cf7c9cd0f5123a,BRION,oe:team:0b65555ba9e97910fc1e7264a99fa24,Kwangdong Freecs,oe:player:840d0b77e71408d3da84e4f0cae4b73,Wizer,top,Aatrox,oe:player:03daae1844b9ad257324c3eedf41e28,Ryze,top:Aatrox,lineup-c2c14a68207a1e26,0,1955.00000000,32.58333333,1,4,3,1.00000000,10957.00000000,10367.00000000,241,318.16879795,0.21803240,0.20087192,37,1.13554987,0.44444444,-263.00000000,719.00000000,-3.00000000,1,out_of_time,399.43413468,440.52758878,154.15582731,-0.52716357,2019-12-25
pg-da1b39bb2e5fa326,ESPORTSTMNT03/1250694,2019-12-28T07:43:40,2019-12-28,2020,Unknown,0,9.24,Red,oe:team:0b65555ba9e97910fc1e7264a99fa24,Kwangdong Freecs,oe:team:f73cbd69433514d61cf7c9cd0f5123a,BRION,oe:player:7b28158d613ea1869441676fa32a3b5,Mystic,bot,Miss Fortune,oe:player:9712524dc88851032bd53054f8b49b4,Varus,bot:Miss Fortune,lineup-78fe9e15be4e263c,1,1955.00000000,32.58333333,8,2,8,8.00000000,15681.00000000,27757.00000000,304,851.87723785,0.25590352,0.37883172,33,1.01278772,0.84210526,-1379.00000000,-530.00000000,-7.00000000,1,out_of_time,458.23687029,449.37573371,200.27764261,1.96547334,2019-12-25
pg-31d78502995ee5ea,ESPORTSTMNT03/1250694,2019-12-28T07:43:40,2019-12-28,2020,Unknown,0,9.24,Red,oe:team:0b65555ba9e97910fc1e7264a99fa24,Kwangdong Freecs,oe:team:f73cbd69433514d61cf7c9cd0f5123a,BRION,oe:player:ae4cccea87290717523772f7472e7f5,Spirit,jng,Poppy,oe:player:a7106e2dbec7483fb265d4b72abb291,Lee Sin,jng:Poppy,lineup-78fe9e15be4e263c,1,1955.00000000,32.58333333,3,1,10,13.00000000,10312.00000000,6217.00000000,135,190.80306905,0.16828500,0.08485055,110,3.37595908,0.68421053,-685.00000000,-749.00000000,-12.00000000,1,out_of_time,282.21528593,253.65231709,94.72509510,-0.96502639,2019-12-25
pg-dbde7b73a7c0ed90,ESPORTSTMNT03/1250694,2019-12-28T07:43:40,2019-12-28,2020,Unknown,0,9.24,Red,oe:team:0b65555ba9e97910fc1e7264a99fa24,Kwangdong Freecs,oe:team:f73cbd69433514d61cf7c9cd0f5123a,BRION,oe:player:6c1fa8d6ae91f559b9d317477dad3ea,Fly,mid,Orianna,oe:player:8ec77bab39c59d63aa771bd8b8033d0,Nautilus,mid:Orianna,lineup-78fe9e15be4e263c,1,1955.00000000,32.58333333,3,2,13,8.00000000,12912.00000000,18075.00000000,281,554.73145780,0.21071528,0.24669032,32,0.98209719,0.84210526,828.00000000,464.00000000,32.00000000,1,out_of_time,387.41498769,441.16769975,149.27842615,1.12083490,2019-12-25
pg-b138db2dab613c65,ESPORTSTMNT03/1250694,2019-12-28T07:43:40,2019-12-28,2020,Unknown,0,9.24,Red,oe:team:0b65555ba9e97910fc1e7264a99fa24,Kwangdong Freecs,oe:team:f73cbd69433514d61cf7c9cd0f5123a,BRION,oe:player:1e48e6a94caf09f3d8275ffba847eea,Jelly,sup,Braum,oe:player:cf1fc00c5f362d9b4988cbb260cbc95,Tahm Kench,sup:Braum,lineup-78fe9e15be4e263c,1,1955.00000000,32.58333333,0,2,12,6.00000000,7341.00000000,4700.00000000,30,144.24552430,0.11980025,0.06414631,76,2.33248082,0.63157895,-845.00000000,-1173.00000000,0.00000000,1,out_of_time,204.92503930,134.52221008,61.17656057,-0.99187523,2019-12-25
pg-3a2e797747b334a4,ESPORTSTMNT03/1250694,2019-12-28T07:43:40,2019-12-28,2020,Unknown,0,9.24,Red,oe:team:0b65555ba9e97910fc1e7264a99fa24,Kwangdong Freecs,oe:team:f73cbd69433514d61cf7c9cd0f5123a,BRION,oe:player:03daae1844b9ad257324c3eedf41e28,Kiin,top,Ryze,oe:player:840d0b77e71408d3da84e4f0cae4b73,Aatrox,top:Ryze,lineup-78fe9e15be4e263c,1,1955.00000000,32.58333333,5,2,6,5.50000000,15031.00000000,16521.00000000,328,507.03836317,0.24529595,0.22548110,45,1.38107417,0.57894737,263.00000000,-719.00000000,3.00000000,1,out_of_time,426.72840777,440.52758878,154.15582731,0.52096607,2019-12-25
pg-15d10878b4386040,ESPORTSTMNT03/1250769,2019-12-28T08:51:09,2019-12-28,2020,Unknown,0,9.24,Blue,oe:team:0b65555ba9e97910fc1e7264a99fa24,Kwangdong Freecs,oe:team:f73cbd69433514d61cf7c9cd0f5123a,BRION,oe:player:7b28158d613ea1869441676fa32a3b5,Mystic,bot,Miss Fortune,oe:player:450cbae633304212e5e2cdf32ac1711,Senna,bot:Miss Fortune,lineup-2012be2fc14d4b69,1,1518.00000000,25.30000000,4,1,3,7.00000000,11319.00000000,9785.00000000,255,386.75889328,0.23280064,0.19589197,33,1.30434783,0.36842105,781.00000000,775.00000000,20.00000000,1,out_of_time,446.64823993,449.37573371,200.27764261,-0.29903161,2019-12-25
pg-4e7c43bed8247f25,ESPORTSTMNT03/1250769,2019-12-28T08:51:09,2019-12-28,2020,Unknown,0,9.24,Blue,oe:team:0b65555ba9e97910fc1e7264a99fa24,Kwangdong Freecs,oe:team:f73cbd69433514d61cf7c9cd0f5123a,BRION,oe:player:5fac949d3a1a7631ddaef68ea4cbe1e,Dread,jng,Elise,oe:player:5c6f901a83ec448d51703aebba0ca64,Lee Sin,jng:Elise,lineup-2012be2fc14d4b69,1,1518.00000000,25.30000000,4,1,4,8.00000000,9042.00000000,8251.00000000,141,326.12648221,0.18596903,0.16518188,70,2.76679842,0.42105263,325.00000000,1349.00000000,4.00000000,1,out_of_time,317.57052813,253.65231709,94.72509510,0.09032405,2019-12-25
pg-984d6f44b7119678,ESPORTSTMNT03/1250769,2019-12-28T08:51:09,2019-12-28,2020,Unknown,0,9.24,Blue,oe:team:0b65555ba9e97910fc1e7264a99fa24,Kwangdong Freecs,oe:team:f73cbd69433514d61cf7c9cd0f5123a,BRION,oe:player:6c1fa8d6ae91f559b9d317477dad3ea,Fly,mid,Zoe,oe:player:8ec77bab39c59d63aa771bd8b8033d0,Qiyana,mid:Zoe,lineup-2012be2fc14d4b69,1,1518.00000000,25.30000000,4,0,8,12.00000000,9690.00000000,13853.00000000,167,547.54940711,0.19929660,0.27733179,20,0.79051383,0.63157895,862.00000000,1494.00000000,20.00000000,1,out_of_time,401.45933823,441.16769975,149.27842615,0.97864154,2019-12-25
pg-294010190bc87d3c,ESPORTSTMNT03/1250769,2019-12-28T08:51:09,2019-12-28,2020,Unknown,0,9.24,Blue,oe:team:0b65555ba9e97910fc1e7264a99fa24,Kwangdong Freecs,oe:team:f73cbd69433514d61cf7c9cd0f5123a,BRION,oe:player:1e48e6a94caf09f3d8275ffba847eea,Jelly,sup,Braum,oe:player:cf1fc00c5f362d9b4988cbb260cbc95,Tahm Kench,sup:Braum,lineup-2012be2fc14d4b69,1,1518.00000000,25.30000000,0,0,12,12.00000000,6410.00000000,3730.00000000,22,147.43083004,0.13183604,0.07467318,58,2.29249012,0.63157895,494.00000000,1044.00000000,-8.00000000,1,out_of_time,228.35917896,134.52221008,61.17656057,-1.32286530,2019-12-25
pg-3e934661c49492ca,ESPORTSTMNT03/1250769,2019-12-28T08:51:09,2019-12-28,2020,Unknown,0,9.24,Blue,oe:team:0b65555ba9e97910fc1e7264a99fa24,Kwangdong Freecs,oe:team:f73cbd69433514d61cf7c9cd0f5123a,BRION,oe:player:03daae1844b9ad257324c3eedf41e28,Kiin,top,Camille,oe:player:840d0b77e71408d3da84e4f0cae4b73,Kennen,top:Camille,lineup-2012be2fc14d4b69,1,1518.00000000,25.30000000,7,3,8,5.00000000,12160.00000000,14332.00000000,210,566.48221344,0.25009769,0.28692118,22,0.86956522,0.78947368,1456.00000000,540.00000000,-9.00000000,1,out_of_time,405.27588497,440.52758878,154.15582731,1.04573620,2019-12-25
pg-4ad18e606f29d999,ESPORTSTMNT03/1250769,2019-12-28T08:51:09,2019-12-28,2020,Unknown,0,9.24,Red,oe:team:f73cbd69433514d61cf7c9cd0f5123a,BRION,oe:team:0b65555ba9e97910fc1e7264a99fa24,Kwangdong Freecs,oe:player:450cbae633304212e5e2cdf32ac1711,Hollow,bot,Senna,oe:player:7b28158d613ea1869441676fa32a3b5,Miss Fortune,bot:Senna,lineup-4c3dc37094b8abeb,0,1518.00000000,25.30000000,1,3,1,0.66666667,9353.00000000,6767.00000000,220,267.47035573,0.24526669,0.23321616,19,0.75098814,0.40000000,-781.00000000,-775.00000000,-20.00000000,1,out_of_time,390.64884033,449.37573371,200.27764261,-0.61503862,2019-12-25
pg-25b5f45456d26b22,ESPORTSTMNT03/1250769,2019-12-28T08:51:09,2019-12-28,2020,Unknown,0,9.24,Red,oe:team:f73cbd69433514d61cf7c9cd0f5123a,BRION,oe:team:0b65555ba9e97910fc1e7264a99fa24,Kwangdong Freecs,oe:player:5c6f901a83ec448d51703aebba0ca64,Croco,jng,Lee Sin,oe:player:5fac949d3a1a7631ddaef68ea4cbe1e,Elise,jng:Lee Sin,lineup-4c3dc37094b8abeb,0,1518.00000000,25.30000000,2,3,2,1.33333333,7107.00000000,4410.00000000,125,174.30830040,0.18636912,0.15198511,35,1.38339921,0.80000000,-325.00000000,-1349.00000000,-4.00000000,1,out_of_time,257.41600754,253.65231709,94.72509510,-0.87735681,2019-12-25
pg-6525d0153f222219,ESPORTSTMNT03/1250769,2019-12-28T08:51:09,2019-12-28,2020,Unknown,0,9.24,Red,oe:team:f73cbd69433514d61cf7c9cd0f5123a,BRION,oe:team:0b65555ba9e97910fc1e7264a99fa24,Kwangdong Freecs,oe:player:8ec77bab39c59d63aa771bd8b8033d0,Jiin,mid,Qiyana,oe:player:6c1fa8d6ae91f559b9d317477dad3ea,Zoe,mid:Qiyana,lineup-4c3dc37094b8abeb,0,1518.00000000,25.30000000,2,6,1,0.50000000,8212.00000000,6006.00000000,168,237.39130435,0.21534589,0.20698925,27,1.06719368,0.60000000,-862.00000000,-1494.00000000,-20.00000000,1,out_of_time,387.63039494,441.16769975,149.27842615,-1.00643539,2019-12-25
pg-10df40d1bbf8acfc,ESPORTSTMNT03/1250769,2019-12-28T08:51:09,2019-12-28,2020,Unknown,0,9.24,Red,oe:team:f73cbd69433514d61cf7c9cd0f5123a,BRION,oe:team:0b65555ba9e97910fc1e7264a99fa24,Kwangdong Freecs,oe:player:cf1fc00c5f362d9b4988cbb260cbc95,Minit,sup,Tahm Kench,oe:player:1e48e6a94caf09f3d8275ffba847eea,Braum,sup:Tahm Kench,lineup-4c3dc37094b8abeb,0,1518.00000000,25.30000000,0,3,2,0.66666667,4997.00000000,2868.00000000,36,113.35968379,0.13103792,0.09884202,56,2.21343874,0.40000000,-494.00000000,-1044.00000000,8.00000000,1,out_of_time,192.56980350,134.52221008,61.17656057,-1.29477890,2019-12-25
pg-e0aa8eaa51b9096a,ESPORTSTMNT03/1250769,2019-12-28T08:51:09,2019-12-28,2020,Unknown,0,9.24,Red,oe:team:f73cbd69433514d61cf7c9cd0f5123a,BRION,oe:team:0b65555ba9e97910fc1e7264a99fa24,Kwangdong Freecs,oe:player:840d0b77e71408d3da84e4f0cae4b73,Wizer,top,Kennen,oe:player:03daae1844b9ad257324c3eedf41e28,Camille,top:Kennen,lineup-4c3dc37094b8abeb,0,1518.00000000,25.30000000,0,4,3,0.75000000,8465.00000000,8965.00000000,223,354.34782609,0.22198038,0.30896747,26,1.02766798,0.60000000,-1456.00000000,-540.00000000,9.00000000,1,out_of_time,379.22386638,440.52758878,154.15582731,-0.16136944,2019-12-25
pg-d53a0dc3d4dedf58,ESPORTSTMNT03/1250816,2019-12-28T10:57:45,2019-12-28,2020,Unknown,0,9.24,Blue,oe:team:3a1d18f46bcb3716ebcfcf4ef068934,Hanwha Life Esports,oe:team:d723992568441c6bafa2658129eade7,KT Rolster,oe:player:1d18fe2cdd43a72d46421ecfe81b599,Lava,bot,Syndra,oe:player:85104684d1eb7f4c0ce393441a0b669,Kai'Sa,bot:Syndra,lineup-3dea0401516d3f85,0,1943.00000000,32.38333333,1,3,2,1.00000000,12615.00000000,5305.00000000,331,163.81883685,0.22443824,0.14518336,63,1.94544519,0.42857143,76.00000000,886.00000000,12.00000000,1,out_of_time,416.83132844,449.37573371,200.27764261,-1.26330872,2019-12-25
pg-bb25ccbcc02b13bf,ESPORTSTMNT03/1250816,2019-12-28T10:57:45,2019-12-28,2020,Unknown,0,9.24,Blue,oe:team:3a1d18f46bcb3716ebcfcf4ef068934,Hanwha Life Esports,oe:team:d723992568441c6bafa2658129eade7,KT Rolster,oe:player:2736a0eb19c2525920f8ff4af5086c0,Haru,jng,Olaf,oe:player:37a18aea52f7509729362a4b97a6ce7,Rek'Sai,jng:Olaf,lineup-3dea0401516d3f85,0,1943.00000000,32.38333333,1,4,2,0.75000000,10538.00000000,4145.00000000,194,127.99794133,0.18748554,0.11343733,67,2.06896552,0.42857143,878.00000000,338.00000000,13.00000000,1,out_of_time,305.98107659,253.65231709,94.72509510,-1.87894385,2019-12-25
pg-65b6660bbae8918f,ESPORTSTMNT03/1250816,2019-12-28T10:57:45,2019-12-28,2020,Unknown,0,9.24,Blue,oe:team:3a1d18f46bcb3716ebcfcf4ef068934,Hanwha Life Esports,oe:team:d723992568441c6bafa2658129eade7,KT Rolster,oe:player:2861898294dd867b05fd28dca284e57,Tempt,mid,Ryze,oe:player:d06ddbf2ef1a12432c3fe5f7544e5d5,Cassiopeia,mid:Ryze,lineup-3dea0401516d3f85,0,1943.00000000,32.38333333,3,1,1,4.00000000,13374.00000000,14718.00000000,316,454.49305198,0.23794189,0.40279146,31,0.95728255,0.57142857,375.00000000,209.00000000,3.00000000,1,out_of_time,424.17762881,441.16769975,149.27842615,0.20307973,2019-12-25
pg-b1dffb443f7d388d,ESPORTSTMNT03/1250816,2019-12-28T10:57:45,2019-12-28,2020,Unknown,0,9.24,Blue,oe:team:3a1d18f46bcb3716ebcfcf4ef068934,Hanwha Life Esports,oe:team:d723992568441c6bafa2658129eade7,KT Rolster,oe:player:e4e24b8656e4e6a74b939af730b0148,Lehends,sup,Shen,oe:player:45fa65486c55c031328f189912bbe4b,Nautilus,sup:Shen,lineup-3dea0401516d3f85,0,1943.00000000,32.38333333,1,2,4,2.50000000,7416.00000000,2891.00000000,50,89.27431806,0.13194086,0.07911877,82,2.53216675,0.71428571,271.00000000,-303.00000000,6.00000000,1,out_of_time,258.64487394,134.52221008,61.17656057,-2.76855309,2019-12-25
pg-8518af8a39afcad9,ESPORTSTMNT03/1250816,2019-12-28T10:57:45,2019-12-28,2020,Unknown,0,9.24,Blue,oe:team:3a1d18f46bcb3716ebcfcf4ef068934,Hanwha Life Esports,oe:team:d723992568441c6bafa2658129eade7,KT Rolster,oe:player:d3a36b831bf6dfc749f79a1d3a71fad,CuVee,top,Camille,oe:player:110de1170a2c2ac8bbc0dc557061b69,Aatrox,top:Camille,lineup-3dea0401516d3f85,0,1943.00000000,32.38333333,1,3,3,1.33333333,12264.00000000,9481.00000000,265,292.77406073,0.21819346,0.25946907,42,1.29696346,0.57142857,44.00000000,-245.00000000,-3.00000000,1,out_of_time,444.67761389,440.52758878,154.15582731,-0.98538963,2019-12-25
pg-3981b2cf9955988a,ESPORTSTMNT03/1250816,2019-12-28T10:57:45,2019-12-28,2020,Unknown,0,9.24,Red,oe:team:d723992568441c6bafa2658129eade7,KT Rolster,oe:team:3a1d18f46bcb3716ebcfcf4ef068934,Hanwha Life Esports,oe:player:85104684d1eb7f4c0ce393441a0b669,Aiming,bot,Kai'Sa,oe:player:1d18fe2cdd43a72d46421ecfe81b599,Syndra,bot:Kai'Sa,lineup-7cddd72ad9466689,1,1943.00000000,32.38333333,5,0,6,11.00000000,16860.00000000,12478.00000000,361,385.32166752,0.27380353,0.29011183,29,0.89552239,0.84615385,-76.00000000,-886.00000000,-12.00000000,1,out_of_time,372.60937016,449.37573371,200.27764261,0.06347337,2019-12-25
pg-721812a4f4420ec4,ESPORTSTMNT03/1250816,2019-12-28T10:57:45,2019-12-28,2020,Unknown,0,9.24,Red,oe:team:d723992568441c6bafa2658129eade7,KT Rolster,oe:team:3a1d18f46bcb3716ebcfcf4ef068934,Hanwha Life Esports,oe:player:37a18aea52f7509729362a4b97a6ce7,bonO,jng,Rek'Sai,oe:player:2736a0eb19c2525920f8ff4af5086c0,Olaf,jng:Rek'Sai,lineup-7cddd72ad9466689,1,1943.00000000,32.38333333,4,1,4,8.00000000,11132.00000000,6118.00000000,180,188.92434380,0.18078179,0.14224268,96,2.96448791,0.61538462,-878.00000000,-338.00000000,-13.00000000,1,out_of_time,283.51135160,253.65231709,94.72509510,-0.99854223,2019-12-25
pg-67902b78fa7a636f,ESPORTSTMNT03/1250816,2019-12-28T10:57:45,2019-12-28,2020,Unknown,0,9.24,Red,oe:team:d723992568441c6bafa2658129eade7,KT Rolster,oe:team:3a1d18f46bcb3716ebcfcf4ef068934,Hanwha Life Esports,oe:player:d06ddbf2ef1a12432c3fe5f7544e5d5,Kuro,mid,Cassiopeia,oe:player:2861898294dd867b05fd28dca284e57,Ryze,mid:Cassiopeia,lineup-7cddd72ad9466689,1,1943.00000000,32.38333333,2,0,7,9.00000000,14267.00000000,8801.00000000,320,271.77560473,0.23169365,0.20462207,41,1.26608338,0.69230769,-375.00000000,-209.00000000,-3.00000000,1,out_of_time,388.55953013,441.16769975,149.27842615,-0.78232286,2019-12-25
pg-b0373a36855cb7fa,ESPORTSTMNT03/1250816,2019-12-28T10:57:45,2019-12-28,2020,Unknown,0,9.24,Red,oe:team:d723992568441c6bafa2658129eade7,KT Rolster,oe:team:3a1d18f46bcb3716ebcfcf4ef068934,Hanwha Life Esports,oe:player:45fa65486c55c031328f189912bbe4b,TusiN,sup,Nautilus,oe:player:e4e24b8656e4e6a74b939af730b0148,Shen,sup:Nautilus,lineup-7cddd72ad9466689,1,1943.00000000,32.38333333,0,3,7,2.33333333,7932.00000000,3421.00000000,47,105.64076171,0.12881433,0.07953779,78,2.40864642,0.53846154,-271.00000000,303.00000000,-6.00000000,1,out_of_time,221.29203543,134.52221008,61.17656057,-1.89045073,2019-12-25
pg-265bf9b7741148fc,ESPORTSTMNT03/1250816,2019-12-28T10:57:45,2019-12-28,2020,Unknown,0,9.24,Red,oe:team:d723992568441c6bafa2658129eade7,KT Rolster,oe:team:3a1d18f46bcb3716ebcfcf4ef068934,Hanwha Life Esports,oe:player:110de1170a2c2ac8bbc0dc557061b69,SoHwan,top,Aatrox,oe:player:d3a36b831bf6dfc749f79a1d3a71fad,Camille,top:Aatrox,lineup-7cddd72ad9466689,1,1943.00000000,32.38333333,2,3,1,1.00000000,11386.00000000,12193.00000000,235,376.52084406,0.18490670,0.28348562,31,0.95728255,0.23076923,-44.00000000,245.00000000,3.00000000,1,out_of_time,359.49772805,440.52758878,154.15582731,0.11042798,2019-12-25
pg-27dfd167ad96c715,ESPORTSTMNT03/1250821,2019-12-28T11:52:35,2019-12-28,2020,Unknown,0,9.24,Blue,oe:team:d723992568441c6bafa2658129eade7,KT Rolster,oe:team:3a1d18f46bcb3716ebcfcf4ef068934,Hanwha Life Esports,oe:player:85104684d1eb7f4c0ce393441a0b669,Aiming,bot,Cassiopeia,oe:player:1d18fe2cdd43a72d46421ecfe81b599,Heimerdinger,bot:Cassiopeia,lineup-7cddd72ad9466689,0,2270.00000000,37.83333333,8,4,4,3.00000000,17514.00000000,18909.00000000,354,499.79735683,0.27087135,0.27661722,59,1.55947137,0.75000000,720.00000000,467.00000000,17.00000000,1,out_of_time,401.89846482,449.37573371,200.27764261,0.48881588,2019-12-25
pg-3cd7b768bcaf76b4,ESPORTSTMNT03/1250821,2019-12-28T11:52:35,2019-12-28,2020,Unknown,0,9.24,Blue,oe:team:d723992568441c6bafa2658129eade7,KT Rolster,oe:team:3a1d18f46bcb3716ebcfcf4ef068934,Hanwha Life Esports,oe:player:37a18aea52f7509729362a4b97a6ce7,bonO,jng,Olaf,oe:player:2736a0eb19c2525920f8ff4af5086c0,Qiyana,jng:Olaf,lineup-7cddd72ad9466689,0,2270.00000000,37.83333333,2,3,8,3.33333333,11773.00000000,16520.00000000,201,436.65198238,0.18208110,0.24166886,92,2.43171806,0.62500000,602.00000000,1028.00000000,13.00000000,1,out_of_time,286.63594582,253.65231709,94.72509510,1.58369898,2019-12-25
pg-4d6e80846e9d2494,ESPORTSTMNT03/1250821,2019-12-28T11:52:35,2019-12-28,2020,Unknown,0,9.24,Blue,oe:team:d723992568441c6bafa2658129eade7,KT Rolster,oe:team:3a1d18f46bcb3716ebcfcf4ef068934,Hanwha Life Esports,oe:player:d06ddbf2ef1a12432c3fe5f7544e5d5,Kuro,mid,Nautilus,oe:player:2861898294dd867b05fd28dca284e57,Nocturne,mid:Nautilus,lineup-7cddd72ad9466689,0,2270.00000000,37.83333333,3,2,6,4.50000000,13550.00000000,16448.00000000,261,434.74889868,0.20956417,0.24061558,49,1.29515419,0.56250000,-735.00000000,196.00000000,-2.00000000,1,out_of_time,406.47593595,441.16769975,149.27842615,0.18939751,2019-12-25
pg-4185facc97e683bd,ESPORTSTMNT03/1250821,2019-12-28T11:52:35,2019-12-28,2020,Unknown,0,9.24,Blue,oe:team:d723992568441c6bafa2658129eade7,KT Rolster,oe:team:3a1d18f46bcb3716ebcfcf4ef068934,Hanwha Life Esports,oe:player:45fa65486c55c031328f189912bbe4b,TusiN,sup,Thresh,oe:player:e4e24b8656e4e6a74b939af730b0148,Senna,sup:Thresh,lineup-7cddd72ad9466689,0,2270.00000000,37.83333333,0,4,12,3.00000000,8682.00000000,3661.00000000,49,96.76651982,0.13427573,0.05355628,110,2.90748899,0.75000000,93.00000000,-208.00000000,17.00000000,1,out_of_time,208.98561060,134.52221008,61.17656057,-1.83434782,2019-12-25
pg-330f271cad4bd3ff,ESPORTSTMNT03/1250821,2019-12-28T11:52:35,2019-12-28,2020,Unknown,0,9.24,Blue,oe:team:d723992568441c6bafa2658129eade7,KT Rolster,oe:team:3a1d18f46bcb3716ebcfcf4ef068934,Hanwha Life Esports,oe:player:110de1170a2c2ac8bbc0dc557061b69,SoHwan,top,Aatrox,oe:player:d3a36b831bf6dfc749f79a1d3a71fad,Mordekaiser,top:Aatrox,lineup-7cddd72ad9466689,0,2270.00000000,37.83333333,3,7,3,0.85714286,13139.00000000,12820.00000000,262,338.85462555,0.20320765,0.18754206,45,1.18942731,0.37500000,-310.00000000,-1109.00000000,-12.00000000,1,out_of_time,404.19996214,440.52758878,154.15582731,-0.42389145,2019-12-25
pg-41b1b62ca6d7fcef,ESPORTSTMNT03/1250821,2019-12-28T11:52:35,2019-12-28,2020,Unknown,0,9.24,Red,oe:team:3a1d18f46bcb3716ebcfcf4ef068934,Hanwha Life Esports,oe:team:d723992568441c6bafa2658129eade7,KT Rolster,oe:player:1d18fe2cdd43a72d46421ecfe81b599,Lava,bot,Heimerdinger,oe:player:85104684d1eb7f4c0ce393441a0b669,Cassiopeia,bot:Heimerdinger,lineup-3dea0401516d3f85,1,2270.00000000,37.83333333,5,3,9,4.66666667,16499.00000000,37749.00000000,336,997.77092511,0.24106191,0.39008990,33,0.87224670,0.70000000,-720.00000000,-467.00000000,-17.00000000,1,out_of_time,396.29314682,449.37573371,200.27764261,3.00321978,2019-12-25
pg-7eb4f74c7d445435,ESPORTSTMNT03/1250821,2019-12-28T11:52:35,2019-12-28,2020,Unknown,0,9.24,Red,oe:team:3a1d18f46bcb3716ebcfcf4ef068934,Hanwha Life Esports,oe:team:d723992568441c6bafa2658129eade7,KT Rolster,oe:player:2736a0eb19c2525920f8ff4af5086c0,Haru,jng,Qiyana,oe:player:37a18aea52f7509729362a4b97a6ce7,Olaf,jng:Qiyana,lineup-3dea0401516d3f85,1,2270.00000000,37.83333333,2,4,8,2.50000000,11532.00000000,9398.00000000,203,248.40528634,0.16849057,0.09711688,66,1.74449339,0.50000000,-602.00000000,-1028.00000000,-13.00000000,1,out_of_time,301.17339818,253.65231709,94.72509510,-0.55706581,2019-12-25
pg-24fa9566bb564a0d,ESPORTSTMNT03/1250821,2019-12-28T11:52:35,2019-12-28,2020,Unknown,0,9.24,Red,oe:team:3a1d18f46bcb3716ebcfcf4ef068934,Hanwha Life Esports,oe:team:d723992568441c6bafa2658129eade7,KT Rolster,oe:player:2861898294dd867b05fd28dca284e57,Tempt,mid,Nocturne,oe:player:d06ddbf2ef1a12432c3fe5f7544e5d5,Nautilus,mid:Nocturne,lineup-3dea0401516d3f85,1,2270.00000000,37.83333333,6,2,7,6.50000000,16864.00000000,15938.00000000,350,421.26872247,0.24639481,0.16469980,45,1.18942731,0.65000000,735.00000000,-196.00000000,2.00000000,1,out_of_time,382.89162039,441.16769975,149.27842615,0.25708405,2019-12-25
pg-947da6e56d855e09,ESPORTSTMNT03/1250821,2019-12-28T11:52:35,2019-12-28,2020,Unknown,0,9.24,Red,oe:team:3a1d18f46bcb3716ebcfcf4ef068934,Hanwha Life Esports,oe:team:d723992568441c6bafa2658129eade7,KT Rolster,oe:player:e4e24b8656e4e6a74b939af730b0148,Lehends,sup,Senna,oe:player:45fa65486c55c031328f189912bbe4b,Thresh,sup:Senna,lineup-3dea0401516d3f85,1,2270.00000000,37.83333333,2,3,15,5.66666667,10830.00000000,10949.00000000,60,289.40088106,0.15823386,0.11314457,127,3.35682819,0.85000000,-93.00000000,208.00000000,-17.00000000,1,out_of_time,215.77896685,134.52221008,61.17656057,1.20343337,2019-12-25
pg-203b407a23083e02,ESPORTSTMNT03/1250821,2019-12-28T11:52:35,2019-12-28,2020,Unknown,0,9.24,Red,oe:team:3a1d18f46bcb3716ebcfcf4ef068934,Hanwha Life Esports,oe:team:d723992568441c6bafa2658129eade7,KT Rolster,oe:player:d3a36b831bf6dfc749f79a1d3a71fad,CuVee,top,Mordekaiser,oe:player:110de1170a2c2ac8bbc0dc557061b69,Aatrox,top:Mordekaiser,lineup-3dea0401516d3f85,1,2270.00000000,37.83333333,5,4,8,3.25000000,12718.00000000,22736.00000000,195,600.95154185,0.18581886,0.23494885,39,1.03083700,0.65000000,310.00000000,1109.00000000,12.00000000,1,out_of_time,435.14483950,440.52758878,154.15582731,1.07557856,2019-12-25
pg-2a8c474c692cc90c,ESPORTSTMNT03/1250828,2019-12-28T12:51:30,2019-12-28,2020,Unknown,0,9.24,Blue,oe:team:3a1d18f46bcb3716ebcfcf4ef068934,Hanwha Life Esports,oe:team:d723992568441c6bafa2658129eade7,KT Rolster,oe:player:1d18fe2cdd43a72d46421ecfe81b599,Lava,bot,Cassiopeia,oe:player:85104684d1eb7f4c0ce393441a0b669,Varus,bot:Cassiopeia,lineup-3dea0401516d3f85,1,2070.00000000,34.50000000,11,3,6,5.66666667,17182.00000000,17257.00000000,319,500.20289855,0.25178412,0.27914914,37,1.07246377,0.68000000,445.00000000,21.00000000,10.00000000,1,out_of_time,434.53364656,449.37573371,200.27764261,0.32789108,2019-12-25
pg-5c7e51658bccf9d2,ESPORTSTMNT03/1250828,2019-12-28T12:51:30,2019-12-28,2020,Unknown,0,9.24,Blue,oe:team:3a1d18f46bcb3716ebcfcf4ef068934,Hanwha Life Esports,oe:team:d723992568441c6bafa2658129eade7,KT Rolster,oe:player:2736a0eb19c2525920f8ff4af5086c0,Haru,jng,Jarvan IV,oe:player:37a18aea52f7509729362a4b97a6ce7,Rek'Sai,jng:Jarvan IV,lineup-3dea0401516d3f85,1,2070.00000000,34.50000000,2,6,18,3.33333333,11732.00000000,6035.00000000,167,174.92753623,0.17192011,0.09762213,51,1.47826087,0.80000000,-55.00000000,190.00000000,4.00000000,1,out_of_time,313.18865511,253.65231709,94.72509510,-1.45960391,2019-12-25
pg-93017ae470a9a90c,ESPORTSTMNT03/1250828,2019-12-28T12:51:30,2019-12-28,2020,Unknown,0,9.24,Blue,oe:team:3a1d18f46bcb3716ebcfcf4ef068934,Hanwha Life Esports,oe:team:d723992568441c6bafa2658129eade7,KT Rolster,oe:player:2861898294dd867b05fd28dca284e57,Tempt,mid,Ryze,oe:player:d06ddbf2ef1a12432c3fe5f7544e5d5,Orianna,mid:Ryze,lineup-3dea0401516d3f85,1,2070.00000000,34.50000000,5,2,8,6.50000000,15032.00000000,9448.00000000,311,273.85507246,0.22027813,0.15283080,42,1.21739130,0.52000000,-698.00000000,-718.00000000,-13.00000000,1,out_of_time,432.81344835,441.16769975,149.27842615,-1.06484493,2019-12-25
pg-b2fcddf06551046a,ESPORTSTMNT03/1250828,2019-12-28T12:51:30,2019-12-28,2020,Unknown,0,9.24,Blue,oe:team:3a1d18f46bcb3716ebcfcf4ef068934,Hanwha Life Esports,oe:team:d723992568441c6bafa2658129eade7,KT Rolster,oe:player:e4e24b8656e4e6a74b939af730b0148,Lehends,sup,Yuumi,oe:player:45fa65486c55c031328f189912bbe4b,Leona,sup:Yuumi,lineup-3dea0401516d3f85,1,2070.00000000,34.50000000,0,2,24,12.00000000,9183.00000000,12801.00000000,18,371.04347826,0.13456720,0.20706891,88,2.55072464,0.96000000,-153.00000000,1075.00000000,-19.00000000,1,out_of_time,257.70159292,134.52221008,61.17656057,1.85270117,2019-12-25
pg-7f0c7c2c785daae2,ESPORTSTMNT03/1250828,2019-12-28T12:51:30,2019-12-28,2020,Unknown,0,9.24,Blue,oe:team:3a1d18f46bcb3716ebcfcf4ef068934,Hanwha Life Esports,oe:team:d723992568441c6bafa2658129eade7,KT Rolster,oe:player:d3a36b831bf6dfc749f79a1d3a71fad,CuVee,top,Quinn,oe:player:110de1170a2c2ac8bbc0dc557061b69,Jayce,top:Quinn,lineup-3dea0401516d3f85,1,2070.00000000,34.50000000,7,4,9,4.00000000,15112.00000000,16279.00000000,266,471.85507246,0.22145045,0.26332902,48,1.39130435,0.64000000,-441.00000000,-241.00000000,-8.00000000,1,out_of_time,397.75655296,440.52758878,154.15582731,0.48067284,2019-12-25
pg-cf9b38e4097c9e60,ESPORTSTMNT03/1250828,2019-12-28T12:51:30,2019-12-28,2020,Unknown,0,9.24,Red,oe:team:d723992568441c6bafa2658129eade7,KT Rolster,oe:team:3a1d18f46bcb3716ebcfcf4ef068934,Hanwha Life Esports,oe:player:85104684d1eb7f4c0ce393441a0b669,Aiming,bot,Varus,oe:player:1d18fe2cdd43a72d46421ecfe81b599,Cassiopeia,bot:Varus,lineup-7cddd72ad9466689,0,2070.00000000,34.50000000,9,5,5,2.80000000,16139.00000000,22157.00000000,298,642.23188406,0.26501691,0.31916855,52,1.50724638,0.82352941,-445.00000000,-21.00000000,-10.00000000,1,out_of_time,380.80432053,449.37573371,200.27764261,1.30532575,2019-12-25
pg-f10f2e849900edbe,ESPORTSTMNT03/1250828,2019-12-28T12:51:30,2019-12-28,2020,Unknown,0,9.24,Red,oe:team:d723992568441c6bafa2658129eade7,KT Rolster,oe:team:3a1d18f46bcb3716ebcfcf4ef068934,Hanwha Life Esports,oe:player:37a18aea52f7509729362a4b97a6ce7,bonO,jng,Rek'Sai,oe:player:2736a0eb19c2525920f8ff4af5086c0,Jarvan IV,jng:Rek'Sai,lineup-7cddd72ad9466689,0,2070.00000000,34.50000000,1,5,11,2.40000000,10161.00000000,9152.00000000,184,265.27536232,0.16685277,0.13183331,79,2.28985507,0.70588235,55.00000000,-190.00000000,-4.00000000,1,out_of_time,280.04093959,253.65231709,94.72509510,-0.15587820,2019-12-25
pg-dd8ca26d22b95142,ESPORTSTMNT03/1250828,2019-12-28T12:51:30,2019-12-28,2020,Unknown,0,9.24,Red,oe:team:d723992568441c6bafa2658129eade7,KT Rolster,oe:team:3a1d18f46bcb3716ebcfcf4ef068934,Hanwha Life Esports,oe:player:d06ddbf2ef1a12432c3fe5f7544e5d5,Kuro,mid,Orianna,oe:player:2861898294dd867b05fd28dca284e57,Ryze,mid:Orianna,lineup-7cddd72ad9466689,0,2070.00000000,34.50000000,3,5,11,2.80000000,12943.00000000,15771.00000000,258,457.13043478,0.21253572,0.22717910,42,1.21739130,0.82352941,698.00000000,718.00000000,13.00000000,1,out_of_time,403.17931549,441.16769975,149.27842615,0.36141270,2019-12-25
pg-00349c90f872b533,ESPORTSTMNT03/1250828,2019-12-28T12:51:30,2019-12-28,2020,Unknown,0,9.24,Red,oe:team:d723992568441c6bafa2658129eade7,KT Rolster,oe:team:3a1d18f46bcb3716ebcfcf4ef068934,Hanwha Life Esports,oe:player:45fa65486c55c031328f189912bbe4b,TusiN,sup,Leona,oe:player:e4e24b8656e4e6a74b939af730b0148,Yuumi,sup:Leona,lineup-7cddd72ad9466689,0,2070.00000000,34.50000000,0,7,12,1.71428571,7373.00000000,5014.00000000,38,145.33333333,0.12107130,0.07222598,112,3.24637681,0.70588235,153.00000000,-1075.00000000,19.00000000,1,out_of_time,204.06363002,134.52221008,61.17656057,-0.96001305,2019-12-25
pg-aa0444f11a7d0e3b,ESPORTSTMNT03/1250828,2019-12-28T12:51:30,2019-12-28,2020,Unknown,0,9.24,Red,oe:team:d723992568441c6bafa2658129eade7,KT Rolster,oe:team:3a1d18f46bcb3716ebcfcf4ef068934,Hanwha Life Esports,oe:player:110de1170a2c2ac8bbc0dc557061b69,SoHwan,top,Jayce,oe:player:d3a36b831bf6dfc749f79a1d3a71fad,Quinn,top:Jayce,lineup-7cddd72ad9466689,0,2070.00000000,34.50000000,4,3,8,4.00000000,14282.00000000,17327.00000000,305,502.23188406,0.23452330,0.24959306,44,1.27536232,0.70588235,441.00000000,241.00000000,8.00000000,1,out_of_time,384.97344747,440.52758878,154.15582731,0.76064875,2019-12-25
pg-52d67a6cee4dc392,ESPORTSTMNT03/1240954,2019-12-29T07:43:01,2019-12-29,2020,Unknown,0,9.24,Blue,oe:team:50f58982d91a36557ec8aec52ab014f,Gen.G,oe:team:3f0da22a1e50a49e14e7e54bd90206f,Team Dynamics,oe:player:eada4723af6f51cf2391d85b5fde49b,Ruler,bot,Miss Fortune,oe:player:18bdb3898e7fecb3bb0be7ff075d509,Irelia,bot:Miss Fortune,lineup-5ec338a3ffe4ddde,1,2247.00000000,37.45000000,7,1,8,15.00000000,20558.00000000,23260.00000000,450,621.09479306,0.28266190,0.37572488,67,1.78905207,0.68181818,1676.00000000,1899.00000000,30.00000000,2,out_of_time,452.10632742,459.18845794,212.97149170,0.79347928,2019-12-28
pg-58781ffcdcea58a1,ESPORTSTMNT03/1240954,2019-12-29T07:43:01,2019-12-29,2020,Unknown,0,9.24,Blue,oe:team:50f58982d91a36557ec8aec52ab014f,Gen.G,oe:team:3f0da22a1e50a49e14e7e54bd90206f,Team Dynamics,oe:player:d3abb04a273ed8615be5f54a391818e,Clid,jng,Lee Sin,oe:player:7f37edf33ba2e672b6995a7e4907283,Rek'Sai,jng:Lee Sin,lineup-5ec338a3ffe4ddde,1,2247.00000000,37.45000000,3,4,8,2.75000000,12784.00000000,5808.00000000,207,155.08678238,0.17577341,0.09381815,57,1.52202937,0.50000000,-874.00000000,-179.00000000,-6.00000000,2,out_of_time,253.89235151,253.23441446,101.75287658,-0.97103465,2019-12-28
pg-ec55b75b7a93ec01,ESPORTSTMNT03/1240954,2019-12-29T07:43:01,2019-12-29,2020,Unknown,0,9.24,Blue,oe:team:50f58982d91a36557ec8aec52ab014f,Gen.G,oe:team:3f0da22a1e50a49e14e7e54bd90206f,Team Dynamics,oe:player:30361653a485a9609fb2d3aa073282c,Bdd,mid,Mordekaiser,oe:player:c12513153fca703d809f0eafa5fccbe,Lissandra,mid:Mordekaiser,lineup-5ec338a3ffe4ddde,1,2247.00000000,37.45000000,6,2,7,6.50000000,15867.00000000,15110.00000000,290,403.47129506,0.21816307,0.24407579,33,0.88117490,0.59090909,1790.00000000,958.00000000,4.00000000,2,out_of_time,389.24709418,431.08751273,162.69250309,0.08742997,2019-12-28
pg-4ea05d49619d985b,ESPORTSTMNT03/1240954,2019-12-29T07:43:01,2019-12-29,2020,Unknown,0,9.24,Blue,oe:team:50f58982d91a36557ec8aec52ab014f,Gen.G,oe:team:3f0da22a1e50a49e14e7e54bd90206f,Team Dynamics,oe:player:dea5251e486aed942e1bc06e1d5c116,Life,sup,Nautilus,oe:player:b1e10c40bba8608f1acfd3acdea43c2,Senna,sup:Nautilus,lineup-5ec338a3ffe4ddde,1,2247.00000000,37.45000000,1,3,6,2.33333333,8642.00000000,2802.00000000,37,74.81975968,0.11882304,0.04526144,132,3.52469960,0.31818182,-347.00000000,-1088.00000000,2.00000000,2,out_of_time,187.36680929,146.76113192,70.09277689,-1.60568684,2019-12-28
pg-8f44e1f10924525c,ESPORTSTMNT03/1240954,2019-12-29T07:43:01,2019-12-29,2020,Unknown,0,9.24,Blue,oe:team:50f58982d91a36557ec8aec52ab014f,Gen.G,oe:team:3f0da22a1e50a49e14e7e54bd90206f,Team Dynamics,oe:player:9daf04bfd9c8815cc827414f59f45af,Rascal,top,Rumble,oe:player:6fbf57b984dbf130701e09ea4110bb8,Vayne,top:Rumble,lineup-5ec338a3ffe4ddde,1,2247.00000000,37.45000000,5,3,6,3.66666667,14879.00000000,14927.00000000,280,398.58477971,0.20457858,0.24111974,26,0.69425901,0.50000000,845.00000000,981.00000000,-7.00000000,2,out_of_time,406.06980296,436.73898553,147.02284369,-0.05091061,2019-12-28
pg-6f2b503711463b95,ESPORTSTMNT03/1240954,2019-12-29T07:43:01,2019-12-29,2020,Unknown,0,9.24,Red,oe:team:3f0da22a1e50a49e14e7e54bd90206f,Team Dynamics,oe:team:50f58982d91a36557ec8aec52ab014f,Gen.G,oe:player:18bdb3898e7fecb3bb0be7ff075d509,Deokdam,bot,Irelia,oe:player:eada4723af6f51cf2391d85b5fde49b,Miss Fortune,bot:Irelia,lineup-f17d1637344c9435,0,2247.00000000,37.45000000,1,4,6,1.75000000,13308.00000000,4364.00000000,318,116.52870494,0.21639024,0.08266561,27,0.72096128,0.53846154,-1676.00000000,-1899.00000000,-30.00000000,2,out_of_time,391.81420983,459.18845794,212.97149170,-1.29259321,2019-12-28
pg-b6fb58af389395df,ESPORTSTMNT03/1240954,2019-12-29T07:43:01,2019-12-29,2020,Unknown,0,9.24,Red,oe:team:3f0da22a1e50a49e14e7e54bd90206f,Team Dynamics,oe:team:50f58982d91a36557ec8aec52ab014f,Gen.G,oe:player:7f37edf33ba2e672b6995a7e4907283,Jin0,jng,Rek'Sai,oe:player:d3abb04a273ed8615be5f54a391818e,Lee Sin,jng:Rek'Sai,lineup-f17d1637344c9435,0,2247.00000000,37.45000000,3,5,3,1.20000000,10223.00000000,6335.00000000,168,169.15887850,0.16622764,0.12000152,103,2.75033378,0.46153846,874.00000000,179.00000000,6.00000000,2,out_of_time,257.13879277,253.23441446,101.75287658,-0.86464302,2019-12-28
pg-fc5c963d310fd5bb,ESPORTSTMNT03/1240954,2019-12-29T07:43:01,2019-12-29,2020,Unknown,0,9.24,Red,oe:team:3f0da22a1e50a49e14e7e54bd90206f,Team Dynamics,oe:team:50f58982d91a36557ec8aec52ab014f,Gen.G,oe:player:c12513153fca703d809f0eafa5fccbe,Kuzan,mid,Lissandra,oe:player:30361653a485a9609fb2d3aa073282c,Mordekaiser,mid:Lissandra,lineup-f17d1637344c9435,0,2247.00000000,37.45000000,6,6,4,1.66666667,15384.00000000,22681.00000000,354,605.63417891,0.25014634,0.42963763,39,1.04138852,0.76923077,-1790.00000000,-958.00000000,-4.00000000,2,out_of_time,403.71054678,431.08751273,162.69250309,1.24113667,2019-12-28
pg-a05075a57f7f5c9f,ESPORTSTMNT03/1240954,2019-12-29T07:43:01,2019-12-29,2020,Unknown,0,9.24,Red,oe:team:3f0da22a1e50a49e14e7e54bd90206f,Team Dynamics,oe:team:50f58982d91a36557ec8aec52ab014f,Gen.G,oe:player:b1e10c40bba8608f1acfd3acdea43c2,GuGer,sup,Senna,oe:player:dea5251e486aed942e1bc06e1d5c116,Nautilus,sup:Senna,lineup-f17d1637344c9435,0,2247.00000000,37.45000000,2,4,9,2.75000000,8705.00000000,5992.00000000,45,160.00000000,0.14154472,0.11350420,107,2.85714286,0.84615385,347.00000000,1088.00000000,-2.00000000,2,out_of_time,206.36636348,146.76113192,70.09277689,-0.66149988,2019-12-28
pg-75444bb03b817fd6,ESPORTSTMNT03/1240954,2019-12-29T07:43:01,2019-12-29,2020,Unknown,0,9.24,Red,oe:team:3f0da22a1e50a49e14e7e54bd90206f,Team Dynamics,oe:team:50f58982d91a36557ec8aec52ab014f,Gen.G,oe:player:6fbf57b984dbf130701e09ea4110bb8,Rich,top,Vayne,oe:player:9daf04bfd9c8815cc827414f59f45af,Rumble,top:Vayne,lineup-f17d1637344c9435,0,2247.00000000,37.45000000,1,3,4,1.66666667,13880.00000000,13419.00000000,303,358.31775701,0.22569106,0.25419106,35,0.93457944,0.38461538,-845.00000000,-981.00000000,7.00000000,2,out_of_time,388.09843738,436.73898553,147.02284369,-0.20255818,2019-12-28
pg-7bcc21fdb1ec6df0,ESPORTSTMNT03/1240960,2019-12-29T08:54:28,2019-12-29,2020,Unknown,0,9.24,Blue,oe:team:50f58982d91a36557ec8aec52ab014f,Gen.G,oe:team:3f0da22a1e50a49e14e7e54bd90206f,Team Dynamics,oe:player:eada4723af6f51cf2391d85b5fde49b,Ruler,bot,Senna,oe:player:18bdb3898e7fecb3bb0be7ff075d509,Miss Fortune,bot:Senna,lineup-f845ffd1ce56a3da,1,1478.00000000,24.63333333,9,1,9,18.00000000,12226.00000000,18059.00000000,187,733.11231394,0.24375947,0.28473000,37,1.50202977,0.66666667,2373.00000000,1108.00000000,24.00000000,2,out_of_time,398.05699618,459.18845794,212.97149170,1.57324023,2019-12-28
pg-65f51127bd7e022a,ESPORTSTMNT03/1240960,2019-12-29T08:54:28,2019-12-29,2020,Unknown,0,9.24,Blue,oe:team:50f58982d91a36557ec8aec52ab014f,Gen.G,oe:team:3f0da22a1e50a49e14e7e54bd90206f,Team Dynamics,oe:player:d3abb04a273ed8615be5f54a391818e,Clid,jng,Rek'Sai,oe:player:7f37edf33ba2e672b6995a7e4907283,Olaf,jng:Rek'Sai,lineup-f845ffd1ce56a3da,1,1478.00000000,24.63333333,8,1,11,19.00000000,11166.00000000,13111.00000000,154,532.24627876,0.22262541,0.20671659,42,1.70500677,0.70370370,1989.00000000,955.00000000,-4.00000000,2,out_of_time,263.21289301,253.23441446,101.75287658,2.64398801,2019-12-28
pg-e308db575433c9fb,ESPORTSTMNT03/1240960,2019-12-29T08:54:28,2019-12-29,2020,Unknown,0,9.24,Blue,oe:team:50f58982d91a36557ec8aec52ab014f,Gen.G,oe:team:3f0da22a1e50a49e14e7e54bd90206f,Team Dynamics,oe:player:30361653a485a9609fb2d3aa073282c,Bdd,mid,Taliyah,oe:player:c12513153fca703d809f0eafa5fccbe,Cassiopeia,mid:Taliyah,lineup-f845ffd1ce56a3da,1,1478.00000000,24.63333333,7,1,9,16.00000000,11539.00000000,13556.00000000,215,550.31123139,0.23006221,0.21373276,30,1.21786198,0.59259259,1414.00000000,1372.00000000,22.00000000,2,out_of_time,431.85604389,431.08751273,162.69250309,0.72809248,2019-12-28
pg-2df0d7d6ad13bb10,ESPORTSTMNT03/1240960,2019-12-29T08:54:28,2019-12-29,2020,Unknown,0,9.24,Blue,oe:team:50f58982d91a36557ec8aec52ab014f,Gen.G,oe:team:3f0da22a1e50a49e14e7e54bd90206f,Team Dynamics,oe:player:b0ec3df39d61f953e7af0afd8eb8c4a,Kellin,sup,Tahm Kench,oe:player:b1e10c40bba8608f1acfd3acdea43c2,Pyke,sup:Tahm Kench,lineup-f845ffd1ce56a3da,1,1478.00000000,24.63333333,1,2,16,8.50000000,6434.00000000,4696.00000000,28,190.63599459,0.12827977,0.07404020,54,2.19215156,0.62962963,460.00000000,508.00000000,-1.00000000,2,out_of_time,193.22460201,146.76113192,70.09277689,-0.03693116,2019-12-28
pg-f1ff9a032ec13763,ESPORTSTMNT03/1240960,2019-12-29T08:54:28,2019-12-29,2020,Unknown,0,9.24,Blue,oe:team:50f58982d91a36557ec8aec52ab014f,Gen.G,oe:team:3f0da22a1e50a49e14e7e54bd90206f,Team Dynamics,oe:player:9daf04bfd9c8815cc827414f59f45af,Rascal,top,Rumble,oe:player:6fbf57b984dbf130701e09ea4110bb8,Mordekaiser,top:Rumble,lineup-f845ffd1ce56a3da,1,1478.00000000,24.63333333,2,1,6,8.00000000,8791.00000000,14003.00000000,186,568.45737483,0.17527315,0.22078045,17,0.69012179,0.29629630,-222.00000000,176.00000000,7.00000000,2,out_of_time,408.92218593,436.73898553,147.02284369,1.08510477,2019-12-28
pg-8391cdb3061ad424,ESPORTSTMNT03/1240960,2019-12-29T08:54:28,2019-12-29,2020,Unknown,0,9.24,Red,oe:team:3f0da22a1e50a49e14e7e54bd90206f,Team Dynamics,oe:team:50f58982d91a36557ec8aec52ab014f,Gen.G,oe:player:18bdb3898e7fecb3bb0be7ff075d509,Deokdam,bot,Miss Fortune,oe:player:eada4723af6f51cf2391d85b5fde49b,Senna,bot:Miss Fortune,lineup-f17d1637344c9435,0,1478.00000000,24.63333333,0,6,5,0.83333333,7982.00000000,4813.00000000,179,195.38565629,0.20730314,0.15767920,17,0.69012179,0.83333333,-2373.00000000,-1108.00000000,-24.00000000,2,out_of_time,424.77892593,459.18845794,212.97149170,-1.07710787,2019-12-28
pg-a9dd513d5d74d4c7,ESPORTSTMNT03/1240960,2019-12-29T08:54:28,2019-12-29,2020,Unknown,0,9.24,Red,oe:team:3f0da22a1e50a49e14e7e54bd90206f,Team Dynamics,oe:team:50f58982d91a36557ec8aec52ab014f,Gen.G,oe:player:7f37edf33ba2e672b6995a7e4907283,Jin0,jng,Olaf,oe:player:d3abb04a273ed8615be5f54a391818e,Rek'Sai,jng:Olaf,lineup-f17d1637344c9435,0,1478.00000000,24.63333333,0,6,1,0.16666667,6315.00000000,7057.00000000,120,286.48173207,0.16400893,0.23119513,24,0.97428958,0.16666667,-1989.00000000,-955.00000000,4.00000000,2,out_of_time,253.25930408,253.23441446,101.75287658,0.32650112,2019-12-28
pg-80bcfa1752cf5bf1,ESPORTSTMNT03/1240960,2019-12-29T08:54:28,2019-12-29,2020,Unknown,0,9.24,Red,oe:team:3f0da22a1e50a49e14e7e54bd90206f,Team Dynamics,oe:team:50f58982d91a36557ec8aec52ab014f,Gen.G,oe:player:c12513153fca703d809f0eafa5fccbe,Kuzan,mid,Cassiopeia,oe:player:30361653a485a9609fb2d3aa073282c,Taliyah,mid:Cassiopeia,lineup-f17d1637344c9435,0,1478.00000000,24.63333333,1,3,0,0.33333333,8359.00000000,3079.00000000,200,124.99323410,0.21709433,0.10087145,31,1.25845737,0.16666667,-1414.00000000,-1372.00000000,-22.00000000,2,out_of_time,389.69135393,431.08751273,162.69250309,-1.62698413,2019-12-28
pg-66a56fd3e9438880,ESPORTSTMNT03/1240960,2019-12-29T08:54:28,2019-12-29,2020,Unknown,0,9.24,Red,oe:team:3f0da22a1e50a49e14e7e54bd90206f,Team Dynamics,oe:team:50f58982d91a36557ec8aec52ab014f,Gen.G,oe:player:b1e10c40bba8608f1acfd3acdea43c2,GuGer,sup,Pyke,oe:player:b0ec3df39d61f953e7af0afd8eb8c4a,Tahm Kench,sup:Pyke,lineup-f17d1637344c9435,0,1478.00000000,24.63333333,0,6,1,0.16666667,4958.00000000,2923.00000000,38,118.66035183,0.12876584,0.09576071,46,1.86738836,0.16666667,-460.00000000,-508.00000000,1.00000000,2,out_of_time,197.72129316,146.76113192,70.09277689,-1.12794706,2019-12-28
pg-cf8dfdefdcb94d9c,ESPORTSTMNT03/1240960,2019-12-29T08:54:28,2019-12-29,2020,Unknown,0,9.24,Red,oe:team:3f0da22a1e50a49e14e7e54bd90206f,Team Dynamics,oe:team:50f58982d91a36557ec8aec52ab014f,Gen.G,oe:player:6fbf57b984dbf130701e09ea4110bb8,Rich,top,Mordekaiser,oe:player:9daf04bfd9c8815cc827414f59f45af,Rumble,top:Mordekaiser,lineup-f17d1637344c9435,0,1478.00000000,24.63333333,5,6,0,0.83333333,10890.00000000,12652.00000000,206,513.61299053,0.28282776,0.41449351,22,0.89309878,0.83333333,222.00000000,-176.00000000,-7.00000000,2,out_of_time,407.82576558,436.73898553,147.02284369,0.71952917,2019-12-28
pg-6c8278f6676cb787,ESPORTSTMNT03/1240981,2019-12-29T10:41:08,2019-12-29,2020,Unknown,0,9.24,Blue,oe:team:0ce92abf77546dafee13c1c3f37c25e,Spear Gaming,oe:team:101f8589e58c724c1dcd5a9c1555277,DRX,oe:player:030a726de315d9ad86989bf360809e9,Prince,bot,Kai'Sa,oe:player:c588a2d07b69ca4ba61c96aebd3f793,Varus,bot:Kai'Sa,lineup-07790ee10e422c8e,0,2098.00000000,34.96666667,4,4,5,2.25000000,15000.00000000,15830.00000000,310,452.71687321,0.24923154,0.26344694,49,1.40133460,0.60000000,-11.00000000,754.00000000,1.00000000,2,out_of_time,378.14956014,459.18845794,212.97149170,0.35012814,2019-12-28
pg-3db4fa8ccaa145d4,ESPORTSTMNT03/1240981,2019-12-29T10:41:08,2019-12-29,2020,Unknown,0,9.24,Blue,oe:team:0ce92abf77546dafee13c1c3f37c25e,Spear Gaming,oe:team:101f8589e58c724c1dcd5a9c1555277,DRX,oe:player:cc00384e754d3b4db840275587813eb,Yohan,jng,Rek'Sai,oe:player:a2357eb17578485c2ba736db36cbc42,Lee Sin,jng:Rek'Sai,lineup-07790ee10e422c8e,0,2098.00000000,34.96666667,7,2,5,6.00000000,12088.00000000,9226.00000000,184,263.85128694,0.20084739,0.15354147,55,1.57292660,0.80000000,-308.00000000,-420.00000000,-4.00000000,2,out_of_time,230.27080864,253.23441446,101.75287658,0.33001994,2019-12-28
pg-f84c3e7c33b12b42,ESPORTSTMNT03/1240981,2019-12-29T10:41:08,2019-12-29,2020,Unknown,0,9.24,Blue,oe:team:0ce92abf77546dafee13c1c3f37c25e,Spear Gaming,oe:team:101f8589e58c724c1dcd5a9c1555277,DRX,oe:player:ba2664f94e92e7e9e06fe8582b1f4ec,Chasy,mid,Syndra,oe:player:fb6e61b8acb05df17b7e5ad4ae7c800,Ornn,mid:Syndra,lineup-07790ee10e422c8e,0,2098.00000000,34.96666667,3,3,8,3.66666667,13246.00000000,14943.00000000,300,427.34985701,0.22008806,0.24868526,39,1.11534795,0.73333333,108.00000000,-79.00000000,-5.00000000,2,out_of_time,383.91752991,431.08751273,162.69250309,0.26695961,2019-12-28
pg-3a6bf27a42fce520,ESPORTSTMNT03/1240981,2019-12-29T10:41:08,2019-12-29,2020,Unknown,0,9.24,Blue,oe:team:0ce92abf77546dafee13c1c3f37c25e,Spear Gaming,oe:team:101f8589e58c724c1dcd5a9c1555277,DRX,oe:player:29e873916dcb14c9feb6b85d253cb87,Asper,sup,Blitzcrank,oe:player:db79ce6ad35451c938fbe2995dabd37,Braum,sup:Blitzcrank,lineup-07790ee10e422c8e,0,2098.00000000,34.96666667,0,5,6,1.20000000,7418.00000000,4193.00000000,30,119.91420400,0.12325330,0.06978099,85,2.43088656,0.40000000,-295.00000000,-252.00000000,-2.00000000,2,out_of_time,176.09395817,146.76113192,70.09277689,-0.80150561,2019-12-28
pg-19b9e1b9d958aca1,ESPORTSTMNT03/1240981,2019-12-29T10:41:08,2019-12-29,2020,Unknown,0,9.24,Blue,oe:team:0ce92abf77546dafee13c1c3f37c25e,Spear Gaming,oe:team:101f8589e58c724c1dcd5a9c1555277,DRX,oe:player:21846207612858fb49a468b43e56dd3,Destroy,top,Mordekaiser,oe:player:a1f3b2bb3f36e5113237f92d76dc4c8,Fiora,top:Mordekaiser,lineup-07790ee10e422c8e,0,2098.00000000,34.96666667,1,3,10,3.66666667,12433.00000000,15896.00000000,262,454.60438513,0.20657971,0.26454533,40,1.14394662,0.73333333,-544.00000000,-357.00000000,-25.00000000,2,out_of_time,391.19140545,436.73898553,147.02284369,0.43131379,2019-12-28
pg-59fc88ed7e1bece3,ESPORTSTMNT03/1240981,2019-12-29T10:41:08,2019-12-29,2020,Unknown,0,9.24,Red,oe:team:101f8589e58c724c1dcd5a9c1555277,DRX,oe:team:0ce92abf77546dafee13c1c3f37c25e,Spear Gaming,oe:player:c588a2d07b69ca4ba61c96aebd3f793,Deft,bot,Varus,oe:player:030a726de315d9ad86989bf360809e9,Kai'Sa,bot:Varus,lineup-650d8d893f293854,1,2098.00000000,34.96666667,5,4,4,2.25000000,16502.00000000,16109.00000000,324,460.69590086,0.24043827,0.27058942,55,1.57292660,0.52941176,11.00000000,-754.00000000,-1.00000000,2,out_of_time,441.38376876,459.18845794,212.97149170,0.09067942,2019-12-28
pg-8da1beb649bacef1,ESPORTSTMNT03/1240981,2019-12-29T10:41:08,2019-12-29,2020,Unknown,0,9.24,Red,oe:team:101f8589e58c724c1dcd5a9c1555277,DRX,oe:team:0ce92abf77546dafee13c1c3f37c25e,Spear Gaming,oe:player:a2357eb17578485c2ba736db36cbc42,Pyosik,jng,Lee Sin,oe:player:cc00384e754d3b4db840275587813eb,Rek'Sai,jng:Lee Sin,lineup-650d8d893f293854,1,2098.00000000,34.96666667,0,4,9,2.25000000,11518.00000000,4866.00000000,205,139.16110582,0.16782014,0.08173618,39,1.11534795,0.52941176,308.00000000,420.00000000,4.00000000,2,out_of_time,295.88489850,253.23441446,101.75287658,-1.54023943,2019-12-28
pg-0314865a093c3d5f,ESPORTSTMNT03/1240981,2019-12-29T10:41:08,2019-12-29,2020,Unknown,0,9.24,Red,oe:team:101f8589e58c724c1dcd5a9c1555277,DRX,oe:team:0ce92abf77546dafee13c1c3f37c25e,Spear Gaming,oe:player:fb6e61b8acb05df17b7e5ad4ae7c800,Chovy,mid,Ornn,oe:player:ba2664f94e92e7e9e06fe8582b1f4ec,Syndra,mid:Ornn,lineup-650d8d893f293854,1,2098.00000000,34.96666667,4,1,10,14.00000000,14525.00000000,15292.00000000,281,437.33079123,0.21163289,0.25686594,41,1.17254528,0.82352941,-108.00000000,79.00000000,5.00000000,2,out_of_time,420.61137902,431.08751273,162.69250309,0.10276695,2019-12-28
pg-d44e8112ceb0f63d,ESPORTSTMNT03/1240981,2019-12-29T10:41:08,2019-12-29,2020,Unknown,0,9.24,Red,oe:team:101f8589e58c724c1dcd5a9c1555277,DRX,oe:team:0ce92abf77546dafee13c1c3f37c25e,Spear Gaming,oe:player:db79ce6ad35451c938fbe2995dabd37,Keria,sup,Braum,oe:player:29e873916dcb14c9feb6b85d253cb87,Blitzcrank,sup:Braum,lineup-650d8d893f293854,1,2098.00000000,34.96666667,2,4,13,3.75000000,9311.00000000,5350.00000000,30,153.00285987,0.13566360,0.08986612,76,2.17349857,0.88235294,295.00000000,252.00000000,2.00000000,2,out_of_time,240.69958712,146.76113192,70.09277689,-1.25115213,2019-12-28
pg-e7ff7a19625bdcaf,ESPORTSTMNT03/1240981,2019-12-29T10:41:08,2019-12-29,2020,Unknown,0,9.24,Red,oe:team:101f8589e58c724c1dcd5a9c1555277,DRX,oe:team:0ce92abf77546dafee13c1c3f37c25e,Spear Gaming,oe:player:a1f3b2bb3f36e5113237f92d76dc4c8,Doran,top,Fiora,oe:player:21846207612858fb49a468b43e56dd3,Mordekaiser,top:Fiora,lineup-650d8d893f293854,1,2098.00000000,34.96666667,6,2,5,5.50000000,16777.00000000,17916.00000000,344,512.37368923,0.24444509,0.30094233,38,1.08674929,0.64705882,544.00000000,357.00000000,25.00000000,2,out_of_time,445.28102659,436.73898553,147.02284369,0.45634176,2019-12-28
pg-3c75262863c0e9dc,ESPORTSTMNT03/1240988,2019-12-29T11:54:38,2019-12-29,2020,Unknown,0,9.24,Blue,oe:team:101f8589e58c724c1dcd5a9c1555277,DRX,oe:team:0ce92abf77546dafee13c1c3f37c25e,Spear Gaming,oe:player:c588a2d07b69ca4ba61c96aebd3f793,Deft,bot,Xayah,oe:player:030a726de315d9ad86989bf360809e9,Varus,bot:Xayah,lineup-650d8d893f293854,1,1619.00000000,26.98333333,4,1,5,9.00000000,12135.00000000,8552.00000000,251,316.93638048,0.22743885,0.17785172,37,1.37121680,0.50000000,624.00000000,151.00000000,22.00000000,2,out_of_time,436.49621117,459.18845794,212.97149170,-0.56138890,2019-12-28
pg-9b9b3e74c849ae08,ESPORTSTMNT03/1240988,2019-12-29T11:54:38,2019-12-29,2020,Unknown,0,9.24,Blue,oe:team:101f8589e58c724c1dcd5a9c1555277,DRX,oe:team:0ce92abf77546dafee13c1c3f37c25e,Spear Gaming,oe:player:a2357eb17578485c2ba736db36cbc42,Pyosik,jng,Rek'Sai,oe:player:cc00384e754d3b4db840275587813eb,Lee Sin,jng:Rek'Sai,lineup-650d8d893f293854,1,1619.00000000,26.98333333,8,1,4,12.00000000,11435.00000000,12610.00000000,184,467.32550957,0.21431918,0.26224394,30,1.11179741,0.66666667,599.00000000,575.00000000,2.00000000,2,out_of_time,292.24340488,253.23441446,101.75287658,1.72066000,2019-12-28
pg-64109c5339de2a4c,ESPORTSTMNT03/1240988,2019-12-29T11:54:38,2019-12-29,2020,Unknown,0,9.24,Blue,oe:team:101f8589e58c724c1dcd5a9c1555277,DRX,oe:team:0ce92abf77546dafee13c1c3f37c25e,Spear Gaming,oe:player:fb6e61b8acb05df17b7e5ad4ae7c800,Chovy,mid,Galio,oe:player:ba2664f94e92e7e9e06fe8582b1f4ec,LeBlanc,mid:Galio,lineup-650d8d893f293854,1,1619.00000000,26.98333333,3,0,7,10.00000000,11644.00000000,9531.00000000,252,353.21803582,0.21823634,0.19821150,32,1.18591723,0.55555556,1224.00000000,1008.00000000,34.00000000,2,out_of_time,427.63563525,431.08751273,162.69250309,-0.45741259,2019-12-28
pg-14087b0a15b26158,ESPORTSTMNT03/1240988,2019-12-29T11:54:38,2019-12-29,2020,Unknown,0,9.24,Blue,oe:team:101f8589e58c724c1dcd5a9c1555277,DRX,oe:team:0ce92abf77546dafee13c1c3f37c25e,Spear Gaming,oe:player:db79ce6ad35451c938fbe2995dabd37,Keria,sup,Nautilus,oe:player:29e873916dcb14c9feb6b85d253cb87,Thresh,sup:Nautilus,lineup-650d8d893f293854,1,1619.00000000,26.98333333,1,2,10,5.50000000,6876.00000000,4232.00000000,36,156.83755405,0.12887265,0.08801081,84,3.11303274,0.61111111,-81.00000000,-183.00000000,1.00000000,2,out_of_time,226.04082325,146.76113192,70.09277689,-0.98730957,2019-12-28
pg-24838ab42ac5caf0,ESPORTSTMNT03/1240988,2019-12-29T11:54:38,2019-12-29,2020,Unknown,0,9.24,Blue,oe:team:101f8589e58c724c1dcd5a9c1555277,DRX,oe:team:0ce92abf77546dafee13c1c3f37c25e,Spear Gaming,oe:player:a1f3b2bb3f36e5113237f92d76dc4c8,Doran,top,Ryze,oe:player:21846207612858fb49a468b43e56dd3,Nocturne,top:Ryze,lineup-650d8d893f293854,1,1619.00000000,26.98333333,2,2,12,7.00000000,11265.00000000,13160.00000000,229,487.70846201,0.21113298,0.27368202,29,1.07473749,0.77777778,304.00000000,795.00000000,18.00000000,2,out_of_time,449.84333672,436.73898553,147.02284369,0.25754586,2019-12-28
pg-fcc5798b1fdc7a24,ESPORTSTMNT03/1240988,2019-12-29T11:54:38,2019-12-29,2020,Unknown,0,9.24,Red,oe:team:0ce92abf77546dafee13c1c3f37c25e,Spear Gaming,oe:team:101f8589e58c724c1dcd5a9c1555277,DRX,oe:player:030a726de315d9ad86989bf360809e9,Prince,bot,Varus,oe:player:c588a2d07b69ca4ba61c96aebd3f793,Xayah,bot:Varus,lineup-07790ee10e422c8e,0,1619.00000000,26.98333333,1,3,2,1.00000000,9991.00000000,11940.00000000,230,442.49536751,0.23803965,0.29879132,26,0.96355775,0.50000000,-624.00000000,-151.00000000,-22.00000000,2,out_of_time,399.03060133,459.18845794,212.97149170,0.20408725,2019-12-28
pg-2408ed8c8169d27b,ESPORTSTMNT03/1240988,2019-12-29T11:54:38,2019-12-29,2020,Unknown,0,9.24,Red,oe:team:0ce92abf77546dafee13c1c3f37c25e,Spear Gaming,oe:team:101f8589e58c724c1dcd5a9c1555277,DRX,oe:player:cc00384e754d3b4db840275587813eb,Yohan,jng,Lee Sin,oe:player:a2357eb17578485c2ba736db36cbc42,Rek'Sai,jng:Lee Sin,lineup-07790ee10e422c8e,0,1619.00000000,26.98333333,2,3,1,1.00000000,8230.00000000,4734.00000000,140,175.44163064,0.19608310,0.11846550,35,1.29709697,0.50000000,-599.00000000,-575.00000000,-2.00000000,2,out_of_time,233.91230226,253.23441446,101.75287658,-0.57463409,2019-12-28
pg-ec6b55c05b899dde,ESPORTSTMNT03/1240988,2019-12-29T11:54:38,2019-12-29,2020,Unknown,0,9.24,Red,oe:team:0ce92abf77546dafee13c1c3f37c25e,Spear Gaming,oe:team:101f8589e58c724c1dcd5a9c1555277,DRX,oe:player:ba2664f94e92e7e9e06fe8582b1f4ec,Chasy,mid,LeBlanc,oe:player:fb6e61b8acb05df17b7e5ad4ae7c800,Galio,mid:LeBlanc,lineup-07790ee10e422c8e,0,1619.00000000,26.98333333,0,3,3,1.00000000,8495.00000000,14036.00000000,189,520.17294626,0.20239684,0.35124246,24,0.88943792,0.50000000,-1224.00000000,-1008.00000000,-34.00000000,2,out_of_time,389.78159567,431.08751273,162.69250309,0.80145888,2019-12-28
pg-7ffefa654819c7b7,ESPORTSTMNT03/1240988,2019-12-29T11:54:38,2019-12-29,2020,Unknown,0,9.24,Red,oe:team:0ce92abf77546dafee13c1c3f37c25e,Spear Gaming,oe:team:101f8589e58c724c1dcd5a9c1555277,DRX,oe:player:29e873916dcb14c9feb6b85d253cb87,Asper,sup,Thresh,oe:player:db79ce6ad35451c938fbe2995dabd37,Nautilus,sup:Thresh,lineup-07790ee10e422c8e,0,1619.00000000,26.98333333,0,4,3,0.75000000,6037.00000000,2931.00000000,36,108.62260655,0.14383398,0.07334651,80,2.96479308,0.50000000,81.00000000,183.00000000,-1.00000000,2,out_of_time,163.03494340,146.76113192,70.09277689,-0.77629022,2019-12-28
pg-0b4db847d7a3f4c5,ESPORTSTMNT03/1240988,2019-12-29T11:54:38,2019-12-29,2020,Unknown,0,9.24,Red,oe:team:0ce92abf77546dafee13c1c3f37c25e,Spear Gaming,oe:team:101f8589e58c724c1dcd5a9c1555277,DRX,oe:player:21846207612858fb49a468b43e56dd3,Destroy,top,Nocturne,oe:player:a1f3b2bb3f36e5113237f92d76dc4c8,Ryze,top:Nocturne,lineup-07790ee10e422c8e,0,1619.00000000,26.98333333,3,5,0,0.60000000,9219.00000000,6320.00000000,195,234.21865349,0.21964643,0.15815420,24,0.88943792,0.50000000,-304.00000000,-795.00000000,-18.00000000,2,out_of_time,379.63237532,436.73898553,147.02284369,-0.98905529,2019-12-28
pg-b2d70fd48a7e6b3f,ESPORTSTMNT03/1241044,2019-12-30T07:50:28,2019-12-30,2020,Unknown,0,9.24,Blue,oe:team:76b516358ee227ba806ba5d955b6314,Griffin,oe:team:c75f1f337fc5867914749d438a4871d,Liiv SANDBOX,oe:player:9573154ad8bc9459b4c0d940315054f,Viper,bot,Senna,oe:player:f064e548adf728629afbc6fee730317,Varus,bot:Senna,lineup-156946dcefef1a57,0,2577.00000000,42.95000000,5,2,5,5.00000000,17919.00000000,31236.00000000,399,727.26426077,0.26432322,0.35281361,65,1.51338766,0.76923077,-62.00000000,451.00000000,0.00000000,2,out_of_time,413.66563071,459.18845794,212.97149170,1.47249112,2019-12-28
pg-9b0e161055f63ee0,ESPORTSTMNT03/1241044,2019-12-30T07:50:28,2019-12-30,2020,Unknown,0,9.24,Blue,oe:team:76b516358ee227ba806ba5d955b6314,Griffin,oe:team:c75f1f337fc5867914749d438a4871d,Liiv SANDBOX,oe:player:62922f2b370657a966de4d84f5586bf,Tarzan,jng,Gragas,oe:player:e35d06a0430095562086a40a2676d8e,Jarvan IV,jng:Gragas,lineup-156946dcefef1a57,0,2577.00000000,42.95000000,0,2,8,4.00000000,11936.00000000,13806.00000000,225,321.44353900,0.17606797,0.15594009,129,3.00349243,0.61538462,-25.00000000,326.00000000,-9.00000000,2,out_of_time,279.47683359,253.23441446,101.75287658,0.41243753,2019-12-28
pg-a5c76f21062d4dd6,ESPORTSTMNT03/1241044,2019-12-30T07:50:28,2019-12-30,2020,Unknown,0,9.24,Blue,oe:team:76b516358ee227ba806ba5d955b6314,Griffin,oe:team:c75f1f337fc5867914749d438a4871d,Liiv SANDBOX,oe:player:a2a0d7ab33e23da9a23c463f697f82c,Naehyun,mid,Qiyana,oe:player:1d22c812efd7b8a4244d93c51acc399,Ryze,mid:Qiyana,lineup-156946dcefef1a57,0,2577.00000000,42.95000000,7,5,3,2.00000000,16269.00000000,17821.00000000,284,414.92433062,0.23998407,0.20128990,123,2.86379511,0.76923077,892.00000000,250.00000000,-1.00000000,2,out_of_time,394.94836873,431.08751273,162.69250309,0.12278354,2019-12-28
pg-8c3e1e2fdae9a252,ESPORTSTMNT03/1241044,2019-12-30T07:50:28,2019-12-30,2020,Unknown,0,9.24,Blue,oe:team:76b516358ee227ba806ba5d955b6314,Griffin,oe:team:c75f1f337fc5867914749d438a4871d,Liiv SANDBOX,oe:player:dd3361ceddb2b1b84803d87950634af,kabbie,sup,Tahm Kench,oe:player:a9fdc6a800e800eb897d38b389f96f0,Nautilus,sup:Tahm Kench,lineup-156946dcefef1a57,0,2577.00000000,42.95000000,0,3,8,2.66666667,8342.00000000,4982.00000000,30,115.99534342,0.12305287,0.05627217,106,2.46798603,0.61538462,70.00000000,-373.00000000,4.00000000,2,out_of_time,182.14387029,146.76113192,70.09277689,-0.94372815,2019-12-28
pg-7a69e007f56527d4,ESPORTSTMNT03/1241044,2019-12-30T07:50:28,2019-12-30,2020,Unknown,0,9.24,Blue,oe:team:76b516358ee227ba806ba5d955b6314,Griffin,oe:team:c75f1f337fc5867914749d438a4871d,Liiv SANDBOX,oe:player:3382b716fc38cebef2ee6adb170a16b,Untara,top,Ornn,oe:player:99ce2ea4de279c28bb0315848da8a48,Vladimir,top:Ornn,lineup-156946dcefef1a57,0,2577.00000000,42.95000000,1,1,4,5.00000000,13326.00000000,20689.00000000,293,481.69965076,0.19657187,0.23368423,58,1.35040745,0.38461538,-312.00000000,-140.00000000,-20.00000000,2,out_of_time,403.46569142,436.73898553,147.02284369,0.53212111,2019-12-28
pg-d3501b88880a2389,ESPORTSTMNT03/1241044,2019-12-30T07:50:28,2019-12-30,2020,Unknown,0,9.24,Red,oe:team:c75f1f337fc5867914749d438a4871d,Liiv SANDBOX,oe:team:76b516358ee227ba806ba5d955b6314,Griffin,oe:player:f064e548adf728629afbc6fee730317,Leo,bot,Varus,oe:player:9573154ad8bc9459b4c0d940315054f,Senna,bot:Varus,lineup-09458ec55ca12072,1,2577.00000000,42.95000000,7,2,5,6.00000000,19410.00000000,24490.00000000,415,570.19790454,0.26243561,0.29800438,74,1.72293364,0.92307692,62.00000000,-451.00000000,0.00000000,2,out_of_time,393.68533344,459.18845794,212.97149170,0.82880845,2019-12-28
pg-3fa2b7ee14a2dba8,ESPORTSTMNT03/1241044,2019-12-30T07:50:28,2019-12-30,2020,Unknown,0,9.24,Red,oe:team:c75f1f337fc5867914749d438a4871d,Liiv SANDBOX,oe:team:76b516358ee227ba806ba5d955b6314,Griffin,oe:player:e35d06a0430095562086a40a2676d8e,OnFleek,jng,Jarvan IV,oe:player:62922f2b370657a966de4d84f5586bf,Gragas,jng:Jarvan IV,lineup-09458ec55ca12072,1,2577.00000000,42.95000000,1,3,11,4.00000000,12063.00000000,6137.00000000,202,142.88707800,0.16309947,0.07467754,60,1.39697322,0.92307692,25.00000000,-326.00000000,9.00000000,2,out_of_time,274.59273908,253.23441446,101.75287658,-1.29436794,2019-12-28
pg-21a0472d51d50ca5,ESPORTSTMNT03/1241044,2019-12-30T07:50:28,2019-12-30,2020,Unknown,0,9.24,Red,oe:team:c75f1f337fc5867914749d438a4871d,Liiv SANDBOX,oe:team:76b516358ee227ba806ba5d955b6314,Griffin,oe:player:1d22c812efd7b8a4244d93c51acc399,Dove,mid,Ryze,oe:player:a2a0d7ab33e23da9a23c463f697f82c,Qiyana,mid:Ryze,lineup-09458ec55ca12072,1,2577.00000000,42.95000000,2,2,7,4.50000000,15368.00000000,12471.00000000,342,290.36088475,0.20778518,0.15175225,45,1.04772992,0.69230769,-892.00000000,-250.00000000,1.00000000,2,out_of_time,405.70137755,431.08751273,162.69250309,-0.70894780,2019-12-28
pg-213618f3f14aa57f,ESPORTSTMNT03/1241044,2019-12-30T07:50:28,2019-12-30,2020,Unknown,0,9.24,Red,oe:team:c75f1f337fc5867914749d438a4871d,Liiv SANDBOX,oe:team:76b516358ee227ba806ba5d955b6314,Griffin,oe:player:a9fdc6a800e800eb897d38b389f96f0,GorillA,sup,Nautilus,oe:player:dd3361ceddb2b1b84803d87950634af,Tahm Kench,sup:Nautilus,lineup-09458ec55ca12072,1,2577.00000000,42.95000000,1,3,9,3.33333333,9618.00000000,6023.00000000,33,140.23282887,0.13004151,0.07329034,103,2.39813737,0.76923077,-70.00000000,373.00000000,-4.00000000,2,out_of_time,204.58931497,146.76113192,70.09277689,-0.91816146,2019-12-28
pg-b1e91f7f3691a1f2,ESPORTSTMNT03/1241044,2019-12-30T07:50:28,2019-12-30,2020,Unknown,0,9.24,Red,oe:team:c75f1f337fc5867914749d438a4871d,Liiv SANDBOX,oe:team:76b516358ee227ba806ba5d955b6314,Griffin,oe:player:99ce2ea4de279c28bb0315848da8a48,Summit,top,Vladimir,oe:player:3382b716fc38cebef2ee6adb170a16b,Ornn,top:Vladimir,lineup-09458ec55ca12072,1,2577.00000000,42.95000000,2,3,9,3.66666667,17502.00000000,33059.00000000,388,769.70896391,0.23663823,0.40227549,42,0.97788126,0.84615385,312.00000000,140.00000000,20.00000000,2,out_of_time,423.94667134,436.73898553,147.02284369,2.35175898,2019-12-28
pg-0fc5ed5428e51db0,ESPORTSTMNT03/1241046,2019-12-30T09:00:05,2019-12-30,2020,Unknown,0,9.24,Blue,oe:team:c75f1f337fc5867914749d438a4871d,Liiv SANDBOX,oe:team:76b516358ee227ba806ba5d955b6314,Griffin,oe:player:f064e548adf728629afbc6fee730317,Leo,bot,Syndra,oe:player:9573154ad8bc9459b4c0d940315054f,Senna,bot:Syndra,lineup-09458ec55ca12072,1,1780.00000000,29.66666667,3,0,0,3.00000000,12700.00000000,4837.00000000,309,163.04494382,0.22417171,0.13743039,44,1.48314607,0.33333333,1003.00000000,1136.00000000,33.00000000,2,out_of_time,359.30349761,459.18845794,212.97149170,-0.92152500,2019-12-28
pg-ca9b65d36af42089,ESPORTSTMNT03/1241046,2019-12-30T09:00:05,2019-12-30,2020,Unknown,0,9.24,Blue,oe:team:c75f1f337fc5867914749d438a4871d,Liiv SANDBOX,oe:team:76b516358ee227ba806ba5d955b6314,Griffin,oe:player:e35d06a0430095562086a40a2676d8e,OnFleek,jng,Xin Zhao,oe:player:62922f2b370657a966de4d84f5586bf,Lee Sin,jng:Xin Zhao,lineup-09458ec55ca12072,1,1780.00000000,29.66666667,0,0,6,6.00000000,10327.00000000,5714.00000000,198,192.60674157,0.18228514,0.16234799,76,2.56179775,0.66666667,548.00000000,245.00000000,3.00000000,2,out_of_time,271.25513418,253.23441446,101.75287658,-0.77293532,2019-12-28
pg-215dc8c17e4d4a1f,ESPORTSTMNT03/1241046,2019-12-30T09:00:05,2019-12-30,2020,Unknown,0,9.24,Blue,oe:team:c75f1f337fc5867914749d438a4871d,Liiv SANDBOX,oe:team:76b516358ee227ba806ba5d955b6314,Griffin,oe:player:1d22c812efd7b8a4244d93c51acc399,Dove,mid,Zoe,oe:player:a2a0d7ab33e23da9a23c463f697f82c,Rumble,mid:Zoe,lineup-09458ec55ca12072,1,1780.00000000,29.66666667,3,0,2,5.00000000,12647.00000000,14342.00000000,271,483.43820225,0.22323619,0.40748949,56,1.88764045,0.55555556,1115.00000000,313.00000000,11.00000000,2,out_of_time,399.89134589,431.08751273,162.69250309,0.51352616,2019-12-28
pg-70a79d91b8bdf9cb,ESPORTSTMNT03/1241046,2019-12-30T09:00:05,2019-12-30,2020,Unknown,0,9.24,Blue,oe:team:c75f1f337fc5867914749d438a4871d,Liiv SANDBOX,oe:team:76b516358ee227ba806ba5d955b6314,Griffin,oe:player:a9fdc6a800e800eb897d38b389f96f0,GorillA,sup,Nautilus,oe:player:dd3361ceddb2b1b84803d87950634af,Tahm Kench,sup:Nautilus,lineup-09458ec55ca12072,1,1780.00000000,29.66666667,0,0,1,1.00000000,6808.00000000,902.00000000,28,30.40449438,0.12017016,0.02562791,78,2.62921348,0.11111111,183.00000000,452.00000000,-10.00000000,2,out_of_time,195.17639061,146.76113192,70.09277689,-2.35076856,2019-12-28
pg-6505369fb127bba8,ESPORTSTMNT03/1241046,2019-12-30T09:00:05,2019-12-30,2020,Unknown,0,9.24,Blue,oe:team:c75f1f337fc5867914749d438a4871d,Liiv SANDBOX,oe:team:76b516358ee227ba806ba5d955b6314,Griffin,oe:player:99ce2ea4de279c28bb0315848da8a48,Summit,top,Aatrox,oe:player:3382b716fc38cebef2ee6adb170a16b,Fiora,top:Aatrox,lineup-09458ec55ca12072,1,1780.00000000,29.66666667,3,0,3,6.00000000,14171.00000000,9401.00000000,323,316.88764045,0.25013680,0.26710422,34,1.14606742,0.66666667,2096.00000000,1202.00000000,50.00000000,2,out_of_time,380.26598263,436.73898553,147.02284369,-0.43107820,2019-12-28
pg-f72556ff462dcdbf,ESPORTSTMNT03/1241046,2019-12-30T09:00:05,2019-12-30,2020,Unknown,0,9.24,Red,oe:team:76b516358ee227ba806ba5d955b6314,Griffin,oe:team:c75f1f337fc5867914749d438a4871d,Liiv SANDBOX,oe:player:9573154ad8bc9459b4c0d940315054f,Viper,bot,Senna,oe:player:f064e548adf728629afbc6fee730317,Syndra,bot:Senna,lineup-156946dcefef1a57,0,1780.00000000,29.66666667,0,0,0,0.00000000,9739.00000000,4877.00000000,244,164.39325843,0.22503350,0.23771690,26,0.87640449,,-1003.00000000,-1136.00000000,-33.00000000,2,out_of_time,401.89592353,459.18845794,212.97149170,-1.11518524,2019-12-28
pg-4ef9fbcf7d6e9300,ESPORTSTMNT03/1241046,2019-12-30T09:00:05,2019-12-30,2020,Unknown,0,9.24,Red,oe:team:76b516358ee227ba806ba5d955b6314,Griffin,oe:team:c75f1f337fc5867914749d438a4871d,Liiv SANDBOX,oe:player:62922f2b370657a966de4d84f5586bf,Tarzan,jng,Lee Sin,oe:player:e35d06a0430095562086a40a2676d8e,Xin Zhao,jng:Lee Sin,lineup-156946dcefef1a57,0,1780.00000000,29.66666667,0,3,0,0.00000000,7845.00000000,3041.00000000,156,102.50561798,0.18126993,0.14822578,46,1.55056180,,-548.00000000,-245.00000000,-3.00000000,2,out_of_time,282.54861731,253.23441446,101.75287658,-1.76941434,2019-12-28
pg-6bb3e705766389e7,ESPORTSTMNT03/1241046,2019-12-30T09:00:05,2019-12-30,2020,Unknown,0,9.24,Red,oe:team:76b516358ee227ba806ba5d955b6314,Griffin,oe:team:c75f1f337fc5867914749d438a4871d,Liiv SANDBOX,oe:player:a2a0d7ab33e23da9a23c463f697f82c,Naehyun,mid,Rumble,oe:player:1d22c812efd7b8a4244d93c51acc399,Zoe,mid:Rumble,lineup-156946dcefef1a57,0,1780.00000000,29.66666667,0,1,0,0.00000000,9955.00000000,4780.00000000,272,161.12359551,0.23002449,0.23298889,25,0.84269663,,-1115.00000000,-313.00000000,-11.00000000,2,out_of_time,418.58158509,431.08751273,162.69250309,-1.58248220,2019-12-28
pg-540aa078779442b5,ESPORTSTMNT03/1241046,2019-12-30T09:00:05,2019-12-30,2020,Unknown,0,9.24,Red,oe:team:76b516358ee227ba806ba5d955b6314,Griffin,oe:team:c75f1f337fc5867914749d438a4871d,Liiv SANDBOX,oe:player:dd3361ceddb2b1b84803d87950634af,kabbie,sup,Tahm Kench,oe:player:a9fdc6a800e800eb897d38b389f96f0,Nautilus,sup:Tahm Kench,lineup-156946dcefef1a57,0,1780.00000000,29.66666667,0,2,0,0.00000000,5823.00000000,1070.00000000,55,36.06741573,0.13454873,0.05215442,85,2.86516854,,-183.00000000,-452.00000000,10.00000000,2,out_of_time,191.55679465,146.76113192,70.09277689,-2.21833669,2019-12-28
pg-e81749073db39f8c,ESPORTSTMNT03/1241046,2019-12-30T09:00:05,2019-12-30,2020,Unknown,0,9.24,Red,oe:team:76b516358ee227ba806ba5d955b6314,Griffin,oe:team:c75f1f337fc5867914749d438a4871d,Liiv SANDBOX,oe:player:3382b716fc38cebef2ee6adb170a16b,Untara,top,Fiora,oe:player:99ce2ea4de279c28bb0315848da8a48,Aatrox,top:Fiora,lineup-156946dcefef1a57,0,1780.00000000,29.66666667,0,3,0,0.00000000,9916.00000000,6748.00000000,232,227.46067416,0.22912334,0.32891402,32,1.07865169,,-2096.00000000,-1202.00000000,-50.00000000,2,out_of_time,422.87966039,436.73898553,147.02284369,-1.32917431,2019-12-28
pg-138e7768b74a2860,ESPORTSTMNT03/1241098,2019-12-30T14:43:36,2019-12-30,2020,Unknown,0,9.24,Blue,oe:team:0b65555ba9e97910fc1e7264a99fa24,Kwangdong Freecs,oe:team:3a1d18f46bcb3716ebcfcf4ef068934,Hanwha Life Esports,oe:player:7b28158d613ea1869441676fa32a3b5,Mystic,bot,Jhin,oe:player:1d18fe2cdd43a72d46421ecfe81b599,Varus,bot:Jhin,lineup-78fe9e15be4e263c,1,2014.00000000,33.56666667,4,1,12,16.00000000,14237.00000000,16110.00000000,293,479.94041708,0.22298271,0.24129771,48,1.42999007,0.69565217,727.00000000,38.00000000,11.00000000,2,out_of_time,416.21542058,459.18845794,212.97149170,0.29921844,2019-12-28
pg-cc8f3a384af9084d,ESPORTSTMNT03/1241098,2019-12-30T14:43:36,2019-12-30,2020,Unknown,0,9.24,Blue,oe:team:0b65555ba9e97910fc1e7264a99fa24,Kwangdong Freecs,oe:team:3a1d18f46bcb3716ebcfcf4ef068934,Hanwha Life Esports,oe:player:ae4cccea87290717523772f7472e7f5,Spirit,jng,Qiyana,oe:player:2736a0eb19c2525920f8ff4af5086c0,Lee Sin,jng:Qiyana,lineup-78fe9e15be4e263c,1,2014.00000000,33.56666667,6,2,6,6.00000000,12573.00000000,10595.00000000,203,315.64051639,0.19692081,0.15869331,114,3.39622642,0.52173913,572.00000000,111.00000000,-3.00000000,2,out_of_time,274.97813640,253.23441446,101.75287658,0.39961897,2019-12-28
pg-6db9bcc0f3ee24b7,ESPORTSTMNT03/1241098,2019-12-30T14:43:36,2019-12-30,2020,Unknown,0,9.24,Blue,oe:team:0b65555ba9e97910fc1e7264a99fa24,Kwangdong Freecs,oe:team:3a1d18f46bcb3716ebcfcf4ef068934,Hanwha Life Esports,oe:player:6c1fa8d6ae91f559b9d317477dad3ea,Fly,mid,Syndra,oe:player:2861898294dd867b05fd28dca284e57,Nautilus,mid:Syndra,lineup-78fe9e15be4e263c,1,2014.00000000,33.56666667,2,1,7,9.00000000,12524.00000000,14303.00000000,258,426.10724926,0.19615336,0.21423222,53,1.57894737,0.39130435,368.00000000,63.00000000,4.00000000,2,out_of_time,408.49735853,431.08751273,162.69250309,0.10824033,2019-12-28
pg-33382f6fdf930163,ESPORTSTMNT03/1241098,2019-12-30T14:43:36,2019-12-30,2020,Unknown,0,9.24,Blue,oe:team:0b65555ba9e97910fc1e7264a99fa24,Kwangdong Freecs,oe:team:3a1d18f46bcb3716ebcfcf4ef068934,Hanwha Life Esports,oe:player:1e48e6a94caf09f3d8275ffba847eea,Jelly,sup,Tahm Kench,oe:player:e4e24b8656e4e6a74b939af730b0148,Senna,sup:Tahm Kench,lineup-78fe9e15be4e263c,1,2014.00000000,33.56666667,1,1,9,10.00000000,8126.00000000,4085.00000000,26,121.69811321,0.12727102,0.06118567,82,2.44289970,0.43478261,678.00000000,929.00000000,15.00000000,2,out_of_time,172.86432815,146.76113192,70.09277689,-0.72997843,2019-12-28
pg-a07ef76944a43edd,ESPORTSTMNT03/1241098,2019-12-30T14:43:36,2019-12-30,2020,Unknown,0,9.24,Blue,oe:team:0b65555ba9e97910fc1e7264a99fa24,Kwangdong Freecs,oe:team:3a1d18f46bcb3716ebcfcf4ef068934,Hanwha Life Esports,oe:player:03daae1844b9ad257324c3eedf41e28,Kiin,top,Lucian,oe:player:d3a36b831bf6dfc749f79a1d3a71fad,Ryze,top:Lucian,lineup-78fe9e15be4e263c,1,2014.00000000,33.56666667,10,1,5,15.00000000,16388.00000000,21671.00000000,319,645.61072493,0.25667210,0.32459110,34,1.01290963,0.65217391,349.00000000,-335.00000000,-2.00000000,2,out_of_time,407.83306964,436.73898553,147.02284369,1.61728375,2019-12-28
pg-1a99c74e573869f5,ESPORTSTMNT03/1241098,2019-12-30T14:43:36,2019-12-30,2020,Unknown,0,9.24,Red,oe:team:3a1d18f46bcb3716ebcfcf4ef068934,Hanwha Life Esports,oe:team:0b65555ba9e97910fc1e7264a99fa24,Kwangdong Freecs,oe:player:1d18fe2cdd43a72d46421ecfe81b599,Lava,bot,Varus,oe:player:7b28158d613ea1869441676fa32a3b5,Jhin,bot:Varus,lineup-3dea0401516d3f85,0,2014.00000000,33.56666667,1,3,4,1.66666667,12550.00000000,20676.00000000,295,615.96822244,0.24408270,0.38451954,34,1.01290963,0.83333333,-727.00000000,-38.00000000,-11.00000000,2,out_of_time,413.66153106,459.18845794,212.97149170,0.94992381,2019-12-28
pg-d264d2a0d9bb5a60,ESPORTSTMNT03/1241098,2019-12-30T14:43:36,2019-12-30,2020,Unknown,0,9.24,Red,oe:team:3a1d18f46bcb3716ebcfcf4ef068934,Hanwha Life Esports,oe:team:0b65555ba9e97910fc1e7264a99fa24,Kwangdong Freecs,oe:player:2736a0eb19c2525920f8ff4af5086c0,Haru,jng,Lee Sin,oe:player:ae4cccea87290717523772f7472e7f5,Qiyana,jng:Lee Sin,lineup-3dea0401516d3f85,0,2014.00000000,33.56666667,1,4,4,1.25000000,9447.00000000,2938.00000000,162,87.52730884,0.18373301,0.05463912,44,1.31082423,0.83333333,-572.00000000,-111.00000000,3.00000000,2,out_of_time,279.23173216,253.23441446,101.75287658,-1.88401969,2019-12-28
pg-e8039b77c1cef78b,ESPORTSTMNT03/1241098,2019-12-30T14:43:36,2019-12-30,2020,Unknown,0,9.24,Red,oe:team:3a1d18f46bcb3716ebcfcf4ef068934,Hanwha Life Esports,oe:team:0b65555ba9e97910fc1e7264a99fa24,Kwangdong Freecs,oe:player:2861898294dd867b05fd28dca284e57,Tempt,mid,Nautilus,oe:player:6c1fa8d6ae91f559b9d317477dad3ea,Syndra,mid:Nautilus,lineup-3dea0401516d3f85,0,2014.00000000,33.56666667,2,6,2,0.66666667,9528.00000000,8385.00000000,207,249.80139027,0.18530836,0.15593907,31,0.92353525,0.66666667,-368.00000000,-63.00000000,-4.00000000,2,out_of_time,377.64040171,431.08751273,162.69250309,-0.78577076,2019-12-28
pg-e6aaf64e9ca9eac8,ESPORTSTMNT03/1241098,2019-12-30T14:43:36,2019-12-30,2020,Unknown,0,9.24,Red,oe:team:3a1d18f46bcb3716ebcfcf4ef068934,Hanwha Life Esports,oe:team:0b65555ba9e97910fc1e7264a99fa24,Kwangdong Freecs,oe:player:e4e24b8656e4e6a74b939af730b0148,Lehends,sup,Senna,oe:player:1e48e6a94caf09f3d8275ffba847eea,Tahm Kench,sup:Senna,lineup-3dea0401516d3f85,0,2014.00000000,33.56666667,0,7,4,0.57142857,6801.00000000,7512.00000000,33,223.79344588,0.13227143,0.13970356,72,2.14498510,0.66666667,-678.00000000,-929.00000000,-15.00000000,2,out_of_time,201.96200845,146.76113192,70.09277689,0.31146487,2019-12-28
pg-c58a952eff52a01e,ESPORTSTMNT03/1241098,2019-12-30T14:43:36,2019-12-30,2020,Unknown,0,9.24,Red,oe:team:3a1d18f46bcb3716ebcfcf4ef068934,Hanwha Life Esports,oe:team:0b65555ba9e97910fc1e7264a99fa24,Kwangdong Freecs,oe:player:d3a36b831bf6dfc749f79a1d3a71fad,CuVee,top,Ryze,oe:player:03daae1844b9ad257324c3eedf41e28,Lucian,top:Ryze,lineup-3dea0401516d3f85,0,2014.00000000,33.56666667,2,3,2,1.33333333,13091.00000000,14260.00000000,285,424.82621648,0.25460451,0.26519871,33,0.98311817,0.66666667,-349.00000000,335.00000000,2.00000000,2,out_of_time,410.46049724,436.73898553,147.02284369,0.09771080,2019-12-28
pg-726afc93728e7024,ESPORTSTMNT03/1241103,2019-12-30T15:45:30,2019-12-30,2020,Unknown,0,9.24,Blue,oe:team:3a1d18f46bcb3716ebcfcf4ef068934,Hanwha Life Esports,oe:team:0b65555ba9e97910fc1e7264a99fa24,Kwangdong Freecs,oe:player:1d18fe2cdd43a72d46421ecfe81b599,Lava,bot,Miss Fortune,oe:player:7b28158d613ea1869441676fa32a3b5,Varus,bot:Miss Fortune,lineup-3dea0401516d3f85,1,1832.00000000,30.53333333,10,2,8,9.00000000,16737.00000000,19330.00000000,294,633.07860262,0.26778772,0.30006675,48,1.57205240,0.75000000,1740.00000000,221.00000000,4.00000000,2,out_of_time,459.78754077,459.18845794,212.97149170,0.81368196,2019-12-28
pg-ca7df6ac404777eb,ESPORTSTMNT03/1241103,2019-12-30T15:45:30,2019-12-30,2020,Unknown,0,9.24,Blue,oe:team:3a1d18f46bcb3716ebcfcf4ef068934,Hanwha Life Esports,oe:team:0b65555ba9e97910fc1e7264a99fa24,Kwangdong Freecs,oe:player:2736a0eb19c2525920f8ff4af5086c0,Haru,jng,Qiyana,oe:player:5fac949d3a1a7631ddaef68ea4cbe1e,Elise,jng:Qiyana,lineup-3dea0401516d3f85,1,1832.00000000,30.53333333,3,0,8,11.00000000,11334.00000000,7090.00000000,178,232.20524017,0.18134110,0.11006070,74,2.42358079,0.45833333,769.00000000,1354.00000000,14.00000000,2,out_of_time,266.25708587,253.23441446,101.75287658,-0.33465241,2019-12-28
pg-5e51753b6a54aa9f,ESPORTSTMNT03/1241103,2019-12-30T15:45:30,2019-12-30,2020,Unknown,0,9.24,Blue,oe:team:3a1d18f46bcb3716ebcfcf4ef068934,Hanwha Life Esports,oe:team:0b65555ba9e97910fc1e7264a99fa24,Kwangdong Freecs,oe:player:2861898294dd867b05fd28dca284e57,Tempt,mid,Rumble,oe:player:6c1fa8d6ae91f559b9d317477dad3ea,Zoe,mid:Rumble,lineup-3dea0401516d3f85,1,1832.00000000,30.53333333,6,1,11,17.00000000,12888.00000000,19488.00000000,216,638.25327511,0.20620470,0.30251944,30,0.98253275,0.70833333,94.00000000,-205.00000000,-28.00000000,2,out_of_time,400.56393940,431.08751273,162.69250309,1.46097289,2019-12-28
pg-41a0107a6b5c073a,ESPORTSTMNT03/1241103,2019-12-30T15:45:30,2019-12-30,2020,Unknown,0,9.24,Blue,oe:team:3a1d18f46bcb3716ebcfcf4ef068934,Hanwha Life Esports,oe:team:0b65555ba9e97910fc1e7264a99fa24,Kwangdong Freecs,oe:player:e4e24b8656e4e6a74b939af730b0148,Lehends,sup,Rakan,oe:player:1e48e6a94caf09f3d8275ffba847eea,Braum,sup:Rakan,lineup-3dea0401516d3f85,1,1832.00000000,30.53333333,0,1,15,15.00000000,8188.00000000,3669.00000000,21,120.16375546,0.13100590,0.05695525,74,2.42358079,0.62500000,685.00000000,864.00000000,-7.00000000,2,out_of_time,198.00664904,146.76113192,70.09277689,-1.11056941,2019-12-28
pg-a291baac73ca6dc4,ESPORTSTMNT03/1241103,2019-12-30T15:45:30,2019-12-30,2020,Unknown,0,9.24,Blue,oe:team:3a1d18f46bcb3716ebcfcf4ef068934,Hanwha Life Esports,oe:team:0b65555ba9e97910fc1e7264a99fa24,Kwangdong Freecs,oe:player:d3a36b831bf6dfc749f79a1d3a71fad,CuVee,top,Aatrox,oe:player:03daae1844b9ad257324c3eedf41e28,Hecarim,top:Aatrox,lineup-3dea0401516d3f85,1,1832.00000000,30.53333333,5,2,11,8.00000000,13354.00000000,14842.00000000,254,486.09170306,0.21366058,0.23039786,39,1.27729258,0.66666667,767.00000000,916.00000000,10.00000000,2,out_of_time,365.70292194,436.73898553,147.02284369,0.81884405,2019-12-28
pg-37b715394e85e678,ESPORTSTMNT03/1241103,2019-12-30T15:45:30,2019-12-30,2020,Unknown,0,9.24,Red,oe:team:0b65555ba9e97910fc1e7264a99fa24,Kwangdong Freecs,oe:team:3a1d18f46bcb3716ebcfcf4ef068934,Hanwha Life Esports,oe:player:7b28158d613ea1869441676fa32a3b5,Mystic,bot,Varus,oe:player:1d18fe2cdd43a72d46421ecfe81b599,Miss Fortune,bot:Varus,lineup-2012be2fc14d4b69,0,1832.00000000,30.53333333,1,6,3,0.66666667,11143.00000000,9388.00000000,287,307.46724891,0.23879733,0.20752923,40,1.31004367,0.66666667,-1740.00000000,-221.00000000,-4.00000000,2,out_of_time,425.43263232,459.18845794,212.97149170,-0.55390223,2019-12-28
pg-2d0a7cc22111de90,ESPORTSTMNT03/1241103,2019-12-30T15:45:30,2019-12-30,2020,Unknown,0,9.24,Red,oe:team:0b65555ba9e97910fc1e7264a99fa24,Kwangdong Freecs,oe:team:3a1d18f46bcb3716ebcfcf4ef068934,Hanwha Life Esports,oe:player:5fac949d3a1a7631ddaef68ea4cbe1e,Dread,jng,Elise,oe:player:2736a0eb19c2525920f8ff4af5086c0,Qiyana,jng:Elise,lineup-2012be2fc14d4b69,0,1832.00000000,30.53333333,1,5,3,0.80000000,8653.00000000,5950.00000000,148,194.86899563,0.18543600,0.13152950,42,1.37554585,0.66666667,-769.00000000,-1354.00000000,-14.00000000,2,out_of_time,318.07333001,253.23441446,101.75287658,-1.21081918,2019-12-28
pg-7c73d62ead6134cb,ESPORTSTMNT03/1241103,2019-12-30T15:45:30,2019-12-30,2020,Unknown,0,9.24,Red,oe:team:0b65555ba9e97910fc1e7264a99fa24,Kwangdong Freecs,oe:team:3a1d18f46bcb3716ebcfcf4ef068934,Hanwha Life Esports,oe:player:6c1fa8d6ae91f559b9d317477dad3ea,Fly,mid,Zoe,oe:player:2861898294dd867b05fd28dca284e57,Rumble,mid:Zoe,lineup-2012be2fc14d4b69,0,1832.00000000,30.53333333,1,4,2,0.75000000,10180.00000000,15197.00000000,246,497.71834061,0.21816000,0.33594182,21,0.68777293,0.50000000,-94.00000000,205.00000000,28.00000000,2,out_of_time,415.57185697,431.08751273,162.69250309,0.50491868,2019-12-28
pg-ff92111ccff6fe62,ESPORTSTMNT03/1241103,2019-12-30T15:45:30,2019-12-30,2020,Unknown,0,9.24,Red,oe:team:0b65555ba9e97910fc1e7264a99fa24,Kwangdong Freecs,oe:team:3a1d18f46bcb3716ebcfcf4ef068934,Hanwha Life Esports,oe:player:1e48e6a94caf09f3d8275ffba847eea,Jelly,sup,Braum,oe:player:e4e24b8656e4e6a74b939af730b0148,Rakan,sup:Braum,lineup-2012be2fc14d4b69,0,1832.00000000,30.53333333,0,4,4,1.00000000,6079.00000000,2482.00000000,29,81.28820961,0.13027452,0.05486659,78,2.55458515,0.66666667,-685.00000000,-864.00000000,7.00000000,2,out_of_time,218.38949965,146.76113192,70.09277689,-1.95599741,2019-12-28
pg-c3fd0559e9885b06,ESPORTSTMNT03/1241103,2019-12-30T15:45:30,2019-12-30,2020,Unknown,0,9.24,Red,oe:team:0b65555ba9e97910fc1e7264a99fa24,Kwangdong Freecs,oe:team:3a1d18f46bcb3716ebcfcf4ef068934,Hanwha Life Esports,oe:player:03daae1844b9ad257324c3eedf41e28,Kiin,top,Hecarim,oe:player:d3a36b831bf6dfc749f79a1d3a71fad,Aatrox,top:Hecarim,lineup-2012be2fc14d4b69,0,1832.00000000,30.53333333,3,5,0,0.60000000,10608.00000000,12220.00000000,219,400.21834061,0.22733215,0.27013286,31,1.01528384,0.50000000,-767.00000000,-916.00000000,-10.00000000,2,out_of_time,435.62615931,436.73898553,147.02284369,-0.24083209,2019-12-28
pg-b48c64810a68257b,ESPORTSTMNT03/1241106,2019-12-30T16:37:39,2019-12-30,2020,Unknown,0,9.24,Blue,oe:team:3a1d18f46bcb3716ebcfcf4ef068934,Hanwha Life Esports,oe:team:0b65555ba9e97910fc1e7264a99fa24,Kwangdong Freecs,oe:player:1d18fe2cdd43a72d46421ecfe81b599,Lava,bot,Heimerdinger,oe:player:7b28158d613ea1869441676fa32a3b5,Xayah,bot:Heimerdinger,lineup-3dea0401516d3f85,0,2023.00000000,33.71666667,0,1,0,0.00000000,11998.00000000,21918.00000000,313,650.06426100,0.22803816,0.39443565,28,0.83044983,0.00000000,225.00000000,-1275.00000000,1.00000000,2,out_of_time,424.36261417,459.18845794,212.97149170,1.05977399,2019-12-28
pg-20726004ce2db2ba,ESPORTSTMNT03/1241106,2019-12-30T16:37:39,2019-12-30,2020,Unknown,0,9.24,Blue,oe:team:3a1d18f46bcb3716ebcfcf4ef068934,Hanwha Life Esports,oe:team:0b65555ba9e97910fc1e7264a99fa24,Kwangdong Freecs,oe:player:2736a0eb19c2525920f8ff4af5086c0,Haru,jng,Elise,oe:player:ae4cccea87290717523772f7472e7f5,Qiyana,jng:Elise,lineup-3dea0401516d3f85,0,2023.00000000,33.71666667,0,3,3,1.00000000,10639.00000000,7379.00000000,194,218.85318833,0.20220854,0.13279225,47,1.39396935,0.75000000,-47.00000000,219.00000000,-4.00000000,2,out_of_time,293.78809760,253.23441446,101.75287658,-0.73644020,2019-12-28
pg-31dc9143b3c6362b,ESPORTSTMNT03/1241106,2019-12-30T16:37:39,2019-12-30,2020,Unknown,0,9.24,Blue,oe:team:3a1d18f46bcb3716ebcfcf4ef068934,Hanwha Life Esports,oe:team:0b65555ba9e97910fc1e7264a99fa24,Kwangdong Freecs,oe:player:2861898294dd867b05fd28dca284e57,Tempt,mid,Pantheon,oe:player:6c1fa8d6ae91f559b9d317477dad3ea,Orianna,mid:Pantheon,lineup-3dea0401516d3f85,0,2023.00000000,33.71666667,2,6,1,0.50000000,10853.00000000,10644.00000000,245,315.68956995,0.20627590,0.19154909,31,0.91942659,0.75000000,-1.00000000,-581.00000000,-32.00000000,2,out_of_time,385.94649853,431.08751273,162.69250309,-0.43183876,2019-12-28
pg-d028cbfc9470b8da,ESPORTSTMNT03/1241106,2019-12-30T16:37:39,2019-12-30,2020,Unknown,0,9.24,Blue,oe:team:3a1d18f46bcb3716ebcfcf4ef068934,Hanwha Life Esports,oe:team:0b65555ba9e97910fc1e7264a99fa24,Kwangdong Freecs,oe:player:e4e24b8656e4e6a74b939af730b0148,Lehends,sup,Yuumi,oe:player:092f2ba9f39fbc2876e64d12cd662f7,Rakan,sup:Yuumi,lineup-3dea0401516d3f85,0,2023.00000000,33.71666667,0,1,1,1.00000000,6790.00000000,7162.00000000,16,212.41720217,0.12905310,0.12888713,59,1.74987642,0.25000000,426.00000000,1367.00000000,-17.00000000,2,out_of_time,226.77132619,146.76113192,70.09277689,-0.20478749,2019-12-28
pg-0d164c7216ba6038,ESPORTSTMNT03/1241106,2019-12-30T16:37:39,2019-12-30,2020,Unknown,0,9.24,Blue,oe:team:3a1d18f46bcb3716ebcfcf4ef068934,Hanwha Life Esports,oe:team:0b65555ba9e97910fc1e7264a99fa24,Kwangdong Freecs,oe:player:d3a36b831bf6dfc749f79a1d3a71fad,CuVee,top,Aatrox,oe:player:03daae1844b9ad257324c3eedf41e28,Ornn,top:Aatrox,lineup-3dea0401516d3f85,0,2023.00000000,33.71666667,2,4,1,0.75000000,12334.00000000,8465.00000000,265,251.06277805,0.23442430,0.15233588,45,1.33465151,0.75000000,972.00000000,-33.00000000,11.00000000,2,out_of_time,362.73795430,436.73898553,147.02284369,-0.75957704,2019-12-28
pg-0c45932bcabfbbc4,ESPORTSTMNT03/1241106,2019-12-30T16:37:39,2019-12-30,2020,Unknown,0,9.24,Red,oe:team:0b65555ba9e97910fc1e7264a99fa24,Kwangdong Freecs,oe:team:3a1d18f46bcb3716ebcfcf4ef068934,Hanwha Life Esports,oe:player:7b28158d613ea1869441676fa32a3b5,Mystic,bot,Xayah,oe:player:1d18fe2cdd43a72d46421ecfe81b599,Heimerdinger,bot:Xayah,lineup-efe08204ea57df67,1,2023.00000000,33.71666667,2,2,4,3.00000000,14972.00000000,10345.00000000,337,306.82155215,0.23714263,0.18520508,62,1.83885319,0.40000000,-225.00000000,1275.00000000,-1.00000000,2,out_of_time,415.48390345,459.18845794,212.97149170,-0.51022017,2019-12-28
pg-861c769a590633ef,ESPORTSTMNT03/1241106,2019-12-30T16:37:39,2019-12-30,2020,Unknown,0,9.24,Red,oe:team:0b65555ba9e97910fc1e7264a99fa24,Kwangdong Freecs,oe:team:3a1d18f46bcb3716ebcfcf4ef068934,Hanwha Life Esports,oe:player:ae4cccea87290717523772f7472e7f5,Spirit,jng,Qiyana,oe:player:2736a0eb19c2525920f8ff4af5086c0,Elise,jng:Qiyana,lineup-efe08204ea57df67,1,2023.00000000,33.71666667,5,1,7,12.00000000,13003.00000000,12861.00000000,219,381.44340089,0.20595549,0.23024867,102,3.02521008,0.80000000,47.00000000,-219.00000000,4.00000000,2,out_of_time,290.54231828,253.23441446,101.75287658,0.89335148,2019-12-28
pg-246730b6627f8fa5,ESPORTSTMNT03/1241106,2019-12-30T16:37:39,2019-12-30,2020,Unknown,0,9.24,Red,oe:team:0b65555ba9e97910fc1e7264a99fa24,Kwangdong Freecs,oe:team:3a1d18f46bcb3716ebcfcf4ef068934,Hanwha Life Esports,oe:player:6c1fa8d6ae91f559b9d317477dad3ea,Fly,mid,Orianna,oe:player:2861898294dd867b05fd28dca284e57,Pantheon,mid:Orianna,lineup-efe08204ea57df67,1,2023.00000000,33.71666667,7,1,5,12.00000000,14844.00000000,17142.00000000,267,508.41324765,0.23511523,0.30689081,32,0.94908552,0.80000000,1.00000000,581.00000000,32.00000000,2,out_of_time,424.21633976,431.08751273,162.69250309,0.51752174,2019-12-28
pg-84df910671935a25,ESPORTSTMNT03/1241106,2019-12-30T16:37:39,2019-12-30,2020,Unknown,0,9.24,Red,oe:team:0b65555ba9e97910fc1e7264a99fa24,Kwangdong Freecs,oe:team:3a1d18f46bcb3716ebcfcf4ef068934,Hanwha Life Esports,oe:player:092f2ba9f39fbc2876e64d12cd662f7,Ben,sup,Rakan,oe:player:e4e24b8656e4e6a74b939af730b0148,Yuumi,sup:Rakan,lineup-efe08204ea57df67,1,2023.00000000,33.71666667,1,0,10,11.00000000,8453.00000000,3647.00000000,29,108.16608997,0.13388770,0.06529173,89,2.63964409,0.73333333,-426.00000000,-1367.00000000,17.00000000,2,out_of_time,224.86827511,146.76113192,70.09277689,-1.66496735,2019-12-28
pg-e343c6d730eb8378,ESPORTSTMNT03/1241106,2019-12-30T16:37:39,2019-12-30,2020,Unknown,0,9.24,Red,oe:team:0b65555ba9e97910fc1e7264a99fa24,Kwangdong Freecs,oe:team:3a1d18f46bcb3716ebcfcf4ef068934,Hanwha Life Esports,oe:player:03daae1844b9ad257324c3eedf41e28,Kiin,top,Ornn,oe:player:d3a36b831bf6dfc749f79a1d3a71fad,Aatrox,top:Ornn,lineup-efe08204ea57df67,1,2023.00000000,33.71666667,0,0,9,9.00000000,11863.00000000,11862.00000000,252,351.81413742,0.18789895,0.21236371,29,0.86010875,0.60000000,-972.00000000,33.00000000,-11.00000000,2,out_of_time,434.78095345,436.73898553,147.02284369,-0.56431242,2019-12-28
pg-43bdf70e98561300,ESPORTSTMNT03/1241159,2019-12-31T07:48:28,2019-12-31,2020,Unknown,0,9.24,Blue,oe:team:50f58982d91a36557ec8aec52ab014f,Gen.G,oe:team:ce499dea30cfce118f4fe85da0227e8,T1,oe:player:eada4723af6f51cf2391d85b5fde49b,Ruler,bot,Senna,oe:player:2b5fa564a1259b97bc238fbfa719b07,Xayah,bot:Senna,lineup-5ec338a3ffe4ddde,0,2149.00000000,35.81666667,2,1,8,10.00000000,14804.00000000,22589.00000000,344,630.68403909,0.25457860,0.36476819,55,1.53559795,0.90909091,-57.00000000,-269.00000000,-9.00000000,3,out_of_time,477.99217552,454.21772276,208.59941839,0.73198605,2019-12-30
pg-553857f0d8db7dee,ESPORTSTMNT03/1241159,2019-12-31T07:48:28,2019-12-31,2020,Unknown,0,9.24,Blue,oe:team:50f58982d91a36557ec8aec52ab014f,Gen.G,oe:team:ce499dea30cfce118f4fe85da0227e8,T1,oe:player:d3abb04a273ed8615be5f54a391818e,Clid,jng,Rek'Sai,oe:player:f9fe6d28d5b67bf9ac673b2cc8edf15,Elise,jng:Rek'Sai,lineup-5ec338a3ffe4ddde,0,2149.00000000,35.81666667,4,4,6,2.50000000,11793.00000000,7974.00000000,179,222.63378315,0.20279961,0.12876451,71,1.98231736,0.90909091,1082.00000000,654.00000000,18.00000000,3,out_of_time,319.01939285,250.33950110,107.23038691,-0.89886470,2019-12-30
pg-c884fae60f90072e,ESPORTSTMNT03/1241159,2019-12-31T07:48:28,2019-12-31,2020,Unknown,0,9.24,Blue,oe:team:50f58982d91a36557ec8aec52ab014f,Gen.G,oe:team:ce499dea30cfce118f4fe85da0227e8,T1,oe:player:30361653a485a9609fb2d3aa073282c,Bdd,mid,Nautilus,oe:player:e1edfc5cea461399a63cb813cf795cc,Cassiopeia,mid:Nautilus,lineup-5ec338a3ffe4ddde,0,2149.00000000,35.81666667,0,5,6,1.20000000,10723.00000000,6853.00000000,233,191.33550489,0.18439924,0.11066255,47,1.31223825,0.54545455,-1497.00000000,-1347.00000000,-29.00000000,3,out_of_time,461.37849086,425.42197123,156.00491640,-1.73099023,2019-12-30
pg-22ec08b6ca40674a,ESPORTSTMNT03/1241159,2019-12-31T07:48:28,2019-12-31,2020,Unknown,0,9.24,Blue,oe:team:50f58982d91a36557ec8aec52ab014f,Gen.G,oe:team:ce499dea30cfce118f4fe85da0227e8,T1,oe:player:dea5251e486aed942e1bc06e1d5c116,Life,sup,Tahm Kench,oe:player:035b9ae578574cdf728d8760483d804,Rakan,sup:Tahm Kench,lineup-5ec338a3ffe4ddde,0,2149.00000000,35.81666667,0,3,9,3.00000000,7634.00000000,3420.00000000,35,95.48627268,0.13127891,0.05522631,70,1.95439739,0.81818182,-297.00000000,332.00000000,-5.00000000,3,out_of_time,210.48016131,140.80983925,65.73443017,-1.74937074,2019-12-30
pg-7865bf82a23b2398,ESPORTSTMNT03/1241159,2019-12-31T07:48:28,2019-12-31,2020,Unknown,0,9.24,Blue,oe:team:50f58982d91a36557ec8aec52ab014f,Gen.G,oe:team:ce499dea30cfce118f4fe85da0227e8,T1,oe:player:9daf04bfd9c8815cc827414f59f45af,Rascal,top,Rumble,oe:player:7577c239c73fa5f3011cd7b5503e75e,Aatrox,top:Rumble,lineup-5ec338a3ffe4ddde,0,2149.00000000,35.81666667,5,4,4,2.25000000,13197.00000000,21091.00000000,249,588.85993485,0.22694365,0.34057842,41,1.14471847,0.81818182,407.00000000,-722.00000000,-5.00000000,3,out_of_time,458.48083382,437.09313363,144.30523450,0.90349530,2019-12-30
pg-93df986b035828e8,ESPORTSTMNT03/1241159,2019-12-31T07:48:28,2019-12-31,2020,Unknown,0,9.24,Red,oe:team:ce499dea30cfce118f4fe85da0227e8,T1,oe:team:50f58982d91a36557ec8aec52ab014f,Gen.G,oe:player:2b5fa564a1259b97bc238fbfa719b07,Teddy,bot,Xayah,oe:player:eada4723af6f51cf2391d85b5fde49b,Senna,bot:Xayah,lineup-1e9be0b5b8b62844,1,2149.00000000,35.81666667,7,1,5,12.00000000,19179.00000000,27067.00000000,434,755.70963239,0.28308487,0.41079071,37,1.03303862,0.70588235,57.00000000,269.00000000,9.00000000,3,out_of_time,307.95734890,454.21772276,208.59941839,2.14646947,2019-12-30
pg-af99a38ff164ceb7,ESPORTSTMNT03/1241159,2019-12-31T07:48:28,2019-12-31,2020,Unknown,0,9.24,Red,oe:team:ce499dea30cfce118f4fe85da0227e8,T1,oe:team:50f58982d91a36557ec8aec52ab014f,Gen.G,oe:player:f9fe6d28d5b67bf9ac673b2cc8edf15,Cuzz,jng,Elise,oe:player:d3abb04a273ed8615be5f54a391818e,Rek'Sai,jng:Elise,lineup-1e9be0b5b8b62844,1,2149.00000000,35.81666667,5,1,6,11.00000000,11640.00000000,10891.00000000,149,304.07631456,0.17180812,0.16529064,101,2.81991624,0.64705882,-1082.00000000,-654.00000000,-18.00000000,3,out_of_time,224.40928734,250.33950110,107.23038691,0.74295197,2019-12-30
pg-719fefc137ee294f,ESPORTSTMNT03/1241159,2019-12-31T07:48:28,2019-12-31,2020,Unknown,0,9.24,Red,oe:team:ce499dea30cfce118f4fe85da0227e8,T1,oe:team:50f58982d91a36557ec8aec52ab014f,Gen.G,oe:player:e1edfc5cea461399a63cb813cf795cc,Faker,mid,Cassiopeia,oe:player:30361653a485a9609fb2d3aa073282c,Nautilus,mid:Cassiopeia,lineup-1e9be0b5b8b62844,1,2149.00000000,35.81666667,4,2,8,6.00000000,15046.00000000,14925.00000000,314,416.70544439,0.22208118,0.22651389,39,1.08887855,0.70588235,1497.00000000,1347.00000000,29.00000000,3,out_of_time,322.66085522,425.42197123,156.00491640,0.60283093,2019-12-30
pg-fedd7422b2674895,ESPORTSTMNT03/1241159,2019-12-31T07:48:28,2019-12-31,2020,Unknown,0,9.24,Red,oe:team:ce499dea30cfce118f4fe85da0227e8,T1,oe:team:50f58982d91a36557ec8aec52ab014f,Gen.G,oe:player:035b9ae578574cdf728d8760483d804,Effort,sup,Rakan,oe:player:dea5251e486aed942e1bc06e1d5c116,Tahm Kench,sup:Rakan,lineup-1e9be0b5b8b62844,1,2149.00000000,35.81666667,0,4,11,2.75000000,8948.00000000,2640.00000000,39,73.70870172,0.13207380,0.04006678,108,3.01535598,0.64705882,297.00000000,-332.00000000,5.00000000,3,out_of_time,137.32077971,140.80983925,65.73443017,-0.96771323,2019-12-30
pg-62d4de800f1b7c2a,ESPORTSTMNT03/1241159,2019-12-31T07:48:28,2019-12-31,2020,Unknown,0,9.24,Red,oe:team:ce499dea30cfce118f4fe85da0227e8,T1,oe:team:50f58982d91a36557ec8aec52ab014f,Gen.G,oe:player:7577c239c73fa5f3011cd7b5503e75e,Canna,top,Aatrox,oe:player:9daf04bfd9c8815cc827414f59f45af,Rumble,top:Aatrox,lineup-1e9be0b5b8b62844,1,2149.00000000,35.81666667,1,3,7,2.66666667,12937.00000000,10367.00000000,271,289.44625407,0.19095203,0.15733799,42,1.17263844,0.47058824,-407.00000000,722.00000000,5.00000000,3,out_of_time,340.78391989,437.09313363,144.30523450,-0.35575747,2019-12-30
pg-71cd4e7573bb659b,ESPORTSTMNT03/1241170,2019-12-31T08:53:42,2019-12-31,2020,Unknown,0,9.24,Blue,oe:team:50f58982d91a36557ec8aec52ab014f,Gen.G,oe:team:ce499dea30cfce118f4fe85da0227e8,T1,oe:player:eada4723af6f51cf2391d85b5fde49b,Ruler,bot,Senna,oe:player:2b5fa564a1259b97bc238fbfa719b07,Varus,bot:Senna,lineup-f845ffd1ce56a3da,1,2062.00000000,34.36666667,7,0,10,17.00000000,16533.00000000,27574.00000000,325,802.34723569,0.25087631,0.43551877,73,2.12415131,0.94444444,312.00000000,548.00000000,-9.00000000,3,out_of_time,482.99045511,454.21772276,208.59941839,1.53095720,2019-12-30
pg-19ab464010e9801c,ESPORTSTMNT03/1241170,2019-12-31T08:53:42,2019-12-31,2020,Unknown,0,9.24,Blue,oe:team:50f58982d91a36557ec8aec52ab014f,Gen.G,oe:team:ce499dea30cfce118f4fe85da0227e8,T1,oe:player:d3abb04a273ed8615be5f54a391818e,Clid,jng,Rek'Sai,oe:player:f9fe6d28d5b67bf9ac673b2cc8edf15,Elise,jng:Rek'Sai,lineup-f845ffd1ce56a3da,1,2062.00000000,34.36666667,5,1,8,13.00000000,12357.00000000,9566.00000000,200,278.35111542,0.18750854,0.15109061,56,1.62948594,0.72222222,420.00000000,-401.00000000,-21.00000000,3,out_of_time,319.01939285,250.33950110,107.23038691,-0.37926075,2019-12-30
pg-9744297b80b0f93f,ESPORTSTMNT03/1241170,2019-12-31T08:53:42,2019-12-31,2020,Unknown,0,9.24,Blue,oe:team:50f58982d91a36557ec8aec52ab014f,Gen.G,oe:team:ce499dea30cfce118f4fe85da0227e8,T1,oe:player:30361653a485a9609fb2d3aa073282c,Bdd,mid,Ryze,oe:player:e1edfc5cea461399a63cb813cf795cc,Rumble,mid:Ryze,lineup-f845ffd1ce56a3da,1,2062.00000000,34.36666667,4,1,10,14.00000000,16073.00000000,12934.00000000,349,376.35305529,0.24389615,0.20428664,35,1.01842871,0.77777778,905.00000000,331.00000000,6.00000000,3,out_of_time,441.02928600,425.42197123,156.00491640,-0.41457816,2019-12-30
pg-935294f746d5b808,ESPORTSTMNT03/1241170,2019-12-31T08:53:42,2019-12-31,2020,Unknown,0,9.24,Blue,oe:team:50f58982d91a36557ec8aec52ab014f,Gen.G,oe:team:ce499dea30cfce118f4fe85da0227e8,T1,oe:player:b0ec3df39d61f953e7af0afd8eb8c4a,Kellin,sup,Tahm Kench,oe:player:035b9ae578574cdf728d8760483d804,Braum,sup:Tahm Kench,lineup-f845ffd1ce56a3da,1,2062.00000000,34.36666667,0,1,15,15.00000000,8125.00000000,3237.00000000,42,94.19010669,0.12329100,0.05112694,61,1.77497575,0.83333333,33.00000000,214.00000000,-1.00000000,3,out_of_time,201.62349419,140.80983925,65.73443017,-1.63435489,2019-12-30
pg-c2744ee792e98190,ESPORTSTMNT03/1241170,2019-12-31T08:53:42,2019-12-31,2020,Unknown,0,9.24,Blue,oe:team:50f58982d91a36557ec8aec52ab014f,Gen.G,oe:team:ce499dea30cfce118f4fe85da0227e8,T1,oe:player:9daf04bfd9c8815cc827414f59f45af,Rascal,top,Mordekaiser,oe:player:7577c239c73fa5f3011cd7b5503e75e,Camille,top:Mordekaiser,lineup-f845ffd1ce56a3da,1,2062.00000000,34.36666667,2,4,6,2.00000000,12813.00000000,10002.00000000,269,291.03782735,0.19442801,0.15797703,30,0.87293889,0.44444444,-10.00000000,218.00000000,0.00000000,3,out_of_time,465.79505259,437.09313363,144.30523450,-1.21102485,2019-12-30
pg-fa13d1e93343d860,ESPORTSTMNT03/1241170,2019-12-31T08:53:42,2019-12-31,2020,Unknown,0,9.24,Red,oe:team:ce499dea30cfce118f4fe85da0227e8,T1,oe:team:50f58982d91a36557ec8aec52ab014f,Gen.G,oe:player:2b5fa564a1259b97bc238fbfa719b07,Teddy,bot,Varus,oe:player:eada4723af6f51cf2391d85b5fde49b,Senna,bot:Varus,lineup-1e9be0b5b8b62844,0,2062.00000000,34.36666667,4,4,0,1.00000000,15620.00000000,18648.00000000,412,542.61881668,0.27424197,0.36952343,43,1.25121242,0.57142857,-312.00000000,-548.00000000,9.00000000,3,out_of_time,347.38857818,454.21772276,208.59941839,0.93590979,2019-12-30
pg-c91b804890e331a3,ESPORTSTMNT03/1241170,2019-12-31T08:53:42,2019-12-31,2020,Unknown,0,9.24,Red,oe:team:ce499dea30cfce118f4fe85da0227e8,T1,oe:team:50f58982d91a36557ec8aec52ab014f,Gen.G,oe:player:f9fe6d28d5b67bf9ac673b2cc8edf15,Cuzz,jng,Elise,oe:player:d3abb04a273ed8615be5f54a391818e,Rek'Sai,jng:Elise,lineup-1e9be0b5b8b62844,0,2062.00000000,34.36666667,3,3,3,2.00000000,10460.00000000,9197.00000000,183,267.61396702,0.18364731,0.18224512,104,3.02618817,0.85714286,-420.00000000,401.00000000,21.00000000,3,out_of_time,224.40928734,250.33950110,107.23038691,0.40291452,2019-12-30
pg-04fda945e4446579,ESPORTSTMNT03/1241170,2019-12-31T08:53:42,2019-12-31,2020,Unknown,0,9.24,Red,oe:team:ce499dea30cfce118f4fe85da0227e8,T1,oe:team:50f58982d91a36557ec8aec52ab014f,Gen.G,oe:player:e1edfc5cea461399a63cb813cf795cc,Faker,mid,Rumble,oe:player:30361653a485a9609fb2d3aa073282c,Ryze,mid:Rumble,lineup-1e9be0b5b8b62844,0,2062.00000000,34.36666667,0,4,4,1.00000000,11415.00000000,10546.00000000,279,306.86711930,0.20041435,0.20897652,30,0.87293889,0.57142857,-905.00000000,-331.00000000,-6.00000000,3,out_of_time,366.13377837,425.42197123,156.00491640,-0.37990251,2019-12-30
pg-9b866f4463812e9b,ESPORTSTMNT03/1241170,2019-12-31T08:53:42,2019-12-31,2020,Unknown,0,9.24,Red,oe:team:ce499dea30cfce118f4fe85da0227e8,T1,oe:team:50f58982d91a36557ec8aec52ab014f,Gen.G,oe:player:035b9ae578574cdf728d8760483d804,Effort,sup,Braum,oe:player:b0ec3df39d61f953e7af0afd8eb8c4a,Tahm Kench,sup:Braum,lineup-1e9be0b5b8b62844,0,2062.00000000,34.36666667,0,4,6,1.50000000,6879.00000000,3658.00000000,32,106.44034918,0.12077532,0.07248588,89,2.58971872,0.85714286,-33.00000000,-214.00000000,1.00000000,3,out_of_time,126.58184970,140.80983925,65.73443017,-0.30640717,2019-12-30
pg-66eace6b59e4c8b6,ESPORTSTMNT03/1241170,2019-12-31T08:53:42,2019-12-31,2020,Unknown,0,9.24,Red,oe:team:ce499dea30cfce118f4fe85da0227e8,T1,oe:team:50f58982d91a36557ec8aec52ab014f,Gen.G,oe:player:7577c239c73fa5f3011cd7b5503e75e,Canna,top,Camille,oe:player:9daf04bfd9c8815cc827414f59f45af,Mordekaiser,top:Camille,lineup-1e9be0b5b8b62844,0,2062.00000000,34.36666667,0,3,4,1.33333333,12583.00000000,8416.00000000,310,244.88845781,0.22092105,0.16676905,26,0.75654704,0.57142857,10.00000000,-218.00000000,0.00000000,3,out_of_time,392.24969276,437.09313363,144.30523450,-1.02117734,2019-12-30
pg-a0853b64bd33d57b,ESPORTSTMNT03/1241176,2019-12-31T09:49:08,2019-12-31,2020,Unknown,0,9.24,Blue,oe:team:50f58982d91a36557ec8aec52ab014f,Gen.G,oe:team:ce499dea30cfce118f4fe85da0227e8,T1,oe:player:eada4723af6f51cf2391d85b5fde49b,Ruler,bot,Varus,oe:player:2b5fa564a1259b97bc238fbfa719b07,Kai'Sa,bot:Varus,lineup-f845ffd1ce56a3da,0,2837.00000000,47.28333333,3,2,3,3.00000000,22064.00000000,35149.00000000,541,743.36975679,0.28904551,0.37706237,97,2.05146281,0.60000000,1080.00000000,272.00000000,38.00000000,3,out_of_time,455.54218552,454.21772276,208.59941839,1.37981004,2019-12-30
pg-81cb11ebba4afb5e,ESPORTSTMNT03/1241176,2019-12-31T09:49:08,2019-12-31,2020,Unknown,0,9.24,Blue,oe:team:50f58982d91a36557ec8aec52ab014f,Gen.G,oe:team:ce499dea30cfce118f4fe85da0227e8,T1,oe:player:d3abb04a273ed8615be5f54a391818e,Clid,jng,Rek'Sai,oe:player:f9fe6d28d5b67bf9ac673b2cc8edf15,Gragas,jng:Rek'Sai,lineup-f845ffd1ce56a3da,0,2837.00000000,47.28333333,1,4,5,1.50000000,12489.00000000,10649.00000000,212,225.21677829,0.16360992,0.11423759,75,1.58618259,0.60000000,-32.00000000,-80.00000000,-1.00000000,3,out_of_time,314.01878768,250.33950110,107.23038691,-0.82814221,2019-12-30
pg-86732ad3b26cd942,ESPORTSTMNT03/1241176,2019-12-31T09:49:08,2019-12-31,2020,Unknown,0,9.24,Blue,oe:team:50f58982d91a36557ec8aec52ab014f,Gen.G,oe:team:ce499dea30cfce118f4fe85da0227e8,T1,oe:player:30361653a485a9609fb2d3aa073282c,Bdd,mid,LeBlanc,oe:player:e1edfc5cea461399a63cb813cf795cc,Lissandra,mid:LeBlanc,lineup-f845ffd1ce56a3da,0,2837.00000000,47.28333333,3,2,6,4.50000000,14507.00000000,19074.00000000,287,403.39795559,0.19004638,0.20461713,57,1.20549877,0.90000000,-10.00000000,156.00000000,0.00000000,3,out_of_time,459.11911166,425.42197123,156.00491640,-0.35717564,2019-12-30
pg-72b7512e7987c76a,ESPORTSTMNT03/1241176,2019-12-31T09:49:08,2019-12-31,2020,Unknown,0,9.24,Blue,oe:team:50f58982d91a36557ec8aec52ab014f,Gen.G,oe:team:ce499dea30cfce118f4fe85da0227e8,T1,oe:player:b0ec3df39d61f953e7af0afd8eb8c4a,Kellin,sup,Tahm Kench,oe:player:035b9ae578574cdf728d8760483d804,Blitzcrank,sup:Tahm Kench,lineup-f845ffd1ce56a3da,0,2837.00000000,47.28333333,1,6,4,0.83333333,9536.00000000,4034.00000000,37,85.31547409,0.12492467,0.04327490,103,2.17835742,0.50000000,-236.00000000,743.00000000,-3.00000000,3,out_of_time,211.23200136,140.80983925,65.73443017,-1.91553387,2019-12-30
pg-6e1103ae3aa481e1,ESPORTSTMNT03/1241176,2019-12-31T09:49:08,2019-12-31,2020,Unknown,0,9.24,Blue,oe:team:50f58982d91a36557ec8aec52ab014f,Gen.G,oe:team:ce499dea30cfce118f4fe85da0227e8,T1,oe:player:9daf04bfd9c8815cc827414f59f45af,Rascal,top,Rumble,oe:player:7577c239c73fa5f3011cd7b5503e75e,Aatrox,top:Rumble,lineup-f845ffd1ce56a3da,0,2837.00000000,47.28333333,2,3,6,2.66666667,17738.00000000,24312.00000000,356,514.17694748,0.23237352,0.26080800,51,1.07860416,0.80000000,192.00000000,-377.00000000,0.00000000,3,out_of_time,458.48083382,437.09313363,144.30523450,0.38596045,2019-12-30
pg-4a7eb122d917923b,ESPORTSTMNT03/1241176,2019-12-31T09:49:08,2019-12-31,2020,Unknown,0,9.24,Red,oe:team:ce499dea30cfce118f4fe85da0227e8,T1,oe:team:50f58982d91a36557ec8aec52ab014f,Gen.G,oe:player:2b5fa564a1259b97bc238fbfa719b07,Teddy,bot,Kai'Sa,oe:player:eada4723af6f51cf2391d85b5fde49b,Varus,bot:Kai'Sa,lineup-1e9be0b5b8b62844,1,2837.00000000,47.28333333,9,1,7,16.00000000,23766.00000000,26807.00000000,460,566.94395488,0.28312406,0.30773028,94,1.98801551,0.94117647,-1080.00000000,-272.00000000,-38.00000000,3,out_of_time,387.57467496,454.21772276,208.59941839,0.85987431,2019-12-30
pg-fee74ffb2d2aabc4,ESPORTSTMNT03/1241176,2019-12-31T09:49:08,2019-12-31,2020,Unknown,0,9.24,Red,oe:team:ce499dea30cfce118f4fe85da0227e8,T1,oe:team:50f58982d91a36557ec8aec52ab014f,Gen.G,oe:player:f9fe6d28d5b67bf9ac673b2cc8edf15,Cuzz,jng,Gragas,oe:player:d3abb04a273ed8615be5f54a391818e,Rek'Sai,jng:Gragas,lineup-1e9be0b5b8b62844,1,2837.00000000,47.28333333,0,1,13,13.00000000,13794.00000000,19344.00000000,210,409.10821290,0.16432775,0.22205896,99,2.09376102,0.76470588,32.00000000,80.00000000,1.00000000,3,out_of_time,222.93904608,250.33950110,107.23038691,1.73616054,2019-12-30
pg-f6eb15c08cf6663a,ESPORTSTMNT03/1241176,2019-12-31T09:49:08,2019-12-31,2020,Unknown,0,9.24,Red,oe:team:ce499dea30cfce118f4fe85da0227e8,T1,oe:team:50f58982d91a36557ec8aec52ab014f,Gen.G,oe:player:e1edfc5cea461399a63cb813cf795cc,Faker,mid,Lissandra,oe:player:30361653a485a9609fb2d3aa073282c,LeBlanc,mid:Lissandra,lineup-1e9be0b5b8b62844,1,2837.00000000,47.28333333,2,2,9,5.50000000,17997.00000000,20633.00000000,375,436.36940430,0.21439804,0.23685600,60,1.26894607,0.64705882,10.00000000,-156.00000000,0.00000000,3,out_of_time,366.90725820,425.42197123,156.00491640,0.44525613,2019-12-30
pg-fdbf6a2193322fe8,ESPORTSTMNT03/1241176,2019-12-31T09:49:08,2019-12-31,2020,Unknown,0,9.24,Red,oe:team:ce499dea30cfce118f4fe85da0227e8,T1,oe:team:50f58982d91a36557ec8aec52ab014f,Gen.G,oe:player:035b9ae578574cdf728d8760483d804,Effort,sup,Blitzcrank,oe:player:b0ec3df39d61f953e7af0afd8eb8c4a,Tahm Kench,sup:Blitzcrank,lineup-1e9be0b5b8b62844,1,2837.00000000,47.28333333,5,2,8,6.50000000,12191.00000000,7516.00000000,39,158.95664434,0.14523123,0.08627973,141,2.98202326,0.76470588,236.00000000,-743.00000000,3.00000000,3,out_of_time,144.73440550,140.80983925,65.73443017,0.21635905,2019-12-30
pg-e79f8ea6a4879c3a,ESPORTSTMNT03/1241176,2019-12-31T09:49:08,2019-12-31,2020,Unknown,0,9.24,Red,oe:team:ce499dea30cfce118f4fe85da0227e8,T1,oe:team:50f58982d91a36557ec8aec52ab014f,Gen.G,oe:player:7577c239c73fa5f3011cd7b5503e75e,Canna,top,Aatrox,oe:player:9daf04bfd9c8815cc827414f59f45af,Rumble,top:Aatrox,lineup-1e9be0b5b8b62844,1,2837.00000000,47.28333333,1,4,5,1.50000000,16194.00000000,12812.00000000,304,270.96228410,0.19291892,0.14707503,57,1.20549877,0.35294118,-192.00000000,377.00000000,0.00000000,3,out_of_time,340.78391989,437.09313363,144.30523450,-0.48384687,2019-12-30
pg-01be40ffeafded0b,ESPORTSTMNT03/1241196,2019-12-31T11:48:01,2019-12-31,2020,Unknown,0,9.24,Blue,oe:team:2a247555001e6364757f171f158f997,Dplus KIA,oe:team:101f8589e58c724c1dcd5a9c1555277,DRX,oe:player:c49e6d739a7a7356e88aa84503666ee,Nuclear,bot,Miss Fortune,oe:player:c588a2d07b69ca4ba61c96aebd3f793,Varus,bot:Miss Fortune,lineup-80d6630a975fa2d1,0,1883.00000000,31.38333333,2,4,5,1.75000000,13315.00000000,14104.00000000,316,449.41051514,0.26099143,0.26284990,38,1.21083378,1.00000000,-251.00000000,-91.00000000,4.00000000,3,out_of_time,472.46909831,454.21772276,208.59941839,-0.11054002,2019-12-30
pg-ad35d0ec76874c0b,ESPORTSTMNT03/1241196,2019-12-31T11:48:01,2019-12-31,2020,Unknown,0,9.24,Blue,oe:team:2a247555001e6364757f171f158f997,Dplus KIA,oe:team:101f8589e58c724c1dcd5a9c1555277,DRX,oe:player:92544d7a994bd6841cccd9f6e42e3de,Canyon,jng,Qiyana,oe:player:a2357eb17578485c2ba736db36cbc42,Jarvan IV,jng:Qiyana,lineup-80d6630a975fa2d1,0,1883.00000000,31.38333333,2,4,2,1.00000000,9798.00000000,7253.00000000,193,231.10993096,0.19205363,0.13517090,83,2.64471588,0.57142857,-1287.00000000,-1292.00000000,-17.00000000,3,out_of_time,271.59716426,250.33950110,107.23038691,-0.37757239,2019-12-30
pg-98c0e9e7ea2ff443,ESPORTSTMNT03/1241196,2019-12-31T11:48:01,2019-12-31,2020,Unknown,0,9.24,Blue,oe:team:2a247555001e6364757f171f158f997,Dplus KIA,oe:team:101f8589e58c724c1dcd5a9c1555277,DRX,oe:player:5f8ff49cd56eae61d635966b183a451,ShowMaker,mid,LeBlanc,oe:player:fb6e61b8acb05df17b7e5ad4ae7c800,Rumble,mid:LeBlanc,lineup-80d6630a975fa2d1,0,1883.00000000,31.38333333,1,2,2,1.50000000,10276.00000000,16222.00000000,249,516.89856612,0.20142306,0.30232211,30,0.95592140,0.42857143,165.00000000,393.00000000,16.00000000,3,out_of_time,423.08615350,425.42197123,156.00491640,0.60134267,2019-12-30
pg-d73095da49e6c84d,ESPORTSTMNT03/1241196,2019-12-31T11:48:01,2019-12-31,2020,Unknown,0,9.24,Blue,oe:team:2a247555001e6364757f171f158f997,Dplus KIA,oe:team:101f8589e58c724c1dcd5a9c1555277,DRX,oe:player:dee54127bb56d2e2540ba71cc416f1c,BeryL,sup,Nautilus,oe:player:db79ce6ad35451c938fbe2995dabd37,Tahm Kench,sup:Nautilus,lineup-80d6630a975fa2d1,0,1883.00000000,31.38333333,0,4,5,1.25000000,6644.00000000,3086.00000000,41,98.33244822,0.13023110,0.05751239,82,2.61285183,0.71428571,183.00000000,380.00000000,0.00000000,3,out_of_time,162.95441794,140.80983925,65.73443017,-0.98307644,2019-12-30
pg-4cfffe4e581cd3e9,ESPORTSTMNT03/1241196,2019-12-31T11:48:01,2019-12-31,2020,Unknown,0,9.24,Blue,oe:team:2a247555001e6364757f171f158f997,Dplus KIA,oe:team:101f8589e58c724c1dcd5a9c1555277,DRX,oe:player:f17b90d1dd0f1814bb1f82f77c2f861,Nuguri,top,Kennen,oe:player:a1f3b2bb3f36e5113237f92d76dc4c8,Aatrox,top:Kennen,lineup-80d6630a975fa2d1,0,1883.00000000,31.38333333,2,5,0,0.40000000,10984.00000000,12993.00000000,267,414.00955921,0.21530078,0.24214469,29,0.92405736,0.28571429,-742.00000000,-1088.00000000,6.00000000,3,out_of_time,412.36168257,437.09313363,144.30523450,0.01141938,2019-12-30
pg-ed625a48e1fba807,ESPORTSTMNT03/1241196,2019-12-31T11:48:01,2019-12-31,2020,Unknown,0,9.24,Red,oe:team:101f8589e58c724c1dcd5a9c1555277,DRX,oe:team:2a247555001e6364757f171f158f997,Dplus KIA,oe:player:c588a2d07b69ca4ba61c96aebd3f793,Deft,bot,Varus,oe:player:c49e6d739a7a7356e88aa84503666ee,Miss Fortune,bot:Varus,lineup-650d8d893f293854,1,1883.00000000,31.38333333,8,1,6,14.00000000,15433.00000000,15124.00000000,335,481.91184280,0.25269345,0.30470434,42,1.33828996,0.73684211,251.00000000,91.00000000,-4.00000000,3,out_of_time,461.92604879,454.21772276,208.59941839,0.09580944,2019-12-30
pg-de9ef74a3ab93993,ESPORTSTMNT03/1241196,2019-12-31T11:48:01,2019-12-31,2020,Unknown,0,9.24,Red,oe:team:101f8589e58c724c1dcd5a9c1555277,DRX,oe:team:2a247555001e6364757f171f158f997,Dplus KIA,oe:player:a2357eb17578485c2ba736db36cbc42,Pyosik,jng,Jarvan IV,oe:player:92544d7a994bd6841cccd9f6e42e3de,Qiyana,jng:Jarvan IV,lineup-650d8d893f293854,1,1883.00000000,31.38333333,3,1,11,14.00000000,11939.00000000,7514.00000000,206,239.42644716,0.19548417,0.15138511,49,1.56133829,0.73684211,1287.00000000,1292.00000000,17.00000000,3,out_of_time,296.98346819,250.33950110,107.23038691,-0.53676036,2019-12-30
pg-df7f075349002270,ESPORTSTMNT03/1241196,2019-12-31T11:48:01,2019-12-31,2020,Unknown,0,9.24,Red,oe:team:101f8589e58c724c1dcd5a9c1555277,DRX,oe:team:2a247555001e6364757f171f158f997,Dplus KIA,oe:player:fb6e61b8acb05df17b7e5ad4ae7c800,Chovy,mid,Rumble,oe:player:5f8ff49cd56eae61d635966b183a451,LeBlanc,mid:Rumble,lineup-650d8d893f293854,1,1883.00000000,31.38333333,1,2,8,4.50000000,11669.00000000,11876.00000000,263,378.41741901,0.19106330,0.23926665,44,1.40201806,0.47368421,-165.00000000,-393.00000000,-16.00000000,3,out_of_time,441.46387205,425.42197123,156.00491640,-0.40413119,2019-12-30
pg-4f44a81391ecbda1,ESPORTSTMNT03/1241196,2019-12-31T11:48:01,2019-12-31,2020,Unknown,0,9.24,Red,oe:team:101f8589e58c724c1dcd5a9c1555277,DRX,oe:team:2a247555001e6364757f171f158f997,Dplus KIA,oe:player:db79ce6ad35451c938fbe2995dabd37,Keria,sup,Tahm Kench,oe:player:dee54127bb56d2e2540ba71cc416f1c,Nautilus,sup:Tahm Kench,lineup-650d8d893f293854,1,1883.00000000,31.38333333,0,3,10,3.33333333,7398.00000000,3027.00000000,39,96.45246946,0.12113174,0.06098519,64,2.03929899,0.52631579,-183.00000000,-380.00000000,0.00000000,3,out_of_time,206.06926382,140.80983925,65.73443017,-1.66757047,2019-12-30
pg-8e6ef4c534722aa9,ESPORTSTMNT03/1241196,2019-12-31T11:48:01,2019-12-31,2020,Unknown,0,9.24,Red,oe:team:101f8589e58c724c1dcd5a9c1555277,DRX,oe:team:2a247555001e6364757f171f158f997,Dplus KIA,oe:player:a1f3b2bb3f36e5113237f92d76dc4c8,Doran,top,Aatrox,oe:player:f17b90d1dd0f1814bb1f82f77c2f861,Kennen,top:Aatrox,lineup-650d8d893f293854,1,1883.00000000,31.38333333,7,0,4,11.00000000,14635.00000000,12094.00000000,282,385.36378120,0.23962734,0.24365871,34,1.08337759,0.57894737,742.00000000,1088.00000000,-6.00000000,3,out_of_time,411.38904506,437.09313363,144.30523450,-0.18034872,2019-12-30
pg-3c30c812124ac261,ESPORTSTMNT03/1241201,2019-12-31T12:40:06,2019-12-31,2020,Unknown,0,9.24,Blue,oe:team:2a247555001e6364757f171f158f997,Dplus KIA,oe:team:101f8589e58c724c1dcd5a9c1555277,DRX,oe:player:c49e6d739a7a7356e88aa84503666ee,Nuclear,bot,Xayah,oe:player:c588a2d07b69ca4ba61c96aebd3f793,Miss Fortune,bot:Xayah,lineup-80d6630a975fa2d1,0,1513.00000000,25.21666667,1,3,0,0.33333333,8594.00000000,5207.00000000,210,206.49041639,0.21407398,0.17167255,17,0.67415730,0.20000000,-1193.00000000,-839.00000000,-27.00000000,3,out_of_time,370.65806065,454.21772276,208.59941839,-0.78699953,2019-12-30
pg-bf235f5f85062d94,ESPORTSTMNT03/1241201,2019-12-31T12:40:06,2019-12-31,2020,Unknown,0,9.24,Blue,oe:team:2a247555001e6364757f171f158f997,Dplus KIA,oe:team:101f8589e58c724c1dcd5a9c1555277,DRX,oe:player:92544d7a994bd6841cccd9f6e42e3de,Canyon,jng,Rek'Sai,oe:player:a2357eb17578485c2ba736db36cbc42,Elise,jng:Rek'Sai,lineup-80d6630a975fa2d1,0,1513.00000000,25.21666667,1,3,4,1.66666667,7775.00000000,3979.00000000,136,157.79246530,0.19367294,0.13118592,45,1.78453404,1.00000000,230.00000000,-506.00000000,-17.00000000,3,out_of_time,271.51923107,250.33950110,107.23038691,-1.06058338,2019-12-30
pg-df3604b73e0a59e4,ESPORTSTMNT03/1241201,2019-12-31T12:40:06,2019-12-31,2020,Unknown,0,9.24,Blue,oe:team:2a247555001e6364757f171f158f997,Dplus KIA,oe:team:101f8589e58c724c1dcd5a9c1555277,DRX,oe:player:5f8ff49cd56eae61d635966b183a451,ShowMaker,mid,Syndra,oe:player:fb6e61b8acb05df17b7e5ad4ae7c800,Qiyana,mid:Syndra,lineup-80d6630a975fa2d1,0,1513.00000000,25.21666667,0,3,2,0.66666667,9231.00000000,10367.00000000,225,411.11698612,0.22994146,0.34179552,15,0.59484468,0.40000000,-54.00000000,-338.00000000,-4.00000000,3,out_of_time,397.31418027,425.42197123,156.00491640,0.08847674,2019-12-30
pg-aa88fd6e5851e195,ESPORTSTMNT03/1241201,2019-12-31T12:40:06,2019-12-31,2020,Unknown,0,9.24,Blue,oe:team:2a247555001e6364757f171f158f997,Dplus KIA,oe:team:101f8589e58c724c1dcd5a9c1555277,DRX,oe:player:dee54127bb56d2e2540ba71cc416f1c,BeryL,sup,Leona,oe:player:db79ce6ad35451c938fbe2995dabd37,Nautilus,sup:Leona,lineup-80d6630a975fa2d1,0,1513.00000000,25.21666667,0,4,1,0.25000000,5185.00000000,2286.00000000,34,90.65432915,0.12915681,0.07536843,60,2.37937872,0.20000000,-275.00000000,-292.00000000,0.00000000,3,out_of_time,163.98568586,140.80983925,65.73443017,-1.11556998,2019-12-30
pg-96d09fc0ebd2d52b,ESPORTSTMNT03/1241201,2019-12-31T12:40:06,2019-12-31,2020,Unknown,0,9.24,Blue,oe:team:2a247555001e6364757f171f158f997,Dplus KIA,oe:team:101f8589e58c724c1dcd5a9c1555277,DRX,oe:player:f17b90d1dd0f1814bb1f82f77c2f861,Nuguri,top,Akali,oe:player:a1f3b2bb3f36e5113237f92d76dc4c8,Gangplank,top:Akali,lineup-80d6630a975fa2d1,0,1513.00000000,25.21666667,3,3,0,1.00000000,9360.00000000,8492.00000000,216,336.76140119,0.23315481,0.27997758,25,0.99140780,0.60000000,703.00000000,322.00000000,13.00000000,3,out_of_time,403.52041345,437.09313363,144.30523450,-0.46262364,2019-12-30
pg-19daeb86cc09c16b,ESPORTSTMNT03/1241201,2019-12-31T12:40:06,2019-12-31,2020,Unknown,0,9.24,Red,oe:team:101f8589e58c724c1dcd5a9c1555277,DRX,oe:team:2a247555001e6364757f171f158f997,Dplus KIA,oe:player:c588a2d07b69ca4ba61c96aebd3f793,Deft,bot,Miss Fortune,oe:player:c49e6d739a7a7356e88aa84503666ee,Xayah,bot:Miss Fortune,lineup-650d8d893f293854,1,1513.00000000,25.21666667,8,0,2,10.00000000,12931.00000000,12671.00000000,259,502.48512888,0.24926268,0.27510964,36,1.42762723,0.62500000,1193.00000000,839.00000000,27.00000000,3,out_of_time,519.30757759,454.21772276,208.59941839,-0.08064475,2019-12-30
pg-cd3f2344488107b3,ESPORTSTMNT03/1241201,2019-12-31T12:40:06,2019-12-31,2020,Unknown,0,9.24,Red,oe:team:101f8589e58c724c1dcd5a9c1555277,DRX,oe:team:2a247555001e6364757f171f158f997,Dplus KIA,oe:player:a2357eb17578485c2ba736db36cbc42,Pyosik,jng,Elise,oe:player:92544d7a994bd6841cccd9f6e42e3de,Rek'Sai,jng:Elise,lineup-650d8d893f293854,1,1513.00000000,25.21666667,1,1,7,8.00000000,8979.00000000,7990.00000000,157,316.85393258,0.17308248,0.17347692,51,2.02247191,0.50000000,-230.00000000,506.00000000,17.00000000,3,out_of_time,307.44966832,250.33950110,107.23038691,0.08770149,2019-12-30
pg-566977a5830e5a51,ESPORTSTMNT03/1241201,2019-12-31T12:40:06,2019-12-31,2020,Unknown,0,9.24,Red,oe:team:101f8589e58c724c1dcd5a9c1555277,DRX,oe:team:2a247555001e6364757f171f158f997,Dplus KIA,oe:player:fb6e61b8acb05df17b7e5ad4ae7c800,Chovy,mid,Qiyana,oe:player:5f8ff49cd56eae61d635966b183a451,Syndra,mid:Qiyana,lineup-650d8d893f293854,1,1513.00000000,25.21666667,5,1,2,7.00000000,11606.00000000,7430.00000000,278,294.64639788,0.22372150,0.16131834,76,3.01387971,0.43750000,54.00000000,338.00000000,4.00000000,3,out_of_time,414.26334047,425.42197123,156.00491640,-0.76675111,2019-12-30
pg-de849b1e37b4c774,ESPORTSTMNT03/1241201,2019-12-31T12:40:06,2019-12-31,2020,Unknown,0,9.24,Red,oe:team:101f8589e58c724c1dcd5a9c1555277,DRX,oe:team:2a247555001e6364757f171f158f997,Dplus KIA,oe:player:db79ce6ad35451c938fbe2995dabd37,Keria,sup,Nautilus,oe:player:dee54127bb56d2e2540ba71cc416f1c,Leona,sup:Nautilus,lineup-650d8d893f293854,1,1513.00000000,25.21666667,1,0,10,11.00000000,7023.00000000,5184.00000000,35,205.57832122,0.13537791,0.11255374,72,2.85525446,0.68750000,275.00000000,292.00000000,0.00000000,3,out_of_time,231.29734248,140.80983925,65.73443017,-0.39125647,2019-12-30
pg-6491346f7a728d3c,ESPORTSTMNT03/1241201,2019-12-31T12:40:06,2019-12-31,2020,Unknown,0,9.24,Red,oe:team:101f8589e58c724c1dcd5a9c1555277,DRX,oe:team:2a247555001e6364757f171f158f997,Dplus KIA,oe:player:a1f3b2bb3f36e5113237f92d76dc4c8,Doran,top,Gangplank,oe:player:f17b90d1dd0f1814bb1f82f77c2f861,Akali,top:Gangplank,lineup-650d8d893f293854,1,1513.00000000,25.21666667,1,3,8,3.00000000,11338.00000000,12783.00000000,223,506.92663582,0.21855543,0.27754136,17,0.67415730,0.56250000,-703.00000000,-322.00000000,-13.00000000,3,out_of_time,458.92852537,437.09313363,144.30523450,0.33261517,2019-12-30
pg-85179952fa17c3bb,ESPORTSTMNT03/1241318,2020-01-03T07:33:26,2020-01-03,2020,Unknown,0,9.24,Blue,oe:team:c75f1f337fc5867914749d438a4871d,Liiv SANDBOX,oe:team:ce499dea30cfce118f4fe85da0227e8,T1,oe:player:f064e548adf728629afbc6fee730317,Leo,bot,Miss Fortune,oe:player:2b5fa564a1259b97bc238fbfa719b07,Xayah,bot:Miss Fortune,lineup-34dfca5bcc5f497f,1,2220.00000000,37.00000000,7,1,9,16.00000000,18883.00000000,29418.00000000,420,795.08108108,0.27395650,0.37871239,66,1.78378378,0.94117647,51.00000000,-401.00000000,1.00000000,3,out_of_time,480.98568158,454.21772276,208.59941839,1.50573478,2019-12-30
pg-472936c93a72ae31,ESPORTSTMNT03/1241318,2020-01-03T07:33:26,2020-01-03,2020,Unknown,0,9.24,Blue,oe:team:c75f1f337fc5867914749d438a4871d,Liiv SANDBOX,oe:team:ce499dea30cfce118f4fe85da0227e8,T1,oe:player:e35d06a0430095562086a40a2676d8e,OnFleek,jng,Elise,oe:player:f9fe6d28d5b67bf9ac673b2cc8edf15,Gragas,jng:Elise,lineup-34dfca5bcc5f497f,1,2220.00000000,37.00000000,4,0,9,13.00000000,13484.00000000,11294.00000000,210,305.24324324,0.19562726,0.14539322,102,2.75675676,0.76470588,-399.00000000,150.00000000,-7.00000000,3,out_of_time,278.09667873,250.33950110,107.23038691,0.25316112,2019-12-30
pg-82fbba53eba88d1d,ESPORTSTMNT03/1241318,2020-01-03T07:33:26,2020-01-03,2020,Unknown,0,9.24,Blue,oe:team:c75f1f337fc5867914749d438a4871d,Liiv SANDBOX,oe:team:ce499dea30cfce118f4fe85da0227e8,T1,oe:player:24cd6812f523cf30c3502344539be6f,FATE,mid,Qiyana,oe:player:e1edfc5cea461399a63cb813cf795cc,Mordekaiser,mid:Qiyana,lineup-34dfca5bcc5f497f,1,2220.00000000,37.00000000,5,2,5,5.00000000,15419.00000000,17396.00000000,320,470.16216216,0.22370044,0.22394727,99,2.67567568,0.58823529,-409.00000000,-1837.00000000,-11.00000000,3,out_of_time,427.84374296,425.42197123,156.00491640,0.27126337,2019-12-30
pg-10497c80178f4b37,ESPORTSTMNT03/1241318,2020-01-03T07:33:26,2020-01-03,2020,Unknown,0,9.24,Blue,oe:team:c75f1f337fc5867914749d438a4871d,Liiv SANDBOX,oe:team:ce499dea30cfce118f4fe85da0227e8,T1,oe:player:a9fdc6a800e800eb897d38b389f96f0,GorillA,sup,Nautilus,oe:player:87b0ff8e56b0ce96bc0a82ea5dc9a7e,Rakan,sup:Nautilus,lineup-34dfca5bcc5f497f,1,2220.00000000,37.00000000,1,5,3,0.80000000,7839.00000000,4140.00000000,30,111.89189189,0.11372902,0.05329626,78,2.10810811,0.23529412,-233.00000000,257.00000000,-8.00000000,3,out_of_time,190.74687916,140.80983925,65.73443017,-1.19959947,2019-12-30
pg-3696747b39e17d53,ESPORTSTMNT03/1241318,2020-01-03T07:33:26,2020-01-03,2020,Unknown,0,9.24,Blue,oe:team:c75f1f337fc5867914749d438a4871d,Liiv SANDBOX,oe:team:ce499dea30cfce118f4fe85da0227e8,T1,oe:player:99ce2ea4de279c28bb0315848da8a48,Summit,top,Rumble,oe:player:7577c239c73fa5f3011cd7b5503e75e,Aatrox,top:Rumble,lineup-34dfca5bcc5f497f,1,2220.00000000,37.00000000,0,3,7,2.33333333,13302.00000000,15431.00000000,285,417.05405405,0.19298678,0.19865086,35,0.94594595,0.41176471,165.00000000,166.00000000,13.00000000,3,out_of_time,424.49553491,437.09313363,144.30523450,-0.05156764,2019-12-30
pg-733524b471befdc0,ESPORTSTMNT03/1241318,2020-01-03T07:33:26,2020-01-03,2020,Unknown,0,9.24,Red,oe:team:ce499dea30cfce118f4fe85da0227e8,T1,oe:team:c75f1f337fc5867914749d438a4871d,Liiv SANDBOX,oe:player:2b5fa564a1259b97bc238fbfa719b07,Teddy,bot,Xayah,oe:player:f064e548adf728629afbc6fee730317,Miss Fortune,bot:Xayah,lineup-f0cf85c7241fe2e5,0,2220.00000000,37.00000000,4,3,4,2.66666667,15542.00000000,17313.00000000,378,467.91891892,0.24784321,0.35561261,54,1.45945946,0.72727273,-51.00000000,401.00000000,-1.00000000,3,out_of_time,359.94221355,454.21772276,208.59941839,0.51762707,2019-12-30
pg-c4ea71bc1114771b,ESPORTSTMNT03/1241318,2020-01-03T07:33:26,2020-01-03,2020,Unknown,0,9.24,Red,oe:team:ce499dea30cfce118f4fe85da0227e8,T1,oe:team:c75f1f337fc5867914749d438a4871d,Liiv SANDBOX,oe:player:f9fe6d28d5b67bf9ac673b2cc8edf15,Cuzz,jng,Gragas,oe:player:e35d06a0430095562086a40a2676d8e,Elise,jng:Gragas,lineup-f0cf85c7241fe2e5,0,2220.00000000,37.00000000,1,4,7,2.00000000,10799.00000000,10520.00000000,206,284.32432432,0.17220814,0.21608298,67,1.81081081,0.72727273,399.00000000,-150.00000000,7.00000000,3,out_of_time,257.39633269,250.33950110,107.23038691,0.25112277,2019-12-30
pg-c20ed8a2ae89346a,ESPORTSTMNT03/1241318,2020-01-03T07:33:26,2020-01-03,2020,Unknown,0,9.24,Red,oe:team:ce499dea30cfce118f4fe85da0227e8,T1,oe:team:c75f1f337fc5867914749d438a4871d,Liiv SANDBOX,oe:player:e1edfc5cea461399a63cb813cf795cc,Faker,mid,Mordekaiser,oe:player:24cd6812f523cf30c3502344539be6f,Qiyana,mid:Mordekaiser,lineup-f0cf85c7241fe2e5,0,2220.00000000,37.00000000,3,3,3,2.00000000,14535.00000000,11076.00000000,353,299.35135135,0.23178491,0.22750334,40,1.08108108,0.54545455,409.00000000,1837.00000000,11.00000000,3,out_of_time,361.96996607,425.42197123,156.00491640,-0.40138873,2019-12-30
pg-cc2508abc4a7d49a,ESPORTSTMNT03/1241318,2020-01-03T07:33:26,2020-01-03,2020,Unknown,0,9.24,Red,oe:team:ce499dea30cfce118f4fe85da0227e8,T1,oe:team:c75f1f337fc5867914749d438a4871d,Liiv SANDBOX,oe:player:87b0ff8e56b0ce96bc0a82ea5dc9a7e,Kuri,sup,Rakan,oe:player:a9fdc6a800e800eb897d38b389f96f0,Nautilus,sup:Rakan,lineup-f0cf85c7241fe2e5,0,2220.00000000,37.00000000,0,3,10,3.33333333,7949.00000000,3869.00000000,51,104.56756757,0.12676011,0.07947006,109,2.94594595,0.90909091,233.00000000,-257.00000000,8.00000000,3,out_of_time,163.33865850,140.80983925,65.73443017,-0.89406861,2019-12-30
pg-1442a202c723a696,ESPORTSTMNT03/1241318,2020-01-03T07:33:26,2020-01-03,2020,Unknown,0,9.24,Red,oe:team:ce499dea30cfce118f4fe85da0227e8,T1,oe:team:c75f1f337fc5867914749d438a4871d,Liiv SANDBOX,oe:player:7577c239c73fa5f3011cd7b5503e75e,Canna,top,Aatrox,oe:player:99ce2ea4de279c28bb0315848da8a48,Rumble,top:Aatrox,lineup-f0cf85c7241fe2e5,0,2220.00000000,37.00000000,3,4,1,1.00000000,13884.00000000,5907.00000000,304,159.64864865,0.22140363,0.12133101,48,1.29729730,0.36363636,-165.00000000,-166.00000000,-13.00000000,3,out_of_time,361.27169491,437.09313363,144.30523450,-1.39719842,2019-12-30
pg-04ca68fb84b800a7,ESPORTSTMNT03/1241322,2020-01-03T09:00:58,2020-01-03,2020,Unknown,0,9.24,Blue,oe:team:ce499dea30cfce118f4fe85da0227e8,T1,oe:team:c75f1f337fc5867914749d438a4871d,Liiv SANDBOX,oe:player:2b5fa564a1259b97bc238fbfa719b07,Teddy,bot,Miss Fortune,oe:player:f064e548adf728629afbc6fee730317,Varus,bot:Miss Fortune,lineup-1e9be0b5b8b62844,0,2227.00000000,37.11666667,1,4,2,0.75000000,15086.00000000,18784.00000000,406,506.07992815,0.26335911,0.25744555,29,0.78132016,0.60000000,-853.00000000,-537.00000000,-25.00000000,3,out_of_time,474.32801097,454.21772276,208.59941839,0.15221479,2019-12-30
pg-f51612502b2bdf1a,ESPORTSTMNT03/1241322,2020-01-03T09:00:58,2020-01-03,2020,Unknown,0,9.24,Blue,oe:team:ce499dea30cfce118f4fe85da0227e8,T1,oe:team:c75f1f337fc5867914749d438a4871d,Liiv SANDBOX,oe:player:f9fe6d28d5b67bf9ac673b2cc8edf15,Cuzz,jng,Jarvan IV,oe:player:e35d06a0430095562086a40a2676d8e,Elise,jng:Jarvan IV,lineup-1e9be0b5b8b62844,0,2227.00000000,37.11666667,0,7,5,0.71428571,8416.00000000,3041.00000000,143,81.93084868,0.14691968,0.04167866,47,1.26627750,1.00000000,-2170.00000000,-2263.00000000,-15.00000000,3,out_of_time,250.74070939,250.33950110,107.23038691,-1.57427261,2019-12-30
pg-d45d68ac84412850,ESPORTSTMNT03/1241322,2020-01-03T09:00:58,2020-01-03,2020,Unknown,0,9.24,Blue,oe:team:ce499dea30cfce118f4fe85da0227e8,T1,oe:team:c75f1f337fc5867914749d438a4871d,Liiv SANDBOX,oe:player:e1edfc5cea461399a63cb813cf795cc,Faker,mid,Orianna,oe:player:24cd6812f523cf30c3502344539be6f,Qiyana,mid:Orianna,lineup-1e9be0b5b8b62844,0,2227.00000000,37.11666667,0,2,5,2.50000000,12452.00000000,21709.00000000,304,584.88549618,0.21737688,0.29753437,30,0.80826224,1.00000000,-357.00000000,300.00000000,17.00000000,3,out_of_time,399.56514239,425.42197123,156.00491640,1.18791355,2019-12-30
pg-3a51ff19559fb217,ESPORTSTMNT03/1241322,2020-01-03T09:00:58,2020-01-03,2020,Unknown,0,9.24,Blue,oe:team:ce499dea30cfce118f4fe85da0227e8,T1,oe:team:c75f1f337fc5867914749d438a4871d,Liiv SANDBOX,oe:player:035b9ae578574cdf728d8760483d804,Effort,sup,Nautilus,oe:player:a9fdc6a800e800eb897d38b389f96f0,Tahm Kench,sup:Nautilus,lineup-1e9be0b5b8b62844,0,2227.00000000,37.11666667,0,4,3,0.75000000,7062.00000000,5027.00000000,37,135.43780871,0.12328265,0.06889793,98,2.64032330,0.60000000,-239.00000000,-629.00000000,0.00000000,3,out_of_time,164.81333060,140.80983925,65.73443017,-0.44688182,2019-12-30
pg-e61a4a0ceaf9f9d0,ESPORTSTMNT03/1241322,2020-01-03T09:00:58,2020-01-03,2020,Unknown,0,9.24,Blue,oe:team:ce499dea30cfce118f4fe85da0227e8,T1,oe:team:c75f1f337fc5867914749d438a4871d,Liiv SANDBOX,oe:player:7577c239c73fa5f3011cd7b5503e75e,Canna,top,Jayce,oe:player:99ce2ea4de279c28bb0315848da8a48,Aatrox,top:Jayce,lineup-1e9be0b5b8b62844,0,2227.00000000,37.11666667,4,4,1,1.25000000,14267.00000000,24402.00000000,304,657.44050292,0.24906168,0.33444349,50,1.34710373,1.00000000,-1865.00000000,-1704.00000000,-33.00000000,3,out_of_time,424.09171676,437.09313363,144.30523450,1.61705005,2019-12-30
pg-57e86639dd674ea4,ESPORTSTMNT03/1241322,2020-01-03T09:00:58,2020-01-03,2020,Unknown,0,9.24,Red,oe:team:c75f1f337fc5867914749d438a4871d,Liiv SANDBOX,oe:team:ce499dea30cfce118f4fe85da0227e8,T1,oe:player:f064e548adf728629afbc6fee730317,Leo,bot,Varus,oe:player:2b5fa564a1259b97bc238fbfa719b07,Miss Fortune,bot:Varus,lineup-34dfca5bcc5f497f,1,2227.00000000,37.11666667,3,0,7,10.00000000,17085.00000000,15926.00000000,388,429.07947912,0.23727848,0.24298923,54,1.45487203,0.47619048,853.00000000,537.00000000,25.00000000,3,out_of_time,411.02939302,454.21772276,208.59941839,0.08652990,2019-12-30
pg-099747f1815577f9,ESPORTSTMNT03/1241322,2020-01-03T09:00:58,2020-01-03,2020,Unknown,0,9.24,Red,oe:team:c75f1f337fc5867914749d438a4871d,Liiv SANDBOX,oe:team:ce499dea30cfce118f4fe85da0227e8,T1,oe:player:e35d06a0430095562086a40a2676d8e,OnFleek,jng,Elise,oe:player:f9fe6d28d5b67bf9ac673b2cc8edf15,Jarvan IV,jng:Elise,lineup-34dfca5bcc5f497f,1,2227.00000000,37.11666667,5,2,10,7.50000000,14323.00000000,14204.00000000,209,382.68522676,0.19891950,0.21671600,114,3.07139650,0.71428571,2170.00000000,2263.00000000,15.00000000,3,out_of_time,274.09645654,250.33950110,107.23038691,1.01266790,2019-12-30
pg-6d5f81d353c814b5,ESPORTSTMNT03/1241322,2020-01-03T09:00:58,2020-01-03,2020,Unknown,0,9.24,Red,oe:team:c75f1f337fc5867914749d438a4871d,Liiv SANDBOX,oe:team:ce499dea30cfce118f4fe85da0227e8,T1,oe:player:24cd6812f523cf30c3502344539be6f,FATE,mid,Qiyana,oe:player:e1edfc5cea461399a63cb813cf795cc,Orianna,mid:Qiyana,lineup-34dfca5bcc5f497f,1,2227.00000000,37.11666667,7,1,6,13.00000000,15559.00000000,16245.00000000,307,437.67400090,0.21608522,0.24785634,85,2.29007634,0.61904762,357.00000000,-300.00000000,-17.00000000,3,out_of_time,379.11627285,425.42197123,156.00491640,0.37535822,2019-12-30
pg-a7161e53d7241285,ESPORTSTMNT03/1241322,2020-01-03T09:00:58,2020-01-03,2020,Unknown,0,9.24,Red,oe:team:c75f1f337fc5867914749d438a4871d,Liiv SANDBOX,oe:team:ce499dea30cfce118f4fe85da0227e8,T1,oe:player:a9fdc6a800e800eb897d38b389f96f0,GorillA,sup,Tahm Kench,oe:player:035b9ae578574cdf728d8760483d804,Nautilus,sup:Tahm Kench,lineup-34dfca5bcc5f497f,1,2227.00000000,37.11666667,1,1,10,11.00000000,9059.00000000,3036.00000000,25,81.79613830,0.12581245,0.04632144,85,2.29007634,0.52380952,239.00000000,629.00000000,0.00000000,3,out_of_time,155.17260805,140.80983925,65.73443017,-1.11625627,2019-12-30
pg-5c8359178125d861,ESPORTSTMNT03/1241322,2020-01-03T09:00:58,2020-01-03,2020,Unknown,0,9.24,Red,oe:team:c75f1f337fc5867914749d438a4871d,Liiv SANDBOX,oe:team:ce499dea30cfce118f4fe85da0227e8,T1,oe:player:99ce2ea4de279c28bb0315848da8a48,Summit,top,Aatrox,oe:player:7577c239c73fa5f3011cd7b5503e75e,Jayce,top:Aatrox,lineup-34dfca5bcc5f497f,1,2227.00000000,37.11666667,5,1,8,13.00000000,15978.00000000,16131.00000000,317,434.60260440,0.22190434,0.24611699,59,1.58958240,0.61904762,1865.00000000,1704.00000000,33.00000000,3,out_of_time,346.97296018,437.09313363,144.30523450,0.60725201,2019-12-30
pg-1d02f8c852f6c984,ESPORTSTMNT03/1241324,2020-01-03T10:05:17,2020-01-03,2020,Unknown,0,9.24,Blue,oe:team:ce499dea30cfce118f4fe85da0227e8,T1,oe:team:c75f1f337fc5867914749d438a4871d,Liiv SANDBOX,oe:player:2b5fa564a1259b97bc238fbfa719b07,Teddy,bot,Xayah,oe:player:9405c3aff9112c3c60d03b94792877d,Miss Fortune,bot:Xayah,lineup-ff0164e48cb1a982,1,1711.00000000,28.51666667,11,0,4,15.00000000,16128.00000000,21454.00000000,328,752.33196961,0.27769551,0.42292225,31,1.08708358,0.71428571,1711.00000000,856.00000000,38.00000000,3,out_of_time,372.51697331,454.21772276,208.59941839,1.82078646,2019-12-30
pg-5defa52a4e900f7d,ESPORTSTMNT03/1241324,2020-01-03T10:05:17,2020-01-03,2020,Unknown,0,9.24,Blue,oe:team:ce499dea30cfce118f4fe85da0227e8,T1,oe:team:c75f1f337fc5867914749d438a4871d,Liiv SANDBOX,oe:player:f9fe6d28d5b67bf9ac673b2cc8edf15,Cuzz,jng,Rek'Sai,oe:player:e35d06a0430095562086a40a2676d8e,Sejuani,jng:Rek'Sai,lineup-ff0164e48cb1a982,1,1711.00000000,28.51666667,3,1,5,8.00000000,10895.00000000,7170.00000000,197,251.43191116,0.18759255,0.14134206,73,2.55990649,0.38095238,321.00000000,1362.00000000,15.00000000,3,out_of_time,281.65594836,250.33950110,107.23038691,-0.28186075,2019-12-30
pg-e6f449d623323c96,ESPORTSTMNT03/1241324,2020-01-03T10:05:17,2020-01-03,2020,Unknown,0,9.24,Blue,oe:team:ce499dea30cfce118f4fe85da0227e8,T1,oe:team:c75f1f337fc5867914749d438a4871d,Liiv SANDBOX,oe:player:e1edfc5cea461399a63cb813cf795cc,Faker,mid,Mordekaiser,oe:player:1d22c812efd7b8a4244d93c51acc399,Azir,mid:Mordekaiser,lineup-ff0164e48cb1a982,1,1711.00000000,28.51666667,5,1,7,12.00000000,12629.00000000,11382.00000000,277,399.13500877,0.21744895,0.22437313,36,1.26241964,0.57142857,193.00000000,-70.00000000,11.00000000,3,out_of_time,386.55761787,425.42197123,156.00491640,0.08062176,2019-12-30
pg-69c767472bf11f1a,ESPORTSTMNT03/1241324,2020-01-03T10:05:17,2020-01-03,2020,Unknown,0,9.24,Blue,oe:team:ce499dea30cfce118f4fe85da0227e8,T1,oe:team:c75f1f337fc5867914749d438a4871d,Liiv SANDBOX,oe:player:035b9ae578574cdf728d8760483d804,Effort,sup,Rakan,oe:player:a9fdc6a800e800eb897d38b389f96f0,Nautilus,sup:Rakan,lineup-ff0164e48cb1a982,1,1711.00000000,28.51666667,1,1,13,14.00000000,8182.00000000,4021.00000000,39,141.00526008,0.14087951,0.07926589,86,3.01578025,0.66666667,371.00000000,210.00000000,-4.00000000,3,out_of_time,175.91341825,140.80983925,65.73443017,-0.53104831,2019-12-30
pg-0e6e9126ce4753c3,ESPORTSTMNT03/1241324,2020-01-03T10:05:17,2020-01-03,2020,Unknown,0,9.24,Blue,oe:team:ce499dea30cfce118f4fe85da0227e8,T1,oe:team:c75f1f337fc5867914749d438a4871d,Liiv SANDBOX,oe:player:c2a081a2acc5642bb16930d4868aff1,Roach,top,Renekton,oe:player:99ce2ea4de279c28bb0315848da8a48,Aatrox,top:Renekton,lineup-ff0164e48cb1a982,1,1711.00000000,28.51666667,1,1,5,6.00000000,10244.00000000,6701.00000000,207,234.98538866,0.17638348,0.13209667,36,1.26241964,0.28571429,-30.00000000,-261.00000000,-7.00000000,3,out_of_time,411.71655044,437.09313363,144.30523450,-1.22470375,2019-12-30
pg-ce3d3c5cedf08a04,ESPORTSTMNT03/1241324,2020-01-03T10:05:17,2020-01-03,2020,Unknown,0,9.24,Red,oe:team:c75f1f337fc5867914749d438a4871d,Liiv SANDBOX,oe:team:ce499dea30cfce118f4fe85da0227e8,T1,oe:player:9405c3aff9112c3c60d03b94792877d,Route,bot,Miss Fortune,oe:player:2b5fa564a1259b97bc238fbfa719b07,Xayah,bot:Miss Fortune,lineup-3664fc6dc7525f8b,0,1711.00000000,28.51666667,2,5,2,0.80000000,9840.00000000,9370.00000000,239,328.57977791,0.23172024,0.31565827,37,1.29748685,1.00000000,-1711.00000000,-856.00000000,-38.00000000,3,out_of_time,468.41092182,454.21772276,208.59941839,-0.67033334,2019-12-30
pg-85bf5660d50ffb4c,ESPORTSTMNT03/1241324,2020-01-03T10:05:17,2020-01-03,2020,Unknown,0,9.24,Red,oe:team:c75f1f337fc5867914749d438a4871d,Liiv SANDBOX,oe:team:ce499dea30cfce118f4fe85da0227e8,T1,oe:player:e35d06a0430095562086a40a2676d8e,OnFleek,jng,Sejuani,oe:player:f9fe6d28d5b67bf9ac673b2cc8edf15,Rek'Sai,jng:Sejuani,lineup-3664fc6dc7525f8b,0,1711.00000000,28.51666667,0,4,2,0.50000000,7334.00000000,3046.00000000,128,106.81472823,0.17270694,0.10261420,50,1.75336061,0.50000000,-321.00000000,-1362.00000000,-15.00000000,3,out_of_time,253.86303279,250.33950110,107.23038691,-1.37133054,2019-12-30
pg-ed037173e7941dc5,ESPORTSTMNT03/1241324,2020-01-03T10:05:17,2020-01-03,2020,Unknown,0,9.24,Red,oe:team:c75f1f337fc5867914749d438a4871d,Liiv SANDBOX,oe:team:ce499dea30cfce118f4fe85da0227e8,T1,oe:player:1d22c812efd7b8a4244d93c51acc399,Dove,mid,Azir,oe:player:e1edfc5cea461399a63cb813cf795cc,Mordekaiser,mid:Azir,lineup-3664fc6dc7525f8b,0,1711.00000000,28.51666667,1,3,3,1.33333333,10331.00000000,9758.00000000,247,342.18585622,0.24328270,0.32872928,26,0.91174752,1.00000000,-193.00000000,70.00000000,-11.00000000,3,out_of_time,418.33701384,425.42197123,156.00491640,-0.48813306,2019-12-30
pg-4c9269512e6d8e58,ESPORTSTMNT03/1241324,2020-01-03T10:05:17,2020-01-03,2020,Unknown,0,9.24,Red,oe:team:c75f1f337fc5867914749d438a4871d,Liiv SANDBOX,oe:team:ce499dea30cfce118f4fe85da0227e8,T1,oe:player:a9fdc6a800e800eb897d38b389f96f0,GorillA,sup,Nautilus,oe:player:035b9ae578574cdf728d8760483d804,Rakan,sup:Nautilus,lineup-3664fc6dc7525f8b,0,1711.00000000,28.51666667,0,6,2,0.33333333,5507.00000000,1964.00000000,34,68.87200468,0.12968327,0.06616359,50,1.75336061,0.50000000,-371.00000000,-210.00000000,4.00000000,3,out_of_time,178.17211941,140.80983925,65.73443017,-1.66275291,2019-12-30
pg-b516788aa79911bd,ESPORTSTMNT03/1241324,2020-01-03T10:05:17,2020-01-03,2020,Unknown,0,9.24,Red,oe:team:c75f1f337fc5867914749d438a4871d,Liiv SANDBOX,oe:team:ce499dea30cfce118f4fe85da0227e8,T1,oe:player:99ce2ea4de279c28bb0315848da8a48,Summit,top,Aatrox,oe:player:c2a081a2acc5642bb16930d4868aff1,Renekton,top:Aatrox,lineup-3664fc6dc7525f8b,0,1711.00000000,28.51666667,1,3,2,1.00000000,9453.00000000,5546.00000000,236,194.48275862,0.22260685,0.18683466,31,1.08708358,0.75000000,30.00000000,261.00000000,7.00000000,3,out_of_time,379.21009008,437.09313363,144.30523450,-1.28011525,2019-12-30
pg-893fbb0c2d629f87,ESPORTSTMNT03/1241328,2020-01-03T10:57:28,2020-01-03,2020,Unknown,0,9.24,Blue,oe:team:ce499dea30cfce118f4fe85da0227e8,T1,oe:team:c75f1f337fc5867914749d438a4871d,Liiv SANDBOX,oe:player:2b5fa564a1259b97bc238fbfa719b07,Teddy,bot,Xayah,oe:player:f064e548adf728629afbc6fee730317,Miss Fortune,bot:Xayah,lineup-ff0164e48cb1a982,0,1999.00000000,33.31666667,2,4,0,0.50000000,14516.00000000,13213.00000000,355,396.58829415,0.28603519,0.37362855,38,1.14057029,0.50000000,-271.00000000,-863.00000000,2.00000000,3,out_of_time,372.51697331,454.21772276,208.59941839,0.11539496,2019-12-30
pg-cd7d1cf6cb31e1bc,ESPORTSTMNT03/1241328,2020-01-03T10:57:28,2020-01-03,2020,Unknown,0,9.24,Blue,oe:team:ce499dea30cfce118f4fe85da0227e8,T1,oe:team:c75f1f337fc5867914749d438a4871d,Liiv SANDBOX,oe:player:f9fe6d28d5b67bf9ac673b2cc8edf15,Cuzz,jng,Elise,oe:player:e35d06a0430095562086a40a2676d8e,Olaf,jng:Elise,lineup-ff0164e48cb1a982,0,1999.00000000,33.31666667,0,4,3,0.75000000,9095.00000000,9477.00000000,169,284.45222611,0.17921535,0.26798439,39,1.17058529,0.75000000,-1167.00000000,-759.00000000,-18.00000000,3,out_of_time,276.43226161,250.33950110,107.23038691,0.07479190,2019-12-30
pg-eb87970cf9da19a1,ESPORTSTMNT03/1241328,2020-01-03T10:57:28,2020-01-03,2020,Unknown,0,9.24,Blue,oe:team:ce499dea30cfce118f4fe85da0227e8,T1,oe:team:c75f1f337fc5867914749d438a4871d,Liiv SANDBOX,oe:player:e1edfc5cea461399a63cb813cf795cc,Faker,mid,Nautilus,oe:player:1d22c812efd7b8a4244d93c51acc399,Orianna,mid:Nautilus,lineup-ff0164e48cb1a982,0,1999.00000000,33.31666667,2,3,1,1.00000000,10270.00000000,6705.00000000,221,201.25062531,0.20236852,0.18959959,25,0.75037519,0.75000000,3.00000000,-825.00000000,-25.00000000,3,out_of_time,372.55292690,425.42197123,156.00491640,-1.09805707,2019-12-30
pg-2dc5f194e0dcdb8c,ESPORTSTMNT03/1241328,2020-01-03T10:57:28,2020-01-03,2020,Unknown,0,9.24,Blue,oe:team:ce499dea30cfce118f4fe85da0227e8,T1,oe:team:c75f1f337fc5867914749d438a4871d,Liiv SANDBOX,oe:player:035b9ae578574cdf728d8760483d804,Effort,sup,Rakan,oe:player:a9fdc6a800e800eb897d38b389f96f0,Leona,sup:Rakan,lineup-ff0164e48cb1a982,0,1999.00000000,33.31666667,0,2,2,1.00000000,6734.00000000,2915.00000000,43,87.49374687,0.13269227,0.08242846,107,3.21160580,0.50000000,-315.00000000,341.00000000,0.00000000,3,out_of_time,186.88948015,140.80983925,65.73443017,-1.51208024,2019-12-30
pg-f83741eeb15bdb24,ESPORTSTMNT03/1241328,2020-01-03T10:57:28,2020-01-03,2020,Unknown,0,9.24,Blue,oe:team:ce499dea30cfce118f4fe85da0227e8,T1,oe:team:c75f1f337fc5867914749d438a4871d,Liiv SANDBOX,oe:player:c2a081a2acc5642bb16930d4868aff1,Roach,top,Pantheon,oe:player:99ce2ea4de279c28bb0315848da8a48,Quinn,top:Pantheon,lineup-ff0164e48cb1a982,0,1999.00000000,33.31666667,0,4,2,0.50000000,10134.00000000,3054.00000000,231,91.66583292,0.19968866,0.08635901,39,1.17058529,0.50000000,-721.00000000,-958.00000000,-29.00000000,3,out_of_time,390.77896927,437.09313363,144.30523450,-2.07278092,2019-12-30
pg-883f40f4a6ed5c3f,ESPORTSTMNT03/1241328,2020-01-03T10:57:28,2020-01-03,2020,Unknown,0,9.24,Red,oe:team:c75f1f337fc5867914749d438a4871d,Liiv SANDBOX,oe:team:ce499dea30cfce118f4fe85da0227e8,T1,oe:player:f064e548adf728629afbc6fee730317,Leo,bot,Miss Fortune,oe:player:2b5fa564a1259b97bc238fbfa719b07,Xayah,bot:Miss Fortune,lineup-09458ec55ca12072,1,1999.00000000,33.31666667,3,1,7,10.00000000,14994.00000000,13621.00000000,335,408.83441721,0.23122831,0.24843146,46,1.38069035,0.58823529,271.00000000,863.00000000,-2.00000000,3,out_of_time,468.41092182,454.21772276,208.59941839,-0.28560245,2019-12-30
pg-aa96a4fd788ee9a1,ESPORTSTMNT03/1241328,2020-01-03T10:57:28,2020-01-03,2020,Unknown,0,9.24,Red,oe:team:c75f1f337fc5867914749d438a4871d,Liiv SANDBOX,oe:team:ce499dea30cfce118f4fe85da0227e8,T1,oe:player:e35d06a0430095562086a40a2676d8e,OnFleek,jng,Olaf,oe:player:f9fe6d28d5b67bf9ac673b2cc8edf15,Elise,jng:Olaf,lineup-09458ec55ca12072,1,1999.00000000,33.31666667,8,0,3,11.00000000,13469.00000000,12292.00000000,206,368.94447224,0.20771069,0.22419202,79,2.37118559,0.64705882,1167.00000000,759.00000000,18.00000000,3,out_of_time,258.08265828,250.33950110,107.23038691,1.03386565,2019-12-30
pg-849b8f5cab9bcf5e,ESPORTSTMNT03/1241328,2020-01-03T10:57:28,2020-01-03,2020,Unknown,0,9.24,Red,oe:team:c75f1f337fc5867914749d438a4871d,Liiv SANDBOX,oe:team:ce499dea30cfce118f4fe85da0227e8,T1,oe:player:1d22c812efd7b8a4244d93c51acc399,Dove,mid,Orianna,oe:player:e1edfc5cea461399a63cb813cf795cc,Nautilus,mid:Orianna,lineup-09458ec55ca12072,1,1999.00000000,33.31666667,2,0,12,14.00000000,13082.00000000,13940.00000000,254,418.40920460,0.20174262,0.25424965,50,1.50075038,0.82352941,-3.00000000,825.00000000,25.00000000,3,out_of_time,394.45749932,425.42197123,156.00491640,0.15353173,2019-12-30
pg-a0f98d40d7f93773,ESPORTSTMNT03/1241328,2020-01-03T10:57:28,2020-01-03,2020,Unknown,0,9.24,Red,oe:team:c75f1f337fc5867914749d438a4871d,Liiv SANDBOX,oe:team:ce499dea30cfce118f4fe85da0227e8,T1,oe:player:a9fdc6a800e800eb897d38b389f96f0,GorillA,sup,Leona,oe:player:035b9ae578574cdf728d8760483d804,Rakan,sup:Leona,lineup-09458ec55ca12072,1,1999.00000000,33.31666667,0,2,5,2.50000000,8072.00000000,2813.00000000,40,84.43221611,0.12448146,0.05130590,115,3.45172586,0.29411765,315.00000000,-341.00000000,0.00000000,3,out_of_time,173.67328356,140.80983925,65.73443017,-1.35760008,2019-12-30
pg-66e78e6436066300,ESPORTSTMNT03/1241328,2020-01-03T10:57:28,2020-01-03,2020,Unknown,0,9.24,Red,oe:team:c75f1f337fc5867914749d438a4871d,Liiv SANDBOX,oe:team:ce499dea30cfce118f4fe85da0227e8,T1,oe:player:99ce2ea4de279c28bb0315848da8a48,Summit,top,Quinn,oe:player:c2a081a2acc5642bb16930d4868aff1,Pantheon,top:Quinn,lineup-09458ec55ca12072,1,1999.00000000,33.31666667,4,1,6,10.00000000,15228.00000000,12162.00000000,314,365.04252126,0.23483692,0.22182097,55,1.65082541,0.58823529,721.00000000,958.00000000,29.00000000,3,out_of_time,407.96321809,437.09313363,144.30523450,-0.29742994,2019-12-30
pg-eeeddbf525d64a88,ESPORTSTMNT03/1241386,2020-01-04T05:33:33,2020-01-04,2020,Unknown,0,9.24,Blue,oe:team:101f8589e58c724c1dcd5a9c1555277,DRX,oe:team:0b65555ba9e97910fc1e7264a99fa24,Kwangdong Freecs,oe:player:c588a2d07b69ca4ba61c96aebd3f793,Deft,bot,Xayah,oe:player:7b28158d613ea1869441676fa32a3b5,Varus,bot:Xayah,lineup-650d8d893f293854,0,1812.00000000,30.20000000,0,5,2,0.40000000,11434.00000000,11380.00000000,298,376.82119205,0.23510785,0.26570161,28,0.92715232,0.66666667,-87.00000000,676.00000000,14.00000000,4,out_of_time,485.09315824,474.09955020,203.27384217,-0.53264092,2020-01-03
pg-f32a1a2f8e9d13db,ESPORTSTMNT03/1241386,2020-01-04T05:33:33,2020-01-04,2020,Unknown,0,9.24,Blue,oe:team:101f8589e58c724c1dcd5a9c1555277,DRX,oe:team:0b65555ba9e97910fc1e7264a99fa24,Kwangdong Freecs,oe:player:a2357eb17578485c2ba736db36cbc42,Pyosik,jng,Jarvan IV,oe:player:ae4cccea87290717523772f7472e7f5,Elise,jng:Jarvan IV,lineup-650d8d893f293854,0,1812.00000000,30.20000000,0,5,1,0.20000000,8194.00000000,3424.00000000,158,113.37748344,0.16848642,0.07994396,26,0.86092715,0.33333333,248.00000000,-209.00000000,5.00000000,4,out_of_time,274.68172408,252.98823745,102.54798376,-1.57296355,2020-01-03
pg-9d05d93344627592,ESPORTSTMNT03/1241386,2020-01-04T05:33:33,2020-01-04,2020,Unknown,0,9.24,Blue,oe:team:101f8589e58c724c1dcd5a9c1555277,DRX,oe:team:0b65555ba9e97910fc1e7264a99fa24,Kwangdong Freecs,oe:player:fb6e61b8acb05df17b7e5ad4ae7c800,Chovy,mid,Ryze,oe:player:6c1fa8d6ae91f559b9d317477dad3ea,Vel'Koz,mid:Ryze,lineup-650d8d893f293854,0,1812.00000000,30.20000000,1,3,2,1.00000000,12063.00000000,9705.00000000,323,321.35761589,0.24804145,0.22659351,31,1.02649007,1.00000000,236.00000000,275.00000000,23.00000000,4,out_of_time,423.58082345,415.76654718,145.75649361,-0.70132867,2020-01-03
pg-723ea2b8aac6a4b9,ESPORTSTMNT03/1241386,2020-01-04T05:33:33,2020-01-04,2020,Unknown,0,9.24,Blue,oe:team:101f8589e58c724c1dcd5a9c1555277,DRX,oe:team:0b65555ba9e97910fc1e7264a99fa24,Kwangdong Freecs,oe:player:db79ce6ad35451c938fbe2995dabd37,Keria,sup,Rakan,oe:player:1e48e6a94caf09f3d8275ffba847eea,Braum,sup:Rakan,lineup-650d8d893f293854,0,1812.00000000,30.20000000,1,3,1,0.66666667,6500.00000000,5297.00000000,23,175.39735099,0.13365410,0.12367499,88,2.91390728,0.66666667,-274.00000000,-615.00000000,-13.00000000,4,out_of_time,198.64914078,133.13527231,61.57533111,-0.37761534,2020-01-03
pg-a13ae38391e138ef,ESPORTSTMNT03/1241386,2020-01-04T05:33:33,2020-01-04,2020,Unknown,0,9.24,Blue,oe:team:101f8589e58c724c1dcd5a9c1555277,DRX,oe:team:0b65555ba9e97910fc1e7264a99fa24,Kwangdong Freecs,oe:player:a1f3b2bb3f36e5113237f92d76dc4c8,Doran,top,Mordekaiser,oe:player:03daae1844b9ad257324c3eedf41e28,Renekton,top:Mordekaiser,lineup-650d8d893f293854,0,1812.00000000,30.20000000,1,5,1,0.40000000,10442.00000000,13024.00000000,202,431.25827815,0.21471018,0.30408592,23,0.76158940,0.66666667,754.00000000,78.00000000,-3.00000000,4,out_of_time,458.77715109,418.71412099,148.75843519,-0.18499034,2020-01-03
pg-b2bf58c3db45ef5c,ESPORTSTMNT03/1241386,2020-01-04T05:33:33,2020-01-04,2020,Unknown,0,9.24,Red,oe:team:0b65555ba9e97910fc1e7264a99fa24,Kwangdong Freecs,oe:team:101f8589e58c724c1dcd5a9c1555277,DRX,oe:player:7b28158d613ea1869441676fa32a3b5,Mystic,bot,Varus,oe:player:c588a2d07b69ca4ba61c96aebd3f793,Xayah,bot:Varus,lineup-78fe9e15be4e263c,1,1812.00000000,30.20000000,10,1,4,14.00000000,14647.00000000,11432.00000000,275,378.54304636,0.24894199,0.19276621,51,1.68874172,0.66666667,87.00000000,-676.00000000,-14.00000000,4,out_of_time,451.68240442,474.09955020,203.27384217,-0.35980703,2020-01-03
pg-ffab976cfb2814bd,ESPORTSTMNT03/1241386,2020-01-04T05:33:33,2020-01-04,2020,Unknown,0,9.24,Red,oe:team:0b65555ba9e97910fc1e7264a99fa24,Kwangdong Freecs,oe:team:101f8589e58c724c1dcd5a9c1555277,DRX,oe:player:ae4cccea87290717523772f7472e7f5,Spirit,jng,Elise,oe:player:a2357eb17578485c2ba736db36cbc42,Jarvan IV,jng:Elise,lineup-78fe9e15be4e263c,1,1812.00000000,30.20000000,2,1,8,10.00000000,10129.00000000,9205.00000000,175,304.80132450,0.17215358,0.15521457,103,3.41059603,0.47619048,-248.00000000,209.00000000,-5.00000000,4,out_of_time,273.56950525,252.98823745,102.54798376,0.30455810,2020-01-03
pg-c1951ac93752fa0d,ESPORTSTMNT03/1241386,2020-01-04T05:33:33,2020-01-04,2020,Unknown,0,9.24,Red,oe:team:0b65555ba9e97910fc1e7264a99fa24,Kwangdong Freecs,oe:team:101f8589e58c724c1dcd5a9c1555277,DRX,oe:player:6c1fa8d6ae91f559b9d317477dad3ea,Fly,mid,Vel'Koz,oe:player:fb6e61b8acb05df17b7e5ad4ae7c800,Ryze,mid:Vel'Koz,lineup-78fe9e15be4e263c,1,1812.00000000,30.20000000,5,0,7,12.00000000,12930.00000000,15207.00000000,255,503.54304636,0.21975968,0.25642020,43,1.42384106,0.57142857,-236.00000000,-275.00000000,-23.00000000,4,out_of_time,383.22929574,415.76654718,145.75649361,0.82544350,2020-01-03
pg-e6910df7a617a2f6,ESPORTSTMNT03/1241386,2020-01-04T05:33:33,2020-01-04,2020,Unknown,0,9.24,Red,oe:team:0b65555ba9e97910fc1e7264a99fa24,Kwangdong Freecs,oe:team:101f8589e58c724c1dcd5a9c1555277,DRX,oe:player:1e48e6a94caf09f3d8275ffba847eea,Jelly,sup,Braum,oe:player:db79ce6ad35451c938fbe2995dabd37,Rakan,sup:Braum,lineup-78fe9e15be4e263c,1,1812.00000000,30.20000000,0,0,13,13.00000000,7421.00000000,3623.00000000,24,119.96688742,0.12612812,0.06109097,61,2.01986755,0.61904762,274.00000000,615.00000000,13.00000000,4,out_of_time,144.14772955,133.13527231,61.57533111,-0.39270340,2020-01-03
pg-0f16dfb42ff065ea,ESPORTSTMNT03/1241386,2020-01-04T05:33:33,2020-01-04,2020,Unknown,0,9.24,Red,oe:team:0b65555ba9e97910fc1e7264a99fa24,Kwangdong Freecs,oe:team:101f8589e58c724c1dcd5a9c1555277,DRX,oe:player:03daae1844b9ad257324c3eedf41e28,Kiin,top,Renekton,oe:player:a1f3b2bb3f36e5113237f92d76dc4c8,Mordekaiser,top:Renekton,lineup-78fe9e15be4e263c,1,1812.00000000,30.20000000,4,1,9,13.00000000,13710.00000000,19838.00000000,270,656.88741722,0.23301664,0.33450805,39,1.29139073,0.61904762,-754.00000000,-78.00000000,3.00000000,4,out_of_time,395.28296773,418.71412099,148.75843519,1.75858565,2020-01-03
pg-5b6884d3812b6a4f,ESPORTSTMNT03/1241394,2020-01-04T06:55:30,2020-01-04,2020,Unknown,0,9.24,Blue,oe:team:0b65555ba9e97910fc1e7264a99fa24,Kwangdong Freecs,oe:team:101f8589e58c724c1dcd5a9c1555277,DRX,oe:player:7b28158d613ea1869441676fa32a3b5,Mystic,bot,Miss Fortune,oe:player:c588a2d07b69ca4ba61c96aebd3f793,Varus,bot:Miss Fortune,lineup-78fe9e15be4e263c,1,1548.00000000,25.80000000,5,1,9,14.00000000,12139.00000000,16075.00000000,257,623.06201550,0.24260532,0.28226019,37,1.43410853,0.73684211,641.00000000,452.00000000,17.00000000,4,out_of_time,491.79427205,474.09955020,203.27384217,0.64576800,2020-01-03
pg-d47efa0b1e06ad24,ESPORTSTMNT03/1241394,2020-01-04T06:55:30,2020-01-04,2020,Unknown,0,9.24,Blue,oe:team:0b65555ba9e97910fc1e7264a99fa24,Kwangdong Freecs,oe:team:101f8589e58c724c1dcd5a9c1555277,DRX,oe:player:ae4cccea87290717523772f7472e7f5,Spirit,jng,Olaf,oe:player:a2357eb17578485c2ba736db36cbc42,Lee Sin,jng:Olaf,lineup-78fe9e15be4e263c,1,1548.00000000,25.80000000,4,1,8,12.00000000,9481.00000000,7820.00000000,137,303.10077519,0.18948357,0.13731102,91,3.52713178,0.63157895,67.00000000,-547.00000000,-7.00000000,4,out_of_time,260.77417343,252.98823745,102.54798376,0.41274923,2020-01-03
pg-b611094c0c439510,ESPORTSTMNT03/1241394,2020-01-04T06:55:30,2020-01-04,2020,Unknown,0,9.24,Blue,oe:team:0b65555ba9e97910fc1e7264a99fa24,Kwangdong Freecs,oe:team:101f8589e58c724c1dcd5a9c1555277,DRX,oe:player:6c1fa8d6ae91f559b9d317477dad3ea,Fly,mid,Ornn,oe:player:fb6e61b8acb05df17b7e5ad4ae7c800,Rumble,mid:Ornn,lineup-78fe9e15be4e263c,1,1548.00000000,25.80000000,3,1,11,14.00000000,9226.00000000,10540.00000000,152,408.52713178,0.18438724,0.18507138,20,0.77519380,0.73684211,-2.00000000,-124.00000000,-25.00000000,4,out_of_time,393.44454767,415.76654718,145.75649361,0.10347796,2020-01-03
pg-d17aace5db925cad,ESPORTSTMNT03/1241394,2020-01-04T06:55:30,2020-01-04,2020,Unknown,0,9.24,Blue,oe:team:0b65555ba9e97910fc1e7264a99fa24,Kwangdong Freecs,oe:team:101f8589e58c724c1dcd5a9c1555277,DRX,oe:player:1e48e6a94caf09f3d8275ffba847eea,Jelly,sup,Braum,oe:player:db79ce6ad35451c938fbe2995dabd37,Thresh,sup:Braum,lineup-78fe9e15be4e263c,1,1548.00000000,25.80000000,1,0,14,15.00000000,6983.00000000,4400.00000000,24,170.54263566,0.13955952,0.07725940,53,2.05426357,0.78947368,55.00000000,47.00000000,-10.00000000,4,out_of_time,160.73798888,133.13527231,61.57533111,0.15923011,2020-01-03
pg-57ef76d892b105b6,ESPORTSTMNT03/1241394,2020-01-04T06:55:30,2020-01-04,2020,Unknown,0,9.24,Blue,oe:team:0b65555ba9e97910fc1e7264a99fa24,Kwangdong Freecs,oe:team:101f8589e58c724c1dcd5a9c1555277,DRX,oe:player:03daae1844b9ad257324c3eedf41e28,Kiin,top,Kennen,oe:player:a1f3b2bb3f36e5113237f92d76dc4c8,Vladimir,top:Kennen,lineup-78fe9e15be4e263c,1,1548.00000000,25.80000000,6,1,8,14.00000000,12207.00000000,18116.00000000,237,702.17054264,0.24396435,0.31809801,29,1.12403101,0.73684211,1626.00000000,375.00000000,12.00000000,4,out_of_time,408.76863849,418.71412099,148.75843519,1.97233793,2020-01-03
pg-09c3265966eb09d5,ESPORTSTMNT03/1241394,2020-01-04T06:55:30,2020-01-04,2020,Unknown,0,9.24,Red,oe:team:101f8589e58c724c1dcd5a9c1555277,DRX,oe:team:0b65555ba9e97910fc1e7264a99fa24,Kwangdong Freecs,oe:player:c588a2d07b69ca4ba61c96aebd3f793,Deft,bot,Varus,oe:player:7b28158d613ea1869441676fa32a3b5,Miss Fortune,bot:Varus,lineup-650d8d893f293854,0,1548.00000000,25.80000000,0,3,2,0.66666667,8237.00000000,9191.00000000,216,356.24031008,0.20884888,0.23847331,18,0.69767442,0.50000000,-641.00000000,-452.00000000,-17.00000000,4,out_of_time,456.41535553,474.09955020,203.27384217,-0.49280834,2020-01-03
pg-46d8784e4114651b,ESPORTSTMNT03/1241394,2020-01-04T06:55:30,2020-01-04,2020,Unknown,0,9.24,Red,oe:team:101f8589e58c724c1dcd5a9c1555277,DRX,oe:team:0b65555ba9e97910fc1e7264a99fa24,Kwangdong Freecs,oe:player:a2357eb17578485c2ba736db36cbc42,Pyosik,jng,Lee Sin,oe:player:ae4cccea87290717523772f7472e7f5,Olaf,jng:Lee Sin,lineup-650d8d893f293854,0,1548.00000000,25.80000000,1,4,3,1.00000000,8222.00000000,5069.00000000,149,196.47286822,0.20846856,0.13152227,14,0.54263566,1.00000000,-67.00000000,547.00000000,7.00000000,4,out_of_time,266.77479281,252.98823745,102.54798376,-0.68555150,2020-01-03
pg-8411aff81fb6e076,ESPORTSTMNT03/1241394,2020-01-04T06:55:30,2020-01-04,2020,Unknown,0,9.24,Red,oe:team:101f8589e58c724c1dcd5a9c1555277,DRX,oe:team:0b65555ba9e97910fc1e7264a99fa24,Kwangdong Freecs,oe:player:fb6e61b8acb05df17b7e5ad4ae7c800,Chovy,mid,Rumble,oe:player:6c1fa8d6ae91f559b9d317477dad3ea,Ornn,mid:Rumble,lineup-650d8d893f293854,0,1548.00000000,25.80000000,3,5,1,0.80000000,9479.00000000,11880.00000000,218,460.46511628,0.24033976,0.30824317,13,0.50387597,1.00000000,2.00000000,124.00000000,25.00000000,4,out_of_time,420.65558238,415.76654718,145.75649361,0.27312357,2020-01-03
pg-e67aa85d6435efed,ESPORTSTMNT03/1241394,2020-01-04T06:55:30,2020-01-04,2020,Unknown,0,9.24,Red,oe:team:101f8589e58c724c1dcd5a9c1555277,DRX,oe:team:0b65555ba9e97910fc1e7264a99fa24,Kwangdong Freecs,oe:player:db79ce6ad35451c938fbe2995dabd37,Keria,sup,Thresh,oe:player:1e48e6a94caf09f3d8275ffba847eea,Braum,sup:Thresh,lineup-650d8d893f293854,0,1548.00000000,25.80000000,0,4,2,0.50000000,5083.00000000,2778.00000000,39,107.67441860,0.12887931,0.07207908,53,2.05426357,0.50000000,-55.00000000,-47.00000000,10.00000000,4,out_of_time,184.02121843,133.13527231,61.57533111,-1.23989264,2020-01-03
pg-2f280026a5137d6c,ESPORTSTMNT03/1241394,2020-01-04T06:55:30,2020-01-04,2020,Unknown,0,9.24,Red,oe:team:101f8589e58c724c1dcd5a9c1555277,DRX,oe:team:0b65555ba9e97910fc1e7264a99fa24,Kwangdong Freecs,oe:player:a1f3b2bb3f36e5113237f92d76dc4c8,Doran,top,Vladimir,oe:player:03daae1844b9ad257324c3eedf41e28,Kennen,top:Vladimir,lineup-650d8d893f293854,0,1548.00000000,25.80000000,0,3,2,0.66666667,8419.00000000,9623.00000000,223,372.98449612,0.21346349,0.24968216,22,0.85271318,0.50000000,-1626.00000000,-375.00000000,-12.00000000,4,out_of_time,447.53212657,418.71412099,148.75843519,-0.50113212,2020-01-03
pg-01839d4dcffde945,ESPORTSTMNT03/1241396,2020-01-04T07:43:09,2020-01-04,2020,Unknown,0,9.24,Blue,oe:team:0b65555ba9e97910fc1e7264a99fa24,Kwangdong Freecs,oe:team:101f8589e58c724c1dcd5a9c1555277,DRX,oe:player:7b28158d613ea1869441676fa32a3b5,Mystic,bot,Miss Fortune,oe:player:c588a2d07b69ca4ba61c96aebd3f793,Varus,bot:Miss Fortune,lineup-78fe9e15be4e263c,1,1594.00000000,26.56666667,1,0,10,11.00000000,11318.00000000,9866.00000000,268,371.36762861,0.22220913,0.22660664,46,1.73149310,0.78571429,-949.00000000,-488.00000000,-21.00000000,4,out_of_time,491.79427205,474.09955020,203.27384217,-0.59243552,2020-01-03
pg-a17ec19682e0d459,ESPORTSTMNT03/1241396,2020-01-04T07:43:09,2020-01-04,2020,Unknown,0,9.24,Blue,oe:team:0b65555ba9e97910fc1e7264a99fa24,Kwangdong Freecs,oe:team:101f8589e58c724c1dcd5a9c1555277,DRX,oe:player:ae4cccea87290717523772f7472e7f5,Spirit,jng,Qiyana,oe:player:a2357eb17578485c2ba736db36cbc42,Lee Sin,jng:Qiyana,lineup-78fe9e15be4e263c,1,1594.00000000,26.56666667,3,2,3,3.00000000,8849.00000000,7069.00000000,137,266.08531995,0.17373464,0.16236391,52,1.95734003,0.42857143,132.00000000,-1016.00000000,-23.00000000,4,out_of_time,267.21347866,252.98823745,102.54798376,-0.01100128,2020-01-03
pg-01b030dd25fc7c33,ESPORTSTMNT03/1241396,2020-01-04T07:43:09,2020-01-04,2020,Unknown,0,9.24,Blue,oe:team:0b65555ba9e97910fc1e7264a99fa24,Kwangdong Freecs,oe:team:101f8589e58c724c1dcd5a9c1555277,DRX,oe:player:6c1fa8d6ae91f559b9d317477dad3ea,Fly,mid,Orianna,oe:player:fb6e61b8acb05df17b7e5ad4ae7c800,Fizz,mid:Orianna,lineup-78fe9e15be4e263c,1,1594.00000000,26.56666667,0,0,12,12.00000000,9224.00000000,9489.00000000,200,357.17691343,0.18109711,0.21794754,21,0.79046424,0.85714286,-173.00000000,167.00000000,-6.00000000,4,out_of_time,422.18901976,415.76654718,145.75649361,-0.44603232,2020-01-03
pg-abd923bcf78a7ee0,ESPORTSTMNT03/1241396,2020-01-04T07:43:09,2020-01-04,2020,Unknown,0,9.24,Blue,oe:team:0b65555ba9e97910fc1e7264a99fa24,Kwangdong Freecs,oe:team:101f8589e58c724c1dcd5a9c1555277,DRX,oe:player:1e48e6a94caf09f3d8275ffba847eea,Jelly,sup,Braum,oe:player:db79ce6ad35451c938fbe2995dabd37,Thresh,sup:Braum,lineup-78fe9e15be4e263c,1,1594.00000000,26.56666667,1,0,9,10.00000000,6684.00000000,1965.00000000,25,73.96486826,0.13122865,0.04513299,55,2.07026349,0.71428571,-305.00000000,-78.00000000,-6.00000000,4,out_of_time,160.73798888,133.13527231,61.57533111,-1.40921890,2020-01-03
pg-cf98f249e9e750a3,ESPORTSTMNT03/1241396,2020-01-04T07:43:09,2020-01-04,2020,Unknown,0,9.24,Blue,oe:team:0b65555ba9e97910fc1e7264a99fa24,Kwangdong Freecs,oe:team:101f8589e58c724c1dcd5a9c1555277,DRX,oe:player:03daae1844b9ad257324c3eedf41e28,Kiin,top,Camille,oe:player:a1f3b2bb3f36e5113237f92d76dc4c8,Aatrox,top:Camille,lineup-78fe9e15be4e263c,1,1594.00000000,26.56666667,9,2,5,7.00000000,14859.00000000,15149.00000000,238,570.22584693,0.29173047,0.34794892,25,0.94102886,1.00000000,407.00000000,-568.00000000,-10.00000000,4,out_of_time,408.40814443,418.71412099,148.75843519,1.08778842,2020-01-03
pg-f233919e07a4cf51,ESPORTSTMNT03/1241396,2020-01-04T07:43:09,2020-01-04,2020,Unknown,0,9.24,Red,oe:team:101f8589e58c724c1dcd5a9c1555277,DRX,oe:team:0b65555ba9e97910fc1e7264a99fa24,Kwangdong Freecs,oe:player:c588a2d07b69ca4ba61c96aebd3f793,Deft,bot,Varus,oe:player:7b28158d613ea1869441676fa32a3b5,Miss Fortune,bot:Varus,lineup-650d8d893f293854,0,1594.00000000,26.56666667,0,2,1,0.50000000,10441.00000000,8814.00000000,282,331.76913425,0.24515144,0.33063246,32,1.20451694,0.25000000,949.00000000,488.00000000,21.00000000,4,out_of_time,456.41535553,474.09955020,203.27384217,-0.61319361,2020-01-03
pg-75fd99690cd17e8a,ESPORTSTMNT03/1241396,2020-01-04T07:43:09,2020-01-04,2020,Unknown,0,9.24,Red,oe:team:101f8589e58c724c1dcd5a9c1555277,DRX,oe:team:0b65555ba9e97910fc1e7264a99fa24,Kwangdong Freecs,oe:player:a2357eb17578485c2ba736db36cbc42,Pyosik,jng,Lee Sin,oe:player:ae4cccea87290717523772f7472e7f5,Qiyana,jng:Lee Sin,lineup-650d8d893f293854,0,1594.00000000,26.56666667,1,3,2,1.00000000,7520.00000000,5083.00000000,141,191.32998745,0.17656727,0.19067447,23,0.86574655,0.75000000,-132.00000000,1016.00000000,23.00000000,4,out_of_time,260.97139069,252.98823745,102.54798376,-0.67911041,2020-01-03
pg-4ed52bf63b050846,ESPORTSTMNT03/1241396,2020-01-04T07:43:09,2020-01-04,2020,Unknown,0,9.24,Red,oe:team:101f8589e58c724c1dcd5a9c1555277,DRX,oe:team:0b65555ba9e97910fc1e7264a99fa24,Kwangdong Freecs,oe:player:fb6e61b8acb05df17b7e5ad4ae7c800,Chovy,mid,Fizz,oe:player:6c1fa8d6ae91f559b9d317477dad3ea,Orianna,mid:Fizz,lineup-650d8d893f293854,0,1594.00000000,26.56666667,2,3,0,0.66666667,9709.00000000,4894.00000000,239,184.21580928,0.22796431,0.18358467,41,1.54328733,0.50000000,173.00000000,-167.00000000,6.00000000,4,out_of_time,404.06212531,415.76654718,145.75649361,-1.50831233,2020-01-03
pg-1f0cdfe4554455ff,ESPORTSTMNT03/1241396,2020-01-04T07:43:09,2020-01-04,2020,Unknown,0,9.24,Red,oe:team:101f8589e58c724c1dcd5a9c1555277,DRX,oe:team:0b65555ba9e97910fc1e7264a99fa24,Kwangdong Freecs,oe:player:db79ce6ad35451c938fbe2995dabd37,Keria,sup,Thresh,oe:player:1e48e6a94caf09f3d8275ffba847eea,Braum,sup:Thresh,lineup-650d8d893f293854,0,1594.00000000,26.56666667,0,3,1,0.33333333,5607.00000000,1668.00000000,38,62.78544542,0.13165062,0.06257034,61,2.29611041,0.25000000,305.00000000,78.00000000,6.00000000,4,out_of_time,184.02121843,133.13527231,61.57533111,-1.96890168,2020-01-03
pg-ade043fec9790637,ESPORTSTMNT03/1241396,2020-01-04T07:43:09,2020-01-04,2020,Unknown,0,9.24,Red,oe:team:101f8589e58c724c1dcd5a9c1555277,DRX,oe:team:0b65555ba9e97910fc1e7264a99fa24,Kwangdong Freecs,oe:player:a1f3b2bb3f36e5113237f92d76dc4c8,Doran,top,Aatrox,oe:player:03daae1844b9ad257324c3eedf41e28,Camille,top:Aatrox,lineup-650d8d893f293854,0,1594.00000000,26.56666667,1,3,2,1.00000000,9313.00000000,6199.00000000,237,233.33751568,0.21866635,0.23253807,30,1.12923463,0.75000000,-407.00000000,568.00000000,10.00000000,4,out_of_time,367.89643530,418.71412099,148.75843519,-0.90454648,2020-01-03
pg-bfba8e561e521705,ESPORTSTMNT03/1241467,2020-01-05T05:57:53,2020-01-05,2020,Unknown,0,9.24,Blue,oe:team:c75f1f337fc5867914749d438a4871d,Liiv SANDBOX,oe:team:0b65555ba9e97910fc1e7264a99fa24,Kwangdong Freecs,oe:player:9405c3aff9112c3c60d03b94792877d,Route,bot,Senna,oe:player:7b28158d613ea1869441676fa32a3b5,Varus,bot:Senna,lineup-364a8f0ac4e5e9e3,0,1393.00000000,23.21666667,0,4,0,0.00000000,7155.00000000,7659.00000000,179,329.89231874,0.22397871,0.22662445,17,0.73223259,0.00000000,-3369.00000000,-2136.00000000,-45.00000000,4,out_of_time,464.65778805,474.09955020,203.27384217,-0.66297497,2020-01-03
pg-40f90e19868c308a,ESPORTSTMNT03/1241467,2020-01-05T05:57:53,2020-01-05,2020,Unknown,0,9.24,Blue,oe:team:c75f1f337fc5867914749d438a4871d,Liiv SANDBOX,oe:team:0b65555ba9e97910fc1e7264a99fa24,Kwangdong Freecs,oe:player:e35d06a0430095562086a40a2676d8e,OnFleek,jng,Olaf,oe:player:ae4cccea87290717523772f7472e7f5,Lee Sin,jng:Olaf,lineup-364a8f0ac4e5e9e3,0,1393.00000000,23.21666667,1,5,0,0.20000000,6757.00000000,6846.00000000,138,294.87437186,0.21151980,0.20256835,30,1.29217516,1.00000000,-884.00000000,-1827.00000000,-2.00000000,4,out_of_time,250.32303280,252.98823745,102.54798376,0.43444383,2020-01-03
pg-1d2445f3081f82ef,ESPORTSTMNT03/1241467,2020-01-05T05:57:53,2020-01-05,2020,Unknown,0,9.24,Blue,oe:team:c75f1f337fc5867914749d438a4871d,Liiv SANDBOX,oe:team:0b65555ba9e97910fc1e7264a99fa24,Kwangdong Freecs,oe:player:1d22c812efd7b8a4244d93c51acc399,Dove,mid,Syndra,oe:player:6c1fa8d6ae91f559b9d317477dad3ea,Ekko,mid:Syndra,lineup-364a8f0ac4e5e9e3,0,1393.00000000,23.21666667,0,4,1,0.25000000,7178.00000000,8356.00000000,180,359.91385499,0.22469870,0.24724820,12,0.51687006,1.00000000,-2050.00000000,-1565.00000000,-7.00000000,4,out_of_time,404.27062431,415.76654718,145.75649361,-0.30432105,2020-01-03
pg-b589087f4d41187e,ESPORTSTMNT03/1241467,2020-01-05T05:57:53,2020-01-05,2020,Unknown,0,9.24,Blue,oe:team:c75f1f337fc5867914749d438a4871d,Liiv SANDBOX,oe:team:0b65555ba9e97910fc1e7264a99fa24,Kwangdong Freecs,oe:player:0923739b522ef9fc94428a92c255531,Joker,sup,Tahm Kench,oe:player:1e48e6a94caf09f3d8275ffba847eea,Braum,sup:Tahm Kench,lineup-364a8f0ac4e5e9e3,0,1393.00000000,23.21666667,0,5,0,0.00000000,4608.00000000,2461.00000000,31,106.00143575,0.14424793,0.07281927,37,1.59368270,0.00000000,-575.00000000,-1183.00000000,-1.00000000,4,out_of_time,132.31141646,133.13527231,61.57533111,-0.42728119,2020-01-03
pg-8fb174ee89e5a4a9,ESPORTSTMNT03/1241467,2020-01-05T05:57:53,2020-01-05,2020,Unknown,0,9.24,Blue,oe:team:c75f1f337fc5867914749d438a4871d,Liiv SANDBOX,oe:team:0b65555ba9e97910fc1e7264a99fa24,Kwangdong Freecs,oe:player:99ce2ea4de279c28bb0315848da8a48,Summit,top,Rumble,oe:player:03daae1844b9ad257324c3eedf41e28,Irelia,top:Rumble,lineup-364a8f0ac4e5e9e3,0,1393.00000000,23.21666667,0,6,1,0.16666667,6247.00000000,8474.00000000,148,364.99641062,0.19555486,0.25073973,18,0.77530510,1.00000000,-2663.00000000,-1723.00000000,-26.00000000,4,out_of_time,390.58460985,418.71412099,148.75843519,-0.17201175,2020-01-03
pg-5757b6c6850cb16a,ESPORTSTMNT03/1241467,2020-01-05T05:57:53,2020-01-05,2020,Unknown,0,9.24,Red,oe:team:0b65555ba9e97910fc1e7264a99fa24,Kwangdong Freecs,oe:team:c75f1f337fc5867914749d438a4871d,Liiv SANDBOX,oe:player:7b28158d613ea1869441676fa32a3b5,Mystic,bot,Varus,oe:player:9405c3aff9112c3c60d03b94792877d,Senna,bot:Varus,lineup-78fe9e15be4e263c,1,1393.00000000,23.21666667,6,0,7,13.00000000,11770.00000000,9904.00000000,239,426.59009332,0.24331755,0.22951959,41,1.76597272,0.54166667,3369.00000000,2136.00000000,45.00000000,4,out_of_time,403.64668184,474.09955020,203.27384217,0.11286947,2020-01-03
pg-ee9a30b84a9e8eae,ESPORTSTMNT03/1241467,2020-01-05T05:57:53,2020-01-05,2020,Unknown,0,9.24,Red,oe:team:0b65555ba9e97910fc1e7264a99fa24,Kwangdong Freecs,oe:team:c75f1f337fc5867914749d438a4871d,Liiv SANDBOX,oe:player:ae4cccea87290717523772f7472e7f5,Spirit,jng,Lee Sin,oe:player:e35d06a0430095562086a40a2676d8e,Olaf,jng:Lee Sin,lineup-78fe9e15be4e263c,1,1393.00000000,23.21666667,3,2,11,7.00000000,7802.00000000,4850.00000000,114,208.90165111,0.16128832,0.11239600,42,1.80904523,0.58333333,884.00000000,1827.00000000,2.00000000,4,out_of_time,227.64531866,252.98823745,102.54798376,-0.18277948,2020-01-03
pg-e5d398d30743b749,ESPORTSTMNT03/1241467,2020-01-05T05:57:53,2020-01-05,2020,Unknown,0,9.24,Red,oe:team:0b65555ba9e97910fc1e7264a99fa24,Kwangdong Freecs,oe:team:c75f1f337fc5867914749d438a4871d,Liiv SANDBOX,oe:player:6c1fa8d6ae91f559b9d317477dad3ea,Fly,mid,Ekko,oe:player:1d22c812efd7b8a4244d93c51acc399,Syndra,mid:Ekko,lineup-78fe9e15be4e263c,1,1393.00000000,23.21666667,7,0,5,12.00000000,10663.00000000,10132.00000000,195,436.41062455,0.22043289,0.23480336,28,1.20603015,0.50000000,2050.00000000,1565.00000000,7.00000000,4,out_of_time,348.49369174,415.76654718,145.75649361,0.60317678,2020-01-03
pg-f2fdd41fba75fec8,ESPORTSTMNT03/1241467,2020-01-05T05:57:53,2020-01-05,2020,Unknown,0,9.24,Red,oe:team:0b65555ba9e97910fc1e7264a99fa24,Kwangdong Freecs,oe:team:c75f1f337fc5867914749d438a4871d,Liiv SANDBOX,oe:player:1e48e6a94caf09f3d8275ffba847eea,Jelly,sup,Braum,oe:player:0923739b522ef9fc94428a92c255531,Tahm Kench,sup:Braum,lineup-78fe9e15be4e263c,1,1393.00000000,23.21666667,0,0,15,15.00000000,6109.00000000,3790.00000000,26,163.24479541,0.12628946,0.08783110,48,2.06748026,0.62500000,575.00000000,1183.00000000,1.00000000,4,out_of_time,137.58986899,133.13527231,61.57533111,0.41664293,2020-01-03
pg-19433becffd25ac4,ESPORTSTMNT03/1241467,2020-01-05T05:57:53,2020-01-05,2020,Unknown,0,9.24,Red,oe:team:0b65555ba9e97910fc1e7264a99fa24,Kwangdong Freecs,oe:team:c75f1f337fc5867914749d438a4871d,Liiv SANDBOX,oe:player:03daae1844b9ad257324c3eedf41e28,Kiin,top,Irelia,oe:player:99ce2ea4de279c28bb0315848da8a48,Rumble,top:Irelia,lineup-78fe9e15be4e263c,1,1393.00000000,23.21666667,8,0,8,16.00000000,12029.00000000,14475.00000000,225,623.47451543,0.24867178,0.33544993,11,0.47379756,0.66666667,2663.00000000,1723.00000000,26.00000000,4,out_of_time,365.38245464,418.71412099,148.75843519,1.73497429,2020-01-03
pg-5fd57c7c944227ee,ESPORTSTMNT03/1241468,2020-01-05T06:49:07,2020-01-05,2020,Unknown,0,9.24,Blue,oe:team:0b65555ba9e97910fc1e7264a99fa24,Kwangdong Freecs,oe:team:c75f1f337fc5867914749d438a4871d,Liiv SANDBOX,oe:player:7b28158d613ea1869441676fa32a3b5,Mystic,bot,Xayah,oe:player:f064e548adf728629afbc6fee730317,Varus,bot:Xayah,lineup-78fe9e15be4e263c,1,1809.00000000,30.15000000,7,0,5,12.00000000,14659.00000000,12305.00000000,313,408.12603648,0.25871411,0.22822539,52,1.72470978,0.80000000,81.00000000,-159.00000000,-15.00000000,4,out_of_time,445.96368409,474.09955020,203.27384217,-0.18614125,2020-01-03
pg-3040189474856a45,ESPORTSTMNT03/1241468,2020-01-05T06:49:07,2020-01-05,2020,Unknown,0,9.24,Blue,oe:team:0b65555ba9e97910fc1e7264a99fa24,Kwangdong Freecs,oe:team:c75f1f337fc5867914749d438a4871d,Liiv SANDBOX,oe:player:ae4cccea87290717523772f7472e7f5,Spirit,jng,Qiyana,oe:player:e35d06a0430095562086a40a2676d8e,Lee Sin,jng:Qiyana,lineup-78fe9e15be4e263c,1,1809.00000000,30.15000000,4,0,6,10.00000000,11062.00000000,10913.00000000,188,361.95688226,0.19523129,0.20240745,103,3.41625207,0.66666667,167.00000000,24.00000000,0.00000000,4,out_of_time,264.94931339,252.98823745,102.54798376,0.94597246,2020-01-03
pg-53e35a1b66689669,ESPORTSTMNT03/1241468,2020-01-05T06:49:07,2020-01-05,2020,Unknown,0,9.24,Blue,oe:team:0b65555ba9e97910fc1e7264a99fa24,Kwangdong Freecs,oe:team:c75f1f337fc5867914749d438a4871d,Liiv SANDBOX,oe:player:6c1fa8d6ae91f559b9d317477dad3ea,Fly,mid,Ornn,oe:player:1d22c812efd7b8a4244d93c51acc399,Vladimir,mid:Ornn,lineup-78fe9e15be4e263c,1,1809.00000000,30.15000000,1,1,9,10.00000000,10301.00000000,9088.00000000,204,301.42620232,0.18180053,0.16855850,27,0.89552239,0.66666667,11.00000000,-80.00000000,-8.00000000,4,out_of_time,404.11549491,415.76654718,145.75649361,-0.70452636,2020-01-03
pg-b7d76b561b3476a8,ESPORTSTMNT03/1241468,2020-01-05T06:49:07,2020-01-05,2020,Unknown,0,9.24,Blue,oe:team:0b65555ba9e97910fc1e7264a99fa24,Kwangdong Freecs,oe:team:c75f1f337fc5867914749d438a4871d,Liiv SANDBOX,oe:player:1e48e6a94caf09f3d8275ffba847eea,Jelly,sup,Rakan,oe:player:a9fdc6a800e800eb897d38b389f96f0,Tahm Kench,sup:Rakan,lineup-78fe9e15be4e263c,1,1809.00000000,30.15000000,0,0,12,12.00000000,7507.00000000,5988.00000000,31,198.60696517,0.13248972,0.11106165,71,2.35489221,0.80000000,-168.00000000,-22.00000000,-5.00000000,4,out_of_time,153.34037063,133.13527231,61.57533111,0.73514172,2020-01-03
pg-fcfa2d920d00308e,ESPORTSTMNT03/1241468,2020-01-05T06:49:07,2020-01-05,2020,Unknown,0,9.24,Blue,oe:team:0b65555ba9e97910fc1e7264a99fa24,Kwangdong Freecs,oe:team:c75f1f337fc5867914749d438a4871d,Liiv SANDBOX,oe:player:03daae1844b9ad257324c3eedf41e28,Kiin,top,Kennen,oe:player:99ce2ea4de279c28bb0315848da8a48,Aatrox,top:Kennen,lineup-78fe9e15be4e263c,1,1809.00000000,30.15000000,3,0,7,10.00000000,13132.00000000,15622.00000000,297,518.14262023,0.23176435,0.28974701,39,1.29353234,0.66666667,659.00000000,115.00000000,4.00000000,4,out_of_time,418.95945108,418.71412099,148.75843519,0.66673980,2020-01-03
pg-c0e1db7086da698d,ESPORTSTMNT03/1241468,2020-01-05T06:49:07,2020-01-05,2020,Unknown,0,9.24,Red,oe:team:c75f1f337fc5867914749d438a4871d,Liiv SANDBOX,oe:team:0b65555ba9e97910fc1e7264a99fa24,Kwangdong Freecs,oe:player:f064e548adf728629afbc6fee730317,Leo,bot,Varus,oe:player:7b28158d613ea1869441676fa32a3b5,Xayah,bot:Varus,lineup-09458ec55ca12072,0,1809.00000000,30.15000000,0,2,1,0.50000000,11118.00000000,9228.00000000,301,306.06965174,0.24298453,0.27147564,50,1.65837479,1.00000000,-81.00000000,159.00000000,15.00000000,4,out_of_time,441.23126378,474.09955020,203.27384217,-0.66492378,2020-01-03
pg-ed4cf217bdc3cf74,ESPORTSTMNT03/1241468,2020-01-05T06:49:07,2020-01-05,2020,Unknown,0,9.24,Red,oe:team:c75f1f337fc5867914749d438a4871d,Liiv SANDBOX,oe:team:0b65555ba9e97910fc1e7264a99fa24,Kwangdong Freecs,oe:player:e35d06a0430095562086a40a2676d8e,OnFleek,jng,Lee Sin,oe:player:ae4cccea87290717523772f7472e7f5,Qiyana,jng:Lee Sin,lineup-09458ec55ca12072,0,1809.00000000,30.15000000,1,3,0,0.33333333,8586.00000000,4462.00000000,167,147.99336650,0.18764752,0.13126618,40,1.32669983,1.00000000,-167.00000000,-24.00000000,0.00000000,4,out_of_time,213.65494117,252.98823745,102.54798376,-0.64030098,2020-01-03
pg-e700d4592f60f9bf,ESPORTSTMNT03/1241468,2020-01-05T06:49:07,2020-01-05,2020,Unknown,0,9.24,Red,oe:team:c75f1f337fc5867914749d438a4871d,Liiv SANDBOX,oe:team:0b65555ba9e97910fc1e7264a99fa24,Kwangdong Freecs,oe:player:1d22c812efd7b8a4244d93c51acc399,Dove,mid,Vladimir,oe:player:6c1fa8d6ae91f559b9d317477dad3ea,Ornn,mid:Vladimir,lineup-09458ec55ca12072,0,1809.00000000,30.15000000,0,3,1,0.33333333,10125.00000000,12604.00000000,255,418.04311774,0.22128245,0.37079313,23,0.76285240,1.00000000,-11.00000000,80.00000000,8.00000000,4,out_of_time,376.01577694,415.76654718,145.75649361,0.28833941,2020-01-03
pg-48a9d0dea0d9ac3c,ESPORTSTMNT03/1241468,2020-01-05T06:49:07,2020-01-05,2020,Unknown,0,9.24,Red,oe:team:c75f1f337fc5867914749d438a4871d,Liiv SANDBOX,oe:team:0b65555ba9e97910fc1e7264a99fa24,Kwangdong Freecs,oe:player:a9fdc6a800e800eb897d38b389f96f0,GorillA,sup,Tahm Kench,oe:player:1e48e6a94caf09f3d8275ffba847eea,Rakan,sup:Tahm Kench,lineup-09458ec55ca12072,0,1809.00000000,30.15000000,0,3,1,0.33333333,6098.00000000,2291.00000000,33,75.98673300,0.13327214,0.06739821,63,2.08955224,1.00000000,168.00000000,22.00000000,5.00000000,4,out_of_time,115.35039469,133.13527231,61.57533111,-0.63927649,2020-01-03
pg-fe94b2f991f7b73e,ESPORTSTMNT03/1241468,2020-01-05T06:49:07,2020-01-05,2020,Unknown,0,9.24,Red,oe:team:c75f1f337fc5867914749d438a4871d,Liiv SANDBOX,oe:team:0b65555ba9e97910fc1e7264a99fa24,Kwangdong Freecs,oe:player:99ce2ea4de279c28bb0315848da8a48,Summit,top,Aatrox,oe:player:03daae1844b9ad257324c3eedf41e28,Kennen,top:Aatrox,lineup-09458ec55ca12072,0,1809.00000000,30.15000000,0,4,0,0.00000000,9829.00000000,5407.00000000,244,179.33665008,0.21481336,0.15906684,24,0.79601990,0.00000000,-659.00000000,-115.00000000,-4.00000000,4,out_of_time,326.29181240,418.71412099,148.75843519,-0.98787784,2020-01-03
pg-3d6fdf514ab2baba,ESPORTSTMNT03/1241474,2020-01-05T07:44:19,2020-01-05,2020,Unknown,0,9.24,Blue,oe:team:c75f1f337fc5867914749d438a4871d,Liiv SANDBOX,oe:team:0b65555ba9e97910fc1e7264a99fa24,Kwangdong Freecs,oe:player:f064e548adf728629afbc6fee730317,Leo,bot,Varus,oe:player:7b28158d613ea1869441676fa32a3b5,Sivir,bot:Varus,lineup-34dfca5bcc5f497f,0,2085.00000000,34.75000000,3,5,4,1.40000000,14675.00000000,16843.00000000,347,484.69064748,0.25751035,0.27054855,41,1.17985612,0.53846154,343.00000000,41.00000000,24.00000000,4,out_of_time,435.59295369,474.09955020,203.27384217,0.24153474,2020-01-03
pg-6171721ed734cab8,ESPORTSTMNT03/1241474,2020-01-05T07:44:19,2020-01-05,2020,Unknown,0,9.24,Blue,oe:team:c75f1f337fc5867914749d438a4871d,Liiv SANDBOX,oe:team:0b65555ba9e97910fc1e7264a99fa24,Kwangdong Freecs,oe:player:e35d06a0430095562086a40a2676d8e,OnFleek,jng,Olaf,oe:player:ae4cccea87290717523772f7472e7f5,Qiyana,jng:Olaf,lineup-34dfca5bcc5f497f,0,2085.00000000,34.75000000,2,6,4,1.00000000,9715.00000000,5803.00000000,164,166.99280576,0.17047449,0.09321340,51,1.46762590,0.46153846,-705.00000000,-983.00000000,-16.00000000,4,out_of_time,254.02695735,252.98823745,102.54798376,-0.84871636,2020-01-03
pg-e5daa6cd1966dbab,ESPORTSTMNT03/1241474,2020-01-05T07:44:19,2020-01-05,2020,Unknown,0,9.24,Blue,oe:team:c75f1f337fc5867914749d438a4871d,Liiv SANDBOX,oe:team:0b65555ba9e97910fc1e7264a99fa24,Kwangdong Freecs,oe:player:24cd6812f523cf30c3502344539be6f,FATE,mid,Orianna,oe:player:710189789fdc5ea114d5b9ea646ff43,Rumble,mid:Orianna,lineup-34dfca5bcc5f497f,0,2085.00000000,34.75000000,4,3,4,2.66666667,13138.00000000,20658.00000000,298,594.47482014,0.23053976,0.33182877,20,0.57553957,0.61538462,988.00000000,407.00000000,20.00000000,4,out_of_time,412.94822800,415.76654718,145.75649361,1.24540998,2020-01-03
pg-4eeeb28f5caec819,ESPORTSTMNT03/1241474,2020-01-05T07:44:19,2020-01-05,2020,Unknown,0,9.24,Blue,oe:team:c75f1f337fc5867914749d438a4871d,Liiv SANDBOX,oe:team:0b65555ba9e97910fc1e7264a99fa24,Kwangdong Freecs,oe:player:a9fdc6a800e800eb897d38b389f96f0,GorillA,sup,Tahm Kench,oe:player:1e48e6a94caf09f3d8275ffba847eea,Nautilus,sup:Tahm Kench,lineup-34dfca5bcc5f497f,0,2085.00000000,34.75000000,3,4,6,2.25000000,7683.00000000,4066.00000000,30,117.00719424,0.13481786,0.06531202,79,2.27338129,0.69230769,229.00000000,-200.00000000,1.00000000,4,out_of_time,131.57611675,133.13527231,61.57533111,-0.23660323,2020-01-03
pg-96d9a81b522bf62d,ESPORTSTMNT03/1241474,2020-01-05T07:44:19,2020-01-05,2020,Unknown,0,9.24,Blue,oe:team:c75f1f337fc5867914749d438a4871d,Liiv SANDBOX,oe:team:0b65555ba9e97910fc1e7264a99fa24,Kwangdong Freecs,oe:player:99ce2ea4de279c28bb0315848da8a48,Summit,top,Aatrox,oe:player:03daae1844b9ad257324c3eedf41e28,Hecarim,top:Aatrox,lineup-34dfca5bcc5f497f,0,2085.00000000,34.75000000,1,8,4,0.62500000,11777.00000000,14885.00000000,240,428.34532374,0.20665754,0.23909726,37,1.06474820,0.38461538,-938.00000000,-245.00000000,12.00000000,4,out_of_time,350.88277252,418.71412099,148.75843519,0.52072712,2020-01-03
pg-f6b351bc8b21c1d2,ESPORTSTMNT03/1241474,2020-01-05T07:44:19,2020-01-05,2020,Unknown,0,9.24,Red,oe:team:0b65555ba9e97910fc1e7264a99fa24,Kwangdong Freecs,oe:team:c75f1f337fc5867914749d438a4871d,Liiv SANDBOX,oe:player:7b28158d613ea1869441676fa32a3b5,Mystic,bot,Sivir,oe:player:f064e548adf728629afbc6fee730317,Varus,bot:Sivir,lineup-133ef82588741a34,1,2085.00000000,34.75000000,8,2,13,10.50000000,18521.00000000,27037.00000000,382,778.04316547,0.26852147,0.33464119,69,1.98561151,0.80769231,-343.00000000,-41.00000000,-24.00000000,4,out_of_time,425.45609552,474.09955020,203.27384217,1.73454226,2020-01-03
pg-4564972d4f181d45,ESPORTSTMNT03/1241474,2020-01-05T07:44:19,2020-01-05,2020,Unknown,0,9.24,Red,oe:team:0b65555ba9e97910fc1e7264a99fa24,Kwangdong Freecs,oe:team:c75f1f337fc5867914749d438a4871d,Liiv SANDBOX,oe:player:ae4cccea87290717523772f7472e7f5,Spirit,jng,Qiyana,oe:player:e35d06a0430095562086a40a2676d8e,Olaf,jng:Qiyana,lineup-133ef82588741a34,1,2085.00000000,34.75000000,5,4,9,3.50000000,12513.00000000,10324.00000000,191,297.09352518,0.18141619,0.12778177,114,3.28057554,0.53846154,705.00000000,983.00000000,16.00000000,4,out_of_time,259.38121901,252.98823745,102.54798376,0.36775278,2020-01-03
pg-78e7cef6b187c86f,ESPORTSTMNT03/1241474,2020-01-05T07:44:19,2020-01-05,2020,Unknown,0,9.24,Red,oe:team:0b65555ba9e97910fc1e7264a99fa24,Kwangdong Freecs,oe:team:c75f1f337fc5867914749d438a4871d,Liiv SANDBOX,oe:player:710189789fdc5ea114d5b9ea646ff43,SSUN,mid,Rumble,oe:player:24cd6812f523cf30c3502344539be6f,Orianna,mid:Rumble,lineup-133ef82588741a34,1,2085.00000000,34.75000000,4,1,14,18.00000000,12463.00000000,15650.00000000,214,450.35971223,0.18069127,0.19370250,43,1.23741007,0.69230769,-988.00000000,-407.00000000,-20.00000000,4,out_of_time,362.25600708,415.76654718,145.75649361,0.60445818,2020-01-03
pg-816dd88a30f2e4ac,ESPORTSTMNT03/1241474,2020-01-05T07:44:19,2020-01-05,2020,Unknown,0,9.24,Red,oe:team:0b65555ba9e97910fc1e7264a99fa24,Kwangdong Freecs,oe:team:c75f1f337fc5867914749d438a4871d,Liiv SANDBOX,oe:player:1e48e6a94caf09f3d8275ffba847eea,Jelly,sup,Nautilus,oe:player:a9fdc6a800e800eb897d38b389f96f0,Tahm Kench,sup:Nautilus,lineup-133ef82588741a34,1,2085.00000000,34.75000000,0,3,14,4.66666667,8211.00000000,6259.00000000,31,180.11510791,0.11904486,0.07746862,89,2.56115108,0.53846154,-229.00000000,200.00000000,-1.00000000,4,out_of_time,136.57077791,133.13527231,61.57533111,0.70717167,2020-01-03
pg-87d6d523cc34e22f,ESPORTSTMNT03/1241474,2020-01-05T07:44:19,2020-01-05,2020,Unknown,0,9.24,Red,oe:team:0b65555ba9e97910fc1e7264a99fa24,Kwangdong Freecs,oe:team:c75f1f337fc5867914749d438a4871d,Liiv SANDBOX,oe:player:03daae1844b9ad257324c3eedf41e28,Kiin,top,Hecarim,oe:player:99ce2ea4de279c28bb0315848da8a48,Aatrox,top:Hecarim,lineup-133ef82588741a34,1,2085.00000000,34.75000000,9,3,11,6.66666667,17266.00000000,21524.00000000,280,619.39568345,0.25032621,0.26640592,39,1.12230216,0.76923077,938.00000000,245.00000000,-12.00000000,4,out_of_time,399.93358337,418.71412099,148.75843519,1.47529180,2020-01-03
