record_id,game_id,date,day,season,split,playoffs,patch,side,team_id,team,opponent_team_id,opponent_team,player_id,player,role,champion,opponent_player_id,opponent_champion,role_champion,lineup_id,result,game_seconds,game_minutes,kills,deaths,assists,kda,total_gold,damage,total_cs,dpm,gold_share,damage_share,vision_score,vision_per_minute,kill_participation,gold_diff_at_15,xp_diff_at_15,cs_diff_at_15,fold,prediction_status,expected_dpm,baseline_dpm,training_role_sd,adjusted_impact,train_end_day
pg-63e3766a59eed994,ESPORTSTMNT03/1441011,2020-08-16T07:16:03,2020-08-16,2021,Unknown,0,10.16,Blue,oe:team:3e8e10cb2ed3bdaa31a961c0094c0a6,7more7 Pompa Team Academy,oe:team:4bf1cdb1d7d084e66dbc3e32ba54236,PRIDE,oe:player:fc64481e9be7c98479a123b5ece6f9c,defles,bot,Senna,oe:player:941d97df2e8706a2cdf71fd71a971ef,Ashe,bot:Senna,lineup-908717aedb2e3e09,1,2142.00000000,35.70000000,4,0,8,12.00000000,15826.00000000,22806.00000000,319,638.82352941,0.23684880,0.35029030,46,1.28851541,0.75000000,1036.00000000,850.00000000,19.00000000,0,warmup,,,,,
pg-7b23a7e27c53a6f6,ESPORTSTMNT03/1441011,2020-08-16T07:16:03,2020-08-16,2021,Unknown,0,10.16,Blue,oe:team:3e8e10cb2ed3bdaa31a961c0094c0a6,7more7 Pompa Team Academy,oe:team:4bf1cdb1d7d084e66dbc3e32ba54236,PRIDE,oe:player:577e87ce179374e89e5a62265ddeb8d,Rybson,jng,Volibear,oe:player:5dfd291ca7aeebbe24fc1da06e28357,Nidalee,jng:Volibear,lineup-908717aedb2e3e09,1,2142.00000000,35.70000000,5,1,8,13.00000000,12267.00000000,8395.00000000,176,235.15406162,0.18358551,0.12894357,52,1.45658263,0.81250000,606.00000000,-978.00000000,-42.00000000,0,warmup,,,,,
pg-1bb66e7aba4a9189,ESPORTSTMNT03/1441011,2020-08-16T07:16:03,2020-08-16,2021,Unknown,0,10.16,Blue,oe:team:3e8e10cb2ed3bdaa31a961c0094c0a6,7more7 Pompa Team Academy,oe:team:4bf1cdb1d7d084e66dbc3e32ba54236,PRIDE,oe:player:191720314896a6cc9b8c891f1fe3b3e,Oran,mid,Orianna,oe:player:fe1640e9c1d32d534239e34707ee144,Azir,mid:Orianna,lineup-908717aedb2e3e09,1,2142.00000000,35.70000000,1,2,7,4.00000000,15124.00000000,9683.00000000,373,271.23249300,0.22634281,0.14872669,29,0.81232493,0.50000000,684.00000000,759.00000000,22.00000000,0,warmup,,,,,
pg-68624234c2cdf9f4,ESPORTSTMNT03/1441011,2020-08-16T07:16:03,2020-08-16,2021,Unknown,0,10.16,Blue,oe:team:3e8e10cb2ed3bdaa31a961c0094c0a6,7more7 Pompa Team Academy,oe:team:4bf1cdb1d7d084e66dbc3e32ba54236,PRIDE,oe:player:a031e45f652fc9c95912af14f1770a3,Maquk,sup,Karma,oe:player:6c11403241de4ed54ad453a5d0dd8ef,Lux,sup:Karma,lineup-908717aedb2e3e09,1,2142.00000000,35.70000000,1,0,13,14.00000000,9104.00000000,6901.00000000,34,193.30532213,0.13624867,0.10599638,88,2.46498599,0.87500000,175.00000000,-393.00000000,-23.00000000,0,warmup,,,,,
pg-05aaa4a6308a0730,ESPORTSTMNT03/1441011,2020-08-16T07:16:03,2020-08-16,2021,Unknown,0,10.16,Blue,oe:team:3e8e10cb2ed3bdaa31a961c0094c0a6,7more7 Pompa Team Academy,oe:team:4bf1cdb1d7d084e66dbc3e32ba54236,PRIDE,oe:player:cb5feb1b7314637725a2e73bdc9f729,Color,top,Vladimir,oe:player:66c37b5ad5a083ddd7e1034cb76e089,Camille,top:Vladimir,lineup-908717aedb2e3e09,1,2142.00000000,35.70000000,5,2,3,4.00000000,14498.00000000,17321.00000000,306,485.18207283,0.21697421,0.26604307,42,1.17647059,0.50000000,559.00000000,558.00000000,13.00000000,0,warmup,,,,,
pg-2d0b8befbac215f6,ESPORTSTMNT03/1441011,2020-08-16T07:16:03,2020-08-16,2021,Unknown,0,10.16,Red,oe:team:4bf1cdb1d7d084e66dbc3e32ba54236,PRIDE,oe:team:3e8e10cb2ed3bdaa31a961c0094c0a6,7more7 Pompa Team Academy,oe:player:941d97df2e8706a2cdf71fd71a971ef,itzRenifer,bot,Ashe,oe:player:fc64481e9be7c98479a123b5ece6f9c,Senna,bot:Ashe,lineup-f2ad7c327418db9f,0,2142.00000000,35.70000000,1,1,2,3.00000000,13758.00000000,17198.00000000,300,481.73669468,0.23139023,0.26933317,38,1.06442577,0.60000000,-1036.00000000,-850.00000000,-19.00000000,0,warmup,,,,,
pg-953f8d2e65935969,ESPORTSTMNT03/1441011,2020-08-16T07:16:03,2020-08-16,2021,Unknown,0,10.16,Red,oe:team:4bf1cdb1d7d084e66dbc3e32ba54236,PRIDE,oe:team:3e8e10cb2ed3bdaa31a961c0094c0a6,7more7 Pompa Team Academy,oe:player:5dfd291ca7aeebbe24fc1da06e28357,Kanna,jng,Nidalee,oe:player:577e87ce179374e89e5a62265ddeb8d,Volibear,jng:Nidalee,lineup-f2ad7c327418db9f,0,2142.00000000,35.70000000,1,3,0,0.33333333,11517.00000000,13106.00000000,236,367.11484594,0.19369975,0.20524948,88,2.46498599,0.20000000,-606.00000000,978.00000000,42.00000000,0,warmup,,,,,
pg-344f8bafc8a5750d,ESPORTSTMNT03/1441011,2020-08-16T07:16:03,2020-08-16,2021,Unknown,0,10.16,Red,oe:team:4bf1cdb1d7d084e66dbc3e32ba54236,PRIDE,oe:team:3e8e10cb2ed3bdaa31a961c0094c0a6,7more7 Pompa Team Academy,oe:player:fe1640e9c1d32d534239e34707ee144,Proker,mid,Azir,oe:player:191720314896a6cc9b8c891f1fe3b3e,Orianna,mid:Azir,lineup-f2ad7c327418db9f,0,2142.00000000,35.70000000,2,4,1,0.75000000,13881.00000000,11588.00000000,345,324.59383754,0.23345891,0.18147649,46,1.28851541,0.60000000,-684.00000000,-759.00000000,-22.00000000,0,warmup,,,,,
pg-a9046b7bf716a01d,ESPORTSTMNT03/1441011,2020-08-16T07:16:03,2020-08-16,2021,Unknown,0,10.16,Red,oe:team:4bf1cdb1d7d084e66dbc3e32ba54236,PRIDE,oe:team:3e8e10cb2ed3bdaa31a961c0094c0a6,7more7 Pompa Team Academy,oe:player:6c11403241de4ed54ad453a5d0dd8ef,Syrpy,sup,Lux,oe:player:a031e45f652fc9c95912af14f1770a3,Karma,sup:Lux,lineup-f2ad7c327418db9f,0,2142.00000000,35.70000000,1,3,1,0.66666667,7522.00000000,8366.00000000,52,234.34173669,0.12650947,0.13101763,67,1.87675070,0.40000000,-175.00000000,393.00000000,23.00000000,0,warmup,,,,,
pg-6ced1cf949fd33db,ESPORTSTMNT03/1441011,2020-08-16T07:16:03,2020-08-16,2021,Unknown,0,10.16,Red,oe:team:4bf1cdb1d7d084e66dbc3e32ba54236,PRIDE,oe:team:3e8e10cb2ed3bdaa31a961c0094c0a6,7more7 Pompa Team Academy,oe:player:66c37b5ad5a083ddd7e1034cb76e089,Garp,top,Camille,oe:player:cb5feb1b7314637725a2e73bdc9f729,Vladimir,top:Camille,lineup-f2ad7c327418db9f,0,2142.00000000,35.70000000,0,5,2,0.40000000,12780.00000000,13596.00000000,278,380.84033613,0.21494164,0.21292323,34,0.95238095,0.40000000,-559.00000000,-558.00000000,-13.00000000,0,warmup,,,,,
pg-7928ab959fc68257,ESPORTSTMNT03/1441025,2020-08-16T08:33:34,2020-08-16,2021,Unknown,0,10.16,Blue,oe:team:4bf1cdb1d7d084e66dbc3e32ba54236,PRIDE,oe:team:3e8e10cb2ed3bdaa31a961c0094c0a6,7more7 Pompa Team Academy,oe:player:941d97df2e8706a2cdf71fd71a971ef,itzRenifer,bot,Caitlyn,oe:player:fc64481e9be7c98479a123b5ece6f9c,Ashe,bot:Caitlyn,lineup-f2ad7c327418db9f,0,1768.00000000,29.46666667,1,4,0,0.25000000,10648.00000000,8248.00000000,269,279.90950226,0.23886758,0.18494932,31,1.05203620,0.14285714,945.00000000,-55.00000000,19.00000000,0,warmup,,,,,
pg-01450720b202ac83,ESPORTSTMNT03/1441025,2020-08-16T08:33:34,2020-08-16,2021,Unknown,0,10.16,Blue,oe:team:4bf1cdb1d7d084e66dbc3e32ba54236,PRIDE,oe:team:3e8e10cb2ed3bdaa31a961c0094c0a6,7more7 Pompa Team Academy,oe:player:5dfd291ca7aeebbe24fc1da06e28357,Kanna,jng,Nidalee,oe:player:577e87ce179374e89e5a62265ddeb8d,Lee Sin,jng:Nidalee,lineup-f2ad7c327418db9f,0,1768.00000000,29.46666667,0,6,3,0.50000000,7892.00000000,5315.00000000,152,180.37330317,0.17704197,0.11918109,52,1.76470588,0.42857143,-1405.00000000,-1032.00000000,-12.00000000,0,warmup,,,,,
pg-db619d74ba05bae0,ESPORTSTMNT03/1441025,2020-08-16T08:33:34,2020-08-16,2021,Unknown,0,10.16,Blue,oe:team:4bf1cdb1d7d084e66dbc3e32ba54236,PRIDE,oe:team:3e8e10cb2ed3bdaa31a961c0094c0a6,7more7 Pompa Team Academy,oe:player:fe1640e9c1d32d534239e34707ee144,Proker,mid,Viktor,oe:player:191720314896a6cc9b8c891f1fe3b3e,Orianna,mid:Viktor,lineup-f2ad7c327418db9f,0,1768.00000000,29.46666667,4,2,2,3.00000000,11132.00000000,17013.00000000,235,577.36425339,0.24972519,0.38149161,19,0.64479638,0.85714286,34.00000000,200.00000000,-13.00000000,0,warmup,,,,,
pg-aa9edde3ef7d99b9,ESPORTSTMNT03/1441025,2020-08-16T08:33:34,2020-08-16,2021,Unknown,0,10.16,Blue,oe:team:4bf1cdb1d7d084e66dbc3e32ba54236,PRIDE,oe:team:3e8e10cb2ed3bdaa31a961c0094c0a6,7more7 Pompa Team Academy,oe:player:6c11403241de4ed54ad453a5d0dd8ef,Syrpy,sup,Lux,oe:player:a031e45f652fc9c95912af14f1770a3,Karma,sup:Lux,lineup-f2ad7c327418db9f,0,1768.00000000,29.46666667,0,4,2,0.50000000,6031.00000000,3864.00000000,35,131.13122172,0.13529399,0.08664454,67,2.27375566,0.28571429,734.00000000,501.00000000,14.00000000,0,warmup,,,,,
pg-97030d3dc6091ba1,ESPORTSTMNT03/1441025,2020-08-16T08:33:34,2020-08-16,2021,Unknown,0,10.16,Blue,oe:team:4bf1cdb1d7d084e66dbc3e32ba54236,PRIDE,oe:team:3e8e10cb2ed3bdaa31a961c0094c0a6,7more7 Pompa Team Academy,oe:player:66c37b5ad5a083ddd7e1034cb76e089,Garp,top,Ornn,oe:player:cb5feb1b7314637725a2e73bdc9f729,Camille,top:Ornn,lineup-f2ad7c327418db9f,0,1768.00000000,29.46666667,2,5,3,1.00000000,8874.00000000,10156.00000000,166,344.66063348,0.19907127,0.22773343,15,0.50904977,0.71428571,-743.00000000,-760.00000000,-37.00000000,0,warmup,,,,,
pg-cb2d7d2bae50cb92,ESPORTSTMNT03/1441025,2020-08-16T08:33:34,2020-08-16,2021,Unknown,0,10.16,Red,oe:team:3e8e10cb2ed3bdaa31a961c0094c0a6,7more7 Pompa Team Academy,oe:team:4bf1cdb1d7d084e66dbc3e32ba54236,PRIDE,oe:player:fc64481e9be7c98479a123b5ece6f9c,defles,bot,Ashe,oe:player:941d97df2e8706a2cdf71fd71a971ef,Caitlyn,bot:Ashe,lineup-908717aedb2e3e09,1,1768.00000000,29.46666667,6,1,6,12.00000000,13339.00000000,12039.00000000,308,408.56334842,0.22960273,0.19509310,58,1.96832579,0.57142857,-945.00000000,55.00000000,-19.00000000,0,warmup,,,,,
pg-721e916ae3178ef6,ESPORTSTMNT03/1441025,2020-08-16T08:33:34,2020-08-16,2021,Unknown,0,10.16,Red,oe:team:3e8e10cb2ed3bdaa31a961c0094c0a6,7more7 Pompa Team Academy,oe:team:4bf1cdb1d7d084e66dbc3e32ba54236,PRIDE,oe:player:577e87ce179374e89e5a62265ddeb8d,Rybson,jng,Lee Sin,oe:player:5dfd291ca7aeebbe24fc1da06e28357,Nidalee,jng:Lee Sin,lineup-908717aedb2e3e09,1,1768.00000000,29.46666667,3,3,9,4.00000000,11575.00000000,10541.00000000,210,357.72624434,0.19923919,0.17081787,44,1.49321267,0.57142857,1405.00000000,1032.00000000,12.00000000,0,warmup,,,,,
pg-a75dd0ac9df47186,ESPORTSTMNT03/1441025,2020-08-16T08:33:34,2020-08-16,2021,Unknown,0,10.16,Red,oe:team:3e8e10cb2ed3bdaa31a961c0094c0a6,7more7 Pompa Team Academy,oe:team:4bf1cdb1d7d084e66dbc3e32ba54236,PRIDE,oe:player:191720314896a6cc9b8c891f1fe3b3e,Oran,mid,Orianna,oe:player:fe1640e9c1d32d534239e34707ee144,Viktor,mid:Orianna,lineup-908717aedb2e3e09,1,1768.00000000,29.46666667,7,1,8,15.00000000,13444.00000000,16406.00000000,272,556.76470588,0.23141008,0.26586073,33,1.11990950,0.71428571,-34.00000000,-200.00000000,13.00000000,0,warmup,,,,,
pg-9ccbbe948cd3c3e3,ESPORTSTMNT03/1441025,2020-08-16T08:33:34,2020-08-16,2021,Unknown,0,10.16,Red,oe:team:3e8e10cb2ed3bdaa31a961c0094c0a6,7more7 Pompa Team Academy,oe:team:4bf1cdb1d7d084e66dbc3e32ba54236,PRIDE,oe:player:a031e45f652fc9c95912af14f1770a3,Maquk,sup,Karma,oe:player:6c11403241de4ed54ad453a5d0dd8ef,Lux,sup:Karma,lineup-908717aedb2e3e09,1,1768.00000000,29.46666667,0,1,13,13.00000000,6450.00000000,4922.00000000,17,167.03619910,0.11102313,0.07976146,54,1.83257919,0.61904762,-734.00000000,-501.00000000,-14.00000000,0,warmup,,,,,
pg-01ab0b2d4ddfc175,ESPORTSTMNT03/1441025,2020-08-16T08:33:34,2020-08-16,2021,Unknown,0,10.16,Red,oe:team:3e8e10cb2ed3bdaa31a961c0094c0a6,7more7 Pompa Team Academy,oe:team:4bf1cdb1d7d084e66dbc3e32ba54236,PRIDE,oe:player:cb5feb1b7314637725a2e73bdc9f729,Color,top,Camille,oe:player:66c37b5ad5a083ddd7e1034cb76e089,Ornn,top:Camille,lineup-908717aedb2e3e09,1,1768.00000000,29.46666667,5,1,8,13.00000000,13288.00000000,17801.00000000,239,604.10633484,0.22872487,0.28846684,31,1.05203620,0.61904762,743.00000000,760.00000000,37.00000000,0,warmup,,,,,
pg-805a91a4a5fab142,ESPORTSTMNT03/1441041,2020-08-16T09:44:38,2020-08-16,2021,Unknown,0,10.16,Blue,oe:team:4bf1cdb1d7d084e66dbc3e32ba54236,PRIDE,oe:team:3e8e10cb2ed3bdaa31a961c0094c0a6,7more7 Pompa Team Academy,oe:player:941d97df2e8706a2cdf71fd71a971ef,itzRenifer,bot,Caitlyn,oe:player:fc64481e9be7c98479a123b5ece6f9c,Jhin,bot:Caitlyn,lineup-f2ad7c327418db9f,0,1505.00000000,25.08333333,4,2,2,3.00000000,11132.00000000,22458.00000000,233,895.33554817,0.27846708,0.36696678,16,0.63787375,0.60000000,2087.00000000,890.00000000,18.00000000,0,warmup,,,,,
pg-cf043bb2b812c344,ESPORTSTMNT03/1441041,2020-08-16T09:44:38,2020-08-16,2021,Unknown,0,10.16,Blue,oe:team:4bf1cdb1d7d084e66dbc3e32ba54236,PRIDE,oe:team:3e8e10cb2ed3bdaa31a961c0094c0a6,7more7 Pompa Team Academy,oe:player:5dfd291ca7aeebbe24fc1da06e28357,Kanna,jng,Sejuani,oe:player:577e87ce179374e89e5a62265ddeb8d,Nunu & Willump,jng:Sejuani,lineup-f2ad7c327418db9f,0,1505.00000000,25.08333333,2,6,4,1.00000000,7156.00000000,7135.00000000,118,284.45182724,0.17900740,0.11658687,47,1.87375415,0.60000000,-1358.00000000,-2632.00000000,-32.00000000,0,warmup,,,,,
pg-9690185d787e8234,ESPORTSTMNT03/1441041,2020-08-16T09:44:38,2020-08-16,2021,Unknown,0,10.16,Blue,oe:team:4bf1cdb1d7d084e66dbc3e32ba54236,PRIDE,oe:team:3e8e10cb2ed3bdaa31a961c0094c0a6,7more7 Pompa Team Academy,oe:player:fe1640e9c1d32d534239e34707ee144,Proker,mid,Akali,oe:player:191720314896a6cc9b8c891f1fe3b3e,Azir,mid:Akali,lineup-f2ad7c327418db9f,0,1505.00000000,25.08333333,2,6,1,0.50000000,7350.00000000,8930.00000000,149,356.01328904,0.18386032,0.14591742,12,0.47840532,0.30000000,70.00000000,-464.00000000,0.00000000,0,warmup,,,,,
pg-b38ea0943f375be3,ESPORTSTMNT03/1441041,2020-08-16T09:44:38,2020-08-16,2021,Unknown,0,10.16,Blue,oe:team:4bf1cdb1d7d084e66dbc3e32ba54236,PRIDE,oe:team:3e8e10cb2ed3bdaa31a961c0094c0a6,7more7 Pompa Team Academy,oe:player:6c11403241de4ed54ad453a5d0dd8ef,Syrpy,sup,Pantheon,oe:player:a031e45f652fc9c95912af14f1770a3,Nautilus,sup:Pantheon,lineup-f2ad7c327418db9f,0,1505.00000000,25.08333333,2,7,6,1.14285714,7000.00000000,9378.00000000,46,373.87375415,0.17510506,0.15323780,63,2.51162791,0.80000000,1048.00000000,900.00000000,0.00000000,0,warmup,,,,,
pg-d554c989c9ef10eb,ESPORTSTMNT03/1441041,2020-08-16T09:44:38,2020-08-16,2021,Unknown,0,10.16,Blue,oe:team:4bf1cdb1d7d084e66dbc3e32ba54236,PRIDE,oe:team:3e8e10cb2ed3bdaa31a961c0094c0a6,7more7 Pompa Team Academy,oe:player:66c37b5ad5a083ddd7e1034cb76e089,Garp,top,Gangplank,oe:player:cb5feb1b7314637725a2e73bdc9f729,Kayle,top:Gangplank,lineup-f2ad7c327418db9f,0,1505.00000000,25.08333333,0,4,2,0.50000000,7338.00000000,13298.00000000,130,530.15282392,0.18356014,0.21729113,13,0.51827243,0.20000000,-2657.00000000,-1881.00000000,-51.00000000,0,warmup,,,,,
pg-d54306f68f844fef,ESPORTSTMNT03/1441041,2020-08-16T09:44:38,2020-08-16,2021,Unknown,0,10.16,Red,oe:team:3e8e10cb2ed3bdaa31a961c0094c0a6,7more7 Pompa Team Academy,oe:team:4bf1cdb1d7d084e66dbc3e32ba54236,PRIDE,oe:player:fc64481e9be7c98479a123b5ece6f9c,defles,bot,Jhin,oe:player:941d97df2e8706a2cdf71fd71a971ef,Caitlyn,bot:Jhin,lineup-908717aedb2e3e09,1,1505.00000000,25.08333333,7,0,8,15.00000000,11742.00000000,19189.00000000,213,765.00996678,0.22273650,0.24658502,19,0.75747508,0.60000000,-2087.00000000,-890.00000000,-18.00000000,0,warmup,,,,,
pg-f17059529978b371,ESPORTSTMNT03/1441041,2020-08-16T09:44:38,2020-08-16,2021,Unknown,0,10.16,Red,oe:team:3e8e10cb2ed3bdaa31a961c0094c0a6,7more7 Pompa Team Academy,oe:team:4bf1cdb1d7d084e66dbc3e32ba54236,PRIDE,oe:player:577e87ce179374e89e5a62265ddeb8d,Rybson,jng,Nunu & Willump,oe:player:5dfd291ca7aeebbe24fc1da06e28357,Sejuani,jng:Nunu & Willump,lineup-908717aedb2e3e09,1,1505.00000000,25.08333333,6,2,14,10.00000000,11351.00000000,14449.00000000,166,576.03986711,0.21531954,0.18567445,25,0.99667774,0.80000000,1358.00000000,2632.00000000,32.00000000,0,warmup,,,,,
pg-8b692069722e9de5,ESPORTSTMNT03/1441041,2020-08-16T09:44:38,2020-08-16,2021,Unknown,0,10.16,Red,oe:team:3e8e10cb2ed3bdaa31a961c0094c0a6,7more7 Pompa Team Academy,oe:team:4bf1cdb1d7d084e66dbc3e32ba54236,PRIDE,oe:player:191720314896a6cc9b8c891f1fe3b3e,Oran,mid,Azir,oe:player:fe1640e9c1d32d534239e34707ee144,Akali,mid:Azir,lineup-908717aedb2e3e09,1,1505.00000000,25.08333333,1,3,7,2.66666667,7972.00000000,8004.00000000,147,319.09634551,0.15122257,0.10285406,22,0.87707641,0.32000000,-70.00000000,464.00000000,0.00000000,0,warmup,,,,,
pg-cbf7d6518b4ff9cd,ESPORTSTMNT03/1441041,2020-08-16T09:44:38,2020-08-16,2021,Unknown,0,10.16,Red,oe:team:3e8e10cb2ed3bdaa31a961c0094c0a6,7more7 Pompa Team Academy,oe:team:4bf1cdb1d7d084e66dbc3e32ba54236,PRIDE,oe:player:a031e45f652fc9c95912af14f1770a3,Maquk,sup,Nautilus,oe:player:6c11403241de4ed54ad453a5d0dd8ef,Pantheon,sup:Nautilus,lineup-908717aedb2e3e09,1,1505.00000000,25.08333333,1,5,10,2.20000000,6506.00000000,4270.00000000,39,170.23255814,0.12341370,0.05487092,57,2.27242525,0.44000000,-1048.00000000,-900.00000000,0.00000000,0,warmup,,,,,
pg-568c87dfd8319968,ESPORTSTMNT03/1441041,2020-08-16T09:44:38,2020-08-16,2021,Unknown,0,10.16,Red,oe:team:3e8e10cb2ed3bdaa31a961c0094c0a6,7more7 Pompa Team Academy,oe:team:4bf1cdb1d7d084e66dbc3e32ba54236,PRIDE,oe:player:cb5feb1b7314637725a2e73bdc9f729,Color,top,Kayle,oe:player:66c37b5ad5a083ddd7e1034cb76e089,Gangplank,top:Kayle,lineup-908717aedb2e3e09,1,1505.00000000,25.08333333,10,0,9,19.00000000,15146.00000000,31907.00000000,238,1272.03986711,0.28730770,0.41001555,31,1.23588040,0.76000000,2657.00000000,1881.00000000,51.00000000,0,warmup,,,,,
pg-cd7b6e3a5a63a3d9,ESPORTSTMNT03/1441051,2020-08-16T10:30:29,2020-08-16,2021,Unknown,0,10.16,Blue,oe:team:c4360b2f59028db18a7d5b19ec74bcb,piratesports,name-team-bbf4d270ed871a83,unknown team,oe:player:6a3d4c9bc2f9b89b21dfbbb2212c865,Mis,bot,Senna,oe:player:f12b5cb6a2f280205cec33bf1c02e08,Kalista,bot:Senna,lineup-9e6e318aa1052479,1,2246.00000000,37.43333333,8,4,12,5.00000000,15232.00000000,20044.00000000,265,535.45859305,0.22540213,0.26285145,42,1.12199466,0.86956522,-642.00000000,-184.00000000,-19.00000000,0,warmup,,,,,
pg-b1b37ce386e1a628,ESPORTSTMNT03/1441051,2020-08-16T10:30:29,2020-08-16,2021,Unknown,0,10.16,Blue,oe:team:c4360b2f59028db18a7d5b19ec74bcb,piratesports,name-team-bbf4d270ed871a83,unknown team,oe:player:6b7ca7e0fcad1f113f17bc2d30adbf5,adi1,jng,Sett,oe:player:24807d9986c4fda13d994791032cde1,Lee Sin,jng:Sett,lineup-9e6e318aa1052479,1,2246.00000000,37.43333333,3,4,12,3.75000000,11129.00000000,8869.00000000,156,236.92787177,0.16468621,0.11630560,41,1.09528050,0.65217391,70.00000000,636.00000000,4.00000000,0,warmup,,,,,
pg-bc54f7ee473bd252,ESPORTSTMNT03/1441051,2020-08-16T10:30:29,2020-08-16,2021,Unknown,0,10.16,Blue,oe:team:c4360b2f59028db18a7d5b19ec74bcb,piratesports,name-team-bbf4d270ed871a83,unknown team,oe:player:efde1a9fe9e6f1059c3fce2ec296fae,many,mid,Corki,oe:player:0898caa28dac1d90666f2ac14691d55,Orianna,mid:Corki,lineup-9e6e318aa1052479,1,2246.00000000,37.43333333,8,0,6,14.00000000,19452.00000000,26067.00000000,383,696.35796972,0.28784942,0.34183540,33,0.88156723,0.60869565,-233.00000000,104.00000000,-17.00000000,0,warmup,,,,,
pg-45cdd6ccb2c2d40c,ESPORTSTMNT03/1441051,2020-08-16T10:30:29,2020-08-16,2021,Unknown,0,10.16,Blue,oe:team:c4360b2f59028db18a7d5b19ec74bcb,piratesports,name-team-bbf4d270ed871a83,unknown team,oe:player:e9bee56fd3bd016baf8da8219cdb0ea,GEPARDINHO5,sup,Braum,oe:player:1f111e88abd984a347713f070de73e3,Nautilus,sup:Braum,lineup-9e6e318aa1052479,1,2246.00000000,37.43333333,1,4,19,5.00000000,8802.00000000,6834.00000000,40,182.56455922,0.13025142,0.08961918,83,2.21727516,0.86956522,-10.00000000,0.00000000,13.00000000,0,warmup,,,,,
pg-0d24c77e3786028f,ESPORTSTMNT03/1441051,2020-08-16T10:30:29,2020-08-16,2021,Unknown,0,10.16,Blue,oe:team:c4360b2f59028db18a7d5b19ec74bcb,piratesports,name-team-bbf4d270ed871a83,unknown team,oe:player:e93fad90f312c1f10c64b60e5ba17c7,sheru,top,Malphite,oe:player:88183b946cc5f0e8c96b2e66e1c74a7,Mordekaiser,top:Malphite,lineup-9e6e318aa1052479,1,2246.00000000,37.43333333,3,1,14,17.00000000,12962.00000000,14442.00000000,229,385.80587711,0.19181082,0.18938838,40,1.06856634,0.73913043,-1342.00000000,-887.00000000,-45.00000000,0,warmup,,,,,
pg-a4ae8aa1c3be4f36,ESPORTSTMNT03/1441051,2020-08-16T10:30:29,2020-08-16,2021,Unknown,0,10.16,Red,name-team-bbf4d270ed871a83,unknown team,oe:team:c4360b2f59028db18a7d5b19ec74bcb,piratesports,oe:player:f12b5cb6a2f280205cec33bf1c02e08,Ather,bot,Kalista,oe:player:6a3d4c9bc2f9b89b21dfbbb2212c865,Senna,bot:Kalista,lineup-edf2fe44c3ac22a7,0,2246.00000000,37.43333333,5,5,5,2.00000000,15878.00000000,15201.00000000,362,406.08192342,0.24640358,0.24643343,39,1.04185218,0.76923077,642.00000000,184.00000000,19.00000000,0,warmup,,,,,
pg-711fef90a1feb0f2,ESPORTSTMNT03/1441051,2020-08-16T10:30:29,2020-08-16,2021,Unknown,0,10.16,Red,name-team-bbf4d270ed871a83,unknown team,oe:team:c4360b2f59028db18a7d5b19ec74bcb,piratesports,oe:player:24807d9986c4fda13d994791032cde1,Ben3k,jng,Lee Sin,oe:player:6b7ca7e0fcad1f113f17bc2d30adbf5,Sett,jng:Lee Sin,lineup-edf2fe44c3ac22a7,0,2246.00000000,37.43333333,0,6,7,1.16666667,9923.00000000,5543.00000000,174,148.07658059,0.15399060,0.08986123,61,1.62956367,0.53846154,-70.00000000,-636.00000000,-4.00000000,0,warmup,,,,,
pg-79738112f5b05f1d,ESPORTSTMNT03/1441051,2020-08-16T10:30:29,2020-08-16,2021,Unknown,0,10.16,Red,name-team-bbf4d270ed871a83,unknown team,oe:team:c4360b2f59028db18a7d5b19ec74bcb,piratesports,oe:player:0898caa28dac1d90666f2ac14691d55,niQ,mid,Orianna,oe:player:efde1a9fe9e6f1059c3fce2ec296fae,Corki,mid:Orianna,lineup-edf2fe44c3ac22a7,0,2246.00000000,37.43333333,1,4,6,1.75000000,14522.00000000,15411.00000000,357,411.69189671,0.22536042,0.24983788,37,0.98842386,0.53846154,233.00000000,-104.00000000,17.00000000,0,warmup,,,,,
pg-ed91c98c6e2004ab,ESPORTSTMNT03/1441051,2020-08-16T10:30:29,2020-08-16,2021,Unknown,0,10.16,Red,name-team-bbf4d270ed871a83,unknown team,oe:team:c4360b2f59028db18a7d5b19ec74bcb,piratesports,oe:player:1f111e88abd984a347713f070de73e3,kubYD,sup,Nautilus,oe:player:e9bee56fd3bd016baf8da8219cdb0ea,Braum,sup:Nautilus,lineup-edf2fe44c3ac22a7,0,2246.00000000,37.43333333,1,5,5,1.20000000,7752.00000000,5433.00000000,35,145.13802315,0.12029982,0.08807795,83,2.21727516,0.46153846,10.00000000,0.00000000,-13.00000000,0,warmup,,,,,
pg-0ab3d675c0440d1e,ESPORTSTMNT03/1441051,2020-08-16T10:30:29,2020-08-16,2021,Unknown,0,10.16,Red,name-team-bbf4d270ed871a83,unknown team,oe:team:c4360b2f59028db18a7d5b19ec74bcb,piratesports,oe:player:88183b946cc5f0e8c96b2e66e1c74a7,Unknown,top,Mordekaiser,oe:player:e93fad90f312c1f10c64b60e5ba17c7,Malphite,top:Mordekaiser,lineup-edf2fe44c3ac22a7,0,2246.00000000,37.43333333,6,3,1,2.33333333,16364.00000000,20096.00000000,348,536.84772930,0.25394559,0.32578951,50,1.33570793,0.53846154,1342.00000000,887.00000000,45.00000000,0,warmup,,,,,
pg-7cdd12ba886efca2,ESPORTSTMNT03/1441061,2020-08-16T11:59:40,2020-08-16,2021,Unknown,0,10.16,Blue,name-team-bbf4d270ed871a83,unknown team,oe:team:c4360b2f59028db18a7d5b19ec74bcb,piratesports,oe:player:f12b5cb6a2f280205cec33bf1c02e08,Ather,bot,Aphelios,oe:player:6a3d4c9bc2f9b89b21dfbbb2212c865,Senna,bot:Aphelios,lineup-edf2fe44c3ac22a7,1,1598.00000000,26.63333333,4,3,9,4.33333333,11861.00000000,18456.00000000,237,692.96620776,0.21235342,0.26086219,30,1.12640801,0.56521739,334.00000000,730.00000000,-2.00000000,0,warmup,,,,,
pg-dc6c00e8c5afb111,ESPORTSTMNT03/1441061,2020-08-16T11:59:40,2020-08-16,2021,Unknown,0,10.16,Blue,name-team-bbf4d270ed871a83,unknown team,oe:team:c4360b2f59028db18a7d5b19ec74bcb,piratesports,oe:player:24807d9986c4fda13d994791032cde1,Ben3k,jng,Volibear,oe:player:6b7ca7e0fcad1f113f17bc2d30adbf5,Trundle,jng:Volibear,lineup-edf2fe44c3ac22a7,1,1598.00000000,26.63333333,5,2,10,7.50000000,11631.00000000,10936.00000000,172,410.61326658,0.20823561,0.15457244,23,0.86357947,0.65217391,2098.00000000,2399.00000000,47.00000000,0,warmup,,,,,
pg-e80817ab13b2557f,ESPORTSTMNT03/1441061,2020-08-16T11:59:40,2020-08-16,2021,Unknown,0,10.16,Blue,name-team-bbf4d270ed871a83,unknown team,oe:team:c4360b2f59028db18a7d5b19ec74bcb,piratesports,oe:player:0898caa28dac1d90666f2ac14691d55,niQ,mid,Akali,oe:player:efde1a9fe9e6f1059c3fce2ec296fae,Azir,mid:Akali,lineup-edf2fe44c3ac22a7,1,1598.00000000,26.63333333,5,2,3,4.00000000,10872.00000000,13555.00000000,217,508.94868586,0.19464685,0.19159011,25,0.93867334,0.34782609,24.00000000,370.00000000,0.00000000,0,warmup,,,,,
pg-c7bfe6517e27e760,ESPORTSTMNT03/1441061,2020-08-16T11:59:40,2020-08-16,2021,Unknown,0,10.16,Blue,name-team-bbf4d270ed871a83,unknown team,oe:team:c4360b2f59028db18a7d5b19ec74bcb,piratesports,oe:player:1f111e88abd984a347713f070de73e3,kubYD,sup,Thresh,oe:player:e9bee56fd3bd016baf8da8219cdb0ea,Nautilus,sup:Thresh,lineup-edf2fe44c3ac22a7,1,1598.00000000,26.63333333,2,3,12,4.66666667,7298.00000000,5462.00000000,23,205.08135169,0.13065974,0.07720141,43,1.61451815,0.60869565,604.00000000,-389.00000000,-8.00000000,0,warmup,,,,,
pg-9719bd2e56c8d557,ESPORTSTMNT03/1441061,2020-08-16T11:59:40,2020-08-16,2021,Unknown,0,10.16,Blue,name-team-bbf4d270ed871a83,unknown team,oe:team:c4360b2f59028db18a7d5b19ec74bcb,piratesports,oe:player:88183b946cc5f0e8c96b2e66e1c74a7,Unknown,top,Neeko,oe:player:e93fad90f312c1f10c64b60e5ba17c7,Ornn,top:Neeko,lineup-edf2fe44c3ac22a7,1,1598.00000000,26.63333333,7,3,4,3.66666667,14193.00000000,22341.00000000,252,838.83604506,0.25410438,0.31577385,31,1.16395494,0.47826087,3150.00000000,854.00000000,40.00000000,0,warmup,,,,,
pg-adf948b7d1544ead,ESPORTSTMNT03/1441061,2020-08-16T11:59:40,2020-08-16,2021,Unknown,0,10.16,Red,oe:team:c4360b2f59028db18a7d5b19ec74bcb,piratesports,name-team-bbf4d270ed871a83,unknown team,oe:player:6a3d4c9bc2f9b89b21dfbbb2212c865,Mis,bot,Senna,oe:player:f12b5cb6a2f280205cec33bf1c02e08,Aphelios,bot:Senna,lineup-9e6e318aa1052479,0,1598.00000000,26.63333333,2,5,7,1.80000000,8660.00000000,11071.00000000,185,415.68210263,0.20374553,0.20924211,14,0.52565707,0.69230769,-334.00000000,-730.00000000,2.00000000,0,warmup,,,,,
pg-ebaefcffd5b05510,ESPORTSTMNT03/1441061,2020-08-16T11:59:40,2020-08-16,2021,Unknown,0,10.16,Red,oe:team:c4360b2f59028db18a7d5b19ec74bcb,piratesports,name-team-bbf4d270ed871a83,unknown team,oe:player:6b7ca7e0fcad1f113f17bc2d30adbf5,adi1,jng,Trundle,oe:player:24807d9986c4fda13d994791032cde1,Volibear,jng:Trundle,lineup-9e6e318aa1052479,0,1598.00000000,26.63333333,2,7,7,1.28571429,7080.00000000,5404.00000000,97,202.90362954,0.16657256,0.10213570,29,1.08886108,0.69230769,-2098.00000000,-2399.00000000,-47.00000000,0,warmup,,,,,
pg-4aecb1cc0077b767,ESPORTSTMNT03/1441061,2020-08-16T11:59:40,2020-08-16,2021,Unknown,0,10.16,Red,oe:team:c4360b2f59028db18a7d5b19ec74bcb,piratesports,name-team-bbf4d270ed871a83,unknown team,oe:player:efde1a9fe9e6f1059c3fce2ec296fae,many,mid,Azir,oe:player:0898caa28dac1d90666f2ac14691d55,Akali,mid:Azir,lineup-9e6e318aa1052479,0,1598.00000000,26.63333333,5,4,4,2.25000000,10872.00000000,20375.00000000,228,765.01877347,0.25578769,0.38508789,21,0.78848561,0.69230769,-24.00000000,-370.00000000,0.00000000,0,warmup,,,,,
pg-d44528d147db9f71,ESPORTSTMNT03/1441061,2020-08-16T11:59:40,2020-08-16,2021,Unknown,0,10.16,Red,oe:team:c4360b2f59028db18a7d5b19ec74bcb,piratesports,name-team-bbf4d270ed871a83,unknown team,oe:player:e9bee56fd3bd016baf8da8219cdb0ea,GEPARDINHO5,sup,Nautilus,oe:player:1f111e88abd984a347713f070de73e3,Thresh,sup:Nautilus,lineup-9e6e318aa1052479,0,1598.00000000,26.63333333,0,4,7,1.75000000,5673.00000000,5811.00000000,34,218.18523154,0.13346979,0.10982801,43,1.61451815,0.53846154,-604.00000000,389.00000000,8.00000000,0,warmup,,,,,
pg-67270a7747a33ea3,ESPORTSTMNT03/1441061,2020-08-16T11:59:40,2020-08-16,2021,Unknown,0,10.16,Red,oe:team:c4360b2f59028db18a7d5b19ec74bcb,piratesports,name-team-bbf4d270ed871a83,unknown team,oe:player:e93fad90f312c1f10c64b60e5ba17c7,sheru,top,Ornn,oe:player:88183b946cc5f0e8c96b2e66e1c74a7,Neeko,top:Ornn,lineup-9e6e318aa1052479,0,1598.00000000,26.63333333,4,3,5,3.00000000,10219.00000000,10249.00000000,186,384.81852315,0.24042443,0.19370629,18,0.67584481,0.69230769,-3150.00000000,-854.00000000,-40.00000000,0,warmup,,,,,
pg-08c090b4eb71fb0a,ESPORTSTMNT03/1441065,2020-08-16T12:39:33,2020-08-16,2021,Unknown,0,10.16,Blue,oe:team:c4360b2f59028db18a7d5b19ec74bcb,piratesports,name-team-bbf4d270ed871a83,unknown team,oe:player:6a3d4c9bc2f9b89b21dfbbb2212c865,Mis,bot,Ashe,oe:player:f12b5cb6a2f280205cec33bf1c02e08,Aphelios,bot:Ashe,lineup-9e6e318aa1052479,0,2617.00000000,43.61666667,4,2,6,5.00000000,16591.00000000,26036.00000000,358,596.92777990,0.23424352,0.31018872,57,1.30683989,0.50000000,295.00000000,313.00000000,-6.00000000,0,warmup,,,,,
pg-9d0839d30d637a9e,ESPORTSTMNT03/1441065,2020-08-16T12:39:33,2020-08-16,2021,Unknown,0,10.16,Blue,oe:team:c4360b2f59028db18a7d5b19ec74bcb,piratesports,name-team-bbf4d270ed871a83,unknown team,oe:player:6b7ca7e0fcad1f113f17bc2d30adbf5,adi1,jng,Lee Sin,oe:player:24807d9986c4fda13d994791032cde1,Rek'Sai,jng:Lee Sin,lineup-9e6e318aa1052479,0,2617.00000000,43.61666667,5,6,6,1.83333333,15422.00000000,14956.00000000,275,342.89644631,0.21773875,0.17818338,87,1.99465036,0.55000000,2312.00000000,1609.00000000,39.00000000,0,warmup,,,,,
pg-cc46cd1a17f14165,ESPORTSTMNT03/1441065,2020-08-16T12:39:33,2020-08-16,2021,Unknown,0,10.16,Blue,oe:team:c4360b2f59028db18a7d5b19ec74bcb,piratesports,name-team-bbf4d270ed871a83,unknown team,oe:player:efde1a9fe9e6f1059c3fce2ec296fae,many,mid,Zoe,oe:player:0898caa28dac1d90666f2ac14691d55,LeBlanc,mid:Zoe,lineup-9e6e318aa1052479,0,2617.00000000,43.61666667,2,6,6,1.33333333,13163.00000000,20398.00000000,264,467.66526557,0.18584458,0.24301849,35,0.80244555,0.40000000,-1139.00000000,-1307.00000000,-13.00000000,0,warmup,,,,,
pg-59f52661f1742656,ESPORTSTMNT03/1441065,2020-08-16T12:39:33,2020-08-16,2021,Unknown,0,10.16,Blue,oe:team:c4360b2f59028db18a7d5b19ec74bcb,piratesports,name-team-bbf4d270ed871a83,unknown team,oe:player:e9bee56fd3bd016baf8da8219cdb0ea,GEPARDINHO5,sup,Braum,oe:player:1f111e88abd984a347713f070de73e3,Thresh,sup:Braum,lineup-9e6e318aa1052479,0,2617.00000000,43.61666667,2,5,10,2.40000000,9908.00000000,4676.00000000,29,107.20672526,0.13988818,0.05570911,90,2.06343141,0.60000000,-40.00000000,254.00000000,2.00000000,0,warmup,,,,,
pg-51b96803ea45d480,ESPORTSTMNT03/1441065,2020-08-16T12:39:33,2020-08-16,2021,Unknown,0,10.16,Blue,oe:team:c4360b2f59028db18a7d5b19ec74bcb,piratesports,name-team-bbf4d270ed871a83,unknown team,oe:player:e93fad90f312c1f10c64b60e5ba17c7,sheru,top,Sylas,oe:player:88183b946cc5f0e8c96b2e66e1c74a7,Ornn,top:Sylas,lineup-9e6e318aa1052479,0,2617.00000000,43.61666667,7,3,4,3.66666667,15744.00000000,17870.00000000,302,409.70576997,0.22228497,0.21290030,33,0.75659152,0.55000000,1641.00000000,1127.00000000,28.00000000,0,warmup,,,,,
pg-c3d873f675c0cf3a,ESPORTSTMNT03/1441065,2020-08-16T12:39:33,2020-08-16,2021,Unknown,0,10.16,Red,name-team-bbf4d270ed871a83,unknown team,oe:team:c4360b2f59028db18a7d5b19ec74bcb,piratesports,oe:player:f12b5cb6a2f280205cec33bf1c02e08,Ather,bot,Aphelios,oe:player:6a3d4c9bc2f9b89b21dfbbb2212c865,Ashe,bot:Aphelios,lineup-edf2fe44c3ac22a7,1,2617.00000000,43.61666667,4,2,8,6.00000000,20530.00000000,14252.00000000,420,326.75582728,0.25867500,0.19722403,29,0.66488345,0.54545455,-295.00000000,-313.00000000,6.00000000,0,warmup,,,,,
pg-c0cc23910e82b8f5,ESPORTSTMNT03/1441065,2020-08-16T12:39:33,2020-08-16,2021,Unknown,0,10.16,Red,name-team-bbf4d270ed871a83,unknown team,oe:team:c4360b2f59028db18a7d5b19ec74bcb,piratesports,oe:player:24807d9986c4fda13d994791032cde1,Ben3k,jng,Rek'Sai,oe:player:6b7ca7e0fcad1f113f17bc2d30adbf5,Lee Sin,jng:Rek'Sai,lineup-edf2fe44c3ac22a7,1,2617.00000000,43.61666667,5,6,8,2.16666667,14855.00000000,12928.00000000,217,296.40045854,0.18717083,0.17890207,96,2.20099350,0.59090909,-2312.00000000,-1609.00000000,-39.00000000,0,warmup,,,,,
pg-404b9d428cd7ed84,ESPORTSTMNT03/1441065,2020-08-16T12:39:33,2020-08-16,2021,Unknown,0,10.16,Red,name-team-bbf4d270ed871a83,unknown team,oe:team:c4360b2f59028db18a7d5b19ec74bcb,piratesports,oe:player:0898caa28dac1d90666f2ac14691d55,niQ,mid,LeBlanc,oe:player:efde1a9fe9e6f1059c3fce2ec296fae,Zoe,mid:LeBlanc,lineup-edf2fe44c3ac22a7,1,2617.00000000,43.61666667,8,3,7,5.00000000,17770.00000000,24827.00000000,296,569.20901796,0.22389940,0.34356448,79,1.81123424,0.68181818,1139.00000000,1307.00000000,13.00000000,0,warmup,,,,,
pg-8d35f6a168cb5947,ESPORTSTMNT03/1441065,2020-08-16T12:39:33,2020-08-16,2021,Unknown,0,10.16,Red,name-team-bbf4d270ed871a83,unknown team,oe:team:c4360b2f59028db18a7d5b19ec74bcb,piratesports,oe:player:1f111e88abd984a347713f070de73e3,kubYD,sup,Thresh,oe:player:e9bee56fd3bd016baf8da8219cdb0ea,Braum,sup:Thresh,lineup-edf2fe44c3ac22a7,1,2617.00000000,43.61666667,1,5,12,2.60000000,10766.00000000,5382.00000000,38,123.39319832,0.13565003,0.07447795,106,2.43026366,0.59090909,40.00000000,-254.00000000,-2.00000000,0,warmup,,,,,
pg-0dd516613c97d174,ESPORTSTMNT03/1441065,2020-08-16T12:39:33,2020-08-16,2021,Unknown,0,10.16,Red,name-team-bbf4d270ed871a83,unknown team,oe:team:c4360b2f59028db18a7d5b19ec74bcb,piratesports,oe:player:88183b946cc5f0e8c96b2e66e1c74a7,Unknown,top,Ornn,oe:player:e93fad90f312c1f10c64b60e5ba17c7,Sylas,top:Ornn,lineup-edf2fe44c3ac22a7,1,2617.00000000,43.61666667,4,4,11,3.75000000,15445.00000000,14874.00000000,260,341.01643103,0.19460474,0.20583148,30,0.68781047,0.68181818,-1641.00000000,-1127.00000000,-28.00000000,0,warmup,,,,,
pg-e16aa063de9dd4b6,ESPORTSTMNT03/1441072,2020-08-16T13:34:38,2020-08-16,2021,Unknown,0,10.16,Blue,oe:team:c4360b2f59028db18a7d5b19ec74bcb,piratesports,name-team-bbf4d270ed871a83,unknown team,oe:player:6a3d4c9bc2f9b89b21dfbbb2212c865,Mis,bot,Ashe,oe:player:f12b5cb6a2f280205cec33bf1c02e08,Aphelios,bot:Ashe,lineup-9e6e318aa1052479,1,2312.00000000,38.53333333,7,7,7,2.00000000,15139.00000000,26798.00000000,280,695.44982699,0.21668003,0.31859522,42,1.08996540,0.70000000,519.00000000,346.00000000,8.00000000,0,warmup,,,,,
pg-97294c73c7d63891,ESPORTSTMNT03/1441072,2020-08-16T13:34:38,2020-08-16,2021,Unknown,0,10.16,Blue,oe:team:c4360b2f59028db18a7d5b19ec74bcb,piratesports,name-team-bbf4d270ed871a83,unknown team,oe:player:6b7ca7e0fcad1f113f17bc2d30adbf5,adi1,jng,Nidalee,oe:player:24807d9986c4fda13d994791032cde1,Kha'Zix,jng:Nidalee,lineup-9e6e318aa1052479,1,2312.00000000,38.53333333,9,5,4,2.60000000,16336.00000000,20875.00000000,255,541.73875433,0.23381233,0.24817805,91,2.36159170,0.65000000,-1000.00000000,742.00000000,30.00000000,0,warmup,,,,,
pg-f94b8cb68d136e78,ESPORTSTMNT03/1441072,2020-08-16T13:34:38,2020-08-16,2021,Unknown,0,10.16,Blue,oe:team:c4360b2f59028db18a7d5b19ec74bcb,piratesports,name-team-bbf4d270ed871a83,unknown team,oe:player:efde1a9fe9e6f1059c3fce2ec296fae,many,mid,Twisted Fate,oe:player:0898caa28dac1d90666f2ac14691d55,Sylas,mid:Twisted Fate,lineup-9e6e318aa1052479,1,2312.00000000,38.53333333,0,4,9,2.25000000,13666.00000000,14658.00000000,255,380.39792388,0.19559741,0.17426557,25,0.64878893,0.45000000,-839.00000000,-823.00000000,5.00000000,0,warmup,,,,,
pg-77ecb42ffe1ad2d6,ESPORTSTMNT03/1441072,2020-08-16T13:34:38,2020-08-16,2021,Unknown,0,10.16,Blue,oe:team:c4360b2f59028db18a7d5b19ec74bcb,piratesports,name-team-bbf4d270ed871a83,unknown team,oe:player:e9bee56fd3bd016baf8da8219cdb0ea,GEPARDINHO5,sup,Nautilus,oe:player:1f111e88abd984a347713f070de73e3,Thresh,sup:Nautilus,lineup-9e6e318aa1052479,1,2312.00000000,38.53333333,1,7,8,1.28571429,8853.00000000,6359.00000000,30,165.02595156,0.12671037,0.07560068,74,1.92041522,0.45000000,112.00000000,371.00000000,-2.00000000,0,warmup,,,,,
pg-c303648472286a06,ESPORTSTMNT03/1441072,2020-08-16T13:34:38,2020-08-16,2021,Unknown,0,10.16,Blue,oe:team:c4360b2f59028db18a7d5b19ec74bcb,piratesports,name-team-bbf4d270ed871a83,unknown team,oe:player:e93fad90f312c1f10c64b60e5ba17c7,sheru,top,Fiora,oe:player:88183b946cc5f0e8c96b2e66e1c74a7,Ornn,top:Fiora,lineup-9e6e318aa1052479,1,2312.00000000,38.53333333,3,1,5,8.00000000,15874.00000000,15423.00000000,308,400.25086505,0.22719986,0.18336048,46,1.19377163,0.40000000,-376.00000000,-523.00000000,14.00000000,0,warmup,,,,,
pg-0f0ed68041cb75ad,ESPORTSTMNT03/1441072,2020-08-16T13:34:38,2020-08-16,2021,Unknown,0,10.16,Red,name-team-bbf4d270ed871a83,unknown team,oe:team:c4360b2f59028db18a7d5b19ec74bcb,piratesports,oe:player:f12b5cb6a2f280205cec33bf1c02e08,Ather,bot,Aphelios,oe:player:6a3d4c9bc2f9b89b21dfbbb2212c865,Ashe,bot:Aphelios,lineup-edf2fe44c3ac22a7,0,2312.00000000,38.53333333,7,3,9,5.33333333,17881.00000000,19597.00000000,360,508.57266436,0.25264214,0.23236815,34,0.88235294,0.66666667,-519.00000000,-346.00000000,-8.00000000,0,warmup,,,,,
pg-23d691290b4f5016,ESPORTSTMNT03/1441072,2020-08-16T13:34:38,2020-08-16,2021,Unknown,0,10.16,Red,name-team-bbf4d270ed871a83,unknown team,oe:team:c4360b2f59028db18a7d5b19ec74bcb,piratesports,oe:player:24807d9986c4fda13d994791032cde1,Ben3k,jng,Kha'Zix,oe:player:6b7ca7e0fcad1f113f17bc2d30adbf5,Nidalee,jng:Kha'Zix,lineup-edf2fe44c3ac22a7,0,2312.00000000,38.53333333,6,6,8,2.33333333,14260.00000000,16821.00000000,220,436.53114187,0.20148073,0.19945219,26,0.67474048,0.58333333,1000.00000000,-742.00000000,-30.00000000,0,warmup,,,,,
pg-7db35bb9022ad8bd,ESPORTSTMNT03/1441072,2020-08-16T13:34:38,2020-08-16,2021,Unknown,0,10.16,Red,name-team-bbf4d270ed871a83,unknown team,oe:team:c4360b2f59028db18a7d5b19ec74bcb,piratesports,oe:player:0898caa28dac1d90666f2ac14691d55,niQ,mid,Sylas,oe:player:efde1a9fe9e6f1059c3fce2ec296fae,Twisted Fate,mid:Sylas,lineup-edf2fe44c3ac22a7,0,2312.00000000,38.53333333,8,5,9,3.40000000,15619.00000000,22211.00000000,241,576.41003460,0.22068215,0.26336321,43,1.11591696,0.70833333,839.00000000,823.00000000,-5.00000000,0,warmup,,,,,
pg-2c54affe778fd08c,ESPORTSTMNT03/1441072,2020-08-16T13:34:38,2020-08-16,2021,Unknown,0,10.16,Red,name-team-bbf4d270ed871a83,unknown team,oe:team:c4360b2f59028db18a7d5b19ec74bcb,piratesports,oe:player:1f111e88abd984a347713f070de73e3,kubYD,sup,Thresh,oe:player:e9bee56fd3bd016baf8da8219cdb0ea,Nautilus,sup:Thresh,lineup-edf2fe44c3ac22a7,0,2312.00000000,38.53333333,0,5,13,2.60000000,8750.00000000,4430.00000000,41,114.96539792,0.12362948,0.05252798,100,2.59515571,0.54166667,-112.00000000,-371.00000000,2.00000000,0,warmup,,,,,
pg-3227fdca828f50b3,ESPORTSTMNT03/1441072,2020-08-16T13:34:38,2020-08-16,2021,Unknown,0,10.16,Red,name-team-bbf4d270ed871a83,unknown team,oe:team:c4360b2f59028db18a7d5b19ec74bcb,piratesports,oe:player:88183b946cc5f0e8c96b2e66e1c74a7,Unknown,top,Ornn,oe:player:e93fad90f312c1f10c64b60e5ba17c7,Fiora,top:Ornn,lineup-edf2fe44c3ac22a7,0,2312.00000000,38.53333333,3,1,14,17.00000000,14266.00000000,21277.00000000,260,552.17128028,0.20156550,0.25228847,35,0.90830450,0.70833333,376.00000000,523.00000000,-14.00000000,0,warmup,,,,,
pg-6968149b9b055318,ESPORTSTMNT03/1441080,2020-08-16T15:00:32,2020-08-16,2021,Unknown,0,10.16,Blue,name-team-bbf4d270ed871a83,unknown team,oe:team:c4360b2f59028db18a7d5b19ec74bcb,piratesports,oe:player:f12b5cb6a2f280205cec33bf1c02e08,Ather,bot,Caitlyn,oe:player:6a3d4c9bc2f9b89b21dfbbb2212c865,Senna,bot:Caitlyn,lineup-edf2fe44c3ac22a7,1,1649.00000000,27.48333333,7,1,7,14.00000000,15095.00000000,18774.00000000,283,683.10491207,0.27444956,0.32735833,25,0.90964221,0.77777778,2041.00000000,-177.00000000,32.00000000,0,warmup,,,,,
pg-1910c332bfb04bcd,ESPORTSTMNT03/1441080,2020-08-16T15:00:32,2020-08-16,2021,Unknown,0,10.16,Blue,name-team-bbf4d270ed871a83,unknown team,oe:team:c4360b2f59028db18a7d5b19ec74bcb,piratesports,oe:player:24807d9986c4fda13d994791032cde1,Ben3k,jng,Rek'Sai,oe:player:6b7ca7e0fcad1f113f17bc2d30adbf5,Lee Sin,jng:Rek'Sai,lineup-edf2fe44c3ac22a7,1,1649.00000000,27.48333333,3,1,8,11.00000000,10171.00000000,8744.00000000,173,318.15645846,0.18492391,0.15246731,37,1.34627047,0.61111111,-441.00000000,-265.00000000,4.00000000,0,warmup,,,,,
pg-f1880412cea05572,ESPORTSTMNT03/1441080,2020-08-16T15:00:32,2020-08-16,2021,Unknown,0,10.16,Blue,name-team-bbf4d270ed871a83,unknown team,oe:team:c4360b2f59028db18a7d5b19ec74bcb,piratesports,oe:player:0898caa28dac1d90666f2ac14691d55,niQ,mid,Twisted Fate,oe:player:efde1a9fe9e6f1059c3fce2ec296fae,Morgana,mid:Twisted Fate,lineup-edf2fe44c3ac22a7,1,1649.00000000,27.48333333,6,0,4,10.00000000,12430.00000000,10652.00000000,200,387.58035173,0.22599589,0.18573670,30,1.09157065,0.55555556,1120.00000000,-66.00000000,-1.00000000,0,warmup,,,,,
pg-adbd28eb1ae39f0c,ESPORTSTMNT03/1441080,2020-08-16T15:00:32,2020-08-16,2021,Unknown,0,10.16,Blue,name-team-bbf4d270ed871a83,unknown team,oe:team:c4360b2f59028db18a7d5b19ec74bcb,piratesports,oe:player:1f111e88abd984a347713f070de73e3,kubYD,sup,Lux,oe:player:e9bee56fd3bd016baf8da8219cdb0ea,Nautilus,sup:Lux,lineup-edf2fe44c3ac22a7,1,1649.00000000,27.48333333,2,0,13,15.00000000,8202.00000000,11103.00000000,33,403.99029715,0.14912456,0.19360070,56,2.03759854,0.83333333,1248.00000000,1274.00000000,4.00000000,0,warmup,,,,,
pg-0812261bccfb685c,ESPORTSTMNT03/1441080,2020-08-16T15:00:32,2020-08-16,2021,Unknown,0,10.16,Blue,name-team-bbf4d270ed871a83,unknown team,oe:team:c4360b2f59028db18a7d5b19ec74bcb,piratesports,oe:player:88183b946cc5f0e8c96b2e66e1c74a7,Unknown,top,Renekton,oe:player:e93fad90f312c1f10c64b60e5ba17c7,Karma,top:Renekton,lineup-edf2fe44c3ac22a7,1,1649.00000000,27.48333333,0,3,5,1.66666667,9103.00000000,8077.00000000,184,293.88720437,0.16550608,0.14083697,32,1.16434203,0.27777778,-380.00000000,-66.00000000,-5.00000000,0,warmup,,,,,
pg-17bee93acffa8ad7,ESPORTSTMNT03/1441080,2020-08-16T15:00:32,2020-08-16,2021,Unknown,0,10.16,Red,oe:team:c4360b2f59028db18a7d5b19ec74bcb,piratesports,name-team-bbf4d270ed871a83,unknown team,oe:player:6a3d4c9bc2f9b89b21dfbbb2212c865,Mis,bot,Senna,oe:player:f12b5cb6a2f280205cec33bf1c02e08,Caitlyn,bot:Senna,lineup-9e6e318aa1052479,0,1649.00000000,27.48333333,1,4,3,1.00000000,9385.00000000,10123.00000000,202,368.33232262,0.23636226,0.25520597,15,0.54578532,0.80000000,-2041.00000000,177.00000000,-32.00000000,0,warmup,,,,,
pg-91698c14d53f56f9,ESPORTSTMNT03/1441080,2020-08-16T15:00:32,2020-08-16,2021,Unknown,0,10.16,Red,oe:team:c4360b2f59028db18a7d5b19ec74bcb,piratesports,name-team-bbf4d270ed871a83,unknown team,oe:player:6b7ca7e0fcad1f113f17bc2d30adbf5,adi1,jng,Lee Sin,oe:player:24807d9986c4fda13d994791032cde1,Rek'Sai,jng:Lee Sin,lineup-9e6e318aa1052479,0,1649.00000000,27.48333333,1,5,3,0.80000000,8822.00000000,6004.00000000,147,218.45967253,0.22218305,0.15136389,27,0.98241358,0.80000000,441.00000000,265.00000000,-4.00000000,0,warmup,,,,,
pg-c14190145df7cad6,ESPORTSTMNT03/1441080,2020-08-16T15:00:32,2020-08-16,2021,Unknown,0,10.16,Red,oe:team:c4360b2f59028db18a7d5b19ec74bcb,piratesports,name-team-bbf4d270ed871a83,unknown team,oe:player:efde1a9fe9e6f1059c3fce2ec296fae,many,mid,Morgana,oe:player:0898caa28dac1d90666f2ac14691d55,Twisted Fate,mid:Morgana,lineup-9e6e318aa1052479,0,1649.00000000,27.48333333,1,4,2,0.75000000,7893.00000000,7101.00000000,190,258.37477259,0.19878608,0.17901982,18,0.65494239,0.60000000,-1120.00000000,66.00000000,1.00000000,0,warmup,,,,,
pg-f47c02c39937b7a0,ESPORTSTMNT03/1441080,2020-08-16T15:00:32,2020-08-16,2021,Unknown,0,10.16,Red,oe:team:c4360b2f59028db18a7d5b19ec74bcb,piratesports,name-team-bbf4d270ed871a83,unknown team,oe:player:e9bee56fd3bd016baf8da8219cdb0ea,GEPARDINHO5,sup,Nautilus,oe:player:1f111e88abd984a347713f070de73e3,Lux,sup:Nautilus,lineup-9e6e318aa1052479,0,1649.00000000,27.48333333,1,3,3,1.33333333,5469.00000000,4776.00000000,31,173.77804730,0.13773737,0.12040538,40,1.45542753,0.80000000,-1248.00000000,-1274.00000000,-4.00000000,0,warmup,,,,,
pg-221a918cb686ae32,ESPORTSTMNT03/1441080,2020-08-16T15:00:32,2020-08-16,2021,Unknown,0,10.16,Red,oe:team:c4360b2f59028db18a7d5b19ec74bcb,piratesports,name-team-bbf4d270ed871a83,unknown team,oe:player:e93fad90f312c1f10c64b60e5ba17c7,sheru,top,Karma,oe:player:88183b946cc5f0e8c96b2e66e1c74a7,Renekton,top:Karma,lineup-9e6e318aa1052479,0,1649.00000000,27.48333333,1,2,2,1.50000000,8137.00000000,11662.00000000,188,424.32989691,0.20493124,0.29400494,13,0.47301395,0.60000000,380.00000000,66.00000000,5.00000000,0,warmup,,,,,
pg-02df2b748777a608,ESPORTSTMNT01/1692586,2021-01-19T15:21:11,2021-01-19,2021,Split 1,0,11.01,Blue,oe:team:1158ec5b08f516ca81868bc48293989,Team ESCA Gaming,oe:team:b5ac2d78f427d88ed9666c8d1c9e1d2,7more7 Pompa Team,oe:player:3d022fcafe5af9f52df92b17c015fe6,HARPOON,bot,Aphelios,oe:player:f12b5cb6a2f280205cec33bf1c02e08,Kai'Sa,bot:Aphelios,lineup-b65b9b30a31dde93,0,2491.00000000,41.51666667,2,2,4,3.00000000,16877.00000000,18604.00000000,428,448.10919310,0.26168731,0.29716951,73,1.75832999,0.85714286,-459.00000000,-355.00000000,-5.00000000,0,warmup,,,,,
pg-0876d7e68d3e79d5,ESPORTSTMNT01/1692586,2021-01-19T15:21:11,2021-01-19,2021,Split 1,0,11.01,Blue,oe:team:1158ec5b08f516ca81868bc48293989,Team ESCA Gaming,oe:team:b5ac2d78f427d88ed9666c8d1c9e1d2,7more7 Pompa Team,oe:player:318a60c20ad705c05ceb1e1b2067624,Sh4dowUS,jng,Elise,oe:player:6b7ca7e0fcad1f113f17bc2d30adbf5,Graves,jng:Elise,lineup-b65b9b30a31dde93,0,2491.00000000,41.51666667,2,2,3,2.50000000,11565.00000000,15525.00000000,194,373.94620634,0.17932179,0.24798735,81,1.95102369,0.71428571,134.00000000,-395.00000000,-6.00000000,0,warmup,,,,,
pg-869d41174d9d0e79,ESPORTSTMNT01/1692586,2021-01-19T15:21:11,2021-01-19,2021,Split 1,0,11.01,Blue,oe:team:1158ec5b08f516ca81868bc48293989,Team ESCA Gaming,oe:team:b5ac2d78f427d88ed9666c8d1c9e1d2,7more7 Pompa Team,oe:player:fd232826ff3976840e994bb85a3bd46,DOMOLES,mid,Irelia,oe:player:20a8e429d58dfe01327b4e6f0a1cf05,Orianna,mid:Irelia,lineup-b65b9b30a31dde93,0,2491.00000000,41.51666667,3,4,3,1.50000000,13329.00000000,8089.00000000,276,194.83741469,0.20667359,0.12920900,50,1.20433561,0.85714286,557.00000000,-390.00000000,5.00000000,0,warmup,,,,,
pg-1d021358e77a5ab7,ESPORTSTMNT01/1692586,2021-01-19T15:21:11,2021-01-19,2021,Split 1,0,11.01,Blue,oe:team:1158ec5b08f516ca81868bc48293989,Team ESCA Gaming,oe:team:b5ac2d78f427d88ed9666c8d1c9e1d2,7more7 Pompa Team,oe:player:c49e01c67147c8b2580273ca5e0d261,Melekx,sup,Galio,oe:player:a93e0326b85f0312cf1b451e175a7a0,Alistar,sup:Galio,lineup-b65b9b30a31dde93,0,2491.00000000,41.51666667,0,5,4,0.80000000,7709.00000000,5099.00000000,37,122.81814532,0.11953235,0.08144847,102,2.45684464,0.57142857,223.00000000,840.00000000,8.00000000,0,warmup,,,,,
pg-8a199d1080fccbd1,ESPORTSTMNT01/1692586,2021-01-19T15:21:11,2021-01-19,2021,Split 1,0,11.01,Blue,oe:team:1158ec5b08f516ca81868bc48293989,Team ESCA Gaming,oe:team:b5ac2d78f427d88ed9666c8d1c9e1d2,7more7 Pompa Team,oe:player:455527eab48df51aaf02979e65dd651,Jaqen,top,Fiora,oe:player:cb5feb1b7314637725a2e73bdc9f729,Gragas,top:Fiora,lineup-b65b9b30a31dde93,0,2491.00000000,41.51666667,0,4,4,1.00000000,15013.00000000,15287.00000000,350,368.21356885,0.23278495,0.24418568,51,1.22842232,0.57142857,-798.00000000,-653.00000000,-9.00000000,0,warmup,,,,,
pg-dad629f94db4acf1,ESPORTSTMNT01/1692586,2021-01-19T15:21:11,2021-01-19,2021,Split 1,0,11.01,Red,oe:team:b5ac2d78f427d88ed9666c8d1c9e1d2,7more7 Pompa Team,oe:team:1158ec5b08f516ca81868bc48293989,Team ESCA Gaming,oe:player:f12b5cb6a2f280205cec33bf1c02e08,Ather,bot,Kai'Sa,oe:player:3d022fcafe5af9f52df92b17c015fe6,Aphelios,bot:Kai'Sa,lineup-48785f429fb03ca8,1,2491.00000000,41.51666667,9,1,4,13.00000000,20045.00000000,24892.00000000,418,599.56643918,0.27041794,0.34435437,87,2.09554396,0.76470588,459.00000000,355.00000000,5.00000000,0,warmup,,,,,
pg-5feabe773f87501e,ESPORTSTMNT01/1692586,2021-01-19T15:21:11,2021-01-19,2021,Split 1,0,11.01,Red,oe:team:b5ac2d78f427d88ed9666c8d1c9e1d2,7more7 Pompa Team,oe:team:1158ec5b08f516ca81868bc48293989,Team ESCA Gaming,oe:player:6b7ca7e0fcad1f113f17bc2d30adbf5,adi1,jng,Graves,oe:player:318a60c20ad705c05ceb1e1b2067624,Elise,jng:Graves,lineup-48785f429fb03ca8,1,2491.00000000,41.51666667,4,1,7,11.00000000,15347.00000000,15125.00000000,276,364.31152148,0.20703937,0.20923830,101,2.43275793,0.64705882,-134.00000000,395.00000000,6.00000000,0,warmup,,,,,
pg-a2347c438cee937e,ESPORTSTMNT01/1692586,2021-01-19T15:21:11,2021-01-19,2021,Split 1,0,11.01,Red,oe:team:b5ac2d78f427d88ed9666c8d1c9e1d2,7more7 Pompa Team,oe:team:1158ec5b08f516ca81868bc48293989,Team ESCA Gaming,oe:player:20a8e429d58dfe01327b4e6f0a1cf05,Ariana,mid,Orianna,oe:player:fd232826ff3976840e994bb85a3bd46,Irelia,mid:Orianna,lineup-48785f429fb03ca8,1,2491.00000000,41.51666667,2,0,10,12.00000000,14704.00000000,13364.00000000,299,321.89482136,0.19836495,0.18487674,36,0.86712164,0.70588235,-557.00000000,390.00000000,-5.00000000,0,warmup,,,,,
pg-0f2026f11ee93e97,ESPORTSTMNT01/1692586,2021-01-19T15:21:11,2021-01-19,2021,Split 1,0,11.01,Red,oe:team:b5ac2d78f427d88ed9666c8d1c9e1d2,7more7 Pompa Team,oe:team:1158ec5b08f516ca81868bc48293989,Team ESCA Gaming,oe:player:a93e0326b85f0312cf1b451e175a7a0,Wojtus,sup,Alistar,oe:player:c49e01c67147c8b2580273ca5e0d261,Galio,sup:Alistar,lineup-48785f429fb03ca8,1,2491.00000000,41.51666667,1,3,14,5.00000000,9288.00000000,1877.00000000,29,45.21075873,0.12530016,0.02596630,109,2.62545163,0.88235294,-223.00000000,-840.00000000,-8.00000000,0,warmup,,,,,
pg-6e1989cc24aa9c90,ESPORTSTMNT01/1692586,2021-01-19T15:21:11,2021-01-19,2021,Split 1,0,11.01,Red,oe:team:b5ac2d78f427d88ed9666c8d1c9e1d2,7more7 Pompa Team,oe:team:1158ec5b08f516ca81868bc48293989,Team ESCA Gaming,oe:player:cb5feb1b7314637725a2e73bdc9f729,Color,top,Gragas,oe:player:455527eab48df51aaf02979e65dd651,Fiora,top:Gragas,lineup-48785f429fb03ca8,1,2491.00000000,41.51666667,1,2,8,4.50000000,14742.00000000,17028.00000000,303,410.14853473,0.19887759,0.23556429,42,1.01164191,0.52941176,798.00000000,653.00000000,9.00000000,0,warmup,,,,,
pg-436816c7a117b5b0,ESPORTSTMNT01/1692620,2021-01-19T16:43:44,2021-01-19,2021,Split 1,0,11.01,Blue,oe:team:5628f250931675f9c0d20aad46cc117,Komil & Friends,oe:team:f27741afb3044c971eeced9d0c2daa1,devils.one,oe:player:09b530d59645f71d7b2ac90a69ba18d,Tantrum,bot,Jhin,oe:player:694ee794a9d3a8c3fbd658becb89769,Kai'Sa,bot:Jhin,lineup-7c60f65992ffcd2f,0,1361.00000000,22.68333333,1,4,1,0.50000000,7767.00000000,6329.00000000,199,279.01542983,0.24920589,0.22200786,18,0.79353417,0.66666667,-2846.00000000,-2096.00000000,-18.00000000,0,warmup,,,,,
pg-2d7b78f58273b212,ESPORTSTMNT01/1692620,2021-01-19T16:43:44,2021-01-19,2021,Split 1,0,11.01,Blue,oe:team:5628f250931675f9c0d20aad46cc117,Komil & Friends,oe:team:f27741afb3044c971eeced9d0c2daa1,devils.one,oe:player:8a1c30199bac9efaa2161b14565595c,KonDziSan,jng,Olaf,oe:player:2d1fca25321f6983dc3e1da11039a80,Lillia,jng:Olaf,lineup-7c60f65992ffcd2f,0,1361.00000000,22.68333333,0,5,3,0.60000000,6379.00000000,11537.00000000,126,508.61131521,0.20467161,0.40469342,33,1.45481264,1.00000000,-614.00000000,-366.00000000,0.00000000,0,warmup,,,,,
pg-af41fc1062e382e8,ESPORTSTMNT01/1692620,2021-01-19T16:43:44,2021-01-19,2021,Split 1,0,11.01,Blue,oe:team:5628f250931675f9c0d20aad46cc117,Komil & Friends,oe:team:f27741afb3044c971eeced9d0c2daa1,devils.one,oe:player:c7337ff148385d577d2f120af1ce7b9,Komil,mid,Azir,oe:player:efde1a9fe9e6f1059c3fce2ec296fae,Orianna,mid:Azir,lineup-7c60f65992ffcd2f,0,1361.00000000,22.68333333,1,5,1,0.40000000,6826.00000000,5637.00000000,146,248.50844967,0.21901370,0.19773397,19,0.83761940,0.66666667,-2001.00000000,-1709.00000000,-34.00000000,0,warmup,,,,,
pg-8f82b3f2f599ed7f,ESPORTSTMNT01/1692620,2021-01-19T16:43:44,2021-01-19,2021,Split 1,0,11.01,Blue,oe:team:5628f250931675f9c0d20aad46cc117,Komil & Friends,oe:team:f27741afb3044c971eeced9d0c2daa1,devils.one,oe:player:20458cb68fcf2535dc1e9fea4d8075e,PIRANHA,sup,Karma,oe:player:945f30b38a435b37c2e70d893cb6a72,Galio,sup:Karma,lineup-7c60f65992ffcd2f,0,1361.00000000,22.68333333,0,5,1,0.20000000,4302.00000000,2373.00000000,13,104.61425422,0.13803061,0.08323979,27,1.19030125,0.33333333,-1669.00000000,-1380.00000000,-18.00000000,0,warmup,,,,,
pg-8841df87c85908fd,ESPORTSTMNT01/1692620,2021-01-19T16:43:44,2021-01-19,2021,Split 1,0,11.01,Blue,oe:team:5628f250931675f9c0d20aad46cc117,Komil & Friends,oe:team:f27741afb3044c971eeced9d0c2daa1,devils.one,oe:player:6f1d6de81a5cf0392b476859d094278,Rzems,top,Shen,oe:player:e93fad90f312c1f10c64b60e5ba17c7,Gangplank,top:Shen,lineup-7c60f65992ffcd2f,0,1361.00000000,22.68333333,1,4,1,0.50000000,5893.00000000,2632.00000000,105,116.03232917,0.18907819,0.09232496,13,0.57310801,0.66666667,-3250.00000000,-2239.00000000,-66.00000000,0,warmup,,,,,
pg-13e387a3bbe007d9,ESPORTSTMNT01/1692620,2021-01-19T16:43:44,2021-01-19,2021,Split 1,0,11.01,Red,oe:team:f27741afb3044c971eeced9d0c2daa1,devils.one,oe:team:5628f250931675f9c0d20aad46cc117,Komil & Friends,oe:player:694ee794a9d3a8c3fbd658becb89769,Zamulek,bot,Kai'Sa,oe:player:09b530d59645f71d7b2ac90a69ba18d,Jhin,bot:Kai'Sa,lineup-96cee117298b4401,1,1361.00000000,22.68333333,7,1,7,14.00000000,12182.00000000,18460.00000000,227,813.81337252,0.23975595,0.34464732,13,0.57310801,0.60869565,2846.00000000,2096.00000000,18.00000000,0,warmup,,,,,
pg-3e5f7a71581fff27,ESPORTSTMNT01/1692620,2021-01-19T16:43:44,2021-01-19,2021,Split 1,0,11.01,Red,oe:team:f27741afb3044c971eeced9d0c2daa1,devils.one,oe:team:5628f250931675f9c0d20aad46cc117,Komil & Friends,oe:player:2d1fca25321f6983dc3e1da11039a80,Diagu,jng,Lillia,oe:player:8a1c30199bac9efaa2161b14565595c,Olaf,jng:Lillia,lineup-96cee117298b4401,1,1361.00000000,22.68333333,1,1,10,11.00000000,8550.00000000,4482.00000000,157,197.59000735,0.16827396,0.08367873,23,1.01396032,0.47826087,614.00000000,366.00000000,0.00000000,0,warmup,,,,,
pg-f3ffdaaab4110587,ESPORTSTMNT01/1692620,2021-01-19T16:43:44,2021-01-19,2021,Split 1,0,11.01,Red,oe:team:f27741afb3044c971eeced9d0c2daa1,devils.one,oe:team:5628f250931675f9c0d20aad46cc117,Komil & Friends,oe:player:efde1a9fe9e6f1059c3fce2ec296fae,many,mid,Orianna,oe:player:c7337ff148385d577d2f120af1ce7b9,Azir,mid:Orianna,lineup-96cee117298b4401,1,1361.00000000,22.68333333,6,0,10,16.00000000,10738.00000000,9167.00000000,204,404.12931668,0.21133635,0.17114746,19,0.83761940,0.69565217,2001.00000000,1709.00000000,34.00000000,0,warmup,,,,,
pg-7056f6dacf1a1210,ESPORTSTMNT01/1692620,2021-01-19T16:43:44,2021-01-19,2021,Split 1,0,11.01,Red,oe:team:f27741afb3044c971eeced9d0c2daa1,devils.one,oe:team:5628f250931675f9c0d20aad46cc117,Komil & Friends,oe:player:945f30b38a435b37c2e70d893cb6a72,YuNIshinoya,sup,Galio,oe:player:20458cb68fcf2535dc1e9fea4d8075e,Karma,sup:Galio,lineup-96cee117298b4401,1,1361.00000000,22.68333333,5,0,13,18.00000000,7816.00000000,6576.00000000,34,289.90448200,0.15382799,0.12277361,54,2.38060250,0.78260870,1669.00000000,1380.00000000,18.00000000,0,warmup,,,,,
pg-d9c4b9e4b435d395,ESPORTSTMNT01/1692620,2021-01-19T16:43:44,2021-01-19,2021,Split 1,0,11.01,Red,oe:team:f27741afb3044c971eeced9d0c2daa1,devils.one,oe:team:5628f250931675f9c0d20aad46cc117,Komil & Friends,oe:player:e93fad90f312c1f10c64b60e5ba17c7,sheru,top,Gangplank,oe:player:6f1d6de81a5cf0392b476859d094278,Shen,top:Gangplank,lineup-96cee117298b4401,1,1361.00000000,22.68333333,4,1,6,10.00000000,11524.00000000,14877.00000000,200,655.85598824,0.22680575,0.27775288,22,0.96987509,0.43478261,3250.00000000,2239.00000000,66.00000000,0,warmup,,,,,
pg-f35daeda26995a20,ESPORTSTMNT01/1692654,2021-01-19T17:44:34,2021-01-19,2021,Split 1,0,11.01,Blue,oe:team:6cedba5819b5b7c465cb3bb48bfe855,Illuminar Gaming,oe:team:3a1d5821b38ab1ddec52f944973d1bd,Gentlemen's Gaming,oe:player:7705566e63eedc7bd6c4c72d43c9104,odi11,bot,Miss Fortune,oe:player:50cce5a33514ebe62201a0a45314eca,Jhin,bot:Miss Fortune,lineup-561550076137b115,1,1753.00000000,29.21666667,2,0,7,9.00000000,12942.00000000,9967.00000000,289,341.14090131,0.23531765,0.18859392,13,0.44495151,0.64285714,-63.00000000,-204.00000000,-6.00000000,0,warmup,,,,,
pg-82d728a7d13e47ff,ESPORTSTMNT01/1692654,2021-01-19T17:44:34,2021-01-19,2021,Split 1,0,11.01,Blue,oe:team:6cedba5819b5b7c465cb3bb48bfe855,Illuminar Gaming,oe:team:3a1d5821b38ab1ddec52f944973d1bd,Gentlemen's Gaming,oe:player:df3e7f4eef306da0e300b26a7c92b00,Tabasko,jng,Lillia,oe:player:6dc7ae729c87dd9b26169b0fbaf04e7,Skarner,jng:Lillia,lineup-561550076137b115,1,1753.00000000,29.21666667,3,2,8,5.50000000,9831.00000000,10983.00000000,174,375.91557330,0.17875195,0.20781850,40,1.36908157,0.78571429,529.00000000,730.00000000,23.00000000,0,warmup,,,,,
pg-59eb278ec719274b,ESPORTSTMNT01/1692654,2021-01-19T17:44:34,2021-01-19,2021,Split 1,0,11.01,Blue,oe:team:6cedba5819b5b7c465cb3bb48bfe855,Illuminar Gaming,oe:team:3a1d5821b38ab1ddec52f944973d1bd,Gentlemen's Gaming,oe:player:73ac73edf51a3acdfa494e271c6ee29,Czajek,mid,Lucian,oe:player:62ead8b1e25dbc7197a2007bcc4dbe0,Ryze,mid:Lucian,lineup-561550076137b115,1,1753.00000000,29.21666667,4,1,7,11.00000000,12765.00000000,16355.00000000,279,559.78322875,0.23209935,0.30946659,26,0.88990302,0.78571429,1103.00000000,327.00000000,13.00000000,0,warmup,,,,,
pg-b88bc3df9315f9ba,ESPORTSTMNT01/1692654,2021-01-19T17:44:34,2021-01-19,2021,Split 1,0,11.01,Blue,oe:team:6cedba5819b5b7c465cb3bb48bfe855,Illuminar Gaming,oe:team:3a1d5821b38ab1ddec52f944973d1bd,Gentlemen's Gaming,oe:player:df5866d3078c786ce03084b78b1f5d9,Czypsy,sup,Galio,oe:player:f32776bb3b0bfb1cd3261868df4dfce,Alistar,sup:Galio,lineup-561550076137b115,1,1753.00000000,29.21666667,1,0,11,12.00000000,6968.00000000,3947.00000000,38,135.09412436,0.12669552,0.07468448,94,3.21734170,0.85714286,162.00000000,-288.00000000,5.00000000,0,warmup,,,,,
pg-d24d968de2e91c81,ESPORTSTMNT01/1692654,2021-01-19T17:44:34,2021-01-19,2021,Split 1,0,11.01,Blue,oe:team:6cedba5819b5b7c465cb3bb48bfe855,Illuminar Gaming,oe:team:3a1d5821b38ab1ddec52f944973d1bd,Gentlemen's Gaming,oe:player:2925560e555046ad9b0066ff181fe21,Melonik,top,Camille,oe:player:a2694196d288cd26055602729d0bb5c,Wukong,top:Camille,lineup-561550076137b115,1,1753.00000000,29.21666667,4,3,7,3.66666667,12492.00000000,11597.00000000,264,396.93097547,0.22713553,0.21943651,31,1.06103822,0.78571429,847.00000000,-89.00000000,32.00000000,0,warmup,,,,,
pg-145fa0bd527dc5b3,ESPORTSTMNT01/1692654,2021-01-19T17:44:34,2021-01-19,2021,Split 1,0,11.01,Red,oe:team:3a1d5821b38ab1ddec52f944973d1bd,Gentlemen's Gaming,oe:team:6cedba5819b5b7c465cb3bb48bfe855,Illuminar Gaming,oe:player:50cce5a33514ebe62201a0a45314eca,Yashiro,bot,Jhin,oe:player:7705566e63eedc7bd6c4c72d43c9104,Miss Fortune,bot:Jhin,lineup-e71ddd98b498ea4f,0,1753.00000000,29.21666667,2,1,0,2.00000000,11721.00000000,3934.00000000,294,134.64917285,0.25359152,0.14168918,28,0.95835710,0.33333333,63.00000000,204.00000000,6.00000000,0,warmup,,,,,
pg-e6927908965fb043,ESPORTSTMNT01/1692654,2021-01-19T17:44:34,2021-01-19,2021,Split 1,0,11.01,Red,oe:team:3a1d5821b38ab1ddec52f944973d1bd,Gentlemen's Gaming,oe:team:6cedba5819b5b7c465cb3bb48bfe855,Illuminar Gaming,oe:player:6dc7ae729c87dd9b26169b0fbaf04e7,Jenxas,jng,Skarner,oe:player:df3e7f4eef306da0e300b26a7c92b00,Lillia,jng:Skarner,lineup-e71ddd98b498ea4f,0,1753.00000000,29.21666667,1,3,2,1.00000000,8006.00000000,2805.00000000,130,96.00684541,0.17321506,0.10102647,33,1.12949230,0.50000000,-529.00000000,-730.00000000,-23.00000000,0,warmup,,,,,
pg-972735a76deb8d55,ESPORTSTMNT01/1692654,2021-01-19T17:44:34,2021-01-19,2021,Split 1,0,11.01,Red,oe:team:3a1d5821b38ab1ddec52f944973d1bd,Gentlemen's Gaming,oe:team:6cedba5819b5b7c465cb3bb48bfe855,Illuminar Gaming,oe:player:62ead8b1e25dbc7197a2007bcc4dbe0,Chosii,mid,Ryze,oe:player:73ac73edf51a3acdfa494e271c6ee29,Lucian,mid:Ryze,lineup-e71ddd98b498ea4f,0,1753.00000000,29.21666667,0,3,3,1.00000000,10024.00000000,7597.00000000,256,260.02281803,0.21687581,0.27361786,27,0.92413006,0.50000000,-1103.00000000,-327.00000000,-13.00000000,0,warmup,,,,,
pg-c52e966555e27666,ESPORTSTMNT01/1692654,2021-01-19T17:44:34,2021-01-19,2021,Split 1,0,11.01,Red,oe:team:3a1d5821b38ab1ddec52f944973d1bd,Gentlemen's Gaming,oe:team:6cedba5819b5b7c465cb3bb48bfe855,Illuminar Gaming,oe:player:f32776bb3b0bfb1cd3261868df4dfce,Calmsky,sup,Alistar,oe:player:df5866d3078c786ce03084b78b1f5d9,Galio,sup:Alistar,lineup-e71ddd98b498ea4f,0,1753.00000000,29.21666667,1,3,4,1.66666667,6120.00000000,2672.00000000,32,91.45464917,0.13241021,0.09623627,72,2.46434683,0.83333333,-162.00000000,288.00000000,-5.00000000,0,warmup,,,,,
pg-f6ec4886f1fddcc0,ESPORTSTMNT01/1692654,2021-01-19T17:44:34,2021-01-19,2021,Split 1,0,11.01,Red,oe:team:3a1d5821b38ab1ddec52f944973d1bd,Gentlemen's Gaming,oe:team:6cedba5819b5b7c465cb3bb48bfe855,Illuminar Gaming,oe:player:a2694196d288cd26055602729d0bb5c,HeSSZero,top,Wukong,oe:player:2925560e555046ad9b0066ff181fe21,Camille,top:Wukong,lineup-e71ddd98b498ea4f,0,1753.00000000,29.21666667,2,4,3,1.25000000,10349.00000000,10757.00000000,188,368.18026241,0.22390740,0.38743022,27,0.92413006,0.83333333,-847.00000000,89.00000000,-32.00000000,0,warmup,,,,,
pg-cdf1133d5633cd4b,ESPORTSTMNT01/1692696,2021-01-19T18:32:51,2021-01-19,2021,Split 1,0,11.01,Blue,oe:team:73f3cc4e54620b1454530648442e066,K1CK,oe:team:5a5f8cc0161f43afe3461b293535517,AGO ROGUE,oe:player:b4a352b2b8782a2bb21bce1a2f47645,Puki Style,bot,Miss Fortune,oe:player:0482daf6543f102a27a265342292bb7,Jhin,bot:Miss Fortune,lineup-199bafdd01ac68ac,0,2426.00000000,40.43333333,2,1,1,3.00000000,16622.00000000,12329.00000000,381,304.92168178,0.24000116,0.24458419,50,1.23660346,0.42857143,-504.00000000,341.00000000,-24.00000000,0,warmup,,,,,
pg-d210760f4e77db2c,ESPORTSTMNT01/1692696,2021-01-19T18:32:51,2021-01-19,2021,Split 1,0,11.01,Blue,oe:team:73f3cc4e54620b1454530648442e066,K1CK,oe:team:5a5f8cc0161f43afe3461b293535517,AGO ROGUE,oe:player:7471c21aed615dae3e49140eca8ce89,Bruness,jng,Graves,oe:player:6fc5fe723eed4ba4c230292be365c66,Olaf,jng:Graves,lineup-199bafdd01ac68ac,0,2426.00000000,40.43333333,4,2,2,3.00000000,14748.00000000,9826.00000000,287,243.01731245,0.21294291,0.19492938,75,1.85490519,0.85714286,1229.00000000,-373.00000000,-5.00000000,0,warmup,,,,,
pg-ce7aa7868aea7cf8,ESPORTSTMNT01/1692696,2021-01-19T18:32:51,2021-01-19,2021,Split 1,0,11.01,Blue,oe:team:73f3cc4e54620b1454530648442e066,K1CK,oe:team:5a5f8cc0161f43afe3461b293535517,AGO ROGUE,oe:player:be4ce50af0cd0d8574aa3820c37d1ae,Matislaw,mid,Galio,oe:player:2096ff50c6496d70e4b39793390c9ce,Syndra,mid:Galio,lineup-199bafdd01ac68ac,0,2426.00000000,40.43333333,1,1,5,6.00000000,13165.00000000,7662.00000000,292,189.49711459,0.19008634,0.15199968,29,0.71723001,0.85714286,-168.00000000,124.00000000,-11.00000000,0,warmup,,,,,
pg-2e7a695dc534961f,ESPORTSTMNT01/1692696,2021-01-19T18:32:51,2021-01-19,2021,Split 1,0,11.01,Blue,oe:team:73f3cc4e54620b1454530648442e066,K1CK,oe:team:5a5f8cc0161f43afe3461b293535517,AGO ROGUE,oe:player:84bd988294f5dd9ae9a499abf6524a0,Raxxo,sup,Alistar,oe:player:3e68fd564e4e518b8aed89b9a0bf855,Leona,sup:Alistar,lineup-199bafdd01ac68ac,0,2426.00000000,40.43333333,0,2,5,2.50000000,8472.00000000,4587.00000000,39,113.44600165,0.12232522,0.09099746,135,3.33882935,0.71428571,248.00000000,176.00000000,-1.00000000,0,warmup,,,,,
pg-0c1d623deafb82b1,ESPORTSTMNT01/1692696,2021-01-19T18:32:51,2021-01-19,2021,Split 1,0,11.01,Blue,oe:team:73f3cc4e54620b1454530648442e066,K1CK,oe:team:5a5f8cc0161f43afe3461b293535517,AGO ROGUE,oe:player:4841aa27ab85be0b9f45fed1d5e7b09,Kackos,top,Gangplank,oe:player:a7b756e008bfcb7148cdb51f886c3fa,Karma,top:Gangplank,lineup-199bafdd01ac68ac,0,2426.00000000,40.43333333,0,1,6,6.00000000,16251.00000000,16004.00000000,330,395.81203627,0.23464437,0.31748929,51,1.26133553,0.85714286,782.00000000,470.00000000,0.00000000,0,warmup,,,,,
pg-a8eaf0887a520a1c,ESPORTSTMNT01/1692696,2021-01-19T18:32:51,2021-01-19,2021,Split 1,0,11.01,Red,oe:team:5a5f8cc0161f43afe3461b293535517,AGO ROGUE,oe:team:73f3cc4e54620b1454530648442e066,K1CK,oe:player:0482daf6543f102a27a265342292bb7,Lucker,bot,Jhin,oe:player:b4a352b2b8782a2bb21bce1a2f47645,Miss Fortune,bot:Jhin,lineup-de5e31d683ce7975,1,2426.00000000,40.43333333,4,0,1,5.00000000,19824.00000000,29678.00000000,443,733.99835120,0.29595569,0.43296472,51,1.26133553,0.71428571,504.00000000,-341.00000000,24.00000000,0,warmup,,,,,
pg-b018a50f670d862f,ESPORTSTMNT01/1692696,2021-01-19T18:32:51,2021-01-19,2021,Split 1,0,11.01,Red,oe:team:5a5f8cc0161f43afe3461b293535517,AGO ROGUE,oe:team:73f3cc4e54620b1454530648442e066,K1CK,oe:player:6fc5fe723eed4ba4c230292be365c66,Lurox,jng,Olaf,oe:player:7471c21aed615dae3e49140eca8ce89,Graves,jng:Olaf,lineup-de5e31d683ce7975,1,2426.00000000,40.43333333,0,2,2,1.00000000,11436.00000000,8822.00000000,222,218.18631492,0.17072989,0.12870189,59,1.45919209,0.28571429,-1229.00000000,373.00000000,5.00000000,0,warmup,,,,,
pg-88e65f4adfb087a3,ESPORTSTMNT01/1692696,2021-01-19T18:32:51,2021-01-19,2021,Split 1,0,11.01,Red,oe:team:5a5f8cc0161f43afe3461b293535517,AGO ROGUE,oe:team:73f3cc4e54620b1454530648442e066,K1CK,oe:player:2096ff50c6496d70e4b39793390c9ce,Sencux,mid,Syndra,oe:player:be4ce50af0cd0d8574aa3820c37d1ae,Galio,mid:Syndra,lineup-de5e31d683ce7975,1,2426.00000000,40.43333333,2,1,2,4.00000000,14545.00000000,18456.00000000,348,456.45507007,0.21714465,0.26924985,39,0.96455070,0.57142857,168.00000000,-124.00000000,11.00000000,0,warmup,,,,,
pg-9a3385ea7d63846a,ESPORTSTMNT01/1692696,2021-01-19T18:32:51,2021-01-19,2021,Split 1,0,11.01,Red,oe:team:5a5f8cc0161f43afe3461b293535517,AGO ROGUE,oe:team:73f3cc4e54620b1454530648442e066,K1CK,oe:player:3e68fd564e4e518b8aed89b9a0bf855,Pyrka,sup,Leona,oe:player:84bd988294f5dd9ae9a499abf6524a0,Alistar,sup:Leona,lineup-de5e31d683ce7975,1,2426.00000000,40.43333333,0,3,2,0.66666667,8304.00000000,2718.00000000,46,67.22176422,0.12397175,0.03965220,137,3.38829349,0.28571429,-248.00000000,-176.00000000,1.00000000,0,warmup,,,,,
pg-d90bae3896bc3242,ESPORTSTMNT01/1692696,2021-01-19T18:32:51,2021-01-19,2021,Split 1,0,11.01,Red,oe:team:5a5f8cc0161f43afe3461b293535517,AGO ROGUE,oe:team:73f3cc4e54620b1454530648442e066,K1CK,oe:player:a7b756e008bfcb7148cdb51f886c3fa,Sinmivak,top,Karma,oe:player:4841aa27ab85be0b9f45fed1d5e7b09,Gangplank,top:Karma,lineup-de5e31d683ce7975,1,2426.00000000,40.43333333,1,1,5,6.00000000,12874.00000000,8872.00000000,226,219.42291838,0.19219802,0.12943133,26,0.64303380,0.85714286,-782.00000000,-470.00000000,0.00000000,0,warmup,,,,,
pg-622a07c097b46a84,ESPORTSTMNT01/1692969,2021-01-20T15:42:43,2021-01-20,2021,Split 1,0,11.01,Blue,oe:team:6cedba5819b5b7c465cb3bb48bfe855,Illuminar Gaming,oe:team:73f3cc4e54620b1454530648442e066,K1CK,oe:player:7705566e63eedc7bd6c4c72d43c9104,odi11,bot,Miss Fortune,oe:player:b4a352b2b8782a2bb21bce1a2f47645,Xayah,bot:Miss Fortune,lineup-561550076137b115,1,1880.00000000,31.33333333,2,0,5,7.00000000,13272.00000000,19722.00000000,299,629.42553191,0.22430665,0.32364573,27,0.86170213,0.63636364,199.00000000,257.00000000,8.00000000,0,warmup,,,,,
pg-6dca986fc7623987,ESPORTSTMNT01/1692969,2021-01-20T15:42:43,2021-01-20,2021,Split 1,0,11.01,Blue,oe:team:6cedba5819b5b7c465cb3bb48bfe855,Illuminar Gaming,oe:team:73f3cc4e54620b1454530648442e066,K1CK,oe:player:df3e7f4eef306da0e300b26a7c92b00,Tabasko,jng,Lillia,oe:player:7471c21aed615dae3e49140eca8ce89,Olaf,jng:Lillia,lineup-561550076137b115,1,1880.00000000,31.33333333,2,0,6,8.00000000,11007.00000000,10499.00000000,204,335.07446809,0.18602647,0.17229270,53,1.69148936,0.72727273,574.00000000,463.00000000,20.00000000,0,warmup,,,,,
pg-02c78d1f4b3c1a43,ESPORTSTMNT01/1692969,2021-01-20T15:42:43,2021-01-20,2021,Split 1,0,11.01,Blue,oe:team:6cedba5819b5b7c465cb3bb48bfe855,Illuminar Gaming,oe:team:73f3cc4e54620b1454530648442e066,K1CK,oe:player:73ac73edf51a3acdfa494e271c6ee29,Czajek,mid,Yone,oe:player:be4ce50af0cd0d8574aa3820c37d1ae,Viktor,mid:Yone,lineup-561550076137b115,1,1880.00000000,31.33333333,6,1,3,9.00000000,13512.00000000,15028.00000000,284,479.61702128,0.22836283,0.24661536,20,0.63829787,0.81818182,-623.00000000,285.00000000,-8.00000000,0,warmup,,,,,
pg-08dcf97fe61cba5f,ESPORTSTMNT01/1692969,2021-01-20T15:42:43,2021-01-20,2021,Split 1,0,11.01,Blue,oe:team:6cedba5819b5b7c465cb3bb48bfe855,Illuminar Gaming,oe:team:73f3cc4e54620b1454530648442e066,K1CK,oe:player:df5866d3078c786ce03084b78b1f5d9,Czypsy,sup,Galio,oe:player:84bd988294f5dd9ae9a499abf6524a0,Alistar,sup:Galio,lineup-561550076137b115,1,1880.00000000,31.33333333,0,1,10,10.00000000,7473.00000000,5394.00000000,40,172.14893617,0.12629924,0.08851765,94,3.00000000,0.90909091,-282.00000000,-270.00000000,1.00000000,0,warmup,,,,,
pg-767d03ffa940c36a,ESPORTSTMNT01/1692969,2021-01-20T15:42:43,2021-01-20,2021,Split 1,0,11.01,Blue,oe:team:6cedba5819b5b7c465cb3bb48bfe855,Illuminar Gaming,oe:team:73f3cc4e54620b1454530648442e066,K1CK,oe:player:2925560e555046ad9b0066ff181fe21,Melonik,top,Camille,oe:player:4841aa27ab85be0b9f45fed1d5e7b09,Mordekaiser,top:Camille,lineup-561550076137b115,1,1880.00000000,31.33333333,1,2,7,4.00000000,13905.00000000,10294.00000000,312,328.53191489,0.23500482,0.16892857,32,1.02127660,0.72727273,576.00000000,206.00000000,23.00000000,0,warmup,,,,,
pg-3ad1647d45bf6762,ESPORTSTMNT01/1692969,2021-01-20T15:42:43,2021-01-20,2021,Split 1,0,11.01,Red,oe:team:73f3cc4e54620b1454530648442e066,K1CK,oe:team:6cedba5819b5b7c465cb3bb48bfe855,Illuminar Gaming,oe:player:b4a352b2b8782a2bb21bce1a2f47645,Puki Style,bot,Xayah,oe:player:7705566e63eedc7bd6c4c72d43c9104,Miss Fortune,bot:Xayah,lineup-199bafdd01ac68ac,0,1880.00000000,31.33333333,1,2,1,1.00000000,11968.00000000,9193.00000000,296,293.39361702,0.24505508,0.23498888,31,0.98936170,0.50000000,-199.00000000,-257.00000000,-8.00000000,0,warmup,,,,,
pg-552907d7a132ea41,ESPORTSTMNT01/1692969,2021-01-20T15:42:43,2021-01-20,2021,Split 1,0,11.01,Red,oe:team:73f3cc4e54620b1454530648442e066,K1CK,oe:team:6cedba5819b5b7c465cb3bb48bfe855,Illuminar Gaming,oe:player:7471c21aed615dae3e49140eca8ce89,Bruness,jng,Olaf,oe:player:df3e7f4eef306da0e300b26a7c92b00,Lillia,jng:Olaf,lineup-199bafdd01ac68ac,0,1880.00000000,31.33333333,1,1,1,2.00000000,8900.00000000,6967.00000000,173,222.35106383,0.18223514,0.17808849,41,1.30851064,0.50000000,-574.00000000,-463.00000000,-20.00000000,0,warmup,,,,,
pg-533ee33051d03dd3,ESPORTSTMNT01/1692969,2021-01-20T15:42:43,2021-01-20,2021,Split 1,0,11.01,Red,oe:team:73f3cc4e54620b1454530648442e066,K1CK,oe:team:6cedba5819b5b7c465cb3bb48bfe855,Illuminar Gaming,oe:player:be4ce50af0cd0d8574aa3820c37d1ae,Matislaw,mid,Viktor,oe:player:73ac73edf51a3acdfa494e271c6ee29,Yone,mid:Viktor,lineup-199bafdd01ac68ac,0,1880.00000000,31.33333333,1,2,2,1.50000000,11677.00000000,12069.00000000,298,385.18085106,0.23909661,0.30850438,26,0.82978723,0.75000000,623.00000000,-285.00000000,8.00000000,0,warmup,,,,,
pg-45e7e9ba0aab8ec3,ESPORTSTMNT01/1692969,2021-01-20T15:42:43,2021-01-20,2021,Split 1,0,11.01,Red,oe:team:73f3cc4e54620b1454530648442e066,K1CK,oe:team:6cedba5819b5b7c465cb3bb48bfe855,Illuminar Gaming,oe:player:84bd988294f5dd9ae9a499abf6524a0,Raxxo,sup,Alistar,oe:player:df5866d3078c786ce03084b78b1f5d9,Galio,sup:Alistar,lineup-199bafdd01ac68ac,0,1880.00000000,31.33333333,0,2,3,1.50000000,6649.00000000,3069.00000000,37,97.94680851,0.13614399,0.07844891,104,3.31914894,0.75000000,282.00000000,270.00000000,-1.00000000,0,warmup,,,,,
pg-655302bcff9667c1,ESPORTSTMNT01/1692969,2021-01-20T15:42:43,2021-01-20,2021,Split 1,0,11.01,Red,oe:team:73f3cc4e54620b1454530648442e066,K1CK,oe:team:6cedba5819b5b7c465cb3bb48bfe855,Illuminar Gaming,oe:player:4841aa27ab85be0b9f45fed1d5e7b09,Kackos,top,Mordekaiser,oe:player:2925560e555046ad9b0066ff181fe21,Camille,top:Mordekaiser,lineup-199bafdd01ac68ac,0,1880.00000000,31.33333333,1,4,0,0.25000000,9644.00000000,7823.00000000,221,249.67021277,0.19746918,0.19996933,34,1.08510638,0.25000000,-576.00000000,-206.00000000,-23.00000000,0,warmup,,,,,
pg-b41b4e7d50cd285f,ESPORTSTMNT01/1683213,2021-01-20T16:33:38,2021-01-20,2021,Split 1,0,11.01,Blue,oe:team:5628f250931675f9c0d20aad46cc117,Komil & Friends,oe:team:1158ec5b08f516ca81868bc48293989,Team ESCA Gaming,oe:player:09b530d59645f71d7b2ac90a69ba18d,Tantrum,bot,Tristana,oe:player:3d022fcafe5af9f52df92b17c015fe6,Kai'Sa,bot:Tristana,lineup-7c60f65992ffcd2f,0,1540.00000000,25.66666667,3,1,0,3.00000000,9770.00000000,9753.00000000,205,379.98701299,0.28120773,0.21764260,19,0.74025974,0.75000000,-1691.00000000,-582.00000000,-37.00000000,0,warmup,,,,,
pg-61d9bb62724a3839,ESPORTSTMNT01/1683213,2021-01-20T16:33:38,2021-01-20,2021,Split 1,0,11.01,Blue,oe:team:5628f250931675f9c0d20aad46cc117,Komil & Friends,oe:team:1158ec5b08f516ca81868bc48293989,Team ESCA Gaming,oe:player:8a1c30199bac9efaa2161b14565595c,KonDziSan,jng,Jarvan IV,oe:player:318a60c20ad705c05ceb1e1b2067624,Elise,jng:Jarvan IV,lineup-7c60f65992ffcd2f,0,1540.00000000,25.66666667,0,5,4,0.80000000,6637.00000000,7869.00000000,109,306.58441558,0.19103129,0.17560029,23,0.89610390,1.00000000,-564.00000000,224.00000000,8.00000000,0,warmup,,,,,
pg-0caa04661236cf9e,ESPORTSTMNT01/1683213,2021-01-20T16:33:38,2021-01-20,2021,Split 1,0,11.01,Blue,oe:team:5628f250931675f9c0d20aad46cc117,Komil & Friends,oe:team:1158ec5b08f516ca81868bc48293989,Team ESCA Gaming,oe:player:c7337ff148385d577d2f120af1ce7b9,Komil,mid,Azir,oe:player:fd232826ff3976840e994bb85a3bd46,Akali,mid:Azir,lineup-7c60f65992ffcd2f,0,1540.00000000,25.66666667,0,1,2,2.00000000,7201.00000000,14272.00000000,181,556.05194805,0.20726477,0.31848612,25,0.97402597,0.50000000,-703.00000000,-444.00000000,-12.00000000,0,warmup,,,,,
pg-696212cd79531776,ESPORTSTMNT01/1683213,2021-01-20T16:33:38,2021-01-20,2021,Split 1,0,11.01,Blue,oe:team:5628f250931675f9c0d20aad46cc117,Komil & Friends,oe:team:1158ec5b08f516ca81868bc48293989,Team ESCA Gaming,oe:player:20458cb68fcf2535dc1e9fea4d8075e,PIRANHA,sup,Galio,oe:player:c49e01c67147c8b2580273ca5e0d261,Alistar,sup:Galio,lineup-7c60f65992ffcd2f,0,1540.00000000,25.66666667,0,6,2,0.33333333,4819.00000000,5355.00000000,29,208.63636364,0.13870420,0.11949924,26,1.01298701,0.50000000,-1372.00000000,-917.00000000,-3.00000000,0,warmup,,,,,
pg-3f14af7505228b27,ESPORTSTMNT01/1683213,2021-01-20T16:33:38,2021-01-20,2021,Split 1,0,11.01,Blue,oe:team:5628f250931675f9c0d20aad46cc117,Komil & Friends,oe:team:1158ec5b08f516ca81868bc48293989,Team ESCA Gaming,oe:player:6f1d6de81a5cf0392b476859d094278,Rzems,top,Ornn,oe:player:455527eab48df51aaf02979e65dd651,Wukong,top:Ornn,lineup-7c60f65992ffcd2f,0,1540.00000000,25.66666667,1,6,2,0.50000000,6316.00000000,7563.00000000,112,294.66233766,0.18179202,0.16877176,13,0.50649351,0.75000000,-1258.00000000,-1054.00000000,-37.00000000,0,warmup,,,,,
pg-a9586a8543658ad2,ESPORTSTMNT01/1683213,2021-01-20T16:33:38,2021-01-20,2021,Split 1,0,11.01,Red,oe:team:1158ec5b08f516ca81868bc48293989,Team ESCA Gaming,oe:team:5628f250931675f9c0d20aad46cc117,Komil & Friends,oe:player:3d022fcafe5af9f52df92b17c015fe6,HARPOON,bot,Kai'Sa,oe:player:09b530d59645f71d7b2ac90a69ba18d,Tristana,bot:Kai'Sa,lineup-b65b9b30a31dde93,1,1540.00000000,25.66666667,10,0,6,16.00000000,14692.00000000,15408.00000000,281,600.31168831,0.29026968,0.32467286,30,1.16883117,0.84210526,1691.00000000,582.00000000,37.00000000,0,warmup,,,,,
pg-4bcb7b3ac50a4706,ESPORTSTMNT01/1683213,2021-01-20T16:33:38,2021-01-20,2021,Split 1,0,11.01,Red,oe:team:1158ec5b08f516ca81868bc48293989,Team ESCA Gaming,oe:team:5628f250931675f9c0d20aad46cc117,Komil & Friends,oe:player:318a60c20ad705c05ceb1e1b2067624,Sh4dowUS,jng,Elise,oe:player:8a1c30199bac9efaa2161b14565595c,Jarvan IV,jng:Elise,lineup-b65b9b30a31dde93,1,1540.00000000,25.66666667,3,2,10,6.50000000,8776.00000000,9254.00000000,115,360.54545455,0.17338734,0.19499758,41,1.59740260,0.68421053,564.00000000,-224.00000000,-8.00000000,0,warmup,,,,,
pg-abc9d0e293909216,ESPORTSTMNT01/1683213,2021-01-20T16:33:38,2021-01-20,2021,Split 1,0,11.01,Red,oe:team:1158ec5b08f516ca81868bc48293989,Team ESCA Gaming,oe:team:5628f250931675f9c0d20aad46cc117,Komil & Friends,oe:player:fd232826ff3976840e994bb85a3bd46,DOMOLES,mid,Akali,oe:player:c7337ff148385d577d2f120af1ce7b9,Azir,mid:Akali,lineup-b65b9b30a31dde93,1,1540.00000000,25.66666667,4,0,7,11.00000000,9586.00000000,7959.00000000,165,310.09090909,0.18939050,0.16770972,15,0.58441558,0.57894737,703.00000000,444.00000000,12.00000000,0,warmup,,,,,
pg-1cf36b70ab01ed11,ESPORTSTMNT01/1683213,2021-01-20T16:33:38,2021-01-20,2021,Split 1,0,11.01,Red,oe:team:1158ec5b08f516ca81868bc48293989,Team ESCA Gaming,oe:team:5628f250931675f9c0d20aad46cc117,Komil & Friends,oe:player:c49e01c67147c8b2580273ca5e0d261,Melekx,sup,Alistar,oe:player:20458cb68fcf2535dc1e9fea4d8075e,Galio,sup:Alistar,lineup-b65b9b30a31dde93,1,1540.00000000,25.66666667,2,1,15,17.00000000,7840.00000000,3802.00000000,29,148.12987013,0.15489479,0.08011463,55,2.14285714,0.89473684,1372.00000000,917.00000000,3.00000000,0,warmup,,,,,
pg-89f8090398b8f2de,ESPORTSTMNT01/1683213,2021-01-20T16:33:38,2021-01-20,2021,Split 1,0,11.01,Red,oe:team:1158ec5b08f516ca81868bc48293989,Team ESCA Gaming,oe:team:5628f250931675f9c0d20aad46cc117,Komil & Friends,oe:player:455527eab48df51aaf02979e65dd651,Jaqen,top,Wukong,oe:player:6f1d6de81a5cf0392b476859d094278,Ornn,top:Wukong,lineup-b65b9b30a31dde93,1,1540.00000000,25.66666667,0,1,10,10.00000000,9721.00000000,11034.00000000,180,429.89610390,0.19205769,0.23250522,27,1.05194805,0.52631579,1258.00000000,1054.00000000,37.00000000,0,warmup,,,,,
pg-0a4b8c2151b3f0fe,ESPORTSTMNT01/1683235,2021-01-20T17:27:06,2021-01-20,2021,Split 1,0,11.01,Blue,oe:team:5a5f8cc0161f43afe3461b293535517,AGO ROGUE,oe:team:f27741afb3044c971eeced9d0c2daa1,devils.one,oe:player:0482daf6543f102a27a265342292bb7,Lucker,bot,Jhin,oe:player:694ee794a9d3a8c3fbd658becb89769,Xayah,bot:Jhin,lineup-de5e31d683ce7975,1,1810.00000000,30.16666667,7,1,4,11.00000000,14017.00000000,17118.00000000,282,567.44751381,0.23564320,0.21911040,23,0.76243094,0.73333333,385.00000000,412.00000000,14.00000000,0,warmup,,,,,
pg-cf4b751c363c4a97,ESPORTSTMNT01/1683235,2021-01-20T17:27:06,2021-01-20,2021,Split 1,0,11.01,Blue,oe:team:5a5f8cc0161f43afe3461b293535517,AGO ROGUE,oe:team:f27741afb3044c971eeced9d0c2daa1,devils.one,oe:player:6fc5fe723eed4ba4c230292be365c66,Lurox,jng,Nidalee,oe:player:2d1fca25321f6983dc3e1da11039a80,Taliyah,jng:Nidalee,lineup-de5e31d683ce7975,1,1810.00000000,30.16666667,5,0,4,9.00000000,13215.00000000,17288.00000000,234,573.08287293,0.22216058,0.22128640,50,1.65745856,0.60000000,1333.00000000,874.00000000,3.00000000,0,warmup,,,,,
pg-291c5398c0fecf02,ESPORTSTMNT01/1683235,2021-01-20T17:27:06,2021-01-20,2021,Split 1,0,11.01,Blue,oe:team:5a5f8cc0161f43afe3461b293535517,AGO ROGUE,oe:team:f27741afb3044c971eeced9d0c2daa1,devils.one,oe:player:2096ff50c6496d70e4b39793390c9ce,Sencux,mid,Orianna,oe:player:efde1a9fe9e6f1059c3fce2ec296fae,Sett,mid:Orianna,lineup-de5e31d683ce7975,1,1810.00000000,30.16666667,2,1,8,10.00000000,11953.00000000,20031.00000000,262,664.01104972,0.20094479,0.25639680,37,1.22651934,0.66666667,447.00000000,343.00000000,34.00000000,0,warmup,,,,,
pg-c7425cce266e72b3,ESPORTSTMNT01/1683235,2021-01-20T17:27:06,2021-01-20,2021,Split 1,0,11.01,Blue,oe:team:5a5f8cc0161f43afe3461b293535517,AGO ROGUE,oe:team:f27741afb3044c971eeced9d0c2daa1,devils.one,oe:player:3e68fd564e4e518b8aed89b9a0bf855,Pyrka,sup,Maokai,oe:player:945f30b38a435b37c2e70d893cb6a72,Galio,sup:Maokai,lineup-de5e31d683ce7975,1,1810.00000000,30.16666667,1,3,8,3.00000000,7556.00000000,10752.00000000,32,356.41988950,0.12702575,0.13762560,73,2.41988950,0.60000000,1.00000000,-473.00000000,-8.00000000,0,warmup,,,,,
pg-0879b2e61bda8072,ESPORTSTMNT01/1683235,2021-01-20T17:27:06,2021-01-20,2021,Split 1,0,11.01,Blue,oe:team:5a5f8cc0161f43afe3461b293535517,AGO ROGUE,oe:team:f27741afb3044c971eeced9d0c2daa1,devils.one,oe:player:a7b756e008bfcb7148cdb51f886c3fa,Sinmivak,top,Renekton,oe:player:e93fad90f312c1f10c64b60e5ba17c7,Ornn,top:Renekton,lineup-de5e31d683ce7975,1,1810.00000000,30.16666667,0,2,6,3.00000000,12743.00000000,12936.00000000,266,428.81767956,0.21422567,0.16558080,26,0.86187845,0.40000000,1657.00000000,589.00000000,18.00000000,0,warmup,,,,,
pg-a0b3dcb8d454dbaa,ESPORTSTMNT01/1683235,2021-01-20T17:27:06,2021-01-20,2021,Split 1,0,11.01,Red,oe:team:f27741afb3044c971eeced9d0c2daa1,devils.one,oe:team:5a5f8cc0161f43afe3461b293535517,AGO ROGUE,oe:player:694ee794a9d3a8c3fbd658becb89769,Zamulek,bot,Xayah,oe:player:0482daf6543f102a27a265342292bb7,Jhin,bot:Xayah,lineup-96cee117298b4401,0,1810.00000000,30.16666667,3,4,1,1.00000000,11375.00000000,10733.00000000,248,355.79005525,0.24357602,0.22990254,31,1.02762431,0.57142857,-385.00000000,-412.00000000,-14.00000000,0,warmup,,,,,
pg-13e7d5c23e7ab33b,ESPORTSTMNT01/1683235,2021-01-20T17:27:06,2021-01-20,2021,Split 1,0,11.01,Red,oe:team:f27741afb3044c971eeced9d0c2daa1,devils.one,oe:team:5a5f8cc0161f43afe3461b293535517,AGO ROGUE,oe:player:2d1fca25321f6983dc3e1da11039a80,Diagu,jng,Taliyah,oe:player:6fc5fe723eed4ba4c230292be365c66,Nidalee,jng:Taliyah,lineup-96cee117298b4401,0,1810.00000000,30.16666667,2,2,3,2.50000000,10762.00000000,10073.00000000,212,333.91160221,0.23044968,0.21576524,33,1.09392265,0.71428571,-1333.00000000,-874.00000000,-3.00000000,0,warmup,,,,,
pg-657fdbe9af104af0,ESPORTSTMNT01/1683235,2021-01-20T17:27:06,2021-01-20,2021,Split 1,0,11.01,Red,oe:team:f27741afb3044c971eeced9d0c2daa1,devils.one,oe:team:5a5f8cc0161f43afe3461b293535517,AGO ROGUE,oe:player:efde1a9fe9e6f1059c3fce2ec296fae,many,mid,Sett,oe:player:2096ff50c6496d70e4b39793390c9ce,Orianna,mid:Sett,lineup-96cee117298b4401,0,1810.00000000,30.16666667,1,2,5,3.00000000,9467.00000000,11523.00000000,211,381.97790055,0.20271949,0.24682446,24,0.79558011,0.85714286,-447.00000000,-343.00000000,-34.00000000,0,warmup,,,,,
pg-672ca7747e2624b4,ESPORTSTMNT01/1683235,2021-01-20T17:27:06,2021-01-20,2021,Split 1,0,11.01,Red,oe:team:f27741afb3044c971eeced9d0c2daa1,devils.one,oe:team:5a5f8cc0161f43afe3461b293535517,AGO ROGUE,oe:player:945f30b38a435b37c2e70d893cb6a72,YuNIshinoya,sup,Galio,oe:player:3e68fd564e4e518b8aed89b9a0bf855,Maokai,sup:Galio,lineup-96cee117298b4401,0,1810.00000000,30.16666667,0,4,5,1.25000000,6322.00000000,5205.00000000,36,172.54143646,0.13537473,0.11149191,70,2.32044199,0.71428571,-1.00000000,473.00000000,8.00000000,0,warmup,,,,,
pg-67f7781de89ee053,ESPORTSTMNT01/1683235,2021-01-20T17:27:06,2021-01-20,2021,Split 1,0,11.01,Red,oe:team:f27741afb3044c971eeced9d0c2daa1,devils.one,oe:team:5a5f8cc0161f43afe3461b293535517,AGO ROGUE,oe:player:e93fad90f312c1f10c64b60e5ba17c7,sheru,top,Ornn,oe:player:a7b756e008bfcb7148cdb51f886c3fa,Renekton,top:Ornn,lineup-96cee117298b4401,0,1810.00000000,30.16666667,1,3,2,1.00000000,8774.00000000,9151.00000000,197,303.34806630,0.18788009,0.19601585,33,1.09392265,0.42857143,-1657.00000000,-589.00000000,-18.00000000,0,warmup,,,,,
pg-fe8fd8ef9038824f,ESPORTSTMNT01/1693034,2021-01-20T18:24:10,2021-01-20,2021,Split 1,0,11.01,Blue,oe:team:3a1d5821b38ab1ddec52f944973d1bd,Gentlemen's Gaming,oe:team:b5ac2d78f427d88ed9666c8d1c9e1d2,7more7 Pompa Team,oe:player:50cce5a33514ebe62201a0a45314eca,Yashiro,bot,Kai'Sa,oe:player:f12b5cb6a2f280205cec33bf1c02e08,Seraphine,bot:Kai'Sa,lineup-e71ddd98b498ea4f,0,1897.00000000,31.61666667,3,3,1,1.33333333,13807.00000000,15275.00000000,325,483.13125988,0.30265235,0.35082683,23,0.72746442,0.80000000,277.00000000,410.00000000,13.00000000,0,warmup,,,,,
pg-6d1fe27add90abb6,ESPORTSTMNT01/1693034,2021-01-20T18:24:10,2021-01-20,2021,Split 1,0,11.01,Blue,oe:team:3a1d5821b38ab1ddec52f944973d1bd,Gentlemen's Gaming,oe:team:b5ac2d78f427d88ed9666c8d1c9e1d2,7more7 Pompa Team,oe:player:6dc7ae729c87dd9b26169b0fbaf04e7,Jenxas,jng,Trundle,oe:player:6b7ca7e0fcad1f113f17bc2d30adbf5,Olaf,jng:Trundle,lineup-e71ddd98b498ea4f,0,1897.00000000,31.61666667,0,3,3,1.00000000,7461.00000000,4760.00000000,121,150.55350554,0.16354669,0.10932476,23,0.72746442,0.60000000,-2045.00000000,-1605.00000000,-29.00000000,0,warmup,,,,,
pg-0a93c22ffe3908b1,ESPORTSTMNT01/1693034,2021-01-20T18:24:10,2021-01-20,2021,Split 1,0,11.01,Blue,oe:team:3a1d5821b38ab1ddec52f944973d1bd,Gentlemen's Gaming,oe:team:b5ac2d78f427d88ed9666c8d1c9e1d2,7more7 Pompa Team,oe:player:62ead8b1e25dbc7197a2007bcc4dbe0,Chosii,mid,Orianna,oe:player:20a8e429d58dfe01327b4e6f0a1cf05,Akali,mid:Orianna,lineup-e71ddd98b498ea4f,0,1897.00000000,31.61666667,1,5,2,0.60000000,9688.00000000,13353.00000000,237,422.34053769,0.21236300,0.30668351,25,0.79072219,0.60000000,-547.00000000,-1771.00000000,-3.00000000,0,warmup,,,,,
pg-62b7da1cac403309,ESPORTSTMNT01/1693034,2021-01-20T18:24:10,2021-01-20,2021,Split 1,0,11.01,Blue,oe:team:3a1d5821b38ab1ddec52f944973d1bd,Gentlemen's Gaming,oe:team:b5ac2d78f427d88ed9666c8d1c9e1d2,7more7 Pompa Team,oe:player:f32776bb3b0bfb1cd3261868df4dfce,Calmsky,sup,Leona,oe:player:a93e0326b85f0312cf1b451e175a7a0,Galio,sup:Leona,lineup-e71ddd98b498ea4f,0,1897.00000000,31.61666667,1,6,3,0.66666667,6559.00000000,3666.00000000,39,115.95150237,0.14377466,0.08419844,94,2.97311545,0.80000000,-485.00000000,-646.00000000,-6.00000000,0,warmup,,,,,
pg-8f15a80c2afe636f,ESPORTSTMNT01/1693034,2021-01-20T18:24:10,2021-01-20,2021,Split 1,0,11.01,Blue,oe:team:3a1d5821b38ab1ddec52f944973d1bd,Gentlemen's Gaming,oe:team:b5ac2d78f427d88ed9666c8d1c9e1d2,7more7 Pompa Team,oe:player:a2694196d288cd26055602729d0bb5c,HeSSZero,top,Ornn,oe:player:cb5feb1b7314637725a2e73bdc9f729,Urgot,top:Ornn,lineup-e71ddd98b498ea4f,0,1897.00000000,31.61666667,0,4,2,0.50000000,8105.00000000,6486.00000000,154,205.14496574,0.17766331,0.14896647,25,0.79072219,0.40000000,-2372.00000000,-650.00000000,-40.00000000,0,warmup,,,,,
pg-3427b2e4f8d0f18b,ESPORTSTMNT01/1693034,2021-01-20T18:24:10,2021-01-20,2021,Split 1,0,11.01,Red,oe:team:b5ac2d78f427d88ed9666c8d1c9e1d2,7more7 Pompa Team,oe:team:3a1d5821b38ab1ddec52f944973d1bd,Gentlemen's Gaming,oe:player:f12b5cb6a2f280205cec33bf1c02e08,Ather,bot,Seraphine,oe:player:50cce5a33514ebe62201a0a45314eca,Kai'Sa,bot:Seraphine,lineup-48785f429fb03ca8,1,1897.00000000,31.61666667,1,1,15,16.00000000,11973.00000000,20277.00000000,252,641.33895625,0.19662036,0.31928764,18,0.56931998,0.76190476,-277.00000000,-410.00000000,-13.00000000,0,warmup,,,,,
pg-b42a5387a09f8f88,ESPORTSTMNT01/1693034,2021-01-20T18:24:10,2021-01-20,2021,Split 1,0,11.01,Red,oe:team:b5ac2d78f427d88ed9666c8d1c9e1d2,7more7 Pompa Team,oe:team:3a1d5821b38ab1ddec52f944973d1bd,Gentlemen's Gaming,oe:player:6b7ca7e0fcad1f113f17bc2d30adbf5,adi1,jng,Olaf,oe:player:6dc7ae729c87dd9b26169b0fbaf04e7,Trundle,jng:Olaf,lineup-48785f429fb03ca8,1,1897.00000000,31.61666667,9,1,4,13.00000000,12987.00000000,12852.00000000,185,406.49446494,0.21327224,0.20237139,44,1.39167106,0.61904762,2045.00000000,1605.00000000,29.00000000,0,warmup,,,,,
pg-dfe582912df74cb8,ESPORTSTMNT01/1693034,2021-01-20T18:24:10,2021-01-20,2021,Split 1,0,11.01,Red,oe:team:b5ac2d78f427d88ed9666c8d1c9e1d2,7more7 Pompa Team,oe:team:3a1d5821b38ab1ddec52f944973d1bd,Gentlemen's Gaming,oe:player:20a8e429d58dfe01327b4e6f0a1cf05,Ariana,mid,Akali,oe:player:62ead8b1e25dbc7197a2007bcc4dbe0,Orianna,mid:Akali,lineup-48785f429fb03ca8,1,1897.00000000,31.61666667,7,1,5,12.00000000,14820.00000000,13555.00000000,260,428.72957301,0.24337373,0.21344104,22,0.69583553,0.57142857,547.00000000,1771.00000000,3.00000000,0,warmup,,,,,
pg-8e06cea65a73197c,ESPORTSTMNT01/1693034,2021-01-20T18:24:10,2021-01-20,2021,Split 1,0,11.01,Red,oe:team:b5ac2d78f427d88ed9666c8d1c9e1d2,7more7 Pompa Team,oe:team:3a1d5821b38ab1ddec52f944973d1bd,Gentlemen's Gaming,oe:player:a93e0326b85f0312cf1b451e175a7a0,Wojtus,sup,Galio,oe:player:f32776bb3b0bfb1cd3261868df4dfce,Leona,sup:Galio,lineup-48785f429fb03ca8,1,1897.00000000,31.61666667,1,1,14,15.00000000,7931.00000000,4452.00000000,36,140.81180812,0.13024272,0.07010251,83,2.62519768,0.71428571,485.00000000,646.00000000,6.00000000,0,warmup,,,,,
pg-ec15bf7aa389e12c,ESPORTSTMNT01/1693034,2021-01-20T18:24:10,2021-01-20,2021,Split 1,0,11.01,Red,oe:team:b5ac2d78f427d88ed9666c8d1c9e1d2,7more7 Pompa Team,oe:team:3a1d5821b38ab1ddec52f944973d1bd,Gentlemen's Gaming,oe:player:cb5feb1b7314637725a2e73bdc9f729,Color,top,Urgot,oe:player:a2694196d288cd26055602729d0bb5c,Ornn,top:Urgot,lineup-48785f429fb03ca8,1,1897.00000000,31.61666667,3,1,4,7.00000000,13183.00000000,12371.00000000,262,391.28096995,0.21649095,0.19479742,51,1.61307327,0.33333333,2372.00000000,650.00000000,40.00000000,0,warmup,,,,,
pg-43f24d34cefd1994,ESPORTSTMNT01/1731994,2021-01-26T15:29:41,2021-01-26,2021,Split 1,0,11.01,Blue,oe:team:f27741afb3044c971eeced9d0c2daa1,devils.one,oe:team:b5ac2d78f427d88ed9666c8d1c9e1d2,7more7 Pompa Team,oe:player:694ee794a9d3a8c3fbd658becb89769,Zamulek,bot,Jhin,oe:player:f12b5cb6a2f280205cec33bf1c02e08,Ashe,bot:Jhin,lineup-96cee117298b4401,0,1967.00000000,32.78333333,1,2,2,1.50000000,12333.00000000,13581.00000000,309,414.26537875,0.24612836,0.31151941,24,0.73207931,0.75000000,-154.00000000,-316.00000000,-9.00000000,0,warmup,,,,,
pg-03397a302e191950,ESPORTSTMNT01/1731994,2021-01-26T15:29:41,2021-01-26,2021,Split 1,0,11.01,Blue,oe:team:f27741afb3044c971eeced9d0c2daa1,devils.one,oe:team:b5ac2d78f427d88ed9666c8d1c9e1d2,7more7 Pompa Team,oe:player:2d1fca25321f6983dc3e1da11039a80,Diagu,jng,Hecarim,oe:player:82416dfeed801e2846a7c12a3649ab3,Olaf,jng:Hecarim,lineup-96cee117298b4401,0,1967.00000000,32.78333333,1,2,3,2.00000000,10035.00000000,5602.00000000,194,170.87951195,0.20026742,0.12849803,36,1.09811896,1.00000000,553.00000000,-298.00000000,-13.00000000,0,warmup,,,,,
pg-03c684cbf7b42ade,ESPORTSTMNT01/1731994,2021-01-26T15:29:41,2021-01-26,2021,Split 1,0,11.01,Blue,oe:team:f27741afb3044c971eeced9d0c2daa1,devils.one,oe:team:b5ac2d78f427d88ed9666c8d1c9e1d2,7more7 Pompa Team,oe:player:efde1a9fe9e6f1059c3fce2ec296fae,many,mid,Orianna,oe:player:5a23766ce46653d2b63ac4a40cd61c1,Viktor,mid:Orianna,lineup-96cee117298b4401,0,1967.00000000,32.78333333,2,2,2,2.00000000,12846.00000000,15840.00000000,327,483.17234367,0.25636625,0.36333609,33,1.00660905,1.00000000,131.00000000,181.00000000,5.00000000,0,warmup,,,,,
pg-fa28e421c9a907a9,ESPORTSTMNT01/1731994,2021-01-26T15:29:41,2021-01-26,2021,Split 1,0,11.01,Blue,oe:team:f27741afb3044c971eeced9d0c2daa1,devils.one,oe:team:b5ac2d78f427d88ed9666c8d1c9e1d2,7more7 Pompa Team,oe:player:945f30b38a435b37c2e70d893cb6a72,YuNIshinoya,sup,Nautilus,oe:player:a93e0326b85f0312cf1b451e175a7a0,Alistar,sup:Nautilus,lineup-96cee117298b4401,0,1967.00000000,32.78333333,0,3,2,0.66666667,6072.00000000,2144.00000000,35,65.39908490,0.12117825,0.04917882,73,2.22674123,0.50000000,-133.00000000,195.00000000,2.00000000,0,warmup,,,,,
pg-1993efa0c37d978e,ESPORTSTMNT01/1731994,2021-01-26T15:29:41,2021-01-26,2021,Split 1,0,11.01,Blue,oe:team:f27741afb3044c971eeced9d0c2daa1,devils.one,oe:team:b5ac2d78f427d88ed9666c8d1c9e1d2,7more7 Pompa Team,oe:player:e93fad90f312c1f10c64b60e5ba17c7,sheru,top,Karma,oe:player:cb5feb1b7314637725a2e73bdc9f729,Gnar,top:Karma,lineup-96cee117298b4401,0,1967.00000000,32.78333333,0,4,3,0.75000000,8822.00000000,6429.00000000,192,196.10574479,0.17605971,0.14746766,34,1.03711235,0.75000000,-1164.00000000,-241.00000000,-22.00000000,0,warmup,,,,,
pg-3bb3ca0c8d4b5417,ESPORTSTMNT01/1731994,2021-01-26T15:29:41,2021-01-26,2021,Split 1,0,11.01,Red,oe:team:b5ac2d78f427d88ed9666c8d1c9e1d2,7more7 Pompa Team,oe:team:f27741afb3044c971eeced9d0c2daa1,devils.one,oe:player:f12b5cb6a2f280205cec33bf1c02e08,Ather,bot,Ashe,oe:player:694ee794a9d3a8c3fbd658becb89769,Jhin,bot:Ashe,lineup-e174eb922a14bd84,1,1967.00000000,32.78333333,1,1,8,9.00000000,11935.00000000,14947.00000000,287,455.93289273,0.20284165,0.26930561,49,1.49466192,0.69230769,154.00000000,316.00000000,9.00000000,0,warmup,,,,,
pg-848deac0f5b7abe3,ESPORTSTMNT01/1731994,2021-01-26T15:29:41,2021-01-26,2021,Split 1,0,11.01,Red,oe:team:b5ac2d78f427d88ed9666c8d1c9e1d2,7more7 Pompa Team,oe:team:f27741afb3044c971eeced9d0c2daa1,devils.one,oe:player:82416dfeed801e2846a7c12a3649ab3,behave,jng,Olaf,oe:player:2d1fca25321f6983dc3e1da11039a80,Hecarim,jng:Olaf,lineup-e174eb922a14bd84,1,1967.00000000,32.78333333,4,0,4,8.00000000,11482.00000000,6004.00000000,229,183.14184037,0.19514268,0.10817628,48,1.46415862,0.61538462,-553.00000000,298.00000000,13.00000000,0,warmup,,,,,
pg-6ccc747d4cabfa04,ESPORTSTMNT01/1731994,2021-01-26T15:29:41,2021-01-26,2021,Split 1,0,11.01,Red,oe:team:b5ac2d78f427d88ed9666c8d1c9e1d2,7more7 Pompa Team,oe:team:f27741afb3044c971eeced9d0c2daa1,devils.one,oe:player:5a23766ce46653d2b63ac4a40cd61c1,Warszi,mid,Viktor,oe:player:efde1a9fe9e6f1059c3fce2ec296fae,Orianna,mid:Viktor,lineup-e174eb922a14bd84,1,1967.00000000,32.78333333,5,1,2,7.00000000,14338.00000000,20060.00000000,327,611.89628876,0.24368191,0.36142842,43,1.31164209,0.53846154,-131.00000000,-181.00000000,-5.00000000,0,warmup,,,,,
pg-f98d7a3e3f2f3d1f,ESPORTSTMNT01/1731994,2021-01-26T15:29:41,2021-01-26,2021,Split 1,0,11.01,Red,oe:team:b5ac2d78f427d88ed9666c8d1c9e1d2,7more7 Pompa Team,oe:team:f27741afb3044c971eeced9d0c2daa1,devils.one,oe:player:a93e0326b85f0312cf1b451e175a7a0,Wojtus,sup,Alistar,oe:player:945f30b38a435b37c2e70d893cb6a72,Nautilus,sup:Alistar,lineup-e174eb922a14bd84,1,1967.00000000,32.78333333,0,1,11,11.00000000,6900.00000000,2953.00000000,26,90.07625826,0.11726916,0.05320529,74,2.25724453,0.84615385,133.00000000,-195.00000000,-2.00000000,0,warmup,,,,,
pg-56615b1d3dc10f10,ESPORTSTMNT01/1731994,2021-01-26T15:29:41,2021-01-26,2021,Split 1,0,11.01,Red,oe:team:b5ac2d78f427d88ed9666c8d1c9e1d2,7more7 Pompa Team,oe:team:f27741afb3044c971eeced9d0c2daa1,devils.one,oe:player:cb5feb1b7314637725a2e73bdc9f729,Color,top,Gnar,oe:player:e93fad90f312c1f10c64b60e5ba17c7,Karma,top:Gnar,lineup-e174eb922a14bd84,1,1967.00000000,32.78333333,3,1,10,13.00000000,14184.00000000,11538.00000000,289,351.94712761,0.24106460,0.20788440,38,1.15912557,1.00000000,1164.00000000,241.00000000,22.00000000,0,warmup,,,,,
pg-21c136ee89bed9e8,ESPORTSTMNT01/1721721,2021-01-26T16:38:45,2021-01-26,2021,Split 1,0,11.01,Blue,oe:team:3a1d5821b38ab1ddec52f944973d1bd,Gentlemen's Gaming,oe:team:73f3cc4e54620b1454530648442e066,K1CK,oe:player:50cce5a33514ebe62201a0a45314eca,Yashiro,bot,Xayah,oe:player:b4a352b2b8782a2bb21bce1a2f47645,Aphelios,bot:Xayah,lineup-e71ddd98b498ea4f,0,1855.00000000,30.91666667,3,5,3,1.20000000,11323.00000000,16002.00000000,212,517.58490566,0.24785483,0.28438394,16,0.51752022,0.85714286,-2364.00000000,-1052.00000000,-46.00000000,0,warmup,,,,,
pg-5cb3624b12bd486c,ESPORTSTMNT01/1721721,2021-01-26T16:38:45,2021-01-26,2021,Split 1,0,11.01,Blue,oe:team:3a1d5821b38ab1ddec52f944973d1bd,Gentlemen's Gaming,oe:team:73f3cc4e54620b1454530648442e066,K1CK,oe:player:6dc7ae729c87dd9b26169b0fbaf04e7,Jenxas,jng,Hecarim,oe:player:7471c21aed615dae3e49140eca8ce89,Olaf,jng:Hecarim,lineup-e71ddd98b498ea4f,0,1855.00000000,30.91666667,0,8,6,0.75000000,8633.00000000,5938.00000000,177,192.06469003,0.18897207,0.10552880,20,0.64690027,0.85714286,-439.00000000,597.00000000,18.00000000,0,warmup,,,,,
pg-3faa685e62f1c229,ESPORTSTMNT01/1721721,2021-01-26T16:38:45,2021-01-26,2021,Split 1,0,11.01,Blue,oe:team:3a1d5821b38ab1ddec52f944973d1bd,Gentlemen's Gaming,oe:team:73f3cc4e54620b1454530648442e066,K1CK,oe:player:62ead8b1e25dbc7197a2007bcc4dbe0,Chosii,mid,Syndra,oe:player:be4ce50af0cd0d8574aa3820c37d1ae,Twisted Fate,mid:Syndra,lineup-e71ddd98b498ea4f,0,1855.00000000,30.91666667,2,4,2,1.00000000,9997.00000000,18959.00000000,236,613.22911051,0.21882935,0.33693508,22,0.71159030,0.57142857,-564.00000000,754.00000000,26.00000000,0,warmup,,,,,
pg-d1df316d8aa006d1,ESPORTSTMNT01/1721721,2021-01-26T16:38:45,2021-01-26,2021,Split 1,0,11.01,Blue,oe:team:3a1d5821b38ab1ddec52f944973d1bd,Gentlemen's Gaming,oe:team:73f3cc4e54620b1454530648442e066,K1CK,oe:player:f32776bb3b0bfb1cd3261868df4dfce,Calmsky,sup,Galio,oe:player:84bd988294f5dd9ae9a499abf6524a0,Thresh,sup:Galio,lineup-e71ddd98b498ea4f,0,1855.00000000,30.91666667,0,4,5,1.25000000,5970.00000000,4974.00000000,36,160.88409704,0.13068033,0.08839681,62,2.00539084,0.71428571,-637.00000000,-683.00000000,-6.00000000,0,warmup,,,,,
pg-52a58928ebc7ade3,ESPORTSTMNT01/1721721,2021-01-26T16:38:45,2021-01-26,2021,Split 1,0,11.01,Blue,oe:team:3a1d5821b38ab1ddec52f944973d1bd,Gentlemen's Gaming,oe:team:73f3cc4e54620b1454530648442e066,K1CK,oe:player:a2694196d288cd26055602729d0bb5c,HeSSZero,top,Camille,oe:player:4841aa27ab85be0b9f45fed1d5e7b09,Gragas,top:Camille,lineup-e71ddd98b498ea4f,0,1855.00000000,30.91666667,2,3,3,1.66666667,9761.00000000,10396.00000000,204,336.25876011,0.21366343,0.18475537,27,0.87331536,0.71428571,-459.00000000,-566.00000000,-6.00000000,0,warmup,,,,,
pg-541ff0a6d7c73018,ESPORTSTMNT01/1721721,2021-01-26T16:38:45,2021-01-26,2021,Split 1,0,11.01,Red,oe:team:73f3cc4e54620b1454530648442e066,K1CK,oe:team:3a1d5821b38ab1ddec52f944973d1bd,Gentlemen's Gaming,oe:player:b4a352b2b8782a2bb21bce1a2f47645,Puki Style,bot,Aphelios,oe:player:50cce5a33514ebe62201a0a45314eca,Xayah,bot:Aphelios,lineup-199bafdd01ac68ac,1,1855.00000000,30.91666667,6,0,13,19.00000000,16339.00000000,18434.00000000,305,596.24797844,0.26346002,0.31116438,37,1.19676550,0.79166667,2364.00000000,1052.00000000,46.00000000,0,warmup,,,,,
pg-e9b1a290f7f259b3,ESPORTSTMNT01/1721721,2021-01-26T16:38:45,2021-01-26,2021,Split 1,0,11.01,Red,oe:team:73f3cc4e54620b1454530648442e066,K1CK,oe:team:3a1d5821b38ab1ddec52f944973d1bd,Gentlemen's Gaming,oe:player:7471c21aed615dae3e49140eca8ce89,Bruness,jng,Olaf,oe:player:6dc7ae729c87dd9b26169b0fbaf04e7,Hecarim,jng:Olaf,lineup-199bafdd01ac68ac,1,1855.00000000,30.91666667,11,1,8,19.00000000,13527.00000000,18675.00000000,158,604.04312668,0.21811761,0.31523244,46,1.48787062,0.79166667,439.00000000,-597.00000000,-18.00000000,0,warmup,,,,,
pg-0b8b8b1f51d0e9df,ESPORTSTMNT01/1721721,2021-01-26T16:38:45,2021-01-26,2021,Split 1,0,11.01,Red,oe:team:73f3cc4e54620b1454530648442e066,K1CK,oe:team:3a1d5821b38ab1ddec52f944973d1bd,Gentlemen's Gaming,oe:player:be4ce50af0cd0d8574aa3820c37d1ae,Matislaw,mid,Twisted Fate,oe:player:62ead8b1e25dbc7197a2007bcc4dbe0,Syndra,mid:Twisted Fate,lineup-199bafdd01ac68ac,1,1855.00000000,30.91666667,4,2,11,7.50000000,13357.00000000,9312.00000000,218,301.19676550,0.21537643,0.15718578,34,1.09973046,0.62500000,564.00000000,-754.00000000,-26.00000000,0,warmup,,,,,
pg-e56d7a319043f58b,ESPORTSTMNT01/1721721,2021-01-26T16:38:45,2021-01-26,2021,Split 1,0,11.01,Red,oe:team:73f3cc4e54620b1454530648442e066,K1CK,oe:team:3a1d5821b38ab1ddec52f944973d1bd,Gentlemen's Gaming,oe:player:84bd988294f5dd9ae9a499abf6524a0,Raxxo,sup,Thresh,oe:player:f32776bb3b0bfb1cd3261868df4dfce,Galio,sup:Thresh,lineup-199bafdd01ac68ac,1,1855.00000000,30.91666667,2,1,19,21.00000000,9014.00000000,5334.00000000,43,172.52830189,0.14534724,0.09003747,97,3.13746631,0.87500000,637.00000000,683.00000000,6.00000000,0,warmup,,,,,
pg-d797941d3347f9e3,ESPORTSTMNT01/1721721,2021-01-26T16:38:45,2021-01-26,2021,Split 1,0,11.01,Red,oe:team:73f3cc4e54620b1454530648442e066,K1CK,oe:team:3a1d5821b38ab1ddec52f944973d1bd,Gentlemen's Gaming,oe:player:4841aa27ab85be0b9f45fed1d5e7b09,Kackos,top,Gragas,oe:player:a2694196d288cd26055602729d0bb5c,Camille,top:Gragas,lineup-199bafdd01ac68ac,1,1855.00000000,30.91666667,1,3,11,4.00000000,9780.00000000,7487.00000000,176,242.16711590,0.15769870,0.12637993,43,1.39083558,0.50000000,459.00000000,566.00000000,6.00000000,0,warmup,,,,,
pg-74713bd8afe4ffac,ESPORTSTMNT01/1721748,2021-01-26T17:40:29,2021-01-26,2021,Split 1,0,11.01,Blue,oe:team:5a5f8cc0161f43afe3461b293535517,AGO ROGUE,oe:team:5628f250931675f9c0d20aad46cc117,Komil & Friends,oe:player:0482daf6543f102a27a265342292bb7,Lucker,bot,Kalista,oe:player:d4ce01b5e3d0843e6bce1d70376deea,Jhin,bot:Kalista,lineup-de5e31d683ce7975,1,1118.00000000,18.63333333,8,2,4,6.00000000,9324.00000000,12255.00000000,166,657.69230769,0.22672892,0.28157526,8,0.42933810,0.54545455,3366.00000000,2151.00000000,53.00000000,0,warmup,,,,,
pg-a14b41810336ac10,ESPORTSTMNT01/1721748,2021-01-26T17:40:29,2021-01-26,2021,Split 1,0,11.01,Blue,oe:team:5a5f8cc0161f43afe3461b293535517,AGO ROGUE,oe:team:5628f250931675f9c0d20aad46cc117,Komil & Friends,oe:player:6fc5fe723eed4ba4c230292be365c66,Lurox,jng,Taliyah,oe:player:8a1c30199bac9efaa2161b14565595c,Gragas,jng:Taliyah,lineup-de5e31d683ce7975,1,1118.00000000,18.63333333,6,0,6,12.00000000,9077.00000000,10668.00000000,154,572.52236136,0.22072269,0.24511178,15,0.80500894,0.54545455,3106.00000000,3733.00000000,54.00000000,0,warmup,,,,,
pg-01b02d798f15cf61,ESPORTSTMNT01/1721748,2021-01-26T17:40:29,2021-01-26,2021,Split 1,0,11.01,Blue,oe:team:5a5f8cc0161f43afe3461b293535517,AGO ROGUE,oe:team:5628f250931675f9c0d20aad46cc117,Komil & Friends,oe:player:2096ff50c6496d70e4b39793390c9ce,Sencux,mid,Zoe,oe:player:c7337ff148385d577d2f120af1ce7b9,Yasuo,mid:Zoe,lineup-de5e31d683ce7975,1,1118.00000000,18.63333333,5,0,4,9.00000000,8287.00000000,10868.00000000,138,583.25581395,0.20151250,0.24970705,10,0.53667263,0.40909091,2425.00000000,1403.00000000,35.00000000,0,warmup,,,,,
pg-7e4763fd7663bcfd,ESPORTSTMNT01/1721748,2021-01-26T17:40:29,2021-01-26,2021,Split 1,0,11.01,Blue,oe:team:5a5f8cc0161f43afe3461b293535517,AGO ROGUE,oe:team:5628f250931675f9c0d20aad46cc117,Komil & Friends,oe:player:3e68fd564e4e518b8aed89b9a0bf855,Pyrka,sup,Leona,oe:player:20458cb68fcf2535dc1e9fea4d8075e,Morgana,sup:Leona,lineup-de5e31d683ce7975,1,1118.00000000,18.63333333,0,0,12,12.00000000,5614.00000000,2728.00000000,34,146.40429338,0.13651396,0.06267950,37,1.98568873,0.54545455,1533.00000000,1140.00000000,21.00000000,0,warmup,,,,,
pg-b17b17b87f5fa99c,ESPORTSTMNT01/1721748,2021-01-26T17:40:29,2021-01-26,2021,Split 1,0,11.01,Blue,oe:team:5a5f8cc0161f43afe3461b293535517,AGO ROGUE,oe:team:5628f250931675f9c0d20aad46cc117,Komil & Friends,oe:player:a7b756e008bfcb7148cdb51f886c3fa,Sinmivak,top,Renekton,oe:player:6f1d6de81a5cf0392b476859d094278,Malphite,top:Renekton,lineup-de5e31d683ce7975,1,1118.00000000,18.63333333,3,0,4,7.00000000,8822.00000000,7004.00000000,155,375.88550984,0.21452193,0.16092641,19,1.01967800,0.31818182,4121.00000000,2749.00000000,74.00000000,0,warmup,,,,,
pg-2c7ea25ec5ddb509,ESPORTSTMNT01/1721748,2021-01-26T17:40:29,2021-01-26,2021,Split 1,0,11.01,Red,oe:team:5628f250931675f9c0d20aad46cc117,Komil & Friends,oe:team:5a5f8cc0161f43afe3461b293535517,AGO ROGUE,oe:player:d4ce01b5e3d0843e6bce1d70376deea,Gerro,bot,Jhin,oe:player:0482daf6543f102a27a265342292bb7,Kalista,bot:Jhin,lineup-96f8bc756e26561f,0,1118.00000000,18.63333333,1,5,1,0.40000000,5603.00000000,5691.00000000,113,305.42039356,0.24168572,0.32261905,10,0.53667263,1.00000000,-3366.00000000,-2151.00000000,-53.00000000,0,warmup,,,,,
pg-431324bdbb26a0ee,ESPORTSTMNT01/1721748,2021-01-26T17:40:29,2021-01-26,2021,Split 1,0,11.01,Red,oe:team:5628f250931675f9c0d20aad46cc117,Komil & Friends,oe:team:5a5f8cc0161f43afe3461b293535517,AGO ROGUE,oe:player:8a1c30199bac9efaa2161b14565595c,KonDziSan,jng,Gragas,oe:player:6fc5fe723eed4ba4c230292be365c66,Taliyah,jng:Gragas,lineup-96f8bc756e26561f,0,1118.00000000,18.63333333,1,5,1,0.40000000,4828.00000000,2266.00000000,75,121.61001789,0.20825605,0.12845805,16,0.85867621,1.00000000,-3106.00000000,-3733.00000000,-54.00000000,0,warmup,,,,,
pg-c3de73418e2d5d37,ESPORTSTMNT01/1721748,2021-01-26T17:40:29,2021-01-26,2021,Split 1,0,11.01,Red,oe:team:5628f250931675f9c0d20aad46cc117,Komil & Friends,oe:team:5a5f8cc0161f43afe3461b293535517,AGO ROGUE,oe:player:c7337ff148385d577d2f120af1ce7b9,Komil,mid,Yasuo,oe:player:2096ff50c6496d70e4b39793390c9ce,Zoe,mid:Yasuo,lineup-96f8bc756e26561f,0,1118.00000000,18.63333333,0,4,0,0.00000000,4805.00000000,1384.00000000,107,74.27549195,0.20726394,0.07845805,10,0.53667263,0.00000000,-2425.00000000,-1403.00000000,-35.00000000,0,warmup,,,,,
pg-c1b77c1e712fb421,ESPORTSTMNT01/1721748,2021-01-26T17:40:29,2021-01-26,2021,Split 1,0,11.01,Red,oe:team:5628f250931675f9c0d20aad46cc117,Komil & Friends,oe:team:5a5f8cc0161f43afe3461b293535517,AGO ROGUE,oe:player:20458cb68fcf2535dc1e9fea4d8075e,PIRANHA,sup,Morgana,oe:player:3e68fd564e4e518b8aed89b9a0bf855,Leona,sup:Morgana,lineup-96f8bc756e26561f,0,1118.00000000,18.63333333,0,3,2,0.66666667,3572.00000000,2356.00000000,5,126.44007156,0.15407842,0.13356009,22,1.18067979,1.00000000,-1533.00000000,-1140.00000000,-21.00000000,0,warmup,,,,,
pg-957bbdeea9035291,ESPORTSTMNT01/1721748,2021-01-26T17:40:29,2021-01-26,2021,Split 1,0,11.01,Red,oe:team:5628f250931675f9c0d20aad46cc117,Komil & Friends,oe:team:5a5f8cc0161f43afe3461b293535517,AGO ROGUE,oe:player:6f1d6de81a5cf0392b476859d094278,Rzems,top,Malphite,oe:player:a7b756e008bfcb7148cdb51f886c3fa,Renekton,top:Malphite,lineup-96f8bc756e26561f,0,1118.00000000,18.63333333,0,5,0,0.00000000,4375.00000000,5943.00000000,76,318.94454383,0.18871587,0.33690476,8,0.42933810,0.00000000,-4121.00000000,-2749.00000000,-74.00000000,0,warmup,,,,,
pg-7947a7edf1f1bc18,ESPORTSTMNT01/1721772,2021-01-26T18:34:40,2021-01-26,2021,Split 1,0,11.01,Blue,oe:team:6cedba5819b5b7c465cb3bb48bfe855,Illuminar Gaming,oe:team:1158ec5b08f516ca81868bc48293989,Team ESCA Gaming,oe:player:7705566e63eedc7bd6c4c72d43c9104,odi11,bot,Miss Fortune,oe:player:3d022fcafe5af9f52df92b17c015fe6,Aphelios,bot:Miss Fortune,lineup-561550076137b115,1,1822.00000000,30.36666667,2,0,8,10.00000000,11735.00000000,8346.00000000,254,274.84083425,0.22045839,0.20250892,17,0.55982437,0.83333333,-142.00000000,1145.00000000,15.00000000,0,warmup,,,,,
pg-1687ec6672192e83,ESPORTSTMNT01/1721772,2021-01-26T18:34:40,2021-01-26,2021,Split 1,0,11.01,Blue,oe:team:6cedba5819b5b7c465cb3bb48bfe855,Illuminar Gaming,oe:team:1158ec5b08f516ca81868bc48293989,Team ESCA Gaming,oe:player:df3e7f4eef306da0e300b26a7c92b00,Tabasko,jng,Lillia,oe:player:318a60c20ad705c05ceb1e1b2067624,Gragas,jng:Lillia,lineup-561550076137b115,1,1822.00000000,30.36666667,1,1,10,11.00000000,9987.00000000,8852.00000000,180,291.50384193,0.18761976,0.21478660,65,2.14050494,0.91666667,234.00000000,349.00000000,8.00000000,0,warmup,,,,,
pg-abed7d1c9e96b7ec,ESPORTSTMNT01/1721772,2021-01-26T18:34:40,2021-01-26,2021,Split 1,0,11.01,Blue,oe:team:6cedba5819b5b7c465cb3bb48bfe855,Illuminar Gaming,oe:team:1158ec5b08f516ca81868bc48293989,Team ESCA Gaming,oe:player:73ac73edf51a3acdfa494e271c6ee29,Czajek,mid,Lucian,oe:player:fd232826ff3976840e994bb85a3bd46,Yone,mid:Lucian,lineup-561550076137b115,1,1822.00000000,30.36666667,5,3,6,3.66666667,12533.00000000,8396.00000000,263,276.48737651,0.23544993,0.20372213,31,1.02085620,0.91666667,244.00000000,-413.00000000,15.00000000,0,warmup,,,,,
pg-cb7fd7a51e276352,ESPORTSTMNT01/1721772,2021-01-26T18:34:40,2021-01-26,2021,Split 1,0,11.01,Blue,oe:team:6cedba5819b5b7c465cb3bb48bfe855,Illuminar Gaming,oe:team:1158ec5b08f516ca81868bc48293989,Team ESCA Gaming,oe:player:df5866d3078c786ce03084b78b1f5d9,Czypsy,sup,Alistar,oe:player:c49e01c67147c8b2580273ca5e0d261,Lulu,sup:Alistar,lineup-561550076137b115,1,1822.00000000,30.36666667,0,2,8,4.00000000,6714.00000000,2498.00000000,31,82.26125137,0.12613188,0.06061194,90,2.96377607,0.66666667,-243.00000000,-336.00000000,16.00000000,0,warmup,,,,,
pg-aa4f0feee104cd43,ESPORTSTMNT01/1721772,2021-01-26T18:34:40,2021-01-26,2021,Split 1,0,11.01,Blue,oe:team:6cedba5819b5b7c465cb3bb48bfe855,Illuminar Gaming,oe:team:1158ec5b08f516ca81868bc48293989,Team ESCA Gaming,oe:player:2925560e555046ad9b0066ff181fe21,Melonik,top,Sylas,oe:player:455527eab48df51aaf02979e65dd651,Malphite,top:Sylas,lineup-561550076137b115,1,1822.00000000,30.36666667,4,2,4,4.00000000,12261.00000000,13121.00000000,226,432.08562020,0.23034003,0.31837042,34,1.11964874,0.66666667,1156.00000000,462.00000000,31.00000000,0,warmup,,,,,
pg-01d47d0e6784c79f,ESPORTSTMNT01/1721772,2021-01-26T18:34:40,2021-01-26,2021,Split 1,0,11.01,Red,oe:team:1158ec5b08f516ca81868bc48293989,Team ESCA Gaming,oe:team:6cedba5819b5b7c465cb3bb48bfe855,Illuminar Gaming,oe:player:3d022fcafe5af9f52df92b17c015fe6,HARPOON,bot,Aphelios,oe:player:7705566e63eedc7bd6c4c72d43c9104,Miss Fortune,bot:Aphelios,lineup-b65b9b30a31dde93,0,1822.00000000,30.36666667,2,2,1,1.50000000,10532.00000000,11682.00000000,263,384.69813392,0.23532566,0.34424635,31,1.02085620,0.37500000,142.00000000,-1145.00000000,-15.00000000,0,warmup,,,,,
pg-a000b9ecfcdd0a5f,ESPORTSTMNT01/1721772,2021-01-26T18:34:40,2021-01-26,2021,Split 1,0,11.01,Red,oe:team:1158ec5b08f516ca81868bc48293989,Team ESCA Gaming,oe:team:6cedba5819b5b7c465cb3bb48bfe855,Illuminar Gaming,oe:player:318a60c20ad705c05ceb1e1b2067624,Sh4dowUS,jng,Gragas,oe:player:df3e7f4eef306da0e300b26a7c92b00,Lillia,jng:Gragas,lineup-b65b9b30a31dde93,0,1822.00000000,30.36666667,0,3,6,2.00000000,8200.00000000,4350.00000000,155,143.24917673,0.18321975,0.12818624,38,1.25137212,0.75000000,-234.00000000,-349.00000000,-8.00000000,0,warmup,,,,,
pg-f3a8c14e7f6516fe,ESPORTSTMNT01/1721772,2021-01-26T18:34:40,2021-01-26,2021,Split 1,0,11.01,Red,oe:team:1158ec5b08f516ca81868bc48293989,Team ESCA Gaming,oe:team:6cedba5819b5b7c465cb3bb48bfe855,Illuminar Gaming,oe:player:fd232826ff3976840e994bb85a3bd46,DOMOLES,mid,Yone,oe:player:73ac73edf51a3acdfa494e271c6ee29,Lucian,mid:Yone,lineup-b65b9b30a31dde93,0,1822.00000000,30.36666667,5,2,1,3.00000000,11257.00000000,8210.00000000,217,270.36223930,0.25152497,0.24193311,13,0.42810099,0.75000000,-244.00000000,413.00000000,-15.00000000,0,warmup,,,,,
pg-1f3687c2771d5247,ESPORTSTMNT01/1721772,2021-01-26T18:34:40,2021-01-26,2021,Split 1,0,11.01,Red,oe:team:1158ec5b08f516ca81868bc48293989,Team ESCA Gaming,oe:team:6cedba5819b5b7c465cb3bb48bfe855,Illuminar Gaming,oe:player:c49e01c67147c8b2580273ca5e0d261,Melekx,sup,Lulu,oe:player:df5866d3078c786ce03084b78b1f5d9,Alistar,sup:Lulu,lineup-b65b9b30a31dde93,0,1822.00000000,30.36666667,0,3,6,2.00000000,6075.00000000,3398.00000000,15,111.89901207,0.13573902,0.10013261,77,2.53567508,0.75000000,243.00000000,336.00000000,-16.00000000,0,warmup,,,,,
pg-194692dda818edda,ESPORTSTMNT01/1721772,2021-01-26T18:34:40,2021-01-26,2021,Split 1,0,11.01,Red,oe:team:1158ec5b08f516ca81868bc48293989,Team ESCA Gaming,oe:team:6cedba5819b5b7c465cb3bb48bfe855,Illuminar Gaming,oe:player:455527eab48df51aaf02979e65dd651,Jaqen,top,Malphite,oe:player:2925560e555046ad9b0066ff181fe21,Sylas,top:Malphite,lineup-b65b9b30a31dde93,0,1822.00000000,30.36666667,1,2,3,2.00000000,8691.00000000,6295.00000000,172,207.29967069,0.19419059,0.18550169,25,0.82327113,0.50000000,-1156.00000000,-462.00000000,-31.00000000,0,warmup,,,,,
pg-bc83cf228fa6b196,ESPORTSTMNT01/1732348,2021-01-27T15:31:30,2021-01-27,2021,Split 1,0,11.01,Blue,oe:team:5628f250931675f9c0d20aad46cc117,Komil & Friends,oe:team:6cedba5819b5b7c465cb3bb48bfe855,Illuminar Gaming,oe:player:d4ce01b5e3d0843e6bce1d70376deea,Gerro,bot,Miss Fortune,oe:player:7705566e63eedc7bd6c4c72d43c9104,Jhin,bot:Miss Fortune,lineup-96f8bc756e26561f,0,1496.00000000,24.93333333,1,4,1,0.50000000,7876.00000000,5845.00000000,190,234.42513369,0.23413996,0.17246467,11,0.44117647,0.33333333,-2139.00000000,-1833.00000000,-32.00000000,0,warmup,,,,,
pg-c7e44b6ff897b94c,ESPORTSTMNT01/1732348,2021-01-27T15:31:30,2021-01-27,2021,Split 1,0,11.01,Blue,oe:team:5628f250931675f9c0d20aad46cc117,Komil & Friends,oe:team:6cedba5819b5b7c465cb3bb48bfe855,Illuminar Gaming,oe:player:8a1c30199bac9efaa2161b14565595c,KonDziSan,jng,Kayn,oe:player:df3e7f4eef306da0e300b26a7c92b00,Lillia,jng:Kayn,lineup-96f8bc756e26561f,0,1496.00000000,24.93333333,5,4,1,1.50000000,8104.00000000,12133.00000000,117,486.61764706,0.24091801,0.35800065,23,0.92245989,1.00000000,804.00000000,86.00000000,-9.00000000,0,warmup,,,,,
pg-bda308097ed9d8dc,ESPORTSTMNT01/1732348,2021-01-27T15:31:30,2021-01-27,2021,Split 1,0,11.01,Blue,oe:team:5628f250931675f9c0d20aad46cc117,Komil & Friends,oe:team:6cedba5819b5b7c465cb3bb48bfe855,Illuminar Gaming,oe:player:c7337ff148385d577d2f120af1ce7b9,Komil,mid,Ivern,oe:player:73ac73edf51a3acdfa494e271c6ee29,Yone,mid:Ivern,lineup-96f8bc756e26561f,0,1496.00000000,24.93333333,0,5,4,0.80000000,6202.00000000,4747.00000000,122,190.38770053,0.18437481,0.14006668,15,0.60160428,0.66666667,-1310.00000000,-619.00000000,-55.00000000,0,warmup,,,,,
pg-6c3d7add9f96bf37,ESPORTSTMNT01/1732348,2021-01-27T15:31:30,2021-01-27,2021,Split 1,0,11.01,Blue,oe:team:5628f250931675f9c0d20aad46cc117,Komil & Friends,oe:team:6cedba5819b5b7c465cb3bb48bfe855,Illuminar Gaming,oe:player:20458cb68fcf2535dc1e9fea4d8075e,PIRANHA,sup,Seraphine,oe:player:df5866d3078c786ce03084b78b1f5d9,Galio,sup:Seraphine,lineup-96f8bc756e26561f,0,1496.00000000,24.93333333,0,3,3,1.00000000,4839.00000000,3679.00000000,12,147.55347594,0.14385516,0.10855389,38,1.52406417,0.50000000,-619.00000000,586.00000000,-15.00000000,0,warmup,,,,,
pg-db87f4943683d613,ESPORTSTMNT01/1732348,2021-01-27T15:31:30,2021-01-27,2021,Split 1,0,11.01,Blue,oe:team:5628f250931675f9c0d20aad46cc117,Komil & Friends,oe:team:6cedba5819b5b7c465cb3bb48bfe855,Illuminar Gaming,oe:player:6f1d6de81a5cf0392b476859d094278,Rzems,top,Ornn,oe:player:2925560e555046ad9b0066ff181fe21,Camille,top:Ornn,lineup-96f8bc756e26561f,0,1496.00000000,24.93333333,0,4,3,0.75000000,6617.00000000,7487.00000000,138,300.28074866,0.19671205,0.22091411,11,0.44117647,0.50000000,-1885.00000000,-1258.00000000,-39.00000000,0,warmup,,,,,
pg-783ebb382effce0c,ESPORTSTMNT01/1732348,2021-01-27T15:31:30,2021-01-27,2021,Split 1,0,11.01,Red,oe:team:6cedba5819b5b7c465cb3bb48bfe855,Illuminar Gaming,oe:team:5628f250931675f9c0d20aad46cc117,Komil & Friends,oe:player:7705566e63eedc7bd6c4c72d43c9104,odi11,bot,Jhin,oe:player:d4ce01b5e3d0843e6bce1d70376deea,Miss Fortune,bot:Jhin,lineup-561550076137b115,1,1496.00000000,24.93333333,5,0,7,12.00000000,11995.00000000,9128.00000000,226,366.09625668,0.22397535,0.14534800,25,1.00267380,0.60000000,2139.00000000,1833.00000000,32.00000000,0,warmup,,,,,
pg-b34835744593dbba,ESPORTSTMNT01/1732348,2021-01-27T15:31:30,2021-01-27,2021,Split 1,0,11.01,Red,oe:team:6cedba5819b5b7c465cb3bb48bfe855,Illuminar Gaming,oe:team:5628f250931675f9c0d20aad46cc117,Komil & Friends,oe:player:df3e7f4eef306da0e300b26a7c92b00,Tabasko,jng,Lillia,oe:player:8a1c30199bac9efaa2161b14565595c,Kayn,jng:Lillia,lineup-561550076137b115,1,1496.00000000,24.93333333,1,1,11,12.00000000,9355.00000000,11100.00000000,174,445.18716578,0.17468024,0.17674878,35,1.40374332,0.60000000,-804.00000000,-86.00000000,9.00000000,0,warmup,,,,,
pg-01db017a986970ef,ESPORTSTMNT01/1732348,2021-01-27T15:31:30,2021-01-27,2021,Split 1,0,11.01,Red,oe:team:6cedba5819b5b7c465cb3bb48bfe855,Illuminar Gaming,oe:team:5628f250931675f9c0d20aad46cc117,Komil & Friends,oe:player:73ac73edf51a3acdfa494e271c6ee29,Czajek,mid,Yone,oe:player:c7337ff148385d577d2f120af1ce7b9,Ivern,mid:Yone,lineup-561550076137b115,1,1496.00000000,24.93333333,3,1,7,10.00000000,11530.00000000,17243.00000000,249,691.56417112,0.21529269,0.27456569,15,0.60160428,0.50000000,1310.00000000,619.00000000,55.00000000,0,warmup,,,,,
pg-5e962b3a3d6590a0,ESPORTSTMNT01/1732348,2021-01-27T15:31:30,2021-01-27,2021,Split 1,0,11.01,Red,oe:team:6cedba5819b5b7c465cb3bb48bfe855,Illuminar Gaming,oe:team:5628f250931675f9c0d20aad46cc117,Komil & Friends,oe:player:df5866d3078c786ce03084b78b1f5d9,Czypsy,sup,Galio,oe:player:20458cb68fcf2535dc1e9fea4d8075e,Seraphine,sup:Galio,lineup-561550076137b115,1,1496.00000000,24.93333333,2,3,11,4.33333333,7043.00000000,6733.00000000,35,270.04010695,0.13150966,0.10721167,57,2.28609626,0.65000000,619.00000000,-586.00000000,15.00000000,0,warmup,,,,,
pg-a485f3e477d080f3,ESPORTSTMNT01/1732348,2021-01-27T15:31:30,2021-01-27,2021,Split 1,0,11.01,Red,oe:team:6cedba5819b5b7c465cb3bb48bfe855,Illuminar Gaming,oe:team:5628f250931675f9c0d20aad46cc117,Komil & Friends,oe:player:2925560e555046ad9b0066ff181fe21,Melonik,top,Camille,oe:player:6f1d6de81a5cf0392b476859d094278,Ornn,top:Camille,lineup-561550076137b115,1,1496.00000000,24.93333333,9,1,4,13.00000000,13632.00000000,18597.00000000,237,745.86898396,0.25454206,0.29612586,24,0.96256684,0.65000000,1885.00000000,1258.00000000,39.00000000,0,warmup,,,,,
pg-3caab6568af739c4,ESPORTSTMNT01/1732359,2021-01-27T16:38:10,2021-01-27,2021,Split 1,0,11.01,Blue,oe:team:1158ec5b08f516ca81868bc48293989,Team ESCA Gaming,oe:team:3a1d5821b38ab1ddec52f944973d1bd,Gentlemen's Gaming,oe:player:3d022fcafe5af9f52df92b17c015fe6,HARPOON,bot,Aphelios,oe:player:50cce5a33514ebe62201a0a45314eca,Jhin,bot:Aphelios,lineup-b65b9b30a31dde93,1,2439.00000000,40.65000000,1,2,6,3.50000000,14338.00000000,14426.00000000,339,354.88314883,0.21651742,0.18406380,53,1.30381304,0.58333333,-974.00000000,-640.00000000,-32.00000000,0,warmup,,,,,
pg-ee329ec62e54ca17,ESPORTSTMNT01/1732359,2021-01-27T16:38:10,2021-01-27,2021,Split 1,0,11.01,Blue,oe:team:1158ec5b08f516ca81868bc48293989,Team ESCA Gaming,oe:team:3a1d5821b38ab1ddec52f944973d1bd,Gentlemen's Gaming,oe:player:318a60c20ad705c05ceb1e1b2067624,Sh4dowUS,jng,Elise,oe:player:6dc7ae729c87dd9b26169b0fbaf04e7,Volibear,jng:Elise,lineup-b65b9b30a31dde93,1,2439.00000000,40.65000000,2,6,5,1.16666667,11492.00000000,12315.00000000,168,302.95202952,0.17354012,0.15712919,61,1.50061501,0.58333333,-4.00000000,-967.00000000,-10.00000000,0,warmup,,,,,
pg-5c19b9ce08998eda,ESPORTSTMNT01/1732359,2021-01-27T16:38:10,2021-01-27,2021,Split 1,0,11.01,Blue,oe:team:1158ec5b08f516ca81868bc48293989,Team ESCA Gaming,oe:team:3a1d5821b38ab1ddec52f944973d1bd,Gentlemen's Gaming,oe:player:fd232826ff3976840e994bb85a3bd46,DOMOLES,mid,Lucian,oe:player:62ead8b1e25dbc7197a2007bcc4dbe0,Syndra,mid:Lucian,lineup-b65b9b30a31dde93,1,2439.00000000,40.65000000,4,4,8,3.00000000,14977.00000000,16300.00000000,304,400.98400984,0.22616693,0.20797448,45,1.10701107,1.00000000,-1437.00000000,-1312.00000000,-13.00000000,0,warmup,,,,,
pg-0f4160be57682776,ESPORTSTMNT01/1732359,2021-01-27T16:38:10,2021-01-27,2021,Split 1,0,11.01,Blue,oe:team:1158ec5b08f516ca81868bc48293989,Team ESCA Gaming,oe:team:3a1d5821b38ab1ddec52f944973d1bd,Gentlemen's Gaming,oe:player:c49e01c67147c8b2580273ca5e0d261,Melekx,sup,Maokai,oe:player:f32776bb3b0bfb1cd3261868df4dfce,Rell,sup:Maokai,lineup-b65b9b30a31dde93,1,2439.00000000,40.65000000,2,4,6,2.00000000,9901.00000000,23997.00000000,19,590.33210332,0.14951450,0.30618182,102,2.50922509,0.66666667,-117.00000000,-86.00000000,-11.00000000,0,warmup,,,,,
pg-fbb17eeef0fceef9,ESPORTSTMNT01/1732359,2021-01-27T16:38:10,2021-01-27,2021,Split 1,0,11.01,Blue,oe:team:1158ec5b08f516ca81868bc48293989,Team ESCA Gaming,oe:team:3a1d5821b38ab1ddec52f944973d1bd,Gentlemen's Gaming,oe:player:455527eab48df51aaf02979e65dd651,Jaqen,top,Wukong,oe:player:a2694196d288cd26055602729d0bb5c,Aatrox,top:Wukong,lineup-b65b9b30a31dde93,1,2439.00000000,40.65000000,3,4,4,1.75000000,15513.00000000,11337.00000000,288,278.89298893,0.23426104,0.14465072,33,0.81180812,0.58333333,-175.00000000,526.00000000,16.00000000,0,warmup,,,,,
pg-5693ebfd43dfbfa2,ESPORTSTMNT01/1732359,2021-01-27T16:38:10,2021-01-27,2021,Split 1,0,11.01,Red,oe:team:3a1d5821b38ab1ddec52f944973d1bd,Gentlemen's Gaming,oe:team:1158ec5b08f516ca81868bc48293989,Team ESCA Gaming,oe:player:50cce5a33514ebe62201a0a45314eca,Yashiro,bot,Jhin,oe:player:3d022fcafe5af9f52df92b17c015fe6,Aphelios,bot:Jhin,lineup-e71ddd98b498ea4f,0,2439.00000000,40.65000000,6,1,5,11.00000000,17057.00000000,18277.00000000,366,449.61869619,0.24876035,0.27879130,49,1.20541205,0.55000000,974.00000000,640.00000000,32.00000000,0,warmup,,,,,
pg-3a4cef96e72d3f5f,ESPORTSTMNT01/1732359,2021-01-27T16:38:10,2021-01-27,2021,Split 1,0,11.01,Red,oe:team:3a1d5821b38ab1ddec52f944973d1bd,Gentlemen's Gaming,oe:team:1158ec5b08f516ca81868bc48293989,Team ESCA Gaming,oe:player:6dc7ae729c87dd9b26169b0fbaf04e7,Jenxas,jng,Volibear,oe:player:318a60c20ad705c05ceb1e1b2067624,Elise,jng:Volibear,lineup-e71ddd98b498ea4f,0,2439.00000000,40.65000000,2,3,8,3.33333333,11018.00000000,10168.00000000,161,250.13530135,0.16068720,0.15509930,53,1.30381304,0.50000000,4.00000000,967.00000000,10.00000000,0,warmup,,,,,
pg-fa74ab9c1ea89748,ESPORTSTMNT01/1732359,2021-01-27T16:38:10,2021-01-27,2021,Split 1,0,11.01,Red,oe:team:3a1d5821b38ab1ddec52f944973d1bd,Gentlemen's Gaming,oe:team:1158ec5b08f516ca81868bc48293989,Team ESCA Gaming,oe:player:62ead8b1e25dbc7197a2007bcc4dbe0,Chosii,mid,Syndra,oe:player:fd232826ff3976840e994bb85a3bd46,Lucian,mid:Syndra,lineup-e71ddd98b498ea4f,0,2439.00000000,40.65000000,7,3,6,4.33333333,16457.00000000,18563.00000000,316,456.65436654,0.24000992,0.28315385,60,1.47601476,0.65000000,1437.00000000,1312.00000000,13.00000000,0,warmup,,,,,
pg-0b9236641746796e,ESPORTSTMNT01/1732359,2021-01-27T16:38:10,2021-01-27,2021,Split 1,0,11.01,Red,oe:team:3a1d5821b38ab1ddec52f944973d1bd,Gentlemen's Gaming,oe:team:1158ec5b08f516ca81868bc48293989,Team ESCA Gaming,oe:player:f32776bb3b0bfb1cd3261868df4dfce,Calmsky,sup,Rell,oe:player:c49e01c67147c8b2580273ca5e0d261,Maokai,sup:Rell,lineup-e71ddd98b498ea4f,0,2439.00000000,40.65000000,0,4,5,1.25000000,8103.00000000,3850.00000000,34,94.71094711,0.11817466,0.05872662,122,3.00123001,0.25000000,117.00000000,86.00000000,11.00000000,0,warmup,,,,,
pg-33ebc6d0c1ef8ee9,ESPORTSTMNT01/1732359,2021-01-27T16:38:10,2021-01-27,2021,Split 1,0,11.01,Red,oe:team:3a1d5821b38ab1ddec52f944973d1bd,Gentlemen's Gaming,oe:team:1158ec5b08f516ca81868bc48293989,Team ESCA Gaming,oe:player:a2694196d288cd26055602729d0bb5c,HeSSZero,top,Aatrox,oe:player:455527eab48df51aaf02979e65dd651,Wukong,top:Aatrox,lineup-e71ddd98b498ea4f,0,2439.00000000,40.65000000,5,1,8,13.00000000,15933.00000000,14700.00000000,280,361.62361624,0.23236787,0.22422893,47,1.15621156,0.65000000,175.00000000,-526.00000000,-16.00000000,0,warmup,,,,,
pg-ef4c3cdb45acd206,ESPORTSTMNT01/1732376,2021-01-27T17:32:44,2021-01-27,2021,Split 1,0,11.01,Blue,oe:team:5a5f8cc0161f43afe3461b293535517,AGO ROGUE,oe:team:b5ac2d78f427d88ed9666c8d1c9e1d2,7more7 Pompa Team,oe:player:0482daf6543f102a27a265342292bb7,Lucker,bot,Miss Fortune,oe:player:f12b5cb6a2f280205cec33bf1c02e08,Jhin,bot:Miss Fortune,lineup-de5e31d683ce7975,1,1828.00000000,30.46666667,2,0,6,8.00000000,13993.00000000,9644.00000000,326,316.54266958,0.23296429,0.21571083,38,1.24726477,0.80000000,283.00000000,208.00000000,0.00000000,0,warmup,,,,,
pg-e95514315318efb0,ESPORTSTMNT01/1732376,2021-01-27T17:32:44,2021-01-27,2021,Split 1,0,11.01,Blue,oe:team:5a5f8cc0161f43afe3461b293535517,AGO ROGUE,oe:team:b5ac2d78f427d88ed9666c8d1c9e1d2,7more7 Pompa Team,oe:player:6fc5fe723eed4ba4c230292be365c66,Lurox,jng,Taliyah,oe:player:82416dfeed801e2846a7c12a3649ab3,Graves,jng:Taliyah,lineup-de5e31d683ce7975,1,1828.00000000,30.46666667,4,0,6,10.00000000,12664.00000000,9797.00000000,255,321.56455142,0.21083826,0.21913304,64,2.10065646,1.00000000,914.00000000,1002.00000000,13.00000000,0,warmup,,,,,
pg-454520cddff82f74,ESPORTSTMNT01/1732376,2021-01-27T17:32:44,2021-01-27,2021,Split 1,0,11.01,Blue,oe:team:5a5f8cc0161f43afe3461b293535517,AGO ROGUE,oe:team:b5ac2d78f427d88ed9666c8d1c9e1d2,7more7 Pompa Team,oe:player:2096ff50c6496d70e4b39793390c9ce,Sencux,mid,Twisted Fate,oe:player:5a23766ce46653d2b63ac4a40cd61c1,Zoe,mid:Twisted Fate,lineup-de5e31d683ce7975,1,1828.00000000,30.46666667,2,0,3,5.00000000,12806.00000000,8234.00000000,255,270.26258206,0.21320236,0.18417285,35,1.14879650,0.50000000,713.00000000,-120.00000000,-13.00000000,0,warmup,,,,,
pg-92badd05f9a41529,ESPORTSTMNT01/1732376,2021-01-27T17:32:44,2021-01-27,2021,Split 1,0,11.01,Blue,oe:team:5a5f8cc0161f43afe3461b293535517,AGO ROGUE,oe:team:b5ac2d78f427d88ed9666c8d1c9e1d2,7more7 Pompa Team,oe:player:3e68fd564e4e518b8aed89b9a0bf855,Pyrka,sup,Alistar,oe:player:a93e0326b85f0312cf1b451e175a7a0,Galio,sup:Alistar,lineup-de5e31d683ce7975,1,1828.00000000,30.46666667,0,0,9,9.00000000,6816.00000000,1837.00000000,30,60.29540481,0.11347707,0.04108884,75,2.46170678,0.90000000,39.00000000,-101.00000000,2.00000000,0,warmup,,,,,
pg-d0df0776fe4c9c54,ESPORTSTMNT01/1732376,2021-01-27T17:32:44,2021-01-27,2021,Split 1,0,11.01,Blue,oe:team:5a5f8cc0161f43afe3461b293535517,AGO ROGUE,oe:team:b5ac2d78f427d88ed9666c8d1c9e1d2,7more7 Pompa Team,oe:player:a7b756e008bfcb7148cdb51f886c3fa,Sinmivak,top,Gangplank,oe:player:cb5feb1b7314637725a2e73bdc9f729,Cho'Gath,top:Gangplank,lineup-de5e31d683ce7975,1,1828.00000000,30.46666667,2,0,6,8.00000000,13786.00000000,15196.00000000,274,498.77461707,0.22951802,0.33989443,32,1.05032823,0.80000000,1735.00000000,460.00000000,21.00000000,0,warmup,,,,,
pg-e768fcb37ea3bf06,ESPORTSTMNT01/1732376,2021-01-27T17:32:44,2021-01-27,2021,Split 1,0,11.01,Red,oe:team:b5ac2d78f427d88ed9666c8d1c9e1d2,7more7 Pompa Team,oe:team:5a5f8cc0161f43afe3461b293535517,AGO ROGUE,oe:player:f12b5cb6a2f280205cec33bf1c02e08,Ather,bot,Jhin,oe:player:0482daf6543f102a27a265342292bb7,Miss Fortune,bot:Jhin,lineup-e174eb922a14bd84,0,1828.00000000,30.46666667,0,0,0,0.00000000,9818.00000000,6247.00000000,267,205.04376368,0.22226750,0.18698554,14,0.45951860,,-283.00000000,-208.00000000,0.00000000,0,warmup,,,,,
pg-52b96f0b34914344,ESPORTSTMNT01/1732376,2021-01-27T17:32:44,2021-01-27,2021,Split 1,0,11.01,Red,oe:team:b5ac2d78f427d88ed9666c8d1c9e1d2,7more7 Pompa Team,oe:team:5a5f8cc0161f43afe3461b293535517,AGO ROGUE,oe:player:82416dfeed801e2846a7c12a3649ab3,behave,jng,Graves,oe:player:6fc5fe723eed4ba4c230292be365c66,Taliyah,jng:Graves,lineup-e174eb922a14bd84,0,1828.00000000,30.46666667,0,1,0,0.00000000,8616.00000000,4744.00000000,186,155.71115974,0.19505569,0.14199767,38,1.24726477,,-914.00000000,-1002.00000000,-13.00000000,0,warmup,,,,,
pg-6167fa2356a76eb0,ESPORTSTMNT01/1732376,2021-01-27T17:32:44,2021-01-27,2021,Split 1,0,11.01,Red,oe:team:b5ac2d78f427d88ed9666c8d1c9e1d2,7more7 Pompa Team,oe:team:5a5f8cc0161f43afe3461b293535517,AGO ROGUE,oe:player:5a23766ce46653d2b63ac4a40cd61c1,Warszi,mid,Zoe,oe:player:2096ff50c6496d70e4b39793390c9ce,Twisted Fate,mid:Zoe,lineup-e174eb922a14bd84,0,1828.00000000,30.46666667,0,2,0,0.00000000,10199.00000000,12124.00000000,288,397.94310722,0.23089287,0.36289623,31,1.01750547,,-713.00000000,120.00000000,13.00000000,0,warmup,,,,,
pg-8f906d726f86fb8b,ESPORTSTMNT01/1732376,2021-01-27T17:32:44,2021-01-27,2021,Split 1,0,11.01,Red,oe:team:b5ac2d78f427d88ed9666c8d1c9e1d2,7more7 Pompa Team,oe:team:5a5f8cc0161f43afe3461b293535517,AGO ROGUE,oe:player:a93e0326b85f0312cf1b451e175a7a0,Wojtus,sup,Galio,oe:player:3e68fd564e4e518b8aed89b9a0bf855,Alistar,sup:Galio,lineup-e174eb922a14bd84,0,1828.00000000,30.46666667,0,4,0,0.00000000,5576.00000000,2669.00000000,29,87.60393873,0.12623381,0.07988865,77,2.52735230,,-39.00000000,101.00000000,-2.00000000,0,warmup,,,,,
pg-a28c007191fff2a0,ESPORTSTMNT01/1732376,2021-01-27T17:32:44,2021-01-27,2021,Split 1,0,11.01,Red,oe:team:b5ac2d78f427d88ed9666c8d1c9e1d2,7more7 Pompa Team,oe:team:5a5f8cc0161f43afe3461b293535517,AGO ROGUE,oe:player:cb5feb1b7314637725a2e73bdc9f729,Color,top,Cho'Gath,oe:player:a7b756e008bfcb7148cdb51f886c3fa,Gangplank,top:Cho'Gath,lineup-e174eb922a14bd84,0,1828.00000000,30.46666667,0,3,0,0.00000000,9963.00000000,7625.00000000,258,250.27352298,0.22555012,0.22823191,22,0.72210066,,-1735.00000000,-460.00000000,-21.00000000,0,warmup,,,,,
pg-1af1a68f81f9b087,ESPORTSTMNT01/1722109,2021-01-27T18:40:37,2021-01-27,2021,Split 1,0,11.01,Blue,oe:team:73f3cc4e54620b1454530648442e066,K1CK,oe:team:f27741afb3044c971eeced9d0c2daa1,devils.one,oe:player:b4a352b2b8782a2bb21bce1a2f47645,Puki Style,bot,Kai'Sa,oe:player:694ee794a9d3a8c3fbd658becb89769,Xayah,bot:Kai'Sa,lineup-199bafdd01ac68ac,1,1582.00000000,26.36666667,14,0,0,14.00000000,15991.00000000,22933.00000000,246,869.77243995,0.31294154,0.38801096,34,1.28950695,0.87500000,1441.00000000,184.00000000,12.00000000,0,warmup,,,,,
pg-1e2334d412dd5d37,ESPORTSTMNT01/1722109,2021-01-27T18:40:37,2021-01-27,2021,Split 1,0,11.01,Blue,oe:team:73f3cc4e54620b1454530648442e066,K1CK,oe:team:f27741afb3044c971eeced9d0c2daa1,devils.one,oe:player:7471c21aed615dae3e49140eca8ce89,Bruness,jng,Hecarim,oe:player:2d1fca25321f6983dc3e1da11039a80,Lillia,jng:Hecarim,lineup-199bafdd01ac68ac,1,1582.00000000,26.36666667,2,2,8,5.00000000,9297.00000000,8595.00000000,166,325.97977244,0.18194094,0.14542163,36,1.36536030,0.62500000,128.00000000,-487.00000000,-4.00000000,0,warmup,,,,,
pg-4ba96554a64e6833,ESPORTSTMNT01/1722109,2021-01-27T18:40:37,2021-01-27,2021,Split 1,0,11.01,Blue,oe:team:73f3cc4e54620b1454530648442e066,K1CK,oe:team:f27741afb3044c971eeced9d0c2daa1,devils.one,oe:player:be4ce50af0cd0d8574aa3820c37d1ae,Matislaw,mid,Seraphine,oe:player:efde1a9fe9e6f1059c3fce2ec296fae,Annie,mid:Seraphine,lineup-199bafdd01ac68ac,1,1582.00000000,26.36666667,0,1,12,12.00000000,9032.00000000,8811.00000000,188,334.17193426,0.17675493,0.14907620,19,0.72060683,0.75000000,-247.00000000,483.00000000,-6.00000000,0,warmup,,,,,
pg-697a817184a2edbe,ESPORTSTMNT01/1722109,2021-01-27T18:40:37,2021-01-27,2021,Split 1,0,11.01,Blue,oe:team:73f3cc4e54620b1454530648442e066,K1CK,oe:team:f27741afb3044c971eeced9d0c2daa1,devils.one,oe:player:84bd988294f5dd9ae9a499abf6524a0,Raxxo,sup,Alistar,oe:player:945f30b38a435b37c2e70d893cb6a72,Galio,sup:Alistar,lineup-199bafdd01ac68ac,1,1582.00000000,26.36666667,0,1,15,15.00000000,6733.00000000,6304.00000000,31,239.08975980,0.13176383,0.10665945,75,2.84450063,0.93750000,553.00000000,859.00000000,6.00000000,0,warmup,,,,,
pg-ae2ec6dfc5fcdd22,ESPORTSTMNT01/1722109,2021-01-27T18:40:37,2021-01-27,2021,Split 1,0,11.01,Blue,oe:team:73f3cc4e54620b1454530648442e066,K1CK,oe:team:f27741afb3044c971eeced9d0c2daa1,devils.one,oe:player:4841aa27ab85be0b9f45fed1d5e7b09,Kackos,top,Gangplank,oe:player:e93fad90f312c1f10c64b60e5ba17c7,Aatrox,top:Gangplank,lineup-199bafdd01ac68ac,1,1582.00000000,26.36666667,0,1,13,13.00000000,10046.00000000,12461.00000000,209,472.60429836,0.19659876,0.21083175,23,0.87231353,0.81250000,-413.00000000,-1279.00000000,-4.00000000,0,warmup,,,,,
pg-b8d34023fda00f87,ESPORTSTMNT01/1722109,2021-01-27T18:40:37,2021-01-27,2021,Split 1,0,11.01,Red,oe:team:f27741afb3044c971eeced9d0c2daa1,devils.one,oe:team:73f3cc4e54620b1454530648442e066,K1CK,oe:player:694ee794a9d3a8c3fbd658becb89769,Zamulek,bot,Xayah,oe:player:b4a352b2b8782a2bb21bce1a2f47645,Kai'Sa,bot:Xayah,lineup-96cee117298b4401,0,1582.00000000,26.36666667,0,1,3,3.00000000,8921.00000000,10570.00000000,200,400.88495575,0.22889031,0.23999818,27,1.02402023,0.60000000,-1441.00000000,-184.00000000,-12.00000000,0,warmup,,,,,
pg-19e68f25aebda988,ESPORTSTMNT01/1722109,2021-01-27T18:40:37,2021-01-27,2021,Split 1,0,11.01,Red,oe:team:f27741afb3044c971eeced9d0c2daa1,devils.one,oe:team:73f3cc4e54620b1454530648442e066,K1CK,oe:player:2d1fca25321f6983dc3e1da11039a80,Diagu,jng,Lillia,oe:player:7471c21aed615dae3e49140eca8ce89,Hecarim,jng:Lillia,lineup-96cee117298b4401,0,1582.00000000,26.36666667,1,1,2,3.00000000,8305.00000000,8247.00000000,183,312.78128951,0.21308531,0.18725308,32,1.21365360,0.60000000,-128.00000000,487.00000000,4.00000000,0,warmup,,,,,
pg-0c74653b219f2297,ESPORTSTMNT01/1722109,2021-01-27T18:40:37,2021-01-27,2021,Split 1,0,11.01,Red,oe:team:f27741afb3044c971eeced9d0c2daa1,devils.one,oe:team:73f3cc4e54620b1454530648442e066,K1CK,oe:player:efde1a9fe9e6f1059c3fce2ec296fae,many,mid,Annie,oe:player:be4ce50af0cd0d8574aa3820c37d1ae,Seraphine,mid:Annie,lineup-96cee117298b4401,0,1582.00000000,26.36666667,1,4,1,0.50000000,7788.00000000,6610.00000000,184,250.69532238,0.19982040,0.15008401,17,0.64475348,0.40000000,247.00000000,-483.00000000,6.00000000,0,warmup,,,,,
pg-cef39c543d2382fb,ESPORTSTMNT01/1722109,2021-01-27T18:40:37,2021-01-27,2021,Split 1,0,11.01,Red,oe:team:f27741afb3044c971eeced9d0c2daa1,devils.one,oe:team:73f3cc4e54620b1454530648442e066,K1CK,oe:player:945f30b38a435b37c2e70d893cb6a72,YuNIshinoya,sup,Galio,oe:player:84bd988294f5dd9ae9a499abf6524a0,Alistar,sup:Galio,lineup-96cee117298b4401,0,1582.00000000,26.36666667,0,6,3,0.50000000,5230.00000000,4487.00000000,35,170.17699115,0.13418858,0.10188002,62,2.35145386,0.60000000,-553.00000000,-859.00000000,-6.00000000,0,warmup,,,,,
pg-7b036e439f359271,ESPORTSTMNT01/1722109,2021-01-27T18:40:37,2021-01-27,2021,Split 1,0,11.01,Red,oe:team:f27741afb3044c971eeced9d0c2daa1,devils.one,oe:team:73f3cc4e54620b1454530648442e066,K1CK,oe:player:e93fad90f312c1f10c64b60e5ba17c7,sheru,top,Aatrox,oe:player:4841aa27ab85be0b9f45fed1d5e7b09,Gangplank,top:Aatrox,lineup-96cee117298b4401,0,1582.00000000,26.36666667,3,4,1,1.00000000,8731.00000000,14128.00000000,177,535.82806574,0.22401539,0.32078471,18,0.68268015,0.80000000,413.00000000,1279.00000000,4.00000000,0,warmup,,,,,
pg-2ebf5a766d041d82,ESPORTSTMNT02/1693276,2021-02-02T15:33:20,2021-02-02,2021,Split 1,0,11.02,Blue,oe:team:1158ec5b08f516ca81868bc48293989,Team ESCA Gaming,oe:team:5a5f8cc0161f43afe3461b293535517,AGO ROGUE,oe:player:3d022fcafe5af9f52df92b17c015fe6,HARPOON,bot,Kai'Sa,oe:player:0482daf6543f102a27a265342292bb7,Senna,bot:Kai'Sa,lineup-b65b9b30a31dde93,0,1342.00000000,22.36666667,0,4,2,0.50000000,7235.00000000,4524.00000000,179,202.26527571,0.21262527,0.15949233,10,0.44709389,0.33333333,-723.00000000,-1129.00000000,-24.00000000,0,warmup,,,,,
pg-f5bab79436142875,ESPORTSTMNT02/1693276,2021-02-02T15:33:20,2021-02-02,2021,Split 1,0,11.02,Blue,oe:team:1158ec5b08f516ca81868bc48293989,Team ESCA Gaming,oe:team:5a5f8cc0161f43afe3461b293535517,AGO ROGUE,oe:player:318a60c20ad705c05ceb1e1b2067624,Sh4dowUS,jng,Udyr,oe:player:6fc5fe723eed4ba4c230292be365c66,Lillia,jng:Udyr,lineup-b65b9b30a31dde93,0,1342.00000000,22.36666667,1,2,4,2.50000000,7375.00000000,3574.00000000,136,159.79135618,0.21673965,0.12600035,22,0.98360656,0.83333333,-1316.00000000,-1172.00000000,-6.00000000,0,warmup,,,,,
pg-90a9763288cf4b2b,ESPORTSTMNT02/1693276,2021-02-02T15:33:20,2021-02-02,2021,Split 1,0,11.02,Blue,oe:team:1158ec5b08f516ca81868bc48293989,Team ESCA Gaming,oe:team:5a5f8cc0161f43afe3461b293535517,AGO ROGUE,oe:player:fd232826ff3976840e994bb85a3bd46,DOMOLES,mid,Galio,oe:player:2096ff50c6496d70e4b39793390c9ce,Viktor,mid:Galio,lineup-b65b9b30a31dde93,0,1342.00000000,22.36666667,2,4,3,1.25000000,7274.00000000,9096.00000000,166,406.67660209,0.21377142,0.32067689,13,0.58122206,0.83333333,-1636.00000000,-272.00000000,-21.00000000,0,warmup,,,,,
pg-db5ba9245d7c9aa5,ESPORTSTMNT02/1693276,2021-02-02T15:33:20,2021-02-02,2021,Split 1,0,11.02,Blue,oe:team:1158ec5b08f516ca81868bc48293989,Team ESCA Gaming,oe:team:5a5f8cc0161f43afe3461b293535517,AGO ROGUE,oe:player:c49e01c67147c8b2580273ca5e0d261,Melekx,sup,Morgana,oe:player:3e68fd564e4e518b8aed89b9a0bf855,Alistar,sup:Morgana,lineup-b65b9b30a31dde93,0,1342.00000000,22.36666667,1,1,3,4.00000000,5827.00000000,5139.00000000,17,229.76154993,0.17124636,0.18117398,43,1.92250373,0.66666667,30.00000000,114.00000000,-18.00000000,0,warmup,,,,,
pg-748aa76ba7e71cc3,ESPORTSTMNT02/1693276,2021-02-02T15:33:20,2021-02-02,2021,Split 1,0,11.02,Blue,oe:team:1158ec5b08f516ca81868bc48293989,Team ESCA Gaming,oe:team:5a5f8cc0161f43afe3461b293535517,AGO ROGUE,oe:player:455527eab48df51aaf02979e65dd651,Jaqen,top,Wukong,oe:player:a7b756e008bfcb7148cdb51f886c3fa,Camille,top:Wukong,lineup-b65b9b30a31dde93,0,1342.00000000,22.36666667,2,7,0,0.28571429,6316.00000000,6032.00000000,137,269.68703428,0.18561730,0.21265644,7,0.31296572,0.33333333,-3058.00000000,-1812.00000000,-36.00000000,0,warmup,,,,,
pg-3d73a2e51a54267f,ESPORTSTMNT02/1693276,2021-02-02T15:33:20,2021-02-02,2021,Split 1,0,11.02,Red,oe:team:5a5f8cc0161f43afe3461b293535517,AGO ROGUE,oe:team:1158ec5b08f516ca81868bc48293989,Team ESCA Gaming,oe:player:0482daf6543f102a27a265342292bb7,Lucker,bot,Senna,oe:player:3d022fcafe5af9f52df92b17c015fe6,Kai'Sa,bot:Senna,lineup-de5e31d683ce7975,1,1342.00000000,22.36666667,1,1,9,10.00000000,8952.00000000,13193.00000000,194,589.85096870,0.19350237,0.26451070,21,0.93889717,0.55555556,723.00000000,1129.00000000,24.00000000,0,warmup,,,,,
pg-e2dd529bd33ddd60,ESPORTSTMNT02/1693276,2021-02-02T15:33:20,2021-02-02,2021,Split 1,0,11.02,Red,oe:team:5a5f8cc0161f43afe3461b293535517,AGO ROGUE,oe:team:1158ec5b08f516ca81868bc48293989,Team ESCA Gaming,oe:player:6fc5fe723eed4ba4c230292be365c66,Lurox,jng,Lillia,oe:player:318a60c20ad705c05ceb1e1b2067624,Udyr,jng:Lillia,lineup-de5e31d683ce7975,1,1342.00000000,22.36666667,3,2,3,3.00000000,9050.00000000,6152.00000000,172,275.05216095,0.19562069,0.12334342,30,1.34128167,0.33333333,1316.00000000,1172.00000000,6.00000000,0,warmup,,,,,
pg-86820c8c696c6d94,ESPORTSTMNT02/1693276,2021-02-02T15:33:20,2021-02-02,2021,Split 1,0,11.02,Red,oe:team:5a5f8cc0161f43afe3461b293535517,AGO ROGUE,oe:team:1158ec5b08f516ca81868bc48293989,Team ESCA Gaming,oe:player:2096ff50c6496d70e4b39793390c9ce,Sencux,mid,Viktor,oe:player:fd232826ff3976840e994bb85a3bd46,Galio,mid:Viktor,lineup-de5e31d683ce7975,1,1342.00000000,22.36666667,5,0,5,10.00000000,10388.00000000,15609.00000000,215,697.86885246,0.22454229,0.31294986,15,0.67064083,0.55555556,1636.00000000,272.00000000,21.00000000,0,warmup,,,,,
pg-aa0f73877ea041a5,ESPORTSTMNT02/1693276,2021-02-02T15:33:20,2021-02-02,2021,Split 1,0,11.02,Red,oe:team:5a5f8cc0161f43afe3461b293535517,AGO ROGUE,oe:team:1158ec5b08f516ca81868bc48293989,Team ESCA Gaming,oe:player:3e68fd564e4e518b8aed89b9a0bf855,Pyrka,sup,Alistar,oe:player:c49e01c67147c8b2580273ca5e0d261,Morgana,sup:Alistar,lineup-de5e31d683ce7975,1,1342.00000000,22.36666667,1,1,10,11.00000000,5752.00000000,2058.00000000,35,92.01192250,0.12433262,0.04126150,46,2.05663189,0.61111111,-30.00000000,-114.00000000,18.00000000,0,warmup,,,,,
pg-7556121fb615fa6d,ESPORTSTMNT02/1693276,2021-02-02T15:33:20,2021-02-02,2021,Split 1,0,11.02,Red,oe:team:5a5f8cc0161f43afe3461b293535517,AGO ROGUE,oe:team:1158ec5b08f516ca81868bc48293989,Team ESCA Gaming,oe:player:a7b756e008bfcb7148cdb51f886c3fa,Sinmivak,top,Camille,oe:player:455527eab48df51aaf02979e65dd651,Wukong,top:Camille,lineup-de5e31d683ce7975,1,1342.00000000,22.36666667,8,3,6,4.66666667,12121.00000000,12865.00000000,178,575.18628912,0.26200203,0.25793452,19,0.84947839,0.77777778,3058.00000000,1812.00000000,36.00000000,0,warmup,,,,,
pg-86da14770b68aa77,ESPORTSTMNT02/1683590,2021-02-02T16:33:18,2021-02-02,2021,Split 1,0,11.02,Blue,oe:team:6cedba5819b5b7c465cb3bb48bfe855,Illuminar Gaming,oe:team:b5ac2d78f427d88ed9666c8d1c9e1d2,7more7 Pompa Team,oe:player:7705566e63eedc7bd6c4c72d43c9104,odi11,bot,Aphelios,oe:player:f12b5cb6a2f280205cec33bf1c02e08,Kai'Sa,bot:Aphelios,lineup-561550076137b115,0,2503.00000000,41.71666667,5,3,3,2.66666667,19255.00000000,27580.00000000,411,661.12664802,0.27329889,0.34554908,39,0.93487815,0.80000000,-209.00000000,188.00000000,-11.00000000,0,warmup,,,,,
pg-28fd7af926f6a69f,ESPORTSTMNT02/1683590,2021-02-02T16:33:18,2021-02-02,2021,Split 1,0,11.02,Blue,oe:team:6cedba5819b5b7c465cb3bb48bfe855,Illuminar Gaming,oe:team:b5ac2d78f427d88ed9666c8d1c9e1d2,7more7 Pompa Team,oe:player:df3e7f4eef306da0e300b26a7c92b00,Tabasko,jng,Taliyah,oe:player:82416dfeed801e2846a7c12a3649ab3,Udyr,jng:Taliyah,lineup-561550076137b115,0,2503.00000000,41.71666667,3,4,3,1.50000000,13081.00000000,16788.00000000,224,402.42908510,0.18566724,0.21033640,54,1.29444666,0.60000000,-518.00000000,-626.00000000,-13.00000000,0,warmup,,,,,
pg-e906477296f2513b,ESPORTSTMNT02/1683590,2021-02-02T16:33:18,2021-02-02,2021,Split 1,0,11.02,Blue,oe:team:6cedba5819b5b7c465cb3bb48bfe855,Illuminar Gaming,oe:team:b5ac2d78f427d88ed9666c8d1c9e1d2,7more7 Pompa Team,oe:player:73ac73edf51a3acdfa494e271c6ee29,Czajek,mid,Twisted Fate,oe:player:5a23766ce46653d2b63ac4a40cd61c1,Orianna,mid:Twisted Fate,lineup-561550076137b115,0,2503.00000000,41.71666667,2,4,5,1.75000000,15233.00000000,15668.00000000,283,375.58130244,0.21621200,0.19630395,38,0.91090691,0.70000000,338.00000000,-371.00000000,-25.00000000,0,warmup,,,,,
pg-f9dcf30574be3e59,ESPORTSTMNT02/1683590,2021-02-02T16:33:18,2021-02-02,2021,Split 1,0,11.02,Blue,oe:team:6cedba5819b5b7c465cb3bb48bfe855,Illuminar Gaming,oe:team:b5ac2d78f427d88ed9666c8d1c9e1d2,7more7 Pompa Team,oe:player:df5866d3078c786ce03084b78b1f5d9,Czypsy,sup,Leona,oe:player:a93e0326b85f0312cf1b451e175a7a0,Lulu,sup:Leona,lineup-561550076137b115,0,2503.00000000,41.71666667,0,4,2,0.50000000,8731.00000000,4159.00000000,50,99.69636436,0.12392483,0.05210800,115,2.75669197,0.20000000,72.00000000,-514.00000000,0.00000000,0,warmup,,,,,
pg-7d3aa6d957107b49,ESPORTSTMNT02/1683590,2021-02-02T16:33:18,2021-02-02,2021,Split 1,0,11.02,Blue,oe:team:6cedba5819b5b7c465cb3bb48bfe855,Illuminar Gaming,oe:team:b5ac2d78f427d88ed9666c8d1c9e1d2,7more7 Pompa Team,oe:player:2925560e555046ad9b0066ff181fe21,Melonik,top,Camille,oe:player:cb5feb1b7314637725a2e73bdc9f729,Shen,top:Camille,lineup-561550076137b115,0,2503.00000000,41.71666667,0,4,5,1.25000000,14154.00000000,15620.00000000,311,374.43068318,0.20089704,0.19570256,45,1.07870555,0.50000000,571.00000000,1128.00000000,44.00000000,0,warmup,,,,,
pg-75f5fb58e5323815,ESPORTSTMNT02/1683590,2021-02-02T16:33:18,2021-02-02,2021,Split 1,0,11.02,Red,oe:team:b5ac2d78f427d88ed9666c8d1c9e1d2,7more7 Pompa Team,oe:team:6cedba5819b5b7c465cb3bb48bfe855,Illuminar Gaming,oe:player:f12b5cb6a2f280205cec33bf1c02e08,Ather,bot,Kai'Sa,oe:player:7705566e63eedc7bd6c4c72d43c9104,Aphelios,bot:Kai'Sa,lineup-e174eb922a14bd84,1,2503.00000000,41.71666667,10,1,3,13.00000000,20415.00000000,26143.00000000,393,626.67998402,0.27906500,0.38137683,30,0.71913704,0.68421053,209.00000000,-188.00000000,11.00000000,0,warmup,,,,,
pg-118491bdbf11ad00,ESPORTSTMNT02/1683590,2021-02-02T16:33:18,2021-02-02,2021,Split 1,0,11.02,Red,oe:team:b5ac2d78f427d88ed9666c8d1c9e1d2,7more7 Pompa Team,oe:team:6cedba5819b5b7c465cb3bb48bfe855,Illuminar Gaming,oe:player:82416dfeed801e2846a7c12a3649ab3,behave,jng,Udyr,oe:player:df3e7f4eef306da0e300b26a7c92b00,Taliyah,jng:Udyr,lineup-e174eb922a14bd84,1,2503.00000000,41.71666667,0,2,16,8.00000000,13488.00000000,8100.00000000,230,194.16699960,0.18437564,0.11816365,75,1.79784259,0.84210526,518.00000000,626.00000000,13.00000000,0,warmup,,,,,
pg-857ba64b7ba4d83e,ESPORTSTMNT02/1683590,2021-02-02T16:33:18,2021-02-02,2021,Split 1,0,11.02,Red,oe:team:b5ac2d78f427d88ed9666c8d1c9e1d2,7more7 Pompa Team,oe:team:6cedba5819b5b7c465cb3bb48bfe855,Illuminar Gaming,oe:player:5a23766ce46653d2b63ac4a40cd61c1,Warszi,mid,Orianna,oe:player:73ac73edf51a3acdfa494e271c6ee29,Twisted Fate,mid:Orianna,lineup-e174eb922a14bd84,1,2503.00000000,41.71666667,5,0,12,17.00000000,16872.00000000,20541.00000000,366,492.39312825,0.23063359,0.29965426,62,1.48621654,0.89473684,-338.00000000,371.00000000,25.00000000,0,warmup,,,,,
pg-1d69b9b1004ffe0d,ESPORTSTMNT02/1683590,2021-02-02T16:33:18,2021-02-02,2021,Split 1,0,11.02,Red,oe:team:b5ac2d78f427d88ed9666c8d1c9e1d2,7more7 Pompa Team,oe:team:6cedba5819b5b7c465cb3bb48bfe855,Illuminar Gaming,oe:player:a93e0326b85f0312cf1b451e175a7a0,Wojtus,sup,Lulu,oe:player:df5866d3078c786ce03084b78b1f5d9,Leona,sup:Lulu,lineup-e174eb922a14bd84,1,2503.00000000,41.71666667,1,2,13,7.00000000,9480.00000000,1375.00000000,34,32.96044746,0.12958786,0.02005864,91,2.18138234,0.73684211,-72.00000000,514.00000000,0.00000000,0,warmup,,,,,
pg-1240e37253f782d3,ESPORTSTMNT02/1683590,2021-02-02T16:33:18,2021-02-02,2021,Split 1,0,11.02,Red,oe:team:b5ac2d78f427d88ed9666c8d1c9e1d2,7more7 Pompa Team,oe:team:6cedba5819b5b7c465cb3bb48bfe855,Illuminar Gaming,oe:player:cb5feb1b7314637725a2e73bdc9f729,Color,top,Shen,oe:player:2925560e555046ad9b0066ff181fe21,Camille,top:Shen,lineup-e174eb922a14bd84,1,2503.00000000,41.71666667,3,5,14,3.40000000,12900.00000000,12390.00000000,215,297.00359569,0.17633791,0.18074662,45,1.07870555,0.89473684,-571.00000000,-1128.00000000,-44.00000000,0,warmup,,,,,
pg-66073541fd8c5f62,ESPORTSTMNT02/1683639,2021-02-02T17:39:50,2021-02-02,2021,Split 1,0,11.02,Blue,oe:team:3a1d5821b38ab1ddec52f944973d1bd,Gentlemen's Gaming,oe:team:f27741afb3044c971eeced9d0c2daa1,devils.one,oe:player:50cce5a33514ebe62201a0a45314eca,Yashiro,bot,Senna,oe:player:694ee794a9d3a8c3fbd658becb89769,Ezreal,bot:Senna,lineup-e71ddd98b498ea4f,0,2009.00000000,33.48333333,2,4,4,1.50000000,12288.00000000,10479.00000000,267,312.96167247,0.23338588,0.20083947,40,1.19462419,0.60000000,-58.00000000,91.00000000,-5.00000000,0,warmup,,,,,
pg-7478a1c0d5c36de4,ESPORTSTMNT02/1683639,2021-02-02T17:39:50,2021-02-02,2021,Split 1,0,11.02,Blue,oe:team:3a1d5821b38ab1ddec52f944973d1bd,Gentlemen's Gaming,oe:team:f27741afb3044c971eeced9d0c2daa1,devils.one,oe:player:6dc7ae729c87dd9b26169b0fbaf04e7,Jenxas,jng,Sejuani,oe:player:2d1fca25321f6983dc3e1da11039a80,Graves,jng:Sejuani,lineup-e71ddd98b498ea4f,0,2009.00000000,33.48333333,1,3,8,3.00000000,9617.00000000,10647.00000000,170,317.97909408,0.18265560,0.20405934,36,1.07516177,0.90000000,-910.00000000,-453.00000000,-20.00000000,0,warmup,,,,,
pg-c866613690917244,ESPORTSTMNT02/1683639,2021-02-02T17:39:50,2021-02-02,2021,Split 1,0,11.02,Blue,oe:team:3a1d5821b38ab1ddec52f944973d1bd,Gentlemen's Gaming,oe:team:f27741afb3044c971eeced9d0c2daa1,devils.one,oe:player:62ead8b1e25dbc7197a2007bcc4dbe0,Chosii,mid,Orianna,oe:player:efde1a9fe9e6f1059c3fce2ec296fae,Syndra,mid:Orianna,lineup-e71ddd98b498ea4f,0,2009.00000000,33.48333333,4,2,3,3.50000000,13244.00000000,13665.00000000,310,408.11348930,0.25154318,0.26190202,46,1.37381782,0.70000000,968.00000000,931.00000000,24.00000000,0,warmup,,,,,
pg-b4e5308f269eabfd,ESPORTSTMNT02/1683639,2021-02-02T17:39:50,2021-02-02,2021,Split 1,0,11.02,Blue,oe:team:3a1d5821b38ab1ddec52f944973d1bd,Gentlemen's Gaming,oe:team:f27741afb3044c971eeced9d0c2daa1,devils.one,oe:player:f32776bb3b0bfb1cd3261868df4dfce,Calmsky,sup,Seraphine,oe:player:945f30b38a435b37c2e70d893cb6a72,Alistar,sup:Seraphine,lineup-e71ddd98b498ea4f,0,2009.00000000,33.48333333,0,3,6,2.00000000,7049.00000000,5851.00000000,30,174.74365356,0.13388160,0.11213968,81,2.41911399,0.60000000,150.00000000,-96.00000000,-9.00000000,0,warmup,,,,,
pg-e816a1dedcd03b16,ESPORTSTMNT02/1683639,2021-02-02T17:39:50,2021-02-02,2021,Split 1,0,11.02,Blue,oe:team:3a1d5821b38ab1ddec52f944973d1bd,Gentlemen's Gaming,oe:team:f27741afb3044c971eeced9d0c2daa1,devils.one,oe:player:a2694196d288cd26055602729d0bb5c,HeSSZero,top,Sett,oe:player:e93fad90f312c1f10c64b60e5ba17c7,Camille,top:Sett,lineup-e71ddd98b498ea4f,0,2009.00000000,33.48333333,3,3,3,2.00000000,10453.00000000,11534.00000000,189,344.46988552,0.19853374,0.22105949,39,1.16475859,0.60000000,-793.00000000,-1314.00000000,-22.00000000,0,warmup,,,,,
pg-7394a54fa9b9ddb0,ESPORTSTMNT02/1683639,2021-02-02T17:39:50,2021-02-02,2021,Split 1,0,11.02,Red,oe:team:f27741afb3044c971eeced9d0c2daa1,devils.one,oe:team:3a1d5821b38ab1ddec52f944973d1bd,Gentlemen's Gaming,oe:player:694ee794a9d3a8c3fbd658becb89769,Zamulek,bot,Ezreal,oe:player:50cce5a33514ebe62201a0a45314eca,Senna,bot:Ezreal,lineup-96cee117298b4401,1,2009.00000000,33.48333333,3,1,5,8.00000000,13670.00000000,18547.00000000,287,553.91737183,0.22599524,0.29232273,33,0.98556496,0.53333333,58.00000000,-91.00000000,5.00000000,0,warmup,,,,,
pg-1a1c350c3322253a,ESPORTSTMNT02/1683639,2021-02-02T17:39:50,2021-02-02,2021,Split 1,0,11.02,Red,oe:team:f27741afb3044c971eeced9d0c2daa1,devils.one,oe:team:3a1d5821b38ab1ddec52f944973d1bd,Gentlemen's Gaming,oe:player:2d1fca25321f6983dc3e1da11039a80,Diagu,jng,Graves,oe:player:6dc7ae729c87dd9b26169b0fbaf04e7,Sejuani,jng:Graves,lineup-96cee117298b4401,1,2009.00000000,33.48333333,9,0,1,10.00000000,14747.00000000,8871.00000000,257,264.93777999,0.24380042,0.13981749,46,1.37381782,0.66666667,910.00000000,453.00000000,20.00000000,0,warmup,,,,,
pg-ab2f2effe339e819,ESPORTSTMNT02/1683639,2021-02-02T17:39:50,2021-02-02,2021,Split 1,0,11.02,Red,oe:team:f27741afb3044c971eeced9d0c2daa1,devils.one,oe:team:3a1d5821b38ab1ddec52f944973d1bd,Gentlemen's Gaming,oe:player:efde1a9fe9e6f1059c3fce2ec296fae,many,mid,Syndra,oe:player:62ead8b1e25dbc7197a2007bcc4dbe0,Orianna,mid:Syndra,lineup-96cee117298b4401,1,2009.00000000,33.48333333,1,2,8,4.50000000,12366.00000000,18813.00000000,270,561.86162270,0.20443724,0.29651520,43,1.28422101,0.60000000,-968.00000000,-931.00000000,-24.00000000,0,warmup,,,,,
pg-65504e8998ef642f,ESPORTSTMNT02/1683639,2021-02-02T17:39:50,2021-02-02,2021,Split 1,0,11.02,Red,oe:team:f27741afb3044c971eeced9d0c2daa1,devils.one,oe:team:3a1d5821b38ab1ddec52f944973d1bd,Gentlemen's Gaming,oe:player:945f30b38a435b37c2e70d893cb6a72,YuNIshinoya,sup,Alistar,oe:player:f32776bb3b0bfb1cd3261868df4dfce,Seraphine,sup:Alistar,lineup-96cee117298b4401,1,2009.00000000,33.48333333,0,5,10,2.00000000,7392.00000000,4204.00000000,31,125.55500249,0.12220606,0.06626003,94,2.80736685,0.66666667,-150.00000000,96.00000000,9.00000000,0,warmup,,,,,
pg-80e4eb8f569cb295,ESPORTSTMNT02/1683639,2021-02-02T17:39:50,2021-02-02,2021,Split 1,0,11.02,Red,oe:team:f27741afb3044c971eeced9d0c2daa1,devils.one,oe:team:3a1d5821b38ab1ddec52f944973d1bd,Gentlemen's Gaming,oe:player:e93fad90f312c1f10c64b60e5ba17c7,sheru,top,Camille,oe:player:a2694196d288cd26055602729d0bb5c,Sett,top:Camille,lineup-96cee117298b4401,1,2009.00000000,33.48333333,2,2,7,4.50000000,12313.00000000,13012.00000000,206,388.61124938,0.20356104,0.20508456,33,0.98556496,0.60000000,793.00000000,1314.00000000,22.00000000,0,warmup,,,,,
pg-ed4ec9d86de3d425,ESPORTSTMNT02/1693420,2021-02-02T18:40:37,2021-02-02,2021,Split 1,0,11.02,Blue,oe:team:73f3cc4e54620b1454530648442e066,K1CK,oe:team:5628f250931675f9c0d20aad46cc117,Komil & Friends,oe:player:b4a352b2b8782a2bb21bce1a2f47645,Puki Style,bot,Kai'Sa,oe:player:1ecc2cf8dc5f05719ca235f6d0be5e2,Xayah,bot:Kai'Sa,lineup-199bafdd01ac68ac,1,1841.00000000,30.68333333,6,0,6,12.00000000,14464.00000000,18889.00000000,307,615.61108093,0.24338696,0.32049477,52,1.69473112,0.80000000,468.00000000,1356.00000000,5.00000000,0,warmup,,,,,
pg-13d0d86a09eb4ad5,ESPORTSTMNT02/1693420,2021-02-02T18:40:37,2021-02-02,2021,Split 1,0,11.02,Blue,oe:team:73f3cc4e54620b1454530648442e066,K1CK,oe:team:5628f250931675f9c0d20aad46cc117,Komil & Friends,oe:player:7471c21aed615dae3e49140eca8ce89,Bruness,jng,Pantheon,oe:player:24807d9986c4fda13d994791032cde1,Hecarim,jng:Pantheon,lineup-199bafdd01ac68ac,1,1841.00000000,30.68333333,0,1,7,7.00000000,9452.00000000,8258.00000000,158,269.13633895,0.15904961,0.14011572,41,1.33623031,0.46666667,-334.00000000,697.00000000,5.00000000,0,warmup,,,,,
pg-cfe864822b687439,ESPORTSTMNT02/1693420,2021-02-02T18:40:37,2021-02-02,2021,Split 1,0,11.02,Blue,oe:team:73f3cc4e54620b1454530648442e066,K1CK,oe:team:5628f250931675f9c0d20aad46cc117,Komil & Friends,oe:player:be4ce50af0cd0d8574aa3820c37d1ae,Matislaw,mid,Twisted Fate,oe:player:56b90211cf581dd16f58da4eb71317f,Orianna,mid:Twisted Fate,lineup-199bafdd01ac68ac,1,1841.00000000,30.68333333,6,1,5,11.00000000,16254.00000000,13029.00000000,297,424.62791961,0.27350744,0.22106656,25,0.81477458,0.73333333,3080.00000000,240.00000000,22.00000000,0,warmup,,,,,
pg-2f7927d2c5a37416,ESPORTSTMNT02/1693420,2021-02-02T18:40:37,2021-02-02,2021,Split 1,0,11.02,Blue,oe:team:73f3cc4e54620b1454530648442e066,K1CK,oe:team:5628f250931675f9c0d20aad46cc117,Komil & Friends,oe:player:84bd988294f5dd9ae9a499abf6524a0,Raxxo,sup,Thresh,oe:player:a75d4ca0929b3a53c507950ccc366ed,Seraphine,sup:Thresh,lineup-199bafdd01ac68ac,1,1841.00000000,30.68333333,1,2,11,6.00000000,7118.00000000,4591.00000000,32,149.62520369,0.11977519,0.07789674,84,2.73764259,0.80000000,-27.00000000,-1147.00000000,11.00000000,0,warmup,,,,,
pg-bdc0dc0980519de2,ESPORTSTMNT02/1693420,2021-02-02T18:40:37,2021-02-02,2021,Split 1,0,11.02,Blue,oe:team:73f3cc4e54620b1454530648442e066,K1CK,oe:team:5628f250931675f9c0d20aad46cc117,Komil & Friends,oe:player:4841aa27ab85be0b9f45fed1d5e7b09,Kackos,top,Gnar,oe:player:8e00e6377e8725af3b2bc927d6710e4,Aatrox,top:Gnar,lineup-199bafdd01ac68ac,1,1841.00000000,30.68333333,2,1,7,9.00000000,12140.00000000,14170.00000000,242,461.81423140,0.20428081,0.24042622,24,0.78218360,0.60000000,1124.00000000,787.00000000,25.00000000,0,warmup,,,,,
pg-023f2e049afc9325,ESPORTSTMNT02/1693420,2021-02-02T18:40:37,2021-02-02,2021,Split 1,0,11.02,Red,oe:team:5628f250931675f9c0d20aad46cc117,Komil & Friends,oe:team:73f3cc4e54620b1454530648442e066,K1CK,oe:player:1ecc2cf8dc5f05719ca235f6d0be5e2,svns,bot,Xayah,oe:player:b4a352b2b8782a2bb21bce1a2f47645,Kai'Sa,bot:Xayah,lineup-aa3f394a3c5e3666,0,1841.00000000,30.68333333,1,2,1,1.00000000,11511.00000000,10911.00000000,294,355.60021727,0.24784687,0.25537144,32,1.04291146,0.40000000,-468.00000000,-1356.00000000,-5.00000000,0,warmup,,,,,
pg-ce13195eab27eea0,ESPORTSTMNT02/1693420,2021-02-02T18:40:37,2021-02-02,2021,Split 1,0,11.02,Red,oe:team:5628f250931675f9c0d20aad46cc117,Komil & Friends,oe:team:73f3cc4e54620b1454530648442e066,K1CK,oe:player:24807d9986c4fda13d994791032cde1,Ben3k,jng,Hecarim,oe:player:7471c21aed615dae3e49140eca8ce89,Pantheon,jng:Hecarim,lineup-aa3f394a3c5e3666,0,1841.00000000,30.68333333,3,3,1,1.33333333,9254.00000000,7218.00000000,163,235.24171646,0.19925071,0.16893695,30,0.97772949,0.80000000,334.00000000,-697.00000000,-5.00000000,0,warmup,,,,,
pg-8b9d9c697d7ee9cd,ESPORTSTMNT02/1693420,2021-02-02T18:40:37,2021-02-02,2021,Split 1,0,11.02,Red,oe:team:5628f250931675f9c0d20aad46cc117,Komil & Friends,oe:team:73f3cc4e54620b1454530648442e066,K1CK,oe:player:56b90211cf581dd16f58da4eb71317f,Wojux,mid,Orianna,oe:player:be4ce50af0cd0d8574aa3820c37d1ae,Twisted Fate,mid:Orianna,lineup-aa3f394a3c5e3666,0,1841.00000000,30.68333333,0,2,4,2.00000000,9485.00000000,10686.00000000,241,348.26724606,0.20422444,0.25010532,13,0.42368278,0.80000000,-3080.00000000,-240.00000000,-22.00000000,0,warmup,,,,,
pg-28c6f62ab03ed2ca,ESPORTSTMNT02/1693420,2021-02-02T18:40:37,2021-02-02,2021,Split 1,0,11.02,Red,oe:team:5628f250931675f9c0d20aad46cc117,Komil & Friends,oe:team:73f3cc4e54620b1454530648442e066,K1CK,oe:player:a75d4ca0929b3a53c507950ccc366ed,April,sup,Seraphine,oe:player:84bd988294f5dd9ae9a499abf6524a0,Thresh,sup:Seraphine,lineup-aa3f394a3c5e3666,0,1841.00000000,30.68333333,0,6,3,0.50000000,6009.00000000,4029.00000000,26,131.30907116,0.12938162,0.09429855,51,1.66214014,0.60000000,27.00000000,1147.00000000,-11.00000000,0,warmup,,,,,
pg-0b425f87675e142a,ESPORTSTMNT02/1693420,2021-02-02T18:40:37,2021-02-02,2021,Split 1,0,11.02,Red,oe:team:5628f250931675f9c0d20aad46cc117,Komil & Friends,oe:team:73f3cc4e54620b1454530648442e066,K1CK,oe:player:8e00e6377e8725af3b2bc927d6710e4,Grzybek,top,Aatrox,oe:player:4841aa27ab85be0b9f45fed1d5e7b09,Gnar,top:Aatrox,lineup-aa3f394a3c5e3666,0,1841.00000000,30.68333333,1,2,2,1.50000000,10185.00000000,9882.00000000,219,322.06409560,0.21929636,0.23128774,16,0.52145573,0.60000000,-1124.00000000,-787.00000000,-25.00000000,0,warmup,,,,,
pg-95f91ca153741d98,ESPORTSTMNT02/1684363,2021-02-03T15:33:17,2021-02-03,2021,Split 1,0,11.02,Blue,oe:team:73f3cc4e54620b1454530648442e066,K1CK,oe:team:1158ec5b08f516ca81868bc48293989,Team ESCA Gaming,oe:player:b4a352b2b8782a2bb21bce1a2f47645,Puki Style,bot,Kai'Sa,oe:player:3d022fcafe5af9f52df92b17c015fe6,Vayne,bot:Kai'Sa,lineup-199bafdd01ac68ac,1,1568.00000000,26.13333333,6,1,6,12.00000000,12398.00000000,16496.00000000,212,631.22448980,0.24027132,0.25977953,23,0.88010204,0.57142857,1128.00000000,1140.00000000,31.00000000,0,warmup,,,,,
pg-46c70fafc715c3ac,ESPORTSTMNT02/1684363,2021-02-03T15:33:17,2021-02-03,2021,Split 1,0,11.02,Blue,oe:team:73f3cc4e54620b1454530648442e066,K1CK,oe:team:1158ec5b08f516ca81868bc48293989,Team ESCA Gaming,oe:player:7471c21aed615dae3e49140eca8ce89,Bruness,jng,Pantheon,oe:player:318a60c20ad705c05ceb1e1b2067624,Udyr,jng:Pantheon,lineup-199bafdd01ac68ac,1,1568.00000000,26.13333333,7,1,10,17.00000000,10965.00000000,12724.00000000,152,486.88775510,0.21250000,0.20037795,30,1.14795918,0.80952381,1790.00000000,1777.00000000,34.00000000,0,warmup,,,,,
pg-27837c1522462137,ESPORTSTMNT02/1684363,2021-02-03T15:33:17,2021-02-03,2021,Split 1,0,11.02,Blue,oe:team:73f3cc4e54620b1454530648442e066,K1CK,oe:team:1158ec5b08f516ca81868bc48293989,Team ESCA Gaming,oe:player:be4ce50af0cd0d8574aa3820c37d1ae,Matislaw,mid,Zoe,oe:player:fd232826ff3976840e994bb85a3bd46,Rumble,mid:Zoe,lineup-199bafdd01ac68ac,1,1568.00000000,26.13333333,5,1,10,15.00000000,10753.00000000,22842.00000000,193,874.05612245,0.20839147,0.35971654,12,0.45918367,0.71428571,164.00000000,-564.00000000,12.00000000,0,warmup,,,,,
pg-40f082e346c1f5ed,ESPORTSTMNT02/1684363,2021-02-03T15:33:17,2021-02-03,2021,Split 1,0,11.02,Blue,oe:team:73f3cc4e54620b1454530648442e066,K1CK,oe:team:1158ec5b08f516ca81868bc48293989,Team ESCA Gaming,oe:player:84bd988294f5dd9ae9a499abf6524a0,Raxxo,sup,Leona,oe:player:c49e01c67147c8b2580273ca5e0d261,Alistar,sup:Leona,lineup-199bafdd01ac68ac,1,1568.00000000,26.13333333,0,2,16,8.00000000,6717.00000000,3432.00000000,33,131.32653061,0.13017442,0.05404724,77,2.94642857,0.76190476,163.00000000,-384.00000000,0.00000000,0,warmup,,,,,
pg-3e3e178b10ad7335,ESPORTSTMNT02/1684363,2021-02-03T15:33:17,2021-02-03,2021,Split 1,0,11.02,Blue,oe:team:73f3cc4e54620b1454530648442e066,K1CK,oe:team:1158ec5b08f516ca81868bc48293989,Team ESCA Gaming,oe:player:4841aa27ab85be0b9f45fed1d5e7b09,Kackos,top,Renekton,oe:player:455527eab48df51aaf02979e65dd651,Ornn,top:Renekton,lineup-199bafdd01ac68ac,1,1568.00000000,26.13333333,3,0,6,9.00000000,10767.00000000,8006.00000000,196,306.35204082,0.20866279,0.12607874,30,1.14795918,0.42857143,1358.00000000,174.00000000,10.00000000,0,warmup,,,,,
pg-2b82ac6e105d565a,ESPORTSTMNT02/1684363,2021-02-03T15:33:17,2021-02-03,2021,Split 1,0,11.02,Red,oe:team:1158ec5b08f516ca81868bc48293989,Team ESCA Gaming,oe:team:73f3cc4e54620b1454530648442e066,K1CK,oe:player:3d022fcafe5af9f52df92b17c015fe6,HARPOON,bot,Vayne,oe:player:b4a352b2b8782a2bb21bce1a2f47645,Kai'Sa,bot:Vayne,lineup-b65b9b30a31dde93,0,1568.00000000,26.13333333,0,5,4,0.80000000,8978.00000000,5145.00000000,208,196.87500000,0.23410691,0.15467637,24,0.91836735,0.80000000,-1128.00000000,-1140.00000000,-31.00000000,0,warmup,,,,,
pg-126bc219c1a9f4aa,ESPORTSTMNT02/1684363,2021-02-03T15:33:17,2021-02-03,2021,Split 1,0,11.02,Red,oe:team:1158ec5b08f516ca81868bc48293989,Team ESCA Gaming,oe:team:73f3cc4e54620b1454530648442e066,K1CK,oe:player:318a60c20ad705c05ceb1e1b2067624,Sh4dowUS,jng,Udyr,oe:player:7471c21aed615dae3e49140eca8ce89,Pantheon,jng:Udyr,lineup-b65b9b30a31dde93,0,1568.00000000,26.13333333,1,6,4,0.83333333,7669.00000000,3456.00000000,131,132.24489796,0.19997392,0.10389923,30,1.14795918,1.00000000,-1790.00000000,-1777.00000000,-34.00000000,0,warmup,,,,,
pg-00fdd92181a1cac6,ESPORTSTMNT02/1684363,2021-02-03T15:33:17,2021-02-03,2021,Split 1,0,11.02,Red,oe:team:1158ec5b08f516ca81868bc48293989,Team ESCA Gaming,oe:team:73f3cc4e54620b1454530648442e066,K1CK,oe:player:fd232826ff3976840e994bb85a3bd46,DOMOLES,mid,Rumble,oe:player:be4ce50af0cd0d8574aa3820c37d1ae,Zoe,mid:Rumble,lineup-b65b9b30a31dde93,0,1568.00000000,26.13333333,3,4,2,1.25000000,8645.00000000,12165.00000000,159,465.49744898,0.22542373,0.36572167,14,0.53571429,1.00000000,-164.00000000,564.00000000,-12.00000000,0,warmup,,,,,
pg-ae6e36ef28336789,ESPORTSTMNT02/1684363,2021-02-03T15:33:17,2021-02-03,2021,Split 1,0,11.02,Red,oe:team:1158ec5b08f516ca81868bc48293989,Team ESCA Gaming,oe:team:73f3cc4e54620b1454530648442e066,K1CK,oe:player:c49e01c67147c8b2580273ca5e0d261,Melekx,sup,Alistar,oe:player:84bd988294f5dd9ae9a499abf6524a0,Leona,sup:Alistar,lineup-b65b9b30a31dde93,0,1568.00000000,26.13333333,0,3,4,1.33333333,5296.00000000,2984.00000000,28,114.18367347,0.13809648,0.08970929,63,2.41071429,0.80000000,-163.00000000,384.00000000,0.00000000,0,warmup,,,,,
pg-21aa37bbaea6c9c1,ESPORTSTMNT02/1684363,2021-02-03T15:33:17,2021-02-03,2021,Split 1,0,11.02,Red,oe:team:1158ec5b08f516ca81868bc48293989,Team ESCA Gaming,oe:team:73f3cc4e54620b1454530648442e066,K1CK,oe:player:455527eab48df51aaf02979e65dd651,Jaqen,top,Ornn,oe:player:4841aa27ab85be0b9f45fed1d5e7b09,Renekton,top:Ornn,lineup-b65b9b30a31dde93,0,1568.00000000,26.13333333,1,3,0,0.33333333,7762.00000000,9513.00000000,183,364.01785714,0.20239896,0.28599345,13,0.49744898,0.20000000,-1358.00000000,-174.00000000,-10.00000000,0,warmup,,,,,
pg-6150e30fa3b9170d,ESPORTSTMNT02/1684408,2021-02-03T16:33:52,2021-02-03,2021,Split 1,0,11.02,Blue,oe:team:b5ac2d78f427d88ed9666c8d1c9e1d2,7more7 Pompa Team,oe:team:5628f250931675f9c0d20aad46cc117,Komil & Friends,oe:player:f12b5cb6a2f280205cec33bf1c02e08,Ather,bot,Kai'Sa,oe:player:1ecc2cf8dc5f05719ca235f6d0be5e2,Senna,bot:Kai'Sa,lineup-e174eb922a14bd84,1,1735.00000000,28.91666667,9,1,5,14.00000000,14961.00000000,17328.00000000,288,599.23919308,0.26350459,0.27627551,31,1.07204611,0.82352941,1438.00000000,672.00000000,20.00000000,0,warmup,,,,,
pg-9d4d3199eb02bac0,ESPORTSTMNT02/1684408,2021-02-03T16:33:52,2021-02-03,2021,Split 1,0,11.02,Blue,oe:team:b5ac2d78f427d88ed9666c8d1c9e1d2,7more7 Pompa Team,oe:team:5628f250931675f9c0d20aad46cc117,Komil & Friends,oe:player:82416dfeed801e2846a7c12a3649ab3,behave,jng,Pantheon,oe:player:24807d9986c4fda13d994791032cde1,Udyr,jng:Pantheon,lineup-e174eb922a14bd84,1,1735.00000000,28.91666667,0,3,8,2.66666667,9021.00000000,6514.00000000,154,225.26801153,0.15888476,0.10385842,31,1.07204611,0.47058824,-336.00000000,-1434.00000000,-26.00000000,0,warmup,,,,,
pg-d2df957c0d755586,ESPORTSTMNT02/1684408,2021-02-03T16:33:52,2021-02-03,2021,Split 1,0,11.02,Blue,oe:team:b5ac2d78f427d88ed9666c8d1c9e1d2,7more7 Pompa Team,oe:team:5628f250931675f9c0d20aad46cc117,Komil & Friends,oe:player:5a23766ce46653d2b63ac4a40cd61c1,Warszi,mid,Syndra,oe:player:56b90211cf581dd16f58da4eb71317f,Seraphine,mid:Syndra,lineup-e174eb922a14bd84,1,1735.00000000,28.91666667,4,1,5,9.00000000,12657.00000000,17736.00000000,267,613.34870317,0.22292478,0.28278061,40,1.38328530,0.52941176,-129.00000000,69.00000000,17.00000000,0,warmup,,,,,
pg-28698481c57111c0,ESPORTSTMNT02/1684408,2021-02-03T16:33:52,2021-02-03,2021,Split 1,0,11.02,Blue,oe:team:b5ac2d78f427d88ed9666c8d1c9e1d2,7more7 Pompa Team,oe:team:5628f250931675f9c0d20aad46cc117,Komil & Friends,oe:player:a93e0326b85f0312cf1b451e175a7a0,Wojtus,sup,Rell,oe:player:a75d4ca0929b3a53c507950ccc366ed,Leona,sup:Rell,lineup-e174eb922a14bd84,1,1735.00000000,28.91666667,0,4,11,2.75000000,7119.00000000,3773.00000000,28,130.47838617,0.12538528,0.06015625,61,2.10951009,0.64705882,278.00000000,218.00000000,0.00000000,0,warmup,,,,,
pg-addaefe9f167d1eb,ESPORTSTMNT02/1684408,2021-02-03T16:33:52,2021-02-03,2021,Split 1,0,11.02,Blue,oe:team:b5ac2d78f427d88ed9666c8d1c9e1d2,7more7 Pompa Team,oe:team:5628f250931675f9c0d20aad46cc117,Komil & Friends,oe:player:cb5feb1b7314637725a2e73bdc9f729,Color,top,Gnar,oe:player:8e00e6377e8725af3b2bc927d6710e4,Urgot,top:Gnar,lineup-e174eb922a14bd84,1,1735.00000000,28.91666667,4,2,6,5.00000000,13019.00000000,17369.00000000,249,600.65706052,0.22930060,0.27692921,29,1.00288184,0.58823529,676.00000000,234.00000000,20.00000000,0,warmup,,,,,
pg-d2452f75b19bbac8,ESPORTSTMNT02/1684408,2021-02-03T16:33:52,2021-02-03,2021,Split 1,0,11.02,Red,oe:team:5628f250931675f9c0d20aad46cc117,Komil & Friends,oe:team:b5ac2d78f427d88ed9666c8d1c9e1d2,7more7 Pompa Team,oe:player:1ecc2cf8dc5f05719ca235f6d0be5e2,svns,bot,Senna,oe:player:f12b5cb6a2f280205cec33bf1c02e08,Kai'Sa,bot:Senna,lineup-aa3f394a3c5e3666,0,1735.00000000,28.91666667,2,6,8,1.66666667,9124.00000000,9685.00000000,179,334.92795389,0.19410288,0.22756109,17,0.58789625,0.90909091,-1438.00000000,-672.00000000,-20.00000000,0,warmup,,,,,
pg-1e5834dde9286ffb,ESPORTSTMNT02/1684408,2021-02-03T16:33:52,2021-02-03,2021,Split 1,0,11.02,Red,oe:team:5628f250931675f9c0d20aad46cc117,Komil & Friends,oe:team:b5ac2d78f427d88ed9666c8d1c9e1d2,7more7 Pompa Team,oe:player:24807d9986c4fda13d994791032cde1,Ben3k,jng,Udyr,oe:player:82416dfeed801e2846a7c12a3649ab3,Pantheon,jng:Udyr,lineup-aa3f394a3c5e3666,0,1735.00000000,28.91666667,1,3,8,3.00000000,10600.00000000,7523.00000000,211,260.16138329,0.22550313,0.17676222,45,1.55619597,0.81818182,336.00000000,1434.00000000,26.00000000,0,warmup,,,,,
pg-8f3cca12c37b200d,ESPORTSTMNT02/1684408,2021-02-03T16:33:52,2021-02-03,2021,Split 1,0,11.02,Red,oe:team:5628f250931675f9c0d20aad46cc117,Komil & Friends,oe:team:b5ac2d78f427d88ed9666c8d1c9e1d2,7more7 Pompa Team,oe:player:56b90211cf581dd16f58da4eb71317f,Wojux,mid,Seraphine,oe:player:5a23766ce46653d2b63ac4a40cd61c1,Syndra,mid:Seraphine,lineup-aa3f394a3c5e3666,0,1735.00000000,28.91666667,4,2,7,5.50000000,11022.00000000,9866.00000000,248,341.18731988,0.23448070,0.23181391,32,1.10662824,1.00000000,129.00000000,-69.00000000,-17.00000000,0,warmup,,,,,
pg-194c935c80649aab,ESPORTSTMNT02/1684408,2021-02-03T16:33:52,2021-02-03,2021,Split 1,0,11.02,Red,oe:team:5628f250931675f9c0d20aad46cc117,Komil & Friends,oe:team:b5ac2d78f427d88ed9666c8d1c9e1d2,7more7 Pompa Team,oe:player:a75d4ca0929b3a53c507950ccc366ed,April,sup,Leona,oe:player:a93e0326b85f0312cf1b451e175a7a0,Rell,sup:Leona,lineup-aa3f394a3c5e3666,0,1735.00000000,28.91666667,0,4,11,2.75000000,6000.00000000,5500.00000000,28,190.20172911,0.12764328,0.12922932,53,1.83285303,1.00000000,-278.00000000,-218.00000000,0.00000000,0,warmup,,,,,
pg-f14bb470658960c3,ESPORTSTMNT02/1684408,2021-02-03T16:33:52,2021-02-03,2021,Split 1,0,11.02,Red,oe:team:5628f250931675f9c0d20aad46cc117,Komil & Friends,oe:team:b5ac2d78f427d88ed9666c8d1c9e1d2,7more7 Pompa Team,oe:player:8e00e6377e8725af3b2bc927d6710e4,Grzybek,top,Urgot,oe:player:cb5feb1b7314637725a2e73bdc9f729,Gnar,top:Urgot,lineup-aa3f394a3c5e3666,0,1735.00000000,28.91666667,4,2,4,4.00000000,10260.00000000,9986.00000000,206,345.33717579,0.21827001,0.23463346,17,0.58789625,0.72727273,-676.00000000,-234.00000000,-20.00000000,0,warmup,,,,,
pg-bdcac1bb24f13bb7,ESPORTSTMNT02/1684458,2021-02-03T17:39:14,2021-02-03,2021,Split 1,0,11.02,Blue,oe:team:5a5f8cc0161f43afe3461b293535517,AGO ROGUE,oe:team:3a1d5821b38ab1ddec52f944973d1bd,Gentlemen's Gaming,oe:player:0482daf6543f102a27a265342292bb7,Lucker,bot,Kai'Sa,oe:player:50cce5a33514ebe62201a0a45314eca,Ashe,bot:Kai'Sa,lineup-de5e31d683ce7975,1,1719.00000000,28.65000000,13,0,4,17.00000000,16267.00000000,19383.00000000,256,676.54450262,0.28303725,0.37411697,23,0.80279232,0.80952381,1795.00000000,762.00000000,19.00000000,0,warmup,,,,,
pg-de7e6ef8691696c5,ESPORTSTMNT02/1684458,2021-02-03T17:39:14,2021-02-03,2021,Split 1,0,11.02,Blue,oe:team:5a5f8cc0161f43afe3461b293535517,AGO ROGUE,oe:team:3a1d5821b38ab1ddec52f944973d1bd,Gentlemen's Gaming,oe:player:6fc5fe723eed4ba4c230292be365c66,Lurox,jng,Taliyah,oe:player:6dc7ae729c87dd9b26169b0fbaf04e7,Skarner,jng:Taliyah,lineup-de5e31d683ce7975,1,1719.00000000,28.65000000,3,2,8,5.50000000,11375.00000000,8977.00000000,214,313.33333333,0.19791902,0.17326771,61,2.12914485,0.52380952,824.00000000,806.00000000,18.00000000,0,warmup,,,,,
pg-37c7cb67ad39c036,ESPORTSTMNT02/1684458,2021-02-03T17:39:14,2021-02-03,2021,Split 1,0,11.02,Blue,oe:team:5a5f8cc0161f43afe3461b293535517,AGO ROGUE,oe:team:3a1d5821b38ab1ddec52f944973d1bd,Gentlemen's Gaming,oe:player:2096ff50c6496d70e4b39793390c9ce,Sencux,mid,Orianna,oe:player:62ead8b1e25dbc7197a2007bcc4dbe0,Qiyana,mid:Orianna,lineup-de5e31d683ce7975,1,1719.00000000,28.65000000,2,1,8,10.00000000,11199.00000000,15388.00000000,230,537.10296684,0.19485672,0.29700830,29,1.01221640,0.47619048,222.00000000,-27.00000000,26.00000000,0,warmup,,,,,
pg-1a693871c97688e7,ESPORTSTMNT02/1684458,2021-02-03T17:39:14,2021-02-03,2021,Split 1,0,11.02,Blue,oe:team:5a5f8cc0161f43afe3461b293535517,AGO ROGUE,oe:team:3a1d5821b38ab1ddec52f944973d1bd,Gentlemen's Gaming,oe:player:3e68fd564e4e518b8aed89b9a0bf855,Pyrka,sup,Nautilus,oe:player:f32776bb3b0bfb1cd3261868df4dfce,Lux,sup:Nautilus,lineup-de5e31d683ce7975,1,1719.00000000,28.65000000,1,3,11,4.00000000,7539.00000000,3150.00000000,27,109.94764398,0.13117464,0.06079907,63,2.19895288,0.57142857,102.00000000,-524.00000000,18.00000000,0,warmup,,,,,
pg-3549a06e58837c71,ESPORTSTMNT02/1684458,2021-02-03T17:39:14,2021-02-03,2021,Split 1,0,11.02,Blue,oe:team:5a5f8cc0161f43afe3461b293535517,AGO ROGUE,oe:team:3a1d5821b38ab1ddec52f944973d1bd,Gentlemen's Gaming,oe:player:a7b756e008bfcb7148cdb51f886c3fa,Sinmivak,top,Renekton,oe:player:a2694196d288cd26055602729d0bb5c,Gragas,top:Renekton,lineup-de5e31d683ce7975,1,1719.00000000,28.65000000,2,2,4,3.00000000,11093.00000000,4912.00000000,227,171.44851658,0.19301237,0.09480795,30,1.04712042,0.28571429,567.00000000,-363.00000000,6.00000000,0,warmup,,,,,
pg-930f719ba73298b2,ESPORTSTMNT02/1684458,2021-02-03T17:39:14,2021-02-03,2021,Split 1,0,11.02,Red,oe:team:3a1d5821b38ab1ddec52f944973d1bd,Gentlemen's Gaming,oe:team:5a5f8cc0161f43afe3461b293535517,AGO ROGUE,oe:player:50cce5a33514ebe62201a0a45314eca,Yashiro,bot,Ashe,oe:player:0482daf6543f102a27a265342292bb7,Kai'Sa,bot:Ashe,lineup-e71ddd98b498ea4f,0,1719.00000000,28.65000000,2,5,3,1.00000000,9225.00000000,8223.00000000,217,287.01570681,0.22344136,0.24848155,30,1.04712042,0.62500000,-1795.00000000,-762.00000000,-19.00000000,0,warmup,,,,,
pg-11655e2b867cde05,ESPORTSTMNT02/1684458,2021-02-03T17:39:14,2021-02-03,2021,Split 1,0,11.02,Red,oe:team:3a1d5821b38ab1ddec52f944973d1bd,Gentlemen's Gaming,oe:team:5a5f8cc0161f43afe3461b293535517,AGO ROGUE,oe:player:6dc7ae729c87dd9b26169b0fbaf04e7,Jenxas,jng,Skarner,oe:player:6fc5fe723eed4ba4c230292be365c66,Taliyah,jng:Skarner,lineup-e71ddd98b498ea4f,0,1719.00000000,28.65000000,0,6,6,1.00000000,7804.00000000,4393.00000000,141,153.33333333,0.18902291,0.13274711,31,1.08202443,0.75000000,-824.00000000,-806.00000000,-18.00000000,0,warmup,,,,,
pg-090c0da2bf0d2fa0,ESPORTSTMNT02/1684458,2021-02-03T17:39:14,2021-02-03,2021,Split 1,0,11.02,Red,oe:team:3a1d5821b38ab1ddec52f944973d1bd,Gentlemen's Gaming,oe:team:5a5f8cc0161f43afe3461b293535517,AGO ROGUE,oe:player:62ead8b1e25dbc7197a2007bcc4dbe0,Chosii,mid,Qiyana,oe:player:2096ff50c6496d70e4b39793390c9ce,Orianna,mid:Qiyana,lineup-e71ddd98b498ea4f,0,1719.00000000,28.65000000,4,4,1,1.25000000,9000.00000000,7826.00000000,180,273.15881326,0.21799157,0.23648506,34,1.18673647,0.62500000,-222.00000000,27.00000000,-26.00000000,0,warmup,,,,,
pg-45182dfe036e828f,ESPORTSTMNT02/1684458,2021-02-03T17:39:14,2021-02-03,2021,Split 1,0,11.02,Red,oe:team:3a1d5821b38ab1ddec52f944973d1bd,Gentlemen's Gaming,oe:team:5a5f8cc0161f43afe3461b293535517,AGO ROGUE,oe:player:f32776bb3b0bfb1cd3261868df4dfce,Calmsky,sup,Lux,oe:player:3e68fd564e4e518b8aed89b9a0bf855,Nautilus,sup:Lux,lineup-e71ddd98b498ea4f,0,1719.00000000,28.65000000,1,3,5,2.00000000,6151.00000000,5926.00000000,22,206.84118674,0.14898513,0.17907110,61,2.12914485,0.75000000,-102.00000000,524.00000000,-18.00000000,0,warmup,,,,,
pg-5682366900847f5f,ESPORTSTMNT02/1684458,2021-02-03T17:39:14,2021-02-03,2021,Split 1,0,11.02,Red,oe:team:3a1d5821b38ab1ddec52f944973d1bd,Gentlemen's Gaming,oe:team:5a5f8cc0161f43afe3461b293535517,AGO ROGUE,oe:player:a2694196d288cd26055602729d0bb5c,HeSSZero,top,Gragas,oe:player:a7b756e008bfcb7148cdb51f886c3fa,Renekton,top:Gragas,lineup-e71ddd98b498ea4f,0,1719.00000000,28.65000000,1,3,3,1.33333333,9106.00000000,6725.00000000,205,234.72949389,0.22055903,0.20321518,15,0.52356021,0.50000000,-567.00000000,363.00000000,-6.00000000,0,warmup,,,,,
pg-ce1be671c8ac830a,ESPORTSTMNT02/1694138,2021-02-03T18:48:02,2021-02-03,2021,Split 1,0,11.02,Blue,oe:team:6cedba5819b5b7c465cb3bb48bfe855,Illuminar Gaming,oe:team:f27741afb3044c971eeced9d0c2daa1,devils.one,oe:player:7705566e63eedc7bd6c4c72d43c9104,odi11,bot,Kai'Sa,oe:player:694ee794a9d3a8c3fbd658becb89769,Xayah,bot:Kai'Sa,lineup-561550076137b115,1,2068.00000000,34.46666667,7,2,12,9.50000000,18280.00000000,21772.00000000,352,631.68278530,0.26401306,0.27810492,28,0.81237911,0.82608696,903.00000000,-114.00000000,6.00000000,0,warmup,,,,,
pg-96d941fa402111b2,ESPORTSTMNT02/1694138,2021-02-03T18:48:02,2021-02-03,2021,Split 1,0,11.02,Blue,oe:team:6cedba5819b5b7c465cb3bb48bfe855,Illuminar Gaming,oe:team:f27741afb3044c971eeced9d0c2daa1,devils.one,oe:player:df3e7f4eef306da0e300b26a7c92b00,Tabasko,jng,Pantheon,oe:player:2d1fca25321f6983dc3e1da11039a80,Lillia,jng:Pantheon,lineup-561550076137b115,1,2068.00000000,34.46666667,5,2,11,8.00000000,12633.00000000,11652.00000000,170,338.06576402,0.18245497,0.14883697,49,1.42166344,0.69565217,285.00000000,-952.00000000,-23.00000000,0,warmup,,,,,
pg-84f96f6057e411fb,ESPORTSTMNT02/1694138,2021-02-03T18:48:02,2021-02-03,2021,Split 1,0,11.02,Blue,oe:team:6cedba5819b5b7c465cb3bb48bfe855,Illuminar Gaming,oe:team:f27741afb3044c971eeced9d0c2daa1,devils.one,oe:player:73ac73edf51a3acdfa494e271c6ee29,Czajek,mid,Orianna,oe:player:efde1a9fe9e6f1059c3fce2ec296fae,Syndra,mid:Orianna,lineup-561550076137b115,1,2068.00000000,34.46666667,4,1,12,16.00000000,14714.00000000,14324.00000000,291,415.58994197,0.21251029,0.18296780,22,0.63829787,0.69565217,-732.00000000,233.00000000,8.00000000,0,warmup,,,,,
pg-51dc00673053d1ca,ESPORTSTMNT02/1694138,2021-02-03T18:48:02,2021-02-03,2021,Split 1,0,11.02,Blue,oe:team:6cedba5819b5b7c465cb3bb48bfe855,Illuminar Gaming,oe:team:f27741afb3044c971eeced9d0c2daa1,devils.one,oe:player:df5866d3078c786ce03084b78b1f5d9,Czypsy,sup,Rell,oe:player:945f30b38a435b37c2e70d893cb6a72,Alistar,sup:Rell,lineup-561550076137b115,1,2068.00000000,34.46666667,1,3,13,4.66666667,9332.00000000,6629.00000000,42,192.33075435,0.13477953,0.08467562,112,3.24951644,0.60869565,876.00000000,351.00000000,5.00000000,0,warmup,,,,,
pg-bbc5f616405935a7,ESPORTSTMNT02/1694138,2021-02-03T18:48:02,2021-02-03,2021,Split 1,0,11.02,Blue,oe:team:6cedba5819b5b7c465cb3bb48bfe855,Illuminar Gaming,oe:team:f27741afb3044c971eeced9d0c2daa1,devils.one,oe:player:2925560e555046ad9b0066ff181fe21,Melonik,top,Gragas,oe:player:e93fad90f312c1f10c64b60e5ba17c7,Gangplank,top:Gragas,lineup-561550076137b115,1,2068.00000000,34.46666667,6,2,7,6.50000000,14280.00000000,23910.00000000,266,693.71373308,0.20624215,0.30541469,47,1.36363636,0.56521739,-3113.00000000,-1486.00000000,-30.00000000,0,warmup,,,,,
pg-acecebe343299fdc,ESPORTSTMNT02/1694138,2021-02-03T18:48:02,2021-02-03,2021,Split 1,0,11.02,Red,oe:team:f27741afb3044c971eeced9d0c2daa1,devils.one,oe:team:6cedba5819b5b7c465cb3bb48bfe855,Illuminar Gaming,oe:player:694ee794a9d3a8c3fbd658becb89769,Zamulek,bot,Xayah,oe:player:7705566e63eedc7bd6c4c72d43c9104,Kai'Sa,bot:Xayah,lineup-96cee117298b4401,0,2068.00000000,34.46666667,3,5,4,1.40000000,12576.00000000,15910.00000000,263,461.60541586,0.22014494,0.28301551,30,0.87040619,0.70000000,-903.00000000,114.00000000,-6.00000000,0,warmup,,,,,
pg-1d5ca004d0247168,ESPORTSTMNT02/1694138,2021-02-03T18:48:02,2021-02-03,2021,Split 1,0,11.02,Red,oe:team:f27741afb3044c971eeced9d0c2daa1,devils.one,oe:team:6cedba5819b5b7c465cb3bb48bfe855,Illuminar Gaming,oe:player:2d1fca25321f6983dc3e1da11039a80,Diagu,jng,Lillia,oe:player:df3e7f4eef306da0e300b26a7c92b00,Pantheon,jng:Lillia,lineup-96cee117298b4401,0,2068.00000000,34.46666667,0,3,2,0.66666667,9963.00000000,5129.00000000,214,148.81044487,0.17440395,0.09123737,35,1.01547389,0.20000000,-285.00000000,952.00000000,23.00000000,0,warmup,,,,,
pg-f58e6ba3b20d1f80,ESPORTSTMNT02/1694138,2021-02-03T18:48:02,2021-02-03,2021,Split 1,0,11.02,Red,oe:team:f27741afb3044c971eeced9d0c2daa1,devils.one,oe:team:6cedba5819b5b7c465cb3bb48bfe855,Illuminar Gaming,oe:player:efde1a9fe9e6f1059c3fce2ec296fae,many,mid,Syndra,oe:player:73ac73edf51a3acdfa494e271c6ee29,Orianna,mid:Syndra,lineup-96cee117298b4401,0,2068.00000000,34.46666667,3,5,0,0.60000000,11665.00000000,9906.00000000,270,287.40812379,0.20419774,0.17621318,19,0.55125725,0.30000000,732.00000000,-233.00000000,-8.00000000,0,warmup,,,,,
pg-dfcbef8437cbfc7c,ESPORTSTMNT02/1694138,2021-02-03T18:48:02,2021-02-03,2021,Split 1,0,11.02,Red,oe:team:f27741afb3044c971eeced9d0c2daa1,devils.one,oe:team:6cedba5819b5b7c465cb3bb48bfe855,Illuminar Gaming,oe:player:945f30b38a435b37c2e70d893cb6a72,YuNIshinoya,sup,Alistar,oe:player:df5866d3078c786ce03084b78b1f5d9,Rell,sup:Alistar,lineup-96cee117298b4401,0,2068.00000000,34.46666667,0,6,4,0.66666667,6735.00000000,4464.00000000,33,129.51644101,0.11789728,0.07940800,93,2.69825919,0.40000000,-876.00000000,-351.00000000,-5.00000000,0,warmup,,,,,
pg-b8af84a618041306,ESPORTSTMNT02/1694138,2021-02-03T18:48:02,2021-02-03,2021,Split 1,0,11.02,Red,oe:team:f27741afb3044c971eeced9d0c2daa1,devils.one,oe:team:6cedba5819b5b7c465cb3bb48bfe855,Illuminar Gaming,oe:player:e93fad90f312c1f10c64b60e5ba17c7,sheru,top,Gangplank,oe:player:2925560e555046ad9b0066ff181fe21,Gragas,top:Gangplank,lineup-96cee117298b4401,0,2068.00000000,34.46666667,4,4,5,2.25000000,16187.00000000,20807.00000000,283,603.68471954,0.28335609,0.37012594,52,1.50870406,0.90000000,3113.00000000,1486.00000000,30.00000000,0,warmup,,,,,
pg-39a5f91cbbee8b01,ESPORTSTMNT02/1696997,2021-02-09T15:36:15,2021-02-09,2021,Split 1,0,11.02,Blue,oe:team:73f3cc4e54620b1454530648442e066,K1CK,oe:team:b5ac2d78f427d88ed9666c8d1c9e1d2,7more7 Pompa Team,oe:player:b4a352b2b8782a2bb21bce1a2f47645,Puki Style,bot,Kai'Sa,oe:player:f12b5cb6a2f280205cec33bf1c02e08,Seraphine,bot:Kai'Sa,lineup-199bafdd01ac68ac,0,2165.00000000,36.08333333,2,3,1,1.00000000,14795.00000000,9346.00000000,343,259.01154734,0.25889826,0.23037294,60,1.66281755,0.75000000,179.00000000,752.00000000,12.00000000,0,warmup,,,,,
pg-d97b6aa103fa1394,ESPORTSTMNT02/1696997,2021-02-09T15:36:15,2021-02-09,2021,Split 1,0,11.02,Blue,oe:team:73f3cc4e54620b1454530648442e066,K1CK,oe:team:b5ac2d78f427d88ed9666c8d1c9e1d2,7more7 Pompa Team,oe:player:7471c21aed615dae3e49140eca8ce89,Bruness,jng,Graves,oe:player:82416dfeed801e2846a7c12a3649ab3,Skarner,jng:Graves,lineup-199bafdd01ac68ac,0,2165.00000000,36.08333333,0,2,3,1.50000000,10309.00000000,6959.00000000,201,192.85912240,0.18039758,0.17153492,39,1.08083141,0.75000000,154.00000000,-1074.00000000,-10.00000000,0,warmup,,,,,
pg-51cc6eda230a26ba,ESPORTSTMNT02/1696997,2021-02-09T15:36:15,2021-02-09,2021,Split 1,0,11.02,Blue,oe:team:73f3cc4e54620b1454530648442e066,K1CK,oe:team:b5ac2d78f427d88ed9666c8d1c9e1d2,7more7 Pompa Team,oe:player:be4ce50af0cd0d8574aa3820c37d1ae,Matislaw,mid,Twisted Fate,oe:player:5a23766ce46653d2b63ac4a40cd61c1,Galio,mid:Twisted Fate,lineup-199bafdd01ac68ac,0,2165.00000000,36.08333333,2,1,2,4.00000000,14001.00000000,10946.00000000,298,303.35334873,0.24500402,0.26981193,21,0.58198614,1.00000000,143.00000000,-736.00000000,-19.00000000,0,warmup,,,,,
pg-97832076e69b8179,ESPORTSTMNT02/1696997,2021-02-09T15:36:15,2021-02-09,2021,Split 1,0,11.02,Blue,oe:team:73f3cc4e54620b1454530648442e066,K1CK,oe:team:b5ac2d78f427d88ed9666c8d1c9e1d2,7more7 Pompa Team,oe:player:84bd988294f5dd9ae9a499abf6524a0,Raxxo,sup,Alistar,oe:player:a93e0326b85f0312cf1b451e175a7a0,Rell,sup:Alistar,lineup-199bafdd01ac68ac,0,2165.00000000,36.08333333,0,5,3,0.60000000,6665.00000000,3620.00000000,33,100.32332564,0.11663109,0.08923069,90,2.49422633,0.75000000,36.00000000,118.00000000,6.00000000,0,warmup,,,,,
pg-1fe237c85b046f9c,ESPORTSTMNT02/1696997,2021-02-09T15:36:15,2021-02-09,2021,Split 1,0,11.02,Blue,oe:team:73f3cc4e54620b1454530648442e066,K1CK,oe:team:b5ac2d78f427d88ed9666c8d1c9e1d2,7more7 Pompa Team,oe:player:4841aa27ab85be0b9f45fed1d5e7b09,Kackos,top,Gnar,oe:player:cb5feb1b7314637725a2e73bdc9f729,Camille,top:Gnar,lineup-199bafdd01ac68ac,0,2165.00000000,36.08333333,0,6,3,0.50000000,11376.00000000,9698.00000000,284,268.76674365,0.19906905,0.23904952,34,0.94226328,0.75000000,7.00000000,586.00000000,0.00000000,0,warmup,,,,,
pg-c88b5b605518b3de,ESPORTSTMNT02/1696997,2021-02-09T15:36:15,2021-02-09,2021,Split 1,0,11.02,Red,oe:team:b5ac2d78f427d88ed9666c8d1c9e1d2,7more7 Pompa Team,oe:team:73f3cc4e54620b1454530648442e066,K1CK,oe:player:f12b5cb6a2f280205cec33bf1c02e08,Ather,bot,Seraphine,oe:player:b4a352b2b8782a2bb21bce1a2f47645,Kai'Sa,bot:Seraphine,lineup-e174eb922a14bd84,1,2165.00000000,36.08333333,3,0,8,11.00000000,13969.00000000,16096.00000000,299,446.07852194,0.21499700,0.28386005,41,1.13625866,0.64705882,-179.00000000,-752.00000000,-12.00000000,0,warmup,,,,,
pg-d4a547aa46f84cad,ESPORTSTMNT02/1696997,2021-02-09T15:36:15,2021-02-09,2021,Split 1,0,11.02,Red,oe:team:b5ac2d78f427d88ed9666c8d1c9e1d2,7more7 Pompa Team,oe:team:73f3cc4e54620b1454530648442e066,K1CK,oe:player:82416dfeed801e2846a7c12a3649ab3,behave,jng,Skarner,oe:player:7471c21aed615dae3e49140eca8ce89,Graves,jng:Skarner,lineup-e174eb922a14bd84,1,2165.00000000,36.08333333,3,0,9,12.00000000,12792.00000000,4202.00000000,237,116.45265589,0.19688178,0.07410412,50,1.38568129,0.70588235,-154.00000000,1074.00000000,10.00000000,0,warmup,,,,,
pg-a1c944f13ae08df6,ESPORTSTMNT02/1696997,2021-02-09T15:36:15,2021-02-09,2021,Split 1,0,11.02,Red,oe:team:b5ac2d78f427d88ed9666c8d1c9e1d2,7more7 Pompa Team,oe:team:73f3cc4e54620b1454530648442e066,K1CK,oe:player:5a23766ce46653d2b63ac4a40cd61c1,Warszi,mid,Galio,oe:player:be4ce50af0cd0d8574aa3820c37d1ae,Twisted Fate,mid:Galio,lineup-e174eb922a14bd84,1,2165.00000000,36.08333333,5,1,11,16.00000000,14422.00000000,13274.00000000,293,367.87066975,0.22196913,0.23409283,35,0.96997691,0.94117647,-143.00000000,736.00000000,19.00000000,0,warmup,,,,,
pg-3640065a9d111397,ESPORTSTMNT02/1696997,2021-02-09T15:36:15,2021-02-09,2021,Split 1,0,11.02,Red,oe:team:b5ac2d78f427d88ed9666c8d1c9e1d2,7more7 Pompa Team,oe:team:73f3cc4e54620b1454530648442e066,K1CK,oe:player:a93e0326b85f0312cf1b451e175a7a0,Wojtus,sup,Rell,oe:player:84bd988294f5dd9ae9a499abf6524a0,Alistar,sup:Rell,lineup-e174eb922a14bd84,1,2165.00000000,36.08333333,0,0,13,13.00000000,8052.00000000,3604.00000000,30,99.87990762,0.12392840,0.06355813,81,2.24480370,0.76470588,-36.00000000,-118.00000000,-6.00000000,0,warmup,,,,,
pg-f9e7305a9e946b52,ESPORTSTMNT02/1696997,2021-02-09T15:36:15,2021-02-09,2021,Split 1,0,11.02,Red,oe:team:b5ac2d78f427d88ed9666c8d1c9e1d2,7more7 Pompa Team,oe:team:73f3cc4e54620b1454530648442e066,K1CK,oe:player:cb5feb1b7314637725a2e73bdc9f729,Color,top,Camille,oe:player:4841aa27ab85be0b9f45fed1d5e7b09,Gnar,top:Camille,lineup-e174eb922a14bd84,1,2165.00000000,36.08333333,6,3,7,4.33333333,15738.00000000,19528.00000000,274,541.19168591,0.24222369,0.34438488,42,1.16397229,0.76470588,-7.00000000,-586.00000000,0.00000000,0,warmup,,,,,
pg-fcb3ce2cdb8b1377,ESPORTSTMNT02/1687445,2021-02-09T16:44:38,2021-02-09,2021,Split 1,0,11.02,Blue,oe:team:1158ec5b08f516ca81868bc48293989,Team ESCA Gaming,oe:team:f27741afb3044c971eeced9d0c2daa1,devils.one,oe:player:3d022fcafe5af9f52df92b17c015fe6,HARPOON,bot,Kai'Sa,oe:player:694ee794a9d3a8c3fbd658becb89769,Ezreal,bot:Kai'Sa,lineup-b65b9b30a31dde93,0,2024.00000000,33.73333333,3,4,5,2.00000000,13355.00000000,15204.00000000,297,450.71146245,0.24253596,0.25722842,38,1.12648221,1.00000000,-643.00000000,-696.00000000,-26.00000000,0,warmup,,,,,
pg-9653e4b9342cd183,ESPORTSTMNT02/1687445,2021-02-09T16:44:38,2021-02-09,2021,Split 1,0,11.02,Blue,oe:team:1158ec5b08f516ca81868bc48293989,Team ESCA Gaming,oe:team:f27741afb3044c971eeced9d0c2daa1,devils.one,oe:player:318a60c20ad705c05ceb1e1b2067624,Sh4dowUS,jng,Nidalee,oe:player:2d1fca25321f6983dc3e1da11039a80,Graves,jng:Nidalee,lineup-b65b9b30a31dde93,0,2024.00000000,33.73333333,1,2,4,2.50000000,10327.00000000,17131.00000000,194,507.83596838,0.18754540,0.28983031,48,1.42292490,0.62500000,-874.00000000,-1167.00000000,-19.00000000,0,warmup,,,,,
pg-c9ddab00e7d9c7b4,ESPORTSTMNT02/1687445,2021-02-09T16:44:38,2021-02-09,2021,Split 1,0,11.02,Blue,oe:team:1158ec5b08f516ca81868bc48293989,Team ESCA Gaming,oe:team:f27741afb3044c971eeced9d0c2daa1,devils.one,oe:player:fd232826ff3976840e994bb85a3bd46,DOMOLES,mid,Yone,oe:player:efde1a9fe9e6f1059c3fce2ec296fae,Irelia,mid:Yone,lineup-b65b9b30a31dde93,0,2024.00000000,33.73333333,1,3,5,2.00000000,12179.00000000,7890.00000000,268,233.89328063,0.22117899,0.13348673,25,0.74110672,0.75000000,-548.00000000,16.00000000,-15.00000000,0,warmup,,,,,
pg-95ac3a9679a1978b,ESPORTSTMNT02/1687445,2021-02-09T16:44:38,2021-02-09,2021,Split 1,0,11.02,Blue,oe:team:1158ec5b08f516ca81868bc48293989,Team ESCA Gaming,oe:team:f27741afb3044c971eeced9d0c2daa1,devils.one,oe:player:c49e01c67147c8b2580273ca5e0d261,Melekx,sup,Lulu,oe:player:945f30b38a435b37c2e70d893cb6a72,Alistar,sup:Lulu,lineup-b65b9b30a31dde93,0,2024.00000000,33.73333333,1,3,6,2.33333333,7351.00000000,4553.00000000,17,134.97035573,0.13349920,0.07702979,85,2.51976285,0.87500000,-66.00000000,420.00000000,-14.00000000,0,warmup,,,,,
pg-b4b580a92ee51ee3,ESPORTSTMNT02/1687445,2021-02-09T16:44:38,2021-02-09,2021,Split 1,0,11.02,Blue,oe:team:1158ec5b08f516ca81868bc48293989,Team ESCA Gaming,oe:team:f27741afb3044c971eeced9d0c2daa1,devils.one,oe:player:455527eab48df51aaf02979e65dd651,Jaqen,top,Gnar,oe:player:e93fad90f312c1f10c64b60e5ba17c7,Gragas,top:Gnar,lineup-b65b9b30a31dde93,0,2024.00000000,33.73333333,2,3,3,1.66666667,11852.00000000,14329.00000000,244,424.77272727,0.21524045,0.24242476,36,1.06719368,0.62500000,872.00000000,1187.00000000,40.00000000,0,warmup,,,,,
pg-983e2b0090aec119,ESPORTSTMNT02/1687445,2021-02-09T16:44:38,2021-02-09,2021,Split 1,0,11.02,Red,oe:team:f27741afb3044c971eeced9d0c2daa1,devils.one,oe:team:1158ec5b08f516ca81868bc48293989,Team ESCA Gaming,oe:player:694ee794a9d3a8c3fbd658becb89769,Zamulek,bot,Ezreal,oe:player:3d022fcafe5af9f52df92b17c015fe6,Kai'Sa,bot:Ezreal,lineup-96cee117298b4401,1,2024.00000000,33.73333333,4,1,7,11.00000000,13692.00000000,21927.00000000,318,650.00988142,0.23348851,0.36799530,28,0.83003953,0.73333333,643.00000000,696.00000000,26.00000000,0,warmup,,,,,
pg-79dc6345c93abe10,ESPORTSTMNT02/1687445,2021-02-09T16:44:38,2021-02-09,2021,Split 1,0,11.02,Red,oe:team:f27741afb3044c971eeced9d0c2daa1,devils.one,oe:team:1158ec5b08f516ca81868bc48293989,Team ESCA Gaming,oe:player:2d1fca25321f6983dc3e1da11039a80,Diagu,jng,Graves,oe:player:318a60c20ad705c05ceb1e1b2067624,Nidalee,jng:Graves,lineup-96cee117298b4401,1,2024.00000000,33.73333333,3,1,7,10.00000000,13322.00000000,8199.00000000,247,243.05335968,0.22717894,0.13760175,49,1.45256917,0.66666667,874.00000000,1167.00000000,19.00000000,0,warmup,,,,,
pg-428d00420b0585d5,ESPORTSTMNT02/1687445,2021-02-09T16:44:38,2021-02-09,2021,Split 1,0,11.02,Red,oe:team:f27741afb3044c971eeced9d0c2daa1,devils.one,oe:team:1158ec5b08f516ca81868bc48293989,Team ESCA Gaming,oe:player:efde1a9fe9e6f1059c3fce2ec296fae,many,mid,Irelia,oe:player:fd232826ff3976840e994bb85a3bd46,Yone,mid:Irelia,lineup-96cee117298b4401,1,2024.00000000,33.73333333,7,1,7,14.00000000,13649.00000000,13663.00000000,267,405.02964427,0.23275524,0.22930268,34,1.00790514,0.93333333,548.00000000,-16.00000000,15.00000000,0,warmup,,,,,
pg-09e5b361f5d4ee80,ESPORTSTMNT02/1687445,2021-02-09T16:44:38,2021-02-09,2021,Split 1,0,11.02,Red,oe:team:f27741afb3044c971eeced9d0c2daa1,devils.one,oe:team:1158ec5b08f516ca81868bc48293989,Team ESCA Gaming,oe:player:945f30b38a435b37c2e70d893cb6a72,YuNIshinoya,sup,Alistar,oe:player:c49e01c67147c8b2580273ca5e0d261,Lulu,sup:Alistar,lineup-96cee117298b4401,1,2024.00000000,33.73333333,0,4,15,3.75000000,7460.00000000,5216.00000000,32,154.62450593,0.12721475,0.08753881,84,2.49011858,1.00000000,66.00000000,-420.00000000,14.00000000,0,warmup,,,,,
pg-e549469dc08d0c95,ESPORTSTMNT02/1687445,2021-02-09T16:44:38,2021-02-09,2021,Split 1,0,11.02,Red,oe:team:f27741afb3044c971eeced9d0c2daa1,devils.one,oe:team:1158ec5b08f516ca81868bc48293989,Team ESCA Gaming,oe:player:e93fad90f312c1f10c64b60e5ba17c7,sheru,top,Gragas,oe:player:455527eab48df51aaf02979e65dd651,Gnar,top:Gragas,lineup-96cee117298b4401,1,2024.00000000,33.73333333,1,1,8,9.00000000,10518.00000000,10580.00000000,197,313.63636364,0.17936256,0.17756147,36,1.06719368,0.60000000,-872.00000000,-1187.00000000,-40.00000000,0,warmup,,,,,
pg-338d39a5345b9f83,ESPORTSTMNT02/1687462,2021-02-09T17:39:30,2021-02-09,2021,Split 1,0,11.02,Blue,oe:team:5a5f8cc0161f43afe3461b293535517,AGO ROGUE,oe:team:6cedba5819b5b7c465cb3bb48bfe855,Illuminar Gaming,oe:player:0482daf6543f102a27a265342292bb7,Lucker,bot,Seraphine,oe:player:7705566e63eedc7bd6c4c72d43c9104,Aphelios,bot:Seraphine,lineup-de5e31d683ce7975,1,1853.00000000,30.88333333,0,2,16,8.00000000,11885.00000000,7422.00000000,243,240.32379924,0.19278183,0.14223568,38,1.23043713,0.94117647,413.00000000,767.00000000,-2.00000000,0,warmup,,,,,
pg-50f4a03dda8c8c45,ESPORTSTMNT02/1687462,2021-02-09T17:39:30,2021-02-09,2021,Split 1,0,11.02,Blue,oe:team:5a5f8cc0161f43afe3461b293535517,AGO ROGUE,oe:team:6cedba5819b5b7c465cb3bb48bfe855,Illuminar Gaming,oe:player:6fc5fe723eed4ba4c230292be365c66,Lurox,jng,Graves,oe:player:df3e7f4eef306da0e300b26a7c92b00,Jarvan IV,jng:Graves,lineup-de5e31d683ce7975,1,1853.00000000,30.88333333,8,0,6,14.00000000,14447.00000000,12197.00000000,273,394.93793848,0.23433901,0.23374408,55,1.78089584,0.82352941,2186.00000000,2240.00000000,41.00000000,0,warmup,,,,,
pg-bcb2740e0a1f1bdb,ESPORTSTMNT02/1687462,2021-02-09T17:39:30,2021-02-09,2021,Split 1,0,11.02,Blue,oe:team:5a5f8cc0161f43afe3461b293535517,AGO ROGUE,oe:team:6cedba5819b5b7c465cb3bb48bfe855,Illuminar Gaming,oe:player:2096ff50c6496d70e4b39793390c9ce,Sencux,mid,Azir,oe:player:73ac73edf51a3acdfa494e271c6ee29,Orianna,mid:Azir,lineup-de5e31d683ce7975,1,1853.00000000,30.88333333,6,1,7,13.00000000,13860.00000000,19529.00000000,299,632.34754452,0.22481752,0.37425500,28,0.90663788,0.76470588,454.00000000,1292.00000000,21.00000000,0,warmup,,,,,
pg-758d3e9391ed118e,ESPORTSTMNT02/1687462,2021-02-09T17:39:30,2021-02-09,2021,Split 1,0,11.02,Blue,oe:team:5a5f8cc0161f43afe3461b293535517,AGO ROGUE,oe:team:6cedba5819b5b7c465cb3bb48bfe855,Illuminar Gaming,oe:player:3e68fd564e4e518b8aed89b9a0bf855,Pyrka,sup,Nautilus,oe:player:df5866d3078c786ce03084b78b1f5d9,Thresh,sup:Nautilus,lineup-de5e31d683ce7975,1,1853.00000000,30.88333333,0,2,11,5.50000000,7292.00000000,2445.00000000,37,79.16891527,0.11828062,0.04685614,82,2.65515380,0.64705882,-67.00000000,-771.00000000,-3.00000000,0,warmup,,,,,
pg-e57efd4494ba8f1f,ESPORTSTMNT02/1687462,2021-02-09T17:39:30,2021-02-09,2021,Split 1,0,11.02,Blue,oe:team:5a5f8cc0161f43afe3461b293535517,AGO ROGUE,oe:team:6cedba5819b5b7c465cb3bb48bfe855,Illuminar Gaming,oe:player:a7b756e008bfcb7148cdb51f886c3fa,Sinmivak,top,Gnar,oe:player:2925560e555046ad9b0066ff181fe21,Aatrox,top:Gnar,lineup-de5e31d683ce7975,1,1853.00000000,30.88333333,3,0,3,6.00000000,14166.00000000,10588.00000000,271,342.83864004,0.22978102,0.20290910,24,0.77711819,0.35294118,1406.00000000,218.00000000,17.00000000,0,warmup,,,,,
pg-ce9bdb8a2cb66bac,ESPORTSTMNT02/1687462,2021-02-09T17:39:30,2021-02-09,2021,Split 1,0,11.02,Red,oe:team:6cedba5819b5b7c465cb3bb48bfe855,Illuminar Gaming,oe:team:5a5f8cc0161f43afe3461b293535517,AGO ROGUE,oe:player:7705566e63eedc7bd6c4c72d43c9104,odi11,bot,Aphelios,oe:player:0482daf6543f102a27a265342292bb7,Seraphine,bot:Aphelios,lineup-561550076137b115,0,1853.00000000,30.88333333,0,4,1,0.25000000,11220.00000000,5599.00000000,296,181.29519698,0.24189897,0.18718240,14,0.45331894,0.20000000,-413.00000000,-767.00000000,2.00000000,0,warmup,,,,,
pg-73004a8caa2f65bb,ESPORTSTMNT02/1687462,2021-02-09T17:39:30,2021-02-09,2021,Split 1,0,11.02,Red,oe:team:6cedba5819b5b7c465cb3bb48bfe855,Illuminar Gaming,oe:team:5a5f8cc0161f43afe3461b293535517,AGO ROGUE,oe:player:df3e7f4eef306da0e300b26a7c92b00,Tabasko,jng,Jarvan IV,oe:player:6fc5fe723eed4ba4c230292be365c66,Graves,jng:Jarvan IV,lineup-561550076137b115,0,1853.00000000,30.88333333,0,4,2,0.50000000,7612.00000000,4897.00000000,136,158.56449002,0.16411185,0.16371356,40,1.29519698,0.40000000,-2186.00000000,-2240.00000000,-41.00000000,0,warmup,,,,,
pg-c1cb61046e91a6b3,ESPORTSTMNT02/1687462,2021-02-09T17:39:30,2021-02-09,2021,Split 1,0,11.02,Red,oe:team:6cedba5819b5b7c465cb3bb48bfe855,Illuminar Gaming,oe:team:5a5f8cc0161f43afe3461b293535517,AGO ROGUE,oe:player:73ac73edf51a3acdfa494e271c6ee29,Czajek,mid,Orianna,oe:player:2096ff50c6496d70e4b39793390c9ce,Azir,mid:Orianna,lineup-561550076137b115,0,1853.00000000,30.88333333,4,3,1,1.66666667,10885.00000000,11886.00000000,256,384.86778198,0.23467650,0.39736561,23,0.74473826,1.00000000,-454.00000000,-1292.00000000,-21.00000000,0,warmup,,,,,
pg-481b89521e603149,ESPORTSTMNT02/1687462,2021-02-09T17:39:30,2021-02-09,2021,Split 1,0,11.02,Red,oe:team:6cedba5819b5b7c465cb3bb48bfe855,Illuminar Gaming,oe:team:5a5f8cc0161f43afe3461b293535517,AGO ROGUE,oe:player:df5866d3078c786ce03084b78b1f5d9,Czypsy,sup,Thresh,oe:player:3e68fd564e4e518b8aed89b9a0bf855,Nautilus,sup:Thresh,lineup-561550076137b115,0,1853.00000000,30.88333333,0,3,4,1.33333333,6098.00000000,1665.00000000,38,53.91257420,0.13147058,0.05566328,77,2.49325418,0.80000000,67.00000000,771.00000000,3.00000000,0,warmup,,,,,
pg-939a812fc4ed0b98,ESPORTSTMNT02/1687462,2021-02-09T17:39:30,2021-02-09,2021,Split 1,0,11.02,Red,oe:team:6cedba5819b5b7c465cb3bb48bfe855,Illuminar Gaming,oe:team:5a5f8cc0161f43afe3461b293535517,AGO ROGUE,oe:player:2925560e555046ad9b0066ff181fe21,Melonik,top,Aatrox,oe:player:a7b756e008bfcb7148cdb51f886c3fa,Gnar,top:Aatrox,lineup-561550076137b115,0,1853.00000000,30.88333333,1,3,2,1.00000000,10568.00000000,5865.00000000,249,189.90825688,0.22784210,0.19607515,29,0.93901781,0.60000000,-1406.00000000,-218.00000000,-17.00000000,0,warmup,,,,,
pg-59b8f90a722fa02c,ESPORTSTMNT02/1687513,2021-02-09T18:39:32,2021-02-09,2021,Split 1,0,11.02,Blue,oe:team:3a1d5821b38ab1ddec52f944973d1bd,Gentlemen's Gaming,oe:team:5628f250931675f9c0d20aad46cc117,Komil & Friends,oe:player:50cce5a33514ebe62201a0a45314eca,Yashiro,bot,Kai'Sa,oe:player:1ecc2cf8dc5f05719ca235f6d0be5e2,Ashe,bot:Kai'Sa,lineup-e71ddd98b498ea4f,1,3014.00000000,50.23333333,9,1,6,15.00000000,21876.00000000,31296.00000000,382,623.01260783,0.25221652,0.27080629,34,0.67684141,0.68181818,124.00000000,-476.00000000,-11.00000000,0,warmup,,,,,
pg-ae655eda73e92679,ESPORTSTMNT02/1687513,2021-02-09T18:39:32,2021-02-09,2021,Split 1,0,11.02,Blue,oe:team:3a1d5821b38ab1ddec52f944973d1bd,Gentlemen's Gaming,oe:team:5628f250931675f9c0d20aad46cc117,Komil & Friends,oe:player:6dc7ae729c87dd9b26169b0fbaf04e7,Jenxas,jng,Lillia,oe:player:24807d9986c4fda13d994791032cde1,Nidalee,jng:Lillia,lineup-e71ddd98b498ea4f,1,3014.00000000,50.23333333,4,2,11,7.50000000,17518.00000000,26329.00000000,316,524.13404114,0.20197152,0.22782652,57,1.13470471,0.68181818,-666.00000000,-1529.00000000,-26.00000000,0,warmup,,,,,
pg-dff27fbeb8a8057a,ESPORTSTMNT02/1687513,2021-02-09T18:39:32,2021-02-09,2021,Split 1,0,11.02,Blue,oe:team:3a1d5821b38ab1ddec52f944973d1bd,Gentlemen's Gaming,oe:team:5628f250931675f9c0d20aad46cc117,Komil & Friends,oe:player:62ead8b1e25dbc7197a2007bcc4dbe0,Chosii,mid,Orianna,oe:player:56b90211cf581dd16f58da4eb71317f,Zoe,mid:Orianna,lineup-e71ddd98b498ea4f,1,3014.00000000,50.23333333,4,1,12,16.00000000,18798.00000000,28383.00000000,390,565.02322495,0.21672912,0.24559992,60,1.19442601,0.72727273,210.00000000,375.00000000,10.00000000,0,warmup,,,,,
pg-b4ff7a3bb6d9eea1,ESPORTSTMNT02/1687513,2021-02-09T18:39:32,2021-02-09,2021,Split 1,0,11.02,Blue,oe:team:3a1d5821b38ab1ddec52f944973d1bd,Gentlemen's Gaming,oe:team:5628f250931675f9c0d20aad46cc117,Komil & Friends,oe:player:f32776bb3b0bfb1cd3261868df4dfce,Calmsky,sup,Rell,oe:player:a75d4ca0929b3a53c507950ccc366ed,Gragas,sup:Rell,lineup-e71ddd98b498ea4f,1,3014.00000000,50.23333333,0,3,13,4.33333333,11099.00000000,10041.00000000,53,199.88719310,0.12796449,0.08688542,141,2.80690113,0.59090909,799.00000000,227.00000000,25.00000000,0,warmup,,,,,
pg-1fcf097ca38d2f82,ESPORTSTMNT02/1687513,2021-02-09T18:39:32,2021-02-09,2021,Split 1,0,11.02,Blue,oe:team:3a1d5821b38ab1ddec52f944973d1bd,Gentlemen's Gaming,oe:team:5628f250931675f9c0d20aad46cc117,Komil & Friends,oe:player:a2694196d288cd26055602729d0bb5c,HeSSZero,top,Volibear,oe:player:8e00e6377e8725af3b2bc927d6710e4,Renekton,top:Volibear,lineup-e71ddd98b498ea4f,1,3014.00000000,50.23333333,5,1,9,14.00000000,17444.00000000,19517.00000000,282,388.52687459,0.20111835,0.16888185,52,1.03516921,0.63636364,-410.00000000,-962.00000000,-31.00000000,0,warmup,,,,,
pg-3b91d23ca21de6e7,ESPORTSTMNT02/1687513,2021-02-09T18:39:32,2021-02-09,2021,Split 1,0,11.02,Red,oe:team:5628f250931675f9c0d20aad46cc117,Komil & Friends,oe:team:3a1d5821b38ab1ddec52f944973d1bd,Gentlemen's Gaming,oe:player:1ecc2cf8dc5f05719ca235f6d0be5e2,svns,bot,Ashe,oe:player:50cce5a33514ebe62201a0a45314eca,Kai'Sa,bot:Ashe,lineup-aa3f394a3c5e3666,0,3014.00000000,50.23333333,3,4,2,1.25000000,18744.00000000,22994.00000000,377,457.74386198,0.24419286,0.24168848,67,1.33377571,0.62500000,-124.00000000,476.00000000,11.00000000,0,warmup,,,,,
pg-39a63e7b7e36a73e,ESPORTSTMNT02/1687513,2021-02-09T18:39:32,2021-02-09,2021,Split 1,0,11.02,Red,oe:team:5628f250931675f9c0d20aad46cc117,Komil & Friends,oe:team:3a1d5821b38ab1ddec52f944973d1bd,Gentlemen's Gaming,oe:player:24807d9986c4fda13d994791032cde1,Ben3k,jng,Nidalee,oe:player:6dc7ae729c87dd9b26169b0fbaf04e7,Lillia,jng:Nidalee,lineup-aa3f394a3c5e3666,0,3014.00000000,50.23333333,2,3,4,2.00000000,17078.00000000,21003.00000000,353,418.10882548,0.22248857,0.22076120,81,1.61247512,0.75000000,666.00000000,1529.00000000,26.00000000,0,warmup,,,,,
pg-aaebff49fdd5992f,ESPORTSTMNT02/1687513,2021-02-09T18:39:32,2021-02-09,2021,Split 1,0,11.02,Red,oe:team:5628f250931675f9c0d20aad46cc117,Komil & Friends,oe:team:3a1d5821b38ab1ddec52f944973d1bd,Gentlemen's Gaming,oe:player:56b90211cf581dd16f58da4eb71317f,Wojux,mid,Zoe,oe:player:62ead8b1e25dbc7197a2007bcc4dbe0,Orianna,mid:Zoe,lineup-aa3f394a3c5e3666,0,3014.00000000,50.23333333,1,3,5,2.00000000,15459.00000000,28715.00000000,312,571.63238222,0.20139658,0.30182155,63,1.25414731,0.75000000,-210.00000000,-375.00000000,-10.00000000,0,warmup,,,,,
pg-08661c0e3a81ad94,ESPORTSTMNT02/1687513,2021-02-09T18:39:32,2021-02-09,2021,Split 1,0,11.02,Red,oe:team:5628f250931675f9c0d20aad46cc117,Komil & Friends,oe:team:3a1d5821b38ab1ddec52f944973d1bd,Gentlemen's Gaming,oe:player:a75d4ca0929b3a53c507950ccc366ed,April,sup,Gragas,oe:player:f32776bb3b0bfb1cd3261868df4dfce,Rell,sup:Gragas,lineup-aa3f394a3c5e3666,0,3014.00000000,50.23333333,1,7,4,0.71428571,10551.00000000,8525.00000000,25,169.70802920,0.13745619,0.08960573,136,2.70736563,0.62500000,-799.00000000,-227.00000000,-25.00000000,0,warmup,,,,,
pg-1a93c6f5271517a9,ESPORTSTMNT02/1687513,2021-02-09T18:39:32,2021-02-09,2021,Split 1,0,11.02,Red,oe:team:5628f250931675f9c0d20aad46cc117,Komil & Friends,oe:team:3a1d5821b38ab1ddec52f944973d1bd,Gentlemen's Gaming,oe:player:8e00e6377e8725af3b2bc927d6710e4,Grzybek,top,Renekton,oe:player:a2694196d288cd26055602729d0bb5c,Volibear,top:Renekton,lineup-aa3f394a3c5e3666,0,3014.00000000,50.23333333,1,5,4,1.00000000,14927.00000000,13902.00000000,287,276.74850697,0.19446580,0.14612304,33,0.65693431,0.62500000,410.00000000,962.00000000,31.00000000,0,warmup,,,,,
pg-206928bca8e88e61,ESPORTSTMNT02/1687833,2021-02-10T15:33:42,2021-02-10,2021,Split 1,0,11.02,Blue,oe:team:3a1d5821b38ab1ddec52f944973d1bd,Gentlemen's Gaming,oe:team:b5ac2d78f427d88ed9666c8d1c9e1d2,7more7 Pompa Team,oe:player:50cce5a33514ebe62201a0a45314eca,Yashiro,bot,Kai'Sa,oe:player:f12b5cb6a2f280205cec33bf1c02e08,Jhin,bot:Kai'Sa,lineup-e71ddd98b498ea4f,0,1693.00000000,28.21666667,1,1,0,1.00000000,11112.00000000,9195.00000000,283,325.87123449,0.25700210,0.23796584,22,0.77968104,0.33333333,20.00000000,-222.00000000,10.00000000,0,warmup,,,,,
pg-5d7015fb4b07fcb9,ESPORTSTMNT02/1687833,2021-02-10T15:33:42,2021-02-10,2021,Split 1,0,11.02,Blue,oe:team:3a1d5821b38ab1ddec52f944973d1bd,Gentlemen's Gaming,oe:team:b5ac2d78f427d88ed9666c8d1c9e1d2,7more7 Pompa Team,oe:player:6dc7ae729c87dd9b26169b0fbaf04e7,Jenxas,jng,Lillia,oe:player:82416dfeed801e2846a7c12a3649ab3,Taliyah,jng:Lillia,lineup-e71ddd98b498ea4f,0,1693.00000000,28.21666667,1,3,1,0.66666667,8599.00000000,11399.00000000,171,403.98109864,0.19888059,0.29500518,22,0.77968104,0.66666667,-1062.00000000,-1210.00000000,-18.00000000,0,warmup,,,,,
pg-01a60a24fa85bc37,ESPORTSTMNT02/1687833,2021-02-10T15:33:42,2021-02-10,2021,Split 1,0,11.02,Blue,oe:team:3a1d5821b38ab1ddec52f944973d1bd,Gentlemen's Gaming,oe:team:b5ac2d78f427d88ed9666c8d1c9e1d2,7more7 Pompa Team,oe:player:62ead8b1e25dbc7197a2007bcc4dbe0,Chosii,mid,Corki,oe:player:5a23766ce46653d2b63ac4a40cd61c1,Zoe,mid:Corki,lineup-e71ddd98b498ea4f,0,1693.00000000,28.21666667,0,3,0,0.00000000,10020.00000000,8702.00000000,261,308.39929120,0.23174596,0.22520704,19,0.67336090,0.00000000,-1952.00000000,-970.00000000,-19.00000000,0,warmup,,,,,
pg-f7eaa2881893f844,ESPORTSTMNT02/1687833,2021-02-10T15:33:42,2021-02-10,2021,Split 1,0,11.02,Blue,oe:team:3a1d5821b38ab1ddec52f944973d1bd,Gentlemen's Gaming,oe:team:b5ac2d78f427d88ed9666c8d1c9e1d2,7more7 Pompa Team,oe:player:f32776bb3b0bfb1cd3261868df4dfce,Calmsky,sup,Galio,oe:player:a93e0326b85f0312cf1b451e175a7a0,Alistar,sup:Galio,lineup-e71ddd98b498ea4f,0,1693.00000000,28.21666667,0,2,1,0.50000000,5518.00000000,3683.00000000,41,130.52569403,0.12762218,0.09531573,76,2.69344359,0.33333333,-966.00000000,-486.00000000,-2.00000000,0,warmup,,,,,
pg-185adc0431ba9712,ESPORTSTMNT02/1687833,2021-02-10T15:33:42,2021-02-10,2021,Split 1,0,11.02,Blue,oe:team:3a1d5821b38ab1ddec52f944973d1bd,Gentlemen's Gaming,oe:team:b5ac2d78f427d88ed9666c8d1c9e1d2,7more7 Pompa Team,oe:player:a2694196d288cd26055602729d0bb5c,HeSSZero,top,Volibear,oe:player:cb5feb1b7314637725a2e73bdc9f729,Renekton,top:Volibear,lineup-e71ddd98b498ea4f,0,1693.00000000,28.21666667,1,3,0,0.33333333,7988.00000000,5661.00000000,129,200.62610750,0.18474917,0.14650621,20,0.70880095,0.33333333,-2387.00000000,-2252.00000000,-64.00000000,0,warmup,,,,,
pg-383783b472d94004,ESPORTSTMNT02/1687833,2021-02-10T15:33:42,2021-02-10,2021,Split 1,0,11.02,Red,oe:team:b5ac2d78f427d88ed9666c8d1c9e1d2,7more7 Pompa Team,oe:team:3a1d5821b38ab1ddec52f944973d1bd,Gentlemen's Gaming,oe:player:f12b5cb6a2f280205cec33bf1c02e08,Ather,bot,Jhin,oe:player:50cce5a33514ebe62201a0a45314eca,Kai'Sa,bot:Jhin,lineup-e174eb922a14bd84,1,1693.00000000,28.21666667,2,0,4,6.00000000,11233.00000000,6839.00000000,257,242.37448317,0.20641308,0.16549705,16,0.56704076,0.50000000,-20.00000000,222.00000000,-10.00000000,0,warmup,,,,,
pg-5f7c66dfd1127219,ESPORTSTMNT02/1687833,2021-02-10T15:33:42,2021-02-10,2021,Split 1,0,11.02,Red,oe:team:b5ac2d78f427d88ed9666c8d1c9e1d2,7more7 Pompa Team,oe:team:3a1d5821b38ab1ddec52f944973d1bd,Gentlemen's Gaming,oe:player:82416dfeed801e2846a7c12a3649ab3,behave,jng,Taliyah,oe:player:6dc7ae729c87dd9b26169b0fbaf04e7,Lillia,jng:Taliyah,lineup-e174eb922a14bd84,1,1693.00000000,28.21666667,3,1,8,11.00000000,10935.00000000,10866.00000000,191,385.09155346,0.20093716,0.26294647,56,1.98464265,0.91666667,1062.00000000,1210.00000000,18.00000000,0,warmup,,,,,
pg-3e437ee9a066c8f0,ESPORTSTMNT02/1687833,2021-02-10T15:33:42,2021-02-10,2021,Split 1,0,11.02,Red,oe:team:b5ac2d78f427d88ed9666c8d1c9e1d2,7more7 Pompa Team,oe:team:3a1d5821b38ab1ddec52f944973d1bd,Gentlemen's Gaming,oe:player:5a23766ce46653d2b63ac4a40cd61c1,Warszi,mid,Zoe,oe:player:62ead8b1e25dbc7197a2007bcc4dbe0,Corki,mid:Zoe,lineup-e174eb922a14bd84,1,1693.00000000,28.21666667,3,1,7,10.00000000,12390.00000000,12153.00000000,257,430.70289427,0.22767365,0.29409060,35,1.24040165,0.83333333,1952.00000000,970.00000000,19.00000000,0,warmup,,,,,
pg-17cde2636617665f,ESPORTSTMNT02/1687833,2021-02-10T15:33:42,2021-02-10,2021,Split 1,0,11.02,Red,oe:team:b5ac2d78f427d88ed9666c8d1c9e1d2,7more7 Pompa Team,oe:team:3a1d5821b38ab1ddec52f944973d1bd,Gentlemen's Gaming,oe:player:a93e0326b85f0312cf1b451e175a7a0,Wojtus,sup,Alistar,oe:player:f32776bb3b0bfb1cd3261868df4dfce,Galio,sup:Alistar,lineup-e174eb922a14bd84,1,1693.00000000,28.21666667,1,0,8,9.00000000,7073.00000000,2984.00000000,32,105.75310100,0.12997060,0.07220985,72,2.55168340,0.75000000,966.00000000,486.00000000,2.00000000,0,warmup,,,,,
pg-9d32b78fb3e3eddd,ESPORTSTMNT02/1687833,2021-02-10T15:33:42,2021-02-10,2021,Split 1,0,11.02,Red,oe:team:b5ac2d78f427d88ed9666c8d1c9e1d2,7more7 Pompa Team,oe:team:3a1d5821b38ab1ddec52f944973d1bd,Gentlemen's Gaming,oe:player:cb5feb1b7314637725a2e73bdc9f729,Color,top,Renekton,oe:player:a2694196d288cd26055602729d0bb5c,Volibear,top:Renekton,lineup-e174eb922a14bd84,1,1693.00000000,28.21666667,3,1,3,6.00000000,12789.00000000,8482.00000000,271,300.60248080,0.23500551,0.20525603,29,1.02776137,0.50000000,2387.00000000,2252.00000000,64.00000000,0,warmup,,,,,
pg-cb2b492b29747934,ESPORTSTMNT02/1687855,2021-02-10T16:39:50,2021-02-10,2021,Split 1,0,11.02,Blue,oe:team:5628f250931675f9c0d20aad46cc117,Komil & Friends,oe:team:1158ec5b08f516ca81868bc48293989,Team ESCA Gaming,oe:player:1ecc2cf8dc5f05719ca235f6d0be5e2,svns,bot,Jhin,oe:player:3d022fcafe5af9f52df92b17c015fe6,Seraphine,bot:Jhin,lineup-aa3f394a3c5e3666,1,1856.00000000,30.93333333,4,1,4,8.00000000,14322.00000000,11478.00000000,267,371.05603448,0.24027379,0.19995471,46,1.48706897,0.53333333,2755.00000000,1572.00000000,35.00000000,0,warmup,,,,,
pg-bb634f62e8c2cdf4,ESPORTSTMNT02/1687855,2021-02-10T16:39:50,2021-02-10,2021,Split 1,0,11.02,Blue,oe:team:5628f250931675f9c0d20aad46cc117,Komil & Friends,oe:team:1158ec5b08f516ca81868bc48293989,Team ESCA Gaming,oe:player:24807d9986c4fda13d994791032cde1,Ben3k,jng,Udyr,oe:player:318a60c20ad705c05ceb1e1b2067624,Graves,jng:Udyr,lineup-aa3f394a3c5e3666,1,1856.00000000,30.93333333,4,0,9,13.00000000,14555.00000000,10484.00000000,292,338.92241379,0.24418273,0.18263854,49,1.58405172,0.86666667,1576.00000000,3200.00000000,59.00000000,0,warmup,,,,,
pg-4102e735fc4cee74,ESPORTSTMNT02/1687855,2021-02-10T16:39:50,2021-02-10,2021,Split 1,0,11.02,Blue,oe:team:5628f250931675f9c0d20aad46cc117,Komil & Friends,oe:team:1158ec5b08f516ca81868bc48293989,Team ESCA Gaming,oe:player:56b90211cf581dd16f58da4eb71317f,Wojux,mid,Orianna,oe:player:fd232826ff3976840e994bb85a3bd46,Fizz,mid:Orianna,lineup-aa3f394a3c5e3666,1,1856.00000000,30.93333333,5,1,10,15.00000000,12870.00000000,18570.00000000,231,600.32327586,0.21591424,0.32350226,17,0.54956897,1.00000000,1109.00000000,231.00000000,7.00000000,0,warmup,,,,,
pg-3c19c460a50a2d96,ESPORTSTMNT02/1687855,2021-02-10T16:39:50,2021-02-10,2021,Split 1,0,11.02,Blue,oe:team:5628f250931675f9c0d20aad46cc117,Komil & Friends,oe:team:1158ec5b08f516ca81868bc48293989,Team ESCA Gaming,oe:player:a75d4ca0929b3a53c507950ccc366ed,April,sup,Rell,oe:player:c49e01c67147c8b2580273ca5e0d261,Alistar,sup:Rell,lineup-aa3f394a3c5e3666,1,1856.00000000,30.93333333,1,2,9,5.00000000,8039.00000000,5140.00000000,32,166.16379310,0.13486671,0.08954236,83,2.68318966,0.66666667,60.00000000,-213.00000000,0.00000000,0,warmup,,,,,
pg-d3babe95b1ff393b,ESPORTSTMNT02/1687855,2021-02-10T16:39:50,2021-02-10,2021,Split 1,0,11.02,Blue,oe:team:5628f250931675f9c0d20aad46cc117,Komil & Friends,oe:team:1158ec5b08f516ca81868bc48293989,Team ESCA Gaming,oe:player:8e00e6377e8725af3b2bc927d6710e4,Grzybek,top,Wukong,oe:player:455527eab48df51aaf02979e65dd651,Volibear,top:Wukong,lineup-aa3f394a3c5e3666,1,1856.00000000,30.93333333,1,2,9,5.00000000,9821.00000000,11731.00000000,156,379.23491379,0.16476253,0.20436214,26,0.84051724,0.66666667,-1213.00000000,-280.00000000,-34.00000000,0,warmup,,,,,
pg-dbd39801a71a5944,ESPORTSTMNT02/1687855,2021-02-10T16:39:50,2021-02-10,2021,Split 1,0,11.02,Red,oe:team:1158ec5b08f516ca81868bc48293989,Team ESCA Gaming,oe:team:5628f250931675f9c0d20aad46cc117,Komil & Friends,oe:player:3d022fcafe5af9f52df92b17c015fe6,HARPOON,bot,Seraphine,oe:player:1ecc2cf8dc5f05719ca235f6d0be5e2,Jhin,bot:Seraphine,lineup-b65b9b30a31dde93,0,1856.00000000,30.93333333,0,2,5,2.50000000,9034.00000000,10217.00000000,195,330.29094828,0.18750519,0.21104272,24,0.77586207,0.83333333,-2755.00000000,-1572.00000000,-35.00000000,0,warmup,,,,,
pg-fea0cae95e65d021,ESPORTSTMNT02/1687855,2021-02-10T16:39:50,2021-02-10,2021,Split 1,0,11.02,Red,oe:team:1158ec5b08f516ca81868bc48293989,Team ESCA Gaming,oe:team:5628f250931675f9c0d20aad46cc117,Komil & Friends,oe:player:318a60c20ad705c05ceb1e1b2067624,Sh4dowUS,jng,Graves,oe:player:24807d9986c4fda13d994791032cde1,Udyr,jng:Graves,lineup-b65b9b30a31dde93,0,1856.00000000,30.93333333,4,4,2,1.50000000,12182.00000000,12148.00000000,232,392.71551724,0.25284350,0.25092952,23,0.74353448,1.00000000,-1576.00000000,-3200.00000000,-59.00000000,0,warmup,,,,,
pg-710130b0b75d784c,ESPORTSTMNT02/1687855,2021-02-10T16:39:50,2021-02-10,2021,Split 1,0,11.02,Red,oe:team:1158ec5b08f516ca81868bc48293989,Team ESCA Gaming,oe:team:5628f250931675f9c0d20aad46cc117,Komil & Friends,oe:player:fd232826ff3976840e994bb85a3bd46,DOMOLES,mid,Fizz,oe:player:56b90211cf581dd16f58da4eb71317f,Orianna,mid:Fizz,lineup-b65b9b30a31dde93,0,1856.00000000,30.93333333,1,3,4,1.66666667,9774.00000000,8890.00000000,223,287.39224138,0.20286426,0.18363216,29,0.93750000,0.83333333,-1109.00000000,-231.00000000,-7.00000000,0,warmup,,,,,
pg-c71853ed5fda5171,ESPORTSTMNT02/1687855,2021-02-10T16:39:50,2021-02-10,2021,Split 1,0,11.02,Red,oe:team:1158ec5b08f516ca81868bc48293989,Team ESCA Gaming,oe:team:5628f250931675f9c0d20aad46cc117,Komil & Friends,oe:player:c49e01c67147c8b2580273ca5e0d261,Melekx,sup,Alistar,oe:player:a75d4ca0929b3a53c507950ccc366ed,Rell,sup:Alistar,lineup-b65b9b30a31dde93,0,1856.00000000,30.93333333,0,3,5,1.66666667,6213.00000000,3265.00000000,40,105.54956897,0.12895392,0.06744196,78,2.52155172,0.83333333,-60.00000000,213.00000000,0.00000000,0,warmup,,,,,
pg-074a9bc548b1ee5a,ESPORTSTMNT02/1687855,2021-02-10T16:39:50,2021-02-10,2021,Split 1,0,11.02,Red,oe:team:1158ec5b08f516ca81868bc48293989,Team ESCA Gaming,oe:team:5628f250931675f9c0d20aad46cc117,Komil & Friends,oe:player:455527eab48df51aaf02979e65dd651,Jaqen,top,Volibear,oe:player:8e00e6377e8725af3b2bc927d6710e4,Wukong,top:Volibear,lineup-b65b9b30a31dde93,0,1856.00000000,30.93333333,1,3,4,1.66666667,10977.00000000,13892.00000000,239,449.09482759,0.22783313,0.28695365,17,0.54956897,0.83333333,1213.00000000,280.00000000,34.00000000,0,warmup,,,,,
pg-61ee886576743877,ESPORTSTMNT02/1687878,2021-02-10T17:39:47,2021-02-10,2021,Split 1,0,11.02,Blue,oe:team:73f3cc4e54620b1454530648442e066,K1CK,oe:team:6cedba5819b5b7c465cb3bb48bfe855,Illuminar Gaming,oe:player:b4a352b2b8782a2bb21bce1a2f47645,Puki Style,bot,Aphelios,oe:player:7705566e63eedc7bd6c4c72d43c9104,Miss Fortune,bot:Aphelios,lineup-199bafdd01ac68ac,0,1827.00000000,30.45000000,2,5,3,1.00000000,11002.00000000,11071.00000000,232,363.57963875,0.21967095,0.24674601,29,0.95238095,0.71428571,-206.00000000,-639.00000000,-9.00000000,0,warmup,,,,,
pg-ab4be35bfa982de2,ESPORTSTMNT02/1687878,2021-02-10T17:39:47,2021-02-10,2021,Split 1,0,11.02,Blue,oe:team:73f3cc4e54620b1454530648442e066,K1CK,oe:team:6cedba5819b5b7c465cb3bb48bfe855,Illuminar Gaming,oe:player:7471c21aed615dae3e49140eca8ce89,Bruness,jng,Udyr,oe:player:df3e7f4eef306da0e300b26a7c92b00,Nidalee,jng:Udyr,lineup-199bafdd01ac68ac,0,1827.00000000,30.45000000,3,4,2,1.25000000,9795.00000000,4031.00000000,162,132.38095238,0.19557144,0.08984131,55,1.80623974,0.71428571,-279.00000000,-844.00000000,-6.00000000,0,warmup,,,,,
pg-264663717cc44d8d,ESPORTSTMNT02/1687878,2021-02-10T17:39:47,2021-02-10,2021,Split 1,0,11.02,Blue,oe:team:73f3cc4e54620b1454530648442e066,K1CK,oe:team:6cedba5819b5b7c465cb3bb48bfe855,Illuminar Gaming,oe:player:be4ce50af0cd0d8574aa3820c37d1ae,Matislaw,mid,Ekko,oe:player:73ac73edf51a3acdfa494e271c6ee29,Azir,mid:Ekko,lineup-199bafdd01ac68ac,0,1827.00000000,30.45000000,2,3,1,1.00000000,10848.00000000,10906.00000000,241,358.16091954,0.21659612,0.24306856,22,0.72249589,0.42857143,-462.00000000,-80.00000000,-15.00000000,0,warmup,,,,,
pg-6cfba001c2f30969,ESPORTSTMNT02/1687878,2021-02-10T17:39:47,2021-02-10,2021,Split 1,0,11.02,Blue,oe:team:73f3cc4e54620b1454530648442e066,K1CK,oe:team:6cedba5819b5b7c465cb3bb48bfe855,Illuminar Gaming,oe:player:84bd988294f5dd9ae9a499abf6524a0,Raxxo,sup,Thresh,oe:player:df5866d3078c786ce03084b78b1f5d9,Rell,sup:Thresh,lineup-199bafdd01ac68ac,0,1827.00000000,30.45000000,0,1,5,5.00000000,6829.00000000,3466.00000000,53,113.82594417,0.13635093,0.07724882,82,2.69293924,0.71428571,-51.00000000,-337.00000000,4.00000000,0,warmup,,,,,
pg-248d970e16dc4d65,ESPORTSTMNT02/1687878,2021-02-10T17:39:47,2021-02-10,2021,Split 1,0,11.02,Blue,oe:team:73f3cc4e54620b1454530648442e066,K1CK,oe:team:6cedba5819b5b7c465cb3bb48bfe855,Illuminar Gaming,oe:player:4841aa27ab85be0b9f45fed1d5e7b09,Kackos,top,Gangplank,oe:player:2925560e555046ad9b0066ff181fe21,Irelia,top:Gangplank,lineup-199bafdd01ac68ac,0,1827.00000000,30.45000000,0,4,4,1.00000000,11610.00000000,15394.00000000,247,505.55008210,0.23181056,0.34309530,21,0.68965517,0.57142857,-1087.00000000,-1242.00000000,-23.00000000,0,warmup,,,,,
pg-51262a6dad36346e,ESPORTSTMNT02/1687878,2021-02-10T17:39:47,2021-02-10,2021,Split 1,0,11.02,Red,oe:team:6cedba5819b5b7c465cb3bb48bfe855,Illuminar Gaming,oe:team:73f3cc4e54620b1454530648442e066,K1CK,oe:player:7705566e63eedc7bd6c4c72d43c9104,odi11,bot,Miss Fortune,oe:player:b4a352b2b8782a2bb21bce1a2f47645,Aphelios,bot:Miss Fortune,lineup-561550076137b115,1,1827.00000000,30.45000000,4,0,8,12.00000000,13934.00000000,13683.00000000,288,449.35960591,0.22972928,0.21121934,35,1.14942529,0.70588235,206.00000000,639.00000000,9.00000000,0,warmup,,,,,
pg-a8747b4fc44c4055,ESPORTSTMNT02/1687878,2021-02-10T17:39:47,2021-02-10,2021,Split 1,0,11.02,Red,oe:team:6cedba5819b5b7c465cb3bb48bfe855,Illuminar Gaming,oe:team:73f3cc4e54620b1454530648442e066,K1CK,oe:player:df3e7f4eef306da0e300b26a7c92b00,Tabasko,jng,Nidalee,oe:player:7471c21aed615dae3e49140eca8ce89,Udyr,jng:Nidalee,lineup-561550076137b115,1,1827.00000000,30.45000000,5,0,9,14.00000000,11799.00000000,11450.00000000,185,376.02627258,0.19452963,0.17674936,75,2.46305419,0.82352941,279.00000000,844.00000000,6.00000000,0,warmup,,,,,
pg-c0bb79e42ac9602b,ESPORTSTMNT02/1687878,2021-02-10T17:39:47,2021-02-10,2021,Split 1,0,11.02,Red,oe:team:6cedba5819b5b7c465cb3bb48bfe855,Illuminar Gaming,oe:team:73f3cc4e54620b1454530648442e066,K1CK,oe:player:73ac73edf51a3acdfa494e271c6ee29,Czajek,mid,Azir,oe:player:be4ce50af0cd0d8574aa3820c37d1ae,Ekko,mid:Azir,lineup-561550076137b115,1,1827.00000000,30.45000000,4,1,6,10.00000000,13494.00000000,18068.00000000,268,593.36617406,0.22247502,0.27890894,32,1.05090312,0.58823529,462.00000000,80.00000000,15.00000000,0,warmup,,,,,
pg-fe6202c873939c3e,ESPORTSTMNT02/1687878,2021-02-10T17:39:47,2021-02-10,2021,Split 1,0,11.02,Red,oe:team:6cedba5819b5b7c465cb3bb48bfe855,Illuminar Gaming,oe:team:73f3cc4e54620b1454530648442e066,K1CK,oe:player:df5866d3078c786ce03084b78b1f5d9,Czypsy,sup,Rell,oe:player:84bd988294f5dd9ae9a499abf6524a0,Thresh,sup:Rell,lineup-561550076137b115,1,1827.00000000,30.45000000,1,3,8,3.00000000,7675.00000000,3339.00000000,29,109.65517241,0.12653741,0.05154289,71,2.33169130,0.52941176,51.00000000,337.00000000,-4.00000000,0,warmup,,,,,
pg-a9d36e2e45556ceb,ESPORTSTMNT02/1687878,2021-02-10T17:39:47,2021-02-10,2021,Split 1,0,11.02,Red,oe:team:6cedba5819b5b7c465cb3bb48bfe855,Illuminar Gaming,oe:team:73f3cc4e54620b1454530648442e066,K1CK,oe:player:2925560e555046ad9b0066ff181fe21,Melonik,top,Irelia,oe:player:4841aa27ab85be0b9f45fed1d5e7b09,Gangplank,top:Irelia,lineup-561550076137b115,1,1827.00000000,30.45000000,3,3,10,4.33333333,13752.00000000,18241.00000000,299,599.04761905,0.22672866,0.28157948,29,0.95238095,0.76470588,1087.00000000,1242.00000000,23.00000000,0,warmup,,,,,
pg-b5ed4e14432f4b37,ESPORTSTMNT02/1697414,2021-02-10T18:40:06,2021-02-10,2021,Split 1,0,11.02,Blue,oe:team:5a5f8cc0161f43afe3461b293535517,AGO ROGUE,oe:team:f27741afb3044c971eeced9d0c2daa1,devils.one,oe:player:0482daf6543f102a27a265342292bb7,Lucker,bot,Kai'Sa,oe:player:694ee794a9d3a8c3fbd658becb89769,Tristana,bot:Kai'Sa,lineup-de5e31d683ce7975,1,1840.00000000,30.66666667,12,2,5,8.50000000,17448.00000000,31347.00000000,300,1022.18478261,0.28413699,0.34245917,41,1.33695652,0.85000000,833.00000000,668.00000000,27.00000000,0,warmup,,,,,
pg-0e165cc48f805bd8,ESPORTSTMNT02/1697414,2021-02-10T18:40:06,2021-02-10,2021,Split 1,0,11.02,Blue,oe:team:5a5f8cc0161f43afe3461b293535517,AGO ROGUE,oe:team:f27741afb3044c971eeced9d0c2daa1,devils.one,oe:player:6fc5fe723eed4ba4c230292be365c66,Lurox,jng,Taliyah,oe:player:2d1fca25321f6983dc3e1da11039a80,Lillia,jng:Taliyah,lineup-de5e31d683ce7975,1,1840.00000000,30.66666667,3,2,9,6.00000000,11982.00000000,18684.00000000,219,609.26086957,0.19512433,0.20411864,56,1.82608696,0.60000000,300.00000000,1238.00000000,18.00000000,0,warmup,,,,,
pg-803f96cceaca450a,ESPORTSTMNT02/1697414,2021-02-10T18:40:06,2021-02-10,2021,Split 1,0,11.02,Blue,oe:team:5a5f8cc0161f43afe3461b293535517,AGO ROGUE,oe:team:f27741afb3044c971eeced9d0c2daa1,devils.one,oe:player:2096ff50c6496d70e4b39793390c9ce,Sencux,mid,Jayce,oe:player:efde1a9fe9e6f1059c3fce2ec296fae,Irelia,mid:Jayce,lineup-de5e31d683ce7975,1,1840.00000000,30.66666667,3,4,7,2.50000000,12681.00000000,20455.00000000,260,667.01086957,0.20650740,0.22346643,35,1.14130435,0.50000000,-417.00000000,-72.00000000,0.00000000,0,warmup,,,,,
pg-9e714118107af91c,ESPORTSTMNT02/1697414,2021-02-10T18:40:06,2021-02-10,2021,Split 1,0,11.02,Blue,oe:team:5a5f8cc0161f43afe3461b293535517,AGO ROGUE,oe:team:f27741afb3044c971eeced9d0c2daa1,devils.one,oe:player:3e68fd564e4e518b8aed89b9a0bf855,Pyrka,sup,Alistar,oe:player:945f30b38a435b37c2e70d893cb6a72,Rell,sup:Alistar,lineup-de5e31d683ce7975,1,1840.00000000,30.66666667,0,3,15,5.00000000,7962.00000000,8551.00000000,38,278.83695652,0.12965949,0.09341782,91,2.96739130,0.75000000,-433.00000000,-466.00000000,-10.00000000,0,warmup,,,,,
pg-7f1a7dc63e583cb1,ESPORTSTMNT02/1697414,2021-02-10T18:40:06,2021-02-10,2021,Split 1,0,11.02,Blue,oe:team:5a5f8cc0161f43afe3461b293535517,AGO ROGUE,oe:team:f27741afb3044c971eeced9d0c2daa1,devils.one,oe:player:a7b756e008bfcb7148cdb51f886c3fa,Sinmivak,top,Gragas,oe:player:e93fad90f312c1f10c64b60e5ba17c7,Aatrox,top:Gragas,lineup-de5e31d683ce7975,1,1840.00000000,30.66666667,2,2,7,4.50000000,11334.00000000,12498.00000000,225,407.54347826,0.18457179,0.13653794,22,0.71739130,0.45000000,121.00000000,185.00000000,7.00000000,0,warmup,,,,,
pg-d126f0c32fe381a9,ESPORTSTMNT02/1697414,2021-02-10T18:40:06,2021-02-10,2021,Split 1,0,11.02,Red,oe:team:f27741afb3044c971eeced9d0c2daa1,devils.one,oe:team:5a5f8cc0161f43afe3461b293535517,AGO ROGUE,oe:player:694ee794a9d3a8c3fbd658becb89769,Zamulek,bot,Tristana,oe:player:0482daf6543f102a27a265342292bb7,Kai'Sa,bot:Tristana,lineup-96cee117298b4401,0,1840.00000000,30.66666667,2,5,3,1.00000000,11438.00000000,16515.00000000,246,538.53260870,0.22060213,0.24587601,45,1.46739130,0.38461538,-833.00000000,-668.00000000,-27.00000000,0,warmup,,,,,
pg-cf344570da6ca507,ESPORTSTMNT02/1697414,2021-02-10T18:40:06,2021-02-10,2021,Split 1,0,11.02,Red,oe:team:f27741afb3044c971eeced9d0c2daa1,devils.one,oe:team:5a5f8cc0161f43afe3461b293535517,AGO ROGUE,oe:player:2d1fca25321f6983dc3e1da11039a80,Diagu,jng,Lillia,oe:player:6fc5fe723eed4ba4c230292be365c66,Taliyah,jng:Lillia,lineup-96cee117298b4401,0,1840.00000000,30.66666667,3,4,8,2.75000000,11266.00000000,15746.00000000,220,513.45652174,0.21728481,0.23442711,43,1.40217391,0.84615385,-300.00000000,-1238.00000000,-18.00000000,0,warmup,,,,,
pg-19d4184011625cf3,ESPORTSTMNT02/1697414,2021-02-10T18:40:06,2021-02-10,2021,Split 1,0,11.02,Red,oe:team:f27741afb3044c971eeced9d0c2daa1,devils.one,oe:team:5a5f8cc0161f43afe3461b293535517,AGO ROGUE,oe:player:efde1a9fe9e6f1059c3fce2ec296fae,many,mid,Irelia,oe:player:2096ff50c6496d70e4b39793390c9ce,Jayce,mid:Irelia,lineup-96cee117298b4401,0,1840.00000000,30.66666667,3,4,7,2.50000000,10589.00000000,11625.00000000,228,379.07608696,0.20422766,0.17307349,24,0.78260870,0.76923077,417.00000000,72.00000000,0.00000000,0,warmup,,,,,
pg-c0e46da696642e60,ESPORTSTMNT02/1697414,2021-02-10T18:40:06,2021-02-10,2021,Split 1,0,11.02,Red,oe:team:f27741afb3044c971eeced9d0c2daa1,devils.one,oe:team:5a5f8cc0161f43afe3461b293535517,AGO ROGUE,oe:player:945f30b38a435b37c2e70d893cb6a72,YuNIshinoya,sup,Rell,oe:player:3e68fd564e4e518b8aed89b9a0bf855,Alistar,sup:Rell,lineup-96cee117298b4401,0,1840.00000000,30.66666667,1,5,8,1.80000000,6646.00000000,4619.00000000,46,150.61956522,0.12817991,0.06876787,83,2.70652174,0.69230769,433.00000000,466.00000000,10.00000000,0,warmup,,,,,
pg-a3b2c2169b965b96,ESPORTSTMNT02/1697414,2021-02-10T18:40:06,2021-02-10,2021,Split 1,0,11.02,Red,oe:team:f27741afb3044c971eeced9d0c2daa1,devils.one,oe:team:5a5f8cc0161f43afe3461b293535517,AGO ROGUE,oe:player:e93fad90f312c1f10c64b60e5ba17c7,sheru,top,Aatrox,oe:player:a7b756e008bfcb7148cdb51f886c3fa,Gragas,top:Aatrox,lineup-96cee117298b4401,0,1840.00000000,30.66666667,4,2,7,5.50000000,11910.00000000,18663.00000000,240,608.57608696,0.22970549,0.27785553,29,0.94565217,0.84615385,-121.00000000,-185.00000000,-7.00000000,0,warmup,,,,,
pg-d7d9c6ad37df682e,ESPORTSTMNT03/1762103,2021-02-16T15:30:38,2021-02-16,2021,Split 1,0,11.03,Blue,oe:team:5a5f8cc0161f43afe3461b293535517,AGO ROGUE,oe:team:1158ec5b08f516ca81868bc48293989,Team ESCA Gaming,oe:player:0482daf6543f102a27a265342292bb7,Lucker,bot,Kai'Sa,oe:player:3d022fcafe5af9f52df92b17c015fe6,Vayne,bot:Kai'Sa,lineup-de5e31d683ce7975,1,1699.00000000,28.31666667,9,2,9,9.00000000,15390.00000000,14526.00000000,259,512.98410830,0.27041274,0.27287072,35,1.23602119,0.81818182,1165.00000000,1393.00000000,8.00000000,1,out_of_time,572.68400532,472.46581623,183.24544392,-0.32579199,2021-02-10
pg-3e9de2d8714b6619,ESPORTSTMNT03/1762103,2021-02-16T15:30:38,2021-02-16,2021,Split 1,0,11.03,Blue,oe:team:5a5f8cc0161f43afe3461b293535517,AGO ROGUE,oe:team:1158ec5b08f516ca81868bc48293989,Team ESCA Gaming,oe:player:6fc5fe723eed4ba4c230292be365c66,Lurox,jng,Taliyah,oe:player:d0a4ed232b6a856bca2dc74906b11ad,Lillia,jng:Taliyah,lineup-de5e31d683ce7975,1,1699.00000000,28.31666667,4,0,12,16.00000000,11404.00000000,11743.00000000,195,414.70276633,0.20037601,0.22059210,61,2.15420836,0.72727273,736.00000000,794.00000000,19.00000000,1,out_of_time,424.52932569,312.30389892,131.45975689,-0.07474956,2021-02-10
pg-c723e025e1f99cc6,ESPORTSTMNT03/1762103,2021-02-16T15:30:38,2021-02-16,2021,Split 1,0,11.03,Blue,oe:team:5a5f8cc0161f43afe3461b293535517,AGO ROGUE,oe:team:1158ec5b08f516ca81868bc48293989,Team ESCA Gaming,oe:player:2096ff50c6496d70e4b39793390c9ce,Sencux,mid,Orianna,oe:player:fd232826ff3976840e994bb85a3bd46,Sett,mid:Orianna,lineup-de5e31d683ce7975,1,1699.00000000,28.31666667,3,2,8,5.50000000,11318.00000000,13424.00000000,233,474.06709829,0.19886493,0.25216967,18,0.63566804,0.50000000,649.00000000,236.00000000,22.00000000,1,out_of_time,492.45779219,431.34469372,152.19401937,-0.12083717,2021-02-10
pg-01dbf9dc5b7d512d,ESPORTSTMNT03/1762103,2021-02-16T15:30:38,2021-02-16,2021,Split 1,0,11.03,Blue,oe:team:5a5f8cc0161f43afe3461b293535517,AGO ROGUE,oe:team:1158ec5b08f516ca81868bc48293989,Team ESCA Gaming,oe:player:3e68fd564e4e518b8aed89b9a0bf855,Pyrka,sup,Nautilus,oe:player:c49e01c67147c8b2580273ca5e0d261,Nami,sup:Nautilus,lineup-de5e31d683ce7975,1,1699.00000000,28.31666667,0,1,16,16.00000000,7379.00000000,4494.00000000,28,158.70512066,0.12965403,0.08441973,74,2.61330194,0.72727273,-394.00000000,-430.00000000,18.00000000,1,out_of_time,264.52666310,156.26487038,84.59413065,-1.25093244,2021-02-10
pg-a0b5fbf0eaf61f76,ESPORTSTMNT03/1762103,2021-02-16T15:30:38,2021-02-16,2021,Split 1,0,11.03,Blue,oe:team:5a5f8cc0161f43afe3461b293535517,AGO ROGUE,oe:team:1158ec5b08f516ca81868bc48293989,Team ESCA Gaming,oe:player:a7b756e008bfcb7148cdb51f886c3fa,Sinmivak,top,Renekton,oe:player:455527eab48df51aaf02979e65dd651,Karma,top:Renekton,lineup-de5e31d683ce7975,1,1699.00000000,28.31666667,6,0,6,12.00000000,11422.00000000,9047.00000000,148,319.49381989,0.20069228,0.16994778,22,0.77692760,0.54545455,1702.00000000,888.00000000,9.00000000,1,out_of_time,419.29944770,402.51643183,168.96978041,-0.59067147,2021-02-10
pg-45cf9b595fc440f3,ESPORTSTMNT03/1762103,2021-02-16T15:30:38,2021-02-16,2021,Split 1,0,11.03,Red,oe:team:1158ec5b08f516ca81868bc48293989,Team ESCA Gaming,oe:team:5a5f8cc0161f43afe3461b293535517,AGO ROGUE,oe:player:3d022fcafe5af9f52df92b17c015fe6,HARPOON,bot,Vayne,oe:player:0482daf6543f102a27a265342292bb7,Kai'Sa,bot:Vayne,lineup-080df50fc3695f3d,0,1699.00000000,28.31666667,3,5,0,0.60000000,11309.00000000,7984.00000000,234,281.95409064,0.27665248,0.25904416,16,0.56503826,0.60000000,-1165.00000000,-1393.00000000,-8.00000000,1,out_of_time,351.02657945,472.46581623,183.24544392,-0.37693973,2021-02-10
pg-b82b7f666590a08b,ESPORTSTMNT03/1762103,2021-02-16T15:30:38,2021-02-16,2021,Split 1,0,11.03,Red,oe:team:1158ec5b08f516ca81868bc48293989,Team ESCA Gaming,oe:team:5a5f8cc0161f43afe3461b293535517,AGO ROGUE,oe:player:d0a4ed232b6a856bca2dc74906b11ad,stachu,jng,Lillia,oe:player:6fc5fe723eed4ba4c230292be365c66,Taliyah,jng:Lillia,lineup-080df50fc3695f3d,0,1699.00000000,28.31666667,1,4,3,1.00000000,9103.00000000,9618.00000000,171,339.65862272,0.22268702,0.31205996,24,0.84755739,0.80000000,-736.00000000,-794.00000000,-19.00000000,1,out_of_time,255.10471236,312.30389892,131.45975689,0.64319235,2021-02-10
pg-c63422dec9806198,ESPORTSTMNT03/1762103,2021-02-16T15:30:38,2021-02-16,2021,Split 1,0,11.03,Red,oe:team:1158ec5b08f516ca81868bc48293989,Team ESCA Gaming,oe:team:5a5f8cc0161f43afe3461b293535517,AGO ROGUE,oe:player:fd232826ff3976840e994bb85a3bd46,DOMOLES,mid,Sett,oe:player:2096ff50c6496d70e4b39793390c9ce,Orianna,mid:Sett,lineup-080df50fc3695f3d,0,1699.00000000,28.31666667,1,3,4,1.66666667,7427.00000000,5907.00000000,147,208.60506180,0.18168697,0.19165504,30,1.05944673,1.00000000,-649.00000000,-236.00000000,-22.00000000,1,out_of_time,337.31799920,431.34469372,152.19401937,-0.84571613,2021-02-10
pg-cfa32fd477e19f4a,ESPORTSTMNT03/1762103,2021-02-16T15:30:38,2021-02-16,2021,Split 1,0,11.03,Red,oe:team:1158ec5b08f516ca81868bc48293989,Team ESCA Gaming,oe:team:5a5f8cc0161f43afe3461b293535517,AGO ROGUE,oe:player:c49e01c67147c8b2580273ca5e0d261,Melekx,sup,Nami,oe:player:3e68fd564e4e518b8aed89b9a0bf855,Nautilus,sup:Nami,lineup-080df50fc3695f3d,0,1699.00000000,28.31666667,0,3,4,1.33333333,6400.00000000,2656.00000000,4,93.79635079,0.15656343,0.08617501,57,2.01294879,0.80000000,394.00000000,430.00000000,-18.00000000,1,out_of_time,133.03997894,156.26487038,84.59413065,-0.46390486,2021-02-10
pg-0d9c61a763ba94dd,ESPORTSTMNT03/1762103,2021-02-16T15:30:38,2021-02-16,2021,Split 1,0,11.03,Red,oe:team:1158ec5b08f516ca81868bc48293989,Team ESCA Gaming,oe:team:5a5f8cc0161f43afe3461b293535517,AGO ROGUE,oe:player:455527eab48df51aaf02979e65dd651,Jaqen,top,Karma,oe:player:a7b756e008bfcb7148cdb51f886c3fa,Renekton,top:Karma,lineup-080df50fc3695f3d,0,1699.00000000,28.31666667,0,7,2,0.28571429,6639.00000000,4656.00000000,119,164.42613302,0.16241010,0.15106583,28,0.98881695,0.40000000,-1702.00000000,-888.00000000,-9.00000000,1,out_of_time,285.93584368,402.51643183,168.96978041,-0.71912096,2021-02-10
pg-c3e02a3b97ef899a,ESPORTSTMNT03/1752096,2021-02-16T16:28:45,2021-02-16,2021,Split 1,0,11.03,Blue,oe:team:73f3cc4e54620b1454530648442e066,K1CK,oe:team:5628f250931675f9c0d20aad46cc117,Komil & Friends,oe:player:b4a352b2b8782a2bb21bce1a2f47645,Puki Style,bot,Tristana,oe:player:1ecc2cf8dc5f05719ca235f6d0be5e2,Vayne,bot:Tristana,lineup-199bafdd01ac68ac,1,2557.00000000,42.61666667,8,6,4,2.00000000,19492.00000000,59339.00000000,356,1392.38951897,0.25868270,0.41804809,88,2.06491983,0.75000000,1139.00000000,-247.00000000,-12.00000000,1,out_of_time,504.32439859,472.46581623,183.24544392,4.84631487,2021-02-10
pg-e6b066fe6032cfd3,ESPORTSTMNT03/1752096,2021-02-16T16:28:45,2021-02-16,2021,Split 1,0,11.03,Blue,oe:team:73f3cc4e54620b1454530648442e066,K1CK,oe:team:5628f250931675f9c0d20aad46cc117,Komil & Friends,oe:player:7471c21aed615dae3e49140eca8ce89,Bruness,jng,Udyr,oe:player:24807d9986c4fda13d994791032cde1,Olaf,jng:Udyr,lineup-199bafdd01ac68ac,1,2557.00000000,42.61666667,1,1,11,12.00000000,13711.00000000,10649.00000000,235,249.87876418,0.18196175,0.07502307,84,1.97105984,0.75000000,339.00000000,-747.00000000,-5.00000000,1,out_of_time,349.38772156,312.30389892,131.45975689,-0.75695376,2021-02-10
pg-acb292ddbea6fb89,ESPORTSTMNT03/1752096,2021-02-16T16:28:45,2021-02-16,2021,Split 1,0,11.03,Blue,oe:team:73f3cc4e54620b1454530648442e066,K1CK,oe:team:5628f250931675f9c0d20aad46cc117,Komil & Friends,oe:player:be4ce50af0cd0d8574aa3820c37d1ae,Matislaw,mid,Orianna,oe:player:56b90211cf581dd16f58da4eb71317f,Galio,mid:Orianna,lineup-199bafdd01ac68ac,1,2557.00000000,42.61666667,5,2,8,6.50000000,18044.00000000,36973.00000000,358,867.57137270,0.23946597,0.26047780,36,0.84473993,0.81250000,982.00000000,1348.00000000,44.00000000,1,out_of_time,481.71953071,431.34469372,152.19401937,2.53526284,2021-02-10
pg-5af0d88a738f3722,ESPORTSTMNT03/1752096,2021-02-16T16:28:45,2021-02-16,2021,Split 1,0,11.03,Blue,oe:team:73f3cc4e54620b1454530648442e066,K1CK,oe:team:5628f250931675f9c0d20aad46cc117,Komil & Friends,oe:player:84bd988294f5dd9ae9a499abf6524a0,Raxxo,sup,Rell,oe:player:a75d4ca0929b3a53c507950ccc366ed,Alistar,sup:Rell,lineup-199bafdd01ac68ac,1,2557.00000000,42.61666667,0,8,12,1.50000000,9236.00000000,8411.00000000,31,197.36409855,0.12257302,0.05925618,105,2.46382479,0.75000000,387.00000000,-237.00000000,1.00000000,1,out_of_time,239.39263369,156.26487038,84.59413065,-0.49682566,2021-02-10
pg-05fbb64813baf9d5,ESPORTSTMNT03/1752096,2021-02-16T16:28:45,2021-02-16,2021,Split 1,0,11.03,Blue,oe:team:73f3cc4e54620b1454530648442e066,K1CK,oe:team:5628f250931675f9c0d20aad46cc117,Komil & Friends,oe:player:4841aa27ab85be0b9f45fed1d5e7b09,Kackos,top,Gragas,oe:player:8e00e6377e8725af3b2bc927d6710e4,Aatrox,top:Gragas,lineup-199bafdd01ac68ac,1,2557.00000000,42.61666667,2,4,9,2.75000000,14868.00000000,26571.00000000,310,623.48846304,0.19731656,0.18719486,51,1.19671490,0.68750000,25.00000000,-403.00000000,-15.00000000,1,out_of_time,442.93803774,402.51643183,168.96978041,1.06853678,2021-02-10
pg-b3e763ea2e4c293e,ESPORTSTMNT03/1752096,2021-02-16T16:28:45,2021-02-16,2021,Split 1,0,11.03,Red,oe:team:5628f250931675f9c0d20aad46cc117,Komil & Friends,oe:team:73f3cc4e54620b1454530648442e066,K1CK,oe:player:1ecc2cf8dc5f05719ca235f6d0be5e2,svns,bot,Vayne,oe:player:b4a352b2b8782a2bb21bce1a2f47645,Tristana,bot:Vayne,lineup-aa3f394a3c5e3666,0,2557.00000000,42.61666667,10,1,8,18.00000000,19668.00000000,24743.00000000,359,580.59444662,0.26756999,0.27685405,63,1.47829488,0.85714286,-1139.00000000,247.00000000,12.00000000,1,out_of_time,416.07078378,472.46581623,183.24544392,0.89783222,2021-02-10
pg-1605a851b3ef4210,ESPORTSTMNT03/1752096,2021-02-16T16:28:45,2021-02-16,2021,Split 1,0,11.03,Red,oe:team:5628f250931675f9c0d20aad46cc117,Komil & Friends,oe:team:73f3cc4e54620b1454530648442e066,K1CK,oe:player:24807d9986c4fda13d994791032cde1,Ben3k,jng,Olaf,oe:player:7471c21aed615dae3e49140eca8ce89,Udyr,jng:Olaf,lineup-aa3f394a3c5e3666,0,2557.00000000,42.61666667,4,3,8,4.00000000,13966.00000000,19773.00000000,232,463.97340634,0.18999810,0.22124379,50,1.17324990,0.57142857,-339.00000000,747.00000000,5.00000000,1,out_of_time,303.93421537,312.30389892,131.45975689,1.21740063,2021-02-10
pg-56f4082349782e0d,ESPORTSTMNT03/1752096,2021-02-16T16:28:45,2021-02-16,2021,Split 1,0,11.03,Red,oe:team:5628f250931675f9c0d20aad46cc117,Komil & Friends,oe:team:73f3cc4e54620b1454530648442e066,K1CK,oe:player:56b90211cf581dd16f58da4eb71317f,Wojux,mid,Galio,oe:player:be4ce50af0cd0d8574aa3820c37d1ae,Orianna,mid:Galio,lineup-aa3f394a3c5e3666,0,2557.00000000,42.61666667,3,3,12,5.00000000,14069.00000000,17900.00000000,289,420.02346500,0.19139934,0.20028644,35,0.82127493,0.71428571,-982.00000000,-1348.00000000,-44.00000000,1,out_of_time,381.35969774,431.34469372,152.19401937,0.25404262,2021-02-10
pg-d3825b519b433390,ESPORTSTMNT03/1752096,2021-02-16T16:28:45,2021-02-16,2021,Split 1,0,11.03,Red,oe:team:5628f250931675f9c0d20aad46cc117,Komil & Friends,oe:team:73f3cc4e54620b1454530648442e066,K1CK,oe:player:a75d4ca0929b3a53c507950ccc366ed,April,sup,Alistar,oe:player:84bd988294f5dd9ae9a499abf6524a0,Rell,sup:Alistar,lineup-aa3f394a3c5e3666,0,2557.00000000,42.61666667,0,5,15,3.00000000,9099.00000000,6019.00000000,34,141.23582323,0.12378581,0.06734772,94,2.20570982,0.71428571,-387.00000000,237.00000000,-1.00000000,1,out_of_time,154.71261150,156.26487038,84.59413065,-0.15931115,2021-02-10
pg-74ba46604daf8a9e,ESPORTSTMNT03/1752096,2021-02-16T16:28:45,2021-02-16,2021,Split 1,0,11.03,Red,oe:team:5628f250931675f9c0d20aad46cc117,Komil & Friends,oe:team:73f3cc4e54620b1454530648442e066,K1CK,oe:player:8e00e6377e8725af3b2bc927d6710e4,Grzybek,top,Aatrox,oe:player:4841aa27ab85be0b9f45fed1d5e7b09,Gragas,top:Aatrox,lineup-aa3f394a3c5e3666,0,2557.00000000,42.61666667,4,4,9,3.25000000,16704.00000000,20937.00000000,303,491.28666406,0.22724676,0.23426800,40,0.93859992,0.61904762,-25.00000000,403.00000000,15.00000000,1,out_of_time,376.32966001,402.51643183,168.96978041,0.68034061,2021-02-10
pg-29a65ff857485ebe,ESPORTSTMNT03/1762177,2021-02-16T17:36:25,2021-02-16,2021,Split 1,0,11.03,Blue,oe:team:6cedba5819b5b7c465cb3bb48bfe855,Illuminar Gaming,oe:team:b5ac2d78f427d88ed9666c8d1c9e1d2,7more7 Pompa Team,oe:player:7705566e63eedc7bd6c4c72d43c9104,odi11,bot,Samira,oe:player:f12b5cb6a2f280205cec33bf1c02e08,Aphelios,bot:Samira,lineup-561550076137b115,1,2099.00000000,34.98333333,4,0,1,5.00000000,13941.00000000,9318.00000000,302,266.35540734,0.22776807,0.14683265,37,1.05764650,0.50000000,-492.00000000,-628.00000000,-24.00000000,1,out_of_time,436.83506848,472.46581623,183.24544392,-0.93033506,2021-02-10
pg-cab558500bb18038,ESPORTSTMNT03/1762177,2021-02-16T17:36:25,2021-02-16,2021,Split 1,0,11.03,Blue,oe:team:6cedba5819b5b7c465cb3bb48bfe855,Illuminar Gaming,oe:team:b5ac2d78f427d88ed9666c8d1c9e1d2,7more7 Pompa Team,oe:player:df3e7f4eef306da0e300b26a7c92b00,Tabasko,jng,Graves,oe:player:82416dfeed801e2846a7c12a3649ab3,Udyr,jng:Graves,lineup-561550076137b115,1,2099.00000000,34.98333333,3,0,4,7.00000000,12393.00000000,13662.00000000,215,390.52882325,0.20247684,0.21528522,36,1.02906146,0.70000000,-426.00000000,-705.00000000,-14.00000000,1,out_of_time,307.44009959,312.30389892,131.45975689,0.63204684,2021-02-10
pg-8571ede2fd7baffc,ESPORTSTMNT03/1762177,2021-02-16T17:36:25,2021-02-16,2021,Split 1,0,11.03,Blue,oe:team:6cedba5819b5b7c465cb3bb48bfe855,Illuminar Gaming,oe:team:b5ac2d78f427d88ed9666c8d1c9e1d2,7more7 Pompa Team,oe:player:73ac73edf51a3acdfa494e271c6ee29,Czajek,mid,Orianna,oe:player:5a23766ce46653d2b63ac4a40cd61c1,Viktor,mid:Orianna,lineup-561550076137b115,1,2099.00000000,34.98333333,1,0,7,8.00000000,13975.00000000,14415.00000000,356,412.05335874,0.22832356,0.22715096,29,0.82896617,0.80000000,-184.00000000,-207.00000000,5.00000000,1,out_of_time,425.37088392,431.34469372,152.19401937,-0.08750360,2021-02-10
pg-a3cd7b9916f511f1,ESPORTSTMNT03/1762177,2021-02-16T17:36:25,2021-02-16,2021,Split 1,0,11.03,Blue,oe:team:6cedba5819b5b7c465cb3bb48bfe855,Illuminar Gaming,oe:team:b5ac2d78f427d88ed9666c8d1c9e1d2,7more7 Pompa Team,oe:player:df5866d3078c786ce03084b78b1f5d9,Czypsy,sup,Rell,oe:player:a93e0326b85f0312cf1b451e175a7a0,Alistar,sup:Rell,lineup-561550076137b115,1,2099.00000000,34.98333333,1,0,9,10.00000000,8121.00000000,5403.00000000,34,154.44497380,0.13268090,0.08514025,83,2.37255836,1.00000000,144.00000000,161.00000000,7.00000000,1,out_of_time,166.18298459,156.26487038,84.59413065,-0.13875680,2021-02-10
pg-edcdd4e2427afa0d,ESPORTSTMNT03/1762177,2021-02-16T17:36:25,2021-02-16,2021,Split 1,0,11.03,Blue,oe:team:6cedba5819b5b7c465cb3bb48bfe855,Illuminar Gaming,oe:team:b5ac2d78f427d88ed9666c8d1c9e1d2,7more7 Pompa Team,oe:player:2925560e555046ad9b0066ff181fe21,Melonik,top,Gragas,oe:player:cb5feb1b7314637725a2e73bdc9f729,Renekton,top:Gragas,lineup-561550076137b115,1,2099.00000000,34.98333333,1,2,7,4.00000000,12777.00000000,20662.00000000,275,590.62410672,0.20875063,0.32559092,42,1.20057170,0.80000000,-1207.00000000,-924.00000000,-18.00000000,1,out_of_time,370.19443797,402.51643183,168.96978041,1.30455084,2021-02-10
pg-39b0c18428e88351,ESPORTSTMNT03/1762177,2021-02-16T17:36:25,2021-02-16,2021,Split 1,0,11.03,Red,oe:team:b5ac2d78f427d88ed9666c8d1c9e1d2,7more7 Pompa Team,oe:team:6cedba5819b5b7c465cb3bb48bfe855,Illuminar Gaming,oe:player:f12b5cb6a2f280205cec33bf1c02e08,Ather,bot,Aphelios,oe:player:7705566e63eedc7bd6c4c72d43c9104,Samira,bot:Aphelios,lineup-e174eb922a14bd84,0,2099.00000000,34.98333333,0,3,0,0.00000000,13346.00000000,5370.00000000,367,153.50166746,0.24385609,0.12133674,41,1.17198666,0.00000000,492.00000000,628.00000000,24.00000000,1,out_of_time,390.80422238,472.46581623,183.24544392,-1.29499839,2021-02-10
pg-c2681abc88704ef5,ESPORTSTMNT03/1762177,2021-02-16T17:36:25,2021-02-16,2021,Split 1,0,11.03,Red,oe:team:b5ac2d78f427d88ed9666c8d1c9e1d2,7more7 Pompa Team,oe:team:6cedba5819b5b7c465cb3bb48bfe855,Illuminar Gaming,oe:player:82416dfeed801e2846a7c12a3649ab3,behave,jng,Udyr,oe:player:df3e7f4eef306da0e300b26a7c92b00,Graves,jng:Udyr,lineup-e174eb922a14bd84,0,2099.00000000,34.98333333,1,1,1,2.00000000,10962.00000000,4059.00000000,224,116.02667937,0.20029600,0.09171431,55,1.57217723,1.00000000,426.00000000,705.00000000,14.00000000,1,out_of_time,249.29840926,312.30389892,131.45975689,-1.01378348,2021-02-10
pg-f23b25e898f05f94,ESPORTSTMNT03/1762177,2021-02-16T17:36:25,2021-02-16,2021,Split 1,0,11.03,Red,oe:team:b5ac2d78f427d88ed9666c8d1c9e1d2,7more7 Pompa Team,oe:team:6cedba5819b5b7c465cb3bb48bfe855,Illuminar Gaming,oe:player:5a23766ce46653d2b63ac4a40cd61c1,Warszi,mid,Viktor,oe:player:73ac73edf51a3acdfa494e271c6ee29,Orianna,mid:Viktor,lineup-e174eb922a14bd84,0,2099.00000000,34.98333333,1,2,0,0.50000000,12156.00000000,16524.00000000,319,472.33920915,0.22211259,0.37336467,53,1.51500715,0.50000000,184.00000000,207.00000000,-5.00000000,1,out_of_time,393.42288787,431.34469372,152.19401937,0.51852446,2021-02-10
pg-8d7e81b6e8437ce8,ESPORTSTMNT03/1762177,2021-02-16T17:36:25,2021-02-16,2021,Split 1,0,11.03,Red,oe:team:b5ac2d78f427d88ed9666c8d1c9e1d2,7more7 Pompa Team,oe:team:6cedba5819b5b7c465cb3bb48bfe855,Illuminar Gaming,oe:player:a93e0326b85f0312cf1b451e175a7a0,Wojtus,sup,Alistar,oe:player:df5866d3078c786ce03084b78b1f5d9,Rell,sup:Alistar,lineup-e174eb922a14bd84,0,2099.00000000,34.98333333,0,2,1,0.50000000,6645.00000000,1982.00000000,28,56.65555026,0.12141643,0.04478388,76,2.17246308,0.50000000,-144.00000000,-161.00000000,-7.00000000,1,out_of_time,134.96109442,156.26487038,84.59413065,-0.92566167,2021-02-10
pg-b0361fd46eddf8d4,ESPORTSTMNT03/1762177,2021-02-16T17:36:25,2021-02-16,2021,Split 1,0,11.03,Red,oe:team:b5ac2d78f427d88ed9666c8d1c9e1d2,7more7 Pompa Team,oe:team:6cedba5819b5b7c465cb3bb48bfe855,Illuminar Gaming,oe:player:cb5feb1b7314637725a2e73bdc9f729,Color,top,Renekton,oe:player:2925560e555046ad9b0066ff181fe21,Gragas,top:Renekton,lineup-e174eb922a14bd84,0,2099.00000000,34.98333333,0,2,2,1.00000000,11620.00000000,16322.00000000,267,466.56503097,0.21231888,0.36880042,42,1.20057170,1.00000000,1207.00000000,924.00000000,18.00000000,1,out_of_time,315.70397055,402.51643183,168.96978041,0.89282865,2021-02-10
pg-f3d10fb05fe2ca99,ESPORTSTMNT03/1762225,2021-02-16T18:43:34,2021-02-16,2021,Split 1,0,11.03,Blue,oe:team:f27741afb3044c971eeced9d0c2daa1,devils.one,oe:team:3a1d5821b38ab1ddec52f944973d1bd,Gentlemen's Gaming,oe:player:694ee794a9d3a8c3fbd658becb89769,Zamulek,bot,Samira,oe:player:50cce5a33514ebe62201a0a45314eca,Xayah,bot:Samira,lineup-96cee117298b4401,1,2092.00000000,34.86666667,9,2,3,6.00000000,16944.00000000,21912.00000000,312,628.45124283,0.25580483,0.26297977,42,1.20458891,0.50000000,1550.00000000,-312.00000000,17.00000000,1,out_of_time,522.34253945,472.46581623,183.24544392,0.57905234,2021-02-10
pg-a2c774378c9336f4,ESPORTSTMNT03/1762225,2021-02-16T18:43:34,2021-02-16,2021,Split 1,0,11.03,Blue,oe:team:f27741afb3044c971eeced9d0c2daa1,devils.one,oe:team:3a1d5821b38ab1ddec52f944973d1bd,Gentlemen's Gaming,oe:player:2d1fca25321f6983dc3e1da11039a80,Diagu,jng,Nidalee,oe:player:6dc7ae729c87dd9b26169b0fbaf04e7,Lillia,jng:Nidalee,lineup-96cee117298b4401,1,2092.00000000,34.86666667,5,1,13,18.00000000,13505.00000000,20527.00000000,224,588.72848948,0.20388599,0.24635750,56,1.60611855,0.75000000,735.00000000,86.00000000,-24.00000000,1,out_of_time,408.56048788,312.30389892,131.45975689,1.37051829,2021-02-10
pg-e939ec3716738d45,ESPORTSTMNT03/1762225,2021-02-16T18:43:34,2021-02-16,2021,Split 1,0,11.03,Blue,oe:team:f27741afb3044c971eeced9d0c2daa1,devils.one,oe:team:3a1d5821b38ab1ddec52f944973d1bd,Gentlemen's Gaming,oe:player:efde1a9fe9e6f1059c3fce2ec296fae,many,mid,Seraphine,oe:player:62ead8b1e25dbc7197a2007bcc4dbe0,Tristana,mid:Seraphine,lineup-96cee117298b4401,1,2092.00000000,34.86666667,4,0,15,19.00000000,13095.00000000,11549.00000000,251,331.23326960,0.19769619,0.13860685,26,0.74569790,0.79166667,-145.00000000,99.00000000,0.00000000,1,out_of_time,485.95951138,431.34469372,152.19401937,-1.01663812,2021-02-10
pg-fbff3c7a13683abe,ESPORTSTMNT03/1762225,2021-02-16T18:43:34,2021-02-16,2021,Split 1,0,11.03,Blue,oe:team:f27741afb3044c971eeced9d0c2daa1,devils.one,oe:team:3a1d5821b38ab1ddec52f944973d1bd,Gentlemen's Gaming,oe:player:945f30b38a435b37c2e70d893cb6a72,YuNIshinoya,sup,Galio,oe:player:f32776bb3b0bfb1cd3261868df4dfce,Alistar,sup:Galio,lineup-96cee117298b4401,1,2092.00000000,34.86666667,4,3,14,6.00000000,9701.00000000,9222.00000000,51,264.49330784,0.14645672,0.11067905,111,3.18355641,0.75000000,428.00000000,864.00000000,5.00000000,1,out_of_time,245.36910448,156.26487038,84.59413065,0.22607010,2021-02-10
pg-853c07d9d42990ed,ESPORTSTMNT03/1762225,2021-02-16T18:43:34,2021-02-16,2021,Split 1,0,11.03,Blue,oe:team:f27741afb3044c971eeced9d0c2daa1,devils.one,oe:team:3a1d5821b38ab1ddec52f944973d1bd,Gentlemen's Gaming,oe:player:e93fad90f312c1f10c64b60e5ba17c7,sheru,top,Camille,oe:player:a2694196d288cd26055602729d0bb5c,Gragas,top:Camille,lineup-96cee117298b4401,1,2092.00000000,34.86666667,2,2,14,8.00000000,12993.00000000,20112.00000000,251,576.82600382,0.19615628,0.24137683,32,0.91778203,0.66666667,-80.00000000,299.00000000,20.00000000,1,out_of_time,472.04518416,402.51643183,168.96978041,0.62011574,2021-02-10
pg-ebf3b4ff4947d8ce,ESPORTSTMNT03/1762225,2021-02-16T18:43:34,2021-02-16,2021,Split 1,0,11.03,Red,oe:team:3a1d5821b38ab1ddec52f944973d1bd,Gentlemen's Gaming,oe:team:f27741afb3044c971eeced9d0c2daa1,devils.one,oe:player:50cce5a33514ebe62201a0a45314eca,Yashiro,bot,Xayah,oe:player:694ee794a9d3a8c3fbd658becb89769,Samira,bot:Xayah,lineup-e71ddd98b498ea4f,0,2092.00000000,34.86666667,2,5,1,0.60000000,13000.00000000,18876.00000000,306,541.37667304,0.23042700,0.30282515,27,0.77437859,0.37500000,-1550.00000000,312.00000000,-17.00000000,1,out_of_time,431.71006720,472.46581623,183.24544392,0.59846839,2021-02-10
pg-6f052a49d764665e,ESPORTSTMNT03/1762225,2021-02-16T18:43:34,2021-02-16,2021,Split 1,0,11.03,Red,oe:team:3a1d5821b38ab1ddec52f944973d1bd,Gentlemen's Gaming,oe:team:f27741afb3044c971eeced9d0c2daa1,devils.one,oe:player:6dc7ae729c87dd9b26169b0fbaf04e7,Jenxas,jng,Lillia,oe:player:2d1fca25321f6983dc3e1da11039a80,Nidalee,jng:Lillia,lineup-e71ddd98b498ea4f,0,2092.00000000,34.86666667,3,5,1,0.80000000,11737.00000000,11210.00000000,231,321.51051625,0.20804013,0.17984053,51,1.46271511,0.50000000,-735.00000000,-86.00000000,24.00000000,1,out_of_time,323.48143665,312.30389892,131.45975689,-0.01499258,2021-02-10
pg-bcc16c7e712844ab,ESPORTSTMNT03/1762225,2021-02-16T18:43:34,2021-02-16,2021,Split 1,0,11.03,Red,oe:team:3a1d5821b38ab1ddec52f944973d1bd,Gentlemen's Gaming,oe:team:f27741afb3044c971eeced9d0c2daa1,devils.one,oe:player:62ead8b1e25dbc7197a2007bcc4dbe0,Chosii,mid,Tristana,oe:player:efde1a9fe9e6f1059c3fce2ec296fae,Seraphine,mid:Tristana,lineup-e71ddd98b498ea4f,0,2092.00000000,34.86666667,3,4,3,1.50000000,14101.00000000,15141.00000000,283,434.25430210,0.24994239,0.24290504,43,1.23326960,0.75000000,145.00000000,-99.00000000,0.00000000,1,out_of_time,390.69705700,431.34469372,152.19401937,0.28619551,2021-02-10
pg-6514fc135b46ead5,ESPORTSTMNT03/1762225,2021-02-16T18:43:34,2021-02-16,2021,Split 1,0,11.03,Red,oe:team:3a1d5821b38ab1ddec52f944973d1bd,Gentlemen's Gaming,oe:team:f27741afb3044c971eeced9d0c2daa1,devils.one,oe:player:f32776bb3b0bfb1cd3261868df4dfce,Calmsky,sup,Alistar,oe:player:945f30b38a435b37c2e70d893cb6a72,Galio,sup:Alistar,lineup-e71ddd98b498ea4f,0,2092.00000000,34.86666667,0,6,6,1.00000000,6809.00000000,4292.00000000,24,123.09751434,0.12069057,0.06885598,78,2.23709369,0.75000000,-428.00000000,-864.00000000,-5.00000000,1,out_of_time,173.47953511,156.26487038,84.59413065,-0.59557348,2021-02-10
pg-1c7d79fd865fd2f0,ESPORTSTMNT03/1762225,2021-02-16T18:43:34,2021-02-16,2021,Split 1,0,11.03,Red,oe:team:3a1d5821b38ab1ddec52f944973d1bd,Gentlemen's Gaming,oe:team:f27741afb3044c971eeced9d0c2daa1,devils.one,oe:player:a2694196d288cd26055602729d0bb5c,HeSSZero,top,Gragas,oe:player:e93fad90f312c1f10c64b60e5ba17c7,Camille,top:Gragas,lineup-e71ddd98b498ea4f,0,2092.00000000,34.86666667,0,4,6,1.50000000,10770.00000000,12814.00000000,216,367.51434034,0.19089991,0.20557329,45,1.29063098,0.75000000,80.00000000,-299.00000000,-20.00000000,1,out_of_time,372.84061132,402.51643183,168.96978041,-0.03152203,2021-02-10
pg-2615ae3ee5c70df8,ESPORTSTMNT03/1752738,2021-02-17T15:19:02,2021-02-17,2021,Split 1,0,11.03,Blue,oe:team:5a5f8cc0161f43afe3461b293535517,AGO ROGUE,oe:team:5628f250931675f9c0d20aad46cc117,Komil & Friends,oe:player:0482daf6543f102a27a265342292bb7,Lucker,bot,Vayne,oe:player:1ecc2cf8dc5f05719ca235f6d0be5e2,Jhin,bot:Vayne,lineup-de5e31d683ce7975,0,1948.00000000,32.46666667,3,6,4,1.16666667,13321.00000000,16372.00000000,280,504.27104723,0.24330149,0.27787301,18,0.55441478,0.70000000,47.00000000,-961.00000000,-3.00000000,1,out_of_time,531.63523890,472.46581623,183.24544392,-0.14933082,2021-02-10
pg-270835b276d0a868,ESPORTSTMNT03/1752738,2021-02-17T15:19:02,2021-02-17,2021,Split 1,0,11.03,Blue,oe:team:5a5f8cc0161f43afe3461b293535517,AGO ROGUE,oe:team:5628f250931675f9c0d20aad46cc117,Komil & Friends,oe:player:6fc5fe723eed4ba4c230292be365c66,Lurox,jng,Lillia,oe:player:24807d9986c4fda13d994791032cde1,Udyr,jng:Lillia,lineup-de5e31d683ce7975,0,1948.00000000,32.46666667,3,4,2,1.25000000,11211.00000000,10695.00000000,219,329.41478439,0.20476338,0.18152039,42,1.29363450,0.50000000,-244.00000000,-186.00000000,3.00000000,1,out_of_time,435.76473734,312.30389892,131.45975689,-0.80899247,2021-02-10
pg-e60085ed1eb03eb4,ESPORTSTMNT03/1752738,2021-02-17T15:19:02,2021-02-17,2021,Split 1,0,11.03,Blue,oe:team:5a5f8cc0161f43afe3461b293535517,AGO ROGUE,oe:team:5628f250931675f9c0d20aad46cc117,Komil & Friends,oe:player:2096ff50c6496d70e4b39793390c9ce,Sencux,mid,Viktor,oe:player:56b90211cf581dd16f58da4eb71317f,Azir,mid:Viktor,lineup-de5e31d683ce7975,0,1948.00000000,32.46666667,1,4,4,1.25000000,11357.00000000,17258.00000000,284,531.56057495,0.20743000,0.29291061,16,0.49281314,0.50000000,1.00000000,-141.00000000,7.00000000,1,out_of_time,523.08731714,431.34469372,152.19401937,0.05567405,2021-02-10
pg-e7d0fefcb0fd2dd5,ESPORTSTMNT03/1752738,2021-02-17T15:19:02,2021-02-17,2021,Split 1,0,11.03,Blue,oe:team:5a5f8cc0161f43afe3461b293535517,AGO ROGUE,oe:team:5628f250931675f9c0d20aad46cc117,Komil & Friends,oe:player:3e68fd564e4e518b8aed89b9a0bf855,Pyrka,sup,Rell,oe:player:a75d4ca0929b3a53c507950ccc366ed,Alistar,sup:Rell,lineup-de5e31d683ce7975,0,1948.00000000,32.46666667,2,6,7,1.50000000,7329.00000000,3167.00000000,31,97.54620123,0.13386057,0.05375176,80,2.46406571,0.90000000,419.00000000,-99.00000000,4.00000000,1,out_of_time,280.21043787,156.26487038,84.59413065,-2.15930154,2021-02-10
pg-626fdc1f31058f7e,ESPORTSTMNT03/1752738,2021-02-17T15:19:02,2021-02-17,2021,Split 1,0,11.03,Blue,oe:team:5a5f8cc0161f43afe3461b293535517,AGO ROGUE,oe:team:5628f250931675f9c0d20aad46cc117,Komil & Friends,oe:player:a7b756e008bfcb7148cdb51f886c3fa,Sinmivak,top,Gangplank,oe:player:8e00e6377e8725af3b2bc927d6710e4,Urgot,top:Gangplank,lineup-de5e31d683ce7975,0,1948.00000000,32.46666667,1,2,6,3.50000000,11533.00000000,11427.00000000,231,351.96098563,0.21064455,0.19394423,27,0.83162218,0.70000000,415.00000000,776.00000000,25.00000000,1,out_of_time,530.97688765,402.51643183,168.96978041,-1.05945514,2021-02-10
pg-5f8aab0aab15e14d,ESPORTSTMNT03/1752738,2021-02-17T15:19:02,2021-02-17,2021,Split 1,0,11.03,Red,oe:team:5628f250931675f9c0d20aad46cc117,Komil & Friends,oe:team:5a5f8cc0161f43afe3461b293535517,AGO ROGUE,oe:player:1ecc2cf8dc5f05719ca235f6d0be5e2,svns,bot,Jhin,oe:player:0482daf6543f102a27a265342292bb7,Vayne,bot:Jhin,lineup-aa3f394a3c5e3666,1,1948.00000000,32.46666667,6,1,8,14.00000000,15366.00000000,18384.00000000,281,566.24229979,0.23273708,0.32297962,57,1.75564682,0.63636364,-47.00000000,961.00000000,3.00000000,1,out_of_time,350.00038355,472.46581623,183.24544392,1.18006708,2021-02-10
pg-5dc5150bb60fb1dc,ESPORTSTMNT03/1752738,2021-02-17T15:19:02,2021-02-17,2021,Split 1,0,11.03,Red,oe:team:5628f250931675f9c0d20aad46cc117,Komil & Friends,oe:team:5a5f8cc0161f43afe3461b293535517,AGO ROGUE,oe:player:24807d9986c4fda13d994791032cde1,Ben3k,jng,Udyr,oe:player:6fc5fe723eed4ba4c230292be365c66,Lillia,jng:Udyr,lineup-aa3f394a3c5e3666,1,1948.00000000,32.46666667,5,3,8,4.33333333,12917.00000000,7099.00000000,207,218.65503080,0.19564394,0.12471890,34,1.04722793,0.59090909,244.00000000,186.00000000,-3.00000000,1,out_of_time,237.45253933,312.30389892,131.45975689,-0.14299059,2021-02-10
pg-a892762f547d7b42,ESPORTSTMNT03/1752738,2021-02-17T15:19:02,2021-02-17,2021,Split 1,0,11.03,Red,oe:team:5628f250931675f9c0d20aad46cc117,Komil & Friends,oe:team:5a5f8cc0161f43afe3461b293535517,AGO ROGUE,oe:player:56b90211cf581dd16f58da4eb71317f,Wojux,mid,Azir,oe:player:2096ff50c6496d70e4b39793390c9ce,Viktor,mid:Azir,lineup-aa3f394a3c5e3666,1,1948.00000000,32.46666667,2,0,10,12.00000000,13812.00000000,17362.00000000,287,534.76386037,0.20919982,0.30502460,30,0.92402464,0.54545455,-1.00000000,141.00000000,-7.00000000,1,out_of_time,355.83545962,431.34469372,152.19401937,1.17565987,2021-02-10
pg-786261730ab223eb,ESPORTSTMNT03/1752738,2021-02-17T15:19:02,2021-02-17,2021,Split 1,0,11.03,Red,oe:team:5628f250931675f9c0d20aad46cc117,Komil & Friends,oe:team:5a5f8cc0161f43afe3461b293535517,AGO ROGUE,oe:player:a75d4ca0929b3a53c507950ccc366ed,April,sup,Alistar,oe:player:3e68fd564e4e518b8aed89b9a0bf855,Rell,sup:Alistar,lineup-aa3f394a3c5e3666,1,1948.00000000,32.46666667,2,4,11,3.25000000,8575.00000000,3965.00000000,29,122.12525667,0.12987898,0.06965917,72,2.21765914,0.59090909,-419.00000000,99.00000000,-4.00000000,1,out_of_time,106.01331658,156.26487038,84.59413065,0.19046168,2021-02-10
pg-c46f8ce469e11273,ESPORTSTMNT03/1752738,2021-02-17T15:19:02,2021-02-17,2021,Split 1,0,11.03,Red,oe:team:5628f250931675f9c0d20aad46cc117,Komil & Friends,oe:team:5a5f8cc0161f43afe3461b293535517,AGO ROGUE,oe:player:8e00e6377e8725af3b2bc927d6710e4,Grzybek,top,Urgot,oe:player:a7b756e008bfcb7148cdb51f886c3fa,Gangplank,top:Urgot,lineup-aa3f394a3c5e3666,1,1948.00000000,32.46666667,7,2,10,8.50000000,15353.00000000,10110.00000000,234,311.39630390,0.23254018,0.17761771,35,1.07802875,0.77272727,-415.00000000,-776.00000000,-25.00000000,1,out_of_time,344.34047940,402.51643183,168.96978041,-0.19497081,2021-02-10
pg-5c5ccd7a6e5159a7,ESPORTSTMNT03/1752809,2021-02-17T16:43:20,2021-02-17,2021,Split 1,0,11.03,Blue,oe:team:3a1d5821b38ab1ddec52f944973d1bd,Gentlemen's Gaming,oe:team:73f3cc4e54620b1454530648442e066,K1CK,oe:player:50cce5a33514ebe62201a0a45314eca,Yashiro,bot,Kai'Sa,oe:player:b4a352b2b8782a2bb21bce1a2f47645,Senna,bot:Kai'Sa,lineup-e71ddd98b498ea4f,1,2097.00000000,34.95000000,8,2,3,5.50000000,16647.00000000,16437.00000000,294,470.30042918,0.27103549,0.27456778,51,1.45922747,0.78571429,159.00000000,791.00000000,14.00000000,1,out_of_time,494.78583333,472.46581623,183.24544392,-0.13362081,2021-02-10
pg-fe07f0649402d4ef,ESPORTSTMNT03/1752809,2021-02-17T16:43:20,2021-02-17,2021,Split 1,0,11.03,Blue,oe:team:3a1d5821b38ab1ddec52f944973d1bd,Gentlemen's Gaming,oe:team:73f3cc4e54620b1454530648442e066,K1CK,oe:player:6dc7ae729c87dd9b26169b0fbaf04e7,Jenxas,jng,Graves,oe:player:7471c21aed615dae3e49140eca8ce89,Olaf,jng:Graves,lineup-e71ddd98b498ea4f,1,2097.00000000,34.95000000,3,2,4,3.50000000,13398.00000000,14087.00000000,267,403.06151645,0.21813741,0.23531279,53,1.51645207,0.50000000,1117.00000000,2137.00000000,37.00000000,1,out_of_time,286.17097356,312.30389892,131.45975689,0.88917358,2021-02-10
pg-1054bafdbc9418b2,ESPORTSTMNT03/1752809,2021-02-17T16:43:20,2021-02-17,2021,Split 1,0,11.03,Blue,oe:team:3a1d5821b38ab1ddec52f944973d1bd,Gentlemen's Gaming,oe:team:73f3cc4e54620b1454530648442e066,K1CK,oe:player:62ead8b1e25dbc7197a2007bcc4dbe0,Chosii,mid,Azir,oe:player:be4ce50af0cd0d8574aa3820c37d1ae,Seraphine,mid:Azir,lineup-e71ddd98b498ea4f,1,2097.00000000,34.95000000,3,2,7,5.00000000,13183.00000000,15731.00000000,285,450.10014306,0.21463693,0.26277458,51,1.45922747,0.71428571,-56.00000000,-121.00000000,-6.00000000,1,out_of_time,394.88772557,431.34469372,152.19401937,0.36277653,2021-02-10
pg-8f1a69ffa64f39b8,ESPORTSTMNT03/1752809,2021-02-17T16:43:20,2021-02-17,2021,Split 1,0,11.03,Blue,oe:team:3a1d5821b38ab1ddec52f944973d1bd,Gentlemen's Gaming,oe:team:73f3cc4e54620b1454530648442e066,K1CK,oe:player:f32776bb3b0bfb1cd3261868df4dfce,Calmsky,sup,Alistar,oe:player:84bd988294f5dd9ae9a499abf6524a0,Nautilus,sup:Alistar,lineup-e71ddd98b498ea4f,1,2097.00000000,34.95000000,0,4,10,2.50000000,8368.00000000,5229.00000000,41,149.61373391,0.13624227,0.08734653,99,2.83261803,0.71428571,345.00000000,186.00000000,6.00000000,1,out_of_time,164.33565969,156.26487038,84.59413065,-0.17403011,2021-02-10
pg-17576e39be960afd,ESPORTSTMNT03/1752809,2021-02-17T16:43:20,2021-02-17,2021,Split 1,0,11.03,Blue,oe:team:3a1d5821b38ab1ddec52f944973d1bd,Gentlemen's Gaming,oe:team:73f3cc4e54620b1454530648442e066,K1CK,oe:player:a2694196d288cd26055602729d0bb5c,HeSSZero,top,Ornn,oe:player:4841aa27ab85be0b9f45fed1d5e7b09,Sylas,top:Ornn,lineup-e71ddd98b498ea4f,1,2097.00000000,34.95000000,0,3,9,3.00000000,9824.00000000,8381.00000000,164,239.79971388,0.15994790,0.13999833,34,0.97281831,0.64285714,-486.00000000,-822.00000000,-29.00000000,1,out_of_time,361.27170036,402.51643183,168.96978041,-0.71889770,2021-02-10
pg-4ac41ba0f02b9faf,ESPORTSTMNT03/1752809,2021-02-17T16:43:20,2021-02-17,2021,Split 1,0,11.03,Red,oe:team:73f3cc4e54620b1454530648442e066,K1CK,oe:team:3a1d5821b38ab1ddec52f944973d1bd,Gentlemen's Gaming,oe:player:b4a352b2b8782a2bb21bce1a2f47645,Puki Style,bot,Senna,oe:player:50cce5a33514ebe62201a0a45314eca,Kai'Sa,bot:Senna,lineup-199bafdd01ac68ac,0,2097.00000000,34.95000000,3,3,8,3.66666667,13838.00000000,18303.00000000,253,523.69098712,0.24714245,0.29502410,41,1.17310443,0.84615385,-159.00000000,-791.00000000,-14.00000000,1,out_of_time,449.39355461,472.46581623,183.24544392,0.40545310,2021-02-10
pg-afdd3e118afddab2,ESPORTSTMNT03/1752809,2021-02-17T16:43:20,2021-02-17,2021,Split 1,0,11.03,Red,oe:team:73f3cc4e54620b1454530648442e066,K1CK,oe:team:3a1d5821b38ab1ddec52f944973d1bd,Gentlemen's Gaming,oe:player:7471c21aed615dae3e49140eca8ce89,Bruness,jng,Olaf,oe:player:6dc7ae729c87dd9b26169b0fbaf04e7,Graves,jng:Olaf,lineup-199bafdd01ac68ac,0,2097.00000000,34.95000000,4,3,5,3.00000000,10532.00000000,12493.00000000,160,357.45350501,0.18809830,0.20137333,26,0.74391989,0.69230769,-1117.00000000,-2137.00000000,-37.00000000,1,out_of_time,334.86010054,312.30389892,131.45975689,0.17186556,2021-02-10
pg-e5f3220f425f6c7f,ESPORTSTMNT03/1752809,2021-02-17T16:43:20,2021-02-17,2021,Split 1,0,11.03,Red,oe:team:73f3cc4e54620b1454530648442e066,K1CK,oe:team:3a1d5821b38ab1ddec52f944973d1bd,Gentlemen's Gaming,oe:player:be4ce50af0cd0d8574aa3820c37d1ae,Matislaw,mid,Seraphine,oe:player:62ead8b1e25dbc7197a2007bcc4dbe0,Azir,mid:Seraphine,lineup-199bafdd01ac68ac,0,2097.00000000,34.95000000,2,3,8,3.33333333,12693.00000000,11436.00000000,283,327.21030043,0.22669310,0.18433566,29,0.82975680,0.76923077,56.00000000,121.00000000,6.00000000,1,out_of_time,397.06177098,431.34469372,152.19401937,-0.45896331,2021-02-10
pg-0d905d357786e6c0,ESPORTSTMNT03/1752809,2021-02-17T16:43:20,2021-02-17,2021,Split 1,0,11.03,Red,oe:team:73f3cc4e54620b1454530648442e066,K1CK,oe:team:3a1d5821b38ab1ddec52f944973d1bd,Gentlemen's Gaming,oe:player:84bd988294f5dd9ae9a499abf6524a0,Raxxo,sup,Nautilus,oe:player:f32776bb3b0bfb1cd3261868df4dfce,Alistar,sup:Nautilus,lineup-199bafdd01ac68ac,0,2097.00000000,34.95000000,1,1,9,10.00000000,7509.00000000,4635.00000000,42,132.61802575,0.13410844,0.07471107,93,2.66094421,0.76923077,-345.00000000,-186.00000000,-6.00000000,1,out_of_time,176.55037982,156.26487038,84.59413065,-0.51933100,2021-02-10
pg-971a3e615be080d6,ESPORTSTMNT03/1752809,2021-02-17T16:43:20,2021-02-17,2021,Split 1,0,11.03,Red,oe:team:73f3cc4e54620b1454530648442e066,K1CK,oe:team:3a1d5821b38ab1ddec52f944973d1bd,Gentlemen's Gaming,oe:player:4841aa27ab85be0b9f45fed1d5e7b09,Kackos,top,Sylas,oe:player:a2694196d288cd26055602729d0bb5c,Ornn,top:Sylas,lineup-199bafdd01ac68ac,0,2097.00000000,34.95000000,3,4,6,2.25000000,11420.00000000,15172.00000000,220,434.10586552,0.20395771,0.24455584,32,0.91559371,0.69230769,486.00000000,822.00000000,29.00000000,1,out_of_time,421.07236595,402.51643183,168.96978041,0.07713509,2021-02-10
pg-333cb04d4bfda320,ESPORTSTMNT03/1752834,2021-02-17T17:27:40,2021-02-17,2021,Split 1,0,11.03,Blue,oe:team:b5ac2d78f427d88ed9666c8d1c9e1d2,7more7 Pompa Team,oe:team:f27741afb3044c971eeced9d0c2daa1,devils.one,oe:player:f12b5cb6a2f280205cec33bf1c02e08,Ather,bot,Tahm Kench,oe:player:694ee794a9d3a8c3fbd658becb89769,Kai'Sa,bot:Tahm Kench,lineup-e174eb922a14bd84,1,1982.00000000,33.03333333,1,0,9,10.00000000,11817.00000000,5453.00000000,237,165.07568113,0.19401711,0.09386188,37,1.12008073,0.83333333,-498.00000000,-176.00000000,-19.00000000,1,out_of_time,481.26520881,472.46581623,183.24544392,-1.72549735,2021-02-10
pg-4227d6b851fdcc0b,ESPORTSTMNT03/1752834,2021-02-17T17:27:40,2021-02-17,2021,Split 1,0,11.03,Blue,oe:team:b5ac2d78f427d88ed9666c8d1c9e1d2,7more7 Pompa Team,oe:team:f27741afb3044c971eeced9d0c2daa1,devils.one,oe:player:82416dfeed801e2846a7c12a3649ab3,behave,jng,Lillia,oe:player:2d1fca25321f6983dc3e1da11039a80,Nidalee,jng:Lillia,lineup-e174eb922a14bd84,1,1982.00000000,33.03333333,1,1,6,7.00000000,11973.00000000,9643.00000000,238,291.91725530,0.19657839,0.16598389,44,1.33198789,0.58333333,1040.00000000,810.00000000,18.00000000,1,out_of_time,360.84302048,312.30389892,131.45975689,-0.52431076,2021-02-10
pg-1d1a402daf7586fa,ESPORTSTMNT03/1752834,2021-02-17T17:27:40,2021-02-17,2021,Split 1,0,11.03,Blue,oe:team:b5ac2d78f427d88ed9666c8d1c9e1d2,7more7 Pompa Team,oe:team:f27741afb3044c971eeced9d0c2daa1,devils.one,oe:player:5a23766ce46653d2b63ac4a40cd61c1,Warszi,mid,Orianna,oe:player:efde1a9fe9e6f1059c3fce2ec296fae,Viktor,mid:Orianna,lineup-e174eb922a14bd84,1,1982.00000000,33.03333333,2,0,7,9.00000000,13987.00000000,10352.00000000,339,313.38042381,0.22964520,0.17818783,52,1.57416751,0.75000000,147.00000000,-291.00000000,4.00000000,1,out_of_time,473.74616263,431.34469372,152.19401937,-1.05369278,2021-02-10
pg-029a64e853658b31,ESPORTSTMNT03/1752834,2021-02-17T17:27:40,2021-02-17,2021,Split 1,0,11.03,Blue,oe:team:b5ac2d78f427d88ed9666c8d1c9e1d2,7more7 Pompa Team,oe:team:f27741afb3044c971eeced9d0c2daa1,devils.one,oe:player:a93e0326b85f0312cf1b451e175a7a0,Wojtus,sup,Senna,oe:player:945f30b38a435b37c2e70d893cb6a72,Rell,sup:Senna,lineup-e174eb922a14bd84,1,1982.00000000,33.03333333,3,0,8,11.00000000,9492.00000000,16691.00000000,27,505.27749748,0.15584416,0.28730033,78,2.36125126,0.91666667,567.00000000,25.00000000,-21.00000000,1,out_of_time,266.16462341,156.26487038,84.59413065,2.82658941,2021-02-10
pg-957052310fb30747,ESPORTSTMNT03/1752834,2021-02-17T17:27:40,2021-02-17,2021,Split 1,0,11.03,Blue,oe:team:b5ac2d78f427d88ed9666c8d1c9e1d2,7more7 Pompa Team,oe:team:f27741afb3044c971eeced9d0c2daa1,devils.one,oe:player:cb5feb1b7314637725a2e73bdc9f729,Color,top,Camille,oe:player:e93fad90f312c1f10c64b60e5ba17c7,Ornn,top:Camille,lineup-e174eb922a14bd84,1,1982.00000000,33.03333333,5,2,3,4.00000000,13638.00000000,15957.00000000,264,483.05751766,0.22391515,0.27466607,40,1.21089808,0.66666667,1040.00000000,-266.00000000,15.00000000,1,out_of_time,472.21658256,402.51643183,168.96978041,0.06415902,2021-02-10
pg-75e4c4248bb495e6,ESPORTSTMNT03/1752834,2021-02-17T17:27:40,2021-02-17,2021,Split 1,0,11.03,Red,oe:team:f27741afb3044c971eeced9d0c2daa1,devils.one,oe:team:b5ac2d78f427d88ed9666c8d1c9e1d2,7more7 Pompa Team,oe:player:694ee794a9d3a8c3fbd658becb89769,Zamulek,bot,Kai'Sa,oe:player:f12b5cb6a2f280205cec33bf1c02e08,Tahm Kench,bot:Kai'Sa,lineup-96cee117298b4401,0,1982.00000000,33.03333333,0,3,1,0.33333333,11727.00000000,18834.00000000,302,570.15136226,0.23604597,0.29675732,34,1.02926337,0.33333333,498.00000000,176.00000000,19.00000000,1,out_of_time,475.30589027,472.46581623,183.24544392,0.51758707,2021-02-10
pg-d3691f618e95ec0f,ESPORTSTMNT03/1752834,2021-02-17T17:27:40,2021-02-17,2021,Split 1,0,11.03,Red,oe:team:f27741afb3044c971eeced9d0c2daa1,devils.one,oe:team:b5ac2d78f427d88ed9666c8d1c9e1d2,7more7 Pompa Team,oe:player:2d1fca25321f6983dc3e1da11039a80,Diagu,jng,Nidalee,oe:player:82416dfeed801e2846a7c12a3649ab3,Lillia,jng:Nidalee,lineup-96cee117298b4401,0,1982.00000000,33.03333333,3,1,0,3.00000000,10916.00000000,13163.00000000,229,398.47628658,0.21972183,0.20740239,47,1.42280525,1.00000000,-1040.00000000,-810.00000000,-18.00000000,1,out_of_time,334.23811297,312.30389892,131.45975689,0.48865276,2021-02-10
pg-bedf3576438ec0fd,ESPORTSTMNT03/1752834,2021-02-17T17:27:40,2021-02-17,2021,Split 1,0,11.03,Red,oe:team:f27741afb3044c971eeced9d0c2daa1,devils.one,oe:team:b5ac2d78f427d88ed9666c8d1c9e1d2,7more7 Pompa Team,oe:player:efde1a9fe9e6f1059c3fce2ec296fae,many,mid,Viktor,oe:player:5a23766ce46653d2b63ac4a40cd61c1,Orianna,mid:Viktor,lineup-96cee117298b4401,0,1982.00000000,33.03333333,0,1,1,1.00000000,11447.00000000,16593.00000000,306,502.31079717,0.23041002,0.26144707,15,0.45408678,0.33333333,-147.00000000,291.00000000,-4.00000000,1,out_of_time,423.93451184,431.34469372,152.19401937,0.51497612,2021-02-10
pg-5cc21cdc5c32fce2,ESPORTSTMNT03/1752834,2021-02-17T17:27:40,2021-02-17,2021,Split 1,0,11.03,Red,oe:team:f27741afb3044c971eeced9d0c2daa1,devils.one,oe:team:b5ac2d78f427d88ed9666c8d1c9e1d2,7more7 Pompa Team,oe:player:945f30b38a435b37c2e70d893cb6a72,YuNIshinoya,sup,Rell,oe:player:a93e0326b85f0312cf1b451e175a7a0,Senna,sup:Rell,lineup-96cee117298b4401,0,1982.00000000,33.03333333,0,3,0,0.00000000,6172.00000000,4993.00000000,38,151.15035318,0.12423260,0.07867204,80,2.42179617,0.00000000,-567.00000000,-25.00000000,21.00000000,1,out_of_time,187.38618953,156.26487038,84.59413065,-0.42834930,2021-02-10
pg-54d7394495e42393,ESPORTSTMNT03/1752834,2021-02-17T17:27:40,2021-02-17,2021,Split 1,0,11.03,Red,oe:team:f27741afb3044c971eeced9d0c2daa1,devils.one,oe:team:b5ac2d78f427d88ed9666c8d1c9e1d2,7more7 Pompa Team,oe:player:e93fad90f312c1f10c64b60e5ba17c7,sheru,top,Ornn,oe:player:cb5feb1b7314637725a2e73bdc9f729,Camille,top:Ornn,lineup-96cee117298b4401,0,1982.00000000,33.03333333,0,4,3,0.75000000,9419.00000000,9883.00000000,209,299.18264379,0.18958958,0.15572117,18,0.54490414,1.00000000,-1040.00000000,266.00000000,-15.00000000,1,out_of_time,344.78149261,402.51643183,168.96978041,-0.26986393,2021-02-10
pg-c924a5b37d9b57f3,ESPORTSTMNT03/1752939,2021-02-17T18:38:37,2021-02-17,2021,Split 1,0,11.03,Blue,oe:team:6cedba5819b5b7c465cb3bb48bfe855,Illuminar Gaming,oe:team:1158ec5b08f516ca81868bc48293989,Team ESCA Gaming,oe:player:7705566e63eedc7bd6c4c72d43c9104,odi11,bot,Kai'Sa,oe:player:3d022fcafe5af9f52df92b17c015fe6,Xayah,bot:Kai'Sa,lineup-561550076137b115,1,1913.00000000,31.88333333,1,1,2,3.00000000,13192.00000000,8549.00000000,303,268.13382122,0.22205390,0.16268006,25,0.78410873,0.20000000,743.00000000,417.00000000,30.00000000,1,out_of_time,578.58373593,472.46581623,183.24544392,-1.69417535,2021-02-10
pg-a57d618e920ba80a,ESPORTSTMNT03/1752939,2021-02-17T18:38:37,2021-02-17,2021,Split 1,0,11.03,Blue,oe:team:6cedba5819b5b7c465cb3bb48bfe855,Illuminar Gaming,oe:team:1158ec5b08f516ca81868bc48293989,Team ESCA Gaming,oe:player:df3e7f4eef306da0e300b26a7c92b00,Tabasko,jng,Graves,oe:player:318a60c20ad705c05ceb1e1b2067624,Nidalee,jng:Graves,lineup-561550076137b115,1,1913.00000000,31.88333333,9,0,1,10.00000000,13607.00000000,12381.00000000,242,388.32200732,0.22903937,0.23559970,62,1.94458965,0.66666667,673.00000000,874.00000000,7.00000000,1,out_of_time,354.20310781,312.30389892,131.45975689,0.25953874,2021-02-10
pg-44c41814fd743a65,ESPORTSTMNT03/1752939,2021-02-17T18:38:37,2021-02-17,2021,Split 1,0,11.03,Blue,oe:team:6cedba5819b5b7c465cb3bb48bfe855,Illuminar Gaming,oe:team:1158ec5b08f516ca81868bc48293989,Team ESCA Gaming,oe:player:73ac73edf51a3acdfa494e271c6ee29,Czajek,mid,Azir,oe:player:fd232826ff3976840e994bb85a3bd46,Renekton,mid:Azir,lineup-561550076137b115,1,1913.00000000,31.88333333,2,2,5,3.50000000,13076.00000000,14383.00000000,285,451.11343440,0.22010133,0.27369603,33,1.03502352,0.46666667,844.00000000,1683.00000000,24.00000000,1,out_of_time,464.46973905,431.34469372,152.19401937,-0.08775841,2021-02-10
pg-82d9468066002a08,ESPORTSTMNT03/1752939,2021-02-17T18:38:37,2021-02-17,2021,Split 1,0,11.03,Blue,oe:team:6cedba5819b5b7c465cb3bb48bfe855,Illuminar Gaming,oe:team:1158ec5b08f516ca81868bc48293989,Team ESCA Gaming,oe:player:df5866d3078c786ce03084b78b1f5d9,Czypsy,sup,Alistar,oe:player:c49e01c67147c8b2580273ca5e0d261,Rell,sup:Alistar,lineup-561550076137b115,1,1913.00000000,31.88333333,0,2,4,2.00000000,7436.00000000,4784.00000000,33,150.04704652,0.12516622,0.09103538,90,2.82279143,0.26666667,-16.00000000,-251.00000000,-1.00000000,1,out_of_time,232.14989061,156.26487038,84.59413065,-0.97055013,2021-02-10
pg-9e466a7b0e2a510b,ESPORTSTMNT03/1752939,2021-02-17T18:38:37,2021-02-17,2021,Split 1,0,11.03,Blue,oe:team:6cedba5819b5b7c465cb3bb48bfe855,Illuminar Gaming,oe:team:1158ec5b08f516ca81868bc48293989,Team ESCA Gaming,oe:player:2925560e555046ad9b0066ff181fe21,Melonik,top,Gragas,oe:player:455527eab48df51aaf02979e65dd651,Gnar,top:Gragas,lineup-561550076137b115,1,1913.00000000,31.88333333,3,1,8,11.00000000,12098.00000000,12454.00000000,239,390.61160481,0.20363918,0.23698883,35,1.09775222,0.73333333,706.00000000,865.00000000,16.00000000,1,out_of_time,421.80698074,402.51643183,168.96978041,-0.18462104,2021-02-10
pg-f0580126c63f3ef8,ESPORTSTMNT03/1752939,2021-02-17T18:38:37,2021-02-17,2021,Split 1,0,11.03,Red,oe:team:1158ec5b08f516ca81868bc48293989,Team ESCA Gaming,oe:team:6cedba5819b5b7c465cb3bb48bfe855,Illuminar Gaming,oe:player:3d022fcafe5af9f52df92b17c015fe6,HARPOON,bot,Xayah,oe:player:7705566e63eedc7bd6c4c72d43c9104,Kai'Sa,bot:Xayah,lineup-b65b9b30a31dde93,0,1913.00000000,31.88333333,1,3,0,0.33333333,10943.00000000,9830.00000000,257,308.31155254,0.22125397,0.24409019,28,0.87820178,0.16666667,-743.00000000,-417.00000000,-30.00000000,1,out_of_time,370.21299125,472.46581623,183.24544392,-0.33780615,2021-02-10
pg-00721a16c02a95ba,ESPORTSTMNT03/1752939,2021-02-17T18:38:37,2021-02-17,2021,Split 1,0,11.03,Red,oe:team:1158ec5b08f516ca81868bc48293989,Team ESCA Gaming,oe:team:6cedba5819b5b7c465cb3bb48bfe855,Illuminar Gaming,oe:player:318a60c20ad705c05ceb1e1b2067624,Sh4dowUS,jng,Nidalee,oe:player:df3e7f4eef306da0e300b26a7c92b00,Graves,jng:Nidalee,lineup-b65b9b30a31dde93,0,1913.00000000,31.88333333,3,3,2,1.66666667,10109.00000000,12757.00000000,182,400.11500261,0.20439152,0.31677096,36,1.12911657,0.83333333,-673.00000000,-874.00000000,-7.00000000,1,out_of_time,266.47162841,312.30389892,131.45975689,1.01661054,2021-02-10
pg-8067f2a04a68a263,ESPORTSTMNT03/1752939,2021-02-17T18:38:37,2021-02-17,2021,Split 1,0,11.03,Red,oe:team:1158ec5b08f516ca81868bc48293989,Team ESCA Gaming,oe:team:6cedba5819b5b7c465cb3bb48bfe855,Illuminar Gaming,oe:player:fd232826ff3976840e994bb85a3bd46,DOMOLES,mid,Renekton,oe:player:73ac73edf51a3acdfa494e271c6ee29,Azir,mid:Renekton,lineup-b65b9b30a31dde93,0,1913.00000000,31.88333333,2,4,0,0.50000000,10451.00000000,6207.00000000,221,194.67851542,0.21130633,0.15412694,23,0.72138003,0.33333333,-844.00000000,-1683.00000000,-24.00000000,1,out_of_time,321.75140188,431.34469372,152.19401937,-0.83494008,2021-02-10
pg-b19bec0415f30d58,ESPORTSTMNT03/1752939,2021-02-17T18:38:37,2021-02-17,2021,Split 1,0,11.03,Red,oe:team:1158ec5b08f516ca81868bc48293989,Team ESCA Gaming,oe:team:6cedba5819b5b7c465cb3bb48bfe855,Illuminar Gaming,oe:player:c49e01c67147c8b2580273ca5e0d261,Melekx,sup,Rell,oe:player:df5866d3078c786ce03084b78b1f5d9,Alistar,sup:Rell,lineup-b65b9b30a31dde93,0,1913.00000000,31.88333333,0,2,3,1.50000000,6659.00000000,2566.00000000,44,80.48092002,0.13463677,0.06371673,88,2.76006273,0.50000000,16.00000000,251.00000000,1.00000000,1,out_of_time,104.87378624,156.26487038,84.59413065,-0.28835176,2021-02-10
pg-50cbb7b1e8d13eb7,ESPORTSTMNT03/1752939,2021-02-17T18:38:37,2021-02-17,2021,Split 1,0,11.03,Red,oe:team:1158ec5b08f516ca81868bc48293989,Team ESCA Gaming,oe:team:6cedba5819b5b7c465cb3bb48bfe855,Illuminar Gaming,oe:player:455527eab48df51aaf02979e65dd651,Jaqen,top,Gnar,oe:player:2925560e555046ad9b0066ff181fe21,Gragas,top:Gnar,lineup-b65b9b30a31dde93,0,1913.00000000,31.88333333,0,3,1,0.33333333,11297.00000000,8912.00000000,272,279.51907998,0.22841141,0.22129519,24,0.75274438,0.16666667,-706.00000000,-865.00000000,-16.00000000,1,out_of_time,329.84501468,402.51643183,168.96978041,-0.29783985,2021-02-10
pg-1a1ec31df0f712d9,ESPORTSTMNT03/1765999,2021-02-23T15:44:38,2021-02-23,2021,Split 1,0,11.03,Blue,oe:team:5628f250931675f9c0d20aad46cc117,Komil & Friends,oe:team:b5ac2d78f427d88ed9666c8d1c9e1d2,7more7 Pompa Team,oe:player:1ecc2cf8dc5f05719ca235f6d0be5e2,svns,bot,Kai'Sa,oe:player:f12b5cb6a2f280205cec33bf1c02e08,Jhin,bot:Kai'Sa,lineup-aa3f394a3c5e3666,0,2155.00000000,35.91666667,3,1,1,4.00000000,14364.00000000,11667.00000000,336,324.83526682,0.25922651,0.23942130,34,0.94663573,0.66666667,-83.00000000,125.00000000,-2.00000000,1,out_of_time,452.62597491,472.46581623,183.24544392,-0.69737455,2021-02-10
pg-76dd28e86a88602c,ESPORTSTMNT03/1765999,2021-02-23T15:44:38,2021-02-23,2021,Split 1,0,11.03,Blue,oe:team:5628f250931675f9c0d20aad46cc117,Komil & Friends,oe:team:b5ac2d78f427d88ed9666c8d1c9e1d2,7more7 Pompa Team,oe:player:24807d9986c4fda13d994791032cde1,Ben3k,jng,Lillia,oe:player:82416dfeed801e2846a7c12a3649ab3,Udyr,jng:Lillia,lineup-aa3f394a3c5e3666,0,2155.00000000,35.91666667,0,0,3,3.00000000,9830.00000000,5379.00000000,210,149.76334107,0.17740160,0.11038375,42,1.16937355,0.50000000,-224.00000000,-723.00000000,-5.00000000,1,out_of_time,283.01463222,312.30389892,131.45975689,-1.01362801,2021-02-10
pg-0288e961e960fe35,ESPORTSTMNT03/1765999,2021-02-23T15:44:38,2021-02-23,2021,Split 1,0,11.03,Blue,oe:team:5628f250931675f9c0d20aad46cc117,Komil & Friends,oe:team:b5ac2d78f427d88ed9666c8d1c9e1d2,7more7 Pompa Team,oe:player:56b90211cf581dd16f58da4eb71317f,Wojux,mid,Azir,oe:player:5a23766ce46653d2b63ac4a40cd61c1,Viktor,mid:Azir,lineup-aa3f394a3c5e3666,0,2155.00000000,35.91666667,0,2,4,2.00000000,12082.00000000,15741.00000000,320,438.26450116,0.21804335,0.32302483,30,0.83526682,0.66666667,-216.00000000,-257.00000000,-6.00000000,1,out_of_time,387.21683130,431.34469372,152.19401937,0.33541180,2021-02-10
pg-ff9a0a0190cc1185,ESPORTSTMNT03/1765999,2021-02-23T15:44:38,2021-02-23,2021,Split 1,0,11.03,Blue,oe:team:5628f250931675f9c0d20aad46cc117,Komil & Friends,oe:team:b5ac2d78f427d88ed9666c8d1c9e1d2,7more7 Pompa Team,oe:player:a75d4ca0929b3a53c507950ccc366ed,April,sup,Nautilus,oe:player:a93e0326b85f0312cf1b451e175a7a0,Alistar,sup:Nautilus,lineup-aa3f394a3c5e3666,0,2155.00000000,35.91666667,0,4,4,1.00000000,6701.00000000,2810.00000000,37,78.23665893,0.12093267,0.05766468,90,2.50580046,0.66666667,-134.00000000,192.00000000,0.00000000,1,out_of_time,120.35525119,156.26487038,84.59413065,-0.49789024,2021-02-10
pg-bd9ae01bc20c7181,ESPORTSTMNT03/1765999,2021-02-23T15:44:38,2021-02-23,2021,Split 1,0,11.03,Blue,oe:team:5628f250931675f9c0d20aad46cc117,Komil & Friends,oe:team:b5ac2d78f427d88ed9666c8d1c9e1d2,7more7 Pompa Team,oe:player:8e00e6377e8725af3b2bc927d6710e4,Grzybek,top,Urgot,oe:player:cb5feb1b7314637725a2e73bdc9f729,Gnar,top:Urgot,lineup-aa3f394a3c5e3666,0,2155.00000000,35.91666667,3,3,2,1.66666667,12434.00000000,13133.00000000,257,365.65197216,0.22439588,0.26950544,29,0.80742459,0.83333333,-322.00000000,501.00000000,-34.00000000,1,out_of_time,332.02175528,402.51643183,168.96978041,0.19903096,2021-02-10
pg-fe0f37256a1a42da,ESPORTSTMNT03/1765999,2021-02-23T15:44:38,2021-02-23,2021,Split 1,0,11.03,Red,oe:team:b5ac2d78f427d88ed9666c8d1c9e1d2,7more7 Pompa Team,oe:team:5628f250931675f9c0d20aad46cc117,Komil & Friends,oe:player:f12b5cb6a2f280205cec33bf1c02e08,Ather,bot,Jhin,oe:player:1ecc2cf8dc5f05719ca235f6d0be5e2,Kai'Sa,bot:Jhin,lineup-e174eb922a14bd84,1,2155.00000000,35.91666667,5,0,5,10.00000000,15864.00000000,15986.00000000,332,445.08584687,0.24959879,0.29507531,27,0.75174014,1.00000000,83.00000000,-125.00000000,2.00000000,1,out_of_time,473.04363968,472.46581623,183.24544392,-0.15257019,2021-02-10
pg-5341b36a493452e4,ESPORTSTMNT03/1765999,2021-02-23T15:44:38,2021-02-23,2021,Split 1,0,11.03,Red,oe:team:b5ac2d78f427d88ed9666c8d1c9e1d2,7more7 Pompa Team,oe:team:5628f250931675f9c0d20aad46cc117,Komil & Friends,oe:player:82416dfeed801e2846a7c12a3649ab3,behave,jng,Udyr,oe:player:24807d9986c4fda13d994791032cde1,Lillia,jng:Udyr,lineup-e174eb922a14bd84,1,2155.00000000,35.91666667,1,2,5,3.00000000,11952.00000000,2448.00000000,232,68.15777262,0.18804871,0.04518606,55,1.53132251,0.60000000,224.00000000,723.00000000,5.00000000,1,out_of_time,354.92599338,312.30389892,131.45975689,-2.18141451,2021-02-10
pg-0c33b57be3535285,ESPORTSTMNT03/1765999,2021-02-23T15:44:38,2021-02-23,2021,Split 1,0,11.03,Red,oe:team:b5ac2d78f427d88ed9666c8d1c9e1d2,7more7 Pompa Team,oe:team:5628f250931675f9c0d20aad46cc117,Komil & Friends,oe:player:5a23766ce46653d2b63ac4a40cd61c1,Warszi,mid,Viktor,oe:player:56b90211cf581dd16f58da4eb71317f,Azir,mid:Viktor,lineup-e174eb922a14bd84,1,2155.00000000,35.91666667,3,0,5,8.00000000,14435.00000000,17155.00000000,330,477.63341067,0.22711539,0.31665313,57,1.58700696,0.80000000,216.00000000,257.00000000,6.00000000,1,out_of_time,456.42929440,431.34469372,152.19401937,0.13932293,2021-02-10
pg-6d93dfd0b43ddf41,ESPORTSTMNT03/1765999,2021-02-23T15:44:38,2021-02-23,2021,Split 1,0,11.03,Red,oe:team:b5ac2d78f427d88ed9666c8d1c9e1d2,7more7 Pompa Team,oe:team:5628f250931675f9c0d20aad46cc117,Komil & Friends,oe:player:a93e0326b85f0312cf1b451e175a7a0,Wojtus,sup,Alistar,oe:player:a75d4ca0929b3a53c507950ccc366ed,Nautilus,sup:Alistar,lineup-e174eb922a14bd84,1,2155.00000000,35.91666667,0,3,7,2.33333333,7706.00000000,3101.00000000,30,86.33874710,0.12124359,0.05723937,97,2.70069606,0.70000000,134.00000000,-192.00000000,0.00000000,1,out_of_time,210.74631357,156.26487038,84.59413065,-1.47064064,2021-02-10
pg-1a6fe217c442b05f,ESPORTSTMNT03/1765999,2021-02-23T15:44:38,2021-02-23,2021,Split 1,0,11.03,Red,oe:team:b5ac2d78f427d88ed9666c8d1c9e1d2,7more7 Pompa Team,oe:team:5628f250931675f9c0d20aad46cc117,Komil & Friends,oe:player:cb5feb1b7314637725a2e73bdc9f729,Color,top,Gnar,oe:player:8e00e6377e8725af3b2bc927d6710e4,Urgot,top:Gnar,lineup-e174eb922a14bd84,1,2155.00000000,35.91666667,1,2,6,3.50000000,13601.00000000,15486.00000000,291,431.16473318,0.21399352,0.28584613,34,0.94663573,0.70000000,322.00000000,-501.00000000,34.00000000,1,out_of_time,430.98798129,402.51643183,168.96978041,0.00104606,2021-02-10
pg-c0fc261d53238ea3,ESPORTSTMNT03/1756374,2021-02-23T16:37:16,2021-02-23,2021,Split 1,0,11.03,Blue,oe:team:3a1d5821b38ab1ddec52f944973d1bd,Gentlemen's Gaming,oe:team:5a5f8cc0161f43afe3461b293535517,AGO ROGUE,oe:player:50cce5a33514ebe62201a0a45314eca,Yashiro,bot,Kai'Sa,oe:player:0482daf6543f102a27a265342292bb7,Senna,bot:Kai'Sa,lineup-e71ddd98b498ea4f,0,1615.00000000,26.91666667,1,5,1,0.40000000,8632.00000000,8945.00000000,203,332.32198142,0.21653079,0.26333608,9,0.33436533,0.50000000,241.00000000,112.00000000,99.00000000,1,out_of_time,446.08653841,472.46581623,183.24544392,-0.62083157,2021-02-10
pg-73d39aa32963262f,ESPORTSTMNT03/1756374,2021-02-23T16:37:16,2021-02-23,2021,Split 1,0,11.03,Blue,oe:team:3a1d5821b38ab1ddec52f944973d1bd,Gentlemen's Gaming,oe:team:5a5f8cc0161f43afe3461b293535517,AGO ROGUE,oe:player:6dc7ae729c87dd9b26169b0fbaf04e7,Jenxas,jng,Graves,oe:player:6fc5fe723eed4ba4c230292be365c66,Udyr,jng:Graves,lineup-e71ddd98b498ea4f,0,1615.00000000,26.91666667,2,4,0,0.50000000,8683.00000000,7452.00000000,179,276.85448916,0.21781011,0.21938295,29,1.07739938,0.50000000,-968.00000000,234.00000000,-5.00000000,1,out_of_time,259.69958133,312.30389892,131.45975689,0.13049551,2021-02-10
pg-e6cd3fe0301bac64,ESPORTSTMNT03/1756374,2021-02-23T16:37:16,2021-02-23,2021,Split 1,0,11.03,Blue,oe:team:3a1d5821b38ab1ddec52f944973d1bd,Gentlemen's Gaming,oe:team:5a5f8cc0161f43afe3461b293535517,AGO ROGUE,oe:player:62ead8b1e25dbc7197a2007bcc4dbe0,Chosii,mid,Corki,oe:player:2096ff50c6496d70e4b39793390c9ce,Azir,mid:Corki,lineup-e71ddd98b498ea4f,0,1615.00000000,26.91666667,0,3,1,0.33333333,9085.00000000,9942.00000000,212,369.36222910,0.22789414,0.29268724,31,1.15170279,0.25000000,-454.00000000,-1055.00000000,-27.00000000,1,out_of_time,343.94569451,431.34469372,152.19401937,0.16700088,2021-02-10
pg-bb44b3b2e8fb554a,ESPORTSTMNT03/1756374,2021-02-23T16:37:16,2021-02-23,2021,Split 1,0,11.03,Blue,oe:team:3a1d5821b38ab1ddec52f944973d1bd,Gentlemen's Gaming,oe:team:5a5f8cc0161f43afe3461b293535517,AGO ROGUE,oe:player:f32776bb3b0bfb1cd3261868df4dfce,Calmsky,sup,Alistar,oe:player:3e68fd564e4e518b8aed89b9a0bf855,Tahm Kench,sup:Alistar,lineup-e71ddd98b498ea4f,0,1615.00000000,26.91666667,1,3,2,1.00000000,5656.00000000,3301.00000000,28,122.63777090,0.14187884,0.09717970,53,1.96904025,0.75000000,-1800.00000000,-414.00000000,-91.00000000,1,out_of_time,120.37965059,156.26487038,84.59413065,0.02669358,2021-02-10
pg-1ee1f144466a4d4a,ESPORTSTMNT03/1756374,2021-02-23T16:37:16,2021-02-23,2021,Split 1,0,11.03,Blue,oe:team:3a1d5821b38ab1ddec52f944973d1bd,Gentlemen's Gaming,oe:team:5a5f8cc0161f43afe3461b293535517,AGO ROGUE,oe:player:a2694196d288cd26055602729d0bb5c,HeSSZero,top,Ornn,oe:player:a7b756e008bfcb7148cdb51f886c3fa,Gnar,top:Ornn,lineup-e71ddd98b498ea4f,0,1615.00000000,26.91666667,0,2,2,1.00000000,7809.00000000,4328.00000000,182,160.79256966,0.19588612,0.12741404,19,0.70588235,0.50000000,-1702.00000000,-456.00000000,-19.00000000,1,out_of_time,311.63310984,402.51643183,168.96978041,-0.89270720,2021-02-10
pg-c083c7cfddbe72ff,ESPORTSTMNT03/1756374,2021-02-23T16:37:16,2021-02-23,2021,Split 1,0,11.03,Red,oe:team:5a5f8cc0161f43afe3461b293535517,AGO ROGUE,oe:team:3a1d5821b38ab1ddec52f944973d1bd,Gentlemen's Gaming,oe:player:0482daf6543f102a27a265342292bb7,Lucker,bot,Senna,oe:player:50cce5a33514ebe62201a0a45314eca,Kai'Sa,bot:Senna,lineup-de5e31d683ce7975,1,1615.00000000,26.91666667,7,0,5,12.00000000,10444.00000000,22346.00000000,41,830.19195046,0.18763250,0.34111864,67,2.48916409,0.70588235,-241.00000000,-112.00000000,-99.00000000,1,out_of_time,490.21135878,472.46581623,183.24544392,1.85532903,2021-02-10
pg-c69441880116be37,ESPORTSTMNT03/1756374,2021-02-23T16:37:16,2021-02-23,2021,Split 1,0,11.03,Red,oe:team:5a5f8cc0161f43afe3461b293535517,AGO ROGUE,oe:team:3a1d5821b38ab1ddec52f944973d1bd,Gentlemen's Gaming,oe:player:6fc5fe723eed4ba4c230292be365c66,Lurox,jng,Udyr,oe:player:6dc7ae729c87dd9b26169b0fbaf04e7,Graves,jng:Udyr,lineup-de5e31d683ce7975,1,1615.00000000,26.91666667,4,1,7,11.00000000,11575.00000000,8693.00000000,195,322.95975232,0.20795156,0.13270135,36,1.33746130,0.64705882,968.00000000,-234.00000000,5.00000000,1,out_of_time,348.74493589,312.30389892,131.45975689,-0.19614507,2021-02-10
pg-e7fcae70ba336a56,ESPORTSTMNT03/1756374,2021-02-23T16:37:16,2021-02-23,2021,Split 1,0,11.03,Red,oe:team:5a5f8cc0161f43afe3461b293535517,AGO ROGUE,oe:team:3a1d5821b38ab1ddec52f944973d1bd,Gentlemen's Gaming,oe:player:2096ff50c6496d70e4b39793390c9ce,Sencux,mid,Azir,oe:player:62ead8b1e25dbc7197a2007bcc4dbe0,Corki,mid:Azir,lineup-de5e31d683ce7975,1,1615.00000000,26.91666667,2,2,4,3.00000000,11397.00000000,14355.00000000,254,533.31269350,0.20475369,0.21913354,25,0.92879257,0.35294118,454.00000000,1055.00000000,27.00000000,1,out_of_time,470.10368649,431.34469372,152.19401937,0.41531860,2021-02-10
pg-41a535b2f44a48c1,ESPORTSTMNT03/1756374,2021-02-23T16:37:16,2021-02-23,2021,Split 1,0,11.03,Red,oe:team:5a5f8cc0161f43afe3461b293535517,AGO ROGUE,oe:team:3a1d5821b38ab1ddec52f944973d1bd,Gentlemen's Gaming,oe:player:3e68fd564e4e518b8aed89b9a0bf855,Pyrka,sup,Tahm Kench,oe:player:f32776bb3b0bfb1cd3261868df4dfce,Alistar,sup:Tahm Kench,lineup-de5e31d683ce7975,1,1615.00000000,26.91666667,0,1,11,11.00000000,9142.00000000,5618.00000000,174,208.71826625,0.16424131,0.08576052,25,0.92879257,0.64705882,1800.00000000,414.00000000,91.00000000,1,out_of_time,244.11117247,156.26487038,84.59413065,-0.41838489,2021-02-10
pg-6bdbf07e09ee618b,ESPORTSTMNT03/1756374,2021-02-23T16:37:16,2021-02-23,2021,Split 1,0,11.03,Red,oe:team:5a5f8cc0161f43afe3461b293535517,AGO ROGUE,oe:team:3a1d5821b38ab1ddec52f944973d1bd,Gentlemen's Gaming,oe:player:a7b756e008bfcb7148cdb51f886c3fa,Sinmivak,top,Gnar,oe:player:a2694196d288cd26055602729d0bb5c,Ornn,top:Gnar,lineup-de5e31d683ce7975,1,1615.00000000,26.91666667,4,0,9,13.00000000,13104.00000000,14496.00000000,244,538.55108359,0.23542093,0.22128595,26,0.96594427,0.76470588,1702.00000000,456.00000000,19.00000000,1,out_of_time,464.91836688,402.51643183,168.96978041,0.43577447,2021-02-10
pg-cedfb8a0acb90eb7,ESPORTSTMNT03/1756412,2021-02-23T17:45:54,2021-02-23,2021,Split 1,0,11.03,Blue,oe:team:6cedba5819b5b7c465cb3bb48bfe855,Illuminar Gaming,oe:team:f27741afb3044c971eeced9d0c2daa1,devils.one,oe:player:7705566e63eedc7bd6c4c72d43c9104,odi11,bot,Kai'Sa,oe:player:694ee794a9d3a8c3fbd658becb89769,Vayne,bot:Kai'Sa,lineup-561550076137b115,1,2236.00000000,37.26666667,5,2,3,4.00000000,16563.00000000,21411.00000000,340,574.53488372,0.24589507,0.30700736,45,1.20751342,0.72727273,432.00000000,931.00000000,25.00000000,1,out_of_time,560.05639023,472.46581623,183.24544392,0.07901148,2021-02-10
pg-8feeee5f665af603,ESPORTSTMNT03/1756412,2021-02-23T17:45:54,2021-02-23,2021,Split 1,0,11.03,Blue,oe:team:6cedba5819b5b7c465cb3bb48bfe855,Illuminar Gaming,oe:team:f27741afb3044c971eeced9d0c2daa1,devils.one,oe:player:df3e7f4eef306da0e300b26a7c92b00,Tabasko,jng,Graves,oe:player:2d1fca25321f6983dc3e1da11039a80,Lillia,jng:Graves,lineup-561550076137b115,1,2236.00000000,37.26666667,0,0,6,6.00000000,12663.00000000,6964.00000000,270,186.86940966,0.18799549,0.09985518,56,1.50268336,0.54545455,-1534.00000000,-551.00000000,-4.00000000,1,out_of_time,385.44055034,312.30389892,131.45975689,-1.51050896,2021-02-10
pg-a5d2a26543a4b8eb,ESPORTSTMNT03/1756412,2021-02-23T17:45:54,2021-02-23,2021,Split 1,0,11.03,Blue,oe:team:6cedba5819b5b7c465cb3bb48bfe855,Illuminar Gaming,oe:team:f27741afb3044c971eeced9d0c2daa1,devils.one,oe:player:73ac73edf51a3acdfa494e271c6ee29,Czajek,mid,Syndra,oe:player:efde1a9fe9e6f1059c3fce2ec296fae,Irelia,mid:Syndra,lineup-561550076137b115,1,2236.00000000,37.26666667,1,5,4,1.00000000,12708.00000000,16797.00000000,290,450.72450805,0.18866356,0.24084828,22,0.59033989,0.45454545,378.00000000,270.00000000,9.00000000,1,out_of_time,489.76036975,431.34469372,152.19401937,-0.25648749,2021-02-10
pg-57a2f46bde726a2c,ESPORTSTMNT03/1756412,2021-02-23T17:45:54,2021-02-23,2021,Split 1,0,11.03,Blue,oe:team:6cedba5819b5b7c465cb3bb48bfe855,Illuminar Gaming,oe:team:f27741afb3044c971eeced9d0c2daa1,devils.one,oe:player:df5866d3078c786ce03084b78b1f5d9,Czypsy,sup,Galio,oe:player:945f30b38a435b37c2e70d893cb6a72,Alistar,sup:Galio,lineup-561550076137b115,1,2236.00000000,37.26666667,2,7,6,1.14285714,8930.00000000,7540.00000000,36,202.32558140,0.13257520,0.10811431,110,2.95169946,0.72727273,-302.00000000,-921.00000000,-3.00000000,1,out_of_time,250.54121432,156.26487038,84.59413065,-0.56996428,2021-02-10
pg-01db64dfd15a8ffa,ESPORTSTMNT03/1756412,2021-02-23T17:45:54,2021-02-23,2021,Split 1,0,11.03,Blue,oe:team:6cedba5819b5b7c465cb3bb48bfe855,Illuminar Gaming,oe:team:f27741afb3044c971eeced9d0c2daa1,devils.one,oe:player:2925560e555046ad9b0066ff181fe21,Melonik,top,Gnar,oe:player:e93fad90f312c1f10c64b60e5ba17c7,Gragas,top:Gnar,lineup-561550076137b115,1,2236.00000000,37.26666667,3,2,6,4.50000000,16494.00000000,17029.00000000,298,456.94991055,0.24487069,0.24417488,50,1.34168157,0.81818182,1865.00000000,140.00000000,34.00000000,1,out_of_time,460.00407608,402.51643183,168.96978041,-0.01807522,2021-02-10
pg-1a218fd638350395,ESPORTSTMNT03/1756412,2021-02-23T17:45:54,2021-02-23,2021,Split 1,0,11.03,Red,oe:team:f27741afb3044c971eeced9d0c2daa1,devils.one,oe:team:6cedba5819b5b7c465cb3bb48bfe855,Illuminar Gaming,oe:player:694ee794a9d3a8c3fbd658becb89769,Zamulek,bot,Vayne,oe:player:7705566e63eedc7bd6c4c72d43c9104,Kai'Sa,bot:Vayne,lineup-96cee117298b4401,0,2236.00000000,37.26666667,5,3,5,3.33333333,14895.00000000,16349.00000000,321,438.70304114,0.24308842,0.33087104,51,1.36851521,0.62500000,-432.00000000,-931.00000000,-25.00000000,1,out_of_time,412.44771588,472.46581623,183.24544392,0.14327955,2021-02-10
pg-6e43a962681125ea,ESPORTSTMNT03/1756412,2021-02-23T17:45:54,2021-02-23,2021,Split 1,0,11.03,Red,oe:team:f27741afb3044c971eeced9d0c2daa1,devils.one,oe:team:6cedba5819b5b7c465cb3bb48bfe855,Illuminar Gaming,oe:player:2d1fca25321f6983dc3e1da11039a80,Diagu,jng,Lillia,oe:player:df3e7f4eef306da0e300b26a7c92b00,Graves,jng:Lillia,lineup-96cee117298b4401,0,2236.00000000,37.26666667,5,1,9,14.00000000,13296.00000000,11137.00000000,241,298.84615385,0.21699253,0.22539059,28,0.75134168,0.87500000,1534.00000000,551.00000000,4.00000000,1,out_of_time,303.19819160,312.30389892,131.45975689,-0.03310548,2021-02-10
pg-3356d42d555d4562,ESPORTSTMNT03/1756412,2021-02-23T17:45:54,2021-02-23,2021,Split 1,0,11.03,Red,oe:team:f27741afb3044c971eeced9d0c2daa1,devils.one,oe:team:6cedba5819b5b7c465cb3bb48bfe855,Illuminar Gaming,oe:player:efde1a9fe9e6f1059c3fce2ec296fae,many,mid,Irelia,oe:player:73ac73edf51a3acdfa494e271c6ee29,Syndra,mid:Irelia,lineup-96cee117298b4401,0,2236.00000000,37.26666667,2,3,6,2.66666667,13714.00000000,7927.00000000,317,212.71019678,0.22381434,0.16042662,48,1.28801431,0.50000000,-378.00000000,-270.00000000,-9.00000000,1,out_of_time,370.58983951,431.34469372,152.19401937,-1.03735773,2021-02-10
pg-4de709018cb3d7f8,ESPORTSTMNT03/1756412,2021-02-23T17:45:54,2021-02-23,2021,Split 1,0,11.03,Red,oe:team:f27741afb3044c971eeced9d0c2daa1,devils.one,oe:team:6cedba5819b5b7c465cb3bb48bfe855,Illuminar Gaming,oe:player:945f30b38a435b37c2e70d893cb6a72,YuNIshinoya,sup,Alistar,oe:player:df5866d3078c786ce03084b78b1f5d9,Galio,sup:Alistar,lineup-96cee117298b4401,0,2236.00000000,37.26666667,1,2,11,6.00000000,8353.00000000,4199.00000000,46,112.67441860,0.13632209,0.08497936,120,3.22003578,0.75000000,302.00000000,921.00000000,3.00000000,1,out_of_time,151.87806797,156.26487038,84.59413065,-0.46343226,2021-02-10
pg-e88cf844dd12e12f,ESPORTSTMNT03/1756412,2021-02-23T17:45:54,2021-02-23,2021,Split 1,0,11.03,Red,oe:team:f27741afb3044c971eeced9d0c2daa1,devils.one,oe:team:6cedba5819b5b7c465cb3bb48bfe855,Illuminar Gaming,oe:player:e93fad90f312c1f10c64b60e5ba17c7,sheru,top,Gragas,oe:player:2925560e555046ad9b0066ff181fe21,Gnar,top:Gragas,lineup-96cee117298b4401,0,2236.00000000,37.26666667,3,2,7,5.00000000,11016.00000000,9800.00000000,210,262.96958855,0.17978262,0.19833239,26,0.69767442,0.62500000,-1865.00000000,-140.00000000,-34.00000000,1,out_of_time,355.18665797,402.51643183,168.96978041,-0.54576072,2021-02-10
pg-2ef20a050967f40f,ESPORTSTMNT03/1766115,2021-02-23T18:35:55,2021-02-23,2021,Split 1,0,11.03,Blue,oe:team:73f3cc4e54620b1454530648442e066,K1CK,oe:team:1158ec5b08f516ca81868bc48293989,Team ESCA Gaming,oe:player:b4a352b2b8782a2bb21bce1a2f47645,Puki Style,bot,Kai'Sa,oe:player:3d022fcafe5af9f52df92b17c015fe6,Samira,bot:Kai'Sa,lineup-199bafdd01ac68ac,1,1880.00000000,31.33333333,11,1,4,15.00000000,15819.00000000,23664.00000000,301,755.23404255,0.25328637,0.32213449,45,1.43617021,0.71428571,-68.00000000,-43.00000000,-7.00000000,1,out_of_time,526.61018593,472.46581623,183.24544392,1.24763733,2021-02-10
pg-767079c373b36a2c,ESPORTSTMNT03/1766115,2021-02-23T18:35:55,2021-02-23,2021,Split 1,0,11.03,Blue,oe:team:73f3cc4e54620b1454530648442e066,K1CK,oe:team:1158ec5b08f516ca81868bc48293989,Team ESCA Gaming,oe:player:7471c21aed615dae3e49140eca8ce89,Bruness,jng,Skarner,oe:player:318a60c20ad705c05ceb1e1b2067624,Lillia,jng:Skarner,lineup-199bafdd01ac68ac,1,1880.00000000,31.33333333,2,1,15,17.00000000,10538.00000000,8434.00000000,166,269.17021277,0.16872949,0.11481078,66,2.10638298,0.80952381,69.00000000,461.00000000,2.00000000,1,out_of_time,346.06190052,312.30389892,131.45975689,-0.58490666,2021-02-10
pg-f2eddf69c9b511ff,ESPORTSTMNT03/1766115,2021-02-23T18:35:55,2021-02-23,2021,Split 1,0,11.03,Blue,oe:team:73f3cc4e54620b1454530648442e066,K1CK,oe:team:1158ec5b08f516ca81868bc48293989,Team ESCA Gaming,oe:player:be4ce50af0cd0d8574aa3820c37d1ae,Matislaw,mid,Azir,oe:player:fd232826ff3976840e994bb85a3bd46,Ryze,mid:Azir,lineup-199bafdd01ac68ac,1,1880.00000000,31.33333333,3,1,10,13.00000000,14785.00000000,18442.00000000,318,588.57446809,0.23673045,0.25104819,38,1.21276596,0.61904762,982.00000000,1113.00000000,19.00000000,1,out_of_time,461.43632857,431.34469372,152.19401937,0.83536883,2021-02-10
pg-2a9b51cec5d4c497,ESPORTSTMNT03/1766115,2021-02-23T18:35:55,2021-02-23,2021,Split 1,0,11.03,Blue,oe:team:73f3cc4e54620b1454530648442e066,K1CK,oe:team:1158ec5b08f516ca81868bc48293989,Team ESCA Gaming,oe:player:84bd988294f5dd9ae9a499abf6524a0,Raxxo,sup,Rell,oe:player:c49e01c67147c8b2580273ca5e0d261,Alistar,sup:Rell,lineup-199bafdd01ac68ac,1,1880.00000000,31.33333333,2,2,16,9.00000000,8550.00000000,5609.00000000,31,179.01063830,0.13689857,0.07635448,83,2.64893617,0.85714286,606.00000000,469.00000000,4.00000000,1,out_of_time,206.84265856,156.26487038,84.59413065,-0.32900652,2021-02-10
pg-adbb6f08433bb883,ESPORTSTMNT03/1766115,2021-02-23T18:35:55,2021-02-23,2021,Split 1,0,11.03,Blue,oe:team:73f3cc4e54620b1454530648442e066,K1CK,oe:team:1158ec5b08f516ca81868bc48293989,Team ESCA Gaming,oe:player:4841aa27ab85be0b9f45fed1d5e7b09,Kackos,top,Gnar,oe:player:455527eab48df51aaf02979e65dd651,Renekton,top:Gnar,lineup-199bafdd01ac68ac,1,1880.00000000,31.33333333,3,2,10,6.50000000,12763.00000000,17311.00000000,263,552.47872340,0.20435514,0.23565206,35,1.11702128,0.61904762,-220.00000000,-246.00000000,9.00000000,1,out_of_time,415.70411627,402.51643183,168.96978041,0.80946195,2021-02-10
pg-1b6bc7a65c908ed6,ESPORTSTMNT03/1766115,2021-02-23T18:35:55,2021-02-23,2021,Split 1,0,11.03,Red,oe:team:1158ec5b08f516ca81868bc48293989,Team ESCA Gaming,oe:team:73f3cc4e54620b1454530648442e066,K1CK,oe:player:3d022fcafe5af9f52df92b17c015fe6,HARPOON,bot,Samira,oe:player:b4a352b2b8782a2bb21bce1a2f47645,Kai'Sa,bot:Samira,lineup-b65b9b30a31dde93,0,1880.00000000,31.33333333,3,3,3,2.00000000,13114.00000000,9689.00000000,267,309.22340426,0.25927757,0.26229730,32,1.02127660,0.85714286,68.00000000,43.00000000,7.00000000,1,out_of_time,409.58031632,472.46581623,183.24544392,-0.54766389,2021-02-10
pg-3490d5e6d318ce12,ESPORTSTMNT03/1766115,2021-02-23T18:35:55,2021-02-23,2021,Split 1,0,11.03,Red,oe:team:1158ec5b08f516ca81868bc48293989,Team ESCA Gaming,oe:team:73f3cc4e54620b1454530648442e066,K1CK,oe:player:318a60c20ad705c05ceb1e1b2067624,Sh4dowUS,jng,Lillia,oe:player:7471c21aed615dae3e49140eca8ce89,Skarner,jng:Lillia,lineup-b65b9b30a31dde93,0,1880.00000000,31.33333333,1,5,4,1.00000000,9101.00000000,5793.00000000,166,184.88297872,0.17993634,0.15682612,33,1.05319149,0.71428571,-69.00000000,-461.00000000,-2.00000000,1,out_of_time,288.38370703,312.30389892,131.45975689,-0.78731873,2021-02-10
pg-865f923b17c9f8cc,ESPORTSTMNT03/1766115,2021-02-23T18:35:55,2021-02-23,2021,Split 1,0,11.03,Red,oe:team:1158ec5b08f516ca81868bc48293989,Team ESCA Gaming,oe:team:73f3cc4e54620b1454530648442e066,K1CK,oe:player:fd232826ff3976840e994bb85a3bd46,DOMOLES,mid,Ryze,oe:player:be4ce50af0cd0d8574aa3820c37d1ae,Azir,mid:Ryze,lineup-b65b9b30a31dde93,0,1880.00000000,31.33333333,3,6,3,1.00000000,10685.00000000,11436.00000000,234,364.97872340,0.21125368,0.30959149,22,0.70212766,0.85714286,-982.00000000,-1113.00000000,-19.00000000,1,out_of_time,356.91715190,431.34469372,152.19401937,0.05296904,2021-02-10
pg-0e114b40a0b66789,ESPORTSTMNT03/1766115,2021-02-23T18:35:55,2021-02-23,2021,Split 1,0,11.03,Red,oe:team:1158ec5b08f516ca81868bc48293989,Team ESCA Gaming,oe:team:73f3cc4e54620b1454530648442e066,K1CK,oe:player:c49e01c67147c8b2580273ca5e0d261,Melekx,sup,Alistar,oe:player:84bd988294f5dd9ae9a499abf6524a0,Rell,sup:Alistar,lineup-b65b9b30a31dde93,0,1880.00000000,31.33333333,0,5,6,1.20000000,6529.00000000,2631.00000000,38,83.96808511,0.12908519,0.07122553,71,2.26595745,0.85714286,-606.00000000,-469.00000000,-4.00000000,1,out_of_time,152.80772632,156.26487038,84.59413065,-0.81376380,2021-02-10
pg-73a8683e3d1922da,ESPORTSTMNT03/1766115,2021-02-23T18:35:55,2021-02-23,2021,Split 1,0,11.03,Red,oe:team:1158ec5b08f516ca81868bc48293989,Team ESCA Gaming,oe:team:73f3cc4e54620b1454530648442e066,K1CK,oe:player:455527eab48df51aaf02979e65dd651,Jaqen,top,Renekton,oe:player:4841aa27ab85be0b9f45fed1d5e7b09,Gnar,top:Renekton,lineup-b65b9b30a31dde93,0,1880.00000000,31.33333333,0,2,5,2.50000000,11150.00000000,7390.00000000,269,235.85106383,0.22044722,0.20005956,20,0.63829787,0.71428571,220.00000000,246.00000000,-9.00000000,1,out_of_time,313.02082398,402.51643183,168.96978041,-0.45670747,2021-02-10
pg-f868046cbb847f5a,ESPORTSTMNT03/1766383,2021-02-24T15:30:14,2021-02-24,2021,Split 1,0,11.03,Blue,oe:team:1158ec5b08f516ca81868bc48293989,Team ESCA Gaming,oe:team:3a1d5821b38ab1ddec52f944973d1bd,Gentlemen's Gaming,oe:player:3d022fcafe5af9f52df92b17c015fe6,HARPOON,bot,Samira,oe:player:50cce5a33514ebe62201a0a45314eca,Ezreal,bot:Samira,lineup-b65b9b30a31dde93,1,2171.00000000,36.18333333,1,1,10,11.00000000,13005.00000000,8072.00000000,242,223.08613542,0.18934265,0.12427065,30,0.82911101,0.44000000,-680.00000000,-834.00000000,-21.00000000,1,out_of_time,426.30120775,472.46581623,183.24544392,-1.10897749,2021-02-10
pg-f9cc8febe1353967,ESPORTSTMNT03/1766383,2021-02-24T15:30:14,2021-02-24,2021,Split 1,0,11.03,Blue,oe:team:1158ec5b08f516ca81868bc48293989,Team ESCA Gaming,oe:team:3a1d5821b38ab1ddec52f944973d1bd,Gentlemen's Gaming,oe:player:318a60c20ad705c05ceb1e1b2067624,Sh4dowUS,jng,Taliyah,oe:player:6dc7ae729c87dd9b26169b0fbaf04e7,Graves,jng:Taliyah,lineup-b65b9b30a31dde93,1,2171.00000000,36.18333333,8,1,10,18.00000000,15948.00000000,23051.00000000,270,637.06126209,0.23219043,0.35487645,55,1.52003685,0.72000000,950.00000000,495.00000000,0.00000000,1,out_of_time,338.90626676,312.30389892,131.45975689,2.26803246,2021-02-10
pg-3e2f0db6973cdf19,ESPORTSTMNT03/1766383,2021-02-24T15:30:14,2021-02-24,2021,Split 1,0,11.03,Blue,oe:team:1158ec5b08f516ca81868bc48293989,Team ESCA Gaming,oe:team:3a1d5821b38ab1ddec52f944973d1bd,Gentlemen's Gaming,oe:player:fd232826ff3976840e994bb85a3bd46,DOMOLES,mid,Renekton,oe:player:62ead8b1e25dbc7197a2007bcc4dbe0,Syndra,mid:Renekton,lineup-b65b9b30a31dde93,1,2171.00000000,36.18333333,9,3,9,6.00000000,15160.00000000,12749.00000000,224,352.34454169,0.22071777,0.19627434,44,1.21602948,0.72000000,560.00000000,-214.00000000,-14.00000000,1,out_of_time,401.48453914,431.34469372,152.19401937,-0.32287732,2021-02-10
pg-fce96cdbc4743985,ESPORTSTMNT03/1766383,2021-02-24T15:30:14,2021-02-24,2021,Split 1,0,11.03,Blue,oe:team:1158ec5b08f516ca81868bc48293989,Team ESCA Gaming,oe:team:3a1d5821b38ab1ddec52f944973d1bd,Gentlemen's Gaming,oe:player:c49e01c67147c8b2580273ca5e0d261,Melekx,sup,Nautilus,oe:player:f32776bb3b0bfb1cd3261868df4dfce,Rell,sup:Nautilus,lineup-b65b9b30a31dde93,1,2171.00000000,36.18333333,3,2,14,8.50000000,9620.00000000,5365.00000000,37,148.27268540,0.14005969,0.08259564,90,2.48733303,0.68000000,222.00000000,422.00000000,4.00000000,1,out_of_time,204.00268332,156.26487038,84.59413065,-0.65879273,2021-02-10
pg-b7b7ffac793309b3,ESPORTSTMNT03/1766383,2021-02-24T15:30:14,2021-02-24,2021,Split 1,0,11.03,Blue,oe:team:1158ec5b08f516ca81868bc48293989,Team ESCA Gaming,oe:team:3a1d5821b38ab1ddec52f944973d1bd,Gentlemen's Gaming,oe:player:455527eab48df51aaf02979e65dd651,Jaqen,top,Camille,oe:player:a2694196d288cd26055602729d0bb5c,Ornn,top:Camille,lineup-b65b9b30a31dde93,1,2171.00000000,36.18333333,4,2,9,6.50000000,14952.00000000,15718.00000000,246,434.39889452,0.21768945,0.24198291,31,0.85674804,0.52000000,1878.00000000,1439.00000000,26.00000000,1,out_of_time,436.79763096,402.51643183,168.96978041,-0.01419625,2021-02-10
pg-35f8c5257ef830b2,ESPORTSTMNT03/1766383,2021-02-24T15:30:14,2021-02-24,2021,Split 1,0,11.03,Red,oe:team:3a1d5821b38ab1ddec52f944973d1bd,Gentlemen's Gaming,oe:team:1158ec5b08f516ca81868bc48293989,Team ESCA Gaming,oe:player:50cce5a33514ebe62201a0a45314eca,Yashiro,bot,Ezreal,oe:player:3d022fcafe5af9f52df92b17c015fe6,Samira,bot:Ezreal,lineup-e71ddd98b498ea4f,0,2171.00000000,36.18333333,3,3,3,2.00000000,15358.00000000,28475.00000000,329,786.96453247,0.26570475,0.36631804,28,0.77383694,0.66666667,680.00000000,834.00000000,21.00000000,1,out_of_time,432.27384016,472.46581623,183.24544392,1.93560443,2021-02-10
pg-724c978ba273a3fa,ESPORTSTMNT03/1766383,2021-02-24T15:30:14,2021-02-24,2021,Split 1,0,11.03,Red,oe:team:3a1d5821b38ab1ddec52f944973d1bd,Gentlemen's Gaming,oe:team:1158ec5b08f516ca81868bc48293989,Team ESCA Gaming,oe:player:6dc7ae729c87dd9b26169b0fbaf04e7,Jenxas,jng,Graves,oe:player:318a60c20ad705c05ceb1e1b2067624,Taliyah,jng:Graves,lineup-e71ddd98b498ea4f,0,2171.00000000,36.18333333,3,4,5,2.00000000,12903.00000000,12212.00000000,255,337.50345463,0.22323143,0.15710187,58,1.60294795,0.88888889,-950.00000000,-495.00000000,0.00000000,1,out_of_time,311.01281894,312.30389892,131.45975689,0.20151137,2021-02-10
pg-001ec45976b84d49,ESPORTSTMNT03/1766383,2021-02-24T15:30:14,2021-02-24,2021,Split 1,0,11.03,Red,oe:team:3a1d5821b38ab1ddec52f944973d1bd,Gentlemen's Gaming,oe:team:1158ec5b08f516ca81868bc48293989,Team ESCA Gaming,oe:player:62ead8b1e25dbc7197a2007bcc4dbe0,Chosii,mid,Syndra,oe:player:fd232826ff3976840e994bb85a3bd46,Renekton,mid:Syndra,lineup-e71ddd98b498ea4f,0,2171.00000000,36.18333333,1,8,4,0.62500000,11211.00000000,15180.00000000,265,419.53017043,0.19395858,0.19528386,38,1.05020728,0.55555556,-560.00000000,214.00000000,14.00000000,1,out_of_time,412.63163779,431.34469372,152.19401937,0.04532723,2021-02-10
pg-5aaa47de25e6f850,ESPORTSTMNT03/1766383,2021-02-24T15:30:14,2021-02-24,2021,Split 1,0,11.03,Red,oe:team:3a1d5821b38ab1ddec52f944973d1bd,Gentlemen's Gaming,oe:team:1158ec5b08f516ca81868bc48293989,Team ESCA Gaming,oe:player:f32776bb3b0bfb1cd3261868df4dfce,Calmsky,sup,Rell,oe:player:c49e01c67147c8b2580273ca5e0d261,Nautilus,sup:Rell,lineup-e71ddd98b498ea4f,0,2171.00000000,36.18333333,0,5,8,1.60000000,7671.00000000,8110.00000000,41,224.13634270,0.13271397,0.10433149,109,3.01243667,0.88888889,-222.00000000,-422.00000000,-4.00000000,1,out_of_time,183.60736306,156.26487038,84.59413065,0.47909919,2021-02-10
pg-df7eb0e7bf16464c,ESPORTSTMNT03/1766383,2021-02-24T15:30:14,2021-02-24,2021,Split 1,0,11.03,Red,oe:team:3a1d5821b38ab1ddec52f944973d1bd,Gentlemen's Gaming,oe:team:1158ec5b08f516ca81868bc48293989,Team ESCA Gaming,oe:player:a2694196d288cd26055602729d0bb5c,HeSSZero,top,Ornn,oe:player:455527eab48df51aaf02979e65dd651,Camille,top:Ornn,lineup-e71ddd98b498ea4f,0,2171.00000000,36.18333333,2,5,7,1.80000000,10658.00000000,13756.00000000,192,380.17503455,0.18439127,0.17696474,30,0.82911101,1.00000000,-1878.00000000,-1439.00000000,-26.00000000,1,out_of_time,353.62249667,402.51643183,168.96978041,0.15714371,2021-02-10
pg-fc2a9aef425e3d68,ESPORTSTMNT03/1766424,2021-02-24T16:41:44,2021-02-24,2021,Split 1,0,11.03,Blue,oe:team:5a5f8cc0161f43afe3461b293535517,AGO ROGUE,oe:team:b5ac2d78f427d88ed9666c8d1c9e1d2,7more7 Pompa Team,oe:player:0482daf6543f102a27a265342292bb7,Lucker,bot,Miss Fortune,oe:player:f12b5cb6a2f280205cec33bf1c02e08,Kai'Sa,bot:Miss Fortune,lineup-de5e31d683ce7975,1,1465.00000000,24.41666667,4,0,5,9.00000000,11361.00000000,17925.00000000,250,734.12969283,0.24849625,0.35594432,19,0.77815700,0.64285714,792.00000000,196.00000000,30.00000000,1,out_of_time,440.35315813,472.46581623,183.24544392,1.60318602,2021-02-10
pg-ee10fd8a927cb547,ESPORTSTMNT03/1766424,2021-02-24T16:41:44,2021-02-24,2021,Split 1,0,11.03,Blue,oe:team:5a5f8cc0161f43afe3461b293535517,AGO ROGUE,oe:team:b5ac2d78f427d88ed9666c8d1c9e1d2,7more7 Pompa Team,oe:player:6fc5fe723eed4ba4c230292be365c66,Lurox,jng,Udyr,oe:player:82416dfeed801e2846a7c12a3649ab3,Lillia,jng:Udyr,lineup-de5e31d683ce7975,1,1465.00000000,24.41666667,3,0,6,9.00000000,9246.00000000,4547.00000000,177,186.22525597,0.20223539,0.09029171,42,1.72013652,0.64285714,-1030.00000000,28.00000000,0.00000000,1,out_of_time,333.00149046,312.30389892,131.45975689,-1.11651077,2021-02-10
pg-eec5491c4176a044,ESPORTSTMNT03/1766424,2021-02-24T16:41:44,2021-02-24,2021,Split 1,0,11.03,Blue,oe:team:5a5f8cc0161f43afe3461b293535517,AGO ROGUE,oe:team:b5ac2d78f427d88ed9666c8d1c9e1d2,7more7 Pompa Team,oe:player:2096ff50c6496d70e4b39793390c9ce,Sencux,mid,Orianna,oe:player:5a23766ce46653d2b63ac4a40cd61c1,Galio,mid:Orianna,lineup-de5e31d683ce7975,1,1465.00000000,24.41666667,6,0,4,10.00000000,11160.00000000,12829.00000000,253,525.41979522,0.24409983,0.25475089,18,0.73720137,0.71428571,236.00000000,113.00000000,10.00000000,1,out_of_time,433.95480923,431.34469372,152.19401937,0.60097622,2021-02-10
pg-b3031f5c798df545,ESPORTSTMNT03/1766424,2021-02-24T16:41:44,2021-02-24,2021,Split 1,0,11.03,Blue,oe:team:5a5f8cc0161f43afe3461b293535517,AGO ROGUE,oe:team:b5ac2d78f427d88ed9666c8d1c9e1d2,7more7 Pompa Team,oe:player:3e68fd564e4e518b8aed89b9a0bf855,Pyrka,sup,Leona,oe:player:a93e0326b85f0312cf1b451e175a7a0,Sett,sup:Leona,lineup-de5e31d683ce7975,1,1465.00000000,24.41666667,0,0,9,9.00000000,5545.00000000,3233.00000000,35,132.40955631,0.12128437,0.06419905,60,2.45733788,0.64285714,226.00000000,1193.00000000,11.00000000,1,out_of_time,214.48332969,156.26487038,84.59413065,-0.97020648,2021-02-10
pg-e9ffeb354342446f,ESPORTSTMNT03/1766424,2021-02-24T16:41:44,2021-02-24,2021,Split 1,0,11.03,Blue,oe:team:5a5f8cc0161f43afe3461b293535517,AGO ROGUE,oe:team:b5ac2d78f427d88ed9666c8d1c9e1d2,7more7 Pompa Team,oe:player:a7b756e008bfcb7148cdb51f886c3fa,Sinmivak,top,Camille,oe:player:cb5feb1b7314637725a2e73bdc9f729,Volibear,top:Camille,lineup-de5e31d683ce7975,1,1465.00000000,24.41666667,1,2,7,4.00000000,8407.00000000,11825.00000000,165,484.30034130,0.18388416,0.23481404,24,0.98293515,0.57142857,-1363.00000000,-10.00000000,-16.00000000,1,out_of_time,414.37267269,402.51643183,168.96978041,0.41384719,2021-02-10
pg-84321beec445b32e,ESPORTSTMNT03/1766424,2021-02-24T16:41:44,2021-02-24,2021,Split 1,0,11.03,Red,oe:team:b5ac2d78f427d88ed9666c8d1c9e1d2,7more7 Pompa Team,oe:team:5a5f8cc0161f43afe3461b293535517,AGO ROGUE,oe:player:f12b5cb6a2f280205cec33bf1c02e08,Ather,bot,Kai'Sa,oe:player:0482daf6543f102a27a265342292bb7,Miss Fortune,bot:Kai'Sa,lineup-e174eb922a14bd84,0,1465.00000000,24.41666667,1,3,0,0.33333333,8099.00000000,5276.00000000,209,216.08191126,0.21385757,0.22644749,8,0.32764505,0.50000000,-792.00000000,-196.00000000,-30.00000000,1,out_of_time,425.98092263,472.46581623,183.24544392,-1.14545282,2021-02-10
pg-f3849411d9bce8c2,ESPORTSTMNT03/1766424,2021-02-24T16:41:44,2021-02-24,2021,Split 1,0,11.03,Red,oe:team:b5ac2d78f427d88ed9666c8d1c9e1d2,7more7 Pompa Team,oe:team:5a5f8cc0161f43afe3461b293535517,AGO ROGUE,oe:player:82416dfeed801e2846a7c12a3649ab3,behave,jng,Lillia,oe:player:6fc5fe723eed4ba4c230292be365c66,Udyr,jng:Lillia,lineup-e174eb922a14bd84,0,1465.00000000,24.41666667,1,2,0,0.50000000,8777.00000000,3437.00000000,179,140.76450512,0.23176045,0.14751706,28,1.14675768,0.50000000,1030.00000000,-28.00000000,0.00000000,1,out_of_time,269.88132805,312.30389892,131.45975689,-0.98217756,2021-02-10
pg-53b8b79ea4cd53ef,ESPORTSTMNT03/1766424,2021-02-24T16:41:44,2021-02-24,2021,Split 1,0,11.03,Red,oe:team:b5ac2d78f427d88ed9666c8d1c9e1d2,7more7 Pompa Team,oe:team:5a5f8cc0161f43afe3461b293535517,AGO ROGUE,oe:player:5a23766ce46653d2b63ac4a40cd61c1,Warszi,mid,Galio,oe:player:2096ff50c6496d70e4b39793390c9ce,Orianna,mid:Galio,lineup-e174eb922a14bd84,0,1465.00000000,24.41666667,0,2,0,0.00000000,8006.00000000,5237.00000000,216,214.48464164,0.21140186,0.22477360,20,0.81911263,0.00000000,-236.00000000,-113.00000000,-10.00000000,1,out_of_time,350.90847033,431.34469372,152.19401937,-0.89638101,2021-02-10
pg-9ce03810af479d16,ESPORTSTMNT03/1766424,2021-02-24T16:41:44,2021-02-24,2021,Split 1,0,11.03,Red,oe:team:b5ac2d78f427d88ed9666c8d1c9e1d2,7more7 Pompa Team,oe:team:5a5f8cc0161f43afe3461b293535517,AGO ROGUE,oe:player:a93e0326b85f0312cf1b451e175a7a0,Wojtus,sup,Sett,oe:player:3e68fd564e4e518b8aed89b9a0bf855,Leona,sup:Sett,lineup-e174eb922a14bd84,0,1465.00000000,24.41666667,0,5,0,0.00000000,4758.00000000,2392.00000000,31,97.96587031,0.12563703,0.10266535,40,1.63822526,0.00000000,-226.00000000,-1193.00000000,-11.00000000,1,out_of_time,145.22379533,156.26487038,84.59413065,-0.55864307,2021-02-10
pg-1a51687105eb2838,ESPORTSTMNT03/1766424,2021-02-24T16:41:44,2021-02-24,2021,Split 1,0,11.03,Red,oe:team:b5ac2d78f427d88ed9666c8d1c9e1d2,7more7 Pompa Team,oe:team:5a5f8cc0161f43afe3461b293535517,AGO ROGUE,oe:player:cb5feb1b7314637725a2e73bdc9f729,Color,top,Volibear,oe:player:a7b756e008bfcb7148cdb51f886c3fa,Camille,top:Volibear,lineup-e174eb922a14bd84,0,1465.00000000,24.41666667,0,2,2,1.00000000,8231.00000000,6957.00000000,174,284.92832765,0.21734309,0.29859651,19,0.77815700,1.00000000,1363.00000000,10.00000000,16.00000000,1,out_of_time,308.26953714,402.51643183,168.96978041,-0.13813837,2021-02-10
pg-b1a1682caf02ab2a,ESPORTSTMNT03/1756813,2021-02-24T17:46:27,2021-02-24,2021,Split 1,0,11.03,Blue,oe:team:6cedba5819b5b7c465cb3bb48bfe855,Illuminar Gaming,oe:team:5628f250931675f9c0d20aad46cc117,Komil & Friends,oe:player:7705566e63eedc7bd6c4c72d43c9104,odi11,bot,Senna,oe:player:1ecc2cf8dc5f05719ca235f6d0be5e2,Samira,bot:Senna,lineup-561550076137b115,1,2001.00000000,33.35000000,4,4,20,6.00000000,12555.00000000,21046.00000000,97,631.06446777,0.19099124,0.23054004,74,2.21889055,0.92307692,-1717.00000000,-1917.00000000,-135.00000000,1,out_of_time,509.67778620,472.46581623,183.24544392,0.66242674,2021-02-10
pg-6f98f8232ff0db7a,ESPORTSTMNT03/1756813,2021-02-24T17:46:27,2021-02-24,2021,Split 1,0,11.03,Blue,oe:team:6cedba5819b5b7c465cb3bb48bfe855,Illuminar Gaming,oe:team:5628f250931675f9c0d20aad46cc117,Komil & Friends,oe:player:df3e7f4eef306da0e300b26a7c92b00,Tabasko,jng,Graves,oe:player:24807d9986c4fda13d994791032cde1,Olaf,jng:Graves,lineup-561550076137b115,1,2001.00000000,33.35000000,3,1,14,17.00000000,12641.00000000,13508.00000000,222,405.03748126,0.19229950,0.14796801,73,2.18890555,0.65384615,-68.00000000,-627.00000000,-3.00000000,1,out_of_time,373.79472256,312.30389892,131.45975689,0.23766025,2021-02-10
pg-cebebf37d7cf1c6b,ESPORTSTMNT03/1756813,2021-02-24T17:46:27,2021-02-24,2021,Split 1,0,11.03,Blue,oe:team:6cedba5819b5b7c465cb3bb48bfe855,Illuminar Gaming,oe:team:5628f250931675f9c0d20aad46cc117,Komil & Friends,oe:player:73ac73edf51a3acdfa494e271c6ee29,Czajek,mid,Azir,oe:player:56b90211cf581dd16f58da4eb71317f,Syndra,mid:Azir,lineup-561550076137b115,1,2001.00000000,33.35000000,8,2,7,7.50000000,14561.00000000,25738.00000000,283,771.75412294,0.22150724,0.28193669,31,0.92953523,0.57692308,-82.00000000,329.00000000,1.00000000,1,out_of_time,491.35632449,431.34469372,152.19401937,1.84237068,2021-02-10
pg-6f2b299a58516c69,ESPORTSTMNT03/1756813,2021-02-24T17:46:27,2021-02-24,2021,Split 1,0,11.03,Blue,oe:team:6cedba5819b5b7c465cb3bb48bfe855,Illuminar Gaming,oe:team:5628f250931675f9c0d20aad46cc117,Komil & Friends,oe:player:df5866d3078c786ce03084b78b1f5d9,Czypsy,sup,Gragas,oe:player:a75d4ca0929b3a53c507950ccc366ed,Alistar,sup:Gragas,lineup-561550076137b115,1,2001.00000000,33.35000000,1,6,13,2.33333333,10100.00000000,11552.00000000,168,346.38680660,0.15364488,0.12654179,35,1.04947526,0.53846154,1631.00000000,1752.00000000,94.00000000,1,out_of_time,272.66808388,156.26487038,84.59413065,0.87144016,2021-02-10
pg-5ef24c117bea337f,ESPORTSTMNT03/1756813,2021-02-24T17:46:27,2021-02-24,2021,Split 1,0,11.03,Blue,oe:team:6cedba5819b5b7c465cb3bb48bfe855,Illuminar Gaming,oe:team:5628f250931675f9c0d20aad46cc117,Komil & Friends,oe:player:2925560e555046ad9b0066ff181fe21,Melonik,top,Gnar,oe:player:8e00e6377e8725af3b2bc927d6710e4,Wukong,top:Gnar,lineup-561550076137b115,1,2001.00000000,33.35000000,10,1,8,18.00000000,15879.00000000,19446.00000000,264,583.08845577,0.24155714,0.21301347,52,1.55922039,0.69230769,2182.00000000,626.00000000,31.00000000,1,out_of_time,472.52573677,402.51643183,168.96978041,0.65433428,2021-02-10
pg-7dfb552c0fff7d97,ESPORTSTMNT03/1756813,2021-02-24T17:46:27,2021-02-24,2021,Split 1,0,11.03,Red,oe:team:5628f250931675f9c0d20aad46cc117,Komil & Friends,oe:team:6cedba5819b5b7c465cb3bb48bfe855,Illuminar Gaming,oe:player:1ecc2cf8dc5f05719ca235f6d0be5e2,svns,bot,Samira,oe:player:7705566e63eedc7bd6c4c72d43c9104,Senna,bot:Samira,lineup-aa3f394a3c5e3666,0,2001.00000000,33.35000000,5,5,5,2.00000000,12927.00000000,10009.00000000,267,300.11994003,0.24393788,0.16107437,27,0.80959520,0.71428571,1717.00000000,1917.00000000,135.00000000,1,out_of_time,370.53634433,472.46581623,183.24544392,-0.38427370,2021-02-10
pg-54eccbc009ee1cdb,ESPORTSTMNT03/1756813,2021-02-24T17:46:27,2021-02-24,2021,Split 1,0,11.03,Red,oe:team:5628f250931675f9c0d20aad46cc117,Komil & Friends,oe:team:6cedba5819b5b7c465cb3bb48bfe855,Illuminar Gaming,oe:player:24807d9986c4fda13d994791032cde1,Ben3k,jng,Olaf,oe:player:df3e7f4eef306da0e300b26a7c92b00,Graves,jng:Olaf,lineup-aa3f394a3c5e3666,0,2001.00000000,33.35000000,3,5,5,1.60000000,11582.00000000,15089.00000000,212,452.44377811,0.21855717,0.24282657,41,1.22938531,0.57142857,68.00000000,627.00000000,3.00000000,1,out_of_time,257.98331058,312.30389892,131.45975689,1.47923952,2021-02-10
pg-dbf04f4ab6817da0,ESPORTSTMNT03/1756813,2021-02-24T17:46:27,2021-02-24,2021,Split 1,0,11.03,Red,oe:team:5628f250931675f9c0d20aad46cc117,Komil & Friends,oe:team:6cedba5819b5b7c465cb3bb48bfe855,Illuminar Gaming,oe:player:56b90211cf581dd16f58da4eb71317f,Wojux,mid,Syndra,oe:player:73ac73edf51a3acdfa494e271c6ee29,Azir,mid:Syndra,lineup-aa3f394a3c5e3666,0,2001.00000000,33.35000000,2,4,8,2.50000000,11413.00000000,22245.00000000,276,667.01649175,0.21536807,0.35798774,34,1.01949025,0.71428571,82.00000000,-329.00000000,-1.00000000,1,out_of_time,343.89994075,431.34469372,152.19401937,2.12305682,2021-02-10
pg-20700e3a345e03c7,ESPORTSTMNT03/1756813,2021-02-24T17:46:27,2021-02-24,2021,Split 1,0,11.03,Red,oe:team:5628f250931675f9c0d20aad46cc117,Komil & Friends,oe:team:6cedba5819b5b7c465cb3bb48bfe855,Illuminar Gaming,oe:player:a75d4ca0929b3a53c507950ccc366ed,April,sup,Alistar,oe:player:df5866d3078c786ce03084b78b1f5d9,Gragas,sup:Alistar,lineup-aa3f394a3c5e3666,0,2001.00000000,33.35000000,1,6,8,1.50000000,6623.00000000,3652.00000000,28,109.50524738,0.12497877,0.05877146,74,2.21889055,0.64285714,-1631.00000000,-1752.00000000,-94.00000000,1,out_of_time,118.53000548,156.26487038,84.59413065,-0.10668303,2021-02-10
pg-8826e072057da036,ESPORTSTMNT03/1756813,2021-02-24T17:46:27,2021-02-24,2021,Split 1,0,11.03,Red,oe:team:5628f250931675f9c0d20aad46cc117,Komil & Friends,oe:team:6cedba5819b5b7c465cb3bb48bfe855,Illuminar Gaming,oe:player:8e00e6377e8725af3b2bc927d6710e4,Grzybek,top,Wukong,oe:player:2925560e555046ad9b0066ff181fe21,Gnar,top:Wukong,lineup-aa3f394a3c5e3666,0,2001.00000000,33.35000000,3,6,2,0.83333333,10448.00000000,11144.00000000,194,334.15292354,0.19715812,0.17933987,17,0.50974513,0.35714286,-2182.00000000,-626.00000000,-31.00000000,1,out_of_time,308.62546034,402.51643183,168.96978041,0.15107709,2021-02-10
pg-4397576ad0bb445a,ESPORTSTMNT03/1756840,2021-02-24T18:46:38,2021-02-24,2021,Split 1,0,11.03,Blue,oe:team:f27741afb3044c971eeced9d0c2daa1,devils.one,oe:team:73f3cc4e54620b1454530648442e066,K1CK,oe:player:694ee794a9d3a8c3fbd658becb89769,Zamulek,bot,Senna,oe:player:b4a352b2b8782a2bb21bce1a2f47645,Varus,bot:Senna,lineup-96cee117298b4401,1,2040.00000000,34.00000000,1,1,14,15.00000000,10079.00000000,14035.00000000,71,412.79411765,0.16372113,0.21327518,62,1.82352941,0.78947368,-1880.00000000,-873.00000000,-98.00000000,1,out_of_time,469.24558365,472.46581623,183.24544392,-0.30806477,2021-02-10
pg-e2a9ad76c05800a6,ESPORTSTMNT03/1756840,2021-02-24T18:46:38,2021-02-24,2021,Split 1,0,11.03,Blue,oe:team:f27741afb3044c971eeced9d0c2daa1,devils.one,oe:team:73f3cc4e54620b1454530648442e066,K1CK,oe:player:2d1fca25321f6983dc3e1da11039a80,Diagu,jng,Jarvan IV,oe:player:7471c21aed615dae3e49140eca8ce89,Udyr,jng:Jarvan IV,lineup-96cee117298b4401,1,2040.00000000,34.00000000,2,2,15,8.50000000,12303.00000000,10927.00000000,205,321.38235294,0.19984731,0.16604617,68,2.00000000,0.89473684,-538.00000000,18.00000000,-14.00000000,1,out_of_time,357.60805379,312.30389892,131.45975689,-0.27556495,2021-02-10
pg-c579a059147b3028,ESPORTSTMNT03/1756840,2021-02-24T18:46:38,2021-02-24,2021,Split 1,0,11.03,Blue,oe:team:f27741afb3044c971eeced9d0c2daa1,devils.one,oe:team:73f3cc4e54620b1454530648442e066,K1CK,oe:player:efde1a9fe9e6f1059c3fce2ec296fae,many,mid,Viktor,oe:player:be4ce50af0cd0d8574aa3820c37d1ae,Orianna,mid:Viktor,lineup-96cee117298b4401,1,2040.00000000,34.00000000,9,0,4,13.00000000,16482.00000000,26145.00000000,344,768.97058824,0.26773009,0.39729816,52,1.52941176,0.68421053,-138.00000000,41.00000000,-3.00000000,1,out_of_time,482.72945666,431.34469372,152.19401937,1.88076465,2021-02-10
pg-089ddb17e985434c,ESPORTSTMNT03/1756840,2021-02-24T18:46:38,2021-02-24,2021,Split 1,0,11.03,Blue,oe:team:f27741afb3044c971eeced9d0c2daa1,devils.one,oe:team:73f3cc4e54620b1454530648442e066,K1CK,oe:player:945f30b38a435b37c2e70d893cb6a72,YuNIshinoya,sup,Galio,oe:player:84bd988294f5dd9ae9a499abf6524a0,Leona,sup:Galio,lineup-96cee117298b4401,1,2040.00000000,34.00000000,4,1,10,14.00000000,10585.00000000,6648.00000000,168,195.52941176,0.17194048,0.10102269,47,1.38235294,0.73684211,798.00000000,1150.00000000,67.00000000,1,out_of_time,241.10053421,156.26487038,84.59413065,-0.53870312,2021-02-10
pg-e8517f4f07c3f493,ESPORTSTMNT03/1756840,2021-02-24T18:46:38,2021-02-24,2021,Split 1,0,11.03,Blue,oe:team:f27741afb3044c971eeced9d0c2daa1,devils.one,oe:team:73f3cc4e54620b1454530648442e066,K1CK,oe:player:e93fad90f312c1f10c64b60e5ba17c7,sheru,top,Camille,oe:player:4841aa27ab85be0b9f45fed1d5e7b09,Gangplank,top:Camille,lineup-96cee117298b4401,1,2040.00000000,34.00000000,3,4,8,2.75000000,12113.00000000,8052.00000000,227,236.82352941,0.19676099,0.12235780,35,1.02941176,0.57894737,367.00000000,330.00000000,-5.00000000,1,out_of_time,479.68807138,402.51643183,168.96978041,-1.43732531,2021-02-10
pg-26361ad9f93e1827,ESPORTSTMNT03/1756840,2021-02-24T18:46:38,2021-02-24,2021,Split 1,0,11.03,Red,oe:team:73f3cc4e54620b1454530648442e066,K1CK,oe:team:f27741afb3044c971eeced9d0c2daa1,devils.one,oe:player:b4a352b2b8782a2bb21bce1a2f47645,Puki Style,bot,Varus,oe:player:694ee794a9d3a8c3fbd658becb89769,Senna,bot:Varus,lineup-199bafdd01ac68ac,0,2040.00000000,34.00000000,2,4,5,1.75000000,11760.00000000,24382.00000000,238,717.11764706,0.21373657,0.40383596,36,1.05882353,0.87500000,1880.00000000,873.00000000,98.00000000,1,out_of_time,462.67913322,472.46581623,183.24544392,1.38851209,2021-02-10
pg-526046b9a84f07ff,ESPORTSTMNT03/1756840,2021-02-24T18:46:38,2021-02-24,2021,Split 1,0,11.03,Red,oe:team:73f3cc4e54620b1454530648442e066,K1CK,oe:team:f27741afb3044c971eeced9d0c2daa1,devils.one,oe:player:7471c21aed615dae3e49140eca8ce89,Bruness,jng,Udyr,oe:player:2d1fca25321f6983dc3e1da11039a80,Jarvan IV,jng:Udyr,lineup-199bafdd01ac68ac,0,2040.00000000,34.00000000,1,4,4,1.25000000,10132.00000000,2158.00000000,170,63.47058824,0.18414787,0.03574268,48,1.41176471,0.62500000,538.00000000,-18.00000000,14.00000000,1,out_of_time,332.71109078,312.30389892,131.45975689,-2.04808307,2021-02-10
pg-c8094d227dee6d5b,ESPORTSTMNT03/1756840,2021-02-24T18:46:38,2021-02-24,2021,Split 1,0,11.03,Red,oe:team:73f3cc4e54620b1454530648442e066,K1CK,oe:team:f27741afb3044c971eeced9d0c2daa1,devils.one,oe:player:be4ce50af0cd0d8574aa3820c37d1ae,Matislaw,mid,Orianna,oe:player:efde1a9fe9e6f1059c3fce2ec296fae,Viktor,mid:Orianna,lineup-199bafdd01ac68ac,0,2040.00000000,34.00000000,3,2,2,2.50000000,13692.00000000,10958.00000000,317,322.29411765,0.24885044,0.18149596,21,0.61764706,0.62500000,138.00000000,-41.00000000,3.00000000,1,out_of_time,458.10935963,431.34469372,152.19401937,-0.89238225,2021-02-10
pg-ed1859c48005b7d2,ESPORTSTMNT03/1756840,2021-02-24T18:46:38,2021-02-24,2021,Split 1,0,11.03,Red,oe:team:73f3cc4e54620b1454530648442e066,K1CK,oe:team:f27741afb3044c971eeced9d0c2daa1,devils.one,oe:player:84bd988294f5dd9ae9a499abf6524a0,Raxxo,sup,Leona,oe:player:945f30b38a435b37c2e70d893cb6a72,Galio,sup:Leona,lineup-199bafdd01ac68ac,0,2040.00000000,34.00000000,0,3,7,2.33333333,7213.00000000,4140.00000000,50,121.76470588,0.13109540,0.06857029,102,3.00000000,0.87500000,-798.00000000,-1150.00000000,-67.00000000,1,out_of_time,219.30644535,156.26487038,84.59413065,-1.15305564,2021-02-10
pg-dfce045ce7780acf,ESPORTSTMNT03/1756840,2021-02-24T18:46:38,2021-02-24,2021,Split 1,0,11.03,Red,oe:team:73f3cc4e54620b1454530648442e066,K1CK,oe:team:f27741afb3044c971eeced9d0c2daa1,devils.one,oe:player:4841aa27ab85be0b9f45fed1d5e7b09,Kackos,top,Gangplank,oe:player:e93fad90f312c1f10c64b60e5ba17c7,Camille,top:Gangplank,lineup-199bafdd01ac68ac,0,2040.00000000,34.00000000,2,6,4,1.00000000,12224.00000000,18738.00000000,258,551.11764706,0.22216972,0.31035511,34,1.00000000,0.75000000,-367.00000000,-330.00000000,5.00000000,1,out_of_time,432.74628010,402.51643183,168.96978041,0.70054756,2021-02-10
pg-9e63c6b26e572c00,ESPORTSTMNT01/1882085,2021-03-02T15:33:47,2021-03-02,2021,Split 1,0,11.04,Blue,oe:team:b5ac2d78f427d88ed9666c8d1c9e1d2,7more7 Pompa Team,oe:team:1158ec5b08f516ca81868bc48293989,Team ESCA Gaming,oe:player:f12b5cb6a2f280205cec33bf1c02e08,Ather,bot,Jhin,oe:player:3d022fcafe5af9f52df92b17c015fe6,Kai'Sa,bot:Jhin,lineup-e174eb922a14bd84,0,1858.00000000,30.96666667,1,3,3,1.33333333,10527.00000000,10728.00000000,240,346.43702906,0.22515239,0.21824396,21,0.67814855,0.80000000,-460.00000000,-33.00000000,-6.00000000,1,out_of_time,461.23217533,472.46581623,183.24544392,-0.62645566,2021-02-10
pg-fd04bd532682b969,ESPORTSTMNT01/1882085,2021-03-02T15:33:47,2021-03-02,2021,Split 1,0,11.04,Blue,oe:team:b5ac2d78f427d88ed9666c8d1c9e1d2,7more7 Pompa Team,oe:team:1158ec5b08f516ca81868bc48293989,Team ESCA Gaming,oe:player:82416dfeed801e2846a7c12a3649ab3,behave,jng,Graves,oe:player:318a60c20ad705c05ceb1e1b2067624,Lillia,jng:Graves,lineup-e174eb922a14bd84,0,1858.00000000,30.96666667,2,2,3,2.50000000,10647.00000000,11072.00000000,236,357.54574812,0.22771896,0.22524209,33,1.06566200,1.00000000,-1001.00000000,-1801.00000000,-18.00000000,1,out_of_time,352.14865347,312.30389892,131.45975689,0.04105511,2021-02-10
pg-b02ca0399a47c718,ESPORTSTMNT01/1882085,2021-03-02T15:33:47,2021-03-02,2021,Split 1,0,11.04,Blue,oe:team:b5ac2d78f427d88ed9666c8d1c9e1d2,7more7 Pompa Team,oe:team:1158ec5b08f516ca81868bc48293989,Team ESCA Gaming,oe:player:5a23766ce46653d2b63ac4a40cd61c1,Warszi,mid,Seraphine,oe:player:fd232826ff3976840e994bb85a3bd46,Irelia,mid:Seraphine,lineup-e174eb922a14bd84,0,1858.00000000,30.96666667,0,3,5,1.66666667,9666.00000000,12194.00000000,248,393.77825619,0.20673725,0.24806738,42,1.35629709,1.00000000,290.00000000,807.00000000,7.00000000,1,out_of_time,432.75351315,431.34469372,152.19401937,-0.25608928,2021-02-10
pg-46ed21aa43f4075a,ESPORTSTMNT01/1882085,2021-03-02T15:33:47,2021-03-02,2021,Split 1,0,11.04,Blue,oe:team:b5ac2d78f427d88ed9666c8d1c9e1d2,7more7 Pompa Team,oe:team:1158ec5b08f516ca81868bc48293989,Team ESCA Gaming,oe:player:a93e0326b85f0312cf1b451e175a7a0,Wojtus,sup,Alistar,oe:player:c49e01c67147c8b2580273ca5e0d261,Thresh,sup:Alistar,lineup-e174eb922a14bd84,0,1858.00000000,30.96666667,0,7,5,0.71428571,6174.00000000,4392.00000000,28,141.82992465,0.13205005,0.08934820,59,1.90527449,1.00000000,330.00000000,249.00000000,-2.00000000,1,out_of_time,185.11002860,156.26487038,84.59413065,-0.51162065,2021-02-10
pg-b454630cc9e75cff,ESPORTSTMNT01/1882085,2021-03-02T15:33:47,2021-03-02,2021,Split 1,0,11.04,Blue,oe:team:b5ac2d78f427d88ed9666c8d1c9e1d2,7more7 Pompa Team,oe:team:1158ec5b08f516ca81868bc48293989,Team ESCA Gaming,oe:player:cb5feb1b7314637725a2e73bdc9f729,Color,top,Volibear,oe:player:455527eab48df51aaf02979e65dd651,Camille,top:Volibear,lineup-e174eb922a14bd84,0,1858.00000000,30.96666667,2,6,1,0.50000000,9741.00000000,10770.00000000,201,347.79332616,0.20834135,0.21909838,30,0.96878364,0.60000000,-6.00000000,269.00000000,18.00000000,1,out_of_time,395.68345933,402.51643183,168.96978041,-0.28342425,2021-02-10
pg-881ff01c56a08f46,ESPORTSTMNT01/1882085,2021-03-02T15:33:47,2021-03-02,2021,Split 1,0,11.04,Red,oe:team:1158ec5b08f516ca81868bc48293989,Team ESCA Gaming,oe:team:b5ac2d78f427d88ed9666c8d1c9e1d2,7more7 Pompa Team,oe:player:3d022fcafe5af9f52df92b17c015fe6,HARPOON,bot,Kai'Sa,oe:player:f12b5cb6a2f280205cec33bf1c02e08,Jhin,bot:Kai'Sa,lineup-b65b9b30a31dde93,1,1858.00000000,30.96666667,11,0,6,17.00000000,15679.00000000,23885.00000000,273,771.31324004,0.25742103,0.39125592,30,0.96878364,0.80952381,460.00000000,33.00000000,6.00000000,1,out_of_time,429.98257894,472.46581623,183.24544392,1.86269658,2021-02-10
pg-f354b8541d6fc74a,ESPORTSTMNT01/1882085,2021-03-02T15:33:47,2021-03-02,2021,Split 1,0,11.04,Red,oe:team:1158ec5b08f516ca81868bc48293989,Team ESCA Gaming,oe:team:b5ac2d78f427d88ed9666c8d1c9e1d2,7more7 Pompa Team,oe:player:318a60c20ad705c05ceb1e1b2067624,Sh4dowUS,jng,Lillia,oe:player:82416dfeed801e2846a7c12a3649ab3,Graves,jng:Lillia,lineup-b65b9b30a31dde93,1,1858.00000000,30.96666667,4,1,12,16.00000000,12272.00000000,14093.00000000,221,455.10226050,0.20148421,0.23085492,34,1.09795479,0.76190476,1001.00000000,1801.00000000,18.00000000,1,out_of_time,252.41991605,312.30389892,131.45975689,1.54178244,2021-02-10
pg-38ea09bdc61d92e8,ESPORTSTMNT01/1882085,2021-03-02T15:33:47,2021-03-02,2021,Split 1,0,11.04,Red,oe:team:1158ec5b08f516ca81868bc48293989,Team ESCA Gaming,oe:team:b5ac2d78f427d88ed9666c8d1c9e1d2,7more7 Pompa Team,oe:player:fd232826ff3976840e994bb85a3bd46,DOMOLES,mid,Irelia,oe:player:5a23766ce46653d2b63ac4a40cd61c1,Seraphine,mid:Irelia,lineup-b65b9b30a31dde93,1,1858.00000000,30.96666667,3,1,8,11.00000000,11761.00000000,7884.00000000,206,254.59634015,0.19309450,0.12914640,31,1.00107643,0.52380952,-290.00000000,-807.00000000,-7.00000000,1,out_of_time,310.96671404,431.34469372,152.19401937,-0.37038495,2021-02-10
pg-ca7c7dccf73e6457,ESPORTSTMNT01/1882085,2021-03-02T15:33:47,2021-03-02,2021,Split 1,0,11.04,Red,oe:team:1158ec5b08f516ca81868bc48293989,Team ESCA Gaming,oe:team:b5ac2d78f427d88ed9666c8d1c9e1d2,7more7 Pompa Team,oe:player:c49e01c67147c8b2580273ca5e0d261,Melekx,sup,Thresh,oe:player:a93e0326b85f0312cf1b451e175a7a0,Alistar,sup:Thresh,lineup-b65b9b30a31dde93,1,1858.00000000,30.96666667,0,1,18,18.00000000,8424.00000000,5506.00000000,39,177.80409042,0.13830695,0.09019280,83,2.68030140,0.85714286,-330.00000000,-249.00000000,2.00000000,1,out_of_time,99.07811760,156.26487038,84.59413065,0.93063162,2021-02-10
pg-b342b7dd2501179c,ESPORTSTMNT01/1882085,2021-03-02T15:33:47,2021-03-02,2021,Split 1,0,11.04,Red,oe:team:1158ec5b08f516ca81868bc48293989,Team ESCA Gaming,oe:team:b5ac2d78f427d88ed9666c8d1c9e1d2,7more7 Pompa Team,oe:player:455527eab48df51aaf02979e65dd651,Jaqen,top,Camille,oe:player:cb5feb1b7314637725a2e73bdc9f729,Volibear,top:Camille,lineup-b65b9b30a31dde93,1,1858.00000000,30.96666667,3,2,10,6.50000000,12772.00000000,9679.00000000,230,312.56189451,0.20969331,0.15854997,29,0.93649085,0.61904762,6.00000000,-269.00000000,-18.00000000,1,out_of_time,327.56169727,402.51643183,168.96978041,-0.08877210,2021-02-10
pg-bc09467b5d1635ab,ESPORTSTMNT01/1882139,2021-03-02T16:46:07,2021-03-02,2021,Split 1,0,11.04,Blue,oe:team:5628f250931675f9c0d20aad46cc117,Komil & Friends,oe:team:f27741afb3044c971eeced9d0c2daa1,devils.one,oe:player:1ecc2cf8dc5f05719ca235f6d0be5e2,svns,bot,Jhin,oe:player:694ee794a9d3a8c3fbd658becb89769,Caitlyn,bot:Jhin,lineup-aa3f394a3c5e3666,0,2245.00000000,37.41666667,4,3,5,3.00000000,14254.00000000,13343.00000000,304,356.60579065,0.25344500,0.19265366,29,0.77505568,0.75000000,-1893.00000000,-876.00000000,-38.00000000,1,out_of_time,448.38464086,472.46581623,183.24544392,-0.50085202,2021-02-10
pg-dfe0e2511cf33d67,ESPORTSTMNT01/1882139,2021-03-02T16:46:07,2021-03-02,2021,Split 1,0,11.04,Blue,oe:team:5628f250931675f9c0d20aad46cc117,Komil & Friends,oe:team:f27741afb3044c971eeced9d0c2daa1,devils.one,oe:player:24807d9986c4fda13d994791032cde1,Ben3k,jng,Dr. Mundo,oe:player:2d1fca25321f6983dc3e1da11039a80,Hecarim,jng:Dr. Mundo,lineup-aa3f394a3c5e3666,0,2245.00000000,37.41666667,5,6,6,1.83333333,12866.00000000,13462.00000000,241,359.78619154,0.22876549,0.19437185,72,1.92427617,0.91666667,-682.00000000,-1159.00000000,-15.00000000,1,out_of_time,342.55084867,312.30389892,131.45975689,0.13110737,2021-02-10
pg-e32d2f128ea02670,ESPORTSTMNT01/1882139,2021-03-02T16:46:07,2021-03-02,2021,Split 1,0,11.04,Blue,oe:team:5628f250931675f9c0d20aad46cc117,Komil & Friends,oe:team:f27741afb3044c971eeced9d0c2daa1,devils.one,oe:player:56b90211cf581dd16f58da4eb71317f,Wojux,mid,Azir,oe:player:efde1a9fe9e6f1059c3fce2ec296fae,Karma,mid:Azir,lineup-aa3f394a3c5e3666,0,2245.00000000,37.41666667,2,4,10,3.00000000,12344.00000000,28148.00000000,278,752.28507795,0.21948401,0.40641649,32,0.85523385,1.00000000,-296.00000000,-131.00000000,-10.00000000,1,out_of_time,435.63592381,431.34469372,152.19401937,2.08056240,2021-02-10
pg-bfc55f9b694d037a,ESPORTSTMNT01/1882139,2021-03-02T16:46:07,2021-03-02,2021,Split 1,0,11.04,Blue,oe:team:5628f250931675f9c0d20aad46cc117,Komil & Friends,oe:team:f27741afb3044c971eeced9d0c2daa1,devils.one,oe:player:a75d4ca0929b3a53c507950ccc366ed,April,sup,Rell,oe:player:945f30b38a435b37c2e70d893cb6a72,Thresh,sup:Rell,lineup-aa3f394a3c5e3666,0,2245.00000000,37.41666667,1,5,8,1.80000000,7533.00000000,4637.00000000,36,123.92873051,0.13394143,0.06695159,96,2.56570156,0.75000000,-655.00000000,-1050.00000000,-6.00000000,1,out_of_time,201.71337130,156.26487038,84.59413065,-0.91950399,2021-02-10
pg-6312504471da5055,ESPORTSTMNT01/1882139,2021-03-02T16:46:07,2021-03-02,2021,Split 1,0,11.04,Blue,oe:team:5628f250931675f9c0d20aad46cc117,Komil & Friends,oe:team:f27741afb3044c971eeced9d0c2daa1,devils.one,oe:player:8e00e6377e8725af3b2bc927d6710e4,Grzybek,top,Volibear,oe:player:e93fad90f312c1f10c64b60e5ba17c7,Camille,top:Volibear,lineup-aa3f394a3c5e3666,0,2245.00000000,37.41666667,0,4,8,2.00000000,9244.00000000,9669.00000000,173,258.41425390,0.16436408,0.13960640,30,0.80178174,0.66666667,-213.00000000,96.00000000,-7.00000000,1,out_of_time,390.25270436,402.51643183,168.96978041,-0.78024869,2021-02-10
pg-0efc3a7270f9dba0,ESPORTSTMNT01/1882139,2021-03-02T16:46:07,2021-03-02,2021,Split 1,0,11.04,Red,oe:team:f27741afb3044c971eeced9d0c2daa1,devils.one,oe:team:5628f250931675f9c0d20aad46cc117,Komil & Friends,oe:player:694ee794a9d3a8c3fbd658becb89769,Zamulek,bot,Caitlyn,oe:player:1ecc2cf8dc5f05719ca235f6d0be5e2,Jhin,bot:Caitlyn,lineup-96cee117298b4401,1,2245.00000000,37.41666667,12,1,5,17.00000000,19279.00000000,37776.00000000,358,1009.60356347,0.28789236,0.51098366,38,1.01559020,0.77272727,1893.00000000,876.00000000,38.00000000,1,out_of_time,523.42058760,472.46581623,183.24544392,2.65317907,2021-02-10
pg-3c944ff59818e377,ESPORTSTMNT01/1882139,2021-03-02T16:46:07,2021-03-02,2021,Split 1,0,11.04,Red,oe:team:f27741afb3044c971eeced9d0c2daa1,devils.one,oe:team:5628f250931675f9c0d20aad46cc117,Komil & Friends,oe:player:2d1fca25321f6983dc3e1da11039a80,Diagu,jng,Hecarim,oe:player:24807d9986c4fda13d994791032cde1,Dr. Mundo,jng:Hecarim,lineup-96cee117298b4401,1,2245.00000000,37.41666667,2,4,13,3.75000000,12302.00000000,10228.00000000,228,273.35412027,0.18370516,0.13835083,42,1.12249443,0.68181818,682.00000000,1159.00000000,15.00000000,1,out_of_time,378.69814024,312.30389892,131.45975689,-0.80134044,2021-02-10
pg-8cfe3d5fc0f1c1d0,ESPORTSTMNT01/1882139,2021-03-02T16:46:07,2021-03-02,2021,Split 1,0,11.04,Red,oe:team:f27741afb3044c971eeced9d0c2daa1,devils.one,oe:team:5628f250931675f9c0d20aad46cc117,Komil & Friends,oe:player:efde1a9fe9e6f1059c3fce2ec296fae,many,mid,Karma,oe:player:56b90211cf581dd16f58da4eb71317f,Azir,mid:Karma,lineup-96cee117298b4401,1,2245.00000000,37.41666667,0,1,18,18.00000000,11732.00000000,5733.00000000,234,153.22048998,0.17519338,0.07754843,44,1.17594655,0.81818182,296.00000000,131.00000000,10.00000000,1,out_of_time,460.99850418,431.34469372,152.19401937,-2.02227404,2021-02-10
pg-19a3a990124ce1fa,ESPORTSTMNT01/1882139,2021-03-02T16:46:07,2021-03-02,2021,Split 1,0,11.04,Red,oe:team:f27741afb3044c971eeced9d0c2daa1,devils.one,oe:team:5628f250931675f9c0d20aad46cc117,Komil & Friends,oe:player:945f30b38a435b37c2e70d893cb6a72,YuNIshinoya,sup,Thresh,oe:player:a75d4ca0929b3a53c507950ccc366ed,Rell,sup:Thresh,lineup-96cee117298b4401,1,2245.00000000,37.41666667,1,3,16,5.66666667,9187.00000000,7373.00000000,45,197.05122494,0.13718902,0.09973217,107,2.85968820,0.77272727,655.00000000,1050.00000000,6.00000000,1,out_of_time,270.35052254,156.26487038,84.59413065,-0.86648207,2021-02-10
pg-98c2b0a9c0883dfb,ESPORTSTMNT01/1882139,2021-03-02T16:46:07,2021-03-02,2021,Split 1,0,11.04,Red,oe:team:f27741afb3044c971eeced9d0c2daa1,devils.one,oe:team:5628f250931675f9c0d20aad46cc117,Komil & Friends,oe:player:e93fad90f312c1f10c64b60e5ba17c7,sheru,top,Camille,oe:player:8e00e6377e8725af3b2bc927d6710e4,Volibear,top:Camille,lineup-96cee117298b4401,1,2245.00000000,37.41666667,7,3,6,4.33333333,14466.00000000,12818.00000000,240,342.57461024,0.21602007,0.17338492,46,1.22939866,0.59090909,213.00000000,-96.00000000,7.00000000,1,out_of_time,466.86564903,402.51643183,168.96978041,-0.73558147,2021-02-10
pg-ccf042dba125633d,ESPORTSTMNT01/1882181,2021-03-02T17:22:06,2021-03-02,2021,Split 1,0,11.04,Blue,oe:team:3a1d5821b38ab1ddec52f944973d1bd,Gentlemen's Gaming,oe:team:6cedba5819b5b7c465cb3bb48bfe855,Illuminar Gaming,oe:player:50cce5a33514ebe62201a0a45314eca,Yashiro,bot,Senna,oe:player:7705566e63eedc7bd6c4c72d43c9104,Sivir,bot:Senna,lineup-e71ddd98b498ea4f,1,2401.00000000,40.01666667,5,2,8,6.50000000,13898.00000000,20650.00000000,103,516.03498542,0.18859066,0.30477905,107,2.67388588,0.65000000,-557.00000000,-740.00000000,-91.00000000,1,out_of_time,384.05445261,472.46581623,183.24544392,0.72023910,2021-02-10
pg-2ea3748969d8329a,ESPORTSTMNT01/1882181,2021-03-02T17:22:06,2021-03-02,2021,Split 1,0,11.04,Blue,oe:team:3a1d5821b38ab1ddec52f944973d1bd,Gentlemen's Gaming,oe:team:6cedba5819b5b7c465cb3bb48bfe855,Illuminar Gaming,oe:player:6dc7ae729c87dd9b26169b0fbaf04e7,Jenxas,jng,Lillia,oe:player:df3e7f4eef306da0e300b26a7c92b00,Graves,jng:Lillia,lineup-e71ddd98b498ea4f,1,2401.00000000,40.01666667,0,2,4,2.00000000,12948.00000000,7359.00000000,296,183.89837568,0.17569951,0.10861351,31,0.77467722,0.20000000,-806.00000000,-303.00000000,-4.00000000,1,out_of_time,276.74515593,312.30389892,131.45975689,-0.70627531,2021-02-10
pg-c46781e5e3dbf83b,ESPORTSTMNT01/1882181,2021-03-02T17:22:06,2021-03-02,2021,Split 1,0,11.04,Blue,oe:team:3a1d5821b38ab1ddec52f944973d1bd,Gentlemen's Gaming,oe:team:6cedba5819b5b7c465cb3bb48bfe855,Illuminar Gaming,oe:player:62ead8b1e25dbc7197a2007bcc4dbe0,Chosii,mid,Tristana,oe:player:73ac73edf51a3acdfa494e271c6ee29,Azir,mid:Tristana,lineup-e71ddd98b498ea4f,1,2401.00000000,40.01666667,9,5,1,2.00000000,17201.00000000,14398.00000000,296,359.80008330,0.23341113,0.21250406,48,1.19950021,0.50000000,-424.00000000,-1268.00000000,-11.00000000,1,out_of_time,346.01979231,431.34469372,152.19401937,0.09054423,2021-02-10
pg-bea205618d2ab128,ESPORTSTMNT01/1882181,2021-03-02T17:22:06,2021-03-02,2021,Split 1,0,11.04,Blue,oe:team:3a1d5821b38ab1ddec52f944973d1bd,Gentlemen's Gaming,oe:team:6cedba5819b5b7c465cb3bb48bfe855,Illuminar Gaming,oe:player:f32776bb3b0bfb1cd3261868df4dfce,Calmsky,sup,Maokai,oe:player:df5866d3078c786ce03084b78b1f5d9,Karma,sup:Maokai,lineup-e71ddd98b498ea4f,1,2401.00000000,40.01666667,3,5,11,2.80000000,13774.00000000,17068.00000000,227,426.52228238,0.18690803,0.25191133,46,1.14952103,0.70000000,1045.00000000,790.00000000,82.00000000,1,out_of_time,184.41718955,156.26487038,84.59413065,2.86196088,2021-02-10
pg-dcdff9d6fa8124ae,ESPORTSTMNT01/1882181,2021-03-02T17:22:06,2021-03-02,2021,Split 1,0,11.04,Blue,oe:team:3a1d5821b38ab1ddec52f944973d1bd,Gentlemen's Gaming,oe:team:6cedba5819b5b7c465cb3bb48bfe855,Illuminar Gaming,oe:player:a2694196d288cd26055602729d0bb5c,HeSSZero,top,Gnar,oe:player:2925560e555046ad9b0066ff181fe21,Malphite,top:Gnar,lineup-e71ddd98b498ea4f,1,2401.00000000,40.01666667,3,3,5,2.66666667,15873.00000000,8279.00000000,282,206.88879633,0.21539067,0.12219205,39,0.97459392,0.40000000,269.00000000,624.00000000,14.00000000,1,out_of_time,346.66821999,402.51643183,168.96978041,-0.82724510,2021-02-10
pg-54ad6f84362954e4,ESPORTSTMNT01/1882181,2021-03-02T17:22:06,2021-03-02,2021,Split 1,0,11.04,Red,oe:team:6cedba5819b5b7c465cb3bb48bfe855,Illuminar Gaming,oe:team:3a1d5821b38ab1ddec52f944973d1bd,Gentlemen's Gaming,oe:player:7705566e63eedc7bd6c4c72d43c9104,odi11,bot,Sivir,oe:player:50cce5a33514ebe62201a0a45314eca,Senna,bot:Sivir,lineup-561550076137b115,0,2401.00000000,40.01666667,4,5,6,2.00000000,15290.00000000,24823.00000000,301,620.31653478,0.22161347,0.27927097,34,0.84964598,0.58823529,557.00000000,740.00000000,91.00000000,1,out_of_time,462.78601085,472.46581623,183.24544392,0.85966953,2021-02-10
pg-711bf5bb458dec0c,ESPORTSTMNT01/1882181,2021-03-02T17:22:06,2021-03-02,2021,Split 1,0,11.04,Red,oe:team:6cedba5819b5b7c465cb3bb48bfe855,Illuminar Gaming,oe:team:3a1d5821b38ab1ddec52f944973d1bd,Gentlemen's Gaming,oe:player:df3e7f4eef306da0e300b26a7c92b00,Tabasko,jng,Graves,oe:player:6dc7ae729c87dd9b26169b0fbaf04e7,Lillia,jng:Graves,lineup-561550076137b115,0,2401.00000000,40.01666667,5,4,6,2.75000000,14954.00000000,15330.00000000,287,383.09037901,0.21674348,0.17247005,51,1.27446897,0.64705882,806.00000000,303.00000000,4.00000000,1,out_of_time,349.43604063,312.30389892,131.45975689,0.25600487,2021-02-10
pg-c6d2a3f1aeb975cb,ESPORTSTMNT01/1882181,2021-03-02T17:22:06,2021-03-02,2021,Split 1,0,11.04,Red,oe:team:6cedba5819b5b7c465cb3bb48bfe855,Illuminar Gaming,oe:team:3a1d5821b38ab1ddec52f944973d1bd,Gentlemen's Gaming,oe:player:73ac73edf51a3acdfa494e271c6ee29,Czajek,mid,Azir,oe:player:62ead8b1e25dbc7197a2007bcc4dbe0,Tristana,mid:Azir,lineup-561550076137b115,0,2401.00000000,40.01666667,5,4,8,3.25000000,16836.00000000,24816.00000000,321,620.14160766,0.24402122,0.27919221,27,0.67471887,0.76470588,424.00000000,1268.00000000,11.00000000,1,out_of_time,472.84400434,431.34469372,152.19401937,0.96782780,2021-02-10
pg-38dda57945511b4d,ESPORTSTMNT01/1882181,2021-03-02T17:22:06,2021-03-02,2021,Split 1,0,11.04,Red,oe:team:6cedba5819b5b7c465cb3bb48bfe855,Illuminar Gaming,oe:team:3a1d5821b38ab1ddec52f944973d1bd,Gentlemen's Gaming,oe:player:df5866d3078c786ce03084b78b1f5d9,Czypsy,sup,Karma,oe:player:f32776bb3b0bfb1cd3261868df4dfce,Maokai,sup:Karma,lineup-561550076137b115,0,2401.00000000,40.01666667,2,4,8,2.50000000,8920.00000000,10029.00000000,32,250.62057476,0.12928660,0.11283119,126,3.14868805,0.58823529,-1045.00000000,-790.00000000,-82.00000000,1,out_of_time,225.83174123,156.26487038,84.59413065,0.29303255,2021-02-10
pg-e2b4eae3a6aad974,ESPORTSTMNT01/1882181,2021-03-02T17:22:06,2021-03-02,2021,Split 1,0,11.04,Red,oe:team:6cedba5819b5b7c465cb3bb48bfe855,Illuminar Gaming,oe:team:3a1d5821b38ab1ddec52f944973d1bd,Gentlemen's Gaming,oe:player:2925560e555046ad9b0066ff181fe21,Melonik,top,Malphite,oe:player:a2694196d288cd26055602729d0bb5c,Gnar,top:Malphite,lineup-561550076137b115,0,2401.00000000,40.01666667,1,3,7,2.66666667,12994.00000000,13887.00000000,258,347.03040400,0.18833522,0.15623559,35,0.87463557,0.47058824,-269.00000000,-624.00000000,-14.00000000,1,out_of_time,398.26885582,402.51643183,168.96978041,-0.30324033,2021-02-10
pg-fe6a8f2b0a205ef2,ESPORTSTMNT01/1882226,2021-03-02T18:48:07,2021-03-02,2021,Split 1,0,11.04,Blue,oe:team:5a5f8cc0161f43afe3461b293535517,AGO ROGUE,oe:team:73f3cc4e54620b1454530648442e066,K1CK,oe:player:0482daf6543f102a27a265342292bb7,Lucker,bot,Caitlyn,oe:player:b4a352b2b8782a2bb21bce1a2f47645,Tristana,bot:Caitlyn,lineup-de5e31d683ce7975,1,1979.00000000,32.98333333,4,0,2,6.00000000,15720.00000000,14241.00000000,373,431.76351693,0.25468626,0.36787993,57,1.72814553,0.66666667,625.00000000,-52.00000000,13.00000000,1,out_of_time,528.85177205,472.46581623,183.24544392,-0.52982630,2021-02-10
pg-25fee49f505b374d,ESPORTSTMNT01/1882226,2021-03-02T18:48:07,2021-03-02,2021,Split 1,0,11.04,Blue,oe:team:5a5f8cc0161f43afe3461b293535517,AGO ROGUE,oe:team:73f3cc4e54620b1454530648442e066,K1CK,oe:player:6fc5fe723eed4ba4c230292be365c66,Lurox,jng,Udyr,oe:player:7471c21aed615dae3e49140eca8ce89,Olaf,jng:Udyr,lineup-de5e31d683ce7975,1,1979.00000000,32.98333333,2,0,5,7.00000000,12409.00000000,6527.00000000,259,197.88782213,0.20104337,0.16860841,65,1.97069227,0.77777778,592.00000000,1360.00000000,28.00000000,1,out_of_time,339.67943410,312.30389892,131.45975689,-1.07859329,2021-02-10
pg-db36dea15ef1c907,ESPORTSTMNT01/1882226,2021-03-02T18:48:07,2021-03-02,2021,Split 1,0,11.04,Blue,oe:team:5a5f8cc0161f43afe3461b293535517,AGO ROGUE,oe:team:73f3cc4e54620b1454530648442e066,K1CK,oe:player:2096ff50c6496d70e4b39793390c9ce,Sencux,mid,Viktor,oe:player:be4ce50af0cd0d8574aa3820c37d1ae,Syndra,mid:Viktor,lineup-de5e31d683ce7975,1,1979.00000000,32.98333333,0,0,7,7.00000000,12621.00000000,10891.00000000,319,330.19706923,0.20447807,0.28134122,40,1.21273370,0.77777778,81.00000000,3.00000000,5.00000000,1,out_of_time,478.02883732,431.34469372,152.19401937,-0.97133756,2021-02-10
pg-26477ddde2e519ad,ESPORTSTMNT01/1882226,2021-03-02T18:48:07,2021-03-02,2021,Split 1,0,11.04,Blue,oe:team:5a5f8cc0161f43afe3461b293535517,AGO ROGUE,oe:team:73f3cc4e54620b1454530648442e066,K1CK,oe:player:3e68fd564e4e518b8aed89b9a0bf855,Pyrka,sup,Thresh,oe:player:84bd988294f5dd9ae9a499abf6524a0,Alistar,sup:Thresh,lineup-de5e31d683ce7975,1,1979.00000000,32.98333333,0,0,8,8.00000000,7665.00000000,1942.00000000,37,58.87822132,0.12418385,0.05016662,112,3.39565437,0.88888889,102.00000000,-400.00000000,0.00000000,1,out_of_time,223.94552705,156.26487038,84.59413065,-1.95128556,2021-02-10
pg-dc96da255901f831,ESPORTSTMNT01/1882226,2021-03-02T18:48:07,2021-03-02,2021,Split 1,0,11.04,Blue,oe:team:5a5f8cc0161f43afe3461b293535517,AGO ROGUE,oe:team:73f3cc4e54620b1454530648442e066,K1CK,oe:player:a7b756e008bfcb7148cdb51f886c3fa,Sinmivak,top,Gnar,oe:player:4841aa27ab85be0b9f45fed1d5e7b09,Jayce,top:Gnar,lineup-de5e31d683ce7975,1,1979.00000000,32.98333333,3,0,3,6.00000000,13308.00000000,5110.00000000,300,154.92673067,0.21560844,0.13200382,41,1.24305205,0.66666667,-360.00000000,255.00000000,3.00000000,1,out_of_time,445.45994918,402.51643183,168.96978041,-1.71943893,2021-02-10
pg-8c78250d67e5952a,ESPORTSTMNT01/1882226,2021-03-02T18:48:07,2021-03-02,2021,Split 1,0,11.04,Red,oe:team:73f3cc4e54620b1454530648442e066,K1CK,oe:team:5a5f8cc0161f43afe3461b293535517,AGO ROGUE,oe:player:b4a352b2b8782a2bb21bce1a2f47645,Puki Style,bot,Tristana,oe:player:0482daf6543f102a27a265342292bb7,Caitlyn,bot:Tristana,lineup-199bafdd01ac68ac,0,1979.00000000,32.98333333,0,1,0,0.00000000,11928.00000000,4487.00000000,316,136.03840323,0.24292290,0.13563677,50,1.51591713,,-625.00000000,52.00000000,-13.00000000,1,out_of_time,382.51352384,472.46581623,183.24544392,-1.34505456,2021-02-10
pg-8a615da1d1c36a1e,ESPORTSTMNT01/1882226,2021-03-02T18:48:07,2021-03-02,2021,Split 1,0,11.04,Red,oe:team:73f3cc4e54620b1454530648442e066,K1CK,oe:team:5a5f8cc0161f43afe3461b293535517,AGO ROGUE,oe:player:7471c21aed615dae3e49140eca8ce89,Bruness,jng,Olaf,oe:player:6fc5fe723eed4ba4c230292be365c66,Udyr,jng:Olaf,lineup-199bafdd01ac68ac,0,1979.00000000,32.98333333,0,3,0,0.00000000,8229.00000000,4317.00000000,158,130.88428499,0.16758991,0.13049787,33,1.00050531,,-592.00000000,-1360.00000000,-28.00000000,1,out_of_time,278.58469574,312.30389892,131.45975689,-1.12354088,2021-02-10
pg-b72c008e4767975e,ESPORTSTMNT01/1882226,2021-03-02T18:48:07,2021-03-02,2021,Split 1,0,11.04,Red,oe:team:73f3cc4e54620b1454530648442e066,K1CK,oe:team:5a5f8cc0161f43afe3461b293535517,AGO ROGUE,oe:player:be4ce50af0cd0d8574aa3820c37d1ae,Matislaw,mid,Syndra,oe:player:2096ff50c6496d70e4b39793390c9ce,Viktor,mid:Syndra,lineup-199bafdd01ac68ac,0,1979.00000000,32.98333333,0,2,0,0.00000000,11219.00000000,8979.00000000,300,272.22839818,0.22848356,0.27142468,26,0.78827691,,-81.00000000,-3.00000000,-5.00000000,1,out_of_time,385.18330181,431.34469372,152.19401937,-0.74217702,2021-02-10
pg-596bfd4bf6203461,ESPORTSTMNT01/1882226,2021-03-02T18:48:07,2021-03-02,2021,Split 1,0,11.04,Red,oe:team:73f3cc4e54620b1454530648442e066,K1CK,oe:team:5a5f8cc0161f43afe3461b293535517,AGO ROGUE,oe:player:84bd988294f5dd9ae9a499abf6524a0,Raxxo,sup,Alistar,oe:player:3e68fd564e4e518b8aed89b9a0bf855,Thresh,sup:Alistar,lineup-199bafdd01ac68ac,0,1979.00000000,32.98333333,0,1,0,0.00000000,6128.00000000,1711.00000000,36,51.87468418,0.12480143,0.05172153,96,2.91056089,,-102.00000000,400.00000000,0.00000000,1,out_of_time,102.79781418,156.26487038,84.59413065,-0.60197001,2021-02-10
pg-5c49955f887d7045,ESPORTSTMNT01/1882226,2021-03-02T18:48:07,2021-03-02,2021,Split 1,0,11.04,Red,oe:team:73f3cc4e54620b1454530648442e066,K1CK,oe:team:5a5f8cc0161f43afe3461b293535517,AGO ROGUE,oe:player:4841aa27ab85be0b9f45fed1d5e7b09,Kackos,top,Jayce,oe:player:a7b756e008bfcb7148cdb51f886c3fa,Gnar,top:Jayce,lineup-199bafdd01ac68ac,0,1979.00000000,32.98333333,0,2,0,0.00000000,11598.00000000,13587.00000000,296,411.93532087,0.23620219,0.41071914,30,0.90955028,,360.00000000,-255.00000000,-3.00000000,1,out_of_time,322.34113929,402.51643183,168.96978041,0.53023790,2021-02-10
pg-8399e3e581e9a228,ESPORTSTMNT01/1882691,2021-03-03T15:55:36,2021-03-03,2021,Split 1,0,11.04,Blue,oe:team:6cedba5819b5b7c465cb3bb48bfe855,Illuminar Gaming,oe:team:5a5f8cc0161f43afe3461b293535517,AGO ROGUE,oe:player:7705566e63eedc7bd6c4c72d43c9104,odi11,bot,Xayah,oe:player:0482daf6543f102a27a265342292bb7,Kai'Sa,bot:Xayah,lineup-561550076137b115,1,1896.00000000,31.60000000,3,3,7,3.33333333,13832.00000000,11705.00000000,287,370.41139241,0.21988713,0.19720659,28,0.88607595,0.62500000,-981.00000000,-840.00000000,-15.00000000,1,out_of_time,420.87932872,472.46581623,183.24544392,-0.27541168,2021-02-10
pg-9f2e6dd890e7d813,ESPORTSTMNT01/1882691,2021-03-03T15:55:36,2021-03-03,2021,Split 1,0,11.04,Blue,oe:team:6cedba5819b5b7c465cb3bb48bfe855,Illuminar Gaming,oe:team:5a5f8cc0161f43afe3461b293535517,AGO ROGUE,oe:player:df3e7f4eef306da0e300b26a7c92b00,Tabasko,jng,Olaf,oe:player:6fc5fe723eed4ba4c230292be365c66,Lillia,jng:Olaf,lineup-561550076137b115,1,1896.00000000,31.60000000,1,0,11,12.00000000,11624.00000000,10234.00000000,198,323.86075949,0.18478658,0.17242309,49,1.55063291,0.75000000,210.00000000,-353.00000000,-19.00000000,1,out_of_time,323.84667078,312.30389892,131.45975689,0.00010717,2021-02-10
pg-392915f30e7e117e,ESPORTSTMNT01/1882691,2021-03-03T15:55:36,2021-03-03,2021,Split 1,0,11.04,Blue,oe:team:6cedba5819b5b7c465cb3bb48bfe855,Illuminar Gaming,oe:team:5a5f8cc0161f43afe3461b293535517,AGO ROGUE,oe:player:73ac73edf51a3acdfa494e271c6ee29,Czajek,mid,Viktor,oe:player:2096ff50c6496d70e4b39793390c9ce,Tristana,mid:Viktor,lineup-561550076137b115,1,1896.00000000,31.60000000,3,0,5,8.00000000,12533.00000000,15224.00000000,275,481.77215190,0.19923694,0.25649493,20,0.63291139,0.50000000,299.00000000,164.00000000,-4.00000000,1,out_of_time,441.10946695,431.34469372,152.19401937,0.26717663,2021-02-10
pg-bc811b27fcc73154,ESPORTSTMNT01/1882691,2021-03-03T15:55:36,2021-03-03,2021,Split 1,0,11.04,Blue,oe:team:6cedba5819b5b7c465cb3bb48bfe855,Illuminar Gaming,oe:team:5a5f8cc0161f43afe3461b293535517,AGO ROGUE,oe:player:df5866d3078c786ce03084b78b1f5d9,Czypsy,sup,Rell,oe:player:3e68fd564e4e518b8aed89b9a0bf855,Alistar,sup:Rell,lineup-561550076137b115,1,1896.00000000,31.60000000,1,3,10,3.66666667,8364.00000000,3887.00000000,41,123.00632911,0.13296240,0.06548843,89,2.81645570,0.68750000,510.00000000,1337.00000000,4.00000000,1,out_of_time,155.54012371,156.26487038,84.59413065,-0.38458690,2021-02-10
pg-4fa0d29830376f8b,ESPORTSTMNT01/1882691,2021-03-03T15:55:36,2021-03-03,2021,Split 1,0,11.04,Blue,oe:team:6cedba5819b5b7c465cb3bb48bfe855,Illuminar Gaming,oe:team:5a5f8cc0161f43afe3461b293535517,AGO ROGUE,oe:player:2925560e555046ad9b0066ff181fe21,Melonik,top,Camille,oe:player:a7b756e008bfcb7148cdb51f886c3fa,Renekton,top:Camille,lineup-561550076137b115,1,1896.00000000,31.60000000,8,1,3,11.00000000,16552.00000000,18304.00000000,308,579.24050633,0.26312694,0.30838697,34,1.07594937,0.68750000,1578.00000000,639.00000000,20.00000000,1,out_of_time,381.61479934,402.51643183,168.96978041,1.16959202,2021-02-10
pg-0d72f910eec5e3c5,ESPORTSTMNT01/1882691,2021-03-03T15:55:36,2021-03-03,2021,Split 1,0,11.04,Red,oe:team:5a5f8cc0161f43afe3461b293535517,AGO ROGUE,oe:team:6cedba5819b5b7c465cb3bb48bfe855,Illuminar Gaming,oe:player:0482daf6543f102a27a265342292bb7,Lucker,bot,Kai'Sa,oe:player:7705566e63eedc7bd6c4c72d43c9104,Xayah,bot:Kai'Sa,lineup-de5e31d683ce7975,0,1896.00000000,31.60000000,6,4,1,1.75000000,13973.00000000,10521.00000000,311,332.94303797,0.27328379,0.24140146,18,0.56962025,1.00000000,981.00000000,840.00000000,15.00000000,1,out_of_time,527.31445169,472.46581623,183.24544392,-1.06071622,2021-02-10
pg-77e9a227d8cf3eb0,ESPORTSTMNT01/1882691,2021-03-03T15:55:36,2021-03-03,2021,Split 1,0,11.04,Red,oe:team:5a5f8cc0161f43afe3461b293535517,AGO ROGUE,oe:team:6cedba5819b5b7c465cb3bb48bfe855,Illuminar Gaming,oe:player:6fc5fe723eed4ba4c230292be365c66,Lurox,jng,Lillia,oe:player:df3e7f4eef306da0e300b26a7c92b00,Olaf,jng:Lillia,lineup-de5e31d683ce7975,0,1896.00000000,31.60000000,0,4,2,0.50000000,9274.00000000,7157.00000000,217,226.48734177,0.18138079,0.16421541,41,1.29746835,0.28571429,-210.00000000,353.00000000,19.00000000,1,out_of_time,304.27264765,312.30389892,131.45975689,-0.59170432,2021-02-10
pg-a951498a3c3e3921,ESPORTSTMNT01/1882691,2021-03-03T15:55:36,2021-03-03,2021,Split 1,0,11.04,Red,oe:team:5a5f8cc0161f43afe3461b293535517,AGO ROGUE,oe:team:6cedba5819b5b7c465cb3bb48bfe855,Illuminar Gaming,oe:player:2096ff50c6496d70e4b39793390c9ce,Sencux,mid,Tristana,oe:player:73ac73edf51a3acdfa494e271c6ee29,Viktor,mid:Tristana,lineup-de5e31d683ce7975,0,1896.00000000,31.60000000,0,2,4,2.00000000,11602.00000000,13475.00000000,312,426.42405063,0.22691179,0.30918018,19,0.60126582,0.57142857,-299.00000000,-164.00000000,4.00000000,1,out_of_time,416.45716262,431.34469372,152.19401937,0.06548804,2021-02-10
pg-7ead54b82b04cf13,ESPORTSTMNT01/1882691,2021-03-03T15:55:36,2021-03-03,2021,Split 1,0,11.04,Red,oe:team:5a5f8cc0161f43afe3461b293535517,AGO ROGUE,oe:team:6cedba5819b5b7c465cb3bb48bfe855,Illuminar Gaming,oe:player:3e68fd564e4e518b8aed89b9a0bf855,Pyrka,sup,Alistar,oe:player:df5866d3078c786ce03084b78b1f5d9,Rell,sup:Alistar,lineup-de5e31d683ce7975,0,1896.00000000,31.60000000,1,2,5,3.00000000,7094.00000000,3746.00000000,34,118.54430380,0.13874438,0.08595094,72,2.27848101,0.85714286,-510.00000000,-1337.00000000,-4.00000000,1,out_of_time,180.88060637,156.26487038,84.59413065,-0.73688685,2021-02-10
pg-3b4409ba6314fe5f,ESPORTSTMNT01/1882691,2021-03-03T15:55:36,2021-03-03,2021,Split 1,0,11.04,Red,oe:team:5a5f8cc0161f43afe3461b293535517,AGO ROGUE,oe:team:6cedba5819b5b7c465cb3bb48bfe855,Illuminar Gaming,oe:player:a7b756e008bfcb7148cdb51f886c3fa,Sinmivak,top,Renekton,oe:player:2925560e555046ad9b0066ff181fe21,Camille,top:Renekton,lineup-de5e31d683ce7975,0,1896.00000000,31.60000000,0,4,2,0.50000000,9187.00000000,8684.00000000,226,274.81012658,0.17967925,0.19925200,25,0.79113924,0.28571429,-1578.00000000,-639.00000000,-20.00000000,1,out_of_time,337.14619024,402.51643183,168.96978041,-0.36891842,2021-02-10
pg-806ad77183f3cfe3,ESPORTSTMNT01/1882713,2021-03-03T16:33:09,2021-03-03,2021,Split 1,0,11.04,Blue,oe:team:f27741afb3044c971eeced9d0c2daa1,devils.one,oe:team:1158ec5b08f516ca81868bc48293989,Team ESCA Gaming,oe:player:694ee794a9d3a8c3fbd658becb89769,Zamulek,bot,Caitlyn,oe:player:3d022fcafe5af9f52df92b17c015fe6,Kai'Sa,bot:Caitlyn,lineup-96cee117298b4401,0,2477.00000000,41.28333333,5,4,7,3.00000000,17308.00000000,25740.00000000,336,623.49616472,0.24793365,0.26672746,53,1.28381106,0.63157895,1067.00000000,767.00000000,27.00000000,1,out_of_time,517.03682576,472.46581623,183.24544392,0.58096582,2021-02-10
pg-c4076fedf4420240,ESPORTSTMNT01/1882713,2021-03-03T16:33:09,2021-03-03,2021,Split 1,0,11.04,Blue,oe:team:f27741afb3044c971eeced9d0c2daa1,devils.one,oe:team:1158ec5b08f516ca81868bc48293989,Team ESCA Gaming,oe:player:2d1fca25321f6983dc3e1da11039a80,Diagu,jng,Graves,oe:player:318a60c20ad705c05ceb1e1b2067624,Lillia,jng:Graves,lineup-96cee117298b4401,0,2477.00000000,41.28333333,11,1,4,15.00000000,17846.00000000,23742.00000000,330,575.09890997,0.25564039,0.24602344,57,1.38070246,0.78947368,651.00000000,1101.00000000,30.00000000,1,out_of_time,382.71712689,312.30389892,131.45975689,1.46342719,2021-02-10
pg-19d4fc80cb8915c7,ESPORTSTMNT01/1882713,2021-03-03T16:33:09,2021-03-03,2021,Split 1,0,11.04,Blue,oe:team:f27741afb3044c971eeced9d0c2daa1,devils.one,oe:team:1158ec5b08f516ca81868bc48293989,Team ESCA Gaming,oe:player:efde1a9fe9e6f1059c3fce2ec296fae,many,mid,Seraphine,oe:player:fd232826ff3976840e994bb85a3bd46,Renekton,mid:Seraphine,lineup-96cee117298b4401,0,2477.00000000,41.28333333,1,4,11,3.00000000,12125.00000000,10923.00000000,239,264.58619298,0.17368821,0.11318819,44,1.06580541,0.63157895,-839.00000000,117.00000000,-7.00000000,1,out_of_time,456.84673531,431.34469372,152.19401937,-1.26325951,2021-02-10
pg-7c79592766d546e6,ESPORTSTMNT01/1882713,2021-03-03T16:33:09,2021-03-03,2021,Split 1,0,11.04,Blue,oe:team:f27741afb3044c971eeced9d0c2daa1,devils.one,oe:team:1158ec5b08f516ca81868bc48293989,Team ESCA Gaming,oe:player:945f30b38a435b37c2e70d893cb6a72,YuNIshinoya,sup,Thresh,oe:player:c49e01c67147c8b2580273ca5e0d261,Blitzcrank,sup:Thresh,lineup-96cee117298b4401,0,2477.00000000,41.28333333,0,7,11,1.57142857,8793.00000000,7085.00000000,37,171.61889382,0.12595797,0.07341741,129,3.12474768,0.57894737,168.00000000,402.00000000,8.00000000,1,out_of_time,250.54188694,156.26487038,84.59413065,-0.93296063,2021-02-10
pg-61ea62542e1fece6,ESPORTSTMNT01/1882713,2021-03-03T16:33:09,2021-03-03,2021,Split 1,0,11.04,Blue,oe:team:f27741afb3044c971eeced9d0c2daa1,devils.one,oe:team:1158ec5b08f516ca81868bc48293989,Team ESCA Gaming,oe:player:e93fad90f312c1f10c64b60e5ba17c7,sheru,top,Gangplank,oe:player:455527eab48df51aaf02979e65dd651,Malphite,top:Gangplank,lineup-96cee117298b4401,0,2477.00000000,41.28333333,2,10,11,1.30000000,13737.00000000,29013.00000000,233,702.77755349,0.19677978,0.30064350,37,0.89624546,0.68421053,-374.00000000,-1222.00000000,10.00000000,1,out_of_time,483.16635113,402.51643183,168.96978041,1.29970698,2021-02-10
pg-41fa98f2f9ae8417,ESPORTSTMNT01/1882713,2021-03-03T16:33:09,2021-03-03,2021,Split 1,0,11.04,Red,oe:team:1158ec5b08f516ca81868bc48293989,Team ESCA Gaming,oe:team:f27741afb3044c971eeced9d0c2daa1,devils.one,oe:player:3d022fcafe5af9f52df92b17c015fe6,HARPOON,bot,Kai'Sa,oe:player:694ee794a9d3a8c3fbd658becb89769,Caitlyn,bot:Kai'Sa,lineup-b65b9b30a31dde93,1,2477.00000000,41.28333333,15,3,5,6.66666667,22449.00000000,32482.00000000,375,786.80662091,0.30961149,0.36637002,53,1.28381106,0.76923077,-1067.00000000,-767.00000000,-27.00000000,1,out_of_time,496.84336502,472.46581623,183.24544392,1.58237635,2021-02-10
pg-782d5698943ab084,ESPORTSTMNT01/1882713,2021-03-03T16:33:09,2021-03-03,2021,Split 1,0,11.04,Red,oe:team:1158ec5b08f516ca81868bc48293989,Team ESCA Gaming,oe:team:f27741afb3044c971eeced9d0c2daa1,devils.one,oe:player:318a60c20ad705c05ceb1e1b2067624,Sh4dowUS,jng,Lillia,oe:player:2d1fca25321f6983dc3e1da11039a80,Graves,jng:Lillia,lineup-b65b9b30a31dde93,1,2477.00000000,41.28333333,2,6,9,1.83333333,12414.00000000,14458.00000000,211,350.21396851,0.17121106,0.16307425,56,1.35647961,0.42307692,-651.00000000,-1101.00000000,-30.00000000,1,out_of_time,321.26977910,312.30389892,131.45975689,0.22017528,2021-02-10
pg-41646e0850803ba3,ESPORTSTMNT01/1882713,2021-03-03T16:33:09,2021-03-03,2021,Split 1,0,11.04,Red,oe:team:1158ec5b08f516ca81868bc48293989,Team ESCA Gaming,oe:team:f27741afb3044c971eeced9d0c2daa1,devils.one,oe:player:fd232826ff3976840e994bb85a3bd46,DOMOLES,mid,Renekton,oe:player:efde1a9fe9e6f1059c3fce2ec296fae,Seraphine,mid:Renekton,lineup-b65b9b30a31dde93,1,2477.00000000,41.28333333,4,3,9,4.33333333,15153.00000000,14745.00000000,290,357.16592652,0.20898672,0.16631137,44,1.06580541,0.50000000,839.00000000,-117.00000000,7.00000000,1,out_of_time,387.16717736,431.34469372,152.19401937,-0.19712503,2021-02-10
pg-77fe2b7384d9625f,ESPORTSTMNT01/1882713,2021-03-03T16:33:09,2021-03-03,2021,Split 1,0,11.04,Red,oe:team:1158ec5b08f516ca81868bc48293989,Team ESCA Gaming,oe:team:f27741afb3044c971eeced9d0c2daa1,devils.one,oe:player:c49e01c67147c8b2580273ca5e0d261,Melekx,sup,Blitzcrank,oe:player:945f30b38a435b37c2e70d893cb6a72,Thresh,sup:Blitzcrank,lineup-b65b9b30a31dde93,1,2477.00000000,41.28333333,1,3,11,4.00000000,9205.00000000,6645.00000000,31,160.96083973,0.12695326,0.07495009,118,2.85829633,0.46153846,-168.00000000,-402.00000000,-8.00000000,1,out_of_time,198.70788226,156.26487038,84.59413065,-0.44621349,2021-02-10
pg-c477c4f326ea0860,ESPORTSTMNT01/1882713,2021-03-03T16:33:09,2021-03-03,2021,Split 1,0,11.04,Red,oe:team:1158ec5b08f516ca81868bc48293989,Team ESCA Gaming,oe:team:f27741afb3044c971eeced9d0c2daa1,devils.one,oe:player:455527eab48df51aaf02979e65dd651,Jaqen,top,Malphite,oe:player:e93fad90f312c1f10c64b60e5ba17c7,Gangplank,top:Malphite,lineup-b65b9b30a31dde93,1,2477.00000000,41.28333333,4,4,13,4.25000000,13286.00000000,20329.00000000,203,492.42632216,0.18323748,0.22929426,49,1.18691966,0.65384615,374.00000000,1222.00000000,-10.00000000,1,out_of_time,416.60741352,402.51643183,168.96978041,0.44871283,2021-02-10
pg-8924e3ef7caa4f2f,ESPORTSTMNT01/1892556,2021-03-03T17:38:04,2021-03-03,2021,Split 1,0,11.04,Blue,oe:team:5628f250931675f9c0d20aad46cc117,Komil & Friends,oe:team:3a1d5821b38ab1ddec52f944973d1bd,Gentlemen's Gaming,oe:player:56b90211cf581dd16f58da4eb71317f,Wojux,bot,Jhin,oe:player:50cce5a33514ebe62201a0a45314eca,Caitlyn,bot:Jhin,lineup-e98e27eefb3dd68b,0,1357.00000000,22.61666667,0,6,4,0.66666667,5976.00000000,4297.00000000,115,189.99263080,0.18514158,0.16991577,16,0.70744289,0.50000000,-4472.00000000,-1475.00000000,-54.00000000,1,out_of_time,433.11864194,472.46581623,183.24544392,-1.32677793,2021-02-10
pg-cdee25a57c8da552,ESPORTSTMNT01/1892556,2021-03-03T17:38:04,2021-03-03,2021,Split 1,0,11.04,Blue,oe:team:5628f250931675f9c0d20aad46cc117,Komil & Friends,oe:team:3a1d5821b38ab1ddec52f944973d1bd,Gentlemen's Gaming,oe:player:24807d9986c4fda13d994791032cde1,Ben3k,jng,Kayn,oe:player:6dc7ae729c87dd9b26169b0fbaf04e7,Rek'Sai,jng:Kayn,lineup-e98e27eefb3dd68b,0,1357.00000000,22.61666667,4,6,1,0.83333333,7681.00000000,9872.00000000,140,436.49226234,0.23796394,0.39036735,27,1.19380987,0.62500000,571.00000000,707.00000000,5.00000000,1,out_of_time,331.64782962,312.30389892,131.45975689,0.79754014,2021-02-10
pg-8ade665cac8d51bd,ESPORTSTMNT01/1892556,2021-03-03T17:38:04,2021-03-03,2021,Split 1,0,11.04,Blue,oe:team:5628f250931675f9c0d20aad46cc117,Komil & Friends,oe:team:3a1d5821b38ab1ddec52f944973d1bd,Gentlemen's Gaming,oe:player:c7337ff148385d577d2f120af1ce7b9,Komil,mid,Azir,oe:player:62ead8b1e25dbc7197a2007bcc4dbe0,LeBlanc,mid:Azir,lineup-e98e27eefb3dd68b,0,1357.00000000,22.61666667,0,5,1,0.20000000,5497.00000000,1854.00000000,110,81.97494473,0.17030175,0.07331251,11,0.48636699,0.12500000,-3001.00000000,-2321.00000000,-47.00000000,1,out_of_time,428.86057793,431.34469372,152.19401937,-2.27923301,2021-02-10
pg-a69f0ee26fc1f93c,ESPORTSTMNT01/1892556,2021-03-03T17:38:04,2021-03-03,2021,Split 1,0,11.04,Blue,oe:team:5628f250931675f9c0d20aad46cc117,Komil & Friends,oe:team:3a1d5821b38ab1ddec52f944973d1bd,Gentlemen's Gaming,oe:player:8a1c30199bac9efaa2161b14565595c,KonDziSan,sup,Thresh,oe:player:f32776bb3b0bfb1cd3261868df4dfce,Lux,sup:Thresh,lineup-e98e27eefb3dd68b,0,1357.00000000,22.61666667,3,4,3,1.50000000,5816.00000000,3393.00000000,37,150.02210759,0.18018465,0.13416901,45,1.98968312,0.75000000,-726.00000000,-650.00000000,21.00000000,1,out_of_time,182.41059560,156.26487038,84.59413065,-0.38286921,2021-02-10
pg-e0d05dee0bfe8c58,ESPORTSTMNT01/1892556,2021-03-03T17:38:04,2021-03-03,2021,Split 1,0,11.04,Blue,oe:team:5628f250931675f9c0d20aad46cc117,Komil & Friends,oe:team:3a1d5821b38ab1ddec52f944973d1bd,Gentlemen's Gaming,oe:player:8e00e6377e8725af3b2bc927d6710e4,Grzybek,top,Wukong,oe:player:a2694196d288cd26055602729d0bb5c,Aatrox,top:Wukong,lineup-e98e27eefb3dd68b,0,1357.00000000,22.61666667,1,5,3,0.80000000,7308.00000000,5873.00000000,129,259.67575534,0.22640808,0.23223536,6,0.26529108,0.50000000,-1221.00000000,-574.00000000,-30.00000000,1,out_of_time,386.84494422,402.51643183,168.96978041,-0.75261499,2021-02-10
pg-b35d67d964ac8562,ESPORTSTMNT01/1892556,2021-03-03T17:38:04,2021-03-03,2021,Split 1,0,11.04,Red,oe:team:3a1d5821b38ab1ddec52f944973d1bd,Gentlemen's Gaming,oe:team:5628f250931675f9c0d20aad46cc117,Komil & Friends,oe:player:50cce5a33514ebe62201a0a45314eca,Yashiro,bot,Caitlyn,oe:player:56b90211cf581dd16f58da4eb71317f,Jhin,bot:Caitlyn,lineup-e71ddd98b498ea4f,1,1357.00000000,22.61666667,13,0,6,19.00000000,13318.00000000,12695.00000000,202,561.31171702,0.27559234,0.23825163,18,0.79587325,0.73076923,4472.00000000,1475.00000000,54.00000000,1,out_of_time,476.22904113,472.46581623,183.24544392,0.46430991,2021-02-10
pg-3a65db0b5aec102a,ESPORTSTMNT01/1892556,2021-03-03T17:38:04,2021-03-03,2021,Split 1,0,11.04,Red,oe:team:3a1d5821b38ab1ddec52f944973d1bd,Gentlemen's Gaming,oe:team:5628f250931675f9c0d20aad46cc117,Komil & Friends,oe:player:6dc7ae729c87dd9b26169b0fbaf04e7,Jenxas,jng,Rek'Sai,oe:player:24807d9986c4fda13d994791032cde1,Kayn,jng:Rek'Sai,lineup-e71ddd98b498ea4f,1,1357.00000000,22.61666667,5,2,9,7.00000000,9311.00000000,6745.00000000,139,298.23139278,0.19267460,0.12658584,23,1.01694915,0.53846154,-571.00000000,-707.00000000,-5.00000000,1,out_of_time,341.27697296,312.30389892,131.45975689,-0.32744302,2021-02-10
pg-025f13a619dbbc32,ESPORTSTMNT01/1892556,2021-03-03T17:38:04,2021-03-03,2021,Split 1,0,11.04,Red,oe:team:3a1d5821b38ab1ddec52f944973d1bd,Gentlemen's Gaming,oe:team:5628f250931675f9c0d20aad46cc117,Komil & Friends,oe:player:62ead8b1e25dbc7197a2007bcc4dbe0,Chosii,mid,LeBlanc,oe:player:c7337ff148385d577d2f120af1ce7b9,Azir,mid:LeBlanc,lineup-e71ddd98b498ea4f,1,1357.00000000,22.61666667,4,2,11,7.50000000,9675.00000000,14654.00000000,147,647.92925571,0.20020693,0.27501689,16,0.70744289,0.57692308,3001.00000000,2321.00000000,47.00000000,1,out_of_time,419.38573237,431.34469372,152.19401937,1.50165903,2021-02-10
pg-12e683e0bdeb059e,ESPORTSTMNT01/1892556,2021-03-03T17:38:04,2021-03-03,2021,Split 1,0,11.04,Red,oe:team:3a1d5821b38ab1ddec52f944973d1bd,Gentlemen's Gaming,oe:team:5628f250931675f9c0d20aad46cc117,Komil & Friends,oe:player:f32776bb3b0bfb1cd3261868df4dfce,Calmsky,sup,Lux,oe:player:8a1c30199bac9efaa2161b14565595c,Thresh,sup:Lux,lineup-e71ddd98b498ea4f,1,1357.00000000,22.61666667,1,1,14,15.00000000,7277.00000000,11593.00000000,10,512.58658806,0.15058458,0.21757000,64,2.82977155,0.57692308,726.00000000,650.00000000,-21.00000000,1,out_of_time,225.93939674,156.26487038,84.59413065,3.38849976,2021-02-10
pg-2a4285c5f2784423,ESPORTSTMNT01/1892556,2021-03-03T17:38:04,2021-03-03,2021,Split 1,0,11.04,Red,oe:team:3a1d5821b38ab1ddec52f944973d1bd,Gentlemen's Gaming,oe:team:5628f250931675f9c0d20aad46cc117,Komil & Friends,oe:player:a2694196d288cd26055602729d0bb5c,HeSSZero,top,Aatrox,oe:player:8e00e6377e8725af3b2bc927d6710e4,Wukong,top:Aatrox,lineup-e71ddd98b498ea4f,1,1357.00000000,22.61666667,3,3,4,2.33333333,8744.00000000,7597.00000000,149,335.90272660,0.18094154,0.14257563,13,0.57479735,0.26923077,1221.00000000,574.00000000,30.00000000,1,out_of_time,421.26974418,402.51643183,168.96978041,-0.50522062,2021-02-10
pg-56d3e4335e584535,ESPORTSTMNT01/1882810,2021-03-03T18:41:56,2021-03-03,2021,Split 1,0,11.04,Blue,oe:team:73f3cc4e54620b1454530648442e066,K1CK,oe:team:b5ac2d78f427d88ed9666c8d1c9e1d2,7more7 Pompa Team,oe:player:b4a352b2b8782a2bb21bce1a2f47645,Puki Style,bot,Senna,oe:player:f12b5cb6a2f280205cec33bf1c02e08,Sivir,bot:Senna,lineup-199bafdd01ac68ac,1,2110.00000000,35.16666667,5,3,8,4.33333333,12289.00000000,24356.00000000,71,692.58767773,0.17914516,0.29597404,90,2.55924171,0.72222222,-1333.00000000,-936.00000000,-133.00000000,1,out_of_time,405.72238398,472.46581623,183.24544392,1.56547027,2021-02-10
pg-e1d0d625c7f9d103,ESPORTSTMNT01/1882810,2021-03-03T18:41:56,2021-03-03,2021,Split 1,0,11.04,Blue,oe:team:73f3cc4e54620b1454530648442e066,K1CK,oe:team:b5ac2d78f427d88ed9666c8d1c9e1d2,7more7 Pompa Team,oe:player:7471c21aed615dae3e49140eca8ce89,Bruness,jng,Lillia,oe:player:82416dfeed801e2846a7c12a3649ab3,Udyr,jng:Lillia,lineup-199bafdd01ac68ac,1,2110.00000000,35.16666667,4,1,7,11.00000000,12853.00000000,16198.00000000,227,460.60663507,0.18736698,0.19683805,37,1.05213270,0.61111111,1331.00000000,722.00000000,6.00000000,1,out_of_time,306.36440751,312.30389892,131.45975689,1.17330376,2021-02-10
pg-fba6bbb6f1d1715d,ESPORTSTMNT01/1882810,2021-03-03T18:41:56,2021-03-03,2021,Split 1,0,11.04,Blue,oe:team:73f3cc4e54620b1454530648442e066,K1CK,oe:team:b5ac2d78f427d88ed9666c8d1c9e1d2,7more7 Pompa Team,oe:player:be4ce50af0cd0d8574aa3820c37d1ae,Matislaw,mid,Orianna,oe:player:5a23766ce46653d2b63ac4a40cd61c1,Ryze,mid:Orianna,lineup-199bafdd01ac68ac,1,2110.00000000,35.16666667,5,2,9,7.00000000,15319.00000000,17382.00000000,313,494.27488152,0.22331555,0.21122601,29,0.82464455,0.77777778,69.00000000,42.00000000,-7.00000000,1,out_of_time,404.83517883,431.34469372,152.19401937,0.58766897,2021-02-10
pg-c5fd0e4b3bd1aea2,ESPORTSTMNT01/1882810,2021-03-03T18:41:56,2021-03-03,2021,Split 1,0,11.04,Blue,oe:team:73f3cc4e54620b1454530648442e066,K1CK,oe:team:b5ac2d78f427d88ed9666c8d1c9e1d2,7more7 Pompa Team,oe:player:84bd988294f5dd9ae9a499abf6524a0,Raxxo,sup,Tahm Kench,oe:player:a93e0326b85f0312cf1b451e175a7a0,Karma,sup:Tahm Kench,lineup-199bafdd01ac68ac,1,2110.00000000,35.16666667,0,0,12,12.00000000,12602.00000000,7097.00000000,257,201.81042654,0.18370798,0.08624272,44,1.25118483,0.66666667,1654.00000000,1087.00000000,125.00000000,1,out_of_time,185.19520004,156.26487038,84.59413065,0.19641110,2021-02-10
pg-56c42c76471bdc79,ESPORTSTMNT01/1882810,2021-03-03T18:41:56,2021-03-03,2021,Split 1,0,11.04,Blue,oe:team:73f3cc4e54620b1454530648442e066,K1CK,oe:team:b5ac2d78f427d88ed9666c8d1c9e1d2,7more7 Pompa Team,oe:player:4841aa27ab85be0b9f45fed1d5e7b09,Kackos,top,Gnar,oe:player:cb5feb1b7314637725a2e73bdc9f729,Gangplank,top:Gnar,lineup-199bafdd01ac68ac,1,2110.00000000,35.16666667,4,0,9,13.00000000,15535.00000000,17258.00000000,296,490.74881517,0.22646433,0.20971917,38,1.08056872,0.72222222,594.00000000,244.00000000,2.00000000,1,out_of_time,398.95165379,402.51643183,168.96978041,0.54327562,2021-02-10
pg-b0e5a0b7ec24122f,ESPORTSTMNT01/1882810,2021-03-03T18:41:56,2021-03-03,2021,Split 1,0,11.04,Red,oe:team:b5ac2d78f427d88ed9666c8d1c9e1d2,7more7 Pompa Team,oe:team:73f3cc4e54620b1454530648442e066,K1CK,oe:player:f12b5cb6a2f280205cec33bf1c02e08,Ather,bot,Sivir,oe:player:b4a352b2b8782a2bb21bce1a2f47645,Senna,bot:Sivir,lineup-e174eb922a14bd84,0,2110.00000000,35.16666667,3,1,2,5.00000000,14385.00000000,27371.00000000,344,778.32227488,0.24612463,0.35082480,30,0.85308057,0.83333333,1333.00000000,936.00000000,133.00000000,1,out_of_time,426.78399641,472.46581623,183.24544392,1.91840119,2021-02-10
pg-dd91787f3ff6522f,ESPORTSTMNT01/1882810,2021-03-03T18:41:56,2021-03-03,2021,Split 1,0,11.04,Red,oe:team:b5ac2d78f427d88ed9666c8d1c9e1d2,7more7 Pompa Team,oe:team:73f3cc4e54620b1454530648442e066,K1CK,oe:player:82416dfeed801e2846a7c12a3649ab3,behave,jng,Udyr,oe:player:7471c21aed615dae3e49140eca8ce89,Lillia,jng:Udyr,lineup-e174eb922a14bd84,0,2110.00000000,35.16666667,0,5,0,0.00000000,9080.00000000,3788.00000000,183,107.71563981,0.15535708,0.04855228,27,0.76777251,0.00000000,-1331.00000000,-722.00000000,-6.00000000,1,out_of_time,304.39990175,312.30389892,131.45975689,-1.49615568,2021-02-10
pg-1570d5f32c2d5fe7,ESPORTSTMNT01/1882810,2021-03-03T18:41:56,2021-03-03,2021,Split 1,0,11.04,Red,oe:team:b5ac2d78f427d88ed9666c8d1c9e1d2,7more7 Pompa Team,oe:team:73f3cc4e54620b1454530648442e066,K1CK,oe:player:5a23766ce46653d2b63ac4a40cd61c1,Warszi,mid,Ryze,oe:player:be4ce50af0cd0d8574aa3820c37d1ae,Orianna,mid:Ryze,lineup-e174eb922a14bd84,0,2110.00000000,35.16666667,2,2,2,2.00000000,15286.00000000,21350.00000000,384,607.10900474,0.26154057,0.27365129,31,0.88151659,0.66666667,-69.00000000,-42.00000000,7.00000000,1,out_of_time,402.58937425,431.34469372,152.19401937,1.34380859,2021-02-10
pg-552ebe3189e6a5bb,ESPORTSTMNT01/1882810,2021-03-03T18:41:56,2021-03-03,2021,Split 1,0,11.04,Red,oe:team:b5ac2d78f427d88ed9666c8d1c9e1d2,7more7 Pompa Team,oe:team:73f3cc4e54620b1454530648442e066,K1CK,oe:player:a93e0326b85f0312cf1b451e175a7a0,Wojtus,sup,Karma,oe:player:84bd988294f5dd9ae9a499abf6524a0,Tahm Kench,sup:Karma,lineup-e174eb922a14bd84,0,2110.00000000,35.16666667,0,5,4,0.80000000,6646.00000000,10066.00000000,11,286.23696682,0.11371180,0.12901985,63,1.79146919,0.66666667,-1654.00000000,-1087.00000000,-125.00000000,1,out_of_time,192.71467370,156.26487038,84.59413065,1.10554116,2021-02-10
pg-aed8c364c0e2921d,ESPORTSTMNT01/1882810,2021-03-03T18:41:56,2021-03-03,2021,Split 1,0,11.04,Red,oe:team:b5ac2d78f427d88ed9666c8d1c9e1d2,7more7 Pompa Team,oe:team:73f3cc4e54620b1454530648442e066,K1CK,oe:player:cb5feb1b7314637725a2e73bdc9f729,Color,top,Gangplank,oe:player:4841aa27ab85be0b9f45fed1d5e7b09,Gnar,top:Gangplank,lineup-e174eb922a14bd84,0,2110.00000000,35.16666667,1,5,2,0.60000000,13049.00000000,15444.00000000,292,439.16587678,0.22326592,0.19795178,38,1.08056872,0.50000000,-594.00000000,-244.00000000,-2.00000000,1,out_of_time,400.79865708,402.51643183,168.96978041,0.22706557,2021-02-10
pg-b2016449aedc1a4c,ESPORTSTMNT01/1886063,2021-03-09T15:30:26,2021-03-09,2021,Unknown,1,11.04,Blue,oe:team:6cedba5819b5b7c465cb3bb48bfe855,Illuminar Gaming,oe:team:b5ac2d78f427d88ed9666c8d1c9e1d2,7more7 Pompa Team,oe:player:7705566e63eedc7bd6c4c72d43c9104,odi11,bot,Kai'Sa,oe:player:f12b5cb6a2f280205cec33bf1c02e08,Tristana,bot:Kai'Sa,lineup-561550076137b115,1,2275.00000000,37.91666667,6,3,5,3.66666667,16977.00000000,20602.00000000,348,543.34945055,0.24784665,0.24931023,37,0.97582418,0.68750000,398.00000000,318.00000000,18.00000000,1,out_of_time,511.21635351,472.46581623,183.24544392,0.17535550,2021-02-10
pg-e4dcf328eeaa7bfd,ESPORTSTMNT01/1886063,2021-03-09T15:30:26,2021-03-09,2021,Unknown,1,11.04,Blue,oe:team:6cedba5819b5b7c465cb3bb48bfe855,Illuminar Gaming,oe:team:b5ac2d78f427d88ed9666c8d1c9e1d2,7more7 Pompa Team,oe:player:df3e7f4eef306da0e300b26a7c92b00,Tabasko,jng,Olaf,oe:player:6b7ca7e0fcad1f113f17bc2d30adbf5,Hecarim,jng:Olaf,lineup-561550076137b115,1,2275.00000000,37.91666667,1,2,11,6.00000000,12038.00000000,11607.00000000,219,306.11868132,0.17574236,0.14045936,59,1.55604396,0.75000000,-373.00000000,-925.00000000,-20.00000000,1,out_of_time,323.13112747,312.30389892,131.45975689,-0.12941182,2021-02-10
pg-e4558c73e93a4686,ESPORTSTMNT01/1886063,2021-03-09T15:30:26,2021-03-09,2021,Unknown,1,11.04,Blue,oe:team:6cedba5819b5b7c465cb3bb48bfe855,Illuminar Gaming,oe:team:b5ac2d78f427d88ed9666c8d1c9e1d2,7more7 Pompa Team,oe:player:73ac73edf51a3acdfa494e271c6ee29,Czajek,mid,Viktor,oe:player:5a23766ce46653d2b63ac4a40cd61c1,Cassiopeia,mid:Viktor,lineup-561550076137b115,1,2275.00000000,37.91666667,5,0,8,13.00000000,17108.00000000,25293.00000000,399,667.06813187,0.24975912,0.30607725,60,1.58241758,0.81250000,-251.00000000,561.00000000,15.00000000,1,out_of_time,426.48648630,431.34469372,152.19401937,1.58075624,2021-02-10
pg-d516948b1b32f04f,ESPORTSTMNT01/1886063,2021-03-09T15:30:26,2021-03-09,2021,Unknown,1,11.04,Blue,oe:team:6cedba5819b5b7c465cb3bb48bfe855,Illuminar Gaming,oe:team:b5ac2d78f427d88ed9666c8d1c9e1d2,7more7 Pompa Team,oe:player:df5866d3078c786ce03084b78b1f5d9,Czypsy,sup,Alistar,oe:player:a93e0326b85f0312cf1b451e175a7a0,Rell,sup:Alistar,lineup-561550076137b115,1,2275.00000000,37.91666667,2,5,10,2.40000000,8307.00000000,5317.00000000,34,140.22857143,0.12127361,0.06434242,100,2.63736264,0.75000000,-183.00000000,191.00000000,-3.00000000,1,out_of_time,176.11734009,156.26487038,84.59413065,-0.42424656,2021-02-10
pg-33288ba6b03ea913,ESPORTSTMNT01/1886063,2021-03-09T15:30:26,2021-03-09,2021,Unknown,1,11.04,Blue,oe:team:6cedba5819b5b7c465cb3bb48bfe855,Illuminar Gaming,oe:team:b5ac2d78f427d88ed9666c8d1c9e1d2,7more7 Pompa Team,oe:player:2925560e555046ad9b0066ff181fe21,Melonik,top,Camille,oe:player:cb5feb1b7314637725a2e73bdc9f729,Shen,top:Camille,lineup-561550076137b115,1,2275.00000000,37.91666667,2,3,5,2.33333333,14068.00000000,19817.00000000,293,522.64615385,0.20537826,0.23981074,38,1.00219780,0.43750000,-219.00000000,-475.00000000,6.00000000,1,out_of_time,406.09368309,402.51643183,168.96978041,0.68978293,2021-02-10
pg-70cd4e4cae0eb575,ESPORTSTMNT01/1886063,2021-03-09T15:30:26,2021-03-09,2021,Unknown,1,11.04,Red,oe:team:b5ac2d78f427d88ed9666c8d1c9e1d2,7more7 Pompa Team,oe:team:6cedba5819b5b7c465cb3bb48bfe855,Illuminar Gaming,oe:player:f12b5cb6a2f280205cec33bf1c02e08,Ather,bot,Tristana,oe:player:7705566e63eedc7bd6c4c72d43c9104,Kai'Sa,bot:Tristana,lineup-e9043d2e4838c492,0,2275.00000000,37.91666667,2,5,5,1.40000000,14572.00000000,23382.00000000,355,616.66813187,0.23731353,0.30550728,49,1.29230769,0.53846154,-398.00000000,-318.00000000,-18.00000000,1,out_of_time,395.52830589,472.46581623,183.24544392,1.20679577,2021-02-10
pg-aff6e7a404f09518,ESPORTSTMNT01/1886063,2021-03-09T15:30:26,2021-03-09,2021,Unknown,1,11.04,Red,oe:team:b5ac2d78f427d88ed9666c8d1c9e1d2,7more7 Pompa Team,oe:team:6cedba5819b5b7c465cb3bb48bfe855,Illuminar Gaming,oe:player:6b7ca7e0fcad1f113f17bc2d30adbf5,adi1,jng,Hecarim,oe:player:df3e7f4eef306da0e300b26a7c92b00,Olaf,jng:Hecarim,lineup-e9043d2e4838c492,0,2275.00000000,37.91666667,0,3,11,3.66666667,9845.00000000,11279.00000000,183,297.46813187,0.16033157,0.14737048,75,1.97802198,0.84615385,373.00000000,925.00000000,20.00000000,1,out_of_time,240.64244367,312.30389892,131.45975689,0.43226680,2021-02-10
pg-c265a7807dd2cab8,ESPORTSTMNT01/1886063,2021-03-09T15:30:26,2021-03-09,2021,Unknown,1,11.04,Red,oe:team:b5ac2d78f427d88ed9666c8d1c9e1d2,7more7 Pompa Team,oe:team:6cedba5819b5b7c465cb3bb48bfe855,Illuminar Gaming,oe:player:5a23766ce46653d2b63ac4a40cd61c1,Warszi,mid,Cassiopeia,oe:player:73ac73edf51a3acdfa494e271c6ee29,Viktor,mid:Cassiopeia,lineup-e9043d2e4838c492,0,2275.00000000,37.91666667,6,3,4,3.33333333,15019.00000000,16556.00000000,344,436.64175824,0.24459319,0.21631933,34,0.89670330,0.76923077,251.00000000,-561.00000000,-15.00000000,1,out_of_time,370.53765067,431.34469372,152.19401937,0.43434103,2021-02-10
pg-61662dc60e3f15e3,ESPORTSTMNT01/1886063,2021-03-09T15:30:26,2021-03-09,2021,Unknown,1,11.04,Red,oe:team:b5ac2d78f427d88ed9666c8d1c9e1d2,7more7 Pompa Team,oe:team:6cedba5819b5b7c465cb3bb48bfe855,Illuminar Gaming,oe:player:a93e0326b85f0312cf1b451e175a7a0,Wojtus,sup,Rell,oe:player:df5866d3078c786ce03084b78b1f5d9,Alistar,sup:Rell,lineup-e9043d2e4838c492,0,2275.00000000,37.91666667,1,4,10,2.75000000,8108.00000000,6172.00000000,39,162.77802198,0.13204352,0.08064284,98,2.58461538,0.84615385,183.00000000,-191.00000000,3.00000000,1,out_of_time,125.02673892,156.26487038,84.59413065,0.44626362,2021-02-10
pg-64edcc8535ba59d1,ESPORTSTMNT01/1886063,2021-03-09T15:30:26,2021-03-09,2021,Unknown,1,11.04,Red,oe:team:b5ac2d78f427d88ed9666c8d1c9e1d2,7more7 Pompa Team,oe:team:6cedba5819b5b7c465cb3bb48bfe855,Illuminar Gaming,oe:player:cb5feb1b7314637725a2e73bdc9f729,Color,top,Shen,oe:player:2925560e555046ad9b0066ff181fe21,Camille,top:Shen,lineup-e9043d2e4838c492,0,2275.00000000,37.91666667,4,1,5,9.00000000,13860.00000000,19146.00000000,300,504.94945055,0.22571819,0.25016006,51,1.34505495,0.69230769,219.00000000,475.00000000,-6.00000000,1,out_of_time,309.12280576,402.51643183,168.96978041,1.15894478,2021-02-10
pg-c4f629e1584490d0,ESPORTSTMNT01/1895812,2021-03-09T17:04:42,2021-03-09,2021,Unknown,1,11.04,Blue,oe:team:b5ac2d78f427d88ed9666c8d1c9e1d2,7more7 Pompa Team,oe:team:6cedba5819b5b7c465cb3bb48bfe855,Illuminar Gaming,oe:player:f12b5cb6a2f280205cec33bf1c02e08,Ather,bot,Kai'Sa,oe:player:7705566e63eedc7bd6c4c72d43c9104,Tristana,bot:Kai'Sa,lineup-e9043d2e4838c492,0,1609.00000000,26.81666667,3,3,4,2.33333333,9703.00000000,10048.00000000,217,374.69235550,0.23832682,0.26077027,33,1.23057800,0.87500000,-302.00000000,201.00000000,-1.00000000,1,out_of_time,490.79861863,472.46581623,183.24544392,-0.63361064,2021-02-10
pg-981f916c62c5e9f3,ESPORTSTMNT01/1895812,2021-03-09T17:04:42,2021-03-09,2021,Unknown,1,11.04,Blue,oe:team:b5ac2d78f427d88ed9666c8d1c9e1d2,7more7 Pompa Team,oe:team:6cedba5819b5b7c465cb3bb48bfe855,Illuminar Gaming,oe:player:6b7ca7e0fcad1f113f17bc2d30adbf5,adi1,jng,Lillia,oe:player:df3e7f4eef306da0e300b26a7c92b00,Udyr,jng:Lillia,lineup-e9043d2e4838c492,0,1609.00000000,26.81666667,1,3,6,2.33333333,8160.00000000,8399.00000000,162,313.20074580,0.20042738,0.21797467,40,1.49160970,0.87500000,-90.00000000,-569.00000000,-11.00000000,1,out_of_time,301.31954918,312.30389892,131.45975689,0.09037896,2021-02-10
pg-bbcde1d56477fd5b,ESPORTSTMNT01/1895812,2021-03-09T17:04:42,2021-03-09,2021,Unknown,1,11.04,Blue,oe:team:b5ac2d78f427d88ed9666c8d1c9e1d2,7more7 Pompa Team,oe:team:6cedba5819b5b7c465cb3bb48bfe855,Illuminar Gaming,oe:player:5a23766ce46653d2b63ac4a40cd61c1,Warszi,mid,Galio,oe:player:73ac73edf51a3acdfa494e271c6ee29,Orianna,mid:Galio,lineup-e9043d2e4838c492,0,1609.00000000,26.81666667,1,3,6,2.33333333,8199.00000000,6376.00000000,192,237.76258546,0.20138531,0.16547285,21,0.78309509,0.87500000,-173.00000000,125.00000000,-13.00000000,1,out_of_time,382.34669145,431.34469372,152.19401937,-0.94999860,2021-02-10
pg-10713d5adb183317,ESPORTSTMNT01/1895812,2021-03-09T17:04:42,2021-03-09,2021,Unknown,1,11.04,Blue,oe:team:b5ac2d78f427d88ed9666c8d1c9e1d2,7more7 Pompa Team,oe:team:6cedba5819b5b7c465cb3bb48bfe855,Illuminar Gaming,oe:player:a93e0326b85f0312cf1b451e175a7a0,Wojtus,sup,Sett,oe:player:df5866d3078c786ce03084b78b1f5d9,Rell,sup:Sett,lineup-e9043d2e4838c492,0,1609.00000000,26.81666667,2,2,5,3.50000000,6165.00000000,5223.00000000,38,194.76693599,0.15142583,0.13554967,62,2.31199503,0.87500000,243.00000000,-418.00000000,5.00000000,1,out_of_time,197.37160981,156.26487038,84.59413065,-0.03079024,2021-02-10
pg-a1dbd53687bcfa83,ESPORTSTMNT01/1895812,2021-03-09T17:04:42,2021-03-09,2021,Unknown,1,11.04,Blue,oe:team:b5ac2d78f427d88ed9666c8d1c9e1d2,7more7 Pompa Team,oe:team:6cedba5819b5b7c465cb3bb48bfe855,Illuminar Gaming,oe:player:cb5feb1b7314637725a2e73bdc9f729,Color,top,Wukong,oe:player:2925560e555046ad9b0066ff181fe21,Gnar,top:Wukong,lineup-e9043d2e4838c492,0,1609.00000000,26.81666667,1,3,3,1.33333333,8486.00000000,8486.00000000,190,316.44499689,0.20843465,0.22023253,30,1.11870727,0.50000000,-562.00000000,185.00000000,-7.00000000,1,out_of_time,347.61203863,402.51643183,168.96978041,-0.18445335,2021-02-10
pg-b82ae3deec911120,ESPORTSTMNT01/1895812,2021-03-09T17:04:42,2021-03-09,2021,Unknown,1,11.04,Red,oe:team:6cedba5819b5b7c465cb3bb48bfe855,Illuminar Gaming,oe:team:b5ac2d78f427d88ed9666c8d1c9e1d2,7more7 Pompa Team,oe:player:7705566e63eedc7bd6c4c72d43c9104,odi11,bot,Tristana,oe:player:f12b5cb6a2f280205cec33bf1c02e08,Kai'Sa,bot:Tristana,lineup-561550076137b115,1,1609.00000000,26.81666667,4,1,6,10.00000000,11664.00000000,16158.00000000,229,602.53573648,0.23495760,0.28737084,28,1.04412679,0.71428571,302.00000000,-201.00000000,1.00000000,1,out_of_time,415.94604077,472.46581623,183.24544392,1.01825012,2021-02-10
pg-2f4696c20503c6b8,ESPORTSTMNT01/1895812,2021-03-09T17:04:42,2021-03-09,2021,Unknown,1,11.04,Red,oe:team:6cedba5819b5b7c465cb3bb48bfe855,Illuminar Gaming,oe:team:b5ac2d78f427d88ed9666c8d1c9e1d2,7more7 Pompa Team,oe:player:df3e7f4eef306da0e300b26a7c92b00,Tabasko,jng,Udyr,oe:player:6b7ca7e0fcad1f113f17bc2d30adbf5,Lillia,jng:Udyr,lineup-561550076137b115,1,1609.00000000,26.81666667,1,3,10,3.66666667,9212.00000000,5859.00000000,170,218.48353014,0.18556493,0.10420261,32,1.19328776,0.78571429,90.00000000,569.00000000,11.00000000,1,out_of_time,286.81805206,312.30389892,131.45975689,-0.51981324,2021-02-10
pg-f8fe4cffbc7f936d,ESPORTSTMNT01/1895812,2021-03-09T17:04:42,2021-03-09,2021,Unknown,1,11.04,Red,oe:team:6cedba5819b5b7c465cb3bb48bfe855,Illuminar Gaming,oe:team:b5ac2d78f427d88ed9666c8d1c9e1d2,7more7 Pompa Team,oe:player:73ac73edf51a3acdfa494e271c6ee29,Czajek,mid,Orianna,oe:player:5a23766ce46653d2b63ac4a40cd61c1,Galio,mid:Orianna,lineup-561550076137b115,1,1609.00000000,26.81666667,6,1,7,13.00000000,11459.00000000,13373.00000000,220,498.68241144,0.23082811,0.23783947,35,1.30515848,0.92857143,173.00000000,-125.00000000,13.00000000,1,out_of_time,387.77137082,431.34469372,152.19401937,0.72874769,2021-02-10
pg-0efa8141876caa77,ESPORTSTMNT01/1895812,2021-03-09T17:04:42,2021-03-09,2021,Unknown,1,11.04,Red,oe:team:6cedba5819b5b7c465cb3bb48bfe855,Illuminar Gaming,oe:team:b5ac2d78f427d88ed9666c8d1c9e1d2,7more7 Pompa Team,oe:player:df5866d3078c786ce03084b78b1f5d9,Czypsy,sup,Rell,oe:player:a93e0326b85f0312cf1b451e175a7a0,Sett,sup:Rell,lineup-561550076137b115,1,1609.00000000,26.81666667,2,2,9,5.50000000,7185.00000000,4591.00000000,38,171.19950280,0.14473340,0.08165116,61,2.27470479,0.78571429,-243.00000000,418.00000000,-5.00000000,1,out_of_time,166.23185955,156.26487038,84.59413065,0.05872326,2021-02-10
pg-83542f3cfbc3907f,ESPORTSTMNT01/1895812,2021-03-09T17:04:42,2021-03-09,2021,Unknown,1,11.04,Red,oe:team:6cedba5819b5b7c465cb3bb48bfe855,Illuminar Gaming,oe:team:b5ac2d78f427d88ed9666c8d1c9e1d2,7more7 Pompa Team,oe:player:2925560e555046ad9b0066ff181fe21,Melonik,top,Gnar,oe:player:cb5feb1b7314637725a2e73bdc9f729,Wukong,top:Gnar,lineup-561550076137b115,1,1609.00000000,26.81666667,1,1,7,8.00000000,10123.00000000,16246.00000000,217,605.81727781,0.20391596,0.28893592,26,0.96954630,0.57142857,562.00000000,-185.00000000,7.00000000,1,out_of_time,363.20470032,402.51643183,168.96978041,1.43583413,2021-02-10
pg-35179302123d09aa,ESPORTSTMNT01/1886145,2021-03-09T18:05:42,2021-03-09,2021,Unknown,1,11.04,Blue,oe:team:6cedba5819b5b7c465cb3bb48bfe855,Illuminar Gaming,oe:team:b5ac2d78f427d88ed9666c8d1c9e1d2,7more7 Pompa Team,oe:player:7705566e63eedc7bd6c4c72d43c9104,odi11,bot,Xayah,oe:player:f12b5cb6a2f280205cec33bf1c02e08,Kai'Sa,bot:Xayah,lineup-561550076137b115,0,2516.00000000,41.93333333,1,0,4,5.00000000,17328.00000000,20689.00000000,453,493.37837838,0.26144422,0.33071709,46,1.09697933,0.83333333,-624.00000000,-536.00000000,-10.00000000,1,out_of_time,431.52218960,472.46581623,183.24544392,0.33755922,2021-02-10
pg-8aa2e7a2a5fcb05e,ESPORTSTMNT01/1886145,2021-03-09T18:05:42,2021-03-09,2021,Unknown,1,11.04,Blue,oe:team:6cedba5819b5b7c465cb3bb48bfe855,Illuminar Gaming,oe:team:b5ac2d78f427d88ed9666c8d1c9e1d2,7more7 Pompa Team,oe:player:df3e7f4eef306da0e300b26a7c92b00,Tabasko,jng,Dr. Mundo,oe:player:82416dfeed801e2846a7c12a3649ab3,Udyr,jng:Dr. Mundo,lineup-561550076137b115,0,2516.00000000,41.93333333,1,3,3,1.33333333,11068.00000000,9284.00000000,200,221.39904610,0.16699357,0.14840628,52,1.24006359,0.66666667,330.00000000,440.00000000,1.00000000,1,out_of_time,314.63145395,312.30389892,131.45975689,-0.70920873,2021-02-10
pg-cf8fe00ff72971b8,ESPORTSTMNT01/1886145,2021-03-09T18:05:42,2021-03-09,2021,Unknown,1,11.04,Blue,oe:team:6cedba5819b5b7c465cb3bb48bfe855,Illuminar Gaming,oe:team:b5ac2d78f427d88ed9666c8d1c9e1d2,7more7 Pompa Team,oe:player:73ac73edf51a3acdfa494e271c6ee29,Czajek,mid,Cassiopeia,oe:player:5a23766ce46653d2b63ac4a40cd61c1,Orianna,mid:Cassiopeia,lineup-561550076137b115,0,2516.00000000,41.93333333,3,2,2,2.50000000,15211.00000000,14657.00000000,372,349.53100159,0.22950300,0.23429457,30,0.71542130,0.83333333,-441.00000000,-418.00000000,-17.00000000,1,out_of_time,408.57986990,431.34469372,152.19401937,-0.38798416,2021-02-10
pg-126a0c22b66f79dc,ESPORTSTMNT01/1886145,2021-03-09T18:05:42,2021-03-09,2021,Unknown,1,11.04,Blue,oe:team:6cedba5819b5b7c465cb3bb48bfe855,Illuminar Gaming,oe:team:b5ac2d78f427d88ed9666c8d1c9e1d2,7more7 Pompa Team,oe:player:df5866d3078c786ce03084b78b1f5d9,Czypsy,sup,Rell,oe:player:a93e0326b85f0312cf1b451e175a7a0,Alistar,sup:Rell,lineup-561550076137b115,0,2516.00000000,41.93333333,0,4,4,1.00000000,7941.00000000,3897.00000000,35,92.93322734,0.11981351,0.06229419,108,2.57551669,0.66666667,-200.00000000,-181.00000000,5.00000000,1,out_of_time,166.18298459,156.26487038,84.59413065,-0.86589645,2021-02-10
pg-a0248ceb8197d7df,ESPORTSTMNT01/1886145,2021-03-09T18:05:42,2021-03-09,2021,Unknown,1,11.04,Blue,oe:team:6cedba5819b5b7c465cb3bb48bfe855,Illuminar Gaming,oe:team:b5ac2d78f427d88ed9666c8d1c9e1d2,7more7 Pompa Team,oe:player:2925560e555046ad9b0066ff181fe21,Melonik,top,Gnar,oe:player:cb5feb1b7314637725a2e73bdc9f729,Gangplank,top:Gnar,lineup-561550076137b115,0,2516.00000000,41.93333333,1,5,3,0.80000000,14730.00000000,14031.00000000,316,334.60254372,0.22224569,0.22428786,51,1.21621622,0.66666667,-52.00000000,52.00000000,5.00000000,1,out_of_time,414.32453035,402.51643183,168.96978041,-0.47181210,2021-02-10
pg-5ecbbad45c05d056,ESPORTSTMNT01/1886145,2021-03-09T18:05:42,2021-03-09,2021,Unknown,1,11.04,Red,oe:team:b5ac2d78f427d88ed9666c8d1c9e1d2,7more7 Pompa Team,oe:team:6cedba5819b5b7c465cb3bb48bfe855,Illuminar Gaming,oe:player:f12b5cb6a2f280205cec33bf1c02e08,Ather,bot,Kai'Sa,oe:player:7705566e63eedc7bd6c4c72d43c9104,Xayah,bot:Kai'Sa,lineup-e174eb922a14bd84,1,2516.00000000,41.93333333,7,0,6,13.00000000,20278.00000000,24011.00000000,427,572.59936407,0.26650370,0.34139510,92,2.19395866,0.92857143,624.00000000,536.00000000,10.00000000,1,out_of_time,481.39493974,472.46581623,183.24544392,0.49771728,2021-02-10
pg-e65d48c75430957b,ESPORTSTMNT01/1886145,2021-03-09T18:05:42,2021-03-09,2021,Unknown,1,11.04,Red,oe:team:b5ac2d78f427d88ed9666c8d1c9e1d2,7more7 Pompa Team,oe:team:6cedba5819b5b7c465cb3bb48bfe855,Illuminar Gaming,oe:player:82416dfeed801e2846a7c12a3649ab3,behave,jng,Udyr,oe:player:df3e7f4eef306da0e300b26a7c92b00,Dr. Mundo,jng:Udyr,lineup-e174eb922a14bd84,1,2516.00000000,41.93333333,0,1,8,8.00000000,11839.00000000,3777.00000000,217,90.07154213,0.15559411,0.05370244,63,1.50238474,0.57142857,-330.00000000,-440.00000000,-1.00000000,1,out_of_time,253.98337373,312.30389892,131.45975689,-1.24685938,2021-02-10
pg-11a93621b217cb84,ESPORTSTMNT01/1886145,2021-03-09T18:05:42,2021-03-09,2021,Unknown,1,11.04,Red,oe:team:b5ac2d78f427d88ed9666c8d1c9e1d2,7more7 Pompa Team,oe:team:6cedba5819b5b7c465cb3bb48bfe855,Illuminar Gaming,oe:player:5a23766ce46653d2b63ac4a40cd61c1,Warszi,mid,Orianna,oe:player:73ac73edf51a3acdfa494e271c6ee29,Cassiopeia,mid:Orianna,lineup-e174eb922a14bd84,1,2516.00000000,41.93333333,3,1,9,12.00000000,16913.00000000,13687.00000000,408,326.39904610,0.22227917,0.19460558,46,1.09697933,0.85714286,441.00000000,418.00000000,17.00000000,1,out_of_time,373.00796457,431.34469372,152.19401937,-0.30624671,2021-02-10
pg-7ce2c052f6d9b28d,ESPORTSTMNT01/1886145,2021-03-09T18:05:42,2021-03-09,2021,Unknown,1,11.04,Red,oe:team:b5ac2d78f427d88ed9666c8d1c9e1d2,7more7 Pompa Team,oe:team:6cedba5819b5b7c465cb3bb48bfe855,Illuminar Gaming,oe:player:a93e0326b85f0312cf1b451e175a7a0,Wojtus,sup,Alistar,oe:player:df5866d3078c786ce03084b78b1f5d9,Rell,sup:Alistar,lineup-e174eb922a14bd84,1,2516.00000000,41.93333333,0,2,11,5.50000000,9403.00000000,4359.00000000,30,103.95071542,0.12357897,0.06197748,131,3.12400636,0.78571429,200.00000000,181.00000000,-5.00000000,1,out_of_time,134.96109442,156.26487038,84.59413065,-0.36657838,2021-02-10
pg-c3e70607666f9c09,ESPORTSTMNT01/1886145,2021-03-09T18:05:42,2021-03-09,2021,Unknown,1,11.04,Red,oe:team:b5ac2d78f427d88ed9666c8d1c9e1d2,7more7 Pompa Team,oe:team:6cedba5819b5b7c465cb3bb48bfe855,Illuminar Gaming,oe:player:cb5feb1b7314637725a2e73bdc9f729,Color,top,Gangplank,oe:player:2925560e555046ad9b0066ff181fe21,Gnar,top:Gangplank,lineup-e174eb922a14bd84,1,2516.00000000,41.93333333,4,2,6,5.00000000,17656.00000000,24498.00000000,307,584.21303657,0.23204405,0.34831940,41,0.97774245,0.71428571,52.00000000,-52.00000000,-5.00000000,1,out_of_time,362.79907251,402.51643183,168.96978041,1.31037611,2021-02-10
pg-e2bed6279774b222,ESPORTSTMNT01/1886169,2021-03-09T19:02:25,2021-03-09,2021,Unknown,1,11.04,Blue,oe:team:6cedba5819b5b7c465cb3bb48bfe855,Illuminar Gaming,oe:team:b5ac2d78f427d88ed9666c8d1c9e1d2,7more7 Pompa Team,oe:player:7705566e63eedc7bd6c4c72d43c9104,odi11,bot,Kai'Sa,oe:player:f12b5cb6a2f280205cec33bf1c02e08,Tristana,bot:Kai'Sa,lineup-561550076137b115,1,1952.00000000,32.53333333,2,1,5,7.00000000,12532.00000000,13853.00000000,258,425.80942623,0.21811473,0.23044165,53,1.62909836,0.58333333,-585.00000000,-868.00000000,-5.00000000,1,out_of_time,511.21635351,472.46581623,183.24544392,-0.46607940,2021-02-10
pg-785dad3685e1ae08,ESPORTSTMNT01/1886169,2021-03-09T19:02:25,2021-03-09,2021,Unknown,1,11.04,Blue,oe:team:6cedba5819b5b7c465cb3bb48bfe855,Illuminar Gaming,oe:team:b5ac2d78f427d88ed9666c8d1c9e1d2,7more7 Pompa Team,oe:player:df3e7f4eef306da0e300b26a7c92b00,Tabasko,jng,Olaf,oe:player:82416dfeed801e2846a7c12a3649ab3,Lillia,jng:Olaf,lineup-561550076137b115,1,1952.00000000,32.53333333,4,3,6,3.33333333,11645.00000000,13460.00000000,195,413.72950820,0.20267683,0.22390418,45,1.38319672,0.83333333,-199.00000000,-537.00000000,5.00000000,1,out_of_time,334.48953167,312.30389892,131.45975689,0.60276984,2021-02-10
pg-cb327fdca1710a3c,ESPORTSTMNT01/1886169,2021-03-09T19:02:25,2021-03-09,2021,Unknown,1,11.04,Blue,oe:team:6cedba5819b5b7c465cb3bb48bfe855,Illuminar Gaming,oe:team:b5ac2d78f427d88ed9666c8d1c9e1d2,7more7 Pompa Team,oe:player:73ac73edf51a3acdfa494e271c6ee29,Czajek,mid,Orianna,oe:player:5a23766ce46653d2b63ac4a40cd61c1,Viktor,mid:Orianna,lineup-561550076137b115,1,1952.00000000,32.53333333,3,2,6,4.50000000,13087.00000000,19418.00000000,286,596.86475410,0.22777430,0.32301422,36,1.10655738,0.75000000,-1143.00000000,-169.00000000,6.00000000,1,out_of_time,425.37088392,431.34469372,152.19401937,1.12681084,2021-02-10
pg-2274882237ec3d30,ESPORTSTMNT01/1886169,2021-03-09T19:02:25,2021-03-09,2021,Unknown,1,11.04,Blue,oe:team:6cedba5819b5b7c465cb3bb48bfe855,Illuminar Gaming,oe:team:b5ac2d78f427d88ed9666c8d1c9e1d2,7more7 Pompa Team,oe:player:df5866d3078c786ce03084b78b1f5d9,Czypsy,sup,Alistar,oe:player:a93e0326b85f0312cf1b451e175a7a0,Rell,sup:Alistar,lineup-561550076137b115,1,1952.00000000,32.53333333,1,3,9,3.33333333,8085.00000000,5076.00000000,31,156.02459016,0.14071637,0.08443816,87,2.67418033,0.83333333,-24.00000000,-89.00000000,-1.00000000,1,out_of_time,176.11734009,156.26487038,84.59413065,-0.23751943,2021-02-10
pg-702e7833a6c8e918,ESPORTSTMNT01/1886169,2021-03-09T19:02:25,2021-03-09,2021,Unknown,1,11.04,Blue,oe:team:6cedba5819b5b7c465cb3bb48bfe855,Illuminar Gaming,oe:team:b5ac2d78f427d88ed9666c8d1c9e1d2,7more7 Pompa Team,oe:player:2925560e555046ad9b0066ff181fe21,Melonik,top,Lulu,oe:player:cb5feb1b7314637725a2e73bdc9f729,Gnar,top:Lulu,lineup-561550076137b115,1,1952.00000000,32.53333333,2,1,9,11.00000000,12107.00000000,8308.00000000,221,255.36885246,0.21071777,0.13820178,35,1.07581967,0.91666667,-444.00000000,1011.00000000,15.00000000,1,out_of_time,369.09538752,402.51643183,168.96978041,-0.67305843,2021-02-10
pg-b13ea58d2c671235,ESPORTSTMNT01/1886169,2021-03-09T19:02:25,2021-03-09,2021,Unknown,1,11.04,Red,oe:team:b5ac2d78f427d88ed9666c8d1c9e1d2,7more7 Pompa Team,oe:team:6cedba5819b5b7c465cb3bb48bfe855,Illuminar Gaming,oe:player:f12b5cb6a2f280205cec33bf1c02e08,Ather,bot,Tristana,oe:player:7705566e63eedc7bd6c4c72d43c9104,Kai'Sa,bot:Tristana,lineup-e174eb922a14bd84,0,1952.00000000,32.53333333,2,1,3,5.00000000,11117.00000000,7235.00000000,251,222.38729508,0.21373914,0.12514486,29,0.89139344,0.50000000,585.00000000,868.00000000,5.00000000,1,out_of_time,395.52830589,472.46581623,183.24544392,-0.94485848,2021-02-10
pg-74cc51b2ebb79165,ESPORTSTMNT01/1886169,2021-03-09T19:02:25,2021-03-09,2021,Unknown,1,11.04,Red,oe:team:b5ac2d78f427d88ed9666c8d1c9e1d2,7more7 Pompa Team,oe:team:6cedba5819b5b7c465cb3bb48bfe855,Illuminar Gaming,oe:player:82416dfeed801e2846a7c12a3649ab3,behave,jng,Lillia,oe:player:df3e7f4eef306da0e300b26a7c92b00,Olaf,jng:Lillia,lineup-e174eb922a14bd84,0,1952.00000000,32.53333333,1,2,6,3.50000000,9569.00000000,8658.00000000,173,266.12704918,0.18397677,0.14975870,34,1.04508197,0.70000000,199.00000000,537.00000000,-5.00000000,1,out_of_time,258.35313570,312.30389892,131.45975689,0.05913531,2021-02-10
pg-be373c04772d33ea,ESPORTSTMNT01/1886169,2021-03-09T19:02:25,2021-03-09,2021,Unknown,1,11.04,Red,oe:team:b5ac2d78f427d88ed9666c8d1c9e1d2,7more7 Pompa Team,oe:team:6cedba5819b5b7c465cb3bb48bfe855,Illuminar Gaming,oe:player:5a23766ce46653d2b63ac4a40cd61c1,Warszi,mid,Viktor,oe:player:73ac73edf51a3acdfa494e271c6ee29,Orianna,mid:Viktor,lineup-e174eb922a14bd84,0,1952.00000000,32.53333333,5,1,2,7.00000000,12077.00000000,20623.00000000,270,633.90368852,0.23219642,0.35671908,33,1.01434426,0.70000000,1143.00000000,169.00000000,-6.00000000,1,out_of_time,393.42288787,431.34469372,152.19401937,1.58009363,2021-02-10
pg-bfd0612f6ed524d3,ESPORTSTMNT01/1886169,2021-03-09T19:02:25,2021-03-09,2021,Unknown,1,11.04,Red,oe:team:b5ac2d78f427d88ed9666c8d1c9e1d2,7more7 Pompa Team,oe:team:6cedba5819b5b7c465cb3bb48bfe855,Illuminar Gaming,oe:player:a93e0326b85f0312cf1b451e175a7a0,Wojtus,sup,Rell,oe:player:df5866d3078c786ce03084b78b1f5d9,Alistar,sup:Rell,lineup-e174eb922a14bd84,0,1952.00000000,32.53333333,1,6,6,1.16666667,7089.00000000,4159.00000000,33,127.83811475,0.13629547,0.07193884,83,2.55122951,0.70000000,24.00000000,89.00000000,1.00000000,1,out_of_time,125.02673892,156.26487038,84.59413065,0.03323370,2021-02-10
pg-20f245a6459f40e4,ESPORTSTMNT01/1886169,2021-03-09T19:02:25,2021-03-09,2021,Unknown,1,11.04,Red,oe:team:b5ac2d78f427d88ed9666c8d1c9e1d2,7more7 Pompa Team,oe:team:6cedba5819b5b7c465cb3bb48bfe855,Illuminar Gaming,oe:player:cb5feb1b7314637725a2e73bdc9f729,Color,top,Gnar,oe:player:2925560e555046ad9b0066ff181fe21,Lulu,top:Gnar,lineup-e174eb922a14bd84,0,1952.00000000,32.53333333,1,2,6,3.50000000,12160.00000000,17138.00000000,230,526.78278689,0.23379220,0.29643852,35,1.07581967,0.70000000,444.00000000,-1011.00000000,-15.00000000,1,out_of_time,328.84578990,402.51643183,168.96978041,1.17143430,2021-02-10
pg-78e3d3eb02801b26,ESPORTSTMNT01/1896198,2021-03-10T15:48:01,2021-03-10,2021,Unknown,1,11.04,Blue,oe:team:73f3cc4e54620b1454530648442e066,K1CK,oe:team:f27741afb3044c971eeced9d0c2daa1,devils.one,oe:player:b4a352b2b8782a2bb21bce1a2f47645,Puki Style,bot,Senna,oe:player:694ee794a9d3a8c3fbd658becb89769,Kog'Maw,bot:Senna,lineup-199bafdd01ac68ac,1,1688.00000000,28.13333333,6,0,5,11.00000000,10944.00000000,32405.00000000,54,1151.83649289,0.20731985,0.47568369,65,2.31042654,1.00000000,676.00000000,687.00000000,-108.00000000,1,out_of_time,474.57224703,472.46581623,183.24544392,3.69594044,2021-02-10
pg-95314f7959423aa1,ESPORTSTMNT01/1896198,2021-03-10T15:48:01,2021-03-10,2021,Unknown,1,11.04,Blue,oe:team:73f3cc4e54620b1454530648442e066,K1CK,oe:team:f27741afb3044c971eeced9d0c2daa1,devils.one,oe:player:7471c21aed615dae3e49140eca8ce89,Bruness,jng,Udyr,oe:player:2d1fca25321f6983dc3e1da11039a80,Hecarim,jng:Udyr,lineup-199bafdd01ac68ac,1,1688.00000000,28.13333333,0,0,5,5.00000000,9129.00000000,2727.00000000,164,96.93127962,0.17293703,0.04003053,38,1.35071090,0.45454545,417.00000000,27.00000000,-2.00000000,1,out_of_time,349.67514515,312.30389892,131.45975689,-1.92259496,2021-02-10
pg-a276ab77fa5d3b4c,ESPORTSTMNT01/1896198,2021-03-10T15:48:01,2021-03-10,2021,Unknown,1,11.04,Blue,oe:team:73f3cc4e54620b1454530648442e066,K1CK,oe:team:f27741afb3044c971eeced9d0c2daa1,devils.one,oe:player:be4ce50af0cd0d8574aa3820c37d1ae,Matislaw,mid,Ahri,oe:player:efde1a9fe9e6f1059c3fce2ec296fae,Karma,mid:Ahri,lineup-199bafdd01ac68ac,1,1688.00000000,28.13333333,1,1,5,6.00000000,11326.00000000,14945.00000000,267,531.22037915,0.21455634,0.21938259,37,1.31516588,0.54545455,835.00000000,17.00000000,5.00000000,1,out_of_time,444.74011230,431.34469372,152.19401937,0.56822382,2021-02-10
pg-a278d1f0345858c8,ESPORTSTMNT01/1896198,2021-03-10T15:48:01,2021-03-10,2021,Unknown,1,11.04,Blue,oe:team:73f3cc4e54620b1454530648442e066,K1CK,oe:team:f27741afb3044c971eeced9d0c2daa1,devils.one,oe:player:84bd988294f5dd9ae9a499abf6524a0,Raxxo,sup,Tahm Kench,oe:player:945f30b38a435b37c2e70d893cb6a72,Lulu,sup:Tahm Kench,lineup-199bafdd01ac68ac,1,1688.00000000,28.13333333,1,1,10,11.00000000,9642.00000000,4083.00000000,157,145.13033175,0.18265515,0.05993570,22,0.78199052,1.00000000,2570.00000000,1950.00000000,92.00000000,1,out_of_time,251.93113229,156.26487038,84.59413065,-1.26250840,2021-02-10
pg-d6f3cd5355ff2949,ESPORTSTMNT01/1896198,2021-03-10T15:48:01,2021-03-10,2021,Unknown,1,11.04,Blue,oe:team:73f3cc4e54620b1454530648442e066,K1CK,oe:team:f27741afb3044c971eeced9d0c2daa1,devils.one,oe:player:4841aa27ab85be0b9f45fed1d5e7b09,Kackos,top,Gnar,oe:player:e93fad90f312c1f10c64b60e5ba17c7,Sion,top:Gnar,lineup-199bafdd01ac68ac,1,1688.00000000,28.13333333,3,1,3,6.00000000,11747.00000000,13963.00000000,228,496.31516588,0.22253164,0.20496749,32,1.13744076,0.54545455,1704.00000000,611.00000000,39.00000000,1,out_of_time,434.81704973,402.51643183,168.96978041,0.36395926,2021-02-10
pg-7f617a22cb1e1e83,ESPORTSTMNT01/1896198,2021-03-10T15:48:01,2021-03-10,2021,Unknown,1,11.04,Red,oe:team:f27741afb3044c971eeced9d0c2daa1,devils.one,oe:team:73f3cc4e54620b1454530648442e066,K1CK,oe:player:694ee794a9d3a8c3fbd658becb89769,Zamulek,bot,Kog'Maw,oe:player:b4a352b2b8782a2bb21bce1a2f47645,Senna,bot:Kog'Maw,lineup-96cee117298b4401,0,1688.00000000,28.13333333,2,3,1,1.00000000,11206.00000000,29347.00000000,271,1043.13981043,0.26762514,0.52356740,12,0.42654028,1.00000000,-676.00000000,-687.00000000,108.00000000,1,out_of_time,457.35246983,472.46581623,183.24544392,3.19673618,2021-02-10
pg-65ead584f6310f76,ESPORTSTMNT01/1896198,2021-03-10T15:48:01,2021-03-10,2021,Unknown,1,11.04,Red,oe:team:f27741afb3044c971eeced9d0c2daa1,devils.one,oe:team:73f3cc4e54620b1454530648442e066,K1CK,oe:player:2d1fca25321f6983dc3e1da11039a80,Diagu,jng,Hecarim,oe:player:7471c21aed615dae3e49140eca8ce89,Udyr,jng:Hecarim,lineup-96cee117298b4401,0,1688.00000000,28.13333333,1,3,2,1.00000000,7796.00000000,7125.00000000,169,253.25829384,0.18618647,0.12711411,24,0.85308057,1.00000000,-417.00000000,-27.00000000,2.00000000,1,out_of_time,331.43840436,312.30389892,131.45975689,-0.59470755,2021-02-10
pg-3f441a91f7afa693,ESPORTSTMNT01/1896198,2021-03-10T15:48:01,2021-03-10,2021,Unknown,1,11.04,Red,oe:team:f27741afb3044c971eeced9d0c2daa1,devils.one,oe:team:73f3cc4e54620b1454530648442e066,K1CK,oe:player:efde1a9fe9e6f1059c3fce2ec296fae,many,mid,Karma,oe:player:be4ce50af0cd0d8574aa3820c37d1ae,Ahri,mid:Karma,lineup-96cee117298b4401,0,1688.00000000,28.13333333,0,1,3,3.00000000,9196.00000000,10993.00000000,247,390.74644550,0.21962170,0.19612146,16,0.56872038,1.00000000,-835.00000000,-17.00000000,-5.00000000,1,out_of_time,427.89903499,431.34469372,152.19401937,-0.24411333,2021-02-10
pg-0fdc61aef4dd1208,ESPORTSTMNT01/1896198,2021-03-10T15:48:01,2021-03-10,2021,Unknown,1,11.04,Red,oe:team:f27741afb3044c971eeced9d0c2daa1,devils.one,oe:team:73f3cc4e54620b1454530648442e066,K1CK,oe:player:945f30b38a435b37c2e70d893cb6a72,YuNIshinoya,sup,Lulu,oe:player:84bd988294f5dd9ae9a499abf6524a0,Tahm Kench,sup:Lulu,lineup-96cee117298b4401,0,1688.00000000,28.13333333,0,2,3,1.50000000,5335.00000000,2527.00000000,31,89.82227488,0.12741211,0.04508314,61,2.16824645,1.00000000,-2570.00000000,-1950.00000000,-92.00000000,1,out_of_time,229.28562658,156.26487038,84.59413065,-1.64861735,2021-02-10
pg-18302fbb77dc4e80,ESPORTSTMNT01/1896198,2021-03-10T15:48:01,2021-03-10,2021,Unknown,1,11.04,Red,oe:team:f27741afb3044c971eeced9d0c2daa1,devils.one,oe:team:73f3cc4e54620b1454530648442e066,K1CK,oe:player:e93fad90f312c1f10c64b60e5ba17c7,sheru,top,Sion,oe:player:4841aa27ab85be0b9f45fed1d5e7b09,Gnar,top:Sion,lineup-96cee117298b4401,0,1688.00000000,28.13333333,0,2,3,1.50000000,8339.00000000,6060.00000000,203,215.40284360,0.19915457,0.10811389,28,0.99526066,1.00000000,-1704.00000000,-611.00000000,-39.00000000,1,out_of_time,396.50719985,402.51643183,168.96978041,-1.07181507,2021-02-10
pg-1a7b6bd13ab1f639,ESPORTSTMNT01/1896205,2021-03-10T16:37:19,2021-03-10,2021,Unknown,1,11.04,Blue,oe:team:f27741afb3044c971eeced9d0c2daa1,devils.one,oe:team:73f3cc4e54620b1454530648442e066,K1CK,oe:player:694ee794a9d3a8c3fbd658becb89769,Zamulek,bot,Jhin,oe:player:b4a352b2b8782a2bb21bce1a2f47645,Aphelios,bot:Jhin,lineup-96cee117298b4401,0,2014.00000000,33.56666667,5,2,3,4.00000000,13245.00000000,15290.00000000,273,455.51142006,0.24176767,0.22633410,25,0.74478649,0.66666667,4.00000000,51.00000000,5.00000000,1,out_of_time,477.76967065,472.46581623,183.24544392,-0.12146687,2021-02-10
pg-1de7ea890b9d508a,ESPORTSTMNT01/1896205,2021-03-10T16:37:19,2021-03-10,2021,Unknown,1,11.04,Blue,oe:team:f27741afb3044c971eeced9d0c2daa1,devils.one,oe:team:73f3cc4e54620b1454530648442e066,K1CK,oe:player:2d1fca25321f6983dc3e1da11039a80,Diagu,jng,Graves,oe:player:7471c21aed615dae3e49140eca8ce89,Lillia,jng:Graves,lineup-96cee117298b4401,0,2014.00000000,33.56666667,3,4,5,2.00000000,11101.00000000,12284.00000000,218,365.95829196,0.20263216,0.18183702,45,1.34061569,0.66666667,-1181.00000000,-1079.00000000,-8.00000000,1,out_of_time,364.74101041,312.30389892,131.45975689,0.00925973,2021-02-10
pg-d7a29893dc5a1048,ESPORTSTMNT01/1896205,2021-03-10T16:37:19,2021-03-10,2021,Unknown,1,11.04,Blue,oe:team:f27741afb3044c971eeced9d0c2daa1,devils.one,oe:team:73f3cc4e54620b1454530648442e066,K1CK,oe:player:efde1a9fe9e6f1059c3fce2ec296fae,many,mid,Orianna,oe:player:be4ce50af0cd0d8574aa3820c37d1ae,Zoe,mid:Orianna,lineup-96cee117298b4401,0,2014.00000000,33.56666667,2,4,5,1.75000000,11669.00000000,18130.00000000,281,540.11916584,0.21300015,0.26837392,20,0.59582920,0.58333333,-530.00000000,187.00000000,-1.00000000,1,out_of_time,458.63751783,431.34469372,152.19401937,0.53538009,2021-02-10
pg-1d944717ae053f41,ESPORTSTMNT01/1896205,2021-03-10T16:37:19,2021-03-10,2021,Unknown,1,11.04,Blue,oe:team:f27741afb3044c971eeced9d0c2daa1,devils.one,oe:team:73f3cc4e54620b1454530648442e066,K1CK,oe:player:945f30b38a435b37c2e70d893cb6a72,YuNIshinoya,sup,Rell,oe:player:84bd988294f5dd9ae9a499abf6524a0,Thresh,sup:Rell,lineup-96cee117298b4401,0,2014.00000000,33.56666667,1,5,5,1.20000000,6739.00000000,4284.00000000,34,127.62661370,0.12301037,0.06341500,79,2.35352532,0.50000000,-363.00000000,-660.00000000,-2.00000000,1,out_of_time,219.73648320,156.26487038,84.59413065,-1.08884468,2021-02-10
pg-1385e45ce5f378e3,ESPORTSTMNT01/1896205,2021-03-10T16:37:19,2021-03-10,2021,Unknown,1,11.04,Blue,oe:team:f27741afb3044c971eeced9d0c2daa1,devils.one,oe:team:73f3cc4e54620b1454530648442e066,K1CK,oe:player:e93fad90f312c1f10c64b60e5ba17c7,sheru,top,Gangplank,oe:player:4841aa27ab85be0b9f45fed1d5e7b09,Gnar,top:Gangplank,lineup-96cee117298b4401,0,2014.00000000,33.56666667,1,6,7,1.33333333,12030.00000000,17567.00000000,250,523.34657398,0.21958966,0.26003997,22,0.65541212,0.66666667,-327.00000000,-527.00000000,12.00000000,1,out_of_time,452.10564129,402.51643183,168.96978041,0.42161937,2021-02-10
pg-cb82f4f4e2c7faeb,ESPORTSTMNT01/1896205,2021-03-10T16:37:19,2021-03-10,2021,Unknown,1,11.04,Red,oe:team:73f3cc4e54620b1454530648442e066,K1CK,oe:team:f27741afb3044c971eeced9d0c2daa1,devils.one,oe:player:b4a352b2b8782a2bb21bce1a2f47645,Puki Style,bot,Aphelios,oe:player:694ee794a9d3a8c3fbd658becb89769,Jhin,bot:Aphelios,lineup-199bafdd01ac68ac,1,2014.00000000,33.56666667,5,2,10,7.50000000,14193.00000000,15041.00000000,283,448.09334657,0.22918551,0.20718202,56,1.66832175,0.71428571,-4.00000000,-51.00000000,-5.00000000,1,out_of_time,470.09705853,472.46581623,183.24544392,-0.12007781,2021-02-10
pg-56ff130ff485252f,ESPORTSTMNT01/1896205,2021-03-10T16:37:19,2021-03-10,2021,Unknown,1,11.04,Red,oe:team:73f3cc4e54620b1454530648442e066,K1CK,oe:team:f27741afb3044c971eeced9d0c2daa1,devils.one,oe:player:7471c21aed615dae3e49140eca8ce89,Bruness,jng,Lillia,oe:player:2d1fca25321f6983dc3e1da11039a80,Graves,jng:Lillia,lineup-199bafdd01ac68ac,1,2014.00000000,33.56666667,6,2,9,7.50000000,12108.00000000,13631.00000000,196,406.08738828,0.19551738,0.18775999,52,1.54915591,0.71428571,1181.00000000,1079.00000000,8.00000000,1,out_of_time,346.52443956,312.30389892,131.45975689,0.45308884,2021-02-10
pg-51197a1f3608f9db,ESPORTSTMNT01/1896205,2021-03-10T16:37:19,2021-03-10,2021,Unknown,1,11.04,Red,oe:team:73f3cc4e54620b1454530648442e066,K1CK,oe:team:f27741afb3044c971eeced9d0c2daa1,devils.one,oe:player:be4ce50af0cd0d8574aa3820c37d1ae,Matislaw,mid,Zoe,oe:player:efde1a9fe9e6f1059c3fce2ec296fae,Orianna,mid:Zoe,lineup-199bafdd01ac68ac,1,2014.00000000,33.56666667,5,2,8,6.50000000,14259.00000000,21182.00000000,285,631.04270109,0.23025126,0.29177112,37,1.10228401,0.61904762,530.00000000,-187.00000000,1.00000000,1,out_of_time,471.43532071,431.34469372,152.19401937,1.04870994,2021-02-10
pg-839a21d68d913c73,ESPORTSTMNT01/1896205,2021-03-10T16:37:19,2021-03-10,2021,Unknown,1,11.04,Red,oe:team:73f3cc4e54620b1454530648442e066,K1CK,oe:team:f27741afb3044c971eeced9d0c2daa1,devils.one,oe:player:84bd988294f5dd9ae9a499abf6524a0,Raxxo,sup,Thresh,oe:player:945f30b38a435b37c2e70d893cb6a72,Rell,sup:Thresh,lineup-199bafdd01ac68ac,1,2014.00000000,33.56666667,1,4,11,3.00000000,7928.00000000,4340.00000000,34,129.29493545,0.12801964,0.05978126,91,2.71102284,0.57142857,363.00000000,660.00000000,2.00000000,1,out_of_time,225.15109429,156.26487038,84.59413065,-1.13313014,2021-02-10
pg-c76baf1ad46b6ccf,ESPORTSTMNT01/1896205,2021-03-10T16:37:19,2021-03-10,2021,Unknown,1,11.04,Red,oe:team:73f3cc4e54620b1454530648442e066,K1CK,oe:team:f27741afb3044c971eeced9d0c2daa1,devils.one,oe:player:4841aa27ab85be0b9f45fed1d5e7b09,Kackos,top,Gnar,oe:player:e93fad90f312c1f10c64b60e5ba17c7,Gangplank,top:Gnar,lineup-199bafdd01ac68ac,1,2014.00000000,33.56666667,4,2,9,6.50000000,13440.00000000,18404.00000000,237,548.28202582,0.21702622,0.25350561,41,1.22144985,0.61904762,327.00000000,527.00000000,-12.00000000,1,out_of_time,447.06300606,402.51643183,168.96978041,0.59903623,2021-02-10
pg-64341d44a553ff65,ESPORTSTMNT01/1896227,2021-03-10T18:04:21,2021-03-10,2021,Unknown,1,11.04,Blue,oe:team:73f3cc4e54620b1454530648442e066,K1CK,oe:team:f27741afb3044c971eeced9d0c2daa1,devils.one,oe:player:b4a352b2b8782a2bb21bce1a2f47645,Puki Style,bot,Tristana,oe:player:694ee794a9d3a8c3fbd658becb89769,Kai'Sa,bot:Tristana,lineup-199bafdd01ac68ac,1,1717.00000000,28.61666667,11,2,6,8.50000000,14412.00000000,15469.00000000,236,540.55911474,0.25400966,0.24660439,73,2.55096098,0.73913043,151.00000000,393.00000000,-13.00000000,1,out_of_time,490.16153806,472.46581623,183.24544392,0.27502772,2021-02-10
pg-f86884a80fcd9bc2,ESPORTSTMNT01/1896227,2021-03-10T18:04:21,2021-03-10,2021,Unknown,1,11.04,Blue,oe:team:73f3cc4e54620b1454530648442e066,K1CK,oe:team:f27741afb3044c971eeced9d0c2daa1,devils.one,oe:player:7471c21aed615dae3e49140eca8ce89,Bruness,jng,Hecarim,oe:player:2d1fca25321f6983dc3e1da11039a80,Jarvan IV,jng:Hecarim,lineup-199bafdd01ac68ac,1,1717.00000000,28.61666667,4,4,16,5.00000000,10075.00000000,8904.00000000,143,311.14735003,0.17757059,0.14194618,42,1.46767618,0.86956522,-96.00000000,-280.00000000,9.00000000,1,out_of_time,359.07021845,312.30389892,131.45975689,-0.36454402,2021-02-10
pg-84b78ca347a3ae2a,ESPORTSTMNT01/1896227,2021-03-10T18:04:21,2021-03-10,2021,Unknown,1,11.04,Blue,oe:team:73f3cc4e54620b1454530648442e066,K1CK,oe:team:f27741afb3044c971eeced9d0c2daa1,devils.one,oe:player:be4ce50af0cd0d8574aa3820c37d1ae,Matislaw,mid,Azir,oe:player:efde1a9fe9e6f1059c3fce2ec296fae,Viktor,mid:Azir,lineup-199bafdd01ac68ac,1,1717.00000000,28.61666667,3,1,13,16.00000000,12852.00000000,18125.00000000,255,633.37216075,0.22651486,0.28894593,23,0.80372743,0.69565217,859.00000000,742.00000000,27.00000000,1,out_of_time,479.41646963,431.34469372,152.19401937,1.01157517,2021-02-10
pg-bc78f81b04e1bf5e,ESPORTSTMNT01/1896227,2021-03-10T18:04:21,2021-03-10,2021,Unknown,1,11.04,Blue,oe:team:73f3cc4e54620b1454530648442e066,K1CK,oe:team:f27741afb3044c971eeced9d0c2daa1,devils.one,oe:player:84bd988294f5dd9ae9a499abf6524a0,Raxxo,sup,Thresh,oe:player:945f30b38a435b37c2e70d893cb6a72,Rell,sup:Thresh,lineup-199bafdd01ac68ac,1,1717.00000000,28.61666667,2,2,15,8.50000000,7720.00000000,5079.00000000,38,177.48398369,0.13606401,0.08096863,86,3.00524170,0.73913043,628.00000000,423.00000000,3.00000000,1,out_of_time,245.88960508,156.26487038,84.59413065,-0.80863319,2021-02-10
pg-0706b99816f99634,ESPORTSTMNT01/1896227,2021-03-10T18:04:21,2021-03-10,2021,Unknown,1,11.04,Blue,oe:team:73f3cc4e54620b1454530648442e066,K1CK,oe:team:f27741afb3044c971eeced9d0c2daa1,devils.one,oe:player:4841aa27ab85be0b9f45fed1d5e7b09,Kackos,top,Gangplank,oe:player:e93fad90f312c1f10c64b60e5ba17c7,Malphite,top:Gangplank,lineup-199bafdd01ac68ac,1,1717.00000000,28.61666667,3,6,16,3.16666667,11679.00000000,15151.00000000,200,529.44670938,0.20584088,0.24153488,19,0.66394875,0.82608696,1134.00000000,93.00000000,34.00000000,1,out_of_time,470.51689803,402.51643183,168.96978041,0.34875947,2021-02-10
pg-7fd77bd08562930b,ESPORTSTMNT01/1896227,2021-03-10T18:04:21,2021-03-10,2021,Unknown,1,11.04,Red,oe:team:f27741afb3044c971eeced9d0c2daa1,devils.one,oe:team:73f3cc4e54620b1454530648442e066,K1CK,oe:player:694ee794a9d3a8c3fbd658becb89769,Zamulek,bot,Kai'Sa,oe:player:b4a352b2b8782a2bb21bce1a2f47645,Tristana,bot:Kai'Sa,lineup-96cee117298b4401,0,1717.00000000,28.61666667,7,4,3,2.50000000,12249.00000000,14032.00000000,225,490.34362260,0.26231369,0.25466887,22,0.76878276,0.66666667,-151.00000000,-393.00000000,13.00000000,1,out_of_time,538.62816583,472.46581623,183.24544392,-0.26349656,2021-02-10
pg-ebb2ca1c7655724a,ESPORTSTMNT01/1896227,2021-03-10T18:04:21,2021-03-10,2021,Unknown,1,11.04,Red,oe:team:f27741afb3044c971eeced9d0c2daa1,devils.one,oe:team:73f3cc4e54620b1454530648442e066,K1CK,oe:player:2d1fca25321f6983dc3e1da11039a80,Diagu,jng,Jarvan IV,oe:player:7471c21aed615dae3e49140eca8ce89,Hecarim,jng:Jarvan IV,lineup-96cee117298b4401,0,1717.00000000,28.61666667,4,5,9,2.60000000,9263.00000000,8120.00000000,149,283.75072801,0.19836817,0.14737110,26,0.90856144,0.86666667,96.00000000,280.00000000,-9.00000000,1,out_of_time,334.66172650,312.30389892,131.45975689,-0.38727440,2021-02-10
pg-097c27cbf78201bb,ESPORTSTMNT01/1896227,2021-03-10T18:04:21,2021-03-10,2021,Unknown,1,11.04,Red,oe:team:f27741afb3044c971eeced9d0c2daa1,devils.one,oe:team:73f3cc4e54620b1454530648442e066,K1CK,oe:player:efde1a9fe9e6f1059c3fce2ec296fae,many,mid,Viktor,oe:player:be4ce50af0cd0d8574aa3820c37d1ae,Azir,mid:Viktor,lineup-96cee117298b4401,0,1717.00000000,28.61666667,4,3,6,3.33333333,11487.00000000,16654.00000000,230,581.96854980,0.24599537,0.30225594,26,0.90856144,0.66666667,-859.00000000,-742.00000000,-27.00000000,1,out_of_time,436.47167619,431.34469372,152.19401937,0.95599600,2021-02-10
pg-fd464c3154ebecaa,ESPORTSTMNT01/1896227,2021-03-10T18:04:21,2021-03-10,2021,Unknown,1,11.04,Red,oe:team:f27741afb3044c971eeced9d0c2daa1,devils.one,oe:team:73f3cc4e54620b1454530648442e066,K1CK,oe:player:945f30b38a435b37c2e70d893cb6a72,YuNIshinoya,sup,Rell,oe:player:84bd988294f5dd9ae9a499abf6524a0,Thresh,sup:Rell,lineup-96cee117298b4401,0,1717.00000000,28.61666667,0,7,6,0.85714286,5464.00000000,4494.00000000,34,157.04135119,0.11701216,0.08156228,67,2.34129295,0.40000000,-628.00000000,-423.00000000,-3.00000000,1,out_of_time,198.99797241,156.26487038,84.59413065,-0.49597556,2021-02-10
pg-629c757e05460ba3,ESPORTSTMNT01/1896227,2021-03-10T18:04:21,2021-03-10,2021,Unknown,1,11.04,Red,oe:team:f27741afb3044c971eeced9d0c2daa1,devils.one,oe:team:73f3cc4e54620b1454530648442e066,K1CK,oe:player:e93fad90f312c1f10c64b60e5ba17c7,sheru,top,Malphite,oe:player:4841aa27ab85be0b9f45fed1d5e7b09,Gangplank,top:Malphite,lineup-96cee117298b4401,0,1717.00000000,28.61666667,0,4,10,2.50000000,8233.00000000,11799.00000000,157,412.31217239,0.17631060,0.21414182,14,0.48922539,0.66666667,-1134.00000000,-93.00000000,-34.00000000,1,out_of_time,436.53541059,402.51643183,168.96978041,-0.14335840,2021-02-10
pg-53ac0dc6575ede46,ESPORTSTMNT02/1732948,2021-03-16T16:08:23,2021-03-16,2021,Unknown,1,11.05,Blue,oe:team:5a5f8cc0161f43afe3461b293535517,AGO ROGUE,oe:team:6cedba5819b5b7c465cb3bb48bfe855,Illuminar Gaming,oe:player:0482daf6543f102a27a265342292bb7,Lucker,bot,Xayah,oe:player:7705566e63eedc7bd6c4c72d43c9104,Kai'Sa,bot:Xayah,lineup-de5e31d683ce7975,0,2253.00000000,37.55000000,3,2,3,3.00000000,16260.00000000,20390.00000000,382,543.00932091,0.24995004,0.31739855,32,0.85219707,0.66666667,243.00000000,354.00000000,6.00000000,2,out_of_time,438.23969950,493.43258466,212.94951508,0.49199277,2021-03-10
pg-f3d247a371df29e7,ESPORTSTMNT02/1732948,2021-03-16T16:08:23,2021-03-16,2021,Unknown,1,11.05,Blue,oe:team:5a5f8cc0161f43afe3461b293535517,AGO ROGUE,oe:team:6cedba5819b5b7c465cb3bb48bfe855,Illuminar Gaming,oe:player:6fc5fe723eed4ba4c230292be365c66,Lurox,jng,Hecarim,oe:player:df3e7f4eef306da0e300b26a7c92b00,Udyr,jng:Hecarim,lineup-de5e31d683ce7975,0,2253.00000000,37.55000000,2,4,3,1.25000000,12375.00000000,5788.00000000,247,154.14114514,0.19022951,0.09009822,48,1.27829561,0.55555556,-404.00000000,-23.00000000,10.00000000,2,out_of_time,280.45909396,309.31067477,128.26358210,-0.98483098,2021-03-10
pg-ffe720ac5bd77c64,ESPORTSTMNT02/1732948,2021-03-16T16:08:23,2021-03-16,2021,Unknown,1,11.05,Blue,oe:team:5a5f8cc0161f43afe3461b293535517,AGO ROGUE,oe:team:6cedba5819b5b7c465cb3bb48bfe855,Illuminar Gaming,oe:player:2096ff50c6496d70e4b39793390c9ce,Sencux,mid,Twisted Fate,oe:player:73ac73edf51a3acdfa494e271c6ee29,Azir,mid:Twisted Fate,lineup-de5e31d683ce7975,0,2253.00000000,37.55000000,2,2,6,4.00000000,16094.00000000,20168.00000000,328,537.09720373,0.24739828,0.31394281,37,0.98535286,0.88888889,1300.00000000,-60.00000000,18.00000000,2,out_of_time,363.92841980,439.88043941,156.95799774,1.10328105,2021-03-10
pg-bb79ca4788882468,ESPORTSTMNT02/1732948,2021-03-16T16:08:23,2021-03-16,2021,Unknown,1,11.05,Blue,oe:team:5a5f8cc0161f43afe3461b293535517,AGO ROGUE,oe:team:6cedba5819b5b7c465cb3bb48bfe855,Illuminar Gaming,oe:player:3e68fd564e4e518b8aed89b9a0bf855,Pyrka,sup,Rell,oe:player:df5866d3078c786ce03084b78b1f5d9,Nautilus,sup:Rell,lineup-de5e31d683ce7975,0,2253.00000000,37.55000000,0,7,1,0.14285714,6992.00000000,3565.00000000,37,94.94007989,0.10748159,0.05549415,111,2.95605859,0.11111111,-339.00000000,460.00000000,0.00000000,2,out_of_time,164.81416479,159.57139125,87.11578049,-0.80208298,2021-03-10
pg-b3d4f5ca0dfb6f91,ESPORTSTMNT02/1732948,2021-03-16T16:08:23,2021-03-16,2021,Unknown,1,11.05,Blue,oe:team:5a5f8cc0161f43afe3461b293535517,AGO ROGUE,oe:team:6cedba5819b5b7c465cb3bb48bfe855,Illuminar Gaming,oe:player:a7b756e008bfcb7148cdb51f886c3fa,Sinmivak,top,Gnar,oe:player:2925560e555046ad9b0066ff181fe21,Sion,top:Gnar,lineup-de5e31d683ce7975,0,2253.00000000,37.55000000,2,4,2,1.00000000,13332.00000000,14330.00000000,290,381.62450067,0.20494059,0.22306627,43,1.14513981,0.44444444,884.00000000,-26.00000000,22.00000000,2,out_of_time,386.72183972,402.93923402,153.92006976,-0.03311679,2021-03-10
pg-5390a19778002085,ESPORTSTMNT02/1732948,2021-03-16T16:08:23,2021-03-16,2021,Unknown,1,11.05,Red,oe:team:6cedba5819b5b7c465cb3bb48bfe855,Illuminar Gaming,oe:team:5a5f8cc0161f43afe3461b293535517,AGO ROGUE,oe:player:7705566e63eedc7bd6c4c72d43c9104,odi11,bot,Kai'Sa,oe:player:0482daf6543f102a27a265342292bb7,Xayah,bot:Kai'Sa,lineup-561550076137b115,1,2253.00000000,37.55000000,7,3,9,5.33333333,17304.00000000,27782.00000000,353,739.86684421,0.24670659,0.34182713,33,0.87882823,0.84210526,-243.00000000,-354.00000000,-6.00000000,2,out_of_time,475.58577549,493.43258466,212.94951508,1.24105034,2021-03-10
pg-5efc03bc2ee02396,ESPORTSTMNT02/1732948,2021-03-16T16:08:23,2021-03-16,2021,Unknown,1,11.05,Red,oe:team:6cedba5819b5b7c465cb3bb48bfe855,Illuminar Gaming,oe:team:5a5f8cc0161f43afe3461b293535517,AGO ROGUE,oe:player:df3e7f4eef306da0e300b26a7c92b00,Tabasko,jng,Udyr,oe:player:6fc5fe723eed4ba4c230292be365c66,Hecarim,jng:Udyr,lineup-561550076137b115,1,2253.00000000,37.55000000,4,1,10,14.00000000,13425.00000000,7973.00000000,215,212.33022636,0.19140291,0.09809905,82,2.18375499,0.73684211,404.00000000,23.00000000,-10.00000000,2,out_of_time,192.87792759,309.31067477,128.26358210,0.15165878,2021-03-10
pg-92b6b12db9cb2219,ESPORTSTMNT02/1732948,2021-03-16T16:08:23,2021-03-16,2021,Unknown,1,11.05,Red,oe:team:6cedba5819b5b7c465cb3bb48bfe855,Illuminar Gaming,oe:team:5a5f8cc0161f43afe3461b293535517,AGO ROGUE,oe:player:73ac73edf51a3acdfa494e271c6ee29,Czajek,mid,Azir,oe:player:2096ff50c6496d70e4b39793390c9ce,Twisted Fate,mid:Azir,lineup-561550076137b115,1,2253.00000000,37.55000000,5,2,7,6.00000000,15559.00000000,28322.00000000,313,754.24766977,0.22182777,0.34847124,41,1.09187750,0.63157895,-1300.00000000,60.00000000,-18.00000000,2,out_of_time,415.41398476,439.88043941,156.95799774,2.15875387,2021-03-10
pg-53e532cda2cde88a,ESPORTSTMNT02/1732948,2021-03-16T16:08:23,2021-03-16,2021,Unknown,1,11.05,Red,oe:team:6cedba5819b5b7c465cb3bb48bfe855,Illuminar Gaming,oe:team:5a5f8cc0161f43afe3461b293535517,AGO ROGUE,oe:player:df5866d3078c786ce03084b78b1f5d9,Czypsy,sup,Nautilus,oe:player:3e68fd564e4e518b8aed89b9a0bf855,Rell,sup:Nautilus,lineup-561550076137b115,1,2253.00000000,37.55000000,0,3,13,4.33333333,8649.00000000,5888.00000000,34,156.80426099,0.12331052,0.07244540,95,2.52996005,0.68421053,339.00000000,-460.00000000,0.00000000,2,out_of_time,136.48403869,159.57139125,87.11578049,0.23325535,2021-03-10
pg-382f60bb6ce17fd9,ESPORTSTMNT02/1732948,2021-03-16T16:08:23,2021-03-16,2021,Unknown,1,11.05,Red,oe:team:6cedba5819b5b7c465cb3bb48bfe855,Illuminar Gaming,oe:team:5a5f8cc0161f43afe3461b293535517,AGO ROGUE,oe:player:2925560e555046ad9b0066ff181fe21,Melonik,top,Sion,oe:player:a7b756e008bfcb7148cdb51f886c3fa,Gnar,top:Sion,lineup-561550076137b115,1,2253.00000000,37.55000000,3,0,13,16.00000000,15203.00000000,11310.00000000,308,301.19840213,0.21675221,0.13915718,43,1.14513981,0.84210526,-884.00000000,26.00000000,-22.00000000,2,out_of_time,312.99418525,402.93923402,153.92006976,-0.07663577,2021-03-10
pg-686926509b264acd,ESPORTSTMNT02/1732970,2021-03-16T17:07:30,2021-03-16,2021,Unknown,1,11.05,Blue,oe:team:5a5f8cc0161f43afe3461b293535517,AGO ROGUE,oe:team:6cedba5819b5b7c465cb3bb48bfe855,Illuminar Gaming,oe:player:0482daf6543f102a27a265342292bb7,Lucker,bot,Xayah,oe:player:7705566e63eedc7bd6c4c72d43c9104,Kai'Sa,bot:Xayah,lineup-de5e31d683ce7975,1,2351.00000000,39.18333333,13,1,5,18.00000000,21844.00000000,30727.00000000,416,784.18545300,0.31413492,0.41647917,65,1.65886857,0.81818182,1138.00000000,1036.00000000,-3.00000000,2,out_of_time,438.23969950,493.43258466,212.94951508,1.62454351,2021-03-10
pg-859a5d53a7e80303,ESPORTSTMNT02/1732970,2021-03-16T17:07:30,2021-03-16,2021,Unknown,1,11.05,Blue,oe:team:5a5f8cc0161f43afe3461b293535517,AGO ROGUE,oe:team:6cedba5819b5b7c465cb3bb48bfe855,Illuminar Gaming,oe:player:6fc5fe723eed4ba4c230292be365c66,Lurox,jng,Hecarim,oe:player:df3e7f4eef306da0e300b26a7c92b00,Olaf,jng:Hecarim,lineup-de5e31d683ce7975,1,2351.00000000,39.18333333,4,1,12,16.00000000,12578.00000000,7483.00000000,211,190.97405359,0.18088212,0.10142590,68,1.73543173,0.72727273,-779.00000000,178.00000000,-2.00000000,2,out_of_time,268.31213245,309.31067477,128.26358210,-0.60296210,2021-03-10
pg-c55b94a71db26220,ESPORTSTMNT02/1732970,2021-03-16T17:07:30,2021-03-16,2021,Unknown,1,11.05,Blue,oe:team:5a5f8cc0161f43afe3461b293535517,AGO ROGUE,oe:team:6cedba5819b5b7c465cb3bb48bfe855,Illuminar Gaming,oe:player:2096ff50c6496d70e4b39793390c9ce,Sencux,mid,Syndra,oe:player:73ac73edf51a3acdfa494e271c6ee29,Azir,mid:Syndra,lineup-de5e31d683ce7975,1,2351.00000000,39.18333333,4,0,14,18.00000000,14917.00000000,21145.00000000,331,539.64270523,0.21451889,0.28660305,30,0.76563165,0.81818182,303.00000000,566.00000000,21.00000000,2,out_of_time,409.69210284,439.88043941,156.95799774,0.82793234,2021-03-10
pg-ac01029e7a9415a6,ESPORTSTMNT02/1732970,2021-03-16T17:07:30,2021-03-16,2021,Unknown,1,11.05,Blue,oe:team:5a5f8cc0161f43afe3461b293535517,AGO ROGUE,oe:team:6cedba5819b5b7c465cb3bb48bfe855,Illuminar Gaming,oe:player:3e68fd564e4e518b8aed89b9a0bf855,Pyrka,sup,Rell,oe:player:df5866d3078c786ce03084b78b1f5d9,Nautilus,sup:Rell,lineup-de5e31d683ce7975,1,2351.00000000,39.18333333,1,5,9,2.00000000,8079.00000000,5200.00000000,34,132.70948533,0.11618275,0.07048172,122,3.11356869,0.45454545,-27.00000000,-581.00000000,-4.00000000,2,out_of_time,164.81416479,159.57139125,87.11578049,-0.36852886,2021-03-10
pg-d6bca4a5fc74d600,ESPORTSTMNT02/1732970,2021-03-16T17:07:30,2021-03-16,2021,Unknown,1,11.05,Blue,oe:team:5a5f8cc0161f43afe3461b293535517,AGO ROGUE,oe:team:6cedba5819b5b7c465cb3bb48bfe855,Illuminar Gaming,oe:player:a7b756e008bfcb7148cdb51f886c3fa,Sinmivak,top,Sion,oe:player:2925560e555046ad9b0066ff181fe21,Lulu,top:Sion,lineup-de5e31d683ce7975,1,2351.00000000,39.18333333,0,2,21,10.50000000,12119.00000000,9223.00000000,218,235.38068907,0.17428132,0.12501017,44,1.12292641,0.95454545,-549.00000000,-589.00000000,-14.00000000,2,out_of_time,363.27187997,402.93923402,153.92006976,-0.83089354,2021-03-10
pg-b41f2c8096056659,ESPORTSTMNT02/1732970,2021-03-16T17:07:30,2021-03-16,2021,Unknown,1,11.05,Red,oe:team:6cedba5819b5b7c465cb3bb48bfe855,Illuminar Gaming,oe:team:5a5f8cc0161f43afe3461b293535517,AGO ROGUE,oe:player:7705566e63eedc7bd6c4c72d43c9104,odi11,bot,Kai'Sa,oe:player:0482daf6543f102a27a265342292bb7,Xayah,bot:Kai'Sa,lineup-561550076137b115,0,2351.00000000,39.18333333,5,3,2,2.33333333,16731.00000000,22008.00000000,349,561.66737558,0.27038689,0.26614103,56,1.42917907,0.77777778,-1138.00000000,-1036.00000000,3.00000000,2,out_of_time,475.58577549,493.43258466,212.94951508,0.40423478,2021-03-10
pg-79462640d8ba6592,ESPORTSTMNT02/1732970,2021-03-16T17:07:30,2021-03-16,2021,Unknown,1,11.05,Red,oe:team:6cedba5819b5b7c465cb3bb48bfe855,Illuminar Gaming,oe:team:5a5f8cc0161f43afe3461b293535517,AGO ROGUE,oe:player:df3e7f4eef306da0e300b26a7c92b00,Tabasko,jng,Olaf,oe:player:6fc5fe723eed4ba4c230292be365c66,Hecarim,jng:Olaf,lineup-561550076137b115,0,2351.00000000,39.18333333,4,4,4,2.00000000,12097.00000000,14514.00000000,206,370.41259039,0.19549759,0.17551667,59,1.50574224,0.88888889,779.00000000,-178.00000000,2.00000000,2,out_of_time,275.59816322,309.31067477,128.26358210,0.73921549,2021-03-10
pg-8b03b5567149a1a7,ESPORTSTMNT02/1732970,2021-03-16T17:07:30,2021-03-16,2021,Unknown,1,11.05,Red,oe:team:6cedba5819b5b7c465cb3bb48bfe855,Illuminar Gaming,oe:team:5a5f8cc0161f43afe3461b293535517,AGO ROGUE,oe:player:73ac73edf51a3acdfa494e271c6ee29,Czajek,mid,Azir,oe:player:2096ff50c6496d70e4b39793390c9ce,Syndra,mid:Azir,lineup-561550076137b115,0,2351.00000000,39.18333333,0,4,7,1.75000000,13471.00000000,28719.00000000,310,732.93917482,0.21770258,0.34729663,26,0.66354743,0.77777778,-303.00000000,-566.00000000,-21.00000000,2,out_of_time,388.97005076,439.88043941,156.95799774,2.19147243,2021-03-10
pg-6e745a11c01f3b88,ESPORTSTMNT02/1732970,2021-03-16T17:07:30,2021-03-16,2021,Unknown,1,11.05,Red,oe:team:6cedba5819b5b7c465cb3bb48bfe855,Illuminar Gaming,oe:team:5a5f8cc0161f43afe3461b293535517,AGO ROGUE,oe:player:df5866d3078c786ce03084b78b1f5d9,Czypsy,sup,Nautilus,oe:player:3e68fd564e4e518b8aed89b9a0bf855,Rell,sup:Nautilus,lineup-561550076137b115,0,2351.00000000,39.18333333,0,6,6,1.00000000,7784.00000000,4502.00000000,34,114.89578903,0.12579592,0.05444233,104,2.65418971,0.66666667,27.00000000,581.00000000,4.00000000,2,out_of_time,136.48403869,159.57139125,87.11578049,-0.24781101,2021-03-10
pg-5b937f4d71bc0c40,ESPORTSTMNT02/1732970,2021-03-16T17:07:30,2021-03-16,2021,Unknown,1,11.05,Red,oe:team:6cedba5819b5b7c465cb3bb48bfe855,Illuminar Gaming,oe:team:5a5f8cc0161f43afe3461b293535517,AGO ROGUE,oe:player:2925560e555046ad9b0066ff181fe21,Melonik,top,Lulu,oe:player:a7b756e008bfcb7148cdb51f886c3fa,Sion,top:Lulu,lineup-561550076137b115,0,2351.00000000,39.18333333,0,5,8,1.60000000,11795.00000000,12950.00000000,252,330.49766057,0.19061702,0.15660334,37,0.94427903,0.88888889,549.00000000,589.00000000,14.00000000,2,out_of_time,338.65558058,402.93923402,153.92006976,-0.05300102,2021-03-10
pg-26d66081cd871ec3,ESPORTSTMNT02/1732980,2021-03-16T17:44:25,2021-03-16,2021,Unknown,1,11.05,Blue,oe:team:6cedba5819b5b7c465cb3bb48bfe855,Illuminar Gaming,oe:team:5a5f8cc0161f43afe3461b293535517,AGO ROGUE,oe:player:7705566e63eedc7bd6c4c72d43c9104,odi11,bot,Seraphine,oe:player:0482daf6543f102a27a265342292bb7,Tristana,bot:Seraphine,lineup-561550076137b115,0,1811.00000000,30.18333333,0,3,1,0.33333333,8744.00000000,10787.00000000,192,357.38266151,0.19303707,0.21351095,21,0.69574821,0.50000000,-1060.00000000,-1107.00000000,-24.00000000,2,out_of_time,429.05954394,493.43258466,212.94951508,-0.33659096,2021-03-10
pg-6d82eccdf085bb39,ESPORTSTMNT02/1732980,2021-03-16T17:44:25,2021-03-16,2021,Unknown,1,11.05,Blue,oe:team:6cedba5819b5b7c465cb3bb48bfe855,Illuminar Gaming,oe:team:5a5f8cc0161f43afe3461b293535517,AGO ROGUE,oe:player:df3e7f4eef306da0e300b26a7c92b00,Tabasko,jng,Graves,oe:player:6fc5fe723eed4ba4c230292be365c66,Udyr,jng:Graves,lineup-561550076137b115,0,1811.00000000,30.18333333,2,3,0,0.66666667,9199.00000000,9168.00000000,184,303.74378796,0.20308188,0.18146550,34,1.12644948,1.00000000,-1411.00000000,-2165.00000000,-34.00000000,2,out_of_time,274.58336782,309.31067477,128.26358210,0.22734762,2021-03-10
pg-50d906a40eadd424,ESPORTSTMNT02/1732980,2021-03-16T17:44:25,2021-03-16,2021,Unknown,1,11.05,Blue,oe:team:6cedba5819b5b7c465cb3bb48bfe855,Illuminar Gaming,oe:team:5a5f8cc0161f43afe3461b293535517,AGO ROGUE,oe:player:73ac73edf51a3acdfa494e271c6ee29,Czajek,mid,Azir,oe:player:2096ff50c6496d70e4b39793390c9ce,Syndra,mid:Azir,lineup-561550076137b115,0,1811.00000000,30.18333333,0,1,1,1.00000000,10822.00000000,16355.00000000,300,541.85532855,0.23891207,0.32372036,26,0.86140254,0.50000000,-1006.00000000,306.00000000,-8.00000000,2,out_of_time,396.21891592,439.88043941,156.95799774,0.92786870,2021-03-10
pg-7ed8255377c49a4c,ESPORTSTMNT02/1732980,2021-03-16T17:44:25,2021-03-16,2021,Unknown,1,11.05,Blue,oe:team:6cedba5819b5b7c465cb3bb48bfe855,Illuminar Gaming,oe:team:5a5f8cc0161f43afe3461b293535517,AGO ROGUE,oe:player:df5866d3078c786ce03084b78b1f5d9,Czypsy,sup,Leona,oe:player:3e68fd564e4e518b8aed89b9a0bf855,Braum,sup:Leona,lineup-561550076137b115,0,1811.00000000,30.18333333,0,4,2,0.50000000,6115.00000000,2611.00000000,39,86.50469354,0.13499790,0.05168046,72,2.38542242,1.00000000,-336.00000000,67.00000000,-2.00000000,2,out_of_time,139.59771137,159.57139125,87.11578049,-0.60945351,2021-03-10
pg-1e6bc94ef238fac1,ESPORTSTMNT02/1732980,2021-03-16T17:44:25,2021-03-16,2021,Unknown,1,11.05,Blue,oe:team:6cedba5819b5b7c465cb3bb48bfe855,Illuminar Gaming,oe:team:5a5f8cc0161f43afe3461b293535517,AGO ROGUE,oe:player:2925560e555046ad9b0066ff181fe21,Melonik,top,Gnar,oe:player:a7b756e008bfcb7148cdb51f886c3fa,Sion,top:Gnar,lineup-561550076137b115,0,1811.00000000,30.18333333,0,2,1,0.50000000,10417.00000000,11601.00000000,288,384.35118719,0.22997108,0.22962274,39,1.29210381,0.50000000,720.00000000,24.00000000,29.00000000,2,out_of_time,358.43012006,402.93923402,153.92006976,0.16840603,2021-03-10
pg-ff8c569cb6ef3a23,ESPORTSTMNT02/1732980,2021-03-16T17:44:25,2021-03-16,2021,Unknown,1,11.05,Red,oe:team:5a5f8cc0161f43afe3461b293535517,AGO ROGUE,oe:team:6cedba5819b5b7c465cb3bb48bfe855,Illuminar Gaming,oe:player:0482daf6543f102a27a265342292bb7,Lucker,bot,Tristana,oe:player:7705566e63eedc7bd6c4c72d43c9104,Seraphine,bot:Tristana,lineup-de5e31d683ce7975,1,1811.00000000,30.18333333,6,0,4,10.00000000,15085.00000000,20679.00000000,310,685.11319713,0.26961091,0.41266389,61,2.02098288,0.76923077,1060.00000000,1107.00000000,24.00000000,2,out_of_time,442.66314444,493.43258466,212.94951508,1.13853301,2021-03-10
pg-f24c768819729177,ESPORTSTMNT02/1732980,2021-03-16T17:44:25,2021-03-16,2021,Unknown,1,11.05,Red,oe:team:5a5f8cc0161f43afe3461b293535517,AGO ROGUE,oe:team:6cedba5819b5b7c465cb3bb48bfe855,Illuminar Gaming,oe:player:6fc5fe723eed4ba4c230292be365c66,Lurox,jng,Udyr,oe:player:df3e7f4eef306da0e300b26a7c92b00,Graves,jng:Udyr,lineup-de5e31d683ce7975,1,1811.00000000,30.18333333,0,1,9,9.00000000,10739.00000000,4889.00000000,226,161.97680839,0.19193580,0.09756341,35,1.15958034,0.69230769,1411.00000000,2165.00000000,34.00000000,2,out_of_time,248.31049397,309.31067477,128.26358210,-0.67309586,2021-03-10
pg-888263127e1e6f55,ESPORTSTMNT02/1732980,2021-03-16T17:44:25,2021-03-16,2021,Unknown,1,11.05,Red,oe:team:5a5f8cc0161f43afe3461b293535517,AGO ROGUE,oe:team:6cedba5819b5b7c465cb3bb48bfe855,Illuminar Gaming,oe:player:2096ff50c6496d70e4b39793390c9ce,Sencux,mid,Syndra,oe:player:73ac73edf51a3acdfa494e271c6ee29,Azir,mid:Syndra,lineup-de5e31d683ce7975,1,1811.00000000,30.18333333,6,0,5,11.00000000,13313.00000000,13861.00000000,290,459.22694644,0.23794034,0.27660593,33,1.09331861,0.84615385,1006.00000000,-306.00000000,8.00000000,2,out_of_time,402.44323769,439.88043941,156.95799774,0.36177646,2021-03-10
pg-5b5bf4614cd6e51d,ESPORTSTMNT02/1732980,2021-03-16T17:44:25,2021-03-16,2021,Unknown,1,11.05,Red,oe:team:5a5f8cc0161f43afe3461b293535517,AGO ROGUE,oe:team:6cedba5819b5b7c465cb3bb48bfe855,Illuminar Gaming,oe:player:3e68fd564e4e518b8aed89b9a0bf855,Pyrka,sup,Braum,oe:player:df5866d3078c786ce03084b78b1f5d9,Leona,sup:Braum,lineup-de5e31d683ce7975,1,1811.00000000,30.18333333,0,1,12,12.00000000,7094.00000000,4739.00000000,37,157.00717835,0.12678951,0.09457005,80,2.65046935,0.92307692,336.00000000,-67.00000000,2.00000000,2,out_of_time,174.47545564,159.57139125,87.11578049,-0.20051795,2021-03-10
pg-9f8c36d3be6de42d,ESPORTSTMNT02/1732980,2021-03-16T17:44:25,2021-03-16,2021,Unknown,1,11.05,Red,oe:team:5a5f8cc0161f43afe3461b293535517,AGO ROGUE,oe:team:6cedba5819b5b7c465cb3bb48bfe855,Illuminar Gaming,oe:player:a7b756e008bfcb7148cdb51f886c3fa,Sinmivak,top,Sion,oe:player:2925560e555046ad9b0066ff181fe21,Gnar,top:Sion,lineup-de5e31d683ce7975,1,1811.00000000,30.18333333,1,0,8,9.00000000,9720.00000000,5943.00000000,201,196.89674213,0.17372344,0.11859672,21,0.69574821,0.69230769,-720.00000000,-24.00000000,-29.00000000,2,out_of_time,341.28590491,402.93923402,153.92006976,-0.93807885,2021-03-10
pg-e3d3aa4065a7e638,ESPORTSTMNT02/1733033,2021-03-16T18:58:59,2021-03-16,2021,Unknown,1,11.05,Blue,oe:team:5a5f8cc0161f43afe3461b293535517,AGO ROGUE,oe:team:6cedba5819b5b7c465cb3bb48bfe855,Illuminar Gaming,oe:player:0482daf6543f102a27a265342292bb7,Lucker,bot,Tristana,oe:player:7705566e63eedc7bd6c4c72d43c9104,Kai'Sa,bot:Tristana,lineup-de5e31d683ce7975,0,1911.00000000,31.85000000,2,3,5,2.33333333,13109.00000000,12408.00000000,311,389.57613815,0.24876651,0.27048591,44,1.38147567,0.63636364,918.00000000,1126.00000000,22.00000000,2,out_of_time,472.44743055,493.43258466,212.94951508,-0.38915934,2021-03-10
pg-88a4c2fe266ef33d,ESPORTSTMNT02/1733033,2021-03-16T18:58:59,2021-03-16,2021,Unknown,1,11.05,Blue,oe:team:5a5f8cc0161f43afe3461b293535517,AGO ROGUE,oe:team:6cedba5819b5b7c465cb3bb48bfe855,Illuminar Gaming,oe:player:6fc5fe723eed4ba4c230292be365c66,Lurox,jng,Lillia,oe:player:df3e7f4eef306da0e300b26a7c92b00,Skarner,jng:Lillia,lineup-de5e31d683ce7975,0,1911.00000000,31.85000000,4,3,6,3.33333333,10546.00000000,10611.00000000,195,333.15541601,0.20012904,0.23131254,43,1.35007849,0.90909091,1029.00000000,1308.00000000,19.00000000,2,out_of_time,295.34493085,309.31067477,128.26358210,0.29478738,2021-03-10
pg-4d86bcdd9020affc,ESPORTSTMNT02/1733033,2021-03-16T18:58:59,2021-03-16,2021,Unknown,1,11.05,Blue,oe:team:5a5f8cc0161f43afe3461b293535517,AGO ROGUE,oe:team:6cedba5819b5b7c465cb3bb48bfe855,Illuminar Gaming,oe:player:2096ff50c6496d70e4b39793390c9ce,Sencux,mid,Orianna,oe:player:73ac73edf51a3acdfa494e271c6ee29,Azir,mid:Orianna,lineup-de5e31d683ce7975,0,1911.00000000,31.85000000,3,2,4,3.50000000,12053.00000000,8705.00000000,286,273.31240188,0.22872704,0.18976304,26,0.81632653,0.63636364,651.00000000,608.00000000,19.00000000,2,out_of_time,406.89788669,439.88043941,156.95799774,-0.85109065,2021-03-10
pg-d37ebb02498c5282,ESPORTSTMNT02/1733033,2021-03-16T18:58:59,2021-03-16,2021,Unknown,1,11.05,Blue,oe:team:5a5f8cc0161f43afe3461b293535517,AGO ROGUE,oe:team:6cedba5819b5b7c465cb3bb48bfe855,Illuminar Gaming,oe:player:3e68fd564e4e518b8aed89b9a0bf855,Pyrka,sup,Rell,oe:player:df5866d3078c786ce03084b78b1f5d9,Galio,sup:Rell,lineup-de5e31d683ce7975,0,1911.00000000,31.85000000,1,2,3,2.00000000,6494.00000000,2312.00000000,35,72.59026688,0.12323516,0.05040002,71,2.22919937,0.36363636,-612.00000000,-512.00000000,-8.00000000,2,out_of_time,171.79559631,159.57139125,87.11578049,-1.13877565,2021-03-10
pg-668a7003f8467cd2,ESPORTSTMNT02/1733033,2021-03-16T18:58:59,2021-03-16,2021,Unknown,1,11.05,Blue,oe:team:5a5f8cc0161f43afe3461b293535517,AGO ROGUE,oe:team:6cedba5819b5b7c465cb3bb48bfe855,Illuminar Gaming,oe:player:a7b756e008bfcb7148cdb51f886c3fa,Sinmivak,top,Gnar,oe:player:2925560e555046ad9b0066ff181fe21,Irelia,top:Gnar,lineup-de5e31d683ce7975,0,1911.00000000,31.85000000,1,5,7,1.60000000,10494.00000000,11837.00000000,238,371.64835165,0.19914225,0.25803850,41,1.28728414,0.72727273,-1083.00000000,-859.00000000,-20.00000000,2,out_of_time,382.75565870,402.93923402,153.92006976,-0.07216282,2021-03-10
pg-dd9dccf8cb1538be,ESPORTSTMNT02/1733033,2021-03-16T18:58:59,2021-03-16,2021,Unknown,1,11.05,Red,oe:team:6cedba5819b5b7c465cb3bb48bfe855,Illuminar Gaming,oe:team:5a5f8cc0161f43afe3461b293535517,AGO ROGUE,oe:player:7705566e63eedc7bd6c4c72d43c9104,odi11,bot,Kai'Sa,oe:player:0482daf6543f102a27a265342292bb7,Tristana,bot:Kai'Sa,lineup-561550076137b115,1,1911.00000000,31.85000000,3,3,4,2.33333333,12035.00000000,12439.00000000,268,390.54945055,0.20295794,0.24951857,22,0.69073783,0.46666667,-918.00000000,-1126.00000000,-22.00000000,2,out_of_time,467.58308431,493.43258466,212.94951508,-0.36174599,2021-03-10
pg-15bfeb362ea13894,ESPORTSTMNT02/1733033,2021-03-16T18:58:59,2021-03-16,2021,Unknown,1,11.05,Red,oe:team:6cedba5819b5b7c465cb3bb48bfe855,Illuminar Gaming,oe:team:5a5f8cc0161f43afe3461b293535517,AGO ROGUE,oe:player:df3e7f4eef306da0e300b26a7c92b00,Tabasko,jng,Skarner,oe:player:6fc5fe723eed4ba4c230292be365c66,Lillia,jng:Skarner,lineup-561550076137b115,1,1911.00000000,31.85000000,1,3,8,3.00000000,9990.00000000,2913.00000000,182,91.45996860,0.16847111,0.05843296,48,1.50706436,0.60000000,-1029.00000000,-1308.00000000,-19.00000000,2,out_of_time,253.78511187,309.31067477,128.26358210,-1.26555910,2021-03-10
pg-101dbe9b9f7dbf04,ESPORTSTMNT02/1733033,2021-03-16T18:58:59,2021-03-16,2021,Unknown,1,11.05,Red,oe:team:6cedba5819b5b7c465cb3bb48bfe855,Illuminar Gaming,oe:team:5a5f8cc0161f43afe3461b293535517,AGO ROGUE,oe:player:73ac73edf51a3acdfa494e271c6ee29,Czajek,mid,Azir,oe:player:2096ff50c6496d70e4b39793390c9ce,Orianna,mid:Azir,lineup-561550076137b115,1,1911.00000000,31.85000000,2,2,7,4.50000000,13067.00000000,17340.00000000,309,544.42700157,0.22036156,0.34782958,23,0.72213501,0.60000000,-651.00000000,-608.00000000,-19.00000000,2,out_of_time,419.41885121,439.88043941,156.95799774,0.79644333,2021-03-10
pg-5d2b299b00b99565,ESPORTSTMNT02/1733033,2021-03-16T18:58:59,2021-03-16,2021,Unknown,1,11.05,Red,oe:team:6cedba5819b5b7c465cb3bb48bfe855,Illuminar Gaming,oe:team:5a5f8cc0161f43afe3461b293535517,AGO ROGUE,oe:player:df5866d3078c786ce03084b78b1f5d9,Czypsy,sup,Galio,oe:player:3e68fd564e4e518b8aed89b9a0bf855,Rell,sup:Galio,lineup-561550076137b115,1,1911.00000000,31.85000000,2,2,8,5.00000000,8284.00000000,5155.00000000,49,161.85243328,0.13970117,0.10340608,87,2.73155416,0.66666667,612.00000000,512.00000000,8.00000000,2,out_of_time,164.89620458,159.57139125,87.11578049,-0.03493938,2021-03-10
pg-b2c2539382e94855,ESPORTSTMNT02/1733033,2021-03-16T18:58:59,2021-03-16,2021,Unknown,1,11.05,Red,oe:team:6cedba5819b5b7c465cb3bb48bfe855,Illuminar Gaming,oe:team:5a5f8cc0161f43afe3461b293535517,AGO ROGUE,oe:player:2925560e555046ad9b0066ff181fe21,Melonik,top,Irelia,oe:player:a7b756e008bfcb7148cdb51f886c3fa,Gnar,top:Irelia,lineup-561550076137b115,1,1911.00000000,31.85000000,7,1,2,9.00000000,15922.00000000,12005.00000000,317,376.92307692,0.26850821,0.24081281,40,1.25588697,0.60000000,1083.00000000,859.00000000,20.00000000,2,out_of_time,330.07389057,402.93923402,153.92006976,0.30437347,2021-03-10
pg-f589c2883808b0f9,ESPORTSTMNT02/1733073,2021-03-16T19:54:54,2021-03-16,2021,Unknown,1,11.05,Blue,oe:team:6cedba5819b5b7c465cb3bb48bfe855,Illuminar Gaming,oe:team:5a5f8cc0161f43afe3461b293535517,AGO ROGUE,oe:player:7705566e63eedc7bd6c4c72d43c9104,odi11,bot,Tristana,oe:player:0482daf6543f102a27a265342292bb7,Kai'Sa,bot:Tristana,lineup-561550076137b115,0,2074.00000000,34.56666667,5,2,0,2.50000000,13367.00000000,12050.00000000,286,348.60173578,0.23368881,0.24098554,26,0.75216972,0.71428571,-895.00000000,-1136.00000000,-31.00000000,2,out_of_time,444.15571089,493.43258466,212.94951508,-0.44871657,2021-03-10
pg-c3424869ada02443,ESPORTSTMNT02/1733073,2021-03-16T19:54:54,2021-03-16,2021,Unknown,1,11.05,Blue,oe:team:6cedba5819b5b7c465cb3bb48bfe855,Illuminar Gaming,oe:team:5a5f8cc0161f43afe3461b293535517,AGO ROGUE,oe:player:df3e7f4eef306da0e300b26a7c92b00,Tabasko,jng,Udyr,oe:player:6fc5fe723eed4ba4c230292be365c66,Hecarim,jng:Udyr,lineup-561550076137b115,0,2074.00000000,34.56666667,0,3,6,2.00000000,9525.00000000,3313.00000000,185,95.84378014,0.16652098,0.06625602,57,1.64898746,0.85714286,211.00000000,-228.00000000,1.00000000,2,out_of_time,200.12679274,309.31067477,128.26358210,-0.81303680,2021-03-10
pg-fc8659eb493dc7c6,ESPORTSTMNT02/1733073,2021-03-16T19:54:54,2021-03-16,2021,Unknown,1,11.05,Blue,oe:team:6cedba5819b5b7c465cb3bb48bfe855,Illuminar Gaming,oe:team:5a5f8cc0161f43afe3461b293535517,AGO ROGUE,oe:player:73ac73edf51a3acdfa494e271c6ee29,Czajek,mid,Azir,oe:player:2096ff50c6496d70e4b39793390c9ce,Syndra,mid:Azir,lineup-561550076137b115,0,2074.00000000,34.56666667,1,3,5,2.00000000,11830.00000000,14611.00000000,299,422.69045323,0.20681818,0.29220247,26,0.75216972,0.85714286,-653.00000000,-956.00000000,-20.00000000,2,out_of_time,396.21891592,439.88043941,156.95799774,0.16865364,2021-03-10
pg-9ba3264b44fd77c4,ESPORTSTMNT02/1733073,2021-03-16T19:54:54,2021-03-16,2021,Unknown,1,11.05,Blue,oe:team:6cedba5819b5b7c465cb3bb48bfe855,Illuminar Gaming,oe:team:5a5f8cc0161f43afe3461b293535517,AGO ROGUE,oe:player:df5866d3078c786ce03084b78b1f5d9,Czypsy,sup,Alistar,oe:player:3e68fd564e4e518b8aed89b9a0bf855,Nautilus,sup:Alistar,lineup-561550076137b115,0,2074.00000000,34.56666667,0,4,6,1.50000000,6765.00000000,3818.00000000,36,110.45323047,0.11826923,0.07635542,80,2.31436837,0.85714286,-217.00000000,-27.00000000,5.00000000,2,out_of_time,117.08652749,159.57139125,87.11578049,-0.07614346,2021-03-10
pg-151f3f8764354c88,ESPORTSTMNT02/1733073,2021-03-16T19:54:54,2021-03-16,2021,Unknown,1,11.05,Blue,oe:team:6cedba5819b5b7c465cb3bb48bfe855,Illuminar Gaming,oe:team:5a5f8cc0161f43afe3461b293535517,AGO ROGUE,oe:player:2925560e555046ad9b0066ff181fe21,Melonik,top,Gangplank,oe:player:a7b756e008bfcb7148cdb51f886c3fa,Urgot,top:Gangplank,lineup-561550076137b115,0,2074.00000000,34.56666667,1,1,5,6.00000000,15713.00000000,16211.00000000,336,468.97782064,0.27470280,0.32420055,30,0.86788814,0.85714286,1276.00000000,66.00000000,11.00000000,2,out_of_time,393.80416135,402.93923402,153.92006976,0.48839413,2021-03-10
pg-5a10071c1a5c68c1,ESPORTSTMNT02/1733073,2021-03-16T19:54:54,2021-03-16,2021,Unknown,1,11.05,Red,oe:team:5a5f8cc0161f43afe3461b293535517,AGO ROGUE,oe:team:6cedba5819b5b7c465cb3bb48bfe855,Illuminar Gaming,oe:player:0482daf6543f102a27a265342292bb7,Lucker,bot,Kai'Sa,oe:player:7705566e63eedc7bd6c4c72d43c9104,Tristana,bot:Kai'Sa,lineup-de5e31d683ce7975,1,2074.00000000,34.56666667,7,0,4,11.00000000,17633.00000000,18620.00000000,385,538.66923819,0.27468727,0.36399179,47,1.35969142,0.84615385,895.00000000,1136.00000000,31.00000000,2,out_of_time,495.87480397,493.43258466,212.94951508,0.20096047,2021-03-10
pg-2677aa7bfa9a34bb,ESPORTSTMNT02/1733073,2021-03-16T19:54:54,2021-03-16,2021,Unknown,1,11.05,Red,oe:team:5a5f8cc0161f43afe3461b293535517,AGO ROGUE,oe:team:6cedba5819b5b7c465cb3bb48bfe855,Illuminar Gaming,oe:player:6fc5fe723eed4ba4c230292be365c66,Lurox,jng,Hecarim,oe:player:df3e7f4eef306da0e300b26a7c92b00,Udyr,jng:Hecarim,lineup-de5e31d683ce7975,1,2074.00000000,34.56666667,0,2,7,3.50000000,10687.00000000,5653.00000000,202,163.53905497,0.16648233,0.11050728,60,1.73577628,0.53846154,-211.00000000,228.00000000,-1.00000000,2,out_of_time,273.21022881,309.31067477,128.26358210,-0.85504531,2021-03-10
pg-241c130269134fda,ESPORTSTMNT02/1733073,2021-03-16T19:54:54,2021-03-16,2021,Unknown,1,11.05,Red,oe:team:5a5f8cc0161f43afe3461b293535517,AGO ROGUE,oe:team:6cedba5819b5b7c465cb3bb48bfe855,Illuminar Gaming,oe:player:2096ff50c6496d70e4b39793390c9ce,Sencux,mid,Syndra,oe:player:73ac73edf51a3acdfa494e271c6ee29,Azir,mid:Syndra,lineup-de5e31d683ce7975,1,2074.00000000,34.56666667,1,0,6,7.00000000,13797.00000000,10267.00000000,345,297.02025072,0.21492998,0.20070374,47,1.35969142,0.53846154,653.00000000,956.00000000,20.00000000,2,out_of_time,402.44323769,439.88043941,156.95799774,-0.67166368,2021-03-10
pg-9e9f8a5b13b47905,ESPORTSTMNT02/1733073,2021-03-16T19:54:54,2021-03-16,2021,Unknown,1,11.05,Red,oe:team:5a5f8cc0161f43afe3461b293535517,AGO ROGUE,oe:team:6cedba5819b5b7c465cb3bb48bfe855,Illuminar Gaming,oe:player:3e68fd564e4e518b8aed89b9a0bf855,Pyrka,sup,Nautilus,oe:player:df5866d3078c786ce03084b78b1f5d9,Alistar,sup:Nautilus,lineup-de5e31d683ce7975,1,2074.00000000,34.56666667,0,3,12,4.00000000,8330.00000000,6276.00000000,36,181.56219865,0.12976493,0.12268595,93,2.69045323,0.92307692,217.00000000,27.00000000,-5.00000000,2,out_of_time,137.72556537,159.57139125,87.11578049,0.50319968,2021-03-10
pg-2cbbe71d0910b18e,ESPORTSTMNT02/1733073,2021-03-16T19:54:54,2021-03-16,2021,Unknown,1,11.05,Red,oe:team:5a5f8cc0161f43afe3461b293535517,AGO ROGUE,oe:team:6cedba5819b5b7c465cb3bb48bfe855,Illuminar Gaming,oe:player:a7b756e008bfcb7148cdb51f886c3fa,Sinmivak,top,Urgot,oe:player:2925560e555046ad9b0066ff181fe21,Gangplank,top:Urgot,lineup-de5e31d683ce7975,1,2074.00000000,34.56666667,5,2,3,4.00000000,13746.00000000,10339.00000000,291,299.10318226,0.21413550,0.20211123,65,1.88042430,0.61538462,-1276.00000000,-66.00000000,-11.00000000,2,out_of_time,399.37599706,402.93923402,153.92006976,-0.65146030,2021-03-10
pg-bbd30e23f637fd74,ESPORTSTMNT02/1733430,2021-03-17T15:42:56,2021-03-17,2021,Unknown,1,11.05,Blue,oe:team:73f3cc4e54620b1454530648442e066,K1CK,oe:team:b5ac2d78f427d88ed9666c8d1c9e1d2,7more7 Pompa Team,oe:player:b4a352b2b8782a2bb21bce1a2f47645,Puki Style,bot,Tristana,oe:player:f12b5cb6a2f280205cec33bf1c02e08,Xayah,bot:Tristana,lineup-199bafdd01ac68ac,1,2779.00000000,46.31666667,10,1,2,12.00000000,21836.00000000,30367.00000000,424,655.63871896,0.26705477,0.31382215,107,2.31018352,0.85714286,-135.00000000,-413.00000000,-5.00000000,2,out_of_time,517.28979564,493.43258466,212.94951508,0.64967945,2021-03-10
pg-bb9b650968ca79aa,ESPORTSTMNT02/1733430,2021-03-17T15:42:56,2021-03-17,2021,Unknown,1,11.05,Blue,oe:team:73f3cc4e54620b1454530648442e066,K1CK,oe:team:b5ac2d78f427d88ed9666c8d1c9e1d2,7more7 Pompa Team,oe:player:7471c21aed615dae3e49140eca8ce89,Bruness,jng,Hecarim,oe:player:82416dfeed801e2846a7c12a3649ab3,Olaf,jng:Hecarim,lineup-199bafdd01ac68ac,1,2779.00000000,46.31666667,0,4,10,2.50000000,14003.00000000,10103.00000000,260,218.12882332,0.17125700,0.10440759,118,2.54767902,0.71428571,-152.00000000,-59.00000000,-4.00000000,2,out_of_time,287.00530528,309.31067477,128.26358210,-0.53699172,2021-03-10
pg-53e6ff9f82842603,ESPORTSTMNT02/1733430,2021-03-17T15:42:56,2021-03-17,2021,Unknown,1,11.05,Blue,oe:team:73f3cc4e54620b1454530648442e066,K1CK,oe:team:b5ac2d78f427d88ed9666c8d1c9e1d2,7more7 Pompa Team,oe:player:be4ce50af0cd0d8574aa3820c37d1ae,Matislaw,mid,Orianna,oe:player:5a23766ce46653d2b63ac4a40cd61c1,Ahri,mid:Orianna,lineup-199bafdd01ac68ac,1,2779.00000000,46.31666667,3,0,7,10.00000000,19804.00000000,29218.00000000,453,630.83123426,0.24220336,0.30194802,62,1.33861101,0.71428571,760.00000000,1138.00000000,32.00000000,2,out_of_time,441.26628852,439.88043941,156.95799774,1.20774314,2021-03-10
pg-949c12fc27ac8762,ESPORTSTMNT02/1733430,2021-03-17T15:42:56,2021-03-17,2021,Unknown,1,11.05,Blue,oe:team:73f3cc4e54620b1454530648442e066,K1CK,oe:team:b5ac2d78f427d88ed9666c8d1c9e1d2,7more7 Pompa Team,oe:player:84bd988294f5dd9ae9a499abf6524a0,Raxxo,sup,Nautilus,oe:player:a93e0326b85f0312cf1b451e175a7a0,Alistar,sup:Nautilus,lineup-199bafdd01ac68ac,1,2779.00000000,46.31666667,0,6,9,1.50000000,9805.00000000,7486.00000000,49,161.62648435,0.11991537,0.07736268,131,2.82835552,0.64285714,-169.00000000,283.00000000,-3.00000000,2,out_of_time,163.66760336,159.57139125,87.11578049,-0.02342996,2021-03-10
pg-e4b6d301b8abc7d0,ESPORTSTMNT02/1733430,2021-03-17T15:42:56,2021-03-17,2021,Unknown,1,11.05,Blue,oe:team:73f3cc4e54620b1454530648442e066,K1CK,oe:team:b5ac2d78f427d88ed9666c8d1c9e1d2,7more7 Pompa Team,oe:player:4841aa27ab85be0b9f45fed1d5e7b09,Kackos,top,Gnar,oe:player:cb5feb1b7314637725a2e73bdc9f729,Sylas,top:Gnar,lineup-199bafdd01ac68ac,1,2779.00000000,46.31666667,1,4,8,2.25000000,16318.00000000,19591.00000000,318,422.97948902,0.19956950,0.20245957,51,1.10111551,0.64285714,1235.00000000,223.00000000,5.00000000,2,out_of_time,390.24357586,402.93923402,153.92006976,0.21268125,2021-03-10
pg-1b02f5770df6ee2d,ESPORTSTMNT02/1733430,2021-03-17T15:42:56,2021-03-17,2021,Unknown,1,11.05,Red,oe:team:b5ac2d78f427d88ed9666c8d1c9e1d2,7more7 Pompa Team,oe:team:73f3cc4e54620b1454530648442e066,K1CK,oe:player:f12b5cb6a2f280205cec33bf1c02e08,Ather,bot,Xayah,oe:player:b4a352b2b8782a2bb21bce1a2f47645,Tristana,bot:Xayah,lineup-e174eb922a14bd84,0,2779.00000000,46.31666667,3,2,7,5.00000000,18924.00000000,29270.00000000,439,631.95394027,0.24473960,0.31743794,33,0.71248651,0.66666667,135.00000000,413.00000000,5.00000000,2,out_of_time,450.34826623,493.43258466,212.94951508,0.85281093,2021-03-10
pg-11c779960e307d4a,ESPORTSTMNT02/1733430,2021-03-17T15:42:56,2021-03-17,2021,Unknown,1,11.05,Red,oe:team:b5ac2d78f427d88ed9666c8d1c9e1d2,7more7 Pompa Team,oe:team:73f3cc4e54620b1454530648442e066,K1CK,oe:player:82416dfeed801e2846a7c12a3649ab3,behave,jng,Olaf,oe:player:7471c21aed615dae3e49140eca8ce89,Hecarim,jng:Olaf,lineup-e174eb922a14bd84,0,2779.00000000,46.31666667,6,1,5,11.00000000,15702.00000000,15981.00000000,253,345.03778338,0.20307024,0.17331656,60,1.29543001,0.73333333,152.00000000,59.00000000,4.00000000,2,out_of_time,305.10081367,309.31067477,128.26358210,0.31136640,2021-03-10
pg-3d2722e31f8f1143,ESPORTSTMNT02/1733430,2021-03-17T15:42:56,2021-03-17,2021,Unknown,1,11.05,Red,oe:team:b5ac2d78f427d88ed9666c8d1c9e1d2,7more7 Pompa Team,oe:team:73f3cc4e54620b1454530648442e066,K1CK,oe:player:5a23766ce46653d2b63ac4a40cd61c1,Warszi,mid,Ahri,oe:player:be4ce50af0cd0d8574aa3820c37d1ae,Orianna,mid:Ahri,lineup-e174eb922a14bd84,0,2779.00000000,46.31666667,4,1,7,11.00000000,18477.00000000,18407.00000000,413,397.41633681,0.23895865,0.19962693,48,1.03634401,0.73333333,-760.00000000,-1138.00000000,-32.00000000,2,out_of_time,413.31266158,439.88043941,156.95799774,-0.10127757,2021-03-10
pg-4aecde00f160d593,ESPORTSTMNT02/1733430,2021-03-17T15:42:56,2021-03-17,2021,Unknown,1,11.05,Red,oe:team:b5ac2d78f427d88ed9666c8d1c9e1d2,7more7 Pompa Team,oe:team:73f3cc4e54620b1454530648442e066,K1CK,oe:player:a93e0326b85f0312cf1b451e175a7a0,Wojtus,sup,Alistar,oe:player:84bd988294f5dd9ae9a499abf6524a0,Nautilus,sup:Alistar,lineup-e174eb922a14bd84,0,2779.00000000,46.31666667,0,5,7,1.40000000,9061.00000000,4256.00000000,45,91.88916877,0.11718376,0.04615702,131,2.82835552,0.46666667,169.00000000,-283.00000000,3.00000000,2,out_of_time,139.34031278,159.57139125,87.11578049,-0.54469057,2021-03-10
pg-0046bbe8a730f811,ESPORTSTMNT02/1733430,2021-03-17T15:42:56,2021-03-17,2021,Unknown,1,11.05,Red,oe:team:b5ac2d78f427d88ed9666c8d1c9e1d2,7more7 Pompa Team,oe:team:73f3cc4e54620b1454530648442e066,K1CK,oe:player:cb5feb1b7314637725a2e73bdc9f729,Color,top,Sylas,oe:player:4841aa27ab85be0b9f45fed1d5e7b09,Gnar,top:Sylas,lineup-e174eb922a14bd84,0,2779.00000000,46.31666667,2,5,9,2.20000000,15159.00000000,24293.00000000,309,524.49802087,0.19604775,0.26346156,47,1.01475351,0.73333333,-1235.00000000,-223.00000000,-5.00000000,2,out_of_time,349.40902296,402.93923402,153.92006976,1.13753196,2021-03-10
pg-01a31ea08620c8d3,ESPORTSTMNT02/1723504,2021-03-17T16:50:31,2021-03-17,2021,Unknown,1,11.05,Blue,oe:team:73f3cc4e54620b1454530648442e066,K1CK,oe:team:b5ac2d78f427d88ed9666c8d1c9e1d2,7more7 Pompa Team,oe:player:b4a352b2b8782a2bb21bce1a2f47645,Puki Style,bot,Tristana,oe:player:f12b5cb6a2f280205cec33bf1c02e08,Xayah,bot:Tristana,lineup-199bafdd01ac68ac,1,1647.00000000,27.45000000,4,0,2,6.00000000,13888.00000000,14808.00000000,285,539.45355191,0.27165324,0.34681594,52,1.89435337,0.60000000,1531.00000000,1728.00000000,9.00000000,2,out_of_time,517.28979564,493.43258466,212.94951508,0.10407986,2021-03-10
pg-ae4c9282e637cf4e,ESPORTSTMNT02/1723504,2021-03-17T16:50:31,2021-03-17,2021,Unknown,1,11.05,Blue,oe:team:73f3cc4e54620b1454530648442e066,K1CK,oe:team:b5ac2d78f427d88ed9666c8d1c9e1d2,7more7 Pompa Team,oe:player:7471c21aed615dae3e49140eca8ce89,Bruness,jng,Skarner,oe:player:82416dfeed801e2846a7c12a3649ab3,Lillia,jng:Skarner,lineup-199bafdd01ac68ac,1,1647.00000000,27.45000000,2,1,7,9.00000000,9173.00000000,4462.00000000,155,162.55009107,0.17942649,0.10450383,53,1.93078324,0.90000000,394.00000000,-213.00000000,-1.00000000,2,out_of_time,308.01886951,309.31067477,128.26358210,-1.13413937,2021-03-10
pg-3654198bc50747d9,ESPORTSTMNT02/1723504,2021-03-17T16:50:31,2021-03-17,2021,Unknown,1,11.05,Blue,oe:team:73f3cc4e54620b1454530648442e066,K1CK,oe:team:b5ac2d78f427d88ed9666c8d1c9e1d2,7more7 Pompa Team,oe:player:be4ce50af0cd0d8574aa3820c37d1ae,Matislaw,mid,Orianna,oe:player:5a23766ce46653d2b63ac4a40cd61c1,Jayce,mid:Orianna,lineup-199bafdd01ac68ac,1,1647.00000000,27.45000000,3,0,4,7.00000000,11887.00000000,12668.00000000,268,461.49362477,0.23251311,0.29669532,27,0.98360656,0.70000000,796.00000000,834.00000000,13.00000000,2,out_of_time,431.87160209,439.88043941,156.95799774,0.18872579,2021-03-10
pg-cc0ac9e1a43a4fcc,ESPORTSTMNT02/1723504,2021-03-17T16:50:31,2021-03-17,2021,Unknown,1,11.05,Blue,oe:team:73f3cc4e54620b1454530648442e066,K1CK,oe:team:b5ac2d78f427d88ed9666c8d1c9e1d2,7more7 Pompa Team,oe:player:84bd988294f5dd9ae9a499abf6524a0,Raxxo,sup,Nautilus,oe:player:a93e0326b85f0312cf1b451e175a7a0,Alistar,sup:Nautilus,lineup-199bafdd01ac68ac,1,1647.00000000,27.45000000,0,0,6,6.00000000,6591.00000000,4229.00000000,40,154.06193078,0.12892184,0.09904677,77,2.80510018,0.60000000,46.00000000,-669.00000000,1.00000000,2,out_of_time,163.66760336,159.57139125,87.11578049,-0.11026329,2021-03-10
pg-0311a72f737c448f,ESPORTSTMNT02/1723504,2021-03-17T16:50:31,2021-03-17,2021,Unknown,1,11.05,Blue,oe:team:73f3cc4e54620b1454530648442e066,K1CK,oe:team:b5ac2d78f427d88ed9666c8d1c9e1d2,7more7 Pompa Team,oe:player:4841aa27ab85be0b9f45fed1d5e7b09,Kackos,top,Sion,oe:player:cb5feb1b7314637725a2e73bdc9f729,Aatrox,top:Sion,lineup-199bafdd01ac68ac,1,1647.00000000,27.45000000,1,2,4,2.50000000,9585.00000000,6530.00000000,206,237.88706740,0.18748533,0.15293815,27,0.98360656,0.50000000,-1429.00000000,-1211.00000000,-47.00000000,2,out_of_time,382.55126440,402.93923402,153.92006976,-0.93986572,2021-03-10
pg-fe760767aee2f5d0,ESPORTSTMNT02/1723504,2021-03-17T16:50:31,2021-03-17,2021,Unknown,1,11.05,Red,oe:team:b5ac2d78f427d88ed9666c8d1c9e1d2,7more7 Pompa Team,oe:team:73f3cc4e54620b1454530648442e066,K1CK,oe:player:f12b5cb6a2f280205cec33bf1c02e08,Ather,bot,Xayah,oe:player:b4a352b2b8782a2bb21bce1a2f47645,Tristana,bot:Xayah,lineup-e174eb922a14bd84,0,1647.00000000,27.45000000,0,2,0,0.00000000,9084.00000000,5328.00000000,214,194.09836066,0.21708687,0.17303196,24,0.87431694,0.00000000,-1531.00000000,-1728.00000000,-9.00000000,2,out_of_time,450.34826623,493.43258466,212.94951508,-1.20333641,2021-03-10
pg-fa694b8e2e249b72,ESPORTSTMNT02/1723504,2021-03-17T16:50:31,2021-03-17,2021,Unknown,1,11.05,Red,oe:team:b5ac2d78f427d88ed9666c8d1c9e1d2,7more7 Pompa Team,oe:team:73f3cc4e54620b1454530648442e066,K1CK,oe:player:82416dfeed801e2846a7c12a3649ab3,behave,jng,Lillia,oe:player:7471c21aed615dae3e49140eca8ce89,Skarner,jng:Lillia,lineup-e174eb922a14bd84,0,1647.00000000,27.45000000,1,0,2,3.00000000,7796.00000000,4828.00000000,160,175.88342441,0.18630661,0.15679397,23,0.83788707,1.00000000,-394.00000000,213.00000000,1.00000000,2,out_of_time,289.30699648,309.31067477,128.26358210,-0.88430067,2021-03-10
pg-5787841e88c6e6b1,ESPORTSTMNT02/1723504,2021-03-17T16:50:31,2021-03-17,2021,Unknown,1,11.05,Red,oe:team:b5ac2d78f427d88ed9666c8d1c9e1d2,7more7 Pompa Team,oe:team:73f3cc4e54620b1454530648442e066,K1CK,oe:player:5a23766ce46653d2b63ac4a40cd61c1,Warszi,mid,Jayce,oe:player:be4ce50af0cd0d8574aa3820c37d1ae,Orianna,mid:Jayce,lineup-e174eb922a14bd84,0,1647.00000000,27.45000000,1,2,1,1.00000000,9324.00000000,10735.00000000,243,391.07468124,0.22282232,0.34862951,29,1.05646630,0.66666667,-796.00000000,-834.00000000,-13.00000000,2,out_of_time,421.14866578,439.88043941,156.95799774,-0.19160530,2021-03-10
pg-997cae569962138d,ESPORTSTMNT02/1723504,2021-03-17T16:50:31,2021-03-17,2021,Unknown,1,11.05,Red,oe:team:b5ac2d78f427d88ed9666c8d1c9e1d2,7more7 Pompa Team,oe:team:73f3cc4e54620b1454530648442e066,K1CK,oe:player:a93e0326b85f0312cf1b451e175a7a0,Wojtus,sup,Alistar,oe:player:84bd988294f5dd9ae9a499abf6524a0,Nautilus,sup:Alistar,lineup-e174eb922a14bd84,0,1647.00000000,27.45000000,0,3,0,0.00000000,5332.00000000,1174.00000000,28,42.76867031,0.12742263,0.03812679,59,2.14936248,0.00000000,-46.00000000,669.00000000,-1.00000000,2,out_of_time,139.34031278,159.57139125,87.11578049,-1.10854362,2021-03-10
pg-3e08018634ca44a8,ESPORTSTMNT02/1723504,2021-03-17T16:50:31,2021-03-17,2021,Unknown,1,11.05,Red,oe:team:b5ac2d78f427d88ed9666c8d1c9e1d2,7more7 Pompa Team,oe:team:73f3cc4e54620b1454530648442e066,K1CK,oe:player:cb5feb1b7314637725a2e73bdc9f729,Color,top,Aatrox,oe:player:4841aa27ab85be0b9f45fed1d5e7b09,Sion,top:Aatrox,lineup-e174eb922a14bd84,0,1647.00000000,27.45000000,1,3,2,1.00000000,10309.00000000,8727.00000000,235,317.92349727,0.24636157,0.28341777,30,1.09289617,1.00000000,1429.00000000,1211.00000000,47.00000000,2,out_of_time,381.80232731,402.93923402,153.92006976,-0.41501300,2021-03-10
pg-898b6d0ae3dfefcc,ESPORTSTMNT02/1733521,2021-03-17T18:04:08,2021-03-17,2021,Unknown,1,11.05,Blue,oe:team:73f3cc4e54620b1454530648442e066,K1CK,oe:team:b5ac2d78f427d88ed9666c8d1c9e1d2,7more7 Pompa Team,oe:player:b4a352b2b8782a2bb21bce1a2f47645,Puki Style,bot,Tristana,oe:player:f12b5cb6a2f280205cec33bf1c02e08,Kai'Sa,bot:Tristana,lineup-199bafdd01ac68ac,1,2251.00000000,37.51666667,5,1,9,14.00000000,16505.00000000,22397.00000000,356,596.98800533,0.23089083,0.27924693,80,2.13238561,0.73684211,63.00000000,555.00000000,-2.00000000,2,out_of_time,491.14060337,493.43258466,212.94951508,0.49705397,2021-03-10
pg-363bd8007362e23d,ESPORTSTMNT02/1733521,2021-03-17T18:04:08,2021-03-17,2021,Unknown,1,11.05,Blue,oe:team:73f3cc4e54620b1454530648442e066,K1CK,oe:team:b5ac2d78f427d88ed9666c8d1c9e1d2,7more7 Pompa Team,oe:player:7471c21aed615dae3e49140eca8ce89,Bruness,jng,Hecarim,oe:player:6b7ca7e0fcad1f113f17bc2d30adbf5,Olaf,jng:Hecarim,lineup-199bafdd01ac68ac,1,2251.00000000,37.51666667,1,2,11,6.00000000,11409.00000000,10091.00000000,192,268.97378943,0.15960215,0.12581510,90,2.39893381,0.63157895,116.00000000,-274.00000000,-8.00000000,2,out_of_time,287.00530528,309.31067477,128.26358210,-0.14058173,2021-03-10
pg-7d4837e8f6f8cd20,ESPORTSTMNT02/1733521,2021-03-17T18:04:08,2021-03-17,2021,Unknown,1,11.05,Blue,oe:team:73f3cc4e54620b1454530648442e066,K1CK,oe:team:b5ac2d78f427d88ed9666c8d1c9e1d2,7more7 Pompa Team,oe:player:be4ce50af0cd0d8574aa3820c37d1ae,Matislaw,mid,Orianna,oe:player:5a23766ce46653d2b63ac4a40cd61c1,Viktor,mid:Orianna,lineup-199bafdd01ac68ac,1,2251.00000000,37.51666667,6,2,9,7.50000000,17924.00000000,19360.00000000,358,516.03731675,0.25074142,0.24138146,49,1.30608618,0.78947368,2091.00000000,1084.00000000,22.00000000,2,out_of_time,452.61019675,439.88043941,156.95799774,0.40410250,2021-03-10
pg-d08f94eed5734429,ESPORTSTMNT02/1733521,2021-03-17T18:04:08,2021-03-17,2021,Unknown,1,11.05,Blue,oe:team:73f3cc4e54620b1454530648442e066,K1CK,oe:team:b5ac2d78f427d88ed9666c8d1c9e1d2,7more7 Pompa Team,oe:player:84bd988294f5dd9ae9a499abf6524a0,Raxxo,sup,Leona,oe:player:a93e0326b85f0312cf1b451e175a7a0,Sett,sup:Leona,lineup-199bafdd01ac68ac,1,2251.00000000,37.51666667,2,1,10,12.00000000,9235.00000000,4418.00000000,51,117.76099511,0.12918975,0.05508385,109,2.90537539,0.63157895,329.00000000,-560.00000000,-1.00000000,2,out_of_time,189.25858581,159.57139125,87.11578049,-0.82071917,2021-03-10
pg-7cc572cc5105b713,ESPORTSTMNT02/1733521,2021-03-17T18:04:08,2021-03-17,2021,Unknown,1,11.05,Blue,oe:team:73f3cc4e54620b1454530648442e066,K1CK,oe:team:b5ac2d78f427d88ed9666c8d1c9e1d2,7more7 Pompa Team,oe:player:4841aa27ab85be0b9f45fed1d5e7b09,Kackos,top,Gangplank,oe:player:cb5feb1b7314637725a2e73bdc9f729,Gnar,top:Gangplank,lineup-199bafdd01ac68ac,1,2251.00000000,37.51666667,5,3,9,4.66666667,16411.00000000,23939.00000000,292,638.08973789,0.22957585,0.29847266,36,0.95957352,0.73684211,1079.00000000,-109.00000000,2.00000000,2,out_of_time,425.29227308,402.93923402,153.92006976,1.38251929,2021-03-10
pg-4c76deed96a97f5c,ESPORTSTMNT02/1733521,2021-03-17T18:04:08,2021-03-17,2021,Unknown,1,11.05,Red,oe:team:b5ac2d78f427d88ed9666c8d1c9e1d2,7more7 Pompa Team,oe:team:73f3cc4e54620b1454530648442e066,K1CK,oe:player:f12b5cb6a2f280205cec33bf1c02e08,Ather,bot,Kai'Sa,oe:player:b4a352b2b8782a2bb21bce1a2f47645,Tristana,bot:Kai'Sa,lineup-e9043d2e4838c492,0,2251.00000000,37.51666667,3,2,2,2.50000000,15817.00000000,12283.00000000,367,327.40115504,0.25997272,0.18982197,51,1.35939582,0.55555556,-63.00000000,-555.00000000,2.00000000,2,out_of_time,497.08573476,493.43258466,212.94951508,-0.79683008,2021-03-10
pg-60e9d905bfda63a7,ESPORTSTMNT02/1733521,2021-03-17T18:04:08,2021-03-17,2021,Unknown,1,11.05,Red,oe:team:b5ac2d78f427d88ed9666c8d1c9e1d2,7more7 Pompa Team,oe:team:73f3cc4e54620b1454530648442e066,K1CK,oe:player:6b7ca7e0fcad1f113f17bc2d30adbf5,adi1,jng,Olaf,oe:player:7471c21aed615dae3e49140eca8ce89,Hecarim,jng:Olaf,lineup-e9043d2e4838c492,0,2251.00000000,37.51666667,2,6,4,1.00000000,11397.00000000,11346.00000000,207,302.42558863,0.18732434,0.17534153,48,1.27943136,0.66666667,-116.00000000,274.00000000,8.00000000,2,out_of_time,305.10081367,309.31067477,128.26358210,-0.02085725,2021-03-10
pg-5563e24842af75d9,ESPORTSTMNT02/1733521,2021-03-17T18:04:08,2021-03-17,2021,Unknown,1,11.05,Red,oe:team:b5ac2d78f427d88ed9666c8d1c9e1d2,7more7 Pompa Team,oe:team:73f3cc4e54620b1454530648442e066,K1CK,oe:player:5a23766ce46653d2b63ac4a40cd61c1,Warszi,mid,Viktor,oe:player:be4ce50af0cd0d8574aa3820c37d1ae,Orianna,mid:Viktor,lineup-e9043d2e4838c492,0,2251.00000000,37.51666667,0,2,4,2.00000000,12956.00000000,18134.00000000,323,483.35850733,0.21294851,0.28024356,42,1.11950244,0.44444444,-2091.00000000,-1084.00000000,-22.00000000,2,out_of_time,463.21165087,439.88043941,156.95799774,0.12835827,2021-03-10
pg-47305a4f9304ace4,ESPORTSTMNT02/1733521,2021-03-17T18:04:08,2021-03-17,2021,Unknown,1,11.05,Red,oe:team:b5ac2d78f427d88ed9666c8d1c9e1d2,7more7 Pompa Team,oe:team:73f3cc4e54620b1454530648442e066,K1CK,oe:player:a93e0326b85f0312cf1b451e175a7a0,Wojtus,sup,Sett,oe:player:84bd988294f5dd9ae9a499abf6524a0,Leona,sup:Sett,lineup-e9043d2e4838c492,0,2251.00000000,37.51666667,0,6,4,0.66666667,7873.00000000,9930.00000000,46,264.68236339,0.12940287,0.15345861,118,3.14526877,0.44444444,-329.00000000,560.00000000,1.00000000,2,out_of_time,183.42082458,159.57139125,87.11578049,0.93279930,2021-03-10
pg-bd8151c65ae50958,ESPORTSTMNT02/1733521,2021-03-17T18:04:08,2021-03-17,2021,Unknown,1,11.05,Red,oe:team:b5ac2d78f427d88ed9666c8d1c9e1d2,7more7 Pompa Team,oe:team:73f3cc4e54620b1454530648442e066,K1CK,oe:player:cb5feb1b7314637725a2e73bdc9f729,Color,top,Gnar,oe:player:4841aa27ab85be0b9f45fed1d5e7b09,Gangplank,top:Gnar,lineup-e9043d2e4838c492,0,2251.00000000,37.51666667,4,3,2,2.00000000,12798.00000000,13015.00000000,263,346.91248334,0.21035157,0.20113433,50,1.33274100,0.66666667,-1079.00000000,109.00000000,-2.00000000,2,out_of_time,405.58189543,402.93923402,153.92006976,-0.38116805,2021-03-10
pg-c802e20bd5915abf,ESPORTSTMNT02/1735806,2021-03-23T15:45:39,2021-03-23,2021,Unknown,1,11.05,Blue,oe:team:73f3cc4e54620b1454530648442e066,K1CK,oe:team:6cedba5819b5b7c465cb3bb48bfe855,Illuminar Gaming,oe:player:b4a352b2b8782a2bb21bce1a2f47645,Puki Style,bot,Senna,oe:player:7705566e63eedc7bd6c4c72d43c9104,Ziggs,bot:Senna,lineup-199bafdd01ac68ac,0,2132.00000000,35.53333333,2,3,5,2.33333333,10018.00000000,19967.00000000,84,561.92307692,0.18509007,0.29933737,88,2.47654784,1.00000000,-2192.00000000,-1687.00000000,-120.00000000,2,out_of_time,480.39607838,493.43258466,212.94951508,0.38284660,2021-03-10
pg-99e1518299a3b392,ESPORTSTMNT02/1735806,2021-03-23T15:45:39,2021-03-23,2021,Unknown,1,11.05,Blue,oe:team:73f3cc4e54620b1454530648442e066,K1CK,oe:team:6cedba5819b5b7c465cb3bb48bfe855,Illuminar Gaming,oe:player:7471c21aed615dae3e49140eca8ce89,Bruness,jng,Hecarim,oe:player:df3e7f4eef306da0e300b26a7c92b00,Olaf,jng:Hecarim,lineup-199bafdd01ac68ac,0,2132.00000000,35.53333333,3,4,3,1.50000000,10699.00000000,10858.00000000,201,305.57223265,0.19767206,0.16277884,53,1.49155722,0.85714286,-719.00000000,109.00000000,5.00000000,2,out_of_time,267.81197045,309.31067477,128.26358210,0.29439582,2021-03-10
pg-64f63f1d12b83f4f,ESPORTSTMNT02/1735806,2021-03-23T15:45:39,2021-03-23,2021,Unknown,1,11.05,Blue,oe:team:73f3cc4e54620b1454530648442e066,K1CK,oe:team:6cedba5819b5b7c465cb3bb48bfe855,Illuminar Gaming,oe:player:be4ce50af0cd0d8574aa3820c37d1ae,Matislaw,mid,Viktor,oe:player:73ac73edf51a3acdfa494e271c6ee29,Orianna,mid:Viktor,lineup-199bafdd01ac68ac,0,2132.00000000,35.53333333,1,2,2,1.50000000,12914.00000000,20098.00000000,332,565.60975610,0.23859584,0.30130127,42,1.18198874,0.42857143,152.00000000,175.00000000,6.00000000,2,out_of_time,468.74942324,439.88043941,156.95799774,0.61710989,2021-03-10
pg-db0aaa6a4390998d,ESPORTSTMNT02/1735806,2021-03-23T15:45:39,2021-03-23,2021,Unknown,1,11.05,Blue,oe:team:73f3cc4e54620b1454530648442e066,K1CK,oe:team:6cedba5819b5b7c465cb3bb48bfe855,Illuminar Gaming,oe:player:84bd988294f5dd9ae9a499abf6524a0,Raxxo,sup,Tahm Kench,oe:player:df5866d3078c786ce03084b78b1f5d9,Thresh,sup:Tahm Kench,lineup-199bafdd01ac68ac,0,2132.00000000,35.53333333,0,3,4,1.33333333,9398.00000000,3340.00000000,194,93.99624765,0.17363510,0.05007196,30,0.84427767,0.57142857,1024.00000000,1776.00000000,101.00000000,2,out_of_time,175.21349841,159.57139125,87.11578049,-0.93229092,2021-03-10
pg-ff60e47c28a5027d,ESPORTSTMNT02/1735806,2021-03-23T15:45:39,2021-03-23,2021,Unknown,1,11.05,Blue,oe:team:73f3cc4e54620b1454530648442e066,K1CK,oe:team:6cedba5819b5b7c465cb3bb48bfe855,Illuminar Gaming,oe:player:4841aa27ab85be0b9f45fed1d5e7b09,Kackos,top,Urgot,oe:player:2925560e555046ad9b0066ff181fe21,Gnar,top:Urgot,lineup-199bafdd01ac68ac,0,2132.00000000,35.53333333,1,4,0,0.25000000,11096.00000000,12441.00000000,262,350.12195122,0.20500693,0.18651055,49,1.37898687,0.14285714,-712.00000000,184.00000000,-9.00000000,2,out_of_time,358.07723925,402.93923402,153.92006976,-0.05168454,2021-03-10
pg-d61805239312a27d,ESPORTSTMNT02/1735806,2021-03-23T15:45:39,2021-03-23,2021,Unknown,1,11.05,Red,oe:team:6cedba5819b5b7c465cb3bb48bfe855,Illuminar Gaming,oe:team:73f3cc4e54620b1454530648442e066,K1CK,oe:player:7705566e63eedc7bd6c4c72d43c9104,odi11,bot,Ziggs,oe:player:b4a352b2b8782a2bb21bce1a2f47645,Senna,bot:Ziggs,lineup-561550076137b115,1,2132.00000000,35.53333333,1,2,10,5.50000000,14316.00000000,24654.00000000,291,693.82739212,0.22087139,0.31292759,26,0.73170732,0.68750000,2192.00000000,1687.00000000,120.00000000,2,out_of_time,505.19434046,493.43258466,212.94951508,0.88581114,2021-03-10
pg-cd072d89038bb952,ESPORTSTMNT02/1735806,2021-03-23T15:45:39,2021-03-23,2021,Unknown,1,11.05,Red,oe:team:6cedba5819b5b7c465cb3bb48bfe855,Illuminar Gaming,oe:team:73f3cc4e54620b1454530648442e066,K1CK,oe:player:df3e7f4eef306da0e300b26a7c92b00,Tabasko,jng,Olaf,oe:player:7471c21aed615dae3e49140eca8ce89,Hecarim,jng:Olaf,lineup-561550076137b115,1,2132.00000000,35.53333333,6,0,4,10.00000000,12872.00000000,12439.00000000,203,350.06566604,0.19859294,0.15788538,48,1.35084428,0.62500000,719.00000000,-109.00000000,-5.00000000,2,out_of_time,338.42224854,309.31067477,128.26358210,0.09077727,2021-03-10
pg-fc2c453640d0c613,ESPORTSTMNT02/1735806,2021-03-23T15:45:39,2021-03-23,2021,Unknown,1,11.05,Red,oe:team:6cedba5819b5b7c465cb3bb48bfe855,Illuminar Gaming,oe:team:73f3cc4e54620b1454530648442e066,K1CK,oe:player:73ac73edf51a3acdfa494e271c6ee29,Czajek,mid,Orianna,oe:player:be4ce50af0cd0d8574aa3820c37d1ae,Viktor,mid:Orianna,lineup-561550076137b115,1,2132.00000000,35.53333333,4,1,9,13.00000000,14617.00000000,15746.00000000,317,443.13320826,0.22551530,0.19986038,27,0.75984991,0.81250000,-152.00000000,-175.00000000,-6.00000000,2,out_of_time,461.20052443,439.88043941,156.95799774,-0.11510924,2021-03-10
pg-1af6dedf6f961d81,ESPORTSTMNT02/1735806,2021-03-23T15:45:39,2021-03-23,2021,Unknown,1,11.05,Red,oe:team:6cedba5819b5b7c465cb3bb48bfe855,Illuminar Gaming,oe:team:73f3cc4e54620b1454530648442e066,K1CK,oe:player:df5866d3078c786ce03084b78b1f5d9,Czypsy,sup,Thresh,oe:player:84bd988294f5dd9ae9a499abf6524a0,Tahm Kench,sup:Thresh,lineup-561550076137b115,1,2132.00000000,35.53333333,1,2,12,6.50000000,8966.00000000,5001.00000000,32,140.74108818,0.13833004,0.06347655,93,2.61726079,0.81250000,-1024.00000000,-1776.00000000,-101.00000000,2,out_of_time,190.03887053,159.57139125,87.11578049,-0.56588809,2021-03-10
pg-ccce93c3beaa462f,ESPORTSTMNT02/1735806,2021-03-23T15:45:39,2021-03-23,2021,Unknown,1,11.05,Red,oe:team:6cedba5819b5b7c465cb3bb48bfe855,Illuminar Gaming,oe:team:73f3cc4e54620b1454530648442e066,K1CK,oe:player:2925560e555046ad9b0066ff181fe21,Melonik,top,Gnar,oe:player:4841aa27ab85be0b9f45fed1d5e7b09,Urgot,top:Gnar,lineup-561550076137b115,1,2132.00000000,35.53333333,4,2,3,3.50000000,14045.00000000,20945.00000000,276,589.44652908,0.21669032,0.26585010,41,1.15384615,0.43750000,712.00000000,-184.00000000,9.00000000,2,out_of_time,406.35265011,402.93923402,153.92006976,1.18953870,2021-03-10
pg-e2b5751670020c43,ESPORTSTMNT02/1725973,2021-03-23T16:55:25,2021-03-23,2021,Unknown,1,11.05,Blue,oe:team:73f3cc4e54620b1454530648442e066,K1CK,oe:team:6cedba5819b5b7c465cb3bb48bfe855,Illuminar Gaming,oe:player:b4a352b2b8782a2bb21bce1a2f47645,Puki Style,bot,Kai'Sa,oe:player:7705566e63eedc7bd6c4c72d43c9104,Jinx,bot:Kai'Sa,lineup-199bafdd01ac68ac,1,1957.00000000,32.61666667,4,0,5,9.00000000,15948.00000000,9049.00000000,351,277.43484926,0.24884534,0.22914662,55,1.68625447,0.56250000,282.00000000,389.00000000,-19.00000000,2,out_of_time,487.18835946,493.43258466,212.94951508,-0.98499173,2021-03-10
pg-98dead6cbdac8b2f,ESPORTSTMNT02/1725973,2021-03-23T16:55:25,2021-03-23,2021,Unknown,1,11.05,Blue,oe:team:73f3cc4e54620b1454530648442e066,K1CK,oe:team:6cedba5819b5b7c465cb3bb48bfe855,Illuminar Gaming,oe:player:7471c21aed615dae3e49140eca8ce89,Bruness,jng,Hecarim,oe:player:df3e7f4eef306da0e300b26a7c92b00,Olaf,jng:Hecarim,lineup-199bafdd01ac68ac,1,1957.00000000,32.61666667,4,0,9,13.00000000,12062.00000000,8512.00000000,217,260.97087379,0.18820996,0.21554824,65,1.99284619,0.81250000,1024.00000000,-21.00000000,-11.00000000,2,out_of_time,267.81197045,309.31067477,128.26358210,-0.05333624,2021-03-10
pg-3f6526aa1ff3c542,ESPORTSTMNT02/1725973,2021-03-23T16:55:25,2021-03-23,2021,Unknown,1,11.05,Blue,oe:team:73f3cc4e54620b1454530648442e066,K1CK,oe:team:6cedba5819b5b7c465cb3bb48bfe855,Illuminar Gaming,oe:player:be4ce50af0cd0d8574aa3820c37d1ae,Matislaw,mid,Galio,oe:player:73ac73edf51a3acdfa494e271c6ee29,Orianna,mid:Galio,lineup-199bafdd01ac68ac,1,1957.00000000,32.61666667,2,1,8,10.00000000,13807.00000000,7286.00000000,315,223.38272867,0.21543815,0.18450241,33,1.01175268,0.62500000,-166.00000000,38.00000000,-12.00000000,2,out_of_time,402.37240623,439.88043941,156.95799774,-1.14036672,2021-03-10
pg-c5d7846e5d093311,ESPORTSTMNT02/1725973,2021-03-23T16:55:25,2021-03-23,2021,Unknown,1,11.05,Blue,oe:team:73f3cc4e54620b1454530648442e066,K1CK,oe:team:6cedba5819b5b7c465cb3bb48bfe855,Illuminar Gaming,oe:player:84bd988294f5dd9ae9a499abf6524a0,Raxxo,sup,Nautilus,oe:player:df5866d3078c786ce03084b78b1f5d9,Thresh,sup:Nautilus,lineup-199bafdd01ac68ac,1,1957.00000000,32.61666667,2,0,9,11.00000000,8062.00000000,2814.00000000,41,86.27491058,0.12579578,0.07125855,91,2.78998467,0.68750000,247.00000000,-705.00000000,-11.00000000,2,out_of_time,152.97299335,159.57139125,87.11578049,-0.76562573,2021-03-10
pg-2a3039974f99469c,ESPORTSTMNT02/1725973,2021-03-23T16:55:25,2021-03-23,2021,Unknown,1,11.05,Blue,oe:team:73f3cc4e54620b1454530648442e066,K1CK,oe:team:6cedba5819b5b7c465cb3bb48bfe855,Illuminar Gaming,oe:player:4841aa27ab85be0b9f45fed1d5e7b09,Kackos,top,Aatrox,oe:player:2925560e555046ad9b0066ff181fe21,Irelia,top:Aatrox,lineup-199bafdd01ac68ac,1,1957.00000000,32.61666667,4,0,5,9.00000000,14209.00000000,11829.00000000,293,362.66734798,0.22171077,0.29954419,31,0.95043434,0.56250000,611.00000000,872.00000000,-8.00000000,2,out_of_time,383.37391866,402.93923402,153.92006976,-0.13452807,2021-03-10
pg-1fb0b708746b6ed5,ESPORTSTMNT02/1725973,2021-03-23T16:55:25,2021-03-23,2021,Unknown,1,11.05,Red,oe:team:6cedba5819b5b7c465cb3bb48bfe855,Illuminar Gaming,oe:team:73f3cc4e54620b1454530648442e066,K1CK,oe:player:7705566e63eedc7bd6c4c72d43c9104,odi11,bot,Jinx,oe:player:b4a352b2b8782a2bb21bce1a2f47645,Kai'Sa,bot:Jinx,lineup-561550076137b115,0,1957.00000000,32.61666667,0,2,0,0.00000000,13707.00000000,4853.00000000,367,148.78896270,0.27150101,0.22044061,27,0.82779765,0.00000000,-282.00000000,-389.00000000,19.00000000,2,out_of_time,472.77187164,493.43258466,212.94951508,-1.52140712,2021-03-10
pg-ed77327fd2939cbf,ESPORTSTMNT02/1725973,2021-03-23T16:55:25,2021-03-23,2021,Unknown,1,11.05,Red,oe:team:6cedba5819b5b7c465cb3bb48bfe855,Illuminar Gaming,oe:team:73f3cc4e54620b1454530648442e066,K1CK,oe:player:df3e7f4eef306da0e300b26a7c92b00,Tabasko,jng,Olaf,oe:player:7471c21aed615dae3e49140eca8ce89,Hecarim,jng:Olaf,lineup-561550076137b115,0,1957.00000000,32.61666667,0,2,0,0.00000000,8461.00000000,4422.00000000,173,135.57485948,0.16759102,0.20086305,41,1.25702606,0.00000000,-1024.00000000,21.00000000,11.00000000,2,out_of_time,338.42224854,309.31067477,128.26358210,-1.58148857,2021-03-10
pg-d3116f556fb998ed,ESPORTSTMNT02/1725973,2021-03-23T16:55:25,2021-03-23,2021,Unknown,1,11.05,Red,oe:team:6cedba5819b5b7c465cb3bb48bfe855,Illuminar Gaming,oe:team:73f3cc4e54620b1454530648442e066,K1CK,oe:player:73ac73edf51a3acdfa494e271c6ee29,Czajek,mid,Orianna,oe:player:be4ce50af0cd0d8574aa3820c37d1ae,Galio,mid:Orianna,lineup-561550076137b115,0,1957.00000000,32.61666667,1,2,0,0.50000000,11126.00000000,4105.00000000,275,125.85590189,0.22037793,0.18646377,22,0.67450179,1.00000000,166.00000000,-38.00000000,12.00000000,2,out_of_time,456.56763070,439.88043941,156.95799774,-2.10700782,2021-03-10
pg-5b8106205a03a358,ESPORTSTMNT02/1725973,2021-03-23T16:55:25,2021-03-23,2021,Unknown,1,11.05,Red,oe:team:6cedba5819b5b7c465cb3bb48bfe855,Illuminar Gaming,oe:team:73f3cc4e54620b1454530648442e066,K1CK,oe:player:df5866d3078c786ce03084b78b1f5d9,Czypsy,sup,Thresh,oe:player:84bd988294f5dd9ae9a499abf6524a0,Nautilus,sup:Thresh,lineup-561550076137b115,0,1957.00000000,32.61666667,0,4,0,0.00000000,6397.00000000,1532.00000000,41,46.96985181,0.12670839,0.06958892,70,2.14614205,0.00000000,-247.00000000,705.00000000,11.00000000,2,out_of_time,185.55008790,159.57139125,87.11578049,-1.59075928,2021-03-10
pg-d293c1cfa514b1bf,ESPORTSTMNT02/1725973,2021-03-23T16:55:25,2021-03-23,2021,Unknown,1,11.05,Red,oe:team:6cedba5819b5b7c465cb3bb48bfe855,Illuminar Gaming,oe:team:73f3cc4e54620b1454530648442e066,K1CK,oe:player:2925560e555046ad9b0066ff181fe21,Melonik,top,Irelia,oe:player:4841aa27ab85be0b9f45fed1d5e7b09,Aatrox,top:Irelia,lineup-561550076137b115,0,1957.00000000,32.61666667,0,6,0,0.00000000,10795.00000000,7103.00000000,280,217.77210015,0.21382165,0.32264365,32,0.98109351,0.00000000,-611.00000000,-872.00000000,8.00000000,2,out_of_time,408.22129740,402.93923402,153.92006976,-1.23732530,2021-03-10
pg-f3f3295c4f0eabed,ESPORTSTMNT02/1725984,2021-03-23T17:51:56,2021-03-23,2021,Unknown,1,11.05,Blue,oe:team:6cedba5819b5b7c465cb3bb48bfe855,Illuminar Gaming,oe:team:73f3cc4e54620b1454530648442e066,K1CK,oe:player:7705566e63eedc7bd6c4c72d43c9104,odi11,bot,Kai'Sa,oe:player:b4a352b2b8782a2bb21bce1a2f47645,Senna,bot:Kai'Sa,lineup-561550076137b115,0,2222.00000000,37.03333333,3,3,3,2.00000000,13799.00000000,14039.00000000,288,379.09090909,0.23211883,0.26298142,20,0.54005401,0.66666667,664.00000000,539.00000000,107.00000000,2,out_of_time,551.93200252,493.43258466,212.94951508,-0.81165291,2021-03-10
pg-702745db4e945feb,ESPORTSTMNT02/1725984,2021-03-23T17:51:56,2021-03-23,2021,Unknown,1,11.05,Blue,oe:team:6cedba5819b5b7c465cb3bb48bfe855,Illuminar Gaming,oe:team:73f3cc4e54620b1454530648442e066,K1CK,oe:player:df3e7f4eef306da0e300b26a7c92b00,Tabasko,jng,Udyr,oe:player:7471c21aed615dae3e49140eca8ce89,Skarner,jng:Udyr,lineup-561550076137b115,0,2222.00000000,37.03333333,0,5,4,0.80000000,10037.00000000,2958.00000000,193,79.87398740,0.16883663,0.05540986,31,0.83708371,0.44444444,525.00000000,607.00000000,15.00000000,2,out_of_time,263.16869819,309.31067477,128.26358210,-1.42904718,2021-03-10
pg-594b4694da766021,ESPORTSTMNT02/1725984,2021-03-23T17:51:56,2021-03-23,2021,Unknown,1,11.05,Blue,oe:team:6cedba5819b5b7c465cb3bb48bfe855,Illuminar Gaming,oe:team:73f3cc4e54620b1454530648442e066,K1CK,oe:player:73ac73edf51a3acdfa494e271c6ee29,Czajek,mid,Azir,oe:player:be4ce50af0cd0d8574aa3820c37d1ae,Orianna,mid:Azir,lineup-561550076137b115,0,2222.00000000,37.03333333,1,2,4,2.50000000,13442.00000000,18213.00000000,336,491.80018002,0.22611358,0.34116964,28,0.75607561,0.55555556,-235.00000000,790.00000000,4.00000000,2,out_of_time,489.49180168,439.88043941,156.95799774,0.01470698,2021-03-10
pg-514f4774cd4ba1f0,ESPORTSTMNT02/1725984,2021-03-23T17:51:56,2021-03-23,2021,Unknown,1,11.05,Blue,oe:team:6cedba5819b5b7c465cb3bb48bfe855,Illuminar Gaming,oe:team:73f3cc4e54620b1454530648442e066,K1CK,oe:player:df5866d3078c786ce03084b78b1f5d9,Czypsy,sup,Rell,oe:player:84bd988294f5dd9ae9a499abf6524a0,Sett,sup:Rell,lineup-561550076137b115,0,2222.00000000,37.03333333,1,7,4,0.71428571,7248.00000000,4339.00000000,33,117.16471647,0.12192168,0.08127903,89,2.40324032,0.55555556,-1494.00000000,-1123.00000000,-88.00000000,2,out_of_time,195.95820724,159.57139125,87.11578049,-0.90446863,2021-03-10
pg-ee998c8ab4ea59d2,ESPORTSTMNT02/1725984,2021-03-23T17:51:56,2021-03-23,2021,Unknown,1,11.05,Blue,oe:team:6cedba5819b5b7c465cb3bb48bfe855,Illuminar Gaming,oe:team:73f3cc4e54620b1454530648442e066,K1CK,oe:player:2925560e555046ad9b0066ff181fe21,Melonik,top,Gnar,oe:player:4841aa27ab85be0b9f45fed1d5e7b09,Gangplank,top:Gnar,lineup-561550076137b115,0,2222.00000000,37.03333333,4,3,4,2.66666667,14922.00000000,13835.00000000,306,373.58235824,0.25100929,0.25916005,50,1.35013501,0.88888889,1355.00000000,1205.00000000,16.00000000,2,out_of_time,446.15219546,402.93923402,153.92006976,-0.47147742,2021-03-10
pg-0be274d88be2c14e,ESPORTSTMNT02/1725984,2021-03-23T17:51:56,2021-03-23,2021,Unknown,1,11.05,Red,oe:team:73f3cc4e54620b1454530648442e066,K1CK,oe:team:6cedba5819b5b7c465cb3bb48bfe855,Illuminar Gaming,oe:player:b4a352b2b8782a2bb21bce1a2f47645,Puki Style,bot,Senna,oe:player:7705566e63eedc7bd6c4c72d43c9104,Kai'Sa,bot:Senna,lineup-199bafdd01ac68ac,1,2222.00000000,37.03333333,5,2,13,9.00000000,13564.00000000,26969.00000000,73,728.23582358,0.19224446,0.34889648,116,3.13231323,0.90000000,-664.00000000,-539.00000000,-107.00000000,2,out_of_time,470.43585980,493.43258466,212.94951508,1.21061541,2021-03-10
pg-19ade257e4442ed5,ESPORTSTMNT02/1725984,2021-03-23T17:51:56,2021-03-23,2021,Unknown,1,11.05,Red,oe:team:73f3cc4e54620b1454530648442e066,K1CK,oe:team:6cedba5819b5b7c465cb3bb48bfe855,Illuminar Gaming,oe:player:7471c21aed615dae3e49140eca8ce89,Bruness,jng,Skarner,oe:player:df3e7f4eef306da0e300b26a7c92b00,Udyr,jng:Skarner,lineup-199bafdd01ac68ac,1,2222.00000000,37.03333333,3,1,12,15.00000000,11629.00000000,5081.00000000,179,137.20072007,0.16481943,0.06573262,69,1.86318632,0.75000000,-525.00000000,-607.00000000,-15.00000000,2,out_of_time,268.24630381,309.31067477,128.26358210,-1.02168972,2021-03-10
pg-c1c5f8fde8a911fb,ESPORTSTMNT02/1725984,2021-03-23T17:51:56,2021-03-23,2021,Unknown,1,11.05,Red,oe:team:73f3cc4e54620b1454530648442e066,K1CK,oe:team:6cedba5819b5b7c465cb3bb48bfe855,Illuminar Gaming,oe:player:be4ce50af0cd0d8574aa3820c37d1ae,Matislaw,mid,Orianna,oe:player:73ac73edf51a3acdfa494e271c6ee29,Azir,mid:Orianna,lineup-199bafdd01ac68ac,1,2222.00000000,37.03333333,2,1,15,17.00000000,16234.00000000,14428.00000000,377,389.59495950,0.23008674,0.18665425,40,1.08010801,0.85000000,235.00000000,-790.00000000,-4.00000000,2,out_of_time,399.14885953,439.88043941,156.95799774,-0.06086915,2021-03-10
pg-59d7c37cc243e1e0,ESPORTSTMNT02/1725984,2021-03-23T17:51:56,2021-03-23,2021,Unknown,1,11.05,Red,oe:team:73f3cc4e54620b1454530648442e066,K1CK,oe:team:6cedba5819b5b7c465cb3bb48bfe855,Illuminar Gaming,oe:player:84bd988294f5dd9ae9a499abf6524a0,Raxxo,sup,Sett,oe:player:df5866d3078c786ce03084b78b1f5d9,Rell,sup:Sett,lineup-199bafdd01ac68ac,1,2222.00000000,37.03333333,3,1,12,15.00000000,12266.00000000,8437.00000000,194,227.82178218,0.17384772,0.10914901,50,1.35013501,0.75000000,1494.00000000,1123.00000000,88.00000000,2,out_of_time,193.98757084,159.57139125,87.11578049,0.38838212,2021-03-10
pg-ebc58d5a649ac92e,ESPORTSTMNT02/1725984,2021-03-23T17:51:56,2021-03-23,2021,Unknown,1,11.05,Red,oe:team:73f3cc4e54620b1454530648442e066,K1CK,oe:team:6cedba5819b5b7c465cb3bb48bfe855,Illuminar Gaming,oe:player:4841aa27ab85be0b9f45fed1d5e7b09,Kackos,top,Gangplank,oe:player:2925560e555046ad9b0066ff181fe21,Gnar,top:Gangplank,lineup-199bafdd01ac68ac,1,2222.00000000,37.03333333,7,4,7,3.50000000,16863.00000000,22383.00000000,293,604.40144014,0.23900164,0.28956765,34,0.91809181,0.70000000,-1355.00000000,-1205.00000000,-16.00000000,2,out_of_time,398.85007309,402.93923402,153.92006976,1.33544227,2021-03-10
pg-a4383e3dcaef096f,ESPORTSTMNT02/1726065,2021-03-23T19:05:26,2021-03-23,2021,Unknown,1,11.05,Blue,oe:team:6cedba5819b5b7c465cb3bb48bfe855,Illuminar Gaming,oe:team:73f3cc4e54620b1454530648442e066,K1CK,oe:player:7705566e63eedc7bd6c4c72d43c9104,odi11,bot,Jinx,oe:player:b4a352b2b8782a2bb21bce1a2f47645,Varus,bot:Jinx,lineup-561550076137b115,1,1739.00000000,28.98333333,9,0,3,12.00000000,14623.00000000,21833.00000000,273,753.29499712,0.27517877,0.45276015,27,0.93156987,0.92307692,1237.00000000,435.00000000,17.00000000,2,out_of_time,477.76352556,493.43258466,212.94951508,1.29388166,2021-03-10
pg-d7b616e03c9864d5,ESPORTSTMNT02/1726065,2021-03-23T19:05:26,2021-03-23,2021,Unknown,1,11.05,Blue,oe:team:6cedba5819b5b7c465cb3bb48bfe855,Illuminar Gaming,oe:team:73f3cc4e54620b1454530648442e066,K1CK,oe:player:df3e7f4eef306da0e300b26a7c92b00,Tabasko,jng,Lillia,oe:player:7471c21aed615dae3e49140eca8ce89,Hecarim,jng:Lillia,lineup-561550076137b115,1,1739.00000000,28.98333333,2,0,7,9.00000000,10073.00000000,7947.00000000,202,274.19206440,0.18955589,0.16480030,30,1.03507763,0.69230769,126.00000000,136.00000000,-8.00000000,2,out_of_time,329.65947638,309.31067477,128.26358210,-0.43244864,2021-03-10
pg-63844e0288a3e497,ESPORTSTMNT02/1726065,2021-03-23T19:05:26,2021-03-23,2021,Unknown,1,11.05,Blue,oe:team:6cedba5819b5b7c465cb3bb48bfe855,Illuminar Gaming,oe:team:73f3cc4e54620b1454530648442e066,K1CK,oe:player:73ac73edf51a3acdfa494e271c6ee29,Czajek,mid,Sylas,oe:player:be4ce50af0cd0d8574aa3820c37d1ae,Orianna,mid:Sylas,lineup-561550076137b115,1,1739.00000000,28.98333333,0,2,7,3.50000000,10164.00000000,7122.00000000,233,245.72742956,0.19126835,0.14769192,13,0.44853364,0.53846154,-859.00000000,-329.00000000,-22.00000000,2,out_of_time,456.98427473,439.88043941,156.95799774,-1.34594508,2021-03-10
pg-41e0bb0cbb1af589,ESPORTSTMNT02/1726065,2021-03-23T19:05:26,2021-03-23,2021,Unknown,1,11.05,Blue,oe:team:6cedba5819b5b7c465cb3bb48bfe855,Illuminar Gaming,oe:team:73f3cc4e54620b1454530648442e066,K1CK,oe:player:df5866d3078c786ce03084b78b1f5d9,Czypsy,sup,Thresh,oe:player:84bd988294f5dd9ae9a499abf6524a0,Leona,sup:Thresh,lineup-561550076137b115,1,1739.00000000,28.98333333,1,0,12,13.00000000,7495.00000000,3802.00000000,34,131.17883841,0.14104253,0.07884368,79,2.72570443,1.00000000,669.00000000,21.00000000,-1.00000000,2,out_of_time,184.52988257,159.57139125,87.11578049,-0.61241538,2021-03-10
pg-9ff8834c55dc15b5,ESPORTSTMNT02/1726065,2021-03-23T19:05:26,2021-03-23,2021,Unknown,1,11.05,Blue,oe:team:6cedba5819b5b7c465cb3bb48bfe855,Illuminar Gaming,oe:team:73f3cc4e54620b1454530648442e066,K1CK,oe:player:2925560e555046ad9b0066ff181fe21,Melonik,top,Aatrox,oe:player:4841aa27ab85be0b9f45fed1d5e7b09,Sion,top:Aatrox,lineup-561550076137b115,1,1739.00000000,28.98333333,1,0,7,8.00000000,10785.00000000,7518.00000000,240,259.39045428,0.20295446,0.15590394,25,0.86256469,0.61538462,122.00000000,917.00000000,11.00000000,2,out_of_time,422.37262734,402.93923402,153.92006976,-1.05887538,2021-03-10
pg-67dba54f33b827e4,ESPORTSTMNT02/1726065,2021-03-23T19:05:26,2021-03-23,2021,Unknown,1,11.05,Red,oe:team:73f3cc4e54620b1454530648442e066,K1CK,oe:team:6cedba5819b5b7c465cb3bb48bfe855,Illuminar Gaming,oe:player:b4a352b2b8782a2bb21bce1a2f47645,Puki Style,bot,Varus,oe:player:7705566e63eedc7bd6c4c72d43c9104,Jinx,bot:Varus,lineup-199bafdd01ac68ac,0,1739.00000000,28.98333333,1,3,0,0.33333333,10521.00000000,12574.00000000,243,433.83553767,0.24190656,0.30288577,34,1.17308798,0.50000000,-1237.00000000,-435.00000000,-17.00000000,2,out_of_time,448.95652449,493.43258466,212.94951508,-0.07100738,2021-03-10
pg-3c85908eba0af8b9,ESPORTSTMNT02/1726065,2021-03-23T19:05:26,2021-03-23,2021,Unknown,1,11.05,Red,oe:team:73f3cc4e54620b1454530648442e066,K1CK,oe:team:6cedba5819b5b7c465cb3bb48bfe855,Illuminar Gaming,oe:player:7471c21aed615dae3e49140eca8ce89,Bruness,jng,Hecarim,oe:player:df3e7f4eef306da0e300b26a7c92b00,Lillia,jng:Hecarim,lineup-199bafdd01ac68ac,0,1739.00000000,28.98333333,0,2,2,1.00000000,7790.00000000,3775.00000000,158,130.24726855,0.17911340,0.09093318,44,1.51811386,1.00000000,-126.00000000,-136.00000000,8.00000000,2,out_of_time,286.04043252,309.31067477,128.26358210,-1.21463288,2021-03-10
pg-7b04d63db4068e9d,ESPORTSTMNT02/1726065,2021-03-23T19:05:26,2021-03-23,2021,Unknown,1,11.05,Red,oe:team:73f3cc4e54620b1454530648442e066,K1CK,oe:team:6cedba5819b5b7c465cb3bb48bfe855,Illuminar Gaming,oe:player:be4ce50af0cd0d8574aa3820c37d1ae,Matislaw,mid,Orianna,oe:player:73ac73edf51a3acdfa494e271c6ee29,Sylas,mid:Orianna,lineup-199bafdd01ac68ac,0,1739.00000000,28.98333333,1,0,1,2.00000000,10773.00000000,14550.00000000,279,502.01265095,0.24770073,0.35048417,19,0.65554917,1.00000000,859.00000000,329.00000000,22.00000000,2,out_of_time,402.86255908,439.88043941,156.95799774,0.63169825,2021-03-10
pg-d5627473a67fa232,ESPORTSTMNT02/1726065,2021-03-23T19:05:26,2021-03-23,2021,Unknown,1,11.05,Red,oe:team:73f3cc4e54620b1454530648442e066,K1CK,oe:team:6cedba5819b5b7c465cb3bb48bfe855,Illuminar Gaming,oe:player:84bd988294f5dd9ae9a499abf6524a0,Raxxo,sup,Leona,oe:player:df5866d3078c786ce03084b78b1f5d9,Thresh,sup:Leona,lineup-199bafdd01ac68ac,0,1739.00000000,28.98333333,0,4,2,0.50000000,5896.00000000,2928.00000000,35,101.02357677,0.13556516,0.07053042,90,3.10523289,1.00000000,-669.00000000,-21.00000000,1.00000000,2,out_of_time,151.66200944,159.57139125,87.11578049,-0.58127738,2021-03-10
pg-8ecc3e1664cc5abb,ESPORTSTMNT02/1726065,2021-03-23T19:05:26,2021-03-23,2021,Unknown,1,11.05,Red,oe:team:73f3cc4e54620b1454530648442e066,K1CK,oe:team:6cedba5819b5b7c465cb3bb48bfe855,Illuminar Gaming,oe:player:4841aa27ab85be0b9f45fed1d5e7b09,Kackos,top,Sion,oe:player:2925560e555046ad9b0066ff181fe21,Aatrox,top:Sion,lineup-199bafdd01ac68ac,0,1739.00000000,28.98333333,0,4,1,0.25000000,8512.00000000,7687.00000000,206,265.22139160,0.19571415,0.18516645,33,1.13858539,0.50000000,-122.00000000,-917.00000000,-11.00000000,2,out_of_time,356.10906442,402.93923402,153.92006976,-0.59048617,2021-03-10
pg-e1262e25fd31113d,ESPORTSTMNT02/1735865,2021-03-23T20:00:01,2021-03-23,2021,Unknown,1,11.05,Blue,oe:team:73f3cc4e54620b1454530648442e066,K1CK,oe:team:6cedba5819b5b7c465cb3bb48bfe855,Illuminar Gaming,oe:player:b4a352b2b8782a2bb21bce1a2f47645,Puki Style,bot,Kai'Sa,oe:player:7705566e63eedc7bd6c4c72d43c9104,Xayah,bot:Kai'Sa,lineup-199bafdd01ac68ac,1,2278.00000000,37.96666667,10,0,0,10.00000000,19420.00000000,20590.00000000,406,542.31782265,0.28579838,0.38446457,80,2.10711150,0.83333333,70.00000000,-54.00000000,-14.00000000,2,out_of_time,510.62619830,493.43258466,212.94951508,0.14882224,2021-03-10
pg-918f4f91afc1a780,ESPORTSTMNT02/1735865,2021-03-23T20:00:01,2021-03-23,2021,Unknown,1,11.05,Blue,oe:team:73f3cc4e54620b1454530648442e066,K1CK,oe:team:6cedba5819b5b7c465cb3bb48bfe855,Illuminar Gaming,oe:player:7471c21aed615dae3e49140eca8ce89,Bruness,jng,Hecarim,oe:player:df3e7f4eef306da0e300b26a7c92b00,Olaf,jng:Hecarim,lineup-199bafdd01ac68ac,1,2278.00000000,37.96666667,2,2,5,3.50000000,12078.00000000,4883.00000000,198,128.61281826,0.17774834,0.09117729,74,1.94907814,0.58333333,-216.00000000,-949.00000000,-25.00000000,2,out_of_time,267.81197045,309.31067477,128.26358210,-1.08525857,2021-03-10
pg-09dc2ca68f04f550,ESPORTSTMNT02/1735865,2021-03-23T20:00:01,2021-03-23,2021,Unknown,1,11.05,Blue,oe:team:73f3cc4e54620b1454530648442e066,K1CK,oe:team:6cedba5819b5b7c465cb3bb48bfe855,Illuminar Gaming,oe:player:be4ce50af0cd0d8574aa3820c37d1ae,Matislaw,mid,Zoe,oe:player:73ac73edf51a3acdfa494e271c6ee29,Orianna,mid:Zoe,lineup-199bafdd01ac68ac,1,2278.00000000,37.96666667,0,0,6,6.00000000,14669.00000000,13347.00000000,342,351.54521510,0.21587932,0.24922043,55,1.44863916,0.50000000,-7.00000000,393.00000000,5.00000000,2,out_of_time,451.61342455,439.88043941,156.95799774,-0.63754769,2021-03-10
pg-ef329a73334fc37b,ESPORTSTMNT02/1735865,2021-03-23T20:00:01,2021-03-23,2021,Unknown,1,11.05,Blue,oe:team:73f3cc4e54620b1454530648442e066,K1CK,oe:team:6cedba5819b5b7c465cb3bb48bfe855,Illuminar Gaming,oe:player:84bd988294f5dd9ae9a499abf6524a0,Raxxo,sup,Nautilus,oe:player:df5866d3078c786ce03084b78b1f5d9,Thresh,sup:Nautilus,lineup-199bafdd01ac68ac,1,2278.00000000,37.96666667,0,1,8,8.00000000,8707.00000000,1488.00000000,42,39.19227392,0.12813834,0.02778452,98,2.58121159,0.66666667,16.00000000,-375.00000000,-5.00000000,2,out_of_time,152.97299335,159.57139125,87.11578049,-1.30608621,2021-03-10
pg-722f6d8a958abe9a,ESPORTSTMNT02/1735865,2021-03-23T20:00:01,2021-03-23,2021,Unknown,1,11.05,Blue,oe:team:73f3cc4e54620b1454530648442e066,K1CK,oe:team:6cedba5819b5b7c465cb3bb48bfe855,Illuminar Gaming,oe:player:4841aa27ab85be0b9f45fed1d5e7b09,Kackos,top,Gragas,oe:player:2925560e555046ad9b0066ff181fe21,Aatrox,top:Gragas,lineup-199bafdd01ac68ac,1,2278.00000000,37.96666667,0,2,10,5.00000000,13076.00000000,13247.00000000,267,348.91132572,0.19243561,0.24735319,44,1.15891133,0.83333333,-264.00000000,-51.00000000,-13.00000000,2,out_of_time,377.18838334,402.93923402,153.92006976,-0.18371261,2021-03-10
pg-f5fad38645653ba4,ESPORTSTMNT02/1735865,2021-03-23T20:00:01,2021-03-23,2021,Unknown,1,11.05,Red,oe:team:6cedba5819b5b7c465cb3bb48bfe855,Illuminar Gaming,oe:team:73f3cc4e54620b1454530648442e066,K1CK,oe:player:7705566e63eedc7bd6c4c72d43c9104,odi11,bot,Xayah,oe:player:b4a352b2b8782a2bb21bce1a2f47645,Kai'Sa,bot:Xayah,lineup-561550076137b115,0,2278.00000000,37.96666667,1,1,4,5.00000000,15624.00000000,14530.00000000,405,382.70412643,0.26715913,0.39862826,37,0.97453907,1.00000000,-70.00000000,54.00000000,14.00000000,2,out_of_time,465.52320001,493.43258466,212.94951508,-0.38891412,2021-03-10
pg-8f7530abae1def71,ESPORTSTMNT02/1735865,2021-03-23T20:00:01,2021-03-23,2021,Unknown,1,11.05,Red,oe:team:6cedba5819b5b7c465cb3bb48bfe855,Illuminar Gaming,oe:team:73f3cc4e54620b1454530648442e066,K1CK,oe:player:df3e7f4eef306da0e300b26a7c92b00,Tabasko,jng,Olaf,oe:player:7471c21aed615dae3e49140eca8ce89,Hecarim,jng:Olaf,lineup-561550076137b115,0,2278.00000000,37.96666667,2,1,2,4.00000000,10628.00000000,5374.00000000,214,141.54521510,0.18173113,0.14743484,47,1.23792801,0.80000000,216.00000000,949.00000000,25.00000000,2,out_of_time,338.42224854,309.31067477,128.26358210,-1.53494102,2021-03-10
pg-c6cbb43ed1b79583,ESPORTSTMNT02/1735865,2021-03-23T20:00:01,2021-03-23,2021,Unknown,1,11.05,Red,oe:team:6cedba5819b5b7c465cb3bb48bfe855,Illuminar Gaming,oe:team:73f3cc4e54620b1454530648442e066,K1CK,oe:player:73ac73edf51a3acdfa494e271c6ee29,Czajek,mid,Orianna,oe:player:be4ce50af0cd0d8574aa3820c37d1ae,Zoe,mid:Orianna,lineup-561550076137b115,0,2278.00000000,37.96666667,2,3,2,1.33333333,13357.00000000,7875.00000000,333,207.41878841,0.22839506,0.21604938,18,0.47410009,0.80000000,7.00000000,-393.00000000,-5.00000000,2,out_of_time,448.60351613,439.88043941,156.95799774,-1.53661955,2021-03-10
pg-874696d9b097f80c,ESPORTSTMNT02/1735865,2021-03-23T20:00:01,2021-03-23,2021,Unknown,1,11.05,Red,oe:team:6cedba5819b5b7c465cb3bb48bfe855,Illuminar Gaming,oe:team:73f3cc4e54620b1454530648442e066,K1CK,oe:player:df5866d3078c786ce03084b78b1f5d9,Czypsy,sup,Thresh,oe:player:84bd988294f5dd9ae9a499abf6524a0,Nautilus,sup:Thresh,lineup-561550076137b115,0,2278.00000000,37.96666667,0,2,4,2.00000000,7019.00000000,1561.00000000,33,41.11501317,0.12001984,0.04282579,101,2.66022827,0.80000000,-16.00000000,375.00000000,5.00000000,2,out_of_time,185.55008790,159.57139125,87.11578049,-1.65796683,2021-03-10
pg-d39e220540ffd14b,ESPORTSTMNT02/1735865,2021-03-23T20:00:01,2021-03-23,2021,Unknown,1,11.05,Red,oe:team:6cedba5819b5b7c465cb3bb48bfe855,Illuminar Gaming,oe:team:73f3cc4e54620b1454530648442e066,K1CK,oe:player:2925560e555046ad9b0066ff181fe21,Melonik,top,Aatrox,oe:player:4841aa27ab85be0b9f45fed1d5e7b09,Gragas,top:Aatrox,lineup-561550076137b115,0,2278.00000000,37.96666667,0,5,1,0.20000000,11854.00000000,7110.00000000,296,187.26953468,0.20269485,0.19506173,40,1.05355575,0.20000000,264.00000000,51.00000000,13.00000000,2,out_of_time,434.14785558,402.93923402,153.92006976,-1.60393847,2021-03-10
pg-7778857c5badaf3a,ESPORTSTMNT02/1736078,2021-03-24T15:29:20,2021-03-24,2021,Unknown,1,11.05,Blue,oe:team:5a5f8cc0161f43afe3461b293535517,AGO ROGUE,oe:team:73f3cc4e54620b1454530648442e066,K1CK,oe:player:0482daf6543f102a27a265342292bb7,Lucker,bot,Xayah,oe:player:b4a352b2b8782a2bb21bce1a2f47645,Tristana,bot:Xayah,lineup-de5e31d683ce7975,1,2079.00000000,34.65000000,4,2,7,5.50000000,17104.00000000,16281.00000000,371,469.87012987,0.25286439,0.24062962,34,0.98124098,0.55000000,304.00000000,216.00000000,-3.00000000,2,out_of_time,492.82772723,493.43258466,212.94951508,-0.10780770,2021-03-10
pg-20c9f53ca5597b69,ESPORTSTMNT02/1736078,2021-03-24T15:29:20,2021-03-24,2021,Unknown,1,11.05,Blue,oe:team:5a5f8cc0161f43afe3461b293535517,AGO ROGUE,oe:team:73f3cc4e54620b1454530648442e066,K1CK,oe:player:6fc5fe723eed4ba4c230292be365c66,Lurox,jng,Hecarim,oe:player:7471c21aed615dae3e49140eca8ce89,Lillia,jng:Hecarim,lineup-de5e31d683ce7975,1,2079.00000000,34.65000000,1,1,13,14.00000000,12222.00000000,6861.00000000,207,198.00865801,0.18068923,0.10140408,52,1.50072150,0.70000000,-123.00000000,152.00000000,-1.00000000,2,out_of_time,330.23098632,309.31067477,128.26358210,-1.03086415,2021-03-10
pg-d7e21115e2808242,ESPORTSTMNT02/1736078,2021-03-24T15:29:20,2021-03-24,2021,Unknown,1,11.05,Blue,oe:team:5a5f8cc0161f43afe3461b293535517,AGO ROGUE,oe:team:73f3cc4e54620b1454530648442e066,K1CK,oe:player:2096ff50c6496d70e4b39793390c9ce,Sencux,mid,Syndra,oe:player:be4ce50af0cd0d8574aa3820c37d1ae,Viktor,mid:Syndra,lineup-de5e31d683ce7975,1,2079.00000000,34.65000000,6,0,11,17.00000000,15058.00000000,22651.00000000,286,653.70851371,0.22261646,0.33477683,43,1.24098124,0.85000000,392.00000000,31.00000000,-11.00000000,2,out_of_time,473.15276671,439.88043941,156.95799774,1.15034436,2021-03-10
pg-c847bea47ea12dc6,ESPORTSTMNT02/1736078,2021-03-24T15:29:20,2021-03-24,2021,Unknown,1,11.05,Blue,oe:team:5a5f8cc0161f43afe3461b293535517,AGO ROGUE,oe:team:73f3cc4e54620b1454530648442e066,K1CK,oe:player:3e68fd564e4e518b8aed89b9a0bf855,Pyrka,sup,Alistar,oe:player:84bd988294f5dd9ae9a499abf6524a0,Nautilus,sup:Alistar,lineup-de5e31d683ce7975,1,2079.00000000,34.65000000,0,1,11,11.00000000,8501.00000000,5531.00000000,44,159.62481962,0.12567821,0.08174697,123,3.54978355,0.55000000,-135.00000000,152.00000000,0.00000000,2,out_of_time,181.81977378,159.57139125,87.11578049,-0.25477536,2021-03-10
pg-4166942252b7dd67,ESPORTSTMNT02/1736078,2021-03-24T15:29:20,2021-03-24,2021,Unknown,1,11.05,Blue,oe:team:5a5f8cc0161f43afe3461b293535517,AGO ROGUE,oe:team:73f3cc4e54620b1454530648442e066,K1CK,oe:player:a7b756e008bfcb7148cdb51f886c3fa,Sinmivak,top,Cho'Gath,oe:player:4841aa27ab85be0b9f45fed1d5e7b09,Gangplank,top:Cho'Gath,lineup-de5e31d683ce7975,1,2079.00000000,34.65000000,9,2,7,8.00000000,14756.00000000,16336.00000000,236,471.45743146,0.21815171,0.24144251,33,0.95238095,0.80000000,85.00000000,-131.00000000,1.00000000,2,out_of_time,438.93111638,402.93923402,153.92006976,0.21131952,2021-03-10
pg-d8a092b96a2fac4a,ESPORTSTMNT02/1736078,2021-03-24T15:29:20,2021-03-24,2021,Unknown,1,11.05,Red,oe:team:73f3cc4e54620b1454530648442e066,K1CK,oe:team:5a5f8cc0161f43afe3461b293535517,AGO ROGUE,oe:player:b4a352b2b8782a2bb21bce1a2f47645,Puki Style,bot,Tristana,oe:player:0482daf6543f102a27a265342292bb7,Xayah,bot:Tristana,lineup-199bafdd01ac68ac,0,2079.00000000,34.65000000,2,2,2,2.00000000,13404.00000000,17582.00000000,307,507.41702742,0.23536435,0.20923729,46,1.32756133,0.66666667,-304.00000000,-216.00000000,3.00000000,2,out_of_time,464.46503697,493.43258466,212.94951508,0.20170034,2021-03-10
pg-39f68d81e901b34b,ESPORTSTMNT02/1736078,2021-03-24T15:29:20,2021-03-24,2021,Unknown,1,11.05,Red,oe:team:73f3cc4e54620b1454530648442e066,K1CK,oe:team:5a5f8cc0161f43afe3461b293535517,AGO ROGUE,oe:player:7471c21aed615dae3e49140eca8ce89,Bruness,jng,Lillia,oe:player:6fc5fe723eed4ba4c230292be365c66,Hecarim,jng:Lillia,lineup-199bafdd01ac68ac,0,2079.00000000,34.65000000,2,7,2,0.57142857,9915.00000000,13524.00000000,184,390.30303030,0.17410009,0.16094444,43,1.24098124,0.66666667,123.00000000,-152.00000000,1.00000000,2,out_of_time,260.99552488,309.31067477,128.26358210,1.00813889,2021-03-10
pg-31d708c5e3dfcb7c,ESPORTSTMNT02/1736078,2021-03-24T15:29:20,2021-03-24,2021,Unknown,1,11.05,Red,oe:team:73f3cc4e54620b1454530648442e066,K1CK,oe:team:5a5f8cc0161f43afe3461b293535517,AGO ROGUE,oe:player:be4ce50af0cd0d8574aa3820c37d1ae,Matislaw,mid,Viktor,oe:player:2096ff50c6496d70e4b39793390c9ce,Syndra,mid:Viktor,lineup-199bafdd01ac68ac,0,2079.00000000,34.65000000,1,2,3,2.00000000,12788.00000000,24619.00000000,345,710.50505051,0.22454785,0.29298218,43,1.24098124,0.66666667,-392.00000000,-31.00000000,11.00000000,2,out_of_time,404.66919896,439.88043941,156.95799774,1.94852034,2021-03-10
pg-1f05dd0b17e9c5ca,ESPORTSTMNT02/1736078,2021-03-24T15:29:20,2021-03-24,2021,Unknown,1,11.05,Red,oe:team:73f3cc4e54620b1454530648442e066,K1CK,oe:team:5a5f8cc0161f43afe3461b293535517,AGO ROGUE,oe:player:84bd988294f5dd9ae9a499abf6524a0,Raxxo,sup,Nautilus,oe:player:3e68fd564e4e518b8aed89b9a0bf855,Alistar,sup:Nautilus,lineup-199bafdd01ac68ac,0,2079.00000000,34.65000000,0,5,4,0.80000000,6651.00000000,3874.00000000,35,111.80375180,0.11678665,0.04610313,85,2.45310245,0.66666667,135.00000000,-152.00000000,0.00000000,2,out_of_time,110.84284469,159.57139125,87.11578049,0.01103023,2021-03-10
pg-8fb8b1b027db5fb7,ESPORTSTMNT02/1736078,2021-03-24T15:29:20,2021-03-24,2021,Unknown,1,11.05,Red,oe:team:73f3cc4e54620b1454530648442e066,K1CK,oe:team:5a5f8cc0161f43afe3461b293535517,AGO ROGUE,oe:player:4841aa27ab85be0b9f45fed1d5e7b09,Kackos,top,Gangplank,oe:player:a7b756e008bfcb7148cdb51f886c3fa,Cho'Gath,top:Gangplank,lineup-199bafdd01ac68ac,0,2079.00000000,34.65000000,1,4,4,1.25000000,14192.00000000,24430.00000000,280,705.05050505,0.24920105,0.29073296,24,0.69264069,0.83333333,-85.00000000,131.00000000,-1.00000000,2,out_of_time,397.87666113,402.93923402,153.92006976,1.99567116,2021-03-10
pg-22d332ee09eca05f,ESPORTSTMNT02/1736089,2021-03-24T16:46:54,2021-03-24,2021,Unknown,1,11.05,Blue,oe:team:73f3cc4e54620b1454530648442e066,K1CK,oe:team:5a5f8cc0161f43afe3461b293535517,AGO ROGUE,oe:player:b4a352b2b8782a2bb21bce1a2f47645,Puki Style,bot,Tristana,oe:player:0482daf6543f102a27a265342292bb7,Kai'Sa,bot:Tristana,lineup-199bafdd01ac68ac,1,1973.00000000,32.88333333,8,1,3,11.00000000,15399.00000000,26444.00000000,279,804.17638115,0.26559616,0.32891365,63,1.91586417,0.78571429,343.00000000,-803.00000000,-16.00000000,2,out_of_time,445.56470986,493.43258466,212.94951508,1.68402201,2021-03-10
pg-900c02df160a66c4,ESPORTSTMNT02/1736089,2021-03-24T16:46:54,2021-03-24,2021,Unknown,1,11.05,Blue,oe:team:73f3cc4e54620b1454530648442e066,K1CK,oe:team:5a5f8cc0161f43afe3461b293535517,AGO ROGUE,oe:player:7471c21aed615dae3e49140eca8ce89,Bruness,jng,Udyr,oe:player:6fc5fe723eed4ba4c230292be365c66,Hecarim,jng:Udyr,lineup-199bafdd01ac68ac,1,1973.00000000,32.88333333,2,2,9,5.50000000,11478.00000000,11454.00000000,201,348.32235175,0.19796823,0.14246623,52,1.58134820,0.78571429,285.00000000,-340.00000000,-7.00000000,2,out_of_time,201.53579171,309.31067477,128.26358210,1.14441338,2021-03-10
pg-2284f14139895257,ESPORTSTMNT02/1736089,2021-03-24T16:46:54,2021-03-24,2021,Unknown,1,11.05,Blue,oe:team:73f3cc4e54620b1454530648442e066,K1CK,oe:team:5a5f8cc0161f43afe3461b293535517,AGO ROGUE,oe:player:be4ce50af0cd0d8574aa3820c37d1ae,Matislaw,mid,Seraphine,oe:player:2096ff50c6496d70e4b39793390c9ce,Zilean,mid:Seraphine,lineup-199bafdd01ac68ac,1,1973.00000000,32.88333333,1,2,12,6.50000000,11922.00000000,19524.00000000,262,593.73542828,0.20562617,0.24284186,38,1.15560061,0.92857143,-394.00000000,-530.00000000,-12.00000000,2,out_of_time,353.27143190,439.88043941,156.95799774,1.53202768,2021-03-10
pg-559a0ffe1165de7a,ESPORTSTMNT02/1736089,2021-03-24T16:46:54,2021-03-24,2021,Unknown,1,11.05,Blue,oe:team:73f3cc4e54620b1454530648442e066,K1CK,oe:team:5a5f8cc0161f43afe3461b293535517,AGO ROGUE,oe:player:84bd988294f5dd9ae9a499abf6524a0,Raxxo,sup,Leona,oe:player:3e68fd564e4e518b8aed89b9a0bf855,Alistar,sup:Leona,lineup-199bafdd01ac68ac,1,1973.00000000,32.88333333,1,2,8,4.50000000,7803.00000000,6366.00000000,38,193.59351242,0.13458321,0.07918107,93,2.82818044,0.64285714,-17.00000000,-111.00000000,3.00000000,2,out_of_time,124.02959110,159.57139125,87.11578049,0.79852262,2021-03-10
pg-49a5f861f7a98d1e,ESPORTSTMNT02/1736089,2021-03-24T16:46:54,2021-03-24,2021,Unknown,1,11.05,Blue,oe:team:73f3cc4e54620b1454530648442e066,K1CK,oe:team:5a5f8cc0161f43afe3461b293535517,AGO ROGUE,oe:player:4841aa27ab85be0b9f45fed1d5e7b09,Kackos,top,Gnar,oe:player:a7b756e008bfcb7148cdb51f886c3fa,Sion,top:Gnar,lineup-199bafdd01ac68ac,1,1973.00000000,32.88333333,2,3,10,4.00000000,11377.00000000,16610.00000000,206,505.11910796,0.19622622,0.20659718,21,0.63862139,0.85714286,-988.00000000,-583.00000000,-8.00000000,2,out_of_time,359.83911903,402.93923402,153.92006976,0.94386644,2021-03-10
pg-b957d6e5e858b3f8,ESPORTSTMNT02/1736089,2021-03-24T16:46:54,2021-03-24,2021,Unknown,1,11.05,Red,oe:team:5a5f8cc0161f43afe3461b293535517,AGO ROGUE,oe:team:73f3cc4e54620b1454530648442e066,K1CK,oe:player:0482daf6543f102a27a265342292bb7,Lucker,bot,Kai'Sa,oe:player:b4a352b2b8782a2bb21bce1a2f47645,Tristana,bot:Kai'Sa,lineup-de5e31d683ce7975,0,1973.00000000,32.88333333,3,3,2,1.66666667,13706.00000000,19675.00000000,319,598.32742017,0.25864769,0.29492887,50,1.52052712,0.50000000,-343.00000000,803.00000000,16.00000000,2,out_of_time,532.31633061,493.43258466,212.94951508,0.30998469,2021-03-10
pg-3a0ffa45516b2c18,ESPORTSTMNT02/1736089,2021-03-24T16:46:54,2021-03-24,2021,Unknown,1,11.05,Red,oe:team:5a5f8cc0161f43afe3461b293535517,AGO ROGUE,oe:team:73f3cc4e54620b1454530648442e066,K1CK,oe:player:6fc5fe723eed4ba4c230292be365c66,Lurox,jng,Hecarim,oe:player:7471c21aed615dae3e49140eca8ce89,Udyr,jng:Hecarim,lineup-de5e31d683ce7975,0,1973.00000000,32.88333333,2,2,8,5.00000000,10709.00000000,12342.00000000,213,375.32691333,0.20209092,0.18500697,38,1.15560061,1.00000000,-285.00000000,340.00000000,7.00000000,2,out_of_time,309.65175544,309.31067477,128.26358210,0.51203278,2021-03-10
pg-d337db5b563ab0cb,ESPORTSTMNT02/1736089,2021-03-24T16:46:54,2021-03-24,2021,Unknown,1,11.05,Red,oe:team:5a5f8cc0161f43afe3461b293535517,AGO ROGUE,oe:team:73f3cc4e54620b1454530648442e066,K1CK,oe:player:2096ff50c6496d70e4b39793390c9ce,Sencux,mid,Zilean,oe:player:be4ce50af0cd0d8574aa3820c37d1ae,Seraphine,mid:Zilean,lineup-de5e31d683ce7975,0,1973.00000000,32.88333333,1,1,7,8.00000000,10627.00000000,16164.00000000,263,491.55600608,0.20054349,0.24229887,28,0.85149518,0.80000000,394.00000000,530.00000000,12.00000000,2,out_of_time,407.99835128,439.88043941,156.95799774,0.53235678,2021-03-10
pg-381041386c50daaf,ESPORTSTMNT02/1736089,2021-03-24T16:46:54,2021-03-24,2021,Unknown,1,11.05,Red,oe:team:5a5f8cc0161f43afe3461b293535517,AGO ROGUE,oe:team:73f3cc4e54620b1454530648442e066,K1CK,oe:player:3e68fd564e4e518b8aed89b9a0bf855,Pyrka,sup,Alistar,oe:player:84bd988294f5dd9ae9a499abf6524a0,Leona,sup:Alistar,lineup-de5e31d683ce7975,0,1973.00000000,32.88333333,2,4,3,1.25000000,6836.00000000,6229.00000000,35,189.42726812,0.12900304,0.09337291,69,2.09832742,0.50000000,17.00000000,111.00000000,-3.00000000,2,out_of_time,166.30183815,159.57139125,87.11578049,0.26545627,2021-03-10
pg-4adbfe6bad8ffda8,ESPORTSTMNT02/1736089,2021-03-24T16:46:54,2021-03-24,2021,Unknown,1,11.05,Red,oe:team:5a5f8cc0161f43afe3461b293535517,AGO ROGUE,oe:team:73f3cc4e54620b1454530648442e066,K1CK,oe:player:a7b756e008bfcb7148cdb51f886c3fa,Sinmivak,top,Sion,oe:player:4841aa27ab85be0b9f45fed1d5e7b09,Gnar,top:Sion,lineup-de5e31d683ce7975,0,1973.00000000,32.88333333,2,4,4,1.50000000,11113.00000000,12301.00000000,200,374.08008109,0.20971486,0.18439238,30,0.91231627,0.60000000,988.00000000,583.00000000,8.00000000,2,out_of_time,377.72743155,402.93923402,153.92006976,-0.02369639,2021-03-10
pg-9e7812fde2913ef7,ESPORTSTMNT02/1736094,2021-03-24T17:25:37,2021-03-24,2021,Unknown,1,11.05,Blue,oe:team:5a5f8cc0161f43afe3461b293535517,AGO ROGUE,oe:team:73f3cc4e54620b1454530648442e066,K1CK,oe:player:0482daf6543f102a27a265342292bb7,Lucker,bot,Kai'Sa,oe:player:b4a352b2b8782a2bb21bce1a2f47645,Tristana,bot:Kai'Sa,lineup-de5e31d683ce7975,1,2403.00000000,40.05000000,6,3,5,3.66666667,18617.00000000,21802.00000000,417,544.36953808,0.26516166,0.28893277,62,1.54806492,0.78571429,813.00000000,903.00000000,36.00000000,2,out_of_time,539.56519576,493.43258466,212.94951508,0.02256095,2021-03-10
pg-bcb5b0a222756256,ESPORTSTMNT02/1736094,2021-03-24T17:25:37,2021-03-24,2021,Unknown,1,11.05,Blue,oe:team:5a5f8cc0161f43afe3461b293535517,AGO ROGUE,oe:team:73f3cc4e54620b1454530648442e066,K1CK,oe:player:6fc5fe723eed4ba4c230292be365c66,Lurox,jng,Udyr,oe:player:7471c21aed615dae3e49140eca8ce89,Lillia,jng:Udyr,lineup-de5e31d683ce7975,1,2403.00000000,40.05000000,2,4,5,1.75000000,13000.00000000,5336.00000000,249,133.23345818,0.18515881,0.07071577,65,1.62297129,0.50000000,-312.00000000,-663.00000000,-21.00000000,2,out_of_time,283.32308110,309.31067477,128.26358210,-1.17016553,2021-03-10
pg-c67a40dbc8dfd5fc,ESPORTSTMNT02/1736094,2021-03-24T17:25:37,2021-03-24,2021,Unknown,1,11.05,Blue,oe:team:5a5f8cc0161f43afe3461b293535517,AGO ROGUE,oe:team:73f3cc4e54620b1454530648442e066,K1CK,oe:player:2096ff50c6496d70e4b39793390c9ce,Sencux,mid,Syndra,oe:player:be4ce50af0cd0d8574aa3820c37d1ae,Viktor,mid:Syndra,lineup-de5e31d683ce7975,1,2403.00000000,40.05000000,3,2,9,6.00000000,15591.00000000,19927.00000000,349,497.55305868,0.22206238,0.26408418,46,1.14856429,0.85714286,332.00000000,573.00000000,13.00000000,2,out_of_time,473.15276671,439.88043941,156.95799774,0.15545746,2021-03-10
pg-2d988ba40b602e23,ESPORTSTMNT02/1736094,2021-03-24T17:25:37,2021-03-24,2021,Unknown,1,11.05,Blue,oe:team:5a5f8cc0161f43afe3461b293535517,AGO ROGUE,oe:team:73f3cc4e54620b1454530648442e066,K1CK,oe:player:3e68fd564e4e518b8aed89b9a0bf855,Pyrka,sup,Alistar,oe:player:84bd988294f5dd9ae9a499abf6524a0,Thresh,sup:Alistar,lineup-de5e31d683ce7975,1,2403.00000000,40.05000000,2,4,9,2.75000000,8745.00000000,5262.00000000,38,131.38576779,0.12455491,0.06973508,105,2.62172285,0.78571429,-139.00000000,335.00000000,-3.00000000,2,out_of_time,167.27707419,159.57139125,87.11578049,-0.41199546,2021-03-10
pg-5d4344831562a1c9,ESPORTSTMNT02/1736094,2021-03-24T17:25:37,2021-03-24,2021,Unknown,1,11.05,Blue,oe:team:5a5f8cc0161f43afe3461b293535517,AGO ROGUE,oe:team:73f3cc4e54620b1454530648442e066,K1CK,oe:player:a7b756e008bfcb7148cdb51f886c3fa,Sinmivak,top,Sett,oe:player:4841aa27ab85be0b9f45fed1d5e7b09,Sion,top:Sett,lineup-de5e31d683ce7975,1,2403.00000000,40.05000000,1,7,6,1.00000000,14257.00000000,23130.00000000,279,577.52808989,0.20306224,0.30653220,46,1.14856429,0.50000000,1193.00000000,331.00000000,28.00000000,2,out_of_time,414.83733745,402.93923402,153.92006976,1.05698206,2021-03-10
pg-d89ffab3e66fc50b,ESPORTSTMNT02/1736094,2021-03-24T17:25:37,2021-03-24,2021,Unknown,1,11.05,Red,oe:team:73f3cc4e54620b1454530648442e066,K1CK,oe:team:5a5f8cc0161f43afe3461b293535517,AGO ROGUE,oe:player:b4a352b2b8782a2bb21bce1a2f47645,Puki Style,bot,Tristana,oe:player:0482daf6543f102a27a265342292bb7,Kai'Sa,bot:Tristana,lineup-199bafdd01ac68ac,0,2403.00000000,40.05000000,6,3,6,4.00000000,17195.00000000,20103.00000000,337,501.94756554,0.23493005,0.20585735,120,2.99625468,0.60000000,-813.00000000,-903.00000000,-36.00000000,2,out_of_time,438.31584471,493.43258466,212.94951508,0.29881130,2021-03-10
pg-da6d42191617f7f7,ESPORTSTMNT02/1736094,2021-03-24T17:25:37,2021-03-24,2021,Unknown,1,11.05,Red,oe:team:73f3cc4e54620b1454530648442e066,K1CK,oe:team:5a5f8cc0161f43afe3461b293535517,AGO ROGUE,oe:player:7471c21aed615dae3e49140eca8ce89,Bruness,jng,Lillia,oe:player:6fc5fe723eed4ba4c230292be365c66,Udyr,jng:Lillia,lineup-199bafdd01ac68ac,0,2403.00000000,40.05000000,3,3,11,4.66666667,14414.00000000,14786.00000000,264,369.18851436,0.19693409,0.15141058,49,1.22347066,0.70000000,312.00000000,663.00000000,21.00000000,2,out_of_time,266.12820122,309.31067477,128.26358210,0.80350409,2021-03-10
pg-010a919ea9020248,ESPORTSTMNT02/1736094,2021-03-24T17:25:37,2021-03-24,2021,Unknown,1,11.05,Red,oe:team:73f3cc4e54620b1454530648442e066,K1CK,oe:team:5a5f8cc0161f43afe3461b293535517,AGO ROGUE,oe:player:be4ce50af0cd0d8574aa3820c37d1ae,Matislaw,mid,Viktor,oe:player:2096ff50c6496d70e4b39793390c9ce,Syndra,mid:Viktor,lineup-199bafdd01ac68ac,0,2403.00000000,40.05000000,6,4,8,3.50000000,15854.00000000,34685.00000000,318,866.04244694,0.21660837,0.35517895,49,1.22347066,0.70000000,-332.00000000,-573.00000000,-13.00000000,2,out_of_time,404.66919896,439.88043941,156.95799774,2.93946951,2021-03-10
pg-b3450a4141234ec8,ESPORTSTMNT02/1736094,2021-03-24T17:25:37,2021-03-24,2021,Unknown,1,11.05,Red,oe:team:73f3cc4e54620b1454530648442e066,K1CK,oe:team:5a5f8cc0161f43afe3461b293535517,AGO ROGUE,oe:player:84bd988294f5dd9ae9a499abf6524a0,Raxxo,sup,Thresh,oe:player:3e68fd564e4e518b8aed89b9a0bf855,Alistar,sup:Thresh,lineup-199bafdd01ac68ac,0,2403.00000000,40.05000000,2,2,13,7.50000000,10313.00000000,7575.00000000,62,189.13857678,0.14090338,0.07756899,129,3.22097378,0.75000000,139.00000000,-335.00000000,3.00000000,2,out_of_time,101.09357714,159.57139125,87.11578049,1.01066648,2021-03-10
pg-05fb359c6316b57e,ESPORTSTMNT02/1736094,2021-03-24T17:25:37,2021-03-24,2021,Unknown,1,11.05,Red,oe:team:73f3cc4e54620b1454530648442e066,K1CK,oe:team:5a5f8cc0161f43afe3461b293535517,AGO ROGUE,oe:player:4841aa27ab85be0b9f45fed1d5e7b09,Kackos,top,Sion,oe:player:a7b756e008bfcb7148cdb51f886c3fa,Sett,top:Sion,lineup-199bafdd01ac68ac,0,2403.00000000,40.05000000,3,2,12,7.50000000,15416.00000000,20506.00000000,283,512.00998752,0.21062411,0.20998413,47,1.17353308,0.75000000,-1193.00000000,-331.00000000,-28.00000000,2,out_of_time,330.68400763,402.93923402,153.92006976,1.17805287,2021-03-10
pg-a5b7682b67b77386,ESPORTSTMNT02/1736109,2021-03-24T19:08:33,2021-03-24,2021,Unknown,1,11.05,Blue,oe:team:73f3cc4e54620b1454530648442e066,K1CK,oe:team:5a5f8cc0161f43afe3461b293535517,AGO ROGUE,oe:player:b4a352b2b8782a2bb21bce1a2f47645,Puki Style,bot,Tristana,oe:player:0482daf6543f102a27a265342292bb7,Kai'Sa,bot:Tristana,lineup-199bafdd01ac68ac,1,1842.00000000,30.70000000,6,1,2,8.00000000,15499.00000000,13959.00000000,324,454.69055375,0.26065386,0.25263329,55,1.79153094,0.47058824,2709.00000000,1235.00000000,23.00000000,2,out_of_time,445.56470986,493.43258466,212.94951508,0.04285449,2021-03-10
pg-37dddad8c30e83ea,ESPORTSTMNT02/1736109,2021-03-24T19:08:33,2021-03-24,2021,Unknown,1,11.05,Blue,oe:team:73f3cc4e54620b1454530648442e066,K1CK,oe:team:5a5f8cc0161f43afe3461b293535517,AGO ROGUE,oe:player:7471c21aed615dae3e49140eca8ce89,Bruness,jng,Hecarim,oe:player:6fc5fe723eed4ba4c230292be365c66,Udyr,jng:Hecarim,lineup-199bafdd01ac68ac,1,1842.00000000,30.70000000,4,1,9,13.00000000,10594.00000000,9191.00000000,163,299.38110749,0.17816421,0.16634090,45,1.46579805,0.76470588,73.00000000,-723.00000000,-16.00000000,2,out_of_time,253.57637327,309.31067477,128.26358210,0.35711410,2021-03-10
pg-68679e1f52ecbd93,ESPORTSTMNT02/1736109,2021-03-24T19:08:33,2021-03-24,2021,Unknown,1,11.05,Blue,oe:team:73f3cc4e54620b1454530648442e066,K1CK,oe:team:5a5f8cc0161f43afe3461b293535517,AGO ROGUE,oe:player:be4ce50af0cd0d8574aa3820c37d1ae,Matislaw,mid,Galio,oe:player:2096ff50c6496d70e4b39793390c9ce,Orianna,mid:Galio,lineup-199bafdd01ac68ac,1,1842.00000000,30.70000000,4,0,9,13.00000000,13290.00000000,14242.00000000,265,463.90879479,0.22350409,0.25775509,29,0.94462541,0.76470588,168.00000000,456.00000000,-19.00000000,2,out_of_time,375.98984755,439.88043941,156.95799774,0.56014315,2021-03-10
pg-45d26e6797273575,ESPORTSTMNT02/1736109,2021-03-24T19:08:33,2021-03-24,2021,Unknown,1,11.05,Blue,oe:team:73f3cc4e54620b1454530648442e066,K1CK,oe:team:5a5f8cc0161f43afe3461b293535517,AGO ROGUE,oe:player:84bd988294f5dd9ae9a499abf6524a0,Raxxo,sup,Braum,oe:player:3e68fd564e4e518b8aed89b9a0bf855,Nautilus,sup:Braum,lineup-199bafdd01ac68ac,1,1842.00000000,30.70000000,1,1,14,15.00000000,8732.00000000,6869.00000000,42,223.74592834,0.14685009,0.12431679,77,2.50814332,0.88235294,780.00000000,672.00000000,2.00000000,2,out_of_time,163.11067058,159.57139125,87.11578049,0.69603070,2021-03-10
pg-008f2772aef4d54d,ESPORTSTMNT02/1736109,2021-03-24T19:08:33,2021-03-24,2021,Unknown,1,11.05,Blue,oe:team:73f3cc4e54620b1454530648442e066,K1CK,oe:team:5a5f8cc0161f43afe3461b293535517,AGO ROGUE,oe:player:4841aa27ab85be0b9f45fed1d5e7b09,Kackos,top,Gnar,oe:player:a7b756e008bfcb7148cdb51f886c3fa,Cho'Gath,top:Gnar,lineup-199bafdd01ac68ac,1,1842.00000000,30.70000000,2,1,7,9.00000000,11347.00000000,10993.00000000,216,358.07817590,0.19082776,0.19895392,21,0.68403909,0.52941176,-658.00000000,-798.00000000,-7.00000000,2,out_of_time,362.09879488,402.93923402,153.92006976,-0.02612147,2021-03-10
pg-12d3bbbefd7ee165,ESPORTSTMNT02/1736109,2021-03-24T19:08:33,2021-03-24,2021,Unknown,1,11.05,Red,oe:team:5a5f8cc0161f43afe3461b293535517,AGO ROGUE,oe:team:73f3cc4e54620b1454530648442e066,K1CK,oe:player:0482daf6543f102a27a265342292bb7,Lucker,bot,Kai'Sa,oe:player:b4a352b2b8782a2bb21bce1a2f47645,Tristana,bot:Kai'Sa,lineup-de5e31d683ce7975,0,1842.00000000,30.70000000,0,3,2,0.66666667,11377.00000000,9307.00000000,295,303.15960912,0.23662153,0.26749634,23,0.74918567,0.50000000,-2709.00000000,-1235.00000000,-23.00000000,2,out_of_time,532.31633061,493.43258466,212.94951508,-1.07610821,2021-03-10
pg-6a7bdb01b1d8a45c,ESPORTSTMNT02/1736109,2021-03-24T19:08:33,2021-03-24,2021,Unknown,1,11.05,Red,oe:team:5a5f8cc0161f43afe3461b293535517,AGO ROGUE,oe:team:73f3cc4e54620b1454530648442e066,K1CK,oe:player:6fc5fe723eed4ba4c230292be365c66,Lurox,jng,Udyr,oe:player:7471c21aed615dae3e49140eca8ce89,Hecarim,jng:Udyr,lineup-de5e31d683ce7975,0,1842.00000000,30.70000000,1,2,2,1.50000000,10254.00000000,4835.00000000,221,157.49185668,0.21326512,0.13896473,36,1.17263844,0.75000000,-73.00000000,723.00000000,16.00000000,2,out_of_time,257.61117388,309.31067477,128.26358210,-0.78057478,2021-03-10
pg-e67b7b204a7e5056,ESPORTSTMNT02/1736109,2021-03-24T19:08:33,2021-03-24,2021,Unknown,1,11.05,Red,oe:team:5a5f8cc0161f43afe3461b293535517,AGO ROGUE,oe:team:73f3cc4e54620b1454530648442e066,K1CK,oe:player:2096ff50c6496d70e4b39793390c9ce,Sencux,mid,Orianna,oe:player:be4ce50af0cd0d8574aa3820c37d1ae,Galio,mid:Orianna,lineup-de5e31d683ce7975,0,1842.00000000,30.70000000,2,3,1,1.00000000,11281.00000000,10178.00000000,285,331.53094463,0.23462490,0.29253011,29,0.94462541,0.75000000,-168.00000000,-456.00000000,19.00000000,2,out_of_time,458.47679167,439.88043941,156.95799774,-0.80878865,2021-03-10
pg-e7d5d89eb26ef490,ESPORTSTMNT02/1736109,2021-03-24T19:08:33,2021-03-24,2021,Unknown,1,11.05,Red,oe:team:5a5f8cc0161f43afe3461b293535517,AGO ROGUE,oe:team:73f3cc4e54620b1454530648442e066,K1CK,oe:player:3e68fd564e4e518b8aed89b9a0bf855,Pyrka,sup,Nautilus,oe:player:84bd988294f5dd9ae9a499abf6524a0,Braum,sup:Nautilus,lineup-de5e31d683ce7975,0,1842.00000000,30.70000000,0,6,2,0.33333333,5614.00000000,2095.00000000,31,68.24104235,0.11676130,0.06021326,63,2.05211726,0.50000000,-780.00000000,-672.00000000,-2.00000000,2,out_of_time,191.14421126,159.57139125,87.11578049,-1.41080259,2021-03-10
pg-7e1831a18dcc333f,ESPORTSTMNT02/1736109,2021-03-24T19:08:33,2021-03-24,2021,Unknown,1,11.05,Red,oe:team:5a5f8cc0161f43afe3461b293535517,AGO ROGUE,oe:team:73f3cc4e54620b1454530648442e066,K1CK,oe:player:a7b756e008bfcb7148cdb51f886c3fa,Sinmivak,top,Cho'Gath,oe:player:4841aa27ab85be0b9f45fed1d5e7b09,Gnar,top:Cho'Gath,lineup-de5e31d683ce7975,0,1842.00000000,30.70000000,1,3,2,1.00000000,9555.00000000,8378.00000000,221,272.89902280,0.19872715,0.24079556,35,1.14006515,0.75000000,658.00000000,798.00000000,7.00000000,2,out_of_time,383.63479027,402.93923402,153.92006976,-0.71943683,2021-03-10
pg-5f5ce1b0e82be992,ESPORTSTMNT02/1736130,2021-03-24T20:00:14,2021-03-24,2021,Unknown,1,11.05,Blue,oe:team:5a5f8cc0161f43afe3461b293535517,AGO ROGUE,oe:team:73f3cc4e54620b1454530648442e066,K1CK,oe:player:0482daf6543f102a27a265342292bb7,Lucker,bot,Kai'Sa,oe:player:b4a352b2b8782a2bb21bce1a2f47645,Senna,bot:Kai'Sa,lineup-de5e31d683ce7975,1,2906.00000000,48.43333333,7,5,8,3.00000000,22163.00000000,33097.00000000,408,683.35168617,0.27157544,0.37343729,58,1.19752237,0.83333333,1564.00000000,891.00000000,97.00000000,2,out_of_time,553.84116349,493.43258466,212.94951508,0.60817477,2021-03-10
pg-e9585f93726512d1,ESPORTSTMNT02/1736130,2021-03-24T20:00:14,2021-03-24,2021,Unknown,1,11.05,Blue,oe:team:5a5f8cc0161f43afe3461b293535517,AGO ROGUE,oe:team:73f3cc4e54620b1454530648442e066,K1CK,oe:player:6fc5fe723eed4ba4c230292be365c66,Lurox,jng,Udyr,oe:player:7471c21aed615dae3e49140eca8ce89,Lillia,jng:Udyr,lineup-de5e31d683ce7975,1,2906.00000000,48.43333333,3,1,9,12.00000000,15989.00000000,11070.00000000,310,228.56159670,0.19592202,0.12490409,89,1.83757743,0.66666667,357.00000000,102.00000000,4.00000000,2,out_of_time,283.32308110,309.31067477,128.26358210,-0.42694492,2021-03-10
pg-9529d252ca800990,ESPORTSTMNT02/1736130,2021-03-24T20:00:14,2021-03-24,2021,Unknown,1,11.05,Blue,oe:team:5a5f8cc0161f43afe3461b293535517,AGO ROGUE,oe:team:73f3cc4e54620b1454530648442e066,K1CK,oe:player:2096ff50c6496d70e4b39793390c9ce,Sencux,mid,Syndra,oe:player:be4ce50af0cd0d8574aa3820c37d1ae,Orianna,mid:Syndra,lineup-de5e31d683ce7975,1,2906.00000000,48.43333333,7,2,5,6.00000000,20277.00000000,29059.00000000,449,599.97935306,0.24846524,0.32787607,49,1.01169993,0.66666667,1237.00000000,1306.00000000,33.00000000,2,out_of_time,477.05174210,439.88043941,156.95799774,0.78318794,2021-03-10
pg-195cdfde98c1114e,ESPORTSTMNT02/1736130,2021-03-24T20:00:14,2021-03-24,2021,Unknown,1,11.05,Blue,oe:team:5a5f8cc0161f43afe3461b293535517,AGO ROGUE,oe:team:73f3cc4e54620b1454530648442e066,K1CK,oe:player:3e68fd564e4e518b8aed89b9a0bf855,Pyrka,sup,Leona,oe:player:84bd988294f5dd9ae9a499abf6524a0,Nautilus,sup:Leona,lineup-de5e31d683ce7975,1,2906.00000000,48.43333333,0,6,16,2.66666667,10059.00000000,5750.00000000,32,118.71988988,0.12325846,0.06487792,123,2.53957330,0.88888889,-1044.00000000,-736.00000000,-69.00000000,2,out_of_time,210.39526283,159.57139125,87.11578049,-1.05233945,2021-03-10
pg-179d0bbcdcc4b4c6,ESPORTSTMNT02/1736130,2021-03-24T20:00:14,2021-03-24,2021,Unknown,1,11.05,Blue,oe:team:5a5f8cc0161f43afe3461b293535517,AGO ROGUE,oe:team:73f3cc4e54620b1454530648442e066,K1CK,oe:player:a7b756e008bfcb7148cdb51f886c3fa,Sinmivak,top,Sion,oe:player:4841aa27ab85be0b9f45fed1d5e7b09,Gnar,top:Sion,lineup-de5e31d683ce7975,1,2906.00000000,48.43333333,1,4,9,2.50000000,13121.00000000,9652.00000000,235,199.28423950,0.16077884,0.10890464,50,1.03234687,0.55555556,-1462.00000000,-1524.00000000,-35.00000000,2,out_of_time,384.97629670,402.93923402,153.92006976,-1.20641874,2021-03-10
pg-e4caa91c3bce3386,ESPORTSTMNT02/1736130,2021-03-24T20:00:14,2021-03-24,2021,Unknown,1,11.05,Red,oe:team:73f3cc4e54620b1454530648442e066,K1CK,oe:team:5a5f8cc0161f43afe3461b293535517,AGO ROGUE,oe:player:b4a352b2b8782a2bb21bce1a2f47645,Puki Style,bot,Senna,oe:player:0482daf6543f102a27a265342292bb7,Kai'Sa,bot:Senna,lineup-199bafdd01ac68ac,0,2906.00000000,48.43333333,6,4,11,4.25000000,15542.00000000,30592.00000000,115,631.63110805,0.19604677,0.28982322,141,2.91121817,0.94444444,-1564.00000000,-891.00000000,-97.00000000,2,out_of_time,444.05330112,493.43258466,212.94951508,0.88085576,2021-03-10
pg-82f7777a4be95975,ESPORTSTMNT02/1736130,2021-03-24T20:00:14,2021-03-24,2021,Unknown,1,11.05,Red,oe:team:73f3cc4e54620b1454530648442e066,K1CK,oe:team:5a5f8cc0161f43afe3461b293535517,AGO ROGUE,oe:player:7471c21aed615dae3e49140eca8ce89,Bruness,jng,Lillia,oe:player:6fc5fe723eed4ba4c230292be365c66,Udyr,jng:Lillia,lineup-199bafdd01ac68ac,0,2906.00000000,48.43333333,4,3,12,5.33333333,16296.00000000,26844.00000000,335,554.24638679,0.20555773,0.25431533,55,1.13558156,0.88888889,-357.00000000,-102.00000000,-4.00000000,2,out_of_time,266.12820122,309.31067477,128.26358210,2.24629767,2021-03-10
pg-49d48b41c58f84e9,ESPORTSTMNT02/1736130,2021-03-24T20:00:14,2021-03-24,2021,Unknown,1,11.05,Red,oe:team:73f3cc4e54620b1454530648442e066,K1CK,oe:team:5a5f8cc0161f43afe3461b293535517,AGO ROGUE,oe:player:be4ce50af0cd0d8574aa3820c37d1ae,Matislaw,mid,Orianna,oe:player:2096ff50c6496d70e4b39793390c9ce,Syndra,mid:Orianna,lineup-199bafdd01ac68ac,0,2906.00000000,48.43333333,5,2,8,6.50000000,18573.00000000,20839.00000000,401,430.26152787,0.23427980,0.19742501,54,1.11493462,0.72222222,-1237.00000000,-1306.00000000,-33.00000000,2,out_of_time,373.23561303,439.88043941,156.95799774,0.36331959,2021-03-10
pg-7f7c730039e0eb34,ESPORTSTMNT02/1736130,2021-03-24T20:00:14,2021-03-24,2021,Unknown,1,11.05,Red,oe:team:73f3cc4e54620b1454530648442e066,K1CK,oe:team:5a5f8cc0161f43afe3461b293535517,AGO ROGUE,oe:player:84bd988294f5dd9ae9a499abf6524a0,Raxxo,sup,Nautilus,oe:player:3e68fd564e4e518b8aed89b9a0bf855,Leona,sup:Nautilus,lineup-199bafdd01ac68ac,0,2906.00000000,48.43333333,1,6,12,2.16666667,12078.00000000,8602.00000000,174,177.60495526,0.15235188,0.08149383,57,1.17687543,0.72222222,1044.00000000,736.00000000,69.00000000,2,out_of_time,125.61519862,159.57139125,87.11578049,0.59678920,2021-03-10
pg-a4c97bc1ccbe51f7,ESPORTSTMNT02/1736130,2021-03-24T20:00:14,2021-03-24,2021,Unknown,1,11.05,Red,oe:team:73f3cc4e54620b1454530648442e066,K1CK,oe:team:5a5f8cc0161f43afe3461b293535517,AGO ROGUE,oe:player:4841aa27ab85be0b9f45fed1d5e7b09,Kackos,top,Gnar,oe:player:a7b756e008bfcb7148cdb51f886c3fa,Sion,top:Gnar,lineup-199bafdd01ac68ac,0,2906.00000000,48.43333333,2,3,10,4.00000000,16788.00000000,18677.00000000,342,385.62284928,0.21176382,0.17694261,41,0.84652443,0.66666667,1462.00000000,1524.00000000,35.00000000,2,out_of_time,352.59025388,402.93923402,153.92006976,0.21460876,2021-03-10
pg-538ee1379dbc9219,ESPORTSTMNT02_1925452,2021-06-08T14:40:59,2021-06-08,2021,Split 2,0,11.11,Blue,oe:team:f27741afb3044c971eeced9d0c2daa1,devils.one,oe:team:d2628b4f33cdc631c1fc42be5d2b771,PDW,oe:player:ec5db04dc2b131ab53b1e3c0bae0524,Biosun,bot,Ezreal,oe:player:7705566e63eedc7bd6c4c72d43c9104,Varus,bot:Ezreal,lineup-e781b67ee7f6b9eb,0,1790.00000000,29.83333333,0,3,1,0.33333333,9966.00000000,9465.00000000,255,317.26256983,0.22338279,0.25736894,22,0.73743017,0.33333333,-465.00000000,-33.00000000,-13.00000000,2,out_of_time,508.12072917,493.43258466,212.94951508,-0.89626013,2021-03-10
pg-828317f14bf29f6a,ESPORTSTMNT02_1925452,2021-06-08T14:40:59,2021-06-08,2021,Split 2,0,11.11,Blue,oe:team:f27741afb3044c971eeced9d0c2daa1,devils.one,oe:team:d2628b4f33cdc631c1fc42be5d2b771,PDW,oe:player:2d1fca25321f6983dc3e1da11039a80,Diagu,jng,Xin Zhao,oe:player:7471c21aed615dae3e49140eca8ce89,Rumble,jng:Xin Zhao,lineup-e781b67ee7f6b9eb,0,1790.00000000,29.83333333,2,6,1,0.50000000,8445.00000000,6047.00000000,158,202.69273743,0.18929036,0.16442789,36,1.20670391,1.00000000,-39.00000000,-280.00000000,-11.00000000,2,out_of_time,365.03915213,309.31067477,128.26358210,-1.26572494,2021-03-10
pg-fc6da6790c89e640,ESPORTSTMNT02_1925452,2021-06-08T14:40:59,2021-06-08,2021,Split 2,0,11.11,Blue,oe:team:f27741afb3044c971eeced9d0c2daa1,devils.one,oe:team:d2628b4f33cdc631c1fc42be5d2b771,PDW,oe:player:efde1a9fe9e6f1059c3fce2ec296fae,many,mid,Orianna,oe:player:73ac73edf51a3acdfa494e271c6ee29,Jayce,mid:Orianna,lineup-e781b67ee7f6b9eb,0,1790.00000000,29.83333333,0,2,2,1.00000000,10658.00000000,10759.00000000,292,360.63687151,0.23889362,0.29255493,23,0.77094972,0.66666667,-354.00000000,-88.00000000,-10.00000000,2,out_of_time,456.07875424,439.88043941,156.95799774,-0.60807276,2021-03-10
pg-fbde051a7ec58e7c,ESPORTSTMNT02_1925452,2021-06-08T14:40:59,2021-06-08,2021,Split 2,0,11.11,Blue,oe:team:f27741afb3044c971eeced9d0c2daa1,devils.one,oe:team:d2628b4f33cdc631c1fc42be5d2b771,PDW,oe:player:945f30b38a435b37c2e70d893cb6a72,YuNIshinoya,sup,Braum,oe:player:1f111e88abd984a347713f070de73e3,Leona,sup:Braum,lineup-e781b67ee7f6b9eb,0,1790.00000000,29.83333333,1,2,0,0.50000000,5978.00000000,3479.00000000,40,116.61452514,0.13399381,0.09459974,65,2.17877095,0.33333333,306.00000000,58.00000000,2.00000000,2,out_of_time,224.62464577,159.57139125,87.11578049,-1.23984564,2021-03-10
pg-94a4ed5c05040ac6,ESPORTSTMNT02_1925452,2021-06-08T14:40:59,2021-06-08,2021,Split 2,0,11.11,Blue,oe:team:f27741afb3044c971eeced9d0c2daa1,devils.one,oe:team:d2628b4f33cdc631c1fc42be5d2b771,PDW,oe:player:e93fad90f312c1f10c64b60e5ba17c7,sheru,top,Renekton,oe:player:cb5feb1b7314637725a2e73bdc9f729,Gwen,top:Renekton,lineup-e781b67ee7f6b9eb,0,1790.00000000,29.83333333,0,1,2,2.00000000,9567.00000000,7026.00000000,233,235.50837989,0.21443941,0.19104851,28,0.93854749,0.66666667,190.00000000,374.00000000,7.00000000,2,out_of_time,387.75279439,402.93923402,153.92006976,-0.98911347,2021-03-10
pg-ea0291e5c250c851,ESPORTSTMNT02_1925452,2021-06-08T14:40:59,2021-06-08,2021,Split 2,0,11.11,Red,oe:team:d2628b4f33cdc631c1fc42be5d2b771,PDW,oe:team:f27741afb3044c971eeced9d0c2daa1,devils.one,oe:player:7705566e63eedc7bd6c4c72d43c9104,odi11,bot,Varus,oe:player:ec5db04dc2b131ab53b1e3c0bae0524,Ezreal,bot:Varus,lineup-449ab01c69a3adca,1,1790.00000000,29.83333333,1,0,5,6.00000000,12004.00000000,14269.00000000,292,478.29050279,0.20724065,0.19592201,34,1.13966480,0.42857143,465.00000000,33.00000000,13.00000000,2,out_of_time,481.83999326,493.43258466,212.94951508,-0.01666823,2021-03-10
pg-662ab462bba0acf9,ESPORTSTMNT02_1925452,2021-06-08T14:40:59,2021-06-08,2021,Split 2,0,11.11,Red,oe:team:d2628b4f33cdc631c1fc42be5d2b771,PDW,oe:team:f27741afb3044c971eeced9d0c2daa1,devils.one,oe:player:7471c21aed615dae3e49140eca8ce89,Bruness,jng,Rumble,oe:player:2d1fca25321f6983dc3e1da11039a80,Xin Zhao,jng:Rumble,lineup-449ab01c69a3adca,1,1790.00000000,29.83333333,2,0,6,8.00000000,11404.00000000,8527.00000000,208,285.82122905,0.19688207,0.11708087,48,1.60893855,0.57142857,39.00000000,280.00000000,11.00000000,2,out_of_time,348.74521754,309.31067477,128.26358210,-0.49058343,2021-03-10
pg-ff6671a0f44e638d,ESPORTSTMNT02_1925452,2021-06-08T14:40:59,2021-06-08,2021,Split 2,0,11.11,Red,oe:team:d2628b4f33cdc631c1fc42be5d2b771,PDW,oe:team:f27741afb3044c971eeced9d0c2daa1,devils.one,oe:player:73ac73edf51a3acdfa494e271c6ee29,Czajek,mid,Jayce,oe:player:efde1a9fe9e6f1059c3fce2ec296fae,Orianna,mid:Jayce,lineup-449ab01c69a3adca,1,1790.00000000,29.83333333,8,0,3,11.00000000,15094.00000000,24445.00000000,317,819.38547486,0.26058733,0.33564465,38,1.27374302,0.78571429,354.00000000,88.00000000,10.00000000,2,out_of_time,472.16753860,439.88043941,156.95799774,2.21217103,2021-03-10
pg-e3259712e68c41d5,ESPORTSTMNT02_1925452,2021-06-08T14:40:59,2021-06-08,2021,Split 2,0,11.11,Red,oe:team:d2628b4f33cdc631c1fc42be5d2b771,PDW,oe:team:f27741afb3044c971eeced9d0c2daa1,devils.one,oe:player:1f111e88abd984a347713f070de73e3,kubYD,sup,Leona,oe:player:945f30b38a435b37c2e70d893cb6a72,Braum,sup:Leona,lineup-449ab01c69a3adca,1,1790.00000000,29.83333333,0,1,4,4.00000000,7017.00000000,2426.00000000,33,81.31843575,0.12114359,0.03331045,68,2.27932961,0.28571429,-306.00000000,-58.00000000,-2.00000000,2,out_of_time,212.87036949,159.57139125,87.11578049,-1.51008156,2021-03-10
pg-f47227e8762051c2,ESPORTSTMNT02_1925452,2021-06-08T14:40:59,2021-06-08,2021,Split 2,0,11.11,Red,oe:team:d2628b4f33cdc631c1fc42be5d2b771,PDW,oe:team:f27741afb3044c971eeced9d0c2daa1,devils.one,oe:player:cb5feb1b7314637725a2e73bdc9f729,Color,top,Gwen,oe:player:e93fad90f312c1f10c64b60e5ba17c7,Renekton,top:Gwen,lineup-449ab01c69a3adca,1,1790.00000000,29.83333333,3,2,6,4.50000000,12404.00000000,23163.00000000,256,776.41340782,0.21414637,0.31804202,28,0.93854749,0.64285714,-190.00000000,-374.00000000,-7.00000000,2,out_of_time,423.67567738,402.93923402,153.92006976,2.29169420,2021-03-10
pg-657683da6f447985,ESPORTSTMNT02_1925492,2021-06-08T15:47:59,2021-06-08,2021,Split 2,0,11.11,Blue,oe:team:5628f250931675f9c0d20aad46cc117,Komil & Friends,oe:team:3a1d5821b38ab1ddec52f944973d1bd,Gentlemen's Gaming,oe:player:fc64481e9be7c98479a123b5ece6f9c,defles,bot,Tristana,oe:player:50cce5a33514ebe62201a0a45314eca,Kai'Sa,bot:Tristana,lineup-8cc7eac25b4975bb,1,1984.00000000,33.06666667,13,2,1,7.00000000,17999.00000000,22851.00000000,322,691.05846774,0.30869893,0.35943374,65,1.96572581,0.82352941,134.00000000,912.00000000,12.00000000,2,out_of_time,487.94471429,493.43258466,212.94951508,0.95381177,2021-03-10
pg-42c2c9d1c18ed76b,ESPORTSTMNT02_1925492,2021-06-08T15:47:59,2021-06-08,2021,Split 2,0,11.11,Blue,oe:team:5628f250931675f9c0d20aad46cc117,Komil & Friends,oe:team:3a1d5821b38ab1ddec52f944973d1bd,Gentlemen's Gaming,oe:player:8a1c30199bac9efaa2161b14565595c,KonDziSan,jng,Morgana,oe:player:4a9683365dbc0dd4b92d296fb2a1042,Rumble,jng:Morgana,lineup-8cc7eac25b4975bb,1,1984.00000000,33.06666667,1,2,11,6.00000000,10324.00000000,8231.00000000,183,248.92137097,0.17706583,0.12946913,39,1.17943548,0.70588235,-340.00000000,-412.00000000,-1.00000000,2,out_of_time,337.63611089,309.31067477,128.26358210,-0.69165962,2021-03-10
pg-7dd8962b2382a53b,ESPORTSTMNT02_1925492,2021-06-08T15:47:59,2021-06-08,2021,Split 2,0,11.11,Blue,oe:team:5628f250931675f9c0d20aad46cc117,Komil & Friends,oe:team:3a1d5821b38ab1ddec52f944973d1bd,Gentlemen's Gaming,oe:player:56b90211cf581dd16f58da4eb71317f,Wojux,mid,Orianna,oe:player:d76cb4dd926111e0b5a4c101f1218a1,LeBlanc,mid:Orianna,lineup-8cc7eac25b4975bb,1,1984.00000000,33.06666667,2,0,12,14.00000000,13123.00000000,20858.00000000,291,630.78629032,0.22507118,0.32808494,28,0.84677419,0.82352941,611.00000000,-275.00000000,4.00000000,2,out_of_time,421.64224839,439.88043941,156.95799774,1.33248414,2021-03-10
pg-27172aad248af260,ESPORTSTMNT02_1925492,2021-06-08T15:47:59,2021-06-08,2021,Split 2,0,11.11,Blue,oe:team:5628f250931675f9c0d20aad46cc117,Komil & Friends,oe:team:3a1d5821b38ab1ddec52f944973d1bd,Gentlemen's Gaming,oe:player:1f892f04e94e144dadcc8be197d4f5b,minemaciek,sup,Leona,oe:player:dc0ab0700ebab412ecfc2e808b86e0f,Thresh,sup:Leona,lineup-8cc7eac25b4975bb,1,1984.00000000,33.06666667,1,4,9,2.50000000,7578.00000000,4182.00000000,41,126.47177419,0.12996947,0.06578057,96,2.90322581,0.58823529,-195.00000000,56.00000000,3.00000000,2,out_of_time,174.90832034,159.57139125,87.11578049,-0.55600198,2021-03-10
pg-fc2c320e7889f804,ESPORTSTMNT02_1925492,2021-06-08T15:47:59,2021-06-08,2021,Split 2,0,11.11,Blue,oe:team:5628f250931675f9c0d20aad46cc117,Komil & Friends,oe:team:3a1d5821b38ab1ddec52f944973d1bd,Gentlemen's Gaming,oe:player:8e00e6377e8725af3b2bc927d6710e4,Grzybek,top,Sion,oe:player:8486d94ef23b38c67c76b647613d881,Gangplank,top:Sion,lineup-8cc7eac25b4975bb,1,1984.00000000,33.06666667,0,1,7,7.00000000,9282.00000000,7453.00000000,179,225.39314516,0.15919459,0.11723162,41,1.23991935,0.41176471,-2797.00000000,-125.00000000,-46.00000000,2,out_of_time,412.07951476,402.93923402,153.92006976,-1.21287867,2021-03-10
pg-81463c7fc453f8cf,ESPORTSTMNT02_1925492,2021-06-08T15:47:59,2021-06-08,2021,Split 2,0,11.11,Red,oe:team:3a1d5821b38ab1ddec52f944973d1bd,Gentlemen's Gaming,oe:team:5628f250931675f9c0d20aad46cc117,Komil & Friends,oe:player:50cce5a33514ebe62201a0a45314eca,Yashiro,bot,Kai'Sa,oe:player:fc64481e9be7c98479a123b5ece6f9c,Tristana,bot:Kai'Sa,lineup-37c21d8a11ab8022,0,1984.00000000,33.06666667,2,3,6,2.66666667,12710.00000000,13784.00000000,297,416.85483871,0.23168909,0.21785308,41,1.23991935,0.88888889,-134.00000000,-912.00000000,-12.00000000,2,out_of_time,562.45457549,493.43258466,212.94951508,-0.68372890,2021-03-10
pg-7f88d46deb7b763c,ESPORTSTMNT02_1925492,2021-06-08T15:47:59,2021-06-08,2021,Split 2,0,11.11,Red,oe:team:3a1d5821b38ab1ddec52f944973d1bd,Gentlemen's Gaming,oe:team:5628f250931675f9c0d20aad46cc117,Komil & Friends,oe:player:4a9683365dbc0dd4b92d296fb2a1042,Aprobata,jng,Rumble,oe:player:8a1c30199bac9efaa2161b14565595c,Morgana,jng:Rumble,lineup-37c21d8a11ab8022,0,1984.00000000,33.06666667,1,3,7,2.66666667,10287.00000000,12280.00000000,198,371.37096774,0.18752051,0.19408269,34,1.02822581,0.88888889,340.00000000,412.00000000,1.00000000,2,out_of_time,351.57044431,309.31067477,128.26358210,0.15437370,2021-03-10
pg-1aa0efa285a95540,ESPORTSTMNT02_1925492,2021-06-08T15:47:59,2021-06-08,2021,Split 2,0,11.11,Red,oe:team:3a1d5821b38ab1ddec52f944973d1bd,Gentlemen's Gaming,oe:team:5628f250931675f9c0d20aad46cc117,Komil & Friends,oe:player:d76cb4dd926111e0b5a4c101f1218a1,bucu,mid,LeBlanc,oe:player:56b90211cf581dd16f58da4eb71317f,Orianna,mid:LeBlanc,lineup-37c21d8a11ab8022,0,1984.00000000,33.06666667,2,3,3,1.66666667,10833.00000000,13018.00000000,255,393.68951613,0.19747348,0.20574662,49,1.48185484,0.55555556,-611.00000000,275.00000000,-4.00000000,2,out_of_time,490.40442048,439.88043941,156.95799774,-0.61618335,2021-03-10
pg-adf296b73fde976c,ESPORTSTMNT02_1925492,2021-06-08T15:47:59,2021-06-08,2021,Split 2,0,11.11,Red,oe:team:3a1d5821b38ab1ddec52f944973d1bd,Gentlemen's Gaming,oe:team:5628f250931675f9c0d20aad46cc117,Komil & Friends,oe:player:dc0ab0700ebab412ecfc2e808b86e0f,Crow,sup,Thresh,oe:player:1f892f04e94e144dadcc8be197d4f5b,Leona,sup:Thresh,lineup-37c21d8a11ab8022,0,1984.00000000,33.06666667,0,4,7,1.75000000,6581.00000000,3408.00000000,30,103.06451613,0.11996427,0.05386269,79,2.38911290,0.77777778,195.00000000,-56.00000000,-3.00000000,2,out_of_time,209.32842327,159.57139125,87.11578049,-1.21980090,2021-03-10
pg-1c6f2a8a0f0a1739,ESPORTSTMNT02_1925492,2021-06-08T15:47:59,2021-06-08,2021,Split 2,0,11.11,Red,oe:team:3a1d5821b38ab1ddec52f944973d1bd,Gentlemen's Gaming,oe:team:5628f250931675f9c0d20aad46cc117,Komil & Friends,oe:player:8486d94ef23b38c67c76b647613d881,bobista,top,Gangplank,oe:player:8e00e6377e8725af3b2bc927d6710e4,Sion,top:Gangplank,lineup-37c21d8a11ab8022,0,1984.00000000,33.06666667,4,4,4,2.00000000,14447.00000000,20782.00000000,273,628.48790323,0.26335266,0.32845492,29,0.87701613,0.88888889,2797.00000000,125.00000000,46.00000000,2,out_of_time,489.07947749,402.93923402,153.92006976,0.90571961,2021-03-10
pg-6ae14dad6d68154e,ESPORTSTMNT02_1935266,2021-06-08T16:30:17,2021-06-08,2021,Split 2,0,11.11,Blue,oe:team:6cedba5819b5b7c465cb3bb48bfe855,Illuminar Gaming,oe:team:1158ec5b08f516ca81868bc48293989,Team ESCA Gaming,oe:player:694ee794a9d3a8c3fbd658becb89769,Zamulek,bot,Kai'Sa,oe:player:3d022fcafe5af9f52df92b17c015fe6,Ezreal,bot:Kai'Sa,lineup-3c3e1664e86dfbcc,0,2378.00000000,39.63333333,3,2,3,3.00000000,16975.00000000,20681.00000000,388,521.80824222,0.25042044,0.37745939,76,1.91757780,0.75000000,518.00000000,-318.00000000,-4.00000000,2,out_of_time,523.55522224,493.43258466,212.94951508,-0.00820373,2021-03-10
pg-ed2e0942a957b658,ESPORTSTMNT02_1935266,2021-06-08T16:30:17,2021-06-08,2021,Split 2,0,11.11,Blue,oe:team:6cedba5819b5b7c465cb3bb48bfe855,Illuminar Gaming,oe:team:1158ec5b08f516ca81868bc48293989,Team ESCA Gaming,oe:player:243afb63fb97e1791ffee0cec41ecdf,Krysia,jng,Udyr,oe:player:4c56aef4b6fee236568a5769a8328aa,Rek'Sai,jng:Udyr,lineup-3c3e1664e86dfbcc,0,2378.00000000,39.63333333,0,2,5,2.50000000,12737.00000000,3310.00000000,249,83.51555929,0.18790016,0.06041248,68,1.71572750,0.62500000,690.00000000,852.00000000,13.00000000,2,out_of_time,294.98934609,309.31067477,128.26358210,-1.64874381,2021-03-10
pg-82fb0bc519264ac6,ESPORTSTMNT02_1935266,2021-06-08T16:30:17,2021-06-08,2021,Split 2,0,11.11,Blue,oe:team:6cedba5819b5b7c465cb3bb48bfe855,Illuminar Gaming,oe:team:1158ec5b08f516ca81868bc48293989,Team ESCA Gaming,oe:player:7e33124e33721ef8f70d2dd843b57da,ESCIK,mid,Orianna,oe:player:eec9551ee8ca36e4892be7901f79ec2,Viktor,mid:Orianna,lineup-3c3e1664e86dfbcc,0,2378.00000000,39.63333333,4,1,3,7.00000000,15343.00000000,17956.00000000,367,453.05298570,0.22634467,0.32772404,50,1.26156434,0.87500000,496.00000000,416.00000000,20.00000000,2,out_of_time,489.63022155,439.88043941,156.95799774,-0.23303837,2021-03-10
pg-9d64bd069339d547,ESPORTSTMNT02_1935266,2021-06-08T16:30:17,2021-06-08,2021,Split 2,0,11.11,Blue,oe:team:6cedba5819b5b7c465cb3bb48bfe855,Illuminar Gaming,oe:team:1158ec5b08f516ca81868bc48293989,Team ESCA Gaming,oe:player:e0357bd3e9e044c623fbc77cc985cd7,xCharm,sup,Nautilus,oe:player:e1ddc411cd92f26392b707a48e5c700,Braum,sup:Nautilus,lineup-3c3e1664e86dfbcc,0,2378.00000000,39.63333333,0,1,7,7.00000000,8695.00000000,2738.00000000,34,69.08326325,0.12827132,0.04997262,122,3.07821699,0.87500000,394.00000000,-107.00000000,-3.00000000,2,out_of_time,217.66474740,159.57139125,87.11578049,-1.70556337,2021-03-10
pg-91f639bcf972ca4d,ESPORTSTMNT02_1935266,2021-06-08T16:30:17,2021-06-08,2021,Split 2,0,11.11,Blue,oe:team:6cedba5819b5b7c465cb3bb48bfe855,Illuminar Gaming,oe:team:1158ec5b08f516ca81868bc48293989,Team ESCA Gaming,oe:player:298b3a3324ca8d42c20518481cab844,LEQINHO6,top,Renekton,oe:player:455527eab48df51aaf02979e65dd651,Wukong,top:Renekton,lineup-3c3e1664e86dfbcc,0,2378.00000000,39.63333333,1,4,3,1.00000000,14036.00000000,10105.00000000,294,254.96215307,0.20706341,0.18443147,35,0.88309504,0.50000000,772.00000000,-17.00000000,20.00000000,2,out_of_time,409.40267074,402.93923402,153.92006976,-1.00338129,2021-03-10
pg-e024b3348638db41,ESPORTSTMNT02_1935266,2021-06-08T16:30:17,2021-06-08,2021,Split 2,0,11.11,Red,oe:team:1158ec5b08f516ca81868bc48293989,Team ESCA Gaming,oe:team:6cedba5819b5b7c465cb3bb48bfe855,Illuminar Gaming,oe:player:3d022fcafe5af9f52df92b17c015fe6,HARPOON,bot,Ezreal,oe:player:694ee794a9d3a8c3fbd658becb89769,Kai'Sa,bot:Ezreal,lineup-6f5844aa4e991672,1,2378.00000000,39.63333333,4,1,4,8.00000000,16097.00000000,21905.00000000,358,552.69133726,0.23568772,0.28967588,26,0.65601346,0.80000000,-518.00000000,318.00000000,4.00000000,2,out_of_time,414.08848561,493.43258466,212.94951508,0.65087188,2021-03-10
pg-116f0fe45602ce86,ESPORTSTMNT02_1935266,2021-06-08T16:30:17,2021-06-08,2021,Split 2,0,11.11,Red,oe:team:1158ec5b08f516ca81868bc48293989,Team ESCA Gaming,oe:team:6cedba5819b5b7c465cb3bb48bfe855,Illuminar Gaming,oe:player:4c56aef4b6fee236568a5769a8328aa,Xeonerr,jng,Rek'Sai,oe:player:243afb63fb97e1791ffee0cec41ecdf,Udyr,jng:Rek'Sai,lineup-6f5844aa4e991672,1,2378.00000000,39.63333333,1,2,3,2.00000000,12231.00000000,7747.00000000,177,195.46677881,0.17908284,0.10244780,69,1.74095879,0.40000000,-690.00000000,-852.00000000,-13.00000000,2,out_of_time,237.38346950,309.31067477,128.26358210,-0.32680119,2021-03-10
pg-5f3f10ec3ec93ebb,ESPORTSTMNT02_1935266,2021-06-08T16:30:17,2021-06-08,2021,Split 2,0,11.11,Red,oe:team:1158ec5b08f516ca81868bc48293989,Team ESCA Gaming,oe:team:6cedba5819b5b7c465cb3bb48bfe855,Illuminar Gaming,oe:player:eec9551ee8ca36e4892be7901f79ec2,Dawidsonek,mid,Viktor,oe:player:7e33124e33721ef8f70d2dd843b57da,Orianna,mid:Viktor,lineup-6f5844aa4e991672,1,2378.00000000,39.63333333,3,0,4,7.00000000,17256.00000000,28642.00000000,422,722.67451640,0.25265747,0.37876724,52,1.31202691,0.70000000,-496.00000000,-416.00000000,-20.00000000,2,out_of_time,415.86045543,439.88043941,156.95799774,1.95475264,2021-03-10
pg-26d1733110478b7b,ESPORTSTMNT02_1935266,2021-06-08T16:30:17,2021-06-08,2021,Split 2,0,11.11,Red,oe:team:1158ec5b08f516ca81868bc48293989,Team ESCA Gaming,oe:team:6cedba5819b5b7c465cb3bb48bfe855,Illuminar Gaming,oe:player:e1ddc411cd92f26392b707a48e5c700,marlon,sup,Braum,oe:player:e0357bd3e9e044c623fbc77cc985cd7,Nautilus,sup:Braum,lineup-6f5844aa4e991672,1,2378.00000000,39.63333333,0,2,8,4.00000000,8450.00000000,2672.00000000,34,67.41799832,0.12372251,0.03533503,95,2.39697225,0.80000000,-394.00000000,107.00000000,3.00000000,2,out_of_time,136.60426145,159.57139125,87.11578049,-0.79418749,2021-03-10
pg-196188d9703cb5e0,ESPORTSTMNT02_1935266,2021-06-08T16:30:17,2021-06-08,2021,Split 2,0,11.11,Red,oe:team:1158ec5b08f516ca81868bc48293989,Team ESCA Gaming,oe:team:6cedba5819b5b7c465cb3bb48bfe855,Illuminar Gaming,oe:player:455527eab48df51aaf02979e65dd651,Jaqen,top,Wukong,oe:player:298b3a3324ca8d42c20518481cab844,Renekton,top:Wukong,lineup-6f5844aa4e991672,1,2378.00000000,39.63333333,2,3,5,2.33333333,14264.00000000,14653.00000000,288,369.71404542,0.20884945,0.19377405,37,0.93355761,0.70000000,-772.00000000,17.00000000,-20.00000000,2,out_of_time,319.99136512,402.93923402,153.92006976,0.32304222,2021-03-10
pg-ade0e06ee850edea,ESPORTSTMNT02_1925580,2021-06-08T17:39:25,2021-06-08,2021,Split 2,0,11.11,Blue,oe:team:5a5f8cc0161f43afe3461b293535517,AGO ROGUE,oe:team:73f3cc4e54620b1454530648442e066,K1CK,oe:player:0482daf6543f102a27a265342292bb7,Lucker,bot,Kai'Sa,oe:player:b4a352b2b8782a2bb21bce1a2f47645,Tristana,bot:Kai'Sa,lineup-de5e31d683ce7975,1,1945.00000000,32.41666667,8,0,5,13.00000000,16318.00000000,20595.00000000,341,635.32133676,0.26426767,0.36658953,36,1.11053985,0.86666667,734.00000000,316.00000000,15.00000000,2,out_of_time,539.56519576,493.43258466,212.94951508,0.44966593,2021-03-10
pg-dd676f9f1304a2c3,ESPORTSTMNT02_1925580,2021-06-08T17:39:25,2021-06-08,2021,Split 2,0,11.11,Blue,oe:team:5a5f8cc0161f43afe3461b293535517,AGO ROGUE,oe:team:73f3cc4e54620b1454530648442e066,K1CK,oe:player:6fc5fe723eed4ba4c230292be365c66,Lurox,jng,Nidalee,oe:player:752b048c76633399b04f6e87a8b211c,Xin Zhao,jng:Nidalee,lineup-de5e31d683ce7975,1,1945.00000000,32.41666667,1,0,12,13.00000000,12135.00000000,9328.00000000,248,287.75321337,0.19652458,0.16603774,55,1.69665810,0.86666667,143.00000000,317.00000000,8.00000000,2,out_of_time,376.41470045,309.31067477,128.26358210,-0.69124443,2021-03-10
pg-709292e26b3b3e34,ESPORTSTMNT02_1925580,2021-06-08T17:39:25,2021-06-08,2021,Split 2,0,11.11,Blue,oe:team:5a5f8cc0161f43afe3461b293535517,AGO ROGUE,oe:team:73f3cc4e54620b1454530648442e066,K1CK,oe:player:2096ff50c6496d70e4b39793390c9ce,Sencux,mid,Qiyana,oe:player:be4ce50af0cd0d8574aa3820c37d1ae,Seraphine,mid:Qiyana,lineup-de5e31d683ce7975,1,1945.00000000,32.41666667,3,1,7,10.00000000,12333.00000000,8598.00000000,258,265.23393316,0.19973117,0.15304379,46,1.41902314,0.66666667,435.00000000,273.00000000,5.00000000,2,out_of_time,412.07927354,439.88043941,156.95799774,-0.93557093,2021-03-10
pg-23ea5f906b0c7ed1,ESPORTSTMNT02_1925580,2021-06-08T17:39:25,2021-06-08,2021,Split 2,0,11.11,Blue,oe:team:5a5f8cc0161f43afe3461b293535517,AGO ROGUE,oe:team:73f3cc4e54620b1454530648442e066,K1CK,oe:player:3e68fd564e4e518b8aed89b9a0bf855,Pyrka,sup,Alistar,oe:player:84bd988294f5dd9ae9a499abf6524a0,Nautilus,sup:Alistar,lineup-de5e31d683ce7975,1,1945.00000000,32.41666667,0,1,11,11.00000000,7638.00000000,4137.00000000,34,127.61953728,0.12369631,0.07363831,84,2.59125964,0.73333333,148.00000000,406.00000000,3.00000000,2,out_of_time,181.81977378,159.57139125,87.11578049,-0.62216324,2021-03-10
pg-693376fb746289a4,ESPORTSTMNT02_1925580,2021-06-08T17:39:25,2021-06-08,2021,Split 2,0,11.11,Blue,oe:team:5a5f8cc0161f43afe3461b293535517,AGO ROGUE,oe:team:73f3cc4e54620b1454530648442e066,K1CK,oe:player:a7b756e008bfcb7148cdb51f886c3fa,Sinmivak,top,Renekton,oe:player:1f8b2df4c6ee43a1c1dc29817c0a201,Volibear,top:Renekton,lineup-de5e31d683ce7975,1,1945.00000000,32.41666667,3,1,9,12.00000000,13324.00000000,13522.00000000,274,417.13110540,0.21578027,0.24069064,33,1.01799486,0.80000000,453.00000000,-341.00000000,4.00000000,2,out_of_time,367.52439742,402.93923402,153.92006976,0.32228876,2021-03-10
pg-a36a9401d3ccd288,ESPORTSTMNT02_1925580,2021-06-08T17:39:25,2021-06-08,2021,Split 2,0,11.11,Red,oe:team:73f3cc4e54620b1454530648442e066,K1CK,oe:team:5a5f8cc0161f43afe3461b293535517,AGO ROGUE,oe:player:b4a352b2b8782a2bb21bce1a2f47645,Puki Style,bot,Tristana,oe:player:0482daf6543f102a27a265342292bb7,Kai'Sa,bot:Tristana,lineup-61a9b3fcfcd532f8,0,1945.00000000,32.41666667,1,3,2,1.00000000,11002.00000000,11711.00000000,267,361.26478149,0.23235480,0.22713784,55,1.69665810,1.00000000,-734.00000000,-316.00000000,-15.00000000,2,out_of_time,438.31584471,493.43258466,212.94951508,-0.36182784,2021-03-10
pg-c4d2a84d5f320ed8,ESPORTSTMNT02_1925580,2021-06-08T17:39:25,2021-06-08,2021,Split 2,0,11.11,Red,oe:team:73f3cc4e54620b1454530648442e066,K1CK,oe:team:5a5f8cc0161f43afe3461b293535517,AGO ROGUE,oe:player:752b048c76633399b04f6e87a8b211c,Stefan,jng,Xin Zhao,oe:player:6fc5fe723eed4ba4c230292be365c66,Nidalee,jng:Xin Zhao,lineup-61a9b3fcfcd532f8,0,1945.00000000,32.41666667,0,3,3,1.00000000,9224.00000000,11189.00000000,176,345.16195373,0.19480465,0.21701352,36,1.11053985,1.00000000,-143.00000000,-317.00000000,-8.00000000,2,out_of_time,265.42146281,309.31067477,128.26358210,0.62169237,2021-03-10
pg-826341e99680421e,ESPORTSTMNT02_1925580,2021-06-08T17:39:25,2021-06-08,2021,Split 2,0,11.11,Red,oe:team:73f3cc4e54620b1454530648442e066,K1CK,oe:team:5a5f8cc0161f43afe3461b293535517,AGO ROGUE,oe:player:be4ce50af0cd0d8574aa3820c37d1ae,Matislaw,mid,Seraphine,oe:player:2096ff50c6496d70e4b39793390c9ce,Qiyana,mid:Seraphine,lineup-61a9b3fcfcd532f8,0,1945.00000000,32.41666667,1,2,2,1.50000000,10628.00000000,13124.00000000,272,404.85347044,0.22445618,0.25454334,22,0.67866324,1.00000000,-435.00000000,-273.00000000,-5.00000000,2,out_of_time,349.12707265,439.88043941,156.95799774,0.35504019,2021-03-10
pg-45596d1f675847c5,ESPORTSTMNT02_1925580,2021-06-08T17:39:25,2021-06-08,2021,Split 2,0,11.11,Red,oe:team:73f3cc4e54620b1454530648442e066,K1CK,oe:team:5a5f8cc0161f43afe3461b293535517,AGO ROGUE,oe:player:84bd988294f5dd9ae9a499abf6524a0,Raxxo,sup,Nautilus,oe:player:3e68fd564e4e518b8aed89b9a0bf855,Alistar,sup:Nautilus,lineup-61a9b3fcfcd532f8,0,1945.00000000,32.41666667,0,4,3,0.75000000,6262.00000000,5007.00000000,39,154.45758355,0.13224921,0.09711205,90,2.77634961,1.00000000,-148.00000000,-406.00000000,-3.00000000,2,out_of_time,110.84284469,159.57139125,87.11578049,0.50065256,2021-03-10
pg-617d8e1541cd5956,ESPORTSTMNT02_1925580,2021-06-08T17:39:25,2021-06-08,2021,Split 2,0,11.11,Red,oe:team:73f3cc4e54620b1454530648442e066,K1CK,oe:team:5a5f8cc0161f43afe3461b293535517,AGO ROGUE,oe:player:1f8b2df4c6ee43a1c1dc29817c0a201,Sacre,top,Volibear,oe:player:a7b756e008bfcb7148cdb51f886c3fa,Renekton,top:Volibear,lineup-61a9b3fcfcd532f8,0,1945.00000000,32.41666667,1,3,2,1.00000000,10234.00000000,10528.00000000,222,324.77120823,0.21613516,0.20419325,36,1.11053985,1.00000000,-453.00000000,341.00000000,-4.00000000,2,out_of_time,329.62090368,402.93923402,153.92006976,-0.03150788,2021-03-10
pg-7cdd1cbac34c6f98,ESPORTSTMNT02_1926172,2021-06-09T14:35:05,2021-06-09,2021,Split 2,0,11.11,Blue,oe:team:f27741afb3044c971eeced9d0c2daa1,devils.one,oe:team:5a5f8cc0161f43afe3461b293535517,AGO ROGUE,oe:player:ec5db04dc2b131ab53b1e3c0bae0524,Biosun,bot,Tristana,oe:player:0482daf6543f102a27a265342292bb7,Kai'Sa,bot:Tristana,lineup-e781b67ee7f6b9eb,0,1667.00000000,27.78333333,2,5,1,0.60000000,8692.00000000,9174.00000000,204,330.19796041,0.20780835,0.19073558,18,0.64787043,0.37500000,-2777.00000000,-1606.00000000,-46.00000000,2,out_of_time,446.94078012,493.43258466,212.94951508,-0.54821829,2021-03-10
pg-0c89868476480940,ESPORTSTMNT02_1926172,2021-06-09T14:35:05,2021-06-09,2021,Split 2,0,11.11,Blue,oe:team:f27741afb3044c971eeced9d0c2daa1,devils.one,oe:team:5a5f8cc0161f43afe3461b293535517,AGO ROGUE,oe:player:2d1fca25321f6983dc3e1da11039a80,Diagu,jng,Udyr,oe:player:6fc5fe723eed4ba4c230292be365c66,Rumble,jng:Udyr,lineup-e781b67ee7f6b9eb,0,1667.00000000,27.78333333,1,3,4,1.66666667,8405.00000000,4792.00000000,161,172.47750450,0.20094676,0.09962992,39,1.40371926,0.62500000,-310.00000000,-388.00000000,-3.00000000,2,out_of_time,232.36759931,309.31067477,128.26358210,-0.46692985,2021-03-10
pg-d798957b94015cad,ESPORTSTMNT02_1926172,2021-06-09T14:35:05,2021-06-09,2021,Split 2,0,11.11,Blue,oe:team:f27741afb3044c971eeced9d0c2daa1,devils.one,oe:team:5a5f8cc0161f43afe3461b293535517,AGO ROGUE,oe:player:efde1a9fe9e6f1059c3fce2ec296fae,many,mid,Zoe,oe:player:2096ff50c6496d70e4b39793390c9ce,Yone,mid:Zoe,lineup-e781b67ee7f6b9eb,0,1667.00000000,27.78333333,1,3,0,0.33333333,8777.00000000,11410.00000000,230,410.67786443,0.20984053,0.23722400,16,0.57588482,0.12500000,-598.00000000,-590.00000000,-7.00000000,2,out_of_time,398.08110655,439.88043941,156.95799774,0.08025560,2021-03-10
pg-6a7d355e402512ac,ESPORTSTMNT02_1926172,2021-06-09T14:35:05,2021-06-09,2021,Split 2,0,11.11,Blue,oe:team:f27741afb3044c971eeced9d0c2daa1,devils.one,oe:team:5a5f8cc0161f43afe3461b293535517,AGO ROGUE,oe:player:945f30b38a435b37c2e70d893cb6a72,YuNIshinoya,sup,Karma,oe:player:3e68fd564e4e518b8aed89b9a0bf855,Nautilus,sup:Karma,lineup-e781b67ee7f6b9eb,0,1667.00000000,27.78333333,0,2,4,2.00000000,5621.00000000,6731.00000000,17,242.26754649,0.13438688,0.13994345,67,2.41151770,0.50000000,-553.00000000,98.00000000,-20.00000000,2,out_of_time,163.67146999,159.57139125,87.11578049,0.90220252,2021-03-10
pg-ad5c3abee82bfe14,ESPORTSTMNT02_1926172,2021-06-09T14:35:05,2021-06-09,2021,Split 2,0,11.11,Blue,oe:team:f27741afb3044c971eeced9d0c2daa1,devils.one,oe:team:5a5f8cc0161f43afe3461b293535517,AGO ROGUE,oe:player:e93fad90f312c1f10c64b60e5ba17c7,sheru,top,Lee Sin,oe:player:a7b756e008bfcb7148cdb51f886c3fa,Sett,top:Lee Sin,lineup-e781b67ee7f6b9eb,0,1667.00000000,27.78333333,4,5,1,1.00000000,10332.00000000,15991.00000000,225,575.56088782,0.24701748,0.33246705,30,1.07978404,0.62500000,687.00000000,168.00000000,24.00000000,2,out_of_time,348.10293667,402.93923402,153.92006976,1.47776668,2021-03-10
pg-9e2ead4a5c170047,ESPORTSTMNT02_1926172,2021-06-09T14:35:05,2021-06-09,2021,Split 2,0,11.11,Red,oe:team:5a5f8cc0161f43afe3461b293535517,AGO ROGUE,oe:team:f27741afb3044c971eeced9d0c2daa1,devils.one,oe:player:0482daf6543f102a27a265342292bb7,Lucker,bot,Kai'Sa,oe:player:ec5db04dc2b131ab53b1e3c0bae0524,Tristana,bot:Kai'Sa,lineup-de5e31d683ce7975,1,1667.00000000,27.78333333,9,0,7,16.00000000,15714.00000000,21218.00000000,271,763.69526095,0.28118458,0.36179174,41,1.47570486,0.88888889,2777.00000000,1606.00000000,46.00000000,2,out_of_time,565.28799041,493.43258466,212.94951508,0.93171037,2021-03-10
pg-2a5dcaef727266ef,ESPORTSTMNT02_1926172,2021-06-09T14:35:05,2021-06-09,2021,Split 2,0,11.11,Red,oe:team:5a5f8cc0161f43afe3461b293535517,AGO ROGUE,oe:team:f27741afb3044c971eeced9d0c2daa1,devils.one,oe:player:6fc5fe723eed4ba4c230292be365c66,Lurox,jng,Rumble,oe:player:2d1fca25321f6983dc3e1da11039a80,Udyr,jng:Rumble,lineup-de5e31d683ce7975,1,1667.00000000,27.78333333,1,4,7,2.00000000,9792.00000000,10763.00000000,168,387.39052190,0.17521696,0.18352175,38,1.36772645,0.44444444,310.00000000,388.00000000,3.00000000,2,out_of_time,359.98008743,309.31067477,128.26358210,0.21370395,2021-03-10
pg-b5e2c4b50d2ceb4c,ESPORTSTMNT02_1926172,2021-06-09T14:35:05,2021-06-09,2021,Split 2,0,11.11,Red,oe:team:5a5f8cc0161f43afe3461b293535517,AGO ROGUE,oe:team:f27741afb3044c971eeced9d0c2daa1,devils.one,oe:player:2096ff50c6496d70e4b39793390c9ce,Sencux,mid,Yone,oe:player:efde1a9fe9e6f1059c3fce2ec296fae,Zoe,mid:Yone,lineup-de5e31d683ce7975,1,1667.00000000,27.78333333,6,0,6,12.00000000,13190.00000000,11357.00000000,258,408.77024595,0.23602040,0.19365014,34,1.22375525,0.66666667,598.00000000,590.00000000,7.00000000,2,out_of_time,464.48959587,439.88043941,156.95799774,-0.35499529,2021-03-10
pg-c90859fc75299788,ESPORTSTMNT02_1926172,2021-06-09T14:35:05,2021-06-09,2021,Split 2,0,11.11,Red,oe:team:5a5f8cc0161f43afe3461b293535517,AGO ROGUE,oe:team:f27741afb3044c971eeced9d0c2daa1,devils.one,oe:player:3e68fd564e4e518b8aed89b9a0bf855,Pyrka,sup,Nautilus,oe:player:945f30b38a435b37c2e70d893cb6a72,Karma,sup:Nautilus,lineup-de5e31d683ce7975,1,1667.00000000,27.78333333,1,3,10,3.66666667,7471.00000000,6170.00000000,32,222.07558488,0.13368525,0.10520572,79,2.84343131,0.61111111,553.00000000,-98.00000000,20.00000000,2,out_of_time,238.66862736,159.57139125,87.11578049,-0.19047115,2021-03-10
pg-b99becfddcbb6c21,ESPORTSTMNT02_1926172,2021-06-09T14:35:05,2021-06-09,2021,Split 2,0,11.11,Red,oe:team:5a5f8cc0161f43afe3461b293535517,AGO ROGUE,oe:team:f27741afb3044c971eeced9d0c2daa1,devils.one,oe:player:a7b756e008bfcb7148cdb51f886c3fa,Sinmivak,top,Sett,oe:player:e93fad90f312c1f10c64b60e5ba17c7,Lee Sin,top:Sett,lineup-de5e31d683ce7975,1,1667.00000000,27.78333333,1,1,7,8.00000000,9718.00000000,9139.00000000,188,328.93821236,0.17389282,0.15583065,24,0.86382723,0.44444444,-687.00000000,-168.00000000,-24.00000000,2,out_of_time,422.63734639,402.93923402,153.92006976,-0.60875189,2021-03-10
pg-b1ea9d8ae86590e6,ESPORTSTMNT02_1935832,2021-06-09T15:25:42,2021-06-09,2021,Split 2,0,11.11,Blue,oe:team:73f3cc4e54620b1454530648442e066,K1CK,oe:team:3a1d5821b38ab1ddec52f944973d1bd,Gentlemen's Gaming,oe:player:b4a352b2b8782a2bb21bce1a2f47645,Puki Style,bot,Senna,oe:player:50cce5a33514ebe62201a0a45314eca,Kog'Maw,bot:Senna,lineup-61a9b3fcfcd532f8,0,1926.00000000,32.10000000,4,1,2,6.00000000,10046.00000000,19135.00000000,46,596.10591900,0.19659491,0.31459104,69,2.14953271,1.00000000,175.00000000,-22.00000000,-109.00000000,2,out_of_time,563.59776001,493.43258466,212.94951508,0.15265665,2021-03-10
pg-677c30deac9e519b,ESPORTSTMNT02_1935832,2021-06-09T15:25:42,2021-06-09,2021,Split 2,0,11.11,Blue,oe:team:73f3cc4e54620b1454530648442e066,K1CK,oe:team:3a1d5821b38ab1ddec52f944973d1bd,Gentlemen's Gaming,oe:player:752b048c76633399b04f6e87a8b211c,Stefan,jng,Udyr,oe:player:4a9683365dbc0dd4b92d296fb2a1042,Rumble,jng:Udyr,lineup-61a9b3fcfcd532f8,0,1926.00000000,32.10000000,1,3,3,1.33333333,9995.00000000,4052.00000000,194,126.23052960,0.19559687,0.06661734,43,1.33956386,0.66666667,-431.00000000,-222.00000000,-12.00000000,2,out_of_time,312.51158918,309.31067477,128.26358210,-1.45233009,2021-03-10
pg-8d37e165b1282eec,ESPORTSTMNT02_1935832,2021-06-09T15:25:42,2021-06-09,2021,Split 2,0,11.11,Blue,oe:team:73f3cc4e54620b1454530648442e066,K1CK,oe:team:3a1d5821b38ab1ddec52f944973d1bd,Gentlemen's Gaming,oe:player:be4ce50af0cd0d8574aa3820c37d1ae,Matislaw,mid,Viktor,oe:player:d76cb4dd926111e0b5a4c101f1218a1,Lucian,mid:Viktor,lineup-61a9b3fcfcd532f8,0,1926.00000000,32.10000000,0,2,0,0.00000000,10892.00000000,13412.00000000,281,417.81931464,0.21315068,0.22050144,15,0.46728972,0.00000000,-137.00000000,-54.00000000,0.00000000,2,out_of_time,506.36380557,439.88043941,156.95799774,-0.56412857,2021-03-10
pg-0ed32bf7d861361d,ESPORTSTMNT02_1935832,2021-06-09T15:25:42,2021-06-09,2021,Split 2,0,11.11,Blue,oe:team:73f3cc4e54620b1454530648442e066,K1CK,oe:team:3a1d5821b38ab1ddec52f944973d1bd,Gentlemen's Gaming,oe:player:84bd988294f5dd9ae9a499abf6524a0,Raxxo,sup,Tahm Kench,oe:player:dc0ab0700ebab412ecfc2e808b86e0f,Lulu,sup:Tahm Kench,lineup-61a9b3fcfcd532f8,0,1926.00000000,32.10000000,0,0,5,5.00000000,9280.00000000,1866.00000000,169,58.13084112,0.18160470,0.03067818,38,1.18380062,0.83333333,2078.00000000,890.00000000,95.00000000,2,out_of_time,239.96166272,159.57139125,87.11578049,-2.08723173,2021-03-10
pg-8114236db7eb6160,ESPORTSTMNT02_1935832,2021-06-09T15:25:42,2021-06-09,2021,Split 2,0,11.11,Blue,oe:team:73f3cc4e54620b1454530648442e066,K1CK,oe:team:3a1d5821b38ab1ddec52f944973d1bd,Gentlemen's Gaming,oe:player:1f8b2df4c6ee43a1c1dc29817c0a201,Sacre,top,Jayce,oe:player:8486d94ef23b38c67c76b647613d881,Wukong,top:Jayce,lineup-61a9b3fcfcd532f8,0,1926.00000000,32.10000000,1,6,2,0.50000000,10887.00000000,22360.00000000,277,696.57320872,0.21305284,0.36761200,45,1.40186916,0.50000000,-585.00000000,-401.00000000,23.00000000,2,out_of_time,446.17437956,402.93923402,153.92006976,1.62681078,2021-03-10
pg-02f66c3f263a938c,ESPORTSTMNT02_1935832,2021-06-09T15:25:42,2021-06-09,2021,Split 2,0,11.11,Red,oe:team:3a1d5821b38ab1ddec52f944973d1bd,Gentlemen's Gaming,oe:team:73f3cc4e54620b1454530648442e066,K1CK,oe:player:50cce5a33514ebe62201a0a45314eca,Yashiro,bot,Kog'Maw,oe:player:b4a352b2b8782a2bb21bce1a2f47645,Senna,bot:Kog'Maw,lineup-37c21d8a11ab8022,1,1926.00000000,32.10000000,3,2,2,2.50000000,13145.00000000,19373.00000000,275,603.52024922,0.22579703,0.32035785,46,1.43302181,0.41666667,-175.00000000,22.00000000,109.00000000,2,out_of_time,495.42715706,493.43258466,212.94951508,0.50759962,2021-03-10
pg-cef1cf2f3bec5796,ESPORTSTMNT02_1935832,2021-06-09T15:25:42,2021-06-09,2021,Split 2,0,11.11,Red,oe:team:3a1d5821b38ab1ddec52f944973d1bd,Gentlemen's Gaming,oe:team:73f3cc4e54620b1454530648442e066,K1CK,oe:player:4a9683365dbc0dd4b92d296fb2a1042,Aprobata,jng,Rumble,oe:player:752b048c76633399b04f6e87a8b211c,Udyr,jng:Rumble,lineup-37c21d8a11ab8022,1,1926.00000000,32.10000000,2,2,6,4.00000000,10817.00000000,14134.00000000,187,440.31152648,0.18580803,0.23372414,31,0.96573209,0.66666667,431.00000000,222.00000000,12.00000000,2,out_of_time,290.45203630,309.31067477,128.26358210,1.16837132,2021-03-10
pg-e00013c5985415e5,ESPORTSTMNT02_1935832,2021-06-09T15:25:42,2021-06-09,2021,Split 2,0,11.11,Red,oe:team:3a1d5821b38ab1ddec52f944973d1bd,Gentlemen's Gaming,oe:team:73f3cc4e54620b1454530648442e066,K1CK,oe:player:d76cb4dd926111e0b5a4c101f1218a1,bucu,mid,Lucian,oe:player:be4ce50af0cd0d8574aa3820c37d1ae,Viktor,mid:Lucian,lineup-37c21d8a11ab8022,1,1926.00000000,32.10000000,2,0,6,8.00000000,12990.00000000,11012.00000000,294,343.05295950,0.22313453,0.18209780,30,0.93457944,0.66666667,137.00000000,54.00000000,0.00000000,2,out_of_time,406.43749085,439.88043941,156.95799774,-0.40383117,2021-03-10
pg-1e15e6164cbfa139,ESPORTSTMNT02_1935832,2021-06-09T15:25:42,2021-06-09,2021,Split 2,0,11.11,Red,oe:team:3a1d5821b38ab1ddec52f944973d1bd,Gentlemen's Gaming,oe:team:73f3cc4e54620b1454530648442e066,K1CK,oe:player:dc0ab0700ebab412ecfc2e808b86e0f,Crow,sup,Lulu,oe:player:84bd988294f5dd9ae9a499abf6524a0,Tahm Kench,sup:Lulu,lineup-37c21d8a11ab8022,1,1926.00000000,32.10000000,0,0,9,9.00000000,7513.00000000,1494.00000000,33,46.54205607,0.12905387,0.02470524,70,2.18068536,0.75000000,-2078.00000000,-890.00000000,-95.00000000,2,out_of_time,182.57232770,159.57139125,87.11578049,-1.56148830,2021-03-10
pg-267a8d1d82095d5f,ESPORTSTMNT02_1935832,2021-06-09T15:25:42,2021-06-09,2021,Split 2,0,11.11,Red,oe:team:3a1d5821b38ab1ddec52f944973d1bd,Gentlemen's Gaming,oe:team:73f3cc4e54620b1454530648442e066,K1CK,oe:player:8486d94ef23b38c67c76b647613d881,bobista,top,Wukong,oe:player:1f8b2df4c6ee43a1c1dc29817c0a201,Jayce,top:Wukong,lineup-37c21d8a11ab8022,1,1926.00000000,32.10000000,5,2,2,3.50000000,13751.00000000,14460.00000000,223,450.46728972,0.23620654,0.23911498,42,1.30841121,0.58333333,585.00000000,401.00000000,-23.00000000,2,out_of_time,355.19566707,402.93923402,153.92006976,0.61896816,2021-03-10
pg-bd1f0224d32c1e4c,ESPORTSTMNT02_1926284,2021-06-09T16:40:40,2021-06-09,2021,Split 2,0,11.11,Blue,oe:team:5628f250931675f9c0d20aad46cc117,Komil & Friends,oe:team:1158ec5b08f516ca81868bc48293989,Team ESCA Gaming,oe:player:fc64481e9be7c98479a123b5ece6f9c,defles,bot,Varus,oe:player:3d022fcafe5af9f52df92b17c015fe6,Sivir,bot:Varus,lineup-8cc7eac25b4975bb,0,2249.00000000,37.48333333,1,3,3,1.33333333,14272.00000000,21299.00000000,368,568.22587817,0.24381161,0.42728750,43,1.14717652,0.80000000,561.00000000,713.00000000,30.00000000,2,out_of_time,485.56653487,493.43258466,212.94951508,0.38816404,2021-03-10
pg-8e532472350d8350,ESPORTSTMNT02_1926284,2021-06-09T16:40:40,2021-06-09,2021,Split 2,0,11.11,Blue,oe:team:5628f250931675f9c0d20aad46cc117,Komil & Friends,oe:team:1158ec5b08f516ca81868bc48293989,Team ESCA Gaming,oe:player:8a1c30199bac9efaa2161b14565595c,KonDziSan,jng,Rumble,oe:player:4c56aef4b6fee236568a5769a8328aa,Udyr,jng:Rumble,lineup-8cc7eac25b4975bb,0,2249.00000000,37.48333333,1,2,2,1.50000000,10413.00000000,5042.00000000,207,134.51311694,0.17788749,0.10114952,58,1.54735438,0.60000000,-1061.00000000,-1199.00000000,-22.00000000,2,out_of_time,315.79790706,309.31067477,128.26358210,-1.41337695,2021-03-10
pg-98bb9c83ab1d4822,ESPORTSTMNT02_1926284,2021-06-09T16:40:40,2021-06-09,2021,Split 2,0,11.11,Blue,oe:team:5628f250931675f9c0d20aad46cc117,Komil & Friends,oe:team:1158ec5b08f516ca81868bc48293989,Team ESCA Gaming,oe:player:56b90211cf581dd16f58da4eb71317f,Wojux,mid,Orianna,oe:player:eec9551ee8ca36e4892be7901f79ec2,Viktor,mid:Orianna,lineup-8cc7eac25b4975bb,0,2249.00000000,37.48333333,3,3,0,1.00000000,14490.00000000,15117.00000000,343,403.29924411,0.24753575,0.30326800,28,0.74699867,0.60000000,24.00000000,392.00000000,1.00000000,2,out_of_time,451.89916483,439.88043941,156.95799774,-0.30963647,2021-03-10
pg-0553c4b1afbae152,ESPORTSTMNT02_1926284,2021-06-09T16:40:40,2021-06-09,2021,Split 2,0,11.11,Blue,oe:team:5628f250931675f9c0d20aad46cc117,Komil & Friends,oe:team:1158ec5b08f516ca81868bc48293989,Team ESCA Gaming,oe:player:1f892f04e94e144dadcc8be197d4f5b,minemaciek,sup,Tahm Kench,oe:player:e1ddc411cd92f26392b707a48e5c700,Alistar,sup:Tahm Kench,lineup-8cc7eac25b4975bb,0,2249.00000000,37.48333333,0,4,4,1.00000000,7551.00000000,3017.00000000,45,80.48910627,0.12899534,0.06052521,113,3.01467319,0.80000000,560.00000000,229.00000000,14.00000000,2,out_of_time,185.19707650,159.57139125,87.11578049,-1.20194033,2021-03-10
pg-a025c6db756ba6d7,ESPORTSTMNT02_1926284,2021-06-09T16:40:40,2021-06-09,2021,Split 2,0,11.11,Blue,oe:team:5628f250931675f9c0d20aad46cc117,Komil & Friends,oe:team:1158ec5b08f516ca81868bc48293989,Team ESCA Gaming,oe:player:8e00e6377e8725af3b2bc927d6710e4,Grzybek,top,Urgot,oe:player:455527eab48df51aaf02979e65dd651,Olaf,top:Urgot,lineup-8cc7eac25b4975bb,0,2249.00000000,37.48333333,0,3,3,1.00000000,11811.00000000,5372.00000000,278,143.31702979,0.20176982,0.10776978,40,1.06714095,0.60000000,-1883.00000000,-602.00000000,-15.00000000,2,out_of_time,380.21349349,402.93923402,153.92006976,-1.53908755,2021-03-10
pg-8298cab15d61de80,ESPORTSTMNT02_1926284,2021-06-09T16:40:40,2021-06-09,2021,Split 2,0,11.11,Red,oe:team:1158ec5b08f516ca81868bc48293989,Team ESCA Gaming,oe:team:5628f250931675f9c0d20aad46cc117,Komil & Friends,oe:player:3d022fcafe5af9f52df92b17c015fe6,HARPOON,bot,Sivir,oe:player:fc64481e9be7c98479a123b5ece6f9c,Varus,bot:Sivir,lineup-6f5844aa4e991672,1,2249.00000000,37.48333333,2,0,8,10.00000000,16608.00000000,13532.00000000,422,361.01378390,0.23115466,0.24352145,48,1.28056914,0.66666667,-561.00000000,-713.00000000,-30.00000000,2,out_of_time,510.13804845,493.43258466,212.94951508,-0.70027990,2021-03-10
pg-618448b67cbe8366,ESPORTSTMNT02_1926284,2021-06-09T16:40:40,2021-06-09,2021,Split 2,0,11.11,Red,oe:team:1158ec5b08f516ca81868bc48293989,Team ESCA Gaming,oe:team:5628f250931675f9c0d20aad46cc117,Komil & Friends,oe:player:4c56aef4b6fee236568a5769a8328aa,Xeonerr,jng,Udyr,oe:player:8a1c30199bac9efaa2161b14565595c,Rumble,jng:Udyr,lineup-6f5844aa4e991672,1,2249.00000000,37.48333333,2,0,7,9.00000000,13467.00000000,3979.00000000,246,106.15384615,0.18743737,0.07160596,101,2.69453090,0.60000000,1061.00000000,1199.00000000,22.00000000,2,out_of_time,307.62128278,309.31067477,128.26358210,-1.57072985,2021-03-10
pg-e4f9ecaa329a1a37,ESPORTSTMNT02_1926284,2021-06-09T16:40:40,2021-06-09,2021,Split 2,0,11.11,Red,oe:team:1158ec5b08f516ca81868bc48293989,Team ESCA Gaming,oe:team:5628f250931675f9c0d20aad46cc117,Komil & Friends,oe:player:eec9551ee8ca36e4892be7901f79ec2,Dawidsonek,mid,Viktor,oe:player:56b90211cf581dd16f58da4eb71317f,Orianna,mid:Viktor,lineup-6f5844aa4e991672,1,2249.00000000,37.48333333,7,0,5,12.00000000,18026.00000000,25480.00000000,391,679.76878613,0.25089077,0.45853729,28,0.74699867,0.80000000,-24.00000000,-392.00000000,-1.00000000,2,out_of_time,518.99661827,439.88043941,156.95799774,1.02430058,2021-03-10
pg-a58fb629c59a3e59,ESPORTSTMNT02_1926284,2021-06-09T16:40:40,2021-06-09,2021,Split 2,0,11.11,Red,oe:team:1158ec5b08f516ca81868bc48293989,Team ESCA Gaming,oe:team:5628f250931675f9c0d20aad46cc117,Komil & Friends,oe:player:e1ddc411cd92f26392b707a48e5c700,marlon,sup,Alistar,oe:player:1f892f04e94e144dadcc8be197d4f5b,Tahm Kench,sup:Alistar,lineup-6f5844aa4e991672,1,2249.00000000,37.48333333,1,2,11,6.00000000,8310.00000000,3275.00000000,27,87.37216541,0.11566084,0.05893680,84,2.24099600,0.80000000,-560.00000000,-229.00000000,-14.00000000,2,out_of_time,199.61406281,159.57139125,87.11578049,-1.28842211,2021-03-10
pg-1a7019347adf36cf,ESPORTSTMNT02_1926284,2021-06-09T16:40:40,2021-06-09,2021,Split 2,0,11.11,Red,oe:team:1158ec5b08f516ca81868bc48293989,Team ESCA Gaming,oe:team:5628f250931675f9c0d20aad46cc117,Komil & Friends,oe:player:455527eab48df51aaf02979e65dd651,Jaqen,top,Olaf,oe:player:8e00e6377e8725af3b2bc927d6710e4,Urgot,top:Olaf,lineup-6f5844aa4e991672,1,2249.00000000,37.48333333,3,3,7,3.33333333,15437.00000000,9302.00000000,304,248.16362828,0.21485636,0.16739850,34,0.90706981,0.66666667,1883.00000000,602.00000000,15.00000000,2,out_of_time,422.57257747,402.93923402,153.92006976,-1.13311376,2021-03-10
pg-588d5ac04e4f0dce,ESPORTSTMNT02_1926331,2021-06-09T17:49:33,2021-06-09,2021,Split 2,0,11.11,Blue,oe:team:d2628b4f33cdc631c1fc42be5d2b771,PDW,oe:team:6cedba5819b5b7c465cb3bb48bfe855,Illuminar Gaming,oe:player:7705566e63eedc7bd6c4c72d43c9104,odi11,bot,Kai'Sa,oe:player:694ee794a9d3a8c3fbd658becb89769,Ezreal,bot:Kai'Sa,lineup-449ab01c69a3adca,0,2075.00000000,34.58333333,1,2,2,1.50000000,13191.00000000,10896.00000000,321,315.06506024,0.22661055,0.19436665,35,1.01204819,0.30000000,188.00000000,89.00000000,4.00000000,2,out_of_time,450.65864180,493.43258466,212.94951508,-0.63674050,2021-03-10
pg-7fa715ef774a4fb9,ESPORTSTMNT02_1926331,2021-06-09T17:49:33,2021-06-09,2021,Split 2,0,11.11,Blue,oe:team:d2628b4f33cdc631c1fc42be5d2b771,PDW,oe:team:6cedba5819b5b7c465cb3bb48bfe855,Illuminar Gaming,oe:player:7471c21aed615dae3e49140eca8ce89,Bruness,jng,Volibear,oe:player:243afb63fb97e1791ffee0cec41ecdf,Diana,jng:Volibear,lineup-449ab01c69a3adca,0,2075.00000000,34.58333333,2,2,5,3.50000000,10243.00000000,9071.00000000,180,262.29397590,0.17596633,0.16181166,32,0.92530120,0.70000000,77.00000000,-447.00000000,-16.00000000,2,out_of_time,279.35652708,309.31067477,128.26358210,-0.13302725,2021-03-10
pg-61e0a99f5265a720,ESPORTSTMNT02_1926331,2021-06-09T17:49:33,2021-06-09,2021,Split 2,0,11.11,Blue,oe:team:d2628b4f33cdc631c1fc42be5d2b771,PDW,oe:team:6cedba5819b5b7c465cb3bb48bfe855,Illuminar Gaming,oe:player:73ac73edf51a3acdfa494e271c6ee29,Czajek,mid,Tristana,oe:player:7e33124e33721ef8f70d2dd843b57da,Orianna,mid:Tristana,lineup-449ab01c69a3adca,0,2075.00000000,34.58333333,6,3,1,2.33333333,14479.00000000,15906.00000000,309,459.93253012,0.24873733,0.28373678,73,2.11084337,0.70000000,1604.00000000,471.00000000,4.00000000,2,out_of_time,401.84284782,439.88043941,156.95799774,0.37009699,2021-03-10
pg-2698efeaf6034b52,ESPORTSTMNT02_1926331,2021-06-09T17:49:33,2021-06-09,2021,Split 2,0,11.11,Blue,oe:team:d2628b4f33cdc631c1fc42be5d2b771,PDW,oe:team:6cedba5819b5b7c465cb3bb48bfe855,Illuminar Gaming,oe:player:1f111e88abd984a347713f070de73e3,kubYD,sup,Nautilus,oe:player:e0357bd3e9e044c623fbc77cc985cd7,Braum,sup:Nautilus,lineup-449ab01c69a3adca,0,2075.00000000,34.58333333,0,5,5,1.00000000,7448.00000000,3625.00000000,35,104.81927711,0.12795052,0.06466401,91,2.63132530,0.50000000,1012.00000000,452.00000000,6.00000000,2,out_of_time,144.76816696,159.57139125,87.11578049,-0.45857237,2021-03-10
pg-911b1e323320c914,ESPORTSTMNT02_1926331,2021-06-09T17:49:33,2021-06-09,2021,Split 2,0,11.11,Blue,oe:team:d2628b4f33cdc631c1fc42be5d2b771,PDW,oe:team:6cedba5819b5b7c465cb3bb48bfe855,Illuminar Gaming,oe:player:cb5feb1b7314637725a2e73bdc9f729,Color,top,Mordekaiser,oe:player:298b3a3324ca8d42c20518481cab844,Renekton,top:Mordekaiser,lineup-449ab01c69a3adca,0,2075.00000000,34.58333333,1,4,2,0.75000000,12849.00000000,16561.00000000,317,478.87228916,0.22073527,0.29542090,34,0.98313253,0.30000000,682.00000000,1038.00000000,14.00000000,2,out_of_time,362.13141942,402.93923402,153.92006976,0.75845125,2021-03-10
pg-33259c7f11dce304,ESPORTSTMNT02_1926331,2021-06-09T17:49:33,2021-06-09,2021,Split 2,0,11.11,Red,oe:team:6cedba5819b5b7c465cb3bb48bfe855,Illuminar Gaming,oe:team:d2628b4f33cdc631c1fc42be5d2b771,PDW,oe:player:694ee794a9d3a8c3fbd658becb89769,Zamulek,bot,Ezreal,oe:player:7705566e63eedc7bd6c4c72d43c9104,Kai'Sa,bot:Ezreal,lineup-3c3e1664e86dfbcc,1,2075.00000000,34.58333333,9,0,6,15.00000000,18157.00000000,34971.00000000,350,1011.20963855,0.28833908,0.51318512,39,1.12771084,0.93750000,-188.00000000,-89.00000000,-4.00000000,2,out_of_time,500.34400602,493.43258466,212.94951508,2.39899881,2021-03-10
pg-4a0969459cc756e2,ESPORTSTMNT02_1926331,2021-06-09T17:49:33,2021-06-09,2021,Split 2,0,11.11,Red,oe:team:6cedba5819b5b7c465cb3bb48bfe855,Illuminar Gaming,oe:team:d2628b4f33cdc631c1fc42be5d2b771,PDW,oe:player:243afb63fb97e1791ffee0cec41ecdf,Krysia,jng,Diana,oe:player:7471c21aed615dae3e49140eca8ce89,Volibear,jng:Diana,lineup-3c3e1664e86dfbcc,1,2075.00000000,34.58333333,2,4,8,2.50000000,10638.00000000,9407.00000000,184,272.00963855,0.16893491,0.13804388,37,1.06987952,0.62500000,-77.00000000,447.00000000,16.00000000,2,out_of_time,322.86107106,309.31067477,128.26358210,-0.39646041,2021-03-10
pg-3df50b9b5ef62d3a,ESPORTSTMNT02_1926331,2021-06-09T17:49:33,2021-06-09,2021,Split 2,0,11.11,Red,oe:team:6cedba5819b5b7c465cb3bb48bfe855,Illuminar Gaming,oe:team:d2628b4f33cdc631c1fc42be5d2b771,PDW,oe:player:7e33124e33721ef8f70d2dd843b57da,ESCIK,mid,Orianna,oe:player:73ac73edf51a3acdfa494e271c6ee29,Tristana,mid:Orianna,lineup-3c3e1664e86dfbcc,1,2075.00000000,34.58333333,0,4,11,2.75000000,12748.00000000,11343.00000000,297,327.99036145,0.20244239,0.16645389,29,0.83855422,0.68750000,-1604.00000000,-471.00000000,-4.00000000,2,out_of_time,472.68451608,439.88043941,156.95799774,-0.92186545,2021-03-10
pg-3343e85610759748,ESPORTSTMNT02_1926331,2021-06-09T17:49:33,2021-06-09,2021,Split 2,0,11.11,Red,oe:team:6cedba5819b5b7c465cb3bb48bfe855,Illuminar Gaming,oe:team:d2628b4f33cdc631c1fc42be5d2b771,PDW,oe:player:e0357bd3e9e044c623fbc77cc985cd7,xCharm,sup,Braum,oe:player:1f111e88abd984a347713f070de73e3,Nautilus,sup:Braum,lineup-3c3e1664e86dfbcc,1,2075.00000000,34.58333333,1,0,13,14.00000000,8149.00000000,3576.00000000,29,103.40240964,0.12940878,0.05247634,83,2.40000000,0.87500000,-1012.00000000,-452.00000000,-6.00000000,2,out_of_time,222.85978187,159.57139125,87.11578049,-1.37124837,2021-03-10
pg-1a929429f88b3b26,ESPORTSTMNT02_1926331,2021-06-09T17:49:33,2021-06-09,2021,Split 2,0,11.11,Red,oe:team:6cedba5819b5b7c465cb3bb48bfe855,Illuminar Gaming,oe:team:d2628b4f33cdc631c1fc42be5d2b771,PDW,oe:player:298b3a3324ca8d42c20518481cab844,LEQINHO6,top,Renekton,oe:player:cb5feb1b7314637725a2e73bdc9f729,Mordekaiser,top:Renekton,lineup-3c3e1664e86dfbcc,1,2075.00000000,34.58333333,4,2,7,5.50000000,13279.00000000,8848.00000000,266,255.84578313,0.21087485,0.12984078,26,0.75180723,0.68750000,-682.00000000,-1038.00000000,-14.00000000,2,out_of_time,372.68455913,402.93923402,153.92006976,-0.75908734,2021-03-10
pg-c3aa98405540ea12,ESPORTSTMNT03_1961452,2021-06-15T14:45:30,2021-06-15,2021,Split 2,0,11.12,Blue,oe:team:3a1d5821b38ab1ddec52f944973d1bd,Gentlemen's Gaming,oe:team:6cedba5819b5b7c465cb3bb48bfe855,Illuminar Gaming,oe:player:50cce5a33514ebe62201a0a45314eca,Yashiro,bot,Tristana,oe:player:694ee794a9d3a8c3fbd658becb89769,Ashe,bot:Tristana,lineup-18a4860f1407a610,1,1801.00000000,30.01666667,5,1,13,18.00000000,12236.00000000,13421.00000000,221,447.11826763,0.21566934,0.21896465,33,1.09938923,0.85714286,-593.00000000,223.00000000,-27.00000000,2,out_of_time,434.56692037,493.43258466,212.94951508,0.05894048,2021-03-10
pg-6c5b2d582ed96e77,ESPORTSTMNT03_1961452,2021-06-15T14:45:30,2021-06-15,2021,Split 2,0,11.12,Blue,oe:team:3a1d5821b38ab1ddec52f944973d1bd,Gentlemen's Gaming,oe:team:6cedba5819b5b7c465cb3bb48bfe855,Illuminar Gaming,oe:player:24807d9986c4fda13d994791032cde1,Ben3k,jng,Rumble,oe:player:243afb63fb97e1791ffee0cec41ecdf,Evelynn,jng:Rumble,lineup-18a4860f1407a610,1,1801.00000000,30.01666667,8,2,10,9.00000000,12952.00000000,16077.00000000,210,535.60244309,0.22828942,0.26229749,53,1.76568573,0.85714286,268.00000000,1040.00000000,29.00000000,2,out_of_time,267.20788775,309.31067477,128.26358210,2.09252347,2021-03-10
pg-55ed7bd96c6609d1,ESPORTSTMNT03_1961452,2021-06-15T14:45:30,2021-06-15,2021,Split 2,0,11.12,Blue,oe:team:3a1d5821b38ab1ddec52f944973d1bd,Gentlemen's Gaming,oe:team:6cedba5819b5b7c465cb3bb48bfe855,Illuminar Gaming,oe:player:d76cb4dd926111e0b5a4c101f1218a1,bucu,mid,Akali,oe:player:7e33124e33721ef8f70d2dd843b57da,Nocturne,mid:Akali,lineup-18a4860f1407a610,1,1801.00000000,30.01666667,6,0,7,13.00000000,12323.00000000,13635.00000000,243,454.24764020,0.21720278,0.22245607,51,1.69905608,0.61904762,773.00000000,-229.00000000,-1.00000000,2,out_of_time,364.20091726,439.88043941,156.95799774,0.57369949,2021-03-10
pg-10384c7383ad6eb8,ESPORTSTMNT03_1961452,2021-06-15T14:45:30,2021-06-15,2021,Split 2,0,11.12,Blue,oe:team:3a1d5821b38ab1ddec52f944973d1bd,Gentlemen's Gaming,oe:team:6cedba5819b5b7c465cb3bb48bfe855,Illuminar Gaming,oe:player:dc0ab0700ebab412ecfc2e808b86e0f,Crow,sup,Leona,oe:player:e0357bd3e9e044c623fbc77cc985cd7,Thresh,sup:Leona,lineup-18a4860f1407a610,1,1801.00000000,30.01666667,1,1,9,10.00000000,6909.00000000,2834.00000000,29,94.41421433,0.12177668,0.04623693,64,2.13214881,0.47619048,-363.00000000,-547.00000000,-3.00000000,2,out_of_time,122.85464527,159.57139125,87.11578049,-0.32646704,2021-03-10
pg-a61e255a52a0a6f1,ESPORTSTMNT03_1961452,2021-06-15T14:45:30,2021-06-15,2021,Split 2,0,11.12,Blue,oe:team:3a1d5821b38ab1ddec52f944973d1bd,Gentlemen's Gaming,oe:team:6cedba5819b5b7c465cb3bb48bfe855,Illuminar Gaming,oe:player:8486d94ef23b38c67c76b647613d881,bobista,top,Sett,oe:player:298b3a3324ca8d42c20518481cab844,Viego,top:Sett,lineup-18a4860f1407a610,1,1801.00000000,30.01666667,1,1,16,17.00000000,12315.00000000,15326.00000000,220,510.58300944,0.21706178,0.25004487,34,1.13270405,0.80952381,1521.00000000,1017.00000000,31.00000000,2,out_of_time,340.43937437,402.93923402,153.92006976,1.10540253,2021-03-10
pg-f39a21a47760fa33,ESPORTSTMNT03_1961452,2021-06-15T14:45:30,2021-06-15,2021,Split 2,0,11.12,Red,oe:team:6cedba5819b5b7c465cb3bb48bfe855,Illuminar Gaming,oe:team:3a1d5821b38ab1ddec52f944973d1bd,Gentlemen's Gaming,oe:player:694ee794a9d3a8c3fbd658becb89769,Zamulek,bot,Ashe,oe:player:50cce5a33514ebe62201a0a45314eca,Tristana,bot:Ashe,lineup-3c3e1664e86dfbcc,0,1801.00000000,30.01666667,1,3,2,1.00000000,11307.00000000,11378.00000000,271,379.05607996,0.24848365,0.28062646,41,1.36590783,0.60000000,593.00000000,-223.00000000,27.00000000,2,out_of_time,513.58077932,493.43258466,212.94951508,-0.63172109,2021-03-10
pg-ba4e328a3ab42082,ESPORTSTMNT03_1961452,2021-06-15T14:45:30,2021-06-15,2021,Split 2,0,11.12,Red,oe:team:6cedba5819b5b7c465cb3bb48bfe855,Illuminar Gaming,oe:team:3a1d5821b38ab1ddec52f944973d1bd,Gentlemen's Gaming,oe:player:243afb63fb97e1791ffee0cec41ecdf,Krysia,jng,Evelynn,oe:player:24807d9986c4fda13d994791032cde1,Rumble,jng:Evelynn,lineup-3c3e1664e86dfbcc,0,1801.00000000,30.01666667,3,6,2,0.83333333,9058.00000000,9995.00000000,136,332.98167685,0.19905942,0.24651622,27,0.89950028,1.00000000,-268.00000000,-1040.00000000,-29.00000000,2,out_of_time,368.11830246,309.31067477,128.26358210,-0.27394078,2021-03-10
pg-73416000f054882e,ESPORTSTMNT03_1961452,2021-06-15T14:45:30,2021-06-15,2021,Split 2,0,11.12,Red,oe:team:6cedba5819b5b7c465cb3bb48bfe855,Illuminar Gaming,oe:team:3a1d5821b38ab1ddec52f944973d1bd,Gentlemen's Gaming,oe:player:7e33124e33721ef8f70d2dd843b57da,ESCIK,mid,Nocturne,oe:player:d76cb4dd926111e0b5a4c101f1218a1,Akali,mid:Nocturne,lineup-3c3e1664e86dfbcc,0,1801.00000000,30.01666667,1,4,3,1.00000000,9928.00000000,11798.00000000,229,393.04830650,0.21817862,0.29098532,32,1.06607440,0.80000000,-773.00000000,229.00000000,1.00000000,2,out_of_time,460.19926977,439.88043941,156.95799774,-0.42782760,2021-03-10
pg-487ad8842a9f4c9a,ESPORTSTMNT03_1961452,2021-06-15T14:45:30,2021-06-15,2021,Split 2,0,11.12,Red,oe:team:6cedba5819b5b7c465cb3bb48bfe855,Illuminar Gaming,oe:team:3a1d5821b38ab1ddec52f944973d1bd,Gentlemen's Gaming,oe:player:e0357bd3e9e044c623fbc77cc985cd7,xCharm,sup,Thresh,oe:player:dc0ab0700ebab412ecfc2e808b86e0f,Leona,sup:Thresh,lineup-3c3e1664e86dfbcc,0,1801.00000000,30.01666667,0,4,3,0.75000000,6037.00000000,1874.00000000,31,62.43198223,0.13266966,0.04622025,74,2.46529706,0.60000000,363.00000000,547.00000000,3.00000000,2,out_of_time,195.97699222,159.57139125,87.11578049,-1.53296004,2021-03-10
pg-f4f72bd49ef6acbd,ESPORTSTMNT03_1961452,2021-06-15T14:45:30,2021-06-15,2021,Split 2,0,11.12,Red,oe:team:6cedba5819b5b7c465cb3bb48bfe855,Illuminar Gaming,oe:team:3a1d5821b38ab1ddec52f944973d1bd,Gentlemen's Gaming,oe:player:298b3a3324ca8d42c20518481cab844,LEQINHO6,top,Viego,oe:player:8486d94ef23b38c67c76b647613d881,Sett,top:Viego,lineup-3c3e1664e86dfbcc,0,1801.00000000,30.01666667,0,4,3,0.75000000,9174.00000000,5500.00000000,212,183.23153803,0.20160865,0.13565174,21,0.69961133,0.60000000,-1521.00000000,-1017.00000000,-31.00000000,2,out_of_time,419.58906240,402.93923402,153.92006976,-1.53558613,2021-03-10
pg-0f4577a9be631219,ESPORTSTMNT03_1961491,2021-06-15T15:36:54,2021-06-15,2021,Split 2,0,11.12,Blue,oe:team:5a5f8cc0161f43afe3461b293535517,AGO ROGUE,oe:team:d2628b4f33cdc631c1fc42be5d2b771,PDW,oe:player:0482daf6543f102a27a265342292bb7,Lucker,bot,Caitlyn,oe:player:7705566e63eedc7bd6c4c72d43c9104,Ziggs,bot:Caitlyn,lineup-de5e31d683ce7975,1,2555.00000000,42.58333333,5,2,6,5.50000000,21364.00000000,22427.00000000,480,526.66144814,0.27591729,0.28695541,37,0.86888454,0.55000000,592.00000000,-421.00000000,5.00000000,2,out_of_time,521.68109108,493.43258466,212.94951508,0.02338750,2021-03-10
pg-4af63a1de774064d,ESPORTSTMNT03_1961491,2021-06-15T15:36:54,2021-06-15,2021,Split 2,0,11.12,Blue,oe:team:5a5f8cc0161f43afe3461b293535517,AGO ROGUE,oe:team:d2628b4f33cdc631c1fc42be5d2b771,PDW,oe:player:6fc5fe723eed4ba4c230292be365c66,Lurox,jng,Rumble,oe:player:7471c21aed615dae3e49140eca8ce89,Xin Zhao,jng:Rumble,lineup-de5e31d683ce7975,1,2555.00000000,42.58333333,6,3,9,5.00000000,13999.00000000,19679.00000000,208,462.12915851,0.18079789,0.25179451,99,2.32485323,0.75000000,588.00000000,-251.00000000,-18.00000000,2,out_of_time,345.78869581,309.31067477,128.26358210,0.90704205,2021-03-10
pg-111d4b1db65bbafc,ESPORTSTMNT03_1961491,2021-06-15T15:36:54,2021-06-15,2021,Split 2,0,11.12,Blue,oe:team:5a5f8cc0161f43afe3461b293535517,AGO ROGUE,oe:team:d2628b4f33cdc631c1fc42be5d2b771,PDW,oe:player:2096ff50c6496d70e4b39793390c9ce,Sencux,mid,Sett,oe:player:73ac73edf51a3acdfa494e271c6ee29,Tristana,mid:Sett,lineup-de5e31d683ce7975,1,2555.00000000,42.58333333,6,2,10,8.00000000,17509.00000000,16892.00000000,313,396.68101761,0.22612974,0.21613460,42,0.98630137,0.80000000,-668.00000000,77.00000000,-9.00000000,2,out_of_time,456.73204432,439.88043941,156.95799774,-0.38259297,2021-03-10
pg-55127c1f3350e7c5,ESPORTSTMNT03_1961491,2021-06-15T15:36:54,2021-06-15,2021,Split 2,0,11.12,Blue,oe:team:5a5f8cc0161f43afe3461b293535517,AGO ROGUE,oe:team:d2628b4f33cdc631c1fc42be5d2b771,PDW,oe:player:3e68fd564e4e518b8aed89b9a0bf855,Pyrka,sup,Braum,oe:player:1f111e88abd984a347713f070de73e3,Nautilus,sup:Braum,lineup-de5e31d683ce7975,1,2555.00000000,42.58333333,0,2,16,8.00000000,9435.00000000,7447.00000000,32,174.88062622,0.12185357,0.09528501,115,2.70058708,0.80000000,194.00000000,1020.00000000,4.00000000,2,out_of_time,232.01780800,159.57139125,87.11578049,-0.65587637,2021-03-10
pg-a0115855fee08cc9,ESPORTSTMNT03_1961491,2021-06-15T15:36:54,2021-06-15,2021,Split 2,0,11.12,Blue,oe:team:5a5f8cc0161f43afe3461b293535517,AGO ROGUE,oe:team:d2628b4f33cdc631c1fc42be5d2b771,PDW,oe:player:a7b756e008bfcb7148cdb51f886c3fa,Sinmivak,top,Renekton,oe:player:cb5feb1b7314637725a2e73bdc9f729,Gwen,top:Renekton,lineup-de5e31d683ce7975,1,2555.00000000,42.58333333,3,2,6,4.50000000,15122.00000000,11710.00000000,293,274.99021526,0.19530150,0.14983047,61,1.43248532,0.45000000,529.00000000,-616.00000000,-24.00000000,2,out_of_time,386.87688613,402.93923402,153.92006976,-0.72691411,2021-03-10
pg-534c2dbf6e7d44cd,ESPORTSTMNT03_1961491,2021-06-15T15:36:54,2021-06-15,2021,Split 2,0,11.12,Red,oe:team:d2628b4f33cdc631c1fc42be5d2b771,PDW,oe:team:5a5f8cc0161f43afe3461b293535517,AGO ROGUE,oe:player:7705566e63eedc7bd6c4c72d43c9104,odi11,bot,Ziggs,oe:player:0482daf6543f102a27a265342292bb7,Caitlyn,bot:Ziggs,lineup-449ab01c69a3adca,0,2555.00000000,42.58333333,2,1,4,6.00000000,16881.00000000,27107.00000000,410,636.56360078,0.22845813,0.32371979,29,0.68101761,0.54545455,-592.00000000,421.00000000,-5.00000000,2,out_of_time,380.93745349,493.43258466,212.94951508,1.20040728,2021-03-10
pg-2b5bd075d671c47a,ESPORTSTMNT03_1961491,2021-06-15T15:36:54,2021-06-15,2021,Split 2,0,11.12,Red,oe:team:d2628b4f33cdc631c1fc42be5d2b771,PDW,oe:team:5a5f8cc0161f43afe3461b293535517,AGO ROGUE,oe:player:7471c21aed615dae3e49140eca8ce89,Bruness,jng,Xin Zhao,oe:player:6fc5fe723eed4ba4c230292be365c66,Rumble,jng:Xin Zhao,lineup-449ab01c69a3adca,0,2555.00000000,42.58333333,2,6,5,1.16666667,12729.00000000,10461.00000000,224,245.65949119,0.17226726,0.12492835,55,1.29158513,0.63636364,-588.00000000,251.00000000,18.00000000,2,out_of_time,271.32402049,309.31067477,128.26358210,-0.20009210,2021-03-10
pg-bb59f1fa1243fbc1,ESPORTSTMNT03_1961491,2021-06-15T15:36:54,2021-06-15,2021,Split 2,0,11.12,Red,oe:team:d2628b4f33cdc631c1fc42be5d2b771,PDW,oe:team:5a5f8cc0161f43afe3461b293535517,AGO ROGUE,oe:player:73ac73edf51a3acdfa494e271c6ee29,Czajek,mid,Tristana,oe:player:2096ff50c6496d70e4b39793390c9ce,Sett,mid:Tristana,lineup-449ab01c69a3adca,0,2555.00000000,42.58333333,3,4,5,2.00000000,18755.00000000,26593.00000000,418,624.49315068,0.25381982,0.31758145,60,1.40900196,0.72727273,668.00000000,-77.00000000,9.00000000,2,out_of_time,349.30980013,439.88043941,156.95799774,1.75322924,2021-03-10
pg-526308b0d3979ad6,ESPORTSTMNT03_1961491,2021-06-15T15:36:54,2021-06-15,2021,Split 2,0,11.12,Red,oe:team:d2628b4f33cdc631c1fc42be5d2b771,PDW,oe:team:5a5f8cc0161f43afe3461b293535517,AGO ROGUE,oe:player:1f111e88abd984a347713f070de73e3,kubYD,sup,Nautilus,oe:player:3e68fd564e4e518b8aed89b9a0bf855,Braum,sup:Nautilus,lineup-449ab01c69a3adca,0,2555.00000000,42.58333333,1,7,4,0.71428571,8876.00000000,2529.00000000,27,59.38943249,0.12012288,0.03020206,114,2.67710372,0.45454545,-194.00000000,-1020.00000000,-4.00000000,2,out_of_time,111.13674312,159.57139125,87.11578049,-0.59400616,2021-03-10
pg-8bef393963c476d5,ESPORTSTMNT03_1961491,2021-06-15T15:36:54,2021-06-15,2021,Split 2,0,11.12,Red,oe:team:d2628b4f33cdc631c1fc42be5d2b771,PDW,oe:team:5a5f8cc0161f43afe3461b293535517,AGO ROGUE,oe:player:cb5feb1b7314637725a2e73bdc9f729,Color,top,Gwen,oe:player:a7b756e008bfcb7148cdb51f886c3fa,Renekton,top:Gwen,lineup-449ab01c69a3adca,0,2555.00000000,42.58333333,3,2,4,3.50000000,16650.00000000,17046.00000000,347,400.29745597,0.22533191,0.20356836,50,1.17416830,0.63636364,-529.00000000,616.00000000,24.00000000,2,out_of_time,327.87993226,402.93923402,153.92006976,0.47048786,2021-03-10
pg-f419d32a3e19217d,ESPORTSTMNT03_1951505,2021-06-15T16:47:38,2021-06-15,2021,Split 2,0,11.12,Blue,oe:team:5628f250931675f9c0d20aad46cc117,Komil & Friends,oe:team:73f3cc4e54620b1454530648442e066,K1CK,oe:player:fc64481e9be7c98479a123b5ece6f9c,defles,bot,Varus,oe:player:b4a352b2b8782a2bb21bce1a2f47645,Kai'Sa,bot:Varus,lineup-8cc7eac25b4975bb,0,1913.00000000,31.88333333,2,1,1,3.00000000,12019.00000000,17234.00000000,291,540.53319394,0.25067262,0.47656444,49,1.53685311,1.00000000,74.00000000,446.00000000,19.00000000,2,out_of_time,450.79550716,493.43258466,212.94951508,0.42140357,2021-03-10
pg-7ee91ee1d205296e,ESPORTSTMNT03_1951505,2021-06-15T16:47:38,2021-06-15,2021,Split 2,0,11.12,Blue,oe:team:5628f250931675f9c0d20aad46cc117,Komil & Friends,oe:team:73f3cc4e54620b1454530648442e066,K1CK,oe:player:8a1c30199bac9efaa2161b14565595c,KonDziSan,jng,Udyr,oe:player:752b048c76633399b04f6e87a8b211c,Kindred,jng:Udyr,lineup-8cc7eac25b4975bb,0,1913.00000000,31.88333333,1,1,1,2.00000000,9265.00000000,1998.00000000,191,62.66596968,0.19323420,0.05524984,57,1.78776790,0.66666667,331.00000000,-255.00000000,4.00000000,2,out_of_time,236.30101062,309.31067477,128.26358210,-1.35373610,2021-03-10
pg-2aeb9b3f37a33b91,ESPORTSTMNT03_1951505,2021-06-15T16:47:38,2021-06-15,2021,Split 2,0,11.12,Blue,oe:team:5628f250931675f9c0d20aad46cc117,Komil & Friends,oe:team:73f3cc4e54620b1454530648442e066,K1CK,oe:player:56b90211cf581dd16f58da4eb71317f,Wojux,mid,Lucian,oe:player:be4ce50af0cd0d8574aa3820c37d1ae,Orianna,mid:Lucian,lineup-8cc7eac25b4975bb,0,1913.00000000,31.88333333,0,3,3,1.00000000,10974.00000000,9776.00000000,279,306.61787768,0.22887772,0.27033155,31,0.97229482,1.00000000,-225.00000000,-382.00000000,-15.00000000,2,out_of_time,414.50150504,439.88043941,156.95799774,-0.68734075,2021-03-10
pg-8e1c60d82c63cd6b,ESPORTSTMNT03_1951505,2021-06-15T16:47:38,2021-06-15,2021,Split 2,0,11.12,Blue,oe:team:5628f250931675f9c0d20aad46cc117,Komil & Friends,oe:team:73f3cc4e54620b1454530648442e066,K1CK,oe:player:1f892f04e94e144dadcc8be197d4f5b,minemaciek,sup,Leona,oe:player:84bd988294f5dd9ae9a499abf6524a0,Alistar,sup:Leona,lineup-8cc7eac25b4975bb,0,1913.00000000,31.88333333,0,4,2,0.50000000,6018.00000000,1646.00000000,33,51.62571877,0.12551359,0.04551614,73,2.28959749,0.66666667,173.00000000,102.00000000,2.00000000,2,out_of_time,147.71362072,159.57139125,87.11578049,-1.10299077,2021-03-10
pg-940477c99ee6d4ee,ESPORTSTMNT03_1951505,2021-06-15T16:47:38,2021-06-15,2021,Split 2,0,11.12,Blue,oe:team:5628f250931675f9c0d20aad46cc117,Komil & Friends,oe:team:73f3cc4e54620b1454530648442e066,K1CK,oe:player:8e00e6377e8725af3b2bc927d6710e4,Grzybek,top,Aatrox,oe:player:1f8b2df4c6ee43a1c1dc29817c0a201,Gnar,top:Aatrox,lineup-8cc7eac25b4975bb,0,1913.00000000,31.88333333,0,5,1,0.20000000,9671.00000000,5509.00000000,237,172.78619969,0.20170188,0.15233803,22,0.69001568,0.33333333,-1013.00000000,-387.00000000,-40.00000000,2,out_of_time,361.49209974,402.93923402,153.92006976,-1.22599931,2021-03-10
pg-fa0a29462f2bab71,ESPORTSTMNT03_1951505,2021-06-15T16:47:38,2021-06-15,2021,Split 2,0,11.12,Red,oe:team:73f3cc4e54620b1454530648442e066,K1CK,oe:team:5628f250931675f9c0d20aad46cc117,Komil & Friends,oe:player:b4a352b2b8782a2bb21bce1a2f47645,Puki Style,bot,Kai'Sa,oe:player:fc64481e9be7c98479a123b5ece6f9c,Varus,bot:Kai'Sa,lineup-61a9b3fcfcd532f8,1,1913.00000000,31.88333333,8,1,1,9.00000000,15304.00000000,10120.00000000,312,317.40721380,0.25079480,0.17132506,45,1.41139571,0.64285714,-74.00000000,-446.00000000,-19.00000000,2,out_of_time,578.10709249,493.43258466,212.94951508,-1.22423326,2021-03-10
pg-12535828b810b862,ESPORTSTMNT03_1951505,2021-06-15T16:47:38,2021-06-15,2021,Split 2,0,11.12,Red,oe:team:73f3cc4e54620b1454530648442e066,K1CK,oe:team:5628f250931675f9c0d20aad46cc117,Komil & Friends,oe:player:752b048c76633399b04f6e87a8b211c,Stefan,jng,Kindred,oe:player:8a1c30199bac9efaa2161b14565595c,Udyr,jng:Kindred,lineup-61a9b3fcfcd532f8,1,1913.00000000,31.88333333,3,1,4,7.00000000,12119.00000000,11621.00000000,233,364.48510193,0.19860050,0.19673602,51,1.59958181,0.50000000,-331.00000000,255.00000000,-4.00000000,2,out_of_time,393.20290184,309.31067477,128.26358210,-0.22389676,2021-03-10
pg-0d1795dcae9556d3,ESPORTSTMNT03_1951505,2021-06-15T16:47:38,2021-06-15,2021,Split 2,0,11.12,Red,oe:team:73f3cc4e54620b1454530648442e066,K1CK,oe:team:5628f250931675f9c0d20aad46cc117,Komil & Friends,oe:player:be4ce50af0cd0d8574aa3820c37d1ae,Matislaw,mid,Orianna,oe:player:56b90211cf581dd16f58da4eb71317f,Lucian,mid:Orianna,lineup-61a9b3fcfcd532f8,1,1913.00000000,31.88333333,1,0,11,12.00000000,12750.00000000,13885.00000000,316,435.49398850,0.20894104,0.23506408,38,1.19184527,0.85714286,225.00000000,382.00000000,15.00000000,2,out_of_time,515.68001589,439.88043941,156.95799774,-0.51087570,2021-03-10
pg-546e1cba7f214dbb,ESPORTSTMNT03_1951505,2021-06-15T16:47:38,2021-06-15,2021,Split 2,0,11.12,Red,oe:team:73f3cc4e54620b1454530648442e066,K1CK,oe:team:5628f250931675f9c0d20aad46cc117,Komil & Friends,oe:player:84bd988294f5dd9ae9a499abf6524a0,Raxxo,sup,Alistar,oe:player:1f892f04e94e144dadcc8be197d4f5b,Leona,sup:Alistar,lineup-61a9b3fcfcd532f8,1,1913.00000000,31.88333333,0,1,9,9.00000000,7215.00000000,2470.00000000,35,77.46994250,0.11823605,0.04181550,81,2.54051228,0.64285714,-173.00000000,-102.00000000,-2.00000000,2,out_of_time,232.49631236,159.57139125,87.11578049,-1.77954406,2021-03-10
pg-b435da3ed4b3b912,ESPORTSTMNT03_1951505,2021-06-15T16:47:38,2021-06-15,2021,Split 2,0,11.12,Red,oe:team:73f3cc4e54620b1454530648442e066,K1CK,oe:team:5628f250931675f9c0d20aad46cc117,Komil & Friends,oe:player:1f8b2df4c6ee43a1c1dc29817c0a201,Sacre,top,Gnar,oe:player:8e00e6377e8725af3b2bc927d6710e4,Aatrox,top:Gnar,lineup-61a9b3fcfcd532f8,1,1913.00000000,31.88333333,2,0,12,14.00000000,13634.00000000,20973.00000000,278,657.80449556,0.22342762,0.35505934,43,1.34866702,1.00000000,1013.00000000,387.00000000,40.00000000,2,out_of_time,474.28282605,402.93923402,153.92006976,1.19231800,2021-03-10
pg-745f676be267873f,ESPORTSTMNT03_1961573,2021-06-15T17:44:16,2021-06-15,2021,Split 2,0,11.12,Blue,oe:team:f27741afb3044c971eeced9d0c2daa1,devils.one,oe:team:1158ec5b08f516ca81868bc48293989,Team ESCA Gaming,oe:player:ec5db04dc2b131ab53b1e3c0bae0524,Biosun,bot,Ezreal,oe:player:3d022fcafe5af9f52df92b17c015fe6,Varus,bot:Ezreal,lineup-e781b67ee7f6b9eb,0,2826.00000000,47.10000000,8,1,4,12.00000000,21767.00000000,41654.00000000,432,884.37367304,0.27552467,0.37761540,52,1.10403397,0.85714286,788.00000000,936.00000000,-2.00000000,2,out_of_time,523.71867104,493.43258466,212.94951508,1.69361739,2021-03-10
pg-94942f518a1c746e,ESPORTSTMNT03_1961573,2021-06-15T17:44:16,2021-06-15,2021,Split 2,0,11.12,Blue,oe:team:f27741afb3044c971eeced9d0c2daa1,devils.one,oe:team:1158ec5b08f516ca81868bc48293989,Team ESCA Gaming,oe:player:2d1fca25321f6983dc3e1da11039a80,Diagu,jng,Rumble,oe:player:4c56aef4b6fee236568a5769a8328aa,Rek'Sai,jng:Rumble,lineup-e781b67ee7f6b9eb,0,2826.00000000,47.10000000,1,3,8,3.00000000,14616.00000000,22142.00000000,292,470.10615711,0.18500797,0.20072887,51,1.08280255,0.64285714,806.00000000,823.00000000,19.00000000,2,out_of_time,362.03899272,309.31067477,128.26358210,0.84253973,2021-03-10
pg-26cc21db3601502c,ESPORTSTMNT03_1961573,2021-06-15T17:44:16,2021-06-15,2021,Split 2,0,11.12,Blue,oe:team:f27741afb3044c971eeced9d0c2daa1,devils.one,oe:team:1158ec5b08f516ca81868bc48293989,Team ESCA Gaming,oe:player:efde1a9fe9e6f1059c3fce2ec296fae,many,mid,Yone,oe:player:eec9551ee8ca36e4892be7901f79ec2,Viktor,mid:Yone,lineup-e781b67ee7f6b9eb,0,2826.00000000,47.10000000,4,1,4,8.00000000,20872.00000000,29668.00000000,484,629.89384289,0.26419584,0.26895601,57,1.21019108,0.57142857,199.00000000,-125.00000000,-3.00000000,2,out_of_time,473.42054975,439.88043941,156.95799774,0.99691188,2021-03-10
pg-b8226096f3f53728,ESPORTSTMNT03_1961573,2021-06-15T17:44:16,2021-06-15,2021,Split 2,0,11.12,Blue,oe:team:f27741afb3044c971eeced9d0c2daa1,devils.one,oe:team:1158ec5b08f516ca81868bc48293989,Team ESCA Gaming,oe:player:945f30b38a435b37c2e70d893cb6a72,YuNIshinoya,sup,Leona,oe:player:e1ddc411cd92f26392b707a48e5c700,Alistar,sup:Leona,lineup-e781b67ee7f6b9eb,0,2826.00000000,47.10000000,0,5,9,1.80000000,9255.00000000,4573.00000000,48,97.09129512,0.11714893,0.04145665,160,3.39702760,0.64285714,123.00000000,-808.00000000,-4.00000000,2,out_of_time,209.41057864,159.57139125,87.11578049,-1.28931042,2021-03-10
pg-8401dc946ac1fbda,ESPORTSTMNT03_1961573,2021-06-15T17:44:16,2021-06-15,2021,Split 2,0,11.12,Blue,oe:team:f27741afb3044c971eeced9d0c2daa1,devils.one,oe:team:1158ec5b08f516ca81868bc48293989,Team ESCA Gaming,oe:player:e93fad90f312c1f10c64b60e5ba17c7,sheru,top,Karma,oe:player:455527eab48df51aaf02979e65dd651,Viego,top:Karma,lineup-e781b67ee7f6b9eb,0,2826.00000000,47.10000000,1,4,9,2.50000000,12492.00000000,12271.00000000,219,260.53078556,0.15812258,0.11124306,52,1.10403397,0.71428571,-821.00000000,-332.00000000,-38.00000000,2,out_of_time,418.06723508,402.93923402,153.92006976,-1.02349518,2021-03-10
pg-f4118386d57108f4,ESPORTSTMNT03_1961573,2021-06-15T17:44:16,2021-06-15,2021,Split 2,0,11.12,Red,oe:team:1158ec5b08f516ca81868bc48293989,Team ESCA Gaming,oe:team:f27741afb3044c971eeced9d0c2daa1,devils.one,oe:player:3d022fcafe5af9f52df92b17c015fe6,HARPOON,bot,Varus,oe:player:ec5db04dc2b131ab53b1e3c0bae0524,Ezreal,bot:Varus,lineup-6f5844aa4e991672,1,2826.00000000,47.10000000,5,2,5,5.00000000,20384.00000000,31232.00000000,422,663.09978769,0.24388610,0.30189263,48,1.01910828,0.71428571,-788.00000000,-936.00000000,2.00000000,2,out_of_time,452.88311142,493.43258466,212.94951508,0.98716673,2021-03-10
pg-280600d70c5b0cfe,ESPORTSTMNT03_1961573,2021-06-15T17:44:16,2021-06-15,2021,Split 2,0,11.12,Red,oe:team:1158ec5b08f516ca81868bc48293989,Team ESCA Gaming,oe:team:f27741afb3044c971eeced9d0c2daa1,devils.one,oe:player:4c56aef4b6fee236568a5769a8328aa,Xeonerr,jng,Rek'Sai,oe:player:2d1fca25321f6983dc3e1da11039a80,Rumble,jng:Rek'Sai,lineup-6f5844aa4e991672,1,2826.00000000,47.10000000,1,1,7,8.00000000,14160.00000000,10395.00000000,230,220.70063694,0.16941852,0.10047944,94,1.99575372,0.57142857,-806.00000000,-823.00000000,-19.00000000,2,out_of_time,331.11971694,309.31067477,128.26358210,-0.86087632,2021-03-10
pg-1d69173f29948501,ESPORTSTMNT03_1961573,2021-06-15T17:44:16,2021-06-15,2021,Split 2,0,11.12,Red,oe:team:1158ec5b08f516ca81868bc48293989,Team ESCA Gaming,oe:team:f27741afb3044c971eeced9d0c2daa1,devils.one,oe:player:eec9551ee8ca36e4892be7901f79ec2,Dawidsonek,mid,Viktor,oe:player:efde1a9fe9e6f1059c3fce2ec296fae,Yone,mid:Viktor,lineup-6f5844aa4e991672,1,2826.00000000,47.10000000,2,4,8,2.50000000,16900.00000000,39966.00000000,358,848.53503185,0.20220148,0.38631662,52,1.10403397,0.71428571,-199.00000000,125.00000000,3.00000000,2,out_of_time,456.74781228,439.88043941,156.95799774,2.49612779,2021-03-10
pg-5ba11f4f4708ee50,ESPORTSTMNT03_1961573,2021-06-15T17:44:16,2021-06-15,2021,Split 2,0,11.12,Red,oe:team:1158ec5b08f516ca81868bc48293989,Team ESCA Gaming,oe:team:f27741afb3044c971eeced9d0c2daa1,devils.one,oe:player:e1ddc411cd92f26392b707a48e5c700,marlon,sup,Alistar,oe:player:945f30b38a435b37c2e70d893cb6a72,Leona,sup:Alistar,lineup-6f5844aa4e991672,1,2826.00000000,47.10000000,1,5,10,2.20000000,10872.00000000,5209.00000000,40,110.59447983,0.13007897,0.05035088,117,2.48407643,0.78571429,-123.00000000,808.00000000,4.00000000,2,out_of_time,153.13323328,159.57139125,87.11578049,-0.48830135,2021-03-10
pg-059da3ad2a8148c2,ESPORTSTMNT03_1961573,2021-06-15T17:44:16,2021-06-15,2021,Split 2,0,11.12,Red,oe:team:1158ec5b08f516ca81868bc48293989,Team ESCA Gaming,oe:team:f27741afb3044c971eeced9d0c2daa1,devils.one,oe:player:455527eab48df51aaf02979e65dd651,Jaqen,top,Viego,oe:player:e93fad90f312c1f10c64b60e5ba17c7,Karma,top:Viego,lineup-6f5844aa4e991672,1,2826.00000000,47.10000000,5,2,3,4.00000000,21264.00000000,16652.00000000,422,353.54564756,0.25441493,0.16096043,33,0.70063694,0.57142857,821.00000000,332.00000000,38.00000000,2,out_of_time,401.51041806,402.93923402,153.92006976,-0.31162129,2021-03-10
pg-74eb05cae36fa0c7,ESPORTSTMNT03_1961957,2021-06-16T14:44:20,2021-06-16,2021,Split 2,0,11.12,Blue,oe:team:f27741afb3044c971eeced9d0c2daa1,devils.one,oe:team:5628f250931675f9c0d20aad46cc117,Komil & Friends,oe:player:ec5db04dc2b131ab53b1e3c0bae0524,Biosun,bot,Kog'Maw,oe:player:fc64481e9be7c98479a123b5ece6f9c,Aphelios,bot:Kog'Maw,lineup-e781b67ee7f6b9eb,0,1489.00000000,24.81666667,0,3,0,0.00000000,7689.00000000,7541.00000000,203,303.86836803,0.21353588,0.27379007,15,0.60443251,0.00000000,-1504.00000000,-113.00000000,-26.00000000,2,out_of_time,579.14857874,493.43258466,212.94951508,-1.29270175,2021-03-10
pg-839d30d5e20dc61b,ESPORTSTMNT03_1961957,2021-06-16T14:44:20,2021-06-16,2021,Split 2,0,11.12,Blue,oe:team:f27741afb3044c971eeced9d0c2daa1,devils.one,oe:team:5628f250931675f9c0d20aad46cc117,Komil & Friends,oe:player:2d1fca25321f6983dc3e1da11039a80,Diagu,jng,Volibear,oe:player:8a1c30199bac9efaa2161b14565595c,Xin Zhao,jng:Volibear,lineup-e781b67ee7f6b9eb,0,1489.00000000,24.81666667,0,3,1,0.33333333,6805.00000000,3409.00000000,144,137.36736064,0.18898578,0.12377010,29,1.16856951,1.00000000,63.00000000,87.00000000,15.00000000,2,out_of_time,400.55198100,309.31067477,128.26358210,-2.05190449,2021-03-10
pg-bcd5ad2407fda365,ESPORTSTMNT03_1961957,2021-06-16T14:44:20,2021-06-16,2021,Split 2,0,11.12,Blue,oe:team:f27741afb3044c971eeced9d0c2daa1,devils.one,oe:team:5628f250931675f9c0d20aad46cc117,Komil & Friends,oe:player:efde1a9fe9e6f1059c3fce2ec296fae,many,mid,Jayce,oe:player:56b90211cf581dd16f58da4eb71317f,Lulu,mid:Jayce,lineup-e781b67ee7f6b9eb,0,1489.00000000,24.81666667,1,2,0,0.50000000,9096.00000000,7526.00000000,224,303.26393553,0.25261053,0.27324547,27,1.08797851,1.00000000,274.00000000,111.00000000,13.00000000,2,out_of_time,510.75333388,439.88043941,156.95799774,-1.32194218,2021-03-10
pg-2b734e3da13d8a53,ESPORTSTMNT03_1961957,2021-06-16T14:44:20,2021-06-16,2021,Split 2,0,11.12,Blue,oe:team:f27741afb3044c971eeced9d0c2daa1,devils.one,oe:team:5628f250931675f9c0d20aad46cc117,Komil & Friends,oe:player:945f30b38a435b37c2e70d893cb6a72,YuNIshinoya,sup,Thresh,oe:player:1f892f04e94e144dadcc8be197d4f5b,Nautilus,sup:Thresh,lineup-e781b67ee7f6b9eb,0,1489.00000000,24.81666667,0,4,1,0.25000000,4861.00000000,1659.00000000,29,66.85023506,0.13499778,0.06023309,53,2.13566152,1.00000000,-649.00000000,-255.00000000,-9.00000000,2,out_of_time,262.27865849,159.57139125,87.11578049,-2.24331829,2021-03-10
pg-0c0c7511785839ab,ESPORTSTMNT03_1961957,2021-06-16T14:44:20,2021-06-16,2021,Split 2,0,11.12,Blue,oe:team:f27741afb3044c971eeced9d0c2daa1,devils.one,oe:team:5628f250931675f9c0d20aad46cc117,Komil & Friends,oe:player:e93fad90f312c1f10c64b60e5ba17c7,sheru,top,Gwen,oe:player:8e00e6377e8725af3b2bc927d6710e4,Sett,top:Gwen,lineup-e781b67ee7f6b9eb,0,1489.00000000,24.81666667,0,3,1,0.33333333,7557.00000000,7408.00000000,166,298.50906649,0.20987003,0.26896126,14,0.56413700,1.00000000,82.00000000,-80.00000000,-1.00000000,2,out_of_time,477.62165820,402.93923402,153.92006976,-1.16367276,2021-03-10
pg-a35e9d1f420afe6d,ESPORTSTMNT03_1961957,2021-06-16T14:44:20,2021-06-16,2021,Split 2,0,11.12,Red,oe:team:5628f250931675f9c0d20aad46cc117,Komil & Friends,oe:team:f27741afb3044c971eeced9d0c2daa1,devils.one,oe:player:fc64481e9be7c98479a123b5ece6f9c,defles,bot,Aphelios,oe:player:ec5db04dc2b131ab53b1e3c0bae0524,Kog'Maw,bot:Aphelios,lineup-8cc7eac25b4975bb,1,1489.00000000,24.81666667,6,0,8,14.00000000,13744.00000000,17059.00000000,287,687.40094023,0.28635720,0.42326874,42,1.69241101,0.93333333,1504.00000000,113.00000000,26.00000000,2,out_of_time,488.78067985,493.43258466,212.94951508,0.93271055,2021-03-10
pg-24ca3b8d0d7e3f79,ESPORTSTMNT03_1961957,2021-06-16T14:44:20,2021-06-16,2021,Split 2,0,11.12,Red,oe:team:5628f250931675f9c0d20aad46cc117,Komil & Friends,oe:team:f27741afb3044c971eeced9d0c2daa1,devils.one,oe:player:8a1c30199bac9efaa2161b14565595c,KonDziSan,jng,Xin Zhao,oe:player:2d1fca25321f6983dc3e1da11039a80,Volibear,jng:Xin Zhao,lineup-8cc7eac25b4975bb,1,1489.00000000,24.81666667,3,1,7,10.00000000,8625.00000000,4397.00000000,124,177.17931498,0.17970248,0.10909858,34,1.37004701,0.66666667,-63.00000000,-87.00000000,-15.00000000,2,out_of_time,312.51878405,309.31067477,128.26358210,-1.05516677,2021-03-10
pg-0d192997488eaec5,ESPORTSTMNT03_1961957,2021-06-16T14:44:20,2021-06-16,2021,Split 2,0,11.12,Red,oe:team:5628f250931675f9c0d20aad46cc117,Komil & Friends,oe:team:f27741afb3044c971eeced9d0c2daa1,devils.one,oe:player:56b90211cf581dd16f58da4eb71317f,Wojux,mid,Lulu,oe:player:efde1a9fe9e6f1059c3fce2ec296fae,Jayce,mid:Lulu,lineup-8cc7eac25b4975bb,1,1489.00000000,24.81666667,2,0,13,15.00000000,9535.00000000,7426.00000000,192,299.23438549,0.19866239,0.18425427,20,0.80591001,1.00000000,-274.00000000,-111.00000000,-13.00000000,2,out_of_time,415.37201920,439.88043941,156.95799774,-0.73992810,2021-03-10
pg-8892e353e82991c7,ESPORTSTMNT03_1961957,2021-06-16T14:44:20,2021-06-16,2021,Split 2,0,11.12,Red,oe:team:5628f250931675f9c0d20aad46cc117,Komil & Friends,oe:team:f27741afb3044c971eeced9d0c2daa1,devils.one,oe:player:1f892f04e94e144dadcc8be197d4f5b,minemaciek,sup,Nautilus,oe:player:945f30b38a435b37c2e70d893cb6a72,Thresh,sup:Nautilus,lineup-8cc7eac25b4975bb,1,1489.00000000,24.81666667,0,0,13,13.00000000,6597.00000000,4028.00000000,37,162.31027535,0.13744895,0.09994293,65,2.61920752,0.86666667,649.00000000,255.00000000,9.00000000,2,out_of_time,175.99725893,159.57139125,87.11578049,-0.15711256,2021-03-10
pg-47e309a753025fdc,ESPORTSTMNT03_1961957,2021-06-16T14:44:20,2021-06-16,2021,Split 2,0,11.12,Red,oe:team:5628f250931675f9c0d20aad46cc117,Komil & Friends,oe:team:f27741afb3044c971eeced9d0c2daa1,devils.one,oe:player:8e00e6377e8725af3b2bc927d6710e4,Grzybek,top,Sett,oe:player:e93fad90f312c1f10c64b60e5ba17c7,Gwen,top:Sett,lineup-8cc7eac25b4975bb,1,1489.00000000,24.81666667,4,0,7,11.00000000,9495.00000000,7393.00000000,165,297.90463398,0.19782899,0.18343548,13,0.52384150,0.73333333,-82.00000000,80.00000000,1.00000000,2,out_of_time,399.51986928,402.93923402,153.92006976,-0.66018184,2021-03-10
pg-45b2d9bea608ec67,ESPORTSTMNT03_1952017,2021-06-16T15:32:56,2021-06-16,2021,Split 2,0,11.12,Blue,oe:team:1158ec5b08f516ca81868bc48293989,Team ESCA Gaming,oe:team:d2628b4f33cdc631c1fc42be5d2b771,PDW,oe:player:3d022fcafe5af9f52df92b17c015fe6,HARPOON,bot,Sivir,oe:player:7705566e63eedc7bd6c4c72d43c9104,Varus,bot:Sivir,lineup-6f5844aa4e991672,1,1867.00000000,31.11666667,6,0,9,15.00000000,14885.00000000,16388.00000000,329,526.66309588,0.25190388,0.27532214,27,0.86770220,0.78947368,43.00000000,9.00000000,0.00000000,2,out_of_time,456.27516748,493.43258466,212.94951508,0.33053810,2021-03-10
pg-decb572a01930a83,ESPORTSTMNT03_1952017,2021-06-16T15:32:56,2021-06-16,2021,Split 2,0,11.12,Blue,oe:team:1158ec5b08f516ca81868bc48293989,Team ESCA Gaming,oe:team:d2628b4f33cdc631c1fc42be5d2b771,PDW,oe:player:4c56aef4b6fee236568a5769a8328aa,Xeonerr,jng,Rek'Sai,oe:player:7471c21aed615dae3e49140eca8ce89,Lillia,jng:Rek'Sai,lineup-6f5844aa4e991672,1,1867.00000000,31.11666667,4,4,10,3.50000000,11012.00000000,11668.00000000,139,374.97589716,0.18635979,0.19602507,39,1.25334762,0.73684211,1346.00000000,1037.00000000,12.00000000,2,out_of_time,299.98711710,309.31067477,128.26358210,0.58464592,2021-03-10
pg-dbf33b2a0ace09e4,ESPORTSTMNT03_1952017,2021-06-16T15:32:56,2021-06-16,2021,Split 2,0,11.12,Blue,oe:team:1158ec5b08f516ca81868bc48293989,Team ESCA Gaming,oe:team:d2628b4f33cdc631c1fc42be5d2b771,PDW,oe:player:eec9551ee8ca36e4892be7901f79ec2,Dawidsonek,mid,Corki,oe:player:73ac73edf51a3acdfa494e271c6ee29,Yone,mid:Corki,lineup-6f5844aa4e991672,1,1867.00000000,31.11666667,4,4,5,2.25000000,11302.00000000,13261.00000000,222,426.17032673,0.19126756,0.22278783,11,0.35350830,0.47368421,-228.00000000,-86.00000000,1.00000000,2,out_of_time,394.21677422,439.88043941,156.95799774,0.20358028,2021-03-10
pg-031a4c5cf8e2588c,ESPORTSTMNT03_1952017,2021-06-16T15:32:56,2021-06-16,2021,Split 2,0,11.12,Blue,oe:team:1158ec5b08f516ca81868bc48293989,Team ESCA Gaming,oe:team:d2628b4f33cdc631c1fc42be5d2b771,PDW,oe:player:e1ddc411cd92f26392b707a48e5c700,marlon,sup,Gragas,oe:player:1f111e88abd984a347713f070de73e3,Alistar,sup:Gragas,lineup-6f5844aa4e991672,1,1867.00000000,31.11666667,0,3,9,3.00000000,7229.00000000,3351.00000000,39,107.69148366,0.12233881,0.05629757,85,2.73165506,0.47368421,100.00000000,49.00000000,4.00000000,2,out_of_time,172.60954904,159.57139125,87.11578049,-0.74519295,2021-03-10
pg-394b943edc5f12b2,ESPORTSTMNT03_1952017,2021-06-16T15:32:56,2021-06-16,2021,Split 2,0,11.12,Blue,oe:team:1158ec5b08f516ca81868bc48293989,Team ESCA Gaming,oe:team:d2628b4f33cdc631c1fc42be5d2b771,PDW,oe:player:455527eab48df51aaf02979e65dd651,Jaqen,top,Gwen,oe:player:cb5feb1b7314637725a2e73bdc9f729,Sett,top:Gwen,lineup-6f5844aa4e991672,1,1867.00000000,31.11666667,5,1,10,15.00000000,14662.00000000,14855.00000000,260,477.39689341,0.24812997,0.24956739,26,0.83556508,0.78947368,477.00000000,399.00000000,-4.00000000,2,out_of_time,369.49373916,402.93923402,153.92006976,0.70103369,2021-03-10
pg-bf058005bc8fd07e,ESPORTSTMNT03_1952017,2021-06-16T15:32:56,2021-06-16,2021,Split 2,0,11.12,Red,oe:team:d2628b4f33cdc631c1fc42be5d2b771,PDW,oe:team:1158ec5b08f516ca81868bc48293989,Team ESCA Gaming,oe:player:7705566e63eedc7bd6c4c72d43c9104,odi11,bot,Varus,oe:player:3d022fcafe5af9f52df92b17c015fe6,Sivir,bot:Varus,lineup-449ab01c69a3adca,0,1867.00000000,31.11666667,5,3,5,3.33333333,12346.00000000,20782.00000000,262,667.87359400,0.23269753,0.37747021,25,0.80342796,0.83333333,-43.00000000,-9.00000000,0.00000000,2,out_of_time,500.77450459,493.43258466,212.94951508,0.78468875,2021-03-10
pg-50ea3b43a4521f84,ESPORTSTMNT03_1952017,2021-06-16T15:32:56,2021-06-16,2021,Split 2,0,11.12,Red,oe:team:d2628b4f33cdc631c1fc42be5d2b771,PDW,oe:team:1158ec5b08f516ca81868bc48293989,Team ESCA Gaming,oe:player:7471c21aed615dae3e49140eca8ce89,Bruness,jng,Lillia,oe:player:4c56aef4b6fee236568a5769a8328aa,Rek'Sai,jng:Lillia,lineup-449ab01c69a3adca,0,1867.00000000,31.11666667,1,4,5,1.50000000,9517.00000000,9458.00000000,187,303.95286556,0.17937651,0.17178872,40,1.28548473,0.50000000,-1346.00000000,-1037.00000000,-12.00000000,2,out_of_time,339.17485741,309.31067477,128.26358210,-0.27460633,2021-03-10
pg-9b014d508dcae27e,ESPORTSTMNT03_1952017,2021-06-16T15:32:56,2021-06-16,2021,Split 2,0,11.12,Red,oe:team:d2628b4f33cdc631c1fc42be5d2b771,PDW,oe:team:1158ec5b08f516ca81868bc48293989,Team ESCA Gaming,oe:player:73ac73edf51a3acdfa494e271c6ee29,Czajek,mid,Yone,oe:player:eec9551ee8ca36e4892be7901f79ec2,Corki,mid:Yone,lineup-449ab01c69a3adca,0,1867.00000000,31.11666667,3,3,5,2.66666667,13079.00000000,11322.00000000,269,363.85645420,0.24651312,0.20564516,46,1.47830745,0.66666667,228.00000000,86.00000000,-1.00000000,2,out_of_time,436.86653015,439.88043941,156.95799774,-0.46515677,2021-03-10
pg-29685fc60d1ca26c,ESPORTSTMNT03_1952017,2021-06-16T15:32:56,2021-06-16,2021,Split 2,0,11.12,Red,oe:team:d2628b4f33cdc631c1fc42be5d2b771,PDW,oe:team:1158ec5b08f516ca81868bc48293989,Team ESCA Gaming,oe:player:1f111e88abd984a347713f070de73e3,kubYD,sup,Alistar,oe:player:e1ddc411cd92f26392b707a48e5c700,Gragas,sup:Alistar,lineup-449ab01c69a3adca,0,1867.00000000,31.11666667,0,6,9,1.50000000,6252.00000000,4377.00000000,31,140.66416711,0.11783776,0.07950087,77,2.47455811,0.75000000,-100.00000000,-49.00000000,-4.00000000,2,out_of_time,201.07277543,159.57139125,87.11578049,-0.69342900,2021-03-10
pg-4949b769b5424e65,ESPORTSTMNT03_1952017,2021-06-16T15:32:56,2021-06-16,2021,Split 2,0,11.12,Red,oe:team:d2628b4f33cdc631c1fc42be5d2b771,PDW,oe:team:1158ec5b08f516ca81868bc48293989,Team ESCA Gaming,oe:player:cb5feb1b7314637725a2e73bdc9f729,Color,top,Sett,oe:player:455527eab48df51aaf02979e65dd651,Gwen,top:Sett,lineup-449ab01c69a3adca,0,1867.00000000,31.11666667,3,3,6,3.00000000,11862.00000000,9117.00000000,237,292.99410819,0.22357509,0.16559503,38,1.22121050,0.75000000,-477.00000000,-399.00000000,4.00000000,2,out_of_time,410.18587633,402.93923402,153.92006976,-0.76138068,2021-03-10
pg-59bc14c2b8067846,ESPORTSTMNT03_1961994,2021-06-16T16:24:36,2021-06-16,2021,Split 2,0,11.12,Blue,oe:team:6cedba5819b5b7c465cb3bb48bfe855,Illuminar Gaming,oe:team:73f3cc4e54620b1454530648442e066,K1CK,oe:player:694ee794a9d3a8c3fbd658becb89769,Zamulek,bot,Tristana,oe:player:b4a352b2b8782a2bb21bce1a2f47645,Kai'Sa,bot:Tristana,lineup-3c3e1664e86dfbcc,0,2245.00000000,37.41666667,2,3,1,1.00000000,14721.00000000,14684.00000000,304,392.44543430,0.24424682,0.22288672,67,1.79064588,0.42857143,41.00000000,-251.00000000,-5.00000000,2,out_of_time,506.97979621,493.43258466,212.94951508,-0.53784749,2021-03-10
pg-9d3b2b81a2bcaf3d,ESPORTSTMNT03_1961994,2021-06-16T16:24:36,2021-06-16,2021,Split 2,0,11.12,Blue,oe:team:6cedba5819b5b7c465cb3bb48bfe855,Illuminar Gaming,oe:team:73f3cc4e54620b1454530648442e066,K1CK,oe:player:243afb63fb97e1791ffee0cec41ecdf,Krysia,jng,Lee Sin,oe:player:752b048c76633399b04f6e87a8b211c,Xin Zhao,jng:Lee Sin,lineup-3c3e1664e86dfbcc,0,2245.00000000,37.41666667,3,3,4,2.33333333,11977.00000000,10291.00000000,193,275.03786192,0.19871912,0.15620589,45,1.20267261,1.00000000,231.00000000,-222.00000000,-11.00000000,2,out_of_time,323.33615647,309.31067477,128.26358210,-0.37655501,2021-03-10
pg-52005639c8d047b9,ESPORTSTMNT03_1961994,2021-06-16T16:24:36,2021-06-16,2021,Split 2,0,11.12,Blue,oe:team:6cedba5819b5b7c465cb3bb48bfe855,Illuminar Gaming,oe:team:73f3cc4e54620b1454530648442e066,K1CK,oe:player:7e33124e33721ef8f70d2dd843b57da,ESCIK,mid,Seraphine,oe:player:be4ce50af0cd0d8574aa3820c37d1ae,Karma,mid:Seraphine,lineup-3c3e1664e86dfbcc,0,2245.00000000,37.41666667,1,1,6,7.00000000,12824.00000000,22698.00000000,286,606.62806236,0.21277231,0.34453029,51,1.36302895,1.00000000,-291.00000000,55.00000000,-7.00000000,2,out_of_time,421.09469024,439.88043941,156.95799774,1.18205746,2021-03-10
pg-993c95048e00e690,ESPORTSTMNT03_1961994,2021-06-16T16:24:36,2021-06-16,2021,Split 2,0,11.12,Blue,oe:team:6cedba5819b5b7c465cb3bb48bfe855,Illuminar Gaming,oe:team:73f3cc4e54620b1454530648442e066,K1CK,oe:player:e0357bd3e9e044c623fbc77cc985cd7,xCharm,sup,Gragas,oe:player:84bd988294f5dd9ae9a499abf6524a0,Alistar,sup:Gragas,lineup-3c3e1664e86dfbcc,0,2245.00000000,37.41666667,0,4,3,0.75000000,7823.00000000,5820.00000000,34,155.54565702,0.12979708,0.08834110,97,2.59242762,0.42857143,32.00000000,680.00000000,-4.00000000,2,out_of_time,211.25776264,159.57139125,87.11578049,-0.63951795,2021-03-10
pg-8225fc2139c1fb7c,ESPORTSTMNT03_1961994,2021-06-16T16:24:36,2021-06-16,2021,Split 2,0,11.12,Blue,oe:team:6cedba5819b5b7c465cb3bb48bfe855,Illuminar Gaming,oe:team:73f3cc4e54620b1454530648442e066,K1CK,oe:player:298b3a3324ca8d42c20518481cab844,LEQINHO6,top,Gnar,oe:player:1f8b2df4c6ee43a1c1dc29817c0a201,Wukong,top:Gnar,lineup-3c3e1664e86dfbcc,0,2245.00000000,37.41666667,1,2,5,3.00000000,12926.00000000,12388.00000000,278,331.08240535,0.21446467,0.18803600,48,1.28285078,0.85714286,530.00000000,252.00000000,9.00000000,2,out_of_time,428.69116397,402.93923402,153.92006976,-0.63415225,2021-03-10
pg-c86d754f1feafbbd,ESPORTSTMNT03_1961994,2021-06-16T16:24:36,2021-06-16,2021,Split 2,0,11.12,Red,oe:team:73f3cc4e54620b1454530648442e066,K1CK,oe:team:6cedba5819b5b7c465cb3bb48bfe855,Illuminar Gaming,oe:player:b4a352b2b8782a2bb21bce1a2f47645,Puki Style,bot,Kai'Sa,oe:player:694ee794a9d3a8c3fbd658becb89769,Tristana,bot:Kai'Sa,lineup-61a9b3fcfcd532f8,1,2245.00000000,37.41666667,11,1,1,12.00000000,19791.00000000,17815.00000000,394,476.12472160,0.30308738,0.24864963,50,1.33630290,0.92307692,-41.00000000,251.00000000,5.00000000,2,out_of_time,495.37464197,493.43258466,212.94951508,-0.09039664,2021-03-10
pg-4848945d0553a80f,ESPORTSTMNT03_1961994,2021-06-16T16:24:36,2021-06-16,2021,Split 2,0,11.12,Red,oe:team:73f3cc4e54620b1454530648442e066,K1CK,oe:team:6cedba5819b5b7c465cb3bb48bfe855,Illuminar Gaming,oe:player:752b048c76633399b04f6e87a8b211c,Stefan,jng,Xin Zhao,oe:player:243afb63fb97e1791ffee0cec41ecdf,Lee Sin,jng:Xin Zhao,lineup-61a9b3fcfcd532f8,1,2245.00000000,37.41666667,1,2,10,5.50000000,12273.00000000,21061.00000000,222,562.87750557,0.18795369,0.29395509,57,1.52338530,0.84615385,-231.00000000,222.00000000,11.00000000,2,out_of_time,279.49251133,309.31067477,128.26358210,2.20939560,2021-03-10
pg-facf9999af5ab855,ESPORTSTMNT03_1961994,2021-06-16T16:24:36,2021-06-16,2021,Split 2,0,11.12,Red,oe:team:73f3cc4e54620b1454530648442e066,K1CK,oe:team:6cedba5819b5b7c465cb3bb48bfe855,Illuminar Gaming,oe:player:be4ce50af0cd0d8574aa3820c37d1ae,Matislaw,mid,Karma,oe:player:7e33124e33721ef8f70d2dd843b57da,Seraphine,mid:Karma,lineup-61a9b3fcfcd532f8,1,2245.00000000,37.41666667,0,1,12,12.00000000,11870.00000000,14492.00000000,255,387.31403118,0.18178198,0.20226946,55,1.46993318,0.92307692,291.00000000,-55.00000000,7.00000000,2,out_of_time,353.00968218,439.88043941,156.95799774,0.21855751,2021-03-10
pg-42ac937387a5dda3,ESPORTSTMNT03_1961994,2021-06-16T16:24:36,2021-06-16,2021,Split 2,0,11.12,Red,oe:team:73f3cc4e54620b1454530648442e066,K1CK,oe:team:6cedba5819b5b7c465cb3bb48bfe855,Illuminar Gaming,oe:player:84bd988294f5dd9ae9a499abf6524a0,Raxxo,sup,Alistar,oe:player:e0357bd3e9e044c623fbc77cc985cd7,Gragas,sup:Alistar,lineup-61a9b3fcfcd532f8,1,2245.00000000,37.41666667,1,1,11,12.00000000,8259.00000000,4318.00000000,43,115.40311804,0.12648167,0.06026770,100,2.67260579,0.92307692,-32.00000000,-680.00000000,4.00000000,2,out_of_time,160.13363764,159.57139125,87.11578049,-0.51346058,2021-03-10
pg-1ab34dd71ddec390,ESPORTSTMNT03_1961994,2021-06-16T16:24:36,2021-06-16,2021,Split 2,0,11.12,Red,oe:team:73f3cc4e54620b1454530648442e066,K1CK,oe:team:6cedba5819b5b7c465cb3bb48bfe855,Illuminar Gaming,oe:player:1f8b2df4c6ee43a1c1dc29817c0a201,Sacre,top,Wukong,oe:player:298b3a3324ca8d42c20518481cab844,Gnar,top:Wukong,lineup-61a9b3fcfcd532f8,1,2245.00000000,37.41666667,0,2,9,4.50000000,13105.00000000,13961.00000000,283,373.12249443,0.20069527,0.19485812,40,1.06904232,0.69230769,-530.00000000,-252.00000000,-9.00000000,2,out_of_time,344.26549255,402.93923402,153.92006976,0.18748044,2021-03-10
pg-82f79e9604acaf1e,ESPORTSTMNT03_1952079,2021-06-16T17:35:55,2021-06-16,2021,Split 2,0,11.12,Blue,oe:team:3a1d5821b38ab1ddec52f944973d1bd,Gentlemen's Gaming,oe:team:5a5f8cc0161f43afe3461b293535517,AGO ROGUE,oe:player:50cce5a33514ebe62201a0a45314eca,Yashiro,bot,Ezreal,oe:player:0482daf6543f102a27a265342292bb7,Varus,bot:Ezreal,lineup-18a4860f1407a610,0,2022.00000000,33.70000000,1,2,8,4.50000000,11178.00000000,17000.00000000,279,504.45103858,0.21868764,0.28121485,24,0.71216617,0.81818182,-770.00000000,205.00000000,-12.00000000,2,out_of_time,402.28145417,493.43258466,212.94951508,0.47978313,2021-03-10
pg-a234a2868bf9c1e0,ESPORTSTMNT03_1952079,2021-06-16T17:35:55,2021-06-16,2021,Split 2,0,11.12,Blue,oe:team:3a1d5821b38ab1ddec52f944973d1bd,Gentlemen's Gaming,oe:team:5a5f8cc0161f43afe3461b293535517,AGO ROGUE,oe:player:24807d9986c4fda13d994791032cde1,Ben3k,jng,Lee Sin,oe:player:6fc5fe723eed4ba4c230292be365c66,Viego,jng:Lee Sin,lineup-18a4860f1407a610,0,2022.00000000,33.70000000,5,2,5,5.00000000,11046.00000000,12876.00000000,187,382.07715134,0.21610518,0.21299543,34,1.00890208,0.90909091,-218.00000000,-703.00000000,-12.00000000,2,out_of_time,225.86484079,309.31067477,128.26358210,1.21790073,2021-03-10
pg-457df78837bf5b27,ESPORTSTMNT03_1952079,2021-06-16T17:35:55,2021-06-16,2021,Split 2,0,11.12,Blue,oe:team:3a1d5821b38ab1ddec52f944973d1bd,Gentlemen's Gaming,oe:team:5a5f8cc0161f43afe3461b293535517,AGO ROGUE,oe:player:d76cb4dd926111e0b5a4c101f1218a1,bucu,mid,Sylas,oe:player:2096ff50c6496d70e4b39793390c9ce,Nocturne,mid:Sylas,lineup-18a4860f1407a610,0,2022.00000000,33.70000000,1,4,6,1.75000000,10106.00000000,13290.00000000,236,394.36201780,0.19771491,0.21984384,46,1.36498516,0.63636364,-1417.00000000,-1020.00000000,-30.00000000,2,out_of_time,346.07993756,439.88043941,156.95799774,0.30761147,2021-03-10
pg-add6663954fad9e3,ESPORTSTMNT03_1952079,2021-06-16T17:35:55,2021-06-16,2021,Split 2,0,11.12,Blue,oe:team:3a1d5821b38ab1ddec52f944973d1bd,Gentlemen's Gaming,oe:team:5a5f8cc0161f43afe3461b293535517,AGO ROGUE,oe:player:dc0ab0700ebab412ecfc2e808b86e0f,Crow,sup,Leona,oe:player:3e68fd564e4e518b8aed89b9a0bf855,Nautilus,sup:Leona,lineup-18a4860f1407a610,0,2022.00000000,33.70000000,1,6,5,1.00000000,7377.00000000,2535.00000000,42,75.22255193,0.14432445,0.04193410,77,2.28486647,0.54545455,-281.00000000,-256.00000000,0.00000000,2,out_of_time,111.01478617,159.57139125,87.11578049,-0.41085822,2021-03-10
pg-e06290832c1235ad,ESPORTSTMNT03_1952079,2021-06-16T17:35:55,2021-06-16,2021,Split 2,0,11.12,Blue,oe:team:3a1d5821b38ab1ddec52f944973d1bd,Gentlemen's Gaming,oe:team:5a5f8cc0161f43afe3461b293535517,AGO ROGUE,oe:player:8486d94ef23b38c67c76b647613d881,bobista,top,Wukong,oe:player:a7b756e008bfcb7148cdb51f886c3fa,Akali,top:Wukong,lineup-18a4860f1407a610,0,2022.00000000,33.70000000,3,3,6,3.00000000,11407.00000000,14751.00000000,234,437.71513353,0.22316782,0.24401178,26,0.77151335,0.81818182,-50.00000000,-69.00000000,-6.00000000,2,out_of_time,320.99232574,402.93923402,153.92006976,0.75833391,2021-03-10
pg-3f8e1066311fef70,ESPORTSTMNT03_1952079,2021-06-16T17:35:55,2021-06-16,2021,Split 2,0,11.12,Red,oe:team:5a5f8cc0161f43afe3461b293535517,AGO ROGUE,oe:team:3a1d5821b38ab1ddec52f944973d1bd,Gentlemen's Gaming,oe:player:0482daf6543f102a27a265342292bb7,Lucker,bot,Varus,oe:player:50cce5a33514ebe62201a0a45314eca,Ezreal,bot:Varus,lineup-de5e31d683ce7975,1,2022.00000000,33.70000000,6,1,6,12.00000000,15763.00000000,33283.00000000,340,987.62611276,0.25152787,0.37096523,36,1.06824926,0.70588235,770.00000000,-205.00000000,12.00000000,2,out_of_time,484.74769108,493.43258466,212.94951508,2.36149127,2021-03-10
pg-5bc034beed7efb09,ESPORTSTMNT03_1952079,2021-06-16T17:35:55,2021-06-16,2021,Split 2,0,11.12,Red,oe:team:5a5f8cc0161f43afe3461b293535517,AGO ROGUE,oe:team:3a1d5821b38ab1ddec52f944973d1bd,Gentlemen's Gaming,oe:player:6fc5fe723eed4ba4c230292be365c66,Lurox,jng,Viego,oe:player:24807d9986c4fda13d994791032cde1,Lee Sin,jng:Viego,lineup-de5e31d683ce7975,1,2022.00000000,33.70000000,4,1,9,13.00000000,12282.00000000,13278.00000000,196,394.00593472,0.19598206,0.14799376,49,1.45400593,0.76470588,218.00000000,703.00000000,12.00000000,2,out_of_time,335.13017477,309.31067477,128.26358210,0.45902164,2021-03-10
pg-c00981e6188f6ca1,ESPORTSTMNT03_1952079,2021-06-16T17:35:55,2021-06-16,2021,Split 2,0,11.12,Red,oe:team:5a5f8cc0161f43afe3461b293535517,AGO ROGUE,oe:team:3a1d5821b38ab1ddec52f944973d1bd,Gentlemen's Gaming,oe:player:2096ff50c6496d70e4b39793390c9ce,Sencux,mid,Nocturne,oe:player:d76cb4dd926111e0b5a4c101f1218a1,Sylas,mid:Nocturne,lineup-de5e31d683ce7975,1,2022.00000000,33.70000000,2,1,8,10.00000000,15137.00000000,13317.00000000,302,395.16320475,0.24153888,0.14842844,34,1.00890208,0.58823529,1417.00000000,1020.00000000,30.00000000,2,out_of_time,438.16970888,439.88043941,156.95799774,-0.27400008,2021-03-10
pg-8478649709875f29,ESPORTSTMNT03_1952079,2021-06-16T17:35:55,2021-06-16,2021,Split 2,0,11.12,Red,oe:team:5a5f8cc0161f43afe3461b293535517,AGO ROGUE,oe:team:3a1d5821b38ab1ddec52f944973d1bd,Gentlemen's Gaming,oe:player:3e68fd564e4e518b8aed89b9a0bf855,Pyrka,sup,Nautilus,oe:player:dc0ab0700ebab412ecfc2e808b86e0f,Leona,sup:Nautilus,lineup-de5e31d683ce7975,1,2022.00000000,33.70000000,0,3,11,3.66666667,8114.00000000,5311.00000000,38,157.59643917,0.12947390,0.05919527,103,3.05637982,0.64705882,281.00000000,256.00000000,0.00000000,2,out_of_time,207.63542074,159.57139125,87.11578049,-0.57439630,2021-03-10
pg-d536970fcc01c1d5,ESPORTSTMNT03_1952079,2021-06-16T17:35:55,2021-06-16,2021,Split 2,0,11.12,Red,oe:team:5a5f8cc0161f43afe3461b293535517,AGO ROGUE,oe:team:3a1d5821b38ab1ddec52f944973d1bd,Gentlemen's Gaming,oe:player:a7b756e008bfcb7148cdb51f886c3fa,Sinmivak,top,Akali,oe:player:8486d94ef23b38c67c76b647613d881,Wukong,top:Akali,lineup-de5e31d683ce7975,1,2022.00000000,33.70000000,5,5,4,1.80000000,11373.00000000,24531.00000000,200,727.92284866,0.18147729,0.27341730,35,1.03857567,0.52941176,50.00000000,69.00000000,6.00000000,2,out_of_time,435.80382944,402.93923402,153.92006976,1.89786179,2021-03-10
pg-77de5d07b3d18265,ESPORTSTMNT03_2003195,2021-06-22T14:42:43,2021-06-22,2021,Split 2,0,11.12,Blue,oe:team:73f3cc4e54620b1454530648442e066,K1CK,oe:team:1158ec5b08f516ca81868bc48293989,Team ESCA Gaming,oe:player:b4a352b2b8782a2bb21bce1a2f47645,Puki Style,bot,Tristana,oe:player:3d022fcafe5af9f52df92b17c015fe6,Ezreal,bot:Tristana,lineup-61a9b3fcfcd532f8,1,1749.00000000,29.15000000,5,0,2,7.00000000,14102.00000000,11961.00000000,289,410.32590051,0.25670338,0.30240437,43,1.47512864,0.63636364,1974.00000000,537.00000000,3.00000000,3,out_of_time,542.55687828,505.79442420,202.05387072,-0.65443427,2021-06-16
pg-54a5149aa08bdf54,ESPORTSTMNT03_2003195,2021-06-22T14:42:43,2021-06-22,2021,Split 2,0,11.12,Blue,oe:team:73f3cc4e54620b1454530648442e066,K1CK,oe:team:1158ec5b08f516ca81868bc48293989,Team ESCA Gaming,oe:player:752b048c76633399b04f6e87a8b211c,Stefan,jng,Kindred,oe:player:4c56aef4b6fee236568a5769a8328aa,Xin Zhao,jng:Kindred,lineup-61a9b3fcfcd532f8,1,1749.00000000,29.15000000,5,0,2,7.00000000,11620.00000000,6389.00000000,199,219.17667238,0.21152271,0.16153010,57,1.95540309,0.63636364,869.00000000,527.00000000,6.00000000,3,out_of_time,345.06025954,293.78333679,127.71788150,-0.98563792,2021-06-16
pg-f0e692c11f529d95,ESPORTSTMNT03_2003195,2021-06-22T14:42:43,2021-06-22,2021,Split 2,0,11.12,Blue,oe:team:73f3cc4e54620b1454530648442e066,K1CK,oe:team:1158ec5b08f516ca81868bc48293989,Team ESCA Gaming,oe:player:be4ce50af0cd0d8574aa3820c37d1ae,Matislaw,mid,Orianna,oe:player:eec9551ee8ca36e4892be7901f79ec2,Viktor,mid:Orianna,lineup-61a9b3fcfcd532f8,1,1749.00000000,29.15000000,0,0,8,8.00000000,10936.00000000,8232.00000000,246,282.40137221,0.19907163,0.20812581,20,0.68610635,0.72727273,426.00000000,105.00000000,9.00000000,3,out_of_time,494.54658514,449.51039436,156.79169329,-1.35303860,2021-06-16
pg-f63e8f45e1871807,ESPORTSTMNT03_2003195,2021-06-22T14:42:43,2021-06-22,2021,Split 2,0,11.12,Blue,oe:team:73f3cc4e54620b1454530648442e066,K1CK,oe:team:1158ec5b08f516ca81868bc48293989,Team ESCA Gaming,oe:player:84bd988294f5dd9ae9a499abf6524a0,Raxxo,sup,Nautilus,oe:player:e1ddc411cd92f26392b707a48e5c700,Gragas,sup:Nautilus,lineup-61a9b3fcfcd532f8,1,1749.00000000,29.15000000,0,1,8,8.00000000,6972.00000000,3493.00000000,31,119.82847341,0.12691363,0.08831189,78,2.67581475,0.72727273,211.00000000,372.00000000,-1.00000000,3,out_of_time,224.63762212,146.90637541,79.57217222,-1.31715832,2021-06-16
pg-191d92eb1541c660,ESPORTSTMNT03_2003195,2021-06-22T14:42:43,2021-06-22,2021,Split 2,0,11.12,Blue,oe:team:73f3cc4e54620b1454530648442e066,K1CK,oe:team:1158ec5b08f516ca81868bc48293989,Team ESCA Gaming,oe:player:1f8b2df4c6ee43a1c1dc29817c0a201,Sacre,top,Gwen,oe:player:455527eab48df51aaf02979e65dd651,Fiora,top:Gwen,lineup-61a9b3fcfcd532f8,1,1749.00000000,29.15000000,1,1,4,5.00000000,11305.00000000,9478.00000000,265,325.14579760,0.20578866,0.23962784,31,1.06346484,0.45454545,60.00000000,-286.00000000,5.00000000,3,out_of_time,457.46909803,397.29863653,152.34899521,-0.86855381,2021-06-16
pg-0f24ee2ef30f73d2,ESPORTSTMNT03_2003195,2021-06-22T14:42:43,2021-06-22,2021,Split 2,0,11.12,Red,oe:team:1158ec5b08f516ca81868bc48293989,Team ESCA Gaming,oe:team:73f3cc4e54620b1454530648442e066,K1CK,oe:player:3d022fcafe5af9f52df92b17c015fe6,HARPOON,bot,Ezreal,oe:player:b4a352b2b8782a2bb21bce1a2f47645,Tristana,bot:Ezreal,lineup-6f5844aa4e991672,0,1749.00000000,29.15000000,0,2,0,0.00000000,10773.00000000,9000.00000000,300,308.74785592,0.24197026,0.35419126,23,0.78902230,0.00000000,-1974.00000000,-537.00000000,-3.00000000,3,out_of_time,491.27603980,505.79442420,202.05387072,-0.90336396,2021-06-16
pg-e9cbbe398880fe7c,ESPORTSTMNT03_2003195,2021-06-22T14:42:43,2021-06-22,2021,Split 2,0,11.12,Red,oe:team:1158ec5b08f516ca81868bc48293989,Team ESCA Gaming,oe:team:73f3cc4e54620b1454530648442e066,K1CK,oe:player:4c56aef4b6fee236568a5769a8328aa,Xeonerr,jng,Xin Zhao,oe:player:752b048c76633399b04f6e87a8b211c,Kindred,jng:Xin Zhao,lineup-6f5844aa4e991672,0,1749.00000000,29.15000000,1,1,0,1.00000000,8315.00000000,4052.00000000,154,139.00514580,0.18676160,0.15946478,39,1.33790738,0.50000000,-869.00000000,-527.00000000,-6.00000000,3,out_of_time,268.91617728,293.78333679,127.71788150,-1.01717183,2021-06-16
pg-21c39491e377a0ca,ESPORTSTMNT03_2003195,2021-06-22T14:42:43,2021-06-22,2021,Split 2,0,11.12,Red,oe:team:1158ec5b08f516ca81868bc48293989,Team ESCA Gaming,oe:team:73f3cc4e54620b1454530648442e066,K1CK,oe:player:eec9551ee8ca36e4892be7901f79ec2,Dawidsonek,mid,Viktor,oe:player:be4ce50af0cd0d8574aa3820c37d1ae,Orianna,mid:Viktor,lineup-6f5844aa4e991672,0,1749.00000000,29.15000000,0,2,1,0.50000000,9843.00000000,5898.00000000,264,202.33276158,0.22108171,0.23211334,23,0.78902230,0.50000000,-426.00000000,-105.00000000,-9.00000000,3,out_of_time,487.12468938,449.51039436,156.79169329,-1.81637127,2021-06-16
pg-e758921cd027f399,ESPORTSTMNT03_2003195,2021-06-22T14:42:43,2021-06-22,2021,Split 2,0,11.12,Red,oe:team:1158ec5b08f516ca81868bc48293989,Team ESCA Gaming,oe:team:73f3cc4e54620b1454530648442e066,K1CK,oe:player:e1ddc411cd92f26392b707a48e5c700,marlon,sup,Gragas,oe:player:84bd988294f5dd9ae9a499abf6524a0,Nautilus,sup:Gragas,lineup-6f5844aa4e991672,0,1749.00000000,29.15000000,0,2,1,0.50000000,5534.00000000,1331.00000000,30,45.66037736,0.12429810,0.05238095,52,1.78387650,0.50000000,-211.00000000,-372.00000000,1.00000000,3,out_of_time,149.82217272,146.90637541,79.57217222,-1.30902290,2021-06-16
pg-301727f0866d5be5,ESPORTSTMNT03_2003195,2021-06-22T14:42:43,2021-06-22,2021,Split 2,0,11.12,Red,oe:team:1158ec5b08f516ca81868bc48293989,Team ESCA Gaming,oe:team:73f3cc4e54620b1454530648442e066,K1CK,oe:player:455527eab48df51aaf02979e65dd651,Jaqen,top,Fiora,oe:player:1f8b2df4c6ee43a1c1dc29817c0a201,Gwen,top:Fiora,lineup-6f5844aa4e991672,0,1749.00000000,29.15000000,1,4,0,0.25000000,10057.00000000,5129.00000000,242,175.95197256,0.22588832,0.20184967,19,0.65180103,0.50000000,-60.00000000,286.00000000,-5.00000000,3,out_of_time,333.59010734,397.29863653,152.34899521,-1.03471726,2021-06-16
pg-b380bf11e27b53f7,ESPORTSTMNT03_2003251,2021-06-22T15:51:30,2021-06-22,2021,Split 2,0,11.12,Blue,oe:team:d2628b4f33cdc631c1fc42be5d2b771,PDW,oe:team:3a1d5821b38ab1ddec52f944973d1bd,Gentlemen's Gaming,oe:player:7705566e63eedc7bd6c4c72d43c9104,odi11,bot,Senna,oe:player:50cce5a33514ebe62201a0a45314eca,Varus,bot:Senna,lineup-449ab01c69a3adca,1,1510.00000000,25.16666667,7,0,10,17.00000000,11630.00000000,18664.00000000,43,741.61589404,0.22209915,0.35242357,45,1.78807947,0.85000000,1993.00000000,-544.00000000,-95.00000000,3,out_of_time,557.98913020,505.79442420,202.05387072,0.90880102,2021-06-16
pg-b8e91f8e0fe14049,ESPORTSTMNT03_2003251,2021-06-22T15:51:30,2021-06-22,2021,Split 2,0,11.12,Blue,oe:team:d2628b4f33cdc631c1fc42be5d2b771,PDW,oe:team:3a1d5821b38ab1ddec52f944973d1bd,Gentlemen's Gaming,oe:player:7471c21aed615dae3e49140eca8ce89,Bruness,jng,Xin Zhao,oe:player:24807d9986c4fda13d994791032cde1,Rumble,jng:Xin Zhao,lineup-449ab01c69a3adca,1,1510.00000000,25.16666667,1,1,8,9.00000000,9046.00000000,7882.00000000,163,313.19205298,0.17275227,0.14883212,36,1.43046358,0.45000000,55.00000000,-143.00000000,-7.00000000,3,out_of_time,349.38784840,293.78333679,127.71788150,-0.28340429,2021-06-16
pg-200799bdb934b08c,ESPORTSTMNT03_2003251,2021-06-22T15:51:30,2021-06-22,2021,Split 2,0,11.12,Blue,oe:team:d2628b4f33cdc631c1fc42be5d2b771,PDW,oe:team:3a1d5821b38ab1ddec52f944973d1bd,Gentlemen's Gaming,oe:player:73ac73edf51a3acdfa494e271c6ee29,Czajek,mid,Lee Sin,oe:player:d76cb4dd926111e0b5a4c101f1218a1,Yone,mid:Lee Sin,lineup-449ab01c69a3adca,1,1510.00000000,25.16666667,4,1,8,12.00000000,11513.00000000,12528.00000000,251,497.80132450,0.21986479,0.23656036,20,0.79470199,0.60000000,883.00000000,-226.00000000,16.00000000,3,out_of_time,468.47401310,449.51039436,156.79169329,0.18704633,2021-06-16
pg-c196dd687bb7eca8,ESPORTSTMNT03_2003251,2021-06-22T15:51:30,2021-06-22,2021,Split 2,0,11.12,Blue,oe:team:d2628b4f33cdc631c1fc42be5d2b771,PDW,oe:team:3a1d5821b38ab1ddec52f944973d1bd,Gentlemen's Gaming,oe:player:1f111e88abd984a347713f070de73e3,kubYD,sup,Tahm Kench,oe:player:dc0ab0700ebab412ecfc2e808b86e0f,Nautilus,sup:Tahm Kench,lineup-449ab01c69a3adca,1,1510.00000000,25.16666667,5,0,11,16.00000000,10971.00000000,8180.00000000,160,325.03311258,0.20951417,0.15445911,29,1.15231788,0.80000000,2833.00000000,1628.00000000,89.00000000,3,out_of_time,211.55369942,146.90637541,79.57217222,1.42611933,2021-06-16
pg-0ecf83bafca53f23,ESPORTSTMNT03_2003251,2021-06-22T15:51:30,2021-06-22,2021,Split 2,0,11.12,Blue,oe:team:d2628b4f33cdc631c1fc42be5d2b771,PDW,oe:team:3a1d5821b38ab1ddec52f944973d1bd,Gentlemen's Gaming,oe:player:cb5feb1b7314637725a2e73bdc9f729,Color,top,Lulu,oe:player:8486d94ef23b38c67c76b647613d881,Sett,top:Lulu,lineup-449ab01c69a3adca,1,1510.00000000,25.16666667,3,0,7,10.00000000,9204.00000000,5705.00000000,163,226.68874172,0.17576961,0.10772484,31,1.23178808,0.50000000,-1027.00000000,-1214.00000000,-18.00000000,3,out_of_time,429.51486600,397.29863653,152.34899521,-1.33132564,2021-06-16
pg-be0103365769ee27,ESPORTSTMNT03_2003251,2021-06-22T15:51:30,2021-06-22,2021,Split 2,0,11.12,Red,oe:team:3a1d5821b38ab1ddec52f944973d1bd,Gentlemen's Gaming,oe:team:d2628b4f33cdc631c1fc42be5d2b771,PDW,oe:player:50cce5a33514ebe62201a0a45314eca,Yashiro,bot,Varus,oe:player:7705566e63eedc7bd6c4c72d43c9104,Senna,bot:Varus,lineup-18a4860f1407a610,0,1510.00000000,25.16666667,0,5,1,0.20000000,7066.00000000,10927.00000000,169,434.18543046,0.19536607,0.33046029,18,0.71523179,0.50000000,-1993.00000000,544.00000000,95.00000000,3,out_of_time,542.56782215,505.79442420,202.05387072,-0.53640344,2021-06-16
pg-fc8f407faed265d1,ESPORTSTMNT03_2003251,2021-06-22T15:51:30,2021-06-22,2021,Split 2,0,11.12,Red,oe:team:3a1d5821b38ab1ddec52f944973d1bd,Gentlemen's Gaming,oe:team:d2628b4f33cdc631c1fc42be5d2b771,PDW,oe:player:24807d9986c4fda13d994791032cde1,Ben3k,jng,Rumble,oe:player:7471c21aed615dae3e49140eca8ce89,Xin Zhao,jng:Rumble,lineup-18a4860f1407a610,0,1510.00000000,25.16666667,0,5,1,0.20000000,6954.00000000,5049.00000000,144,200.62251656,0.19226941,0.15269461,20,0.79470199,0.50000000,-55.00000000,143.00000000,7.00000000,3,out_of_time,313.32599554,293.78333679,127.71788150,-0.88244087,2021-06-16
pg-1898806cb1eed3d0,ESPORTSTMNT03_2003251,2021-06-22T15:51:30,2021-06-22,2021,Split 2,0,11.12,Red,oe:team:3a1d5821b38ab1ddec52f944973d1bd,Gentlemen's Gaming,oe:team:d2628b4f33cdc631c1fc42be5d2b771,PDW,oe:player:d76cb4dd926111e0b5a4c101f1218a1,bucu,mid,Yone,oe:player:73ac73edf51a3acdfa494e271c6ee29,Lee Sin,mid:Yone,lineup-18a4860f1407a610,0,1510.00000000,25.16666667,1,4,1,0.50000000,8243.00000000,9272.00000000,197,368.42384106,0.22790865,0.28040888,24,0.95364238,1.00000000,-883.00000000,226.00000000,-16.00000000,3,out_of_time,415.66065542,449.51039436,156.79169329,-0.30127115,2021-06-16
pg-5967df04337bfc3a,ESPORTSTMNT03_2003251,2021-06-22T15:51:30,2021-06-22,2021,Split 2,0,11.12,Red,oe:team:3a1d5821b38ab1ddec52f944973d1bd,Gentlemen's Gaming,oe:team:d2628b4f33cdc631c1fc42be5d2b771,PDW,oe:player:dc0ab0700ebab412ecfc2e808b86e0f,Crow,sup,Nautilus,oe:player:1f111e88abd984a347713f070de73e3,Tahm Kench,sup:Nautilus,lineup-18a4860f1407a610,0,1510.00000000,25.16666667,0,4,1,0.25000000,4693.00000000,3842.00000000,28,152.66225166,0.12975559,0.11619186,55,2.18543046,0.50000000,-2833.00000000,-1628.00000000,-89.00000000,3,out_of_time,152.99014894,146.90637541,79.57217222,-0.00412075,2021-06-16
pg-7f42be0a3e58f5d4,ESPORTSTMNT03_2003251,2021-06-22T15:51:30,2021-06-22,2021,Split 2,0,11.12,Red,oe:team:3a1d5821b38ab1ddec52f944973d1bd,Gentlemen's Gaming,oe:team:d2628b4f33cdc631c1fc42be5d2b771,PDW,oe:player:8486d94ef23b38c67c76b647613d881,bobista,top,Sett,oe:player:cb5feb1b7314637725a2e73bdc9f729,Lulu,top:Sett,lineup-18a4860f1407a610,0,1510.00000000,25.16666667,1,2,0,0.50000000,9212.00000000,3976.00000000,192,157.98675497,0.25470029,0.12024436,20,0.79470199,0.50000000,1027.00000000,1214.00000000,18.00000000,3,out_of_time,364.09925828,397.29863653,152.34899521,-1.35289703,2021-06-16
pg-e67b74ad0092291e,ESPORTSTMNT03_2003271,2021-06-22T16:34:58,2021-06-22,2021,Split 2,0,11.12,Blue,oe:team:6cedba5819b5b7c465cb3bb48bfe855,Illuminar Gaming,oe:team:f27741afb3044c971eeced9d0c2daa1,devils.one,oe:player:694ee794a9d3a8c3fbd658becb89769,Zamulek,bot,Ezreal,oe:player:a2592097e38eeeec92fb042c009147d,Kai'Sa,bot:Ezreal,lineup-3c3e1664e86dfbcc,1,1811.00000000,30.18333333,3,2,8,5.50000000,12389.00000000,21994.00000000,263,728.68028713,0.21469171,0.28140794,38,1.25897294,0.55000000,-514.00000000,-406.00000000,9.00000000,3,out_of_time,571.19057346,505.79442420,202.05387072,0.77944418,2021-06-16
pg-decec314ea6b1ca1,ESPORTSTMNT03_2003271,2021-06-22T16:34:58,2021-06-22,2021,Split 2,0,11.12,Blue,oe:team:6cedba5819b5b7c465cb3bb48bfe855,Illuminar Gaming,oe:team:f27741afb3044c971eeced9d0c2daa1,devils.one,oe:player:243afb63fb97e1791ffee0cec41ecdf,Krysia,jng,Nidalee,oe:player:2d1fca25321f6983dc3e1da11039a80,Rumble,jng:Nidalee,lineup-3c3e1664e86dfbcc,1,1811.00000000,30.18333333,8,3,5,4.33333333,12260.00000000,15362.00000000,189,508.95637769,0.21245624,0.19655309,83,2.74986195,0.65000000,1082.00000000,919.00000000,1.00000000,3,out_of_time,379.44162159,293.78333679,127.71788150,1.01406909,2021-06-16
pg-7ae061ceb6b0be44,ESPORTSTMNT03_2003271,2021-06-22T16:34:58,2021-06-22,2021,Split 2,0,11.12,Blue,oe:team:6cedba5819b5b7c465cb3bb48bfe855,Illuminar Gaming,oe:team:f27741afb3044c971eeced9d0c2daa1,devils.one,oe:player:7e33124e33721ef8f70d2dd843b57da,ESCIK,mid,Jayce,oe:player:efde1a9fe9e6f1059c3fce2ec296fae,Sett,mid:Jayce,lineup-3c3e1664e86dfbcc,1,1811.00000000,30.18333333,4,3,11,5.00000000,12692.00000000,21747.00000000,235,720.49696300,0.21994247,0.27824763,38,1.25897294,0.75000000,14.00000000,-59.00000000,-12.00000000,3,out_of_time,479.36864667,449.51039436,156.79169329,1.53788961,2021-06-16
pg-10bf7f72bc137052,ESPORTSTMNT03_2003271,2021-06-22T16:34:58,2021-06-22,2021,Split 2,0,11.12,Blue,oe:team:6cedba5819b5b7c465cb3bb48bfe855,Illuminar Gaming,oe:team:f27741afb3044c971eeced9d0c2daa1,devils.one,oe:player:e0357bd3e9e044c623fbc77cc985cd7,xCharm,sup,Rakan,oe:player:945f30b38a435b37c2e70d893cb6a72,Rell,sup:Rakan,lineup-3c3e1664e86dfbcc,1,1811.00000000,30.18333333,1,3,13,4.66666667,7453.00000000,4692.00000000,17,155.45002761,0.12915468,0.06003301,79,2.61733849,0.70000000,-549.00000000,-876.00000000,-26.00000000,3,out_of_time,248.87250048,146.90637541,79.57217222,-1.17405960,2021-06-16
pg-9554ec111e227b44,ESPORTSTMNT03_2003271,2021-06-22T16:34:58,2021-06-22,2021,Split 2,0,11.12,Blue,oe:team:6cedba5819b5b7c465cb3bb48bfe855,Illuminar Gaming,oe:team:f27741afb3044c971eeced9d0c2daa1,devils.one,oe:player:298b3a3324ca8d42c20518481cab844,LEQINHO6,top,Renekton,oe:player:e93fad90f312c1f10c64b60e5ba17c7,Viego,top:Renekton,lineup-3c3e1664e86dfbcc,1,1811.00000000,30.18333333,4,2,11,7.50000000,12912.00000000,14362.00000000,228,475.82551077,0.22375490,0.18375833,24,0.79514081,0.75000000,1505.00000000,2507.00000000,26.00000000,3,out_of_time,392.63462766,397.29863653,152.34899521,0.54605469,2021-06-16
pg-c3a0719718f58c3e,ESPORTSTMNT03_2003271,2021-06-22T16:34:58,2021-06-22,2021,Split 2,0,11.12,Red,oe:team:f27741afb3044c971eeced9d0c2daa1,devils.one,oe:team:6cedba5819b5b7c465cb3bb48bfe855,Illuminar Gaming,oe:player:a2592097e38eeeec92fb042c009147d,Ejsner,bot,Kai'Sa,oe:player:694ee794a9d3a8c3fbd658becb89769,Ezreal,bot:Kai'Sa,lineup-8fb045b81dd22d44,0,1811.00000000,30.18333333,3,6,6,1.50000000,11224.00000000,12609.00000000,253,417.74710105,0.23521029,0.21902413,33,1.09331861,0.69230769,514.00000000,406.00000000,-9.00000000,3,out_of_time,468.64430188,505.79442420,202.05387072,-0.25189916,2021-06-16
pg-92f1d461a9e4949b,ESPORTSTMNT03_2003271,2021-06-22T16:34:58,2021-06-22,2021,Split 2,0,11.12,Red,oe:team:f27741afb3044c971eeced9d0c2daa1,devils.one,oe:team:6cedba5819b5b7c465cb3bb48bfe855,Illuminar Gaming,oe:player:2d1fca25321f6983dc3e1da11039a80,Diagu,jng,Rumble,oe:player:243afb63fb97e1791ffee0cec41ecdf,Nidalee,jng:Rumble,lineup-8fb045b81dd22d44,0,1811.00000000,30.18333333,4,3,6,3.33333333,10764.00000000,14230.00000000,171,471.45223633,0.22557053,0.24718164,27,0.89453341,0.76923077,-1082.00000000,-919.00000000,-1.00000000,3,out_of_time,302.96005616,293.78333679,127.71788150,1.31925286,2021-06-16
pg-37620419a38c8ff8,ESPORTSTMNT03_2003271,2021-06-22T16:34:58,2021-06-22,2021,Split 2,0,11.12,Red,oe:team:f27741afb3044c971eeced9d0c2daa1,devils.one,oe:team:6cedba5819b5b7c465cb3bb48bfe855,Illuminar Gaming,oe:player:efde1a9fe9e6f1059c3fce2ec296fae,many,mid,Sett,oe:player:7e33124e33721ef8f70d2dd843b57da,Jayce,mid:Sett,lineup-8fb045b81dd22d44,0,1811.00000000,30.18333333,1,3,6,2.33333333,9328.00000000,10340.00000000,189,342.57316400,0.19547769,0.17961055,21,0.69574821,0.53846154,-14.00000000,59.00000000,12.00000000,3,out_of_time,373.79980841,449.51039436,156.79169329,-0.19916007,2021-06-16
pg-61406c369e2390b3,ESPORTSTMNT03_2003271,2021-06-22T16:34:58,2021-06-22,2021,Split 2,0,11.12,Red,oe:team:f27741afb3044c971eeced9d0c2daa1,devils.one,oe:team:6cedba5819b5b7c465cb3bb48bfe855,Illuminar Gaming,oe:player:945f30b38a435b37c2e70d893cb6a72,YuNIshinoya,sup,Rell,oe:player:e0357bd3e9e044c623fbc77cc985cd7,Rakan,sup:Rell,lineup-8fb045b81dd22d44,0,1811.00000000,30.18333333,1,4,8,2.25000000,6636.00000000,5266.00000000,49,174.46714522,0.13906410,0.09147284,91,3.01490889,0.69230769,549.00000000,876.00000000,26.00000000,3,out_of_time,146.25242074,146.90637541,79.57217222,0.35458030,2021-06-16
pg-70c6f3f3cb6e4b63,ESPORTSTMNT03_2003271,2021-06-22T16:34:58,2021-06-22,2021,Split 2,0,11.12,Red,oe:team:f27741afb3044c971eeced9d0c2daa1,devils.one,oe:team:6cedba5819b5b7c465cb3bb48bfe855,Illuminar Gaming,oe:player:e93fad90f312c1f10c64b60e5ba17c7,sheru,top,Viego,oe:player:298b3a3324ca8d42c20518481cab844,Renekton,top:Viego,lineup-8fb045b81dd22d44,0,1811.00000000,30.18333333,4,4,3,1.75000000,9767.00000000,15124.00000000,174,501.07123136,0.20467738,0.26271083,30,0.99392601,0.53846154,-1505.00000000,-2507.00000000,-26.00000000,3,out_of_time,358.90194063,397.29863653,152.34899521,0.93318168,2021-06-16
pg-a23494f2816963f2,ESPORTSTMNT03_1993401,2021-06-22T17:25:45,2021-06-22,2021,Split 2,0,11.12,Blue,oe:team:5a5f8cc0161f43afe3461b293535517,AGO ROGUE,oe:team:5628f250931675f9c0d20aad46cc117,Komil & Friends,oe:player:0482daf6543f102a27a265342292bb7,Lucker,bot,Ezreal,oe:player:fc64481e9be7c98479a123b5ece6f9c,Twitch,bot:Ezreal,lineup-de5e31d683ce7975,1,2104.00000000,35.06666667,4,1,8,12.00000000,15867.00000000,23829.00000000,326,679.53422053,0.25486291,0.31783442,40,1.14068441,0.70588235,1473.00000000,-42.00000000,9.00000000,3,out_of_time,606.96217413,505.79442420,202.05387072,0.35917177,2021-06-16
pg-73ccf50778911b57,ESPORTSTMNT03_1993401,2021-06-22T17:25:45,2021-06-22,2021,Split 2,0,11.12,Blue,oe:team:5a5f8cc0161f43afe3461b293535517,AGO ROGUE,oe:team:5628f250931675f9c0d20aad46cc117,Komil & Friends,oe:player:6fc5fe723eed4ba4c230292be365c66,Lurox,jng,Rumble,oe:player:8a1c30199bac9efaa2161b14565595c,Nocturne,jng:Rumble,lineup-de5e31d683ce7975,1,2104.00000000,35.06666667,5,1,5,10.00000000,12466.00000000,14209.00000000,217,405.19961977,0.20023451,0.18952156,76,2.16730038,0.58823529,68.00000000,-401.00000000,8.00000000,3,out_of_time,412.12002602,293.78333679,127.71788150,-0.05418510,2021-06-16
pg-fa70f017189f6175,ESPORTSTMNT03_1993401,2021-06-22T17:25:45,2021-06-22,2021,Split 2,0,11.12,Blue,oe:team:5a5f8cc0161f43afe3461b293535517,AGO ROGUE,oe:team:5628f250931675f9c0d20aad46cc117,Komil & Friends,oe:player:2096ff50c6496d70e4b39793390c9ce,Sencux,mid,Viktor,oe:player:56b90211cf581dd16f58da4eb71317f,Orianna,mid:Viktor,lineup-de5e31d683ce7975,1,2104.00000000,35.06666667,3,2,5,4.00000000,12323.00000000,21118.00000000,285,602.22433460,0.19793758,0.28167474,31,0.88403042,0.47058824,-247.00000000,-356.00000000,16.00000000,3,out_of_time,602.43707985,449.51039436,156.79169329,-0.00135687,2021-06-16
pg-c2df98b0183b9c51,ESPORTSTMNT03_1993401,2021-06-22T17:25:45,2021-06-22,2021,Split 2,0,11.12,Blue,oe:team:5a5f8cc0161f43afe3461b293535517,AGO ROGUE,oe:team:5628f250931675f9c0d20aad46cc117,Komil & Friends,oe:player:3e68fd564e4e518b8aed89b9a0bf855,Pyrka,sup,Nautilus,oe:player:1f892f04e94e144dadcc8be197d4f5b,Leona,sup:Nautilus,lineup-de5e31d683ce7975,1,2104.00000000,35.06666667,2,3,12,4.66666667,8733.00000000,4643.00000000,51,132.40494297,0.14027338,0.06192896,111,3.16539924,0.82352941,816.00000000,-4.00000000,0.00000000,3,out_of_time,222.69077786,146.90637541,79.57217222,-1.13464082,2021-06-16
pg-e48dccac44f5c594,ESPORTSTMNT03_1993401,2021-06-22T17:25:45,2021-06-22,2021,Split 2,0,11.12,Blue,oe:team:5a5f8cc0161f43afe3461b293535517,AGO ROGUE,oe:team:5628f250931675f9c0d20aad46cc117,Komil & Friends,oe:player:a7b756e008bfcb7148cdb51f886c3fa,Sinmivak,top,Lee Sin,oe:player:8e00e6377e8725af3b2bc927d6710e4,Urgot,top:Lee Sin,lineup-de5e31d683ce7975,1,2104.00000000,35.06666667,3,3,8,3.66666667,12868.00000000,11174.00000000,282,318.65019011,0.20669162,0.14904032,33,0.94106464,0.64705882,-874.00000000,-1176.00000000,-13.00000000,3,out_of_time,477.31535941,397.29863653,152.34899521,-1.04145859,2021-06-16
pg-1aefeb2a7d3be960,ESPORTSTMNT03_1993401,2021-06-22T17:25:45,2021-06-22,2021,Split 2,0,11.12,Red,oe:team:5628f250931675f9c0d20aad46cc117,Komil & Friends,oe:team:5a5f8cc0161f43afe3461b293535517,AGO ROGUE,oe:player:fc64481e9be7c98479a123b5ece6f9c,defles,bot,Twitch,oe:player:0482daf6543f102a27a265342292bb7,Ezreal,bot:Twitch,lineup-8cc7eac25b4975bb,0,2104.00000000,35.06666667,2,3,3,1.66666667,11889.00000000,9598.00000000,286,273.70722433,0.22423191,0.22139183,32,0.91254753,0.50000000,-1473.00000000,42.00000000,-9.00000000,3,out_of_time,415.89706988,505.79442420,202.05387072,-0.70372245,2021-06-16
pg-91483e6515364405,ESPORTSTMNT03_1993401,2021-06-22T17:25:45,2021-06-22,2021,Split 2,0,11.12,Red,oe:team:5628f250931675f9c0d20aad46cc117,Komil & Friends,oe:team:5a5f8cc0161f43afe3461b293535517,AGO ROGUE,oe:player:8a1c30199bac9efaa2161b14565595c,KonDziSan,jng,Nocturne,oe:player:6fc5fe723eed4ba4c230292be365c66,Rumble,jng:Nocturne,lineup-8cc7eac25b4975bb,0,2104.00000000,35.06666667,2,2,5,3.50000000,10086.00000000,6835.00000000,168,194.91444867,0.19022651,0.15765922,41,1.16920152,0.70000000,-68.00000000,401.00000000,-8.00000000,3,out_of_time,247.42091485,293.78333679,127.71788150,-0.41111288,2021-06-16
pg-bd0c812d69f59d8a,ESPORTSTMNT03_1993401,2021-06-22T17:25:45,2021-06-22,2021,Split 2,0,11.12,Red,oe:team:5628f250931675f9c0d20aad46cc117,Komil & Friends,oe:team:5a5f8cc0161f43afe3461b293535517,AGO ROGUE,oe:player:56b90211cf581dd16f58da4eb71317f,Wojux,mid,Orianna,oe:player:2096ff50c6496d70e4b39793390c9ce,Viktor,mid:Orianna,lineup-8cc7eac25b4975bb,0,2104.00000000,35.06666667,3,4,2,1.25000000,11879.00000000,12626.00000000,267,360.05703422,0.22404330,0.29123705,22,0.62737643,0.50000000,247.00000000,356.00000000,-16.00000000,3,out_of_time,392.18250364,449.51039436,156.79169329,-0.20489267,2021-06-16
pg-8e7250bc7e5fe8a7,ESPORTSTMNT03_1993401,2021-06-22T17:25:45,2021-06-22,2021,Split 2,0,11.12,Red,oe:team:5628f250931675f9c0d20aad46cc117,Komil & Friends,oe:team:5a5f8cc0161f43afe3461b293535517,AGO ROGUE,oe:player:1f892f04e94e144dadcc8be197d4f5b,minemaciek,sup,Leona,oe:player:3e68fd564e4e518b8aed89b9a0bf855,Nautilus,sup:Leona,lineup-8cc7eac25b4975bb,0,2104.00000000,35.06666667,0,5,4,0.80000000,6763.00000000,1898.00000000,48,54.12547529,0.12755323,0.04378013,96,2.73764259,0.40000000,-816.00000000,4.00000000,0.00000000,3,out_of_time,94.26858356,146.90637541,79.57217222,-0.50448677,2021-06-16
pg-0eafb0519b2a1b0c,ESPORTSTMNT03_1993401,2021-06-22T17:25:45,2021-06-22,2021,Split 2,0,11.12,Red,oe:team:5628f250931675f9c0d20aad46cc117,Komil & Friends,oe:team:5a5f8cc0161f43afe3461b293535517,AGO ROGUE,oe:player:8e00e6377e8725af3b2bc927d6710e4,Grzybek,top,Urgot,oe:player:a7b756e008bfcb7148cdb51f886c3fa,Lee Sin,top:Urgot,lineup-8cc7eac25b4975bb,0,2104.00000000,35.06666667,3,3,2,1.66666667,12404.00000000,12396.00000000,277,353.49809886,0.23394504,0.28593177,34,0.96958175,0.50000000,874.00000000,1176.00000000,13.00000000,3,out_of_time,316.56677274,397.29863653,152.34899521,0.24241267,2021-06-16
pg-70b3c138bfa39c3c,ESPORTSTMNT03_1994056,2021-06-23T14:36:51,2021-06-23,2021,Split 2,0,11.12,Blue,oe:team:5628f250931675f9c0d20aad46cc117,Komil & Friends,oe:team:6cedba5819b5b7c465cb3bb48bfe855,Illuminar Gaming,oe:player:fc64481e9be7c98479a123b5ece6f9c,defles,bot,Varus,oe:player:694ee794a9d3a8c3fbd658becb89769,Tristana,bot:Varus,lineup-8cc7eac25b4975bb,0,2250.00000000,37.50000000,2,5,4,1.20000000,13807.00000000,24259.00000000,312,646.90666667,0.23578333,0.38290585,40,1.06666667,0.54545455,-183.00000000,458.00000000,14.00000000,3,out_of_time,449.96550738,505.79442420,202.05387072,0.97469630,2021-06-16
pg-8e74ec7b5efd686e,ESPORTSTMNT03_1994056,2021-06-23T14:36:51,2021-06-23,2021,Split 2,0,11.12,Blue,oe:team:5628f250931675f9c0d20aad46cc117,Komil & Friends,oe:team:6cedba5819b5b7c465cb3bb48bfe855,Illuminar Gaming,oe:player:8a1c30199bac9efaa2161b14565595c,KonDziSan,jng,Rumble,oe:player:243afb63fb97e1791ffee0cec41ecdf,Diana,jng:Rumble,lineup-8cc7eac25b4975bb,0,2250.00000000,37.50000000,4,6,5,1.50000000,11905.00000000,12714.00000000,202,339.04000000,0.20330271,0.20067872,36,0.96000000,0.81818182,198.00000000,247.00000000,-17.00000000,3,out_of_time,264.93327762,293.78333679,127.71788150,0.58023764,2021-06-16
pg-a8d2b5a17b77c067,ESPORTSTMNT03_1994056,2021-06-23T14:36:51,2021-06-23,2021,Split 2,0,11.12,Blue,oe:team:5628f250931675f9c0d20aad46cc117,Komil & Friends,oe:team:6cedba5819b5b7c465cb3bb48bfe855,Illuminar Gaming,oe:player:56b90211cf581dd16f58da4eb71317f,Wojux,mid,Karma,oe:player:7e33124e33721ef8f70d2dd843b57da,Lee Sin,mid:Karma,lineup-8cc7eac25b4975bb,0,2250.00000000,37.50000000,3,2,6,4.50000000,11176.00000000,9366.00000000,228,249.76000000,0.19085351,0.14783364,51,1.36000000,0.81818182,171.00000000,87.00000000,-5.00000000,3,out_of_time,336.66296908,449.51039436,156.79169329,-0.55425748,2021-06-16
pg-d09a1845c287c6a2,ESPORTSTMNT03_1994056,2021-06-23T14:36:51,2021-06-23,2021,Split 2,0,11.12,Blue,oe:team:5628f250931675f9c0d20aad46cc117,Komil & Friends,oe:team:6cedba5819b5b7c465cb3bb48bfe855,Illuminar Gaming,oe:player:1f892f04e94e144dadcc8be197d4f5b,minemaciek,sup,Leona,oe:player:e0357bd3e9e044c623fbc77cc985cd7,Braum,sup:Leona,lineup-8cc7eac25b4975bb,0,2250.00000000,37.50000000,0,5,6,1.20000000,7819.00000000,3550.00000000,66,94.66666667,0.13352574,0.05603346,108,2.88000000,0.54545455,-633.00000000,-1037.00000000,7.00000000,3,out_of_time,76.34879160,146.90637541,79.57217222,0.23020454,2021-06-16
pg-12f6766e7e73c21c,ESPORTSTMNT03_1994056,2021-06-23T14:36:51,2021-06-23,2021,Split 2,0,11.12,Blue,oe:team:5628f250931675f9c0d20aad46cc117,Komil & Friends,oe:team:6cedba5819b5b7c465cb3bb48bfe855,Illuminar Gaming,oe:player:8e00e6377e8725af3b2bc927d6710e4,Grzybek,top,Wukong,oe:player:298b3a3324ca8d42c20518481cab844,Akali,top:Wukong,lineup-8cc7eac25b4975bb,0,2250.00000000,37.50000000,2,3,2,1.33333333,13851.00000000,13466.00000000,279,359.09333333,0.23653472,0.21254834,32,0.85333333,0.36363636,453.00000000,70.00000000,-5.00000000,3,out_of_time,337.01155719,397.29863653,152.34899521,0.14494205,2021-06-16
pg-e697c2509ac067ef,ESPORTSTMNT03_1994056,2021-06-23T14:36:51,2021-06-23,2021,Split 2,0,11.12,Red,oe:team:6cedba5819b5b7c465cb3bb48bfe855,Illuminar Gaming,oe:team:5628f250931675f9c0d20aad46cc117,Komil & Friends,oe:player:694ee794a9d3a8c3fbd658becb89769,Zamulek,bot,Tristana,oe:player:fc64481e9be7c98479a123b5ece6f9c,Varus,bot:Tristana,lineup-3c3e1664e86dfbcc,1,2250.00000000,37.50000000,8,1,6,14.00000000,18740.00000000,22977.00000000,397,612.72000000,0.27472769,0.33023369,92,2.45333333,0.66666667,183.00000000,-458.00000000,-14.00000000,3,out_of_time,550.06395787,505.79442420,202.05387072,0.31009573,2021-06-16
pg-99e2d333c63152a7,ESPORTSTMNT03_1994056,2021-06-23T14:36:51,2021-06-23,2021,Split 2,0,11.12,Red,oe:team:6cedba5819b5b7c465cb3bb48bfe855,Illuminar Gaming,oe:team:5628f250931675f9c0d20aad46cc117,Komil & Friends,oe:player:243afb63fb97e1791ffee0cec41ecdf,Krysia,jng,Diana,oe:player:8a1c30199bac9efaa2161b14565595c,Rumble,jng:Diana,lineup-3c3e1664e86dfbcc,1,2250.00000000,37.50000000,3,4,8,2.75000000,13050.00000000,15355.00000000,238,409.46666667,0.19131251,0.22068757,45,1.20000000,0.52380952,-198.00000000,-247.00000000,17.00000000,3,out_of_time,351.24255387,293.78333679,127.71788150,0.45588067,2021-06-16
pg-55039bf77077a59b,ESPORTSTMNT03_1994056,2021-06-23T14:36:51,2021-06-23,2021,Split 2,0,11.12,Red,oe:team:6cedba5819b5b7c465cb3bb48bfe855,Illuminar Gaming,oe:team:5628f250931675f9c0d20aad46cc117,Komil & Friends,oe:player:7e33124e33721ef8f70d2dd843b57da,ESCIK,mid,Lee Sin,oe:player:56b90211cf581dd16f58da4eb71317f,Karma,mid:Lee Sin,lineup-3c3e1664e86dfbcc,1,2250.00000000,37.50000000,3,3,8,3.66666667,13681.00000000,9128.00000000,268,243.41333333,0.20056294,0.13119089,49,1.30666667,0.52380952,-171.00000000,-87.00000000,5.00000000,3,out_of_time,484.88304741,449.51039436,156.79169329,-1.54006701,2021-06-16
pg-faf8160b876d9949,ESPORTSTMNT03_1994056,2021-06-23T14:36:51,2021-06-23,2021,Split 2,0,11.12,Red,oe:team:6cedba5819b5b7c465cb3bb48bfe855,Illuminar Gaming,oe:team:5628f250931675f9c0d20aad46cc117,Komil & Friends,oe:player:e0357bd3e9e044c623fbc77cc985cd7,xCharm,sup,Braum,oe:player:1f892f04e94e144dadcc8be197d4f5b,Leona,sup:Braum,lineup-3c3e1664e86dfbcc,1,2250.00000000,37.50000000,1,2,12,6.50000000,9096.00000000,5076.00000000,41,135.36000000,0.13334702,0.07295409,98,2.61333333,0.61904762,633.00000000,1037.00000000,-7.00000000,3,out_of_time,220.23133017,146.90637541,79.57217222,-1.06659562,2021-06-16
pg-4a10c58e6dafe30f,ESPORTSTMNT03_1994056,2021-06-23T14:36:51,2021-06-23,2021,Split 2,0,11.12,Red,oe:team:6cedba5819b5b7c465cb3bb48bfe855,Illuminar Gaming,oe:team:5628f250931675f9c0d20aad46cc117,Komil & Friends,oe:player:298b3a3324ca8d42c20518481cab844,LEQINHO6,top,Akali,oe:player:8e00e6377e8725af3b2bc927d6710e4,Wukong,top:Akali,lineup-3c3e1664e86dfbcc,1,2250.00000000,37.50000000,6,2,1,3.50000000,13646.00000000,17042.00000000,249,454.45333333,0.20004984,0.24493374,35,0.93333333,0.33333333,-453.00000000,-70.00000000,5.00000000,3,out_of_time,475.06895411,397.29863653,152.34899521,-0.13531839,2021-06-16
pg-072ff76def289d59,ESPORTSTMNT03_1994176,2021-06-23T16:29:14,2021-06-23,2021,Split 2,0,11.12,Blue,oe:team:1158ec5b08f516ca81868bc48293989,Team ESCA Gaming,oe:team:5a5f8cc0161f43afe3461b293535517,AGO ROGUE,oe:player:3d022fcafe5af9f52df92b17c015fe6,HARPOON,bot,Tristana,oe:player:0482daf6543f102a27a265342292bb7,Kai'Sa,bot:Tristana,lineup-6f5844aa4e991672,0,1846.00000000,30.76666667,0,1,4,4.00000000,11129.00000000,7882.00000000,279,256.18634886,0.22292777,0.18651648,21,0.68255688,0.44444444,-1772.00000000,-1021.00000000,-29.00000000,3,out_of_time,456.79552287,505.79442420,202.05387072,-0.99284994,2021-06-16
pg-6ae52e39120c909d,ESPORTSTMNT03_1994176,2021-06-23T16:29:14,2021-06-23,2021,Split 2,0,11.12,Blue,oe:team:1158ec5b08f516ca81868bc48293989,Team ESCA Gaming,oe:team:5a5f8cc0161f43afe3461b293535517,AGO ROGUE,oe:player:4c56aef4b6fee236568a5769a8328aa,Xeonerr,jng,Diana,oe:player:6fc5fe723eed4ba4c230292be365c66,Rumble,jng:Diana,lineup-6f5844aa4e991672,0,1846.00000000,30.76666667,3,8,4,0.87500000,9769.00000000,10191.00000000,182,331.23510293,0.19568527,0.24115573,28,0.91007584,0.77777778,-315.00000000,-1235.00000000,-22.00000000,3,out_of_time,253.12230339,293.78333679,127.71788150,0.61160425,2021-06-16
pg-0f4437b307095a60,ESPORTSTMNT03_1994176,2021-06-23T16:29:14,2021-06-23,2021,Split 2,0,11.12,Blue,oe:team:1158ec5b08f516ca81868bc48293989,Team ESCA Gaming,oe:team:5a5f8cc0161f43afe3461b293535517,AGO ROGUE,oe:player:eec9551ee8ca36e4892be7901f79ec2,Dawidsonek,mid,Tryndamere,oe:player:2096ff50c6496d70e4b39793390c9ce,Lee Sin,mid:Tryndamere,lineup-6f5844aa4e991672,0,1846.00000000,30.76666667,5,4,2,1.75000000,12069.00000000,11936.00000000,211,387.95232936,0.24175714,0.28244871,15,0.48754063,0.77777778,-1016.00000000,-593.00000000,-25.00000000,3,out_of_time,369.07880157,449.51039436,156.79169329,0.12037326,2021-06-16
pg-4aeb0f5cc633d1a6,ESPORTSTMNT03_1994176,2021-06-23T16:29:14,2021-06-23,2021,Split 2,0,11.12,Blue,oe:team:1158ec5b08f516ca81868bc48293989,Team ESCA Gaming,oe:team:5a5f8cc0161f43afe3461b293535517,AGO ROGUE,oe:player:e1ddc411cd92f26392b707a48e5c700,marlon,sup,Karma,oe:player:3e68fd564e4e518b8aed89b9a0bf855,Nautilus,sup:Karma,lineup-6f5844aa4e991672,0,1846.00000000,30.76666667,0,6,7,1.16666667,6105.00000000,4234.00000000,21,137.61646804,0.12229077,0.10019168,71,2.30769231,0.77777778,-789.00000000,-813.00000000,-14.00000000,3,out_of_time,135.46173669,146.90637541,79.57217222,0.02707896,2021-06-16
pg-f65eb9a39bb6f881,ESPORTSTMNT03_1994176,2021-06-23T16:29:14,2021-06-23,2021,Split 2,0,11.12,Blue,oe:team:1158ec5b08f516ca81868bc48293989,Team ESCA Gaming,oe:team:5a5f8cc0161f43afe3461b293535517,AGO ROGUE,oe:player:455527eab48df51aaf02979e65dd651,Jaqen,top,Nocturne,oe:player:a7b756e008bfcb7148cdb51f886c3fa,Malphite,top:Nocturne,lineup-6f5844aa4e991672,0,1846.00000000,30.76666667,1,2,3,2.00000000,10850.00000000,8016.00000000,256,260.54171181,0.21733905,0.18968740,17,0.55254605,0.44444444,964.00000000,58.00000000,16.00000000,3,out_of_time,346.54285500,397.29863653,152.34899521,-0.56450089,2021-06-16
pg-b1fdaca48d5cf8ba,ESPORTSTMNT03_1994176,2021-06-23T16:29:14,2021-06-23,2021,Split 2,0,11.12,Red,oe:team:5a5f8cc0161f43afe3461b293535517,AGO ROGUE,oe:team:1158ec5b08f516ca81868bc48293989,Team ESCA Gaming,oe:player:0482daf6543f102a27a265342292bb7,Lucker,bot,Kai'Sa,oe:player:3d022fcafe5af9f52df92b17c015fe6,Tristana,bot:Kai'Sa,lineup-de5e31d683ce7975,1,1846.00000000,30.76666667,9,2,4,6.50000000,15460.00000000,17373.00000000,297,564.66955580,0.25568088,0.24742929,24,0.78006501,0.61904762,1772.00000000,1021.00000000,29.00000000,3,out_of_time,547.18914173,505.79442420,202.05387072,0.08651363,2021-06-16
pg-de6cce8f219847b4,ESPORTSTMNT03_1994176,2021-06-23T16:29:14,2021-06-23,2021,Split 2,0,11.12,Red,oe:team:5a5f8cc0161f43afe3461b293535517,AGO ROGUE,oe:team:1158ec5b08f516ca81868bc48293989,Team ESCA Gaming,oe:player:6fc5fe723eed4ba4c230292be365c66,Lurox,jng,Rumble,oe:player:4c56aef4b6fee236568a5769a8328aa,Diana,jng:Rumble,lineup-de5e31d683ce7975,1,1846.00000000,30.76666667,2,0,9,11.00000000,11376.00000000,10952.00000000,209,355.96966414,0.18813879,0.15598029,50,1.62513543,0.52380952,315.00000000,1235.00000000,22.00000000,3,out_of_time,376.33736104,293.78333679,127.71788150,-0.15947412,2021-06-16
pg-b03837536b1e860b,ESPORTSTMNT03_1994176,2021-06-23T16:29:14,2021-06-23,2021,Split 2,0,11.12,Red,oe:team:5a5f8cc0161f43afe3461b293535517,AGO ROGUE,oe:team:1158ec5b08f516ca81868bc48293989,Team ESCA Gaming,oe:player:2096ff50c6496d70e4b39793390c9ce,Sencux,mid,Lee Sin,oe:player:eec9551ee8ca36e4892be7901f79ec2,Tryndamere,mid:Lee Sin,lineup-de5e31d683ce7975,1,1846.00000000,30.76666667,6,1,7,13.00000000,14039.00000000,23662.00000000,254,769.07908992,0.23218007,0.33699832,32,1.04008667,0.61904762,1016.00000000,593.00000000,25.00000000,3,out_of_time,471.62048895,449.51039436,156.79169329,1.89715791,2021-06-16
pg-43a98f660e9fd7fb,ESPORTSTMNT03_1994176,2021-06-23T16:29:14,2021-06-23,2021,Split 2,0,11.12,Red,oe:team:5a5f8cc0161f43afe3461b293535517,AGO ROGUE,oe:team:1158ec5b08f516ca81868bc48293989,Team ESCA Gaming,oe:player:3e68fd564e4e518b8aed89b9a0bf855,Pyrka,sup,Nautilus,oe:player:e1ddc411cd92f26392b707a48e5c700,Karma,sup:Nautilus,lineup-de5e31d683ce7975,1,1846.00000000,30.76666667,0,5,15,3.00000000,8194.00000000,4769.00000000,33,155.00541712,0.13551417,0.06792093,79,2.56771398,0.71428571,789.00000000,813.00000000,14.00000000,3,out_of_time,219.16097498,146.90637541,79.57217222,-0.80625621,2021-06-16
pg-55be9f0589314205,ESPORTSTMNT03_1994176,2021-06-23T16:29:14,2021-06-23,2021,Split 2,0,11.12,Red,oe:team:5a5f8cc0161f43afe3461b293535517,AGO ROGUE,oe:team:1158ec5b08f516ca81868bc48293989,Team ESCA Gaming,oe:player:a7b756e008bfcb7148cdb51f886c3fa,Sinmivak,top,Malphite,oe:player:455527eab48df51aaf02979e65dd651,Nocturne,top:Malphite,lineup-de5e31d683ce7975,1,1846.00000000,30.76666667,4,1,8,12.00000000,11397.00000000,13458.00000000,200,437.42145179,0.18848609,0.19167118,35,1.13759480,0.57142857,-964.00000000,-58.00000000,-16.00000000,3,out_of_time,435.93475624,397.29863653,152.34899521,0.00975849,2021-06-16
pg-565cde945996510c,ESPORTSTMNT03_1994280,2021-06-23T17:56:44,2021-06-23,2021,Split 2,0,11.12,Blue,oe:team:73f3cc4e54620b1454530648442e066,K1CK,oe:team:d2628b4f33cdc631c1fc42be5d2b771,PDW,oe:player:b4a352b2b8782a2bb21bce1a2f47645,Puki Style,bot,Varus,oe:player:7705566e63eedc7bd6c4c72d43c9104,Senna,bot:Varus,lineup-61a9b3fcfcd532f8,0,1451.00000000,24.18333333,1,4,0,0.25000000,7547.00000000,8230.00000000,173,340.31702274,0.21403857,0.21553530,18,0.74431427,0.33333333,754.00000000,369.00000000,110.00000000,3,out_of_time,579.56192991,505.79442420,202.05387072,-1.18406495,2021-06-16
pg-7ad53f8886d64021,ESPORTSTMNT03_1994280,2021-06-23T17:56:44,2021-06-23,2021,Split 2,0,11.12,Blue,oe:team:73f3cc4e54620b1454530648442e066,K1CK,oe:team:d2628b4f33cdc631c1fc42be5d2b771,PDW,oe:player:752b048c76633399b04f6e87a8b211c,Stefan,jng,Xin Zhao,oe:player:7471c21aed615dae3e49140eca8ce89,Volibear,jng:Xin Zhao,lineup-61a9b3fcfcd532f8,0,1451.00000000,24.18333333,0,5,2,0.40000000,6492.00000000,7301.00000000,109,301.90213646,0.18411798,0.19120574,31,1.28187457,0.66666667,-1360.00000000,-1706.00000000,-33.00000000,3,out_of_time,328.27957322,293.78333679,127.71788150,-0.20652892,2021-06-16
pg-83d895dec21aed56,ESPORTSTMNT03_1994280,2021-06-23T17:56:44,2021-06-23,2021,Split 2,0,11.12,Blue,oe:team:73f3cc4e54620b1454530648442e066,K1CK,oe:team:d2628b4f33cdc631c1fc42be5d2b771,PDW,oe:player:be4ce50af0cd0d8574aa3820c37d1ae,Matislaw,mid,Karma,oe:player:73ac73edf51a3acdfa494e271c6ee29,Lulu,mid:Karma,lineup-61a9b3fcfcd532f8,0,1451.00000000,24.18333333,1,1,1,2.00000000,8319.00000000,9392.00000000,192,388.36664369,0.23593307,0.24596690,20,0.82701585,0.66666667,428.00000000,122.00000000,-8.00000000,3,out_of_time,420.66575290,449.51039436,156.79169329,-0.20600013,2021-06-16
pg-57ce5adca3865c6c,ESPORTSTMNT03_1994280,2021-06-23T17:56:44,2021-06-23,2021,Split 2,0,11.12,Blue,oe:team:73f3cc4e54620b1454530648442e066,K1CK,oe:team:d2628b4f33cdc631c1fc42be5d2b771,PDW,oe:player:84bd988294f5dd9ae9a499abf6524a0,Raxxo,sup,Leona,oe:player:1f111e88abd984a347713f070de73e3,Sett,sup:Leona,lineup-61a9b3fcfcd532f8,0,1451.00000000,24.18333333,0,1,1,1.00000000,4785.00000000,3252.00000000,33,134.47277739,0.13570618,0.08516656,64,2.64645072,0.33333333,-1911.00000000,-1629.00000000,-83.00000000,3,out_of_time,197.59671304,146.90637541,79.57217222,-0.79329160,2021-06-16
pg-744f0ba146af982a,ESPORTSTMNT03_1994280,2021-06-23T17:56:44,2021-06-23,2021,Split 2,0,11.12,Blue,oe:team:73f3cc4e54620b1454530648442e066,K1CK,oe:team:d2628b4f33cdc631c1fc42be5d2b771,PDW,oe:player:1f8b2df4c6ee43a1c1dc29817c0a201,Sacre,top,Kennen,oe:player:cb5feb1b7314637725a2e73bdc9f729,Nocturne,top:Kennen,lineup-61a9b3fcfcd532f8,0,1451.00000000,24.18333333,1,4,2,0.75000000,8117.00000000,10009.00000000,202,413.88008270,0.23020420,0.26212550,34,1.40592695,1.00000000,408.00000000,457.00000000,26.00000000,3,out_of_time,425.47593040,397.29863653,152.34899521,-0.07611371,2021-06-16
pg-814177012823180d,ESPORTSTMNT03_1994280,2021-06-23T17:56:44,2021-06-23,2021,Split 2,0,11.12,Red,oe:team:d2628b4f33cdc631c1fc42be5d2b771,PDW,oe:team:73f3cc4e54620b1454530648442e066,K1CK,oe:player:7705566e63eedc7bd6c4c72d43c9104,odi11,bot,Senna,oe:player:b4a352b2b8782a2bb21bce1a2f47645,Varus,bot:Senna,lineup-449ab01c69a3adca,1,1451.00000000,24.18333333,2,0,12,14.00000000,8011.00000000,9836.00000000,51,406.72639559,0.18631099,0.24583854,35,1.44727774,0.93333333,-754.00000000,-369.00000000,-110.00000000,3,out_of_time,520.38061993,505.79442420,202.05387072,-0.56249467,2021-06-16
pg-2739a366471ce53f,ESPORTSTMNT03_1994280,2021-06-23T17:56:44,2021-06-23,2021,Split 2,0,11.12,Red,oe:team:d2628b4f33cdc631c1fc42be5d2b771,PDW,oe:team:73f3cc4e54620b1454530648442e066,K1CK,oe:player:7471c21aed615dae3e49140eca8ce89,Bruness,jng,Volibear,oe:player:752b048c76633399b04f6e87a8b211c,Xin Zhao,jng:Volibear,lineup-449ab01c69a3adca,1,1451.00000000,24.18333333,6,0,6,12.00000000,9651.00000000,9594.00000000,161,396.71950379,0.22445230,0.23979005,27,1.11647140,0.80000000,1360.00000000,1706.00000000,33.00000000,3,out_of_time,290.86197625,293.78333679,127.71788150,0.82883874,2021-06-16
pg-5b9acfb1ab846fec,ESPORTSTMNT03_1994280,2021-06-23T17:56:44,2021-06-23,2021,Split 2,0,11.12,Red,oe:team:d2628b4f33cdc631c1fc42be5d2b771,PDW,oe:team:73f3cc4e54620b1454530648442e066,K1CK,oe:player:73ac73edf51a3acdfa494e271c6ee29,Czajek,mid,Lulu,oe:player:be4ce50af0cd0d8574aa3820c37d1ae,Karma,mid:Lulu,lineup-449ab01c69a3adca,1,1451.00000000,24.18333333,2,0,12,14.00000000,8488.00000000,5034.00000000,177,208.15988973,0.19740453,0.12581855,27,1.11647140,0.93333333,-428.00000000,-122.00000000,8.00000000,3,out_of_time,437.67655168,449.51039436,156.79169329,-1.46383177,2021-06-16
pg-5c1002dfd68c6057,ESPORTSTMNT03_1994280,2021-06-23T17:56:44,2021-06-23,2021,Split 2,0,11.12,Red,oe:team:d2628b4f33cdc631c1fc42be5d2b771,PDW,oe:team:73f3cc4e54620b1454530648442e066,K1CK,oe:player:1f111e88abd984a347713f070de73e3,kubYD,sup,Sett,oe:player:84bd988294f5dd9ae9a499abf6524a0,Leona,sup:Sett,lineup-449ab01c69a3adca,1,1451.00000000,24.18333333,3,0,7,10.00000000,7976.00000000,9209.00000000,129,380.79944866,0.18549700,0.23016746,21,0.86836664,0.66666667,1911.00000000,1629.00000000,83.00000000,3,out_of_time,196.15283440,146.90637541,79.57217222,2.32049232,2021-06-16
pg-7166de67ead86a02,ESPORTSTMNT03_1994280,2021-06-23T17:56:44,2021-06-23,2021,Split 2,0,11.12,Red,oe:team:d2628b4f33cdc631c1fc42be5d2b771,PDW,oe:team:73f3cc4e54620b1454530648442e066,K1CK,oe:player:cb5feb1b7314637725a2e73bdc9f729,Color,top,Nocturne,oe:player:1f8b2df4c6ee43a1c1dc29817c0a201,Kennen,top:Nocturne,lineup-449ab01c69a3adca,1,1451.00000000,24.18333333,2,3,5,2.33333333,8872.00000000,6337.00000000,187,262.03997243,0.20633518,0.15838540,29,1.19917298,0.46666667,-408.00000000,-457.00000000,-26.00000000,3,out_of_time,398.01300500,397.29863653,152.34899521,-0.89251020,2021-06-16
pg-e93427c42c352129,ESPORTSTMNT03_2004237,2021-06-23T18:59:13,2021-06-23,2021,Split 2,0,11.12,Blue,oe:team:f27741afb3044c971eeced9d0c2daa1,devils.one,oe:team:3a1d5821b38ab1ddec52f944973d1bd,Gentlemen's Gaming,oe:player:a2592097e38eeeec92fb042c009147d,Ejsner,bot,Senna,oe:player:50cce5a33514ebe62201a0a45314eca,Tristana,bot:Senna,lineup-8fb045b81dd22d44,1,1610.00000000,26.83333333,1,0,12,13.00000000,8495.00000000,6432.00000000,35,239.70186335,0.15704145,0.13327808,68,2.53416149,0.61904762,-648.00000000,-1319.00000000,-119.00000000,3,out_of_time,546.81690933,505.79442420,202.05387072,-1.51996616,2021-06-16
pg-d252aa267b83c88c,ESPORTSTMNT03_2004237,2021-06-23T18:59:13,2021-06-23,2021,Split 2,0,11.12,Blue,oe:team:f27741afb3044c971eeced9d0c2daa1,devils.one,oe:team:3a1d5821b38ab1ddec52f944973d1bd,Gentlemen's Gaming,oe:player:2d1fca25321f6983dc3e1da11039a80,Diagu,jng,Rumble,oe:player:24807d9986c4fda13d994791032cde1,Lee Sin,jng:Rumble,lineup-8fb045b81dd22d44,1,1610.00000000,26.83333333,7,2,11,9.00000000,12304.00000000,12983.00000000,187,483.83850932,0.22745591,0.26902196,50,1.86335404,0.85714286,1372.00000000,905.00000000,15.00000000,3,out_of_time,356.76633401,293.78333679,127.71788150,0.99494428,2021-06-16
pg-a27de80ef5202ad1,ESPORTSTMNT03_2004237,2021-06-23T18:59:13,2021-06-23,2021,Split 2,0,11.12,Blue,oe:team:f27741afb3044c971eeced9d0c2daa1,devils.one,oe:team:3a1d5821b38ab1ddec52f944973d1bd,Gentlemen's Gaming,oe:player:efde1a9fe9e6f1059c3fce2ec296fae,many,mid,Nocturne,oe:player:d76cb4dd926111e0b5a4c101f1218a1,Akali,mid:Nocturne,lineup-8fb045b81dd22d44,1,1610.00000000,26.83333333,6,0,11,17.00000000,11813.00000000,12255.00000000,212,456.70807453,0.21837912,0.25393701,25,0.93167702,0.80952381,2168.00000000,1741.00000000,14.00000000,3,out_of_time,460.60146288,449.51039436,156.79169329,-0.02483160,2021-06-16
pg-17d0dabd624adc68,ESPORTSTMNT03_2004237,2021-06-23T18:59:13,2021-06-23,2021,Split 2,0,11.12,Blue,oe:team:f27741afb3044c971eeced9d0c2daa1,devils.one,oe:team:3a1d5821b38ab1ddec52f944973d1bd,Gentlemen's Gaming,oe:player:945f30b38a435b37c2e70d893cb6a72,YuNIshinoya,sup,Sion,oe:player:dc0ab0700ebab412ecfc2e808b86e0f,Braum,sup:Sion,lineup-8fb045b81dd22d44,1,1610.00000000,26.83333333,4,0,9,13.00000000,10110.00000000,5606.00000000,174,208.91925466,0.18689688,0.11616245,18,0.67080745,0.61904762,1924.00000000,666.00000000,80.00000000,3,out_of_time,211.05598510,146.90637541,79.57217222,-0.02685273,2021-06-16
pg-e2ec6a465e20c586,ESPORTSTMNT03_2004237,2021-06-23T18:59:13,2021-06-23,2021,Split 2,0,11.12,Blue,oe:team:f27741afb3044c971eeced9d0c2daa1,devils.one,oe:team:3a1d5821b38ab1ddec52f944973d1bd,Gentlemen's Gaming,oe:player:e93fad90f312c1f10c64b60e5ba17c7,sheru,top,Viego,oe:player:8486d94ef23b38c67c76b647613d881,Camille,top:Viego,lineup-8fb045b81dd22d44,1,1610.00000000,26.83333333,3,3,13,5.33333333,11372.00000000,10984.00000000,189,409.34161491,0.21022664,0.22760050,18,0.67080745,0.76190476,729.00000000,578.00000000,10.00000000,3,out_of_time,391.14451400,397.29863653,152.34899521,0.11944352,2021-06-16
pg-8a188a868ea3991b,ESPORTSTMNT03_2004237,2021-06-23T18:59:13,2021-06-23,2021,Split 2,0,11.12,Red,oe:team:3a1d5821b38ab1ddec52f944973d1bd,Gentlemen's Gaming,oe:team:f27741afb3044c971eeced9d0c2daa1,devils.one,oe:player:50cce5a33514ebe62201a0a45314eca,Yashiro,bot,Tristana,oe:player:a2592097e38eeeec92fb042c009147d,Senna,bot:Tristana,lineup-18a4860f1407a610,0,1610.00000000,26.83333333,0,3,2,0.66666667,9402.00000000,9017.00000000,242,336.03726708,0.23083155,0.27388148,12,0.44720497,0.40000000,648.00000000,1319.00000000,119.00000000,3,out_of_time,565.51538239,505.79442420,202.05387072,-1.13572739,2021-06-16
pg-f0584a9888f0abf5,ESPORTSTMNT03_2004237,2021-06-23T18:59:13,2021-06-23,2021,Split 2,0,11.12,Red,oe:team:3a1d5821b38ab1ddec52f944973d1bd,Gentlemen's Gaming,oe:team:f27741afb3044c971eeced9d0c2daa1,devils.one,oe:player:24807d9986c4fda13d994791032cde1,Ben3k,jng,Lee Sin,oe:player:2d1fca25321f6983dc3e1da11039a80,Rumble,jng:Lee Sin,lineup-18a4860f1407a610,0,1610.00000000,26.83333333,4,7,1,0.71428571,8897.00000000,6602.00000000,148,246.03726708,0.21843313,0.20052851,33,1.22981366,1.00000000,-1372.00000000,-905.00000000,-15.00000000,3,out_of_time,323.77287513,293.78333679,127.71788150,-0.60865094,2021-06-16
pg-73e2c7894733e86d,ESPORTSTMNT03_2004237,2021-06-23T18:59:13,2021-06-23,2021,Split 2,0,11.12,Red,oe:team:3a1d5821b38ab1ddec52f944973d1bd,Gentlemen's Gaming,oe:team:f27741afb3044c971eeced9d0c2daa1,devils.one,oe:player:d76cb4dd926111e0b5a4c101f1218a1,bucu,mid,Akali,oe:player:efde1a9fe9e6f1059c3fce2ec296fae,Nocturne,mid:Akali,lineup-18a4860f1407a610,0,1610.00000000,26.83333333,0,4,1,0.25000000,8081.00000000,6516.00000000,192,242.83229814,0.19839925,0.19791635,26,0.96894410,0.20000000,-2168.00000000,-1741.00000000,-14.00000000,3,out_of_time,459.18865701,449.51039436,156.79169329,-1.37989682,2021-06-16
pg-f6d837735a32812b,ESPORTSTMNT03_2004237,2021-06-23T18:59:13,2021-06-23,2021,Split 2,0,11.12,Red,oe:team:3a1d5821b38ab1ddec52f944973d1bd,Gentlemen's Gaming,oe:team:f27741afb3044c971eeced9d0c2daa1,devils.one,oe:player:dc0ab0700ebab412ecfc2e808b86e0f,Crow,sup,Braum,oe:player:945f30b38a435b37c2e70d893cb6a72,Sion,sup:Braum,lineup-18a4860f1407a610,0,1610.00000000,26.83333333,0,2,1,0.50000000,5200.00000000,2568.00000000,33,95.70186335,0.12766689,0.07800018,59,2.19875776,0.20000000,-1924.00000000,-666.00000000,-80.00000000,3,out_of_time,227.62145387,146.90637541,79.57217222,-1.65786087,2021-06-16
pg-b700a0c3fd975191,ESPORTSTMNT03_2004237,2021-06-23T18:59:13,2021-06-23,2021,Split 2,0,11.12,Red,oe:team:3a1d5821b38ab1ddec52f944973d1bd,Gentlemen's Gaming,oe:team:f27741afb3044c971eeced9d0c2daa1,devils.one,oe:player:8486d94ef23b38c67c76b647613d881,bobista,top,Camille,oe:player:e93fad90f312c1f10c64b60e5ba17c7,Viego,top:Camille,lineup-18a4860f1407a610,0,1610.00000000,26.83333333,1,5,3,0.80000000,9151.00000000,8220.00000000,194,306.33540373,0.22466917,0.24967348,20,0.74534161,0.80000000,-729.00000000,-578.00000000,-10.00000000,3,out_of_time,452.26325548,397.29863653,152.34899521,-0.95785241,2021-06-16
pg-3ce56adee32e20a1,ESPORTSTMNT01_2131062,2021-06-29T14:42:21,2021-06-29,2021,Split 2,0,11.13,Blue,oe:team:3a1d5821b38ab1ddec52f944973d1bd,Gentlemen's Gaming,oe:team:1158ec5b08f516ca81868bc48293989,Team ESCA Gaming,oe:player:50cce5a33514ebe62201a0a45314eca,Yashiro,bot,Ezreal,oe:player:3d022fcafe5af9f52df92b17c015fe6,Varus,bot:Ezreal,lineup-18a4860f1407a610,0,2507.00000000,41.78333333,4,3,6,3.33333333,15652.00000000,27994.00000000,334,669.98005584,0.23003777,0.37685100,44,1.05305146,0.58823529,-406.00000000,-334.00000000,-6.00000000,3,out_of_time,534.89718457,505.79442420,202.05387072,0.66854879,2021-06-16
pg-a9323c93022b36a4,ESPORTSTMNT01_2131062,2021-06-29T14:42:21,2021-06-29,2021,Split 2,0,11.13,Blue,oe:team:3a1d5821b38ab1ddec52f944973d1bd,Gentlemen's Gaming,oe:team:1158ec5b08f516ca81868bc48293989,Team ESCA Gaming,oe:player:24807d9986c4fda13d994791032cde1,Ben3k,jng,Volibear,oe:player:4c56aef4b6fee236568a5769a8328aa,Rek'Sai,jng:Volibear,lineup-18a4860f1407a610,0,2507.00000000,41.78333333,4,3,9,4.33333333,13167.00000000,9770.00000000,205,233.82528919,0.19351567,0.13152227,65,1.55564420,0.76470588,465.00000000,-175.00000000,3.00000000,3,out_of_time,298.25714782,293.78333679,127.71788150,-0.50448581,2021-06-16
pg-019bd40a7428f900,ESPORTSTMNT01_2131062,2021-06-29T14:42:21,2021-06-29,2021,Split 2,0,11.13,Blue,oe:team:3a1d5821b38ab1ddec52f944973d1bd,Gentlemen's Gaming,oe:team:1158ec5b08f516ca81868bc48293989,Team ESCA Gaming,oe:player:d76cb4dd926111e0b5a4c101f1218a1,bucu,mid,Sylas,oe:player:eec9551ee8ca36e4892be7901f79ec2,Corki,mid:Sylas,lineup-18a4860f1407a610,0,2507.00000000,41.78333333,5,4,9,3.50000000,14899.00000000,18193.00000000,286,435.41284404,0.21897091,0.24491142,46,1.10091743,0.82352941,-53.00000000,383.00000000,-3.00000000,3,out_of_time,420.14238215,449.51039436,156.79169329,0.09739331,2021-06-16
pg-4955162d516a64e0,ESPORTSTMNT01_2131062,2021-06-29T14:42:21,2021-06-29,2021,Split 2,0,11.13,Blue,oe:team:3a1d5821b38ab1ddec52f944973d1bd,Gentlemen's Gaming,oe:team:1158ec5b08f516ca81868bc48293989,Team ESCA Gaming,oe:player:dc0ab0700ebab412ecfc2e808b86e0f,Crow,sup,Thresh,oe:player:e1ddc411cd92f26392b707a48e5c700,Alistar,sup:Thresh,lineup-18a4860f1407a610,0,2507.00000000,41.78333333,0,5,7,1.40000000,7885.00000000,3168.00000000,29,75.81970483,0.11588601,0.04264714,110,2.63262864,0.41176471,61.00000000,-329.00000000,-2.00000000,3,out_of_time,142.88754816,146.90637541,79.57217222,-0.84285550,2021-06-16
pg-724d8d0df9234f62,ESPORTSTMNT01_2131062,2021-06-29T14:42:21,2021-06-29,2021,Split 2,0,11.13,Blue,oe:team:3a1d5821b38ab1ddec52f944973d1bd,Gentlemen's Gaming,oe:team:1158ec5b08f516ca81868bc48293989,Team ESCA Gaming,oe:player:8486d94ef23b38c67c76b647613d881,bobista,top,Nocturne,oe:player:455527eab48df51aaf02979e65dd651,Jax,top:Nocturne,lineup-18a4860f1407a610,0,2507.00000000,41.78333333,4,4,5,2.25000000,16438.00000000,15159.00000000,327,362.80015955,0.24158963,0.20406817,45,1.07698444,0.52941176,-515.00000000,-859.00000000,-21.00000000,3,out_of_time,397.43173678,397.29863653,152.34899521,-0.22731740,2021-06-16
pg-60192589ba830940,ESPORTSTMNT01_2131062,2021-06-29T14:42:21,2021-06-29,2021,Split 2,0,11.13,Red,oe:team:1158ec5b08f516ca81868bc48293989,Team ESCA Gaming,oe:team:3a1d5821b38ab1ddec52f944973d1bd,Gentlemen's Gaming,oe:player:3d022fcafe5af9f52df92b17c015fe6,HARPOON,bot,Varus,oe:player:50cce5a33514ebe62201a0a45314eca,Ezreal,bot:Varus,lineup-6f5844aa4e991672,1,2507.00000000,41.78333333,4,6,7,1.83333333,15473.00000000,17858.00000000,318,427.39529318,0.21697611,0.20009188,21,0.50259274,0.57894737,406.00000000,334.00000000,6.00000000,3,out_of_time,506.19898916,505.79442420,202.05387072,-0.39001330,2021-06-16
pg-2a4cfaf3cd5e523a,ESPORTSTMNT01_2131062,2021-06-29T14:42:21,2021-06-29,2021,Split 2,0,11.13,Red,oe:team:1158ec5b08f516ca81868bc48293989,Team ESCA Gaming,oe:team:3a1d5821b38ab1ddec52f944973d1bd,Gentlemen's Gaming,oe:player:4c56aef4b6fee236568a5769a8328aa,Xeonerr,jng,Rek'Sai,oe:player:24807d9986c4fda13d994791032cde1,Volibear,jng:Rek'Sai,lineup-6f5844aa4e991672,1,2507.00000000,41.78333333,0,5,9,1.80000000,10334.00000000,5828.00000000,160,139.48145193,0.14491250,0.06530045,62,1.48384523,0.47368421,-465.00000000,175.00000000,-3.00000000,3,out_of_time,284.27001111,293.78333679,127.71788150,-1.13365926,2021-06-16
pg-b03ea6e3c2cb74c0,ESPORTSTMNT01_2131062,2021-06-29T14:42:21,2021-06-29,2021,Split 2,0,11.13,Red,oe:team:1158ec5b08f516ca81868bc48293989,Team ESCA Gaming,oe:team:3a1d5821b38ab1ddec52f944973d1bd,Gentlemen's Gaming,oe:player:eec9551ee8ca36e4892be7901f79ec2,Dawidsonek,mid,Corki,oe:player:d76cb4dd926111e0b5a4c101f1218a1,Sylas,mid:Corki,lineup-6f5844aa4e991672,1,2507.00000000,41.78333333,7,3,7,4.66666667,18048.00000000,38969.00000000,341,932.64459513,0.25308503,0.43663234,75,1.79497407,0.73684211,53.00000000,-383.00000000,3.00000000,3,out_of_time,417.55924170,449.51039436,156.79169329,3.28515716,2021-06-16
pg-55a76af14ce558bf,ESPORTSTMNT01_2131062,2021-06-29T14:42:21,2021-06-29,2021,Split 2,0,11.13,Red,oe:team:1158ec5b08f516ca81868bc48293989,Team ESCA Gaming,oe:team:3a1d5821b38ab1ddec52f944973d1bd,Gentlemen's Gaming,oe:player:e1ddc411cd92f26392b707a48e5c700,marlon,sup,Alistar,oe:player:dc0ab0700ebab412ecfc2e808b86e0f,Thresh,sup:Alistar,lineup-6f5844aa4e991672,1,2507.00000000,41.78333333,3,1,11,14.00000000,9318.00000000,6767.00000000,38,161.95452732,0.13066525,0.07582158,93,2.22576785,0.73684211,-61.00000000,329.00000000,2.00000000,3,out_of_time,129.65522585,146.90637541,79.57217222,0.40591202,2021-06-16
pg-8ed7af790d53ce72,ESPORTSTMNT01_2131062,2021-06-29T14:42:21,2021-06-29,2021,Split 2,0,11.13,Red,oe:team:1158ec5b08f516ca81868bc48293989,Team ESCA Gaming,oe:team:3a1d5821b38ab1ddec52f944973d1bd,Gentlemen's Gaming,oe:player:455527eab48df51aaf02979e65dd651,Jaqen,top,Jax,oe:player:8486d94ef23b38c67c76b647613d881,Nocturne,top:Jax,lineup-6f5844aa4e991672,1,2507.00000000,41.78333333,5,2,7,6.00000000,18139.00000000,19827.00000000,370,474.51934583,0.25436112,0.22215375,36,0.86158755,0.63157895,515.00000000,859.00000000,21.00000000,3,out_of_time,391.19979542,397.29863653,152.34899521,0.54689924,2021-06-16
pg-826d7304108d614d,ESPORTSTMNT01_2131075,2021-06-29T15:21:33,2021-06-29,2021,Split 2,0,11.13,Blue,oe:team:5a5f8cc0161f43afe3461b293535517,AGO ROGUE,oe:team:6cedba5819b5b7c465cb3bb48bfe855,Illuminar Gaming,oe:player:0482daf6543f102a27a265342292bb7,Lucker,bot,Kai'Sa,oe:player:694ee794a9d3a8c3fbd658becb89769,Tristana,bot:Kai'Sa,lineup-de5e31d683ce7975,0,1906.00000000,31.76666667,3,2,0,1.50000000,14114.00000000,8594.00000000,360,270.53515215,0.26813838,0.21575076,20,0.62959077,0.42857143,-461.00000000,562.00000000,10.00000000,3,out_of_time,490.02428877,505.79442420,202.05387072,-1.08629019,2021-06-16
pg-43f245d4edfd5fed,ESPORTSTMNT01_2131075,2021-06-29T15:21:33,2021-06-29,2021,Split 2,0,11.13,Blue,oe:team:5a5f8cc0161f43afe3461b293535517,AGO ROGUE,oe:team:6cedba5819b5b7c465cb3bb48bfe855,Illuminar Gaming,oe:player:6fc5fe723eed4ba4c230292be365c66,Lurox,jng,Xin Zhao,oe:player:243afb63fb97e1791ffee0cec41ecdf,Nidalee,jng:Xin Zhao,lineup-de5e31d683ce7975,0,1906.00000000,31.76666667,3,2,2,2.50000000,10350.00000000,9983.00000000,179,314.26023085,0.19662975,0.25062134,58,1.82581322,0.71428571,-179.00000000,-168.00000000,4.00000000,3,out_of_time,300.03539836,293.78333679,127.71788150,0.11137698,2021-06-16
pg-ae1ced9e7c9146d1,ESPORTSTMNT01_2131075,2021-06-29T15:21:33,2021-06-29,2021,Split 2,0,11.13,Blue,oe:team:5a5f8cc0161f43afe3461b293535517,AGO ROGUE,oe:team:6cedba5819b5b7c465cb3bb48bfe855,Illuminar Gaming,oe:player:2096ff50c6496d70e4b39793390c9ce,Sencux,mid,LeBlanc,oe:player:7e33124e33721ef8f70d2dd843b57da,Sett,mid:LeBlanc,lineup-de5e31d683ce7975,0,1906.00000000,31.76666667,0,2,4,2.00000000,12787.00000000,9786.00000000,304,308.05876180,0.24292798,0.24567570,38,1.19622246,0.57142857,873.00000000,26.00000000,31.00000000,3,out_of_time,425.51709442,449.51039436,156.79169329,-0.74913620,2021-06-16
pg-379d69dec6f4ebb4,ESPORTSTMNT01_2131075,2021-06-29T15:21:33,2021-06-29,2021,Split 2,0,11.13,Blue,oe:team:5a5f8cc0161f43afe3461b293535517,AGO ROGUE,oe:team:6cedba5819b5b7c465cb3bb48bfe855,Illuminar Gaming,oe:player:3e68fd564e4e518b8aed89b9a0bf855,Pyrka,sup,Leona,oe:player:e0357bd3e9e044c623fbc77cc985cd7,Rell,sup:Leona,lineup-de5e31d683ce7975,0,1906.00000000,31.76666667,0,3,4,1.33333333,6969.00000000,2106.00000000,43,66.29590766,0.13239736,0.05287074,82,2.58132214,0.57142857,121.00000000,304.00000000,3.00000000,3,out_of_time,163.68040354,146.90637541,79.57217222,-1.22385117,2021-06-16
pg-b08f3cdc24dff019,ESPORTSTMNT01_2131075,2021-06-29T15:21:33,2021-06-29,2021,Split 2,0,11.13,Blue,oe:team:5a5f8cc0161f43afe3461b293535517,AGO ROGUE,oe:team:6cedba5819b5b7c465cb3bb48bfe855,Illuminar Gaming,oe:player:a7b756e008bfcb7148cdb51f886c3fa,Sinmivak,top,Lulu,oe:player:298b3a3324ca8d42c20518481cab844,Camille,top:Lulu,lineup-de5e31d683ce7975,0,1906.00000000,31.76666667,1,2,1,1.00000000,8417.00000000,9364.00000000,156,294.77439664,0.15990653,0.23508147,34,1.07030430,0.28571429,-1015.00000000,-1057.00000000,-16.00000000,3,out_of_time,352.73303704,397.29863653,152.34899521,-0.38043336,2021-06-16
pg-6a1d87a5954fbbbc,ESPORTSTMNT01_2131075,2021-06-29T15:21:33,2021-06-29,2021,Split 2,0,11.13,Red,oe:team:6cedba5819b5b7c465cb3bb48bfe855,Illuminar Gaming,oe:team:5a5f8cc0161f43afe3461b293535517,AGO ROGUE,oe:player:694ee794a9d3a8c3fbd658becb89769,Zamulek,bot,Tristana,oe:player:0482daf6543f102a27a265342292bb7,Kai'Sa,bot:Tristana,lineup-3c3e1664e86dfbcc,1,1906.00000000,31.76666667,3,0,5,8.00000000,16762.00000000,15139.00000000,358,476.56873033,0.28105298,0.32606074,61,1.92025184,0.72727273,461.00000000,-562.00000000,-10.00000000,3,out_of_time,475.71704932,505.79442420,202.05387072,0.00421512,2021-06-16
pg-8ed020d3e63edf52,ESPORTSTMNT01_2131075,2021-06-29T15:21:33,2021-06-29,2021,Split 2,0,11.13,Red,oe:team:6cedba5819b5b7c465cb3bb48bfe855,Illuminar Gaming,oe:team:5a5f8cc0161f43afe3461b293535517,AGO ROGUE,oe:player:243afb63fb97e1791ffee0cec41ecdf,Krysia,jng,Nidalee,oe:player:6fc5fe723eed4ba4c230292be365c66,Xin Zhao,jng:Nidalee,lineup-3c3e1664e86dfbcc,1,1906.00000000,31.76666667,5,2,4,4.50000000,12143.00000000,15064.00000000,198,474.20776495,0.20360496,0.32444540,41,1.29066107,0.81818182,179.00000000,168.00000000,-4.00000000,3,out_of_time,307.10292963,293.78333679,127.71788150,1.30839028,2021-06-16
pg-d752ed497cae7189,ESPORTSTMNT01_2131075,2021-06-29T15:21:33,2021-06-29,2021,Split 2,0,11.13,Red,oe:team:6cedba5819b5b7c465cb3bb48bfe855,Illuminar Gaming,oe:team:5a5f8cc0161f43afe3461b293535517,AGO ROGUE,oe:player:7e33124e33721ef8f70d2dd843b57da,ESCIK,mid,Sett,oe:player:2096ff50c6496d70e4b39793390c9ce,LeBlanc,mid:Sett,lineup-3c3e1664e86dfbcc,1,1906.00000000,31.76666667,2,3,3,1.66666667,10442.00000000,9205.00000000,200,289.76915005,0.17508384,0.19825544,41,1.29066107,0.45454545,-873.00000000,-26.00000000,-31.00000000,3,out_of_time,375.72137829,449.51039436,156.79169329,-0.54819376,2021-06-16
pg-61fdc9f7403d08ae,ESPORTSTMNT01_2131075,2021-06-29T15:21:33,2021-06-29,2021,Split 2,0,11.13,Red,oe:team:6cedba5819b5b7c465cb3bb48bfe855,Illuminar Gaming,oe:team:5a5f8cc0161f43afe3461b293535517,AGO ROGUE,oe:player:e0357bd3e9e044c623fbc77cc985cd7,xCharm,sup,Rell,oe:player:3e68fd564e4e518b8aed89b9a0bf855,Leona,sup:Rell,lineup-3c3e1664e86dfbcc,1,1906.00000000,31.76666667,0,1,7,7.00000000,7144.00000000,1954.00000000,30,61.51101784,0.11978538,0.04208486,85,2.67576076,0.63636364,-121.00000000,-304.00000000,-3.00000000,3,out_of_time,124.57735405,146.90637541,79.57217222,-0.79256773,2021-06-16
pg-49249658f555135d,ESPORTSTMNT01_2131075,2021-06-29T15:21:33,2021-06-29,2021,Split 2,0,11.13,Red,oe:team:6cedba5819b5b7c465cb3bb48bfe855,Illuminar Gaming,oe:team:5a5f8cc0161f43afe3461b293535517,AGO ROGUE,oe:player:298b3a3324ca8d42c20518481cab844,LEQINHO6,top,Camille,oe:player:a7b756e008bfcb7148cdb51f886c3fa,Lulu,top:Camille,lineup-3c3e1664e86dfbcc,1,1906.00000000,31.76666667,1,1,5,6.00000000,13149.00000000,5068.00000000,253,159.53830010,0.22047284,0.10915356,30,0.94438615,0.54545455,1015.00000000,1057.00000000,16.00000000,3,out_of_time,365.26847586,397.29863653,152.34899521,-1.35038748,2021-06-16
pg-d0a9934ee4da47e7,ESPORTSTMNT01_2131112,2021-06-29T16:47:23,2021-06-29,2021,Split 2,0,11.13,Blue,oe:team:73f3cc4e54620b1454530648442e066,K1CK,oe:team:f27741afb3044c971eeced9d0c2daa1,devils.one,oe:player:b4a352b2b8782a2bb21bce1a2f47645,Puki Style,bot,Ezreal,oe:player:a2592097e38eeeec92fb042c009147d,Sivir,bot:Ezreal,lineup-61a9b3fcfcd532f8,1,1692.00000000,28.20000000,2,0,6,8.00000000,12908.00000000,12023.00000000,288,426.34751773,0.23719221,0.24728507,44,1.56028369,0.53333333,1309.00000000,498.00000000,28.00000000,3,out_of_time,608.68308117,505.79442420,202.05387072,-0.90241064,2021-06-16
pg-1ac76b45f49a37bd,ESPORTSTMNT01_2131112,2021-06-29T16:47:23,2021-06-29,2021,Split 2,0,11.13,Blue,oe:team:73f3cc4e54620b1454530648442e066,K1CK,oe:team:f27741afb3044c971eeced9d0c2daa1,devils.one,oe:player:752b048c76633399b04f6e87a8b211c,Stefan,jng,Lee Sin,oe:player:2d1fca25321f6983dc3e1da11039a80,Diana,jng:Lee Sin,lineup-61a9b3fcfcd532f8,1,1692.00000000,28.20000000,3,1,11,14.00000000,10798.00000000,7989.00000000,168,283.29787234,0.19841970,0.16431510,41,1.45390071,0.93333333,510.00000000,168.00000000,-6.00000000,3,out_of_time,364.70089875,293.78333679,127.71788150,-0.63736593,2021-06-16
pg-b9ccb71c3cc35ece,ESPORTSTMNT01_2131112,2021-06-29T16:47:23,2021-06-29,2021,Split 2,0,11.13,Blue,oe:team:73f3cc4e54620b1454530648442e066,K1CK,oe:team:f27741afb3044c971eeced9d0c2daa1,devils.one,oe:player:be4ce50af0cd0d8574aa3820c37d1ae,Matislaw,mid,Twisted Fate,oe:player:efde1a9fe9e6f1059c3fce2ec296fae,Irelia,mid:Twisted Fate,lineup-61a9b3fcfcd532f8,1,1692.00000000,28.20000000,3,1,8,11.00000000,11442.00000000,13152.00000000,204,466.38297872,0.21025358,0.27050596,26,0.92198582,0.73333333,-728.00000000,-1319.00000000,-32.00000000,3,out_of_time,464.53839777,449.51039436,156.79169329,0.01176453,2021-06-16
pg-9f1d562e08dc7565,ESPORTSTMNT01_2131112,2021-06-29T16:47:23,2021-06-29,2021,Split 2,0,11.13,Blue,oe:team:73f3cc4e54620b1454530648442e066,K1CK,oe:team:f27741afb3044c971eeced9d0c2daa1,devils.one,oe:player:84bd988294f5dd9ae9a499abf6524a0,Raxxo,sup,Braum,oe:player:945f30b38a435b37c2e70d893cb6a72,Karma,sup:Braum,lineup-61a9b3fcfcd532f8,1,1692.00000000,28.20000000,0,2,11,5.50000000,7042.00000000,3802.00000000,45,134.82269504,0.12940096,0.07819827,90,3.19148936,0.73333333,302.00000000,223.00000000,15.00000000,3,out_of_time,264.25053268,146.90637541,79.57217222,-1.62654649,2021-06-16
pg-3b347024dc8913ff,ESPORTSTMNT01_2131112,2021-06-29T16:47:23,2021-06-29,2021,Split 2,0,11.13,Blue,oe:team:73f3cc4e54620b1454530648442e066,K1CK,oe:team:f27741afb3044c971eeced9d0c2daa1,devils.one,oe:player:1f8b2df4c6ee43a1c1dc29817c0a201,Sacre,top,Camille,oe:player:e93fad90f312c1f10c64b60e5ba17c7,Viego,top:Camille,lineup-61a9b3fcfcd532f8,1,1692.00000000,28.20000000,7,1,4,11.00000000,12230.00000000,11654.00000000,207,413.26241135,0.22473355,0.23969560,26,0.92198582,0.73333333,531.00000000,873.00000000,19.00000000,3,out_of_time,485.93421640,397.29863653,152.34899521,-0.47700876,2021-06-16
pg-f43ad96219f0d6d7,ESPORTSTMNT01_2131112,2021-06-29T16:47:23,2021-06-29,2021,Split 2,0,11.13,Red,oe:team:f27741afb3044c971eeced9d0c2daa1,devils.one,oe:team:73f3cc4e54620b1454530648442e066,K1CK,oe:player:a2592097e38eeeec92fb042c009147d,Ejsner,bot,Sivir,oe:player:b4a352b2b8782a2bb21bce1a2f47645,Ezreal,bot:Sivir,lineup-8fb045b81dd22d44,0,1692.00000000,28.20000000,0,2,4,2.00000000,8564.00000000,5215.00000000,217,184.92907801,0.20782877,0.18076256,22,0.78014184,0.80000000,-1309.00000000,-498.00000000,-28.00000000,3,out_of_time,476.75738719,505.79442420,202.05387072,-1.44430942,2021-06-16
pg-e8a45ff03c421016,ESPORTSTMNT01_2131112,2021-06-29T16:47:23,2021-06-29,2021,Split 2,0,11.13,Red,oe:team:f27741afb3044c971eeced9d0c2daa1,devils.one,oe:team:73f3cc4e54620b1454530648442e066,K1CK,oe:player:2d1fca25321f6983dc3e1da11039a80,Diagu,jng,Diana,oe:player:752b048c76633399b04f6e87a8b211c,Lee Sin,jng:Diana,lineup-8fb045b81dd22d44,0,1692.00000000,28.20000000,0,3,5,1.66666667,8490.00000000,6253.00000000,174,221.73758865,0.20603296,0.21674177,34,1.20567376,1.00000000,-510.00000000,-168.00000000,6.00000000,3,out_of_time,295.40718233,293.78333679,127.71788150,-0.57681503,2021-06-16
pg-7b88ebaf49cf8537,ESPORTSTMNT01_2131112,2021-06-29T16:47:23,2021-06-29,2021,Split 2,0,11.13,Red,oe:team:f27741afb3044c971eeced9d0c2daa1,devils.one,oe:team:73f3cc4e54620b1454530648442e066,K1CK,oe:player:efde1a9fe9e6f1059c3fce2ec296fae,many,mid,Irelia,oe:player:be4ce50af0cd0d8574aa3820c37d1ae,Twisted Fate,mid:Irelia,lineup-8fb045b81dd22d44,0,1692.00000000,28.20000000,3,1,1,4.00000000,10228.00000000,7327.00000000,259,259.82269504,0.24821026,0.25396880,24,0.85106383,0.80000000,728.00000000,1319.00000000,32.00000000,3,out_of_time,415.59871502,449.51039436,156.79169329,-0.99352215,2021-06-16
pg-a6f0a36119f24171,ESPORTSTMNT01_2131112,2021-06-29T16:47:23,2021-06-29,2021,Split 2,0,11.13,Red,oe:team:f27741afb3044c971eeced9d0c2daa1,devils.one,oe:team:73f3cc4e54620b1454530648442e066,K1CK,oe:player:945f30b38a435b37c2e70d893cb6a72,YuNIshinoya,sup,Karma,oe:player:84bd988294f5dd9ae9a499abf6524a0,Braum,sup:Karma,lineup-8fb045b81dd22d44,0,1692.00000000,28.20000000,0,3,4,1.33333333,5301.00000000,4594.00000000,16,162.90780142,0.12864319,0.15923744,58,2.05673759,0.80000000,-302.00000000,-223.00000000,-15.00000000,3,out_of_time,169.10319808,146.90637541,79.57217222,-0.07785884,2021-06-16
pg-c9a1b0fcae3c6773,ESPORTSTMNT01_2131112,2021-06-29T16:47:23,2021-06-29,2021,Split 2,0,11.13,Red,oe:team:f27741afb3044c971eeced9d0c2daa1,devils.one,oe:team:73f3cc4e54620b1454530648442e066,K1CK,oe:player:e93fad90f312c1f10c64b60e5ba17c7,sheru,top,Viego,oe:player:1f8b2df4c6ee43a1c1dc29817c0a201,Camille,top:Viego,lineup-8fb045b81dd22d44,0,1692.00000000,28.20000000,2,6,0,0.33333333,8624.00000000,5461.00000000,184,193.65248227,0.20928483,0.18928943,28,0.99290780,0.40000000,-531.00000000,-873.00000000,-19.00000000,3,out_of_time,350.21285690,397.29863653,152.34899521,-1.02764297,2021-06-16
pg-929054e7df073aa9,ESPORTSTMNT01_2141280,2021-06-29T17:45:02,2021-06-29,2021,Split 2,0,11.13,Blue,oe:team:d2628b4f33cdc631c1fc42be5d2b771,PDW,oe:team:5628f250931675f9c0d20aad46cc117,Komil & Friends,oe:player:7705566e63eedc7bd6c4c72d43c9104,odi11,bot,Xayah,oe:player:fc64481e9be7c98479a123b5ece6f9c,Swain,bot:Xayah,lineup-449ab01c69a3adca,0,2228.00000000,37.13333333,3,5,2,1.00000000,13804.00000000,18256.00000000,305,491.63375224,0.22553344,0.23147538,20,0.53859964,0.50000000,-655.00000000,-520.00000000,-10.00000000,3,out_of_time,540.19880779,505.79442420,202.05387072,-0.24035697,2021-06-16
pg-30961da11b194359,ESPORTSTMNT01_2141280,2021-06-29T17:45:02,2021-06-29,2021,Split 2,0,11.13,Blue,oe:team:d2628b4f33cdc631c1fc42be5d2b771,PDW,oe:team:5628f250931675f9c0d20aad46cc117,Komil & Friends,oe:player:7471c21aed615dae3e49140eca8ce89,Bruness,jng,Diana,oe:player:8a1c30199bac9efaa2161b14565595c,Xin Zhao,jng:Diana,lineup-449ab01c69a3adca,0,2228.00000000,37.13333333,2,5,7,1.80000000,12583.00000000,17629.00000000,216,474.74865350,0.20558442,0.22352538,54,1.45421903,0.90000000,531.00000000,-185.00000000,7.00000000,3,out_of_time,366.46540669,293.78333679,127.71788150,0.84783153,2021-06-16
pg-c7dde74cbb946e73,ESPORTSTMNT01_2141280,2021-06-29T17:45:02,2021-06-29,2021,Split 2,0,11.13,Blue,oe:team:d2628b4f33cdc631c1fc42be5d2b771,PDW,oe:team:5628f250931675f9c0d20aad46cc117,Komil & Friends,oe:player:73ac73edf51a3acdfa494e271c6ee29,Czajek,mid,Lee Sin,oe:player:56b90211cf581dd16f58da4eb71317f,Sylas,mid:Lee Sin,lineup-449ab01c69a3adca,0,2228.00000000,37.13333333,1,3,6,2.33333333,11501.00000000,11068.00000000,252,298.06104129,0.18790641,0.14033575,35,0.94254937,0.70000000,730.00000000,-42.00000000,38.00000000,3,out_of_time,480.84575626,449.51039436,156.79169329,-1.16578060,2021-06-16
pg-b13761d7f8555e30,ESPORTSTMNT01_2141280,2021-06-29T17:45:02,2021-06-29,2021,Split 2,0,11.13,Blue,oe:team:d2628b4f33cdc631c1fc42be5d2b771,PDW,oe:team:5628f250931675f9c0d20aad46cc117,Komil & Friends,oe:player:1f111e88abd984a347713f070de73e3,kubYD,sup,Leona,oe:player:1f892f04e94e144dadcc8be197d4f5b,Alistar,sup:Leona,lineup-449ab01c69a3adca,0,2228.00000000,37.13333333,1,3,5,2.00000000,7834.00000000,3909.00000000,41,105.26929982,0.12799399,0.04956383,98,2.63913824,0.60000000,19.00000000,-46.00000000,-4.00000000,3,out_of_time,214.19082086,146.90637541,79.57217222,-1.36883936,2021-06-16
pg-a4ea090e250a280e,ESPORTSTMNT01_2141280,2021-06-29T17:45:02,2021-06-29,2021,Split 2,0,11.13,Blue,oe:team:d2628b4f33cdc631c1fc42be5d2b771,PDW,oe:team:5628f250931675f9c0d20aad46cc117,Komil & Friends,oe:player:cb5feb1b7314637725a2e73bdc9f729,Color,top,Gwen,oe:player:8e00e6377e8725af3b2bc927d6710e4,Nocturne,top:Gwen,lineup-449ab01c69a3adca,0,2228.00000000,37.13333333,3,5,5,1.60000000,15484.00000000,28006.00000000,322,754.20107720,0.25298173,0.35509966,40,1.07719928,0.80000000,2009.00000000,1261.00000000,41.00000000,3,out_of_time,474.22142554,397.29863653,152.34899521,1.83775188,2021-06-16
pg-f99795d12430909a,ESPORTSTMNT01_2141280,2021-06-29T17:45:02,2021-06-29,2021,Split 2,0,11.13,Red,oe:team:5628f250931675f9c0d20aad46cc117,Komil & Friends,oe:team:d2628b4f33cdc631c1fc42be5d2b771,PDW,oe:player:fc64481e9be7c98479a123b5ece6f9c,defles,bot,Swain,oe:player:7705566e63eedc7bd6c4c72d43c9104,Xayah,bot:Swain,lineup-8cc7eac25b4975bb,1,2228.00000000,37.13333333,4,1,11,15.00000000,16130.00000000,18901.00000000,330,509.00359066,0.23770576,0.28533688,43,1.15798923,0.71428571,655.00000000,520.00000000,10.00000000,3,out_of_time,482.45522682,505.79442420,202.05387072,0.13139250,2021-06-16
pg-afccfd7670cacb81,ESPORTSTMNT01_2141280,2021-06-29T17:45:02,2021-06-29,2021,Split 2,0,11.13,Red,oe:team:5628f250931675f9c0d20aad46cc117,Komil & Friends,oe:team:d2628b4f33cdc631c1fc42be5d2b771,PDW,oe:player:8a1c30199bac9efaa2161b14565595c,KonDziSan,jng,Xin Zhao,oe:player:7471c21aed615dae3e49140eca8ce89,Diana,jng:Xin Zhao,lineup-8cc7eac25b4975bb,1,2228.00000000,37.13333333,3,1,14,17.00000000,12696.00000000,11910.00000000,195,320.73608618,0.18709934,0.17979801,47,1.26570916,0.80952381,-531.00000000,185.00000000,-7.00000000,3,out_of_time,281.31630298,293.78333679,127.71788150,0.30864733,2021-06-16
pg-524e8a87819a6903,ESPORTSTMNT01_2141280,2021-06-29T17:45:02,2021-06-29,2021,Split 2,0,11.13,Red,oe:team:5628f250931675f9c0d20aad46cc117,Komil & Friends,oe:team:d2628b4f33cdc631c1fc42be5d2b771,PDW,oe:player:56b90211cf581dd16f58da4eb71317f,Wojux,mid,Sylas,oe:player:73ac73edf51a3acdfa494e271c6ee29,Lee Sin,mid:Sylas,lineup-8cc7eac25b4975bb,1,2228.00000000,37.13333333,7,1,6,13.00000000,16571.00000000,18093.00000000,299,487.24416517,0.24420472,0.27313899,34,0.91561939,0.61904762,-730.00000000,42.00000000,-38.00000000,3,out_of_time,383.78326810,449.51039436,156.79169329,0.65986211,2021-06-16
pg-c1211c492b526230,ESPORTSTMNT01_2141280,2021-06-29T17:45:02,2021-06-29,2021,Split 2,0,11.13,Red,oe:team:5628f250931675f9c0d20aad46cc117,Komil & Friends,oe:team:d2628b4f33cdc631c1fc42be5d2b771,PDW,oe:player:1f892f04e94e144dadcc8be197d4f5b,minemaciek,sup,Alistar,oe:player:1f111e88abd984a347713f070de73e3,Leona,sup:Alistar,lineup-8cc7eac25b4975bb,1,2228.00000000,37.13333333,3,2,15,9.00000000,9932.00000000,7066.00000000,44,190.28725314,0.14636662,0.10667109,113,3.04308797,0.85714286,-19.00000000,46.00000000,4.00000000,3,out_of_time,102.19250726,146.90637541,79.57217222,1.10710495,2021-06-16
pg-2c87f24daeabc3f5,ESPORTSTMNT01_2141280,2021-06-29T17:45:02,2021-06-29,2021,Split 2,0,11.13,Red,oe:team:5628f250931675f9c0d20aad46cc117,Komil & Friends,oe:team:d2628b4f33cdc631c1fc42be5d2b771,PDW,oe:player:8e00e6377e8725af3b2bc927d6710e4,Grzybek,top,Nocturne,oe:player:cb5feb1b7314637725a2e73bdc9f729,Gwen,top:Nocturne,lineup-8cc7eac25b4975bb,1,2228.00000000,37.13333333,4,5,6,2.00000000,12528.00000000,10271.00000000,222,276.59784560,0.18462355,0.15505503,31,0.83482944,0.47619048,-2009.00000000,-1261.00000000,-41.00000000,3,out_of_time,341.53943827,397.29863653,152.34899521,-0.42626860,2021-06-16
pg-fb85b2e5e15cdbd8,ESPORTSTMNT01_2141701,2021-06-30T14:45:32,2021-06-30,2021,Split 2,0,11.13,Blue,oe:team:6cedba5819b5b7c465cb3bb48bfe855,Illuminar Gaming,oe:team:d2628b4f33cdc631c1fc42be5d2b771,PDW,oe:player:694ee794a9d3a8c3fbd658becb89769,Zamulek,bot,Jinx,oe:player:7705566e63eedc7bd6c4c72d43c9104,Xayah,bot:Jinx,lineup-3c3e1664e86dfbcc,0,1946.00000000,32.43333333,0,3,3,1.00000000,13666.00000000,9585.00000000,332,295.52929085,0.25720362,0.23726422,40,1.23329908,0.50000000,1010.00000000,-588.00000000,3.00000000,3,out_of_time,509.90432526,505.79442420,202.05387072,-1.06097960,2021-06-16
pg-d7d4e27d5313ba44,ESPORTSTMNT01_2141701,2021-06-30T14:45:32,2021-06-30,2021,Split 2,0,11.13,Blue,oe:team:6cedba5819b5b7c465cb3bb48bfe855,Illuminar Gaming,oe:team:d2628b4f33cdc631c1fc42be5d2b771,PDW,oe:player:243afb63fb97e1791ffee0cec41ecdf,Krysia,jng,Fiddlesticks,oe:player:7471c21aed615dae3e49140eca8ce89,Diana,jng:Fiddlesticks,lineup-3c3e1664e86dfbcc,0,1946.00000000,32.43333333,1,4,5,1.50000000,9576.00000000,7130.00000000,176,219.83556012,0.18022698,0.17649389,53,1.63412127,1.00000000,-76.00000000,-1158.00000000,-16.00000000,3,out_of_time,308.56526471,293.78333679,127.71788150,-0.69473204,2021-06-16
pg-6e2a7b1af734e24c,ESPORTSTMNT01_2141701,2021-06-30T14:45:32,2021-06-30,2021,Split 2,0,11.13,Blue,oe:team:6cedba5819b5b7c465cb3bb48bfe855,Illuminar Gaming,oe:team:d2628b4f33cdc631c1fc42be5d2b771,PDW,oe:player:7e33124e33721ef8f70d2dd843b57da,ESCIK,mid,Nocturne,oe:player:73ac73edf51a3acdfa494e271c6ee29,Sylas,mid:Nocturne,lineup-3c3e1664e86dfbcc,0,1946.00000000,32.43333333,3,4,3,1.50000000,11844.00000000,10620.00000000,229,327.44090442,0.22291231,0.26288430,28,0.86330935,1.00000000,-549.00000000,129.00000000,-10.00000000,3,out_of_time,405.44714460,449.51039436,156.79169329,-0.49751513,2021-06-16
pg-99ae5cbd822c98fb,ESPORTSTMNT01_2141701,2021-06-30T14:45:32,2021-06-30,2021,Split 2,0,11.13,Blue,oe:team:6cedba5819b5b7c465cb3bb48bfe855,Illuminar Gaming,oe:team:d2628b4f33cdc631c1fc42be5d2b771,PDW,oe:player:e0357bd3e9e044c623fbc77cc985cd7,xCharm,sup,Thresh,oe:player:1f111e88abd984a347713f070de73e3,Nautilus,sup:Thresh,lineup-3c3e1664e86dfbcc,0,1946.00000000,32.43333333,1,2,3,2.00000000,6924.00000000,2279.00000000,41,70.26721480,0.13031449,0.05641368,96,2.95991778,0.66666667,-112.00000000,-275.00000000,-3.00000000,3,out_of_time,137.80077269,146.90637541,79.57217222,-0.84870824,2021-06-16
pg-1dc2ccc98db4a193,ESPORTSTMNT01_2141701,2021-06-30T14:45:32,2021-06-30,2021,Split 2,0,11.13,Blue,oe:team:6cedba5819b5b7c465cb3bb48bfe855,Illuminar Gaming,oe:team:d2628b4f33cdc631c1fc42be5d2b771,PDW,oe:player:298b3a3324ca8d42c20518481cab844,LEQINHO6,top,Gnar,oe:player:cb5feb1b7314637725a2e73bdc9f729,Sett,top:Gnar,lineup-3c3e1664e86dfbcc,0,1946.00000000,32.43333333,1,2,3,2.00000000,11123.00000000,10784.00000000,252,332.49743063,0.20934259,0.26694391,18,0.55498458,0.66666667,604.00000000,345.00000000,2.00000000,3,out_of_time,403.87385110,397.29863653,152.34899521,-0.46850601,2021-06-16
pg-aad9d59b51f4ab4e,ESPORTSTMNT01_2141701,2021-06-30T14:45:32,2021-06-30,2021,Split 2,0,11.13,Red,oe:team:d2628b4f33cdc631c1fc42be5d2b771,PDW,oe:team:6cedba5819b5b7c465cb3bb48bfe855,Illuminar Gaming,oe:player:7705566e63eedc7bd6c4c72d43c9104,odi11,bot,Xayah,oe:player:694ee794a9d3a8c3fbd658becb89769,Jinx,bot:Xayah,lineup-449ab01c69a3adca,1,1946.00000000,32.43333333,1,1,10,11.00000000,14426.00000000,11006.00000000,322,339.34224049,0.23835173,0.20174876,32,0.98663926,0.73333333,-1010.00000000,588.00000000,-3.00000000,3,out_of_time,440.90055752,505.79442420,202.05387072,-0.50262990,2021-06-16
pg-65ed0ac2a6efa60b,ESPORTSTMNT01_2141701,2021-06-30T14:45:32,2021-06-30,2021,Split 2,0,11.13,Red,oe:team:d2628b4f33cdc631c1fc42be5d2b771,PDW,oe:team:6cedba5819b5b7c465cb3bb48bfe855,Illuminar Gaming,oe:player:7471c21aed615dae3e49140eca8ce89,Bruness,jng,Diana,oe:player:243afb63fb97e1791ffee0cec41ecdf,Fiddlesticks,jng:Diana,lineup-449ab01c69a3adca,1,1946.00000000,32.43333333,3,1,9,12.00000000,13105.00000000,14398.00000000,262,443.92600206,0.21652568,0.26392682,57,1.75745118,0.80000000,76.00000000,1158.00000000,16.00000000,3,out_of_time,291.50678260,293.78333679,127.71788150,1.19340548,2021-06-16
pg-5b0ba544832735bb,ESPORTSTMNT01_2141701,2021-06-30T14:45:32,2021-06-30,2021,Split 2,0,11.13,Red,oe:team:d2628b4f33cdc631c1fc42be5d2b771,PDW,oe:team:6cedba5819b5b7c465cb3bb48bfe855,Illuminar Gaming,oe:player:73ac73edf51a3acdfa494e271c6ee29,Czajek,mid,Sylas,oe:player:7e33124e33721ef8f70d2dd843b57da,Nocturne,mid:Sylas,lineup-449ab01c69a3adca,1,1946.00000000,32.43333333,7,0,4,11.00000000,13342.00000000,14540.00000000,249,448.30421377,0.22044148,0.26652980,29,0.89414183,0.73333333,549.00000000,-129.00000000,10.00000000,3,out_of_time,406.47629731,449.51039436,156.79169329,0.26677380,2021-06-16
pg-f32803b8edfcda71,ESPORTSTMNT01_2141701,2021-06-30T14:45:32,2021-06-30,2021,Split 2,0,11.13,Red,oe:team:d2628b4f33cdc631c1fc42be5d2b771,PDW,oe:team:6cedba5819b5b7c465cb3bb48bfe855,Illuminar Gaming,oe:player:1f111e88abd984a347713f070de73e3,kubYD,sup,Nautilus,oe:player:e0357bd3e9e044c623fbc77cc985cd7,Thresh,sup:Nautilus,lineup-449ab01c69a3adca,1,1946.00000000,32.43333333,0,3,9,3.00000000,7412.00000000,1699.00000000,47,52.38437821,0.12246382,0.03114403,100,3.08324769,0.60000000,112.00000000,275.00000000,3.00000000,3,out_of_time,126.39849320,146.90637541,79.57217222,-0.93015074,2021-06-16
pg-8e00981566c8bd99,ESPORTSTMNT01_2141701,2021-06-30T14:45:32,2021-06-30,2021,Split 2,0,11.13,Red,oe:team:d2628b4f33cdc631c1fc42be5d2b771,PDW,oe:team:6cedba5819b5b7c465cb3bb48bfe855,Illuminar Gaming,oe:player:cb5feb1b7314637725a2e73bdc9f729,Color,top,Sett,oe:player:298b3a3324ca8d42c20518481cab844,Gnar,top:Sett,lineup-449ab01c69a3adca,1,1946.00000000,32.43333333,4,1,6,10.00000000,12239.00000000,12910.00000000,232,398.04727646,0.20221730,0.23665060,38,1.17163412,0.66666667,-604.00000000,-345.00000000,-2.00000000,3,out_of_time,353.14103419,397.29863653,152.34899521,0.29475903,2021-06-16
pg-bd2eb230cf49d481,ESPORTSTMNT01_2141750,2021-06-30T15:31:32,2021-06-30,2021,Split 2,0,11.13,Blue,oe:team:5628f250931675f9c0d20aad46cc117,Komil & Friends,oe:team:1158ec5b08f516ca81868bc48293989,Team ESCA Gaming,oe:player:fc64481e9be7c98479a123b5ece6f9c,defles,bot,Kalista,oe:player:3d022fcafe5af9f52df92b17c015fe6,Ezreal,bot:Kalista,lineup-8cc7eac25b4975bb,0,1696.00000000,28.26666667,0,3,0,0.00000000,10948.00000000,5415.00000000,297,191.56839623,0.25644149,0.19089082,59,2.08726415,0.00000000,-44.00000000,-1159.00000000,8.00000000,3,out_of_time,455.53353577,505.79442420,202.05387072,-1.30640971,2021-06-16
pg-9d47b1f0a32d814e,ESPORTSTMNT01_2141750,2021-06-30T15:31:32,2021-06-30,2021,Split 2,0,11.13,Blue,oe:team:5628f250931675f9c0d20aad46cc117,Komil & Friends,oe:team:1158ec5b08f516ca81868bc48293989,Team ESCA Gaming,oe:player:8a1c30199bac9efaa2161b14565595c,KonDziSan,jng,Volibear,oe:player:4c56aef4b6fee236568a5769a8328aa,Rek'Sai,jng:Volibear,lineup-8cc7eac25b4975bb,0,1696.00000000,28.26666667,0,4,1,0.25000000,6911.00000000,2994.00000000,121,105.91981132,0.16188045,0.10554518,22,0.77830189,0.33333333,-1559.00000000,-712.00000000,-12.00000000,3,out_of_time,277.06019609,293.78333679,127.71788150,-1.33998766,2021-06-16
pg-1fa398b4b278fb5f,ESPORTSTMNT01_2141750,2021-06-30T15:31:32,2021-06-30,2021,Split 2,0,11.13,Blue,oe:team:5628f250931675f9c0d20aad46cc117,Komil & Friends,oe:team:1158ec5b08f516ca81868bc48293989,Team ESCA Gaming,oe:player:56b90211cf581dd16f58da4eb71317f,Wojux,mid,Karma,oe:player:eec9551ee8ca36e4892be7901f79ec2,Viktor,mid:Karma,lineup-8cc7eac25b4975bb,0,1696.00000000,28.26666667,0,4,3,0.75000000,8668.00000000,5054.00000000,205,178.79716981,0.20303570,0.17816477,16,0.56603774,1.00000000,-676.00000000,-1569.00000000,-17.00000000,3,out_of_time,408.84316366,449.51039436,156.79169329,-1.46720779,2021-06-16
pg-d662ea366055817f,ESPORTSTMNT01_2141750,2021-06-30T15:31:32,2021-06-30,2021,Split 2,0,11.13,Blue,oe:team:5628f250931675f9c0d20aad46cc117,Komil & Friends,oe:team:1158ec5b08f516ca81868bc48293989,Team ESCA Gaming,oe:player:1f892f04e94e144dadcc8be197d4f5b,minemaciek,sup,Leona,oe:player:e1ddc411cd92f26392b707a48e5c700,Alistar,sup:Leona,lineup-8cc7eac25b4975bb,0,1696.00000000,28.26666667,0,4,2,0.50000000,5653.00000000,3651.00000000,32,129.16273585,0.13241357,0.12870589,73,2.58254717,0.66666667,-364.00000000,30.00000000,7.00000000,3,out_of_time,132.04569446,146.90637541,79.57217222,-0.03623074,2021-06-16
pg-7ddd652f30a4f7a5,ESPORTSTMNT01_2141750,2021-06-30T15:31:32,2021-06-30,2021,Split 2,0,11.13,Blue,oe:team:5628f250931675f9c0d20aad46cc117,Komil & Friends,oe:team:1158ec5b08f516ca81868bc48293989,Team ESCA Gaming,oe:player:8e00e6377e8725af3b2bc927d6710e4,Grzybek,top,Gwen,oe:player:455527eab48df51aaf02979e65dd651,Viego,top:Gwen,lineup-8cc7eac25b4975bb,0,1696.00000000,28.26666667,3,5,0,0.60000000,10512.00000000,11253.00000000,218,398.10141509,0.24622880,0.39669334,25,0.88443396,1.00000000,-3265.00000000,-479.00000000,-15.00000000,3,out_of_time,394.92875762,397.29863653,152.34899521,0.02082493,2021-06-16
pg-03fda21030d71639,ESPORTSTMNT01_2141750,2021-06-30T15:31:32,2021-06-30,2021,Split 2,0,11.13,Red,oe:team:1158ec5b08f516ca81868bc48293989,Team ESCA Gaming,oe:team:5628f250931675f9c0d20aad46cc117,Komil & Friends,oe:player:3d022fcafe5af9f52df92b17c015fe6,HARPOON,bot,Ezreal,oe:player:fc64481e9be7c98479a123b5ece6f9c,Kalista,bot:Ezreal,lineup-6f5844aa4e991672,1,1696.00000000,28.26666667,4,0,8,12.00000000,13052.00000000,10083.00000000,278,356.70990566,0.21801296,0.21910039,29,1.02594340,0.60000000,44.00000000,1159.00000000,-8.00000000,3,out_of_time,548.84019039,505.79442420,202.05387072,-0.95088643,2021-06-16
pg-dc59663c44757e0a,ESPORTSTMNT01_2141750,2021-06-30T15:31:32,2021-06-30,2021,Split 2,0,11.13,Red,oe:team:1158ec5b08f516ca81868bc48293989,Team ESCA Gaming,oe:team:5628f250931675f9c0d20aad46cc117,Komil & Friends,oe:player:4c56aef4b6fee236568a5769a8328aa,Xeonerr,jng,Rek'Sai,oe:player:8a1c30199bac9efaa2161b14565595c,Volibear,jng:Rek'Sai,lineup-6f5844aa4e991672,1,1696.00000000,28.26666667,4,1,9,13.00000000,10769.00000000,6064.00000000,143,214.52830189,0.17987907,0.13176880,55,1.94575472,0.65000000,1559.00000000,712.00000000,12.00000000,3,out_of_time,310.35155411,293.78333679,127.71788150,-0.75027280,2021-06-16
pg-b8063538d019ba1a,ESPORTSTMNT01_2141750,2021-06-30T15:31:32,2021-06-30,2021,Split 2,0,11.13,Red,oe:team:1158ec5b08f516ca81868bc48293989,Team ESCA Gaming,oe:team:5628f250931675f9c0d20aad46cc117,Komil & Friends,oe:player:eec9551ee8ca36e4892be7901f79ec2,Dawidsonek,mid,Viktor,oe:player:56b90211cf581dd16f58da4eb71317f,Karma,mid:Viktor,lineup-6f5844aa4e991672,1,1696.00000000,28.26666667,6,0,7,13.00000000,13908.00000000,19873.00000000,273,703.05424528,0.23231108,0.43183399,25,0.88443396,0.65000000,676.00000000,1569.00000000,17.00000000,3,out_of_time,545.24978033,449.51039436,156.79169329,1.00645935,2021-06-16
pg-7df30e98eb729a42,ESPORTSTMNT01_2141750,2021-06-30T15:31:32,2021-06-30,2021,Split 2,0,11.13,Red,oe:team:1158ec5b08f516ca81868bc48293989,Team ESCA Gaming,oe:team:5628f250931675f9c0d20aad46cc117,Komil & Friends,oe:player:e1ddc411cd92f26392b707a48e5c700,marlon,sup,Alistar,oe:player:1f892f04e94e144dadcc8be197d4f5b,Leona,sup:Alistar,lineup-6f5844aa4e991672,1,1696.00000000,28.26666667,0,0,17,17.00000000,7935.00000000,2793.00000000,35,98.80896226,0.13254159,0.06069100,77,2.72405660,0.85000000,364.00000000,-30.00000000,-7.00000000,3,out_of_time,155.51212160,146.90637541,79.57217222,-0.71260037,2021-06-16
pg-0421908ecb6cb5ee,ESPORTSTMNT01_2141750,2021-06-30T15:31:32,2021-06-30,2021,Split 2,0,11.13,Red,oe:team:1158ec5b08f516ca81868bc48293989,Team ESCA Gaming,oe:team:5628f250931675f9c0d20aad46cc117,Komil & Friends,oe:player:455527eab48df51aaf02979e65dd651,Jaqen,top,Viego,oe:player:8e00e6377e8725af3b2bc927d6710e4,Gwen,top:Viego,lineup-6f5844aa4e991672,1,1696.00000000,28.26666667,6,2,5,5.50000000,14204.00000000,7207.00000000,243,254.96462264,0.23725529,0.15660582,21,0.74292453,0.55000000,3265.00000000,479.00000000,15.00000000,3,out_of_time,381.46836357,397.29863653,152.34899521,-0.83035494,2021-06-16
pg-2c86fab87eb0cc61,ESPORTSTMNT01_2131655,2021-06-30T16:34:15,2021-06-30,2021,Split 2,0,11.13,Blue,oe:team:f27741afb3044c971eeced9d0c2daa1,devils.one,oe:team:5a5f8cc0161f43afe3461b293535517,AGO ROGUE,oe:player:a2592097e38eeeec92fb042c009147d,Ejsner,bot,Senna,oe:player:0482daf6543f102a27a265342292bb7,Ezreal,bot:Senna,lineup-8fb045b81dd22d44,0,1723.00000000,28.71666667,0,3,1,0.33333333,6762.00000000,7023.00000000,50,244.56181080,0.17037037,0.16437298,53,1.84561811,0.33333333,-2759.00000000,-1251.00000000,-123.00000000,3,out_of_time,487.85359849,505.79442420,202.05387072,-1.20409367,2021-06-16
pg-1757faf339cf8822,ESPORTSTMNT01_2131655,2021-06-30T16:34:15,2021-06-30,2021,Split 2,0,11.13,Blue,oe:team:f27741afb3044c971eeced9d0c2daa1,devils.one,oe:team:5a5f8cc0161f43afe3461b293535517,AGO ROGUE,oe:player:2d1fca25321f6983dc3e1da11039a80,Diagu,jng,Lee Sin,oe:player:6fc5fe723eed4ba4c230292be365c66,Viego,jng:Lee Sin,lineup-8fb045b81dd22d44,0,1723.00000000,28.71666667,2,3,1,1.00000000,8453.00000000,8644.00000000,169,301.00986651,0.21297556,0.20231241,28,0.97504353,1.00000000,389.00000000,889.00000000,1.00000000,3,out_of_time,287.37381162,293.78333679,127.71788150,0.10676700,2021-06-16
pg-6fc1c5d91bd80929,ESPORTSTMNT01_2131655,2021-06-30T16:34:15,2021-06-30,2021,Split 2,0,11.13,Blue,oe:team:f27741afb3044c971eeced9d0c2daa1,devils.one,oe:team:5a5f8cc0161f43afe3461b293535517,AGO ROGUE,oe:player:efde1a9fe9e6f1059c3fce2ec296fae,many,mid,Sylas,oe:player:2096ff50c6496d70e4b39793390c9ce,Akali,mid:Sylas,lineup-8fb045b81dd22d44,0,1723.00000000,28.71666667,1,6,0,0.16666667,7888.00000000,9298.00000000,171,323.78409750,0.19874024,0.21761925,24,0.83575160,0.33333333,-678.00000000,-434.00000000,-34.00000000,3,out_of_time,409.24682959,449.51039436,156.79169329,-0.54507181,2021-06-16
pg-af9e3f5b59cd05c4,ESPORTSTMNT01_2131655,2021-06-30T16:34:15,2021-06-30,2021,Split 2,0,11.13,Blue,oe:team:f27741afb3044c971eeced9d0c2daa1,devils.one,oe:team:5a5f8cc0161f43afe3461b293535517,AGO ROGUE,oe:player:945f30b38a435b37c2e70d893cb6a72,YuNIshinoya,sup,Galio,oe:player:3e68fd564e4e518b8aed89b9a0bf855,Leona,sup:Galio,lineup-8fb045b81dd22d44,0,1723.00000000,28.71666667,0,4,1,0.25000000,7405.00000000,7102.00000000,148,247.31282647,0.18657092,0.16622197,18,0.62681370,0.33333333,786.00000000,460.00000000,65.00000000,3,out_of_time,169.35399883,146.90637541,79.57217222,0.97972476,2021-06-16
pg-aa2079d07f5916b4,ESPORTSTMNT01_2131655,2021-06-30T16:34:15,2021-06-30,2021,Split 2,0,11.13,Blue,oe:team:f27741afb3044c971eeced9d0c2daa1,devils.one,oe:team:5a5f8cc0161f43afe3461b293535517,AGO ROGUE,oe:player:e93fad90f312c1f10c64b60e5ba17c7,sheru,top,Nocturne,oe:player:a7b756e008bfcb7148cdb51f886c3fa,Wukong,top:Nocturne,lineup-8fb045b81dd22d44,0,1723.00000000,28.71666667,0,4,1,0.25000000,9182.00000000,10659.00000000,239,371.17817760,0.23134291,0.24947339,31,1.07951248,0.33333333,133.00000000,675.00000000,12.00000000,3,out_of_time,394.16461756,397.29863653,152.34899521,-0.15088015,2021-06-16
pg-c5a57125d167f583,ESPORTSTMNT01_2131655,2021-06-30T16:34:15,2021-06-30,2021,Split 2,0,11.13,Red,oe:team:5a5f8cc0161f43afe3461b293535517,AGO ROGUE,oe:team:f27741afb3044c971eeced9d0c2daa1,devils.one,oe:player:0482daf6543f102a27a265342292bb7,Lucker,bot,Ezreal,oe:player:a2592097e38eeeec92fb042c009147d,Senna,bot:Ezreal,lineup-de5e31d683ce7975,1,1723.00000000,28.71666667,6,0,8,14.00000000,13390.00000000,23093.00000000,286,804.16715032,0.24087066,0.34367652,33,1.14915844,0.70000000,2759.00000000,1251.00000000,123.00000000,3,out_of_time,625.40435148,505.79442420,202.05387072,0.88472841,2021-06-16
pg-fda085117ca6b7fc,ESPORTSTMNT01_2131655,2021-06-30T16:34:15,2021-06-30,2021,Split 2,0,11.13,Red,oe:team:5a5f8cc0161f43afe3461b293535517,AGO ROGUE,oe:team:f27741afb3044c971eeced9d0c2daa1,devils.one,oe:player:6fc5fe723eed4ba4c230292be365c66,Lurox,jng,Viego,oe:player:2d1fca25321f6983dc3e1da11039a80,Lee Sin,jng:Viego,lineup-de5e31d683ce7975,1,1723.00000000,28.71666667,6,1,11,17.00000000,11146.00000000,12601.00000000,166,438.80441091,0.20050369,0.18753162,53,1.84561811,0.85000000,-389.00000000,-889.00000000,-1.00000000,3,out_of_time,368.94062968,293.78333679,127.71788150,0.54701644,2021-06-16
pg-ba91052178bd628a,ESPORTSTMNT01_2131655,2021-06-30T16:34:15,2021-06-30,2021,Split 2,0,11.13,Red,oe:team:5a5f8cc0161f43afe3461b293535517,AGO ROGUE,oe:team:f27741afb3044c971eeced9d0c2daa1,devils.one,oe:player:2096ff50c6496d70e4b39793390c9ce,Sencux,mid,Akali,oe:player:efde1a9fe9e6f1059c3fce2ec296fae,Sylas,mid:Akali,lineup-de5e31d683ce7975,1,1723.00000000,28.71666667,5,1,5,10.00000000,11416.00000000,14263.00000000,220,496.68020894,0.20536068,0.21226598,30,1.04468950,0.50000000,678.00000000,434.00000000,34.00000000,3,out_of_time,476.26292501,449.51039436,156.79169329,0.13021917,2021-06-16
pg-200eb75f64c8b3ff,ESPORTSTMNT01_2131655,2021-06-30T16:34:15,2021-06-30,2021,Split 2,0,11.13,Red,oe:team:5a5f8cc0161f43afe3461b293535517,AGO ROGUE,oe:team:f27741afb3044c971eeced9d0c2daa1,devils.one,oe:player:3e68fd564e4e518b8aed89b9a0bf855,Pyrka,sup,Leona,oe:player:945f30b38a435b37c2e70d893cb6a72,Galio,sup:Leona,lineup-de5e31d683ce7975,1,1723.00000000,28.71666667,1,0,17,18.00000000,7531.00000000,4594.00000000,36,159.97678468,0.13547401,0.06836920,65,2.26349391,0.90000000,-786.00000000,-460.00000000,-65.00000000,3,out_of_time,223.32318432,146.90637541,79.57217222,-0.79608735,2021-06-16
pg-238bc861adc3628f,ESPORTSTMNT01_2131655,2021-06-30T16:34:15,2021-06-30,2021,Split 2,0,11.13,Red,oe:team:5a5f8cc0161f43afe3461b293535517,AGO ROGUE,oe:team:f27741afb3044c971eeced9d0c2daa1,devils.one,oe:player:a7b756e008bfcb7148cdb51f886c3fa,Sinmivak,top,Wukong,oe:player:e93fad90f312c1f10c64b60e5ba17c7,Nocturne,top:Wukong,lineup-de5e31d683ce7975,1,1723.00000000,28.71666667,2,1,14,16.00000000,12107.00000000,12643.00000000,225,440.26697620,0.21779097,0.18815668,24,0.83575160,0.80000000,-133.00000000,-675.00000000,-12.00000000,3,out_of_time,461.91383042,397.29863653,152.34899521,-0.14208728,2021-06-16
pg-bdd01fe022699ad9,ESPORTSTMNT01_2131674,2021-06-30T17:15:03,2021-06-30,2021,Split 2,0,11.13,Blue,oe:team:73f3cc4e54620b1454530648442e066,K1CK,oe:team:3a1d5821b38ab1ddec52f944973d1bd,Gentlemen's Gaming,oe:player:b4a352b2b8782a2bb21bce1a2f47645,Puki Style,bot,Aphelios,oe:player:50cce5a33514ebe62201a0a45314eca,Kai'Sa,bot:Aphelios,lineup-61a9b3fcfcd532f8,1,2096.00000000,34.93333333,6,0,8,14.00000000,17644.00000000,32197.00000000,353,921.66984733,0.27178065,0.37133103,41,1.17366412,0.77777778,1860.00000000,-548.00000000,-16.00000000,3,out_of_time,518.17916322,505.79442420,202.05387072,1.99694608,2021-06-16
pg-75ce31b72c49d81d,ESPORTSTMNT01_2131674,2021-06-30T17:15:03,2021-06-30,2021,Split 2,0,11.13,Blue,oe:team:73f3cc4e54620b1454530648442e066,K1CK,oe:team:3a1d5821b38ab1ddec52f944973d1bd,Gentlemen's Gaming,oe:player:752b048c76633399b04f6e87a8b211c,Stefan,jng,Nocturne,oe:player:24807d9986c4fda13d994791032cde1,Diana,jng:Nocturne,lineup-61a9b3fcfcd532f8,1,2096.00000000,34.93333333,3,1,14,17.00000000,12905.00000000,13337.00000000,206,381.78435115,0.19878312,0.15381688,47,1.34541985,0.94444444,222.00000000,-579.00000000,-15.00000000,3,out_of_time,359.33992441,293.78333679,127.71788150,0.17573441,2021-06-16
pg-0d96ebeff1b97f28,ESPORTSTMNT01_2131674,2021-06-30T17:15:03,2021-06-30,2021,Split 2,0,11.13,Blue,oe:team:73f3cc4e54620b1454530648442e066,K1CK,oe:team:3a1d5821b38ab1ddec52f944973d1bd,Gentlemen's Gaming,oe:player:be4ce50af0cd0d8574aa3820c37d1ae,Matislaw,mid,Akali,oe:player:d76cb4dd926111e0b5a4c101f1218a1,LeBlanc,mid:Akali,lineup-61a9b3fcfcd532f8,1,2096.00000000,34.93333333,5,1,6,11.00000000,12637.00000000,15460.00000000,229,442.55725191,0.19465496,0.17830164,26,0.74427481,0.61111111,-115.00000000,29.00000000,-3.00000000,3,out_of_time,465.34861042,449.51039436,156.79169329,-0.14536075,2021-06-16
pg-50940181dc2d7a0e,ESPORTSTMNT01_2131674,2021-06-30T17:15:03,2021-06-30,2021,Split 2,0,11.13,Blue,oe:team:73f3cc4e54620b1454530648442e066,K1CK,oe:team:3a1d5821b38ab1ddec52f944973d1bd,Gentlemen's Gaming,oe:player:84bd988294f5dd9ae9a499abf6524a0,Raxxo,sup,Braum,oe:player:dc0ab0700ebab412ecfc2e808b86e0f,Alistar,sup:Braum,lineup-61a9b3fcfcd532f8,1,2096.00000000,34.93333333,1,2,15,8.00000000,8798.00000000,9543.00000000,35,273.17748092,0.13552064,0.11006032,114,3.26335878,0.88888889,481.00000000,-139.00000000,7.00000000,3,out_of_time,219.59117810,146.90637541,79.57217222,0.67343019,2021-06-16
pg-60628443937407a9,ESPORTSTMNT01_2131674,2021-06-30T17:15:03,2021-06-30,2021,Split 2,0,11.13,Blue,oe:team:73f3cc4e54620b1454530648442e066,K1CK,oe:team:3a1d5821b38ab1ddec52f944973d1bd,Gentlemen's Gaming,oe:player:1f8b2df4c6ee43a1c1dc29817c0a201,Sacre,top,Aatrox,oe:player:8486d94ef23b38c67c76b647613d881,Renekton,top:Aatrox,lineup-61a9b3fcfcd532f8,1,2096.00000000,34.93333333,3,0,8,11.00000000,12936.00000000,16170.00000000,244,462.88167939,0.19926063,0.18649013,58,1.66030534,0.61111111,218.00000000,747.00000000,4.00000000,3,out_of_time,437.21115637,397.29863653,152.34899521,0.16849814,2021-06-16
pg-3e094b433b976712,ESPORTSTMNT01_2131674,2021-06-30T17:15:03,2021-06-30,2021,Split 2,0,11.13,Red,oe:team:3a1d5821b38ab1ddec52f944973d1bd,Gentlemen's Gaming,oe:team:73f3cc4e54620b1454530648442e066,K1CK,oe:player:50cce5a33514ebe62201a0a45314eca,Yashiro,bot,Kai'Sa,oe:player:b4a352b2b8782a2bb21bce1a2f47645,Aphelios,bot:Kai'Sa,lineup-18a4860f1407a610,0,2096.00000000,34.93333333,0,5,1,0.20000000,12541.00000000,15374.00000000,333,440.09541985,0.24439724,0.27741388,25,0.71564885,0.25000000,-1860.00000000,548.00000000,16.00000000,3,out_of_time,470.05610197,505.79442420,202.05387072,-0.14828066,2021-06-16
pg-f3b4501c2e57b589,ESPORTSTMNT01_2131674,2021-06-30T17:15:03,2021-06-30,2021,Split 2,0,11.13,Red,oe:team:3a1d5821b38ab1ddec52f944973d1bd,Gentlemen's Gaming,oe:team:73f3cc4e54620b1454530648442e066,K1CK,oe:player:24807d9986c4fda13d994791032cde1,Ben3k,jng,Diana,oe:player:752b048c76633399b04f6e87a8b211c,Nocturne,jng:Diana,lineup-18a4860f1407a610,0,2096.00000000,34.93333333,1,4,3,1.00000000,10769.00000000,8847.00000000,229,253.25381679,0.20986475,0.15963839,41,1.17366412,1.00000000,-222.00000000,579.00000000,15.00000000,3,out_of_time,288.31390578,293.78333679,127.71788150,-0.27451198,2021-06-16
pg-40bb74639612a6a5,ESPORTSTMNT01_2131674,2021-06-30T17:15:03,2021-06-30,2021,Split 2,0,11.13,Red,oe:team:3a1d5821b38ab1ddec52f944973d1bd,Gentlemen's Gaming,oe:team:73f3cc4e54620b1454530648442e066,K1CK,oe:player:d76cb4dd926111e0b5a4c101f1218a1,bucu,mid,LeBlanc,oe:player:be4ce50af0cd0d8574aa3820c37d1ae,Akali,mid:LeBlanc,lineup-18a4860f1407a610,0,2096.00000000,34.93333333,1,0,1,2.00000000,10343.00000000,14740.00000000,242,421.94656489,0.20156293,0.26597376,39,1.11641221,0.50000000,115.00000000,-29.00000000,3.00000000,3,out_of_time,417.74708433,449.51039436,156.79169329,0.02678382,2021-06-16
pg-482fc2045f195204,ESPORTSTMNT01_2131674,2021-06-30T17:15:03,2021-06-30,2021,Split 2,0,11.13,Red,oe:team:3a1d5821b38ab1ddec52f944973d1bd,Gentlemen's Gaming,oe:team:73f3cc4e54620b1454530648442e066,K1CK,oe:player:dc0ab0700ebab412ecfc2e808b86e0f,Crow,sup,Alistar,oe:player:84bd988294f5dd9ae9a499abf6524a0,Braum,sup:Alistar,lineup-18a4860f1407a610,0,2096.00000000,34.93333333,0,3,3,1.00000000,6385.00000000,2743.00000000,25,78.52099237,0.12442998,0.04949566,67,1.91793893,0.75000000,-481.00000000,139.00000000,-7.00000000,3,out_of_time,101.45340456,146.90637541,79.57217222,-0.28819638,2021-06-16
pg-03ba74aab009cf80,ESPORTSTMNT01_2131674,2021-06-30T17:15:03,2021-06-30,2021,Split 2,0,11.13,Red,oe:team:3a1d5821b38ab1ddec52f944973d1bd,Gentlemen's Gaming,oe:team:73f3cc4e54620b1454530648442e066,K1CK,oe:player:8486d94ef23b38c67c76b647613d881,bobista,top,Renekton,oe:player:1f8b2df4c6ee43a1c1dc29817c0a201,Aatrox,top:Renekton,lineup-18a4860f1407a610,0,2096.00000000,34.93333333,2,6,2,0.66666667,11276.00000000,13715.00000000,241,392.60496183,0.21974510,0.24747830,32,0.91603053,1.00000000,-218.00000000,-747.00000000,-4.00000000,3,out_of_time,308.33620622,397.29863653,152.34899521,0.55312971,2021-06-16
pg-cbaa4c1be77083e5,ESPORTSTMNT01_2145366,2021-07-06T14:45:51,2021-07-06,2021,Split 2,0,11.13,Blue,oe:team:d2628b4f33cdc631c1fc42be5d2b771,PDW,oe:team:3a1d5821b38ab1ddec52f944973d1bd,Gentlemen's Gaming,oe:player:7705566e63eedc7bd6c4c72d43c9104,odi11,bot,Caitlyn,oe:player:50cce5a33514ebe62201a0a45314eca,Ezreal,bot:Caitlyn,lineup-449ab01c69a3adca,1,1637.00000000,27.28333333,3,0,3,6.00000000,12730.00000000,20347.00000000,268,745.76664630,0.24208424,0.28073734,30,1.09957239,0.54545455,2331.00000000,809.00000000,36.00000000,3,out_of_time,543.33548501,505.79442420,202.05387072,1.00186728,2021-06-16
pg-0dff00a1a9622587,ESPORTSTMNT01_2145366,2021-07-06T14:45:51,2021-07-06,2021,Split 2,0,11.13,Blue,oe:team:d2628b4f33cdc631c1fc42be5d2b771,PDW,oe:team:3a1d5821b38ab1ddec52f944973d1bd,Gentlemen's Gaming,oe:player:7471c21aed615dae3e49140eca8ce89,Bruness,jng,Xin Zhao,oe:player:24807d9986c4fda13d994791032cde1,Gwen,jng:Xin Zhao,lineup-449ab01c69a3adca,1,1637.00000000,27.28333333,2,1,7,9.00000000,10729.00000000,11162.00000000,191,409.11423335,0.20403157,0.15400748,35,1.28283445,0.81818182,566.00000000,620.00000000,14.00000000,3,out_of_time,334.71472941,293.78333679,127.71788150,0.58253005,2021-06-16
pg-5f4dfb05f1438e27,ESPORTSTMNT01_2145366,2021-07-06T14:45:51,2021-07-06,2021,Split 2,0,11.13,Blue,oe:team:d2628b4f33cdc631c1fc42be5d2b771,PDW,oe:team:3a1d5821b38ab1ddec52f944973d1bd,Gentlemen's Gaming,oe:player:73ac73edf51a3acdfa494e271c6ee29,Czajek,mid,Karma,oe:player:d76cb4dd926111e0b5a4c101f1218a1,Viego,mid:Karma,lineup-449ab01c69a3adca,1,1637.00000000,27.28333333,1,0,7,8.00000000,9310.00000000,12325.00000000,195,451.74098962,0.17704669,0.17005395,34,1.24618204,0.72727273,547.00000000,387.00000000,23.00000000,3,out_of_time,457.04243302,449.51039436,156.79169329,-0.03381202,2021-06-16
pg-2c88c6c97835fd0d,ESPORTSTMNT01_2145366,2021-07-06T14:45:51,2021-07-06,2021,Split 2,0,11.13,Blue,oe:team:d2628b4f33cdc631c1fc42be5d2b771,PDW,oe:team:3a1d5821b38ab1ddec52f944973d1bd,Gentlemen's Gaming,oe:player:1f111e88abd984a347713f070de73e3,kubYD,sup,Thresh,oe:player:dc0ab0700ebab412ecfc2e808b86e0f,Leona,sup:Thresh,lineup-449ab01c69a3adca,1,1637.00000000,27.28333333,0,0,10,10.00000000,7032.00000000,4814.00000000,34,176.44471594,0.13372635,0.06642107,74,2.71227856,0.90909091,607.00000000,580.00000000,4.00000000,3,out_of_time,178.73112935,146.90637541,79.57217222,-0.02873383,2021-06-16
pg-62d05c91cd92fe79,ESPORTSTMNT01_2145366,2021-07-06T14:45:51,2021-07-06,2021,Split 2,0,11.13,Blue,oe:team:d2628b4f33cdc631c1fc42be5d2b771,PDW,oe:team:3a1d5821b38ab1ddec52f944973d1bd,Gentlemen's Gaming,oe:player:cb5feb1b7314637725a2e73bdc9f729,Color,top,Jayce,oe:player:8486d94ef23b38c67c76b647613d881,Sion,top:Jayce,lineup-449ab01c69a3adca,1,1637.00000000,27.28333333,5,1,3,8.00000000,12784.00000000,23829.00000000,243,873.39034820,0.24311115,0.32878016,33,1.20952963,0.72727273,-557.00000000,-1297.00000000,-25.00000000,3,out_of_time,452.28122082,397.29863653,152.34899521,2.76410833,2021-06-16
pg-4315fd0531dfc495,ESPORTSTMNT01_2145366,2021-07-06T14:45:51,2021-07-06,2021,Split 2,0,11.13,Red,oe:team:3a1d5821b38ab1ddec52f944973d1bd,Gentlemen's Gaming,oe:team:d2628b4f33cdc631c1fc42be5d2b771,PDW,oe:player:50cce5a33514ebe62201a0a45314eca,Yashiro,bot,Ezreal,oe:player:7705566e63eedc7bd6c4c72d43c9104,Caitlyn,bot:Ezreal,lineup-18a4860f1407a610,0,1637.00000000,27.28333333,0,3,0,0.00000000,7735.00000000,10249.00000000,195,375.65058033,0.19356372,0.41495607,17,0.62309102,0.00000000,-2331.00000000,-809.00000000,-36.00000000,3,out_of_time,504.75178454,505.79442420,202.05387072,-0.63894447,2021-06-16
pg-57f7e68b6ad0e6eb,ESPORTSTMNT01_2145366,2021-07-06T14:45:51,2021-07-06,2021,Split 2,0,11.13,Red,oe:team:3a1d5821b38ab1ddec52f944973d1bd,Gentlemen's Gaming,oe:team:d2628b4f33cdc631c1fc42be5d2b771,PDW,oe:player:24807d9986c4fda13d994791032cde1,Ben3k,jng,Gwen,oe:player:7471c21aed615dae3e49140eca8ce89,Xin Zhao,jng:Gwen,lineup-18a4860f1407a610,0,1637.00000000,27.28333333,2,3,0,0.66666667,8095.00000000,4959.00000000,152,181.75931582,0.20257251,0.20077736,54,1.97923030,1.00000000,-566.00000000,-620.00000000,-14.00000000,3,out_of_time,290.07886451,293.78333679,127.71788150,-0.84811576,2021-06-16
pg-2156f44dabd2d3a4,ESPORTSTMNT01_2145366,2021-07-06T14:45:51,2021-07-06,2021,Split 2,0,11.13,Red,oe:team:3a1d5821b38ab1ddec52f944973d1bd,Gentlemen's Gaming,oe:team:d2628b4f33cdc631c1fc42be5d2b771,PDW,oe:player:d76cb4dd926111e0b5a4c101f1218a1,bucu,mid,Viego,oe:player:73ac73edf51a3acdfa494e271c6ee29,Karma,mid:Viego,lineup-18a4860f1407a610,0,1637.00000000,27.28333333,0,2,0,0.00000000,8509.00000000,2166.00000000,228,79.38912645,0.21293261,0.08769586,27,0.98961515,0.00000000,-547.00000000,-387.00000000,-23.00000000,3,out_of_time,426.92770585,449.51039436,156.79169329,-2.21656245,2021-06-16
pg-a3b0f1d2e44608bc,ESPORTSTMNT01_2145366,2021-07-06T14:45:51,2021-07-06,2021,Split 2,0,11.13,Red,oe:team:3a1d5821b38ab1ddec52f944973d1bd,Gentlemen's Gaming,oe:team:d2628b4f33cdc631c1fc42be5d2b771,PDW,oe:player:dc0ab0700ebab412ecfc2e808b86e0f,Crow,sup,Leona,oe:player:1f111e88abd984a347713f070de73e3,Thresh,sup:Leona,lineup-18a4860f1407a610,0,1637.00000000,27.28333333,0,0,1,1.00000000,5228.00000000,1303.00000000,36,47.75809407,0.13082756,0.05275517,53,1.94257789,0.50000000,-607.00000000,-580.00000000,-4.00000000,3,out_of_time,138.50236508,146.90637541,79.57217222,-1.14040208,2021-06-16
pg-bfe5dbad80655488,ESPORTSTMNT01_2145366,2021-07-06T14:45:51,2021-07-06,2021,Split 2,0,11.13,Red,oe:team:3a1d5821b38ab1ddec52f944973d1bd,Gentlemen's Gaming,oe:team:d2628b4f33cdc631c1fc42be5d2b771,PDW,oe:player:8486d94ef23b38c67c76b647613d881,bobista,top,Sion,oe:player:cb5feb1b7314637725a2e73bdc9f729,Jayce,top:Sion,lineup-18a4860f1407a610,0,1637.00000000,27.28333333,0,3,2,0.66666667,10394.00000000,6022.00000000,252,220.72083079,0.26010360,0.24381554,20,0.73304826,1.00000000,557.00000000,1297.00000000,25.00000000,3,out_of_time,333.07427073,397.29863653,152.34899521,-0.73747411,2021-06-16
pg-0cc1b1bcb9274eb1,ESPORTSTMNT01_2145409,2021-07-06T15:41:36,2021-07-06,2021,Split 2,0,11.13,Blue,oe:team:5628f250931675f9c0d20aad46cc117,Komil & Friends,oe:team:5a5f8cc0161f43afe3461b293535517,AGO ROGUE,oe:player:fc64481e9be7c98479a123b5ece6f9c,defles,bot,Aphelios,oe:player:0482daf6543f102a27a265342292bb7,Ezreal,bot:Aphelios,lineup-8cc7eac25b4975bb,0,1077.00000000,17.95000000,0,7,0,0.00000000,5388.00000000,6010.00000000,142,334.81894150,0.21379256,0.23069246,8,0.44568245,0.00000000,-2721.00000000,-2684.00000000,-17.00000000,3,out_of_time,400.06110120,505.79442420,202.05387072,-0.32289488,2021-06-16
pg-7c25448b2813b0a0,ESPORTSTMNT01_2145409,2021-07-06T15:41:36,2021-07-06,2021,Split 2,0,11.13,Blue,oe:team:5628f250931675f9c0d20aad46cc117,Komil & Friends,oe:team:5a5f8cc0161f43afe3461b293535517,AGO ROGUE,oe:player:8a1c30199bac9efaa2161b14565595c,KonDziSan,jng,Rumble,oe:player:6fc5fe723eed4ba4c230292be365c66,Diana,jng:Rumble,lineup-8cc7eac25b4975bb,0,1077.00000000,17.95000000,1,7,1,0.28571429,5378.00000000,6352.00000000,106,353.87186630,0.21339576,0.24382005,10,0.55710306,0.66666667,-2396.00000000,-1460.00000000,-16.00000000,3,out_of_time,271.54367375,293.78333679,127.71788150,0.64460976,2021-06-16
pg-26e72d161c997bfe,ESPORTSTMNT01_2145409,2021-07-06T15:41:36,2021-07-06,2021,Split 2,0,11.13,Blue,oe:team:5628f250931675f9c0d20aad46cc117,Komil & Friends,oe:team:5a5f8cc0161f43afe3461b293535517,AGO ROGUE,oe:player:56b90211cf581dd16f58da4eb71317f,Wojux,mid,Karma,oe:player:2096ff50c6496d70e4b39793390c9ce,Ryze,mid:Karma,lineup-8cc7eac25b4975bb,0,1077.00000000,17.95000000,1,2,1,1.00000000,5278.00000000,5188.00000000,127,289.02506964,0.20942782,0.19914018,6,0.33426184,0.66666667,-3788.00000000,-794.00000000,-32.00000000,3,out_of_time,360.76734811,449.51039436,156.79169329,-0.45756428,2021-06-16
pg-73d55656e075f910,ESPORTSTMNT01_2145409,2021-07-06T15:41:36,2021-07-06,2021,Split 2,0,11.13,Blue,oe:team:5628f250931675f9c0d20aad46cc117,Komil & Friends,oe:team:5a5f8cc0161f43afe3461b293535517,AGO ROGUE,oe:player:1f892f04e94e144dadcc8be197d4f5b,minemaciek,sup,Braum,oe:player:3e68fd564e4e518b8aed89b9a0bf855,Leona,sup:Braum,lineup-8cc7eac25b4975bb,0,1077.00000000,17.95000000,0,7,2,0.28571429,3697.00000000,2844.00000000,25,158.44011142,0.14669471,0.10916628,44,2.45125348,0.66666667,-544.00000000,-1151.00000000,-2.00000000,3,out_of_time,112.84789276,146.90637541,79.57217222,0.57296687,2021-06-16
pg-953575e7f61faec2,ESPORTSTMNT01_2145409,2021-07-06T15:41:36,2021-07-06,2021,Split 2,0,11.13,Blue,oe:team:5628f250931675f9c0d20aad46cc117,Komil & Friends,oe:team:5a5f8cc0161f43afe3461b293535517,AGO ROGUE,oe:player:8e00e6377e8725af3b2bc927d6710e4,Grzybek,top,Sett,oe:player:a7b756e008bfcb7148cdb51f886c3fa,Lee Sin,top:Sett,lineup-8cc7eac25b4975bb,0,1077.00000000,17.95000000,1,4,0,0.25000000,5461.00000000,5658.00000000,119,315.20891365,0.21668915,0.21718102,8,0.44568245,0.33333333,-1279.00000000,-1193.00000000,-16.00000000,3,out_of_time,323.70097835,397.29863653,152.34899521,-0.05574086,2021-06-16
pg-18b4b60f29a916a7,ESPORTSTMNT01_2145409,2021-07-06T15:41:36,2021-07-06,2021,Split 2,0,11.13,Red,oe:team:5a5f8cc0161f43afe3461b293535517,AGO ROGUE,oe:team:5628f250931675f9c0d20aad46cc117,Komil & Friends,oe:player:0482daf6543f102a27a265342292bb7,Lucker,bot,Ezreal,oe:player:fc64481e9be7c98479a123b5ece6f9c,Aphelios,bot:Ezreal,lineup-de5e31d683ce7975,1,1077.00000000,17.95000000,4,0,9,13.00000000,9165.00000000,9881.00000000,164,550.47353760,0.21680505,0.20393379,9,0.50139276,0.48148148,2721.00000000,2684.00000000,17.00000000,3,out_of_time,597.27859647,505.79442420,202.05387072,-0.23164644,2021-06-16
pg-3db48ae8ea779208,ESPORTSTMNT01_2145409,2021-07-06T15:41:36,2021-07-06,2021,Split 2,0,11.13,Red,oe:team:5a5f8cc0161f43afe3461b293535517,AGO ROGUE,oe:team:5628f250931675f9c0d20aad46cc117,Komil & Friends,oe:player:6fc5fe723eed4ba4c230292be365c66,Lurox,jng,Diana,oe:player:8a1c30199bac9efaa2161b14565595c,Rumble,jng:Diana,lineup-de5e31d683ce7975,1,1077.00000000,17.95000000,9,0,12,21.00000000,9259.00000000,13257.00000000,123,738.55153203,0.21902869,0.27361100,17,0.94707521,0.77777778,2396.00000000,1460.00000000,16.00000000,3,out_of_time,377.03221212,293.78333679,127.71788150,2.83060849,2021-06-16
pg-8e84e4e951028552,ESPORTSTMNT01_2145409,2021-07-06T15:41:36,2021-07-06,2021,Split 2,0,11.13,Red,oe:team:5a5f8cc0161f43afe3461b293535517,AGO ROGUE,oe:team:5628f250931675f9c0d20aad46cc117,Komil & Friends,oe:player:2096ff50c6496d70e4b39793390c9ce,Sencux,mid,Ryze,oe:player:56b90211cf581dd16f58da4eb71317f,Karma,mid:Ryze,lineup-de5e31d683ce7975,1,1077.00000000,17.95000000,10,0,8,18.00000000,10820.00000000,14859.00000000,177,827.79944290,0.25595534,0.30667465,16,0.89136490,0.66666667,3788.00000000,794.00000000,32.00000000,3,out_of_time,515.59035873,449.51039436,156.79169329,1.99123485,2021-06-16
pg-901222ec344e5f7d,ESPORTSTMNT01_2145409,2021-07-06T15:41:36,2021-07-06,2021,Split 2,0,11.13,Red,oe:team:5a5f8cc0161f43afe3461b293535517,AGO ROGUE,oe:team:5628f250931675f9c0d20aad46cc117,Komil & Friends,oe:player:3e68fd564e4e518b8aed89b9a0bf855,Pyrka,sup,Leona,oe:player:1f892f04e94e144dadcc8be197d4f5b,Braum,sup:Leona,lineup-de5e31d683ce7975,1,1077.00000000,17.95000000,0,2,14,7.00000000,5041.00000000,2257.00000000,26,125.73816156,0.11924869,0.04658218,40,2.22841226,0.51851852,544.00000000,1151.00000000,2.00000000,3,out_of_time,216.13228338,146.90637541,79.57217222,-1.13600169,2021-06-16
pg-e743fe91e80296b5,ESPORTSTMNT01_2145409,2021-07-06T15:41:36,2021-07-06,2021,Split 2,0,11.13,Red,oe:team:5a5f8cc0161f43afe3461b293535517,AGO ROGUE,oe:team:5628f250931675f9c0d20aad46cc117,Komil & Friends,oe:player:a7b756e008bfcb7148cdb51f886c3fa,Sinmivak,top,Lee Sin,oe:player:8e00e6377e8725af3b2bc927d6710e4,Sett,top:Lee Sin,lineup-de5e31d683ce7975,1,1077.00000000,17.95000000,4,1,7,11.00000000,7988.00000000,8198.00000000,147,456.71309192,0.18896222,0.16919838,7,0.38997214,0.40740741,1279.00000000,1193.00000000,16.00000000,3,out_of_time,476.68408799,397.29863653,152.34899521,-0.13108715,2021-06-16
pg-f363a26e5ec41817,ESPORTSTMNT01_2145437,2021-07-06T16:35:12,2021-07-06,2021,Split 2,0,11.13,Blue,oe:team:73f3cc4e54620b1454530648442e066,K1CK,oe:team:1158ec5b08f516ca81868bc48293989,Team ESCA Gaming,oe:player:b4a352b2b8782a2bb21bce1a2f47645,Puki Style,bot,Kai'Sa,oe:player:3d022fcafe5af9f52df92b17c015fe6,Sivir,bot:Kai'Sa,lineup-61a9b3fcfcd532f8,0,2404.00000000,40.06666667,1,3,4,1.66666667,17191.00000000,8954.00000000,399,223.47753744,0.23186275,0.11414658,122,3.04492512,0.33333333,129.00000000,1223.00000000,6.00000000,3,out_of_time,560.38540056,505.79442420,202.05387072,-1.66741603,2021-06-16
pg-dd3ac682e981512b,ESPORTSTMNT01_2145437,2021-07-06T16:35:12,2021-07-06,2021,Split 2,0,11.13,Blue,oe:team:73f3cc4e54620b1454530648442e066,K1CK,oe:team:1158ec5b08f516ca81868bc48293989,Team ESCA Gaming,oe:player:752b048c76633399b04f6e87a8b211c,Stefan,jng,Lee Sin,oe:player:4c56aef4b6fee236568a5769a8328aa,Volibear,jng:Lee Sin,lineup-61a9b3fcfcd532f8,0,2404.00000000,40.06666667,6,2,7,6.50000000,14803.00000000,10236.00000000,233,255.47420965,0.19965472,0.13048965,55,1.37271215,0.86666667,-699.00000000,-487.00000000,-10.00000000,3,out_of_time,329.28415658,293.78333679,127.71788150,-0.57791396,2021-06-16
pg-a3ee95e30f4f112e,ESPORTSTMNT01_2145437,2021-07-06T16:35:12,2021-07-06,2021,Split 2,0,11.13,Blue,oe:team:73f3cc4e54620b1454530648442e066,K1CK,oe:team:1158ec5b08f516ca81868bc48293989,Team ESCA Gaming,oe:player:be4ce50af0cd0d8574aa3820c37d1ae,Matislaw,mid,Zoe,oe:player:eec9551ee8ca36e4892be7901f79ec2,Viktor,mid:Zoe,lineup-61a9b3fcfcd532f8,0,2404.00000000,40.06666667,2,2,12,7.00000000,15217.00000000,31955.00000000,324,797.54575707,0.20523853,0.40736586,29,0.72379368,0.93333333,746.00000000,719.00000000,24.00000000,3,out_of_time,510.53903013,449.51039436,156.79169329,1.83049702,2021-06-16
pg-33bb3eecbf6322c9,ESPORTSTMNT01_2145437,2021-07-06T16:35:12,2021-07-06,2021,Split 2,0,11.13,Blue,oe:team:73f3cc4e54620b1454530648442e066,K1CK,oe:team:1158ec5b08f516ca81868bc48293989,Team ESCA Gaming,oe:player:84bd988294f5dd9ae9a499abf6524a0,Raxxo,sup,Nautilus,oe:player:e1ddc411cd92f26392b707a48e5c700,Braum,sup:Nautilus,lineup-61a9b3fcfcd532f8,0,2404.00000000,40.06666667,0,2,11,5.50000000,9176.00000000,6337.00000000,48,158.16139767,0.12376084,0.08078477,142,3.54409318,0.73333333,-5.00000000,-1486.00000000,-8.00000000,3,out_of_time,182.13846495,146.90637541,79.57217222,-0.30132478,2021-06-16
pg-07cc57982d128a3e,ESPORTSTMNT01_2145437,2021-07-06T16:35:12,2021-07-06,2021,Split 2,0,11.13,Blue,oe:team:73f3cc4e54620b1454530648442e066,K1CK,oe:team:1158ec5b08f516ca81868bc48293989,Team ESCA Gaming,oe:player:1f8b2df4c6ee43a1c1dc29817c0a201,Sacre,top,Gwen,oe:player:455527eab48df51aaf02979e65dd651,Jax,top:Gwen,lineup-61a9b3fcfcd532f8,0,2404.00000000,40.06666667,6,4,4,2.50000000,17756.00000000,20961.00000000,306,523.15307820,0.23948316,0.26721314,42,1.04825291,0.66666667,-1593.00000000,-574.00000000,-13.00000000,3,out_of_time,446.33368287,397.29863653,152.34899521,0.50423303,2021-06-16
pg-4f6421e106320906,ESPORTSTMNT01_2145437,2021-07-06T16:35:12,2021-07-06,2021,Split 2,0,11.13,Red,oe:team:1158ec5b08f516ca81868bc48293989,Team ESCA Gaming,oe:team:73f3cc4e54620b1454530648442e066,K1CK,oe:player:3d022fcafe5af9f52df92b17c015fe6,HARPOON,bot,Sivir,oe:player:b4a352b2b8782a2bb21bce1a2f47645,Kai'Sa,bot:Sivir,lineup-6f5844aa4e991672,1,2404.00000000,40.06666667,3,2,7,5.00000000,17281.00000000,20363.00000000,391,508.22795341,0.23677144,0.30615528,46,1.14808652,0.76923077,-129.00000000,-1223.00000000,-6.00000000,3,out_of_time,454.12502223,505.79442420,202.05387072,0.26776488,2021-06-16
pg-9393b0031c177277,ESPORTSTMNT01_2145437,2021-07-06T16:35:12,2021-07-06,2021,Split 2,0,11.13,Red,oe:team:1158ec5b08f516ca81868bc48293989,Team ESCA Gaming,oe:team:73f3cc4e54620b1454530648442e066,K1CK,oe:player:4c56aef4b6fee236568a5769a8328aa,Xeonerr,jng,Volibear,oe:player:752b048c76633399b04f6e87a8b211c,Lee Sin,jng:Volibear,lineup-6f5844aa4e991672,1,2404.00000000,40.06666667,3,4,5,2.00000000,12384.00000000,9663.00000000,154,241.17304493,0.16967638,0.14528205,45,1.12312812,0.61538462,699.00000000,487.00000000,10.00000000,3,out_of_time,247.14046621,293.78333679,127.71788150,-0.04672346,2021-06-16
pg-3245b59b0d0cf20e,ESPORTSTMNT01_2145437,2021-07-06T16:35:12,2021-07-06,2021,Split 2,0,11.13,Red,oe:team:1158ec5b08f516ca81868bc48293989,Team ESCA Gaming,oe:team:73f3cc4e54620b1454530648442e066,K1CK,oe:player:eec9551ee8ca36e4892be7901f79ec2,Dawidsonek,mid,Viktor,oe:player:be4ce50af0cd0d8574aa3820c37d1ae,Zoe,mid:Viktor,lineup-6f5844aa4e991672,1,2404.00000000,40.06666667,2,4,8,2.50000000,14886.00000000,18180.00000000,308,453.74376040,0.20395692,0.27333414,48,1.19800333,0.76923077,-746.00000000,-719.00000000,-24.00000000,3,out_of_time,457.19535010,449.51039436,156.79169329,-0.02201386,2021-06-16
pg-53d64db989baf2cc,ESPORTSTMNT01_2145437,2021-07-06T16:35:12,2021-07-06,2021,Split 2,0,11.13,Red,oe:team:1158ec5b08f516ca81868bc48293989,Team ESCA Gaming,oe:team:73f3cc4e54620b1454530648442e066,K1CK,oe:player:e1ddc411cd92f26392b707a48e5c700,marlon,sup,Braum,oe:player:84bd988294f5dd9ae9a499abf6524a0,Nautilus,sup:Braum,lineup-6f5844aa4e991672,1,2404.00000000,40.06666667,0,3,10,3.33333333,8910.00000000,3811.00000000,42,95.11647255,0.12207821,0.05729793,108,2.69550749,0.76923077,5.00000000,1486.00000000,8.00000000,3,out_of_time,133.33413037,146.90637541,79.57217222,-0.48028924,2021-06-16
pg-bffea513babef6ad,ESPORTSTMNT01_2145437,2021-07-06T16:35:12,2021-07-06,2021,Split 2,0,11.13,Red,oe:team:1158ec5b08f516ca81868bc48293989,Team ESCA Gaming,oe:team:73f3cc4e54620b1454530648442e066,K1CK,oe:player:455527eab48df51aaf02979e65dd651,Jaqen,top,Jax,oe:player:1f8b2df4c6ee43a1c1dc29817c0a201,Gwen,top:Jax,lineup-6f5844aa4e991672,1,2404.00000000,40.06666667,5,2,6,5.50000000,19525.00000000,14495.00000000,359,361.77204659,0.26751706,0.21793060,27,0.67387687,0.84615385,1593.00000000,574.00000000,13.00000000,3,out_of_time,331.43385817,397.29863653,152.34899521,0.19913612,2021-06-16
pg-7a351a711b7251dc,ESPORTSTMNT01_2145472,2021-07-06T17:07:11,2021-07-06,2021,Split 2,0,11.13,Blue,oe:team:f27741afb3044c971eeced9d0c2daa1,devils.one,oe:team:6cedba5819b5b7c465cb3bb48bfe855,Illuminar Gaming,oe:player:a2592097e38eeeec92fb042c009147d,Ejsner,bot,Kog'Maw,oe:player:694ee794a9d3a8c3fbd658becb89769,Aphelios,bot:Kog'Maw,lineup-8fb045b81dd22d44,0,1759.00000000,29.31666667,0,3,2,0.66666667,9365.00000000,10777.00000000,231,367.60659466,0.21432168,0.30540992,36,1.22797044,0.50000000,-1200.00000000,-726.00000000,-15.00000000,3,out_of_time,460.57457424,505.79442420,202.05387072,-0.46011482,2021-06-16
pg-f7d2dd009fd15e2e,ESPORTSTMNT01_2145472,2021-07-06T17:07:11,2021-07-06,2021,Split 2,0,11.13,Blue,oe:team:f27741afb3044c971eeced9d0c2daa1,devils.one,oe:team:6cedba5819b5b7c465cb3bb48bfe855,Illuminar Gaming,oe:player:2d1fca25321f6983dc3e1da11039a80,Diagu,jng,Volibear,oe:player:243afb63fb97e1791ffee0cec41ecdf,Lee Sin,jng:Volibear,lineup-8fb045b81dd22d44,0,1759.00000000,29.31666667,1,2,3,2.00000000,8827.00000000,4693.00000000,158,160.07959068,0.20200934,0.13299515,30,1.02330870,1.00000000,452.00000000,-97.00000000,-4.00000000,3,out_of_time,258.05159144,293.78333679,127.71788150,-0.76709698,2021-06-16
pg-de9d757a1d06503f,ESPORTSTMNT01_2145472,2021-07-06T17:07:11,2021-07-06,2021,Split 2,0,11.13,Blue,oe:team:f27741afb3044c971eeced9d0c2daa1,devils.one,oe:team:6cedba5819b5b7c465cb3bb48bfe855,Illuminar Gaming,oe:player:efde1a9fe9e6f1059c3fce2ec296fae,many,mid,Sylas,oe:player:7e33124e33721ef8f70d2dd843b57da,Seraphine,mid:Sylas,lineup-8fb045b81dd22d44,0,1759.00000000,29.31666667,3,3,0,1.00000000,10729.00000000,12246.00000000,219,417.71461057,0.24553735,0.34703999,30,1.02330870,0.75000000,-61.00000000,-270.00000000,-15.00000000,3,out_of_time,370.52087850,449.51039436,156.79169329,0.30099638,2021-06-16
pg-4587ed3b05f54bf0,ESPORTSTMNT01_2145472,2021-07-06T17:07:11,2021-07-06,2021,Split 2,0,11.13,Blue,oe:team:f27741afb3044c971eeced9d0c2daa1,devils.one,oe:team:6cedba5819b5b7c465cb3bb48bfe855,Illuminar Gaming,oe:player:945f30b38a435b37c2e70d893cb6a72,YuNIshinoya,sup,Lulu,oe:player:e0357bd3e9e044c623fbc77cc985cd7,Thresh,sup:Lulu,lineup-8fb045b81dd22d44,0,1759.00000000,29.31666667,0,4,2,0.50000000,5535.00000000,1196.00000000,33,40.79590677,0.12667063,0.03389350,57,1.94428653,0.50000000,-1261.00000000,-294.00000000,-3.00000000,3,out_of_time,139.94677336,146.90637541,79.57217222,-1.24604952,2021-06-16
pg-d0560249f132972b,ESPORTSTMNT01_2145472,2021-07-06T17:07:11,2021-07-06,2021,Split 2,0,11.13,Blue,oe:team:f27741afb3044c971eeced9d0c2daa1,devils.one,oe:team:6cedba5819b5b7c465cb3bb48bfe855,Illuminar Gaming,oe:player:e93fad90f312c1f10c64b60e5ba17c7,sheru,top,Sett,oe:player:298b3a3324ca8d42c20518481cab844,Gangplank,top:Sett,lineup-8fb045b81dd22d44,0,1759.00000000,29.31666667,0,4,3,0.75000000,9240.00000000,6375.00000000,210,217.45309835,0.21146100,0.18066143,28,0.95508812,0.75000000,-165.00000000,376.00000000,-3.00000000,3,out_of_time,380.89378234,397.29863653,152.34899521,-1.07280448,2021-06-16
pg-76651ea001744df6,ESPORTSTMNT01_2145472,2021-07-06T17:07:11,2021-07-06,2021,Split 2,0,11.13,Red,oe:team:6cedba5819b5b7c465cb3bb48bfe855,Illuminar Gaming,oe:team:f27741afb3044c971eeced9d0c2daa1,devils.one,oe:player:694ee794a9d3a8c3fbd658becb89769,Zamulek,bot,Aphelios,oe:player:a2592097e38eeeec92fb042c009147d,Kog'Maw,bot:Aphelios,lineup-3c3e1664e86dfbcc,1,1759.00000000,29.31666667,1,1,6,7.00000000,11740.00000000,13578.00000000,247,463.14951677,0.21568988,0.22622082,34,1.15974986,0.43750000,1200.00000000,726.00000000,15.00000000,3,out_of_time,534.99525437,505.79442420,202.05387072,-0.35557714,2021-06-16
pg-89f6b11d6d2655ac,ESPORTSTMNT01_2145472,2021-07-06T17:07:11,2021-07-06,2021,Split 2,0,11.13,Red,oe:team:6cedba5819b5b7c465cb3bb48bfe855,Illuminar Gaming,oe:team:f27741afb3044c971eeced9d0c2daa1,devils.one,oe:player:243afb63fb97e1791ffee0cec41ecdf,Krysia,jng,Lee Sin,oe:player:2d1fca25321f6983dc3e1da11039a80,Volibear,jng:Lee Sin,lineup-3c3e1664e86dfbcc,1,1759.00000000,29.31666667,5,0,7,12.00000000,10690.00000000,7634.00000000,180,260.39795338,0.19639904,0.12718882,39,1.33030131,0.75000000,-452.00000000,97.00000000,4.00000000,3,out_of_time,320.40847540,293.78333679,127.71788150,-0.46986782,2021-06-16
pg-5205cd113d133909,ESPORTSTMNT01_2145472,2021-07-06T17:07:11,2021-07-06,2021,Split 2,0,11.13,Red,oe:team:6cedba5819b5b7c465cb3bb48bfe855,Illuminar Gaming,oe:team:f27741afb3044c971eeced9d0c2daa1,devils.one,oe:player:7e33124e33721ef8f70d2dd843b57da,ESCIK,mid,Seraphine,oe:player:efde1a9fe9e6f1059c3fce2ec296fae,Sylas,mid:Seraphine,lineup-3c3e1664e86dfbcc,1,1759.00000000,29.31666667,2,0,11,13.00000000,11015.00000000,14887.00000000,247,507.79988630,0.20237002,0.24802986,38,1.29619102,0.81250000,61.00000000,270.00000000,15.00000000,3,out_of_time,436.27106787,449.51039436,156.79169329,0.45620286,2021-06-16
pg-4aa26dccfdc4abd3,ESPORTSTMNT01_2145472,2021-07-06T17:07:11,2021-07-06,2021,Split 2,0,11.13,Red,oe:team:6cedba5819b5b7c465cb3bb48bfe855,Illuminar Gaming,oe:team:f27741afb3044c971eeced9d0c2daa1,devils.one,oe:player:e0357bd3e9e044c623fbc77cc985cd7,xCharm,sup,Thresh,oe:player:945f30b38a435b37c2e70d893cb6a72,Lulu,sup:Thresh,lineup-3c3e1664e86dfbcc,1,1759.00000000,29.31666667,5,1,6,11.00000000,8282.00000000,4244.00000000,34,144.76407049,0.15215874,0.07070859,77,2.62649233,0.68750000,1261.00000000,294.00000000,3.00000000,3,out_of_time,170.11871848,146.90637541,79.57217222,-0.31863712,2021-06-16
pg-df6aaf42109ac79c,ESPORTSTMNT01_2145472,2021-07-06T17:07:11,2021-07-06,2021,Split 2,0,11.13,Red,oe:team:6cedba5819b5b7c465cb3bb48bfe855,Illuminar Gaming,oe:team:f27741afb3044c971eeced9d0c2daa1,devils.one,oe:player:298b3a3324ca8d42c20518481cab844,LEQINHO6,top,Gangplank,oe:player:e93fad90f312c1f10c64b60e5ba17c7,Sett,top:Gangplank,lineup-3c3e1664e86dfbcc,1,1759.00000000,29.31666667,3,2,8,5.50000000,12703.00000000,19678.00000000,241,671.22228539,0.23338233,0.32785192,48,1.63729392,0.68750000,165.00000000,-376.00000000,3.00000000,3,out_of_time,498.54225213,397.29863653,152.34899521,1.13345042,2021-06-16
pg-c290e0d89208661f,ESPORTSTMNT01_2135787,2021-07-07T15:00:53,2021-07-07,2021,Split 2,0,11.13,Blue,oe:team:3a1d5821b38ab1ddec52f944973d1bd,Gentlemen's Gaming,oe:team:6cedba5819b5b7c465cb3bb48bfe855,Illuminar Gaming,oe:player:50cce5a33514ebe62201a0a45314eca,Yashiro,bot,Tristana,oe:player:694ee794a9d3a8c3fbd658becb89769,Aphelios,bot:Tristana,lineup-18a4860f1407a610,0,2547.00000000,42.45000000,2,3,9,3.66666667,16169.00000000,23820.00000000,310,561.13074205,0.22093023,0.28543696,65,1.53121319,0.78571429,-2420.00000000,-110.00000000,-30.00000000,3,out_of_time,448.52221923,505.79442420,202.05387072,0.55731931,2021-06-16
pg-966af0659803080b,ESPORTSTMNT01_2135787,2021-07-07T15:00:53,2021-07-07,2021,Split 2,0,11.13,Blue,oe:team:3a1d5821b38ab1ddec52f944973d1bd,Gentlemen's Gaming,oe:team:6cedba5819b5b7c465cb3bb48bfe855,Illuminar Gaming,oe:player:24807d9986c4fda13d994791032cde1,Ben3k,jng,Xin Zhao,oe:player:243afb63fb97e1791ffee0cec41ecdf,Lee Sin,jng:Xin Zhao,lineup-18a4860f1407a610,0,2547.00000000,42.45000000,1,3,10,3.66666667,13653.00000000,14180.00000000,230,334.04004711,0.18655207,0.16992007,65,1.53121319,0.78571429,598.00000000,1100.00000000,19.00000000,3,out_of_time,257.48381466,293.78333679,127.71788150,0.59941671,2021-06-16
pg-ac843a16aa497040,ESPORTSTMNT01_2135787,2021-07-07T15:00:53,2021-07-07,2021,Split 2,0,11.13,Blue,oe:team:3a1d5821b38ab1ddec52f944973d1bd,Gentlemen's Gaming,oe:team:6cedba5819b5b7c465cb3bb48bfe855,Illuminar Gaming,oe:player:d76cb4dd926111e0b5a4c101f1218a1,bucu,mid,Syndra,oe:player:7e33124e33721ef8f70d2dd843b57da,Orianna,mid:Syndra,lineup-18a4860f1407a610,0,2547.00000000,42.45000000,5,3,3,2.66666667,15723.00000000,21692.00000000,326,511.00117786,0.21483617,0.25993697,72,1.69611307,0.57142857,-212.00000000,-884.00000000,-6.00000000,3,out_of_time,422.10294165,449.51039436,156.79169329,0.56698307,2021-06-16
pg-dc9e35d8398fd617,ESPORTSTMNT01_2135787,2021-07-07T15:00:53,2021-07-07,2021,Split 2,0,11.13,Blue,oe:team:3a1d5821b38ab1ddec52f944973d1bd,Gentlemen's Gaming,oe:team:6cedba5819b5b7c465cb3bb48bfe855,Illuminar Gaming,oe:player:dc0ab0700ebab412ecfc2e808b86e0f,Crow,sup,Lulu,oe:player:e0357bd3e9e044c623fbc77cc985cd7,Thresh,sup:Lulu,lineup-18a4860f1407a610,0,2547.00000000,42.45000000,3,3,10,4.33333333,10799.00000000,4549.00000000,45,107.16136631,0.14755554,0.05451103,117,2.75618375,0.92857143,-309.00000000,-1043.00000000,-2.00000000,3,out_of_time,122.17349289,146.90637541,79.57217222,-0.18866051,2021-06-16
pg-d3e766cdcbd4f19e,ESPORTSTMNT01_2135787,2021-07-07T15:00:53,2021-07-07,2021,Split 2,0,11.13,Blue,oe:team:3a1d5821b38ab1ddec52f944973d1bd,Gentlemen's Gaming,oe:team:6cedba5819b5b7c465cb3bb48bfe855,Illuminar Gaming,oe:player:8486d94ef23b38c67c76b647613d881,bobista,top,Sion,oe:player:298b3a3324ca8d42c20518481cab844,Camille,top:Sion,lineup-18a4860f1407a610,0,2547.00000000,42.45000000,3,6,6,1.50000000,16842.00000000,19210.00000000,329,452.53239105,0.23012598,0.23019496,40,0.94228504,0.64285714,-1135.00000000,-1109.00000000,-3.00000000,3,out_of_time,289.72484086,397.29863653,152.34899521,1.06864866,2021-06-16
pg-ccbf67172f96b961,ESPORTSTMNT01_2135787,2021-07-07T15:00:53,2021-07-07,2021,Split 2,0,11.13,Red,oe:team:6cedba5819b5b7c465cb3bb48bfe855,Illuminar Gaming,oe:team:3a1d5821b38ab1ddec52f944973d1bd,Gentlemen's Gaming,oe:player:694ee794a9d3a8c3fbd658becb89769,Zamulek,bot,Aphelios,oe:player:50cce5a33514ebe62201a0a45314eca,Tristana,bot:Aphelios,lineup-3c3e1664e86dfbcc,1,2547.00000000,42.45000000,6,4,5,2.75000000,19350.00000000,35399.00000000,394,833.89870436,0.25570547,0.35024241,41,0.96584217,0.61111111,2420.00000000,110.00000000,30.00000000,3,out_of_time,483.88597858,505.79442420,202.05387072,1.73227429,2021-06-16
pg-690c78fa0caa9e11,ESPORTSTMNT01_2135787,2021-07-07T15:00:53,2021-07-07,2021,Split 2,0,11.13,Red,oe:team:6cedba5819b5b7c465cb3bb48bfe855,Illuminar Gaming,oe:team:3a1d5821b38ab1ddec52f944973d1bd,Gentlemen's Gaming,oe:player:243afb63fb97e1791ffee0cec41ecdf,Krysia,jng,Lee Sin,oe:player:24807d9986c4fda13d994791032cde1,Xin Zhao,jng:Lee Sin,lineup-3c3e1664e86dfbcc,1,2547.00000000,42.45000000,2,3,9,3.66666667,12068.00000000,10082.00000000,204,237.50294464,0.15947564,0.09975265,57,1.34275618,0.61111111,-598.00000000,-1100.00000000,-19.00000000,3,out_of_time,308.74569668,293.78333679,127.71788150,-0.55781345,2021-06-16
pg-fb9aebcd4931562f,ESPORTSTMNT01_2135787,2021-07-07T15:00:53,2021-07-07,2021,Split 2,0,11.13,Red,oe:team:6cedba5819b5b7c465cb3bb48bfe855,Illuminar Gaming,oe:team:3a1d5821b38ab1ddec52f944973d1bd,Gentlemen's Gaming,oe:player:7e33124e33721ef8f70d2dd843b57da,ESCIK,mid,Orianna,oe:player:d76cb4dd926111e0b5a4c101f1218a1,Syndra,mid:Orianna,lineup-3c3e1664e86dfbcc,1,2547.00000000,42.45000000,5,1,6,11.00000000,17505.00000000,28113.00000000,385,662.26148410,0.23132425,0.27815375,36,0.84805654,0.61111111,212.00000000,884.00000000,6.00000000,3,out_of_time,460.58676914,449.51039436,156.79169329,1.28625893,2021-06-16
pg-60c348f94e2a6ca1,ESPORTSTMNT01_2135787,2021-07-07T15:00:53,2021-07-07,2021,Split 2,0,11.13,Red,oe:team:6cedba5819b5b7c465cb3bb48bfe855,Illuminar Gaming,oe:team:3a1d5821b38ab1ddec52f944973d1bd,Gentlemen's Gaming,oe:player:e0357bd3e9e044c623fbc77cc985cd7,xCharm,sup,Thresh,oe:player:dc0ab0700ebab412ecfc2e808b86e0f,Lulu,sup:Thresh,lineup-3c3e1664e86dfbcc,1,2547.00000000,42.45000000,1,3,14,5.00000000,9501.00000000,4435.00000000,47,104.47585395,0.12555337,0.04388048,123,2.89752650,0.83333333,309.00000000,1043.00000000,2.00000000,3,out_of_time,154.87392457,146.90637541,79.57217222,-0.63336301,2021-06-16
pg-cb7842bcafd2c382,ESPORTSTMNT01_2135787,2021-07-07T15:00:53,2021-07-07,2021,Split 2,0,11.13,Red,oe:team:6cedba5819b5b7c465cb3bb48bfe855,Illuminar Gaming,oe:team:3a1d5821b38ab1ddec52f944973d1bd,Gentlemen's Gaming,oe:player:298b3a3324ca8d42c20518481cab844,LEQINHO6,top,Camille,oe:player:8486d94ef23b38c67c76b647613d881,Sion,top:Camille,lineup-3c3e1664e86dfbcc,1,2547.00000000,42.45000000,4,3,9,4.33333333,17249.00000000,23041.00000000,316,542.77974087,0.22794127,0.22797071,32,0.75382803,0.72222222,1135.00000000,1109.00000000,3.00000000,3,out_of_time,442.14135028,397.29863653,152.34899521,0.66057797,2021-06-16
pg-e94318f90521b0df,ESPORTSTMNT01_2146057,2021-07-07T15:27:29,2021-07-07,2021,Split 2,0,11.13,Blue,oe:team:1158ec5b08f516ca81868bc48293989,Team ESCA Gaming,oe:team:f27741afb3044c971eeced9d0c2daa1,devils.one,oe:player:3d022fcafe5af9f52df92b17c015fe6,HARPOON,bot,Varus,oe:player:a2592097e38eeeec92fb042c009147d,Ezreal,bot:Varus,lineup-6f5844aa4e991672,1,1680.00000000,28.00000000,4,1,8,12.00000000,11665.00000000,14138.00000000,239,504.92857143,0.21646347,0.27392324,28,1.00000000,0.85714286,-417.00000000,-396.00000000,-9.00000000,3,out_of_time,521.70864190,505.79442420,202.05387072,-0.08304751,2021-06-16
pg-ee6d45f96c2d120f,ESPORTSTMNT01_2146057,2021-07-07T15:27:29,2021-07-07,2021,Split 2,0,11.13,Blue,oe:team:1158ec5b08f516ca81868bc48293989,Team ESCA Gaming,oe:team:f27741afb3044c971eeced9d0c2daa1,devils.one,oe:player:4c56aef4b6fee236568a5769a8328aa,Xeonerr,jng,Xin Zhao,oe:player:2d1fca25321f6983dc3e1da11039a80,Lee Sin,jng:Xin Zhao,lineup-6f5844aa4e991672,1,1680.00000000,28.00000000,1,0,8,9.00000000,9754.00000000,7001.00000000,172,250.03571429,0.18100169,0.13564412,45,1.60714286,0.64285714,-16.00000000,138.00000000,3.00000000,3,out_of_time,317.19927408,293.78333679,127.71788150,-0.52587436,2021-06-16
pg-9246464562c43b14,ESPORTSTMNT01_2146057,2021-07-07T15:27:29,2021-07-07,2021,Split 2,0,11.13,Blue,oe:team:1158ec5b08f516ca81868bc48293989,Team ESCA Gaming,oe:team:f27741afb3044c971eeced9d0c2daa1,devils.one,oe:player:eec9551ee8ca36e4892be7901f79ec2,Dawidsonek,mid,Ryze,oe:player:efde1a9fe9e6f1059c3fce2ec296fae,Akali,mid:Ryze,lineup-6f5844aa4e991672,1,1680.00000000,28.00000000,3,2,7,5.00000000,11710.00000000,12011.00000000,235,428.96428571,0.21729852,0.23271269,33,1.17857143,0.71428571,-642.00000000,-1194.00000000,-19.00000000,3,out_of_time,450.43660932,449.51039436,156.79169329,-0.13694809,2021-06-16
pg-10d9b552cb125963,ESPORTSTMNT01_2146057,2021-07-07T15:27:29,2021-07-07,2021,Split 2,0,11.13,Blue,oe:team:1158ec5b08f516ca81868bc48293989,Team ESCA Gaming,oe:team:f27741afb3044c971eeced9d0c2daa1,devils.one,oe:player:e1ddc411cd92f26392b707a48e5c700,marlon,sup,Thresh,oe:player:945f30b38a435b37c2e70d893cb6a72,Karma,sup:Thresh,lineup-6f5844aa4e991672,1,1680.00000000,28.00000000,1,2,11,6.00000000,6920.00000000,2110.00000000,29,75.35714286,0.12841211,0.04088117,53,1.89285714,0.85714286,19.00000000,-961.00000000,7.00000000,3,out_of_time,177.91100330,146.90637541,79.57217222,-1.28881564,2021-06-16
pg-8d6d87464abf09b5,ESPORTSTMNT01_2146057,2021-07-07T15:27:29,2021-07-07,2021,Split 2,0,11.13,Blue,oe:team:1158ec5b08f516ca81868bc48293989,Team ESCA Gaming,oe:team:f27741afb3044c971eeced9d0c2daa1,devils.one,oe:player:455527eab48df51aaf02979e65dd651,Jaqen,top,Fiora,oe:player:e93fad90f312c1f10c64b60e5ba17c7,Malphite,top:Fiora,lineup-6f5844aa4e991672,1,1680.00000000,28.00000000,5,1,8,13.00000000,13840.00000000,16353.00000000,247,584.03571429,0.25682421,0.31683878,29,1.03571429,0.92857143,2701.00000000,1097.00000000,55.00000000,3,out_of_time,407.09163861,397.29863653,152.34899521,1.16143907,2021-06-16
pg-93b6d7db43898f56,ESPORTSTMNT01_2146057,2021-07-07T15:27:29,2021-07-07,2021,Split 2,0,11.13,Red,oe:team:f27741afb3044c971eeced9d0c2daa1,devils.one,oe:team:1158ec5b08f516ca81868bc48293989,Team ESCA Gaming,oe:player:a2592097e38eeeec92fb042c009147d,Ejsner,bot,Ezreal,oe:player:3d022fcafe5af9f52df92b17c015fe6,Varus,bot:Ezreal,lineup-8fb045b81dd22d44,0,1680.00000000,28.00000000,4,2,1,2.50000000,11931.00000000,16754.00000000,265,598.35714286,0.27579113,0.36000688,19,0.67857143,0.83333333,417.00000000,396.00000000,9.00000000,3,out_of_time,552.40560621,505.79442420,202.05387072,0.22742220,2021-06-16
pg-0a36ae031a989db0,ESPORTSTMNT01_2146057,2021-07-07T15:27:29,2021-07-07,2021,Split 2,0,11.13,Red,oe:team:f27741afb3044c971eeced9d0c2daa1,devils.one,oe:team:1158ec5b08f516ca81868bc48293989,Team ESCA Gaming,oe:player:2d1fca25321f6983dc3e1da11039a80,Diagu,jng,Lee Sin,oe:player:4c56aef4b6fee236568a5769a8328aa,Xin Zhao,jng:Lee Sin,lineup-8fb045b81dd22d44,0,1680.00000000,28.00000000,1,2,5,3.00000000,8578.00000000,8005.00000000,167,285.89285714,0.19828483,0.17200997,37,1.32142857,1.00000000,16.00000000,-138.00000000,-3.00000000,3,out_of_time,313.64534448,293.78333679,127.71788150,-0.21729524,2021-06-16
pg-affd3ea28adf230b,ESPORTSTMNT01_2146057,2021-07-07T15:27:29,2021-07-07,2021,Split 2,0,11.13,Red,oe:team:f27741afb3044c971eeced9d0c2daa1,devils.one,oe:team:1158ec5b08f516ca81868bc48293989,Team ESCA Gaming,oe:player:efde1a9fe9e6f1059c3fce2ec296fae,many,mid,Akali,oe:player:eec9551ee8ca36e4892be7901f79ec2,Ryze,mid:Akali,lineup-8fb045b81dd22d44,0,1680.00000000,28.00000000,1,2,3,2.00000000,9806.00000000,11220.00000000,221,400.71428571,0.22667067,0.24109330,25,0.89285714,0.66666667,642.00000000,1194.00000000,19.00000000,3,out_of_time,459.58696352,449.51039436,156.79169329,-0.37548340,2021-06-16
pg-d4c8db0d5d4b69c9,ESPORTSTMNT01_2146057,2021-07-07T15:27:29,2021-07-07,2021,Split 2,0,11.13,Red,oe:team:f27741afb3044c971eeced9d0c2daa1,devils.one,oe:team:1158ec5b08f516ca81868bc48293989,Team ESCA Gaming,oe:player:945f30b38a435b37c2e70d893cb6a72,YuNIshinoya,sup,Karma,oe:player:e1ddc411cd92f26392b707a48e5c700,Thresh,sup:Karma,lineup-8fb045b81dd22d44,0,1680.00000000,28.00000000,0,3,5,1.66666667,5689.00000000,4394.00000000,25,156.92857143,0.13150413,0.09441747,53,1.89285714,0.83333333,-19.00000000,961.00000000,-7.00000000,3,out_of_time,206.94091882,146.90637541,79.57217222,-0.62851555,2021-06-16
pg-e5870276b247fd29,ESPORTSTMNT01_2146057,2021-07-07T15:27:29,2021-07-07,2021,Split 2,0,11.13,Red,oe:team:f27741afb3044c971eeced9d0c2daa1,devils.one,oe:team:1158ec5b08f516ca81868bc48293989,Team ESCA Gaming,oe:player:e93fad90f312c1f10c64b60e5ba17c7,sheru,top,Malphite,oe:player:455527eab48df51aaf02979e65dd651,Fiora,top:Malphite,lineup-8fb045b81dd22d44,0,1680.00000000,28.00000000,0,5,1,0.20000000,7257.00000000,6165.00000000,158,220.17857143,0.16774924,0.13247239,19,0.67857143,0.16666667,-2701.00000000,-1097.00000000,-55.00000000,3,out_of_time,418.16291574,397.29863653,152.34899521,-1.29954480,2021-06-16
pg-93b23e7ce75dae08,ESPORTSTMNT01_2135868,2021-07-07T16:53:28,2021-07-07,2021,Split 2,0,11.13,Blue,oe:team:5628f250931675f9c0d20aad46cc117,Komil & Friends,oe:team:73f3cc4e54620b1454530648442e066,K1CK,oe:player:fc64481e9be7c98479a123b5ece6f9c,defles,bot,Senna,oe:player:b4a352b2b8782a2bb21bce1a2f47645,Aphelios,bot:Senna,lineup-8cc7eac25b4975bb,0,1699.00000000,28.31666667,1,2,2,1.50000000,8580.00000000,16940.00000000,85,598.23425544,0.20876420,0.43654168,64,2.26015303,1.00000000,-1296.00000000,-1411.00000000,-104.00000000,3,out_of_time,461.45805072,505.79442420,202.05387072,0.67692940,2021-06-16
pg-50e41c7b42a799d5,ESPORTSTMNT01_2135868,2021-07-07T16:53:28,2021-07-07,2021,Split 2,0,11.13,Blue,oe:team:5628f250931675f9c0d20aad46cc117,Komil & Friends,oe:team:73f3cc4e54620b1454530648442e066,K1CK,oe:player:8a1c30199bac9efaa2161b14565595c,KonDziSan,jng,Lee Sin,oe:player:752b048c76633399b04f6e87a8b211c,Diana,jng:Lee Sin,lineup-8cc7eac25b4975bb,0,1699.00000000,28.31666667,2,6,1,0.50000000,7691.00000000,5135.00000000,119,181.34196586,0.18713351,0.13232831,28,0.98881695,1.00000000,-1836.00000000,-1492.00000000,-36.00000000,3,out_of_time,254.18625276,293.78333679,127.71788150,-0.57035308,2021-06-16
pg-fb67a5d0428a1d2d,ESPORTSTMNT01_2135868,2021-07-07T16:53:28,2021-07-07,2021,Split 2,0,11.13,Blue,oe:team:5628f250931675f9c0d20aad46cc117,Komil & Friends,oe:team:73f3cc4e54620b1454530648442e066,K1CK,oe:player:56b90211cf581dd16f58da4eb71317f,Wojux,mid,Karma,oe:player:be4ce50af0cd0d8574aa3820c37d1ae,Orianna,mid:Karma,lineup-8cc7eac25b4975bb,0,1699.00000000,28.31666667,0,3,3,1.00000000,8223.00000000,6995.00000000,199,247.02766333,0.20007786,0.18026028,32,1.13007652,1.00000000,-754.00000000,278.00000000,-11.00000000,3,out_of_time,375.38469999,449.51039436,156.79169329,-0.81864692,2021-06-16
pg-cf275e2c0efdc3b5,ESPORTSTMNT01_2135868,2021-07-07T16:53:28,2021-07-07,2021,Split 2,0,11.13,Blue,oe:team:5628f250931675f9c0d20aad46cc117,Komil & Friends,oe:team:73f3cc4e54620b1454530648442e066,K1CK,oe:player:1f892f04e94e144dadcc8be197d4f5b,minemaciek,sup,Nautilus,oe:player:84bd988294f5dd9ae9a499abf6524a0,Thresh,sup:Nautilus,lineup-8cc7eac25b4975bb,0,1699.00000000,28.31666667,0,5,3,0.60000000,7803.00000000,2897.00000000,169,102.30723955,0.18985863,0.07465533,24,0.84755739,1.00000000,1091.00000000,744.00000000,85.00000000,3,out_of_time,98.60470656,146.90637541,79.57217222,0.04653050,2021-06-16
pg-26566f8c2f07fefc,ESPORTSTMNT01_2135868,2021-07-07T16:53:28,2021-07-07,2021,Split 2,0,11.13,Blue,oe:team:5628f250931675f9c0d20aad46cc117,Komil & Friends,oe:team:73f3cc4e54620b1454530648442e066,K1CK,oe:player:8e00e6377e8725af3b2bc927d6710e4,Grzybek,top,Gwen,oe:player:1f8b2df4c6ee43a1c1dc29817c0a201,Gnar,top:Gwen,lineup-8cc7eac25b4975bb,0,1699.00000000,28.31666667,0,2,3,1.50000000,8802.00000000,6838.00000000,210,241.48322543,0.21416579,0.17621441,20,0.70629782,1.00000000,-2442.00000000,-1761.00000000,-43.00000000,3,out_of_time,338.86954241,397.29863653,152.34899521,-0.63923176,2021-06-16
pg-81c677b5b53a43a2,ESPORTSTMNT01_2135868,2021-07-07T16:53:28,2021-07-07,2021,Split 2,0,11.13,Red,oe:team:73f3cc4e54620b1454530648442e066,K1CK,oe:team:5628f250931675f9c0d20aad46cc117,Komil & Friends,oe:player:b4a352b2b8782a2bb21bce1a2f47645,Puki Style,bot,Aphelios,oe:player:fc64481e9be7c98479a123b5ece6f9c,Senna,bot:Aphelios,lineup-61a9b3fcfcd532f8,1,1699.00000000,28.31666667,5,1,6,11.00000000,11496.00000000,14105.00000000,225,498.11653914,0.20182584,0.20226282,30,1.05944673,0.61111111,1296.00000000,1411.00000000,104.00000000,3,out_of_time,572.68482599,505.79442420,202.05387072,-0.36905151,2021-06-16
pg-efdb99f81432f8b0,ESPORTSTMNT01_2135868,2021-07-07T16:53:28,2021-07-07,2021,Split 2,0,11.13,Red,oe:team:73f3cc4e54620b1454530648442e066,K1CK,oe:team:5628f250931675f9c0d20aad46cc117,Komil & Friends,oe:player:752b048c76633399b04f6e87a8b211c,Stefan,jng,Diana,oe:player:8a1c30199bac9efaa2161b14565595c,Lee Sin,jng:Diana,lineup-61a9b3fcfcd532f8,1,1699.00000000,28.31666667,5,1,10,15.00000000,12200.00000000,16126.00000000,200,569.48793408,0.21418539,0.23124355,36,1.27133608,0.83333333,1836.00000000,1492.00000000,36.00000000,3,out_of_time,377.78834521,293.78333679,127.71788150,1.50096123,2021-06-16
pg-c852b8abfb6917f4,ESPORTSTMNT01_2135868,2021-07-07T16:53:28,2021-07-07,2021,Split 2,0,11.13,Red,oe:team:73f3cc4e54620b1454530648442e066,K1CK,oe:team:5628f250931675f9c0d20aad46cc117,Komil & Friends,oe:player:be4ce50af0cd0d8574aa3820c37d1ae,Matislaw,mid,Orianna,oe:player:56b90211cf581dd16f58da4eb71317f,Karma,mid:Orianna,lineup-61a9b3fcfcd532f8,1,1699.00000000,28.31666667,4,0,10,14.00000000,11969.00000000,16149.00000000,234,570.30017657,0.21012992,0.23157336,25,0.88287228,0.77777778,754.00000000,-278.00000000,11.00000000,3,out_of_time,518.94835358,449.51039436,156.79169329,0.32751622,2021-06-16
pg-8f7366af2801a217,ESPORTSTMNT01_2135868,2021-07-07T16:53:28,2021-07-07,2021,Split 2,0,11.13,Red,oe:team:73f3cc4e54620b1454530648442e066,K1CK,oe:team:5628f250931675f9c0d20aad46cc117,Komil & Friends,oe:player:84bd988294f5dd9ae9a499abf6524a0,Raxxo,sup,Thresh,oe:player:1f892f04e94e144dadcc8be197d4f5b,Nautilus,sup:Thresh,lineup-61a9b3fcfcd532f8,1,1699.00000000,28.31666667,1,1,12,13.00000000,7612.00000000,4714.00000000,50,166.47439670,0.13363764,0.06759780,96,3.39022955,0.72222222,-1091.00000000,-744.00000000,-85.00000000,3,out_of_time,214.39211654,146.90637541,79.57217222,-0.60219193,2021-06-16
pg-987cd938ff5eb19e,ESPORTSTMNT01_2135868,2021-07-07T16:53:28,2021-07-07,2021,Split 2,0,11.13,Red,oe:team:73f3cc4e54620b1454530648442e066,K1CK,oe:team:5628f250931675f9c0d20aad46cc117,Komil & Friends,oe:player:1f8b2df4c6ee43a1c1dc29817c0a201,Sacre,top,Gnar,oe:player:8e00e6377e8725af3b2bc927d6710e4,Gwen,top:Gnar,lineup-61a9b3fcfcd532f8,1,1699.00000000,28.31666667,3,0,8,11.00000000,13683.00000000,18642.00000000,252,658.34020012,0.24022121,0.26732247,39,1.37728075,0.61111111,2442.00000000,1761.00000000,43.00000000,3,out_of_time,460.47478826,397.29863653,152.34899521,1.29876414,2021-06-16
pg-10b908d568131949,ESPORTSTMNT01_2146153,2021-07-07T18:00:56,2021-07-07,2021,Split 2,0,11.13,Blue,oe:team:d2628b4f33cdc631c1fc42be5d2b771,PDW,oe:team:5a5f8cc0161f43afe3461b293535517,AGO ROGUE,oe:player:7705566e63eedc7bd6c4c72d43c9104,odi11,bot,Aphelios,oe:player:0482daf6543f102a27a265342292bb7,Varus,bot:Aphelios,lineup-449ab01c69a3adca,0,1902.00000000,31.70000000,0,3,2,0.66666667,13467.00000000,10997.00000000,335,346.90851735,0.27440553,0.35549880,25,0.78864353,0.40000000,-238.00000000,53.00000000,-17.00000000,3,out_of_time,456.04968409,505.79442420,202.05387072,-0.54015875,2021-06-16
pg-7826331fe620f9e6,ESPORTSTMNT01_2146153,2021-07-07T18:00:56,2021-07-07,2021,Split 2,0,11.13,Blue,oe:team:d2628b4f33cdc631c1fc42be5d2b771,PDW,oe:team:5a5f8cc0161f43afe3461b293535517,AGO ROGUE,oe:player:7471c21aed615dae3e49140eca8ce89,Bruness,jng,Lee Sin,oe:player:6fc5fe723eed4ba4c230292be365c66,Fiddlesticks,jng:Lee Sin,lineup-449ab01c69a3adca,0,1902.00000000,31.70000000,4,2,1,2.50000000,10233.00000000,6217.00000000,173,196.11987382,0.20850908,0.20097627,37,1.16719243,1.00000000,1056.00000000,467.00000000,2.00000000,3,out_of_time,292.32487521,293.78333679,127.71788150,-0.75326180,2021-06-16
pg-59f96d6ab3a90a23,ESPORTSTMNT01_2146153,2021-07-07T18:00:56,2021-07-07,2021,Split 2,0,11.13,Blue,oe:team:d2628b4f33cdc631c1fc42be5d2b771,PDW,oe:team:5a5f8cc0161f43afe3461b293535517,AGO ROGUE,oe:player:73ac73edf51a3acdfa494e271c6ee29,Czajek,mid,Karma,oe:player:2096ff50c6496d70e4b39793390c9ce,Lucian,mid:Karma,lineup-449ab01c69a3adca,0,1902.00000000,31.70000000,1,2,0,0.50000000,8681.00000000,6960.00000000,188,219.55835962,0.17688530,0.22499515,21,0.66246057,0.20000000,-893.00000000,-1375.00000000,-31.00000000,3,out_of_time,386.32940986,449.51039436,156.79169329,-1.06364723,2021-06-16
pg-070a4d63da91cf71,ESPORTSTMNT01_2146153,2021-07-07T18:00:56,2021-07-07,2021,Split 2,0,11.13,Blue,oe:team:d2628b4f33cdc631c1fc42be5d2b771,PDW,oe:team:5a5f8cc0161f43afe3461b293535517,AGO ROGUE,oe:player:1f111e88abd984a347713f070de73e3,kubYD,sup,Thresh,oe:player:3e68fd564e4e518b8aed89b9a0bf855,Braum,sup:Thresh,lineup-449ab01c69a3adca,0,1902.00000000,31.70000000,0,6,1,0.16666667,6204.00000000,1388.00000000,36,43.78548896,0.12641359,0.04486972,77,2.42902208,0.20000000,-179.00000000,-101.00000000,6.00000000,3,out_of_time,123.04666089,146.90637541,79.57217222,-0.99609159,2021-06-16
pg-0db3a8138e52b85c,ESPORTSTMNT01_2146153,2021-07-07T18:00:56,2021-07-07,2021,Split 2,0,11.13,Blue,oe:team:d2628b4f33cdc631c1fc42be5d2b771,PDW,oe:team:5a5f8cc0161f43afe3461b293535517,AGO ROGUE,oe:player:cb5feb1b7314637725a2e73bdc9f729,Color,top,Renekton,oe:player:a7b756e008bfcb7148cdb51f886c3fa,Gnar,top:Renekton,lineup-449ab01c69a3adca,0,1902.00000000,31.70000000,0,4,2,0.50000000,10492.00000000,5372.00000000,256,169.46372240,0.21378650,0.17366005,57,1.79810726,0.40000000,465.00000000,238.00000000,8.00000000,3,out_of_time,321.92907574,397.29863653,152.34899521,-1.00076376,2021-06-16
pg-5a41fc4cacbb945e,ESPORTSTMNT01_2146153,2021-07-07T18:00:56,2021-07-07,2021,Split 2,0,11.13,Red,oe:team:5a5f8cc0161f43afe3461b293535517,AGO ROGUE,oe:team:d2628b4f33cdc631c1fc42be5d2b771,PDW,oe:player:0482daf6543f102a27a265342292bb7,Lucker,bot,Varus,oe:player:7705566e63eedc7bd6c4c72d43c9104,Aphelios,bot:Varus,lineup-de5e31d683ce7975,1,1902.00000000,31.70000000,4,0,9,13.00000000,15461.00000000,15746.00000000,335,496.71924290,0.25430113,0.27158109,41,1.29337539,0.76470588,238.00000000,-53.00000000,17.00000000,3,out_of_time,536.64759677,505.79442420,202.05387072,-0.19761242,2021-06-16
pg-3f1837ba26ec40c5,ESPORTSTMNT01_2146153,2021-07-07T18:00:56,2021-07-07,2021,Split 2,0,11.13,Red,oe:team:5a5f8cc0161f43afe3461b293535517,AGO ROGUE,oe:team:d2628b4f33cdc631c1fc42be5d2b771,PDW,oe:player:6fc5fe723eed4ba4c230292be365c66,Lurox,jng,Fiddlesticks,oe:player:7471c21aed615dae3e49140eca8ce89,Lee Sin,jng:Fiddlesticks,lineup-de5e31d683ce7975,1,1902.00000000,31.70000000,5,3,6,3.66666667,10911.00000000,8811.00000000,160,277.94952681,0.17946314,0.15196882,98,3.09148265,0.64705882,-1056.00000000,-467.00000000,-2.00000000,3,out_of_time,330.54845798,293.78333679,127.71788150,-0.41183686,2021-06-16
pg-3874f2b7322c12f4,ESPORTSTMNT01_2146153,2021-07-07T18:00:56,2021-07-07,2021,Split 2,0,11.13,Red,oe:team:5a5f8cc0161f43afe3461b293535517,AGO ROGUE,oe:team:d2628b4f33cdc631c1fc42be5d2b771,PDW,oe:player:2096ff50c6496d70e4b39793390c9ce,Sencux,mid,Lucian,oe:player:73ac73edf51a3acdfa494e271c6ee29,Karma,mid:Lucian,lineup-de5e31d683ce7975,1,1902.00000000,31.70000000,7,1,7,14.00000000,14523.00000000,17368.00000000,271,547.88643533,0.23887299,0.29955674,51,1.60883281,0.82352941,893.00000000,1375.00000000,31.00000000,3,out_of_time,456.78552867,449.51039436,156.79169329,0.58103146,2021-06-16
pg-d697772971f1714d,ESPORTSTMNT01_2146153,2021-07-07T18:00:56,2021-07-07,2021,Split 2,0,11.13,Red,oe:team:5a5f8cc0161f43afe3461b293535517,AGO ROGUE,oe:team:d2628b4f33cdc631c1fc42be5d2b771,PDW,oe:player:3e68fd564e4e518b8aed89b9a0bf855,Pyrka,sup,Braum,oe:player:1f111e88abd984a347713f070de73e3,Thresh,sup:Braum,lineup-de5e31d683ce7975,1,1902.00000000,31.70000000,0,0,12,12.00000000,7854.00000000,4643.00000000,31,146.46687697,0.12918188,0.08008072,85,2.68138801,0.70588235,179.00000000,101.00000000,-6.00000000,3,out_of_time,198.86606142,146.90637541,79.57217222,-0.65851142,2021-06-16
pg-6513fbdcd605deb1,ESPORTSTMNT01_2146153,2021-07-07T18:00:56,2021-07-07,2021,Split 2,0,11.13,Red,oe:team:5a5f8cc0161f43afe3461b293535517,AGO ROGUE,oe:team:d2628b4f33cdc631c1fc42be5d2b771,PDW,oe:player:a7b756e008bfcb7148cdb51f886c3fa,Sinmivak,top,Gnar,oe:player:cb5feb1b7314637725a2e73bdc9f729,Renekton,top:Gnar,lineup-de5e31d683ce7975,1,1902.00000000,31.70000000,1,1,6,7.00000000,12049.00000000,11411.00000000,263,359.96845426,0.19818086,0.19681264,38,1.19873817,0.41176471,-465.00000000,-238.00000000,-8.00000000,3,out_of_time,439.62074892,397.29863653,152.34899521,-0.52282783,2021-06-16
pg-4123ca7bebc10fe4,ESPORTSTMNT02_2070729,2021-07-13T14:39:01,2021-07-13,2021,Split 2,0,11.14,Blue,oe:team:5628f250931675f9c0d20aad46cc117,Komil & Friends,oe:team:6cedba5819b5b7c465cb3bb48bfe855,Illuminar Gaming,oe:player:fc64481e9be7c98479a123b5ece6f9c,defles,bot,Ezreal,oe:player:694ee794a9d3a8c3fbd658becb89769,Varus,bot:Ezreal,lineup-50c85d47eeaaeb84,1,2050.00000000,34.16666667,5,0,4,9.00000000,15095.00000000,21430.00000000,331,627.21951220,0.24926105,0.34040728,43,1.25853659,0.64285714,-322.00000000,-166.00000000,-16.00000000,3,out_of_time,459.59366787,505.79442420,202.05387072,0.82960967,2021-06-16
pg-4438538264b15a44,ESPORTSTMNT02_2070729,2021-07-13T14:39:01,2021-07-13,2021,Split 2,0,11.14,Blue,oe:team:5628f250931675f9c0d20aad46cc117,Komil & Friends,oe:team:6cedba5819b5b7c465cb3bb48bfe855,Illuminar Gaming,oe:player:11bd50ce9e013690ead12e9c307d048,Yuta,jng,Viego,oe:player:243afb63fb97e1791ffee0cec41ecdf,Lee Sin,jng:Viego,lineup-50c85d47eeaaeb84,1,2050.00000000,34.16666667,3,0,7,10.00000000,13303.00000000,11138.00000000,246,325.99024390,0.21967007,0.17692283,65,1.90243902,0.71428571,-221.00000000,-350.00000000,1.00000000,3,out_of_time,236.67074016,293.78333679,127.71788150,0.69935003,2021-06-16
pg-c5c6d73154d1e808,ESPORTSTMNT02_2070729,2021-07-13T14:39:01,2021-07-13,2021,Split 2,0,11.14,Blue,oe:team:5628f250931675f9c0d20aad46cc117,Komil & Friends,oe:team:6cedba5819b5b7c465cb3bb48bfe855,Illuminar Gaming,oe:player:56b90211cf581dd16f58da4eb71317f,Wojux,mid,Sylas,oe:player:7e33124e33721ef8f70d2dd843b57da,Seraphine,mid:Sylas,lineup-50c85d47eeaaeb84,1,2050.00000000,34.16666667,6,1,4,10.00000000,14298.00000000,16546.00000000,285,484.27317073,0.23610033,0.26282683,45,1.31707317,0.71428571,-165.00000000,-745.00000000,-5.00000000,3,out_of_time,331.55064628,449.51039436,156.79169329,0.97404729,2021-06-16
pg-974e8c2be96367c3,ESPORTSTMNT02_2070729,2021-07-13T14:39:01,2021-07-13,2021,Split 2,0,11.14,Blue,oe:team:5628f250931675f9c0d20aad46cc117,Komil & Friends,oe:team:6cedba5819b5b7c465cb3bb48bfe855,Illuminar Gaming,oe:player:1f892f04e94e144dadcc8be197d4f5b,minemaciek,sup,Nautilus,oe:player:e0357bd3e9e044c623fbc77cc985cd7,Braum,sup:Nautilus,lineup-50c85d47eeaaeb84,1,2050.00000000,34.16666667,0,2,9,4.50000000,7788.00000000,5978.00000000,50,174.96585366,0.12860186,0.09495822,108,3.16097561,0.64285714,301.00000000,11.00000000,6.00000000,3,out_of_time,70.10569933,146.90637541,79.57217222,1.31779932,2021-06-16
pg-e169c4301031d50e,ESPORTSTMNT02_2070729,2021-07-13T14:39:01,2021-07-13,2021,Split 2,0,11.14,Blue,oe:team:5628f250931675f9c0d20aad46cc117,Komil & Friends,oe:team:6cedba5819b5b7c465cb3bb48bfe855,Illuminar Gaming,oe:player:8e00e6377e8725af3b2bc927d6710e4,Grzybek,top,Karma,oe:player:298b3a3324ca8d42c20518481cab844,Gwen,top:Karma,lineup-50c85d47eeaaeb84,1,2050.00000000,34.16666667,0,2,8,4.00000000,10075.00000000,7862.00000000,190,230.10731707,0.16636668,0.12488484,38,1.11219512,0.57142857,103.00000000,525.00000000,6.00000000,3,out_of_time,276.34714510,397.29863653,152.34899521,-0.30351252,2021-06-16
pg-a6a66847c278a36d,ESPORTSTMNT02_2070729,2021-07-13T14:39:01,2021-07-13,2021,Split 2,0,11.14,Red,oe:team:6cedba5819b5b7c465cb3bb48bfe855,Illuminar Gaming,oe:team:5628f250931675f9c0d20aad46cc117,Komil & Friends,oe:player:694ee794a9d3a8c3fbd658becb89769,Zamulek,bot,Varus,oe:player:fc64481e9be7c98479a123b5ece6f9c,Ezreal,bot:Varus,lineup-3c3e1664e86dfbcc,0,2050.00000000,34.16666667,0,3,3,1.00000000,11826.00000000,29892.00000000,293,874.88780488,0.23485721,0.44415388,49,1.43414634,0.60000000,322.00000000,166.00000000,16.00000000,3,out_of_time,554.79006428,505.79442420,202.05387072,1.58421979,2021-06-16
pg-681b6562d6f5ab96,ESPORTSTMNT02_2070729,2021-07-13T14:39:01,2021-07-13,2021,Split 2,0,11.14,Red,oe:team:6cedba5819b5b7c465cb3bb48bfe855,Illuminar Gaming,oe:team:5628f250931675f9c0d20aad46cc117,Komil & Friends,oe:player:243afb63fb97e1791ffee0cec41ecdf,Krysia,jng,Lee Sin,oe:player:11bd50ce9e013690ead12e9c307d048,Viego,jng:Lee Sin,lineup-3c3e1664e86dfbcc,0,2050.00000000,34.16666667,3,4,1,1.00000000,10592.00000000,11012.00000000,199,322.30243902,0.21035072,0.16362313,36,1.05365854,0.80000000,221.00000000,350.00000000,-1.00000000,3,out_of_time,352.46386998,293.78333679,127.71788150,-0.23615668,2021-06-16
pg-fb5f65305e327f15,ESPORTSTMNT02_2070729,2021-07-13T14:39:01,2021-07-13,2021,Split 2,0,11.14,Red,oe:team:6cedba5819b5b7c465cb3bb48bfe855,Illuminar Gaming,oe:team:5628f250931675f9c0d20aad46cc117,Komil & Friends,oe:player:7e33124e33721ef8f70d2dd843b57da,ESCIK,mid,Seraphine,oe:player:56b90211cf581dd16f58da4eb71317f,Sylas,mid:Seraphine,lineup-3c3e1664e86dfbcc,0,2050.00000000,34.16666667,0,2,4,2.00000000,10535.00000000,11307.00000000,265,330.93658537,0.20921873,0.16800642,34,0.99512195,0.80000000,165.00000000,745.00000000,5.00000000,3,out_of_time,447.10781696,449.51039436,156.79169329,-0.74092721,2021-06-16
pg-10679a824d4de11a,ESPORTSTMNT02_2070729,2021-07-13T14:39:01,2021-07-13,2021,Split 2,0,11.14,Red,oe:team:6cedba5819b5b7c465cb3bb48bfe855,Illuminar Gaming,oe:team:5628f250931675f9c0d20aad46cc117,Komil & Friends,oe:player:e0357bd3e9e044c623fbc77cc985cd7,xCharm,sup,Braum,oe:player:1f892f04e94e144dadcc8be197d4f5b,Nautilus,sup:Braum,lineup-3c3e1664e86dfbcc,0,2050.00000000,34.16666667,0,1,3,3.00000000,6531.00000000,3192.00000000,36,93.42439024,0.12970171,0.04742872,79,2.31219512,0.60000000,-301.00000000,-11.00000000,-6.00000000,3,out_of_time,219.26885692,146.90637541,79.57217222,-1.58151353,2021-06-16
pg-67492b01de2c50f0,ESPORTSTMNT02_2070729,2021-07-13T14:39:01,2021-07-13,2021,Split 2,0,11.14,Red,oe:team:6cedba5819b5b7c465cb3bb48bfe855,Illuminar Gaming,oe:team:5628f250931675f9c0d20aad46cc117,Komil & Friends,oe:player:298b3a3324ca8d42c20518481cab844,LEQINHO6,top,Gwen,oe:player:8e00e6377e8725af3b2bc927d6710e4,Karma,top:Gwen,lineup-3c3e1664e86dfbcc,0,2050.00000000,34.16666667,2,4,1,0.75000000,10870.00000000,11898.00000000,228,348.23414634,0.21587163,0.17678786,24,0.70243902,0.60000000,-103.00000000,-525.00000000,-6.00000000,3,out_of_time,458.96755913,397.29863653,152.34899521,-0.72684045,2021-06-16
pg-70a42e5a4a867c24,ESPORTSTMNT02_2070752,2021-07-13T15:30:54,2021-07-13,2021,Split 2,0,11.14,Blue,oe:team:d2628b4f33cdc631c1fc42be5d2b771,PDW,oe:team:73f3cc4e54620b1454530648442e066,K1CK,oe:player:7705566e63eedc7bd6c4c72d43c9104,odi11,bot,Ziggs,oe:player:b4a352b2b8782a2bb21bce1a2f47645,Aphelios,bot:Ziggs,lineup-449ab01c69a3adca,1,2285.00000000,38.08333333,3,2,10,6.50000000,16681.00000000,18714.00000000,384,491.39606127,0.23459012,0.22200868,18,0.47264770,0.65000000,-52.00000000,1176.00000000,27.00000000,3,out_of_time,492.98175868,505.79442420,202.05387072,-0.00784789,2021-06-16
pg-ac9239b261cccb8c,ESPORTSTMNT02_2070752,2021-07-13T15:30:54,2021-07-13,2021,Split 2,0,11.14,Blue,oe:team:d2628b4f33cdc631c1fc42be5d2b771,PDW,oe:team:73f3cc4e54620b1454530648442e066,K1CK,oe:player:7471c21aed615dae3e49140eca8ce89,Bruness,jng,Lee Sin,oe:player:752b048c76633399b04f6e87a8b211c,Diana,jng:Lee Sin,lineup-449ab01c69a3adca,1,2285.00000000,38.08333333,7,2,9,8.00000000,13543.00000000,11795.00000000,191,309.71553611,0.19045945,0.13992692,62,1.62800875,0.80000000,-575.00000000,-201.00000000,-23.00000000,3,out_of_time,304.62882396,293.78333679,127.71788150,0.03982772,2021-06-16
pg-538c9f7c660038e6,ESPORTSTMNT02_2070752,2021-07-13T15:30:54,2021-07-13,2021,Split 2,0,11.14,Blue,oe:team:d2628b4f33cdc631c1fc42be5d2b771,PDW,oe:team:73f3cc4e54620b1454530648442e066,K1CK,oe:player:73ac73edf51a3acdfa494e271c6ee29,Czajek,mid,Sylas,oe:player:be4ce50af0cd0d8574aa3820c37d1ae,Orianna,mid:Sylas,lineup-449ab01c69a3adca,1,2285.00000000,38.08333333,3,2,10,6.50000000,14414.00000000,16050.00000000,291,421.44420131,0.20270859,0.19040501,35,0.91903720,0.65000000,-509.00000000,-250.00000000,-5.00000000,3,out_of_time,438.10602996,449.51039436,156.79169329,-0.10626729,2021-06-16
pg-0d9af3fc43679c40,ESPORTSTMNT02_2070752,2021-07-13T15:30:54,2021-07-13,2021,Split 2,0,11.14,Blue,oe:team:d2628b4f33cdc631c1fc42be5d2b771,PDW,oe:team:73f3cc4e54620b1454530648442e066,K1CK,oe:player:1f111e88abd984a347713f070de73e3,kubYD,sup,Leona,oe:player:84bd988294f5dd9ae9a499abf6524a0,Braum,sup:Leona,lineup-449ab01c69a3adca,1,2285.00000000,38.08333333,3,1,7,10.00000000,9392.00000000,2759.00000000,34,72.44638950,0.13208264,0.03273068,124,3.25601751,0.50000000,-193.00000000,-196.00000000,-5.00000000,3,out_of_time,145.85214170,146.90637541,79.57217222,-0.92250532,2021-06-16
pg-9e724d4abe909fd5,ESPORTSTMNT02_2070752,2021-07-13T15:30:54,2021-07-13,2021,Split 2,0,11.14,Blue,oe:team:d2628b4f33cdc631c1fc42be5d2b771,PDW,oe:team:73f3cc4e54620b1454530648442e066,K1CK,oe:player:cb5feb1b7314637725a2e73bdc9f729,Color,top,Jayce,oe:player:1f8b2df4c6ee43a1c1dc29817c0a201,Renekton,top:Jayce,lineup-449ab01c69a3adca,1,2285.00000000,38.08333333,4,1,11,15.00000000,17077.00000000,34976.00000000,318,918.40700219,0.24015920,0.41492870,64,1.68052516,0.75000000,478.00000000,-217.00000000,-15.00000000,3,out_of_time,415.35876832,397.29863653,152.34899521,3.30194652,2021-06-16
pg-47424d65aa26a967,ESPORTSTMNT02_2070752,2021-07-13T15:30:54,2021-07-13,2021,Split 2,0,11.14,Red,oe:team:73f3cc4e54620b1454530648442e066,K1CK,oe:team:d2628b4f33cdc631c1fc42be5d2b771,PDW,oe:player:b4a352b2b8782a2bb21bce1a2f47645,Puki Style,bot,Aphelios,oe:player:7705566e63eedc7bd6c4c72d43c9104,Ziggs,bot:Aphelios,lineup-61a9b3fcfcd532f8,0,2285.00000000,38.08333333,5,3,2,2.33333333,17549.00000000,23171.00000000,359,608.42888403,0.27854229,0.38541251,62,1.62800875,0.87500000,52.00000000,-1176.00000000,-27.00000000,3,out_of_time,494.41131373,505.79442420,202.05387072,0.56429293,2021-06-16
pg-a00bca7200a5d883,ESPORTSTMNT02_2070752,2021-07-13T15:30:54,2021-07-13,2021,Split 2,0,11.14,Red,oe:team:73f3cc4e54620b1454530648442e066,K1CK,oe:team:d2628b4f33cdc631c1fc42be5d2b771,PDW,oe:player:752b048c76633399b04f6e87a8b211c,Stefan,jng,Diana,oe:player:7471c21aed615dae3e49140eca8ce89,Lee Sin,jng:Diana,lineup-61a9b3fcfcd532f8,0,2285.00000000,38.08333333,0,4,5,1.25000000,11801.00000000,10622.00000000,230,278.91466083,0.18730854,0.17667997,47,1.23413567,0.62500000,575.00000000,201.00000000,23.00000000,3,out_of_time,330.40877096,293.78333679,127.71788150,-0.40318638,2021-06-16
pg-50a78f02ec9b11cb,ESPORTSTMNT02_2070752,2021-07-13T15:30:54,2021-07-13,2021,Split 2,0,11.14,Red,oe:team:73f3cc4e54620b1454530648442e066,K1CK,oe:team:d2628b4f33cdc631c1fc42be5d2b771,PDW,oe:player:be4ce50af0cd0d8574aa3820c37d1ae,Matislaw,mid,Orianna,oe:player:73ac73edf51a3acdfa494e271c6ee29,Sylas,mid:Orianna,lineup-61a9b3fcfcd532f8,0,2285.00000000,38.08333333,1,4,4,1.25000000,12414.00000000,12885.00000000,278,338.33698031,0.19703824,0.21432136,42,1.10284464,0.62500000,509.00000000,250.00000000,5.00000000,3,out_of_time,448.59677718,449.51039436,156.79169329,-0.70322473,2021-06-16
pg-30f65bcfd2ad408b,ESPORTSTMNT02_2070752,2021-07-13T15:30:54,2021-07-13,2021,Split 2,0,11.14,Red,oe:team:73f3cc4e54620b1454530648442e066,K1CK,oe:team:d2628b4f33cdc631c1fc42be5d2b771,PDW,oe:player:84bd988294f5dd9ae9a499abf6524a0,Raxxo,sup,Braum,oe:player:1f111e88abd984a347713f070de73e3,Leona,sup:Braum,lineup-61a9b3fcfcd532f8,0,2285.00000000,38.08333333,2,4,6,2.00000000,8697.00000000,5279.00000000,36,138.61706783,0.13804105,0.08780772,109,2.86214442,1.00000000,193.00000000,196.00000000,5.00000000,3,out_of_time,199.00523753,146.90637541,79.57217222,-0.75891066,2021-06-16
pg-3744a265f46db140,ESPORTSTMNT02_2070752,2021-07-13T15:30:54,2021-07-13,2021,Split 2,0,11.14,Red,oe:team:73f3cc4e54620b1454530648442e066,K1CK,oe:team:d2628b4f33cdc631c1fc42be5d2b771,PDW,oe:player:1f8b2df4c6ee43a1c1dc29817c0a201,Sacre,top,Renekton,oe:player:cb5feb1b7314637725a2e73bdc9f729,Jayce,top:Renekton,lineup-61a9b3fcfcd532f8,0,2285.00000000,38.08333333,0,5,2,0.40000000,12542.00000000,8163.00000000,315,214.34573304,0.19906989,0.13577844,56,1.47045952,0.25000000,-478.00000000,217.00000000,15.00000000,3,out_of_time,361.02991944,397.29863653,152.34899521,-0.96281689,2021-06-16
pg-178dbea61b8046e6,ESPORTSTMNT02_2060945,2021-07-13T16:38:25,2021-07-13,2021,Split 2,0,11.14,Blue,oe:team:5a5f8cc0161f43afe3461b293535517,AGO ROGUE,oe:team:1158ec5b08f516ca81868bc48293989,Team ESCA Gaming,oe:player:0482daf6543f102a27a265342292bb7,Lucker,bot,Ezreal,oe:player:3d022fcafe5af9f52df92b17c015fe6,Varus,bot:Ezreal,lineup-de5e31d683ce7975,1,1323.00000000,22.05000000,4,2,5,4.50000000,11631.00000000,20463.00000000,192,928.02721088,0.24117696,0.34097612,10,0.45351474,0.42857143,1904.00000000,1310.00000000,4.00000000,3,out_of_time,571.26261012,505.79442420,202.05387072,1.76569050,2021-06-16
pg-2d713fc21ea13fb4,ESPORTSTMNT02_2060945,2021-07-13T16:38:25,2021-07-13,2021,Split 2,0,11.14,Blue,oe:team:5a5f8cc0161f43afe3461b293535517,AGO ROGUE,oe:team:1158ec5b08f516ca81868bc48293989,Team ESCA Gaming,oe:player:6fc5fe723eed4ba4c230292be365c66,Lurox,jng,Gwen,oe:player:4c56aef4b6fee236568a5769a8328aa,Volibear,jng:Gwen,lineup-de5e31d683ce7975,1,1323.00000000,22.05000000,7,1,5,12.00000000,10628.00000000,9640.00000000,170,437.18820862,0.22037905,0.16063186,27,1.22448980,0.57142857,2691.00000000,1895.00000000,39.00000000,3,out_of_time,338.80415278,293.78333679,127.71788150,0.77032327,2021-06-16
pg-92f9ad62322f3445,ESPORTSTMNT02_2060945,2021-07-13T16:38:25,2021-07-13,2021,Split 2,0,11.14,Blue,oe:team:5a5f8cc0161f43afe3461b293535517,AGO ROGUE,oe:team:1158ec5b08f516ca81868bc48293989,Team ESCA Gaming,oe:player:2096ff50c6496d70e4b39793390c9ce,Sencux,mid,Lee Sin,oe:player:eec9551ee8ca36e4892be7901f79ec2,Kassadin,mid:Lee Sin,lineup-de5e31d683ce7975,1,1323.00000000,22.05000000,4,1,6,10.00000000,9887.00000000,8607.00000000,187,390.34013605,0.20501389,0.14341893,19,0.86167800,0.47619048,1196.00000000,831.00000000,10.00000000,3,out_of_time,468.56220095,449.51039436,156.79169329,-0.49889164,2021-06-16
pg-5f32ecc65c03946a,ESPORTSTMNT02_2060945,2021-07-13T16:38:25,2021-07-13,2021,Split 2,0,11.14,Blue,oe:team:5a5f8cc0161f43afe3461b293535517,AGO ROGUE,oe:team:1158ec5b08f516ca81868bc48293989,Team ESCA Gaming,oe:player:3e68fd564e4e518b8aed89b9a0bf855,Pyrka,sup,Galio,oe:player:e1ddc411cd92f26392b707a48e5c700,Alistar,sup:Galio,lineup-de5e31d683ce7975,1,1323.00000000,22.05000000,0,1,12,12.00000000,5758.00000000,4085.00000000,25,185.26077098,0.11939618,0.06806859,44,1.99546485,0.57142857,475.00000000,-699.00000000,-2.00000000,3,out_of_time,231.14221640,146.90637541,79.57217222,-0.57660165,2021-06-16
pg-61c183c5e407911f,ESPORTSTMNT02_2060945,2021-07-13T16:38:25,2021-07-13,2021,Split 2,0,11.14,Blue,oe:team:5a5f8cc0161f43afe3461b293535517,AGO ROGUE,oe:team:1158ec5b08f516ca81868bc48293989,Team ESCA Gaming,oe:player:a7b756e008bfcb7148cdb51f886c3fa,Sinmivak,top,Camille,oe:player:455527eab48df51aaf02979e65dd651,Sett,top:Camille,lineup-de5e31d683ce7975,1,1323.00000000,22.05000000,6,1,6,12.00000000,10322.00000000,17218.00000000,194,780.86167800,0.21403392,0.28690450,22,0.99773243,0.57142857,914.00000000,1225.00000000,24.00000000,3,out_of_time,459.42024935,397.29863653,152.34899521,2.10990186,2021-06-16
pg-ce862800f2e9ec13,ESPORTSTMNT02_2060945,2021-07-13T16:38:25,2021-07-13,2021,Split 2,0,11.14,Red,oe:team:1158ec5b08f516ca81868bc48293989,Team ESCA Gaming,oe:team:5a5f8cc0161f43afe3461b293535517,AGO ROGUE,oe:player:3d022fcafe5af9f52df92b17c015fe6,HARPOON,bot,Varus,oe:player:0482daf6543f102a27a265342292bb7,Ezreal,bot:Varus,lineup-6f5844aa4e991672,0,1323.00000000,22.05000000,2,5,3,1.00000000,8627.00000000,9821.00000000,184,445.39682540,0.25828568,0.26413318,16,0.72562358,0.83333333,-1904.00000000,-1310.00000000,-4.00000000,3,out_of_time,456.40495495,505.79442420,202.05387072,-0.05448116,2021-06-16
pg-9e03556774d99281,ESPORTSTMNT02_2060945,2021-07-13T16:38:25,2021-07-13,2021,Split 2,0,11.14,Red,oe:team:1158ec5b08f516ca81868bc48293989,Team ESCA Gaming,oe:team:5a5f8cc0161f43afe3461b293535517,AGO ROGUE,oe:player:4c56aef4b6fee236568a5769a8328aa,Xeonerr,jng,Volibear,oe:player:6fc5fe723eed4ba4c230292be365c66,Gwen,jng:Volibear,lineup-6f5844aa4e991672,0,1323.00000000,22.05000000,0,7,2,0.28571429,5546.00000000,4271.00000000,95,193.69614512,0.16604293,0.11486741,18,0.81632653,0.33333333,-2691.00000000,-1895.00000000,-39.00000000,3,out_of_time,222.94780156,293.78333679,127.71788150,-0.22903337,2021-06-16
pg-b3f13a9d74835e9e,ESPORTSTMNT02_2060945,2021-07-13T16:38:25,2021-07-13,2021,Split 2,0,11.14,Red,oe:team:1158ec5b08f516ca81868bc48293989,Team ESCA Gaming,oe:team:5a5f8cc0161f43afe3461b293535517,AGO ROGUE,oe:player:eec9551ee8ca36e4892be7901f79ec2,Dawidsonek,mid,Kassadin,oe:player:2096ff50c6496d70e4b39793390c9ce,Lee Sin,mid:Kassadin,lineup-6f5844aa4e991672,0,1323.00000000,22.05000000,3,2,1,2.00000000,7990.00000000,12211.00000000,163,553.78684807,0.23921439,0.32841160,17,0.77097506,0.66666667,-1196.00000000,-831.00000000,-10.00000000,3,out_of_time,365.49079591,449.51039436,156.79169329,1.20093130,2021-06-16
pg-d4ecf747f07cb8e6,ESPORTSTMNT02_2060945,2021-07-13T16:38:25,2021-07-13,2021,Split 2,0,11.14,Red,oe:team:1158ec5b08f516ca81868bc48293989,Team ESCA Gaming,oe:team:5a5f8cc0161f43afe3461b293535517,AGO ROGUE,oe:player:e1ddc411cd92f26392b707a48e5c700,marlon,sup,Alistar,oe:player:3e68fd564e4e518b8aed89b9a0bf855,Galio,sup:Alistar,lineup-6f5844aa4e991672,0,1323.00000000,22.05000000,0,4,1,0.25000000,4263.00000000,2586.00000000,27,117.27891156,0.12763091,0.06954978,44,1.99546485,0.16666667,-475.00000000,699.00000000,2.00000000,3,out_of_time,91.77376017,146.90637541,79.57217222,0.32052853,2021-06-16
pg-fe289c67a42903b9,ESPORTSTMNT02_2060945,2021-07-13T16:38:25,2021-07-13,2021,Split 2,0,11.14,Red,oe:team:1158ec5b08f516ca81868bc48293989,Team ESCA Gaming,oe:team:5a5f8cc0161f43afe3461b293535517,AGO ROGUE,oe:player:455527eab48df51aaf02979e65dd651,Jaqen,top,Sett,oe:player:a7b756e008bfcb7148cdb51f886c3fa,Camille,top:Sett,lineup-6f5844aa4e991672,0,1323.00000000,22.05000000,1,3,2,1.00000000,6975.00000000,8293.00000000,149,376.09977324,0.20882608,0.22303803,15,0.68027211,0.50000000,-914.00000000,-1225.00000000,-24.00000000,3,out_of_time,316.77337337,397.29863653,152.34899521,0.38941117,2021-06-16
pg-7252f324f3fb3d14,ESPORTSTMNT02_2070832,2021-07-13T18:04:33,2021-07-13,2021,Split 2,0,11.14,Blue,oe:team:3a1d5821b38ab1ddec52f944973d1bd,Gentlemen's Gaming,oe:team:f27741afb3044c971eeced9d0c2daa1,devils.one,oe:player:50cce5a33514ebe62201a0a45314eca,Yashiro,bot,Aphelios,oe:player:a2592097e38eeeec92fb042c009147d,Ziggs,bot:Aphelios,lineup-18a4860f1407a610,1,2149.00000000,35.81666667,2,2,3,2.50000000,16254.00000000,13623.00000000,371,380.35365286,0.23596191,0.20889046,30,0.83759888,0.27777778,2189.00000000,1593.00000000,37.00000000,3,out_of_time,494.48974881,505.79442420,202.05387072,-0.56487953,2021-06-16
pg-8f7ff734ecd4a30d,ESPORTSTMNT02_2070832,2021-07-13T18:04:33,2021-07-13,2021,Split 2,0,11.14,Blue,oe:team:3a1d5821b38ab1ddec52f944973d1bd,Gentlemen's Gaming,oe:team:f27741afb3044c971eeced9d0c2daa1,devils.one,oe:player:24807d9986c4fda13d994791032cde1,Ben3k,jng,Viego,oe:player:2d1fca25321f6983dc3e1da11039a80,Diana,jng:Viego,lineup-18a4860f1407a610,1,2149.00000000,35.81666667,6,3,3,3.00000000,12735.00000000,5582.00000000,215,155.84923220,0.18487602,0.08559249,66,1.84271754,0.50000000,-337.00000000,-1070.00000000,-8.00000000,3,out_of_time,339.70481595,293.78333679,127.71788150,-1.43954458,2021-06-16
pg-b7f8b9820a938ae9,ESPORTSTMNT02_2070832,2021-07-13T18:04:33,2021-07-13,2021,Split 2,0,11.14,Blue,oe:team:3a1d5821b38ab1ddec52f944973d1bd,Gentlemen's Gaming,oe:team:f27741afb3044c971eeced9d0c2daa1,devils.one,oe:player:d76cb4dd926111e0b5a4c101f1218a1,bucu,mid,LeBlanc,oe:player:efde1a9fe9e6f1059c3fce2ec296fae,Jayce,mid:LeBlanc,lineup-18a4860f1407a610,1,2149.00000000,35.81666667,6,2,5,5.50000000,15279.00000000,25259.00000000,291,705.23033969,0.22180768,0.38731293,44,1.22847836,0.61111111,556.00000000,200.00000000,8.00000000,3,out_of_time,448.45787168,449.51039436,156.79169329,1.63766627,2021-06-16
pg-21c8c986cb1fe2f8,ESPORTSTMNT02_2070832,2021-07-13T18:04:33,2021-07-13,2021,Split 2,0,11.14,Blue,oe:team:3a1d5821b38ab1ddec52f944973d1bd,Gentlemen's Gaming,oe:team:f27741afb3044c971eeced9d0c2daa1,devils.one,oe:player:dc0ab0700ebab412ecfc2e808b86e0f,Crow,sup,Thresh,oe:player:945f30b38a435b37c2e70d893cb6a72,Rakan,sup:Thresh,lineup-18a4860f1407a610,1,2149.00000000,35.81666667,1,0,10,11.00000000,8390.00000000,4441.00000000,47,123.99255468,0.12179897,0.06809679,99,2.76407631,0.61111111,254.00000000,-837.00000000,-3.00000000,3,out_of_time,182.49510660,146.90637541,79.57217222,-0.73521371,2021-06-16
pg-c42bd2ae43e0948c,ESPORTSTMNT02_2070832,2021-07-13T18:04:33,2021-07-13,2021,Split 2,0,11.14,Blue,oe:team:3a1d5821b38ab1ddec52f944973d1bd,Gentlemen's Gaming,oe:team:f27741afb3044c971eeced9d0c2daa1,devils.one,oe:player:8486d94ef23b38c67c76b647613d881,bobista,top,Sion,oe:player:e93fad90f312c1f10c64b60e5ba17c7,Renekton,top:Sion,lineup-18a4860f1407a610,1,2149.00000000,35.81666667,3,6,6,1.50000000,16226.00000000,16311.00000000,303,455.40251280,0.23555543,0.25010734,36,1.00511866,0.50000000,414.00000000,-136.00000000,-3.00000000,3,out_of_time,392.44707455,397.29863653,152.34899521,0.41323173,2021-06-16
pg-7b4b1754d85974ae,ESPORTSTMNT02_2070832,2021-07-13T18:04:33,2021-07-13,2021,Split 2,0,11.14,Red,oe:team:f27741afb3044c971eeced9d0c2daa1,devils.one,oe:team:3a1d5821b38ab1ddec52f944973d1bd,Gentlemen's Gaming,oe:player:a2592097e38eeeec92fb042c009147d,Ejsner,bot,Ziggs,oe:player:50cce5a33514ebe62201a0a45314eca,Aphelios,bot:Ziggs,lineup-8fb045b81dd22d44,0,2149.00000000,35.81666667,2,2,2,2.00000000,13056.00000000,15961.00000000,277,445.63052583,0.20971473,0.23780506,34,0.94927873,0.30769231,-2189.00000000,-1593.00000000,-37.00000000,3,out_of_time,518.58821228,505.79442420,202.05387072,-0.36108037,2021-06-16
pg-773b46c8fe9f9345,ESPORTSTMNT02_2070832,2021-07-13T18:04:33,2021-07-13,2021,Split 2,0,11.14,Red,oe:team:f27741afb3044c971eeced9d0c2daa1,devils.one,oe:team:3a1d5821b38ab1ddec52f944973d1bd,Gentlemen's Gaming,oe:player:2d1fca25321f6983dc3e1da11039a80,Diagu,jng,Diana,oe:player:24807d9986c4fda13d994791032cde1,Viego,jng:Diana,lineup-8fb045b81dd22d44,0,2149.00000000,35.81666667,3,4,7,2.50000000,13237.00000000,12443.00000000,236,347.40809679,0.21262208,0.18538991,31,0.86551885,0.76923077,337.00000000,1070.00000000,8.00000000,3,out_of_time,346.28329617,293.78333679,127.71788150,0.00880692,2021-06-16
pg-0a70c70fbc683a26,ESPORTSTMNT02_2070832,2021-07-13T18:04:33,2021-07-13,2021,Split 2,0,11.14,Red,oe:team:f27741afb3044c971eeced9d0c2daa1,devils.one,oe:team:3a1d5821b38ab1ddec52f944973d1bd,Gentlemen's Gaming,oe:player:efde1a9fe9e6f1059c3fce2ec296fae,many,mid,Jayce,oe:player:d76cb4dd926111e0b5a4c101f1218a1,LeBlanc,mid:Jayce,lineup-8fb045b81dd22d44,0,2149.00000000,35.81666667,5,4,3,2.00000000,14028.00000000,21596.00000000,273,602.95951605,0.22532768,0.32176167,31,0.86551885,0.61538462,-556.00000000,-200.00000000,-8.00000000,3,out_of_time,461.22217260,449.51039436,156.79169329,0.90398503,2021-06-16
pg-dc52442ca72b0d64,ESPORTSTMNT02_2070832,2021-07-13T18:04:33,2021-07-13,2021,Split 2,0,11.14,Red,oe:team:f27741afb3044c971eeced9d0c2daa1,devils.one,oe:team:3a1d5821b38ab1ddec52f944973d1bd,Gentlemen's Gaming,oe:player:945f30b38a435b37c2e70d893cb6a72,YuNIshinoya,sup,Rakan,oe:player:dc0ab0700ebab412ecfc2e808b86e0f,Thresh,sup:Rakan,lineup-8fb045b81dd22d44,0,2149.00000000,35.81666667,0,4,10,2.50000000,8128.00000000,3808.00000000,51,106.31921824,0.13055770,0.05673590,160,4.46719404,0.76923077,-254.00000000,837.00000000,3.00000000,3,out_of_time,213.58306093,146.90637541,79.57217222,-1.34800697,2021-06-16
pg-a10d5df038ee2c9c,ESPORTSTMNT02_2070832,2021-07-13T18:04:33,2021-07-13,2021,Split 2,0,11.14,Red,oe:team:f27741afb3044c971eeced9d0c2daa1,devils.one,oe:team:3a1d5821b38ab1ddec52f944973d1bd,Gentlemen's Gaming,oe:player:e93fad90f312c1f10c64b60e5ba17c7,sheru,top,Renekton,oe:player:8486d94ef23b38c67c76b647613d881,Sion,top:Renekton,lineup-8fb045b81dd22d44,0,2149.00000000,35.81666667,3,4,6,2.25000000,13807.00000000,13310.00000000,262,371.61470451,0.22177782,0.19830746,37,1.03303862,0.69230769,-414.00000000,136.00000000,3.00000000,3,out_of_time,385.51590315,397.29863653,152.34899521,-0.09124575,2021-06-16
pg-aae8b9781eb47eb4,ESPORTSTMNT02_2071147,2021-07-14T14:36:30,2021-07-14,2021,Split 2,0,11.14,Blue,oe:team:d2628b4f33cdc631c1fc42be5d2b771,PDW,oe:team:1158ec5b08f516ca81868bc48293989,Team ESCA Gaming,oe:player:7705566e63eedc7bd6c4c72d43c9104,odi11,bot,Jinx,oe:player:3d022fcafe5af9f52df92b17c015fe6,Ezreal,bot:Jinx,lineup-449ab01c69a3adca,0,1793.00000000,29.88333333,1,1,0,1.00000000,13074.00000000,10375.00000000,323,347.18349136,0.25936359,0.20717680,12,0.40156163,0.20000000,1654.00000000,572.00000000,26.00000000,3,out_of_time,506.18904248,505.79442420,202.05387072,-0.78694633,2021-06-16
pg-7e9036d6c24f9648,ESPORTSTMNT02_2071147,2021-07-14T14:36:30,2021-07-14,2021,Split 2,0,11.14,Blue,oe:team:d2628b4f33cdc631c1fc42be5d2b771,PDW,oe:team:1158ec5b08f516ca81868bc48293989,Team ESCA Gaming,oe:player:7471c21aed615dae3e49140eca8ce89,Bruness,jng,Xin Zhao,oe:player:4c56aef4b6fee236568a5769a8328aa,Lee Sin,jng:Xin Zhao,lineup-449ab01c69a3adca,0,1793.00000000,29.88333333,1,2,2,1.50000000,8325.00000000,7131.00000000,151,238.62799777,0.16515236,0.14239786,37,1.23814835,0.60000000,-158.00000000,187.00000000,6.00000000,3,out_of_time,340.83599909,293.78333679,127.71788150,-0.80026383,2021-06-16
pg-5c6d709a31fa573c,ESPORTSTMNT02_2071147,2021-07-14T14:36:30,2021-07-14,2021,Split 2,0,11.14,Blue,oe:team:d2628b4f33cdc631c1fc42be5d2b771,PDW,oe:team:1158ec5b08f516ca81868bc48293989,Team ESCA Gaming,oe:player:73ac73edf51a3acdfa494e271c6ee29,Czajek,mid,LeBlanc,oe:player:eec9551ee8ca36e4892be7901f79ec2,Corki,mid:LeBlanc,lineup-449ab01c69a3adca,0,1793.00000000,29.88333333,2,0,1,3.00000000,12259.00000000,15694.00000000,280,525.17568321,0.24319552,0.31339111,28,0.93697713,0.60000000,-211.00000000,348.00000000,8.00000000,3,out_of_time,463.47601290,449.51039436,156.79169329,0.39351364,2021-06-16
pg-9b7c01098a3d4287,ESPORTSTMNT02_2071147,2021-07-14T14:36:30,2021-07-14,2021,Split 2,0,11.14,Blue,oe:team:d2628b4f33cdc631c1fc42be5d2b771,PDW,oe:team:1158ec5b08f516ca81868bc48293989,Team ESCA Gaming,oe:player:1f111e88abd984a347713f070de73e3,kubYD,sup,Braum,oe:player:e1ddc411cd92f26392b707a48e5c700,Bard,sup:Braum,lineup-449ab01c69a3adca,0,1793.00000000,29.88333333,0,2,3,1.50000000,6207.00000000,4835.00000000,30,161.79587284,0.12313522,0.09654938,70,2.34244283,0.60000000,157.00000000,147.00000000,0.00000000,3,out_of_time,225.22828878,146.90637541,79.57217222,-0.79716833,2021-06-16
pg-73fb83c6c99c54aa,ESPORTSTMNT02_2071147,2021-07-14T14:36:30,2021-07-14,2021,Split 2,0,11.14,Blue,oe:team:d2628b4f33cdc631c1fc42be5d2b771,PDW,oe:team:1158ec5b08f516ca81868bc48293989,Team ESCA Gaming,oe:player:cb5feb1b7314637725a2e73bdc9f729,Color,top,Gwen,oe:player:455527eab48df51aaf02979e65dd651,Viego,top:Gwen,lineup-449ab01c69a3adca,0,1793.00000000,29.88333333,1,3,0,0.33333333,10543.00000000,12043.00000000,247,403.00055772,0.20915331,0.24048484,52,1.74010039,0.20000000,735.00000000,1205.00000000,17.00000000,3,out_of_time,445.37132882,397.29863653,152.34899521,-0.27811651,2021-06-16
pg-789316596fec4b34,ESPORTSTMNT02_2071147,2021-07-14T14:36:30,2021-07-14,2021,Split 2,0,11.14,Red,oe:team:1158ec5b08f516ca81868bc48293989,Team ESCA Gaming,oe:team:d2628b4f33cdc631c1fc42be5d2b771,PDW,oe:player:3d022fcafe5af9f52df92b17c015fe6,HARPOON,bot,Ezreal,oe:player:7705566e63eedc7bd6c4c72d43c9104,Jinx,bot:Ezreal,lineup-6f5844aa4e991672,1,1793.00000000,29.88333333,2,0,5,7.00000000,11904.00000000,15590.00000000,266,521.69548243,0.22342342,0.28685508,30,1.00390407,0.87500000,-1654.00000000,-572.00000000,-26.00000000,3,out_of_time,491.14798574,505.79442420,202.05387072,0.15118491,2021-06-16
pg-e3b18211d572a189,ESPORTSTMNT02_2071147,2021-07-14T14:36:30,2021-07-14,2021,Split 2,0,11.14,Red,oe:team:1158ec5b08f516ca81868bc48293989,Team ESCA Gaming,oe:team:d2628b4f33cdc631c1fc42be5d2b771,PDW,oe:player:4c56aef4b6fee236568a5769a8328aa,Xeonerr,jng,Lee Sin,oe:player:7471c21aed615dae3e49140eca8ce89,Xin Zhao,jng:Lee Sin,lineup-6f5844aa4e991672,1,1793.00000000,29.88333333,1,1,6,7.00000000,9806.00000000,6567.00000000,141,219.75460123,0.18404655,0.12083241,23,0.76965979,0.87500000,158.00000000,-187.00000000,-6.00000000,3,out_of_time,264.93813330,293.78333679,127.71788150,-0.35377608,2021-06-16
pg-bbde6707fb4bdbd2,ESPORTSTMNT02_2071147,2021-07-14T14:36:30,2021-07-14,2021,Split 2,0,11.14,Red,oe:team:1158ec5b08f516ca81868bc48293989,Team ESCA Gaming,oe:team:d2628b4f33cdc631c1fc42be5d2b771,PDW,oe:player:eec9551ee8ca36e4892be7901f79ec2,Dawidsonek,mid,Corki,oe:player:73ac73edf51a3acdfa494e271c6ee29,LeBlanc,mid:Corki,lineup-6f5844aa4e991672,1,1793.00000000,29.88333333,3,1,4,7.00000000,12388.00000000,20361.00000000,274,681.34969325,0.23250751,0.37464120,30,1.00390407,0.87500000,211.00000000,-348.00000000,-8.00000000,3,out_of_time,399.96300757,449.51039436,156.79169329,1.79465302,2021-06-16
pg-aeea287583fadbc1,ESPORTSTMNT02_2071147,2021-07-14T14:36:30,2021-07-14,2021,Split 2,0,11.14,Red,oe:team:1158ec5b08f516ca81868bc48293989,Team ESCA Gaming,oe:team:d2628b4f33cdc631c1fc42be5d2b771,PDW,oe:player:e1ddc411cd92f26392b707a48e5c700,marlon,sup,Bard,oe:player:1f111e88abd984a347713f070de73e3,Braum,sup:Bard,lineup-6f5844aa4e991672,1,1793.00000000,29.88333333,0,0,8,8.00000000,7097.00000000,4265.00000000,45,142.72169548,0.13320195,0.07847575,97,3.24595650,1.00000000,-157.00000000,-147.00000000,0.00000000,3,out_of_time,153.13975605,146.90637541,79.57217222,-0.13092593,2021-06-16
pg-f8bb0b71f45d279a,ESPORTSTMNT02_2071147,2021-07-14T14:36:30,2021-07-14,2021,Split 2,0,11.14,Red,oe:team:1158ec5b08f516ca81868bc48293989,Team ESCA Gaming,oe:team:d2628b4f33cdc631c1fc42be5d2b771,PDW,oe:player:455527eab48df51aaf02979e65dd651,Jaqen,top,Viego,oe:player:cb5feb1b7314637725a2e73bdc9f729,Gwen,top:Viego,lineup-6f5844aa4e991672,1,1793.00000000,29.88333333,2,3,4,2.00000000,12085.00000000,7565.00000000,248,253.15114334,0.22682057,0.13919555,19,0.63580591,0.75000000,-735.00000000,-1205.00000000,-17.00000000,3,out_of_time,334.08878932,397.29863653,152.34899521,-0.53126472,2021-06-16
pg-403212f840a3e1bc,ESPORTSTMNT02_2071203,2021-07-14T15:36:28,2021-07-14,2021,Split 2,0,11.14,Blue,oe:team:73f3cc4e54620b1454530648442e066,K1CK,oe:team:6cedba5819b5b7c465cb3bb48bfe855,Illuminar Gaming,oe:player:b4a352b2b8782a2bb21bce1a2f47645,Puki Style,bot,Tristana,oe:player:694ee794a9d3a8c3fbd658becb89769,Ezreal,bot:Tristana,lineup-61a9b3fcfcd532f8,0,1846.00000000,30.76666667,0,4,2,0.50000000,11234.00000000,5772.00000000,267,187.60563380,0.22446003,0.14068784,65,2.11267606,0.33333333,191.00000000,-326.00000000,-3.00000000,3,out_of_time,485.12716648,505.79442420,202.05387072,-1.47248618,2021-06-16
pg-fb35d926e5fb0410,ESPORTSTMNT02_2071203,2021-07-14T15:36:28,2021-07-14,2021,Split 2,0,11.14,Blue,oe:team:73f3cc4e54620b1454530648442e066,K1CK,oe:team:6cedba5819b5b7c465cb3bb48bfe855,Illuminar Gaming,oe:player:752b048c76633399b04f6e87a8b211c,Stefan,jng,Viego,oe:player:243afb63fb97e1791ffee0cec41ecdf,Diana,jng:Viego,lineup-61a9b3fcfcd532f8,0,1846.00000000,30.76666667,1,4,5,1.50000000,8677.00000000,8696.00000000,145,282.64355363,0.17337010,0.21195798,39,1.26760563,1.00000000,-1393.00000000,-1111.00000000,-46.00000000,3,out_of_time,301.46169379,293.78333679,127.71788150,-0.14734147,2021-06-16
pg-85d76ce20b573bc1,ESPORTSTMNT02_2071203,2021-07-14T15:36:28,2021-07-14,2021,Split 2,0,11.14,Blue,oe:team:73f3cc4e54620b1454530648442e066,K1CK,oe:team:6cedba5819b5b7c465cb3bb48bfe855,Illuminar Gaming,oe:player:be4ce50af0cd0d8574aa3820c37d1ae,Matislaw,mid,Twisted Fate,oe:player:7e33124e33721ef8f70d2dd843b57da,Sett,mid:Twisted Fate,lineup-61a9b3fcfcd532f8,0,1846.00000000,30.76666667,1,2,3,2.00000000,11041.00000000,10152.00000000,229,329.96749729,0.22060381,0.24744680,30,0.97508126,0.66666667,204.00000000,-547.00000000,8.00000000,3,out_of_time,396.58708781,449.51039436,156.79169329,-0.42489235,2021-06-16
pg-0c9a853070e37084,ESPORTSTMNT02_2071203,2021-07-14T15:36:28,2021-07-14,2021,Split 2,0,11.14,Blue,oe:team:73f3cc4e54620b1454530648442e066,K1CK,oe:team:6cedba5819b5b7c465cb3bb48bfe855,Illuminar Gaming,oe:player:84bd988294f5dd9ae9a499abf6524a0,Raxxo,sup,Rell,oe:player:e0357bd3e9e044c623fbc77cc985cd7,Leona,sup:Rell,lineup-61a9b3fcfcd532f8,0,1846.00000000,30.76666667,0,4,3,0.75000000,6158.00000000,1994.00000000,35,64.81040087,0.12303942,0.04860214,71,2.30769231,0.50000000,-124.00000000,202.00000000,-1.00000000,3,out_of_time,144.38529838,146.90637541,79.57217222,-1.00003425,2021-06-16
pg-fdcc55acd7d373c5,ESPORTSTMNT02_2071203,2021-07-14T15:36:28,2021-07-14,2021,Split 2,0,11.14,Blue,oe:team:73f3cc4e54620b1454530648442e066,K1CK,oe:team:6cedba5819b5b7c465cb3bb48bfe855,Illuminar Gaming,oe:player:1f8b2df4c6ee43a1c1dc29817c0a201,Sacre,top,Gwen,oe:player:298b3a3324ca8d42c20518481cab844,Jax,top:Gwen,lineup-61a9b3fcfcd532f8,0,1846.00000000,30.76666667,4,2,2,3.00000000,12939.00000000,14413.00000000,271,468.46153846,0.25852664,0.35130524,37,1.20260022,1.00000000,972.00000000,849.00000000,26.00000000,3,out_of_time,392.22711791,397.29863653,152.34899521,0.50039333,2021-06-16
pg-218fcf2d26550d39,ESPORTSTMNT02_2071203,2021-07-14T15:36:28,2021-07-14,2021,Split 2,0,11.14,Red,oe:team:6cedba5819b5b7c465cb3bb48bfe855,Illuminar Gaming,oe:team:73f3cc4e54620b1454530648442e066,K1CK,oe:player:694ee794a9d3a8c3fbd658becb89769,Zamulek,bot,Ezreal,oe:player:b4a352b2b8782a2bb21bce1a2f47645,Tristana,bot:Ezreal,lineup-3c3e1664e86dfbcc,1,1846.00000000,30.76666667,4,0,7,11.00000000,13901.00000000,16082.00000000,261,522.70855905,0.23634725,0.29761640,25,0.81256771,0.68750000,-191.00000000,326.00000000,3.00000000,3,out_of_time,510.46242509,505.79442420,202.05387072,0.06060826,2021-06-16
pg-d9b833804c669296,ESPORTSTMNT02_2071203,2021-07-14T15:36:28,2021-07-14,2021,Split 2,0,11.14,Red,oe:team:6cedba5819b5b7c465cb3bb48bfe855,Illuminar Gaming,oe:team:73f3cc4e54620b1454530648442e066,K1CK,oe:player:243afb63fb97e1791ffee0cec41ecdf,Krysia,jng,Diana,oe:player:752b048c76633399b04f6e87a8b211c,Viego,jng:Diana,lineup-3c3e1664e86dfbcc,1,1846.00000000,30.76666667,5,2,8,6.50000000,13590.00000000,15328.00000000,246,498.20151679,0.23105958,0.28366274,49,1.59263272,0.81250000,1393.00000000,1111.00000000,46.00000000,3,out_of_time,298.41898473,293.78333679,127.71788150,1.56424872,2021-06-16
pg-c12f3c5844d16310,ESPORTSTMNT02_2071203,2021-07-14T15:36:28,2021-07-14,2021,Split 2,0,11.14,Red,oe:team:6cedba5819b5b7c465cb3bb48bfe855,Illuminar Gaming,oe:team:73f3cc4e54620b1454530648442e066,K1CK,oe:player:7e33124e33721ef8f70d2dd843b57da,ESCIK,mid,Sett,oe:player:be4ce50af0cd0d8574aa3820c37d1ae,Twisted Fate,mid:Sett,lineup-3c3e1664e86dfbcc,1,1846.00000000,30.76666667,3,1,7,10.00000000,11774.00000000,10412.00000000,209,338.41820152,0.20018362,0.19268636,44,1.43011918,0.62500000,-204.00000000,547.00000000,-8.00000000,3,out_of_time,416.24728710,449.51039436,156.79169329,-0.49638526,2021-06-16
pg-66e4832f56946594,ESPORTSTMNT02_2071203,2021-07-14T15:36:28,2021-07-14,2021,Split 2,0,11.14,Red,oe:team:6cedba5819b5b7c465cb3bb48bfe855,Illuminar Gaming,oe:team:73f3cc4e54620b1454530648442e066,K1CK,oe:player:e0357bd3e9e044c623fbc77cc985cd7,xCharm,sup,Leona,oe:player:84bd988294f5dd9ae9a499abf6524a0,Rell,sup:Leona,lineup-3c3e1664e86dfbcc,1,1846.00000000,30.76666667,1,1,8,9.00000000,7967.00000000,2941.00000000,34,95.59046587,0.13545634,0.05442668,78,2.53521127,0.56250000,124.00000000,-202.00000000,1.00000000,3,out_of_time,156.68666535,146.90637541,79.57217222,-0.76780862,2021-06-16
pg-1aa60c60ab8399ec,ESPORTSTMNT02_2071203,2021-07-14T15:36:28,2021-07-14,2021,Split 2,0,11.14,Red,oe:team:6cedba5819b5b7c465cb3bb48bfe855,Illuminar Gaming,oe:team:73f3cc4e54620b1454530648442e066,K1CK,oe:player:298b3a3324ca8d42c20518481cab844,LEQINHO6,top,Jax,oe:player:1f8b2df4c6ee43a1c1dc29817c0a201,Gwen,top:Jax,lineup-3c3e1664e86dfbcc,1,1846.00000000,30.76666667,3,2,3,3.00000000,11584.00000000,9273.00000000,211,301.39761647,0.19695321,0.17160782,33,1.07258938,0.37500000,-972.00000000,-849.00000000,-26.00000000,3,out_of_time,353.94339029,397.29863653,152.34899521,-0.34490397,2021-06-16
pg-468bcaab0284e970,ESPORTSTMNT02_2061372,2021-07-14T16:39:32,2021-07-14,2021,Split 2,0,11.14,Blue,oe:team:5a5f8cc0161f43afe3461b293535517,AGO ROGUE,oe:team:3a1d5821b38ab1ddec52f944973d1bd,Gentlemen's Gaming,oe:player:0482daf6543f102a27a265342292bb7,Lucker,bot,Ashe,oe:player:50cce5a33514ebe62201a0a45314eca,Aphelios,bot:Ashe,lineup-de5e31d683ce7975,1,1148.00000000,19.13333333,3,0,4,7.00000000,9637.00000000,9376.00000000,184,490.03484321,0.23900104,0.33678161,20,1.04529617,0.70000000,3033.00000000,207.00000000,25.00000000,3,out_of_time,514.15689733,505.79442420,202.05387072,-0.11938427,2021-06-16
pg-00d9369aa445fc7e,ESPORTSTMNT02_2061372,2021-07-14T16:39:32,2021-07-14,2021,Split 2,0,11.14,Blue,oe:team:5a5f8cc0161f43afe3461b293535517,AGO ROGUE,oe:team:3a1d5821b38ab1ddec52f944973d1bd,Gentlemen's Gaming,oe:player:6fc5fe723eed4ba4c230292be365c66,Lurox,jng,Diana,oe:player:24807d9986c4fda13d994791032cde1,Lee Sin,jng:Diana,lineup-de5e31d683ce7975,1,1148.00000000,19.13333333,4,0,4,8.00000000,8729.00000000,3870.00000000,146,202.26480836,0.21648232,0.13900862,33,1.72473868,0.80000000,2275.00000000,1519.00000000,33.00000000,3,out_of_time,351.60783768,293.78333679,127.71788150,-1.16931966,2021-06-16
pg-2d378113ee35ac74,ESPORTSTMNT02_2061372,2021-07-14T16:39:32,2021-07-14,2021,Split 2,0,11.14,Blue,oe:team:5a5f8cc0161f43afe3461b293535517,AGO ROGUE,oe:team:3a1d5821b38ab1ddec52f944973d1bd,Gentlemen's Gaming,oe:player:2096ff50c6496d70e4b39793390c9ce,Sencux,mid,Lucian,oe:player:d76cb4dd926111e0b5a4c101f1218a1,Cassiopeia,mid:Lucian,lineup-de5e31d683ce7975,1,1148.00000000,19.13333333,3,0,5,8.00000000,8427.00000000,6997.00000000,191,365.69686411,0.20899261,0.25132902,20,1.04529617,0.80000000,740.00000000,625.00000000,19.00000000,3,out_of_time,471.67286349,449.51039436,156.79169329,-0.67590315,2021-06-16
pg-d0c952907d9c4503,ESPORTSTMNT02_2061372,2021-07-14T16:39:32,2021-07-14,2021,Split 2,0,11.14,Blue,oe:team:5a5f8cc0161f43afe3461b293535517,AGO ROGUE,oe:team:3a1d5821b38ab1ddec52f944973d1bd,Gentlemen's Gaming,oe:player:3e68fd564e4e518b8aed89b9a0bf855,Pyrka,sup,Braum,oe:player:dc0ab0700ebab412ecfc2e808b86e0f,Thresh,sup:Braum,lineup-de5e31d683ce7975,1,1148.00000000,19.13333333,0,1,7,7.00000000,4726.00000000,2739.00000000,27,143.15331010,0.11720649,0.09838362,42,2.19512195,0.70000000,579.00000000,173.00000000,3.00000000,3,out_of_time,220.42895151,146.90637541,79.57217222,-0.97113902,2021-06-16
pg-ca7fd9cabda6924f,ESPORTSTMNT02_2061372,2021-07-14T16:39:32,2021-07-14,2021,Split 2,0,11.14,Blue,oe:team:5a5f8cc0161f43afe3461b293535517,AGO ROGUE,oe:team:3a1d5821b38ab1ddec52f944973d1bd,Gentlemen's Gaming,oe:player:a7b756e008bfcb7148cdb51f886c3fa,Sinmivak,top,Gnar,oe:player:09caac8aecdf417cc01d880f87657ef,Cho'Gath,top:Gnar,lineup-de5e31d683ce7975,1,1148.00000000,19.13333333,0,1,7,7.00000000,8803.00000000,4858.00000000,178,253.90243902,0.21831754,0.17449713,13,0.67944251,0.70000000,2715.00000000,1173.00000000,41.00000000,3,out_of_time,463.21710321,397.29863653,152.34899521,-1.37391562,2021-06-16
pg-28a85e8244558b92,ESPORTSTMNT02_2061372,2021-07-14T16:39:32,2021-07-14,2021,Split 2,0,11.14,Red,oe:team:3a1d5821b38ab1ddec52f944973d1bd,Gentlemen's Gaming,oe:team:5a5f8cc0161f43afe3461b293535517,AGO ROGUE,oe:player:50cce5a33514ebe62201a0a45314eca,Yashiro,bot,Aphelios,oe:player:0482daf6543f102a27a265342292bb7,Ashe,bot:Aphelios,lineup-f02dd26c479e1180,0,1148.00000000,19.13333333,0,1,0,0.00000000,6077.00000000,3478.00000000,166,181.77700348,0.22273127,0.24640453,7,0.36585366,0.00000000,-3033.00000000,-207.00000000,-25.00000000,3,out_of_time,420.78918895,505.79442420,202.05387072,-1.18291317,2021-06-16
pg-225c8a7301e99325,ESPORTSTMNT02_2061372,2021-07-14T16:39:32,2021-07-14,2021,Split 2,0,11.14,Red,oe:team:3a1d5821b38ab1ddec52f944973d1bd,Gentlemen's Gaming,oe:team:5a5f8cc0161f43afe3461b293535517,AGO ROGUE,oe:player:24807d9986c4fda13d994791032cde1,Ben3k,jng,Lee Sin,oe:player:6fc5fe723eed4ba4c230292be365c66,Diana,jng:Lee Sin,lineup-f02dd26c479e1180,0,1148.00000000,19.13333333,0,3,2,0.66666667,5003.00000000,3572.00000000,94,186.68989547,0.18336754,0.25306412,15,0.78397213,1.00000000,-2275.00000000,-1519.00000000,-33.00000000,3,out_of_time,262.66796289,293.78333679,127.71788150,-0.59488982,2021-06-16
pg-a4ccd94dd4ceb4ce,ESPORTSTMNT02_2061372,2021-07-14T16:39:32,2021-07-14,2021,Split 2,0,11.14,Red,oe:team:3a1d5821b38ab1ddec52f944973d1bd,Gentlemen's Gaming,oe:team:5a5f8cc0161f43afe3461b293535517,AGO ROGUE,oe:player:d76cb4dd926111e0b5a4c101f1218a1,bucu,mid,Cassiopeia,oe:player:2096ff50c6496d70e4b39793390c9ce,Lucian,mid:Cassiopeia,lineup-f02dd26c479e1180,0,1148.00000000,19.13333333,2,2,0,1.00000000,6660.00000000,4220.00000000,167,220.55749129,0.24409911,0.29897272,24,1.25435540,1.00000000,-740.00000000,-625.00000000,-19.00000000,3,out_of_time,370.98486581,449.51039436,156.79169329,-0.95940908,2021-06-16
pg-13d8df2e4f014644,ESPORTSTMNT02_2061372,2021-07-14T16:39:32,2021-07-14,2021,Split 2,0,11.14,Red,oe:team:3a1d5821b38ab1ddec52f944973d1bd,Gentlemen's Gaming,oe:team:5a5f8cc0161f43afe3461b293535517,AGO ROGUE,oe:player:dc0ab0700ebab412ecfc2e808b86e0f,Crow,sup,Thresh,oe:player:3e68fd564e4e518b8aed89b9a0bf855,Braum,sup:Thresh,lineup-f02dd26c479e1180,0,1148.00000000,19.13333333,0,4,2,0.50000000,3955.00000000,1204.00000000,26,62.92682927,0.14495675,0.08529933,33,1.72473868,1.00000000,-579.00000000,-173.00000000,-3.00000000,3,out_of_time,93.53618259,146.90637541,79.57217222,-0.38467409,2021-06-16
pg-87d8cd0d40ea5e47,ESPORTSTMNT02_2061372,2021-07-14T16:39:32,2021-07-14,2021,Split 2,0,11.14,Red,oe:team:3a1d5821b38ab1ddec52f944973d1bd,Gentlemen's Gaming,oe:team:5a5f8cc0161f43afe3461b293535517,AGO ROGUE,oe:player:09caac8aecdf417cc01d880f87657ef,Szafa,top,Cho'Gath,oe:player:a7b756e008bfcb7148cdb51f886c3fa,Gnar,top:Cho'Gath,lineup-f02dd26c479e1180,0,1148.00000000,19.13333333,0,0,0,0.00000000,5589.00000000,1641.00000000,142,85.76655052,0.20484533,0.11625930,14,0.73170732,0.00000000,-2715.00000000,-1173.00000000,-41.00000000,3,out_of_time,328.25381160,397.29863653,152.34899521,-1.59165645,2021-06-16
pg-7b7f7608c67292b9,ESPORTSTMNT02_2071279,2021-07-14T17:54:35,2021-07-14,2021,Split 2,0,11.14,Blue,oe:team:5628f250931675f9c0d20aad46cc117,Komil & Friends,oe:team:f27741afb3044c971eeced9d0c2daa1,devils.one,oe:player:fc64481e9be7c98479a123b5ece6f9c,defles,bot,Ezreal,oe:player:a2592097e38eeeec92fb042c009147d,Tristana,bot:Ezreal,lineup-50c85d47eeaaeb84,0,1993.00000000,33.21666667,1,3,3,1.33333333,11113.00000000,22510.00000000,218,677.67185148,0.20634272,0.40824099,37,1.11389865,0.50000000,-2207.00000000,-694.00000000,-18.00000000,3,out_of_time,534.86615706,505.79442420,202.05387072,0.70677040,2021-06-16
pg-a352718242aba166,ESPORTSTMNT02_2071279,2021-07-14T17:54:35,2021-07-14,2021,Split 2,0,11.14,Blue,oe:team:5628f250931675f9c0d20aad46cc117,Komil & Friends,oe:team:f27741afb3044c971eeced9d0c2daa1,devils.one,oe:player:11bd50ce9e013690ead12e9c307d048,Yuta,jng,Viego,oe:player:2d1fca25321f6983dc3e1da11039a80,Diana,jng:Viego,lineup-50c85d47eeaaeb84,0,1993.00000000,33.21666667,5,3,2,2.33333333,13418.00000000,9657.00000000,199,290.72754641,0.24914124,0.17513919,58,1.74611139,0.87500000,1211.00000000,606.00000000,7.00000000,3,out_of_time,318.50786421,293.78333679,127.71788150,-0.21751314,2021-06-16
pg-6f06bbb8fb7dc274,ESPORTSTMNT02_2071279,2021-07-14T17:54:35,2021-07-14,2021,Split 2,0,11.14,Blue,oe:team:5628f250931675f9c0d20aad46cc117,Komil & Friends,oe:team:f27741afb3044c971eeced9d0c2daa1,devils.one,oe:player:56b90211cf581dd16f58da4eb71317f,Wojux,mid,Azir,oe:player:efde1a9fe9e6f1059c3fce2ec296fae,Galio,mid:Azir,lineup-50c85d47eeaaeb84,0,1993.00000000,33.21666667,1,3,4,1.66666667,12204.00000000,14433.00000000,275,434.51078776,0.22660007,0.26175665,23,0.69242348,0.62500000,649.00000000,365.00000000,14.00000000,3,out_of_time,480.19810925,449.51039436,156.79169329,-0.29138866,2021-06-16
pg-a5934a15eb898c13,ESPORTSTMNT02_2071279,2021-07-14T17:54:35,2021-07-14,2021,Split 2,0,11.14,Blue,oe:team:5628f250931675f9c0d20aad46cc117,Komil & Friends,oe:team:f27741afb3044c971eeced9d0c2daa1,devils.one,oe:player:1f892f04e94e144dadcc8be197d4f5b,minemaciek,sup,Leona,oe:player:945f30b38a435b37c2e70d893cb6a72,Braum,sup:Leona,lineup-50c85d47eeaaeb84,0,1993.00000000,33.21666667,0,6,0,0.00000000,6853.00000000,1335.00000000,39,40.19066734,0.12724437,0.02421154,104,3.13095835,0.00000000,-620.00000000,-784.00000000,-4.00000000,3,out_of_time,147.99801584,146.90637541,79.57217222,-1.35483732,2021-06-16
pg-02c2f803bdcbb75e,ESPORTSTMNT02_2071279,2021-07-14T17:54:35,2021-07-14,2021,Split 2,0,11.14,Blue,oe:team:5628f250931675f9c0d20aad46cc117,Komil & Friends,oe:team:f27741afb3044c971eeced9d0c2daa1,devils.one,oe:player:8e00e6377e8725af3b2bc927d6710e4,Grzybek,top,Nocturne,oe:player:e93fad90f312c1f10c64b60e5ba17c7,Camille,top:Nocturne,lineup-50c85d47eeaaeb84,0,1993.00000000,33.21666667,1,6,2,0.50000000,10269.00000000,7204.00000000,189,216.87907677,0.19067159,0.13065163,26,0.78273959,0.37500000,-1307.00000000,-1219.00000000,-38.00000000,3,out_of_time,377.48661791,397.29863653,152.34899521,-1.05420808,2021-06-16
pg-97073b3d8304ad25,ESPORTSTMNT02_2071279,2021-07-14T17:54:35,2021-07-14,2021,Split 2,0,11.14,Red,oe:team:f27741afb3044c971eeced9d0c2daa1,devils.one,oe:team:5628f250931675f9c0d20aad46cc117,Komil & Friends,oe:player:a2592097e38eeeec92fb042c009147d,Ejsner,bot,Tristana,oe:player:fc64481e9be7c98479a123b5ece6f9c,Ezreal,bot:Tristana,lineup-8fb045b81dd22d44,1,1993.00000000,33.21666667,12,1,7,19.00000000,18219.00000000,24202.00000000,329,728.61013547,0.28965484,0.39302360,53,1.59558455,0.90476190,2207.00000000,694.00000000,18.00000000,3,out_of_time,551.71545936,505.79442420,202.05387072,0.87548274,2021-06-16
pg-89ca5f2a848dfcbb,ESPORTSTMNT02_2071279,2021-07-14T17:54:35,2021-07-14,2021,Split 2,0,11.14,Red,oe:team:f27741afb3044c971eeced9d0c2daa1,devils.one,oe:team:5628f250931675f9c0d20aad46cc117,Komil & Friends,oe:player:2d1fca25321f6983dc3e1da11039a80,Diagu,jng,Diana,oe:player:11bd50ce9e013690ead12e9c307d048,Viego,jng:Diana,lineup-8fb045b81dd22d44,1,1993.00000000,33.21666667,1,2,15,8.00000000,11916.00000000,7668.00000000,236,230.84796789,0.18944657,0.12452297,33,0.99347717,0.76190476,-1211.00000000,-606.00000000,-7.00000000,3,out_of_time,372.36483917,293.78333679,127.71788150,-1.10804274,2021-06-16
pg-ee66d21bfaa118a5,ESPORTSTMNT02_2071279,2021-07-14T17:54:35,2021-07-14,2021,Split 2,0,11.14,Red,oe:team:f27741afb3044c971eeced9d0c2daa1,devils.one,oe:team:5628f250931675f9c0d20aad46cc117,Komil & Friends,oe:player:efde1a9fe9e6f1059c3fce2ec296fae,many,mid,Galio,oe:player:56b90211cf581dd16f58da4eb71317f,Azir,mid:Galio,lineup-8fb045b81dd22d44,1,1993.00000000,33.21666667,2,2,13,7.50000000,10771.00000000,6570.00000000,219,197.79227296,0.17124279,0.10669222,29,0.87305569,0.71428571,-649.00000000,-365.00000000,-14.00000000,3,out_of_time,434.67347277,449.51039436,156.79169329,-1.51080197,2021-06-16
pg-9dc455cb32122f2a,ESPORTSTMNT02_2071279,2021-07-14T17:54:35,2021-07-14,2021,Split 2,0,11.14,Red,oe:team:f27741afb3044c971eeced9d0c2daa1,devils.one,oe:team:5628f250931675f9c0d20aad46cc117,Komil & Friends,oe:player:945f30b38a435b37c2e70d893cb6a72,YuNIshinoya,sup,Braum,oe:player:1f892f04e94e144dadcc8be197d4f5b,Leona,sup:Braum,lineup-8fb045b81dd22d44,1,1993.00000000,33.21666667,1,1,17,18.00000000,8381.00000000,5605.00000000,40,168.74059207,0.13324536,0.09102129,95,2.86001004,0.85714286,620.00000000,784.00000000,4.00000000,3,out_of_time,227.42884334,146.90637541,79.57217222,-0.73754743,2021-06-16
pg-302889098cb36b2d,ESPORTSTMNT02_2071279,2021-07-14T17:54:35,2021-07-14,2021,Split 2,0,11.14,Red,oe:team:f27741afb3044c971eeced9d0c2daa1,devils.one,oe:team:5628f250931675f9c0d20aad46cc117,Komil & Friends,oe:player:e93fad90f312c1f10c64b60e5ba17c7,sheru,top,Camille,oe:player:8e00e6377e8725af3b2bc927d6710e4,Nocturne,top:Camille,lineup-8fb045b81dd22d44,1,1993.00000000,33.21666667,5,2,11,8.00000000,13612.00000000,17534.00000000,248,527.86753638,0.21641044,0.28473993,45,1.35474160,0.76190476,1307.00000000,1219.00000000,38.00000000,3,out_of_time,474.69767974,397.29863653,152.34899521,0.34900038,2021-06-16
pg-64d04df090463beb,ESPORTSTMNT02_2074157,2021-07-20T14:42:18,2021-07-20,2021,Split 2,0,11.14,Blue,oe:team:1158ec5b08f516ca81868bc48293989,Team ESCA Gaming,oe:team:6cedba5819b5b7c465cb3bb48bfe855,Illuminar Gaming,oe:player:3d022fcafe5af9f52df92b17c015fe6,HARPOON,bot,Varus,oe:player:694ee794a9d3a8c3fbd658becb89769,Ezreal,bot:Varus,lineup-6f5844aa4e991672,1,1870.00000000,31.16666667,9,2,9,9.00000000,14215.00000000,22505.00000000,276,722.08556150,0.23278093,0.34889309,27,0.86631016,0.81818182,361.00000000,53.00000000,-4.00000000,4,out_of_time,432.02932575,500.47725493,198.61324495,1.46040731,2021-07-14
pg-748864c356fdd578,ESPORTSTMNT02_2074157,2021-07-20T14:42:18,2021-07-20,2021,Split 2,0,11.14,Blue,oe:team:1158ec5b08f516ca81868bc48293989,Team ESCA Gaming,oe:team:6cedba5819b5b7c465cb3bb48bfe855,Illuminar Gaming,oe:player:4c56aef4b6fee236568a5769a8328aa,Xeonerr,jng,Lee Sin,oe:player:243afb63fb97e1791ffee0cec41ecdf,Viego,jng:Lee Sin,lineup-6f5844aa4e991672,1,1870.00000000,31.16666667,1,0,14,15.00000000,10548.00000000,7734.00000000,162,248.14973262,0.17273114,0.11989954,44,1.41176471,0.68181818,-263.00000000,25.00000000,-8.00000000,4,out_of_time,229.91003675,296.66496629,125.49212557,0.14534534,2021-07-14
pg-29ffddc6e61dcc77,ESPORTSTMNT02_2074157,2021-07-20T14:42:18,2021-07-20,2021,Split 2,0,11.14,Blue,oe:team:1158ec5b08f516ca81868bc48293989,Team ESCA Gaming,oe:team:6cedba5819b5b7c465cb3bb48bfe855,Illuminar Gaming,oe:player:eec9551ee8ca36e4892be7901f79ec2,Dawidsonek,mid,Kassadin,oe:player:7e33124e33721ef8f70d2dd843b57da,Lulu,mid:Kassadin,lineup-6f5844aa4e991672,1,1870.00000000,31.16666667,10,0,4,14.00000000,16006.00000000,21999.00000000,295,705.85026738,0.26210985,0.34104862,33,1.05882353,0.63636364,1158.00000000,441.00000000,31.00000000,4,out_of_time,340.82202517,444.79187933,161.18151241,2.26470292,2021-07-14
pg-842200d144b52fb0,ESPORTSTMNT02_2074157,2021-07-20T14:42:18,2021-07-20,2021,Split 2,0,11.14,Blue,oe:team:1158ec5b08f516ca81868bc48293989,Team ESCA Gaming,oe:team:6cedba5819b5b7c465cb3bb48bfe855,Illuminar Gaming,oe:player:e1ddc411cd92f26392b707a48e5c700,marlon,sup,Thresh,oe:player:e0357bd3e9e044c623fbc77cc985cd7,Nautilus,sup:Thresh,lineup-6f5844aa4e991672,1,1870.00000000,31.16666667,0,1,18,18.00000000,8202.00000000,2581.00000000,43,82.81283422,0.13431369,0.04001302,84,2.69518717,0.81818182,483.00000000,969.00000000,13.00000000,4,out_of_time,66.66385968,142.93212766,76.47042949,0.21117934,2021-07-14
pg-086f62f2a3b9475a,ESPORTSTMNT02_2074157,2021-07-20T14:42:18,2021-07-20,2021,Split 2,0,11.14,Blue,oe:team:1158ec5b08f516ca81868bc48293989,Team ESCA Gaming,oe:team:6cedba5819b5b7c465cb3bb48bfe855,Illuminar Gaming,oe:player:455527eab48df51aaf02979e65dd651,Jaqen,top,Gwen,oe:player:298b3a3324ca8d42c20518481cab844,Camille,top:Gwen,lineup-6f5844aa4e991672,1,1870.00000000,31.16666667,2,2,10,6.00000000,12095.00000000,9685.00000000,247,310.74866310,0.19806439,0.15014573,15,0.48128342,0.54545455,-914.00000000,199.00000000,3.00000000,4,out_of_time,321.07651717,393.88482654,156.33881912,-0.06606071,2021-07-14
pg-4d3742b2fefd2b15,ESPORTSTMNT02_2074157,2021-07-20T14:42:18,2021-07-20,2021,Split 2,0,11.14,Red,oe:team:6cedba5819b5b7c465cb3bb48bfe855,Illuminar Gaming,oe:team:1158ec5b08f516ca81868bc48293989,Team ESCA Gaming,oe:player:694ee794a9d3a8c3fbd658becb89769,Zamulek,bot,Ezreal,oe:player:3d022fcafe5af9f52df92b17c015fe6,Varus,bot:Ezreal,lineup-3c3e1664e86dfbcc,0,1870.00000000,31.16666667,1,6,2,0.50000000,12302.00000000,21224.00000000,312,680.98395722,0.26045350,0.54507165,27,0.86631016,0.60000000,-361.00000000,-53.00000000,4.00000000,4,out_of_time,575.36802853,500.47725493,198.61324495,0.53176679,2021-07-14
pg-84ca7fde32d5c87a,ESPORTSTMNT02_2074157,2021-07-20T14:42:18,2021-07-20,2021,Split 2,0,11.14,Red,oe:team:6cedba5819b5b7c465cb3bb48bfe855,Illuminar Gaming,oe:team:1158ec5b08f516ca81868bc48293989,Team ESCA Gaming,oe:player:243afb63fb97e1791ffee0cec41ecdf,Krysia,jng,Viego,oe:player:4c56aef4b6fee236568a5769a8328aa,Lee Sin,jng:Viego,lineup-3c3e1664e86dfbcc,0,1870.00000000,31.16666667,0,4,2,0.50000000,8735.00000000,2876.00000000,164,92.27807487,0.18493426,0.07386101,29,0.93048128,0.40000000,263.00000000,-25.00000000,8.00000000,4,out_of_time,319.49245689,296.66496629,125.49212557,-1.81058677,2021-07-14
pg-eaceb8a9235408ca,ESPORTSTMNT02_2074157,2021-07-20T14:42:18,2021-07-20,2021,Split 2,0,11.14,Red,oe:team:6cedba5819b5b7c465cb3bb48bfe855,Illuminar Gaming,oe:team:1158ec5b08f516ca81868bc48293989,Team ESCA Gaming,oe:player:7e33124e33721ef8f70d2dd843b57da,ESCIK,mid,Lulu,oe:player:eec9551ee8ca36e4892be7901f79ec2,Kassadin,mid:Lulu,lineup-3c3e1664e86dfbcc,0,1870.00000000,31.16666667,0,4,1,0.25000000,7763.00000000,5042.00000000,159,161.77540107,0.16435543,0.12948790,25,0.80213904,0.20000000,-1158.00000000,-441.00000000,-31.00000000,4,out_of_time,417.79946896,444.79187933,161.18151241,-1.58842081,2021-07-14
pg-82c6c2a146892a3a,ESPORTSTMNT02_2074157,2021-07-20T14:42:18,2021-07-20,2021,Split 2,0,11.14,Red,oe:team:6cedba5819b5b7c465cb3bb48bfe855,Illuminar Gaming,oe:team:1158ec5b08f516ca81868bc48293989,Team ESCA Gaming,oe:player:e0357bd3e9e044c623fbc77cc985cd7,xCharm,sup,Nautilus,oe:player:e1ddc411cd92f26392b707a48e5c700,Thresh,sup:Nautilus,lineup-3c3e1664e86dfbcc,0,1870.00000000,31.16666667,1,4,1,0.50000000,6289.00000000,1944.00000000,33,62.37433155,0.13314843,0.04992552,80,2.56684492,0.40000000,-483.00000000,-969.00000000,-13.00000000,4,out_of_time,144.07829904,142.93212766,76.47042949,-1.06843872,2021-07-14
pg-e7a765d2e165ebc3,ESPORTSTMNT02_2074157,2021-07-20T14:42:18,2021-07-20,2021,Split 2,0,11.14,Red,oe:team:6cedba5819b5b7c465cb3bb48bfe855,Illuminar Gaming,oe:team:1158ec5b08f516ca81868bc48293989,Team ESCA Gaming,oe:player:298b3a3324ca8d42c20518481cab844,LEQINHO6,top,Camille,oe:player:455527eab48df51aaf02979e65dd651,Gwen,top:Camille,lineup-3c3e1664e86dfbcc,0,1870.00000000,31.16666667,3,4,1,1.00000000,12144.00000000,7852.00000000,245,251.93582888,0.25710838,0.20165391,25,0.80213904,0.80000000,914.00000000,-199.00000000,-3.00000000,4,out_of_time,404.67975372,393.88482654,156.33881912,-0.97700575,2021-07-14
pg-67db10c53dbef0d0,ESPORTSTMNT02_2064166,2021-07-20T15:42:53,2021-07-20,2021,Split 2,0,11.14,Blue,oe:team:5a5f8cc0161f43afe3461b293535517,AGO ROGUE,oe:team:73f3cc4e54620b1454530648442e066,K1CK,oe:player:0482daf6543f102a27a265342292bb7,Lucker,bot,Ziggs,oe:player:b4a352b2b8782a2bb21bce1a2f47645,Varus,bot:Ziggs,lineup-de5e31d683ce7975,0,2331.00000000,38.85000000,3,0,5,8.00000000,17767.00000000,38724.00000000,386,996.75675676,0.27372167,0.49306068,26,0.66924067,0.80000000,2065.00000000,616.00000000,12.00000000,4,out_of_time,515.50747878,500.47725493,198.61324495,2.42304725,2021-07-14
pg-152db3e6701859b7,ESPORTSTMNT02_2064166,2021-07-20T15:42:53,2021-07-20,2021,Split 2,0,11.14,Blue,oe:team:5a5f8cc0161f43afe3461b293535517,AGO ROGUE,oe:team:73f3cc4e54620b1454530648442e066,K1CK,oe:player:6fc5fe723eed4ba4c230292be365c66,Lurox,jng,Diana,oe:player:752b048c76633399b04f6e87a8b211c,Olaf,jng:Diana,lineup-de5e31d683ce7975,0,2331.00000000,38.85000000,1,5,4,1.00000000,11494.00000000,8739.00000000,225,224.94208494,0.17707868,0.11127098,45,1.15830116,0.50000000,-1314.00000000,-444.00000000,-8.00000000,4,out_of_time,311.16881284,296.66496629,125.49212557,-0.68710867,2021-07-14
pg-3dfac09d5110f2c6,ESPORTSTMNT02_2064166,2021-07-20T15:42:53,2021-07-20,2021,Split 2,0,11.14,Blue,oe:team:5a5f8cc0161f43afe3461b293535517,AGO ROGUE,oe:team:73f3cc4e54620b1454530648442e066,K1CK,oe:player:2096ff50c6496d70e4b39793390c9ce,Sencux,mid,Irelia,oe:player:be4ce50af0cd0d8574aa3820c37d1ae,Corki,mid:Irelia,lineup-de5e31d683ce7975,0,2331.00000000,38.85000000,3,3,4,2.33333333,15118.00000000,13287.00000000,346,342.00772201,0.23291069,0.16917925,44,1.13256113,0.70000000,344.00000000,7.00000000,17.00000000,4,out_of_time,397.58311306,444.79187933,161.18151241,-0.34480003,2021-07-14
pg-4847553520f33cdb,ESPORTSTMNT02_2064166,2021-07-20T15:42:53,2021-07-20,2021,Split 2,0,11.14,Blue,oe:team:5a5f8cc0161f43afe3461b293535517,AGO ROGUE,oe:team:73f3cc4e54620b1454530648442e066,K1CK,oe:player:3e68fd564e4e518b8aed89b9a0bf855,Pyrka,sup,Nautilus,oe:player:84bd988294f5dd9ae9a499abf6524a0,Thresh,sup:Nautilus,lineup-de5e31d683ce7975,0,2331.00000000,38.85000000,0,4,7,1.75000000,7486.00000000,4795.00000000,35,123.42342342,0.11533069,0.06105325,106,2.72844273,0.70000000,48.00000000,-70.00000000,-3.00000000,4,out_of_time,138.73904008,142.93212766,76.47042949,-0.20028156,2021-07-14
pg-9b9c0e75fe636631,ESPORTSTMNT02_2064166,2021-07-20T15:42:53,2021-07-20,2021,Split 2,0,11.14,Blue,oe:team:5a5f8cc0161f43afe3461b293535517,AGO ROGUE,oe:team:73f3cc4e54620b1454530648442e066,K1CK,oe:player:a7b756e008bfcb7148cdb51f886c3fa,Sinmivak,top,Renekton,oe:player:1f8b2df4c6ee43a1c1dc29817c0a201,Sejuani,top:Renekton,lineup-de5e31d683ce7975,0,2331.00000000,38.85000000,3,5,4,1.40000000,13044.00000000,12993.00000000,261,334.44015444,0.20095826,0.16543584,64,1.64736165,0.70000000,-836.00000000,-54.00000000,-1.00000000,4,out_of_time,354.13780290,393.88482654,156.33881912,-0.12599333,2021-07-14
pg-9bf47ab2e1b92fda,ESPORTSTMNT02_2064166,2021-07-20T15:42:53,2021-07-20,2021,Split 2,0,11.14,Red,oe:team:73f3cc4e54620b1454530648442e066,K1CK,oe:team:5a5f8cc0161f43afe3461b293535517,AGO ROGUE,oe:player:b4a352b2b8782a2bb21bce1a2f47645,Puki Style,bot,Varus,oe:player:0482daf6543f102a27a265342292bb7,Ziggs,bot:Varus,lineup-61a9b3fcfcd532f8,1,2331.00000000,38.85000000,6,1,7,13.00000000,17977.00000000,23748.00000000,359,611.27413127,0.24760344,0.28088851,58,1.49292149,0.76470588,-2065.00000000,-616.00000000,-12.00000000,4,out_of_time,508.36792229,500.47725493,198.61324495,0.51812360,2021-07-14
pg-8f7f7b740e879713,ESPORTSTMNT02_2064166,2021-07-20T15:42:53,2021-07-20,2021,Split 2,0,11.14,Red,oe:team:73f3cc4e54620b1454530648442e066,K1CK,oe:team:5a5f8cc0161f43afe3461b293535517,AGO ROGUE,oe:player:752b048c76633399b04f6e87a8b211c,Stefan,jng,Olaf,oe:player:6fc5fe723eed4ba4c230292be365c66,Diana,jng:Olaf,lineup-61a9b3fcfcd532f8,1,2331.00000000,38.85000000,5,0,9,14.00000000,15116.00000000,20005.00000000,258,514.92921493,0.20819790,0.23661675,45,1.15830116,0.82352941,1314.00000000,444.00000000,8.00000000,4,out_of_time,300.55388114,296.66496629,125.49212557,1.70827718,2021-07-14
pg-9b4332878db05953,ESPORTSTMNT02_2064166,2021-07-20T15:42:53,2021-07-20,2021,Split 2,0,11.14,Red,oe:team:73f3cc4e54620b1454530648442e066,K1CK,oe:team:5a5f8cc0161f43afe3461b293535517,AGO ROGUE,oe:player:be4ce50af0cd0d8574aa3820c37d1ae,Matislaw,mid,Corki,oe:player:2096ff50c6496d70e4b39793390c9ce,Irelia,mid:Corki,lineup-61a9b3fcfcd532f8,1,2331.00000000,38.85000000,5,4,8,3.25000000,16778.00000000,21287.00000000,333,547.92792793,0.23108920,0.25178010,52,1.33848134,0.76470588,-344.00000000,-7.00000000,-17.00000000,4,out_of_time,442.72848782,444.79187933,161.18151241,0.65267684,2021-07-14
pg-ed98f0873406a37d,ESPORTSTMNT02_2064166,2021-07-20T15:42:53,2021-07-20,2021,Split 2,0,11.14,Red,oe:team:73f3cc4e54620b1454530648442e066,K1CK,oe:team:5a5f8cc0161f43afe3461b293535517,AGO ROGUE,oe:player:84bd988294f5dd9ae9a499abf6524a0,Raxxo,sup,Thresh,oe:player:3e68fd564e4e518b8aed89b9a0bf855,Nautilus,sup:Thresh,lineup-61a9b3fcfcd532f8,1,2331.00000000,38.85000000,0,3,15,5.00000000,8846.00000000,4923.00000000,38,126.71814672,0.12183902,0.05822866,125,3.21750322,0.88235294,-48.00000000,70.00000000,3.00000000,4,out_of_time,112.78421834,142.93212766,76.47042949,0.18221329,2021-07-14
pg-5ceb36bf82b9f7ca,ESPORTSTMNT02_2064166,2021-07-20T15:42:53,2021-07-20,2021,Split 2,0,11.14,Red,oe:team:73f3cc4e54620b1454530648442e066,K1CK,oe:team:5a5f8cc0161f43afe3461b293535517,AGO ROGUE,oe:player:1f8b2df4c6ee43a1c1dc29817c0a201,Sacre,top,Sejuani,oe:player:a7b756e008bfcb7148cdb51f886c3fa,Renekton,top:Sejuani,lineup-61a9b3fcfcd532f8,1,2331.00000000,38.85000000,1,2,14,7.50000000,13887.00000000,14583.00000000,256,375.36679537,0.19127045,0.17248598,45,1.15830116,0.88235294,836.00000000,54.00000000,1.00000000,4,out_of_time,396.44396459,393.88482654,156.33881912,-0.13481725,2021-07-14
pg-8eaed0bc0702ad06,ESPORTSTMNT02_2064203,2021-07-20T16:45:24,2021-07-20,2021,Split 2,0,11.14,Blue,oe:team:3a1d5821b38ab1ddec52f944973d1bd,Gentlemen's Gaming,oe:team:5628f250931675f9c0d20aad46cc117,Komil & Friends,oe:player:50cce5a33514ebe62201a0a45314eca,Yashiro,bot,Ezreal,oe:player:fc64481e9be7c98479a123b5ece6f9c,Ziggs,bot:Ezreal,lineup-18a4860f1407a610,1,2365.00000000,39.41666667,6,4,10,4.00000000,16984.00000000,36071.00000000,312,915.12050740,0.22011975,0.36343211,41,1.04016913,0.61538462,-2066.00000000,-597.00000000,-14.00000000,4,out_of_time,570.34283568,500.47725493,198.61324495,1.73592487,2021-07-14
pg-e14f298edc696460,ESPORTSTMNT02_2064203,2021-07-20T16:45:24,2021-07-20,2021,Split 2,0,11.14,Blue,oe:team:3a1d5821b38ab1ddec52f944973d1bd,Gentlemen's Gaming,oe:team:5628f250931675f9c0d20aad46cc117,Komil & Friends,oe:player:24807d9986c4fda13d994791032cde1,Ben3k,jng,Gragas,oe:player:11bd50ce9e013690ead12e9c307d048,Lee Sin,jng:Gragas,lineup-18a4860f1407a610,1,2365.00000000,39.41666667,2,8,4,0.75000000,12412.00000000,9532.00000000,198,241.82663848,0.16086472,0.09603933,78,1.97885835,0.23076923,-786.00000000,-975.00000000,-9.00000000,4,out_of_time,325.43243731,296.66496629,125.49212557,-0.66622347,2021-07-14
pg-74e64bf1d9b00bb8,ESPORTSTMNT02_2064203,2021-07-20T16:45:24,2021-07-20,2021,Split 2,0,11.14,Blue,oe:team:3a1d5821b38ab1ddec52f944973d1bd,Gentlemen's Gaming,oe:team:5628f250931675f9c0d20aad46cc117,Komil & Friends,oe:player:d76cb4dd926111e0b5a4c101f1218a1,bucu,mid,Talon,oe:player:56b90211cf581dd16f58da4eb71317f,Zoe,mid:Talon,lineup-18a4860f1407a610,1,2365.00000000,39.41666667,9,7,7,2.28571429,17390.00000000,20931.00000000,311,531.01902748,0.22538168,0.21088956,56,1.42071882,0.61538462,-776.00000000,-145.00000000,-2.00000000,4,out_of_time,436.45780663,444.79187933,161.18151241,0.58667535,2021-07-14
pg-b47060180181f6be,ESPORTSTMNT02_2064203,2021-07-20T16:45:24,2021-07-20,2021,Split 2,0,11.14,Blue,oe:team:3a1d5821b38ab1ddec52f944973d1bd,Gentlemen's Gaming,oe:team:5628f250931675f9c0d20aad46cc117,Komil & Friends,oe:player:dc0ab0700ebab412ecfc2e808b86e0f,Crow,sup,Pyke,oe:player:1f892f04e94e144dadcc8be197d4f5b,Nautilus,sup:Pyke,lineup-18a4860f1407a610,1,2365.00000000,39.41666667,1,2,10,5.50000000,9814.00000000,5271.00000000,49,133.72515856,0.12719355,0.05310778,166,4.21141649,0.42307692,-540.00000000,-321.00000000,-1.00000000,4,out_of_time,207.43033488,142.93212766,76.47042949,-0.96383892,2021-07-14
pg-da056be2564d8e0d,ESPORTSTMNT02_2064203,2021-07-20T16:45:24,2021-07-20,2021,Split 2,0,11.14,Blue,oe:team:3a1d5821b38ab1ddec52f944973d1bd,Gentlemen's Gaming,oe:team:5628f250931675f9c0d20aad46cc117,Komil & Friends,oe:player:8486d94ef23b38c67c76b647613d881,bobista,top,Gwen,oe:player:8e00e6377e8725af3b2bc927d6710e4,Sett,top:Gwen,lineup-18a4860f1407a610,1,2365.00000000,39.41666667,8,1,4,12.00000000,20558.00000000,27446.00000000,379,696.30443975,0.26644029,0.27653122,38,0.96405920,0.46153846,1178.00000000,881.00000000,35.00000000,4,out_of_time,440.39123862,393.88482654,156.33881912,1.63691400,2021-07-14
pg-279c2b9418c48a29,ESPORTSTMNT02_2064203,2021-07-20T16:45:24,2021-07-20,2021,Split 2,0,11.14,Red,oe:team:5628f250931675f9c0d20aad46cc117,Komil & Friends,oe:team:3a1d5821b38ab1ddec52f944973d1bd,Gentlemen's Gaming,oe:player:fc64481e9be7c98479a123b5ece6f9c,defles,bot,Ziggs,oe:player:50cce5a33514ebe62201a0a45314eca,Ezreal,bot:Ziggs,lineup-50c85d47eeaaeb84,0,2365.00000000,39.41666667,6,5,4,2.00000000,17154.00000000,24394.00000000,332,618.87526427,0.25775721,0.26660401,27,0.68498943,0.45454545,2066.00000000,597.00000000,14.00000000,4,out_of_time,460.96447980,500.47725493,198.61324495,0.79506674,2021-07-14
pg-f32ed1837b968fa3,ESPORTSTMNT02_2064203,2021-07-20T16:45:24,2021-07-20,2021,Split 2,0,11.14,Red,oe:team:5628f250931675f9c0d20aad46cc117,Komil & Friends,oe:team:3a1d5821b38ab1ddec52f944973d1bd,Gentlemen's Gaming,oe:player:11bd50ce9e013690ead12e9c307d048,Yuta,jng,Lee Sin,oe:player:24807d9986c4fda13d994791032cde1,Gragas,jng:Lee Sin,lineup-50c85d47eeaaeb84,0,2365.00000000,39.41666667,7,4,9,4.00000000,13637.00000000,14811.00000000,190,375.75475687,0.20491052,0.16187062,79,2.00422833,0.72727273,786.00000000,975.00000000,9.00000000,4,out_of_time,299.77495078,296.66496629,125.49212557,0.60545477,2021-07-14
pg-08878d7e81eccc95,ESPORTSTMNT02_2064203,2021-07-20T16:45:24,2021-07-20,2021,Split 2,0,11.14,Red,oe:team:5628f250931675f9c0d20aad46cc117,Komil & Friends,oe:team:3a1d5821b38ab1ddec52f944973d1bd,Gentlemen's Gaming,oe:player:56b90211cf581dd16f58da4eb71317f,Wojux,mid,Zoe,oe:player:d76cb4dd926111e0b5a4c101f1218a1,Talon,mid:Zoe,lineup-50c85d47eeaaeb84,0,2365.00000000,39.41666667,8,6,8,2.66666667,15197.00000000,30861.00000000,265,782.94291755,0.22835119,0.33728237,44,1.11627907,0.72727273,776.00000000,145.00000000,2.00000000,4,out_of_time,463.01335878,444.79187933,161.18151241,1.98490233,2021-07-14
pg-c08e09df9d8dbf31,ESPORTSTMNT02_2064203,2021-07-20T16:45:24,2021-07-20,2021,Split 2,0,11.14,Red,oe:team:5628f250931675f9c0d20aad46cc117,Komil & Friends,oe:team:3a1d5821b38ab1ddec52f944973d1bd,Gentlemen's Gaming,oe:player:1f892f04e94e144dadcc8be197d4f5b,minemaciek,sup,Nautilus,oe:player:dc0ab0700ebab412ecfc2e808b86e0f,Pyke,sup:Nautilus,lineup-50c85d47eeaaeb84,0,2365.00000000,39.41666667,0,4,11,2.75000000,8318.00000000,6942.00000000,38,176.11839323,0.12498685,0.07586968,105,2.66384778,0.50000000,540.00000000,321.00000000,1.00000000,4,out_of_time,156.22519393,142.93212766,76.47042949,0.26014238,2021-07-14
pg-c56dbc3b039760df,ESPORTSTMNT02_2064203,2021-07-20T16:45:24,2021-07-20,2021,Split 2,0,11.14,Red,oe:team:5628f250931675f9c0d20aad46cc117,Komil & Friends,oe:team:3a1d5821b38ab1ddec52f944973d1bd,Gentlemen's Gaming,oe:player:8e00e6377e8725af3b2bc927d6710e4,Grzybek,top,Sett,oe:player:8486d94ef23b38c67c76b647613d881,Gwen,top:Sett,lineup-50c85d47eeaaeb84,0,2365.00000000,39.41666667,1,7,4,0.71428571,12245.00000000,14491.00000000,224,367.63636364,0.18399423,0.15837332,32,0.81183932,0.22727273,-1178.00000000,-881.00000000,-35.00000000,4,out_of_time,363.88450825,393.88482654,156.33881912,0.02399823,2021-07-14
pg-fa80ce6b5731a974,ESPORTSTMNT02_2064263,2021-07-20T18:10:43,2021-07-20,2021,Split 2,0,11.14,Blue,oe:team:f27741afb3044c971eeced9d0c2daa1,devils.one,oe:team:d2628b4f33cdc631c1fc42be5d2b771,PDW,oe:player:a2592097e38eeeec92fb042c009147d,Ejsner,bot,Ezreal,oe:player:7705566e63eedc7bd6c4c72d43c9104,Aphelios,bot:Ezreal,lineup-8fb045b81dd22d44,0,1771.00000000,29.51666667,2,4,5,1.75000000,10714.00000000,20684.00000000,246,700.75663467,0.22850684,0.30389046,12,0.40654997,0.70000000,-1136.00000000,-41.00000000,-14.00000000,4,out_of_time,511.33928617,500.47725493,198.61324495,0.95369948,2021-07-14
pg-019a5be420ef306a,ESPORTSTMNT02_2064263,2021-07-20T18:10:43,2021-07-20,2021,Split 2,0,11.14,Blue,oe:team:f27741afb3044c971eeced9d0c2daa1,devils.one,oe:team:d2628b4f33cdc631c1fc42be5d2b771,PDW,oe:player:2d1fca25321f6983dc3e1da11039a80,Diagu,jng,Gwen,oe:player:7471c21aed615dae3e49140eca8ce89,Viego,jng:Gwen,lineup-8fb045b81dd22d44,0,1771.00000000,29.51666667,1,7,5,0.85714286,9100.00000000,10100.00000000,159,342.17955957,0.19408365,0.14838975,35,1.18577075,0.60000000,936.00000000,825.00000000,12.00000000,4,out_of_time,290.93858791,296.66496629,125.49212557,0.40832021,2021-07-14
pg-5ee4976b8035466c,ESPORTSTMNT02_2064263,2021-07-20T18:10:43,2021-07-20,2021,Split 2,0,11.14,Blue,oe:team:f27741afb3044c971eeced9d0c2daa1,devils.one,oe:team:d2628b4f33cdc631c1fc42be5d2b771,PDW,oe:player:efde1a9fe9e6f1059c3fce2ec296fae,many,mid,Malzahar,oe:player:73ac73edf51a3acdfa494e271c6ee29,LeBlanc,mid:Malzahar,lineup-8fb045b81dd22d44,0,1771.00000000,29.51666667,1,4,5,1.50000000,10117.00000000,14100.00000000,213,477.69621683,0.21577410,0.20715797,21,0.71146245,0.60000000,-615.00000000,-1010.00000000,-30.00000000,4,out_of_time,400.85009053,444.79187933,161.18151241,0.47676762,2021-07-14
pg-82996ae58491585e,ESPORTSTMNT02_2064263,2021-07-20T18:10:43,2021-07-20,2021,Split 2,0,11.14,Blue,oe:team:f27741afb3044c971eeced9d0c2daa1,devils.one,oe:team:d2628b4f33cdc631c1fc42be5d2b771,PDW,oe:player:945f30b38a435b37c2e70d893cb6a72,YuNIshinoya,sup,Rakan,oe:player:1f111e88abd984a347713f070de73e3,Leona,sup:Rakan,lineup-8fb045b81dd22d44,0,1771.00000000,29.51666667,0,7,8,1.14285714,5899.00000000,3681.00000000,8,124.70920384,0.12581313,0.05408145,80,2.71033315,0.80000000,-436.00000000,-667.00000000,-21.00000000,4,out_of_time,147.51700132,142.93212766,76.47042949,-0.29825643,2021-07-14
pg-d374e78aa789e5c2,ESPORTSTMNT02_2064263,2021-07-20T18:10:43,2021-07-20,2021,Split 2,0,11.14,Blue,oe:team:f27741afb3044c971eeced9d0c2daa1,devils.one,oe:team:d2628b4f33cdc631c1fc42be5d2b771,PDW,oe:player:e93fad90f312c1f10c64b60e5ba17c7,sheru,top,Jayce,oe:player:cb5feb1b7314637725a2e73bdc9f729,Camille,top:Jayce,lineup-8fb045b81dd22d44,0,1771.00000000,29.51666667,6,5,2,1.60000000,11057.00000000,19499.00000000,198,660.60982496,0.23582230,0.28648037,15,0.50818746,0.80000000,-437.00000000,-373.00000000,0.00000000,4,out_of_time,391.15315352,393.88482654,156.33881912,1.72354296,2021-07-14
pg-4907cfe6e6aa1adc,ESPORTSTMNT02_2064263,2021-07-20T18:10:43,2021-07-20,2021,Split 2,0,11.14,Red,oe:team:d2628b4f33cdc631c1fc42be5d2b771,PDW,oe:team:f27741afb3044c971eeced9d0c2daa1,devils.one,oe:player:7705566e63eedc7bd6c4c72d43c9104,odi11,bot,Aphelios,oe:player:a2592097e38eeeec92fb042c009147d,Ezreal,bot:Aphelios,lineup-449ab01c69a3adca,1,1771.00000000,29.51666667,10,0,7,17.00000000,16082.00000000,25005.00000000,283,847.14850367,0.26291955,0.37505062,30,1.01637493,0.62962963,1136.00000000,41.00000000,14.00000000,4,out_of_time,499.98737351,500.47725493,198.61324495,1.74792537,2021-07-14
pg-0915d2d497c3c41f,ESPORTSTMNT02_2064263,2021-07-20T18:10:43,2021-07-20,2021,Split 2,0,11.14,Red,oe:team:d2628b4f33cdc631c1fc42be5d2b771,PDW,oe:team:f27741afb3044c971eeced9d0c2daa1,devils.one,oe:player:7471c21aed615dae3e49140eca8ce89,Bruness,jng,Viego,oe:player:2d1fca25321f6983dc3e1da11039a80,Gwen,jng:Viego,lineup-449ab01c69a3adca,1,1771.00000000,29.51666667,6,2,11,8.50000000,11610.00000000,9207.00000000,155,311.92546584,0.18980823,0.13809602,45,1.52456239,0.62962963,-936.00000000,-825.00000000,-12.00000000,4,out_of_time,348.75153406,296.66496629,125.49212557,-0.29345322,2021-07-14
pg-a377853e496e4f77,ESPORTSTMNT02_2064263,2021-07-20T18:10:43,2021-07-20,2021,Split 2,0,11.14,Red,oe:team:d2628b4f33cdc631c1fc42be5d2b771,PDW,oe:team:f27741afb3044c971eeced9d0c2daa1,devils.one,oe:player:73ac73edf51a3acdfa494e271c6ee29,Czajek,mid,LeBlanc,oe:player:efde1a9fe9e6f1059c3fce2ec296fae,Malzahar,mid:LeBlanc,lineup-449ab01c69a3adca,1,1771.00000000,29.51666667,9,2,10,9.50000000,14113.00000000,21527.00000000,251,729.31677019,0.23072899,0.32288401,30,1.01637493,0.70370370,615.00000000,1010.00000000,30.00000000,4,out_of_time,504.81957376,444.79187933,161.18151241,1.39282225,2021-07-14
pg-d747cfa02048707d,ESPORTSTMNT02_2064263,2021-07-20T18:10:43,2021-07-20,2021,Split 2,0,11.14,Red,oe:team:d2628b4f33cdc631c1fc42be5d2b771,PDW,oe:team:f27741afb3044c971eeced9d0c2daa1,devils.one,oe:player:1f111e88abd984a347713f070de73e3,kubYD,sup,Leona,oe:player:945f30b38a435b37c2e70d893cb6a72,Rakan,sup:Leona,lineup-449ab01c69a3adca,1,1771.00000000,29.51666667,0,4,12,3.00000000,7577.00000000,2529.00000000,35,85.68040655,0.12387398,0.03793253,68,2.30378317,0.44444444,436.00000000,667.00000000,21.00000000,4,out_of_time,210.32113854,142.93212766,76.47042949,-1.62992065,2021-07-14
pg-3e5fead822951bd1,ESPORTSTMNT02_2064263,2021-07-20T18:10:43,2021-07-20,2021,Split 2,0,11.14,Red,oe:team:d2628b4f33cdc631c1fc42be5d2b771,PDW,oe:team:f27741afb3044c971eeced9d0c2daa1,devils.one,oe:player:cb5feb1b7314637725a2e73bdc9f729,Color,top,Camille,oe:player:e93fad90f312c1f10c64b60e5ba17c7,Jayce,top:Camille,lineup-449ab01c69a3adca,1,1771.00000000,29.51666667,2,2,8,5.00000000,11785.00000000,8403.00000000,219,284.68661773,0.19266925,0.12603681,44,1.49068323,0.37037037,437.00000000,373.00000000,0.00000000,4,out_of_time,464.28659282,393.88482654,156.33881912,-1.14878682,2021-07-14
pg-7a4ff8dc774e0525,ESPORTSTMNT02_2064652,2021-07-21T14:35:08,2021-07-21,2021,Split 2,0,11.14,Blue,oe:team:d2628b4f33cdc631c1fc42be5d2b771,PDW,oe:team:5628f250931675f9c0d20aad46cc117,Komil & Friends,oe:player:7705566e63eedc7bd6c4c72d43c9104,odi11,bot,Tristana,oe:player:fc64481e9be7c98479a123b5ece6f9c,Kalista,bot:Tristana,lineup-449ab01c69a3adca,1,1824.00000000,30.40000000,2,0,7,9.00000000,13266.00000000,9177.00000000,281,301.87500000,0.22821655,0.16798462,29,0.95394737,0.56250000,-848.00000000,-1802.00000000,-50.00000000,4,out_of_time,551.74518741,500.47725493,198.61324495,-1.25807414,2021-07-14
pg-3022714a1aca5d78,ESPORTSTMNT02_2064652,2021-07-21T14:35:08,2021-07-21,2021,Split 2,0,11.14,Blue,oe:team:d2628b4f33cdc631c1fc42be5d2b771,PDW,oe:team:5628f250931675f9c0d20aad46cc117,Komil & Friends,oe:player:7471c21aed615dae3e49140eca8ce89,Bruness,jng,Xin Zhao,oe:player:11bd50ce9e013690ead12e9c307d048,Viego,jng:Xin Zhao,lineup-449ab01c69a3adca,1,1824.00000000,30.40000000,3,4,4,1.75000000,9889.00000000,7821.00000000,137,257.26973684,0.17012163,0.14316310,55,1.80921053,0.43750000,901.00000000,-338.00000000,-11.00000000,4,out_of_time,390.93247559,296.66496629,125.49212557,-1.06510857,2021-07-14
pg-cf40f89f32ac0b98,ESPORTSTMNT02_2064652,2021-07-21T14:35:08,2021-07-21,2021,Split 2,0,11.14,Blue,oe:team:d2628b4f33cdc631c1fc42be5d2b771,PDW,oe:team:5628f250931675f9c0d20aad46cc117,Komil & Friends,oe:player:73ac73edf51a3acdfa494e271c6ee29,Czajek,mid,Sylas,oe:player:56b90211cf581dd16f58da4eb71317f,Orianna,mid:Sylas,lineup-449ab01c69a3adca,1,1824.00000000,30.40000000,4,3,6,3.33333333,12593.00000000,14706.00000000,260,483.75000000,0.21663885,0.26919275,31,1.01973684,0.62500000,-191.00000000,-414.00000000,-3.00000000,4,out_of_time,513.24600541,444.79187933,161.18151241,-0.18299869,2021-07-14
pg-41fe209a8119f29d,ESPORTSTMNT02_2064652,2021-07-21T14:35:08,2021-07-21,2021,Split 2,0,11.14,Blue,oe:team:d2628b4f33cdc631c1fc42be5d2b771,PDW,oe:team:5628f250931675f9c0d20aad46cc117,Komil & Friends,oe:player:1f111e88abd984a347713f070de73e3,kubYD,sup,Galio,oe:player:1f892f04e94e144dadcc8be197d4f5b,Leona,sup:Galio,lineup-449ab01c69a3adca,1,1824.00000000,30.40000000,1,3,10,3.66666667,7273.00000000,4634.00000000,39,152.43421053,0.12511827,0.08482519,78,2.56578947,0.68750000,-632.00000000,-417.00000000,-4.00000000,4,out_of_time,265.74091390,142.93212766,76.47042949,-1.48170612,2021-07-14
pg-7d4e128b438afdbd,ESPORTSTMNT02_2064652,2021-07-21T14:35:08,2021-07-21,2021,Split 2,0,11.14,Blue,oe:team:d2628b4f33cdc631c1fc42be5d2b771,PDW,oe:team:5628f250931675f9c0d20aad46cc117,Komil & Friends,oe:player:cb5feb1b7314637725a2e73bdc9f729,Color,top,Camille,oe:player:8e00e6377e8725af3b2bc927d6710e4,Sett,top:Camille,lineup-449ab01c69a3adca,1,1824.00000000,30.40000000,6,2,3,4.50000000,15108.00000000,18292.00000000,282,601.71052632,0.25990469,0.33483434,29,0.95394737,0.56250000,1825.00000000,-124.00000000,16.00000000,4,out_of_time,499.87670202,393.88482654,156.33881912,0.65136621,2021-07-14
pg-8f08c37e944690e0,ESPORTSTMNT02_2064652,2021-07-21T14:35:08,2021-07-21,2021,Split 2,0,11.14,Red,oe:team:5628f250931675f9c0d20aad46cc117,Komil & Friends,oe:team:d2628b4f33cdc631c1fc42be5d2b771,PDW,oe:player:fc64481e9be7c98479a123b5ece6f9c,defles,bot,Kalista,oe:player:7705566e63eedc7bd6c4c72d43c9104,Tristana,bot:Kalista,lineup-50c85d47eeaaeb84,0,1824.00000000,30.40000000,2,3,6,2.66666667,12647.00000000,10080.00000000,285,331.57894737,0.24515391,0.21394460,37,1.21710526,0.66666667,848.00000000,1802.00000000,50.00000000,4,out_of_time,408.52901068,500.47725493,198.61324495,-0.38743672,2021-07-14
pg-d1cf02ada797993a,ESPORTSTMNT02_2064652,2021-07-21T14:35:08,2021-07-21,2021,Split 2,0,11.14,Red,oe:team:5628f250931675f9c0d20aad46cc117,Komil & Friends,oe:team:d2628b4f33cdc631c1fc42be5d2b771,PDW,oe:player:11bd50ce9e013690ead12e9c307d048,Yuta,jng,Viego,oe:player:7471c21aed615dae3e49140eca8ce89,Xin Zhao,jng:Viego,lineup-50c85d47eeaaeb84,0,1824.00000000,30.40000000,1,3,7,2.66666667,8884.00000000,10067.00000000,146,331.15131579,0.17221059,0.21366868,51,1.67763158,0.66666667,-901.00000000,338.00000000,11.00000000,4,out_of_time,246.93889165,296.66496629,125.49212557,0.67105744,2021-07-14
pg-ceb257b7192cf7f8,ESPORTSTMNT02_2064652,2021-07-21T14:35:08,2021-07-21,2021,Split 2,0,11.14,Red,oe:team:5628f250931675f9c0d20aad46cc117,Komil & Friends,oe:team:d2628b4f33cdc631c1fc42be5d2b771,PDW,oe:player:56b90211cf581dd16f58da4eb71317f,Wojux,mid,Orianna,oe:player:73ac73edf51a3acdfa494e271c6ee29,Sylas,mid:Orianna,lineup-50c85d47eeaaeb84,0,1824.00000000,30.40000000,4,3,8,4.00000000,11743.00000000,16028.00000000,240,527.23684211,0.22763046,0.34018890,17,0.55921053,1.00000000,191.00000000,414.00000000,3.00000000,4,out_of_time,371.21573148,444.79187933,161.18151241,0.96798391,2021-07-14
pg-892c950109c80e13,ESPORTSTMNT02_2064652,2021-07-21T14:35:08,2021-07-21,2021,Split 2,0,11.14,Red,oe:team:5628f250931675f9c0d20aad46cc117,Komil & Friends,oe:team:d2628b4f33cdc631c1fc42be5d2b771,PDW,oe:player:1f892f04e94e144dadcc8be197d4f5b,minemaciek,sup,Leona,oe:player:1f111e88abd984a347713f070de73e3,Galio,sup:Leona,lineup-50c85d47eeaaeb84,0,1824.00000000,30.40000000,2,5,5,1.40000000,7546.00000000,4049.00000000,38,133.19078947,0.14627433,0.08593866,80,2.63157895,0.58333333,632.00000000,417.00000000,4.00000000,4,out_of_time,88.87213522,142.93212766,76.47042949,0.57955284,2021-07-14
pg-673bffc18e18033d,ESPORTSTMNT02_2064652,2021-07-21T14:35:08,2021-07-21,2021,Split 2,0,11.14,Red,oe:team:5628f250931675f9c0d20aad46cc117,Komil & Friends,oe:team:d2628b4f33cdc631c1fc42be5d2b771,PDW,oe:player:8e00e6377e8725af3b2bc927d6710e4,Grzybek,top,Sett,oe:player:cb5feb1b7314637725a2e73bdc9f729,Camille,top:Sett,lineup-50c85d47eeaaeb84,0,1824.00000000,30.40000000,3,2,1,2.00000000,10768.00000000,6891.00000000,201,226.67763158,0.20873071,0.14625915,34,1.11842105,0.33333333,-1825.00000000,124.00000000,-16.00000000,4,out_of_time,308.89270544,393.88482654,156.33881912,-0.52587754,2021-07-14
pg-646bed9d3bf40005,ESPORTSTMNT02_2064674,2021-07-21T15:20:04,2021-07-21,2021,Split 2,0,11.14,Blue,oe:team:1158ec5b08f516ca81868bc48293989,Team ESCA Gaming,oe:team:3a1d5821b38ab1ddec52f944973d1bd,Gentlemen's Gaming,oe:player:3d022fcafe5af9f52df92b17c015fe6,HARPOON,bot,Ezreal,oe:player:50cce5a33514ebe62201a0a45314eca,Varus,bot:Ezreal,lineup-6f5844aa4e991672,1,2423.00000000,40.38333333,9,3,5,4.66666667,20093.00000000,27598.00000000,377,683.40074288,0.26816053,0.27481752,31,0.76764342,0.58333333,-437.00000000,-386.00000000,-15.00000000,4,out_of_time,568.54183660,500.47725493,198.61324495,0.57830436,2021-07-14
pg-2c7e93fb0623b487,ESPORTSTMNT02_2064674,2021-07-21T15:20:04,2021-07-21,2021,Split 2,0,11.14,Blue,oe:team:1158ec5b08f516ca81868bc48293989,Team ESCA Gaming,oe:team:3a1d5821b38ab1ddec52f944973d1bd,Gentlemen's Gaming,oe:player:4c56aef4b6fee236568a5769a8328aa,Xeonerr,jng,Lee Sin,oe:player:24807d9986c4fda13d994791032cde1,Gragas,jng:Lee Sin,lineup-6f5844aa4e991672,1,2423.00000000,40.38333333,4,10,11,1.50000000,11408.00000000,14451.00000000,146,357.84564589,0.15225080,0.14390130,44,1.08955840,0.62500000,-705.00000000,-1354.00000000,-31.00000000,4,out_of_time,302.02921339,296.66496629,125.49212557,0.44478036,2021-07-14
pg-6f7f038c42081c60,ESPORTSTMNT02_2064674,2021-07-21T15:20:04,2021-07-21,2021,Split 2,0,11.14,Blue,oe:team:1158ec5b08f516ca81868bc48293989,Team ESCA Gaming,oe:team:3a1d5821b38ab1ddec52f944973d1bd,Gentlemen's Gaming,oe:player:eec9551ee8ca36e4892be7901f79ec2,Dawidsonek,mid,Corki,oe:player:d76cb4dd926111e0b5a4c101f1218a1,Zed,mid:Corki,lineup-6f5844aa4e991672,1,2423.00000000,40.38333333,5,7,4,1.28571429,15479.00000000,20243.00000000,321,501.27115147,0.20658223,0.20157733,41,1.01527033,0.37500000,-1490.00000000,-652.00000000,-12.00000000,4,out_of_time,470.24179590,444.79187933,161.18151241,0.19251188,2021-07-14
pg-55f95a8ebbc20ffd,ESPORTSTMNT02_2064674,2021-07-21T15:20:04,2021-07-21,2021,Split 2,0,11.14,Blue,oe:team:1158ec5b08f516ca81868bc48293989,Team ESCA Gaming,oe:team:3a1d5821b38ab1ddec52f944973d1bd,Gentlemen's Gaming,oe:player:e1ddc411cd92f26392b707a48e5c700,marlon,sup,Bard,oe:player:dc0ab0700ebab412ecfc2e808b86e0f,Alistar,sup:Bard,lineup-6f5844aa4e991672,1,2423.00000000,40.38333333,1,2,18,9.50000000,9798.00000000,11946.00000000,23,295.81510524,0.13076379,0.11895681,109,2.69913331,0.79166667,-552.00000000,424.00000000,-16.00000000,4,out_of_time,182.58168937,142.93212766,76.47042949,1.48074774,2021-07-14
pg-67b7fc42fd86b403,ESPORTSTMNT02_2064674,2021-07-21T15:20:04,2021-07-21,2021,Split 2,0,11.14,Blue,oe:team:1158ec5b08f516ca81868bc48293989,Team ESCA Gaming,oe:team:3a1d5821b38ab1ddec52f944973d1bd,Gentlemen's Gaming,oe:player:455527eab48df51aaf02979e65dd651,Jaqen,top,Fiora,oe:player:8486d94ef23b38c67c76b647613d881,Gangplank,top:Fiora,lineup-6f5844aa4e991672,1,2423.00000000,40.38333333,5,0,10,15.00000000,18151.00000000,26185.00000000,380,648.41106067,0.24224266,0.26074704,26,0.64382996,0.62500000,-219.00000000,1115.00000000,-8.00000000,4,out_of_time,410.00470709,393.88482654,156.33881912,1.52493383,2021-07-14
pg-4ae65bae5d4fa2f9,ESPORTSTMNT02_2064674,2021-07-21T15:20:04,2021-07-21,2021,Split 2,0,11.14,Red,oe:team:3a1d5821b38ab1ddec52f944973d1bd,Gentlemen's Gaming,oe:team:1158ec5b08f516ca81868bc48293989,Team ESCA Gaming,oe:player:50cce5a33514ebe62201a0a45314eca,Yashiro,bot,Varus,oe:player:3d022fcafe5af9f52df92b17c015fe6,Ezreal,bot:Varus,lineup-18a4860f1407a610,0,2423.00000000,40.38333333,4,3,7,3.66666667,16607.00000000,25254.00000000,376,625.35699546,0.22435525,0.24352941,36,0.89145687,0.50000000,437.00000000,386.00000000,15.00000000,4,out_of_time,481.37078639,500.47725493,198.61324495,0.72495774,2021-07-14
pg-fdc38aebfa3f9334,ESPORTSTMNT02_2064674,2021-07-21T15:20:04,2021-07-21,2021,Split 2,0,11.14,Red,oe:team:3a1d5821b38ab1ddec52f944973d1bd,Gentlemen's Gaming,oe:team:1158ec5b08f516ca81868bc48293989,Team ESCA Gaming,oe:player:24807d9986c4fda13d994791032cde1,Ben3k,jng,Gragas,oe:player:4c56aef4b6fee236568a5769a8328aa,Lee Sin,jng:Gragas,lineup-18a4860f1407a610,0,2423.00000000,40.38333333,4,5,9,2.60000000,13075.00000000,17926.00000000,218,443.89599670,0.17663906,0.17286403,73,1.80767643,0.59090909,705.00000000,1354.00000000,31.00000000,4,out_of_time,286.07172901,296.66496629,125.49212557,1.25764280,2021-07-14
pg-bbe066790da403d8,ESPORTSTMNT02_2064674,2021-07-21T15:20:04,2021-07-21,2021,Split 2,0,11.14,Red,oe:team:3a1d5821b38ab1ddec52f944973d1bd,Gentlemen's Gaming,oe:team:1158ec5b08f516ca81868bc48293989,Team ESCA Gaming,oe:player:d76cb4dd926111e0b5a4c101f1218a1,bucu,mid,Zed,oe:player:eec9551ee8ca36e4892be7901f79ec2,Corki,mid:Zed,lineup-18a4860f1407a610,0,2423.00000000,40.38333333,11,5,7,3.60000000,19850.00000000,33024.00000000,304,817.76310359,0.26816714,0.31845709,44,1.08955840,0.81818182,1490.00000000,652.00000000,12.00000000,4,out_of_time,406.17264087,444.79187933,161.18151241,2.55358358,2021-07-14
pg-a5b4929cc4228220,ESPORTSTMNT02_2064674,2021-07-21T15:20:04,2021-07-21,2021,Split 2,0,11.14,Red,oe:team:3a1d5821b38ab1ddec52f944973d1bd,Gentlemen's Gaming,oe:team:1158ec5b08f516ca81868bc48293989,Team ESCA Gaming,oe:player:dc0ab0700ebab412ecfc2e808b86e0f,Crow,sup,Alistar,oe:player:e1ddc411cd92f26392b707a48e5c700,Bard,sup:Alistar,lineup-18a4860f1407a610,0,2423.00000000,40.38333333,0,4,11,2.75000000,8617.00000000,4476.00000000,30,110.83780437,0.11641291,0.04316297,113,2.79818407,0.50000000,552.00000000,-424.00000000,16.00000000,4,out_of_time,133.44121711,142.93212766,76.47042949,-0.29558370,2021-07-14
pg-72876423a72d01c3,ESPORTSTMNT02_2064674,2021-07-21T15:20:04,2021-07-21,2021,Split 2,0,11.14,Red,oe:team:3a1d5821b38ab1ddec52f944973d1bd,Gentlemen's Gaming,oe:team:1158ec5b08f516ca81868bc48293989,Team ESCA Gaming,oe:player:8486d94ef23b38c67c76b647613d881,bobista,top,Gangplank,oe:player:455527eab48df51aaf02979e65dd651,Fiora,top:Gangplank,lineup-18a4860f1407a610,0,2423.00000000,40.38333333,3,7,4,1.00000000,15872.00000000,23020.00000000,308,570.03714404,0.21442564,0.22198650,49,1.21337185,0.31818182,219.00000000,-1115.00000000,8.00000000,4,out_of_time,448.76252438,393.88482654,156.33881912,0.77571662,2021-07-14
pg-8dd305f4b06fffd4,ESPORTSTMNT02_2074745,2021-07-21T16:41:30,2021-07-21,2021,Split 2,0,11.14,Blue,oe:team:73f3cc4e54620b1454530648442e066,K1CK,oe:team:f27741afb3044c971eeced9d0c2daa1,devils.one,oe:player:b4a352b2b8782a2bb21bce1a2f47645,Puki Style,bot,Varus,oe:player:a2592097e38eeeec92fb042c009147d,Aphelios,bot:Varus,lineup-61a9b3fcfcd532f8,1,1738.00000000,28.96666667,4,0,6,10.00000000,13766.00000000,23612.00000000,272,815.14384350,0.24505999,0.32913757,67,2.31300345,0.71428571,1586.00000000,194.00000000,21.00000000,4,out_of_time,573.19615894,500.47725493,198.61324495,1.21818504,2021-07-14
pg-5cbcd2e3a07223a3,ESPORTSTMNT02_2074745,2021-07-21T16:41:30,2021-07-21,2021,Split 2,0,11.14,Blue,oe:team:73f3cc4e54620b1454530648442e066,K1CK,oe:team:f27741afb3044c971eeced9d0c2daa1,devils.one,oe:player:752b048c76633399b04f6e87a8b211c,Stefan,jng,Viego,oe:player:2d1fca25321f6983dc3e1da11039a80,Diana,jng:Viego,lineup-61a9b3fcfcd532f8,1,1738.00000000,28.96666667,3,3,7,3.33333333,11888.00000000,7068.00000000,195,244.00460299,0.21162816,0.09852382,31,1.07019563,0.71428571,1034.00000000,313.00000000,2.00000000,4,out_of_time,357.85832877,296.66496629,125.49212557,-0.90725793,2021-07-14
pg-51ea67b80bb04d41,ESPORTSTMNT02_2074745,2021-07-21T16:41:30,2021-07-21,2021,Split 2,0,11.14,Blue,oe:team:73f3cc4e54620b1454530648442e066,K1CK,oe:team:f27741afb3044c971eeced9d0c2daa1,devils.one,oe:player:be4ce50af0cd0d8574aa3820c37d1ae,Matislaw,mid,LeBlanc,oe:player:efde1a9fe9e6f1059c3fce2ec296fae,Galio,mid:LeBlanc,lineup-61a9b3fcfcd532f8,1,1738.00000000,28.96666667,2,0,6,8.00000000,11102.00000000,17075.00000000,228,589.47065593,0.19763592,0.23801558,23,0.79401611,0.57142857,814.00000000,421.00000000,23.00000000,4,out_of_time,492.58444875,444.79187933,161.18151241,0.60110000,2021-07-14
pg-15b4e4f640cf6d40,ESPORTSTMNT02_2074745,2021-07-21T16:41:30,2021-07-21,2021,Split 2,0,11.14,Blue,oe:team:73f3cc4e54620b1454530648442e066,K1CK,oe:team:f27741afb3044c971eeced9d0c2daa1,devils.one,oe:player:84bd988294f5dd9ae9a499abf6524a0,Raxxo,sup,Braum,oe:player:945f30b38a435b37c2e70d893cb6a72,Thresh,sup:Braum,lineup-61a9b3fcfcd532f8,1,1738.00000000,28.96666667,0,1,13,13.00000000,7659.00000000,6489.00000000,35,224.01611047,0.13634422,0.09045289,79,2.72727273,0.92857143,16.00000000,255.00000000,6.00000000,4,out_of_time,203.48673808,142.93212766,76.47042949,0.26846158,2021-07-14
pg-cc5acbdb90dd43d9,ESPORTSTMNT02_2074745,2021-07-21T16:41:30,2021-07-21,2021,Split 2,0,11.14,Blue,oe:team:73f3cc4e54620b1454530648442e066,K1CK,oe:team:f27741afb3044c971eeced9d0c2daa1,devils.one,oe:player:1f8b2df4c6ee43a1c1dc29817c0a201,Sacre,top,Gnar,oe:player:e93fad90f312c1f10c64b60e5ba17c7,Renekton,top:Gnar,lineup-61a9b3fcfcd532f8,1,1738.00000000,28.96666667,5,2,4,4.50000000,11759.00000000,17495.00000000,228,603.97008055,0.20933172,0.24387014,33,1.13924051,0.64285714,-389.00000000,-369.00000000,3.00000000,4,out_of_time,478.54491168,393.88482654,156.33881912,0.80226504,2021-07-14
pg-6204bd5793dd6e7d,ESPORTSTMNT02_2074745,2021-07-21T16:41:30,2021-07-21,2021,Split 2,0,11.14,Red,oe:team:f27741afb3044c971eeced9d0c2daa1,devils.one,oe:team:73f3cc4e54620b1454530648442e066,K1CK,oe:player:a2592097e38eeeec92fb042c009147d,Ejsner,bot,Aphelios,oe:player:b4a352b2b8782a2bb21bce1a2f47645,Varus,bot:Aphelios,lineup-8fb045b81dd22d44,0,1738.00000000,28.96666667,2,2,2,2.00000000,10554.00000000,12686.00000000,253,437.95166858,0.24694073,0.34652681,45,1.55350978,0.66666667,-1586.00000000,-194.00000000,-21.00000000,4,out_of_time,465.39180299,500.47725493,198.61324495,-0.13815863,2021-07-14
pg-cb2e6b0089bf7b17,ESPORTSTMNT02_2074745,2021-07-21T16:41:30,2021-07-21,2021,Split 2,0,11.14,Red,oe:team:f27741afb3044c971eeced9d0c2daa1,devils.one,oe:team:73f3cc4e54620b1454530648442e066,K1CK,oe:player:2d1fca25321f6983dc3e1da11039a80,Diagu,jng,Diana,oe:player:752b048c76633399b04f6e87a8b211c,Viego,jng:Diana,lineup-8fb045b81dd22d44,0,1738.00000000,28.96666667,0,5,4,0.80000000,8451.00000000,6037.00000000,178,208.41196778,0.19773509,0.16490480,30,1.03567319,0.66666667,-1034.00000000,-313.00000000,-2.00000000,4,out_of_time,311.55640745,296.66496629,125.49212557,-0.82191962,2021-07-14
pg-e948e574dd8edba2,ESPORTSTMNT02_2074745,2021-07-21T16:41:30,2021-07-21,2021,Split 2,0,11.14,Red,oe:team:f27741afb3044c971eeced9d0c2daa1,devils.one,oe:team:73f3cc4e54620b1454530648442e066,K1CK,oe:player:efde1a9fe9e6f1059c3fce2ec296fae,many,mid,Galio,oe:player:be4ce50af0cd0d8574aa3820c37d1ae,LeBlanc,mid:Galio,lineup-8fb045b81dd22d44,0,1738.00000000,28.96666667,0,0,5,5.00000000,8337.00000000,8964.00000000,194,309.45914845,0.19506774,0.24485782,19,0.65592635,0.83333333,-814.00000000,-421.00000000,-23.00000000,4,out_of_time,370.03866657,444.79187933,161.18151241,-0.37584657,2021-07-14
pg-ad8f415c61a61eae,ESPORTSTMNT02_2074745,2021-07-21T16:41:30,2021-07-21,2021,Split 2,0,11.14,Red,oe:team:f27741afb3044c971eeced9d0c2daa1,devils.one,oe:team:73f3cc4e54620b1454530648442e066,K1CK,oe:player:945f30b38a435b37c2e70d893cb6a72,YuNIshinoya,sup,Thresh,oe:player:84bd988294f5dd9ae9a499abf6524a0,Braum,sup:Thresh,lineup-8fb045b81dd22d44,0,1738.00000000,28.96666667,2,3,4,2.00000000,6463.00000000,4030.00000000,41,139.12543153,0.15122020,0.11008222,86,2.96892980,1.00000000,-16.00000000,-255.00000000,-6.00000000,4,out_of_time,91.54601365,142.93212766,76.47042949,0.62219368,2021-07-14
pg-50026a06cbba3c4d,ESPORTSTMNT02_2074745,2021-07-21T16:41:30,2021-07-21,2021,Split 2,0,11.14,Red,oe:team:f27741afb3044c971eeced9d0c2daa1,devils.one,oe:team:73f3cc4e54620b1454530648442e066,K1CK,oe:player:e93fad90f312c1f10c64b60e5ba17c7,sheru,top,Renekton,oe:player:1f8b2df4c6ee43a1c1dc29817c0a201,Gnar,top:Renekton,lineup-8fb045b81dd22d44,0,1738.00000000,28.96666667,2,4,1,0.75000000,8934.00000000,4892.00000000,192,168.88377445,0.20903624,0.13362834,21,0.72497123,0.50000000,389.00000000,369.00000000,-3.00000000,4,out_of_time,293.37221196,393.88482654,156.33881912,-0.79627336,2021-07-14
pg-b19529e76cca2689,ESPORTSTMNT02_2064744,2021-07-21T17:47:47,2021-07-21,2021,Split 2,0,11.14,Blue,oe:team:5a5f8cc0161f43afe3461b293535517,AGO ROGUE,oe:team:6cedba5819b5b7c465cb3bb48bfe855,Illuminar Gaming,oe:player:0482daf6543f102a27a265342292bb7,Lucker,bot,Ziggs,oe:player:694ee794a9d3a8c3fbd658becb89769,Tristana,bot:Ziggs,lineup-de5e31d683ce7975,1,1510.00000000,25.16666667,4,2,3,3.50000000,12375.00000000,18400.00000000,226,731.12582781,0.24929995,0.33034704,15,0.59602649,0.43750000,1021.00000000,-423.00000000,1.00000000,4,out_of_time,480.19627493,500.47725493,198.61324495,1.26340795,2021-07-14
pg-6ef17ba05bbfb9b0,ESPORTSTMNT02_2064744,2021-07-21T17:47:47,2021-07-21,2021,Split 2,0,11.14,Blue,oe:team:5a5f8cc0161f43afe3461b293535517,AGO ROGUE,oe:team:6cedba5819b5b7c465cb3bb48bfe855,Illuminar Gaming,oe:player:6fc5fe723eed4ba4c230292be365c66,Lurox,jng,Viego,oe:player:243afb63fb97e1791ffee0cec41ecdf,Xin Zhao,jng:Viego,lineup-de5e31d683ce7975,1,1510.00000000,25.16666667,1,0,6,7.00000000,8866.00000000,7169.00000000,153,284.86092715,0.17860956,0.12870967,42,1.66887417,0.43750000,908.00000000,739.00000000,18.00000000,4,out_of_time,291.61390970,296.66496629,125.49212557,-0.05381200,2021-07-14
pg-681ed2b764cf000f,ESPORTSTMNT02_2064744,2021-07-21T17:47:47,2021-07-21,2021,Split 2,0,11.14,Blue,oe:team:5a5f8cc0161f43afe3461b293535517,AGO ROGUE,oe:team:6cedba5819b5b7c465cb3bb48bfe855,Illuminar Gaming,oe:player:2096ff50c6496d70e4b39793390c9ce,Sencux,mid,Sylas,oe:player:7e33124e33721ef8f70d2dd843b57da,Ryze,mid:Sylas,lineup-de5e31d683ce7975,1,1510.00000000,25.16666667,6,1,6,12.00000000,10830.00000000,13757.00000000,180,546.63576159,0.21817523,0.24698828,25,0.99337748,0.75000000,1403.00000000,407.00000000,-3.00000000,4,out_of_time,430.83400364,444.79187933,161.18151241,0.71845559,2021-07-14
pg-e15ad002d5268711,ESPORTSTMNT02_2064744,2021-07-21T17:47:47,2021-07-21,2021,Split 2,0,11.14,Blue,oe:team:5a5f8cc0161f43afe3461b293535517,AGO ROGUE,oe:team:6cedba5819b5b7c465cb3bb48bfe855,Illuminar Gaming,oe:player:3e68fd564e4e518b8aed89b9a0bf855,Pyrka,sup,Braum,oe:player:e0357bd3e9e044c623fbc77cc985cd7,Leona,sup:Braum,lineup-de5e31d683ce7975,1,1510.00000000,25.16666667,3,1,10,13.00000000,7492.00000000,4295.00000000,33,170.66225166,0.15092971,0.07711090,53,2.10596026,0.81250000,1038.00000000,208.00000000,3.00000000,4,out_of_time,149.38267645,142.93212766,76.47042949,0.27827195,2021-07-14
pg-d3c9397b251f3188,ESPORTSTMNT02_2064744,2021-07-21T17:47:47,2021-07-21,2021,Split 2,0,11.14,Blue,oe:team:5a5f8cc0161f43afe3461b293535517,AGO ROGUE,oe:team:6cedba5819b5b7c465cb3bb48bfe855,Illuminar Gaming,oe:player:a7b756e008bfcb7148cdb51f886c3fa,Sinmivak,top,Camille,oe:player:298b3a3324ca8d42c20518481cab844,Fiora,top:Camille,lineup-de5e31d683ce7975,1,1510.00000000,25.16666667,2,0,7,9.00000000,10076.00000000,12078.00000000,187,479.92052980,0.20298556,0.21684411,21,0.83443709,0.56250000,382.00000000,334.00000000,-3.00000000,4,out_of_time,401.37896660,393.88482654,156.33881912,0.50238043,2021-07-14
pg-31327904557b6695,ESPORTSTMNT02_2064744,2021-07-21T17:47:47,2021-07-21,2021,Split 2,0,11.14,Red,oe:team:6cedba5819b5b7c465cb3bb48bfe855,Illuminar Gaming,oe:team:5a5f8cc0161f43afe3461b293535517,AGO ROGUE,oe:player:694ee794a9d3a8c3fbd658becb89769,Zamulek,bot,Tristana,oe:player:0482daf6543f102a27a265342292bb7,Ziggs,bot:Tristana,lineup-3c3e1664e86dfbcc,0,1510.00000000,25.16666667,2,2,0,1.00000000,10225.00000000,4715.00000000,220,187.35099338,0.25423940,0.15932822,44,1.74834437,0.50000000,-1021.00000000,423.00000000,-1.00000000,4,out_of_time,454.96943173,500.47725493,198.61324495,-1.34743500,2021-07-14
pg-71d57039e334ec68,ESPORTSTMNT02_2064744,2021-07-21T17:47:47,2021-07-21,2021,Split 2,0,11.14,Red,oe:team:6cedba5819b5b7c465cb3bb48bfe855,Illuminar Gaming,oe:team:5a5f8cc0161f43afe3461b293535517,AGO ROGUE,oe:player:243afb63fb97e1791ffee0cec41ecdf,Krysia,jng,Xin Zhao,oe:player:6fc5fe723eed4ba4c230292be365c66,Viego,jng:Xin Zhao,lineup-3c3e1664e86dfbcc,0,1510.00000000,25.16666667,0,6,1,0.16666667,6326.00000000,3406.00000000,113,135.33774834,0.15729275,0.11509479,22,0.87417219,0.25000000,-908.00000000,-739.00000000,-18.00000000,4,out_of_time,277.67399586,296.66496629,125.49212557,-1.13422453,2021-07-14
pg-cd3cd02c28b2e4a6,ESPORTSTMNT02_2064744,2021-07-21T17:47:47,2021-07-21,2021,Split 2,0,11.14,Red,oe:team:6cedba5819b5b7c465cb3bb48bfe855,Illuminar Gaming,oe:team:5a5f8cc0161f43afe3461b293535517,AGO ROGUE,oe:player:7e33124e33721ef8f70d2dd843b57da,ESCIK,mid,Ryze,oe:player:2096ff50c6496d70e4b39793390c9ce,Sylas,mid:Ryze,lineup-3c3e1664e86dfbcc,0,1510.00000000,25.16666667,2,3,1,1.00000000,9943.00000000,11856.00000000,212,471.09933775,0.24722761,0.40063529,7,0.27814570,0.75000000,-1403.00000000,-407.00000000,3.00000000,4,out_of_time,398.64752797,444.79187933,161.18151241,0.44950447,2021-07-14
pg-2cc6d7ecb2502b35,ESPORTSTMNT02_2064744,2021-07-21T17:47:47,2021-07-21,2021,Split 2,0,11.14,Red,oe:team:6cedba5819b5b7c465cb3bb48bfe855,Illuminar Gaming,oe:team:5a5f8cc0161f43afe3461b293535517,AGO ROGUE,oe:player:e0357bd3e9e044c623fbc77cc985cd7,xCharm,sup,Leona,oe:player:3e68fd564e4e518b8aed89b9a0bf855,Braum,sup:Leona,lineup-3c3e1664e86dfbcc,0,1510.00000000,25.16666667,0,2,3,1.50000000,5122.00000000,2832.00000000,26,112.52980132,0.12735591,0.09569831,50,1.98675497,0.75000000,-1038.00000000,-208.00000000,-3.00000000,4,out_of_time,87.00731937,142.93212766,76.47042949,0.33375623,2021-07-14
pg-39910a3866101a96,ESPORTSTMNT02_2064744,2021-07-21T17:47:47,2021-07-21,2021,Split 2,0,11.14,Red,oe:team:6cedba5819b5b7c465cb3bb48bfe855,Illuminar Gaming,oe:team:5a5f8cc0161f43afe3461b293535517,AGO ROGUE,oe:player:298b3a3324ca8d42c20518481cab844,LEQINHO6,top,Fiora,oe:player:a7b756e008bfcb7148cdb51f886c3fa,Camille,top:Fiora,lineup-3c3e1664e86dfbcc,0,1510.00000000,25.16666667,0,3,1,0.33333333,8602.00000000,6784.00000000,197,269.56291391,0.21388433,0.22924340,23,0.91390728,0.25000000,-382.00000000,-334.00000000,3.00000000,4,out_of_time,330.89951130,393.88482654,156.33881912,-0.39233121,2021-07-14
pg-0c57ad4778c1cb16,ESPORTSTMNT02_2064745,2021-07-21T17:47:50,2021-07-21,2021,Split 2,0,11.14,Blue,oe:team:3a1d5821b38ab1ddec52f944973d1bd,Gentlemen's Gaming,oe:team:5628f250931675f9c0d20aad46cc117,Komil & Friends,oe:player:50cce5a33514ebe62201a0a45314eca,Yashiro,bot,Jinx,oe:player:fc64481e9be7c98479a123b5ece6f9c,Kalista,bot:Jinx,lineup-18a4860f1407a610,0,1657.00000000,27.61666667,0,3,2,0.66666667,8422.00000000,7306.00000000,213,264.55039228,0.21004589,0.17822120,14,0.50694025,0.28571429,-1678.00000000,-1646.00000000,-35.00000000,4,out_of_time,467.86023515,500.47725493,198.61324495,-1.02364695,2021-07-14
pg-cf3870cca067cca6,ESPORTSTMNT02_2064745,2021-07-21T17:47:50,2021-07-21,2021,Split 2,0,11.14,Blue,oe:team:3a1d5821b38ab1ddec52f944973d1bd,Gentlemen's Gaming,oe:team:5628f250931675f9c0d20aad46cc117,Komil & Friends,oe:player:24807d9986c4fda13d994791032cde1,Ben3k,jng,Viego,oe:player:11bd50ce9e013690ead12e9c307d048,Lee Sin,jng:Viego,lineup-18a4860f1407a610,0,1657.00000000,27.61666667,4,4,2,1.50000000,10575.00000000,12703.00000000,180,459.97585999,0.26374202,0.30987462,21,0.76041038,0.85714286,157.00000000,279.00000000,11.00000000,4,out_of_time,335.05082955,296.66496629,125.49212557,0.99548103,2021-07-14
pg-7c3eb18f0c53e41e,ESPORTSTMNT02_2064745,2021-07-21T17:47:50,2021-07-21,2021,Split 2,0,11.14,Blue,oe:team:3a1d5821b38ab1ddec52f944973d1bd,Gentlemen's Gaming,oe:team:5628f250931675f9c0d20aad46cc117,Komil & Friends,oe:player:d76cb4dd926111e0b5a4c101f1218a1,bucu,mid,LeBlanc,oe:player:56b90211cf581dd16f58da4eb71317f,Syndra,mid:LeBlanc,lineup-18a4860f1407a610,0,1657.00000000,27.61666667,1,5,2,0.60000000,7741.00000000,7348.00000000,165,266.07121304,0.19306165,0.17924574,28,1.01388051,0.42857143,-1963.00000000,-2015.00000000,-43.00000000,4,out_of_time,482.90647090,444.79187933,161.18151241,-1.34528616,2021-07-14
pg-8dce430724053146,ESPORTSTMNT02_2064745,2021-07-21T17:47:50,2021-07-21,2021,Split 2,0,11.14,Blue,oe:team:3a1d5821b38ab1ddec52f944973d1bd,Gentlemen's Gaming,oe:team:5628f250931675f9c0d20aad46cc117,Komil & Friends,oe:player:dc0ab0700ebab412ecfc2e808b86e0f,Crow,sup,Alistar,oe:player:1f892f04e94e144dadcc8be197d4f5b,Rakan,sup:Alistar,lineup-18a4860f1407a610,0,1657.00000000,27.61666667,0,4,3,0.75000000,5218.00000000,3339.00000000,33,120.90525045,0.13013767,0.08145094,58,2.10018105,0.42857143,-796.00000000,-12.00000000,16.00000000,4,out_of_time,176.09869615,142.93212766,76.47042949,-0.72176194,2021-07-14
pg-17964865b60ca32b,ESPORTSTMNT02_2064745,2021-07-21T17:47:50,2021-07-21,2021,Split 2,0,11.14,Blue,oe:team:3a1d5821b38ab1ddec52f944973d1bd,Gentlemen's Gaming,oe:team:5628f250931675f9c0d20aad46cc117,Komil & Friends,oe:player:8486d94ef23b38c67c76b647613d881,bobista,top,Lulu,oe:player:8e00e6377e8725af3b2bc927d6710e4,Gwen,top:Lulu,lineup-18a4860f1407a610,0,1657.00000000,27.61666667,2,5,3,1.00000000,8140.00000000,10298.00000000,157,372.89076645,0.20301277,0.25120749,19,0.68799034,0.71428571,989.00000000,1510.00000000,32.00000000,4,out_of_time,375.14985620,393.88482654,156.33881912,-0.01444996,2021-07-14
pg-ba517dd078c60178,ESPORTSTMNT02_2064745,2021-07-21T17:47:50,2021-07-21,2021,Split 2,0,11.14,Red,oe:team:5628f250931675f9c0d20aad46cc117,Komil & Friends,oe:team:3a1d5821b38ab1ddec52f944973d1bd,Gentlemen's Gaming,oe:player:fc64481e9be7c98479a123b5ece6f9c,defles,bot,Kalista,oe:player:50cce5a33514ebe62201a0a45314eca,Jinx,bot:Kalista,lineup-50c85d47eeaaeb84,1,1657.00000000,27.61666667,5,2,8,6.50000000,12751.00000000,20195.00000000,251,731.26131563,0.23473426,0.28839288,20,0.72420036,0.61904762,1678.00000000,1646.00000000,35.00000000,4,out_of_time,443.03252314,500.47725493,198.61324495,1.45120630,2021-07-14
pg-9093b2950b521674,ESPORTSTMNT02_2064745,2021-07-21T17:47:50,2021-07-21,2021,Split 2,0,11.14,Red,oe:team:5628f250931675f9c0d20aad46cc117,Komil & Friends,oe:team:3a1d5821b38ab1ddec52f944973d1bd,Gentlemen's Gaming,oe:player:11bd50ce9e013690ead12e9c307d048,Yuta,jng,Lee Sin,oe:player:24807d9986c4fda13d994791032cde1,Viego,jng:Lee Sin,lineup-50c85d47eeaaeb84,1,1657.00000000,27.61666667,7,2,6,6.50000000,10451.00000000,12974.00000000,126,469.78877489,0.19239337,0.18527404,54,1.95534098,0.61904762,-157.00000000,-279.00000000,-11.00000000,4,out_of_time,293.97337849,296.66496629,125.49212557,1.40100740,2021-07-14
pg-1de2fab693dfdcb8,ESPORTSTMNT02_2064745,2021-07-21T17:47:50,2021-07-21,2021,Split 2,0,11.14,Red,oe:team:5628f250931675f9c0d20aad46cc117,Komil & Friends,oe:team:3a1d5821b38ab1ddec52f944973d1bd,Gentlemen's Gaming,oe:player:56b90211cf581dd16f58da4eb71317f,Wojux,mid,Syndra,oe:player:d76cb4dd926111e0b5a4c101f1218a1,LeBlanc,mid:Syndra,lineup-50c85d47eeaaeb84,1,1657.00000000,27.61666667,3,0,12,15.00000000,12425.00000000,21765.00000000,256,788.11104406,0.22873290,0.31081313,29,1.05009053,0.71428571,1963.00000000,2015.00000000,43.00000000,4,out_of_time,462.45306473,444.79187933,161.18151241,2.02044251,2021-07-14
pg-8e021585d254b05f,ESPORTSTMNT02_2064745,2021-07-21T17:47:50,2021-07-21,2021,Split 2,0,11.14,Red,oe:team:5628f250931675f9c0d20aad46cc117,Komil & Friends,oe:team:3a1d5821b38ab1ddec52f944973d1bd,Gentlemen's Gaming,oe:player:1f892f04e94e144dadcc8be197d4f5b,minemaciek,sup,Rakan,oe:player:dc0ab0700ebab412ecfc2e808b86e0f,Alistar,sup:Rakan,lineup-50c85d47eeaaeb84,1,1657.00000000,27.61666667,2,1,13,15.00000000,7958.00000000,6885.00000000,12,249.30597465,0.14649951,0.09832062,87,3.15027158,0.71428571,796.00000000,12.00000000,-16.00000000,4,out_of_time,171.64665599,142.93212766,76.47042949,1.01554704,2021-07-14
pg-fa77f12a05d62aae,ESPORTSTMNT02_2064745,2021-07-21T17:47:50,2021-07-21,2021,Split 2,0,11.14,Red,oe:team:5628f250931675f9c0d20aad46cc117,Komil & Friends,oe:team:3a1d5821b38ab1ddec52f944973d1bd,Gentlemen's Gaming,oe:player:8e00e6377e8725af3b2bc927d6710e4,Grzybek,top,Gwen,oe:player:8486d94ef23b38c67c76b647613d881,Lulu,top:Gwen,lineup-50c85d47eeaaeb84,1,1657.00000000,27.61666667,4,2,7,5.50000000,10736.00000000,8207.00000000,192,297.17561859,0.19763996,0.11719933,30,1.08630054,0.52380952,-989.00000000,-1510.00000000,-32.00000000,4,out_of_time,373.97253497,393.88482654,156.33881912,-0.49122103,2021-07-14
pg-f6fb7697ae260a26,ESPORTSTMNT03_2050661,2021-07-27T14:34:47,2021-07-27,2021,Unknown,1,11.15,Blue,oe:team:d2628b4f33cdc631c1fc42be5d2b771,PDW,oe:team:1158ec5b08f516ca81868bc48293989,Team ESCA Gaming,oe:player:7705566e63eedc7bd6c4c72d43c9104,odi11,bot,Kalista,oe:player:3d022fcafe5af9f52df92b17c015fe6,Ezreal,bot:Kalista,lineup-449ab01c69a3adca,0,2780.00000000,46.33333333,4,3,5,3.00000000,18877.00000000,15128.00000000,386,326.50359712,0.25142850,0.18410388,45,0.97122302,0.75000000,26.00000000,39.00000000,12.00000000,4,out_of_time,474.99459288,500.47725493,198.61324495,-0.74763894,2021-07-14
pg-18802d73f8df3b72,ESPORTSTMNT03_2050661,2021-07-27T14:34:47,2021-07-27,2021,Unknown,1,11.15,Blue,oe:team:d2628b4f33cdc631c1fc42be5d2b771,PDW,oe:team:1158ec5b08f516ca81868bc48293989,Team ESCA Gaming,oe:player:7471c21aed615dae3e49140eca8ce89,Bruness,jng,Xin Zhao,oe:player:4c56aef4b6fee236568a5769a8328aa,Lee Sin,jng:Xin Zhao,lineup-449ab01c69a3adca,0,2780.00000000,46.33333333,0,6,7,1.16666667,12497.00000000,11959.00000000,212,258.10791367,0.16645134,0.14553796,55,1.18705036,0.58333333,374.00000000,-355.00000000,5.00000000,4,out_of_time,351.34004561,296.66496629,125.49212557,-0.74293213,2021-07-14
pg-4111404326507d63,ESPORTSTMNT03_2050661,2021-07-27T14:34:47,2021-07-27,2021,Unknown,1,11.15,Blue,oe:team:d2628b4f33cdc631c1fc42be5d2b771,PDW,oe:team:1158ec5b08f516ca81868bc48293989,Team ESCA Gaming,oe:player:73ac73edf51a3acdfa494e271c6ee29,Czajek,mid,Ryze,oe:player:eec9551ee8ca36e4892be7901f79ec2,Kassadin,mid:Ryze,lineup-449ab01c69a3adca,0,2780.00000000,46.33333333,4,4,3,1.75000000,18372.00000000,32979.00000000,419,711.77697842,0.24470225,0.40134597,43,0.92805755,0.58333333,-991.00000000,-321.00000000,20.00000000,4,out_of_time,483.06183725,444.79187933,161.18151241,1.41899116,2021-07-14
pg-aaaf70aef352c423,ESPORTSTMNT03_2050661,2021-07-27T14:34:47,2021-07-27,2021,Unknown,1,11.15,Blue,oe:team:d2628b4f33cdc631c1fc42be5d2b771,PDW,oe:team:1158ec5b08f516ca81868bc48293989,Team ESCA Gaming,oe:player:1f111e88abd984a347713f070de73e3,kubYD,sup,Thresh,oe:player:e1ddc411cd92f26392b707a48e5c700,Braum,sup:Thresh,lineup-449ab01c69a3adca,0,2780.00000000,46.33333333,2,4,10,3.00000000,10170.00000000,7259.00000000,31,156.66906475,0.13545732,0.08834017,123,2.65467626,1.00000000,527.00000000,-561.00000000,0.00000000,4,out_of_time,158.97768442,142.93212766,76.47042949,-0.03018970,2021-07-14
pg-989fb8a27693ea6d,ESPORTSTMNT03_2050661,2021-07-27T14:34:47,2021-07-27,2021,Unknown,1,11.15,Blue,oe:team:d2628b4f33cdc631c1fc42be5d2b771,PDW,oe:team:1158ec5b08f516ca81868bc48293989,Team ESCA Gaming,oe:player:cb5feb1b7314637725a2e73bdc9f729,Color,top,Gnar,oe:player:455527eab48df51aaf02979e65dd651,Gwen,top:Gnar,lineup-449ab01c69a3adca,0,2780.00000000,46.33333333,2,4,7,2.25000000,15163.00000000,14846.00000000,312,320.41726619,0.20196060,0.18067201,58,1.25179856,0.75000000,-143.00000000,733.00000000,0.00000000,4,out_of_time,421.07414300,393.88482654,156.33881912,-0.64383803,2021-07-14
pg-72d411c51771a807,ESPORTSTMNT03_2050661,2021-07-27T14:34:47,2021-07-27,2021,Unknown,1,11.15,Red,oe:team:1158ec5b08f516ca81868bc48293989,Team ESCA Gaming,oe:team:d2628b4f33cdc631c1fc42be5d2b771,PDW,oe:player:3d022fcafe5af9f52df92b17c015fe6,HARPOON,bot,Ezreal,oe:player:7705566e63eedc7bd6c4c72d43c9104,Kalista,bot:Ezreal,lineup-6f5844aa4e991672,1,2780.00000000,46.33333333,4,1,15,19.00000000,18443.00000000,43284.00000000,358,934.18705036,0.22188669,0.34793933,56,1.20863309,0.90476190,-26.00000000,-39.00000000,-12.00000000,4,out_of_time,483.00376235,500.47725493,198.61324495,2.27166767,2021-07-14
pg-ec6184a1b5375b20,ESPORTSTMNT03_2050661,2021-07-27T14:34:47,2021-07-27,2021,Unknown,1,11.15,Red,oe:team:1158ec5b08f516ca81868bc48293989,Team ESCA Gaming,oe:team:d2628b4f33cdc631c1fc42be5d2b771,PDW,oe:player:4c56aef4b6fee236568a5769a8328aa,Xeonerr,jng,Lee Sin,oe:player:7471c21aed615dae3e49140eca8ce89,Xin Zhao,jng:Lee Sin,lineup-6f5844aa4e991672,1,2780.00000000,46.33333333,1,1,13,14.00000000,13464.00000000,10434.00000000,204,225.19424460,0.16198462,0.08387392,64,1.38129496,0.66666667,-374.00000000,355.00000000,-5.00000000,4,out_of_time,232.32460959,296.66496629,125.49212557,-0.05681922,2021-07-14
pg-88311a6363e65712,ESPORTSTMNT03_2050661,2021-07-27T14:34:47,2021-07-27,2021,Unknown,1,11.15,Red,oe:team:1158ec5b08f516ca81868bc48293989,Team ESCA Gaming,oe:team:d2628b4f33cdc631c1fc42be5d2b771,PDW,oe:player:eec9551ee8ca36e4892be7901f79ec2,Dawidsonek,mid,Kassadin,oe:player:73ac73edf51a3acdfa494e271c6ee29,Ryze,mid:Kassadin,lineup-6f5844aa4e991672,1,2780.00000000,46.33333333,12,3,5,5.66666667,22175.00000000,44574.00000000,412,962.02877698,0.26678617,0.35830902,36,0.77697842,0.80952381,991.00000000,321.00000000,-20.00000000,4,out_of_time,396.81974102,444.79187933,161.18151241,3.50666170,2021-07-14
pg-86c6876d8b9c8671,ESPORTSTMNT03_2050661,2021-07-27T14:34:47,2021-07-27,2021,Unknown,1,11.15,Red,oe:team:1158ec5b08f516ca81868bc48293989,Team ESCA Gaming,oe:team:d2628b4f33cdc631c1fc42be5d2b771,PDW,oe:player:e1ddc411cd92f26392b707a48e5c700,marlon,sup,Braum,oe:player:1f111e88abd984a347713f070de73e3,Thresh,sup:Braum,lineup-6f5844aa4e991672,1,2780.00000000,46.33333333,0,4,16,4.00000000,10489.00000000,7155.00000000,38,154.42446043,0.12619257,0.05751561,93,2.00719424,0.76190476,-527.00000000,561.00000000,0.00000000,4,out_of_time,103.40836303,142.93212766,76.47042949,0.66713497,2021-07-14
pg-52c045b22ec77d45,ESPORTSTMNT03_2050661,2021-07-27T14:34:47,2021-07-27,2021,Unknown,1,11.15,Red,oe:team:1158ec5b08f516ca81868bc48293989,Team ESCA Gaming,oe:team:d2628b4f33cdc631c1fc42be5d2b771,PDW,oe:player:455527eab48df51aaf02979e65dd651,Jaqen,top,Gwen,oe:player:cb5feb1b7314637725a2e73bdc9f729,Gnar,top:Gwen,lineup-6f5844aa4e991672,1,2780.00000000,46.33333333,4,3,6,3.33333333,18548.00000000,18954.00000000,360,409.07913669,0.22314994,0.15236212,33,0.71223022,0.47619048,143.00000000,-733.00000000,0.00000000,4,out_of_time,332.72178086,393.88482654,156.33881912,0.48840944,2021-07-14
pg-64b01d9dd653a856,ESPORTSTMNT03_2070783,2021-07-27T15:48:39,2021-07-27,2021,Unknown,1,11.15,Blue,oe:team:1158ec5b08f516ca81868bc48293989,Team ESCA Gaming,oe:team:d2628b4f33cdc631c1fc42be5d2b771,PDW,oe:player:3d022fcafe5af9f52df92b17c015fe6,HARPOON,bot,Ezreal,oe:player:7705566e63eedc7bd6c4c72d43c9104,Kalista,bot:Ezreal,lineup-6f5844aa4e991672,0,2411.00000000,40.18333333,3,1,3,6.00000000,16378.00000000,23625.00000000,386,587.93031937,0.24032987,0.35003111,37,0.92077976,0.60000000,-627.00000000,555.00000000,3.00000000,4,out_of_time,483.10286192,500.47725493,198.61324495,0.52779691,2021-07-14
pg-4b0ccfd7571e2ad7,ESPORTSTMNT03_2070783,2021-07-27T15:48:39,2021-07-27,2021,Unknown,1,11.15,Blue,oe:team:1158ec5b08f516ca81868bc48293989,Team ESCA Gaming,oe:team:d2628b4f33cdc631c1fc42be5d2b771,PDW,oe:player:4c56aef4b6fee236568a5769a8328aa,Xeonerr,jng,Lee Sin,oe:player:7471c21aed615dae3e49140eca8ce89,Gwen,jng:Lee Sin,lineup-6f5844aa4e991672,0,2411.00000000,40.18333333,2,6,2,0.66666667,10853.00000000,7298.00000000,190,181.61758606,0.15925632,0.10812813,50,1.24429697,0.40000000,317.00000000,-107.00000000,-15.00000000,4,out_of_time,221.08312025,296.66496629,125.49212557,-0.31448614,2021-07-14
pg-ecf8bfda9b0efdbd,ESPORTSTMNT03_2070783,2021-07-27T15:48:39,2021-07-27,2021,Unknown,1,11.15,Blue,oe:team:1158ec5b08f516ca81868bc48293989,Team ESCA Gaming,oe:team:d2628b4f33cdc631c1fc42be5d2b771,PDW,oe:player:eec9551ee8ca36e4892be7901f79ec2,Dawidsonek,mid,Kassadin,oe:player:73ac73edf51a3acdfa494e271c6ee29,Cassiopeia,mid:Kassadin,lineup-6f5844aa4e991672,0,2411.00000000,40.18333333,0,3,5,1.66666667,15369.00000000,17312.00000000,400,430.82538366,0.22552386,0.25649687,38,0.94566570,0.50000000,-648.00000000,-774.00000000,-29.00000000,4,out_of_time,388.18428477,444.79187933,161.18151241,0.26455329,2021-07-14
pg-91876905ba4786f2,ESPORTSTMNT03_2070783,2021-07-27T15:48:39,2021-07-27,2021,Unknown,1,11.15,Blue,oe:team:1158ec5b08f516ca81868bc48293989,Team ESCA Gaming,oe:team:d2628b4f33cdc631c1fc42be5d2b771,PDW,oe:player:e1ddc411cd92f26392b707a48e5c700,marlon,sup,Gragas,oe:player:1f111e88abd984a347713f070de73e3,Nautilus,sup:Gragas,lineup-6f5844aa4e991672,0,2411.00000000,40.18333333,1,3,5,2.00000000,8055.00000000,5370.00000000,40,133.63749482,0.11819863,0.07956263,100,2.48859394,0.60000000,-314.00000000,-36.00000000,-3.00000000,4,out_of_time,136.18405558,142.93212766,76.47042949,-0.03330125,2021-07-14
pg-66a440f167720f3c,ESPORTSTMNT03_2070783,2021-07-27T15:48:39,2021-07-27,2021,Unknown,1,11.15,Blue,oe:team:1158ec5b08f516ca81868bc48293989,Team ESCA Gaming,oe:team:d2628b4f33cdc631c1fc42be5d2b771,PDW,oe:player:455527eab48df51aaf02979e65dd651,Jaqen,top,Fiora,oe:player:cb5feb1b7314637725a2e73bdc9f729,Gnar,top:Fiora,lineup-6f5844aa4e991672,0,2411.00000000,40.18333333,4,3,4,2.66666667,17493.00000000,13889.00000000,376,345.64081294,0.25669132,0.20578125,35,0.87100788,0.80000000,1220.00000000,1075.00000000,28.00000000,4,out_of_time,317.34752830,393.88482654,156.33881912,0.18097415,2021-07-14
pg-08ce79b9c05b687a,ESPORTSTMNT03_2070783,2021-07-27T15:48:39,2021-07-27,2021,Unknown,1,11.15,Red,oe:team:d2628b4f33cdc631c1fc42be5d2b771,PDW,oe:team:1158ec5b08f516ca81868bc48293989,Team ESCA Gaming,oe:player:7705566e63eedc7bd6c4c72d43c9104,odi11,bot,Kalista,oe:player:3d022fcafe5af9f52df92b17c015fe6,Ezreal,bot:Kalista,lineup-449ab01c69a3adca,1,2411.00000000,40.18333333,7,0,8,15.00000000,19568.00000000,21631.00000000,384,538.30775612,0.26051069,0.31423508,85,2.11530485,0.93750000,627.00000000,-555.00000000,-3.00000000,4,out_of_time,474.89549332,500.47725493,198.61324495,0.31927510,2021-07-14
pg-f1673f2c19e7c8f6,ESPORTSTMNT03_2070783,2021-07-27T15:48:39,2021-07-27,2021,Unknown,1,11.15,Red,oe:team:d2628b4f33cdc631c1fc42be5d2b771,PDW,oe:team:1158ec5b08f516ca81868bc48293989,Team ESCA Gaming,oe:player:7471c21aed615dae3e49140eca8ce89,Bruness,jng,Gwen,oe:player:4c56aef4b6fee236568a5769a8328aa,Lee Sin,jng:Gwen,lineup-449ab01c69a3adca,1,2411.00000000,40.18333333,2,1,11,13.00000000,13936.00000000,10496.00000000,245,261.20282041,0.18553133,0.15247614,87,2.16507673,0.81250000,-317.00000000,107.00000000,15.00000000,4,out_of_time,353.12766550,296.66496629,125.49212557,-0.73251485,2021-07-14
pg-ea538c99e9206eeb,ESPORTSTMNT03_2070783,2021-07-27T15:48:39,2021-07-27,2021,Unknown,1,11.15,Red,oe:team:d2628b4f33cdc631c1fc42be5d2b771,PDW,oe:team:1158ec5b08f516ca81868bc48293989,Team ESCA Gaming,oe:player:73ac73edf51a3acdfa494e271c6ee29,Czajek,mid,Cassiopeia,oe:player:eec9551ee8ca36e4892be7901f79ec2,Kassadin,mid:Cassiopeia,lineup-449ab01c69a3adca,1,2411.00000000,40.18333333,4,3,6,3.33333333,18491.00000000,17044.00000000,394,424.15595189,0.24617248,0.24759940,57,1.41849855,0.62500000,648.00000000,774.00000000,29.00000000,4,out_of_time,456.85925040,444.79187933,161.18151241,-0.20289733,2021-07-14
pg-cdd69112ca35ab80,ESPORTSTMNT03_2070783,2021-07-27T15:48:39,2021-07-27,2021,Unknown,1,11.15,Red,oe:team:d2628b4f33cdc631c1fc42be5d2b771,PDW,oe:team:1158ec5b08f516ca81868bc48293989,Team ESCA Gaming,oe:player:1f111e88abd984a347713f070de73e3,kubYD,sup,Nautilus,oe:player:e1ddc411cd92f26392b707a48e5c700,Gragas,sup:Nautilus,lineup-449ab01c69a3adca,1,2411.00000000,40.18333333,0,4,11,2.75000000,8981.00000000,6007.00000000,29,149.48983824,0.11956493,0.08726412,109,2.71256740,0.68750000,314.00000000,36.00000000,3.00000000,4,out_of_time,210.40720401,142.93212766,76.47042949,-0.79661336,2021-07-14
pg-1020a74b7d88d7b4,ESPORTSTMNT03_2070783,2021-07-27T15:48:39,2021-07-27,2021,Unknown,1,11.15,Red,oe:team:d2628b4f33cdc631c1fc42be5d2b771,PDW,oe:team:1158ec5b08f516ca81868bc48293989,Team ESCA Gaming,oe:player:cb5feb1b7314637725a2e73bdc9f729,Color,top,Gnar,oe:player:455527eab48df51aaf02979e65dd651,Fiora,top:Gnar,lineup-449ab01c69a3adca,1,2411.00000000,40.18333333,3,2,9,6.00000000,14138.00000000,13659.00000000,266,339.91704687,0.18822057,0.19842527,53,1.31895479,0.75000000,-1220.00000000,-1075.00000000,-28.00000000,4,out_of_time,436.24486170,393.88482654,156.33881912,-0.61614777,2021-07-14
pg-26039914b497bf22,ESPORTSTMNT03_2050728,2021-07-27T17:25:06,2021-07-27,2021,Unknown,1,11.15,Blue,oe:team:d2628b4f33cdc631c1fc42be5d2b771,PDW,oe:team:1158ec5b08f516ca81868bc48293989,Team ESCA Gaming,oe:player:7705566e63eedc7bd6c4c72d43c9104,odi11,bot,Aphelios,oe:player:3d022fcafe5af9f52df92b17c015fe6,Varus,bot:Aphelios,lineup-449ab01c69a3adca,1,1567.00000000,26.11666667,1,0,7,8.00000000,10707.00000000,14366.00000000,221,550.07019783,0.20437496,0.23160135,28,1.07211232,0.47058824,-64.00000000,-301.00000000,-21.00000000,4,out_of_time,532.82347376,500.47725493,198.61324495,0.08683572,2021-07-14
pg-e8f4f76f3ffb0613,ESPORTSTMNT03_2050728,2021-07-27T17:25:06,2021-07-27,2021,Unknown,1,11.15,Blue,oe:team:d2628b4f33cdc631c1fc42be5d2b771,PDW,oe:team:1158ec5b08f516ca81868bc48293989,Team ESCA Gaming,oe:player:7471c21aed615dae3e49140eca8ce89,Bruness,jng,Xin Zhao,oe:player:4c56aef4b6fee236568a5769a8328aa,Lee Sin,jng:Xin Zhao,lineup-449ab01c69a3adca,1,1567.00000000,26.11666667,8,0,3,11.00000000,11096.00000000,11988.00000000,156,459.01723038,0.21180019,0.19326444,43,1.64645820,0.64705882,2995.00000000,1023.00000000,17.00000000,4,out_of_time,351.34004561,296.66496629,125.49212557,0.85803937,2021-07-14
pg-348ff70881185bea,ESPORTSTMNT03_2050728,2021-07-27T17:25:06,2021-07-27,2021,Unknown,1,11.15,Blue,oe:team:d2628b4f33cdc631c1fc42be5d2b771,PDW,oe:team:1158ec5b08f516ca81868bc48293989,Team ESCA Gaming,oe:player:73ac73edf51a3acdfa494e271c6ee29,Czajek,mid,Ryze,oe:player:eec9551ee8ca36e4892be7901f79ec2,Nasus,mid:Ryze,lineup-449ab01c69a3adca,1,1567.00000000,26.11666667,3,1,10,13.00000000,12590.00000000,18026.00000000,275,690.21059349,0.24031762,0.29060601,21,0.80408424,0.76470588,1535.00000000,1326.00000000,35.00000000,4,out_of_time,486.19171826,444.79187933,161.18151241,1.26577094,2021-07-14
pg-3469cfd2cd263712,ESPORTSTMNT03_2050728,2021-07-27T17:25:06,2021-07-27,2021,Unknown,1,11.15,Blue,oe:team:d2628b4f33cdc631c1fc42be5d2b771,PDW,oe:team:1158ec5b08f516ca81868bc48293989,Team ESCA Gaming,oe:player:1f111e88abd984a347713f070de73e3,kubYD,sup,Nautilus,oe:player:e1ddc411cd92f26392b707a48e5c700,Thresh,sup:Nautilus,lineup-449ab01c69a3adca,1,1567.00000000,26.11666667,1,2,3,2.00000000,6338.00000000,3263.00000000,35,124.93937460,0.12097959,0.05260443,76,2.91001914,0.23529412,312.00000000,-111.00000000,5.00000000,4,out_of_time,176.02020378,142.93212766,76.47042949,-0.66798146,2021-07-14
pg-698b839b26afec9b,ESPORTSTMNT03_2050728,2021-07-27T17:25:06,2021-07-27,2021,Unknown,1,11.15,Blue,oe:team:d2628b4f33cdc631c1fc42be5d2b771,PDW,oe:team:1158ec5b08f516ca81868bc48293989,Team ESCA Gaming,oe:player:cb5feb1b7314637725a2e73bdc9f729,Color,top,Camille,oe:player:455527eab48df51aaf02979e65dd651,Gwen,top:Camille,lineup-449ab01c69a3adca,1,1567.00000000,26.11666667,4,1,3,7.00000000,11658.00000000,14386.00000000,213,550.83599234,0.22252763,0.23192378,16,0.61263561,0.41176471,883.00000000,438.00000000,9.00000000,4,out_of_time,436.62165846,393.88482654,156.33881912,0.73055646,2021-07-14
pg-58e597ab332b22ef,ESPORTSTMNT03_2050728,2021-07-27T17:25:06,2021-07-27,2021,Unknown,1,11.15,Red,oe:team:1158ec5b08f516ca81868bc48293989,Team ESCA Gaming,oe:team:d2628b4f33cdc631c1fc42be5d2b771,PDW,oe:player:3d022fcafe5af9f52df92b17c015fe6,HARPOON,bot,Varus,oe:player:7705566e63eedc7bd6c4c72d43c9104,Aphelios,bot:Varus,lineup-6f5844aa4e991672,0,1567.00000000,26.11666667,2,3,0,0.66666667,10515.00000000,12762.00000000,246,488.65347798,0.26458821,0.29149631,21,0.80408424,0.50000000,64.00000000,301.00000000,21.00000000,4,out_of_time,473.11778389,500.47725493,198.61324495,0.07822084,2021-07-14
pg-89385467f93973e2,ESPORTSTMNT03_2050728,2021-07-27T17:25:06,2021-07-27,2021,Unknown,1,11.15,Red,oe:team:1158ec5b08f516ca81868bc48293989,Team ESCA Gaming,oe:team:d2628b4f33cdc631c1fc42be5d2b771,PDW,oe:player:4c56aef4b6fee236568a5769a8328aa,Xeonerr,jng,Lee Sin,oe:player:7471c21aed615dae3e49140eca8ce89,Xin Zhao,jng:Lee Sin,lineup-6f5844aa4e991672,0,1567.00000000,26.11666667,1,3,3,1.33333333,6657.00000000,5566.00000000,108,213.12061264,0.16750962,0.12713277,24,0.91895341,1.00000000,-2995.00000000,-1023.00000000,-17.00000000,4,out_of_time,232.32460959,296.66496629,125.49212557,-0.15302950,2021-07-14
pg-ed5c5e484dd22a53,ESPORTSTMNT03_2050728,2021-07-27T17:25:06,2021-07-27,2021,Unknown,1,11.15,Red,oe:team:1158ec5b08f516ca81868bc48293989,Team ESCA Gaming,oe:team:d2628b4f33cdc631c1fc42be5d2b771,PDW,oe:player:eec9551ee8ca36e4892be7901f79ec2,Dawidsonek,mid,Nasus,oe:player:73ac73edf51a3acdfa494e271c6ee29,Ryze,mid:Nasus,lineup-6f5844aa4e991672,0,1567.00000000,26.11666667,1,5,1,0.40000000,8955.00000000,14259.00000000,208,545.97319719,0.22533404,0.32568923,21,0.80408424,0.50000000,-1535.00000000,-1326.00000000,-35.00000000,4,out_of_time,387.68494069,444.79187933,161.18151241,0.98204970,2021-07-14
pg-1648663f48c1f38e,ESPORTSTMNT03_2050728,2021-07-27T17:25:06,2021-07-27,2021,Unknown,1,11.15,Red,oe:team:1158ec5b08f516ca81868bc48293989,Team ESCA Gaming,oe:team:d2628b4f33cdc631c1fc42be5d2b771,PDW,oe:player:e1ddc411cd92f26392b707a48e5c700,marlon,sup,Thresh,oe:player:1f111e88abd984a347713f070de73e3,Nautilus,sup:Thresh,lineup-6f5844aa4e991672,0,1567.00000000,26.11666667,0,4,3,0.75000000,5161.00000000,3495.00000000,31,133.82259094,0.12986588,0.07982915,58,2.22080408,0.75000000,-312.00000000,111.00000000,-5.00000000,4,out_of_time,84.50967935,142.93212766,76.47042949,0.64486249,2021-07-14
pg-cad759112e6f96da,ESPORTSTMNT03_2050728,2021-07-27T17:25:06,2021-07-27,2021,Unknown,1,11.15,Red,oe:team:1158ec5b08f516ca81868bc48293989,Team ESCA Gaming,oe:team:d2628b4f33cdc631c1fc42be5d2b771,PDW,oe:player:455527eab48df51aaf02979e65dd651,Jaqen,top,Gwen,oe:player:cb5feb1b7314637725a2e73bdc9f729,Camille,top:Gwen,lineup-6f5844aa4e991672,0,1567.00000000,26.11666667,0,2,1,0.50000000,8453.00000000,7699.00000000,211,294.79259732,0.21270225,0.17585254,23,0.88066369,0.25000000,-883.00000000,-438.00000000,-9.00000000,4,out_of_time,338.92233684,393.88482654,156.33881912,-0.28226988,2021-07-14
pg-0c132d1569b5b7bc,ESPORTSTMNT03_2050748,2021-07-27T18:14:35,2021-07-27,2021,Unknown,1,11.15,Blue,oe:team:d2628b4f33cdc631c1fc42be5d2b771,PDW,oe:team:1158ec5b08f516ca81868bc48293989,Team ESCA Gaming,oe:player:7705566e63eedc7bd6c4c72d43c9104,odi11,bot,Tristana,oe:player:3d022fcafe5af9f52df92b17c015fe6,Ezreal,bot:Tristana,lineup-449ab01c69a3adca,1,1657.00000000,27.61666667,9,3,7,5.33333333,14253.00000000,12485.00000000,225,452.08207604,0.25168194,0.22263236,21,0.76041038,0.69565217,586.00000000,-509.00000000,-15.00000000,4,out_of_time,504.54054861,500.47725493,198.61324495,-0.26412374,2021-07-14
pg-c16dac4197eb70bc,ESPORTSTMNT03_2050748,2021-07-27T18:14:35,2021-07-27,2021,Unknown,1,11.15,Blue,oe:team:d2628b4f33cdc631c1fc42be5d2b771,PDW,oe:team:1158ec5b08f516ca81868bc48293989,Team ESCA Gaming,oe:player:7471c21aed615dae3e49140eca8ce89,Bruness,jng,Xin Zhao,oe:player:4c56aef4b6fee236568a5769a8328aa,Lee Sin,jng:Xin Zhao,lineup-449ab01c69a3adca,1,1657.00000000,27.61666667,3,2,14,8.50000000,10571.00000000,10784.00000000,142,390.48883524,0.18666455,0.19230015,45,1.62945081,0.73913043,1221.00000000,-206.00000000,6.00000000,4,out_of_time,351.34004561,296.66496629,125.49212557,0.31196212,2021-07-14
pg-50211ec1786c7608,ESPORTSTMNT03_2050748,2021-07-27T18:14:35,2021-07-27,2021,Unknown,1,11.15,Blue,oe:team:d2628b4f33cdc631c1fc42be5d2b771,PDW,oe:team:1158ec5b08f516ca81868bc48293989,Team ESCA Gaming,oe:player:73ac73edf51a3acdfa494e271c6ee29,Czajek,mid,Ziggs,oe:player:eec9551ee8ca36e4892be7901f79ec2,Viktor,mid:Ziggs,lineup-449ab01c69a3adca,1,1657.00000000,27.61666667,8,1,8,16.00000000,13449.00000000,20561.00000000,246,744.51418226,0.23748477,0.36664349,37,1.33977067,0.69565217,1554.00000000,-196.00000000,6.00000000,4,out_of_time,479.56429762,444.79187933,161.18151241,1.64379823,2021-07-14
pg-8cbdb3d5b90679d4,ESPORTSTMNT03_2050748,2021-07-27T18:14:35,2021-07-27,2021,Unknown,1,11.15,Blue,oe:team:d2628b4f33cdc631c1fc42be5d2b771,PDW,oe:team:1158ec5b08f516ca81868bc48293989,Team ESCA Gaming,oe:player:1f111e88abd984a347713f070de73e3,kubYD,sup,Leona,oe:player:e1ddc411cd92f26392b707a48e5c700,Nautilus,sup:Leona,lineup-449ab01c69a3adca,1,1657.00000000,27.61666667,1,4,13,3.50000000,7391.00000000,3362.00000000,27,121.73808087,0.13051156,0.05995114,69,2.49849125,0.60869565,203.00000000,-152.00000000,-3.00000000,4,out_of_time,179.56855041,142.93212766,76.47042949,-0.75624617,2021-07-14
pg-8f164962366077f3,ESPORTSTMNT03_2050748,2021-07-27T18:14:35,2021-07-27,2021,Unknown,1,11.15,Blue,oe:team:d2628b4f33cdc631c1fc42be5d2b771,PDW,oe:team:1158ec5b08f516ca81868bc48293989,Team ESCA Gaming,oe:player:cb5feb1b7314637725a2e73bdc9f729,Color,top,Gnar,oe:player:455527eab48df51aaf02979e65dd651,Malphite,top:Gnar,lineup-449ab01c69a3adca,1,1657.00000000,27.61666667,2,1,10,12.00000000,10967.00000000,8887.00000000,192,321.79843090,0.19365718,0.15847287,36,1.30356065,0.52173913,594.00000000,977.00000000,10.00000000,4,out_of_time,450.19582943,393.88482654,156.33881912,-0.82127650,2021-07-14
pg-56100a3543cb56e8,ESPORTSTMNT03_2050748,2021-07-27T18:14:35,2021-07-27,2021,Unknown,1,11.15,Red,oe:team:1158ec5b08f516ca81868bc48293989,Team ESCA Gaming,oe:team:d2628b4f33cdc631c1fc42be5d2b771,PDW,oe:player:3d022fcafe5af9f52df92b17c015fe6,HARPOON,bot,Ezreal,oe:player:7705566e63eedc7bd6c4c72d43c9104,Tristana,bot:Ezreal,lineup-6f5844aa4e991672,0,1657.00000000,27.61666667,5,2,3,4.00000000,11786.00000000,14625.00000000,230,529.57151479,0.26932657,0.29930010,15,0.54315027,0.72727273,-586.00000000,509.00000000,15.00000000,4,out_of_time,497.99019449,500.47725493,198.61324495,0.15900914,2021-07-14
pg-f74236bdfa1b6fff,ESPORTSTMNT03_2050748,2021-07-27T18:14:35,2021-07-27,2021,Unknown,1,11.15,Red,oe:team:1158ec5b08f516ca81868bc48293989,Team ESCA Gaming,oe:team:d2628b4f33cdc631c1fc42be5d2b771,PDW,oe:player:4c56aef4b6fee236568a5769a8328aa,Xeonerr,jng,Lee Sin,oe:player:7471c21aed615dae3e49140eca8ce89,Xin Zhao,jng:Lee Sin,lineup-6f5844aa4e991672,0,1657.00000000,27.61666667,2,5,4,1.20000000,6931.00000000,7424.00000000,104,268.82317441,0.15838304,0.15193189,23,0.83283042,0.54545455,-1221.00000000,206.00000000,-6.00000000,4,out_of_time,232.32460959,296.66496629,125.49212557,0.29084347,2021-07-14
pg-b943a757fcf9e140,ESPORTSTMNT03_2050748,2021-07-27T18:14:35,2021-07-27,2021,Unknown,1,11.15,Red,oe:team:1158ec5b08f516ca81868bc48293989,Team ESCA Gaming,oe:team:d2628b4f33cdc631c1fc42be5d2b771,PDW,oe:player:eec9551ee8ca36e4892be7901f79ec2,Dawidsonek,mid,Viktor,oe:player:73ac73edf51a3acdfa494e271c6ee29,Ziggs,mid:Viktor,lineup-6f5844aa4e991672,0,1657.00000000,27.61666667,1,5,4,1.00000000,9641.00000000,14068.00000000,237,509.40253470,0.22031032,0.28790111,15,0.54315027,0.45454545,-1554.00000000,196.00000000,-6.00000000,4,out_of_time,471.62092487,444.79187933,161.18151241,0.23440412,2021-07-14
pg-4618755e15e1eb70,ESPORTSTMNT03_2050748,2021-07-27T18:14:35,2021-07-27,2021,Unknown,1,11.15,Red,oe:team:1158ec5b08f516ca81868bc48293989,Team ESCA Gaming,oe:team:d2628b4f33cdc631c1fc42be5d2b771,PDW,oe:player:e1ddc411cd92f26392b707a48e5c700,marlon,sup,Nautilus,oe:player:1f111e88abd984a347713f070de73e3,Leona,sup:Nautilus,lineup-6f5844aa4e991672,0,1657.00000000,27.61666667,0,6,7,1.16666667,5876.00000000,3783.00000000,36,136.98249849,0.13427481,0.07741896,51,1.84671092,0.63636364,-203.00000000,152.00000000,3.00000000,4,out_of_time,98.02726463,142.93212766,76.47042949,0.50941565,2021-07-14
pg-7fc8e396a51ef8d2,ESPORTSTMNT03_2050748,2021-07-27T18:14:35,2021-07-27,2021,Unknown,1,11.15,Red,oe:team:1158ec5b08f516ca81868bc48293989,Team ESCA Gaming,oe:team:d2628b4f33cdc631c1fc42be5d2b771,PDW,oe:player:455527eab48df51aaf02979e65dd651,Jaqen,top,Malphite,oe:player:cb5feb1b7314637725a2e73bdc9f729,Gnar,top:Malphite,lineup-6f5844aa4e991672,0,1657.00000000,27.61666667,3,5,2,1.00000000,9527.00000000,8964.00000000,167,324.58660229,0.21770526,0.18344794,14,0.50694025,0.45454545,-594.00000000,-977.00000000,-10.00000000,4,out_of_time,305.32111209,393.88482654,156.33881912,0.12322909,2021-07-14
pg-841309f4fdbb3d1c,ESPORTSTMNT03_2071075,2021-07-28T14:43:54,2021-07-28,2021,Unknown,1,11.15,Blue,oe:team:6cedba5819b5b7c465cb3bb48bfe855,Illuminar Gaming,oe:team:73f3cc4e54620b1454530648442e066,K1CK,oe:player:694ee794a9d3a8c3fbd658becb89769,Zamulek,bot,Ziggs,oe:player:b4a352b2b8782a2bb21bce1a2f47645,Miss Fortune,bot:Ziggs,lineup-3c3e1664e86dfbcc,0,1858.00000000,30.96666667,2,2,5,3.50000000,11177.00000000,24645.00000000,239,795.85575888,0.23818860,0.29653828,22,0.71044133,0.58333333,-2193.00000000,-280.00000000,-22.00000000,4,out_of_time,445.17400629,500.47725493,198.61324495,1.76565139,2021-07-14
pg-4de87ac057a201fb,ESPORTSTMNT03_2071075,2021-07-28T14:43:54,2021-07-28,2021,Unknown,1,11.15,Blue,oe:team:6cedba5819b5b7c465cb3bb48bfe855,Illuminar Gaming,oe:team:73f3cc4e54620b1454530648442e066,K1CK,oe:player:243afb63fb97e1791ffee0cec41ecdf,Krysia,jng,Xin Zhao,oe:player:752b048c76633399b04f6e87a8b211c,Lee Sin,jng:Xin Zhao,lineup-3c3e1664e86dfbcc,0,1858.00000000,30.96666667,5,7,5,1.42857143,10159.00000000,18289.00000000,153,590.60279871,0.21649441,0.22006040,28,0.90419806,0.83333333,-897.00000000,-476.00000000,-19.00000000,4,out_of_time,292.94823164,296.66496629,125.49212557,2.37189836,2021-07-14
pg-ed98e9d3091fa5b5,ESPORTSTMNT03_2071075,2021-07-28T14:43:54,2021-07-28,2021,Unknown,1,11.15,Blue,oe:team:6cedba5819b5b7c465cb3bb48bfe855,Illuminar Gaming,oe:team:73f3cc4e54620b1454530648442e066,K1CK,oe:player:7e33124e33721ef8f70d2dd843b57da,ESCIK,mid,Sett,oe:player:be4ce50af0cd0d8574aa3820c37d1ae,LeBlanc,mid:Sett,lineup-3c3e1664e86dfbcc,0,1858.00000000,30.96666667,1,7,4,0.71428571,8928.00000000,19383.00000000,191,625.93110872,0.19026105,0.23322384,28,0.90419806,0.41666667,-663.00000000,-773.00000000,-27.00000000,4,out_of_time,395.58590166,444.79187933,161.18151241,1.42910439,2021-07-14
pg-088458094ff7dfa7,ESPORTSTMNT03_2071075,2021-07-28T14:43:54,2021-07-28,2021,Unknown,1,11.15,Blue,oe:team:6cedba5819b5b7c465cb3bb48bfe855,Illuminar Gaming,oe:team:73f3cc4e54620b1454530648442e066,K1CK,oe:player:e0357bd3e9e044c623fbc77cc985cd7,xCharm,sup,Leona,oe:player:84bd988294f5dd9ae9a499abf6524a0,Alistar,sup:Leona,lineup-3c3e1664e86dfbcc,0,1858.00000000,30.96666667,1,5,8,1.80000000,7048.00000000,4922.00000000,31,158.94510226,0.15019712,0.05922343,67,2.16361679,0.75000000,-162.00000000,-978.00000000,-11.00000000,4,out_of_time,117.53588953,142.93212766,76.47042949,0.54150621,2021-07-14
pg-1740e0744ce44f12,ESPORTSTMNT03_2071075,2021-07-28T14:43:54,2021-07-28,2021,Unknown,1,11.15,Blue,oe:team:6cedba5819b5b7c465cb3bb48bfe855,Illuminar Gaming,oe:team:73f3cc4e54620b1454530648442e066,K1CK,oe:player:298b3a3324ca8d42c20518481cab844,LEQINHO6,top,Camille,oe:player:1f8b2df4c6ee43a1c1dc29817c0a201,Renekton,top:Camille,lineup-3c3e1664e86dfbcc,0,1858.00000000,30.96666667,3,5,3,1.20000000,9613.00000000,15870.00000000,198,512.48654467,0.20485882,0.19095405,22,0.71044133,0.50000000,-248.00000000,120.00000000,-18.00000000,4,out_of_time,422.86211946,393.88482654,156.33881912,0.57327045,2021-07-14
pg-3b91622918e72198,ESPORTSTMNT03_2071075,2021-07-28T14:43:54,2021-07-28,2021,Unknown,1,11.15,Red,oe:team:73f3cc4e54620b1454530648442e066,K1CK,oe:team:6cedba5819b5b7c465cb3bb48bfe855,Illuminar Gaming,oe:player:b4a352b2b8782a2bb21bce1a2f47645,Puki Style,bot,Miss Fortune,oe:player:694ee794a9d3a8c3fbd658becb89769,Ziggs,bot:Miss Fortune,lineup-61a9b3fcfcd532f8,1,1858.00000000,30.96666667,8,3,10,6.00000000,16722.00000000,28066.00000000,308,906.32938644,0.26739798,0.25656824,60,1.93756728,0.69230769,2193.00000000,280.00000000,22.00000000,4,out_of_time,450.76375610,500.47725493,198.61324495,2.29373238,2021-07-14
pg-fe6e08435254b63f,ESPORTSTMNT03_2071075,2021-07-28T14:43:54,2021-07-28,2021,Unknown,1,11.15,Red,oe:team:73f3cc4e54620b1454530648442e066,K1CK,oe:team:6cedba5819b5b7c465cb3bb48bfe855,Illuminar Gaming,oe:player:752b048c76633399b04f6e87a8b211c,Stefan,jng,Lee Sin,oe:player:243afb63fb97e1791ffee0cec41ecdf,Xin Zhao,jng:Lee Sin,lineup-61a9b3fcfcd532f8,1,1858.00000000,30.96666667,9,4,12,5.25000000,13513.00000000,19427.00000000,174,627.35199139,0.21608354,0.17759393,53,1.71151776,0.80769231,897.00000000,476.00000000,19.00000000,4,out_of_time,268.66624340,296.66496629,125.49212557,2.85823311,2021-07-14
pg-042b0636874909cc,ESPORTSTMNT03_2071075,2021-07-28T14:43:54,2021-07-28,2021,Unknown,1,11.15,Red,oe:team:73f3cc4e54620b1454530648442e066,K1CK,oe:team:6cedba5819b5b7c465cb3bb48bfe855,Illuminar Gaming,oe:player:be4ce50af0cd0d8574aa3820c37d1ae,Matislaw,mid,LeBlanc,oe:player:7e33124e33721ef8f70d2dd843b57da,Sett,mid:LeBlanc,lineup-61a9b3fcfcd532f8,1,1858.00000000,30.96666667,1,1,9,10.00000000,10225.00000000,25105.00000000,206,810.71044133,0.16350582,0.22949995,41,1.32400431,0.38461538,663.00000000,773.00000000,27.00000000,4,out_of_time,446.42688399,444.79187933,161.18151241,2.26008276,2021-07-14
pg-8844596de02a5382,ESPORTSTMNT03_2071075,2021-07-28T14:43:54,2021-07-28,2021,Unknown,1,11.15,Red,oe:team:73f3cc4e54620b1454530648442e066,K1CK,oe:team:6cedba5819b5b7c465cb3bb48bfe855,Illuminar Gaming,oe:player:84bd988294f5dd9ae9a499abf6524a0,Raxxo,sup,Alistar,oe:player:e0357bd3e9e044c623fbc77cc985cd7,Leona,sup:Alistar,lineup-61a9b3fcfcd532f8,1,1858.00000000,30.96666667,1,3,23,8.00000000,8466.00000000,8521.00000000,45,275.16684607,0.13537802,0.07789560,70,2.26049516,0.92307692,162.00000000,978.00000000,11.00000000,4,out_of_time,128.41571701,142.93212766,76.47042949,1.91905721,2021-07-14
pg-7956b892a263ebeb,ESPORTSTMNT03_2071075,2021-07-28T14:43:54,2021-07-28,2021,Unknown,1,11.15,Red,oe:team:73f3cc4e54620b1454530648442e066,K1CK,oe:team:6cedba5819b5b7c465cb3bb48bfe855,Illuminar Gaming,oe:player:1f8b2df4c6ee43a1c1dc29817c0a201,Sacre,top,Renekton,oe:player:298b3a3324ca8d42c20518481cab844,Camille,top:Renekton,lineup-61a9b3fcfcd532f8,1,1858.00000000,30.96666667,7,2,13,10.00000000,13610.00000000,28271.00000000,239,912.94940797,0.21763464,0.25844227,43,1.38858988,0.76923077,248.00000000,-120.00000000,18.00000000,4,out_of_time,316.10619117,393.88482654,156.33881912,3.81762649,2021-07-14
pg-46b2462f18913196,ESPORTSTMNT03_2071132,2021-07-28T15:55:16,2021-07-28,2021,Unknown,1,11.15,Blue,oe:team:73f3cc4e54620b1454530648442e066,K1CK,oe:team:6cedba5819b5b7c465cb3bb48bfe855,Illuminar Gaming,oe:player:b4a352b2b8782a2bb21bce1a2f47645,Puki Style,bot,Varus,oe:player:694ee794a9d3a8c3fbd658becb89769,Aphelios,bot:Varus,lineup-61a9b3fcfcd532f8,0,2446.00000000,40.76666667,1,6,5,1.00000000,13979.00000000,24844.00000000,310,609.41946034,0.20982558,0.25939693,68,1.66802944,0.66666667,-300.00000000,-382.00000000,-5.00000000,4,out_of_time,509.55851725,500.47725493,198.61324495,0.50279095,2021-07-14
pg-8eac77729262cf00,ESPORTSTMNT03_2071132,2021-07-28T15:55:16,2021-07-28,2021,Unknown,1,11.15,Blue,oe:team:73f3cc4e54620b1454530648442e066,K1CK,oe:team:6cedba5819b5b7c465cb3bb48bfe855,Illuminar Gaming,oe:player:752b048c76633399b04f6e87a8b211c,Stefan,jng,Lee Sin,oe:player:243afb63fb97e1791ffee0cec41ecdf,Lillia,jng:Lee Sin,lineup-61a9b3fcfcd532f8,0,2446.00000000,40.76666667,3,2,3,3.00000000,13016.00000000,13124.00000000,227,321.92968111,0.19537090,0.13702807,59,1.44726083,0.66666667,601.00000000,247.00000000,12.00000000,4,out_of_time,279.08503244,296.66496629,125.49212557,0.34141304,2021-07-14
pg-b467ac772e0a571d,ESPORTSTMNT03_2071132,2021-07-28T15:55:16,2021-07-28,2021,Unknown,1,11.15,Blue,oe:team:73f3cc4e54620b1454530648442e066,K1CK,oe:team:6cedba5819b5b7c465cb3bb48bfe855,Illuminar Gaming,oe:player:be4ce50af0cd0d8574aa3820c37d1ae,Matislaw,mid,Corki,oe:player:7e33124e33721ef8f70d2dd843b57da,Orianna,mid:Corki,lineup-61a9b3fcfcd532f8,0,2446.00000000,40.76666667,5,4,0,1.25000000,17796.00000000,26610.00000000,379,652.73916599,0.26711897,0.27783578,59,1.44726083,0.55555556,-92.00000000,-548.00000000,0.00000000,4,out_of_time,463.48439192,444.79187933,161.18151241,1.17417172,2021-07-14
pg-b141f0821b9a4fd0,ESPORTSTMNT03_2071132,2021-07-28T15:55:16,2021-07-28,2021,Unknown,1,11.15,Blue,oe:team:73f3cc4e54620b1454530648442e066,K1CK,oe:team:6cedba5819b5b7c465cb3bb48bfe855,Illuminar Gaming,oe:player:84bd988294f5dd9ae9a499abf6524a0,Raxxo,sup,Braum,oe:player:e0357bd3e9e044c623fbc77cc985cd7,Thresh,sup:Braum,lineup-61a9b3fcfcd532f8,0,2446.00000000,40.76666667,0,5,3,0.60000000,8338.00000000,6428.00000000,47,157.67784137,0.12515385,0.06711493,121,2.96811120,0.33333333,170.00000000,92.00000000,0.00000000,4,out_of_time,139.84909640,142.93212766,76.47042949,0.23314561,2021-07-14
pg-76c1246945a3dbee,ESPORTSTMNT03_2071132,2021-07-28T15:55:16,2021-07-28,2021,Unknown,1,11.15,Blue,oe:team:73f3cc4e54620b1454530648442e066,K1CK,oe:team:6cedba5819b5b7c465cb3bb48bfe855,Illuminar Gaming,oe:player:1f8b2df4c6ee43a1c1dc29817c0a201,Sacre,top,Dr. Mundo,oe:player:298b3a3324ca8d42c20518481cab844,Fiora,top:Dr. Mundo,lineup-61a9b3fcfcd532f8,0,2446.00000000,40.76666667,0,0,3,3.00000000,13493.00000000,24770.00000000,302,607.60425184,0.20253070,0.25862429,45,1.10384301,0.33333333,-560.00000000,-931.00000000,-8.00000000,4,out_of_time,375.24770225,393.88482654,156.33881912,1.48623708,2021-07-14
pg-a3c8abf95eee9c7a,ESPORTSTMNT03_2071132,2021-07-28T15:55:16,2021-07-28,2021,Unknown,1,11.15,Red,oe:team:6cedba5819b5b7c465cb3bb48bfe855,Illuminar Gaming,oe:team:73f3cc4e54620b1454530648442e066,K1CK,oe:player:694ee794a9d3a8c3fbd658becb89769,Zamulek,bot,Aphelios,oe:player:b4a352b2b8782a2bb21bce1a2f47645,Varus,bot:Aphelios,lineup-3c3e1664e86dfbcc,1,2446.00000000,40.76666667,3,3,3,2.00000000,16134.00000000,18735.00000000,356,459.56663941,0.22613425,0.19540254,42,1.03025348,0.37500000,300.00000000,382.00000000,5.00000000,4,out_of_time,474.33256023,500.47725493,198.61324495,-0.07434510,2021-07-14
pg-077ebd9329d72708,ESPORTSTMNT03_2071132,2021-07-28T15:55:16,2021-07-28,2021,Unknown,1,11.15,Red,oe:team:6cedba5819b5b7c465cb3bb48bfe855,Illuminar Gaming,oe:team:73f3cc4e54620b1454530648442e066,K1CK,oe:player:243afb63fb97e1791ffee0cec41ecdf,Krysia,jng,Lillia,oe:player:752b048c76633399b04f6e87a8b211c,Lee Sin,jng:Lillia,lineup-3c3e1664e86dfbcc,1,2446.00000000,40.76666667,3,2,5,4.00000000,12907.00000000,23290.00000000,231,571.30008177,0.18090459,0.24291033,62,1.52085037,0.50000000,-601.00000000,-247.00000000,-12.00000000,4,out_of_time,304.92508368,296.66496629,125.49212557,2.12264313,2021-07-14
pg-69245e639b5cc342,ESPORTSTMNT03_2071132,2021-07-28T15:55:16,2021-07-28,2021,Unknown,1,11.15,Red,oe:team:6cedba5819b5b7c465cb3bb48bfe855,Illuminar Gaming,oe:team:73f3cc4e54620b1454530648442e066,K1CK,oe:player:7e33124e33721ef8f70d2dd843b57da,ESCIK,mid,Orianna,oe:player:be4ce50af0cd0d8574aa3820c37d1ae,Corki,mid:Orianna,lineup-3c3e1664e86dfbcc,1,2446.00000000,40.76666667,5,1,7,12.00000000,15877.00000000,30478.00000000,323,747.62060507,0.22253213,0.31787983,43,1.05478332,0.75000000,92.00000000,548.00000000,0.00000000,4,out_of_time,409.50252149,444.79187933,161.18151241,2.09774731,2021-07-14
pg-792f0e1907dab0a1,ESPORTSTMNT03_2071132,2021-07-28T15:55:16,2021-07-28,2021,Unknown,1,11.15,Red,oe:team:6cedba5819b5b7c465cb3bb48bfe855,Illuminar Gaming,oe:team:73f3cc4e54620b1454530648442e066,K1CK,oe:player:e0357bd3e9e044c623fbc77cc985cd7,xCharm,sup,Thresh,oe:player:84bd988294f5dd9ae9a499abf6524a0,Braum,sup:Thresh,lineup-3c3e1664e86dfbcc,1,2446.00000000,40.76666667,0,3,5,1.66666667,8287.00000000,2260.00000000,41,55.43744890,0.11615064,0.02357138,121,2.96811120,0.31250000,-170.00000000,-92.00000000,0.00000000,4,out_of_time,100.48677089,142.93212766,76.47042949,-0.58910774,2021-07-14
pg-44f1db021f2e160f,ESPORTSTMNT03_2071132,2021-07-28T15:55:16,2021-07-28,2021,Unknown,1,11.15,Red,oe:team:6cedba5819b5b7c465cb3bb48bfe855,Illuminar Gaming,oe:team:73f3cc4e54620b1454530648442e066,K1CK,oe:player:298b3a3324ca8d42c20518481cab844,LEQINHO6,top,Fiora,oe:player:1f8b2df4c6ee43a1c1dc29817c0a201,Dr. Mundo,top:Fiora,lineup-3c3e1664e86dfbcc,1,2446.00000000,40.76666667,5,0,3,8.00000000,18142.00000000,21116.00000000,342,517.97219951,0.25427839,0.22023592,37,0.90760425,0.50000000,560.00000000,931.00000000,8.00000000,4,out_of_time,364.40465498,393.88482654,156.33881912,0.98227392,2021-07-14
pg-6d76f80dfad2f221,ESPORTSTMNT03_2071172,2021-07-28T17:08:21,2021-07-28,2021,Unknown,1,11.15,Blue,oe:team:6cedba5819b5b7c465cb3bb48bfe855,Illuminar Gaming,oe:team:73f3cc4e54620b1454530648442e066,K1CK,oe:player:694ee794a9d3a8c3fbd658becb89769,Zamulek,bot,Tristana,oe:player:b4a352b2b8782a2bb21bce1a2f47645,Ezreal,bot:Tristana,lineup-3c3e1664e86dfbcc,0,2004.00000000,33.40000000,4,2,0,2.00000000,13396.00000000,16925.00000000,294,506.73652695,0.24806029,0.27924435,45,1.34730539,0.36363636,386.00000000,309.00000000,9.00000000,4,out_of_time,446.14873464,500.47725493,198.61324495,0.30505414,2021-07-14
pg-7a1c1cdf8a3ac1d1,ESPORTSTMNT03_2071172,2021-07-28T17:08:21,2021-07-28,2021,Unknown,1,11.15,Blue,oe:team:6cedba5819b5b7c465cb3bb48bfe855,Illuminar Gaming,oe:team:73f3cc4e54620b1454530648442e066,K1CK,oe:player:243afb63fb97e1791ffee0cec41ecdf,Krysia,jng,Viego,oe:player:752b048c76633399b04f6e87a8b211c,Lee Sin,jng:Viego,lineup-3c3e1664e86dfbcc,0,2004.00000000,33.40000000,3,1,6,9.00000000,11274.00000000,10476.00000000,171,313.65269461,0.20876618,0.17284277,42,1.25748503,0.81818182,464.00000000,224.00000000,-9.00000000,4,out_of_time,293.04254766,296.66496629,125.49212557,0.16423458,2021-07-14
pg-6ebb4230dcae5f61,ESPORTSTMNT03_2071172,2021-07-28T17:08:21,2021-07-28,2021,Unknown,1,11.15,Blue,oe:team:6cedba5819b5b7c465cb3bb48bfe855,Illuminar Gaming,oe:team:73f3cc4e54620b1454530648442e066,K1CK,oe:player:7e33124e33721ef8f70d2dd843b57da,ESCIK,mid,Orianna,oe:player:be4ce50af0cd0d8574aa3820c37d1ae,Syndra,mid:Orianna,lineup-3c3e1664e86dfbcc,0,2004.00000000,33.40000000,2,3,8,3.33333333,11660.00000000,19855.00000000,247,594.46107784,0.21591393,0.32758621,42,1.25748503,0.90909091,308.00000000,-81.00000000,-14.00000000,4,out_of_time,428.20241356,444.79187933,161.18151241,1.03149959,2021-07-14
pg-41e9a7311d184e11,ESPORTSTMNT03_2071172,2021-07-28T17:08:21,2021-07-28,2021,Unknown,1,11.15,Blue,oe:team:6cedba5819b5b7c465cb3bb48bfe855,Illuminar Gaming,oe:team:73f3cc4e54620b1454530648442e066,K1CK,oe:player:e0357bd3e9e044c623fbc77cc985cd7,xCharm,sup,Braum,oe:player:84bd988294f5dd9ae9a499abf6524a0,Alistar,sup:Braum,lineup-3c3e1664e86dfbcc,0,2004.00000000,33.40000000,0,4,7,1.75000000,6529.00000000,4268.00000000,33,127.78443114,0.12090069,0.07041742,71,2.12574850,0.63636364,-662.00000000,-452.00000000,-1.00000000,4,out_of_time,138.24390438,142.93212766,76.47042949,-0.13677801,2021-07-14
pg-934043c298f86b43,ESPORTSTMNT03_2071172,2021-07-28T17:08:21,2021-07-28,2021,Unknown,1,11.15,Blue,oe:team:6cedba5819b5b7c465cb3bb48bfe855,Illuminar Gaming,oe:team:73f3cc4e54620b1454530648442e066,K1CK,oe:player:298b3a3324ca8d42c20518481cab844,LEQINHO6,top,Renekton,oe:player:1f8b2df4c6ee43a1c1dc29817c0a201,Gnar,top:Renekton,lineup-3c3e1664e86dfbcc,0,2004.00000000,33.40000000,2,3,2,1.33333333,11144.00000000,9086.00000000,234,272.03592814,0.20635891,0.14990926,33,0.98802395,0.36363636,104.00000000,896.00000000,10.00000000,4,out_of_time,302.41206876,393.88482654,156.33881912,-0.19429685,2021-07-14
pg-dfdd089409cafcd2,ESPORTSTMNT03_2071172,2021-07-28T17:08:21,2021-07-28,2021,Unknown,1,11.15,Red,oe:team:73f3cc4e54620b1454530648442e066,K1CK,oe:team:6cedba5819b5b7c465cb3bb48bfe855,Illuminar Gaming,oe:player:b4a352b2b8782a2bb21bce1a2f47645,Puki Style,bot,Ezreal,oe:player:694ee794a9d3a8c3fbd658becb89769,Tristana,bot:Ezreal,lineup-61a9b3fcfcd532f8,1,2004.00000000,33.40000000,4,1,4,8.00000000,14185.00000000,24167.00000000,279,723.56287425,0.23624736,0.26731633,56,1.67664671,0.61538462,-386.00000000,-309.00000000,-9.00000000,4,out_of_time,534.33182829,500.47725493,198.61324495,0.95276146,2021-07-14
pg-64cda930b73e7f20,ESPORTSTMNT03_2071172,2021-07-28T17:08:21,2021-07-28,2021,Unknown,1,11.15,Red,oe:team:73f3cc4e54620b1454530648442e066,K1CK,oe:team:6cedba5819b5b7c465cb3bb48bfe855,Illuminar Gaming,oe:player:752b048c76633399b04f6e87a8b211c,Stefan,jng,Lee Sin,oe:player:243afb63fb97e1791ffee0cec41ecdf,Viego,jng:Lee Sin,lineup-61a9b3fcfcd532f8,1,2004.00000000,33.40000000,1,4,5,1.50000000,10090.00000000,9018.00000000,155,270.00000000,0.16804623,0.09975002,41,1.22754491,0.46153846,-464.00000000,-224.00000000,9.00000000,4,out_of_time,284.09749022,296.66496629,125.49212557,-0.11233765,2021-07-14
pg-9e9a57352645d588,ESPORTSTMNT03_2071172,2021-07-28T17:08:21,2021-07-28,2021,Unknown,1,11.15,Red,oe:team:73f3cc4e54620b1454530648442e066,K1CK,oe:team:6cedba5819b5b7c465cb3bb48bfe855,Illuminar Gaming,oe:player:be4ce50af0cd0d8574aa3820c37d1ae,Matislaw,mid,Syndra,oe:player:7e33124e33721ef8f70d2dd843b57da,Orianna,mid:Syndra,lineup-61a9b3fcfcd532f8,1,2004.00000000,33.40000000,3,3,7,3.33333333,12593.00000000,25120.00000000,242,752.09580838,0.20973302,0.27785766,41,1.22754491,0.76923077,-308.00000000,81.00000000,14.00000000,4,out_of_time,456.67079250,444.79187933,161.18151241,1.83287160,2021-07-14
pg-0fe52f6de1a29f02,ESPORTSTMNT03_2071172,2021-07-28T17:08:21,2021-07-28,2021,Unknown,1,11.15,Red,oe:team:73f3cc4e54620b1454530648442e066,K1CK,oe:team:6cedba5819b5b7c465cb3bb48bfe855,Illuminar Gaming,oe:player:84bd988294f5dd9ae9a499abf6524a0,Raxxo,sup,Alistar,oe:player:e0357bd3e9e044c623fbc77cc985cd7,Braum,sup:Alistar,lineup-61a9b3fcfcd532f8,1,2004.00000000,33.40000000,1,2,9,5.00000000,8674.00000000,6156.00000000,40,184.31137725,0.14446313,0.06809283,97,2.90419162,0.76923077,662.00000000,452.00000000,1.00000000,4,out_of_time,116.02521942,142.93212766,76.47042949,0.89297469,2021-07-14
pg-1bf389aeb7322cbd,ESPORTSTMNT03_2071172,2021-07-28T17:08:21,2021-07-28,2021,Unknown,1,11.15,Red,oe:team:73f3cc4e54620b1454530648442e066,K1CK,oe:team:6cedba5819b5b7c465cb3bb48bfe855,Illuminar Gaming,oe:player:1f8b2df4c6ee43a1c1dc29817c0a201,Sacre,top,Gnar,oe:player:298b3a3324ca8d42c20518481cab844,Renekton,top:Gnar,lineup-61a9b3fcfcd532f8,1,2004.00000000,33.40000000,4,1,6,10.00000000,14501.00000000,25945.00000000,242,776.79640719,0.24151025,0.28698316,42,1.25748503,0.76923077,-104.00000000,-896.00000000,-10.00000000,4,out_of_time,414.80817043,393.88482654,156.33881912,2.31540854,2021-07-14
pg-89a702c494432e09,ESPORTSTMNT03_2071187,2021-07-28T18:07:31,2021-07-28,2021,Unknown,1,11.15,Blue,oe:team:73f3cc4e54620b1454530648442e066,K1CK,oe:team:6cedba5819b5b7c465cb3bb48bfe855,Illuminar Gaming,oe:player:b4a352b2b8782a2bb21bce1a2f47645,Puki Style,bot,Miss Fortune,oe:player:694ee794a9d3a8c3fbd658becb89769,Varus,bot:Miss Fortune,lineup-61a9b3fcfcd532f8,0,2299.00000000,38.31666667,4,4,5,2.25000000,17378.00000000,16852.00000000,384,439.80861244,0.28308003,0.22238938,59,1.53979991,0.81818182,943.00000000,-318.00000000,10.00000000,4,out_of_time,471.44642117,500.47725493,198.61324495,-0.15929355,2021-07-14
pg-c533444b8c6558a9,ESPORTSTMNT03_2071187,2021-07-28T18:07:31,2021-07-28,2021,Unknown,1,11.15,Blue,oe:team:73f3cc4e54620b1454530648442e066,K1CK,oe:team:6cedba5819b5b7c465cb3bb48bfe855,Illuminar Gaming,oe:player:752b048c76633399b04f6e87a8b211c,Stefan,jng,Viego,oe:player:243afb63fb97e1791ffee0cec41ecdf,Lee Sin,jng:Viego,lineup-61a9b3fcfcd532f8,0,2299.00000000,38.31666667,3,3,5,2.66666667,11647.00000000,11968.00000000,199,312.34449761,0.18972454,0.15793710,57,1.48760331,0.72727273,-211.00000000,-39.00000000,-2.00000000,4,out_of_time,300.63521365,296.66496629,125.49212557,0.09330692,2021-07-14
pg-966041bdfd20c25d,ESPORTSTMNT03_2071187,2021-07-28T18:07:31,2021-07-28,2021,Unknown,1,11.15,Blue,oe:team:73f3cc4e54620b1454530648442e066,K1CK,oe:team:6cedba5819b5b7c465cb3bb48bfe855,Illuminar Gaming,oe:player:be4ce50af0cd0d8574aa3820c37d1ae,Matislaw,mid,Orianna,oe:player:7e33124e33721ef8f70d2dd843b57da,Viktor,mid:Orianna,lineup-61a9b3fcfcd532f8,0,2299.00000000,38.31666667,1,1,5,6.00000000,12488.00000000,26455.00000000,306,690.43062201,0.20342407,0.34911649,45,1.17442366,0.54545455,-171.00000000,921.00000000,11.00000000,4,out_of_time,434.84170342,444.79187933,161.18151241,1.58572106,2021-07-14
pg-307cca5492e18413,ESPORTSTMNT03_2071187,2021-07-28T18:07:31,2021-07-28,2021,Unknown,1,11.15,Blue,oe:team:73f3cc4e54620b1454530648442e066,K1CK,oe:team:6cedba5819b5b7c465cb3bb48bfe855,Illuminar Gaming,oe:player:84bd988294f5dd9ae9a499abf6524a0,Raxxo,sup,Thresh,oe:player:e0357bd3e9e044c623fbc77cc985cd7,Leona,sup:Thresh,lineup-61a9b3fcfcd532f8,0,2299.00000000,38.31666667,2,6,6,1.33333333,7716.00000000,4918.00000000,43,128.35145716,0.12569027,0.06490096,104,2.71422358,0.72727273,401.00000000,444.00000000,0.00000000,4,out_of_time,120.56903403,142.93212766,76.47042949,0.10177036,2021-07-14
pg-8234bbce061a7c28,ESPORTSTMNT03_2071187,2021-07-28T18:07:31,2021-07-28,2021,Unknown,1,11.15,Blue,oe:team:73f3cc4e54620b1454530648442e066,K1CK,oe:team:6cedba5819b5b7c465cb3bb48bfe855,Illuminar Gaming,oe:player:1f8b2df4c6ee43a1c1dc29817c0a201,Sacre,top,Sejuani,oe:player:298b3a3324ca8d42c20518481cab844,Camille,top:Sejuani,lineup-61a9b3fcfcd532f8,0,2299.00000000,38.31666667,1,3,7,2.66666667,12160.00000000,15584.00000000,265,406.71596346,0.19808109,0.20565607,43,1.12222706,0.72727273,-669.00000000,-831.00000000,-29.00000000,4,out_of_time,359.15125007,393.88482654,156.33881912,0.30424122,2021-07-14
pg-42d77366db02f8a6,ESPORTSTMNT03_2071187,2021-07-28T18:07:31,2021-07-28,2021,Unknown,1,11.15,Red,oe:team:6cedba5819b5b7c465cb3bb48bfe855,Illuminar Gaming,oe:team:73f3cc4e54620b1454530648442e066,K1CK,oe:player:694ee794a9d3a8c3fbd658becb89769,Zamulek,bot,Varus,oe:player:b4a352b2b8782a2bb21bce1a2f47645,Miss Fortune,bot:Varus,lineup-3c3e1664e86dfbcc,1,2299.00000000,38.31666667,3,2,7,5.00000000,14826.00000000,27242.00000000,317,710.96998695,0.21427952,0.29663748,70,1.82688125,0.58823529,-943.00000000,318.00000000,-10.00000000,4,out_of_time,480.20309441,500.47725493,198.61324495,1.16189075,2021-07-14
pg-d15894e728f0306f,ESPORTSTMNT03_2071187,2021-07-28T18:07:31,2021-07-28,2021,Unknown,1,11.15,Red,oe:team:6cedba5819b5b7c465cb3bb48bfe855,Illuminar Gaming,oe:team:73f3cc4e54620b1454530648442e066,K1CK,oe:player:243afb63fb97e1791ffee0cec41ecdf,Krysia,jng,Lee Sin,oe:player:752b048c76633399b04f6e87a8b211c,Viego,jng:Lee Sin,lineup-3c3e1664e86dfbcc,1,2299.00000000,38.31666667,5,2,9,7.00000000,13788.00000000,13309.00000000,226,347.34232275,0.19927735,0.14492138,54,1.40930839,0.82352941,211.00000000,39.00000000,2.00000000,4,out_of_time,276.50482423,296.66496629,125.49212557,0.56447764,2021-07-14
pg-4af0f2d2cde12bd4,ESPORTSTMNT03_2071187,2021-07-28T18:07:31,2021-07-28,2021,Unknown,1,11.15,Red,oe:team:6cedba5819b5b7c465cb3bb48bfe855,Illuminar Gaming,oe:team:73f3cc4e54620b1454530648442e066,K1CK,oe:player:7e33124e33721ef8f70d2dd843b57da,ESCIK,mid,Viktor,oe:player:be4ce50af0cd0d8574aa3820c37d1ae,Orianna,mid:Viktor,lineup-3c3e1664e86dfbcc,1,2299.00000000,38.31666667,6,0,6,12.00000000,16808.00000000,33205.00000000,332,866.59417138,0.24292528,0.36156845,34,0.88734232,0.70588235,171.00000000,-921.00000000,-11.00000000,4,out_of_time,500.05423660,444.79187933,161.18151241,2.27408174,2021-07-14
pg-a13efe20b4f0943f,ESPORTSTMNT03_2071187,2021-07-28T18:07:31,2021-07-28,2021,Unknown,1,11.15,Red,oe:team:6cedba5819b5b7c465cb3bb48bfe855,Illuminar Gaming,oe:team:73f3cc4e54620b1454530648442e066,K1CK,oe:player:e0357bd3e9e044c623fbc77cc985cd7,xCharm,sup,Leona,oe:player:84bd988294f5dd9ae9a499abf6524a0,Thresh,sup:Leona,lineup-3c3e1664e86dfbcc,1,2299.00000000,38.31666667,0,5,7,1.40000000,8269.00000000,4846.00000000,44,126.47237930,0.11951149,0.05276798,119,3.10569813,0.41176471,-401.00000000,-444.00000000,0.00000000,4,out_of_time,111.44931599,142.93212766,76.47042949,0.19645585,2021-07-14
pg-272f30261f99916b,ESPORTSTMNT03_2071187,2021-07-28T18:07:31,2021-07-28,2021,Unknown,1,11.15,Red,oe:team:6cedba5819b5b7c465cb3bb48bfe855,Illuminar Gaming,oe:team:73f3cc4e54620b1454530648442e066,K1CK,oe:player:298b3a3324ca8d42c20518481cab844,LEQINHO6,top,Camille,oe:player:1f8b2df4c6ee43a1c1dc29817c0a201,Sejuani,top:Camille,lineup-3c3e1664e86dfbcc,1,2299.00000000,38.31666667,3,2,4,3.50000000,15499.00000000,13234.00000000,319,345.38494998,0.22400636,0.14410471,61,1.59199652,0.41176471,669.00000000,831.00000000,29.00000000,4,out_of_time,401.71863890,393.88482654,156.33881912,-0.36033078,2021-07-14
pg-c713f15c117360df,ESPORTSTMNT03_2071203,2021-07-28T19:15:19,2021-07-28,2021,Unknown,1,11.15,Blue,oe:team:6cedba5819b5b7c465cb3bb48bfe855,Illuminar Gaming,oe:team:73f3cc4e54620b1454530648442e066,K1CK,oe:player:694ee794a9d3a8c3fbd658becb89769,Zamulek,bot,Ezreal,oe:player:b4a352b2b8782a2bb21bce1a2f47645,Kai'Sa,bot:Ezreal,lineup-3c3e1664e86dfbcc,1,2279.00000000,37.98333333,7,1,4,11.00000000,15542.00000000,27866.00000000,335,733.63756033,0.25010057,0.41799418,60,1.57964019,0.78571429,-29.00000000,-228.00000000,-1.00000000,4,out_of_time,538.52843408,500.47725493,198.61324495,0.98235707,2021-07-14
pg-25d922b65a05776b,ESPORTSTMNT03_2071203,2021-07-28T19:15:19,2021-07-28,2021,Unknown,1,11.15,Blue,oe:team:6cedba5819b5b7c465cb3bb48bfe855,Illuminar Gaming,oe:team:73f3cc4e54620b1454530648442e066,K1CK,oe:player:243afb63fb97e1791ffee0cec41ecdf,Krysia,jng,Lee Sin,oe:player:752b048c76633399b04f6e87a8b211c,Viego,jng:Lee Sin,lineup-3c3e1664e86dfbcc,1,2279.00000000,37.98333333,2,1,10,12.00000000,12603.00000000,8455.00000000,202,222.59763054,0.20280643,0.12682627,53,1.39534884,0.85714286,834.00000000,-174.00000000,-8.00000000,4,out_of_time,276.60392379,296.66496629,125.49212557,-0.43035603,2021-07-14
pg-1dbfae444394a8ad,ESPORTSTMNT03_2071203,2021-07-28T19:15:19,2021-07-28,2021,Unknown,1,11.15,Blue,oe:team:6cedba5819b5b7c465cb3bb48bfe855,Illuminar Gaming,oe:team:73f3cc4e54620b1454530648442e066,K1CK,oe:player:7e33124e33721ef8f70d2dd843b57da,ESCIK,mid,Orianna,oe:player:be4ce50af0cd0d8574aa3820c37d1ae,Syndra,mid:Orianna,lineup-3c3e1664e86dfbcc,1,2279.00000000,37.98333333,4,1,8,12.00000000,14961.00000000,19406.00000000,332,510.90829311,0.24075117,0.29109291,46,1.21105748,0.85714286,-236.00000000,-573.00000000,-4.00000000,4,out_of_time,428.20241356,444.79187933,161.18151241,0.51312262,2021-07-14
pg-2d2b0806cc03a96f,ESPORTSTMNT03_2071203,2021-07-28T19:15:19,2021-07-28,2021,Unknown,1,11.15,Blue,oe:team:6cedba5819b5b7c465cb3bb48bfe855,Illuminar Gaming,oe:team:73f3cc4e54620b1454530648442e066,K1CK,oe:player:e0357bd3e9e044c623fbc77cc985cd7,xCharm,sup,Leona,oe:player:84bd988294f5dd9ae9a499abf6524a0,Alistar,sup:Leona,lineup-3c3e1664e86dfbcc,1,2279.00000000,37.98333333,1,2,10,5.50000000,7852.00000000,3531.00000000,39,92.96182536,0.12635373,0.05296553,111,2.92233436,0.78571429,63.00000000,465.00000000,5.00000000,4,out_of_time,117.53588953,142.93212766,76.47042949,-0.32135381,2021-07-14
pg-80b3f9e738cd3cdf,ESPORTSTMNT03_2071203,2021-07-28T19:15:19,2021-07-28,2021,Unknown,1,11.15,Blue,oe:team:6cedba5819b5b7c465cb3bb48bfe855,Illuminar Gaming,oe:team:73f3cc4e54620b1454530648442e066,K1CK,oe:player:298b3a3324ca8d42c20518481cab844,LEQINHO6,top,Gnar,oe:player:1f8b2df4c6ee43a1c1dc29817c0a201,Kennen,top:Gnar,lineup-3c3e1664e86dfbcc,1,2279.00000000,37.98333333,0,1,11,11.00000000,11185.00000000,7408.00000000,215,195.03290917,0.17998809,0.11112111,35,0.92145678,0.78571429,189.00000000,516.00000000,3.00000000,4,out_of_time,376.78113726,393.88482654,156.33881912,-1.16252783,2021-07-14
pg-bd47a81785f90f75,ESPORTSTMNT03_2071203,2021-07-28T19:15:19,2021-07-28,2021,Unknown,1,11.15,Red,oe:team:73f3cc4e54620b1454530648442e066,K1CK,oe:team:6cedba5819b5b7c465cb3bb48bfe855,Illuminar Gaming,oe:player:b4a352b2b8782a2bb21bce1a2f47645,Puki Style,bot,Kai'Sa,oe:player:694ee794a9d3a8c3fbd658becb89769,Ezreal,bot:Kai'Sa,lineup-61a9b3fcfcd532f8,0,2279.00000000,37.98333333,3,1,3,6.00000000,15183.00000000,13154.00000000,338,346.30978499,0.26749000,0.23940304,43,1.13207547,1.00000000,29.00000000,228.00000000,1.00000000,4,out_of_time,456.58396875,500.47725493,198.61324495,-0.55522069,2021-07-14
pg-b0715dbffac87007,ESPORTSTMNT03_2071203,2021-07-28T19:15:19,2021-07-28,2021,Unknown,1,11.15,Red,oe:team:73f3cc4e54620b1454530648442e066,K1CK,oe:team:6cedba5819b5b7c465cb3bb48bfe855,Illuminar Gaming,oe:player:752b048c76633399b04f6e87a8b211c,Stefan,jng,Viego,oe:player:243afb63fb97e1791ffee0cec41ecdf,Lee Sin,jng:Viego,lineup-61a9b3fcfcd532f8,0,2279.00000000,37.98333333,3,4,3,1.50000000,10677.00000000,9039.00000000,183,237.97279509,0.18810451,0.16450996,54,1.42167617,1.00000000,-834.00000000,174.00000000,8.00000000,4,out_of_time,300.53611409,296.66496629,125.49212557,-0.49854378,2021-07-14
pg-6cc99a39011fac97,ESPORTSTMNT03_2071203,2021-07-28T19:15:19,2021-07-28,2021,Unknown,1,11.15,Red,oe:team:73f3cc4e54620b1454530648442e066,K1CK,oe:team:6cedba5819b5b7c465cb3bb48bfe855,Illuminar Gaming,oe:player:be4ce50af0cd0d8574aa3820c37d1ae,Matislaw,mid,Syndra,oe:player:7e33124e33721ef8f70d2dd843b57da,Orianna,mid:Syndra,lineup-61a9b3fcfcd532f8,0,2279.00000000,37.98333333,0,1,5,5.00000000,12699.00000000,16180.00000000,329,425.97630540,0.22372756,0.29447629,36,0.94778412,0.83333333,236.00000000,573.00000000,4.00000000,4,out_of_time,456.67079250,444.79187933,161.18151241,-0.19043429,2021-07-14
pg-70bbe8251e9490a2,ESPORTSTMNT03_2071203,2021-07-28T19:15:19,2021-07-28,2021,Unknown,1,11.15,Red,oe:team:73f3cc4e54620b1454530648442e066,K1CK,oe:team:6cedba5819b5b7c465cb3bb48bfe855,Illuminar Gaming,oe:player:84bd988294f5dd9ae9a499abf6524a0,Raxxo,sup,Alistar,oe:player:e0357bd3e9e044c623fbc77cc985cd7,Leona,sup:Alistar,lineup-61a9b3fcfcd532f8,0,2279.00000000,37.98333333,0,5,4,0.80000000,7300.00000000,2714.00000000,38,71.45239140,0.12860943,0.04939485,117,3.08029838,0.66666667,-63.00000000,-465.00000000,-5.00000000,4,out_of_time,128.41571701,142.93212766,76.47042949,-0.74490657,2021-07-14
pg-2a1dc38b2ca80b7e,ESPORTSTMNT03_2071203,2021-07-28T19:15:19,2021-07-28,2021,Unknown,1,11.15,Red,oe:team:73f3cc4e54620b1454530648442e066,K1CK,oe:team:6cedba5819b5b7c465cb3bb48bfe855,Illuminar Gaming,oe:player:1f8b2df4c6ee43a1c1dc29817c0a201,Sacre,top,Kennen,oe:player:298b3a3324ca8d42c20518481cab844,Gnar,top:Kennen,lineup-61a9b3fcfcd532f8,0,2279.00000000,37.98333333,0,3,3,1.00000000,10902.00000000,13858.00000000,241,364.84422993,0.19206850,0.25221585,52,1.36902150,0.50000000,-189.00000000,-516.00000000,-3.00000000,4,out_of_time,353.82656299,393.88482654,156.33881912,0.07047301,2021-07-14
pg-ed98a663313e8736,ESPORTSTMNT03_2073161,2021-08-03T14:35:38,2021-08-03,2021,Unknown,1,11.15,Blue,oe:team:d2628b4f33cdc631c1fc42be5d2b771,PDW,oe:team:5a5f8cc0161f43afe3461b293535517,AGO ROGUE,oe:player:7705566e63eedc7bd6c4c72d43c9104,odi11,bot,Ziggs,oe:player:0482daf6543f102a27a265342292bb7,Xerath,bot:Ziggs,lineup-449ab01c69a3adca,1,1900.00000000,31.66666667,5,2,10,7.50000000,13421.00000000,24795.00000000,257,783.00000000,0.21098552,0.31390049,24,0.75789474,0.60000000,201.00000000,194.00000000,-20.00000000,4,out_of_time,478.76832354,500.47725493,198.61324495,1.53177940,2021-07-14
pg-3dea1cba5efbcc04,ESPORTSTMNT03_2073161,2021-08-03T14:35:38,2021-08-03,2021,Unknown,1,11.15,Blue,oe:team:d2628b4f33cdc631c1fc42be5d2b771,PDW,oe:team:5a5f8cc0161f43afe3461b293535517,AGO ROGUE,oe:player:7471c21aed615dae3e49140eca8ce89,Bruness,jng,Nocturne,oe:player:6fc5fe723eed4ba4c230292be365c66,Lee Sin,jng:Nocturne,lineup-449ab01c69a3adca,1,1900.00000000,31.66666667,5,1,13,18.00000000,12823.00000000,13749.00000000,197,434.17894737,0.20158463,0.17406001,44,1.38947368,0.72000000,661.00000000,31.00000000,-5.00000000,4,out_of_time,302.49694967,296.66496629,125.49212557,1.04932479,2021-07-14
pg-262a1132f5af7f84,ESPORTSTMNT03_2073161,2021-08-03T14:35:38,2021-08-03,2021,Unknown,1,11.15,Blue,oe:team:d2628b4f33cdc631c1fc42be5d2b771,PDW,oe:team:5a5f8cc0161f43afe3461b293535517,AGO ROGUE,oe:player:73ac73edf51a3acdfa494e271c6ee29,Czajek,mid,Twisted Fate,oe:player:2096ff50c6496d70e4b39793390c9ce,Graves,mid:Twisted Fate,lineup-449ab01c69a3adca,1,1900.00000000,31.66666667,5,1,9,14.00000000,12675.00000000,11975.00000000,211,378.15789474,0.19925799,0.15160147,38,1.20000000,0.56000000,187.00000000,-152.00000000,-13.00000000,4,out_of_time,411.50558790,444.79187933,161.18151241,-0.20689527,2021-07-14
pg-9b1f0cc804833baf,ESPORTSTMNT03_2073161,2021-08-03T14:35:38,2021-08-03,2021,Unknown,1,11.15,Blue,oe:team:d2628b4f33cdc631c1fc42be5d2b771,PDW,oe:team:5a5f8cc0161f43afe3461b293535517,AGO ROGUE,oe:player:1f111e88abd984a347713f070de73e3,kubYD,sup,Trundle,oe:player:3e68fd564e4e518b8aed89b9a0bf855,Tahm Kench,sup:Trundle,lineup-449ab01c69a3adca,1,1900.00000000,31.66666667,3,1,11,14.00000000,8955.00000000,5622.00000000,37,177.53684211,0.14077754,0.07117357,109,3.44210526,0.56000000,1190.00000000,918.00000000,-4.00000000,4,out_of_time,188.82904067,142.93212766,76.47042949,-0.14766752,2021-07-14
pg-80038b41a4602d6d,ESPORTSTMNT03_2073161,2021-08-03T14:35:38,2021-08-03,2021,Unknown,1,11.15,Blue,oe:team:d2628b4f33cdc631c1fc42be5d2b771,PDW,oe:team:5a5f8cc0161f43afe3461b293535517,AGO ROGUE,oe:player:cb5feb1b7314637725a2e73bdc9f729,Color,top,Camille,oe:player:a7b756e008bfcb7148cdb51f886c3fa,Renekton,top:Camille,lineup-449ab01c69a3adca,1,1900.00000000,31.66666667,7,1,10,17.00000000,15737.00000000,22849.00000000,265,721.54736842,0.24739432,0.28926446,27,0.85263158,0.68000000,1966.00000000,-26.00000000,-5.00000000,4,out_of_time,433.40648341,393.88482654,156.33881912,1.84305399,2021-07-14
pg-16f1334755415e4c,ESPORTSTMNT03_2073161,2021-08-03T14:35:38,2021-08-03,2021,Unknown,1,11.15,Red,oe:team:5a5f8cc0161f43afe3461b293535517,AGO ROGUE,oe:team:d2628b4f33cdc631c1fc42be5d2b771,PDW,oe:player:0482daf6543f102a27a265342292bb7,Lucker,bot,Xerath,oe:player:7705566e63eedc7bd6c4c72d43c9104,Ziggs,bot:Xerath,lineup-de5e31d683ce7975,0,1900.00000000,31.66666667,3,1,2,5.00000000,13893.00000000,20881.00000000,304,659.40000000,0.27510346,0.38585631,11,0.34736842,0.83333333,-201.00000000,-194.00000000,20.00000000,4,out_of_time,483.82373407,500.47725493,198.61324495,0.88401086,2021-07-14
pg-e55e119b183c2ae6,ESPORTSTMNT03_2073161,2021-08-03T14:35:38,2021-08-03,2021,Unknown,1,11.15,Red,oe:team:5a5f8cc0161f43afe3461b293535517,AGO ROGUE,oe:team:d2628b4f33cdc631c1fc42be5d2b771,PDW,oe:player:6fc5fe723eed4ba4c230292be365c66,Lurox,jng,Lee Sin,oe:player:7471c21aed615dae3e49140eca8ce89,Nocturne,jng:Lee Sin,lineup-de5e31d683ce7975,0,1900.00000000,31.66666667,1,5,3,0.80000000,8456.00000000,4218.00000000,156,133.20000000,0.16744223,0.07794368,32,1.01052632,0.66666667,-661.00000000,-31.00000000,5.00000000,4,out_of_time,307.71408202,296.66496629,125.49212557,-1.39063771,2021-07-14
pg-cd5a6714cf1a27aa,ESPORTSTMNT03_2073161,2021-08-03T14:35:38,2021-08-03,2021,Unknown,1,11.15,Red,oe:team:5a5f8cc0161f43afe3461b293535517,AGO ROGUE,oe:team:d2628b4f33cdc631c1fc42be5d2b771,PDW,oe:player:2096ff50c6496d70e4b39793390c9ce,Sencux,mid,Graves,oe:player:73ac73edf51a3acdfa494e271c6ee29,Twisted Fate,mid:Graves,lineup-de5e31d683ce7975,0,1900.00000000,31.66666667,2,6,1,0.50000000,12517.00000000,15381.00000000,282,485.71578947,0.24785648,0.28422278,30,0.94736842,0.50000000,-187.00000000,152.00000000,13.00000000,4,out_of_time,447.44980234,444.79187933,161.18151241,0.23740928,2021-07-14
pg-f0dc941c10b9a735,ESPORTSTMNT03_2073161,2021-08-03T14:35:38,2021-08-03,2021,Unknown,1,11.15,Red,oe:team:5a5f8cc0161f43afe3461b293535517,AGO ROGUE,oe:team:d2628b4f33cdc631c1fc42be5d2b771,PDW,oe:player:3e68fd564e4e518b8aed89b9a0bf855,Pyrka,sup,Tahm Kench,oe:player:1f111e88abd984a347713f070de73e3,Trundle,sup:Tahm Kench,lineup-de5e31d683ce7975,0,1900.00000000,31.66666667,0,5,4,0.80000000,6525.00000000,3153.00000000,55,99.56842105,0.12920536,0.05826373,91,2.87368421,0.66666667,-1190.00000000,-918.00000000,4.00000000,4,out_of_time,196.15666470,142.93212766,76.47042949,-1.26307965,2021-07-14
pg-a5636a6febb6fd94,ESPORTSTMNT03_2073161,2021-08-03T14:35:38,2021-08-03,2021,Unknown,1,11.15,Red,oe:team:5a5f8cc0161f43afe3461b293535517,AGO ROGUE,oe:team:d2628b4f33cdc631c1fc42be5d2b771,PDW,oe:player:a7b756e008bfcb7148cdb51f886c3fa,Sinmivak,top,Renekton,oe:player:cb5feb1b7314637725a2e73bdc9f729,Camille,top:Renekton,lineup-de5e31d683ce7975,0,1900.00000000,31.66666667,0,8,0,0.00000000,9110.00000000,10483.00000000,221,331.04210526,0.18039247,0.19371350,26,0.82105263,0.00000000,-1966.00000000,26.00000000,5.00000000,4,out_of_time,334.33774826,393.88482654,156.33881912,-0.02108013,2021-07-14
pg-6f4d4c7ba7a539f5,ESPORTSTMNT03_2053154,2021-08-03T15:44:41,2021-08-03,2021,Unknown,1,11.15,Blue,oe:team:d2628b4f33cdc631c1fc42be5d2b771,PDW,oe:team:5a5f8cc0161f43afe3461b293535517,AGO ROGUE,oe:player:7705566e63eedc7bd6c4c72d43c9104,odi11,bot,Tristana,oe:player:0482daf6543f102a27a265342292bb7,Samira,bot:Tristana,lineup-449ab01c69a3adca,1,2104.00000000,35.06666667,8,1,9,17.00000000,16931.00000000,29526.00000000,324,841.99619772,0.25800405,0.37580664,34,0.96958175,0.94444444,472.00000000,-873.00000000,-5.00000000,4,out_of_time,495.74290187,500.47725493,198.61324495,1.74335451,2021-07-14
pg-6410f019a40b46d1,ESPORTSTMNT03_2053154,2021-08-03T15:44:41,2021-08-03,2021,Unknown,1,11.15,Blue,oe:team:d2628b4f33cdc631c1fc42be5d2b771,PDW,oe:team:5a5f8cc0161f43afe3461b293535517,AGO ROGUE,oe:player:7471c21aed615dae3e49140eca8ce89,Bruness,jng,Lee Sin,oe:player:6fc5fe723eed4ba4c230292be365c66,Viego,jng:Lee Sin,lineup-449ab01c69a3adca,1,2104.00000000,35.06666667,4,1,9,13.00000000,12175.00000000,10360.00000000,187,295.43726236,0.18552946,0.13186198,41,1.16920152,0.72222222,-166.00000000,-584.00000000,-10.00000000,4,out_of_time,287.14828774,296.66496629,125.49212557,0.06605175,2021-07-14
pg-c1eca66a3e9425f0,ESPORTSTMNT03_2053154,2021-08-03T15:44:41,2021-08-03,2021,Unknown,1,11.15,Blue,oe:team:d2628b4f33cdc631c1fc42be5d2b771,PDW,oe:team:5a5f8cc0161f43afe3461b293535517,AGO ROGUE,oe:player:73ac73edf51a3acdfa494e271c6ee29,Czajek,mid,Twisted Fate,oe:player:2096ff50c6496d70e4b39793390c9ce,Galio,mid:Twisted Fate,lineup-449ab01c69a3adca,1,2104.00000000,35.06666667,1,4,11,3.00000000,12757.00000000,13709.00000000,262,390.94106464,0.19439831,0.17448802,29,0.82699620,0.66666667,-398.00000000,-1141.00000000,-6.00000000,4,out_of_time,390.16393927,444.79187933,161.18151241,0.00482143,2021-07-14
pg-972d79d16b674284,ESPORTSTMNT03_2053154,2021-08-03T15:44:41,2021-08-03,2021,Unknown,1,11.15,Blue,oe:team:d2628b4f33cdc631c1fc42be5d2b771,PDW,oe:team:5a5f8cc0161f43afe3461b293535517,AGO ROGUE,oe:player:1f111e88abd984a347713f070de73e3,kubYD,sup,Trundle,oe:player:3e68fd564e4e518b8aed89b9a0bf855,Leona,sup:Trundle,lineup-449ab01c69a3adca,1,2104.00000000,35.06666667,1,3,15,5.33333333,8479.00000000,5583.00000000,45,159.21102662,0.12920775,0.07106037,110,3.13688213,0.88888889,160.00000000,447.00000000,1.00000000,4,out_of_time,175.58503824,142.93212766,76.47042949,-0.21412213,2021-07-14
pg-587312ac71c23534,ESPORTSTMNT03_2053154,2021-08-03T15:44:41,2021-08-03,2021,Unknown,1,11.15,Blue,oe:team:d2628b4f33cdc631c1fc42be5d2b771,PDW,oe:team:5a5f8cc0161f43afe3461b293535517,AGO ROGUE,oe:player:cb5feb1b7314637725a2e73bdc9f729,Color,top,Jax,oe:player:a7b756e008bfcb7148cdb51f886c3fa,Camille,top:Jax,lineup-449ab01c69a3adca,1,2104.00000000,35.06666667,4,2,10,7.00000000,15281.00000000,19389.00000000,278,552.91825095,0.23286043,0.24678300,34,0.96958175,0.77777778,231.00000000,-132.00000000,5.00000000,4,out_of_time,365.14163020,393.88482654,156.33881912,1.20108762,2021-07-14
pg-032ed3491b609aa2,ESPORTSTMNT03_2053154,2021-08-03T15:44:41,2021-08-03,2021,Unknown,1,11.15,Red,oe:team:5a5f8cc0161f43afe3461b293535517,AGO ROGUE,oe:team:d2628b4f33cdc631c1fc42be5d2b771,PDW,oe:player:0482daf6543f102a27a265342292bb7,Lucker,bot,Samira,oe:player:7705566e63eedc7bd6c4c72d43c9104,Tristana,bot:Samira,lineup-de5e31d683ce7975,0,2104.00000000,35.06666667,3,3,3,2.00000000,14522.00000000,31014.00000000,348,884.42965779,0.25232394,0.39281100,39,1.11216730,0.54545455,-472.00000000,873.00000000,5.00000000,4,out_of_time,457.89871766,500.47725493,198.61324495,2.14754530,2021-07-14
pg-1d0346263bd7105b,ESPORTSTMNT03_2053154,2021-08-03T15:44:41,2021-08-03,2021,Unknown,1,11.15,Red,oe:team:5a5f8cc0161f43afe3461b293535517,AGO ROGUE,oe:team:d2628b4f33cdc631c1fc42be5d2b771,PDW,oe:player:6fc5fe723eed4ba4c230292be365c66,Lurox,jng,Viego,oe:player:7471c21aed615dae3e49140eca8ce89,Lee Sin,jng:Viego,lineup-de5e31d683ce7975,0,2104.00000000,35.06666667,3,4,3,1.50000000,10243.00000000,9500.00000000,170,270.91254753,0.17797508,0.12032323,44,1.25475285,0.54545455,166.00000000,584.00000000,10.00000000,4,out_of_time,318.76767118,296.66496629,125.49212557,-0.38133965,2021-07-14
pg-a6c8de9d72201edf,ESPORTSTMNT03_2053154,2021-08-03T15:44:41,2021-08-03,2021,Unknown,1,11.15,Red,oe:team:5a5f8cc0161f43afe3461b293535517,AGO ROGUE,oe:team:d2628b4f33cdc631c1fc42be5d2b771,PDW,oe:player:2096ff50c6496d70e4b39793390c9ce,Sencux,mid,Galio,oe:player:73ac73edf51a3acdfa494e271c6ee29,Twisted Fate,mid:Galio,lineup-de5e31d683ce7975,0,2104.00000000,35.06666667,1,3,9,3.33333333,12333.00000000,19812.00000000,279,564.98098859,0.21428944,0.25093092,36,1.02661597,0.90909091,398.00000000,1141.00000000,6.00000000,4,out_of_time,415.65856698,444.79187933,161.18151241,0.92642400,2021-07-14
pg-b7aaef594a3b100b,ESPORTSTMNT03_2053154,2021-08-03T15:44:41,2021-08-03,2021,Unknown,1,11.15,Red,oe:team:5a5f8cc0161f43afe3461b293535517,AGO ROGUE,oe:team:d2628b4f33cdc631c1fc42be5d2b771,PDW,oe:player:3e68fd564e4e518b8aed89b9a0bf855,Pyrka,sup,Leona,oe:player:1f111e88abd984a347713f070de73e3,Trundle,sup:Leona,lineup-de5e31d683ce7975,0,2104.00000000,35.06666667,0,5,6,1.20000000,7306.00000000,6002.00000000,50,171.15969582,0.12694386,0.07601895,101,2.88022814,0.54545455,-160.00000000,-447.00000000,-1.00000000,4,out_of_time,165.75135895,142.93212766,76.47042949,0.07072455,2021-07-14
pg-91ba3db41aa00fc0,ESPORTSTMNT03_2053154,2021-08-03T15:44:41,2021-08-03,2021,Unknown,1,11.15,Red,oe:team:5a5f8cc0161f43afe3461b293535517,AGO ROGUE,oe:team:d2628b4f33cdc631c1fc42be5d2b771,PDW,oe:player:a7b756e008bfcb7148cdb51f886c3fa,Sinmivak,top,Camille,oe:player:cb5feb1b7314637725a2e73bdc9f729,Jax,top:Camille,lineup-de5e31d683ce7975,0,2104.00000000,35.06666667,4,3,4,2.66666667,13149.00000000,12626.00000000,274,360.05703422,0.22846767,0.15991590,29,0.82699620,0.72727273,-231.00000000,132.00000000,-5.00000000,4,out_of_time,430.73715494,393.88482654,156.33881912,-0.45209578,2021-07-14
pg-077ab8e79b832a24,ESPORTSTMNT03_2073212,2021-08-03T16:29:59,2021-08-03,2021,Unknown,1,11.15,Blue,oe:team:5a5f8cc0161f43afe3461b293535517,AGO ROGUE,oe:team:d2628b4f33cdc631c1fc42be5d2b771,PDW,oe:player:0482daf6543f102a27a265342292bb7,Lucker,bot,Ezreal,oe:player:7705566e63eedc7bd6c4c72d43c9104,Kog'Maw,bot:Ezreal,lineup-de5e31d683ce7975,0,2753.00000000,45.88333333,10,4,6,4.00000000,23623.00000000,45540.00000000,471,992.51725390,0.28310683,0.37581389,56,1.22048674,0.64000000,165.00000000,253.00000000,11.00000000,4,out_of_time,582.32958380,500.47725493,198.61324495,2.06525839,2021-07-14
pg-01a434a235fcd3b8,ESPORTSTMNT03_2073212,2021-08-03T16:29:59,2021-08-03,2021,Unknown,1,11.15,Blue,oe:team:5a5f8cc0161f43afe3461b293535517,AGO ROGUE,oe:team:d2628b4f33cdc631c1fc42be5d2b771,PDW,oe:player:6fc5fe723eed4ba4c230292be365c66,Lurox,jng,Viego,oe:player:7471c21aed615dae3e49140eca8ce89,Nocturne,jng:Viego,lineup-de5e31d683ce7975,0,2753.00000000,45.88333333,9,4,7,4.00000000,16256.00000000,16439.00000000,214,358.27824192,0.19481796,0.13566106,84,1.83073011,0.64000000,1273.00000000,-174.00000000,0.00000000,4,out_of_time,330.37511046,296.66496629,125.49212557,0.22234966,2021-07-14
pg-aaac01fa47a5971e,ESPORTSTMNT03_2073212,2021-08-03T16:29:59,2021-08-03,2021,Unknown,1,11.15,Blue,oe:team:5a5f8cc0161f43afe3461b293535517,AGO ROGUE,oe:team:d2628b4f33cdc631c1fc42be5d2b771,PDW,oe:player:2096ff50c6496d70e4b39793390c9ce,Sencux,mid,LeBlanc,oe:player:73ac73edf51a3acdfa494e271c6ee29,Malzahar,mid:LeBlanc,lineup-de5e31d683ce7975,0,2753.00000000,45.88333333,3,4,10,3.25000000,17493.00000000,28995.00000000,332,631.92880494,0.20964263,0.23927808,61,1.32945877,0.52000000,1242.00000000,553.00000000,3.00000000,4,out_of_time,454.28627972,444.79187933,161.18151241,1.10212718,2021-07-14
pg-bb48056c5e6be182,ESPORTSTMNT03_2073212,2021-08-03T16:29:59,2021-08-03,2021,Unknown,1,11.15,Blue,oe:team:5a5f8cc0161f43afe3461b293535517,AGO ROGUE,oe:team:d2628b4f33cdc631c1fc42be5d2b771,PDW,oe:player:3e68fd564e4e518b8aed89b9a0bf855,Pyrka,sup,Braum,oe:player:1f111e88abd984a347713f070de73e3,Leona,sup:Braum,lineup-de5e31d683ce7975,0,2753.00000000,45.88333333,1,7,12,1.85714286,10307.00000000,6275.00000000,40,136.75989829,0.12352293,0.05178375,145,3.16018888,0.52000000,-167.00000000,-664.00000000,-6.00000000,4,out_of_time,167.32759568,142.93212766,76.47042949,-0.39973226,2021-07-14
pg-3176c64444fdacc0,ESPORTSTMNT03_2073212,2021-08-03T16:29:59,2021-08-03,2021,Unknown,1,11.15,Blue,oe:team:5a5f8cc0161f43afe3461b293535517,AGO ROGUE,oe:team:d2628b4f33cdc631c1fc42be5d2b771,PDW,oe:player:a7b756e008bfcb7148cdb51f886c3fa,Sinmivak,top,Dr. Mundo,oe:player:cb5feb1b7314637725a2e73bdc9f729,Camille,top:Dr. Mundo,lineup-de5e31d683ce7975,0,2753.00000000,45.88333333,2,5,15,3.40000000,15763.00000000,23928.00000000,246,521.49654922,0.18890966,0.19746321,67,1.46022521,0.68000000,1128.00000000,631.00000000,11.00000000,4,out_of_time,377.38280716,393.88482654,156.33881912,0.92180396,2021-07-14
pg-4e8117c8bbe01e03,ESPORTSTMNT03_2073212,2021-08-03T16:29:59,2021-08-03,2021,Unknown,1,11.15,Red,oe:team:d2628b4f33cdc631c1fc42be5d2b771,PDW,oe:team:5a5f8cc0161f43afe3461b293535517,AGO ROGUE,oe:player:7705566e63eedc7bd6c4c72d43c9104,odi11,bot,Kog'Maw,oe:player:0482daf6543f102a27a265342292bb7,Ezreal,bot:Kog'Maw,lineup-449ab01c69a3adca,1,2753.00000000,45.88333333,10,3,9,6.33333333,22207.00000000,48919.00000000,432,1066.16055212,0.27867433,0.34450970,45,0.98074827,0.79166667,-165.00000000,-253.00000000,-11.00000000,4,out_of_time,456.54931008,500.47725493,198.61324495,3.06933831,2021-07-14
pg-b3891577f73ab8ed,ESPORTSTMNT03_2073212,2021-08-03T16:29:59,2021-08-03,2021,Unknown,1,11.15,Red,oe:team:d2628b4f33cdc631c1fc42be5d2b771,PDW,oe:team:5a5f8cc0161f43afe3461b293535517,AGO ROGUE,oe:player:7471c21aed615dae3e49140eca8ce89,Bruness,jng,Nocturne,oe:player:6fc5fe723eed4ba4c230292be365c66,Viego,jng:Nocturne,lineup-449ab01c69a3adca,1,2753.00000000,45.88333333,2,3,14,5.33333333,13835.00000000,11896.00000000,194,259.26625499,0.17361460,0.08377701,48,1.04613149,0.66666667,-1273.00000000,174.00000000,0.00000000,4,out_of_time,308.52115512,296.66496629,125.49212557,-0.39249395,2021-07-14
pg-672bfacfd40c6c8c,ESPORTSTMNT03_2073212,2021-08-03T16:29:59,2021-08-03,2021,Unknown,1,11.15,Red,oe:team:d2628b4f33cdc631c1fc42be5d2b771,PDW,oe:team:5a5f8cc0161f43afe3461b293535517,AGO ROGUE,oe:player:73ac73edf51a3acdfa494e271c6ee29,Czajek,mid,Malzahar,oe:player:2096ff50c6496d70e4b39793390c9ce,LeBlanc,mid:Malzahar,lineup-449ab01c69a3adca,1,2753.00000000,45.88333333,4,5,12,3.20000000,16085.00000000,48900.00000000,287,1065.74645841,0.20184971,0.34437590,26,0.56665456,0.66666667,-1242.00000000,-553.00000000,-3.00000000,4,out_of_time,421.31502311,444.79187933,161.18151241,3.99817216,2021-07-14
pg-eaae277099041d32,ESPORTSTMNT03_2073212,2021-08-03T16:29:59,2021-08-03,2021,Unknown,1,11.15,Red,oe:team:d2628b4f33cdc631c1fc42be5d2b771,PDW,oe:team:5a5f8cc0161f43afe3461b293535517,AGO ROGUE,oe:player:1f111e88abd984a347713f070de73e3,kubYD,sup,Leona,oe:player:3e68fd564e4e518b8aed89b9a0bf855,Braum,sup:Leona,lineup-449ab01c69a3adca,1,2753.00000000,45.88333333,1,6,15,2.66666667,9907.00000000,5219.00000000,32,113.74500545,0.12432236,0.03675456,104,2.26661823,0.66666667,167.00000000,664.00000000,6.00000000,4,out_of_time,118.85012455,142.93212766,76.47042949,-0.06675939,2021-07-14
pg-a3a289e31fbcf54a,ESPORTSTMNT03_2073212,2021-08-03T16:29:59,2021-08-03,2021,Unknown,1,11.15,Red,oe:team:d2628b4f33cdc631c1fc42be5d2b771,PDW,oe:team:5a5f8cc0161f43afe3461b293535517,AGO ROGUE,oe:player:cb5feb1b7314637725a2e73bdc9f729,Color,top,Camille,oe:player:a7b756e008bfcb7148cdb51f886c3fa,Dr. Mundo,top:Camille,lineup-449ab01c69a3adca,1,2753.00000000,45.88333333,7,8,10,2.12500000,17654.00000000,27062.00000000,290,589.80021794,0.22153900,0.19058283,50,1.08972031,0.70833333,-1128.00000000,-631.00000000,-11.00000000,4,out_of_time,400.05517740,393.88482654,156.33881912,1.21367835,2021-07-14
pg-9385eb57e31e3d25,ESPORTSTMNT03_2053564,2021-08-04T14:29:49,2021-08-04,2021,Unknown,1,11.15,Blue,oe:team:6cedba5819b5b7c465cb3bb48bfe855,Illuminar Gaming,oe:team:1158ec5b08f516ca81868bc48293989,Team ESCA Gaming,oe:player:694ee794a9d3a8c3fbd658becb89769,Zamulek,bot,Aphelios,oe:player:3d022fcafe5af9f52df92b17c015fe6,Ezreal,bot:Aphelios,lineup-3c3e1664e86dfbcc,1,1984.00000000,33.06666667,5,2,5,5.00000000,15876.00000000,16721.00000000,318,505.67540323,0.25188805,0.23184327,62,1.87500000,0.58823529,2410.00000000,1209.00000000,34.00000000,4,out_of_time,455.97134895,500.47725493,198.61324495,0.25025549,2021-07-14
pg-257e61c57cb7a925,ESPORTSTMNT03_2053564,2021-08-04T14:29:49,2021-08-04,2021,Unknown,1,11.15,Blue,oe:team:6cedba5819b5b7c465cb3bb48bfe855,Illuminar Gaming,oe:team:1158ec5b08f516ca81868bc48293989,Team ESCA Gaming,oe:player:243afb63fb97e1791ffee0cec41ecdf,Krysia,jng,Lee Sin,oe:player:4c56aef4b6fee236568a5769a8328aa,Xin Zhao,jng:Lee Sin,lineup-3c3e1664e86dfbcc,1,1984.00000000,33.06666667,4,1,8,12.00000000,11178.00000000,11621.00000000,169,351.44153226,0.17734975,0.16112975,39,1.17943548,0.70588235,-265.00000000,261.00000000,-8.00000000,4,out_of_time,293.51416953,296.66496629,125.49212557,0.46160157,2021-07-14
pg-23c67b0a36a7e7ed,ESPORTSTMNT03_2053564,2021-08-04T14:29:49,2021-08-04,2021,Unknown,1,11.15,Blue,oe:team:6cedba5819b5b7c465cb3bb48bfe855,Illuminar Gaming,oe:team:1158ec5b08f516ca81868bc48293989,Team ESCA Gaming,oe:player:7e33124e33721ef8f70d2dd843b57da,ESCIK,mid,Viktor,oe:player:eec9551ee8ca36e4892be7901f79ec2,Ryze,mid:Viktor,lineup-3c3e1664e86dfbcc,1,1984.00000000,33.06666667,7,1,6,13.00000000,15764.00000000,23034.00000000,308,696.59274194,0.25011106,0.31937550,31,0.93750000,0.76470588,626.00000000,916.00000000,7.00000000,4,out_of_time,534.06446205,444.79187933,161.18151241,1.00835560,2021-07-14
pg-46fc59438c108747,ESPORTSTMNT03_2053564,2021-08-04T14:29:49,2021-08-04,2021,Unknown,1,11.15,Blue,oe:team:6cedba5819b5b7c465cb3bb48bfe855,Illuminar Gaming,oe:team:1158ec5b08f516ca81868bc48293989,Team ESCA Gaming,oe:player:e0357bd3e9e044c623fbc77cc985cd7,xCharm,sup,Thresh,oe:player:e1ddc411cd92f26392b707a48e5c700,Braum,sup:Thresh,lineup-3c3e1664e86dfbcc,1,1984.00000000,33.06666667,0,0,12,12.00000000,7949.00000000,2549.00000000,33,77.08669355,0.12611855,0.03534289,78,2.35887097,0.70588235,314.00000000,-11.00000000,-8.00000000,4,out_of_time,132.92736301,142.93212766,76.47042949,-0.73022566,2021-07-14
pg-1f7990f16c7e5250,ESPORTSTMNT03_2053564,2021-08-04T14:29:49,2021-08-04,2021,Unknown,1,11.15,Blue,oe:team:6cedba5819b5b7c465cb3bb48bfe855,Illuminar Gaming,oe:team:1158ec5b08f516ca81868bc48293989,Team ESCA Gaming,oe:player:298b3a3324ca8d42c20518481cab844,LEQINHO6,top,Gangplank,oe:player:455527eab48df51aaf02979e65dd651,Olaf,top:Gangplank,lineup-3c3e1664e86dfbcc,1,1984.00000000,33.06666667,1,1,9,10.00000000,12261.00000000,18197.00000000,228,550.31250000,0.19453259,0.25230859,21,0.63508065,0.58823529,-1788.00000000,-484.00000000,-31.00000000,4,out_of_time,459.42035914,393.88482654,156.33881912,0.58137922,2021-07-14
pg-f53fb8ea85121474,ESPORTSTMNT03_2053564,2021-08-04T14:29:49,2021-08-04,2021,Unknown,1,11.15,Red,oe:team:1158ec5b08f516ca81868bc48293989,Team ESCA Gaming,oe:team:6cedba5819b5b7c465cb3bb48bfe855,Illuminar Gaming,oe:player:3d022fcafe5af9f52df92b17c015fe6,HARPOON,bot,Ezreal,oe:player:694ee794a9d3a8c3fbd658becb89769,Aphelios,bot:Ezreal,lineup-6f5844aa4e991672,0,1984.00000000,33.06666667,1,3,1,0.66666667,11024.00000000,18379.00000000,274,555.81653226,0.20284095,0.39279761,37,1.11895161,0.40000000,-2410.00000000,-1209.00000000,-34.00000000,4,out_of_time,480.35845153,500.47725493,198.61324495,0.37992472,2021-07-14
pg-8e5c93c4b941cf49,ESPORTSTMNT03_2053564,2021-08-04T14:29:49,2021-08-04,2021,Unknown,1,11.15,Red,oe:team:1158ec5b08f516ca81868bc48293989,Team ESCA Gaming,oe:team:6cedba5819b5b7c465cb3bb48bfe855,Illuminar Gaming,oe:player:4c56aef4b6fee236568a5769a8328aa,Xeonerr,jng,Xin Zhao,oe:player:243afb63fb97e1791ffee0cec41ecdf,Lee Sin,jng:Xin Zhao,lineup-6f5844aa4e991672,0,1984.00000000,33.06666667,0,4,2,0.50000000,9721.00000000,7408.00000000,177,224.03225806,0.17886583,0.15832443,53,1.60282258,0.40000000,265.00000000,-261.00000000,8.00000000,4,out_of_time,251.94772881,296.66496629,125.49212557,-0.22244799,2021-07-14
pg-f8fe7d9056ddc65c,ESPORTSTMNT03_2053564,2021-08-04T14:29:49,2021-08-04,2021,Unknown,1,11.15,Red,oe:team:1158ec5b08f516ca81868bc48293989,Team ESCA Gaming,oe:team:6cedba5819b5b7c465cb3bb48bfe855,Illuminar Gaming,oe:player:eec9551ee8ca36e4892be7901f79ec2,Dawidsonek,mid,Ryze,oe:player:7e33124e33721ef8f70d2dd843b57da,Viktor,mid:Ryze,lineup-6f5844aa4e991672,0,1984.00000000,33.06666667,2,3,1,1.00000000,13278.00000000,10264.00000000,316,310.40322581,0.24431442,0.21936311,30,0.90725806,0.60000000,-626.00000000,-916.00000000,-7.00000000,4,out_of_time,398.28215768,444.79187933,161.18151241,-0.54521719,2021-07-14
pg-0bf65341602208c5,ESPORTSTMNT03_2053564,2021-08-04T14:29:49,2021-08-04,2021,Unknown,1,11.15,Red,oe:team:1158ec5b08f516ca81868bc48293989,Team ESCA Gaming,oe:team:6cedba5819b5b7c465cb3bb48bfe855,Illuminar Gaming,oe:player:e1ddc411cd92f26392b707a48e5c700,marlon,sup,Braum,oe:player:e0357bd3e9e044c623fbc77cc985cd7,Thresh,sup:Braum,lineup-6f5844aa4e991672,0,1984.00000000,33.06666667,0,4,4,1.00000000,6709.00000000,2632.00000000,44,79.59677419,0.12344520,0.05625134,78,2.35887097,0.80000000,-314.00000000,11.00000000,8.00000000,4,out_of_time,91.25592757,142.93212766,76.47042949,-0.15246617,2021-07-14
pg-961afdc036d0cdb0,ESPORTSTMNT03_2053564,2021-08-04T14:29:49,2021-08-04,2021,Unknown,1,11.15,Red,oe:team:1158ec5b08f516ca81868bc48293989,Team ESCA Gaming,oe:team:6cedba5819b5b7c465cb3bb48bfe855,Illuminar Gaming,oe:player:455527eab48df51aaf02979e65dd651,Jaqen,top,Olaf,oe:player:298b3a3324ca8d42c20518481cab844,Gangplank,top:Olaf,lineup-6f5844aa4e991672,0,1984.00000000,33.06666667,2,3,0,0.66666667,13616.00000000,8107.00000000,296,245.17137097,0.25053360,0.17326352,44,1.33064516,0.40000000,1788.00000000,484.00000000,31.00000000,4,out_of_time,341.48959732,393.88482654,156.33881912,-0.61608644,2021-07-14
pg-6ca46b59ef622867,ESPORTSTMNT03_2073560,2021-08-04T15:33:43,2021-08-04,2021,Unknown,1,11.15,Blue,oe:team:6cedba5819b5b7c465cb3bb48bfe855,Illuminar Gaming,oe:team:1158ec5b08f516ca81868bc48293989,Team ESCA Gaming,oe:player:694ee794a9d3a8c3fbd658becb89769,Zamulek,bot,Varus,oe:player:3d022fcafe5af9f52df92b17c015fe6,Ezreal,bot:Varus,lineup-3c3e1664e86dfbcc,1,2309.00000000,38.48333333,0,1,10,10.00000000,13647.00000000,22074.00000000,318,573.59896059,0.20036705,0.31037246,56,1.45517540,0.66666667,747.00000000,1386.00000000,20.00000000,4,out_of_time,511.06470535,500.47725493,198.61324495,0.31485441,2021-07-14
pg-e9b9e2d6e2715bf2,ESPORTSTMNT03_2073560,2021-08-04T15:33:43,2021-08-04,2021,Unknown,1,11.15,Blue,oe:team:6cedba5819b5b7c465cb3bb48bfe855,Illuminar Gaming,oe:team:1158ec5b08f516ca81868bc48293989,Team ESCA Gaming,oe:player:243afb63fb97e1791ffee0cec41ecdf,Krysia,jng,Viego,oe:player:4c56aef4b6fee236568a5769a8328aa,Lee Sin,jng:Viego,lineup-3c3e1664e86dfbcc,1,2309.00000000,38.48333333,3,3,8,3.66666667,14021.00000000,8008.00000000,233,208.09008229,0.20585817,0.11259684,69,1.79298398,0.73333333,875.00000000,700.00000000,22.00000000,4,out_of_time,325.38404022,296.66496629,125.49212557,-0.93467186,2021-07-14
pg-2340fa13ef90dadc,ESPORTSTMNT03_2073560,2021-08-04T15:33:43,2021-08-04,2021,Unknown,1,11.15,Blue,oe:team:6cedba5819b5b7c465cb3bb48bfe855,Illuminar Gaming,oe:team:1158ec5b08f516ca81868bc48293989,Team ESCA Gaming,oe:player:7e33124e33721ef8f70d2dd843b57da,ESCIK,mid,Viktor,oe:player:eec9551ee8ca36e4892be7901f79ec2,Kog'Maw,mid:Viktor,lineup-3c3e1664e86dfbcc,1,2309.00000000,38.48333333,8,1,2,10.00000000,18055.00000000,25452.00000000,374,661.37721958,0.26508589,0.35786898,47,1.22130793,0.66666667,-775.00000000,-1353.00000000,-30.00000000,4,out_of_time,560.98129173,444.79187933,161.18151241,0.62287496,2021-07-14
pg-daebc4a4a341cb11,ESPORTSTMNT03_2073560,2021-08-04T15:33:43,2021-08-04,2021,Unknown,1,11.15,Blue,oe:team:6cedba5819b5b7c465cb3bb48bfe855,Illuminar Gaming,oe:team:1158ec5b08f516ca81868bc48293989,Team ESCA Gaming,oe:player:e0357bd3e9e044c623fbc77cc985cd7,xCharm,sup,Thresh,oe:player:e1ddc411cd92f26392b707a48e5c700,Braum,sup:Thresh,lineup-3c3e1664e86dfbcc,1,2309.00000000,38.48333333,1,2,10,5.50000000,8256.00000000,1819.00000000,47,47.26721524,0.12121568,0.02557613,132,3.43005630,0.73333333,-301.00000000,-1070.00000000,1.00000000,4,out_of_time,132.92736301,142.93212766,76.47042949,-1.12017349,2021-07-14
pg-3c88e1ed8314eea0,ESPORTSTMNT03_2073560,2021-08-04T15:33:43,2021-08-04,2021,Unknown,1,11.15,Blue,oe:team:6cedba5819b5b7c465cb3bb48bfe855,Illuminar Gaming,oe:team:1158ec5b08f516ca81868bc48293989,Team ESCA Gaming,oe:player:298b3a3324ca8d42c20518481cab844,LEQINHO6,top,Camille,oe:player:455527eab48df51aaf02979e65dd651,Renekton,top:Camille,lineup-3c3e1664e86dfbcc,1,2309.00000000,38.48333333,3,1,8,11.00000000,14131.00000000,13768.00000000,269,357.76526635,0.20747321,0.19358558,33,0.85751408,0.73333333,-1515.00000000,-985.00000000,-56.00000000,4,out_of_time,455.20361203,393.88482654,156.33881912,-0.62325113,2021-07-14
pg-57b4e229b47735d0,ESPORTSTMNT03_2073560,2021-08-04T15:33:43,2021-08-04,2021,Unknown,1,11.15,Red,oe:team:1158ec5b08f516ca81868bc48293989,Team ESCA Gaming,oe:team:6cedba5819b5b7c465cb3bb48bfe855,Illuminar Gaming,oe:player:3d022fcafe5af9f52df92b17c015fe6,HARPOON,bot,Ezreal,oe:player:694ee794a9d3a8c3fbd658becb89769,Varus,bot:Ezreal,lineup-6f5844aa4e991672,0,2309.00000000,38.48333333,2,2,2,2.00000000,13990.00000000,11857.00000000,312,308.10740580,0.22746488,0.19399224,23,0.59766133,0.50000000,-747.00000000,-1386.00000000,-20.00000000,4,out_of_time,507.91761646,500.47725493,198.61324495,-1.00602662,2021-07-14
pg-f8365508893acb85,ESPORTSTMNT03_2073560,2021-08-04T15:33:43,2021-08-04,2021,Unknown,1,11.15,Red,oe:team:1158ec5b08f516ca81868bc48293989,Team ESCA Gaming,oe:team:6cedba5819b5b7c465cb3bb48bfe855,Illuminar Gaming,oe:player:4c56aef4b6fee236568a5769a8328aa,Xeonerr,jng,Lee Sin,oe:player:243afb63fb97e1791ffee0cec41ecdf,Viego,jng:Lee Sin,lineup-6f5844aa4e991672,0,2309.00000000,38.48333333,1,3,6,2.33333333,9705.00000000,10066.00000000,140,261.56777826,0.15779461,0.16468971,68,1.76699870,0.87500000,-875.00000000,-700.00000000,-22.00000000,4,out_of_time,235.60342096,296.66496629,125.49212557,0.20690029,2021-07-14
pg-af03c2479d0a04f9,ESPORTSTMNT03_2073560,2021-08-04T15:33:43,2021-08-04,2021,Unknown,1,11.15,Red,oe:team:1158ec5b08f516ca81868bc48293989,Team ESCA Gaming,oe:team:6cedba5819b5b7c465cb3bb48bfe855,Illuminar Gaming,oe:player:eec9551ee8ca36e4892be7901f79ec2,Dawidsonek,mid,Kog'Maw,oe:player:7e33124e33721ef8f70d2dd843b57da,Viktor,mid:Kog'Maw,lineup-6f5844aa4e991672,0,2309.00000000,38.48333333,4,3,2,2.00000000,15747.00000000,21671.00000000,395,563.12689476,0.25603213,0.35455899,37,0.96145518,0.75000000,775.00000000,1353.00000000,30.00000000,4,out_of_time,380.17198081,444.79187933,161.18151241,1.13508622,2021-07-14
pg-886f1cc24aa7afb5,ESPORTSTMNT03_2073560,2021-08-04T15:33:43,2021-08-04,2021,Unknown,1,11.15,Red,oe:team:1158ec5b08f516ca81868bc48293989,Team ESCA Gaming,oe:team:6cedba5819b5b7c465cb3bb48bfe855,Illuminar Gaming,oe:player:e1ddc411cd92f26392b707a48e5c700,marlon,sup,Braum,oe:player:e0357bd3e9e044c623fbc77cc985cd7,Thresh,sup:Braum,lineup-6f5844aa4e991672,0,2309.00000000,38.48333333,1,3,5,2.00000000,7906.00000000,3655.00000000,36,94.97618016,0.12854448,0.05979941,86,2.23473365,0.75000000,301.00000000,1070.00000000,-1.00000000,4,out_of_time,91.25592757,142.93212766,76.47042949,0.04864956,2021-07-14
pg-27113c7bee3be10f,ESPORTSTMNT03_2073560,2021-08-04T15:33:43,2021-08-04,2021,Unknown,1,11.15,Red,oe:team:1158ec5b08f516ca81868bc48293989,Team ESCA Gaming,oe:team:6cedba5819b5b7c465cb3bb48bfe855,Illuminar Gaming,oe:player:455527eab48df51aaf02979e65dd651,Jaqen,top,Renekton,oe:player:298b3a3324ca8d42c20518481cab844,Camille,top:Renekton,lineup-6f5844aa4e991672,0,2309.00000000,38.48333333,0,4,2,0.50000000,14156.00000000,13872.00000000,337,360.46773495,0.23016389,0.22695964,41,1.06539628,0.25000000,1515.00000000,985.00000000,56.00000000,4,out_of_time,267.61212190,393.88482654,156.33881912,0.59393830,2021-07-14
pg-f7fd092e2758888d,ESPORTSTMNT03_2053635,2021-08-04T17:09:59,2021-08-04,2021,Unknown,1,11.15,Blue,oe:team:1158ec5b08f516ca81868bc48293989,Team ESCA Gaming,oe:team:6cedba5819b5b7c465cb3bb48bfe855,Illuminar Gaming,oe:player:3d022fcafe5af9f52df92b17c015fe6,HARPOON,bot,Sivir,oe:player:694ee794a9d3a8c3fbd658becb89769,Tristana,bot:Sivir,lineup-6f5844aa4e991672,1,2029.00000000,33.81666667,7,0,10,17.00000000,18561.00000000,19329.00000000,397,571.58206013,0.27910858,0.26551918,37,1.09413504,0.89473684,3492.00000000,1617.00000000,55.00000000,4,out_of_time,421.28067908,500.47725493,198.61324495,0.75675407,2021-07-14
pg-87bebd43a21a6a78,ESPORTSTMNT03_2053635,2021-08-04T17:09:59,2021-08-04,2021,Unknown,1,11.15,Blue,oe:team:1158ec5b08f516ca81868bc48293989,Team ESCA Gaming,oe:team:6cedba5819b5b7c465cb3bb48bfe855,Illuminar Gaming,oe:player:4c56aef4b6fee236568a5769a8328aa,Xeonerr,jng,Trundle,oe:player:243afb63fb97e1791ffee0cec41ecdf,Xin Zhao,jng:Trundle,lineup-6f5844aa4e991672,1,2029.00000000,33.81666667,0,2,13,6.50000000,10653.00000000,6587.00000000,147,194.78560867,0.16019308,0.09048450,74,2.18827008,0.68421053,-278.00000000,489.00000000,4.00000000,4,out_of_time,233.60307541,296.66496629,125.49212557,-0.30932193,2021-07-14
pg-18ad0fda4344fec4,ESPORTSTMNT03_2053635,2021-08-04T17:09:59,2021-08-04,2021,Unknown,1,11.15,Blue,oe:team:1158ec5b08f516ca81868bc48293989,Team ESCA Gaming,oe:team:6cedba5819b5b7c465cb3bb48bfe855,Illuminar Gaming,oe:player:eec9551ee8ca36e4892be7901f79ec2,Dawidsonek,mid,Viktor,oe:player:7e33124e33721ef8f70d2dd843b57da,Orianna,mid:Viktor,lineup-6f5844aa4e991672,1,2029.00000000,33.81666667,9,1,1,10.00000000,15512.00000000,29617.00000000,314,875.81074421,0.23325965,0.40684369,26,0.76885165,0.52631579,-138.00000000,20.00000000,0.00000000,4,out_of_time,459.25193289,444.79187933,161.18151241,2.58440813,2021-07-14
pg-343e80f0a19a36f8,ESPORTSTMNT03_2053635,2021-08-04T17:09:59,2021-08-04,2021,Unknown,1,11.15,Blue,oe:team:1158ec5b08f516ca81868bc48293989,Team ESCA Gaming,oe:team:6cedba5819b5b7c465cb3bb48bfe855,Illuminar Gaming,oe:player:e1ddc411cd92f26392b707a48e5c700,marlon,sup,Thresh,oe:player:e0357bd3e9e044c623fbc77cc985cd7,Alistar,sup:Thresh,lineup-6f5844aa4e991672,1,2029.00000000,33.81666667,1,3,15,5.33333333,8299.00000000,4728.00000000,31,139.81271562,0.12479512,0.06494773,80,2.36569739,0.84210526,645.00000000,355.00000000,-2.00000000,4,out_of_time,68.81549654,142.93212766,76.47042949,0.92842710,2021-07-14
pg-df8435c2d16f8f9c,ESPORTSTMNT03_2053635,2021-08-04T17:09:59,2021-08-04,2021,Unknown,1,11.15,Blue,oe:team:1158ec5b08f516ca81868bc48293989,Team ESCA Gaming,oe:team:6cedba5819b5b7c465cb3bb48bfe855,Illuminar Gaming,oe:player:455527eab48df51aaf02979e65dd651,Jaqen,top,Fiora,oe:player:298b3a3324ca8d42c20518481cab844,Gnar,top:Fiora,lineup-6f5844aa4e991672,1,2029.00000000,33.81666667,2,4,3,1.25000000,13476.00000000,12536.00000000,306,370.70478068,0.20264357,0.17220490,18,0.53228191,0.26315789,263.00000000,553.00000000,12.00000000,4,out_of_time,305.19509284,393.88482654,156.33881912,0.41902381,2021-07-14
pg-869061ce37376391,ESPORTSTMNT03_2053635,2021-08-04T17:09:59,2021-08-04,2021,Unknown,1,11.15,Red,oe:team:6cedba5819b5b7c465cb3bb48bfe855,Illuminar Gaming,oe:team:1158ec5b08f516ca81868bc48293989,Team ESCA Gaming,oe:player:694ee794a9d3a8c3fbd658becb89769,Zamulek,bot,Tristana,oe:player:3d022fcafe5af9f52df92b17c015fe6,Sivir,bot:Tristana,lineup-3c3e1664e86dfbcc,0,2029.00000000,33.81666667,2,5,3,1.00000000,12608.00000000,7428.00000000,279,219.65500246,0.22055839,0.12815956,42,1.24199113,0.50000000,-3492.00000000,-1617.00000000,-55.00000000,4,out_of_time,500.47438719,500.47725493,198.61324495,-1.41390059,2021-07-14
pg-7e1857bcaedd7657,ESPORTSTMNT03_2053635,2021-08-04T17:09:59,2021-08-04,2021,Unknown,1,11.15,Red,oe:team:6cedba5819b5b7c465cb3bb48bfe855,Illuminar Gaming,oe:team:1158ec5b08f516ca81868bc48293989,Team ESCA Gaming,oe:player:243afb63fb97e1791ffee0cec41ecdf,Krysia,jng,Xin Zhao,oe:player:4c56aef4b6fee236568a5769a8328aa,Trundle,jng:Xin Zhao,lineup-3c3e1664e86dfbcc,0,2029.00000000,33.81666667,3,5,4,1.40000000,10726.00000000,10738.00000000,169,317.53573189,0.18763557,0.18526890,31,0.91670774,0.70000000,278.00000000,-489.00000000,-4.00000000,4,out_of_time,331.10722204,296.66496629,125.49212557,-0.10814615,2021-07-14
pg-a200df9dba9773c3,ESPORTSTMNT03_2053635,2021-08-04T17:09:59,2021-08-04,2021,Unknown,1,11.15,Red,oe:team:6cedba5819b5b7c465cb3bb48bfe855,Illuminar Gaming,oe:team:1158ec5b08f516ca81868bc48293989,Team ESCA Gaming,oe:player:7e33124e33721ef8f70d2dd843b57da,ESCIK,mid,Orianna,oe:player:eec9551ee8ca36e4892be7901f79ec2,Viktor,mid:Orianna,lineup-3c3e1664e86dfbcc,0,2029.00000000,33.81666667,4,2,5,4.50000000,15341.00000000,27268.00000000,315,806.34795466,0.26836820,0.47047051,39,1.15327748,0.90000000,138.00000000,-20.00000000,0.00000000,4,out_of_time,459.49143042,444.79187933,161.18151241,2.15196221,2021-07-14
pg-807da017a89c6749,ESPORTSTMNT03_2053635,2021-08-04T17:09:59,2021-08-04,2021,Unknown,1,11.15,Red,oe:team:6cedba5819b5b7c465cb3bb48bfe855,Illuminar Gaming,oe:team:1158ec5b08f516ca81868bc48293989,Team ESCA Gaming,oe:player:e0357bd3e9e044c623fbc77cc985cd7,xCharm,sup,Alistar,oe:player:e1ddc411cd92f26392b707a48e5c700,Thresh,sup:Alistar,lineup-3c3e1664e86dfbcc,0,2029.00000000,33.81666667,1,2,5,3.00000000,7130.00000000,3369.00000000,33,99.62543125,0.12472885,0.05812730,89,2.63183834,0.60000000,-645.00000000,-355.00000000,2.00000000,4,out_of_time,143.91760138,142.93212766,76.47042949,-0.57920650,2021-07-14
pg-019cd706e2fd97fc,ESPORTSTMNT03_2053635,2021-08-04T17:09:59,2021-08-04,2021,Unknown,1,11.15,Red,oe:team:6cedba5819b5b7c465cb3bb48bfe855,Illuminar Gaming,oe:team:1158ec5b08f516ca81868bc48293989,Team ESCA Gaming,oe:player:298b3a3324ca8d42c20518481cab844,LEQINHO6,top,Gnar,oe:player:455527eab48df51aaf02979e65dd651,Fiora,top:Gnar,lineup-3c3e1664e86dfbcc,0,2029.00000000,33.81666667,0,5,6,1.20000000,11359.00000000,9156.00000000,254,270.75406604,0.19870898,0.15797374,28,0.82799409,0.60000000,-263.00000000,-553.00000000,-12.00000000,4,out_of_time,410.19454029,393.88482654,156.33881912,-0.89191203,2021-07-14
pg-72d7ad7aefa7e5cf,ESPORTSTMNT03_2053666,2021-08-04T18:07:58,2021-08-04,2021,Unknown,1,11.15,Blue,oe:team:6cedba5819b5b7c465cb3bb48bfe855,Illuminar Gaming,oe:team:1158ec5b08f516ca81868bc48293989,Team ESCA Gaming,oe:player:694ee794a9d3a8c3fbd658becb89769,Zamulek,bot,Ezreal,oe:player:3d022fcafe5af9f52df92b17c015fe6,Tristana,bot:Ezreal,lineup-3c3e1664e86dfbcc,1,2384.00000000,39.73333333,6,4,2,2.00000000,16448.00000000,27879.00000000,293,701.65268456,0.23283599,0.33953647,44,1.10738255,0.42105263,-1017.00000000,-169.00000000,-13.00000000,4,out_of_time,559.17975442,500.47725493,198.61324495,0.71733851,2021-07-14
pg-44f69344ce2a79f0,ESPORTSTMNT03_2053666,2021-08-04T18:07:58,2021-08-04,2021,Unknown,1,11.15,Blue,oe:team:6cedba5819b5b7c465cb3bb48bfe855,Illuminar Gaming,oe:team:1158ec5b08f516ca81868bc48293989,Team ESCA Gaming,oe:player:243afb63fb97e1791ffee0cec41ecdf,Krysia,jng,Viego,oe:player:4c56aef4b6fee236568a5769a8328aa,Trundle,jng:Viego,lineup-3c3e1664e86dfbcc,1,2384.00000000,39.73333333,6,1,5,11.00000000,14039.00000000,9140.00000000,195,230.03355705,0.19873446,0.11131545,71,1.78691275,0.57894737,2225.00000000,1444.00000000,27.00000000,4,out_of_time,331.30063762,296.66496629,125.49212557,-0.80695964,2021-07-14
pg-16a149c3d42c861a,ESPORTSTMNT03_2053666,2021-08-04T18:07:58,2021-08-04,2021,Unknown,1,11.15,Blue,oe:team:6cedba5819b5b7c465cb3bb48bfe855,Illuminar Gaming,oe:team:1158ec5b08f516ca81868bc48293989,Team ESCA Gaming,oe:player:7e33124e33721ef8f70d2dd843b57da,ESCIK,mid,Viktor,oe:player:eec9551ee8ca36e4892be7901f79ec2,Kog'Maw,mid:Viktor,lineup-3c3e1664e86dfbcc,1,2384.00000000,39.73333333,7,1,7,14.00000000,18643.00000000,28864.00000000,382,726.44295302,0.26390816,0.35153272,42,1.05704698,0.73684211,783.00000000,248.00000000,-5.00000000,4,out_of_time,560.98129173,444.79187933,161.18151241,1.02655484,2021-07-14
pg-4b3600e4f148c991,ESPORTSTMNT03_2053666,2021-08-04T18:07:58,2021-08-04,2021,Unknown,1,11.15,Blue,oe:team:6cedba5819b5b7c465cb3bb48bfe855,Illuminar Gaming,oe:team:1158ec5b08f516ca81868bc48293989,Team ESCA Gaming,oe:player:e0357bd3e9e044c623fbc77cc985cd7,xCharm,sup,Rakan,oe:player:e1ddc411cd92f26392b707a48e5c700,Thresh,sup:Rakan,lineup-3c3e1664e86dfbcc,1,2384.00000000,39.73333333,0,2,16,8.00000000,9149.00000000,5053.00000000,42,127.17281879,0.12951219,0.06154015,117,2.94463087,0.84210526,-685.00000000,-1338.00000000,-7.00000000,4,out_of_time,180.63121988,142.93212766,76.47042949,-0.69907285,2021-07-14
pg-ff1117a81faca47f,ESPORTSTMNT03_2053666,2021-08-04T18:07:58,2021-08-04,2021,Unknown,1,11.15,Blue,oe:team:6cedba5819b5b7c465cb3bb48bfe855,Illuminar Gaming,oe:team:1158ec5b08f516ca81868bc48293989,Team ESCA Gaming,oe:player:298b3a3324ca8d42c20518481cab844,LEQINHO6,top,Gnar,oe:player:455527eab48df51aaf02979e65dd651,Fiora,top:Gnar,lineup-3c3e1664e86dfbcc,1,2384.00000000,39.73333333,0,2,7,3.50000000,12363.00000000,11173.00000000,232,281.19966443,0.17500920,0.13607522,46,1.15771812,0.36842105,-773.00000000,-117.00000000,-19.00000000,4,out_of_time,410.29363985,393.88482654,156.33881912,-0.82573206,2021-07-14
pg-02a15b7cc16bfa1f,ESPORTSTMNT03_2053666,2021-08-04T18:07:58,2021-08-04,2021,Unknown,1,11.15,Red,oe:team:1158ec5b08f516ca81868bc48293989,Team ESCA Gaming,oe:team:6cedba5819b5b7c465cb3bb48bfe855,Illuminar Gaming,oe:player:3d022fcafe5af9f52df92b17c015fe6,HARPOON,bot,Tristana,oe:player:694ee794a9d3a8c3fbd658becb89769,Ezreal,bot:Tristana,lineup-6f5844aa4e991672,0,2384.00000000,39.73333333,2,3,5,2.33333333,16100.00000000,15492.00000000,347,389.89932886,0.23915982,0.24599848,46,1.15771812,0.70000000,1017.00000000,169.00000000,13.00000000,4,out_of_time,405.14823181,500.47725493,198.61324495,-0.07677687,2021-07-14
pg-786808d10434f994,ESPORTSTMNT03_2053666,2021-08-04T18:07:58,2021-08-04,2021,Unknown,1,11.15,Red,oe:team:1158ec5b08f516ca81868bc48293989,Team ESCA Gaming,oe:team:6cedba5819b5b7c465cb3bb48bfe855,Illuminar Gaming,oe:player:4c56aef4b6fee236568a5769a8328aa,Xeonerr,jng,Trundle,oe:player:243afb63fb97e1791ffee0cec41ecdf,Viego,jng:Trundle,lineup-6f5844aa4e991672,0,2384.00000000,39.73333333,0,5,3,0.60000000,9395.00000000,4062.00000000,119,102.23154362,0.13955941,0.06450076,50,1.25838926,0.30000000,-2225.00000000,-1444.00000000,-27.00000000,4,out_of_time,248.93522267,296.66496629,125.49212557,-1.16902697,2021-07-14
pg-5908949b41da5b9b,ESPORTSTMNT03_2053666,2021-08-04T18:07:58,2021-08-04,2021,Unknown,1,11.15,Red,oe:team:1158ec5b08f516ca81868bc48293989,Team ESCA Gaming,oe:team:6cedba5819b5b7c465cb3bb48bfe855,Illuminar Gaming,oe:player:eec9551ee8ca36e4892be7901f79ec2,Dawidsonek,mid,Kog'Maw,oe:player:7e33124e33721ef8f70d2dd843b57da,Viktor,mid:Kog'Maw,lineup-6f5844aa4e991672,0,2384.00000000,39.73333333,2,3,2,1.33333333,15838.00000000,24658.00000000,372,620.58724832,0.23526790,0.39154599,38,0.95637584,0.40000000,-783.00000000,-248.00000000,5.00000000,4,out_of_time,380.17198081,444.79187933,161.18151241,1.49158091,2021-07-14
pg-aa50c8f3aa7c4997,ESPORTSTMNT03_2053666,2021-08-04T18:07:58,2021-08-04,2021,Unknown,1,11.15,Red,oe:team:1158ec5b08f516ca81868bc48293989,Team ESCA Gaming,oe:team:6cedba5819b5b7c465cb3bb48bfe855,Illuminar Gaming,oe:player:e1ddc411cd92f26392b707a48e5c700,marlon,sup,Thresh,oe:player:e0357bd3e9e044c623fbc77cc985cd7,Rakan,sup:Thresh,lineup-6f5844aa4e991672,0,2384.00000000,39.73333333,3,5,1,0.80000000,8566.00000000,3408.00000000,33,85.77181208,0.12724491,0.05411585,108,2.71812081,0.40000000,685.00000000,1338.00000000,7.00000000,4,out_of_time,85.14412888,142.93212766,76.47042949,0.00820818,2021-07-14
pg-a4054929daed7a80,ESPORTSTMNT03_2053666,2021-08-04T18:07:58,2021-08-04,2021,Unknown,1,11.15,Red,oe:team:1158ec5b08f516ca81868bc48293989,Team ESCA Gaming,oe:team:6cedba5819b5b7c465cb3bb48bfe855,Illuminar Gaming,oe:player:455527eab48df51aaf02979e65dd651,Jaqen,top,Fiora,oe:player:298b3a3324ca8d42c20518481cab844,Gnar,top:Fiora,lineup-6f5844aa4e991672,0,2384.00000000,39.73333333,3,3,1,1.33333333,17420.00000000,15356.00000000,376,386.47651007,0.25876796,0.24383892,50,1.25838926,0.40000000,773.00000000,117.00000000,19.00000000,4,out_of_time,305.09599328,393.88482654,156.33881912,0.52053941,2021-07-14
pg-b1996a100889a393,ESPORTSTMNT03_2100945,2021-08-10T15:40:11,2021-08-10,2021,Unknown,1,11.15,Blue,oe:team:5a5f8cc0161f43afe3461b293535517,AGO ROGUE,oe:team:6cedba5819b5b7c465cb3bb48bfe855,Illuminar Gaming,oe:player:0482daf6543f102a27a265342292bb7,Lucker,bot,Varus,oe:player:694ee794a9d3a8c3fbd658becb89769,Ezreal,bot:Varus,lineup-de5e31d683ce7975,0,2897.00000000,48.28333333,7,5,6,2.60000000,20353.00000000,51169.00000000,389,1059.76527442,0.24757931,0.35147889,53,1.09768726,0.72222222,2084.00000000,-552.00000000,8.00000000,4,out_of_time,492.39500041,500.47725493,198.61324495,2.85665880,2021-07-14
pg-c7e22086f6883296,ESPORTSTMNT03_2100945,2021-08-10T15:40:11,2021-08-10,2021,Unknown,1,11.15,Blue,oe:team:5a5f8cc0161f43afe3461b293535517,AGO ROGUE,oe:team:6cedba5819b5b7c465cb3bb48bfe855,Illuminar Gaming,oe:player:6fc5fe723eed4ba4c230292be365c66,Lurox,jng,Viego,oe:player:243afb63fb97e1791ffee0cec41ecdf,Lee Sin,jng:Viego,lineup-de5e31d683ce7975,0,2897.00000000,48.28333333,6,5,7,2.60000000,15701.00000000,20819.00000000,254,431.18398343,0.19099114,0.14300532,57,1.18053158,0.72222222,993.00000000,630.00000000,24.00000000,4,out_of_time,306.71433528,296.66496629,125.49212557,0.99185226,2021-07-14
pg-b1944cc81f796a57,ESPORTSTMNT03_2100945,2021-08-10T15:40:11,2021-08-10,2021,Unknown,1,11.15,Blue,oe:team:5a5f8cc0161f43afe3461b293535517,AGO ROGUE,oe:team:6cedba5819b5b7c465cb3bb48bfe855,Illuminar Gaming,oe:player:2096ff50c6496d70e4b39793390c9ce,Sencux,mid,Viktor,oe:player:7e33124e33721ef8f70d2dd843b57da,Orianna,mid:Viktor,lineup-de5e31d683ce7975,0,2897.00000000,48.28333333,0,5,10,2.00000000,16238.00000000,28248.00000000,367,585.04659993,0.19752336,0.19403498,70,1.44977563,0.55555556,333.00000000,268.00000000,11.00000000,4,out_of_time,513.82512379,444.79187933,161.18151241,0.44187125,2021-07-14
pg-ced3ddd051d6bc56,ESPORTSTMNT03_2100945,2021-08-10T15:40:11,2021-08-10,2021,Unknown,1,11.15,Blue,oe:team:5a5f8cc0161f43afe3461b293535517,AGO ROGUE,oe:team:6cedba5819b5b7c465cb3bb48bfe855,Illuminar Gaming,oe:player:3e68fd564e4e518b8aed89b9a0bf855,Pyrka,sup,Thresh,oe:player:e0357bd3e9e044c623fbc77cc985cd7,Leona,sup:Thresh,lineup-de5e31d683ce7975,0,2897.00000000,48.28333333,1,5,13,2.80000000,10686.00000000,7402.00000000,53,153.30341733,0.12998735,0.05084420,177,3.66586124,0.77777778,-2.00000000,355.00000000,1.00000000,4,out_of_time,126.64815566,142.93212766,76.47042949,0.34856953,2021-07-14
pg-07def455839899ff,ESPORTSTMNT03_2100945,2021-08-10T15:40:11,2021-08-10,2021,Unknown,1,11.15,Blue,oe:team:5a5f8cc0161f43afe3461b293535517,AGO ROGUE,oe:team:6cedba5819b5b7c465cb3bb48bfe855,Illuminar Gaming,oe:player:a7b756e008bfcb7148cdb51f886c3fa,Sinmivak,top,Gangplank,oe:player:298b3a3324ca8d42c20518481cab844,Camille,top:Gangplank,lineup-de5e31d683ce7975,0,2897.00000000,48.28333333,4,2,7,5.50000000,19230.00000000,37944.00000000,356,785.86123576,0.23391884,0.26063662,78,1.61546427,0.61111111,853.00000000,-92.00000000,5.00000000,4,out_of_time,443.69028622,393.88482654,156.33881912,2.18864996,2021-07-14
pg-9a9654242bf48dd7,ESPORTSTMNT03_2100945,2021-08-10T15:40:11,2021-08-10,2021,Unknown,1,11.15,Red,oe:team:6cedba5819b5b7c465cb3bb48bfe855,Illuminar Gaming,oe:team:5a5f8cc0161f43afe3461b293535517,AGO ROGUE,oe:player:694ee794a9d3a8c3fbd658becb89769,Zamulek,bot,Ezreal,oe:player:0482daf6543f102a27a265342292bb7,Varus,bot:Ezreal,lineup-3c3e1664e86dfbcc,1,2897.00000000,48.28333333,8,2,7,7.50000000,20961.00000000,49122.00000000,431,1017.36969279,0.24891343,0.38782568,71,1.47048671,0.68181818,-2084.00000000,552.00000000,-8.00000000,4,out_of_time,533.31306227,500.47725493,198.61324495,2.43718202,2021-07-14
pg-fe8d5196da61e738,ESPORTSTMNT03_2100945,2021-08-10T15:40:11,2021-08-10,2021,Unknown,1,11.15,Red,oe:team:6cedba5819b5b7c465cb3bb48bfe855,Illuminar Gaming,oe:team:5a5f8cc0161f43afe3461b293535517,AGO ROGUE,oe:player:243afb63fb97e1791ffee0cec41ecdf,Krysia,jng,Lee Sin,oe:player:6fc5fe723eed4ba4c230292be365c66,Viego,jng:Lee Sin,lineup-3c3e1664e86dfbcc,1,2897.00000000,48.28333333,6,5,11,3.40000000,16088.00000000,19378.00000000,231,401.33931653,0.19104619,0.15299226,77,1.59475319,0.77272727,-993.00000000,-630.00000000,-24.00000000,4,out_of_time,260.99886677,296.66496629,125.49212557,1.11832076,2021-07-14
pg-913be3ccee51624f,ESPORTSTMNT03_2100945,2021-08-10T15:40:11,2021-08-10,2021,Unknown,1,11.15,Red,oe:team:6cedba5819b5b7c465cb3bb48bfe855,Illuminar Gaming,oe:team:5a5f8cc0161f43afe3461b293535517,AGO ROGUE,oe:player:7e33124e33721ef8f70d2dd843b57da,ESCIK,mid,Orianna,oe:player:2096ff50c6496d70e4b39793390c9ce,Viktor,mid:Orianna,lineup-3c3e1664e86dfbcc,1,2897.00000000,48.28333333,5,3,10,5.00000000,19929.00000000,27587.00000000,391,571.35657577,0.23665835,0.21780357,70,1.44977563,0.68181818,-333.00000000,-268.00000000,-11.00000000,4,out_of_time,411.64398040,444.79187933,161.18151241,0.99088657,2021-07-14
pg-f6387e0a00218f48,ESPORTSTMNT03_2100945,2021-08-10T15:40:11,2021-08-10,2021,Unknown,1,11.15,Red,oe:team:6cedba5819b5b7c465cb3bb48bfe855,Illuminar Gaming,oe:team:5a5f8cc0161f43afe3461b293535517,AGO ROGUE,oe:player:e0357bd3e9e044c623fbc77cc985cd7,xCharm,sup,Leona,oe:player:3e68fd564e4e518b8aed89b9a0bf855,Thresh,sup:Leona,lineup-3c3e1664e86dfbcc,1,2897.00000000,48.28333333,0,4,10,2.50000000,9988.00000000,5340.00000000,36,110.59716949,0.11860824,0.04216011,136,2.81670694,0.45454545,2.00000000,-355.00000000,-1.00000000,4,out_of_time,95.94335853,142.93212766,76.47042949,0.19162716,2021-07-14
pg-8445ec46ee05481c,ESPORTSTMNT03_2100945,2021-08-10T15:40:11,2021-08-10,2021,Unknown,1,11.15,Red,oe:team:6cedba5819b5b7c465cb3bb48bfe855,Illuminar Gaming,oe:team:5a5f8cc0161f43afe3461b293535517,AGO ROGUE,oe:player:298b3a3324ca8d42c20518481cab844,LEQINHO6,top,Camille,oe:player:a7b756e008bfcb7148cdb51f886c3fa,Gangplank,top:Camille,lineup-3c3e1664e86dfbcc,1,2897.00000000,48.28333333,3,4,13,4.00000000,17244.00000000,25233.00000000,315,522.60269244,0.20477378,0.19921838,45,0.93199862,0.72727273,-853.00000000,92.00000000,-5.00000000,4,out_of_time,399.88209124,393.88482654,156.33881912,0.78496564,2021-07-14
pg-4f830122da8ce751,ESPORTSTMNT03_2100949,2021-08-10T16:11:24,2021-08-10,2021,Unknown,1,11.15,Blue,oe:team:5a5f8cc0161f43afe3461b293535517,AGO ROGUE,oe:team:6cedba5819b5b7c465cb3bb48bfe855,Illuminar Gaming,oe:player:0482daf6543f102a27a265342292bb7,Lucker,bot,Jinx,oe:player:694ee794a9d3a8c3fbd658becb89769,Aphelios,bot:Jinx,lineup-de5e31d683ce7975,0,2086.00000000,34.76666667,9,3,4,4.33333333,19405.00000000,38911.00000000,369,1119.20421860,0.31439357,0.45900769,52,1.49568552,0.92857143,1950.00000000,851.00000000,33.00000000,4,out_of_time,449.03086552,500.47725493,198.61324495,3.37426315,2021-07-14
pg-2fb44da2530da7ba,ESPORTSTMNT03_2100949,2021-08-10T16:11:24,2021-08-10,2021,Unknown,1,11.15,Blue,oe:team:5a5f8cc0161f43afe3461b293535517,AGO ROGUE,oe:team:6cedba5819b5b7c465cb3bb48bfe855,Illuminar Gaming,oe:player:6fc5fe723eed4ba4c230292be365c66,Lurox,jng,Xin Zhao,oe:player:243afb63fb97e1791ffee0cec41ecdf,Viego,jng:Xin Zhao,lineup-de5e31d683ce7975,0,2086.00000000,34.76666667,5,6,5,1.66666667,11965.00000000,16447.00000000,168,473.06807287,0.19385308,0.19401453,47,1.35186961,0.71428571,1027.00000000,-44.00000000,-3.00000000,4,out_of_time,312.74332428,296.66496629,125.49212557,1.27756820,2021-07-14
pg-e4fe49afd5cbd509,ESPORTSTMNT03_2100949,2021-08-10T16:11:24,2021-08-10,2021,Unknown,1,11.15,Blue,oe:team:5a5f8cc0161f43afe3461b293535517,AGO ROGUE,oe:team:6cedba5819b5b7c465cb3bb48bfe855,Illuminar Gaming,oe:player:2096ff50c6496d70e4b39793390c9ce,Sencux,mid,Karma,oe:player:7e33124e33721ef8f70d2dd843b57da,Seraphine,mid:Karma,lineup-de5e31d683ce7975,0,2086.00000000,34.76666667,0,4,9,2.25000000,10588.00000000,10304.00000000,209,296.37583893,0.17154337,0.12154957,47,1.35186961,0.64285714,333.00000000,-76.00000000,1.00000000,4,out_of_time,371.24011013,444.79187933,161.18151241,-0.46447182,2021-07-14
pg-21f7d53522ee6088,ESPORTSTMNT03_2100949,2021-08-10T16:11:24,2021-08-10,2021,Unknown,1,11.15,Blue,oe:team:5a5f8cc0161f43afe3461b293535517,AGO ROGUE,oe:team:6cedba5819b5b7c465cb3bb48bfe855,Illuminar Gaming,oe:player:3e68fd564e4e518b8aed89b9a0bf855,Pyrka,sup,Thresh,oe:player:e0357bd3e9e044c623fbc77cc985cd7,Braum,sup:Thresh,lineup-de5e31d683ce7975,0,2086.00000000,34.76666667,0,5,12,2.40000000,8731.00000000,5083.00000000,38,146.20325983,0.14145685,0.05996084,102,2.93384468,0.85714286,877.00000000,581.00000000,8.00000000,4,out_of_time,114.25765807,142.93212766,76.47042949,0.41775104,2021-07-14
pg-d72a865420984241,ESPORTSTMNT03_2100949,2021-08-10T16:11:24,2021-08-10,2021,Unknown,1,11.15,Blue,oe:team:5a5f8cc0161f43afe3461b293535517,AGO ROGUE,oe:team:6cedba5819b5b7c465cb3bb48bfe855,Illuminar Gaming,oe:player:a7b756e008bfcb7148cdb51f886c3fa,Sinmivak,top,Dr. Mundo,oe:player:298b3a3324ca8d42c20518481cab844,Camille,top:Dr. Mundo,lineup-de5e31d683ce7975,0,2086.00000000,34.76666667,0,2,5,2.50000000,11033.00000000,14027.00000000,223,403.46116970,0.17875312,0.16546737,36,1.03547459,0.35714286,477.00000000,405.00000000,16.00000000,4,out_of_time,365.23037170,393.88482654,156.33881912,0.24453810,2021-07-14
pg-ddfb24038cf1da95,ESPORTSTMNT03_2100949,2021-08-10T16:11:24,2021-08-10,2021,Unknown,1,11.15,Red,oe:team:6cedba5819b5b7c465cb3bb48bfe855,Illuminar Gaming,oe:team:5a5f8cc0161f43afe3461b293535517,AGO ROGUE,oe:player:694ee794a9d3a8c3fbd658becb89769,Zamulek,bot,Aphelios,oe:player:0482daf6543f102a27a265342292bb7,Jinx,bot:Aphelios,lineup-3c3e1664e86dfbcc,1,2086.00000000,34.76666667,5,4,8,3.25000000,14157.00000000,18154.00000000,243,522.16682646,0.22723552,0.20053464,36,1.03547459,0.65000000,-1950.00000000,-851.00000000,-33.00000000,4,out_of_time,417.08508890,500.47725493,198.61324495,0.52907719,2021-07-14
pg-11ab6462ecab3956,ESPORTSTMNT03_2100949,2021-08-10T16:11:24,2021-08-10,2021,Unknown,1,11.15,Red,oe:team:6cedba5819b5b7c465cb3bb48bfe855,Illuminar Gaming,oe:team:5a5f8cc0161f43afe3461b293535517,AGO ROGUE,oe:player:243afb63fb97e1791ffee0cec41ecdf,Krysia,jng,Viego,oe:player:6fc5fe723eed4ba4c230292be365c66,Xin Zhao,jng:Viego,lineup-3c3e1664e86dfbcc,1,2086.00000000,34.76666667,5,3,13,6.00000000,12302.00000000,10565.00000000,176,303.88302972,0.19746071,0.11670422,37,1.06423778,0.90000000,-1027.00000000,44.00000000,3.00000000,4,out_of_time,268.12954882,296.66496629,125.49212557,0.28490617,2021-07-14
pg-d64f5d920ada0a22,ESPORTSTMNT03_2100949,2021-08-10T16:11:24,2021-08-10,2021,Unknown,1,11.15,Red,oe:team:6cedba5819b5b7c465cb3bb48bfe855,Illuminar Gaming,oe:team:5a5f8cc0161f43afe3461b293535517,AGO ROGUE,oe:player:7e33124e33721ef8f70d2dd843b57da,ESCIK,mid,Seraphine,oe:player:2096ff50c6496d70e4b39793390c9ce,Karma,mid:Seraphine,lineup-3c3e1664e86dfbcc,1,2086.00000000,34.76666667,4,3,13,5.66666667,13997.00000000,37663.00000000,306,1083.30776606,0.22466734,0.41603703,45,1.29434324,0.85000000,-333.00000000,76.00000000,-1.00000000,4,out_of_time,382.26672630,444.79187933,161.18151241,4.34938864,2021-07-14
pg-2e484d0e2b925e42,ESPORTSTMNT03_2100949,2021-08-10T16:11:24,2021-08-10,2021,Unknown,1,11.15,Red,oe:team:6cedba5819b5b7c465cb3bb48bfe855,Illuminar Gaming,oe:team:5a5f8cc0161f43afe3461b293535517,AGO ROGUE,oe:player:e0357bd3e9e044c623fbc77cc985cd7,xCharm,sup,Braum,oe:player:3e68fd564e4e518b8aed89b9a0bf855,Thresh,sup:Braum,lineup-3c3e1664e86dfbcc,1,2086.00000000,34.76666667,1,2,18,9.50000000,8090.00000000,8036.00000000,28,231.14093960,0.12985345,0.08876812,76,2.18600192,0.95000000,-877.00000000,-581.00000000,-8.00000000,4,out_of_time,116.65137338,142.93212766,76.47042949,1.49717436,2021-07-14
pg-09bd3292e5a9b665,ESPORTSTMNT03_2100949,2021-08-10T16:11:24,2021-08-10,2021,Unknown,1,11.15,Red,oe:team:6cedba5819b5b7c465cb3bb48bfe855,Illuminar Gaming,oe:team:5a5f8cc0161f43afe3461b293535517,AGO ROGUE,oe:player:298b3a3324ca8d42c20518481cab844,LEQINHO6,top,Camille,oe:player:a7b756e008bfcb7148cdb51f886c3fa,Dr. Mundo,top:Camille,lineup-3c3e1664e86dfbcc,1,2086.00000000,34.76666667,5,2,8,6.50000000,13755.00000000,16110.00000000,245,463.37488015,0.22078297,0.17795599,39,1.12176414,0.65000000,-477.00000000,-405.00000000,-16.00000000,4,out_of_time,374.00485599,393.88482654,156.33881912,0.57164321,2021-07-14
pg-5a5aae920713157b,ESPORTSTMNT03_2100964,2021-08-10T17:34:20,2021-08-10,2021,Unknown,1,11.15,Blue,oe:team:5a5f8cc0161f43afe3461b293535517,AGO ROGUE,oe:team:6cedba5819b5b7c465cb3bb48bfe855,Illuminar Gaming,oe:player:0482daf6543f102a27a265342292bb7,Lucker,bot,Jinx,oe:player:694ee794a9d3a8c3fbd658becb89769,Ezreal,bot:Jinx,lineup-de5e31d683ce7975,0,2344.00000000,39.06666667,2,1,4,6.00000000,17772.00000000,22753.00000000,413,582.41467577,0.26733254,0.33791751,62,1.58703072,0.60000000,1510.00000000,73.00000000,11.00000000,4,out_of_time,425.78822705,500.47725493,198.61324495,0.78860022,2021-07-14
pg-507d9c151e6528cd,ESPORTSTMNT03_2100964,2021-08-10T17:34:20,2021-08-10,2021,Unknown,1,11.15,Blue,oe:team:5a5f8cc0161f43afe3461b293535517,AGO ROGUE,oe:team:6cedba5819b5b7c465cb3bb48bfe855,Illuminar Gaming,oe:player:6fc5fe723eed4ba4c230292be365c66,Lurox,jng,Xin Zhao,oe:player:243afb63fb97e1791ffee0cec41ecdf,Lee Sin,jng:Xin Zhao,lineup-de5e31d683ce7975,0,2344.00000000,39.06666667,4,0,3,7.00000000,12391.00000000,8077.00000000,195,206.74914676,0.18638969,0.11995604,68,1.74061433,0.70000000,555.00000000,-579.00000000,-15.00000000,4,out_of_time,306.62001926,296.66496629,125.49212557,-0.79583378,2021-07-14
pg-f2e32ca288b345bd,ESPORTSTMNT03_2100964,2021-08-10T17:34:20,2021-08-10,2021,Unknown,1,11.15,Blue,oe:team:5a5f8cc0161f43afe3461b293535517,AGO ROGUE,oe:team:6cedba5819b5b7c465cb3bb48bfe855,Illuminar Gaming,oe:player:2096ff50c6496d70e4b39793390c9ce,Sencux,mid,Twisted Fate,oe:player:7e33124e33721ef8f70d2dd843b57da,Seraphine,mid:Twisted Fate,lineup-de5e31d683ce7975,0,2344.00000000,39.06666667,0,0,7,7.00000000,14681.00000000,13868.00000000,311,354.98293515,0.22083666,0.20596142,47,1.20307167,0.70000000,1837.00000000,740.00000000,11.00000000,4,out_of_time,385.72585865,444.79187933,161.18151241,-0.19073480,2021-07-14
pg-4764e00866c6567d,ESPORTSTMNT03_2100964,2021-08-10T17:34:20,2021-08-10,2021,Unknown,1,11.15,Blue,oe:team:5a5f8cc0161f43afe3461b293535517,AGO ROGUE,oe:team:6cedba5819b5b7c465cb3bb48bfe855,Illuminar Gaming,oe:player:3e68fd564e4e518b8aed89b9a0bf855,Pyrka,sup,Thresh,oe:player:e0357bd3e9e044c623fbc77cc985cd7,Leona,sup:Thresh,lineup-de5e31d683ce7975,0,2344.00000000,39.06666667,1,2,5,3.00000000,8025.00000000,2933.00000000,39,75.07679181,0.12071481,0.04355962,119,3.04607509,0.60000000,332.00000000,481.00000000,-2.00000000,4,out_of_time,126.64815566,142.93212766,76.47042949,-0.67439616,2021-07-14
pg-7c6b0c34c4b4b0af,ESPORTSTMNT03_2100964,2021-08-10T17:34:20,2021-08-10,2021,Unknown,1,11.15,Blue,oe:team:5a5f8cc0161f43afe3461b293535517,AGO ROGUE,oe:team:6cedba5819b5b7c465cb3bb48bfe855,Illuminar Gaming,oe:player:a7b756e008bfcb7148cdb51f886c3fa,Sinmivak,top,Jayce,oe:player:298b3a3324ca8d42c20518481cab844,Camille,top:Jayce,lineup-de5e31d683ce7975,0,2344.00000000,39.06666667,3,3,2,1.66666667,13610.00000000,19702.00000000,280,504.31740614,0.20472630,0.29260541,74,1.89419795,0.50000000,853.00000000,638.00000000,11.00000000,4,out_of_time,414.84460933,393.88482654,156.33881912,0.57230058,2021-07-14
pg-c516cc5df9a2c7ad,ESPORTSTMNT03_2100964,2021-08-10T17:34:20,2021-08-10,2021,Unknown,1,11.15,Red,oe:team:6cedba5819b5b7c465cb3bb48bfe855,Illuminar Gaming,oe:team:5a5f8cc0161f43afe3461b293535517,AGO ROGUE,oe:player:694ee794a9d3a8c3fbd658becb89769,Zamulek,bot,Ezreal,oe:player:0482daf6543f102a27a265342292bb7,Jinx,bot:Ezreal,lineup-3c3e1664e86dfbcc,1,2344.00000000,39.06666667,1,0,2,3.00000000,15924.00000000,21713.00000000,380,555.79351536,0.24223801,0.43842504,42,1.07508532,0.50000000,-1510.00000000,-73.00000000,-11.00000000,4,out_of_time,491.57154841,500.47725493,198.61324495,0.32335188,2021-07-14
pg-6e602825dde3de98,ESPORTSTMNT03_2100964,2021-08-10T17:34:20,2021-08-10,2021,Unknown,1,11.15,Red,oe:team:6cedba5819b5b7c465cb3bb48bfe855,Illuminar Gaming,oe:team:5a5f8cc0161f43afe3461b293535517,AGO ROGUE,oe:player:243afb63fb97e1791ffee0cec41ecdf,Krysia,jng,Lee Sin,oe:player:6fc5fe723eed4ba4c230292be365c66,Xin Zhao,jng:Lee Sin,lineup-3c3e1664e86dfbcc,1,2344.00000000,39.06666667,2,1,3,5.00000000,12724.00000000,9007.00000000,206,230.55460751,0.19355918,0.18186774,52,1.33105802,0.83333333,-555.00000000,579.00000000,15.00000000,4,out_of_time,245.56761994,296.66496629,125.49212557,-0.11963310,2021-07-14
pg-21d386fedaee54af,ESPORTSTMNT03_2100964,2021-08-10T17:34:20,2021-08-10,2021,Unknown,1,11.15,Red,oe:team:6cedba5819b5b7c465cb3bb48bfe855,Illuminar Gaming,oe:team:5a5f8cc0161f43afe3461b293535517,AGO ROGUE,oe:player:7e33124e33721ef8f70d2dd843b57da,ESCIK,mid,Seraphine,oe:player:2096ff50c6496d70e4b39793390c9ce,Twisted Fate,mid:Seraphine,lineup-3c3e1664e86dfbcc,1,2344.00000000,39.06666667,1,2,4,2.50000000,13593.00000000,12700.00000000,302,325.08532423,0.20677853,0.25643614,28,0.71672355,0.83333333,-1837.00000000,-740.00000000,-11.00000000,4,out_of_time,392.50825890,444.79187933,161.18151241,-0.41830439,2021-07-14
pg-57f0a780b2b5bd50,ESPORTSTMNT03_2100964,2021-08-10T17:34:20,2021-08-10,2021,Unknown,1,11.15,Red,oe:team:6cedba5819b5b7c465cb3bb48bfe855,Illuminar Gaming,oe:team:5a5f8cc0161f43afe3461b293535517,AGO ROGUE,oe:player:e0357bd3e9e044c623fbc77cc985cd7,xCharm,sup,Leona,oe:player:3e68fd564e4e518b8aed89b9a0bf855,Thresh,sup:Leona,lineup-3c3e1664e86dfbcc,1,2344.00000000,39.06666667,0,2,1,0.50000000,8245.00000000,448.00000000,41,11.46757679,0.12542404,0.00904594,124,3.17406143,0.16666667,-332.00000000,-481.00000000,2.00000000,4,out_of_time,95.94335853,142.93212766,76.47042949,-1.10468559,2021-07-14
pg-d1df26f8d6154c70,ESPORTSTMNT03_2100964,2021-08-10T17:34:20,2021-08-10,2021,Unknown,1,11.15,Red,oe:team:6cedba5819b5b7c465cb3bb48bfe855,Illuminar Gaming,oe:team:5a5f8cc0161f43afe3461b293535517,AGO ROGUE,oe:player:298b3a3324ca8d42c20518481cab844,LEQINHO6,top,Camille,oe:player:a7b756e008bfcb7148cdb51f886c3fa,Jayce,top:Camille,lineup-3c3e1664e86dfbcc,1,2344.00000000,39.06666667,2,5,2,0.80000000,15251.00000000,5657.00000000,308,144.80375427,0.23200024,0.11422514,36,0.92150171,0.66666667,-853.00000000,-638.00000000,-11.00000000,4,out_of_time,372.32401868,393.88482654,156.33881912,-1.45530244,2021-07-14
pg-5b89388ac805c9dd,ESPORTSTMNT03_2091240,2021-08-11T14:35:00,2021-08-11,2021,Unknown,1,11.15,Blue,oe:team:6cedba5819b5b7c465cb3bb48bfe855,Illuminar Gaming,oe:team:d2628b4f33cdc631c1fc42be5d2b771,PDW,oe:player:694ee794a9d3a8c3fbd658becb89769,Zamulek,bot,Varus,oe:player:7705566e63eedc7bd6c4c72d43c9104,Kalista,bot:Varus,lineup-3c3e1664e86dfbcc,1,2885.00000000,48.08333333,4,2,8,6.00000000,19321.00000000,47822.00000000,391,994.56499133,0.23482013,0.38173313,73,1.51819757,0.60000000,392.00000000,463.00000000,9.00000000,4,out_of_time,491.37981566,500.47725493,198.61324495,2.53349255,2021-07-14
pg-afc8c9752bbea1de,ESPORTSTMNT03_2091240,2021-08-11T14:35:00,2021-08-11,2021,Unknown,1,11.15,Blue,oe:team:6cedba5819b5b7c465cb3bb48bfe855,Illuminar Gaming,oe:team:d2628b4f33cdc631c1fc42be5d2b771,PDW,oe:player:243afb63fb97e1791ffee0cec41ecdf,Krysia,jng,Lee Sin,oe:player:7471c21aed615dae3e49140eca8ce89,Xin Zhao,jng:Lee Sin,lineup-3c3e1664e86dfbcc,1,2885.00000000,48.08333333,5,5,8,2.60000000,15418.00000000,12171.00000000,251,253.12305026,0.18738454,0.09715349,64,1.33102253,0.65000000,-209.00000000,-150.00000000,3.00000000,4,out_of_time,260.09376601,296.66496629,125.49212557,-0.05554704,2021-07-14
pg-2e25d3a91779937a,ESPORTSTMNT03_2091240,2021-08-11T14:35:00,2021-08-11,2021,Unknown,1,11.15,Blue,oe:team:6cedba5819b5b7c465cb3bb48bfe855,Illuminar Gaming,oe:team:d2628b4f33cdc631c1fc42be5d2b771,PDW,oe:player:7e33124e33721ef8f70d2dd843b57da,ESCIK,mid,Orianna,oe:player:73ac73edf51a3acdfa494e271c6ee29,Ziggs,mid:Orianna,lineup-3c3e1664e86dfbcc,1,2885.00000000,48.08333333,6,2,9,7.50000000,18852.00000000,36500.00000000,395,759.09878683,0.22912008,0.29135668,86,1.78856153,0.75000000,-852.00000000,133.00000000,-14.00000000,4,out_of_time,420.27667365,444.79187933,161.18151241,2.10211524,2021-07-14
pg-c074c0fa175509bc,ESPORTSTMNT03_2091240,2021-08-11T14:35:00,2021-08-11,2021,Unknown,1,11.15,Blue,oe:team:6cedba5819b5b7c465cb3bb48bfe855,Illuminar Gaming,oe:team:d2628b4f33cdc631c1fc42be5d2b771,PDW,oe:player:e0357bd3e9e044c623fbc77cc985cd7,xCharm,sup,Thresh,oe:player:1f111e88abd984a347713f070de73e3,Nautilus,sup:Thresh,lineup-3c3e1664e86dfbcc,1,2885.00000000,48.08333333,0,3,9,3.00000000,10145.00000000,4406.00000000,47,91.63258232,0.12329849,0.03517034,134,2.78682842,0.45000000,-47.00000000,-171.00000000,4.00000000,4,out_of_time,112.27883577,142.93212766,76.47042949,-0.26999003,2021-07-14
pg-28712077c1b9fa46,ESPORTSTMNT03_2091240,2021-08-11T14:35:00,2021-08-11,2021,Unknown,1,11.15,Blue,oe:team:6cedba5819b5b7c465cb3bb48bfe855,Illuminar Gaming,oe:team:d2628b4f33cdc631c1fc42be5d2b771,PDW,oe:player:298b3a3324ca8d42c20518481cab844,LEQINHO6,top,Camille,oe:player:cb5feb1b7314637725a2e73bdc9f729,Jax,top:Camille,lineup-3c3e1664e86dfbcc,1,2885.00000000,48.08333333,5,3,8,4.33333333,18544.00000000,24377.00000000,353,506.97400347,0.22537676,0.19458635,57,1.18544194,0.65000000,833.00000000,1352.00000000,13.00000000,4,out_of_time,403.93312047,393.88482654,156.33881912,0.65908700,2021-07-14
pg-4c394d72daa77e37,ESPORTSTMNT03_2091240,2021-08-11T14:35:00,2021-08-11,2021,Unknown,1,11.15,Red,oe:team:d2628b4f33cdc631c1fc42be5d2b771,PDW,oe:team:6cedba5819b5b7c465cb3bb48bfe855,Illuminar Gaming,oe:player:7705566e63eedc7bd6c4c72d43c9104,odi11,bot,Kalista,oe:player:694ee794a9d3a8c3fbd658becb89769,Varus,bot:Kalista,lineup-449ab01c69a3adca,0,2885.00000000,48.08333333,4,1,6,10.00000000,18746.00000000,16016.00000000,384,333.08838821,0.22899514,0.14752452,99,2.05892548,0.66666667,-392.00000000,-463.00000000,-9.00000000,4,out_of_time,480.12445774,500.47725493,198.61324495,-0.74031352,2021-07-14
pg-cd7f2bc9a3c76503,ESPORTSTMNT03_2091240,2021-08-11T14:35:00,2021-08-11,2021,Unknown,1,11.15,Red,oe:team:d2628b4f33cdc631c1fc42be5d2b771,PDW,oe:team:6cedba5819b5b7c465cb3bb48bfe855,Illuminar Gaming,oe:player:7471c21aed615dae3e49140eca8ce89,Bruness,jng,Xin Zhao,oe:player:243afb63fb97e1791ffee0cec41ecdf,Lee Sin,jng:Xin Zhao,lineup-449ab01c69a3adca,0,2885.00000000,48.08333333,1,5,6,1.40000000,14222.00000000,10251.00000000,246,213.19237435,0.17373140,0.09442270,77,1.60138648,0.46666667,209.00000000,150.00000000,-3.00000000,4,out_of_time,305.66810707,296.66496629,125.49212557,-0.73690466,2021-07-14
pg-d4f849174e7df5d5,ESPORTSTMNT03_2091240,2021-08-11T14:35:00,2021-08-11,2021,Unknown,1,11.15,Red,oe:team:d2628b4f33cdc631c1fc42be5d2b771,PDW,oe:team:6cedba5819b5b7c465cb3bb48bfe855,Illuminar Gaming,oe:player:73ac73edf51a3acdfa494e271c6ee29,Czajek,mid,Ziggs,oe:player:7e33124e33721ef8f70d2dd843b57da,Orianna,mid:Ziggs,lineup-449ab01c69a3adca,0,2885.00000000,48.08333333,6,2,5,5.50000000,21003.00000000,64188.00000000,436,1334.93240901,0.25656593,0.59124027,40,0.83188908,0.73333333,852.00000000,-133.00000000,14.00000000,4,out_of_time,427.68325018,444.79187933,161.18151241,5.62874206,2021-07-14
pg-f20afd9c3fa648b8,ESPORTSTMNT03_2091240,2021-08-11T14:35:00,2021-08-11,2021,Unknown,1,11.15,Red,oe:team:d2628b4f33cdc631c1fc42be5d2b771,PDW,oe:team:6cedba5819b5b7c465cb3bb48bfe855,Illuminar Gaming,oe:player:1f111e88abd984a347713f070de73e3,kubYD,sup,Nautilus,oe:player:e0357bd3e9e044c623fbc77cc985cd7,Thresh,sup:Nautilus,lineup-449ab01c69a3adca,0,2885.00000000,48.08333333,1,8,6,0.87500000,9721.00000000,5366.00000000,34,111.59792028,0.11874863,0.04942661,130,2.70363951,0.46666667,47.00000000,171.00000000,-4.00000000,4,out_of_time,130.34826524,142.93212766,76.47042949,-0.24519733,2021-07-14
pg-558889a71df5fa75,ESPORTSTMNT03_2091240,2021-08-11T14:35:00,2021-08-11,2021,Unknown,1,11.15,Red,oe:team:d2628b4f33cdc631c1fc42be5d2b771,PDW,oe:team:6cedba5819b5b7c465cb3bb48bfe855,Illuminar Gaming,oe:player:cb5feb1b7314637725a2e73bdc9f729,Color,top,Jax,oe:player:298b3a3324ca8d42c20518481cab844,Camille,top:Jax,lineup-449ab01c69a3adca,0,2885.00000000,48.08333333,3,4,5,2.00000000,18170.00000000,12744.00000000,380,265.03986135,0.22195891,0.11738590,68,1.41421144,0.53333333,-833.00000000,-1352.00000000,-13.00000000,4,out_of_time,367.31714168,393.88482654,156.33881912,-0.65420272,2021-07-14
pg-310faf463def6559,ESPORTSTMNT03_2101365,2021-08-11T16:37:18,2021-08-11,2021,Unknown,1,11.15,Blue,oe:team:6cedba5819b5b7c465cb3bb48bfe855,Illuminar Gaming,oe:team:d2628b4f33cdc631c1fc42be5d2b771,PDW,oe:player:694ee794a9d3a8c3fbd658becb89769,Zamulek,bot,Aphelios,oe:player:7705566e63eedc7bd6c4c72d43c9104,Caitlyn,bot:Aphelios,lineup-3c3e1664e86dfbcc,0,1577.00000000,26.28333333,1,3,2,1.00000000,7959.00000000,9225.00000000,182,350.98287888,0.19500662,0.20172753,21,0.79898542,0.33333333,-1294.00000000,-117.00000000,-23.00000000,4,out_of_time,430.52307683,500.47725493,198.61324495,-0.40047781,2021-07-14
pg-aec0e7f1d380b52f,ESPORTSTMNT03_2101365,2021-08-11T16:37:18,2021-08-11,2021,Unknown,1,11.15,Blue,oe:team:6cedba5819b5b7c465cb3bb48bfe855,Illuminar Gaming,oe:team:d2628b4f33cdc631c1fc42be5d2b771,PDW,oe:player:243afb63fb97e1791ffee0cec41ecdf,Krysia,jng,Lee Sin,oe:player:7471c21aed615dae3e49140eca8ce89,Xin Zhao,jng:Lee Sin,lineup-3c3e1664e86dfbcc,0,1577.00000000,26.28333333,4,2,4,4.00000000,9416.00000000,8377.00000000,160,318.71908687,0.23070515,0.18318391,32,1.21750159,0.88888889,1619.00000000,1014.00000000,9.00000000,4,out_of_time,260.09376601,296.66496629,125.49212557,0.46716334,2021-07-14
pg-4cdd14522f635a76,ESPORTSTMNT03_2101365,2021-08-11T16:37:18,2021-08-11,2021,Unknown,1,11.15,Blue,oe:team:6cedba5819b5b7c465cb3bb48bfe855,Illuminar Gaming,oe:team:d2628b4f33cdc631c1fc42be5d2b771,PDW,oe:player:7e33124e33721ef8f70d2dd843b57da,ESCIK,mid,Orianna,oe:player:73ac73edf51a3acdfa494e271c6ee29,Seraphine,mid:Orianna,lineup-3c3e1664e86dfbcc,0,1577.00000000,26.28333333,2,3,4,2.00000000,10162.00000000,19436.00000000,247,739.48002536,0.24898319,0.42501640,25,0.95117311,0.66666667,-273.00000000,460.00000000,-4.00000000,4,out_of_time,400.01395037,444.79187933,161.18151241,2.10611050,2021-07-14
pg-0f2f701f52259496,ESPORTSTMNT03_2101365,2021-08-11T16:37:18,2021-08-11,2021,Unknown,1,11.15,Blue,oe:team:6cedba5819b5b7c465cb3bb48bfe855,Illuminar Gaming,oe:team:d2628b4f33cdc631c1fc42be5d2b771,PDW,oe:player:e0357bd3e9e044c623fbc77cc985cd7,xCharm,sup,Thresh,oe:player:1f111e88abd984a347713f070de73e3,Nautilus,sup:Thresh,lineup-3c3e1664e86dfbcc,0,1577.00000000,26.28333333,0,2,4,2.00000000,5297.00000000,3011.00000000,35,114.55928979,0.12978390,0.06584299,61,2.32086240,0.44444444,-263.00000000,-461.00000000,4.00000000,4,out_of_time,112.27883577,142.93212766,76.47042949,0.02982138,2021-07-14
pg-fdbcb82c135817d5,ESPORTSTMNT03_2101365,2021-08-11T16:37:18,2021-08-11,2021,Unknown,1,11.15,Blue,oe:team:6cedba5819b5b7c465cb3bb48bfe855,Illuminar Gaming,oe:team:d2628b4f33cdc631c1fc42be5d2b771,PDW,oe:player:298b3a3324ca8d42c20518481cab844,LEQINHO6,top,Tahm Kench,oe:player:cb5feb1b7314637725a2e73bdc9f729,Jayce,top:Tahm Kench,lineup-3c3e1664e86dfbcc,0,1577.00000000,26.28333333,2,6,4,1.00000000,7980.00000000,5681.00000000,146,216.14457831,0.19552114,0.12422917,27,1.02726696,0.66666667,-1210.00000000,-1459.00000000,-30.00000000,4,out_of_time,361.00553825,393.88482654,156.33881912,-0.92658343,2021-07-14
pg-6a6d5f80c5f8fd68,ESPORTSTMNT03_2101365,2021-08-11T16:37:18,2021-08-11,2021,Unknown,1,11.15,Red,oe:team:d2628b4f33cdc631c1fc42be5d2b771,PDW,oe:team:6cedba5819b5b7c465cb3bb48bfe855,Illuminar Gaming,oe:player:7705566e63eedc7bd6c4c72d43c9104,odi11,bot,Caitlyn,oe:player:694ee794a9d3a8c3fbd658becb89769,Aphelios,bot:Caitlyn,lineup-449ab01c69a3adca,1,1577.00000000,26.28333333,5,1,5,10.00000000,12608.00000000,16536.00000000,232,629.14394420,0.24681884,0.23537450,24,0.91312619,0.62500000,1294.00000000,117.00000000,23.00000000,4,out_of_time,504.23311771,500.47725493,198.61324495,0.62891489,2021-07-14
pg-ad767f570dc4f3ea,ESPORTSTMNT03_2101365,2021-08-11T16:37:18,2021-08-11,2021,Unknown,1,11.15,Red,oe:team:d2628b4f33cdc631c1fc42be5d2b771,PDW,oe:team:6cedba5819b5b7c465cb3bb48bfe855,Illuminar Gaming,oe:player:7471c21aed615dae3e49140eca8ce89,Bruness,jng,Xin Zhao,oe:player:243afb63fb97e1791ffee0cec41ecdf,Lee Sin,jng:Xin Zhao,lineup-449ab01c69a3adca,1,1577.00000000,26.28333333,4,1,8,12.00000000,9577.00000000,11743.00000000,143,446.78503488,0.18748287,0.16715062,36,1.36968928,0.75000000,-1619.00000000,-1014.00000000,-9.00000000,4,out_of_time,305.66810707,296.66496629,125.49212557,1.12450823,2021-07-14
pg-6b2e71c1f48a8881,ESPORTSTMNT03_2101365,2021-08-11T16:37:18,2021-08-11,2021,Unknown,1,11.15,Red,oe:team:d2628b4f33cdc631c1fc42be5d2b771,PDW,oe:team:6cedba5819b5b7c465cb3bb48bfe855,Illuminar Gaming,oe:player:73ac73edf51a3acdfa494e271c6ee29,Czajek,mid,Seraphine,oe:player:7e33124e33721ef8f70d2dd843b57da,Orianna,mid:Seraphine,lineup-449ab01c69a3adca,1,1577.00000000,26.28333333,3,1,11,14.00000000,10788.00000000,18456.00000000,238,702.19403932,0.21118985,0.26270390,26,0.98922004,0.87500000,273.00000000,-460.00000000,4.00000000,4,out_of_time,414.07188728,444.79187933,161.18151241,1.78756327,2021-07-14
pg-9c1203a1d0d3d163,ESPORTSTMNT03_2101365,2021-08-11T16:37:18,2021-08-11,2021,Unknown,1,11.15,Red,oe:team:d2628b4f33cdc631c1fc42be5d2b771,PDW,oe:team:6cedba5819b5b7c465cb3bb48bfe855,Illuminar Gaming,oe:player:1f111e88abd984a347713f070de73e3,kubYD,sup,Nautilus,oe:player:e0357bd3e9e044c623fbc77cc985cd7,Thresh,sup:Nautilus,lineup-449ab01c69a3adca,1,1577.00000000,26.28333333,0,2,9,4.50000000,6420.00000000,5384.00000000,31,204.84464172,0.12568028,0.07663621,76,2.89156627,0.56250000,263.00000000,461.00000000,-4.00000000,4,out_of_time,130.34826524,142.93212766,76.47042949,0.97418541,2021-07-14
pg-d3233b005358cf78,ESPORTSTMNT03_2101365,2021-08-11T16:37:18,2021-08-11,2021,Unknown,1,11.15,Red,oe:team:d2628b4f33cdc631c1fc42be5d2b771,PDW,oe:team:6cedba5819b5b7c465cb3bb48bfe855,Illuminar Gaming,oe:player:cb5feb1b7314637725a2e73bdc9f729,Color,top,Jayce,oe:player:298b3a3324ca8d42c20518481cab844,Tahm Kench,top:Jayce,lineup-449ab01c69a3adca,1,1577.00000000,26.28333333,4,4,5,2.25000000,11689.00000000,18135.00000000,205,689.98097654,0.22882816,0.25813477,19,0.72289157,0.56250000,1210.00000000,1459.00000000,30.00000000,4,out_of_time,435.29758392,393.88482654,156.33881912,1.62904769,2021-07-14
pg-21cb23dd3f409306,ESPORTSTMNT03_2101374,2021-08-11T17:32:35,2021-08-11,2021,Unknown,1,11.15,Blue,oe:team:d2628b4f33cdc631c1fc42be5d2b771,PDW,oe:team:6cedba5819b5b7c465cb3bb48bfe855,Illuminar Gaming,oe:player:7705566e63eedc7bd6c4c72d43c9104,odi11,bot,Seraphine,oe:player:694ee794a9d3a8c3fbd658becb89769,Varus,bot:Seraphine,lineup-449ab01c69a3adca,0,1452.00000000,24.20000000,0,3,2,0.66666667,7461.00000000,4268.00000000,191,176.36363636,0.20135478,0.14043631,16,0.66115702,0.66666667,-2056.00000000,-1425.00000000,-29.00000000,4,out_of_time,478.79818160,500.47725493,198.61324495,-1.52273100,2021-07-14
pg-9520c507b54e0b40,ESPORTSTMNT03_2101374,2021-08-11T17:32:35,2021-08-11,2021,Unknown,1,11.15,Blue,oe:team:d2628b4f33cdc631c1fc42be5d2b771,PDW,oe:team:6cedba5819b5b7c465cb3bb48bfe855,Illuminar Gaming,oe:player:7471c21aed615dae3e49140eca8ce89,Bruness,jng,Xin Zhao,oe:player:243afb63fb97e1791ffee0cec41ecdf,Diana,jng:Xin Zhao,lineup-449ab01c69a3adca,0,1452.00000000,24.20000000,2,6,1,0.50000000,7885.00000000,6129.00000000,143,253.26446281,0.21279754,0.20167155,23,0.95041322,1.00000000,-1869.00000000,-852.00000000,-18.00000000,4,out_of_time,299.35268007,296.66496629,125.49212557,-0.36725983,2021-07-14
pg-b607616539ba0c34,ESPORTSTMNT03_2101374,2021-08-11T17:32:35,2021-08-11,2021,Unknown,1,11.15,Blue,oe:team:d2628b4f33cdc631c1fc42be5d2b771,PDW,oe:team:6cedba5819b5b7c465cb3bb48bfe855,Illuminar Gaming,oe:player:73ac73edf51a3acdfa494e271c6ee29,Czajek,mid,Akali,oe:player:7e33124e33721ef8f70d2dd843b57da,Viktor,mid:Akali,lineup-449ab01c69a3adca,0,1452.00000000,24.20000000,1,4,2,0.75000000,8569.00000000,8675.00000000,202,358.47107438,0.23125708,0.28544635,17,0.70247934,1.00000000,-858.00000000,-563.00000000,1.00000000,4,out_of_time,424.89158679,444.79187933,161.18151241,-0.41208518,2021-07-14
pg-79c8df09d4bca954,ESPORTSTMNT03_2101374,2021-08-11T17:32:35,2021-08-11,2021,Unknown,1,11.15,Blue,oe:team:d2628b4f33cdc631c1fc42be5d2b771,PDW,oe:team:6cedba5819b5b7c465cb3bb48bfe855,Illuminar Gaming,oe:player:1f111e88abd984a347713f070de73e3,kubYD,sup,Nautilus,oe:player:e0357bd3e9e044c623fbc77cc985cd7,Thresh,sup:Nautilus,lineup-449ab01c69a3adca,0,1452.00000000,24.20000000,0,5,2,0.40000000,4647.00000000,1593.00000000,26,65.82644628,0.12541156,0.05241683,51,2.10743802,0.66666667,-177.00000000,338.00000000,0.00000000,4,out_of_time,130.44736480,142.93212766,76.47042949,-0.84504453,2021-07-14
pg-02800b6ef2c35240,ESPORTSTMNT03_2101374,2021-08-11T17:32:35,2021-08-11,2021,Unknown,1,11.15,Blue,oe:team:d2628b4f33cdc631c1fc42be5d2b771,PDW,oe:team:6cedba5819b5b7c465cb3bb48bfe855,Illuminar Gaming,oe:player:cb5feb1b7314637725a2e73bdc9f729,Color,top,Gnar,oe:player:298b3a3324ca8d42c20518481cab844,Fiora,top:Gnar,lineup-449ab01c69a3adca,0,1452.00000000,24.20000000,0,4,2,0.50000000,8492.00000000,9726.00000000,179,401.90082645,0.22917904,0.32002896,20,0.82644628,0.66666667,749.00000000,272.00000000,6.00000000,4,out_of_time,390.77112228,393.88482654,156.33881912,0.07118964,2021-07-14
pg-8a640b5f0477c44f,ESPORTSTMNT03_2101374,2021-08-11T17:32:35,2021-08-11,2021,Unknown,1,11.15,Red,oe:team:6cedba5819b5b7c465cb3bb48bfe855,Illuminar Gaming,oe:team:d2628b4f33cdc631c1fc42be5d2b771,PDW,oe:player:694ee794a9d3a8c3fbd658becb89769,Zamulek,bot,Varus,oe:player:7705566e63eedc7bd6c4c72d43c9104,Seraphine,bot:Varus,lineup-3c3e1664e86dfbcc,1,1452.00000000,24.20000000,4,0,7,11.00000000,10792.00000000,10813.00000000,200,446.81818182,0.21326799,0.22025543,31,1.28099174,0.50000000,2056.00000000,1425.00000000,29.00000000,4,out_of_time,487.50071688,500.47725493,198.61324495,-0.20483294,2021-07-14
pg-2b0b707d56848142,ESPORTSTMNT03_2101374,2021-08-11T17:32:35,2021-08-11,2021,Unknown,1,11.15,Red,oe:team:6cedba5819b5b7c465cb3bb48bfe855,Illuminar Gaming,oe:team:d2628b4f33cdc631c1fc42be5d2b771,PDW,oe:player:243afb63fb97e1791ffee0cec41ecdf,Krysia,jng,Diana,oe:player:7471c21aed615dae3e49140eca8ce89,Xin Zhao,jng:Diana,lineup-3c3e1664e86dfbcc,1,1452.00000000,24.20000000,9,1,12,21.00000000,12336.00000000,14114.00000000,179,583.22314050,0.24378001,0.28749516,31,1.28099174,0.95454545,1869.00000000,852.00000000,18.00000000,4,out_of_time,303.98700690,296.66496629,125.49212557,2.22512873,2021-07-14
pg-34f2e737f75348a3,ESPORTSTMNT03_2101374,2021-08-11T17:32:35,2021-08-11,2021,Unknown,1,11.15,Red,oe:team:6cedba5819b5b7c465cb3bb48bfe855,Illuminar Gaming,oe:team:d2628b4f33cdc631c1fc42be5d2b771,PDW,oe:player:7e33124e33721ef8f70d2dd843b57da,ESCIK,mid,Viktor,oe:player:73ac73edf51a3acdfa494e271c6ee29,Akali,mid:Viktor,lineup-3c3e1664e86dfbcc,1,1452.00000000,24.20000000,4,1,11,15.00000000,11152.00000000,13108.00000000,224,541.65289256,0.22038219,0.26700344,21,0.86776860,0.68181818,858.00000000,563.00000000,-1.00000000,4,out_of_time,501.04269221,444.79187933,161.18151241,0.25195322,2021-07-14
pg-8b58a6879b5f3cbd,ESPORTSTMNT03_2101374,2021-08-11T17:32:35,2021-08-11,2021,Unknown,1,11.15,Red,oe:team:6cedba5819b5b7c465cb3bb48bfe855,Illuminar Gaming,oe:team:d2628b4f33cdc631c1fc42be5d2b771,PDW,oe:player:e0357bd3e9e044c623fbc77cc985cd7,xCharm,sup,Thresh,oe:player:1f111e88abd984a347713f070de73e3,Nautilus,sup:Thresh,lineup-3c3e1664e86dfbcc,1,1452.00000000,24.20000000,1,1,15,16.00000000,6736.00000000,1834.00000000,32,75.78512397,0.13311464,0.03735767,72,2.97520661,0.72727273,177.00000000,-338.00000000,0.00000000,4,out_of_time,112.17973621,142.93212766,76.47042949,-0.47593053,2021-07-14
pg-e08e02e1dc2ecd42,ESPORTSTMNT03_2101374,2021-08-11T17:32:35,2021-08-11,2021,Unknown,1,11.15,Red,oe:team:6cedba5819b5b7c465cb3bb48bfe855,Illuminar Gaming,oe:team:d2628b4f33cdc631c1fc42be5d2b771,PDW,oe:player:298b3a3324ca8d42c20518481cab844,LEQINHO6,top,Fiora,oe:player:cb5feb1b7314637725a2e73bdc9f729,Gnar,top:Fiora,lineup-3c3e1664e86dfbcc,1,1452.00000000,24.20000000,4,0,5,9.00000000,9587.00000000,9224.00000000,190,381.15702479,0.18945517,0.18788829,31,1.28099174,0.40909091,-749.00000000,-272.00000000,-6.00000000,4,out_of_time,344.91848559,393.88482654,156.33881912,0.23179489,2021-07-14
pg-2427dc71e73ee4fe,ESPORTSTMNT03_2091296,2021-08-11T18:26:36,2021-08-11,2021,Unknown,1,11.15,Blue,oe:team:6cedba5819b5b7c465cb3bb48bfe855,Illuminar Gaming,oe:team:d2628b4f33cdc631c1fc42be5d2b771,PDW,oe:player:694ee794a9d3a8c3fbd658becb89769,Zamulek,bot,Varus,oe:player:7705566e63eedc7bd6c4c72d43c9104,Caitlyn,bot:Varus,lineup-3c3e1664e86dfbcc,0,1756.00000000,29.26666667,3,2,4,3.50000000,12183.00000000,18133.00000000,286,619.57858770,0.25086484,0.37686009,47,1.60592255,0.70000000,1757.00000000,1256.00000000,22.00000000,4,out_of_time,485.61643323,500.47725493,198.61324495,0.67448752,2021-07-14
pg-aa913e0e31689b5a,ESPORTSTMNT03_2091296,2021-08-11T18:26:36,2021-08-11,2021,Unknown,1,11.15,Blue,oe:team:6cedba5819b5b7c465cb3bb48bfe855,Illuminar Gaming,oe:team:d2628b4f33cdc631c1fc42be5d2b771,PDW,oe:player:243afb63fb97e1791ffee0cec41ecdf,Krysia,jng,Diana,oe:player:7471c21aed615dae3e49140eca8ce89,Xin Zhao,jng:Diana,lineup-3c3e1664e86dfbcc,0,1756.00000000,29.26666667,7,3,0,2.33333333,11447.00000000,9462.00000000,206,323.30296128,0.23570958,0.19664976,31,1.05922551,0.70000000,1518.00000000,1398.00000000,32.00000000,4,out_of_time,304.08610646,296.66496629,125.49212557,0.15313196,2021-07-14
pg-a976450f43eff72e,ESPORTSTMNT03_2091296,2021-08-11T18:26:36,2021-08-11,2021,Unknown,1,11.15,Blue,oe:team:6cedba5819b5b7c465cb3bb48bfe855,Illuminar Gaming,oe:team:d2628b4f33cdc631c1fc42be5d2b771,PDW,oe:player:7e33124e33721ef8f70d2dd843b57da,ESCIK,mid,Sett,oe:player:73ac73edf51a3acdfa494e271c6ee29,Twisted Fate,mid:Sett,lineup-3c3e1664e86dfbcc,0,1756.00000000,29.26666667,0,3,5,1.66666667,8474.00000000,8937.00000000,183,305.36446469,0.17449139,0.18573863,29,0.99088838,0.50000000,-1269.00000000,-540.00000000,-14.00000000,4,out_of_time,405.36191080,444.79187933,161.18151241,-0.62040270,2021-07-14
pg-b4718223276ee83c,ESPORTSTMNT03_2091296,2021-08-11T18:26:36,2021-08-11,2021,Unknown,1,11.15,Blue,oe:team:6cedba5819b5b7c465cb3bb48bfe855,Illuminar Gaming,oe:team:d2628b4f33cdc631c1fc42be5d2b771,PDW,oe:player:e0357bd3e9e044c623fbc77cc985cd7,xCharm,sup,Thresh,oe:player:1f111e88abd984a347713f070de73e3,Nautilus,sup:Thresh,lineup-3c3e1664e86dfbcc,0,1756.00000000,29.26666667,0,2,6,3.00000000,6091.00000000,2841.00000000,31,97.07289294,0.12542212,0.05904481,69,2.35763098,0.60000000,403.00000000,-217.00000000,-1.00000000,4,out_of_time,112.27883577,142.93212766,76.47042949,-0.19884736,2021-07-14
pg-fc9389ddb171bc61,ESPORTSTMNT03_2091296,2021-08-11T18:26:36,2021-08-11,2021,Unknown,1,11.15,Blue,oe:team:6cedba5819b5b7c465cb3bb48bfe855,Illuminar Gaming,oe:team:d2628b4f33cdc631c1fc42be5d2b771,PDW,oe:player:298b3a3324ca8d42c20518481cab844,LEQINHO6,top,Gnar,oe:player:cb5feb1b7314637725a2e73bdc9f729,Aatrox,top:Gnar,lineup-3c3e1664e86dfbcc,0,1756.00000000,29.26666667,0,3,6,2.00000000,10369.00000000,8743.00000000,227,298.73576310,0.21351207,0.18170671,43,1.46924829,0.60000000,-691.00000000,-1065.00000000,-23.00000000,4,out_of_time,368.26495804,393.88482654,156.33881912,-0.44473404,2021-07-14
pg-a88c74e89d454147,ESPORTSTMNT03_2091296,2021-08-11T18:26:36,2021-08-11,2021,Unknown,1,11.15,Red,oe:team:d2628b4f33cdc631c1fc42be5d2b771,PDW,oe:team:6cedba5819b5b7c465cb3bb48bfe855,Illuminar Gaming,oe:player:7705566e63eedc7bd6c4c72d43c9104,odi11,bot,Caitlyn,oe:player:694ee794a9d3a8c3fbd658becb89769,Varus,bot:Caitlyn,lineup-449ab01c69a3adca,1,1756.00000000,29.26666667,6,1,3,9.00000000,13370.00000000,13920.00000000,284,475.62642369,0.24994859,0.29151832,35,1.19589977,0.69230769,-1757.00000000,-1256.00000000,-22.00000000,4,out_of_time,531.79228264,500.47725493,198.61324495,-0.28279010,2021-07-14
pg-b42350b0342a0a59,ESPORTSTMNT03_2091296,2021-08-11T18:26:36,2021-08-11,2021,Unknown,1,11.15,Red,oe:team:d2628b4f33cdc631c1fc42be5d2b771,PDW,oe:team:6cedba5819b5b7c465cb3bb48bfe855,Illuminar Gaming,oe:player:7471c21aed615dae3e49140eca8ce89,Bruness,jng,Xin Zhao,oe:player:243afb63fb97e1791ffee0cec41ecdf,Diana,jng:Xin Zhao,lineup-449ab01c69a3adca,1,1756.00000000,29.26666667,4,3,6,3.33333333,9959.00000000,8415.00000000,153,287.52847380,0.18618085,0.17623037,30,1.02505695,0.76923077,-1518.00000000,-1398.00000000,-32.00000000,4,out_of_time,299.25358051,296.66496629,125.49212557,-0.09343301,2021-07-14
pg-45eab6343416e405,ESPORTSTMNT03_2091296,2021-08-11T18:26:36,2021-08-11,2021,Unknown,1,11.15,Red,oe:team:d2628b4f33cdc631c1fc42be5d2b771,PDW,oe:team:6cedba5819b5b7c465cb3bb48bfe855,Illuminar Gaming,oe:player:73ac73edf51a3acdfa494e271c6ee29,Czajek,mid,Twisted Fate,oe:player:7e33124e33721ef8f70d2dd843b57da,Sett,mid:Twisted Fate,lineup-449ab01c69a3adca,1,1756.00000000,29.26666667,2,0,10,12.00000000,12529.00000000,11325.00000000,272,386.95899772,0.23422632,0.23717277,34,1.16173121,0.92307692,1269.00000000,540.00000000,14.00000000,4,out_of_time,409.91862725,444.79187933,161.18151241,-0.14244580,2021-07-14
pg-ce9caf9092866b22,ESPORTSTMNT03_2091296,2021-08-11T18:26:36,2021-08-11,2021,Unknown,1,11.15,Red,oe:team:d2628b4f33cdc631c1fc42be5d2b771,PDW,oe:team:6cedba5819b5b7c465cb3bb48bfe855,Illuminar Gaming,oe:player:1f111e88abd984a347713f070de73e3,kubYD,sup,Nautilus,oe:player:e0357bd3e9e044c623fbc77cc985cd7,Thresh,sup:Nautilus,lineup-449ab01c69a3adca,1,1756.00000000,29.26666667,0,4,8,2.00000000,5921.00000000,4028.00000000,30,137.63097950,0.11069152,0.08435602,69,2.35763098,0.61538462,-403.00000000,217.00000000,1.00000000,4,out_of_time,130.34826524,142.93212766,76.47042949,0.09523569,2021-07-14
pg-a446898d701dede4,ESPORTSTMNT03_2091296,2021-08-11T18:26:36,2021-08-11,2021,Unknown,1,11.15,Red,oe:team:d2628b4f33cdc631c1fc42be5d2b771,PDW,oe:team:6cedba5819b5b7c465cb3bb48bfe855,Illuminar Gaming,oe:player:cb5feb1b7314637725a2e73bdc9f729,Color,top,Aatrox,oe:player:298b3a3324ca8d42c20518481cab844,Gnar,top:Aatrox,lineup-449ab01c69a3adca,1,1756.00000000,29.26666667,1,2,8,4.50000000,11712.00000000,10062.00000000,222,343.80410023,0.21895272,0.21072251,35,1.19589977,0.69230769,691.00000000,1065.00000000,23.00000000,4,out_of_time,349.61919861,393.88482654,156.33881912,-0.03719549,2021-07-14
pg-9889d1307e4698e9,ESPORTSTMNT03_2101411,2021-08-11T19:21:19,2021-08-11,2021,Unknown,1,11.15,Blue,oe:team:d2628b4f33cdc631c1fc42be5d2b771,PDW,oe:team:6cedba5819b5b7c465cb3bb48bfe855,Illuminar Gaming,oe:player:7705566e63eedc7bd6c4c72d43c9104,odi11,bot,Caitlyn,oe:player:694ee794a9d3a8c3fbd658becb89769,Kog'Maw,bot:Caitlyn,lineup-449ab01c69a3adca,1,2138.00000000,35.63333333,2,0,2,4.00000000,14432.00000000,12150.00000000,304,340.97287184,0.22573632,0.26805215,45,1.26286249,0.50000000,-116.00000000,-324.00000000,-7.00000000,4,out_of_time,539.47862362,500.47725493,198.61324495,-0.99945878,2021-07-14
pg-32596bfd67aaec8e,ESPORTSTMNT03_2101411,2021-08-11T19:21:19,2021-08-11,2021,Unknown,1,11.15,Blue,oe:team:d2628b4f33cdc631c1fc42be5d2b771,PDW,oe:team:6cedba5819b5b7c465cb3bb48bfe855,Illuminar Gaming,oe:player:7471c21aed615dae3e49140eca8ce89,Bruness,jng,Xin Zhao,oe:player:243afb63fb97e1791ffee0cec41ecdf,Viego,jng:Xin Zhao,lineup-449ab01c69a3adca,1,2138.00000000,35.63333333,1,1,3,4.00000000,12072.00000000,5658.00000000,205,158.78391020,0.18882267,0.12482626,64,1.79607109,0.50000000,540.00000000,-60.00000000,14.00000000,4,out_of_time,311.89051165,296.66496629,125.49212557,-1.22004947,2021-07-14
pg-447f7b4289f29b84,ESPORTSTMNT03_2101411,2021-08-11T19:21:19,2021-08-11,2021,Unknown,1,11.15,Blue,oe:team:d2628b4f33cdc631c1fc42be5d2b771,PDW,oe:team:6cedba5819b5b7c465cb3bb48bfe855,Illuminar Gaming,oe:player:73ac73edf51a3acdfa494e271c6ee29,Czajek,mid,Orianna,oe:player:7e33124e33721ef8f70d2dd843b57da,Viktor,mid:Orianna,lineup-449ab01c69a3adca,1,2138.00000000,35.63333333,4,0,4,8.00000000,14918.00000000,14627.00000000,314,410.48643592,0.23333803,0.32269949,34,0.95416277,1.00000000,1091.00000000,206.00000000,9.00000000,4,out_of_time,440.06801242,444.79187933,161.18151241,-0.18352959,2021-07-14
pg-6119ea5c2369fe17,ESPORTSTMNT03_2101411,2021-08-11T19:21:19,2021-08-11,2021,Unknown,1,11.15,Blue,oe:team:d2628b4f33cdc631c1fc42be5d2b771,PDW,oe:team:6cedba5819b5b7c465cb3bb48bfe855,Illuminar Gaming,oe:player:1f111e88abd984a347713f070de73e3,kubYD,sup,Nautilus,oe:player:e0357bd3e9e044c623fbc77cc985cd7,Thresh,sup:Nautilus,lineup-449ab01c69a3adca,1,2138.00000000,35.63333333,0,1,7,7.00000000,8277.00000000,3871.00000000,39,108.63423761,0.12946366,0.08540164,96,2.69410664,0.87500000,2.00000000,561.00000000,3.00000000,4,out_of_time,130.44736480,142.93212766,76.47042949,-0.28524918,2021-07-14
pg-a48014aef051e881,ESPORTSTMNT03_2101411,2021-08-11T19:21:19,2021-08-11,2021,Unknown,1,11.15,Blue,oe:team:d2628b4f33cdc631c1fc42be5d2b771,PDW,oe:team:6cedba5819b5b7c465cb3bb48bfe855,Illuminar Gaming,oe:player:cb5feb1b7314637725a2e73bdc9f729,Color,top,Camille,oe:player:298b3a3324ca8d42c20518481cab844,Fiora,top:Camille,lineup-449ab01c69a3adca,1,2138.00000000,35.63333333,1,2,3,2.00000000,14234.00000000,9021.00000000,315,253.16183349,0.22263933,0.19902045,41,1.15060804,0.50000000,-831.00000000,-218.00000000,-10.00000000,4,out_of_time,406.31863774,393.88482654,156.33881912,-0.97964667,2021-07-14
pg-07e4bc05646752a5,ESPORTSTMNT03_2101411,2021-08-11T19:21:19,2021-08-11,2021,Unknown,1,11.15,Red,oe:team:6cedba5819b5b7c465cb3bb48bfe855,Illuminar Gaming,oe:team:d2628b4f33cdc631c1fc42be5d2b771,PDW,oe:player:694ee794a9d3a8c3fbd658becb89769,Zamulek,bot,Kog'Maw,oe:player:7705566e63eedc7bd6c4c72d43c9104,Caitlyn,bot:Kog'Maw,lineup-3c3e1664e86dfbcc,0,2138.00000000,35.63333333,2,1,1,3.00000000,13020.00000000,20018.00000000,311,561.77736202,0.23403796,0.45092695,32,0.89803555,0.75000000,116.00000000,324.00000000,7.00000000,4,out_of_time,452.89816657,500.47725493,198.61324495,0.54819705,2021-07-14
pg-9adf903d6d28669b,ESPORTSTMNT03_2101411,2021-08-11T19:21:19,2021-08-11,2021,Unknown,1,11.15,Red,oe:team:6cedba5819b5b7c465cb3bb48bfe855,Illuminar Gaming,oe:team:d2628b4f33cdc631c1fc42be5d2b771,PDW,oe:player:243afb63fb97e1791ffee0cec41ecdf,Krysia,jng,Viego,oe:player:7471c21aed615dae3e49140eca8ce89,Xin Zhao,jng:Viego,lineup-3c3e1664e86dfbcc,0,2138.00000000,35.63333333,1,3,0,0.33333333,10366.00000000,2020.00000000,202,56.68849392,0.18633161,0.04550267,52,1.45930776,0.25000000,-540.00000000,60.00000000,-14.00000000,4,out_of_time,282.55659532,296.66496629,125.49212557,-1.79985876,2021-07-14
pg-a29532636f8656bb,ESPORTSTMNT03_2101411,2021-08-11T19:21:19,2021-08-11,2021,Unknown,1,11.15,Red,oe:team:6cedba5819b5b7c465cb3bb48bfe855,Illuminar Gaming,oe:team:d2628b4f33cdc631c1fc42be5d2b771,PDW,oe:player:7e33124e33721ef8f70d2dd843b57da,ESCIK,mid,Viktor,oe:player:73ac73edf51a3acdfa494e271c6ee29,Orianna,mid:Viktor,lineup-3c3e1664e86dfbcc,0,2138.00000000,35.63333333,1,0,1,2.00000000,11562.00000000,14366.00000000,285,403.16183349,0.20783003,0.32360958,44,1.23479888,0.50000000,-1091.00000000,-206.00000000,-9.00000000,4,out_of_time,498.97532564,444.79187933,161.18151241,-0.59444468,2021-07-14
pg-1f9feb5904bb5f83,ESPORTSTMNT03_2101411,2021-08-11T19:21:19,2021-08-11,2021,Unknown,1,11.15,Red,oe:team:6cedba5819b5b7c465cb3bb48bfe855,Illuminar Gaming,oe:team:d2628b4f33cdc631c1fc42be5d2b771,PDW,oe:player:e0357bd3e9e044c623fbc77cc985cd7,xCharm,sup,Thresh,oe:player:1f111e88abd984a347713f070de73e3,Nautilus,sup:Thresh,lineup-3c3e1664e86dfbcc,0,2138.00000000,35.63333333,0,2,3,1.50000000,7014.00000000,1564.00000000,30,43.89148737,0.12607852,0.03523078,99,2.77829747,0.75000000,-2.00000000,-561.00000000,-3.00000000,4,out_of_time,112.17973621,142.93212766,76.47042949,-0.89300203,2021-07-14
pg-4be5520d217ef230,ESPORTSTMNT03_2101411,2021-08-11T19:21:19,2021-08-11,2021,Unknown,1,11.15,Red,oe:team:6cedba5819b5b7c465cb3bb48bfe855,Illuminar Gaming,oe:team:d2628b4f33cdc631c1fc42be5d2b771,PDW,oe:player:298b3a3324ca8d42c20518481cab844,LEQINHO6,top,Fiora,oe:player:cb5feb1b7314637725a2e73bdc9f729,Camille,top:Fiora,lineup-3c3e1664e86dfbcc,0,2138.00000000,35.63333333,0,2,3,1.50000000,13670.00000000,6425.00000000,279,180.30869972,0.24572189,0.14473003,30,0.84190833,0.75000000,831.00000000,218.00000000,10.00000000,4,out_of_time,351.11904157,393.88482654,156.33881912,-1.09256513,2021-07-14
