game_id,day,season,split,patch,team_id,team,lineup_id,result,pair_id,player_a_id,player_b_id,player_a,player_b,pair_impact
NA1/3443164438,2020-05-31,2020,Unknown,10.11,oe:team:02008dfb4feddaf6583dd7116eb5180,Life Support,lineup-6110b288021f6f1c,0,pair-d300ac1ce09f43da,oe:player:07d1c57ec273126c65dbd1197abdb47,oe:player:0e8c08918017e086c42a9a250969768,Pockus,Jozy,
NA1/3443164438,2020-05-31,2020,Unknown,10.11,oe:team:02008dfb4feddaf6583dd7116eb5180,Life Support,lineup-6110b288021f6f1c,0,pair-f9272a413e5710cf,oe:player:07d1c57ec273126c65dbd1197abdb47,oe:player:1e2dabe023493f20f397a3931412383,Pockus,Dinka,
NA1/3443164438,2020-05-31,2020,Unknown,10.11,oe:team:02008dfb4feddaf6583dd7116eb5180,Life Support,lineup-6110b288021f6f1c,0,pair-d0681bce1af7eae1,oe:player:07d1c57ec273126c65dbd1197abdb47,oe:player:713fae3c1b605df4ee976c6188182a1,Pockus,Wixxi,
NA1/3443164438,2020-05-31,2020,Unknown,10.11,oe:team:02008dfb4feddaf6583dd7116eb5180,Life Support,lineup-6110b288021f6f1c,0,pair-fcae5aa8aeac784e,oe:player:07d1c57ec273126c65dbd1197abdb47,oe:player:df4f91120caa080682bf595c5f7f2d3,Pockus,CptShrimps,
NA1/3443164438,2020-05-31,2020,Unknown,10.11,oe:team:02008dfb4feddaf6583dd7116eb5180,Life Support,lineup-6110b288021f6f1c,0,pair-b6cc722501060c78,oe:player:0e8c08918017e086c42a9a250969768,oe:player:1e2dabe023493f20f397a3931412383,Jozy,Dinka,
NA1/3443164438,2020-05-31,2020,Unknown,10.11,oe:team:02008dfb4feddaf6583dd7116eb5180,Life Support,lineup-6110b288021f6f1c,0,pair-20a86d5788894986,oe:player:0e8c08918017e086c42a9a250969768,oe:player:713fae3c1b605df4ee976c6188182a1,Jozy,Wixxi,
NA1/3443164438,2020-05-31,2020,Unknown,10.11,oe:team:02008dfb4feddaf6583dd7116eb5180,Life Support,lineup-6110b288021f6f1c,0,pair-18e9e0fc20df46d6,oe:player:0e8c08918017e086c42a9a250969768,oe:player:df4f91120caa080682bf595c5f7f2d3,Jozy,CptShrimps,
NA1/3443164438,2020-05-31,2020,Unknown,10.11,oe:team:02008dfb4feddaf6583dd7116eb5180,Life Support,lineup-6110b288021f6f1c,0,pair-f8dc37b8ef500534,oe:player:1e2dabe023493f20f397a3931412383,oe:player:713fae3c1b605df4ee976c6188182a1,Dinka,Wixxi,
NA1/3443164438,2020-05-31,2020,Unknown,10.11,oe:team:02008dfb4feddaf6583dd7116eb5180,Life Support,lineup-6110b288021f6f1c,0,pair-ef9c00ccf1369abc,oe:player:1e2dabe023493f20f397a3931412383,oe:player:df4f91120caa080682bf595c5f7f2d3,Dinka,CptShrimps,
NA1/3443164438,2020-05-31,2020,Unknown,10.11,oe:team:02008dfb4feddaf6583dd7116eb5180,Life Support,lineup-6110b288021f6f1c,0,pair-b05bfcd89f9046c0,oe:player:713fae3c1b605df4ee976c6188182a1,oe:player:df4f91120caa080682bf595c5f7f2d3,Wixxi,CptShrimps,
NA1/3443164438,2020-05-31,2020,Unknown,10.11,oe:team:5baea1d85fe74c9b5324e0ac7b55f23,XT Esports,lineup-38b2dec48d174101,1,pair-1a40bc942f719ef7,oe:player:506d63191c3a0485207a97d1303614e,oe:player:6cd277156437b9b8dd67807bb21d0a5,SeanTheGod,Twocutz,
NA1/3443164438,2020-05-31,2020,Unknown,10.11,oe:team:5baea1d85fe74c9b5324e0ac7b55f23,XT Esports,lineup-38b2dec48d174101,1,pair-ddc4924b5d6c7bc7,oe:player:506d63191c3a0485207a97d1303614e,oe:player:760f71918dbe25e76081e22adb97a74,SeanTheGod,Yunbee,
NA1/3443164438,2020-05-31,2020,Unknown,10.11,oe:team:5baea1d85fe74c9b5324e0ac7b55f23,XT Esports,lineup-38b2dec48d174101,1,pair-b0c581403e1c9216,oe:player:506d63191c3a0485207a97d1303614e,oe:player:97a03ee352a6f5252f1f93019e992f9,SeanTheGod,Cozy,
NA1/3443164438,2020-05-31,2020,Unknown,10.11,oe:team:5baea1d85fe74c9b5324e0ac7b55f23,XT Esports,lineup-38b2dec48d174101,1,pair-03000369946bc6ca,oe:player:506d63191c3a0485207a97d1303614e,oe:player:ea2f78f74267c020cce0e3297653f24,SeanTheGod,Seoks,
NA1/3443164438,2020-05-31,2020,Unknown,10.11,oe:team:5baea1d85fe74c9b5324e0ac7b55f23,XT Esports,lineup-38b2dec48d174101,1,pair-2d8aaa82279bad84,oe:player:6cd277156437b9b8dd67807bb21d0a5,oe:player:760f71918dbe25e76081e22adb97a74,Twocutz,Yunbee,
NA1/3443164438,2020-05-31,2020,Unknown,10.11,oe:team:5baea1d85fe74c9b5324e0ac7b55f23,XT Esports,lineup-38b2dec48d174101,1,pair-e6ad40f7a53aac76,oe:player:6cd277156437b9b8dd67807bb21d0a5,oe:player:97a03ee352a6f5252f1f93019e992f9,Twocutz,Cozy,
NA1/3443164438,2020-05-31,2020,Unknown,10.11,oe:team:5baea1d85fe74c9b5324e0ac7b55f23,XT Esports,lineup-38b2dec48d174101,1,pair-b0292606a1d9db61,oe:player:6cd277156437b9b8dd67807bb21d0a5,oe:player:ea2f78f74267c020cce0e3297653f24,Twocutz,Seoks,
NA1/3443164438,2020-05-31,2020,Unknown,10.11,oe:team:5baea1d85fe74c9b5324e0ac7b55f23,XT Esports,lineup-38b2dec48d174101,1,pair-4e9578577cb9b662,oe:player:760f71918dbe25e76081e22adb97a74,oe:player:97a03ee352a6f5252f1f93019e992f9,Yunbee,Cozy,
NA1/3443164438,2020-05-31,2020,Unknown,10.11,oe:team:5baea1d85fe74c9b5324e0ac7b55f23,XT Esports,lineup-38b2dec48d174101,1,pair-0b64e9e82ff026b1,oe:player:760f71918dbe25e76081e22adb97a74,oe:player:ea2f78f74267c020cce0e3297653f24,Yunbee,Seoks,
NA1/3443164438,2020-05-31,2020,Unknown,10.11,oe:team:5baea1d85fe74c9b5324e0ac7b55f23,XT Esports,lineup-38b2dec48d174101,1,pair-fd6d9f4bda5e64fd,oe:player:97a03ee352a6f5252f1f93019e992f9,oe:player:ea2f78f74267c020cce0e3297653f24,Cozy,Seoks,
NA1/3443165502,2020-06-01,2020,Unknown,10.11,oe:team:02008dfb4feddaf6583dd7116eb5180,Life Support,lineup-6110b288021f6f1c,0,pair-d300ac1ce09f43da,oe:player:07d1c57ec273126c65dbd1197abdb47,oe:player:0e8c08918017e086c42a9a250969768,Pockus,Jozy,
NA1/3443165502,2020-06-01,2020,Unknown,10.11,oe:team:02008dfb4feddaf6583dd7116eb5180,Life Support,lineup-6110b288021f6f1c,0,pair-f9272a413e5710cf,oe:player:07d1c57ec273126c65dbd1197abdb47,oe:player:1e2dabe023493f20f397a3931412383,Pockus,Dinka,
NA1/3443165502,2020-06-01,2020,Unknown,10.11,oe:team:02008dfb4feddaf6583dd7116eb5180,Life Support,lineup-6110b288021f6f1c,0,pair-d0681bce1af7eae1,oe:player:07d1c57ec273126c65dbd1197abdb47,oe:player:713fae3c1b605df4ee976c6188182a1,Pockus,Wixxi,
NA1/3443165502,2020-06-01,2020,Unknown,10.11,oe:team:02008dfb4feddaf6583dd7116eb5180,Life Support,lineup-6110b288021f6f1c,0,pair-fcae5aa8aeac784e,oe:player:07d1c57ec273126c65dbd1197abdb47,oe:player:df4f91120caa080682bf595c5f7f2d3,Pockus,CptShrimps,
NA1/3443165502,2020-06-01,2020,Unknown,10.11,oe:team:02008dfb4feddaf6583dd7116eb5180,Life Support,lineup-6110b288021f6f1c,0,pair-b6cc722501060c78,oe:player:0e8c08918017e086c42a9a250969768,oe:player:1e2dabe023493f20f397a3931412383,Jozy,Dinka,
NA1/3443165502,2020-06-01,2020,Unknown,10.11,oe:team:02008dfb4feddaf6583dd7116eb5180,Life Support,lineup-6110b288021f6f1c,0,pair-20a86d5788894986,oe:player:0e8c08918017e086c42a9a250969768,oe:player:713fae3c1b605df4ee976c6188182a1,Jozy,Wixxi,
NA1/3443165502,2020-06-01,2020,Unknown,10.11,oe:team:02008dfb4feddaf6583dd7116eb5180,Life Support,lineup-6110b288021f6f1c,0,pair-18e9e0fc20df46d6,oe:player:0e8c08918017e086c42a9a250969768,oe:player:df4f91120caa080682bf595c5f7f2d3,Jozy,CptShrimps,
NA1/3443165502,2020-06-01,2020,Unknown,10.11,oe:team:02008dfb4feddaf6583dd7116eb5180,Life Support,lineup-6110b288021f6f1c,0,pair-f8dc37b8ef500534,oe:player:1e2dabe023493f20f397a3931412383,oe:player:713fae3c1b605df4ee976c6188182a1,Dinka,Wixxi,
NA1/3443165502,2020-06-01,2020,Unknown,10.11,oe:team:02008dfb4feddaf6583dd7116eb5180,Life Support,lineup-6110b288021f6f1c,0,pair-ef9c00ccf1369abc,oe:player:1e2dabe023493f20f397a3931412383,oe:player:df4f91120caa080682bf595c5f7f2d3,Dinka,CptShrimps,
NA1/3443165502,2020-06-01,2020,Unknown,10.11,oe:team:02008dfb4feddaf6583dd7116eb5180,Life Support,lineup-6110b288021f6f1c,0,pair-b05bfcd89f9046c0,oe:player:713fae3c1b605df4ee976c6188182a1,oe:player:df4f91120caa080682bf595c5f7f2d3,Wixxi,CptShrimps,
NA1/3443165502,2020-06-01,2020,Unknown,10.11,oe:team:5baea1d85fe74c9b5324e0ac7b55f23,XT Esports,lineup-38b2dec48d174101,1,pair-1a40bc942f719ef7,oe:player:506d63191c3a0485207a97d1303614e,oe:player:6cd277156437b9b8dd67807bb21d0a5,SeanTheGod,Twocutz,
NA1/3443165502,2020-06-01,2020,Unknown,10.11,oe:team:5baea1d85fe74c9b5324e0ac7b55f23,XT Esports,lineup-38b2dec48d174101,1,pair-ddc4924b5d6c7bc7,oe:player:506d63191c3a0485207a97d1303614e,oe:player:760f71918dbe25e76081e22adb97a74,SeanTheGod,Yunbee,
NA1/3443165502,2020-06-01,2020,Unknown,10.11,oe:team:5baea1d85fe74c9b5324e0ac7b55f23,XT Esports,lineup-38b2dec48d174101,1,pair-b0c581403e1c9216,oe:player:506d63191c3a0485207a97d1303614e,oe:player:97a03ee352a6f5252f1f93019e992f9,SeanTheGod,Cozy,
NA1/3443165502,2020-06-01,2020,Unknown,10.11,oe:team:5baea1d85fe74c9b5324e0ac7b55f23,XT Esports,lineup-38b2dec48d174101,1,pair-03000369946bc6ca,oe:player:506d63191c3a0485207a97d1303614e,oe:player:ea2f78f74267c020cce0e3297653f24,SeanTheGod,Seoks,
NA1/3443165502,2020-06-01,2020,Unknown,10.11,oe:team:5baea1d85fe74c9b5324e0ac7b55f23,XT Esports,lineup-38b2dec48d174101,1,pair-2d8aaa82279bad84,oe:player:6cd277156437b9b8dd67807bb21d0a5,oe:player:760f71918dbe25e76081e22adb97a74,Twocutz,Yunbee,
NA1/3443165502,2020-06-01,2020,Unknown,10.11,oe:team:5baea1d85fe74c9b5324e0ac7b55f23,XT Esports,lineup-38b2dec48d174101,1,pair-e6ad40f7a53aac76,oe:player:6cd277156437b9b8dd67807bb21d0a5,oe:player:97a03ee352a6f5252f1f93019e992f9,Twocutz,Cozy,
NA1/3443165502,2020-06-01,2020,Unknown,10.11,oe:team:5baea1d85fe74c9b5324e0ac7b55f23,XT Esports,lineup-38b2dec48d174101,1,pair-b0292606a1d9db61,oe:player:6cd277156437b9b8dd67807bb21d0a5,oe:player:ea2f78f74267c020cce0e3297653f24,Twocutz,Seoks,
NA1/3443165502,2020-06-01,2020,Unknown,10.11,oe:team:5baea1d85fe74c9b5324e0ac7b55f23,XT Esports,lineup-38b2dec48d174101,1,pair-4e9578577cb9b662,oe:player:760f71918dbe25e76081e22adb97a74,oe:player:97a03ee352a6f5252f1f93019e992f9,Yunbee,Cozy,
NA1/3443165502,2020-06-01,2020,Unknown,10.11,oe:team:5baea1d85fe74c9b5324e0ac7b55f23,XT Esports,lineup-38b2dec48d174101,1,pair-0b64e9e82ff026b1,oe:player:760f71918dbe25e76081e22adb97a74,oe:player:ea2f78f74267c020cce0e3297653f24,Yunbee,Seoks,
NA1/3443165502,2020-06-01,2020,Unknown,10.11,oe:team:5baea1d85fe74c9b5324e0ac7b55f23,XT Esports,lineup-38b2dec48d174101,1,pair-fd6d9f4bda5e64fd,oe:player:97a03ee352a6f5252f1f93019e992f9,oe:player:ea2f78f74267c020cce0e3297653f24,Cozy,Seoks,
NA1/3443274277,2020-05-31,2020,Unknown,10.11,oe:team:2360b31c1628a21ddd778891dabac91,Dark Matter,lineup-4525a12f46310d2b,0,pair-6b8a790de5ed19e1,oe:player:73221fb5f399e4d6e1967fd2409db8d,oe:player:78c048012bab5e09a863c4754baa274,Firetheft,Zile,
NA1/3443274277,2020-05-31,2020,Unknown,10.11,oe:team:2360b31c1628a21ddd778891dabac91,Dark Matter,lineup-4525a12f46310d2b,0,pair-d5928fabac13240c,oe:player:73221fb5f399e4d6e1967fd2409db8d,oe:player:9d725c685255624f25159a3493f0c5e,Firetheft,Saint Daniel,
NA1/3443274277,2020-05-31,2020,Unknown,10.11,oe:team:2360b31c1628a21ddd778891dabac91,Dark Matter,lineup-4525a12f46310d2b,0,pair-2496db6130aa37d2,oe:player:73221fb5f399e4d6e1967fd2409db8d,oe:player:b415fb792209708ad6921cca2e73aff,Firetheft,Spirax,
NA1/3443274277,2020-05-31,2020,Unknown,10.11,oe:team:2360b31c1628a21ddd778891dabac91,Dark Matter,lineup-4525a12f46310d2b,0,pair-b1f4681db45dc9af,oe:player:73221fb5f399e4d6e1967fd2409db8d,oe:player:b4d68660c4a56181cd886fe5ecc08f7,Firetheft,Spider,
NA1/3443274277,2020-05-31,2020,Unknown,10.11,oe:team:2360b31c1628a21ddd778891dabac91,Dark Matter,lineup-4525a12f46310d2b,0,pair-b2f881bb09d09403,oe:player:78c048012bab5e09a863c4754baa274,oe:player:9d725c685255624f25159a3493f0c5e,Zile,Saint Daniel,
NA1/3443274277,2020-05-31,2020,Unknown,10.11,oe:team:2360b31c1628a21ddd778891dabac91,Dark Matter,lineup-4525a12f46310d2b,0,pair-d0b8c376c9a85cde,oe:player:78c048012bab5e09a863c4754baa274,oe:player:b415fb792209708ad6921cca2e73aff,Zile,Spirax,
NA1/3443274277,2020-05-31,2020,Unknown,10.11,oe:team:2360b31c1628a21ddd778891dabac91,Dark Matter,lineup-4525a12f46310d2b,0,pair-b90523fcc8fc13c1,oe:player:78c048012bab5e09a863c4754baa274,oe:player:b4d68660c4a56181cd886fe5ecc08f7,Zile,Spider,
NA1/3443274277,2020-05-31,2020,Unknown,10.11,oe:team:2360b31c1628a21ddd778891dabac91,Dark Matter,lineup-4525a12f46310d2b,0,pair-740c3419df79f56f,oe:player:9d725c685255624f25159a3493f0c5e,oe:player:b415fb792209708ad6921cca2e73aff,Saint Daniel,Spirax,
NA1/3443274277,2020-05-31,2020,Unknown,10.11,oe:team:2360b31c1628a21ddd778891dabac91,Dark Matter,lineup-4525a12f46310d2b,0,pair-dd11417e52ccee72,oe:player:9d725c685255624f25159a3493f0c5e,oe:player:b4d68660c4a56181cd886fe5ecc08f7,Saint Daniel,Spider,
NA1/3443274277,2020-05-31,2020,Unknown,10.11,oe:team:2360b31c1628a21ddd778891dabac91,Dark Matter,lineup-4525a12f46310d2b,0,pair-260221513ea90765,oe:player:b415fb792209708ad6921cca2e73aff,oe:player:b4d68660c4a56181cd886fe5ecc08f7,Spirax,Spider,
NA1/3443274277,2020-05-31,2020,Unknown,10.11,oe:team:955d9ba35580bdcc7bed3f11736b0f7,Radiance,lineup-6ee7665bdc3b33d7,1,pair-ac630bc77f2f5bc0,oe:player:3f87e25690ea3bdeb998259fb45445c,oe:player:580f08754dbf1bc64145f212ed0170b,Engo,Cao,
NA1/3443274277,2020-05-31,2020,Unknown,10.11,oe:team:955d9ba35580bdcc7bed3f11736b0f7,Radiance,lineup-6ee7665bdc3b33d7,1,pair-9b58251b56a315dd,oe:player:3f87e25690ea3bdeb998259fb45445c,oe:player:75614c3fca429c06226ca2518abb73a,Engo,Avi,
NA1/3443274277,2020-05-31,2020,Unknown,10.11,oe:team:955d9ba35580bdcc7bed3f11736b0f7,Radiance,lineup-6ee7665bdc3b33d7,1,pair-d0a9c1dccd0f0b50,oe:player:3f87e25690ea3bdeb998259fb45445c,oe:player:aa7b13aaac8ab04283ce9626c6399d0,Engo,Young,
NA1/3443274277,2020-05-31,2020,Unknown,10.11,oe:team:955d9ba35580bdcc7bed3f11736b0f7,Radiance,lineup-6ee7665bdc3b33d7,1,pair-19c130abeb08e7d8,oe:player:3f87e25690ea3bdeb998259fb45445c,oe:player:f38b290539da4d4463b98ec1a3d2194,Engo,AndyBendy,
NA1/3443274277,2020-05-31,2020,Unknown,10.11,oe:team:955d9ba35580bdcc7bed3f11736b0f7,Radiance,lineup-6ee7665bdc3b33d7,1,pair-2b600efa94d21c81,oe:player:580f08754dbf1bc64145f212ed0170b,oe:player:75614c3fca429c06226ca2518abb73a,Cao,Avi,
NA1/3443274277,2020-05-31,2020,Unknown,10.11,oe:team:955d9ba35580bdcc7bed3f11736b0f7,Radiance,lineup-6ee7665bdc3b33d7,1,pair-678c078694bbc44c,oe:player:580f08754dbf1bc64145f212ed0170b,oe:player:aa7b13aaac8ab04283ce9626c6399d0,Cao,Young,
NA1/3443274277,2020-05-31,2020,Unknown,10.11,oe:team:955d9ba35580bdcc7bed3f11736b0f7,Radiance,lineup-6ee7665bdc3b33d7,1,pair-a78cba1f897e4510,oe:player:580f08754dbf1bc64145f212ed0170b,oe:player:f38b290539da4d4463b98ec1a3d2194,Cao,AndyBendy,
NA1/3443274277,2020-05-31,2020,Unknown,10.11,oe:team:955d9ba35580bdcc7bed3f11736b0f7,Radiance,lineup-6ee7665bdc3b33d7,1,pair-768b1c9dc14b04bc,oe:player:75614c3fca429c06226ca2518abb73a,oe:player:aa7b13aaac8ab04283ce9626c6399d0,Avi,Young,
NA1/3443274277,2020-05-31,2020,Unknown,10.11,oe:team:955d9ba35580bdcc7bed3f11736b0f7,Radiance,lineup-6ee7665bdc3b33d7,1,pair-a8a71dc159a65805,oe:player:75614c3fca429c06226ca2518abb73a,oe:player:f38b290539da4d4463b98ec1a3d2194,Avi,AndyBendy,
NA1/3443274277,2020-05-31,2020,Unknown,10.11,oe:team:955d9ba35580bdcc7bed3f11736b0f7,Radiance,lineup-6ee7665bdc3b33d7,1,pair-7498026bdb707d97,oe:player:aa7b13aaac8ab04283ce9626c6399d0,oe:player:f38b290539da4d4463b98ec1a3d2194,Young,AndyBendy,
NA1/3443274767,2020-06-01,2020,Unknown,10.11,oe:team:2360b31c1628a21ddd778891dabac91,Dark Matter,lineup-4525a12f46310d2b,0,pair-6b8a790de5ed19e1,oe:player:73221fb5f399e4d6e1967fd2409db8d,oe:player:78c048012bab5e09a863c4754baa274,Firetheft,Zile,
NA1/3443274767,2020-06-01,2020,Unknown,10.11,oe:team:2360b31c1628a21ddd778891dabac91,Dark Matter,lineup-4525a12f46310d2b,0,pair-d5928fabac13240c,oe:player:73221fb5f399e4d6e1967fd2409db8d,oe:player:9d725c685255624f25159a3493f0c5e,Firetheft,Saint Daniel,
NA1/3443274767,2020-06-01,2020,Unknown,10.11,oe:team:2360b31c1628a21ddd778891dabac91,Dark Matter,lineup-4525a12f46310d2b,0,pair-2496db6130aa37d2,oe:player:73221fb5f399e4d6e1967fd2409db8d,oe:player:b415fb792209708ad6921cca2e73aff,Firetheft,Spirax,
NA1/3443274767,2020-06-01,2020,Unknown,10.11,oe:team:2360b31c1628a21ddd778891dabac91,Dark Matter,lineup-4525a12f46310d2b,0,pair-b1f4681db45dc9af,oe:player:73221fb5f399e4d6e1967fd2409db8d,oe:player:b4d68660c4a56181cd886fe5ecc08f7,Firetheft,Spider,
NA1/3443274767,2020-06-01,2020,Unknown,10.11,oe:team:2360b31c1628a21ddd778891dabac91,Dark Matter,lineup-4525a12f46310d2b,0,pair-b2f881bb09d09403,oe:player:78c048012bab5e09a863c4754baa274,oe:player:9d725c685255624f25159a3493f0c5e,Zile,Saint Daniel,
NA1/3443274767,2020-06-01,2020,Unknown,10.11,oe:team:2360b31c1628a21ddd778891dabac91,Dark Matter,lineup-4525a12f46310d2b,0,pair-d0b8c376c9a85cde,oe:player:78c048012bab5e09a863c4754baa274,oe:player:b415fb792209708ad6921cca2e73aff,Zile,Spirax,
NA1/3443274767,2020-06-01,2020,Unknown,10.11,oe:team:2360b31c1628a21ddd778891dabac91,Dark Matter,lineup-4525a12f46310d2b,0,pair-b90523fcc8fc13c1,oe:player:78c048012bab5e09a863c4754baa274,oe:player:b4d68660c4a56181cd886fe5ecc08f7,Zile,Spider,
NA1/3443274767,2020-06-01,2020,Unknown,10.11,oe:team:2360b31c1628a21ddd778891dabac91,Dark Matter,lineup-4525a12f46310d2b,0,pair-740c3419df79f56f,oe:player:9d725c685255624f25159a3493f0c5e,oe:player:b415fb792209708ad6921cca2e73aff,Saint Daniel,Spirax,
NA1/3443274767,2020-06-01,2020,Unknown,10.11,oe:team:2360b31c1628a21ddd778891dabac91,Dark Matter,lineup-4525a12f46310d2b,0,pair-dd11417e52ccee72,oe:player:9d725c685255624f25159a3493f0c5e,oe:player:b4d68660c4a56181cd886fe5ecc08f7,Saint Daniel,Spider,
NA1/3443274767,2020-06-01,2020,Unknown,10.11,oe:team:2360b31c1628a21ddd778891dabac91,Dark Matter,lineup-4525a12f46310d2b,0,pair-260221513ea90765,oe:player:b415fb792209708ad6921cca2e73aff,oe:player:b4d68660c4a56181cd886fe5ecc08f7,Spirax,Spider,
NA1/3443274767,2020-06-01,2020,Unknown,10.11,oe:team:955d9ba35580bdcc7bed3f11736b0f7,Radiance,lineup-d0677f53d1f9d232,1,pair-ac630bc77f2f5bc0,oe:player:3f87e25690ea3bdeb998259fb45445c,oe:player:580f08754dbf1bc64145f212ed0170b,Engo,Cao,
NA1/3443274767,2020-06-01,2020,Unknown,10.11,oe:team:955d9ba35580bdcc7bed3f11736b0f7,Radiance,lineup-d0677f53d1f9d232,1,pair-9b58251b56a315dd,oe:player:3f87e25690ea3bdeb998259fb45445c,oe:player:75614c3fca429c06226ca2518abb73a,Engo,Avi,
NA1/3443274767,2020-06-01,2020,Unknown,10.11,oe:team:955d9ba35580bdcc7bed3f11736b0f7,Radiance,lineup-d0677f53d1f9d232,1,pair-d0a9c1dccd0f0b50,oe:player:3f87e25690ea3bdeb998259fb45445c,oe:player:aa7b13aaac8ab04283ce9626c6399d0,Engo,Young,
NA1/3443274767,2020-06-01,2020,Unknown,10.11,oe:team:955d9ba35580bdcc7bed3f11736b0f7,Radiance,lineup-d0677f53d1f9d232,1,pair-19c130abeb08e7d8,oe:player:3f87e25690ea3bdeb998259fb45445c,oe:player:f38b290539da4d4463b98ec1a3d2194,Engo,AndyBendy,
NA1/3443274767,2020-06-01,2020,Unknown,10.11,oe:team:955d9ba35580bdcc7bed3f11736b0f7,Radiance,lineup-d0677f53d1f9d232,1,pair-2b600efa94d21c81,oe:player:580f08754dbf1bc64145f212ed0170b,oe:player:75614c3fca429c06226ca2518abb73a,Cao,Avi,
NA1/3443274767,2020-06-01,2020,Unknown,10.11,oe:team:955d9ba35580bdcc7bed3f11736b0f7,Radiance,lineup-d0677f53d1f9d232,1,pair-678c078694bbc44c,oe:player:580f08754dbf1bc64145f212ed0170b,oe:player:aa7b13aaac8ab04283ce9626c6399d0,Cao,Young,
NA1/3443274767,2020-06-01,2020,Unknown,10.11,oe:team:955d9ba35580bdcc7bed3f11736b0f7,Radiance,lineup-d0677f53d1f9d232,1,pair-a78cba1f897e4510,oe:player:580f08754dbf1bc64145f212ed0170b,oe:player:f38b290539da4d4463b98ec1a3d2194,Cao,AndyBendy,
NA1/3443274767,2020-06-01,2020,Unknown,10.11,oe:team:955d9ba35580bdcc7bed3f11736b0f7,Radiance,lineup-d0677f53d1f9d232,1,pair-768b1c9dc14b04bc,oe:player:75614c3fca429c06226ca2518abb73a,oe:player:aa7b13aaac8ab04283ce9626c6399d0,Avi,Young,
NA1/3443274767,2020-06-01,2020,Unknown,10.11,oe:team:955d9ba35580bdcc7bed3f11736b0f7,Radiance,lineup-d0677f53d1f9d232,1,pair-a8a71dc159a65805,oe:player:75614c3fca429c06226ca2518abb73a,oe:player:f38b290539da4d4463b98ec1a3d2194,Avi,AndyBendy,
NA1/3443274767,2020-06-01,2020,Unknown,10.11,oe:team:955d9ba35580bdcc7bed3f11736b0f7,Radiance,lineup-d0677f53d1f9d232,1,pair-7498026bdb707d97,oe:player:aa7b13aaac8ab04283ce9626c6399d0,oe:player:f38b290539da4d4463b98ec1a3d2194,Young,AndyBendy,
NA1/3443284583,2020-05-31,2020,Unknown,10.11,oe:team:01a3132448697cecc30364f52173670,Team Fish Taco,lineup-94489e459387ed4b,0,pair-14930f2ff291b81c,oe:player:5c8ad2b8fe87d5143f0d025fd2dd98b,oe:player:7a78bf39eb58a9d2cb2190206127115,dog2,wispe,
NA1/3443284583,2020-05-31,2020,Unknown,10.11,oe:team:01a3132448697cecc30364f52173670,Team Fish Taco,lineup-94489e459387ed4b,0,pair-4cfc41561567a59b,oe:player:5c8ad2b8fe87d5143f0d025fd2dd98b,oe:player:9e4cab8a6c3041527f605caf9913072,dog2,Strompest,
NA1/3443284583,2020-05-31,2020,Unknown,10.11,oe:team:01a3132448697cecc30364f52173670,Team Fish Taco,lineup-94489e459387ed4b,0,pair-1d1eda6861c74d03,oe:player:5c8ad2b8fe87d5143f0d025fd2dd98b,oe:player:b1608dc23a218a150a431be676f3fe4,dog2,RoseThorn,
NA1/3443284583,2020-05-31,2020,Unknown,10.11,oe:team:01a3132448697cecc30364f52173670,Team Fish Taco,lineup-94489e459387ed4b,0,pair-1ee6fc31b6beab53,oe:player:5c8ad2b8fe87d5143f0d025fd2dd98b,oe:player:d7196c9311d164908b07db070a3b3f2,dog2,Mateusz,
NA1/3443284583,2020-05-31,2020,Unknown,10.11,oe:team:01a3132448697cecc30364f52173670,Team Fish Taco,lineup-94489e459387ed4b,0,pair-073fe8bafbd78627,oe:player:7a78bf39eb58a9d2cb2190206127115,oe:player:9e4cab8a6c3041527f605caf9913072,wispe,Strompest,
NA1/3443284583,2020-05-31,2020,Unknown,10.11,oe:team:01a3132448697cecc30364f52173670,Team Fish Taco,lineup-94489e459387ed4b,0,pair-7cd47a4e805f4762,oe:player:7a78bf39eb58a9d2cb2190206127115,oe:player:b1608dc23a218a150a431be676f3fe4,wispe,RoseThorn,
NA1/3443284583,2020-05-31,2020,Unknown,10.11,oe:team:01a3132448697cecc30364f52173670,Team Fish Taco,lineup-94489e459387ed4b,0,pair-7eb6f6b76d3aa02b,oe:player:7a78bf39eb58a9d2cb2190206127115,oe:player:d7196c9311d164908b07db070a3b3f2,wispe,Mateusz,
NA1/3443284583,2020-05-31,2020,Unknown,10.11,oe:team:01a3132448697cecc30364f52173670,Team Fish Taco,lineup-94489e459387ed4b,0,pair-b265d92e2952dddd,oe:player:9e4cab8a6c3041527f605caf9913072,oe:player:b1608dc23a218a150a431be676f3fe4,Strompest,RoseThorn,
NA1/3443284583,2020-05-31,2020,Unknown,10.11,oe:team:01a3132448697cecc30364f52173670,Team Fish Taco,lineup-94489e459387ed4b,0,pair-9102bd088e390022,oe:player:9e4cab8a6c3041527f605caf9913072,oe:player:d7196c9311d164908b07db070a3b3f2,Strompest,Mateusz,
NA1/3443284583,2020-05-31,2020,Unknown,10.11,oe:team:01a3132448697cecc30364f52173670,Team Fish Taco,lineup-94489e459387ed4b,0,pair-b7403b1d53ff60d7,oe:player:b1608dc23a218a150a431be676f3fe4,oe:player:d7196c9311d164908b07db070a3b3f2,RoseThorn,Mateusz,
NA1/3443284583,2020-05-31,2020,Unknown,10.11,oe:team:9336ce46babf314b50e3a103506ae0a,Maryville University,lineup-be8375464f55e0ae,1,pair-48a4dcc920c88ef2,oe:player:0b68ac457a26959211f0f624459a328,oe:player:35d2ca59893919e79b8611473b36021,Wolfe,Shady,
NA1/3443284583,2020-05-31,2020,Unknown,10.11,oe:team:9336ce46babf314b50e3a103506ae0a,Maryville University,lineup-be8375464f55e0ae,1,pair-fe7b4976dc1fbfdd,oe:player:0b68ac457a26959211f0f624459a328,oe:player:689202409e48743b914713f96d93947,Wolfe,Value,
NA1/3443284583,2020-05-31,2020,Unknown,10.11,oe:team:9336ce46babf314b50e3a103506ae0a,Maryville University,lineup-be8375464f55e0ae,1,pair-c0908a88f0ce18c3,oe:player:0b68ac457a26959211f0f624459a328,oe:player:c49aafa1ffe9c24aa459e5cf851ddfc,Wolfe,Niles,
NA1/3443284583,2020-05-31,2020,Unknown,10.11,oe:team:9336ce46babf314b50e3a103506ae0a,Maryville University,lineup-be8375464f55e0ae,1,pair-d88185eccceea8d3,oe:player:0b68ac457a26959211f0f624459a328,oe:player:f61764e99a8cc0851a73c850fd43b0c,Wolfe,Amazo,
NA1/3443284583,2020-05-31,2020,Unknown,10.11,oe:team:9336ce46babf314b50e3a103506ae0a,Maryville University,lineup-be8375464f55e0ae,1,pair-2433f3dcb3859f59,oe:player:35d2ca59893919e79b8611473b36021,oe:player:689202409e48743b914713f96d93947,Shady,Value,
NA1/3443284583,2020-05-31,2020,Unknown,10.11,oe:team:9336ce46babf314b50e3a103506ae0a,Maryville University,lineup-be8375464f55e0ae,1,pair-e56269f3f21d5e97,oe:player:35d2ca59893919e79b8611473b36021,oe:player:c49aafa1ffe9c24aa459e5cf851ddfc,Shady,Niles,
NA1/3443284583,2020-05-31,2020,Unknown,10.11,oe:team:9336ce46babf314b50e3a103506ae0a,Maryville University,lineup-be8375464f55e0ae,1,pair-6e7ed0dd44d0b88a,oe:player:35d2ca59893919e79b8611473b36021,oe:player:f61764e99a8cc0851a73c850fd43b0c,Shady,Amazo,
NA1/3443284583,2020-05-31,2020,Unknown,10.11,oe:team:9336ce46babf314b50e3a103506ae0a,Maryville University,lineup-be8375464f55e0ae,1,pair-5868f24c8b982a38,oe:player:689202409e48743b914713f96d93947,oe:player:c49aafa1ffe9c24aa459e5cf851ddfc,Value,Niles,
NA1/3443284583,2020-05-31,2020,Unknown,10.11,oe:team:9336ce46babf314b50e3a103506ae0a,Maryville University,lineup-be8375464f55e0ae,1,pair-4956fa902ea0a937,oe:player:689202409e48743b914713f96d93947,oe:player:f61764e99a8cc0851a73c850fd43b0c,Value,Amazo,
NA1/3443284583,2020-05-31,2020,Unknown,10.11,oe:team:9336ce46babf314b50e3a103506ae0a,Maryville University,lineup-be8375464f55e0ae,1,pair-0f848a33d23139ff,oe:player:c49aafa1ffe9c24aa459e5cf851ddfc,oe:player:f61764e99a8cc0851a73c850fd43b0c,Niles,Amazo,
NA1/3443374187,2020-05-31,2020,Unknown,10.11,oe:team:01a3132448697cecc30364f52173670,Team Fish Taco,lineup-94489e459387ed4b,0,pair-14930f2ff291b81c,oe:player:5c8ad2b8fe87d5143f0d025fd2dd98b,oe:player:7a78bf39eb58a9d2cb2190206127115,dog2,wispe,
NA1/3443374187,2020-05-31,2020,Unknown,10.11,oe:team:01a3132448697cecc30364f52173670,Team Fish Taco,lineup-94489e459387ed4b,0,pair-4cfc41561567a59b,oe:player:5c8ad2b8fe87d5143f0d025fd2dd98b,oe:player:9e4cab8a6c3041527f605caf9913072,dog2,Strompest,
NA1/3443374187,2020-05-31,2020,Unknown,10.11,oe:team:01a3132448697cecc30364f52173670,Team Fish Taco,lineup-94489e459387ed4b,0,pair-1d1eda6861c74d03,oe:player:5c8ad2b8fe87d5143f0d025fd2dd98b,oe:player:b1608dc23a218a150a431be676f3fe4,dog2,RoseThorn,
NA1/3443374187,2020-05-31,2020,Unknown,10.11,oe:team:01a3132448697cecc30364f52173670,Team Fish Taco,lineup-94489e459387ed4b,0,pair-1ee6fc31b6beab53,oe:player:5c8ad2b8fe87d5143f0d025fd2dd98b,oe:player:d7196c9311d164908b07db070a3b3f2,dog2,Mateusz,
NA1/3443374187,2020-05-31,2020,Unknown,10.11,oe:team:01a3132448697cecc30364f52173670,Team Fish Taco,lineup-94489e459387ed4b,0,pair-073fe8bafbd78627,oe:player:7a78bf39eb58a9d2cb2190206127115,oe:player:9e4cab8a6c3041527f605caf9913072,wispe,Strompest,
NA1/3443374187,2020-05-31,2020,Unknown,10.11,oe:team:01a3132448697cecc30364f52173670,Team Fish Taco,lineup-94489e459387ed4b,0,pair-7cd47a4e805f4762,oe:player:7a78bf39eb58a9d2cb2190206127115,oe:player:b1608dc23a218a150a431be676f3fe4,wispe,RoseThorn,
NA1/3443374187,2020-05-31,2020,Unknown,10.11,oe:team:01a3132448697cecc30364f52173670,Team Fish Taco,lineup-94489e459387ed4b,0,pair-7eb6f6b76d3aa02b,oe:player:7a78bf39eb58a9d2cb2190206127115,oe:player:d7196c9311d164908b07db070a3b3f2,wispe,Mateusz,
NA1/3443374187,2020-05-31,2020,Unknown,10.11,oe:team:01a3132448697cecc30364f52173670,Team Fish Taco,lineup-94489e459387ed4b,0,pair-b265d92e2952dddd,oe:player:9e4cab8a6c3041527f605caf9913072,oe:player:b1608dc23a218a150a431be676f3fe4,Strompest,RoseThorn,
NA1/3443374187,2020-05-31,2020,Unknown,10.11,oe:team:01a3132448697cecc30364f52173670,Team Fish Taco,lineup-94489e459387ed4b,0,pair-9102bd088e390022,oe:player:9e4cab8a6c3041527f605caf9913072,oe:player:d7196c9311d164908b07db070a3b3f2,Strompest,Mateusz,
NA1/3443374187,2020-05-31,2020,Unknown,10.11,oe:team:01a3132448697cecc30364f52173670,Team Fish Taco,lineup-94489e459387ed4b,0,pair-b7403b1d53ff60d7,oe:player:b1608dc23a218a150a431be676f3fe4,oe:player:d7196c9311d164908b07db070a3b3f2,RoseThorn,Mateusz,
NA1/3443374187,2020-05-31,2020,Unknown,10.11,oe:team:9336ce46babf314b50e3a103506ae0a,Maryville University,lineup-be8375464f55e0ae,1,pair-48a4dcc920c88ef2,oe:player:0b68ac457a26959211f0f624459a328,oe:player:35d2ca59893919e79b8611473b36021,Wolfe,Shady,
NA1/3443374187,2020-05-31,2020,Unknown,10.11,oe:team:9336ce46babf314b50e3a103506ae0a,Maryville University,lineup-be8375464f55e0ae,1,pair-fe7b4976dc1fbfdd,oe:player:0b68ac457a26959211f0f624459a328,oe:player:689202409e48743b914713f96d93947,Wolfe,Value,
NA1/3443374187,2020-05-31,2020,Unknown,10.11,oe:team:9336ce46babf314b50e3a103506ae0a,Maryville University,lineup-be8375464f55e0ae,1,pair-c0908a88f0ce18c3,oe:player:0b68ac457a26959211f0f624459a328,oe:player:c49aafa1ffe9c24aa459e5cf851ddfc,Wolfe,Niles,
NA1/3443374187,2020-05-31,2020,Unknown,10.11,oe:team:9336ce46babf314b50e3a103506ae0a,Maryville University,lineup-be8375464f55e0ae,1,pair-d88185eccceea8d3,oe:player:0b68ac457a26959211f0f624459a328,oe:player:f61764e99a8cc0851a73c850fd43b0c,Wolfe,Amazo,
NA1/3443374187,2020-05-31,2020,Unknown,10.11,oe:team:9336ce46babf314b50e3a103506ae0a,Maryville University,lineup-be8375464f55e0ae,1,pair-2433f3dcb3859f59,oe:player:35d2ca59893919e79b8611473b36021,oe:player:689202409e48743b914713f96d93947,Shady,Value,
NA1/3443374187,2020-05-31,2020,Unknown,10.11,oe:team:9336ce46babf314b50e3a103506ae0a,Maryville University,lineup-be8375464f55e0ae,1,pair-e56269f3f21d5e97,oe:player:35d2ca59893919e79b8611473b36021,oe:player:c49aafa1ffe9c24aa459e5cf851ddfc,Shady,Niles,
NA1/3443374187,2020-05-31,2020,Unknown,10.11,oe:team:9336ce46babf314b50e3a103506ae0a,Maryville University,lineup-be8375464f55e0ae,1,pair-6e7ed0dd44d0b88a,oe:player:35d2ca59893919e79b8611473b36021,oe:player:f61764e99a8cc0851a73c850fd43b0c,Shady,Amazo,
NA1/3443374187,2020-05-31,2020,Unknown,10.11,oe:team:9336ce46babf314b50e3a103506ae0a,Maryville University,lineup-be8375464f55e0ae,1,pair-5868f24c8b982a38,oe:player:689202409e48743b914713f96d93947,oe:player:c49aafa1ffe9c24aa459e5cf851ddfc,Value,Niles,
NA1/3443374187,2020-05-31,2020,Unknown,10.11,oe:team:9336ce46babf314b50e3a103506ae0a,Maryville University,lineup-be8375464f55e0ae,1,pair-4956fa902ea0a937,oe:player:689202409e48743b914713f96d93947,oe:player:f61764e99a8cc0851a73c850fd43b0c,Value,Amazo,
NA1/3443374187,2020-05-31,2020,Unknown,10.11,oe:team:9336ce46babf314b50e3a103506ae0a,Maryville University,lineup-be8375464f55e0ae,1,pair-0f848a33d23139ff,oe:player:c49aafa1ffe9c24aa459e5cf851ddfc,oe:player:f61764e99a8cc0851a73c850fd43b0c,Niles,Amazo,
NA1/3443454008,2020-05-31,2020,Unknown,10.11,oe:team:8776b7033f1bc10634e50d90f861c1d,Supernova,lineup-9e07753e380a240e,1,pair-50083fce2d78ff42,oe:player:74c97a5b51b2f1900328154b5a58a44,oe:player:94da1452e43ac6797e36ca8f17656ad,OddOrange,EvanRL,
NA1/3443454008,2020-05-31,2020,Unknown,10.11,oe:team:8776b7033f1bc10634e50d90f861c1d,Supernova,lineup-9e07753e380a240e,1,pair-82df4269bf250296,oe:player:74c97a5b51b2f1900328154b5a58a44,oe:player:a9db4155cb1d90e3e20befd63d49d4a,OddOrange,Cat 2,
NA1/3443454008,2020-05-31,2020,Unknown,10.11,oe:team:8776b7033f1bc10634e50d90f861c1d,Supernova,lineup-9e07753e380a240e,1,pair-98074e249ca42445,oe:player:74c97a5b51b2f1900328154b5a58a44,oe:player:ea9ed09584feecae0991089f087d2ce,OddOrange,APA,
NA1/3443454008,2020-05-31,2020,Unknown,10.11,oe:team:8776b7033f1bc10634e50d90f861c1d,Supernova,lineup-9e07753e380a240e,1,pair-488c7739daa8040c,oe:player:74c97a5b51b2f1900328154b5a58a44,oe:player:f57280c82d3a38f8bf412a520e33f7f,OddOrange,PCL,
NA1/3443454008,2020-05-31,2020,Unknown,10.11,oe:team:8776b7033f1bc10634e50d90f861c1d,Supernova,lineup-9e07753e380a240e,1,pair-fd2f0792262052a0,oe:player:94da1452e43ac6797e36ca8f17656ad,oe:player:a9db4155cb1d90e3e20befd63d49d4a,EvanRL,Cat 2,
NA1/3443454008,2020-05-31,2020,Unknown,10.11,oe:team:8776b7033f1bc10634e50d90f861c1d,Supernova,lineup-9e07753e380a240e,1,pair-2c92750de6aeb1ac,oe:player:94da1452e43ac6797e36ca8f17656ad,oe:player:ea9ed09584feecae0991089f087d2ce,EvanRL,APA,
NA1/3443454008,2020-05-31,2020,Unknown,10.11,oe:team:8776b7033f1bc10634e50d90f861c1d,Supernova,lineup-9e07753e380a240e,1,pair-0ff5df7a07e7f287,oe:player:94da1452e43ac6797e36ca8f17656ad,oe:player:f57280c82d3a38f8bf412a520e33f7f,EvanRL,PCL,
NA1/3443454008,2020-05-31,2020,Unknown,10.11,oe:team:8776b7033f1bc10634e50d90f861c1d,Supernova,lineup-9e07753e380a240e,1,pair-de486d7047d8b819,oe:player:a9db4155cb1d90e3e20befd63d49d4a,oe:player:ea9ed09584feecae0991089f087d2ce,Cat 2,APA,
NA1/3443454008,2020-05-31,2020,Unknown,10.11,oe:team:8776b7033f1bc10634e50d90f861c1d,Supernova,lineup-9e07753e380a240e,1,pair-709a738099d3c1d9,oe:player:a9db4155cb1d90e3e20befd63d49d4a,oe:player:f57280c82d3a38f8bf412a520e33f7f,Cat 2,PCL,
NA1/3443454008,2020-05-31,2020,Unknown,10.11,oe:team:8776b7033f1bc10634e50d90f861c1d,Supernova,lineup-9e07753e380a240e,1,pair-f47a4c05e4f250d4,oe:player:ea9ed09584feecae0991089f087d2ce,oe:player:f57280c82d3a38f8bf412a520e33f7f,APA,PCL,
NA1/3443454008,2020-05-31,2020,Unknown,10.11,oe:team:9a05c2942353d2f3d466d6bcb640459,FrostFire,lineup-fe66accff0e1921c,0,pair-fbf1157ac77327f2,oe:player:63c69dda59be1b98c0a5c88416c7481,oe:player:6ea5eed9d404c86d3bc9d8f597869eb,Savage,Kitzuo,
NA1/3443454008,2020-05-31,2020,Unknown,10.11,oe:team:9a05c2942353d2f3d466d6bcb640459,FrostFire,lineup-fe66accff0e1921c,0,pair-c1029cc8d592c30e,oe:player:63c69dda59be1b98c0a5c88416c7481,oe:player:9aa495e3b9f80194639a3941cca4d77,Savage,Dean,
NA1/3443454008,2020-05-31,2020,Unknown,10.11,oe:team:9a05c2942353d2f3d466d6bcb640459,FrostFire,lineup-fe66accff0e1921c,0,pair-402353c932b150a4,oe:player:63c69dda59be1b98c0a5c88416c7481,oe:player:fba26591b2a75a8e370c2d51bc9eb90,Savage,Azog,
NA1/3443454008,2020-05-31,2020,Unknown,10.11,oe:team:9a05c2942353d2f3d466d6bcb640459,FrostFire,lineup-fe66accff0e1921c,0,pair-a81a566506de1de2,oe:player:63c69dda59be1b98c0a5c88416c7481,oe:player:feee48d6e5d34aed05441b8f436d729,Savage,Quas,
NA1/3443454008,2020-05-31,2020,Unknown,10.11,oe:team:9a05c2942353d2f3d466d6bcb640459,FrostFire,lineup-fe66accff0e1921c,0,pair-d280c3fa7bb498e4,oe:player:6ea5eed9d404c86d3bc9d8f597869eb,oe:player:9aa495e3b9f80194639a3941cca4d77,Kitzuo,Dean,
NA1/3443454008,2020-05-31,2020,Unknown,10.11,oe:team:9a05c2942353d2f3d466d6bcb640459,FrostFire,lineup-fe66accff0e1921c,0,pair-8821570ce0e62c8b,oe:player:6ea5eed9d404c86d3bc9d8f597869eb,oe:player:fba26591b2a75a8e370c2d51bc9eb90,Kitzuo,Azog,
NA1/3443454008,2020-05-31,2020,Unknown,10.11,oe:team:9a05c2942353d2f3d466d6bcb640459,FrostFire,lineup-fe66accff0e1921c,0,pair-95ddaa125d27c40f,oe:player:6ea5eed9d404c86d3bc9d8f597869eb,oe:player:feee48d6e5d34aed05441b8f436d729,Kitzuo,Quas,
NA1/3443454008,2020-05-31,2020,Unknown,10.11,oe:team:9a05c2942353d2f3d466d6bcb640459,FrostFire,lineup-fe66accff0e1921c,0,pair-fe217131ab93fb0f,oe:player:9aa495e3b9f80194639a3941cca4d77,oe:player:fba26591b2a75a8e370c2d51bc9eb90,Dean,Azog,
NA1/3443454008,2020-05-31,2020,Unknown,10.11,oe:team:9a05c2942353d2f3d466d6bcb640459,FrostFire,lineup-fe66accff0e1921c,0,pair-16ac9676026caa26,oe:player:9aa495e3b9f80194639a3941cca4d77,oe:player:feee48d6e5d34aed05441b8f436d729,Dean,Quas,
NA1/3443454008,2020-05-31,2020,Unknown,10.11,oe:team:9a05c2942353d2f3d466d6bcb640459,FrostFire,lineup-fe66accff0e1921c,0,pair-dd405b18bf808ecf,oe:player:fba26591b2a75a8e370c2d51bc9eb90,oe:player:feee48d6e5d34aed05441b8f436d729,Azog,Quas,
NA1/3443454450,2020-05-31,2020,Unknown,10.11,oe:team:8776b7033f1bc10634e50d90f861c1d,Supernova,lineup-9e07753e380a240e,0,pair-50083fce2d78ff42,oe:player:74c97a5b51b2f1900328154b5a58a44,oe:player:94da1452e43ac6797e36ca8f17656ad,OddOrange,EvanRL,
NA1/3443454450,2020-05-31,2020,Unknown,10.11,oe:team:8776b7033f1bc10634e50d90f861c1d,Supernova,lineup-9e07753e380a240e,0,pair-82df4269bf250296,oe:player:74c97a5b51b2f1900328154b5a58a44,oe:player:a9db4155cb1d90e3e20befd63d49d4a,OddOrange,Cat 2,
NA1/3443454450,2020-05-31,2020,Unknown,10.11,oe:team:8776b7033f1bc10634e50d90f861c1d,Supernova,lineup-9e07753e380a240e,0,pair-98074e249ca42445,oe:player:74c97a5b51b2f1900328154b5a58a44,oe:player:ea9ed09584feecae0991089f087d2ce,OddOrange,APA,
NA1/3443454450,2020-05-31,2020,Unknown,10.11,oe:team:8776b7033f1bc10634e50d90f861c1d,Supernova,lineup-9e07753e380a240e,0,pair-488c7739daa8040c,oe:player:74c97a5b51b2f1900328154b5a58a44,oe:player:f57280c82d3a38f8bf412a520e33f7f,OddOrange,PCL,
NA1/3443454450,2020-05-31,2020,Unknown,10.11,oe:team:8776b7033f1bc10634e50d90f861c1d,Supernova,lineup-9e07753e380a240e,0,pair-fd2f0792262052a0,oe:player:94da1452e43ac6797e36ca8f17656ad,oe:player:a9db4155cb1d90e3e20befd63d49d4a,EvanRL,Cat 2,
NA1/3443454450,2020-05-31,2020,Unknown,10.11,oe:team:8776b7033f1bc10634e50d90f861c1d,Supernova,lineup-9e07753e380a240e,0,pair-2c92750de6aeb1ac,oe:player:94da1452e43ac6797e36ca8f17656ad,oe:player:ea9ed09584feecae0991089f087d2ce,EvanRL,APA,
NA1/3443454450,2020-05-31,2020,Unknown,10.11,oe:team:8776b7033f1bc10634e50d90f861c1d,Supernova,lineup-9e07753e380a240e,0,pair-0ff5df7a07e7f287,oe:player:94da1452e43ac6797e36ca8f17656ad,oe:player:f57280c82d3a38f8bf412a520e33f7f,EvanRL,PCL,
NA1/3443454450,2020-05-31,2020,Unknown,10.11,oe:team:8776b7033f1bc10634e50d90f861c1d,Supernova,lineup-9e07753e380a240e,0,pair-de486d7047d8b819,oe:player:a9db4155cb1d90e3e20befd63d49d4a,oe:player:ea9ed09584feecae0991089f087d2ce,Cat 2,APA,
NA1/3443454450,2020-05-31,2020,Unknown,10.11,oe:team:8776b7033f1bc10634e50d90f861c1d,Supernova,lineup-9e07753e380a240e,0,pair-709a738099d3c1d9,oe:player:a9db4155cb1d90e3e20befd63d49d4a,oe:player:f57280c82d3a38f8bf412a520e33f7f,Cat 2,PCL,
NA1/3443454450,2020-05-31,2020,Unknown,10.11,oe:team:8776b7033f1bc10634e50d90f861c1d,Supernova,lineup-9e07753e380a240e,0,pair-f47a4c05e4f250d4,oe:player:ea9ed09584feecae0991089f087d2ce,oe:player:f57280c82d3a38f8bf412a520e33f7f,APA,PCL,
NA1/3443454450,2020-05-31,2020,Unknown,10.11,oe:team:9a05c2942353d2f3d466d6bcb640459,FrostFire,lineup-fe66accff0e1921c,1,pair-fbf1157ac77327f2,oe:player:63c69dda59be1b98c0a5c88416c7481,oe:player:6ea5eed9d404c86d3bc9d8f597869eb,Savage,Kitzuo,
NA1/3443454450,2020-05-31,2020,Unknown,10.11,oe:team:9a05c2942353d2f3d466d6bcb640459,FrostFire,lineup-fe66accff0e1921c,1,pair-c1029cc8d592c30e,oe:player:63c69dda59be1b98c0a5c88416c7481,oe:player:9aa495e3b9f80194639a3941cca4d77,Savage,Dean,
NA1/3443454450,2020-05-31,2020,Unknown,10.11,oe:team:9a05c2942353d2f3d466d6bcb640459,FrostFire,lineup-fe66accff0e1921c,1,pair-402353c932b150a4,oe:player:63c69dda59be1b98c0a5c88416c7481,oe:player:fba26591b2a75a8e370c2d51bc9eb90,Savage,Azog,
NA1/3443454450,2020-05-31,2020,Unknown,10.11,oe:team:9a05c2942353d2f3d466d6bcb640459,FrostFire,lineup-fe66accff0e1921c,1,pair-a81a566506de1de2,oe:player:63c69dda59be1b98c0a5c88416c7481,oe:player:feee48d6e5d34aed05441b8f436d729,Savage,Quas,
NA1/3443454450,2020-05-31,2020,Unknown,10.11,oe:team:9a05c2942353d2f3d466d6bcb640459,FrostFire,lineup-fe66accff0e1921c,1,pair-d280c3fa7bb498e4,oe:player:6ea5eed9d404c86d3bc9d8f597869eb,oe:player:9aa495e3b9f80194639a3941cca4d77,Kitzuo,Dean,
NA1/3443454450,2020-05-31,2020,Unknown,10.11,oe:team:9a05c2942353d2f3d466d6bcb640459,FrostFire,lineup-fe66accff0e1921c,1,pair-8821570ce0e62c8b,oe:player:6ea5eed9d404c86d3bc9d8f597869eb,oe:player:fba26591b2a75a8e370c2d51bc9eb90,Kitzuo,Azog,
NA1/3443454450,2020-05-31,2020,Unknown,10.11,oe:team:9a05c2942353d2f3d466d6bcb640459,FrostFire,lineup-fe66accff0e1921c,1,pair-95ddaa125d27c40f,oe:player:6ea5eed9d404c86d3bc9d8f597869eb,oe:player:feee48d6e5d34aed05441b8f436d729,Kitzuo,Quas,
NA1/3443454450,2020-05-31,2020,Unknown,10.11,oe:team:9a05c2942353d2f3d466d6bcb640459,FrostFire,lineup-fe66accff0e1921c,1,pair-fe217131ab93fb0f,oe:player:9aa495e3b9f80194639a3941cca4d77,oe:player:fba26591b2a75a8e370c2d51bc9eb90,Dean,Azog,
NA1/3443454450,2020-05-31,2020,Unknown,10.11,oe:team:9a05c2942353d2f3d466d6bcb640459,FrostFire,lineup-fe66accff0e1921c,1,pair-16ac9676026caa26,oe:player:9aa495e3b9f80194639a3941cca4d77,oe:player:feee48d6e5d34aed05441b8f436d729,Dean,Quas,
NA1/3443454450,2020-05-31,2020,Unknown,10.11,oe:team:9a05c2942353d2f3d466d6bcb640459,FrostFire,lineup-fe66accff0e1921c,1,pair-dd405b18bf808ecf,oe:player:fba26591b2a75a8e370c2d51bc9eb90,oe:player:feee48d6e5d34aed05441b8f436d729,Azog,Quas,
NA1/3443454901,2020-06-01,2020,Unknown,10.11,oe:team:8776b7033f1bc10634e50d90f861c1d,Supernova,lineup-9e07753e380a240e,0,pair-50083fce2d78ff42,oe:player:74c97a5b51b2f1900328154b5a58a44,oe:player:94da1452e43ac6797e36ca8f17656ad,OddOrange,EvanRL,
NA1/3443454901,2020-06-01,2020,Unknown,10.11,oe:team:8776b7033f1bc10634e50d90f861c1d,Supernova,lineup-9e07753e380a240e,0,pair-82df4269bf250296,oe:player:74c97a5b51b2f1900328154b5a58a44,oe:player:a9db4155cb1d90e3e20befd63d49d4a,OddOrange,Cat 2,
NA1/3443454901,2020-06-01,2020,Unknown,10.11,oe:team:8776b7033f1bc10634e50d90f861c1d,Supernova,lineup-9e07753e380a240e,0,pair-98074e249ca42445,oe:player:74c97a5b51b2f1900328154b5a58a44,oe:player:ea9ed09584feecae0991089f087d2ce,OddOrange,APA,
NA1/3443454901,2020-06-01,2020,Unknown,10.11,oe:team:8776b7033f1bc10634e50d90f861c1d,Supernova,lineup-9e07753e380a240e,0,pair-488c7739daa8040c,oe:player:74c97a5b51b2f1900328154b5a58a44,oe:player:f57280c82d3a38f8bf412a520e33f7f,OddOrange,PCL,
NA1/3443454901,2020-06-01,2020,Unknown,10.11,oe:team:8776b7033f1bc10634e50d90f861c1d,Supernova,lineup-9e07753e380a240e,0,pair-fd2f0792262052a0,oe:player:94da1452e43ac6797e36ca8f17656ad,oe:player:a9db4155cb1d90e3e20befd63d49d4a,EvanRL,Cat 2,
NA1/3443454901,2020-06-01,2020,Unknown,10.11,oe:team:8776b7033f1bc10634e50d90f861c1d,Supernova,lineup-9e07753e380a240e,0,pair-2c92750de6aeb1ac,oe:player:94da1452e43ac6797e36ca8f17656ad,oe:player:ea9ed09584feecae0991089f087d2ce,EvanRL,APA,
NA1/3443454901,2020-06-01,2020,Unknown,10.11,oe:team:8776b7033f1bc10634e50d90f861c1d,Supernova,lineup-9e07753e380a240e,0,pair-0ff5df7a07e7f287,oe:player:94da1452e43ac6797e36ca8f17656ad,oe:player:f57280c82d3a38f8bf412a520e33f7f,EvanRL,PCL,
NA1/3443454901,2020-06-01,2020,Unknown,10.11,oe:team:8776b7033f1bc10634e50d90f861c1d,Supernova,lineup-9e07753e380a240e,0,pair-de486d7047d8b819,oe:player:a9db4155cb1d90e3e20befd63d49d4a,oe:player:ea9ed09584feecae0991089f087d2ce,Cat 2,APA,
NA1/3443454901,2020-06-01,2020,Unknown,10.11,oe:team:8776b7033f1bc10634e50d90f861c1d,Supernova,lineup-9e07753e380a240e,0,pair-709a738099d3c1d9,oe:player:a9db4155cb1d90e3e20befd63d49d4a,oe:player:f57280c82d3a38f8bf412a520e33f7f,Cat 2,PCL,
NA1/3443454901,2020-06-01,2020,Unknown,10.11,oe:team:8776b7033f1bc10634e50d90f861c1d,Supernova,lineup-9e07753e380a240e,0,pair-f47a4c05e4f250d4,oe:player:ea9ed09584feecae0991089f087d2ce,oe:player:f57280c82d3a38f8bf412a520e33f7f,APA,PCL,
NA1/3443454901,2020-06-01,2020,Unknown,10.11,oe:team:9a05c2942353d2f3d466d6bcb640459,FrostFire,lineup-fe66accff0e1921c,1,pair-fbf1157ac77327f2,oe:player:63c69dda59be1b98c0a5c88416c7481,oe:player:6ea5eed9d404c86d3bc9d8f597869eb,Savage,Kitzuo,
NA1/3443454901,2020-06-01,2020,Unknown,10.11,oe:team:9a05c2942353d2f3d466d6bcb640459,FrostFire,lineup-fe66accff0e1921c,1,pair-c1029cc8d592c30e,oe:player:63c69dda59be1b98c0a5c88416c7481,oe:player:9aa495e3b9f80194639a3941cca4d77,Savage,Dean,
NA1/3443454901,2020-06-01,2020,Unknown,10.11,oe:team:9a05c2942353d2f3d466d6bcb640459,FrostFire,lineup-fe66accff0e1921c,1,pair-402353c932b150a4,oe:player:63c69dda59be1b98c0a5c88416c7481,oe:player:fba26591b2a75a8e370c2d51bc9eb90,Savage,Azog,
NA1/3443454901,2020-06-01,2020,Unknown,10.11,oe:team:9a05c2942353d2f3d466d6bcb640459,FrostFire,lineup-fe66accff0e1921c,1,pair-a81a566506de1de2,oe:player:63c69dda59be1b98c0a5c88416c7481,oe:player:feee48d6e5d34aed05441b8f436d729,Savage,Quas,
NA1/3443454901,2020-06-01,2020,Unknown,10.11,oe:team:9a05c2942353d2f3d466d6bcb640459,FrostFire,lineup-fe66accff0e1921c,1,pair-d280c3fa7bb498e4,oe:player:6ea5eed9d404c86d3bc9d8f597869eb,oe:player:9aa495e3b9f80194639a3941cca4d77,Kitzuo,Dean,
NA1/3443454901,2020-06-01,2020,Unknown,10.11,oe:team:9a05c2942353d2f3d466d6bcb640459,FrostFire,lineup-fe66accff0e1921c,1,pair-8821570ce0e62c8b,oe:player:6ea5eed9d404c86d3bc9d8f597869eb,oe:player:fba26591b2a75a8e370c2d51bc9eb90,Kitzuo,Azog,
NA1/3443454901,2020-06-01,2020,Unknown,10.11,oe:team:9a05c2942353d2f3d466d6bcb640459,FrostFire,lineup-fe66accff0e1921c,1,pair-95ddaa125d27c40f,oe:player:6ea5eed9d404c86d3bc9d8f597869eb,oe:player:feee48d6e5d34aed05441b8f436d729,Kitzuo,Quas,
NA1/3443454901,2020-06-01,2020,Unknown,10.11,oe:team:9a05c2942353d2f3d466d6bcb640459,FrostFire,lineup-fe66accff0e1921c,1,pair-fe217131ab93fb0f,oe:player:9aa495e3b9f80194639a3941cca4d77,oe:player:fba26591b2a75a8e370c2d51bc9eb90,Dean,Azog,
NA1/3443454901,2020-06-01,2020,Unknown,10.11,oe:team:9a05c2942353d2f3d466d6bcb640459,FrostFire,lineup-fe66accff0e1921c,1,pair-16ac9676026caa26,oe:player:9aa495e3b9f80194639a3941cca4d77,oe:player:feee48d6e5d34aed05441b8f436d729,Dean,Quas,
NA1/3443454901,2020-06-01,2020,Unknown,10.11,oe:team:9a05c2942353d2f3d466d6bcb640459,FrostFire,lineup-fe66accff0e1921c,1,pair-dd405b18bf808ecf,oe:player:fba26591b2a75a8e370c2d51bc9eb90,oe:player:feee48d6e5d34aed05441b8f436d729,Azog,Quas,
NA1/3443464567,2020-06-01,2020,Unknown,10.11,name-team-bbf4d270ed871a83,unknown team,lineup-de25cbf71bf2b8dd,0,pair-a8a111c39d31aaa1,oe:player:29b67a93c1a600beb6904551c853fdd,oe:player:2e41e5848c5235a0e3def1e25027766,Trevor,Hunter,
NA1/3443464567,2020-06-01,2020,Unknown,10.11,name-team-bbf4d270ed871a83,unknown team,lineup-de25cbf71bf2b8dd,0,pair-51425ce5f62cb906,oe:player:29b67a93c1a600beb6904551c853fdd,oe:player:4db47d64e2721bf7a93ebf42e488852,Trevor,Meech,
NA1/3443464567,2020-06-01,2020,Unknown,10.11,name-team-bbf4d270ed871a83,unknown team,lineup-de25cbf71bf2b8dd,0,pair-4e5a82eda8d2c7ff,oe:player:29b67a93c1a600beb6904551c853fdd,oe:player:5257e05cde806e07b405ddcce85114d,Trevor,Bradley,
NA1/3443464567,2020-06-01,2020,Unknown,10.11,name-team-bbf4d270ed871a83,unknown team,lineup-de25cbf71bf2b8dd,0,pair-f679761a3973b068,oe:player:29b67a93c1a600beb6904551c853fdd,oe:player:e8aba5fbfc41b0621226b08a87e3ded,Trevor,Philip,
NA1/3443464567,2020-06-01,2020,Unknown,10.11,name-team-bbf4d270ed871a83,unknown team,lineup-de25cbf71bf2b8dd,0,pair-40701114d457db20,oe:player:2e41e5848c5235a0e3def1e25027766,oe:player:4db47d64e2721bf7a93ebf42e488852,Hunter,Meech,
NA1/3443464567,2020-06-01,2020,Unknown,10.11,name-team-bbf4d270ed871a83,unknown team,lineup-de25cbf71bf2b8dd,0,pair-7fd8c9b10681a2a4,oe:player:2e41e5848c5235a0e3def1e25027766,oe:player:5257e05cde806e07b405ddcce85114d,Hunter,Bradley,
NA1/3443464567,2020-06-01,2020,Unknown,10.11,name-team-bbf4d270ed871a83,unknown team,lineup-de25cbf71bf2b8dd,0,pair-e7302468e8432d0c,oe:player:2e41e5848c5235a0e3def1e25027766,oe:player:e8aba5fbfc41b0621226b08a87e3ded,Hunter,Philip,
NA1/3443464567,2020-06-01,2020,Unknown,10.11,name-team-bbf4d270ed871a83,unknown team,lineup-de25cbf71bf2b8dd,0,pair-e3a4dabc7a36c623,oe:player:4db47d64e2721bf7a93ebf42e488852,oe:player:5257e05cde806e07b405ddcce85114d,Meech,Bradley,
NA1/3443464567,2020-06-01,2020,Unknown,10.11,name-team-bbf4d270ed871a83,unknown team,lineup-de25cbf71bf2b8dd,0,pair-64862b3f11d663ff,oe:player:4db47d64e2721bf7a93ebf42e488852,oe:player:e8aba5fbfc41b0621226b08a87e3ded,Meech,Philip,
NA1/3443464567,2020-06-01,2020,Unknown,10.11,name-team-bbf4d270ed871a83,unknown team,lineup-de25cbf71bf2b8dd,0,pair-98ae02d125a6a884,oe:player:5257e05cde806e07b405ddcce85114d,oe:player:e8aba5fbfc41b0621226b08a87e3ded,Bradley,Philip,
NA1/3443464567,2020-06-01,2020,Unknown,10.11,oe:team:9034597e77937456f89960ad1b8615e,Wildcard Gaming,lineup-128e57fa4174c7f4,1,pair-267d50562c3406cf,oe:player:184d97e1a8e8130dfb0a41329b780c6,oe:player:30572b23e41315ce024a7af628da667,Dragoon,CMD ATK,
NA1/3443464567,2020-06-01,2020,Unknown,10.11,oe:team:9034597e77937456f89960ad1b8615e,Wildcard Gaming,lineup-128e57fa4174c7f4,1,pair-1ea9e04ef5d2daf2,oe:player:184d97e1a8e8130dfb0a41329b780c6,oe:player:c33de864be225948486047a145b4bf1,Dragoon,Le Grain,
NA1/3443464567,2020-06-01,2020,Unknown,10.11,oe:team:9034597e77937456f89960ad1b8615e,Wildcard Gaming,lineup-128e57fa4174c7f4,1,pair-ca5bb124c67c07fe,oe:player:184d97e1a8e8130dfb0a41329b780c6,oe:player:e57ef5f8ab42a0364a11b50f2a86b81,Dragoon,ShorterACE,
NA1/3443464567,2020-06-01,2020,Unknown,10.11,oe:team:9034597e77937456f89960ad1b8615e,Wildcard Gaming,lineup-128e57fa4174c7f4,1,pair-7a1d9f12ab890aa5,oe:player:184d97e1a8e8130dfb0a41329b780c6,oe:player:f8d623a78c27641412debac4080ece7,Dragoon,Joey,
NA1/3443464567,2020-06-01,2020,Unknown,10.11,oe:team:9034597e77937456f89960ad1b8615e,Wildcard Gaming,lineup-128e57fa4174c7f4,1,pair-efbfed8a12d2eab0,oe:player:30572b23e41315ce024a7af628da667,oe:player:c33de864be225948486047a145b4bf1,CMD ATK,Le Grain,
NA1/3443464567,2020-06-01,2020,Unknown,10.11,oe:team:9034597e77937456f89960ad1b8615e,Wildcard Gaming,lineup-128e57fa4174c7f4,1,pair-160afee6f92abb1f,oe:player:30572b23e41315ce024a7af628da667,oe:player:e57ef5f8ab42a0364a11b50f2a86b81,CMD ATK,ShorterACE,
NA1/3443464567,2020-06-01,2020,Unknown,10.11,oe:team:9034597e77937456f89960ad1b8615e,Wildcard Gaming,lineup-128e57fa4174c7f4,1,pair-a735f22b4388dcf5,oe:player:30572b23e41315ce024a7af628da667,oe:player:f8d623a78c27641412debac4080ece7,CMD ATK,Joey,
NA1/3443464567,2020-06-01,2020,Unknown,10.11,oe:team:9034597e77937456f89960ad1b8615e,Wildcard Gaming,lineup-128e57fa4174c7f4,1,pair-daa15feaeb1b22ef,oe:player:c33de864be225948486047a145b4bf1,oe:player:e57ef5f8ab42a0364a11b50f2a86b81,Le Grain,ShorterACE,
NA1/3443464567,2020-06-01,2020,Unknown,10.11,oe:team:9034597e77937456f89960ad1b8615e,Wildcard Gaming,lineup-128e57fa4174c7f4,1,pair-3ad8489f6a4815dd,oe:player:c33de864be225948486047a145b4bf1,oe:player:f8d623a78c27641412debac4080ece7,Le Grain,Joey,
NA1/3443464567,2020-06-01,2020,Unknown,10.11,oe:team:9034597e77937456f89960ad1b8615e,Wildcard Gaming,lineup-128e57fa4174c7f4,1,pair-cb45880eb35eb4a2,oe:player:e57ef5f8ab42a0364a11b50f2a86b81,oe:player:f8d623a78c27641412debac4080ece7,ShorterACE,Joey,
NA1/3443464936,2020-06-01,2020,Unknown,10.11,name-team-bbf4d270ed871a83,unknown team,lineup-de25cbf71bf2b8dd,1,pair-a8a111c39d31aaa1,oe:player:29b67a93c1a600beb6904551c853fdd,oe:player:2e41e5848c5235a0e3def1e25027766,Trevor,Hunter,
NA1/3443464936,2020-06-01,2020,Unknown,10.11,name-team-bbf4d270ed871a83,unknown team,lineup-de25cbf71bf2b8dd,1,pair-51425ce5f62cb906,oe:player:29b67a93c1a600beb6904551c853fdd,oe:player:4db47d64e2721bf7a93ebf42e488852,Trevor,Meech,
NA1/3443464936,2020-06-01,2020,Unknown,10.11,name-team-bbf4d270ed871a83,unknown team,lineup-de25cbf71bf2b8dd,1,pair-4e5a82eda8d2c7ff,oe:player:29b67a93c1a600beb6904551c853fdd,oe:player:5257e05cde806e07b405ddcce85114d,Trevor,Bradley,
NA1/3443464936,2020-06-01,2020,Unknown,10.11,name-team-bbf4d270ed871a83,unknown team,lineup-de25cbf71bf2b8dd,1,pair-f679761a3973b068,oe:player:29b67a93c1a600beb6904551c853fdd,oe:player:e8aba5fbfc41b0621226b08a87e3ded,Trevor,Philip,
NA1/3443464936,2020-06-01,2020,Unknown,10.11,name-team-bbf4d270ed871a83,unknown team,lineup-de25cbf71bf2b8dd,1,pair-40701114d457db20,oe:player:2e41e5848c5235a0e3def1e25027766,oe:player:4db47d64e2721bf7a93ebf42e488852,Hunter,Meech,
NA1/3443464936,2020-06-01,2020,Unknown,10.11,name-team-bbf4d270ed871a83,unknown team,lineup-de25cbf71bf2b8dd,1,pair-7fd8c9b10681a2a4,oe:player:2e41e5848c5235a0e3def1e25027766,oe:player:5257e05cde806e07b405ddcce85114d,Hunter,Bradley,
NA1/3443464936,2020-06-01,2020,Unknown,10.11,name-team-bbf4d270ed871a83,unknown team,lineup-de25cbf71bf2b8dd,1,pair-e7302468e8432d0c,oe:player:2e41e5848c5235a0e3def1e25027766,oe:player:e8aba5fbfc41b0621226b08a87e3ded,Hunter,Philip,
NA1/3443464936,2020-06-01,2020,Unknown,10.11,name-team-bbf4d270ed871a83,unknown team,lineup-de25cbf71bf2b8dd,1,pair-e3a4dabc7a36c623,oe:player:4db47d64e2721bf7a93ebf42e488852,oe:player:5257e05cde806e07b405ddcce85114d,Meech,Bradley,
NA1/3443464936,2020-06-01,2020,Unknown,10.11,name-team-bbf4d270ed871a83,unknown team,lineup-de25cbf71bf2b8dd,1,pair-64862b3f11d663ff,oe:player:4db47d64e2721bf7a93ebf42e488852,oe:player:e8aba5fbfc41b0621226b08a87e3ded,Meech,Philip,
NA1/3443464936,2020-06-01,2020,Unknown,10.11,name-team-bbf4d270ed871a83,unknown team,lineup-de25cbf71bf2b8dd,1,pair-98ae02d125a6a884,oe:player:5257e05cde806e07b405ddcce85114d,oe:player:e8aba5fbfc41b0621226b08a87e3ded,Bradley,Philip,
NA1/3443464936,2020-06-01,2020,Unknown,10.11,oe:team:9034597e77937456f89960ad1b8615e,Wildcard Gaming,lineup-128e57fa4174c7f4,0,pair-267d50562c3406cf,oe:player:184d97e1a8e8130dfb0a41329b780c6,oe:player:30572b23e41315ce024a7af628da667,Dragoon,CMD ATK,
NA1/3443464936,2020-06-01,2020,Unknown,10.11,oe:team:9034597e77937456f89960ad1b8615e,Wildcard Gaming,lineup-128e57fa4174c7f4,0,pair-1ea9e04ef5d2daf2,oe:player:184d97e1a8e8130dfb0a41329b780c6,oe:player:c33de864be225948486047a145b4bf1,Dragoon,Le Grain,
NA1/3443464936,2020-06-01,2020,Unknown,10.11,oe:team:9034597e77937456f89960ad1b8615e,Wildcard Gaming,lineup-128e57fa4174c7f4,0,pair-ca5bb124c67c07fe,oe:player:184d97e1a8e8130dfb0a41329b780c6,oe:player:e57ef5f8ab42a0364a11b50f2a86b81,Dragoon,ShorterACE,
NA1/3443464936,2020-06-01,2020,Unknown,10.11,oe:team:9034597e77937456f89960ad1b8615e,Wildcard Gaming,lineup-128e57fa4174c7f4,0,pair-7a1d9f12ab890aa5,oe:player:184d97e1a8e8130dfb0a41329b780c6,oe:player:f8d623a78c27641412debac4080ece7,Dragoon,Joey,
NA1/3443464936,2020-06-01,2020,Unknown,10.11,oe:team:9034597e77937456f89960ad1b8615e,Wildcard Gaming,lineup-128e57fa4174c7f4,0,pair-efbfed8a12d2eab0,oe:player:30572b23e41315ce024a7af628da667,oe:player:c33de864be225948486047a145b4bf1,CMD ATK,Le Grain,
NA1/3443464936,2020-06-01,2020,Unknown,10.11,oe:team:9034597e77937456f89960ad1b8615e,Wildcard Gaming,lineup-128e57fa4174c7f4,0,pair-160afee6f92abb1f,oe:player:30572b23e41315ce024a7af628da667,oe:player:e57ef5f8ab42a0364a11b50f2a86b81,CMD ATK,ShorterACE,
NA1/3443464936,2020-06-01,2020,Unknown,10.11,oe:team:9034597e77937456f89960ad1b8615e,Wildcard Gaming,lineup-128e57fa4174c7f4,0,pair-a735f22b4388dcf5,oe:player:30572b23e41315ce024a7af628da667,oe:player:f8d623a78c27641412debac4080ece7,CMD ATK,Joey,
NA1/3443464936,2020-06-01,2020,Unknown,10.11,oe:team:9034597e77937456f89960ad1b8615e,Wildcard Gaming,lineup-128e57fa4174c7f4,0,pair-daa15feaeb1b22ef,oe:player:c33de864be225948486047a145b4bf1,oe:player:e57ef5f8ab42a0364a11b50f2a86b81,Le Grain,ShorterACE,
NA1/3443464936,2020-06-01,2020,Unknown,10.11,oe:team:9034597e77937456f89960ad1b8615e,Wildcard Gaming,lineup-128e57fa4174c7f4,0,pair-3ad8489f6a4815dd,oe:player:c33de864be225948486047a145b4bf1,oe:player:f8d623a78c27641412debac4080ece7,Le Grain,Joey,
NA1/3443464936,2020-06-01,2020,Unknown,10.11,oe:team:9034597e77937456f89960ad1b8615e,Wildcard Gaming,lineup-128e57fa4174c7f4,0,pair-cb45880eb35eb4a2,oe:player:e57ef5f8ab42a0364a11b50f2a86b81,oe:player:f8d623a78c27641412debac4080ece7,ShorterACE,Joey,
NA1/3443484258,2020-06-01,2020,Unknown,10.11,oe:team:02008dfb4feddaf6583dd7116eb5180,Life Support,lineup-6110b288021f6f1c,1,pair-d300ac1ce09f43da,oe:player:07d1c57ec273126c65dbd1197abdb47,oe:player:0e8c08918017e086c42a9a250969768,Pockus,Jozy,
NA1/3443484258,2020-06-01,2020,Unknown,10.11,oe:team:02008dfb4feddaf6583dd7116eb5180,Life Support,lineup-6110b288021f6f1c,1,pair-f9272a413e5710cf,oe:player:07d1c57ec273126c65dbd1197abdb47,oe:player:1e2dabe023493f20f397a3931412383,Pockus,Dinka,
NA1/3443484258,2020-06-01,2020,Unknown,10.11,oe:team:02008dfb4feddaf6583dd7116eb5180,Life Support,lineup-6110b288021f6f1c,1,pair-d0681bce1af7eae1,oe:player:07d1c57ec273126c65dbd1197abdb47,oe:player:713fae3c1b605df4ee976c6188182a1,Pockus,Wixxi,
NA1/3443484258,2020-06-01,2020,Unknown,10.11,oe:team:02008dfb4feddaf6583dd7116eb5180,Life Support,lineup-6110b288021f6f1c,1,pair-fcae5aa8aeac784e,oe:player:07d1c57ec273126c65dbd1197abdb47,oe:player:df4f91120caa080682bf595c5f7f2d3,Pockus,CptShrimps,
NA1/3443484258,2020-06-01,2020,Unknown,10.11,oe:team:02008dfb4feddaf6583dd7116eb5180,Life Support,lineup-6110b288021f6f1c,1,pair-b6cc722501060c78,oe:player:0e8c08918017e086c42a9a250969768,oe:player:1e2dabe023493f20f397a3931412383,Jozy,Dinka,
NA1/3443484258,2020-06-01,2020,Unknown,10.11,oe:team:02008dfb4feddaf6583dd7116eb5180,Life Support,lineup-6110b288021f6f1c,1,pair-20a86d5788894986,oe:player:0e8c08918017e086c42a9a250969768,oe:player:713fae3c1b605df4ee976c6188182a1,Jozy,Wixxi,
NA1/3443484258,2020-06-01,2020,Unknown,10.11,oe:team:02008dfb4feddaf6583dd7116eb5180,Life Support,lineup-6110b288021f6f1c,1,pair-18e9e0fc20df46d6,oe:player:0e8c08918017e086c42a9a250969768,oe:player:df4f91120caa080682bf595c5f7f2d3,Jozy,CptShrimps,
NA1/3443484258,2020-06-01,2020,Unknown,10.11,oe:team:02008dfb4feddaf6583dd7116eb5180,Life Support,lineup-6110b288021f6f1c,1,pair-f8dc37b8ef500534,oe:player:1e2dabe023493f20f397a3931412383,oe:player:713fae3c1b605df4ee976c6188182a1,Dinka,Wixxi,
NA1/3443484258,2020-06-01,2020,Unknown,10.11,oe:team:02008dfb4feddaf6583dd7116eb5180,Life Support,lineup-6110b288021f6f1c,1,pair-ef9c00ccf1369abc,oe:player:1e2dabe023493f20f397a3931412383,oe:player:df4f91120caa080682bf595c5f7f2d3,Dinka,CptShrimps,
NA1/3443484258,2020-06-01,2020,Unknown,10.11,oe:team:02008dfb4feddaf6583dd7116eb5180,Life Support,lineup-6110b288021f6f1c,1,pair-b05bfcd89f9046c0,oe:player:713fae3c1b605df4ee976c6188182a1,oe:player:df4f91120caa080682bf595c5f7f2d3,Wixxi,CptShrimps,
NA1/3443484258,2020-06-01,2020,Unknown,10.11,oe:team:5baea1d85fe74c9b5324e0ac7b55f23,XT Esports,lineup-38b2dec48d174101,0,pair-1a40bc942f719ef7,oe:player:506d63191c3a0485207a97d1303614e,oe:player:6cd277156437b9b8dd67807bb21d0a5,SeanTheGod,Twocutz,
NA1/3443484258,2020-06-01,2020,Unknown,10.11,oe:team:5baea1d85fe74c9b5324e0ac7b55f23,XT Esports,lineup-38b2dec48d174101,0,pair-ddc4924b5d6c7bc7,oe:player:506d63191c3a0485207a97d1303614e,oe:player:760f71918dbe25e76081e22adb97a74,SeanTheGod,Yunbee,
NA1/3443484258,2020-06-01,2020,Unknown,10.11,oe:team:5baea1d85fe74c9b5324e0ac7b55f23,XT Esports,lineup-38b2dec48d174101,0,pair-b0c581403e1c9216,oe:player:506d63191c3a0485207a97d1303614e,oe:player:97a03ee352a6f5252f1f93019e992f9,SeanTheGod,Cozy,
NA1/3443484258,2020-06-01,2020,Unknown,10.11,oe:team:5baea1d85fe74c9b5324e0ac7b55f23,XT Esports,lineup-38b2dec48d174101,0,pair-03000369946bc6ca,oe:player:506d63191c3a0485207a97d1303614e,oe:player:ea2f78f74267c020cce0e3297653f24,SeanTheGod,Seoks,
NA1/3443484258,2020-06-01,2020,Unknown,10.11,oe:team:5baea1d85fe74c9b5324e0ac7b55f23,XT Esports,lineup-38b2dec48d174101,0,pair-2d8aaa82279bad84,oe:player:6cd277156437b9b8dd67807bb21d0a5,oe:player:760f71918dbe25e76081e22adb97a74,Twocutz,Yunbee,
NA1/3443484258,2020-06-01,2020,Unknown,10.11,oe:team:5baea1d85fe74c9b5324e0ac7b55f23,XT Esports,lineup-38b2dec48d174101,0,pair-e6ad40f7a53aac76,oe:player:6cd277156437b9b8dd67807bb21d0a5,oe:player:97a03ee352a6f5252f1f93019e992f9,Twocutz,Cozy,
NA1/3443484258,2020-06-01,2020,Unknown,10.11,oe:team:5baea1d85fe74c9b5324e0ac7b55f23,XT Esports,lineup-38b2dec48d174101,0,pair-b0292606a1d9db61,oe:player:6cd277156437b9b8dd67807bb21d0a5,oe:player:ea2f78f74267c020cce0e3297653f24,Twocutz,Seoks,
NA1/3443484258,2020-06-01,2020,Unknown,10.11,oe:team:5baea1d85fe74c9b5324e0ac7b55f23,XT Esports,lineup-38b2dec48d174101,0,pair-4e9578577cb9b662,oe:player:760f71918dbe25e76081e22adb97a74,oe:player:97a03ee352a6f5252f1f93019e992f9,Yunbee,Cozy,
NA1/3443484258,2020-06-01,2020,Unknown,10.11,oe:team:5baea1d85fe74c9b5324e0ac7b55f23,XT Esports,lineup-38b2dec48d174101,0,pair-0b64e9e82ff026b1,oe:player:760f71918dbe25e76081e22adb97a74,oe:player:ea2f78f74267c020cce0e3297653f24,Yunbee,Seoks,
NA1/3443484258,2020-06-01,2020,Unknown,10.11,oe:team:5baea1d85fe74c9b5324e0ac7b55f23,XT Esports,lineup-38b2dec48d174101,0,pair-fd6d9f4bda5e64fd,oe:player:97a03ee352a6f5252f1f93019e992f9,oe:player:ea2f78f74267c020cce0e3297653f24,Cozy,Seoks,
NA1/3443509161,2020-06-01,2020,Unknown,10.11,oe:team:7df78a658a1ca10f6d413c775cf35cd,Polar Ace,lineup-1d92ba67db5e3ae5,1,pair-64641b55bba96f07,oe:player:33daef70f45123c10a232b800d930a0,oe:player:3e722c8ede909c83af9342c41805a16,Flaresz,Busio,
NA1/3443509161,2020-06-01,2020,Unknown,10.11,oe:team:7df78a658a1ca10f6d413c775cf35cd,Polar Ace,lineup-1d92ba67db5e3ae5,1,pair-486fdad915fc920f,oe:player:33daef70f45123c10a232b800d930a0,oe:player:3f96b0d5494895f5e964dc16ea8f27b,Flaresz,Spawn,
NA1/3443509161,2020-06-01,2020,Unknown,10.11,oe:team:7df78a658a1ca10f6d413c775cf35cd,Polar Ace,lineup-1d92ba67db5e3ae5,1,pair-d219519aef3a019c,oe:player:33daef70f45123c10a232b800d930a0,oe:player:6ca0cf01bc942179eb37f9863ea16cc,Flaresz,Menace,
NA1/3443509161,2020-06-01,2020,Unknown,10.11,oe:team:7df78a658a1ca10f6d413c775cf35cd,Polar Ace,lineup-1d92ba67db5e3ae5,1,pair-c9ee9ef43dd6ffb6,oe:player:33daef70f45123c10a232b800d930a0,oe:player:cd501d29850fa65fab5745d96e0ceed,Flaresz,Dragonmin,
NA1/3443509161,2020-06-01,2020,Unknown,10.11,oe:team:7df78a658a1ca10f6d413c775cf35cd,Polar Ace,lineup-1d92ba67db5e3ae5,1,pair-611beae725f98d64,oe:player:3e722c8ede909c83af9342c41805a16,oe:player:3f96b0d5494895f5e964dc16ea8f27b,Busio,Spawn,
NA1/3443509161,2020-06-01,2020,Unknown,10.11,oe:team:7df78a658a1ca10f6d413c775cf35cd,Polar Ace,lineup-1d92ba67db5e3ae5,1,pair-7c281de31cdde459,oe:player:3e722c8ede909c83af9342c41805a16,oe:player:6ca0cf01bc942179eb37f9863ea16cc,Busio,Menace,
NA1/3443509161,2020-06-01,2020,Unknown,10.11,oe:team:7df78a658a1ca10f6d413c775cf35cd,Polar Ace,lineup-1d92ba67db5e3ae5,1,pair-22c93f45d7515242,oe:player:3e722c8ede909c83af9342c41805a16,oe:player:cd501d29850fa65fab5745d96e0ceed,Busio,Dragonmin,
NA1/3443509161,2020-06-01,2020,Unknown,10.11,oe:team:7df78a658a1ca10f6d413c775cf35cd,Polar Ace,lineup-1d92ba67db5e3ae5,1,pair-6bb5617b4d7de2d9,oe:player:3f96b0d5494895f5e964dc16ea8f27b,oe:player:6ca0cf01bc942179eb37f9863ea16cc,Spawn,Menace,
NA1/3443509161,2020-06-01,2020,Unknown,10.11,oe:team:7df78a658a1ca10f6d413c775cf35cd,Polar Ace,lineup-1d92ba67db5e3ae5,1,pair-cd51000fde2988fb,oe:player:3f96b0d5494895f5e964dc16ea8f27b,oe:player:cd501d29850fa65fab5745d96e0ceed,Spawn,Dragonmin,
NA1/3443509161,2020-06-01,2020,Unknown,10.11,oe:team:7df78a658a1ca10f6d413c775cf35cd,Polar Ace,lineup-1d92ba67db5e3ae5,1,pair-345acff6ebc9eb93,oe:player:6ca0cf01bc942179eb37f9863ea16cc,oe:player:cd501d29850fa65fab5745d96e0ceed,Menace,Dragonmin,
NA1/3443509161,2020-06-01,2020,Unknown,10.11,oe:team:8824dcf25a4ad98b02d3b8fd3361d84,Empyreans,lineup-1e5861cc2d4069e2,0,pair-e1be35ca1404efa0,oe:player:27adb0b3f92d9b8f7fa4cb55b60114c,oe:player:4e234cc35491266462467b04b02dd5d,Lawrence,Special Kay,
NA1/3443509161,2020-06-01,2020,Unknown,10.11,oe:team:8824dcf25a4ad98b02d3b8fd3361d84,Empyreans,lineup-1e5861cc2d4069e2,0,pair-528e91b06e6a3b0d,oe:player:27adb0b3f92d9b8f7fa4cb55b60114c,oe:player:57bb48fd65bff2e2660a13e58f2fcb2,Lawrence,rovex,
NA1/3443509161,2020-06-01,2020,Unknown,10.11,oe:team:8824dcf25a4ad98b02d3b8fd3361d84,Empyreans,lineup-1e5861cc2d4069e2,0,pair-3c6af86e1ddba2cf,oe:player:27adb0b3f92d9b8f7fa4cb55b60114c,oe:player:dcf834a546bd8ced959113bd2eff041,Lawrence,Lost in a Moment,
NA1/3443509161,2020-06-01,2020,Unknown,10.11,oe:team:8824dcf25a4ad98b02d3b8fd3361d84,Empyreans,lineup-1e5861cc2d4069e2,0,pair-872aad1b6766af46,oe:player:27adb0b3f92d9b8f7fa4cb55b60114c,oe:player:f23104490edcad2a6de0133e1784290,Lawrence,SiddyWiddy,
NA1/3443509161,2020-06-01,2020,Unknown,10.11,oe:team:8824dcf25a4ad98b02d3b8fd3361d84,Empyreans,lineup-1e5861cc2d4069e2,0,pair-d5e372f45b43467d,oe:player:4e234cc35491266462467b04b02dd5d,oe:player:57bb48fd65bff2e2660a13e58f2fcb2,Special Kay,rovex,
NA1/3443509161,2020-06-01,2020,Unknown,10.11,oe:team:8824dcf25a4ad98b02d3b8fd3361d84,Empyreans,lineup-1e5861cc2d4069e2,0,pair-77f88a4d192d32c3,oe:player:4e234cc35491266462467b04b02dd5d,oe:player:dcf834a546bd8ced959113bd2eff041,Special Kay,Lost in a Moment,
NA1/3443509161,2020-06-01,2020,Unknown,10.11,oe:team:8824dcf25a4ad98b02d3b8fd3361d84,Empyreans,lineup-1e5861cc2d4069e2,0,pair-22d358e988674f42,oe:player:4e234cc35491266462467b04b02dd5d,oe:player:f23104490edcad2a6de0133e1784290,Special Kay,SiddyWiddy,
NA1/3443509161,2020-06-01,2020,Unknown,10.11,oe:team:8824dcf25a4ad98b02d3b8fd3361d84,Empyreans,lineup-1e5861cc2d4069e2,0,pair-1bdefbc87121c66a,oe:player:57bb48fd65bff2e2660a13e58f2fcb2,oe:player:dcf834a546bd8ced959113bd2eff041,rovex,Lost in a Moment,
NA1/3443509161,2020-06-01,2020,Unknown,10.11,oe:team:8824dcf25a4ad98b02d3b8fd3361d84,Empyreans,lineup-1e5861cc2d4069e2,0,pair-f303df035ac3fed6,oe:player:57bb48fd65bff2e2660a13e58f2fcb2,oe:player:f23104490edcad2a6de0133e1784290,rovex,SiddyWiddy,
NA1/3443509161,2020-06-01,2020,Unknown,10.11,oe:team:8824dcf25a4ad98b02d3b8fd3361d84,Empyreans,lineup-1e5861cc2d4069e2,0,pair-f8184f50fcd4826f,oe:player:dcf834a546bd8ced959113bd2eff041,oe:player:f23104490edcad2a6de0133e1784290,Lost in a Moment,SiddyWiddy,
NA1/3443603856,2020-05-31,2020,Unknown,10.11,name-team-bbf4d270ed871a83,unknown team,lineup-3fe2836ed37c2e88,0,pair-d9798624abba4ba5,oe:player:05a73863e113f3cb6b472a76da2ea52,oe:player:339584e5b6ff20add38aa209f78eada,DARKWINGS,Infectrix,
NA1/3443603856,2020-05-31,2020,Unknown,10.11,name-team-bbf4d270ed871a83,unknown team,lineup-3fe2836ed37c2e88,0,pair-fc66d3d673ed3a12,oe:player:05a73863e113f3cb6b472a76da2ea52,oe:player:37d1cae123118d33cb8ba1f0c86be72,DARKWINGS,Shamwwow,
NA1/3443603856,2020-05-31,2020,Unknown,10.11,name-team-bbf4d270ed871a83,unknown team,lineup-3fe2836ed37c2e88,0,pair-e245ff9be2bc863e,oe:player:05a73863e113f3cb6b472a76da2ea52,oe:player:8fd5c1da1fb4d54f8cf6753966e46e6,DARKWINGS,Cat Ears,
NA1/3443603856,2020-05-31,2020,Unknown,10.11,name-team-bbf4d270ed871a83,unknown team,lineup-3fe2836ed37c2e88,0,pair-4a534762048fbf3b,oe:player:05a73863e113f3cb6b472a76da2ea52,oe:player:d8e79dfe9593b4231a7f58bffb265a2,DARKWINGS,Kyriu,
NA1/3443603856,2020-05-31,2020,Unknown,10.11,name-team-bbf4d270ed871a83,unknown team,lineup-3fe2836ed37c2e88,0,pair-30d66b79a85c16f4,oe:player:339584e5b6ff20add38aa209f78eada,oe:player:37d1cae123118d33cb8ba1f0c86be72,Infectrix,Shamwwow,
NA1/3443603856,2020-05-31,2020,Unknown,10.11,name-team-bbf4d270ed871a83,unknown team,lineup-3fe2836ed37c2e88,0,pair-cb58066dee50166a,oe:player:339584e5b6ff20add38aa209f78eada,oe:player:8fd5c1da1fb4d54f8cf6753966e46e6,Infectrix,Cat Ears,
NA1/3443603856,2020-05-31,2020,Unknown,10.11,name-team-bbf4d270ed871a83,unknown team,lineup-3fe2836ed37c2e88,0,pair-bc5d18b288f82244,oe:player:339584e5b6ff20add38aa209f78eada,oe:player:d8e79dfe9593b4231a7f58bffb265a2,Infectrix,Kyriu,
NA1/3443603856,2020-05-31,2020,Unknown,10.11,name-team-bbf4d270ed871a83,unknown team,lineup-3fe2836ed37c2e88,0,pair-a10950e2188e9e9f,oe:player:37d1cae123118d33cb8ba1f0c86be72,oe:player:8fd5c1da1fb4d54f8cf6753966e46e6,Shamwwow,Cat Ears,
NA1/3443603856,2020-05-31,2020,Unknown,10.11,name-team-bbf4d270ed871a83,unknown team,lineup-3fe2836ed37c2e88,0,pair-62943367910dfa36,oe:player:37d1cae123118d33cb8ba1f0c86be72,oe:player:d8e79dfe9593b4231a7f58bffb265a2,Shamwwow,Kyriu,
NA1/3443603856,2020-05-31,2020,Unknown,10.11,name-team-bbf4d270ed871a83,unknown team,lineup-3fe2836ed37c2e88,0,pair-9207730328b39c23,oe:player:8fd5c1da1fb4d54f8cf6753966e46e6,oe:player:d8e79dfe9593b4231a7f58bffb265a2,Cat Ears,Kyriu,
NA1/3443603856,2020-05-31,2020,Unknown,10.11,oe:team:eab5c007906936e2b6214db2d274fd5,Charlotte Phoenix,lineup-80b3ddb7bb21af46,1,pair-9b4e1dcc0e420f58,oe:player:1d36e28887d951194dfde1c17c6ab8c,oe:player:3062a9edba61382db75add4b3fe0eea,Eastan,Disconnector,
NA1/3443603856,2020-05-31,2020,Unknown,10.11,oe:team:eab5c007906936e2b6214db2d274fd5,Charlotte Phoenix,lineup-80b3ddb7bb21af46,1,pair-3e7355ec13fa6136,oe:player:1d36e28887d951194dfde1c17c6ab8c,oe:player:78810aaa200931ecf0de9e8e8a4c276,Eastan,Jason Jungle,
NA1/3443603856,2020-05-31,2020,Unknown,10.11,oe:team:eab5c007906936e2b6214db2d274fd5,Charlotte Phoenix,lineup-80b3ddb7bb21af46,1,pair-d6c3f9daf9ec1762,oe:player:1d36e28887d951194dfde1c17c6ab8c,oe:player:d045ce8a0de5eb77d740e62fb9e2d7f,Eastan,Daption,
NA1/3443603856,2020-05-31,2020,Unknown,10.11,oe:team:eab5c007906936e2b6214db2d274fd5,Charlotte Phoenix,lineup-80b3ddb7bb21af46,1,pair-70e89b48c5f1ac9e,oe:player:1d36e28887d951194dfde1c17c6ab8c,oe:player:d16b2c7278ac5c126f7078521d73b9c,Eastan,Dziarmaga,
NA1/3443603856,2020-05-31,2020,Unknown,10.11,oe:team:eab5c007906936e2b6214db2d274fd5,Charlotte Phoenix,lineup-80b3ddb7bb21af46,1,pair-93febb2c71665ec4,oe:player:3062a9edba61382db75add4b3fe0eea,oe:player:78810aaa200931ecf0de9e8e8a4c276,Disconnector,Jason Jungle,
NA1/3443603856,2020-05-31,2020,Unknown,10.11,oe:team:eab5c007906936e2b6214db2d274fd5,Charlotte Phoenix,lineup-80b3ddb7bb21af46,1,pair-7e5d04f759a5756b,oe:player:3062a9edba61382db75add4b3fe0eea,oe:player:d045ce8a0de5eb77d740e62fb9e2d7f,Disconnector,Daption,
NA1/3443603856,2020-05-31,2020,Unknown,10.11,oe:team:eab5c007906936e2b6214db2d274fd5,Charlotte Phoenix,lineup-80b3ddb7bb21af46,1,pair-c7991bf91ab66e15,oe:player:3062a9edba61382db75add4b3fe0eea,oe:player:d16b2c7278ac5c126f7078521d73b9c,Disconnector,Dziarmaga,
NA1/3443603856,2020-05-31,2020,Unknown,10.11,oe:team:eab5c007906936e2b6214db2d274fd5,Charlotte Phoenix,lineup-80b3ddb7bb21af46,1,pair-606764f5aac4c1a8,oe:player:78810aaa200931ecf0de9e8e8a4c276,oe:player:d045ce8a0de5eb77d740e62fb9e2d7f,Jason Jungle,Daption,
NA1/3443603856,2020-05-31,2020,Unknown,10.11,oe:team:eab5c007906936e2b6214db2d274fd5,Charlotte Phoenix,lineup-80b3ddb7bb21af46,1,pair-a3881c3e3b3b8339,oe:player:78810aaa200931ecf0de9e8e8a4c276,oe:player:d16b2c7278ac5c126f7078521d73b9c,Jason Jungle,Dziarmaga,
NA1/3443603856,2020-05-31,2020,Unknown,10.11,oe:team:eab5c007906936e2b6214db2d274fd5,Charlotte Phoenix,lineup-80b3ddb7bb21af46,1,pair-59d8e9694746f9c2,oe:player:d045ce8a0de5eb77d740e62fb9e2d7f,oe:player:d16b2c7278ac5c126f7078521d73b9c,Daption,Dziarmaga,
NA1/3443603908,2020-05-31,2020,Unknown,10.11,oe:team:72dbb628b62f86001cfab61bc031f76,Slaughter House,lineup-72ba86eb8bfff72d,0,pair-77fcd7c679caeb13,name-player-d72bd85e71031dbd,oe:player:5313666816f00d125f1aeeb06f4fbfb,unknown player,KingGeorgie,
NA1/3443603908,2020-05-31,2020,Unknown,10.11,oe:team:72dbb628b62f86001cfab61bc031f76,Slaughter House,lineup-72ba86eb8bfff72d,0,pair-5d5b3ee2264ee9e4,name-player-d72bd85e71031dbd,oe:player:54f2c73f2b78b0dd2c9360439e94228,unknown player,Slapper,
NA1/3443603908,2020-05-31,2020,Unknown,10.11,oe:team:72dbb628b62f86001cfab61bc031f76,Slaughter House,lineup-72ba86eb8bfff72d,0,pair-828578cf71bfd5f2,name-player-d72bd85e71031dbd,oe:player:6964d7e227c06511a62d8954f58d542,unknown player,A 5,
NA1/3443603908,2020-05-31,2020,Unknown,10.11,oe:team:72dbb628b62f86001cfab61bc031f76,Slaughter House,lineup-72ba86eb8bfff72d,0,pair-39ed00122e830529,name-player-d72bd85e71031dbd,oe:player:ac101b32dda4448cf13a93fe283dddd,unknown player,Body,
NA1/3443603908,2020-05-31,2020,Unknown,10.11,oe:team:72dbb628b62f86001cfab61bc031f76,Slaughter House,lineup-72ba86eb8bfff72d,0,pair-cb272266dc5f6060,oe:player:5313666816f00d125f1aeeb06f4fbfb,oe:player:54f2c73f2b78b0dd2c9360439e94228,KingGeorgie,Slapper,
NA1/3443603908,2020-05-31,2020,Unknown,10.11,oe:team:72dbb628b62f86001cfab61bc031f76,Slaughter House,lineup-72ba86eb8bfff72d,0,pair-580da83e98be1b2f,oe:player:5313666816f00d125f1aeeb06f4fbfb,oe:player:6964d7e227c06511a62d8954f58d542,KingGeorgie,A 5,
NA1/3443603908,2020-05-31,2020,Unknown,10.11,oe:team:72dbb628b62f86001cfab61bc031f76,Slaughter House,lineup-72ba86eb8bfff72d,0,pair-a9c2a64471ebacf4,oe:player:5313666816f00d125f1aeeb06f4fbfb,oe:player:ac101b32dda4448cf13a93fe283dddd,KingGeorgie,Body,
NA1/3443603908,2020-05-31,2020,Unknown,10.11,oe:team:72dbb628b62f86001cfab61bc031f76,Slaughter House,lineup-72ba86eb8bfff72d,0,pair-73de8438c20a7fc1,oe:player:54f2c73f2b78b0dd2c9360439e94228,oe:player:6964d7e227c06511a62d8954f58d542,Slapper,A 5,
NA1/3443603908,2020-05-31,2020,Unknown,10.11,oe:team:72dbb628b62f86001cfab61bc031f76,Slaughter House,lineup-72ba86eb8bfff72d,0,pair-da1bbbfd7954fc82,oe:player:54f2c73f2b78b0dd2c9360439e94228,oe:player:ac101b32dda4448cf13a93fe283dddd,Slapper,Body,
NA1/3443603908,2020-05-31,2020,Unknown,10.11,oe:team:72dbb628b62f86001cfab61bc031f76,Slaughter House,lineup-72ba86eb8bfff72d,0,pair-f3b98806d5a817c1,oe:player:6964d7e227c06511a62d8954f58d542,oe:player:ac101b32dda4448cf13a93fe283dddd,A 5,Body,
NA1/3443603908,2020-05-31,2020,Unknown,10.11,oe:team:cb88ee3c195b2c7056830437a1f1565,Mirage Sport Électronique,lineup-b732154c47c6d538,1,pair-83ecace85deec332,oe:player:1c275bedd474301abb6a402792d0731,oe:player:89a68bddd0541e0f26fc044c711eb92,RobbyBob,Tony Top,
NA1/3443603908,2020-05-31,2020,Unknown,10.11,oe:team:cb88ee3c195b2c7056830437a1f1565,Mirage Sport Électronique,lineup-b732154c47c6d538,1,pair-44c6f218d4313290,oe:player:1c275bedd474301abb6a402792d0731,oe:player:c79ce9ec47a91226340af0e57afa782,RobbyBob,Neo,
NA1/3443603908,2020-05-31,2020,Unknown,10.11,oe:team:cb88ee3c195b2c7056830437a1f1565,Mirage Sport Électronique,lineup-b732154c47c6d538,1,pair-f48f15d0139d970a,oe:player:1c275bedd474301abb6a402792d0731,oe:player:c9fe742896cf95349db15b35ec262e1,RobbyBob,Mist,
NA1/3443603908,2020-05-31,2020,Unknown,10.11,oe:team:cb88ee3c195b2c7056830437a1f1565,Mirage Sport Électronique,lineup-b732154c47c6d538,1,pair-c2d651e0a7891b1b,oe:player:1c275bedd474301abb6a402792d0731,oe:player:dfabf6008e5be18683d654b25534d03,RobbyBob,Hyami,
NA1/3443603908,2020-05-31,2020,Unknown,10.11,oe:team:cb88ee3c195b2c7056830437a1f1565,Mirage Sport Électronique,lineup-b732154c47c6d538,1,pair-75c5e1322051ed8b,oe:player:89a68bddd0541e0f26fc044c711eb92,oe:player:c79ce9ec47a91226340af0e57afa782,Tony Top,Neo,
NA1/3443603908,2020-05-31,2020,Unknown,10.11,oe:team:cb88ee3c195b2c7056830437a1f1565,Mirage Sport Électronique,lineup-b732154c47c6d538,1,pair-40098d9017dd9c11,oe:player:89a68bddd0541e0f26fc044c711eb92,oe:player:c9fe742896cf95349db15b35ec262e1,Tony Top,Mist,
NA1/3443603908,2020-05-31,2020,Unknown,10.11,oe:team:cb88ee3c195b2c7056830437a1f1565,Mirage Sport Électronique,lineup-b732154c47c6d538,1,pair-8eebfe70317de9fe,oe:player:89a68bddd0541e0f26fc044c711eb92,oe:player:dfabf6008e5be18683d654b25534d03,Tony Top,Hyami,
NA1/3443603908,2020-05-31,2020,Unknown,10.11,oe:team:cb88ee3c195b2c7056830437a1f1565,Mirage Sport Électronique,lineup-b732154c47c6d538,1,pair-753418541dd4f0c8,oe:player:c79ce9ec47a91226340af0e57afa782,oe:player:c9fe742896cf95349db15b35ec262e1,Neo,Mist,
NA1/3443603908,2020-05-31,2020,Unknown,10.11,oe:team:cb88ee3c195b2c7056830437a1f1565,Mirage Sport Électronique,lineup-b732154c47c6d538,1,pair-48423360e2e97195,oe:player:c79ce9ec47a91226340af0e57afa782,oe:player:dfabf6008e5be18683d654b25534d03,Neo,Hyami,
NA1/3443603908,2020-05-31,2020,Unknown,10.11,oe:team:cb88ee3c195b2c7056830437a1f1565,Mirage Sport Électronique,lineup-b732154c47c6d538,1,pair-771784b4cd34b3bd,oe:player:c9fe742896cf95349db15b35ec262e1,oe:player:dfabf6008e5be18683d654b25534d03,Mist,Hyami,
NA1/3443604271,2020-05-31,2020,Unknown,10.11,oe:team:72dbb628b62f86001cfab61bc031f76,Slaughter House,lineup-72ba86eb8bfff72d,0,pair-77fcd7c679caeb13,name-player-d72bd85e71031dbd,oe:player:5313666816f00d125f1aeeb06f4fbfb,unknown player,KingGeorgie,
NA1/3443604271,2020-05-31,2020,Unknown,10.11,oe:team:72dbb628b62f86001cfab61bc031f76,Slaughter House,lineup-72ba86eb8bfff72d,0,pair-5d5b3ee2264ee9e4,name-player-d72bd85e71031dbd,oe:player:54f2c73f2b78b0dd2c9360439e94228,unknown player,Slapper,
NA1/3443604271,2020-05-31,2020,Unknown,10.11,oe:team:72dbb628b62f86001cfab61bc031f76,Slaughter House,lineup-72ba86eb8bfff72d,0,pair-828578cf71bfd5f2,name-player-d72bd85e71031dbd,oe:player:6964d7e227c06511a62d8954f58d542,unknown player,A 5,
NA1/3443604271,2020-05-31,2020,Unknown,10.11,oe:team:72dbb628b62f86001cfab61bc031f76,Slaughter House,lineup-72ba86eb8bfff72d,0,pair-39ed00122e830529,name-player-d72bd85e71031dbd,oe:player:ac101b32dda4448cf13a93fe283dddd,unknown player,Body,
NA1/3443604271,2020-05-31,2020,Unknown,10.11,oe:team:72dbb628b62f86001cfab61bc031f76,Slaughter House,lineup-72ba86eb8bfff72d,0,pair-cb272266dc5f6060,oe:player:5313666816f00d125f1aeeb06f4fbfb,oe:player:54f2c73f2b78b0dd2c9360439e94228,KingGeorgie,Slapper,
NA1/3443604271,2020-05-31,2020,Unknown,10.11,oe:team:72dbb628b62f86001cfab61bc031f76,Slaughter House,lineup-72ba86eb8bfff72d,0,pair-580da83e98be1b2f,oe:player:5313666816f00d125f1aeeb06f4fbfb,oe:player:6964d7e227c06511a62d8954f58d542,KingGeorgie,A 5,
NA1/3443604271,2020-05-31,2020,Unknown,10.11,oe:team:72dbb628b62f86001cfab61bc031f76,Slaughter House,lineup-72ba86eb8bfff72d,0,pair-a9c2a64471ebacf4,oe:player:5313666816f00d125f1aeeb06f4fbfb,oe:player:ac101b32dda4448cf13a93fe283dddd,KingGeorgie,Body,
NA1/3443604271,2020-05-31,2020,Unknown,10.11,oe:team:72dbb628b62f86001cfab61bc031f76,Slaughter House,lineup-72ba86eb8bfff72d,0,pair-73de8438c20a7fc1,oe:player:54f2c73f2b78b0dd2c9360439e94228,oe:player:6964d7e227c06511a62d8954f58d542,Slapper,A 5,
NA1/3443604271,2020-05-31,2020,Unknown,10.11,oe:team:72dbb628b62f86001cfab61bc031f76,Slaughter House,lineup-72ba86eb8bfff72d,0,pair-da1bbbfd7954fc82,oe:player:54f2c73f2b78b0dd2c9360439e94228,oe:player:ac101b32dda4448cf13a93fe283dddd,Slapper,Body,
NA1/3443604271,2020-05-31,2020,Unknown,10.11,oe:team:72dbb628b62f86001cfab61bc031f76,Slaughter House,lineup-72ba86eb8bfff72d,0,pair-f3b98806d5a817c1,oe:player:6964d7e227c06511a62d8954f58d542,oe:player:ac101b32dda4448cf13a93fe283dddd,A 5,Body,
NA1/3443604271,2020-05-31,2020,Unknown,10.11,oe:team:cb88ee3c195b2c7056830437a1f1565,Mirage Sport Électronique,lineup-b732154c47c6d538,1,pair-83ecace85deec332,oe:player:1c275bedd474301abb6a402792d0731,oe:player:89a68bddd0541e0f26fc044c711eb92,RobbyBob,Tony Top,
NA1/3443604271,2020-05-31,2020,Unknown,10.11,oe:team:cb88ee3c195b2c7056830437a1f1565,Mirage Sport Électronique,lineup-b732154c47c6d538,1,pair-44c6f218d4313290,oe:player:1c275bedd474301abb6a402792d0731,oe:player:c79ce9ec47a91226340af0e57afa782,RobbyBob,Neo,
NA1/3443604271,2020-05-31,2020,Unknown,10.11,oe:team:cb88ee3c195b2c7056830437a1f1565,Mirage Sport Électronique,lineup-b732154c47c6d538,1,pair-f48f15d0139d970a,oe:player:1c275bedd474301abb6a402792d0731,oe:player:c9fe742896cf95349db15b35ec262e1,RobbyBob,Mist,
NA1/3443604271,2020-05-31,2020,Unknown,10.11,oe:team:cb88ee3c195b2c7056830437a1f1565,Mirage Sport Électronique,lineup-b732154c47c6d538,1,pair-c2d651e0a7891b1b,oe:player:1c275bedd474301abb6a402792d0731,oe:player:dfabf6008e5be18683d654b25534d03,RobbyBob,Hyami,
NA1/3443604271,2020-05-31,2020,Unknown,10.11,oe:team:cb88ee3c195b2c7056830437a1f1565,Mirage Sport Électronique,lineup-b732154c47c6d538,1,pair-75c5e1322051ed8b,oe:player:89a68bddd0541e0f26fc044c711eb92,oe:player:c79ce9ec47a91226340af0e57afa782,Tony Top,Neo,
NA1/3443604271,2020-05-31,2020,Unknown,10.11,oe:team:cb88ee3c195b2c7056830437a1f1565,Mirage Sport Électronique,lineup-b732154c47c6d538,1,pair-40098d9017dd9c11,oe:player:89a68bddd0541e0f26fc044c711eb92,oe:player:c9fe742896cf95349db15b35ec262e1,Tony Top,Mist,
NA1/3443604271,2020-05-31,2020,Unknown,10.11,oe:team:cb88ee3c195b2c7056830437a1f1565,Mirage Sport Électronique,lineup-b732154c47c6d538,1,pair-8eebfe70317de9fe,oe:player:89a68bddd0541e0f26fc044c711eb92,oe:player:dfabf6008e5be18683d654b25534d03,Tony Top,Hyami,
NA1/3443604271,2020-05-31,2020,Unknown,10.11,oe:team:cb88ee3c195b2c7056830437a1f1565,Mirage Sport Électronique,lineup-b732154c47c6d538,1,pair-753418541dd4f0c8,oe:player:c79ce9ec47a91226340af0e57afa782,oe:player:c9fe742896cf95349db15b35ec262e1,Neo,Mist,
NA1/3443604271,2020-05-31,2020,Unknown,10.11,oe:team:cb88ee3c195b2c7056830437a1f1565,Mirage Sport Électronique,lineup-b732154c47c6d538,1,pair-48423360e2e97195,oe:player:c79ce9ec47a91226340af0e57afa782,oe:player:dfabf6008e5be18683d654b25534d03,Neo,Hyami,
NA1/3443604271,2020-05-31,2020,Unknown,10.11,oe:team:cb88ee3c195b2c7056830437a1f1565,Mirage Sport Électronique,lineup-b732154c47c6d538,1,pair-771784b4cd34b3bd,oe:player:c9fe742896cf95349db15b35ec262e1,oe:player:dfabf6008e5be18683d654b25534d03,Mist,Hyami,
NA1/3443604379,2020-06-01,2020,Unknown,10.11,name-team-bbf4d270ed871a83,unknown team,lineup-3fe2836ed37c2e88,1,pair-d9798624abba4ba5,oe:player:05a73863e113f3cb6b472a76da2ea52,oe:player:339584e5b6ff20add38aa209f78eada,DARKWINGS,Infectrix,
NA1/3443604379,2020-06-01,2020,Unknown,10.11,name-team-bbf4d270ed871a83,unknown team,lineup-3fe2836ed37c2e88,1,pair-fc66d3d673ed3a12,oe:player:05a73863e113f3cb6b472a76da2ea52,oe:player:37d1cae123118d33cb8ba1f0c86be72,DARKWINGS,Shamwwow,
NA1/3443604379,2020-06-01,2020,Unknown,10.11,name-team-bbf4d270ed871a83,unknown team,lineup-3fe2836ed37c2e88,1,pair-e245ff9be2bc863e,oe:player:05a73863e113f3cb6b472a76da2ea52,oe:player:8fd5c1da1fb4d54f8cf6753966e46e6,DARKWINGS,Cat Ears,
NA1/3443604379,2020-06-01,2020,Unknown,10.11,name-team-bbf4d270ed871a83,unknown team,lineup-3fe2836ed37c2e88,1,pair-4a534762048fbf3b,oe:player:05a73863e113f3cb6b472a76da2ea52,oe:player:d8e79dfe9593b4231a7f58bffb265a2,DARKWINGS,Kyriu,
NA1/3443604379,2020-06-01,2020,Unknown,10.11,name-team-bbf4d270ed871a83,unknown team,lineup-3fe2836ed37c2e88,1,pair-30d66b79a85c16f4,oe:player:339584e5b6ff20add38aa209f78eada,oe:player:37d1cae123118d33cb8ba1f0c86be72,Infectrix,Shamwwow,
NA1/3443604379,2020-06-01,2020,Unknown,10.11,name-team-bbf4d270ed871a83,unknown team,lineup-3fe2836ed37c2e88,1,pair-cb58066dee50166a,oe:player:339584e5b6ff20add38aa209f78eada,oe:player:8fd5c1da1fb4d54f8cf6753966e46e6,Infectrix,Cat Ears,
NA1/3443604379,2020-06-01,2020,Unknown,10.11,name-team-bbf4d270ed871a83,unknown team,lineup-3fe2836ed37c2e88,1,pair-bc5d18b288f82244,oe:player:339584e5b6ff20add38aa209f78eada,oe:player:d8e79dfe9593b4231a7f58bffb265a2,Infectrix,Kyriu,
NA1/3443604379,2020-06-01,2020,Unknown,10.11,name-team-bbf4d270ed871a83,unknown team,lineup-3fe2836ed37c2e88,1,pair-a10950e2188e9e9f,oe:player:37d1cae123118d33cb8ba1f0c86be72,oe:player:8fd5c1da1fb4d54f8cf6753966e46e6,Shamwwow,Cat Ears,
NA1/3443604379,2020-06-01,2020,Unknown,10.11,name-team-bbf4d270ed871a83,unknown team,lineup-3fe2836ed37c2e88,1,pair-62943367910dfa36,oe:player:37d1cae123118d33cb8ba1f0c86be72,oe:player:d8e79dfe9593b4231a7f58bffb265a2,Shamwwow,Kyriu,
NA1/3443604379,2020-06-01,2020,Unknown,10.11,name-team-bbf4d270ed871a83,unknown team,lineup-3fe2836ed37c2e88,1,pair-9207730328b39c23,oe:player:8fd5c1da1fb4d54f8cf6753966e46e6,oe:player:d8e79dfe9593b4231a7f58bffb265a2,Cat Ears,Kyriu,
NA1/3443604379,2020-06-01,2020,Unknown,10.11,oe:team:eab5c007906936e2b6214db2d274fd5,Charlotte Phoenix,lineup-80b3ddb7bb21af46,0,pair-9b4e1dcc0e420f58,oe:player:1d36e28887d951194dfde1c17c6ab8c,oe:player:3062a9edba61382db75add4b3fe0eea,Eastan,Disconnector,
NA1/3443604379,2020-06-01,2020,Unknown,10.11,oe:team:eab5c007906936e2b6214db2d274fd5,Charlotte Phoenix,lineup-80b3ddb7bb21af46,0,pair-3e7355ec13fa6136,oe:player:1d36e28887d951194dfde1c17c6ab8c,oe:player:78810aaa200931ecf0de9e8e8a4c276,Eastan,Jason Jungle,
NA1/3443604379,2020-06-01,2020,Unknown,10.11,oe:team:eab5c007906936e2b6214db2d274fd5,Charlotte Phoenix,lineup-80b3ddb7bb21af46,0,pair-d6c3f9daf9ec1762,oe:player:1d36e28887d951194dfde1c17c6ab8c,oe:player:d045ce8a0de5eb77d740e62fb9e2d7f,Eastan,Daption,
NA1/3443604379,2020-06-01,2020,Unknown,10.11,oe:team:eab5c007906936e2b6214db2d274fd5,Charlotte Phoenix,lineup-80b3ddb7bb21af46,0,pair-70e89b48c5f1ac9e,oe:player:1d36e28887d951194dfde1c17c6ab8c,oe:player:d16b2c7278ac5c126f7078521d73b9c,Eastan,Dziarmaga,
NA1/3443604379,2020-06-01,2020,Unknown,10.11,oe:team:eab5c007906936e2b6214db2d274fd5,Charlotte Phoenix,lineup-80b3ddb7bb21af46,0,pair-93febb2c71665ec4,oe:player:3062a9edba61382db75add4b3fe0eea,oe:player:78810aaa200931ecf0de9e8e8a4c276,Disconnector,Jason Jungle,
NA1/3443604379,2020-06-01,2020,Unknown,10.11,oe:team:eab5c007906936e2b6214db2d274fd5,Charlotte Phoenix,lineup-80b3ddb7bb21af46,0,pair-7e5d04f759a5756b,oe:player:3062a9edba61382db75add4b3fe0eea,oe:player:d045ce8a0de5eb77d740e62fb9e2d7f,Disconnector,Daption,
NA1/3443604379,2020-06-01,2020,Unknown,10.11,oe:team:eab5c007906936e2b6214db2d274fd5,Charlotte Phoenix,lineup-80b3ddb7bb21af46,0,pair-c7991bf91ab66e15,oe:player:3062a9edba61382db75add4b3fe0eea,oe:player:d16b2c7278ac5c126f7078521d73b9c,Disconnector,Dziarmaga,
NA1/3443604379,2020-06-01,2020,Unknown,10.11,oe:team:eab5c007906936e2b6214db2d274fd5,Charlotte Phoenix,lineup-80b3ddb7bb21af46,0,pair-606764f5aac4c1a8,oe:player:78810aaa200931ecf0de9e8e8a4c276,oe:player:d045ce8a0de5eb77d740e62fb9e2d7f,Jason Jungle,Daption,
NA1/3443604379,2020-06-01,2020,Unknown,10.11,oe:team:eab5c007906936e2b6214db2d274fd5,Charlotte Phoenix,lineup-80b3ddb7bb21af46,0,pair-a3881c3e3b3b8339,oe:player:78810aaa200931ecf0de9e8e8a4c276,oe:player:d16b2c7278ac5c126f7078521d73b9c,Jason Jungle,Dziarmaga,
NA1/3443604379,2020-06-01,2020,Unknown,10.11,oe:team:eab5c007906936e2b6214db2d274fd5,Charlotte Phoenix,lineup-80b3ddb7bb21af46,0,pair-59d8e9694746f9c2,oe:player:d045ce8a0de5eb77d740e62fb9e2d7f,oe:player:d16b2c7278ac5c126f7078521d73b9c,Daption,Dziarmaga,
NA1/3443604810,2020-06-01,2020,Unknown,10.11,name-team-bbf4d270ed871a83,unknown team,lineup-3fe2836ed37c2e88,0,pair-d9798624abba4ba5,oe:player:05a73863e113f3cb6b472a76da2ea52,oe:player:339584e5b6ff20add38aa209f78eada,DARKWINGS,Infectrix,
NA1/3443604810,2020-06-01,2020,Unknown,10.11,name-team-bbf4d270ed871a83,unknown team,lineup-3fe2836ed37c2e88,0,pair-fc66d3d673ed3a12,oe:player:05a73863e113f3cb6b472a76da2ea52,oe:player:37d1cae123118d33cb8ba1f0c86be72,DARKWINGS,Shamwwow,
NA1/3443604810,2020-06-01,2020,Unknown,10.11,name-team-bbf4d270ed871a83,unknown team,lineup-3fe2836ed37c2e88,0,pair-e245ff9be2bc863e,oe:player:05a73863e113f3cb6b472a76da2ea52,oe:player:8fd5c1da1fb4d54f8cf6753966e46e6,DARKWINGS,Cat Ears,
NA1/3443604810,2020-06-01,2020,Unknown,10.11,name-team-bbf4d270ed871a83,unknown team,lineup-3fe2836ed37c2e88,0,pair-4a534762048fbf3b,oe:player:05a73863e113f3cb6b472a76da2ea52,oe:player:d8e79dfe9593b4231a7f58bffb265a2,DARKWINGS,Kyriu,
NA1/3443604810,2020-06-01,2020,Unknown,10.11,name-team-bbf4d270ed871a83,unknown team,lineup-3fe2836ed37c2e88,0,pair-30d66b79a85c16f4,oe:player:339584e5b6ff20add38aa209f78eada,oe:player:37d1cae123118d33cb8ba1f0c86be72,Infectrix,Shamwwow,
NA1/3443604810,2020-06-01,2020,Unknown,10.11,name-team-bbf4d270ed871a83,unknown team,lineup-3fe2836ed37c2e88,0,pair-cb58066dee50166a,oe:player:339584e5b6ff20add38aa209f78eada,oe:player:8fd5c1da1fb4d54f8cf6753966e46e6,Infectrix,Cat Ears,
NA1/3443604810,2020-06-01,2020,Unknown,10.11,name-team-bbf4d270ed871a83,unknown team,lineup-3fe2836ed37c2e88,0,pair-bc5d18b288f82244,oe:player:339584e5b6ff20add38aa209f78eada,oe:player:d8e79dfe9593b4231a7f58bffb265a2,Infectrix,Kyriu,
NA1/3443604810,2020-06-01,2020,Unknown,10.11,name-team-bbf4d270ed871a83,unknown team,lineup-3fe2836ed37c2e88,0,pair-a10950e2188e9e9f,oe:player:37d1cae123118d33cb8ba1f0c86be72,oe:player:8fd5c1da1fb4d54f8cf6753966e46e6,Shamwwow,Cat Ears,
NA1/3443604810,2020-06-01,2020,Unknown,10.11,name-team-bbf4d270ed871a83,unknown team,lineup-3fe2836ed37c2e88,0,pair-62943367910dfa36,oe:player:37d1cae123118d33cb8ba1f0c86be72,oe:player:d8e79dfe9593b4231a7f58bffb265a2,Shamwwow,Kyriu,
NA1/3443604810,2020-06-01,2020,Unknown,10.11,name-team-bbf4d270ed871a83,unknown team,lineup-3fe2836ed37c2e88,0,pair-9207730328b39c23,oe:player:8fd5c1da1fb4d54f8cf6753966e46e6,oe:player:d8e79dfe9593b4231a7f58bffb265a2,Cat Ears,Kyriu,
NA1/3443604810,2020-06-01,2020,Unknown,10.11,oe:team:eab5c007906936e2b6214db2d274fd5,Charlotte Phoenix,lineup-80b3ddb7bb21af46,1,pair-9b4e1dcc0e420f58,oe:player:1d36e28887d951194dfde1c17c6ab8c,oe:player:3062a9edba61382db75add4b3fe0eea,Eastan,Disconnector,
NA1/3443604810,2020-06-01,2020,Unknown,10.11,oe:team:eab5c007906936e2b6214db2d274fd5,Charlotte Phoenix,lineup-80b3ddb7bb21af46,1,pair-3e7355ec13fa6136,oe:player:1d36e28887d951194dfde1c17c6ab8c,oe:player:78810aaa200931ecf0de9e8e8a4c276,Eastan,Jason Jungle,
NA1/3443604810,2020-06-01,2020,Unknown,10.11,oe:team:eab5c007906936e2b6214db2d274fd5,Charlotte Phoenix,lineup-80b3ddb7bb21af46,1,pair-d6c3f9daf9ec1762,oe:player:1d36e28887d951194dfde1c17c6ab8c,oe:player:d045ce8a0de5eb77d740e62fb9e2d7f,Eastan,Daption,
NA1/3443604810,2020-06-01,2020,Unknown,10.11,oe:team:eab5c007906936e2b6214db2d274fd5,Charlotte Phoenix,lineup-80b3ddb7bb21af46,1,pair-70e89b48c5f1ac9e,oe:player:1d36e28887d951194dfde1c17c6ab8c,oe:player:d16b2c7278ac5c126f7078521d73b9c,Eastan,Dziarmaga,
NA1/3443604810,2020-06-01,2020,Unknown,10.11,oe:team:eab5c007906936e2b6214db2d274fd5,Charlotte Phoenix,lineup-80b3ddb7bb21af46,1,pair-93febb2c71665ec4,oe:player:3062a9edba61382db75add4b3fe0eea,oe:player:78810aaa200931ecf0de9e8e8a4c276,Disconnector,Jason Jungle,
NA1/3443604810,2020-06-01,2020,Unknown,10.11,oe:team:eab5c007906936e2b6214db2d274fd5,Charlotte Phoenix,lineup-80b3ddb7bb21af46,1,pair-7e5d04f759a5756b,oe:player:3062a9edba61382db75add4b3fe0eea,oe:player:d045ce8a0de5eb77d740e62fb9e2d7f,Disconnector,Daption,
NA1/3443604810,2020-06-01,2020,Unknown,10.11,oe:team:eab5c007906936e2b6214db2d274fd5,Charlotte Phoenix,lineup-80b3ddb7bb21af46,1,pair-c7991bf91ab66e15,oe:player:3062a9edba61382db75add4b3fe0eea,oe:player:d16b2c7278ac5c126f7078521d73b9c,Disconnector,Dziarmaga,
NA1/3443604810,2020-06-01,2020,Unknown,10.11,oe:team:eab5c007906936e2b6214db2d274fd5,Charlotte Phoenix,lineup-80b3ddb7bb21af46,1,pair-606764f5aac4c1a8,oe:player:78810aaa200931ecf0de9e8e8a4c276,oe:player:d045ce8a0de5eb77d740e62fb9e2d7f,Jason Jungle,Daption,
NA1/3443604810,2020-06-01,2020,Unknown,10.11,oe:team:eab5c007906936e2b6214db2d274fd5,Charlotte Phoenix,lineup-80b3ddb7bb21af46,1,pair-a3881c3e3b3b8339,oe:player:78810aaa200931ecf0de9e8e8a4c276,oe:player:d16b2c7278ac5c126f7078521d73b9c,Jason Jungle,Dziarmaga,
NA1/3443604810,2020-06-01,2020,Unknown,10.11,oe:team:eab5c007906936e2b6214db2d274fd5,Charlotte Phoenix,lineup-80b3ddb7bb21af46,1,pair-59d8e9694746f9c2,oe:player:d045ce8a0de5eb77d740e62fb9e2d7f,oe:player:d16b2c7278ac5c126f7078521d73b9c,Daption,Dziarmaga,
NA1/3443613643,2020-05-31,2020,Unknown,10.11,name-team-bbf4d270ed871a83,unknown team,lineup-de25cbf71bf2b8dd,1,pair-a8a111c39d31aaa1,oe:player:29b67a93c1a600beb6904551c853fdd,oe:player:2e41e5848c5235a0e3def1e25027766,Trevor,Hunter,
NA1/3443613643,2020-05-31,2020,Unknown,10.11,name-team-bbf4d270ed871a83,unknown team,lineup-de25cbf71bf2b8dd,1,pair-51425ce5f62cb906,oe:player:29b67a93c1a600beb6904551c853fdd,oe:player:4db47d64e2721bf7a93ebf42e488852,Trevor,Meech,
NA1/3443613643,2020-05-31,2020,Unknown,10.11,name-team-bbf4d270ed871a83,unknown team,lineup-de25cbf71bf2b8dd,1,pair-4e5a82eda8d2c7ff,oe:player:29b67a93c1a600beb6904551c853fdd,oe:player:5257e05cde806e07b405ddcce85114d,Trevor,Bradley,
NA1/3443613643,2020-05-31,2020,Unknown,10.11,name-team-bbf4d270ed871a83,unknown team,lineup-de25cbf71bf2b8dd,1,pair-f679761a3973b068,oe:player:29b67a93c1a600beb6904551c853fdd,oe:player:e8aba5fbfc41b0621226b08a87e3ded,Trevor,Philip,
NA1/3443613643,2020-05-31,2020,Unknown,10.11,name-team-bbf4d270ed871a83,unknown team,lineup-de25cbf71bf2b8dd,1,pair-40701114d457db20,oe:player:2e41e5848c5235a0e3def1e25027766,oe:player:4db47d64e2721bf7a93ebf42e488852,Hunter,Meech,
NA1/3443613643,2020-05-31,2020,Unknown,10.11,name-team-bbf4d270ed871a83,unknown team,lineup-de25cbf71bf2b8dd,1,pair-7fd8c9b10681a2a4,oe:player:2e41e5848c5235a0e3def1e25027766,oe:player:5257e05cde806e07b405ddcce85114d,Hunter,Bradley,
NA1/3443613643,2020-05-31,2020,Unknown,10.11,name-team-bbf4d270ed871a83,unknown team,lineup-de25cbf71bf2b8dd,1,pair-e7302468e8432d0c,oe:player:2e41e5848c5235a0e3def1e25027766,oe:player:e8aba5fbfc41b0621226b08a87e3ded,Hunter,Philip,
NA1/3443613643,2020-05-31,2020,Unknown,10.11,name-team-bbf4d270ed871a83,unknown team,lineup-de25cbf71bf2b8dd,1,pair-e3a4dabc7a36c623,oe:player:4db47d64e2721bf7a93ebf42e488852,oe:player:5257e05cde806e07b405ddcce85114d,Meech,Bradley,
NA1/3443613643,2020-05-31,2020,Unknown,10.11,name-team-bbf4d270ed871a83,unknown team,lineup-de25cbf71bf2b8dd,1,pair-64862b3f11d663ff,oe:player:4db47d64e2721bf7a93ebf42e488852,oe:player:e8aba5fbfc41b0621226b08a87e3ded,Meech,Philip,
NA1/3443613643,2020-05-31,2020,Unknown,10.11,name-team-bbf4d270ed871a83,unknown team,lineup-de25cbf71bf2b8dd,1,pair-98ae02d125a6a884,oe:player:5257e05cde806e07b405ddcce85114d,oe:player:e8aba5fbfc41b0621226b08a87e3ded,Bradley,Philip,
NA1/3443613643,2020-05-31,2020,Unknown,10.11,oe:team:9034597e77937456f89960ad1b8615e,Wildcard Gaming,lineup-128e57fa4174c7f4,0,pair-267d50562c3406cf,oe:player:184d97e1a8e8130dfb0a41329b780c6,oe:player:30572b23e41315ce024a7af628da667,Dragoon,CMD ATK,
NA1/3443613643,2020-05-31,2020,Unknown,10.11,oe:team:9034597e77937456f89960ad1b8615e,Wildcard Gaming,lineup-128e57fa4174c7f4,0,pair-1ea9e04ef5d2daf2,oe:player:184d97e1a8e8130dfb0a41329b780c6,oe:player:c33de864be225948486047a145b4bf1,Dragoon,Le Grain,
NA1/3443613643,2020-05-31,2020,Unknown,10.11,oe:team:9034597e77937456f89960ad1b8615e,Wildcard Gaming,lineup-128e57fa4174c7f4,0,pair-ca5bb124c67c07fe,oe:player:184d97e1a8e8130dfb0a41329b780c6,oe:player:e57ef5f8ab42a0364a11b50f2a86b81,Dragoon,ShorterACE,
NA1/3443613643,2020-05-31,2020,Unknown,10.11,oe:team:9034597e77937456f89960ad1b8615e,Wildcard Gaming,lineup-128e57fa4174c7f4,0,pair-7a1d9f12ab890aa5,oe:player:184d97e1a8e8130dfb0a41329b780c6,oe:player:f8d623a78c27641412debac4080ece7,Dragoon,Joey,
NA1/3443613643,2020-05-31,2020,Unknown,10.11,oe:team:9034597e77937456f89960ad1b8615e,Wildcard Gaming,lineup-128e57fa4174c7f4,0,pair-efbfed8a12d2eab0,oe:player:30572b23e41315ce024a7af628da667,oe:player:c33de864be225948486047a145b4bf1,CMD ATK,Le Grain,
NA1/3443613643,2020-05-31,2020,Unknown,10.11,oe:team:9034597e77937456f89960ad1b8615e,Wildcard Gaming,lineup-128e57fa4174c7f4,0,pair-160afee6f92abb1f,oe:player:30572b23e41315ce024a7af628da667,oe:player:e57ef5f8ab42a0364a11b50f2a86b81,CMD ATK,ShorterACE,
NA1/3443613643,2020-05-31,2020,Unknown,10.11,oe:team:9034597e77937456f89960ad1b8615e,Wildcard Gaming,lineup-128e57fa4174c7f4,0,pair-a735f22b4388dcf5,oe:player:30572b23e41315ce024a7af628da667,oe:player:f8d623a78c27641412debac4080ece7,CMD ATK,Joey,
NA1/3443613643,2020-05-31,2020,Unknown,10.11,oe:team:9034597e77937456f89960ad1b8615e,Wildcard Gaming,lineup-128e57fa4174c7f4,0,pair-daa15feaeb1b22ef,oe:player:c33de864be225948486047a145b4bf1,oe:player:e57ef5f8ab42a0364a11b50f2a86b81,Le Grain,ShorterACE,
NA1/3443613643,2020-05-31,2020,Unknown,10.11,oe:team:9034597e77937456f89960ad1b8615e,Wildcard Gaming,lineup-128e57fa4174c7f4,0,pair-3ad8489f6a4815dd,oe:player:c33de864be225948486047a145b4bf1,oe:player:f8d623a78c27641412debac4080ece7,Le Grain,Joey,
NA1/3443613643,2020-05-31,2020,Unknown,10.11,oe:team:9034597e77937456f89960ad1b8615e,Wildcard Gaming,lineup-128e57fa4174c7f4,0,pair-cb45880eb35eb4a2,oe:player:e57ef5f8ab42a0364a11b50f2a86b81,oe:player:f8d623a78c27641412debac4080ece7,ShorterACE,Joey,
NA1/3445630167,2020-06-01,2020,Unknown,10.11,oe:team:7df78a658a1ca10f6d413c775cf35cd,Polar Ace,lineup-1d92ba67db5e3ae5,1,pair-64641b55bba96f07,oe:player:33daef70f45123c10a232b800d930a0,oe:player:3e722c8ede909c83af9342c41805a16,Flaresz,Busio,
NA1/3445630167,2020-06-01,2020,Unknown,10.11,oe:team:7df78a658a1ca10f6d413c775cf35cd,Polar Ace,lineup-1d92ba67db5e3ae5,1,pair-486fdad915fc920f,oe:player:33daef70f45123c10a232b800d930a0,oe:player:3f96b0d5494895f5e964dc16ea8f27b,Flaresz,Spawn,
NA1/3445630167,2020-06-01,2020,Unknown,10.11,oe:team:7df78a658a1ca10f6d413c775cf35cd,Polar Ace,lineup-1d92ba67db5e3ae5,1,pair-d219519aef3a019c,oe:player:33daef70f45123c10a232b800d930a0,oe:player:6ca0cf01bc942179eb37f9863ea16cc,Flaresz,Menace,
NA1/3445630167,2020-06-01,2020,Unknown,10.11,oe:team:7df78a658a1ca10f6d413c775cf35cd,Polar Ace,lineup-1d92ba67db5e3ae5,1,pair-c9ee9ef43dd6ffb6,oe:player:33daef70f45123c10a232b800d930a0,oe:player:cd501d29850fa65fab5745d96e0ceed,Flaresz,Dragonmin,
NA1/3445630167,2020-06-01,2020,Unknown,10.11,oe:team:7df78a658a1ca10f6d413c775cf35cd,Polar Ace,lineup-1d92ba67db5e3ae5,1,pair-611beae725f98d64,oe:player:3e722c8ede909c83af9342c41805a16,oe:player:3f96b0d5494895f5e964dc16ea8f27b,Busio,Spawn,
NA1/3445630167,2020-06-01,2020,Unknown,10.11,oe:team:7df78a658a1ca10f6d413c775cf35cd,Polar Ace,lineup-1d92ba67db5e3ae5,1,pair-7c281de31cdde459,oe:player:3e722c8ede909c83af9342c41805a16,oe:player:6ca0cf01bc942179eb37f9863ea16cc,Busio,Menace,
NA1/3445630167,2020-06-01,2020,Unknown,10.11,oe:team:7df78a658a1ca10f6d413c775cf35cd,Polar Ace,lineup-1d92ba67db5e3ae5,1,pair-22c93f45d7515242,oe:player:3e722c8ede909c83af9342c41805a16,oe:player:cd501d29850fa65fab5745d96e0ceed,Busio,Dragonmin,
NA1/3445630167,2020-06-01,2020,Unknown,10.11,oe:team:7df78a658a1ca10f6d413c775cf35cd,Polar Ace,lineup-1d92ba67db5e3ae5,1,pair-6bb5617b4d7de2d9,oe:player:3f96b0d5494895f5e964dc16ea8f27b,oe:player:6ca0cf01bc942179eb37f9863ea16cc,Spawn,Menace,
NA1/3445630167,2020-06-01,2020,Unknown,10.11,oe:team:7df78a658a1ca10f6d413c775cf35cd,Polar Ace,lineup-1d92ba67db5e3ae5,1,pair-cd51000fde2988fb,oe:player:3f96b0d5494895f5e964dc16ea8f27b,oe:player:cd501d29850fa65fab5745d96e0ceed,Spawn,Dragonmin,
NA1/3445630167,2020-06-01,2020,Unknown,10.11,oe:team:7df78a658a1ca10f6d413c775cf35cd,Polar Ace,lineup-1d92ba67db5e3ae5,1,pair-345acff6ebc9eb93,oe:player:6ca0cf01bc942179eb37f9863ea16cc,oe:player:cd501d29850fa65fab5745d96e0ceed,Menace,Dragonmin,
NA1/3445630167,2020-06-01,2020,Unknown,10.11,oe:team:8824dcf25a4ad98b02d3b8fd3361d84,Empyreans,lineup-1e5861cc2d4069e2,0,pair-e1be35ca1404efa0,oe:player:27adb0b3f92d9b8f7fa4cb55b60114c,oe:player:4e234cc35491266462467b04b02dd5d,Lawrence,Special Kay,
NA1/3445630167,2020-06-01,2020,Unknown,10.11,oe:team:8824dcf25a4ad98b02d3b8fd3361d84,Empyreans,lineup-1e5861cc2d4069e2,0,pair-528e91b06e6a3b0d,oe:player:27adb0b3f92d9b8f7fa4cb55b60114c,oe:player:57bb48fd65bff2e2660a13e58f2fcb2,Lawrence,rovex,
NA1/3445630167,2020-06-01,2020,Unknown,10.11,oe:team:8824dcf25a4ad98b02d3b8fd3361d84,Empyreans,lineup-1e5861cc2d4069e2,0,pair-3c6af86e1ddba2cf,oe:player:27adb0b3f92d9b8f7fa4cb55b60114c,oe:player:dcf834a546bd8ced959113bd2eff041,Lawrence,Lost in a Moment,
NA1/3445630167,2020-06-01,2020,Unknown,10.11,oe:team:8824dcf25a4ad98b02d3b8fd3361d84,Empyreans,lineup-1e5861cc2d4069e2,0,pair-872aad1b6766af46,oe:player:27adb0b3f92d9b8f7fa4cb55b60114c,oe:player:f23104490edcad2a6de0133e1784290,Lawrence,SiddyWiddy,
NA1/3445630167,2020-06-01,2020,Unknown,10.11,oe:team:8824dcf25a4ad98b02d3b8fd3361d84,Empyreans,lineup-1e5861cc2d4069e2,0,pair-d5e372f45b43467d,oe:player:4e234cc35491266462467b04b02dd5d,oe:player:57bb48fd65bff2e2660a13e58f2fcb2,Special Kay,rovex,
NA1/3445630167,2020-06-01,2020,Unknown,10.11,oe:team:8824dcf25a4ad98b02d3b8fd3361d84,Empyreans,lineup-1e5861cc2d4069e2,0,pair-77f88a4d192d32c3,oe:player:4e234cc35491266462467b04b02dd5d,oe:player:dcf834a546bd8ced959113bd2eff041,Special Kay,Lost in a Moment,
NA1/3445630167,2020-06-01,2020,Unknown,10.11,oe:team:8824dcf25a4ad98b02d3b8fd3361d84,Empyreans,lineup-1e5861cc2d4069e2,0,pair-22d358e988674f42,oe:player:4e234cc35491266462467b04b02dd5d,oe:player:f23104490edcad2a6de0133e1784290,Special Kay,SiddyWiddy,
NA1/3445630167,2020-06-01,2020,Unknown,10.11,oe:team:8824dcf25a4ad98b02d3b8fd3361d84,Empyreans,lineup-1e5861cc2d4069e2,0,pair-1bdefbc87121c66a,oe:player:57bb48fd65bff2e2660a13e58f2fcb2,oe:player:dcf834a546bd8ced959113bd2eff041,rovex,Lost in a Moment,
NA1/3445630167,2020-06-01,2020,Unknown,10.11,oe:team:8824dcf25a4ad98b02d3b8fd3361d84,Empyreans,lineup-1e5861cc2d4069e2,0,pair-f303df035ac3fed6,oe:player:57bb48fd65bff2e2660a13e58f2fcb2,oe:player:f23104490edcad2a6de0133e1784290,rovex,SiddyWiddy,
NA1/3445630167,2020-06-01,2020,Unknown,10.11,oe:team:8824dcf25a4ad98b02d3b8fd3361d84,Empyreans,lineup-1e5861cc2d4069e2,0,pair-f8184f50fcd4826f,oe:player:dcf834a546bd8ced959113bd2eff041,oe:player:f23104490edcad2a6de0133e1784290,Lost in a Moment,SiddyWiddy,
NA1/3448229598,2020-06-06,2020,Unknown,10.11,name-team-bbf4d270ed871a83,unknown team,lineup-de25cbf71bf2b8dd,1,pair-a8a111c39d31aaa1,oe:player:29b67a93c1a600beb6904551c853fdd,oe:player:2e41e5848c5235a0e3def1e25027766,Trevor,Hunter,
NA1/3448229598,2020-06-06,2020,Unknown,10.11,name-team-bbf4d270ed871a83,unknown team,lineup-de25cbf71bf2b8dd,1,pair-51425ce5f62cb906,oe:player:29b67a93c1a600beb6904551c853fdd,oe:player:4db47d64e2721bf7a93ebf42e488852,Trevor,Meech,
NA1/3448229598,2020-06-06,2020,Unknown,10.11,name-team-bbf4d270ed871a83,unknown team,lineup-de25cbf71bf2b8dd,1,pair-4e5a82eda8d2c7ff,oe:player:29b67a93c1a600beb6904551c853fdd,oe:player:5257e05cde806e07b405ddcce85114d,Trevor,Bradley,
NA1/3448229598,2020-06-06,2020,Unknown,10.11,name-team-bbf4d270ed871a83,unknown team,lineup-de25cbf71bf2b8dd,1,pair-f679761a3973b068,oe:player:29b67a93c1a600beb6904551c853fdd,oe:player:e8aba5fbfc41b0621226b08a87e3ded,Trevor,Philip,
NA1/3448229598,2020-06-06,2020,Unknown,10.11,name-team-bbf4d270ed871a83,unknown team,lineup-de25cbf71bf2b8dd,1,pair-40701114d457db20,oe:player:2e41e5848c5235a0e3def1e25027766,oe:player:4db47d64e2721bf7a93ebf42e488852,Hunter,Meech,
NA1/3448229598,2020-06-06,2020,Unknown,10.11,name-team-bbf4d270ed871a83,unknown team,lineup-de25cbf71bf2b8dd,1,pair-7fd8c9b10681a2a4,oe:player:2e41e5848c5235a0e3def1e25027766,oe:player:5257e05cde806e07b405ddcce85114d,Hunter,Bradley,
NA1/3448229598,2020-06-06,2020,Unknown,10.11,name-team-bbf4d270ed871a83,unknown team,lineup-de25cbf71bf2b8dd,1,pair-e7302468e8432d0c,oe:player:2e41e5848c5235a0e3def1e25027766,oe:player:e8aba5fbfc41b0621226b08a87e3ded,Hunter,Philip,
NA1/3448229598,2020-06-06,2020,Unknown,10.11,name-team-bbf4d270ed871a83,unknown team,lineup-de25cbf71bf2b8dd,1,pair-e3a4dabc7a36c623,oe:player:4db47d64e2721bf7a93ebf42e488852,oe:player:5257e05cde806e07b405ddcce85114d,Meech,Bradley,
NA1/3448229598,2020-06-06,2020,Unknown,10.11,name-team-bbf4d270ed871a83,unknown team,lineup-de25cbf71bf2b8dd,1,pair-64862b3f11d663ff,oe:player:4db47d64e2721bf7a93ebf42e488852,oe:player:e8aba5fbfc41b0621226b08a87e3ded,Meech,Philip,
NA1/3448229598,2020-06-06,2020,Unknown,10.11,name-team-bbf4d270ed871a83,unknown team,lineup-de25cbf71bf2b8dd,1,pair-98ae02d125a6a884,oe:player:5257e05cde806e07b405ddcce85114d,oe:player:e8aba5fbfc41b0621226b08a87e3ded,Bradley,Philip,
NA1/3448229598,2020-06-06,2020,Unknown,10.11,oe:team:2be2ebecc453760d7df4991a51a8edc,World Class Empyreans,lineup-3dcb426aa1f2f281,0,pair-20aa72b8e7771e44,oe:player:27adb0b3f92d9b8f7fa4cb55b60114c,oe:player:4e234cc35491266462467b04b02dd5d,Lawrence,Special Kay,
NA1/3448229598,2020-06-06,2020,Unknown,10.11,oe:team:2be2ebecc453760d7df4991a51a8edc,World Class Empyreans,lineup-3dcb426aa1f2f281,0,pair-e4634722608f71b0,oe:player:27adb0b3f92d9b8f7fa4cb55b60114c,oe:player:57bb48fd65bff2e2660a13e58f2fcb2,Lawrence,rovex,
NA1/3448229598,2020-06-06,2020,Unknown,10.11,oe:team:2be2ebecc453760d7df4991a51a8edc,World Class Empyreans,lineup-3dcb426aa1f2f281,0,pair-9f6121f303d41a79,oe:player:27adb0b3f92d9b8f7fa4cb55b60114c,oe:player:dcf834a546bd8ced959113bd2eff041,Lawrence,Lost in a Moment,
NA1/3448229598,2020-06-06,2020,Unknown,10.11,oe:team:2be2ebecc453760d7df4991a51a8edc,World Class Empyreans,lineup-3dcb426aa1f2f281,0,pair-8182443b996408f5,oe:player:27adb0b3f92d9b8f7fa4cb55b60114c,oe:player:f23104490edcad2a6de0133e1784290,Lawrence,SiddyWiddy,
NA1/3448229598,2020-06-06,2020,Unknown,10.11,oe:team:2be2ebecc453760d7df4991a51a8edc,World Class Empyreans,lineup-3dcb426aa1f2f281,0,pair-0d79019a67d471c3,oe:player:4e234cc35491266462467b04b02dd5d,oe:player:57bb48fd65bff2e2660a13e58f2fcb2,Special Kay,rovex,
NA1/3448229598,2020-06-06,2020,Unknown,10.11,oe:team:2be2ebecc453760d7df4991a51a8edc,World Class Empyreans,lineup-3dcb426aa1f2f281,0,pair-afc61ed4522a72af,oe:player:4e234cc35491266462467b04b02dd5d,oe:player:dcf834a546bd8ced959113bd2eff041,Special Kay,Lost in a Moment,
NA1/3448229598,2020-06-06,2020,Unknown,10.11,oe:team:2be2ebecc453760d7df4991a51a8edc,World Class Empyreans,lineup-3dcb426aa1f2f281,0,pair-e4473ae2081b575c,oe:player:4e234cc35491266462467b04b02dd5d,oe:player:f23104490edcad2a6de0133e1784290,Special Kay,SiddyWiddy,
NA1/3448229598,2020-06-06,2020,Unknown,10.11,oe:team:2be2ebecc453760d7df4991a51a8edc,World Class Empyreans,lineup-3dcb426aa1f2f281,0,pair-0e8fbe93468a910b,oe:player:57bb48fd65bff2e2660a13e58f2fcb2,oe:player:dcf834a546bd8ced959113bd2eff041,rovex,Lost in a Moment,
NA1/3448229598,2020-06-06,2020,Unknown,10.11,oe:team:2be2ebecc453760d7df4991a51a8edc,World Class Empyreans,lineup-3dcb426aa1f2f281,0,pair-7e6cfadf0c458fd9,oe:player:57bb48fd65bff2e2660a13e58f2fcb2,oe:player:f23104490edcad2a6de0133e1784290,rovex,SiddyWiddy,
NA1/3448229598,2020-06-06,2020,Unknown,10.11,oe:team:2be2ebecc453760d7df4991a51a8edc,World Class Empyreans,lineup-3dcb426aa1f2f281,0,pair-bce4f9331417895d,oe:player:dcf834a546bd8ced959113bd2eff041,oe:player:f23104490edcad2a6de0133e1784290,Lost in a Moment,SiddyWiddy,
NA1/3450579548,2020-06-08,2020,Unknown,10.11,oe:team:7df78a658a1ca10f6d413c775cf35cd,Polar Ace,lineup-1d92ba67db5e3ae5,0,pair-64641b55bba96f07,oe:player:33daef70f45123c10a232b800d930a0,oe:player:3e722c8ede909c83af9342c41805a16,Flaresz,Busio,
NA1/3450579548,2020-06-08,2020,Unknown,10.11,oe:team:7df78a658a1ca10f6d413c775cf35cd,Polar Ace,lineup-1d92ba67db5e3ae5,0,pair-486fdad915fc920f,oe:player:33daef70f45123c10a232b800d930a0,oe:player:3f96b0d5494895f5e964dc16ea8f27b,Flaresz,Spawn,
NA1/3450579548,2020-06-08,2020,Unknown,10.11,oe:team:7df78a658a1ca10f6d413c775cf35cd,Polar Ace,lineup-1d92ba67db5e3ae5,0,pair-d219519aef3a019c,oe:player:33daef70f45123c10a232b800d930a0,oe:player:6ca0cf01bc942179eb37f9863ea16cc,Flaresz,Menace,
NA1/3450579548,2020-06-08,2020,Unknown,10.11,oe:team:7df78a658a1ca10f6d413c775cf35cd,Polar Ace,lineup-1d92ba67db5e3ae5,0,pair-c9ee9ef43dd6ffb6,oe:player:33daef70f45123c10a232b800d930a0,oe:player:cd501d29850fa65fab5745d96e0ceed,Flaresz,Dragonmin,
NA1/3450579548,2020-06-08,2020,Unknown,10.11,oe:team:7df78a658a1ca10f6d413c775cf35cd,Polar Ace,lineup-1d92ba67db5e3ae5,0,pair-611beae725f98d64,oe:player:3e722c8ede909c83af9342c41805a16,oe:player:3f96b0d5494895f5e964dc16ea8f27b,Busio,Spawn,
NA1/3450579548,2020-06-08,2020,Unknown,10.11,oe:team:7df78a658a1ca10f6d413c775cf35cd,Polar Ace,lineup-1d92ba67db5e3ae5,0,pair-7c281de31cdde459,oe:player:3e722c8ede909c83af9342c41805a16,oe:player:6ca0cf01bc942179eb37f9863ea16cc,Busio,Menace,
NA1/3450579548,2020-06-08,2020,Unknown,10.11,oe:team:7df78a658a1ca10f6d413c775cf35cd,Polar Ace,lineup-1d92ba67db5e3ae5,0,pair-22c93f45d7515242,oe:player:3e722c8ede909c83af9342c41805a16,oe:player:cd501d29850fa65fab5745d96e0ceed,Busio,Dragonmin,
NA1/3450579548,2020-06-08,2020,Unknown,10.11,oe:team:7df78a658a1ca10f6d413c775cf35cd,Polar Ace,lineup-1d92ba67db5e3ae5,0,pair-6bb5617b4d7de2d9,oe:player:3f96b0d5494895f5e964dc16ea8f27b,oe:player:6ca0cf01bc942179eb37f9863ea16cc,Spawn,Menace,
NA1/3450579548,2020-06-08,2020,Unknown,10.11,oe:team:7df78a658a1ca10f6d413c775cf35cd,Polar Ace,lineup-1d92ba67db5e3ae5,0,pair-cd51000fde2988fb,oe:player:3f96b0d5494895f5e964dc16ea8f27b,oe:player:cd501d29850fa65fab5745d96e0ceed,Spawn,Dragonmin,
NA1/3450579548,2020-06-08,2020,Unknown,10.11,oe:team:7df78a658a1ca10f6d413c775cf35cd,Polar Ace,lineup-1d92ba67db5e3ae5,0,pair-345acff6ebc9eb93,oe:player:6ca0cf01bc942179eb37f9863ea16cc,oe:player:cd501d29850fa65fab5745d96e0ceed,Menace,Dragonmin,
NA1/3450579548,2020-06-08,2020,Unknown,10.11,oe:team:9034597e77937456f89960ad1b8615e,Wildcard Gaming,lineup-128e57fa4174c7f4,1,pair-267d50562c3406cf,oe:player:184d97e1a8e8130dfb0a41329b780c6,oe:player:30572b23e41315ce024a7af628da667,Dragoon,CMD ATK,
NA1/3450579548,2020-06-08,2020,Unknown,10.11,oe:team:9034597e77937456f89960ad1b8615e,Wildcard Gaming,lineup-128e57fa4174c7f4,1,pair-1ea9e04ef5d2daf2,oe:player:184d97e1a8e8130dfb0a41329b780c6,oe:player:c33de864be225948486047a145b4bf1,Dragoon,Le Grain,
NA1/3450579548,2020-06-08,2020,Unknown,10.11,oe:team:9034597e77937456f89960ad1b8615e,Wildcard Gaming,lineup-128e57fa4174c7f4,1,pair-ca5bb124c67c07fe,oe:player:184d97e1a8e8130dfb0a41329b780c6,oe:player:e57ef5f8ab42a0364a11b50f2a86b81,Dragoon,ShorterACE,
NA1/3450579548,2020-06-08,2020,Unknown,10.11,oe:team:9034597e77937456f89960ad1b8615e,Wildcard Gaming,lineup-128e57fa4174c7f4,1,pair-7a1d9f12ab890aa5,oe:player:184d97e1a8e8130dfb0a41329b780c6,oe:player:f8d623a78c27641412debac4080ece7,Dragoon,Joey,
NA1/3450579548,2020-06-08,2020,Unknown,10.11,oe:team:9034597e77937456f89960ad1b8615e,Wildcard Gaming,lineup-128e57fa4174c7f4,1,pair-efbfed8a12d2eab0,oe:player:30572b23e41315ce024a7af628da667,oe:player:c33de864be225948486047a145b4bf1,CMD ATK,Le Grain,
NA1/3450579548,2020-06-08,2020,Unknown,10.11,oe:team:9034597e77937456f89960ad1b8615e,Wildcard Gaming,lineup-128e57fa4174c7f4,1,pair-160afee6f92abb1f,oe:player:30572b23e41315ce024a7af628da667,oe:player:e57ef5f8ab42a0364a11b50f2a86b81,CMD ATK,ShorterACE,
NA1/3450579548,2020-06-08,2020,Unknown,10.11,oe:team:9034597e77937456f89960ad1b8615e,Wildcard Gaming,lineup-128e57fa4174c7f4,1,pair-a735f22b4388dcf5,oe:player:30572b23e41315ce024a7af628da667,oe:player:f8d623a78c27641412debac4080ece7,CMD ATK,Joey,
NA1/3450579548,2020-06-08,2020,Unknown,10.11,oe:team:9034597e77937456f89960ad1b8615e,Wildcard Gaming,lineup-128e57fa4174c7f4,1,pair-daa15feaeb1b22ef,oe:player:c33de864be225948486047a145b4bf1,oe:player:e57ef5f8ab42a0364a11b50f2a86b81,Le Grain,ShorterACE,
NA1/3450579548,2020-06-08,2020,Unknown,10.11,oe:team:9034597e77937456f89960ad1b8615e,Wildcard Gaming,lineup-128e57fa4174c7f4,1,pair-3ad8489f6a4815dd,oe:player:c33de864be225948486047a145b4bf1,oe:player:f8d623a78c27641412debac4080ece7,Le Grain,Joey,
NA1/3450579548,2020-06-08,2020,Unknown,10.11,oe:team:9034597e77937456f89960ad1b8615e,Wildcard Gaming,lineup-128e57fa4174c7f4,1,pair-cb45880eb35eb4a2,oe:player:e57ef5f8ab42a0364a11b50f2a86b81,oe:player:f8d623a78c27641412debac4080ece7,ShorterACE,Joey,
NA1/3450608982,2020-06-07,2020,Unknown,10.11,oe:team:5baea1d85fe74c9b5324e0ac7b55f23,XT Esports,lineup-f2b8d2fbb445150b,1,pair-1a40bc942f719ef7,oe:player:506d63191c3a0485207a97d1303614e,oe:player:6cd277156437b9b8dd67807bb21d0a5,SeanTheGod,Twocutz,
NA1/3450608982,2020-06-07,2020,Unknown,10.11,oe:team:5baea1d85fe74c9b5324e0ac7b55f23,XT Esports,lineup-f2b8d2fbb445150b,1,pair-ddc4924b5d6c7bc7,oe:player:506d63191c3a0485207a97d1303614e,oe:player:760f71918dbe25e76081e22adb97a74,SeanTheGod,Yunbee,
NA1/3450608982,2020-06-07,2020,Unknown,10.11,oe:team:5baea1d85fe74c9b5324e0ac7b55f23,XT Esports,lineup-f2b8d2fbb445150b,1,pair-b0c581403e1c9216,oe:player:506d63191c3a0485207a97d1303614e,oe:player:97a03ee352a6f5252f1f93019e992f9,SeanTheGod,Cozy,
NA1/3450608982,2020-06-07,2020,Unknown,10.11,oe:team:5baea1d85fe74c9b5324e0ac7b55f23,XT Esports,lineup-f2b8d2fbb445150b,1,pair-03000369946bc6ca,oe:player:506d63191c3a0485207a97d1303614e,oe:player:ea2f78f74267c020cce0e3297653f24,SeanTheGod,Seoks,
NA1/3450608982,2020-06-07,2020,Unknown,10.11,oe:team:5baea1d85fe74c9b5324e0ac7b55f23,XT Esports,lineup-f2b8d2fbb445150b,1,pair-2d8aaa82279bad84,oe:player:6cd277156437b9b8dd67807bb21d0a5,oe:player:760f71918dbe25e76081e22adb97a74,Twocutz,Yunbee,
NA1/3450608982,2020-06-07,2020,Unknown,10.11,oe:team:5baea1d85fe74c9b5324e0ac7b55f23,XT Esports,lineup-f2b8d2fbb445150b,1,pair-e6ad40f7a53aac76,oe:player:6cd277156437b9b8dd67807bb21d0a5,oe:player:97a03ee352a6f5252f1f93019e992f9,Twocutz,Cozy,
NA1/3450608982,2020-06-07,2020,Unknown,10.11,oe:team:5baea1d85fe74c9b5324e0ac7b55f23,XT Esports,lineup-f2b8d2fbb445150b,1,pair-b0292606a1d9db61,oe:player:6cd277156437b9b8dd67807bb21d0a5,oe:player:ea2f78f74267c020cce0e3297653f24,Twocutz,Seoks,
NA1/3450608982,2020-06-07,2020,Unknown,10.11,oe:team:5baea1d85fe74c9b5324e0ac7b55f23,XT Esports,lineup-f2b8d2fbb445150b,1,pair-4e9578577cb9b662,oe:player:760f71918dbe25e76081e22adb97a74,oe:player:97a03ee352a6f5252f1f93019e992f9,Yunbee,Cozy,
NA1/3450608982,2020-06-07,2020,Unknown,10.11,oe:team:5baea1d85fe74c9b5324e0ac7b55f23,XT Esports,lineup-f2b8d2fbb445150b,1,pair-0b64e9e82ff026b1,oe:player:760f71918dbe25e76081e22adb97a74,oe:player:ea2f78f74267c020cce0e3297653f24,Yunbee,Seoks,
NA1/3450608982,2020-06-07,2020,Unknown,10.11,oe:team:5baea1d85fe74c9b5324e0ac7b55f23,XT Esports,lineup-f2b8d2fbb445150b,1,pair-fd6d9f4bda5e64fd,oe:player:97a03ee352a6f5252f1f93019e992f9,oe:player:ea2f78f74267c020cce0e3297653f24,Cozy,Seoks,
NA1/3450608982,2020-06-07,2020,Unknown,10.11,oe:team:8776b7033f1bc10634e50d90f861c1d,Supernova,lineup-9e07753e380a240e,0,pair-50083fce2d78ff42,oe:player:74c97a5b51b2f1900328154b5a58a44,oe:player:94da1452e43ac6797e36ca8f17656ad,OddOrange,EvanRL,
NA1/3450608982,2020-06-07,2020,Unknown,10.11,oe:team:8776b7033f1bc10634e50d90f861c1d,Supernova,lineup-9e07753e380a240e,0,pair-82df4269bf250296,oe:player:74c97a5b51b2f1900328154b5a58a44,oe:player:a9db4155cb1d90e3e20befd63d49d4a,OddOrange,Cat 2,
NA1/3450608982,2020-06-07,2020,Unknown,10.11,oe:team:8776b7033f1bc10634e50d90f861c1d,Supernova,lineup-9e07753e380a240e,0,pair-98074e249ca42445,oe:player:74c97a5b51b2f1900328154b5a58a44,oe:player:ea9ed09584feecae0991089f087d2ce,OddOrange,APA,
NA1/3450608982,2020-06-07,2020,Unknown,10.11,oe:team:8776b7033f1bc10634e50d90f861c1d,Supernova,lineup-9e07753e380a240e,0,pair-488c7739daa8040c,oe:player:74c97a5b51b2f1900328154b5a58a44,oe:player:f57280c82d3a38f8bf412a520e33f7f,OddOrange,PCL,
NA1/3450608982,2020-06-07,2020,Unknown,10.11,oe:team:8776b7033f1bc10634e50d90f861c1d,Supernova,lineup-9e07753e380a240e,0,pair-fd2f0792262052a0,oe:player:94da1452e43ac6797e36ca8f17656ad,oe:player:a9db4155cb1d90e3e20befd63d49d4a,EvanRL,Cat 2,
NA1/3450608982,2020-06-07,2020,Unknown,10.11,oe:team:8776b7033f1bc10634e50d90f861c1d,Supernova,lineup-9e07753e380a240e,0,pair-2c92750de6aeb1ac,oe:player:94da1452e43ac6797e36ca8f17656ad,oe:player:ea9ed09584feecae0991089f087d2ce,EvanRL,APA,
NA1/3450608982,2020-06-07,2020,Unknown,10.11,oe:team:8776b7033f1bc10634e50d90f861c1d,Supernova,lineup-9e07753e380a240e,0,pair-0ff5df7a07e7f287,oe:player:94da1452e43ac6797e36ca8f17656ad,oe:player:f57280c82d3a38f8bf412a520e33f7f,EvanRL,PCL,
NA1/3450608982,2020-06-07,2020,Unknown,10.11,oe:team:8776b7033f1bc10634e50d90f861c1d,Supernova,lineup-9e07753e380a240e,0,pair-de486d7047d8b819,oe:player:a9db4155cb1d90e3e20befd63d49d4a,oe:player:ea9ed09584feecae0991089f087d2ce,Cat 2,APA,
NA1/3450608982,2020-06-07,2020,Unknown,10.11,oe:team:8776b7033f1bc10634e50d90f861c1d,Supernova,lineup-9e07753e380a240e,0,pair-709a738099d3c1d9,oe:player:a9db4155cb1d90e3e20befd63d49d4a,oe:player:f57280c82d3a38f8bf412a520e33f7f,Cat 2,PCL,
NA1/3450608982,2020-06-07,2020,Unknown,10.11,oe:team:8776b7033f1bc10634e50d90f861c1d,Supernova,lineup-9e07753e380a240e,0,pair-f47a4c05e4f250d4,oe:player:ea9ed09584feecae0991089f087d2ce,oe:player:f57280c82d3a38f8bf412a520e33f7f,APA,PCL,
NA1/3450609230,2020-06-07,2020,Unknown,10.11,oe:team:5baea1d85fe74c9b5324e0ac7b55f23,XT Esports,lineup-38b2dec48d174101,0,pair-1a40bc942f719ef7,oe:player:506d63191c3a0485207a97d1303614e,oe:player:6cd277156437b9b8dd67807bb21d0a5,SeanTheGod,Twocutz,
NA1/3450609230,2020-06-07,2020,Unknown,10.11,oe:team:5baea1d85fe74c9b5324e0ac7b55f23,XT Esports,lineup-38b2dec48d174101,0,pair-ddc4924b5d6c7bc7,oe:player:506d63191c3a0485207a97d1303614e,oe:player:760f71918dbe25e76081e22adb97a74,SeanTheGod,Yunbee,
NA1/3450609230,2020-06-07,2020,Unknown,10.11,oe:team:5baea1d85fe74c9b5324e0ac7b55f23,XT Esports,lineup-38b2dec48d174101,0,pair-b0c581403e1c9216,oe:player:506d63191c3a0485207a97d1303614e,oe:player:97a03ee352a6f5252f1f93019e992f9,SeanTheGod,Cozy,
NA1/3450609230,2020-06-07,2020,Unknown,10.11,oe:team:5baea1d85fe74c9b5324e0ac7b55f23,XT Esports,lineup-38b2dec48d174101,0,pair-03000369946bc6ca,oe:player:506d63191c3a0485207a97d1303614e,oe:player:ea2f78f74267c020cce0e3297653f24,SeanTheGod,Seoks,
NA1/3450609230,2020-06-07,2020,Unknown,10.11,oe:team:5baea1d85fe74c9b5324e0ac7b55f23,XT Esports,lineup-38b2dec48d174101,0,pair-2d8aaa82279bad84,oe:player:6cd277156437b9b8dd67807bb21d0a5,oe:player:760f71918dbe25e76081e22adb97a74,Twocutz,Yunbee,
NA1/3450609230,2020-06-07,2020,Unknown,10.11,oe:team:5baea1d85fe74c9b5324e0ac7b55f23,XT Esports,lineup-38b2dec48d174101,0,pair-e6ad40f7a53aac76,oe:player:6cd277156437b9b8dd67807bb21d0a5,oe:player:97a03ee352a6f5252f1f93019e992f9,Twocutz,Cozy,
NA1/3450609230,2020-06-07,2020,Unknown,10.11,oe:team:5baea1d85fe74c9b5324e0ac7b55f23,XT Esports,lineup-38b2dec48d174101,0,pair-b0292606a1d9db61,oe:player:6cd277156437b9b8dd67807bb21d0a5,oe:player:ea2f78f74267c020cce0e3297653f24,Twocutz,Seoks,
NA1/3450609230,2020-06-07,2020,Unknown,10.11,oe:team:5baea1d85fe74c9b5324e0ac7b55f23,XT Esports,lineup-38b2dec48d174101,0,pair-4e9578577cb9b662,oe:player:760f71918dbe25e76081e22adb97a74,oe:player:97a03ee352a6f5252f1f93019e992f9,Yunbee,Cozy,
NA1/3450609230,2020-06-07,2020,Unknown,10.11,oe:team:5baea1d85fe74c9b5324e0ac7b55f23,XT Esports,lineup-38b2dec48d174101,0,pair-0b64e9e82ff026b1,oe:player:760f71918dbe25e76081e22adb97a74,oe:player:ea2f78f74267c020cce0e3297653f24,Yunbee,Seoks,
NA1/3450609230,2020-06-07,2020,Unknown,10.11,oe:team:5baea1d85fe74c9b5324e0ac7b55f23,XT Esports,lineup-38b2dec48d174101,0,pair-fd6d9f4bda5e64fd,oe:player:97a03ee352a6f5252f1f93019e992f9,oe:player:ea2f78f74267c020cce0e3297653f24,Cozy,Seoks,
NA1/3450609230,2020-06-07,2020,Unknown,10.11,oe:team:8776b7033f1bc10634e50d90f861c1d,Supernova,lineup-9e07753e380a240e,1,pair-50083fce2d78ff42,oe:player:74c97a5b51b2f1900328154b5a58a44,oe:player:94da1452e43ac6797e36ca8f17656ad,OddOrange,EvanRL,
NA1/3450609230,2020-06-07,2020,Unknown,10.11,oe:team:8776b7033f1bc10634e50d90f861c1d,Supernova,lineup-9e07753e380a240e,1,pair-82df4269bf250296,oe:player:74c97a5b51b2f1900328154b5a58a44,oe:player:a9db4155cb1d90e3e20befd63d49d4a,OddOrange,Cat 2,
NA1/3450609230,2020-06-07,2020,Unknown,10.11,oe:team:8776b7033f1bc10634e50d90f861c1d,Supernova,lineup-9e07753e380a240e,1,pair-98074e249ca42445,oe:player:74c97a5b51b2f1900328154b5a58a44,oe:player:ea9ed09584feecae0991089f087d2ce,OddOrange,APA,
NA1/3450609230,2020-06-07,2020,Unknown,10.11,oe:team:8776b7033f1bc10634e50d90f861c1d,Supernova,lineup-9e07753e380a240e,1,pair-488c7739daa8040c,oe:player:74c97a5b51b2f1900328154b5a58a44,oe:player:f57280c82d3a38f8bf412a520e33f7f,OddOrange,PCL,
NA1/3450609230,2020-06-07,2020,Unknown,10.11,oe:team:8776b7033f1bc10634e50d90f861c1d,Supernova,lineup-9e07753e380a240e,1,pair-fd2f0792262052a0,oe:player:94da1452e43ac6797e36ca8f17656ad,oe:player:a9db4155cb1d90e3e20befd63d49d4a,EvanRL,Cat 2,
NA1/3450609230,2020-06-07,2020,Unknown,10.11,oe:team:8776b7033f1bc10634e50d90f861c1d,Supernova,lineup-9e07753e380a240e,1,pair-2c92750de6aeb1ac,oe:player:94da1452e43ac6797e36ca8f17656ad,oe:player:ea9ed09584feecae0991089f087d2ce,EvanRL,APA,
NA1/3450609230,2020-06-07,2020,Unknown,10.11,oe:team:8776b7033f1bc10634e50d90f861c1d,Supernova,lineup-9e07753e380a240e,1,pair-0ff5df7a07e7f287,oe:player:94da1452e43ac6797e36ca8f17656ad,oe:player:f57280c82d3a38f8bf412a520e33f7f,EvanRL,PCL,
NA1/3450609230,2020-06-07,2020,Unknown,10.11,oe:team:8776b7033f1bc10634e50d90f861c1d,Supernova,lineup-9e07753e380a240e,1,pair-de486d7047d8b819,oe:player:a9db4155cb1d90e3e20befd63d49d4a,oe:player:ea9ed09584feecae0991089f087d2ce,Cat 2,APA,
NA1/3450609230,2020-06-07,2020,Unknown,10.11,oe:team:8776b7033f1bc10634e50d90f861c1d,Supernova,lineup-9e07753e380a240e,1,pair-709a738099d3c1d9,oe:player:a9db4155cb1d90e3e20befd63d49d4a,oe:player:f57280c82d3a38f8bf412a520e33f7f,Cat 2,PCL,
NA1/3450609230,2020-06-07,2020,Unknown,10.11,oe:team:8776b7033f1bc10634e50d90f861c1d,Supernova,lineup-9e07753e380a240e,1,pair-f47a4c05e4f250d4,oe:player:ea9ed09584feecae0991089f087d2ce,oe:player:f57280c82d3a38f8bf412a520e33f7f,APA,PCL,
NA1/3450609487,2020-06-08,2020,Unknown,10.11,oe:team:5baea1d85fe74c9b5324e0ac7b55f23,XT Esports,lineup-38b2dec48d174101,0,pair-1a40bc942f719ef7,oe:player:506d63191c3a0485207a97d1303614e,oe:player:6cd277156437b9b8dd67807bb21d0a5,SeanTheGod,Twocutz,
NA1/3450609487,2020-06-08,2020,Unknown,10.11,oe:team:5baea1d85fe74c9b5324e0ac7b55f23,XT Esports,lineup-38b2dec48d174101,0,pair-ddc4924b5d6c7bc7,oe:player:506d63191c3a0485207a97d1303614e,oe:player:760f71918dbe25e76081e22adb97a74,SeanTheGod,Yunbee,
NA1/3450609487,2020-06-08,2020,Unknown,10.11,oe:team:5baea1d85fe74c9b5324e0ac7b55f23,XT Esports,lineup-38b2dec48d174101,0,pair-b0c581403e1c9216,oe:player:506d63191c3a0485207a97d1303614e,oe:player:97a03ee352a6f5252f1f93019e992f9,SeanTheGod,Cozy,
NA1/3450609487,2020-06-08,2020,Unknown,10.11,oe:team:5baea1d85fe74c9b5324e0ac7b55f23,XT Esports,lineup-38b2dec48d174101,0,pair-03000369946bc6ca,oe:player:506d63191c3a0485207a97d1303614e,oe:player:ea2f78f74267c020cce0e3297653f24,SeanTheGod,Seoks,
NA1/3450609487,2020-06-08,2020,Unknown,10.11,oe:team:5baea1d85fe74c9b5324e0ac7b55f23,XT Esports,lineup-38b2dec48d174101,0,pair-2d8aaa82279bad84,oe:player:6cd277156437b9b8dd67807bb21d0a5,oe:player:760f71918dbe25e76081e22adb97a74,Twocutz,Yunbee,
NA1/3450609487,2020-06-08,2020,Unknown,10.11,oe:team:5baea1d85fe74c9b5324e0ac7b55f23,XT Esports,lineup-38b2dec48d174101,0,pair-e6ad40f7a53aac76,oe:player:6cd277156437b9b8dd67807bb21d0a5,oe:player:97a03ee352a6f5252f1f93019e992f9,Twocutz,Cozy,
NA1/3450609487,2020-06-08,2020,Unknown,10.11,oe:team:5baea1d85fe74c9b5324e0ac7b55f23,XT Esports,lineup-38b2dec48d174101,0,pair-b0292606a1d9db61,oe:player:6cd277156437b9b8dd67807bb21d0a5,oe:player:ea2f78f74267c020cce0e3297653f24,Twocutz,Seoks,
NA1/3450609487,2020-06-08,2020,Unknown,10.11,oe:team:5baea1d85fe74c9b5324e0ac7b55f23,XT Esports,lineup-38b2dec48d174101,0,pair-4e9578577cb9b662,oe:player:760f71918dbe25e76081e22adb97a74,oe:player:97a03ee352a6f5252f1f93019e992f9,Yunbee,Cozy,
NA1/3450609487,2020-06-08,2020,Unknown,10.11,oe:team:5baea1d85fe74c9b5324e0ac7b55f23,XT Esports,lineup-38b2dec48d174101,0,pair-0b64e9e82ff026b1,oe:player:760f71918dbe25e76081e22adb97a74,oe:player:ea2f78f74267c020cce0e3297653f24,Yunbee,Seoks,
NA1/3450609487,2020-06-08,2020,Unknown,10.11,oe:team:5baea1d85fe74c9b5324e0ac7b55f23,XT Esports,lineup-38b2dec48d174101,0,pair-fd6d9f4bda5e64fd,oe:player:97a03ee352a6f5252f1f93019e992f9,oe:player:ea2f78f74267c020cce0e3297653f24,Cozy,Seoks,
NA1/3450609487,2020-06-08,2020,Unknown,10.11,oe:team:8776b7033f1bc10634e50d90f861c1d,Supernova,lineup-9e07753e380a240e,1,pair-50083fce2d78ff42,oe:player:74c97a5b51b2f1900328154b5a58a44,oe:player:94da1452e43ac6797e36ca8f17656ad,OddOrange,EvanRL,
NA1/3450609487,2020-06-08,2020,Unknown,10.11,oe:team:8776b7033f1bc10634e50d90f861c1d,Supernova,lineup-9e07753e380a240e,1,pair-82df4269bf250296,oe:player:74c97a5b51b2f1900328154b5a58a44,oe:player:a9db4155cb1d90e3e20befd63d49d4a,OddOrange,Cat 2,
NA1/3450609487,2020-06-08,2020,Unknown,10.11,oe:team:8776b7033f1bc10634e50d90f861c1d,Supernova,lineup-9e07753e380a240e,1,pair-98074e249ca42445,oe:player:74c97a5b51b2f1900328154b5a58a44,oe:player:ea9ed09584feecae0991089f087d2ce,OddOrange,APA,
NA1/3450609487,2020-06-08,2020,Unknown,10.11,oe:team:8776b7033f1bc10634e50d90f861c1d,Supernova,lineup-9e07753e380a240e,1,pair-488c7739daa8040c,oe:player:74c97a5b51b2f1900328154b5a58a44,oe:player:f57280c82d3a38f8bf412a520e33f7f,OddOrange,PCL,
NA1/3450609487,2020-06-08,2020,Unknown,10.11,oe:team:8776b7033f1bc10634e50d90f861c1d,Supernova,lineup-9e07753e380a240e,1,pair-fd2f0792262052a0,oe:player:94da1452e43ac6797e36ca8f17656ad,oe:player:a9db4155cb1d90e3e20befd63d49d4a,EvanRL,Cat 2,
NA1/3450609487,2020-06-08,2020,Unknown,10.11,oe:team:8776b7033f1bc10634e50d90f861c1d,Supernova,lineup-9e07753e380a240e,1,pair-2c92750de6aeb1ac,oe:player:94da1452e43ac6797e36ca8f17656ad,oe:player:ea9ed09584feecae0991089f087d2ce,EvanRL,APA,
NA1/3450609487,2020-06-08,2020,Unknown,10.11,oe:team:8776b7033f1bc10634e50d90f861c1d,Supernova,lineup-9e07753e380a240e,1,pair-0ff5df7a07e7f287,oe:player:94da1452e43ac6797e36ca8f17656ad,oe:player:f57280c82d3a38f8bf412a520e33f7f,EvanRL,PCL,
NA1/3450609487,2020-06-08,2020,Unknown,10.11,oe:team:8776b7033f1bc10634e50d90f861c1d,Supernova,lineup-9e07753e380a240e,1,pair-de486d7047d8b819,oe:player:a9db4155cb1d90e3e20befd63d49d4a,oe:player:ea9ed09584feecae0991089f087d2ce,Cat 2,APA,
NA1/3450609487,2020-06-08,2020,Unknown,10.11,oe:team:8776b7033f1bc10634e50d90f861c1d,Supernova,lineup-9e07753e380a240e,1,pair-709a738099d3c1d9,oe:player:a9db4155cb1d90e3e20befd63d49d4a,oe:player:f57280c82d3a38f8bf412a520e33f7f,Cat 2,PCL,
NA1/3450609487,2020-06-08,2020,Unknown,10.11,oe:team:8776b7033f1bc10634e50d90f861c1d,Supernova,lineup-9e07753e380a240e,1,pair-f47a4c05e4f250d4,oe:player:ea9ed09584feecae0991089f087d2ce,oe:player:f57280c82d3a38f8bf412a520e33f7f,APA,PCL,
NA1/3450619901,2020-06-06,2020,Unknown,10.11,name-team-bbf4d270ed871a83,unknown team,lineup-de25cbf71bf2b8dd,1,pair-a8a111c39d31aaa1,oe:player:29b67a93c1a600beb6904551c853fdd,oe:player:2e41e5848c5235a0e3def1e25027766,Trevor,Hunter,
NA1/3450619901,2020-06-06,2020,Unknown,10.11,name-team-bbf4d270ed871a83,unknown team,lineup-de25cbf71bf2b8dd,1,pair-51425ce5f62cb906,oe:player:29b67a93c1a600beb6904551c853fdd,oe:player:4db47d64e2721bf7a93ebf42e488852,Trevor,Meech,
NA1/3450619901,2020-06-06,2020,Unknown,10.11,name-team-bbf4d270ed871a83,unknown team,lineup-de25cbf71bf2b8dd,1,pair-4e5a82eda8d2c7ff,oe:player:29b67a93c1a600beb6904551c853fdd,oe:player:5257e05cde806e07b405ddcce85114d,Trevor,Bradley,
NA1/3450619901,2020-06-06,2020,Unknown,10.11,name-team-bbf4d270ed871a83,unknown team,lineup-de25cbf71bf2b8dd,1,pair-f679761a3973b068,oe:player:29b67a93c1a600beb6904551c853fdd,oe:player:e8aba5fbfc41b0621226b08a87e3ded,Trevor,Philip,
NA1/3450619901,2020-06-06,2020,Unknown,10.11,name-team-bbf4d270ed871a83,unknown team,lineup-de25cbf71bf2b8dd,1,pair-40701114d457db20,oe:player:2e41e5848c5235a0e3def1e25027766,oe:player:4db47d64e2721bf7a93ebf42e488852,Hunter,Meech,
NA1/3450619901,2020-06-06,2020,Unknown,10.11,name-team-bbf4d270ed871a83,unknown team,lineup-de25cbf71bf2b8dd,1,pair-7fd8c9b10681a2a4,oe:player:2e41e5848c5235a0e3def1e25027766,oe:player:5257e05cde806e07b405ddcce85114d,Hunter,Bradley,
NA1/3450619901,2020-06-06,2020,Unknown,10.11,name-team-bbf4d270ed871a83,unknown team,lineup-de25cbf71bf2b8dd,1,pair-e7302468e8432d0c,oe:player:2e41e5848c5235a0e3def1e25027766,oe:player:e8aba5fbfc41b0621226b08a87e3ded,Hunter,Philip,
NA1/3450619901,2020-06-06,2020,Unknown,10.11,name-team-bbf4d270ed871a83,unknown team,lineup-de25cbf71bf2b8dd,1,pair-e3a4dabc7a36c623,oe:player:4db47d64e2721bf7a93ebf42e488852,oe:player:5257e05cde806e07b405ddcce85114d,Meech,Bradley,
NA1/3450619901,2020-06-06,2020,Unknown,10.11,name-team-bbf4d270ed871a83,unknown team,lineup-de25cbf71bf2b8dd,1,pair-64862b3f11d663ff,oe:player:4db47d64e2721bf7a93ebf42e488852,oe:player:e8aba5fbfc41b0621226b08a87e3ded,Meech,Philip,
NA1/3450619901,2020-06-06,2020,Unknown,10.11,name-team-bbf4d270ed871a83,unknown team,lineup-de25cbf71bf2b8dd,1,pair-98ae02d125a6a884,oe:player:5257e05cde806e07b405ddcce85114d,oe:player:e8aba5fbfc41b0621226b08a87e3ded,Bradley,Philip,
NA1/3450619901,2020-06-06,2020,Unknown,10.11,oe:team:2be2ebecc453760d7df4991a51a8edc,World Class Empyreans,lineup-3dcb426aa1f2f281,0,pair-20aa72b8e7771e44,oe:player:27adb0b3f92d9b8f7fa4cb55b60114c,oe:player:4e234cc35491266462467b04b02dd5d,Lawrence,Special Kay,
NA1/3450619901,2020-06-06,2020,Unknown,10.11,oe:team:2be2ebecc453760d7df4991a51a8edc,World Class Empyreans,lineup-3dcb426aa1f2f281,0,pair-e4634722608f71b0,oe:player:27adb0b3f92d9b8f7fa4cb55b60114c,oe:player:57bb48fd65bff2e2660a13e58f2fcb2,Lawrence,rovex,
NA1/3450619901,2020-06-06,2020,Unknown,10.11,oe:team:2be2ebecc453760d7df4991a51a8edc,World Class Empyreans,lineup-3dcb426aa1f2f281,0,pair-9f6121f303d41a79,oe:player:27adb0b3f92d9b8f7fa4cb55b60114c,oe:player:dcf834a546bd8ced959113bd2eff041,Lawrence,Lost in a Moment,
NA1/3450619901,2020-06-06,2020,Unknown,10.11,oe:team:2be2ebecc453760d7df4991a51a8edc,World Class Empyreans,lineup-3dcb426aa1f2f281,0,pair-8182443b996408f5,oe:player:27adb0b3f92d9b8f7fa4cb55b60114c,oe:player:f23104490edcad2a6de0133e1784290,Lawrence,SiddyWiddy,
NA1/3450619901,2020-06-06,2020,Unknown,10.11,oe:team:2be2ebecc453760d7df4991a51a8edc,World Class Empyreans,lineup-3dcb426aa1f2f281,0,pair-0d79019a67d471c3,oe:player:4e234cc35491266462467b04b02dd5d,oe:player:57bb48fd65bff2e2660a13e58f2fcb2,Special Kay,rovex,
NA1/3450619901,2020-06-06,2020,Unknown,10.11,oe:team:2be2ebecc453760d7df4991a51a8edc,World Class Empyreans,lineup-3dcb426aa1f2f281,0,pair-afc61ed4522a72af,oe:player:4e234cc35491266462467b04b02dd5d,oe:player:dcf834a546bd8ced959113bd2eff041,Special Kay,Lost in a Moment,
NA1/3450619901,2020-06-06,2020,Unknown,10.11,oe:team:2be2ebecc453760d7df4991a51a8edc,World Class Empyreans,lineup-3dcb426aa1f2f281,0,pair-e4473ae2081b575c,oe:player:4e234cc35491266462467b04b02dd5d,oe:player:f23104490edcad2a6de0133e1784290,Special Kay,SiddyWiddy,
NA1/3450619901,2020-06-06,2020,Unknown,10.11,oe:team:2be2ebecc453760d7df4991a51a8edc,World Class Empyreans,lineup-3dcb426aa1f2f281,0,pair-0e8fbe93468a910b,oe:player:57bb48fd65bff2e2660a13e58f2fcb2,oe:player:dcf834a546bd8ced959113bd2eff041,rovex,Lost in a Moment,
NA1/3450619901,2020-06-06,2020,Unknown,10.11,oe:team:2be2ebecc453760d7df4991a51a8edc,World Class Empyreans,lineup-3dcb426aa1f2f281,0,pair-7e6cfadf0c458fd9,oe:player:57bb48fd65bff2e2660a13e58f2fcb2,oe:player:f23104490edcad2a6de0133e1784290,rovex,SiddyWiddy,
NA1/3450619901,2020-06-06,2020,Unknown,10.11,oe:team:2be2ebecc453760d7df4991a51a8edc,World Class Empyreans,lineup-3dcb426aa1f2f281,0,pair-bce4f9331417895d,oe:player:dcf834a546bd8ced959113bd2eff041,oe:player:f23104490edcad2a6de0133e1784290,Lost in a Moment,SiddyWiddy,
NA1/3450658858,2020-06-07,2020,Unknown,10.11,oe:team:02008dfb4feddaf6583dd7116eb5180,Life Support,lineup-6110b288021f6f1c,1,pair-d300ac1ce09f43da,oe:player:07d1c57ec273126c65dbd1197abdb47,oe:player:0e8c08918017e086c42a9a250969768,Pockus,Jozy,
NA1/3450658858,2020-06-07,2020,Unknown,10.11,oe:team:02008dfb4feddaf6583dd7116eb5180,Life Support,lineup-6110b288021f6f1c,1,pair-f9272a413e5710cf,oe:player:07d1c57ec273126c65dbd1197abdb47,oe:player:1e2dabe023493f20f397a3931412383,Pockus,Dinka,
NA1/3450658858,2020-06-07,2020,Unknown,10.11,oe:team:02008dfb4feddaf6583dd7116eb5180,Life Support,lineup-6110b288021f6f1c,1,pair-d0681bce1af7eae1,oe:player:07d1c57ec273126c65dbd1197abdb47,oe:player:713fae3c1b605df4ee976c6188182a1,Pockus,Wixxi,
NA1/3450658858,2020-06-07,2020,Unknown,10.11,oe:team:02008dfb4feddaf6583dd7116eb5180,Life Support,lineup-6110b288021f6f1c,1,pair-fcae5aa8aeac784e,oe:player:07d1c57ec273126c65dbd1197abdb47,oe:player:df4f91120caa080682bf595c5f7f2d3,Pockus,CptShrimps,
NA1/3450658858,2020-06-07,2020,Unknown,10.11,oe:team:02008dfb4feddaf6583dd7116eb5180,Life Support,lineup-6110b288021f6f1c,1,pair-b6cc722501060c78,oe:player:0e8c08918017e086c42a9a250969768,oe:player:1e2dabe023493f20f397a3931412383,Jozy,Dinka,
NA1/3450658858,2020-06-07,2020,Unknown,10.11,oe:team:02008dfb4feddaf6583dd7116eb5180,Life Support,lineup-6110b288021f6f1c,1,pair-20a86d5788894986,oe:player:0e8c08918017e086c42a9a250969768,oe:player:713fae3c1b605df4ee976c6188182a1,Jozy,Wixxi,
NA1/3450658858,2020-06-07,2020,Unknown,10.11,oe:team:02008dfb4feddaf6583dd7116eb5180,Life Support,lineup-6110b288021f6f1c,1,pair-18e9e0fc20df46d6,oe:player:0e8c08918017e086c42a9a250969768,oe:player:df4f91120caa080682bf595c5f7f2d3,Jozy,CptShrimps,
NA1/3450658858,2020-06-07,2020,Unknown,10.11,oe:team:02008dfb4feddaf6583dd7116eb5180,Life Support,lineup-6110b288021f6f1c,1,pair-f8dc37b8ef500534,oe:player:1e2dabe023493f20f397a3931412383,oe:player:713fae3c1b605df4ee976c6188182a1,Dinka,Wixxi,
NA1/3450658858,2020-06-07,2020,Unknown,10.11,oe:team:02008dfb4feddaf6583dd7116eb5180,Life Support,lineup-6110b288021f6f1c,1,pair-ef9c00ccf1369abc,oe:player:1e2dabe023493f20f397a3931412383,oe:player:df4f91120caa080682bf595c5f7f2d3,Dinka,CptShrimps,
NA1/3450658858,2020-06-07,2020,Unknown,10.11,oe:team:02008dfb4feddaf6583dd7116eb5180,Life Support,lineup-6110b288021f6f1c,1,pair-b05bfcd89f9046c0,oe:player:713fae3c1b605df4ee976c6188182a1,oe:player:df4f91120caa080682bf595c5f7f2d3,Wixxi,CptShrimps,
NA1/3450658858,2020-06-07,2020,Unknown,10.11,oe:team:9a05c2942353d2f3d466d6bcb640459,FrostFire,lineup-fe66accff0e1921c,0,pair-fbf1157ac77327f2,oe:player:63c69dda59be1b98c0a5c88416c7481,oe:player:6ea5eed9d404c86d3bc9d8f597869eb,Savage,Kitzuo,
NA1/3450658858,2020-06-07,2020,Unknown,10.11,oe:team:9a05c2942353d2f3d466d6bcb640459,FrostFire,lineup-fe66accff0e1921c,0,pair-c1029cc8d592c30e,oe:player:63c69dda59be1b98c0a5c88416c7481,oe:player:9aa495e3b9f80194639a3941cca4d77,Savage,Dean,
NA1/3450658858,2020-06-07,2020,Unknown,10.11,oe:team:9a05c2942353d2f3d466d6bcb640459,FrostFire,lineup-fe66accff0e1921c,0,pair-402353c932b150a4,oe:player:63c69dda59be1b98c0a5c88416c7481,oe:player:fba26591b2a75a8e370c2d51bc9eb90,Savage,Azog,
NA1/3450658858,2020-06-07,2020,Unknown,10.11,oe:team:9a05c2942353d2f3d466d6bcb640459,FrostFire,lineup-fe66accff0e1921c,0,pair-a81a566506de1de2,oe:player:63c69dda59be1b98c0a5c88416c7481,oe:player:feee48d6e5d34aed05441b8f436d729,Savage,Quas,
NA1/3450658858,2020-06-07,2020,Unknown,10.11,oe:team:9a05c2942353d2f3d466d6bcb640459,FrostFire,lineup-fe66accff0e1921c,0,pair-d280c3fa7bb498e4,oe:player:6ea5eed9d404c86d3bc9d8f597869eb,oe:player:9aa495e3b9f80194639a3941cca4d77,Kitzuo,Dean,
NA1/3450658858,2020-06-07,2020,Unknown,10.11,oe:team:9a05c2942353d2f3d466d6bcb640459,FrostFire,lineup-fe66accff0e1921c,0,pair-8821570ce0e62c8b,oe:player:6ea5eed9d404c86d3bc9d8f597869eb,oe:player:fba26591b2a75a8e370c2d51bc9eb90,Kitzuo,Azog,
NA1/3450658858,2020-06-07,2020,Unknown,10.11,oe:team:9a05c2942353d2f3d466d6bcb640459,FrostFire,lineup-fe66accff0e1921c,0,pair-95ddaa125d27c40f,oe:player:6ea5eed9d404c86d3bc9d8f597869eb,oe:player:feee48d6e5d34aed05441b8f436d729,Kitzuo,Quas,
NA1/3450658858,2020-06-07,2020,Unknown,10.11,oe:team:9a05c2942353d2f3d466d6bcb640459,FrostFire,lineup-fe66accff0e1921c,0,pair-fe217131ab93fb0f,oe:player:9aa495e3b9f80194639a3941cca4d77,oe:player:fba26591b2a75a8e370c2d51bc9eb90,Dean,Azog,
NA1/3450658858,2020-06-07,2020,Unknown,10.11,oe:team:9a05c2942353d2f3d466d6bcb640459,FrostFire,lineup-fe66accff0e1921c,0,pair-16ac9676026caa26,oe:player:9aa495e3b9f80194639a3941cca4d77,oe:player:feee48d6e5d34aed05441b8f436d729,Dean,Quas,
NA1/3450658858,2020-06-07,2020,Unknown,10.11,oe:team:9a05c2942353d2f3d466d6bcb640459,FrostFire,lineup-fe66accff0e1921c,0,pair-dd405b18bf808ecf,oe:player:fba26591b2a75a8e370c2d51bc9eb90,oe:player:feee48d6e5d34aed05441b8f436d729,Azog,Quas,
NA1/3450659093,2020-06-07,2020,Unknown,10.11,oe:team:02008dfb4feddaf6583dd7116eb5180,Life Support,lineup-6110b288021f6f1c,0,pair-d300ac1ce09f43da,oe:player:07d1c57ec273126c65dbd1197abdb47,oe:player:0e8c08918017e086c42a9a250969768,Pockus,Jozy,
NA1/3450659093,2020-06-07,2020,Unknown,10.11,oe:team:02008dfb4feddaf6583dd7116eb5180,Life Support,lineup-6110b288021f6f1c,0,pair-f9272a413e5710cf,oe:player:07d1c57ec273126c65dbd1197abdb47,oe:player:1e2dabe023493f20f397a3931412383,Pockus,Dinka,
NA1/3450659093,2020-06-07,2020,Unknown,10.11,oe:team:02008dfb4feddaf6583dd7116eb5180,Life Support,lineup-6110b288021f6f1c,0,pair-d0681bce1af7eae1,oe:player:07d1c57ec273126c65dbd1197abdb47,oe:player:713fae3c1b605df4ee976c6188182a1,Pockus,Wixxi,
NA1/3450659093,2020-06-07,2020,Unknown,10.11,oe:team:02008dfb4feddaf6583dd7116eb5180,Life Support,lineup-6110b288021f6f1c,0,pair-fcae5aa8aeac784e,oe:player:07d1c57ec273126c65dbd1197abdb47,oe:player:df4f91120caa080682bf595c5f7f2d3,Pockus,CptShrimps,
NA1/3450659093,2020-06-07,2020,Unknown,10.11,oe:team:02008dfb4feddaf6583dd7116eb5180,Life Support,lineup-6110b288021f6f1c,0,pair-b6cc722501060c78,oe:player:0e8c08918017e086c42a9a250969768,oe:player:1e2dabe023493f20f397a3931412383,Jozy,Dinka,
NA1/3450659093,2020-06-07,2020,Unknown,10.11,oe:team:02008dfb4feddaf6583dd7116eb5180,Life Support,lineup-6110b288021f6f1c,0,pair-20a86d5788894986,oe:player:0e8c08918017e086c42a9a250969768,oe:player:713fae3c1b605df4ee976c6188182a1,Jozy,Wixxi,
NA1/3450659093,2020-06-07,2020,Unknown,10.11,oe:team:02008dfb4feddaf6583dd7116eb5180,Life Support,lineup-6110b288021f6f1c,0,pair-18e9e0fc20df46d6,oe:player:0e8c08918017e086c42a9a250969768,oe:player:df4f91120caa080682bf595c5f7f2d3,Jozy,CptShrimps,
NA1/3450659093,2020-06-07,2020,Unknown,10.11,oe:team:02008dfb4feddaf6583dd7116eb5180,Life Support,lineup-6110b288021f6f1c,0,pair-f8dc37b8ef500534,oe:player:1e2dabe023493f20f397a3931412383,oe:player:713fae3c1b605df4ee976c6188182a1,Dinka,Wixxi,
NA1/3450659093,2020-06-07,2020,Unknown,10.11,oe:team:02008dfb4feddaf6583dd7116eb5180,Life Support,lineup-6110b288021f6f1c,0,pair-ef9c00ccf1369abc,oe:player:1e2dabe023493f20f397a3931412383,oe:player:df4f91120caa080682bf595c5f7f2d3,Dinka,CptShrimps,
NA1/3450659093,2020-06-07,2020,Unknown,10.11,oe:team:02008dfb4feddaf6583dd7116eb5180,Life Support,lineup-6110b288021f6f1c,0,pair-b05bfcd89f9046c0,oe:player:713fae3c1b605df4ee976c6188182a1,oe:player:df4f91120caa080682bf595c5f7f2d3,Wixxi,CptShrimps,
NA1/3450659093,2020-06-07,2020,Unknown,10.11,oe:team:9a05c2942353d2f3d466d6bcb640459,FrostFire,lineup-fe66accff0e1921c,1,pair-fbf1157ac77327f2,oe:player:63c69dda59be1b98c0a5c88416c7481,oe:player:6ea5eed9d404c86d3bc9d8f597869eb,Savage,Kitzuo,
NA1/3450659093,2020-06-07,2020,Unknown,10.11,oe:team:9a05c2942353d2f3d466d6bcb640459,FrostFire,lineup-fe66accff0e1921c,1,pair-c1029cc8d592c30e,oe:player:63c69dda59be1b98c0a5c88416c7481,oe:player:9aa495e3b9f80194639a3941cca4d77,Savage,Dean,
NA1/3450659093,2020-06-07,2020,Unknown,10.11,oe:team:9a05c2942353d2f3d466d6bcb640459,FrostFire,lineup-fe66accff0e1921c,1,pair-402353c932b150a4,oe:player:63c69dda59be1b98c0a5c88416c7481,oe:player:fba26591b2a75a8e370c2d51bc9eb90,Savage,Azog,
NA1/3450659093,2020-06-07,2020,Unknown,10.11,oe:team:9a05c2942353d2f3d466d6bcb640459,FrostFire,lineup-fe66accff0e1921c,1,pair-a81a566506de1de2,oe:player:63c69dda59be1b98c0a5c88416c7481,oe:player:feee48d6e5d34aed05441b8f436d729,Savage,Quas,
NA1/3450659093,2020-06-07,2020,Unknown,10.11,oe:team:9a05c2942353d2f3d466d6bcb640459,FrostFire,lineup-fe66accff0e1921c,1,pair-d280c3fa7bb498e4,oe:player:6ea5eed9d404c86d3bc9d8f597869eb,oe:player:9aa495e3b9f80194639a3941cca4d77,Kitzuo,Dean,
NA1/3450659093,2020-06-07,2020,Unknown,10.11,oe:team:9a05c2942353d2f3d466d6bcb640459,FrostFire,lineup-fe66accff0e1921c,1,pair-8821570ce0e62c8b,oe:player:6ea5eed9d404c86d3bc9d8f597869eb,oe:player:fba26591b2a75a8e370c2d51bc9eb90,Kitzuo,Azog,
NA1/3450659093,2020-06-07,2020,Unknown,10.11,oe:team:9a05c2942353d2f3d466d6bcb640459,FrostFire,lineup-fe66accff0e1921c,1,pair-95ddaa125d27c40f,oe:player:6ea5eed9d404c86d3bc9d8f597869eb,oe:player:feee48d6e5d34aed05441b8f436d729,Kitzuo,Quas,
NA1/3450659093,2020-06-07,2020,Unknown,10.11,oe:team:9a05c2942353d2f3d466d6bcb640459,FrostFire,lineup-fe66accff0e1921c,1,pair-fe217131ab93fb0f,oe:player:9aa495e3b9f80194639a3941cca4d77,oe:player:fba26591b2a75a8e370c2d51bc9eb90,Dean,Azog,
NA1/3450659093,2020-06-07,2020,Unknown,10.11,oe:team:9a05c2942353d2f3d466d6bcb640459,FrostFire,lineup-fe66accff0e1921c,1,pair-16ac9676026caa26,oe:player:9aa495e3b9f80194639a3941cca4d77,oe:player:feee48d6e5d34aed05441b8f436d729,Dean,Quas,
NA1/3450659093,2020-06-07,2020,Unknown,10.11,oe:team:9a05c2942353d2f3d466d6bcb640459,FrostFire,lineup-fe66accff0e1921c,1,pair-dd405b18bf808ecf,oe:player:fba26591b2a75a8e370c2d51bc9eb90,oe:player:feee48d6e5d34aed05441b8f436d729,Azog,Quas,
NA1/3450789529,2020-06-08,2020,Unknown,10.11,oe:team:02008dfb4feddaf6583dd7116eb5180,Life Support,lineup-6110b288021f6f1c,0,pair-d300ac1ce09f43da,oe:player:07d1c57ec273126c65dbd1197abdb47,oe:player:0e8c08918017e086c42a9a250969768,Pockus,Jozy,
NA1/3450789529,2020-06-08,2020,Unknown,10.11,oe:team:02008dfb4feddaf6583dd7116eb5180,Life Support,lineup-6110b288021f6f1c,0,pair-f9272a413e5710cf,oe:player:07d1c57ec273126c65dbd1197abdb47,oe:player:1e2dabe023493f20f397a3931412383,Pockus,Dinka,
NA1/3450789529,2020-06-08,2020,Unknown,10.11,oe:team:02008dfb4feddaf6583dd7116eb5180,Life Support,lineup-6110b288021f6f1c,0,pair-d0681bce1af7eae1,oe:player:07d1c57ec273126c65dbd1197abdb47,oe:player:713fae3c1b605df4ee976c6188182a1,Pockus,Wixxi,
NA1/3450789529,2020-06-08,2020,Unknown,10.11,oe:team:02008dfb4feddaf6583dd7116eb5180,Life Support,lineup-6110b288021f6f1c,0,pair-fcae5aa8aeac784e,oe:player:07d1c57ec273126c65dbd1197abdb47,oe:player:df4f91120caa080682bf595c5f7f2d3,Pockus,CptShrimps,
NA1/3450789529,2020-06-08,2020,Unknown,10.11,oe:team:02008dfb4feddaf6583dd7116eb5180,Life Support,lineup-6110b288021f6f1c,0,pair-b6cc722501060c78,oe:player:0e8c08918017e086c42a9a250969768,oe:player:1e2dabe023493f20f397a3931412383,Jozy,Dinka,
NA1/3450789529,2020-06-08,2020,Unknown,10.11,oe:team:02008dfb4feddaf6583dd7116eb5180,Life Support,lineup-6110b288021f6f1c,0,pair-20a86d5788894986,oe:player:0e8c08918017e086c42a9a250969768,oe:player:713fae3c1b605df4ee976c6188182a1,Jozy,Wixxi,
NA1/3450789529,2020-06-08,2020,Unknown,10.11,oe:team:02008dfb4feddaf6583dd7116eb5180,Life Support,lineup-6110b288021f6f1c,0,pair-18e9e0fc20df46d6,oe:player:0e8c08918017e086c42a9a250969768,oe:player:df4f91120caa080682bf595c5f7f2d3,Jozy,CptShrimps,
NA1/3450789529,2020-06-08,2020,Unknown,10.11,oe:team:02008dfb4feddaf6583dd7116eb5180,Life Support,lineup-6110b288021f6f1c,0,pair-f8dc37b8ef500534,oe:player:1e2dabe023493f20f397a3931412383,oe:player:713fae3c1b605df4ee976c6188182a1,Dinka,Wixxi,
NA1/3450789529,2020-06-08,2020,Unknown,10.11,oe:team:02008dfb4feddaf6583dd7116eb5180,Life Support,lineup-6110b288021f6f1c,0,pair-ef9c00ccf1369abc,oe:player:1e2dabe023493f20f397a3931412383,oe:player:df4f91120caa080682bf595c5f7f2d3,Dinka,CptShrimps,
NA1/3450789529,2020-06-08,2020,Unknown,10.11,oe:team:02008dfb4feddaf6583dd7116eb5180,Life Support,lineup-6110b288021f6f1c,0,pair-b05bfcd89f9046c0,oe:player:713fae3c1b605df4ee976c6188182a1,oe:player:df4f91120caa080682bf595c5f7f2d3,Wixxi,CptShrimps,
NA1/3450789529,2020-06-08,2020,Unknown,10.11,oe:team:9a05c2942353d2f3d466d6bcb640459,FrostFire,lineup-fe66accff0e1921c,1,pair-fbf1157ac77327f2,oe:player:63c69dda59be1b98c0a5c88416c7481,oe:player:6ea5eed9d404c86d3bc9d8f597869eb,Savage,Kitzuo,
NA1/3450789529,2020-06-08,2020,Unknown,10.11,oe:team:9a05c2942353d2f3d466d6bcb640459,FrostFire,lineup-fe66accff0e1921c,1,pair-c1029cc8d592c30e,oe:player:63c69dda59be1b98c0a5c88416c7481,oe:player:9aa495e3b9f80194639a3941cca4d77,Savage,Dean,
NA1/3450789529,2020-06-08,2020,Unknown,10.11,oe:team:9a05c2942353d2f3d466d6bcb640459,FrostFire,lineup-fe66accff0e1921c,1,pair-402353c932b150a4,oe:player:63c69dda59be1b98c0a5c88416c7481,oe:player:fba26591b2a75a8e370c2d51bc9eb90,Savage,Azog,
NA1/3450789529,2020-06-08,2020,Unknown,10.11,oe:team:9a05c2942353d2f3d466d6bcb640459,FrostFire,lineup-fe66accff0e1921c,1,pair-a81a566506de1de2,oe:player:63c69dda59be1b98c0a5c88416c7481,oe:player:feee48d6e5d34aed05441b8f436d729,Savage,Quas,
NA1/3450789529,2020-06-08,2020,Unknown,10.11,oe:team:9a05c2942353d2f3d466d6bcb640459,FrostFire,lineup-fe66accff0e1921c,1,pair-d280c3fa7bb498e4,oe:player:6ea5eed9d404c86d3bc9d8f597869eb,oe:player:9aa495e3b9f80194639a3941cca4d77,Kitzuo,Dean,
NA1/3450789529,2020-06-08,2020,Unknown,10.11,oe:team:9a05c2942353d2f3d466d6bcb640459,FrostFire,lineup-fe66accff0e1921c,1,pair-8821570ce0e62c8b,oe:player:6ea5eed9d404c86d3bc9d8f597869eb,oe:player:fba26591b2a75a8e370c2d51bc9eb90,Kitzuo,Azog,
NA1/3450789529,2020-06-08,2020,Unknown,10.11,oe:team:9a05c2942353d2f3d466d6bcb640459,FrostFire,lineup-fe66accff0e1921c,1,pair-95ddaa125d27c40f,oe:player:6ea5eed9d404c86d3bc9d8f597869eb,oe:player:feee48d6e5d34aed05441b8f436d729,Kitzuo,Quas,
NA1/3450789529,2020-06-08,2020,Unknown,10.11,oe:team:9a05c2942353d2f3d466d6bcb640459,FrostFire,lineup-fe66accff0e1921c,1,pair-fe217131ab93fb0f,oe:player:9aa495e3b9f80194639a3941cca4d77,oe:player:fba26591b2a75a8e370c2d51bc9eb90,Dean,Azog,
NA1/3450789529,2020-06-08,2020,Unknown,10.11,oe:team:9a05c2942353d2f3d466d6bcb640459,FrostFire,lineup-fe66accff0e1921c,1,pair-16ac9676026caa26,oe:player:9aa495e3b9f80194639a3941cca4d77,oe:player:feee48d6e5d34aed05441b8f436d729,Dean,Quas,
NA1/3450789529,2020-06-08,2020,Unknown,10.11,oe:team:9a05c2942353d2f3d466d6bcb640459,FrostFire,lineup-fe66accff0e1921c,1,pair-dd405b18bf808ecf,oe:player:fba26591b2a75a8e370c2d51bc9eb90,oe:player:feee48d6e5d34aed05441b8f436d729,Azog,Quas,
NA1/3450908687,2020-06-07,2020,Unknown,10.11,oe:team:2360b31c1628a21ddd778891dabac91,Dark Matter,lineup-4525a12f46310d2b,0,pair-6b8a790de5ed19e1,oe:player:73221fb5f399e4d6e1967fd2409db8d,oe:player:78c048012bab5e09a863c4754baa274,Firetheft,Zile,
NA1/3450908687,2020-06-07,2020,Unknown,10.11,oe:team:2360b31c1628a21ddd778891dabac91,Dark Matter,lineup-4525a12f46310d2b,0,pair-d5928fabac13240c,oe:player:73221fb5f399e4d6e1967fd2409db8d,oe:player:9d725c685255624f25159a3493f0c5e,Firetheft,Saint Daniel,
NA1/3450908687,2020-06-07,2020,Unknown,10.11,oe:team:2360b31c1628a21ddd778891dabac91,Dark Matter,lineup-4525a12f46310d2b,0,pair-2496db6130aa37d2,oe:player:73221fb5f399e4d6e1967fd2409db8d,oe:player:b415fb792209708ad6921cca2e73aff,Firetheft,Spirax,
NA1/3450908687,2020-06-07,2020,Unknown,10.11,oe:team:2360b31c1628a21ddd778891dabac91,Dark Matter,lineup-4525a12f46310d2b,0,pair-b1f4681db45dc9af,oe:player:73221fb5f399e4d6e1967fd2409db8d,oe:player:b4d68660c4a56181cd886fe5ecc08f7,Firetheft,Spider,
NA1/3450908687,2020-06-07,2020,Unknown,10.11,oe:team:2360b31c1628a21ddd778891dabac91,Dark Matter,lineup-4525a12f46310d2b,0,pair-b2f881bb09d09403,oe:player:78c048012bab5e09a863c4754baa274,oe:player:9d725c685255624f25159a3493f0c5e,Zile,Saint Daniel,
NA1/3450908687,2020-06-07,2020,Unknown,10.11,oe:team:2360b31c1628a21ddd778891dabac91,Dark Matter,lineup-4525a12f46310d2b,0,pair-d0b8c376c9a85cde,oe:player:78c048012bab5e09a863c4754baa274,oe:player:b415fb792209708ad6921cca2e73aff,Zile,Spirax,
NA1/3450908687,2020-06-07,2020,Unknown,10.11,oe:team:2360b31c1628a21ddd778891dabac91,Dark Matter,lineup-4525a12f46310d2b,0,pair-b90523fcc8fc13c1,oe:player:78c048012bab5e09a863c4754baa274,oe:player:b4d68660c4a56181cd886fe5ecc08f7,Zile,Spider,
NA1/3450908687,2020-06-07,2020,Unknown,10.11,oe:team:2360b31c1628a21ddd778891dabac91,Dark Matter,lineup-4525a12f46310d2b,0,pair-740c3419df79f56f,oe:player:9d725c685255624f25159a3493f0c5e,oe:player:b415fb792209708ad6921cca2e73aff,Saint Daniel,Spirax,
NA1/3450908687,2020-06-07,2020,Unknown,10.11,oe:team:2360b31c1628a21ddd778891dabac91,Dark Matter,lineup-4525a12f46310d2b,0,pair-dd11417e52ccee72,oe:player:9d725c685255624f25159a3493f0c5e,oe:player:b4d68660c4a56181cd886fe5ecc08f7,Saint Daniel,Spider,
NA1/3450908687,2020-06-07,2020,Unknown,10.11,oe:team:2360b31c1628a21ddd778891dabac91,Dark Matter,lineup-4525a12f46310d2b,0,pair-260221513ea90765,oe:player:b415fb792209708ad6921cca2e73aff,oe:player:b4d68660c4a56181cd886fe5ecc08f7,Spirax,Spider,
NA1/3450908687,2020-06-07,2020,Unknown,10.11,oe:team:cb88ee3c195b2c7056830437a1f1565,Mirage Sport Électronique,lineup-5f46512bef7bc500,1,pair-f927a6d77928513b,oe:player:046795fa30debe19eafd497dba544e3,oe:player:1c275bedd474301abb6a402792d0731,Instinct,RobbyBob,
NA1/3450908687,2020-06-07,2020,Unknown,10.11,oe:team:cb88ee3c195b2c7056830437a1f1565,Mirage Sport Électronique,lineup-5f46512bef7bc500,1,pair-ed5613c55cc0261c,oe:player:046795fa30debe19eafd497dba544e3,oe:player:89a68bddd0541e0f26fc044c711eb92,Instinct,Tony Top,
NA1/3450908687,2020-06-07,2020,Unknown,10.11,oe:team:cb88ee3c195b2c7056830437a1f1565,Mirage Sport Électronique,lineup-5f46512bef7bc500,1,pair-6bf3a15db52ed1d6,oe:player:046795fa30debe19eafd497dba544e3,oe:player:c9fe742896cf95349db15b35ec262e1,Instinct,Mist,
NA1/3450908687,2020-06-07,2020,Unknown,10.11,oe:team:cb88ee3c195b2c7056830437a1f1565,Mirage Sport Électronique,lineup-5f46512bef7bc500,1,pair-b9b0d935286b0bb9,oe:player:046795fa30debe19eafd497dba544e3,oe:player:dfabf6008e5be18683d654b25534d03,Instinct,Hyami,
NA1/3450908687,2020-06-07,2020,Unknown,10.11,oe:team:cb88ee3c195b2c7056830437a1f1565,Mirage Sport Électronique,lineup-5f46512bef7bc500,1,pair-83ecace85deec332,oe:player:1c275bedd474301abb6a402792d0731,oe:player:89a68bddd0541e0f26fc044c711eb92,RobbyBob,Tony Top,
NA1/3450908687,2020-06-07,2020,Unknown,10.11,oe:team:cb88ee3c195b2c7056830437a1f1565,Mirage Sport Électronique,lineup-5f46512bef7bc500,1,pair-f48f15d0139d970a,oe:player:1c275bedd474301abb6a402792d0731,oe:player:c9fe742896cf95349db15b35ec262e1,RobbyBob,Mist,
NA1/3450908687,2020-06-07,2020,Unknown,10.11,oe:team:cb88ee3c195b2c7056830437a1f1565,Mirage Sport Électronique,lineup-5f46512bef7bc500,1,pair-c2d651e0a7891b1b,oe:player:1c275bedd474301abb6a402792d0731,oe:player:dfabf6008e5be18683d654b25534d03,RobbyBob,Hyami,
NA1/3450908687,2020-06-07,2020,Unknown,10.11,oe:team:cb88ee3c195b2c7056830437a1f1565,Mirage Sport Électronique,lineup-5f46512bef7bc500,1,pair-40098d9017dd9c11,oe:player:89a68bddd0541e0f26fc044c711eb92,oe:player:c9fe742896cf95349db15b35ec262e1,Tony Top,Mist,
NA1/3450908687,2020-06-07,2020,Unknown,10.11,oe:team:cb88ee3c195b2c7056830437a1f1565,Mirage Sport Électronique,lineup-5f46512bef7bc500,1,pair-8eebfe70317de9fe,oe:player:89a68bddd0541e0f26fc044c711eb92,oe:player:dfabf6008e5be18683d654b25534d03,Tony Top,Hyami,
NA1/3450908687,2020-06-07,2020,Unknown,10.11,oe:team:cb88ee3c195b2c7056830437a1f1565,Mirage Sport Électronique,lineup-5f46512bef7bc500,1,pair-771784b4cd34b3bd,oe:player:c9fe742896cf95349db15b35ec262e1,oe:player:dfabf6008e5be18683d654b25534d03,Mist,Hyami,
NA1/3450908935,2020-06-07,2020,Unknown,10.11,oe:team:2360b31c1628a21ddd778891dabac91,Dark Matter,lineup-4525a12f46310d2b,0,pair-6b8a790de5ed19e1,oe:player:73221fb5f399e4d6e1967fd2409db8d,oe:player:78c048012bab5e09a863c4754baa274,Firetheft,Zile,
NA1/3450908935,2020-06-07,2020,Unknown,10.11,oe:team:2360b31c1628a21ddd778891dabac91,Dark Matter,lineup-4525a12f46310d2b,0,pair-d5928fabac13240c,oe:player:73221fb5f399e4d6e1967fd2409db8d,oe:player:9d725c685255624f25159a3493f0c5e,Firetheft,Saint Daniel,
NA1/3450908935,2020-06-07,2020,Unknown,10.11,oe:team:2360b31c1628a21ddd778891dabac91,Dark Matter,lineup-4525a12f46310d2b,0,pair-2496db6130aa37d2,oe:player:73221fb5f399e4d6e1967fd2409db8d,oe:player:b415fb792209708ad6921cca2e73aff,Firetheft,Spirax,
NA1/3450908935,2020-06-07,2020,Unknown,10.11,oe:team:2360b31c1628a21ddd778891dabac91,Dark Matter,lineup-4525a12f46310d2b,0,pair-b1f4681db45dc9af,oe:player:73221fb5f399e4d6e1967fd2409db8d,oe:player:b4d68660c4a56181cd886fe5ecc08f7,Firetheft,Spider,
NA1/3450908935,2020-06-07,2020,Unknown,10.11,oe:team:2360b31c1628a21ddd778891dabac91,Dark Matter,lineup-4525a12f46310d2b,0,pair-b2f881bb09d09403,oe:player:78c048012bab5e09a863c4754baa274,oe:player:9d725c685255624f25159a3493f0c5e,Zile,Saint Daniel,
NA1/3450908935,2020-06-07,2020,Unknown,10.11,oe:team:2360b31c1628a21ddd778891dabac91,Dark Matter,lineup-4525a12f46310d2b,0,pair-d0b8c376c9a85cde,oe:player:78c048012bab5e09a863c4754baa274,oe:player:b415fb792209708ad6921cca2e73aff,Zile,Spirax,
NA1/3450908935,2020-06-07,2020,Unknown,10.11,oe:team:2360b31c1628a21ddd778891dabac91,Dark Matter,lineup-4525a12f46310d2b,0,pair-b90523fcc8fc13c1,oe:player:78c048012bab5e09a863c4754baa274,oe:player:b4d68660c4a56181cd886fe5ecc08f7,Zile,Spider,
NA1/3450908935,2020-06-07,2020,Unknown,10.11,oe:team:2360b31c1628a21ddd778891dabac91,Dark Matter,lineup-4525a12f46310d2b,0,pair-740c3419df79f56f,oe:player:9d725c685255624f25159a3493f0c5e,oe:player:b415fb792209708ad6921cca2e73aff,Saint Daniel,Spirax,
NA1/3450908935,2020-06-07,2020,Unknown,10.11,oe:team:2360b31c1628a21ddd778891dabac91,Dark Matter,lineup-4525a12f46310d2b,0,pair-dd11417e52ccee72,oe:player:9d725c685255624f25159a3493f0c5e,oe:player:b4d68660c4a56181cd886fe5ecc08f7,Saint Daniel,Spider,
NA1/3450908935,2020-06-07,2020,Unknown,10.11,oe:team:2360b31c1628a21ddd778891dabac91,Dark Matter,lineup-4525a12f46310d2b,0,pair-260221513ea90765,oe:player:b415fb792209708ad6921cca2e73aff,oe:player:b4d68660c4a56181cd886fe5ecc08f7,Spirax,Spider,
NA1/3450908935,2020-06-07,2020,Unknown,10.11,oe:team:cb88ee3c195b2c7056830437a1f1565,Mirage Sport Électronique,lineup-5f46512bef7bc500,1,pair-f927a6d77928513b,oe:player:046795fa30debe19eafd497dba544e3,oe:player:1c275bedd474301abb6a402792d0731,Instinct,RobbyBob,
NA1/3450908935,2020-06-07,2020,Unknown,10.11,oe:team:cb88ee3c195b2c7056830437a1f1565,Mirage Sport Électronique,lineup-5f46512bef7bc500,1,pair-ed5613c55cc0261c,oe:player:046795fa30debe19eafd497dba544e3,oe:player:89a68bddd0541e0f26fc044c711eb92,Instinct,Tony Top,
NA1/3450908935,2020-06-07,2020,Unknown,10.11,oe:team:cb88ee3c195b2c7056830437a1f1565,Mirage Sport Électronique,lineup-5f46512bef7bc500,1,pair-6bf3a15db52ed1d6,oe:player:046795fa30debe19eafd497dba544e3,oe:player:c9fe742896cf95349db15b35ec262e1,Instinct,Mist,
NA1/3450908935,2020-06-07,2020,Unknown,10.11,oe:team:cb88ee3c195b2c7056830437a1f1565,Mirage Sport Électronique,lineup-5f46512bef7bc500,1,pair-b9b0d935286b0bb9,oe:player:046795fa30debe19eafd497dba544e3,oe:player:dfabf6008e5be18683d654b25534d03,Instinct,Hyami,
NA1/3450908935,2020-06-07,2020,Unknown,10.11,oe:team:cb88ee3c195b2c7056830437a1f1565,Mirage Sport Électronique,lineup-5f46512bef7bc500,1,pair-83ecace85deec332,oe:player:1c275bedd474301abb6a402792d0731,oe:player:89a68bddd0541e0f26fc044c711eb92,RobbyBob,Tony Top,
NA1/3450908935,2020-06-07,2020,Unknown,10.11,oe:team:cb88ee3c195b2c7056830437a1f1565,Mirage Sport Électronique,lineup-5f46512bef7bc500,1,pair-f48f15d0139d970a,oe:player:1c275bedd474301abb6a402792d0731,oe:player:c9fe742896cf95349db15b35ec262e1,RobbyBob,Mist,
NA1/3450908935,2020-06-07,2020,Unknown,10.11,oe:team:cb88ee3c195b2c7056830437a1f1565,Mirage Sport Électronique,lineup-5f46512bef7bc500,1,pair-c2d651e0a7891b1b,oe:player:1c275bedd474301abb6a402792d0731,oe:player:dfabf6008e5be18683d654b25534d03,RobbyBob,Hyami,
NA1/3450908935,2020-06-07,2020,Unknown,10.11,oe:team:cb88ee3c195b2c7056830437a1f1565,Mirage Sport Électronique,lineup-5f46512bef7bc500,1,pair-40098d9017dd9c11,oe:player:89a68bddd0541e0f26fc044c711eb92,oe:player:c9fe742896cf95349db15b35ec262e1,Tony Top,Mist,
NA1/3450908935,2020-06-07,2020,Unknown,10.11,oe:team:cb88ee3c195b2c7056830437a1f1565,Mirage Sport Électronique,lineup-5f46512bef7bc500,1,pair-8eebfe70317de9fe,oe:player:89a68bddd0541e0f26fc044c711eb92,oe:player:dfabf6008e5be18683d654b25534d03,Tony Top,Hyami,
NA1/3450908935,2020-06-07,2020,Unknown,10.11,oe:team:cb88ee3c195b2c7056830437a1f1565,Mirage Sport Électronique,lineup-5f46512bef7bc500,1,pair-771784b4cd34b3bd,oe:player:c9fe742896cf95349db15b35ec262e1,oe:player:dfabf6008e5be18683d654b25534d03,Mist,Hyami,
NA1/3450998169,2020-06-07,2020,Unknown,10.11,oe:team:72dbb628b62f86001cfab61bc031f76,Slaughter House,lineup-5f5812500d58ae85,1,pair-cb272266dc5f6060,oe:player:5313666816f00d125f1aeeb06f4fbfb,oe:player:54f2c73f2b78b0dd2c9360439e94228,KingGeorgie,Slapper,
NA1/3450998169,2020-06-07,2020,Unknown,10.11,oe:team:72dbb628b62f86001cfab61bc031f76,Slaughter House,lineup-5f5812500d58ae85,1,pair-580da83e98be1b2f,oe:player:5313666816f00d125f1aeeb06f4fbfb,oe:player:6964d7e227c06511a62d8954f58d542,KingGeorgie,A 5,
NA1/3450998169,2020-06-07,2020,Unknown,10.11,oe:team:72dbb628b62f86001cfab61bc031f76,Slaughter House,lineup-5f5812500d58ae85,1,pair-a9c2a64471ebacf4,oe:player:5313666816f00d125f1aeeb06f4fbfb,oe:player:ac101b32dda4448cf13a93fe283dddd,KingGeorgie,Body,
NA1/3450998169,2020-06-07,2020,Unknown,10.11,oe:team:72dbb628b62f86001cfab61bc031f76,Slaughter House,lineup-5f5812500d58ae85,1,pair-e8c9ab766b7872ba,oe:player:5313666816f00d125f1aeeb06f4fbfb,oe:player:d778769103b62e1222414cd182c4e25,KingGeorgie,Chookies,
NA1/3450998169,2020-06-07,2020,Unknown,10.11,oe:team:72dbb628b62f86001cfab61bc031f76,Slaughter House,lineup-5f5812500d58ae85,1,pair-73de8438c20a7fc1,oe:player:54f2c73f2b78b0dd2c9360439e94228,oe:player:6964d7e227c06511a62d8954f58d542,Slapper,A 5,
NA1/3450998169,2020-06-07,2020,Unknown,10.11,oe:team:72dbb628b62f86001cfab61bc031f76,Slaughter House,lineup-5f5812500d58ae85,1,pair-da1bbbfd7954fc82,oe:player:54f2c73f2b78b0dd2c9360439e94228,oe:player:ac101b32dda4448cf13a93fe283dddd,Slapper,Body,
NA1/3450998169,2020-06-07,2020,Unknown,10.11,oe:team:72dbb628b62f86001cfab61bc031f76,Slaughter House,lineup-5f5812500d58ae85,1,pair-da9541cac4951758,oe:player:54f2c73f2b78b0dd2c9360439e94228,oe:player:d778769103b62e1222414cd182c4e25,Slapper,Chookies,
NA1/3450998169,2020-06-07,2020,Unknown,10.11,oe:team:72dbb628b62f86001cfab61bc031f76,Slaughter House,lineup-5f5812500d58ae85,1,pair-f3b98806d5a817c1,oe:player:6964d7e227c06511a62d8954f58d542,oe:player:ac101b32dda4448cf13a93fe283dddd,A 5,Body,
NA1/3450998169,2020-06-07,2020,Unknown,10.11,oe:team:72dbb628b62f86001cfab61bc031f76,Slaughter House,lineup-5f5812500d58ae85,1,pair-dfac3e6033d23453,oe:player:6964d7e227c06511a62d8954f58d542,oe:player:d778769103b62e1222414cd182c4e25,A 5,Chookies,
NA1/3450998169,2020-06-07,2020,Unknown,10.11,oe:team:72dbb628b62f86001cfab61bc031f76,Slaughter House,lineup-5f5812500d58ae85,1,pair-5dee0220c24511d3,oe:player:ac101b32dda4448cf13a93fe283dddd,oe:player:d778769103b62e1222414cd182c4e25,Body,Chookies,
NA1/3450998169,2020-06-07,2020,Unknown,10.11,oe:team:955d9ba35580bdcc7bed3f11736b0f7,Radiance,lineup-6ee7665bdc3b33d7,0,pair-ac630bc77f2f5bc0,oe:player:3f87e25690ea3bdeb998259fb45445c,oe:player:580f08754dbf1bc64145f212ed0170b,Engo,Cao,
NA1/3450998169,2020-06-07,2020,Unknown,10.11,oe:team:955d9ba35580bdcc7bed3f11736b0f7,Radiance,lineup-6ee7665bdc3b33d7,0,pair-9b58251b56a315dd,oe:player:3f87e25690ea3bdeb998259fb45445c,oe:player:75614c3fca429c06226ca2518abb73a,Engo,Avi,
NA1/3450998169,2020-06-07,2020,Unknown,10.11,oe:team:955d9ba35580bdcc7bed3f11736b0f7,Radiance,lineup-6ee7665bdc3b33d7,0,pair-d0a9c1dccd0f0b50,oe:player:3f87e25690ea3bdeb998259fb45445c,oe:player:aa7b13aaac8ab04283ce9626c6399d0,Engo,Young,
NA1/3450998169,2020-06-07,2020,Unknown,10.11,oe:team:955d9ba35580bdcc7bed3f11736b0f7,Radiance,lineup-6ee7665bdc3b33d7,0,pair-19c130abeb08e7d8,oe:player:3f87e25690ea3bdeb998259fb45445c,oe:player:f38b290539da4d4463b98ec1a3d2194,Engo,AndyBendy,
NA1/3450998169,2020-06-07,2020,Unknown,10.11,oe:team:955d9ba35580bdcc7bed3f11736b0f7,Radiance,lineup-6ee7665bdc3b33d7,0,pair-2b600efa94d21c81,oe:player:580f08754dbf1bc64145f212ed0170b,oe:player:75614c3fca429c06226ca2518abb73a,Cao,Avi,
NA1/3450998169,2020-06-07,2020,Unknown,10.11,oe:team:955d9ba35580bdcc7bed3f11736b0f7,Radiance,lineup-6ee7665bdc3b33d7,0,pair-678c078694bbc44c,oe:player:580f08754dbf1bc64145f212ed0170b,oe:player:aa7b13aaac8ab04283ce9626c6399d0,Cao,Young,
NA1/3450998169,2020-06-07,2020,Unknown,10.11,oe:team:955d9ba35580bdcc7bed3f11736b0f7,Radiance,lineup-6ee7665bdc3b33d7,0,pair-a78cba1f897e4510,oe:player:580f08754dbf1bc64145f212ed0170b,oe:player:f38b290539da4d4463b98ec1a3d2194,Cao,AndyBendy,
NA1/3450998169,2020-06-07,2020,Unknown,10.11,oe:team:955d9ba35580bdcc7bed3f11736b0f7,Radiance,lineup-6ee7665bdc3b33d7,0,pair-768b1c9dc14b04bc,oe:player:75614c3fca429c06226ca2518abb73a,oe:player:aa7b13aaac8ab04283ce9626c6399d0,Avi,Young,
NA1/3450998169,2020-06-07,2020,Unknown,10.11,oe:team:955d9ba35580bdcc7bed3f11736b0f7,Radiance,lineup-6ee7665bdc3b33d7,0,pair-a8a71dc159a65805,oe:player:75614c3fca429c06226ca2518abb73a,oe:player:f38b290539da4d4463b98ec1a3d2194,Avi,AndyBendy,
NA1/3450998169,2020-06-07,2020,Unknown,10.11,oe:team:955d9ba35580bdcc7bed3f11736b0f7,Radiance,lineup-6ee7665bdc3b33d7,0,pair-7498026bdb707d97,oe:player:aa7b13aaac8ab04283ce9626c6399d0,oe:player:f38b290539da4d4463b98ec1a3d2194,Young,AndyBendy,
NA1/3450998425,2020-06-07,2020,Unknown,10.11,oe:team:72dbb628b62f86001cfab61bc031f76,Slaughter House,lineup-5f5812500d58ae85,1,pair-cb272266dc5f6060,oe:player:5313666816f00d125f1aeeb06f4fbfb,oe:player:54f2c73f2b78b0dd2c9360439e94228,KingGeorgie,Slapper,
NA1/3450998425,2020-06-07,2020,Unknown,10.11,oe:team:72dbb628b62f86001cfab61bc031f76,Slaughter House,lineup-5f5812500d58ae85,1,pair-580da83e98be1b2f,oe:player:5313666816f00d125f1aeeb06f4fbfb,oe:player:6964d7e227c06511a62d8954f58d542,KingGeorgie,A 5,
NA1/3450998425,2020-06-07,2020,Unknown,10.11,oe:team:72dbb628b62f86001cfab61bc031f76,Slaughter House,lineup-5f5812500d58ae85,1,pair-a9c2a64471ebacf4,oe:player:5313666816f00d125f1aeeb06f4fbfb,oe:player:ac101b32dda4448cf13a93fe283dddd,KingGeorgie,Body,
NA1/3450998425,2020-06-07,2020,Unknown,10.11,oe:team:72dbb628b62f86001cfab61bc031f76,Slaughter House,lineup-5f5812500d58ae85,1,pair-e8c9ab766b7872ba,oe:player:5313666816f00d125f1aeeb06f4fbfb,oe:player:d778769103b62e1222414cd182c4e25,KingGeorgie,Chookies,
NA1/3450998425,2020-06-07,2020,Unknown,10.11,oe:team:72dbb628b62f86001cfab61bc031f76,Slaughter House,lineup-5f5812500d58ae85,1,pair-73de8438c20a7fc1,oe:player:54f2c73f2b78b0dd2c9360439e94228,oe:player:6964d7e227c06511a62d8954f58d542,Slapper,A 5,
NA1/3450998425,2020-06-07,2020,Unknown,10.11,oe:team:72dbb628b62f86001cfab61bc031f76,Slaughter House,lineup-5f5812500d58ae85,1,pair-da1bbbfd7954fc82,oe:player:54f2c73f2b78b0dd2c9360439e94228,oe:player:ac101b32dda4448cf13a93fe283dddd,Slapper,Body,
NA1/3450998425,2020-06-07,2020,Unknown,10.11,oe:team:72dbb628b62f86001cfab61bc031f76,Slaughter House,lineup-5f5812500d58ae85,1,pair-da9541cac4951758,oe:player:54f2c73f2b78b0dd2c9360439e94228,oe:player:d778769103b62e1222414cd182c4e25,Slapper,Chookies,
NA1/3450998425,2020-06-07,2020,Unknown,10.11,oe:team:72dbb628b62f86001cfab61bc031f76,Slaughter House,lineup-5f5812500d58ae85,1,pair-f3b98806d5a817c1,oe:player:6964d7e227c06511a62d8954f58d542,oe:player:ac101b32dda4448cf13a93fe283dddd,A 5,Body,
NA1/3450998425,2020-06-07,2020,Unknown,10.11,oe:team:72dbb628b62f86001cfab61bc031f76,Slaughter House,lineup-5f5812500d58ae85,1,pair-dfac3e6033d23453,oe:player:6964d7e227c06511a62d8954f58d542,oe:player:d778769103b62e1222414cd182c4e25,A 5,Chookies,
NA1/3450998425,2020-06-07,2020,Unknown,10.11,oe:team:72dbb628b62f86001cfab61bc031f76,Slaughter House,lineup-5f5812500d58ae85,1,pair-5dee0220c24511d3,oe:player:ac101b32dda4448cf13a93fe283dddd,oe:player:d778769103b62e1222414cd182c4e25,Body,Chookies,
NA1/3450998425,2020-06-07,2020,Unknown,10.11,oe:team:955d9ba35580bdcc7bed3f11736b0f7,Radiance,lineup-6ee7665bdc3b33d7,0,pair-ac630bc77f2f5bc0,oe:player:3f87e25690ea3bdeb998259fb45445c,oe:player:580f08754dbf1bc64145f212ed0170b,Engo,Cao,
NA1/3450998425,2020-06-07,2020,Unknown,10.11,oe:team:955d9ba35580bdcc7bed3f11736b0f7,Radiance,lineup-6ee7665bdc3b33d7,0,pair-9b58251b56a315dd,oe:player:3f87e25690ea3bdeb998259fb45445c,oe:player:75614c3fca429c06226ca2518abb73a,Engo,Avi,
NA1/3450998425,2020-06-07,2020,Unknown,10.11,oe:team:955d9ba35580bdcc7bed3f11736b0f7,Radiance,lineup-6ee7665bdc3b33d7,0,pair-d0a9c1dccd0f0b50,oe:player:3f87e25690ea3bdeb998259fb45445c,oe:player:aa7b13aaac8ab04283ce9626c6399d0,Engo,Young,
NA1/3450998425,2020-06-07,2020,Unknown,10.11,oe:team:955d9ba35580bdcc7bed3f11736b0f7,Radiance,lineup-6ee7665bdc3b33d7,0,pair-19c130abeb08e7d8,oe:player:3f87e25690ea3bdeb998259fb45445c,oe:player:f38b290539da4d4463b98ec1a3d2194,Engo,AndyBendy,
NA1/3450998425,2020-06-07,2020,Unknown,10.11,oe:team:955d9ba35580bdcc7bed3f11736b0f7,Radiance,lineup-6ee7665bdc3b33d7,0,pair-2b600efa94d21c81,oe:player:580f08754dbf1bc64145f212ed0170b,oe:player:75614c3fca429c06226ca2518abb73a,Cao,Avi,
NA1/3450998425,2020-06-07,2020,Unknown,10.11,oe:team:955d9ba35580bdcc7bed3f11736b0f7,Radiance,lineup-6ee7665bdc3b33d7,0,pair-678c078694bbc44c,oe:player:580f08754dbf1bc64145f212ed0170b,oe:player:aa7b13aaac8ab04283ce9626c6399d0,Cao,Young,
NA1/3450998425,2020-06-07,2020,Unknown,10.11,oe:team:955d9ba35580bdcc7bed3f11736b0f7,Radiance,lineup-6ee7665bdc3b33d7,0,pair-a78cba1f897e4510,oe:player:580f08754dbf1bc64145f212ed0170b,oe:player:f38b290539da4d4463b98ec1a3d2194,Cao,AndyBendy,
NA1/3450998425,2020-06-07,2020,Unknown,10.11,oe:team:955d9ba35580bdcc7bed3f11736b0f7,Radiance,lineup-6ee7665bdc3b33d7,0,pair-768b1c9dc14b04bc,oe:player:75614c3fca429c06226ca2518abb73a,oe:player:aa7b13aaac8ab04283ce9626c6399d0,Avi,Young,
NA1/3450998425,2020-06-07,2020,Unknown,10.11,oe:team:955d9ba35580bdcc7bed3f11736b0f7,Radiance,lineup-6ee7665bdc3b33d7,0,pair-a8a71dc159a65805,oe:player:75614c3fca429c06226ca2518abb73a,oe:player:f38b290539da4d4463b98ec1a3d2194,Avi,AndyBendy,
NA1/3450998425,2020-06-07,2020,Unknown,10.11,oe:team:955d9ba35580bdcc7bed3f11736b0f7,Radiance,lineup-6ee7665bdc3b33d7,0,pair-7498026bdb707d97,oe:player:aa7b13aaac8ab04283ce9626c6399d0,oe:player:f38b290539da4d4463b98ec1a3d2194,Young,AndyBendy,
NA1/3453159845,2020-06-08,2020,Unknown,10.11,oe:team:7df78a658a1ca10f6d413c775cf35cd,Polar Ace,lineup-1d92ba67db5e3ae5,0,pair-64641b55bba96f07,oe:player:33daef70f45123c10a232b800d930a0,oe:player:3e722c8ede909c83af9342c41805a16,Flaresz,Busio,
NA1/3453159845,2020-06-08,2020,Unknown,10.11,oe:team:7df78a658a1ca10f6d413c775cf35cd,Polar Ace,lineup-1d92ba67db5e3ae5,0,pair-486fdad915fc920f,oe:player:33daef70f45123c10a232b800d930a0,oe:player:3f96b0d5494895f5e964dc16ea8f27b,Flaresz,Spawn,
NA1/3453159845,2020-06-08,2020,Unknown,10.11,oe:team:7df78a658a1ca10f6d413c775cf35cd,Polar Ace,lineup-1d92ba67db5e3ae5,0,pair-d219519aef3a019c,oe:player:33daef70f45123c10a232b800d930a0,oe:player:6ca0cf01bc942179eb37f9863ea16cc,Flaresz,Menace,
NA1/3453159845,2020-06-08,2020,Unknown,10.11,oe:team:7df78a658a1ca10f6d413c775cf35cd,Polar Ace,lineup-1d92ba67db5e3ae5,0,pair-c9ee9ef43dd6ffb6,oe:player:33daef70f45123c10a232b800d930a0,oe:player:cd501d29850fa65fab5745d96e0ceed,Flaresz,Dragonmin,
NA1/3453159845,2020-06-08,2020,Unknown,10.11,oe:team:7df78a658a1ca10f6d413c775cf35cd,Polar Ace,lineup-1d92ba67db5e3ae5,0,pair-611beae725f98d64,oe:player:3e722c8ede909c83af9342c41805a16,oe:player:3f96b0d5494895f5e964dc16ea8f27b,Busio,Spawn,
NA1/3453159845,2020-06-08,2020,Unknown,10.11,oe:team:7df78a658a1ca10f6d413c775cf35cd,Polar Ace,lineup-1d92ba67db5e3ae5,0,pair-7c281de31cdde459,oe:player:3e722c8ede909c83af9342c41805a16,oe:player:6ca0cf01bc942179eb37f9863ea16cc,Busio,Menace,
NA1/3453159845,2020-06-08,2020,Unknown,10.11,oe:team:7df78a658a1ca10f6d413c775cf35cd,Polar Ace,lineup-1d92ba67db5e3ae5,0,pair-22c93f45d7515242,oe:player:3e722c8ede909c83af9342c41805a16,oe:player:cd501d29850fa65fab5745d96e0ceed,Busio,Dragonmin,
NA1/3453159845,2020-06-08,2020,Unknown,10.11,oe:team:7df78a658a1ca10f6d413c775cf35cd,Polar Ace,lineup-1d92ba67db5e3ae5,0,pair-6bb5617b4d7de2d9,oe:player:3f96b0d5494895f5e964dc16ea8f27b,oe:player:6ca0cf01bc942179eb37f9863ea16cc,Spawn,Menace,
NA1/3453159845,2020-06-08,2020,Unknown,10.11,oe:team:7df78a658a1ca10f6d413c775cf35cd,Polar Ace,lineup-1d92ba67db5e3ae5,0,pair-cd51000fde2988fb,oe:player:3f96b0d5494895f5e964dc16ea8f27b,oe:player:cd501d29850fa65fab5745d96e0ceed,Spawn,Dragonmin,
NA1/3453159845,2020-06-08,2020,Unknown,10.11,oe:team:7df78a658a1ca10f6d413c775cf35cd,Polar Ace,lineup-1d92ba67db5e3ae5,0,pair-345acff6ebc9eb93,oe:player:6ca0cf01bc942179eb37f9863ea16cc,oe:player:cd501d29850fa65fab5745d96e0ceed,Menace,Dragonmin,
NA1/3453159845,2020-06-08,2020,Unknown,10.11,oe:team:9034597e77937456f89960ad1b8615e,Wildcard Gaming,lineup-128e57fa4174c7f4,1,pair-267d50562c3406cf,oe:player:184d97e1a8e8130dfb0a41329b780c6,oe:player:30572b23e41315ce024a7af628da667,Dragoon,CMD ATK,
NA1/3453159845,2020-06-08,2020,Unknown,10.11,oe:team:9034597e77937456f89960ad1b8615e,Wildcard Gaming,lineup-128e57fa4174c7f4,1,pair-1ea9e04ef5d2daf2,oe:player:184d97e1a8e8130dfb0a41329b780c6,oe:player:c33de864be225948486047a145b4bf1,Dragoon,Le Grain,
NA1/3453159845,2020-06-08,2020,Unknown,10.11,oe:team:9034597e77937456f89960ad1b8615e,Wildcard Gaming,lineup-128e57fa4174c7f4,1,pair-ca5bb124c67c07fe,oe:player:184d97e1a8e8130dfb0a41329b780c6,oe:player:e57ef5f8ab42a0364a11b50f2a86b81,Dragoon,ShorterACE,
NA1/3453159845,2020-06-08,2020,Unknown,10.11,oe:team:9034597e77937456f89960ad1b8615e,Wildcard Gaming,lineup-128e57fa4174c7f4,1,pair-7a1d9f12ab890aa5,oe:player:184d97e1a8e8130dfb0a41329b780c6,oe:player:f8d623a78c27641412debac4080ece7,Dragoon,Joey,
NA1/3453159845,2020-06-08,2020,Unknown,10.11,oe:team:9034597e77937456f89960ad1b8615e,Wildcard Gaming,lineup-128e57fa4174c7f4,1,pair-efbfed8a12d2eab0,oe:player:30572b23e41315ce024a7af628da667,oe:player:c33de864be225948486047a145b4bf1,CMD ATK,Le Grain,
NA1/3453159845,2020-06-08,2020,Unknown,10.11,oe:team:9034597e77937456f89960ad1b8615e,Wildcard Gaming,lineup-128e57fa4174c7f4,1,pair-160afee6f92abb1f,oe:player:30572b23e41315ce024a7af628da667,oe:player:e57ef5f8ab42a0364a11b50f2a86b81,CMD ATK,ShorterACE,
NA1/3453159845,2020-06-08,2020,Unknown,10.11,oe:team:9034597e77937456f89960ad1b8615e,Wildcard Gaming,lineup-128e57fa4174c7f4,1,pair-a735f22b4388dcf5,oe:player:30572b23e41315ce024a7af628da667,oe:player:f8d623a78c27641412debac4080ece7,CMD ATK,Joey,
NA1/3453159845,2020-06-08,2020,Unknown,10.11,oe:team:9034597e77937456f89960ad1b8615e,Wildcard Gaming,lineup-128e57fa4174c7f4,1,pair-daa15feaeb1b22ef,oe:player:c33de864be225948486047a145b4bf1,oe:player:e57ef5f8ab42a0364a11b50f2a86b81,Le Grain,ShorterACE,
NA1/3453159845,2020-06-08,2020,Unknown,10.11,oe:team:9034597e77937456f89960ad1b8615e,Wildcard Gaming,lineup-128e57fa4174c7f4,1,pair-3ad8489f6a4815dd,oe:player:c33de864be225948486047a145b4bf1,oe:player:f8d623a78c27641412debac4080ece7,Le Grain,Joey,
NA1/3453159845,2020-06-08,2020,Unknown,10.11,oe:team:9034597e77937456f89960ad1b8615e,Wildcard Gaming,lineup-128e57fa4174c7f4,1,pair-cb45880eb35eb4a2,oe:player:e57ef5f8ab42a0364a11b50f2a86b81,oe:player:f8d623a78c27641412debac4080ece7,ShorterACE,Joey,
NA1/3453244066,2020-06-08,2020,Unknown,10.11,oe:team:01a3132448697cecc30364f52173670,Team Fish Taco,lineup-94489e459387ed4b,0,pair-14930f2ff291b81c,oe:player:5c8ad2b8fe87d5143f0d025fd2dd98b,oe:player:7a78bf39eb58a9d2cb2190206127115,dog2,wispe,
NA1/3453244066,2020-06-08,2020,Unknown,10.11,oe:team:01a3132448697cecc30364f52173670,Team Fish Taco,lineup-94489e459387ed4b,0,pair-4cfc41561567a59b,oe:player:5c8ad2b8fe87d5143f0d025fd2dd98b,oe:player:9e4cab8a6c3041527f605caf9913072,dog2,Strompest,
NA1/3453244066,2020-06-08,2020,Unknown,10.11,oe:team:01a3132448697cecc30364f52173670,Team Fish Taco,lineup-94489e459387ed4b,0,pair-1d1eda6861c74d03,oe:player:5c8ad2b8fe87d5143f0d025fd2dd98b,oe:player:b1608dc23a218a150a431be676f3fe4,dog2,RoseThorn,
NA1/3453244066,2020-06-08,2020,Unknown,10.11,oe:team:01a3132448697cecc30364f52173670,Team Fish Taco,lineup-94489e459387ed4b,0,pair-1ee6fc31b6beab53,oe:player:5c8ad2b8fe87d5143f0d025fd2dd98b,oe:player:d7196c9311d164908b07db070a3b3f2,dog2,Mateusz,
NA1/3453244066,2020-06-08,2020,Unknown,10.11,oe:team:01a3132448697cecc30364f52173670,Team Fish Taco,lineup-94489e459387ed4b,0,pair-073fe8bafbd78627,oe:player:7a78bf39eb58a9d2cb2190206127115,oe:player:9e4cab8a6c3041527f605caf9913072,wispe,Strompest,
NA1/3453244066,2020-06-08,2020,Unknown,10.11,oe:team:01a3132448697cecc30364f52173670,Team Fish Taco,lineup-94489e459387ed4b,0,pair-7cd47a4e805f4762,oe:player:7a78bf39eb58a9d2cb2190206127115,oe:player:b1608dc23a218a150a431be676f3fe4,wispe,RoseThorn,
NA1/3453244066,2020-06-08,2020,Unknown,10.11,oe:team:01a3132448697cecc30364f52173670,Team Fish Taco,lineup-94489e459387ed4b,0,pair-7eb6f6b76d3aa02b,oe:player:7a78bf39eb58a9d2cb2190206127115,oe:player:d7196c9311d164908b07db070a3b3f2,wispe,Mateusz,
NA1/3453244066,2020-06-08,2020,Unknown,10.11,oe:team:01a3132448697cecc30364f52173670,Team Fish Taco,lineup-94489e459387ed4b,0,pair-b265d92e2952dddd,oe:player:9e4cab8a6c3041527f605caf9913072,oe:player:b1608dc23a218a150a431be676f3fe4,Strompest,RoseThorn,
NA1/3453244066,2020-06-08,2020,Unknown,10.11,oe:team:01a3132448697cecc30364f52173670,Team Fish Taco,lineup-94489e459387ed4b,0,pair-9102bd088e390022,oe:player:9e4cab8a6c3041527f605caf9913072,oe:player:d7196c9311d164908b07db070a3b3f2,Strompest,Mateusz,
NA1/3453244066,2020-06-08,2020,Unknown,10.11,oe:team:01a3132448697cecc30364f52173670,Team Fish Taco,lineup-94489e459387ed4b,0,pair-b7403b1d53ff60d7,oe:player:b1608dc23a218a150a431be676f3fe4,oe:player:d7196c9311d164908b07db070a3b3f2,RoseThorn,Mateusz,
NA1/3453244066,2020-06-08,2020,Unknown,10.11,oe:team:eab5c007906936e2b6214db2d274fd5,Charlotte Phoenix,lineup-80b3ddb7bb21af46,1,pair-9b4e1dcc0e420f58,oe:player:1d36e28887d951194dfde1c17c6ab8c,oe:player:3062a9edba61382db75add4b3fe0eea,Eastan,Disconnector,
NA1/3453244066,2020-06-08,2020,Unknown,10.11,oe:team:eab5c007906936e2b6214db2d274fd5,Charlotte Phoenix,lineup-80b3ddb7bb21af46,1,pair-3e7355ec13fa6136,oe:player:1d36e28887d951194dfde1c17c6ab8c,oe:player:78810aaa200931ecf0de9e8e8a4c276,Eastan,Jason Jungle,
NA1/3453244066,2020-06-08,2020,Unknown,10.11,oe:team:eab5c007906936e2b6214db2d274fd5,Charlotte Phoenix,lineup-80b3ddb7bb21af46,1,pair-d6c3f9daf9ec1762,oe:player:1d36e28887d951194dfde1c17c6ab8c,oe:player:d045ce8a0de5eb77d740e62fb9e2d7f,Eastan,Daption,
NA1/3453244066,2020-06-08,2020,Unknown,10.11,oe:team:eab5c007906936e2b6214db2d274fd5,Charlotte Phoenix,lineup-80b3ddb7bb21af46,1,pair-70e89b48c5f1ac9e,oe:player:1d36e28887d951194dfde1c17c6ab8c,oe:player:d16b2c7278ac5c126f7078521d73b9c,Eastan,Dziarmaga,
NA1/3453244066,2020-06-08,2020,Unknown,10.11,oe:team:eab5c007906936e2b6214db2d274fd5,Charlotte Phoenix,lineup-80b3ddb7bb21af46,1,pair-93febb2c71665ec4,oe:player:3062a9edba61382db75add4b3fe0eea,oe:player:78810aaa200931ecf0de9e8e8a4c276,Disconnector,Jason Jungle,
NA1/3453244066,2020-06-08,2020,Unknown,10.11,oe:team:eab5c007906936e2b6214db2d274fd5,Charlotte Phoenix,lineup-80b3ddb7bb21af46,1,pair-7e5d04f759a5756b,oe:player:3062a9edba61382db75add4b3fe0eea,oe:player:d045ce8a0de5eb77d740e62fb9e2d7f,Disconnector,Daption,
NA1/3453244066,2020-06-08,2020,Unknown,10.11,oe:team:eab5c007906936e2b6214db2d274fd5,Charlotte Phoenix,lineup-80b3ddb7bb21af46,1,pair-c7991bf91ab66e15,oe:player:3062a9edba61382db75add4b3fe0eea,oe:player:d16b2c7278ac5c126f7078521d73b9c,Disconnector,Dziarmaga,
NA1/3453244066,2020-06-08,2020,Unknown,10.11,oe:team:eab5c007906936e2b6214db2d274fd5,Charlotte Phoenix,lineup-80b3ddb7bb21af46,1,pair-606764f5aac4c1a8,oe:player:78810aaa200931ecf0de9e8e8a4c276,oe:player:d045ce8a0de5eb77d740e62fb9e2d7f,Jason Jungle,Daption,
NA1/3453244066,2020-06-08,2020,Unknown,10.11,oe:team:eab5c007906936e2b6214db2d274fd5,Charlotte Phoenix,lineup-80b3ddb7bb21af46,1,pair-a3881c3e3b3b8339,oe:player:78810aaa200931ecf0de9e8e8a4c276,oe:player:d16b2c7278ac5c126f7078521d73b9c,Jason Jungle,Dziarmaga,
NA1/3453244066,2020-06-08,2020,Unknown,10.11,oe:team:eab5c007906936e2b6214db2d274fd5,Charlotte Phoenix,lineup-80b3ddb7bb21af46,1,pair-59d8e9694746f9c2,oe:player:d045ce8a0de5eb77d740e62fb9e2d7f,oe:player:d16b2c7278ac5c126f7078521d73b9c,Daption,Dziarmaga,
NA1/3453244345,2020-06-09,2020,Unknown,10.11,oe:team:01a3132448697cecc30364f52173670,Team Fish Taco,lineup-94489e459387ed4b,0,pair-14930f2ff291b81c,oe:player:5c8ad2b8fe87d5143f0d025fd2dd98b,oe:player:7a78bf39eb58a9d2cb2190206127115,dog2,wispe,
NA1/3453244345,2020-06-09,2020,Unknown,10.11,oe:team:01a3132448697cecc30364f52173670,Team Fish Taco,lineup-94489e459387ed4b,0,pair-4cfc41561567a59b,oe:player:5c8ad2b8fe87d5143f0d025fd2dd98b,oe:player:9e4cab8a6c3041527f605caf9913072,dog2,Strompest,
NA1/3453244345,2020-06-09,2020,Unknown,10.11,oe:team:01a3132448697cecc30364f52173670,Team Fish Taco,lineup-94489e459387ed4b,0,pair-1d1eda6861c74d03,oe:player:5c8ad2b8fe87d5143f0d025fd2dd98b,oe:player:b1608dc23a218a150a431be676f3fe4,dog2,RoseThorn,
NA1/3453244345,2020-06-09,2020,Unknown,10.11,oe:team:01a3132448697cecc30364f52173670,Team Fish Taco,lineup-94489e459387ed4b,0,pair-1ee6fc31b6beab53,oe:player:5c8ad2b8fe87d5143f0d025fd2dd98b,oe:player:d7196c9311d164908b07db070a3b3f2,dog2,Mateusz,
NA1/3453244345,2020-06-09,2020,Unknown,10.11,oe:team:01a3132448697cecc30364f52173670,Team Fish Taco,lineup-94489e459387ed4b,0,pair-073fe8bafbd78627,oe:player:7a78bf39eb58a9d2cb2190206127115,oe:player:9e4cab8a6c3041527f605caf9913072,wispe,Strompest,
NA1/3453244345,2020-06-09,2020,Unknown,10.11,oe:team:01a3132448697cecc30364f52173670,Team Fish Taco,lineup-94489e459387ed4b,0,pair-7cd47a4e805f4762,oe:player:7a78bf39eb58a9d2cb2190206127115,oe:player:b1608dc23a218a150a431be676f3fe4,wispe,RoseThorn,
NA1/3453244345,2020-06-09,2020,Unknown,10.11,oe:team:01a3132448697cecc30364f52173670,Team Fish Taco,lineup-94489e459387ed4b,0,pair-7eb6f6b76d3aa02b,oe:player:7a78bf39eb58a9d2cb2190206127115,oe:player:d7196c9311d164908b07db070a3b3f2,wispe,Mateusz,
NA1/3453244345,2020-06-09,2020,Unknown,10.11,oe:team:01a3132448697cecc30364f52173670,Team Fish Taco,lineup-94489e459387ed4b,0,pair-b265d92e2952dddd,oe:player:9e4cab8a6c3041527f605caf9913072,oe:player:b1608dc23a218a150a431be676f3fe4,Strompest,RoseThorn,
NA1/3453244345,2020-06-09,2020,Unknown,10.11,oe:team:01a3132448697cecc30364f52173670,Team Fish Taco,lineup-94489e459387ed4b,0,pair-9102bd088e390022,oe:player:9e4cab8a6c3041527f605caf9913072,oe:player:d7196c9311d164908b07db070a3b3f2,Strompest,Mateusz,
NA1/3453244345,2020-06-09,2020,Unknown,10.11,oe:team:01a3132448697cecc30364f52173670,Team Fish Taco,lineup-94489e459387ed4b,0,pair-b7403b1d53ff60d7,oe:player:b1608dc23a218a150a431be676f3fe4,oe:player:d7196c9311d164908b07db070a3b3f2,RoseThorn,Mateusz,
NA1/3453244345,2020-06-09,2020,Unknown,10.11,oe:team:eab5c007906936e2b6214db2d274fd5,Charlotte Phoenix,lineup-80b3ddb7bb21af46,1,pair-9b4e1dcc0e420f58,oe:player:1d36e28887d951194dfde1c17c6ab8c,oe:player:3062a9edba61382db75add4b3fe0eea,Eastan,Disconnector,
NA1/3453244345,2020-06-09,2020,Unknown,10.11,oe:team:eab5c007906936e2b6214db2d274fd5,Charlotte Phoenix,lineup-80b3ddb7bb21af46,1,pair-3e7355ec13fa6136,oe:player:1d36e28887d951194dfde1c17c6ab8c,oe:player:78810aaa200931ecf0de9e8e8a4c276,Eastan,Jason Jungle,
NA1/3453244345,2020-06-09,2020,Unknown,10.11,oe:team:eab5c007906936e2b6214db2d274fd5,Charlotte Phoenix,lineup-80b3ddb7bb21af46,1,pair-d6c3f9daf9ec1762,oe:player:1d36e28887d951194dfde1c17c6ab8c,oe:player:d045ce8a0de5eb77d740e62fb9e2d7f,Eastan,Daption,
NA1/3453244345,2020-06-09,2020,Unknown,10.11,oe:team:eab5c007906936e2b6214db2d274fd5,Charlotte Phoenix,lineup-80b3ddb7bb21af46,1,pair-70e89b48c5f1ac9e,oe:player:1d36e28887d951194dfde1c17c6ab8c,oe:player:d16b2c7278ac5c126f7078521d73b9c,Eastan,Dziarmaga,
NA1/3453244345,2020-06-09,2020,Unknown,10.11,oe:team:eab5c007906936e2b6214db2d274fd5,Charlotte Phoenix,lineup-80b3ddb7bb21af46,1,pair-93febb2c71665ec4,oe:player:3062a9edba61382db75add4b3fe0eea,oe:player:78810aaa200931ecf0de9e8e8a4c276,Disconnector,Jason Jungle,
NA1/3453244345,2020-06-09,2020,Unknown,10.11,oe:team:eab5c007906936e2b6214db2d274fd5,Charlotte Phoenix,lineup-80b3ddb7bb21af46,1,pair-7e5d04f759a5756b,oe:player:3062a9edba61382db75add4b3fe0eea,oe:player:d045ce8a0de5eb77d740e62fb9e2d7f,Disconnector,Daption,
NA1/3453244345,2020-06-09,2020,Unknown,10.11,oe:team:eab5c007906936e2b6214db2d274fd5,Charlotte Phoenix,lineup-80b3ddb7bb21af46,1,pair-c7991bf91ab66e15,oe:player:3062a9edba61382db75add4b3fe0eea,oe:player:d16b2c7278ac5c126f7078521d73b9c,Disconnector,Dziarmaga,
NA1/3453244345,2020-06-09,2020,Unknown,10.11,oe:team:eab5c007906936e2b6214db2d274fd5,Charlotte Phoenix,lineup-80b3ddb7bb21af46,1,pair-606764f5aac4c1a8,oe:player:78810aaa200931ecf0de9e8e8a4c276,oe:player:d045ce8a0de5eb77d740e62fb9e2d7f,Jason Jungle,Daption,
NA1/3453244345,2020-06-09,2020,Unknown,10.11,oe:team:eab5c007906936e2b6214db2d274fd5,Charlotte Phoenix,lineup-80b3ddb7bb21af46,1,pair-a3881c3e3b3b8339,oe:player:78810aaa200931ecf0de9e8e8a4c276,oe:player:d16b2c7278ac5c126f7078521d73b9c,Jason Jungle,Dziarmaga,
NA1/3453244345,2020-06-09,2020,Unknown,10.11,oe:team:eab5c007906936e2b6214db2d274fd5,Charlotte Phoenix,lineup-80b3ddb7bb21af46,1,pair-59d8e9694746f9c2,oe:player:d045ce8a0de5eb77d740e62fb9e2d7f,oe:player:d16b2c7278ac5c126f7078521d73b9c,Daption,Dziarmaga,
NA1/3453453070,2020-06-08,2020,Unknown,10.11,oe:team:01a3132448697cecc30364f52173670,Team Fish Taco,lineup-94489e459387ed4b,1,pair-14930f2ff291b81c,oe:player:5c8ad2b8fe87d5143f0d025fd2dd98b,oe:player:7a78bf39eb58a9d2cb2190206127115,dog2,wispe,
NA1/3453453070,2020-06-08,2020,Unknown,10.11,oe:team:01a3132448697cecc30364f52173670,Team Fish Taco,lineup-94489e459387ed4b,1,pair-4cfc41561567a59b,oe:player:5c8ad2b8fe87d5143f0d025fd2dd98b,oe:player:9e4cab8a6c3041527f605caf9913072,dog2,Strompest,
NA1/3453453070,2020-06-08,2020,Unknown,10.11,oe:team:01a3132448697cecc30364f52173670,Team Fish Taco,lineup-94489e459387ed4b,1,pair-1d1eda6861c74d03,oe:player:5c8ad2b8fe87d5143f0d025fd2dd98b,oe:player:b1608dc23a218a150a431be676f3fe4,dog2,RoseThorn,
NA1/3453453070,2020-06-08,2020,Unknown,10.11,oe:team:01a3132448697cecc30364f52173670,Team Fish Taco,lineup-94489e459387ed4b,1,pair-1ee6fc31b6beab53,oe:player:5c8ad2b8fe87d5143f0d025fd2dd98b,oe:player:d7196c9311d164908b07db070a3b3f2,dog2,Mateusz,
NA1/3453453070,2020-06-08,2020,Unknown,10.11,oe:team:01a3132448697cecc30364f52173670,Team Fish Taco,lineup-94489e459387ed4b,1,pair-073fe8bafbd78627,oe:player:7a78bf39eb58a9d2cb2190206127115,oe:player:9e4cab8a6c3041527f605caf9913072,wispe,Strompest,
NA1/3453453070,2020-06-08,2020,Unknown,10.11,oe:team:01a3132448697cecc30364f52173670,Team Fish Taco,lineup-94489e459387ed4b,1,pair-7cd47a4e805f4762,oe:player:7a78bf39eb58a9d2cb2190206127115,oe:player:b1608dc23a218a150a431be676f3fe4,wispe,RoseThorn,
NA1/3453453070,2020-06-08,2020,Unknown,10.11,oe:team:01a3132448697cecc30364f52173670,Team Fish Taco,lineup-94489e459387ed4b,1,pair-7eb6f6b76d3aa02b,oe:player:7a78bf39eb58a9d2cb2190206127115,oe:player:d7196c9311d164908b07db070a3b3f2,wispe,Mateusz,
NA1/3453453070,2020-06-08,2020,Unknown,10.11,oe:team:01a3132448697cecc30364f52173670,Team Fish Taco,lineup-94489e459387ed4b,1,pair-b265d92e2952dddd,oe:player:9e4cab8a6c3041527f605caf9913072,oe:player:b1608dc23a218a150a431be676f3fe4,Strompest,RoseThorn,
NA1/3453453070,2020-06-08,2020,Unknown,10.11,oe:team:01a3132448697cecc30364f52173670,Team Fish Taco,lineup-94489e459387ed4b,1,pair-9102bd088e390022,oe:player:9e4cab8a6c3041527f605caf9913072,oe:player:d7196c9311d164908b07db070a3b3f2,Strompest,Mateusz,
NA1/3453453070,2020-06-08,2020,Unknown,10.11,oe:team:01a3132448697cecc30364f52173670,Team Fish Taco,lineup-94489e459387ed4b,1,pair-b7403b1d53ff60d7,oe:player:b1608dc23a218a150a431be676f3fe4,oe:player:d7196c9311d164908b07db070a3b3f2,RoseThorn,Mateusz,
NA1/3453453070,2020-06-08,2020,Unknown,10.11,oe:team:eab5c007906936e2b6214db2d274fd5,Charlotte Phoenix,lineup-80b3ddb7bb21af46,0,pair-9b4e1dcc0e420f58,oe:player:1d36e28887d951194dfde1c17c6ab8c,oe:player:3062a9edba61382db75add4b3fe0eea,Eastan,Disconnector,
NA1/3453453070,2020-06-08,2020,Unknown,10.11,oe:team:eab5c007906936e2b6214db2d274fd5,Charlotte Phoenix,lineup-80b3ddb7bb21af46,0,pair-3e7355ec13fa6136,oe:player:1d36e28887d951194dfde1c17c6ab8c,oe:player:78810aaa200931ecf0de9e8e8a4c276,Eastan,Jason Jungle,
NA1/3453453070,2020-06-08,2020,Unknown,10.11,oe:team:eab5c007906936e2b6214db2d274fd5,Charlotte Phoenix,lineup-80b3ddb7bb21af46,0,pair-d6c3f9daf9ec1762,oe:player:1d36e28887d951194dfde1c17c6ab8c,oe:player:d045ce8a0de5eb77d740e62fb9e2d7f,Eastan,Daption,
NA1/3453453070,2020-06-08,2020,Unknown,10.11,oe:team:eab5c007906936e2b6214db2d274fd5,Charlotte Phoenix,lineup-80b3ddb7bb21af46,0,pair-70e89b48c5f1ac9e,oe:player:1d36e28887d951194dfde1c17c6ab8c,oe:player:d16b2c7278ac5c126f7078521d73b9c,Eastan,Dziarmaga,
NA1/3453453070,2020-06-08,2020,Unknown,10.11,oe:team:eab5c007906936e2b6214db2d274fd5,Charlotte Phoenix,lineup-80b3ddb7bb21af46,0,pair-93febb2c71665ec4,oe:player:3062a9edba61382db75add4b3fe0eea,oe:player:78810aaa200931ecf0de9e8e8a4c276,Disconnector,Jason Jungle,
NA1/3453453070,2020-06-08,2020,Unknown,10.11,oe:team:eab5c007906936e2b6214db2d274fd5,Charlotte Phoenix,lineup-80b3ddb7bb21af46,0,pair-7e5d04f759a5756b,oe:player:3062a9edba61382db75add4b3fe0eea,oe:player:d045ce8a0de5eb77d740e62fb9e2d7f,Disconnector,Daption,
NA1/3453453070,2020-06-08,2020,Unknown,10.11,oe:team:eab5c007906936e2b6214db2d274fd5,Charlotte Phoenix,lineup-80b3ddb7bb21af46,0,pair-c7991bf91ab66e15,oe:player:3062a9edba61382db75add4b3fe0eea,oe:player:d16b2c7278ac5c126f7078521d73b9c,Disconnector,Dziarmaga,
NA1/3453453070,2020-06-08,2020,Unknown,10.11,oe:team:eab5c007906936e2b6214db2d274fd5,Charlotte Phoenix,lineup-80b3ddb7bb21af46,0,pair-606764f5aac4c1a8,oe:player:78810aaa200931ecf0de9e8e8a4c276,oe:player:d045ce8a0de5eb77d740e62fb9e2d7f,Jason Jungle,Daption,
NA1/3453453070,2020-06-08,2020,Unknown,10.11,oe:team:eab5c007906936e2b6214db2d274fd5,Charlotte Phoenix,lineup-80b3ddb7bb21af46,0,pair-a3881c3e3b3b8339,oe:player:78810aaa200931ecf0de9e8e8a4c276,oe:player:d16b2c7278ac5c126f7078521d73b9c,Jason Jungle,Dziarmaga,
NA1/3453453070,2020-06-08,2020,Unknown,10.11,oe:team:eab5c007906936e2b6214db2d274fd5,Charlotte Phoenix,lineup-80b3ddb7bb21af46,0,pair-59d8e9694746f9c2,oe:player:d045ce8a0de5eb77d740e62fb9e2d7f,oe:player:d16b2c7278ac5c126f7078521d73b9c,Daption,Dziarmaga,
NA1/3461331717,2020-06-15,2020,Unknown,10.12,oe:team:02008dfb4feddaf6583dd7116eb5180,Life Support,lineup-2fcdaac79ff1d8eb,0,pair-d300ac1ce09f43da,oe:player:07d1c57ec273126c65dbd1197abdb47,oe:player:0e8c08918017e086c42a9a250969768,Pockus,Jozy,
NA1/3461331717,2020-06-15,2020,Unknown,10.12,oe:team:02008dfb4feddaf6583dd7116eb5180,Life Support,lineup-2fcdaac79ff1d8eb,0,pair-d0681bce1af7eae1,oe:player:07d1c57ec273126c65dbd1197abdb47,oe:player:713fae3c1b605df4ee976c6188182a1,Pockus,Wixxi,
NA1/3461331717,2020-06-15,2020,Unknown,10.12,oe:team:02008dfb4feddaf6583dd7116eb5180,Life Support,lineup-2fcdaac79ff1d8eb,0,pair-2f9c119099a46c18,oe:player:07d1c57ec273126c65dbd1197abdb47,oe:player:9d95ffae6b6e2edc80544e854c6ee1b,Pockus,CJ,
NA1/3461331717,2020-06-15,2020,Unknown,10.12,oe:team:02008dfb4feddaf6583dd7116eb5180,Life Support,lineup-2fcdaac79ff1d8eb,0,pair-fcae5aa8aeac784e,oe:player:07d1c57ec273126c65dbd1197abdb47,oe:player:df4f91120caa080682bf595c5f7f2d3,Pockus,CptShrimps,
NA1/3461331717,2020-06-15,2020,Unknown,10.12,oe:team:02008dfb4feddaf6583dd7116eb5180,Life Support,lineup-2fcdaac79ff1d8eb,0,pair-20a86d5788894986,oe:player:0e8c08918017e086c42a9a250969768,oe:player:713fae3c1b605df4ee976c6188182a1,Jozy,Wixxi,
NA1/3461331717,2020-06-15,2020,Unknown,10.12,oe:team:02008dfb4feddaf6583dd7116eb5180,Life Support,lineup-2fcdaac79ff1d8eb,0,pair-c91f50bb451d9bf3,oe:player:0e8c08918017e086c42a9a250969768,oe:player:9d95ffae6b6e2edc80544e854c6ee1b,Jozy,CJ,
NA1/3461331717,2020-06-15,2020,Unknown,10.12,oe:team:02008dfb4feddaf6583dd7116eb5180,Life Support,lineup-2fcdaac79ff1d8eb,0,pair-18e9e0fc20df46d6,oe:player:0e8c08918017e086c42a9a250969768,oe:player:df4f91120caa080682bf595c5f7f2d3,Jozy,CptShrimps,
NA1/3461331717,2020-06-15,2020,Unknown,10.12,oe:team:02008dfb4feddaf6583dd7116eb5180,Life Support,lineup-2fcdaac79ff1d8eb,0,pair-aa0a63ac6c5e5332,oe:player:713fae3c1b605df4ee976c6188182a1,oe:player:9d95ffae6b6e2edc80544e854c6ee1b,Wixxi,CJ,
NA1/3461331717,2020-06-15,2020,Unknown,10.12,oe:team:02008dfb4feddaf6583dd7116eb5180,Life Support,lineup-2fcdaac79ff1d8eb,0,pair-b05bfcd89f9046c0,oe:player:713fae3c1b605df4ee976c6188182a1,oe:player:df4f91120caa080682bf595c5f7f2d3,Wixxi,CptShrimps,
NA1/3461331717,2020-06-15,2020,Unknown,10.12,oe:team:02008dfb4feddaf6583dd7116eb5180,Life Support,lineup-2fcdaac79ff1d8eb,0,pair-a478c5332d101c2e,oe:player:9d95ffae6b6e2edc80544e854c6ee1b,oe:player:df4f91120caa080682bf595c5f7f2d3,CJ,CptShrimps,
NA1/3461331717,2020-06-15,2020,Unknown,10.12,oe:team:8776b7033f1bc10634e50d90f861c1d,Supernova,lineup-9e07753e380a240e,1,pair-50083fce2d78ff42,oe:player:74c97a5b51b2f1900328154b5a58a44,oe:player:94da1452e43ac6797e36ca8f17656ad,OddOrange,EvanRL,
NA1/3461331717,2020-06-15,2020,Unknown,10.12,oe:team:8776b7033f1bc10634e50d90f861c1d,Supernova,lineup-9e07753e380a240e,1,pair-82df4269bf250296,oe:player:74c97a5b51b2f1900328154b5a58a44,oe:player:a9db4155cb1d90e3e20befd63d49d4a,OddOrange,Cat 2,
NA1/3461331717,2020-06-15,2020,Unknown,10.12,oe:team:8776b7033f1bc10634e50d90f861c1d,Supernova,lineup-9e07753e380a240e,1,pair-98074e249ca42445,oe:player:74c97a5b51b2f1900328154b5a58a44,oe:player:ea9ed09584feecae0991089f087d2ce,OddOrange,APA,
NA1/3461331717,2020-06-15,2020,Unknown,10.12,oe:team:8776b7033f1bc10634e50d90f861c1d,Supernova,lineup-9e07753e380a240e,1,pair-488c7739daa8040c,oe:player:74c97a5b51b2f1900328154b5a58a44,oe:player:f57280c82d3a38f8bf412a520e33f7f,OddOrange,PCL,
NA1/3461331717,2020-06-15,2020,Unknown,10.12,oe:team:8776b7033f1bc10634e50d90f861c1d,Supernova,lineup-9e07753e380a240e,1,pair-fd2f0792262052a0,oe:player:94da1452e43ac6797e36ca8f17656ad,oe:player:a9db4155cb1d90e3e20befd63d49d4a,EvanRL,Cat 2,
NA1/3461331717,2020-06-15,2020,Unknown,10.12,oe:team:8776b7033f1bc10634e50d90f861c1d,Supernova,lineup-9e07753e380a240e,1,pair-2c92750de6aeb1ac,oe:player:94da1452e43ac6797e36ca8f17656ad,oe:player:ea9ed09584feecae0991089f087d2ce,EvanRL,APA,
NA1/3461331717,2020-06-15,2020,Unknown,10.12,oe:team:8776b7033f1bc10634e50d90f861c1d,Supernova,lineup-9e07753e380a240e,1,pair-0ff5df7a07e7f287,oe:player:94da1452e43ac6797e36ca8f17656ad,oe:player:f57280c82d3a38f8bf412a520e33f7f,EvanRL,PCL,
NA1/3461331717,2020-06-15,2020,Unknown,10.12,oe:team:8776b7033f1bc10634e50d90f861c1d,Supernova,lineup-9e07753e380a240e,1,pair-de486d7047d8b819,oe:player:a9db4155cb1d90e3e20befd63d49d4a,oe:player:ea9ed09584feecae0991089f087d2ce,Cat 2,APA,
NA1/3461331717,2020-06-15,2020,Unknown,10.12,oe:team:8776b7033f1bc10634e50d90f861c1d,Supernova,lineup-9e07753e380a240e,1,pair-709a738099d3c1d9,oe:player:a9db4155cb1d90e3e20befd63d49d4a,oe:player:f57280c82d3a38f8bf412a520e33f7f,Cat 2,PCL,
NA1/3461331717,2020-06-15,2020,Unknown,10.12,oe:team:8776b7033f1bc10634e50d90f861c1d,Supernova,lineup-9e07753e380a240e,1,pair-f47a4c05e4f250d4,oe:player:ea9ed09584feecae0991089f087d2ce,oe:player:f57280c82d3a38f8bf412a520e33f7f,APA,PCL,
NA1/3461381552,2020-06-14,2020,Unknown,10.12,oe:team:01a3132448697cecc30364f52173670,Team Fish Taco,lineup-94489e459387ed4b,0,pair-14930f2ff291b81c,oe:player:5c8ad2b8fe87d5143f0d025fd2dd98b,oe:player:7a78bf39eb58a9d2cb2190206127115,dog2,wispe,
NA1/3461381552,2020-06-14,2020,Unknown,10.12,oe:team:01a3132448697cecc30364f52173670,Team Fish Taco,lineup-94489e459387ed4b,0,pair-4cfc41561567a59b,oe:player:5c8ad2b8fe87d5143f0d025fd2dd98b,oe:player:9e4cab8a6c3041527f605caf9913072,dog2,Strompest,
NA1/3461381552,2020-06-14,2020,Unknown,10.12,oe:team:01a3132448697cecc30364f52173670,Team Fish Taco,lineup-94489e459387ed4b,0,pair-1d1eda6861c74d03,oe:player:5c8ad2b8fe87d5143f0d025fd2dd98b,oe:player:b1608dc23a218a150a431be676f3fe4,dog2,RoseThorn,
NA1/3461381552,2020-06-14,2020,Unknown,10.12,oe:team:01a3132448697cecc30364f52173670,Team Fish Taco,lineup-94489e459387ed4b,0,pair-1ee6fc31b6beab53,oe:player:5c8ad2b8fe87d5143f0d025fd2dd98b,oe:player:d7196c9311d164908b07db070a3b3f2,dog2,Mateusz,
NA1/3461381552,2020-06-14,2020,Unknown,10.12,oe:team:01a3132448697cecc30364f52173670,Team Fish Taco,lineup-94489e459387ed4b,0,pair-073fe8bafbd78627,oe:player:7a78bf39eb58a9d2cb2190206127115,oe:player:9e4cab8a6c3041527f605caf9913072,wispe,Strompest,
NA1/3461381552,2020-06-14,2020,Unknown,10.12,oe:team:01a3132448697cecc30364f52173670,Team Fish Taco,lineup-94489e459387ed4b,0,pair-7cd47a4e805f4762,oe:player:7a78bf39eb58a9d2cb2190206127115,oe:player:b1608dc23a218a150a431be676f3fe4,wispe,RoseThorn,
NA1/3461381552,2020-06-14,2020,Unknown,10.12,oe:team:01a3132448697cecc30364f52173670,Team Fish Taco,lineup-94489e459387ed4b,0,pair-7eb6f6b76d3aa02b,oe:player:7a78bf39eb58a9d2cb2190206127115,oe:player:d7196c9311d164908b07db070a3b3f2,wispe,Mateusz,
NA1/3461381552,2020-06-14,2020,Unknown,10.12,oe:team:01a3132448697cecc30364f52173670,Team Fish Taco,lineup-94489e459387ed4b,0,pair-b265d92e2952dddd,oe:player:9e4cab8a6c3041527f605caf9913072,oe:player:b1608dc23a218a150a431be676f3fe4,Strompest,RoseThorn,
NA1/3461381552,2020-06-14,2020,Unknown,10.12,oe:team:01a3132448697cecc30364f52173670,Team Fish Taco,lineup-94489e459387ed4b,0,pair-9102bd088e390022,oe:player:9e4cab8a6c3041527f605caf9913072,oe:player:d7196c9311d164908b07db070a3b3f2,Strompest,Mateusz,
NA1/3461381552,2020-06-14,2020,Unknown,10.12,oe:team:01a3132448697cecc30364f52173670,Team Fish Taco,lineup-94489e459387ed4b,0,pair-b7403b1d53ff60d7,oe:player:b1608dc23a218a150a431be676f3fe4,oe:player:d7196c9311d164908b07db070a3b3f2,RoseThorn,Mateusz,
NA1/3461381552,2020-06-14,2020,Unknown,10.12,oe:team:7e2401900a9756d56a10b66590357fe,Dark Allegiance,lineup-b3728bf2c54b4322,1,pair-f24c1c5759425d3b,oe:player:129e455643cbb5188a26c45713eef54,oe:player:4b8fa1ed371220801e5d3083359b63e,Örca,Enigma,
NA1/3461381552,2020-06-14,2020,Unknown,10.12,oe:team:7e2401900a9756d56a10b66590357fe,Dark Allegiance,lineup-b3728bf2c54b4322,1,pair-abc7a4fba15e0bb4,oe:player:129e455643cbb5188a26c45713eef54,oe:player:9f64c46e4295613bf32b57580ecda74,Örca,Swiftah,
NA1/3461381552,2020-06-14,2020,Unknown,10.12,oe:team:7e2401900a9756d56a10b66590357fe,Dark Allegiance,lineup-b3728bf2c54b4322,1,pair-d573dcdfe5655faf,oe:player:129e455643cbb5188a26c45713eef54,oe:player:e0c83c2a57ab3f97e5e5def851b8c9d,Örca,Kedeck,
NA1/3461381552,2020-06-14,2020,Unknown,10.12,oe:team:7e2401900a9756d56a10b66590357fe,Dark Allegiance,lineup-b3728bf2c54b4322,1,pair-8471be61ec1c251a,oe:player:129e455643cbb5188a26c45713eef54,oe:player:ec41c69e802a3c1cc4b81a7c25d021e,Örca,Matty,
NA1/3461381552,2020-06-14,2020,Unknown,10.12,oe:team:7e2401900a9756d56a10b66590357fe,Dark Allegiance,lineup-b3728bf2c54b4322,1,pair-7460bb7240391e41,oe:player:4b8fa1ed371220801e5d3083359b63e,oe:player:9f64c46e4295613bf32b57580ecda74,Enigma,Swiftah,
NA1/3461381552,2020-06-14,2020,Unknown,10.12,oe:team:7e2401900a9756d56a10b66590357fe,Dark Allegiance,lineup-b3728bf2c54b4322,1,pair-efa41ca31708eee8,oe:player:4b8fa1ed371220801e5d3083359b63e,oe:player:e0c83c2a57ab3f97e5e5def851b8c9d,Enigma,Kedeck,
NA1/3461381552,2020-06-14,2020,Unknown,10.12,oe:team:7e2401900a9756d56a10b66590357fe,Dark Allegiance,lineup-b3728bf2c54b4322,1,pair-771c26c236313737,oe:player:4b8fa1ed371220801e5d3083359b63e,oe:player:ec41c69e802a3c1cc4b81a7c25d021e,Enigma,Matty,
NA1/3461381552,2020-06-14,2020,Unknown,10.12,oe:team:7e2401900a9756d56a10b66590357fe,Dark Allegiance,lineup-b3728bf2c54b4322,1,pair-87d4d80bda3a6524,oe:player:9f64c46e4295613bf32b57580ecda74,oe:player:e0c83c2a57ab3f97e5e5def851b8c9d,Swiftah,Kedeck,
NA1/3461381552,2020-06-14,2020,Unknown,10.12,oe:team:7e2401900a9756d56a10b66590357fe,Dark Allegiance,lineup-b3728bf2c54b4322,1,pair-20734a0284147b72,oe:player:9f64c46e4295613bf32b57580ecda74,oe:player:ec41c69e802a3c1cc4b81a7c25d021e,Swiftah,Matty,
NA1/3461381552,2020-06-14,2020,Unknown,10.12,oe:team:7e2401900a9756d56a10b66590357fe,Dark Allegiance,lineup-b3728bf2c54b4322,1,pair-3773cf43e0f2b839,oe:player:e0c83c2a57ab3f97e5e5def851b8c9d,oe:player:ec41c69e802a3c1cc4b81a7c25d021e,Kedeck,Matty,
NA1/3461381839,2020-06-15,2020,Unknown,10.12,oe:team:01a3132448697cecc30364f52173670,Team Fish Taco,lineup-94489e459387ed4b,1,pair-14930f2ff291b81c,oe:player:5c8ad2b8fe87d5143f0d025fd2dd98b,oe:player:7a78bf39eb58a9d2cb2190206127115,dog2,wispe,
NA1/3461381839,2020-06-15,2020,Unknown,10.12,oe:team:01a3132448697cecc30364f52173670,Team Fish Taco,lineup-94489e459387ed4b,1,pair-4cfc41561567a59b,oe:player:5c8ad2b8fe87d5143f0d025fd2dd98b,oe:player:9e4cab8a6c3041527f605caf9913072,dog2,Strompest,
NA1/3461381839,2020-06-15,2020,Unknown,10.12,oe:team:01a3132448697cecc30364f52173670,Team Fish Taco,lineup-94489e459387ed4b,1,pair-1d1eda6861c74d03,oe:player:5c8ad2b8fe87d5143f0d025fd2dd98b,oe:player:b1608dc23a218a150a431be676f3fe4,dog2,RoseThorn,
NA1/3461381839,2020-06-15,2020,Unknown,10.12,oe:team:01a3132448697cecc30364f52173670,Team Fish Taco,lineup-94489e459387ed4b,1,pair-1ee6fc31b6beab53,oe:player:5c8ad2b8fe87d5143f0d025fd2dd98b,oe:player:d7196c9311d164908b07db070a3b3f2,dog2,Mateusz,
NA1/3461381839,2020-06-15,2020,Unknown,10.12,oe:team:01a3132448697cecc30364f52173670,Team Fish Taco,lineup-94489e459387ed4b,1,pair-073fe8bafbd78627,oe:player:7a78bf39eb58a9d2cb2190206127115,oe:player:9e4cab8a6c3041527f605caf9913072,wispe,Strompest,
NA1/3461381839,2020-06-15,2020,Unknown,10.12,oe:team:01a3132448697cecc30364f52173670,Team Fish Taco,lineup-94489e459387ed4b,1,pair-7cd47a4e805f4762,oe:player:7a78bf39eb58a9d2cb2190206127115,oe:player:b1608dc23a218a150a431be676f3fe4,wispe,RoseThorn,
NA1/3461381839,2020-06-15,2020,Unknown,10.12,oe:team:01a3132448697cecc30364f52173670,Team Fish Taco,lineup-94489e459387ed4b,1,pair-7eb6f6b76d3aa02b,oe:player:7a78bf39eb58a9d2cb2190206127115,oe:player:d7196c9311d164908b07db070a3b3f2,wispe,Mateusz,
NA1/3461381839,2020-06-15,2020,Unknown,10.12,oe:team:01a3132448697cecc30364f52173670,Team Fish Taco,lineup-94489e459387ed4b,1,pair-b265d92e2952dddd,oe:player:9e4cab8a6c3041527f605caf9913072,oe:player:b1608dc23a218a150a431be676f3fe4,Strompest,RoseThorn,
NA1/3461381839,2020-06-15,2020,Unknown,10.12,oe:team:01a3132448697cecc30364f52173670,Team Fish Taco,lineup-94489e459387ed4b,1,pair-9102bd088e390022,oe:player:9e4cab8a6c3041527f605caf9913072,oe:player:d7196c9311d164908b07db070a3b3f2,Strompest,Mateusz,
NA1/3461381839,2020-06-15,2020,Unknown,10.12,oe:team:01a3132448697cecc30364f52173670,Team Fish Taco,lineup-94489e459387ed4b,1,pair-b7403b1d53ff60d7,oe:player:b1608dc23a218a150a431be676f3fe4,oe:player:d7196c9311d164908b07db070a3b3f2,RoseThorn,Mateusz,
NA1/3461381839,2020-06-15,2020,Unknown,10.12,oe:team:7e2401900a9756d56a10b66590357fe,Dark Allegiance,lineup-b3728bf2c54b4322,0,pair-f24c1c5759425d3b,oe:player:129e455643cbb5188a26c45713eef54,oe:player:4b8fa1ed371220801e5d3083359b63e,Örca,Enigma,
NA1/3461381839,2020-06-15,2020,Unknown,10.12,oe:team:7e2401900a9756d56a10b66590357fe,Dark Allegiance,lineup-b3728bf2c54b4322,0,pair-abc7a4fba15e0bb4,oe:player:129e455643cbb5188a26c45713eef54,oe:player:9f64c46e4295613bf32b57580ecda74,Örca,Swiftah,
NA1/3461381839,2020-06-15,2020,Unknown,10.12,oe:team:7e2401900a9756d56a10b66590357fe,Dark Allegiance,lineup-b3728bf2c54b4322,0,pair-d573dcdfe5655faf,oe:player:129e455643cbb5188a26c45713eef54,oe:player:e0c83c2a57ab3f97e5e5def851b8c9d,Örca,Kedeck,
NA1/3461381839,2020-06-15,2020,Unknown,10.12,oe:team:7e2401900a9756d56a10b66590357fe,Dark Allegiance,lineup-b3728bf2c54b4322,0,pair-8471be61ec1c251a,oe:player:129e455643cbb5188a26c45713eef54,oe:player:ec41c69e802a3c1cc4b81a7c25d021e,Örca,Matty,
NA1/3461381839,2020-06-15,2020,Unknown,10.12,oe:team:7e2401900a9756d56a10b66590357fe,Dark Allegiance,lineup-b3728bf2c54b4322,0,pair-7460bb7240391e41,oe:player:4b8fa1ed371220801e5d3083359b63e,oe:player:9f64c46e4295613bf32b57580ecda74,Enigma,Swiftah,
NA1/3461381839,2020-06-15,2020,Unknown,10.12,oe:team:7e2401900a9756d56a10b66590357fe,Dark Allegiance,lineup-b3728bf2c54b4322,0,pair-efa41ca31708eee8,oe:player:4b8fa1ed371220801e5d3083359b63e,oe:player:e0c83c2a57ab3f97e5e5def851b8c9d,Enigma,Kedeck,
NA1/3461381839,2020-06-15,2020,Unknown,10.12,oe:team:7e2401900a9756d56a10b66590357fe,Dark Allegiance,lineup-b3728bf2c54b4322,0,pair-771c26c236313737,oe:player:4b8fa1ed371220801e5d3083359b63e,oe:player:ec41c69e802a3c1cc4b81a7c25d021e,Enigma,Matty,
NA1/3461381839,2020-06-15,2020,Unknown,10.12,oe:team:7e2401900a9756d56a10b66590357fe,Dark Allegiance,lineup-b3728bf2c54b4322,0,pair-87d4d80bda3a6524,oe:player:9f64c46e4295613bf32b57580ecda74,oe:player:e0c83c2a57ab3f97e5e5def851b8c9d,Swiftah,Kedeck,
NA1/3461381839,2020-06-15,2020,Unknown,10.12,oe:team:7e2401900a9756d56a10b66590357fe,Dark Allegiance,lineup-b3728bf2c54b4322,0,pair-20734a0284147b72,oe:player:9f64c46e4295613bf32b57580ecda74,oe:player:ec41c69e802a3c1cc4b81a7c25d021e,Swiftah,Matty,
NA1/3461381839,2020-06-15,2020,Unknown,10.12,oe:team:7e2401900a9756d56a10b66590357fe,Dark Allegiance,lineup-b3728bf2c54b4322,0,pair-3773cf43e0f2b839,oe:player:e0c83c2a57ab3f97e5e5def851b8c9d,oe:player:ec41c69e802a3c1cc4b81a7c25d021e,Kedeck,Matty,
NA1/3461382136,2020-06-15,2020,Unknown,10.12,oe:team:01a3132448697cecc30364f52173670,Team Fish Taco,lineup-94489e459387ed4b,1,pair-14930f2ff291b81c,oe:player:5c8ad2b8fe87d5143f0d025fd2dd98b,oe:player:7a78bf39eb58a9d2cb2190206127115,dog2,wispe,
NA1/3461382136,2020-06-15,2020,Unknown,10.12,oe:team:01a3132448697cecc30364f52173670,Team Fish Taco,lineup-94489e459387ed4b,1,pair-4cfc41561567a59b,oe:player:5c8ad2b8fe87d5143f0d025fd2dd98b,oe:player:9e4cab8a6c3041527f605caf9913072,dog2,Strompest,
NA1/3461382136,2020-06-15,2020,Unknown,10.12,oe:team:01a3132448697cecc30364f52173670,Team Fish Taco,lineup-94489e459387ed4b,1,pair-1d1eda6861c74d03,oe:player:5c8ad2b8fe87d5143f0d025fd2dd98b,oe:player:b1608dc23a218a150a431be676f3fe4,dog2,RoseThorn,
NA1/3461382136,2020-06-15,2020,Unknown,10.12,oe:team:01a3132448697cecc30364f52173670,Team Fish Taco,lineup-94489e459387ed4b,1,pair-1ee6fc31b6beab53,oe:player:5c8ad2b8fe87d5143f0d025fd2dd98b,oe:player:d7196c9311d164908b07db070a3b3f2,dog2,Mateusz,
NA1/3461382136,2020-06-15,2020,Unknown,10.12,oe:team:01a3132448697cecc30364f52173670,Team Fish Taco,lineup-94489e459387ed4b,1,pair-073fe8bafbd78627,oe:player:7a78bf39eb58a9d2cb2190206127115,oe:player:9e4cab8a6c3041527f605caf9913072,wispe,Strompest,
NA1/3461382136,2020-06-15,2020,Unknown,10.12,oe:team:01a3132448697cecc30364f52173670,Team Fish Taco,lineup-94489e459387ed4b,1,pair-7cd47a4e805f4762,oe:player:7a78bf39eb58a9d2cb2190206127115,oe:player:b1608dc23a218a150a431be676f3fe4,wispe,RoseThorn,
NA1/3461382136,2020-06-15,2020,Unknown,10.12,oe:team:01a3132448697cecc30364f52173670,Team Fish Taco,lineup-94489e459387ed4b,1,pair-7eb6f6b76d3aa02b,oe:player:7a78bf39eb58a9d2cb2190206127115,oe:player:d7196c9311d164908b07db070a3b3f2,wispe,Mateusz,
NA1/3461382136,2020-06-15,2020,Unknown,10.12,oe:team:01a3132448697cecc30364f52173670,Team Fish Taco,lineup-94489e459387ed4b,1,pair-b265d92e2952dddd,oe:player:9e4cab8a6c3041527f605caf9913072,oe:player:b1608dc23a218a150a431be676f3fe4,Strompest,RoseThorn,
NA1/3461382136,2020-06-15,2020,Unknown,10.12,oe:team:01a3132448697cecc30364f52173670,Team Fish Taco,lineup-94489e459387ed4b,1,pair-9102bd088e390022,oe:player:9e4cab8a6c3041527f605caf9913072,oe:player:d7196c9311d164908b07db070a3b3f2,Strompest,Mateusz,
NA1/3461382136,2020-06-15,2020,Unknown,10.12,oe:team:01a3132448697cecc30364f52173670,Team Fish Taco,lineup-94489e459387ed4b,1,pair-b7403b1d53ff60d7,oe:player:b1608dc23a218a150a431be676f3fe4,oe:player:d7196c9311d164908b07db070a3b3f2,RoseThorn,Mateusz,
NA1/3461382136,2020-06-15,2020,Unknown,10.12,oe:team:7e2401900a9756d56a10b66590357fe,Dark Allegiance,lineup-b3728bf2c54b4322,0,pair-f24c1c5759425d3b,oe:player:129e455643cbb5188a26c45713eef54,oe:player:4b8fa1ed371220801e5d3083359b63e,Örca,Enigma,
NA1/3461382136,2020-06-15,2020,Unknown,10.12,oe:team:7e2401900a9756d56a10b66590357fe,Dark Allegiance,lineup-b3728bf2c54b4322,0,pair-abc7a4fba15e0bb4,oe:player:129e455643cbb5188a26c45713eef54,oe:player:9f64c46e4295613bf32b57580ecda74,Örca,Swiftah,
NA1/3461382136,2020-06-15,2020,Unknown,10.12,oe:team:7e2401900a9756d56a10b66590357fe,Dark Allegiance,lineup-b3728bf2c54b4322,0,pair-d573dcdfe5655faf,oe:player:129e455643cbb5188a26c45713eef54,oe:player:e0c83c2a57ab3f97e5e5def851b8c9d,Örca,Kedeck,
NA1/3461382136,2020-06-15,2020,Unknown,10.12,oe:team:7e2401900a9756d56a10b66590357fe,Dark Allegiance,lineup-b3728bf2c54b4322,0,pair-8471be61ec1c251a,oe:player:129e455643cbb5188a26c45713eef54,oe:player:ec41c69e802a3c1cc4b81a7c25d021e,Örca,Matty,
NA1/3461382136,2020-06-15,2020,Unknown,10.12,oe:team:7e2401900a9756d56a10b66590357fe,Dark Allegiance,lineup-b3728bf2c54b4322,0,pair-7460bb7240391e41,oe:player:4b8fa1ed371220801e5d3083359b63e,oe:player:9f64c46e4295613bf32b57580ecda74,Enigma,Swiftah,
NA1/3461382136,2020-06-15,2020,Unknown,10.12,oe:team:7e2401900a9756d56a10b66590357fe,Dark Allegiance,lineup-b3728bf2c54b4322,0,pair-efa41ca31708eee8,oe:player:4b8fa1ed371220801e5d3083359b63e,oe:player:e0c83c2a57ab3f97e5e5def851b8c9d,Enigma,Kedeck,
NA1/3461382136,2020-06-15,2020,Unknown,10.12,oe:team:7e2401900a9756d56a10b66590357fe,Dark Allegiance,lineup-b3728bf2c54b4322,0,pair-771c26c236313737,oe:player:4b8fa1ed371220801e5d3083359b63e,oe:player:ec41c69e802a3c1cc4b81a7c25d021e,Enigma,Matty,
NA1/3461382136,2020-06-15,2020,Unknown,10.12,oe:team:7e2401900a9756d56a10b66590357fe,Dark Allegiance,lineup-b3728bf2c54b4322,0,pair-87d4d80bda3a6524,oe:player:9f64c46e4295613bf32b57580ecda74,oe:player:e0c83c2a57ab3f97e5e5def851b8c9d,Swiftah,Kedeck,
NA1/3461382136,2020-06-15,2020,Unknown,10.12,oe:team:7e2401900a9756d56a10b66590357fe,Dark Allegiance,lineup-b3728bf2c54b4322,0,pair-20734a0284147b72,oe:player:9f64c46e4295613bf32b57580ecda74,oe:player:ec41c69e802a3c1cc4b81a7c25d021e,Swiftah,Matty,
NA1/3461382136,2020-06-15,2020,Unknown,10.12,oe:team:7e2401900a9756d56a10b66590357fe,Dark Allegiance,lineup-b3728bf2c54b4322,0,pair-3773cf43e0f2b839,oe:player:e0c83c2a57ab3f97e5e5def851b8c9d,oe:player:ec41c69e802a3c1cc4b81a7c25d021e,Kedeck,Matty,
NA1/3461431175,2020-06-14,2020,Unknown,10.12,oe:team:955d9ba35580bdcc7bed3f11736b0f7,Radiance,lineup-6ee7665bdc3b33d7,0,pair-ac630bc77f2f5bc0,oe:player:3f87e25690ea3bdeb998259fb45445c,oe:player:580f08754dbf1bc64145f212ed0170b,Engo,Cao,
NA1/3461431175,2020-06-14,2020,Unknown,10.12,oe:team:955d9ba35580bdcc7bed3f11736b0f7,Radiance,lineup-6ee7665bdc3b33d7,0,pair-9b58251b56a315dd,oe:player:3f87e25690ea3bdeb998259fb45445c,oe:player:75614c3fca429c06226ca2518abb73a,Engo,Avi,
NA1/3461431175,2020-06-14,2020,Unknown,10.12,oe:team:955d9ba35580bdcc7bed3f11736b0f7,Radiance,lineup-6ee7665bdc3b33d7,0,pair-d0a9c1dccd0f0b50,oe:player:3f87e25690ea3bdeb998259fb45445c,oe:player:aa7b13aaac8ab04283ce9626c6399d0,Engo,Young,
NA1/3461431175,2020-06-14,2020,Unknown,10.12,oe:team:955d9ba35580bdcc7bed3f11736b0f7,Radiance,lineup-6ee7665bdc3b33d7,0,pair-19c130abeb08e7d8,oe:player:3f87e25690ea3bdeb998259fb45445c,oe:player:f38b290539da4d4463b98ec1a3d2194,Engo,AndyBendy,
NA1/3461431175,2020-06-14,2020,Unknown,10.12,oe:team:955d9ba35580bdcc7bed3f11736b0f7,Radiance,lineup-6ee7665bdc3b33d7,0,pair-2b600efa94d21c81,oe:player:580f08754dbf1bc64145f212ed0170b,oe:player:75614c3fca429c06226ca2518abb73a,Cao,Avi,
NA1/3461431175,2020-06-14,2020,Unknown,10.12,oe:team:955d9ba35580bdcc7bed3f11736b0f7,Radiance,lineup-6ee7665bdc3b33d7,0,pair-678c078694bbc44c,oe:player:580f08754dbf1bc64145f212ed0170b,oe:player:aa7b13aaac8ab04283ce9626c6399d0,Cao,Young,
NA1/3461431175,2020-06-14,2020,Unknown,10.12,oe:team:955d9ba35580bdcc7bed3f11736b0f7,Radiance,lineup-6ee7665bdc3b33d7,0,pair-a78cba1f897e4510,oe:player:580f08754dbf1bc64145f212ed0170b,oe:player:f38b290539da4d4463b98ec1a3d2194,Cao,AndyBendy,
NA1/3461431175,2020-06-14,2020,Unknown,10.12,oe:team:955d9ba35580bdcc7bed3f11736b0f7,Radiance,lineup-6ee7665bdc3b33d7,0,pair-768b1c9dc14b04bc,oe:player:75614c3fca429c06226ca2518abb73a,oe:player:aa7b13aaac8ab04283ce9626c6399d0,Avi,Young,
NA1/3461431175,2020-06-14,2020,Unknown,10.12,oe:team:955d9ba35580bdcc7bed3f11736b0f7,Radiance,lineup-6ee7665bdc3b33d7,0,pair-a8a71dc159a65805,oe:player:75614c3fca429c06226ca2518abb73a,oe:player:f38b290539da4d4463b98ec1a3d2194,Avi,AndyBendy,
NA1/3461431175,2020-06-14,2020,Unknown,10.12,oe:team:955d9ba35580bdcc7bed3f11736b0f7,Radiance,lineup-6ee7665bdc3b33d7,0,pair-7498026bdb707d97,oe:player:aa7b13aaac8ab04283ce9626c6399d0,oe:player:f38b290539da4d4463b98ec1a3d2194,Young,AndyBendy,
NA1/3461431175,2020-06-14,2020,Unknown,10.12,oe:team:cb88ee3c195b2c7056830437a1f1565,Mirage Sport Électronique,lineup-5f46512bef7bc500,1,pair-f927a6d77928513b,oe:player:046795fa30debe19eafd497dba544e3,oe:player:1c275bedd474301abb6a402792d0731,Instinct,RobbyBob,
NA1/3461431175,2020-06-14,2020,Unknown,10.12,oe:team:cb88ee3c195b2c7056830437a1f1565,Mirage Sport Électronique,lineup-5f46512bef7bc500,1,pair-ed5613c55cc0261c,oe:player:046795fa30debe19eafd497dba544e3,oe:player:89a68bddd0541e0f26fc044c711eb92,Instinct,Tony Top,
NA1/3461431175,2020-06-14,2020,Unknown,10.12,oe:team:cb88ee3c195b2c7056830437a1f1565,Mirage Sport Électronique,lineup-5f46512bef7bc500,1,pair-6bf3a15db52ed1d6,oe:player:046795fa30debe19eafd497dba544e3,oe:player:c9fe742896cf95349db15b35ec262e1,Instinct,Mist,
NA1/3461431175,2020-06-14,2020,Unknown,10.12,oe:team:cb88ee3c195b2c7056830437a1f1565,Mirage Sport Électronique,lineup-5f46512bef7bc500,1,pair-b9b0d935286b0bb9,oe:player:046795fa30debe19eafd497dba544e3,oe:player:dfabf6008e5be18683d654b25534d03,Instinct,Hyami,
NA1/3461431175,2020-06-14,2020,Unknown,10.12,oe:team:cb88ee3c195b2c7056830437a1f1565,Mirage Sport Électronique,lineup-5f46512bef7bc500,1,pair-83ecace85deec332,oe:player:1c275bedd474301abb6a402792d0731,oe:player:89a68bddd0541e0f26fc044c711eb92,RobbyBob,Tony Top,
NA1/3461431175,2020-06-14,2020,Unknown,10.12,oe:team:cb88ee3c195b2c7056830437a1f1565,Mirage Sport Électronique,lineup-5f46512bef7bc500,1,pair-f48f15d0139d970a,oe:player:1c275bedd474301abb6a402792d0731,oe:player:c9fe742896cf95349db15b35ec262e1,RobbyBob,Mist,
NA1/3461431175,2020-06-14,2020,Unknown,10.12,oe:team:cb88ee3c195b2c7056830437a1f1565,Mirage Sport Électronique,lineup-5f46512bef7bc500,1,pair-c2d651e0a7891b1b,oe:player:1c275bedd474301abb6a402792d0731,oe:player:dfabf6008e5be18683d654b25534d03,RobbyBob,Hyami,
NA1/3461431175,2020-06-14,2020,Unknown,10.12,oe:team:cb88ee3c195b2c7056830437a1f1565,Mirage Sport Électronique,lineup-5f46512bef7bc500,1,pair-40098d9017dd9c11,oe:player:89a68bddd0541e0f26fc044c711eb92,oe:player:c9fe742896cf95349db15b35ec262e1,Tony Top,Mist,
NA1/3461431175,2020-06-14,2020,Unknown,10.12,oe:team:cb88ee3c195b2c7056830437a1f1565,Mirage Sport Électronique,lineup-5f46512bef7bc500,1,pair-8eebfe70317de9fe,oe:player:89a68bddd0541e0f26fc044c711eb92,oe:player:dfabf6008e5be18683d654b25534d03,Tony Top,Hyami,
NA1/3461431175,2020-06-14,2020,Unknown,10.12,oe:team:cb88ee3c195b2c7056830437a1f1565,Mirage Sport Électronique,lineup-5f46512bef7bc500,1,pair-771784b4cd34b3bd,oe:player:c9fe742896cf95349db15b35ec262e1,oe:player:dfabf6008e5be18683d654b25534d03,Mist,Hyami,
NA1/3461500207,2020-06-14,2020,Unknown,10.12,oe:team:2360b31c1628a21ddd778891dabac91,Dark Matter,lineup-4525a12f46310d2b,1,pair-6b8a790de5ed19e1,oe:player:73221fb5f399e4d6e1967fd2409db8d,oe:player:78c048012bab5e09a863c4754baa274,Firetheft,Zile,
NA1/3461500207,2020-06-14,2020,Unknown,10.12,oe:team:2360b31c1628a21ddd778891dabac91,Dark Matter,lineup-4525a12f46310d2b,1,pair-d5928fabac13240c,oe:player:73221fb5f399e4d6e1967fd2409db8d,oe:player:9d725c685255624f25159a3493f0c5e,Firetheft,Saint Daniel,
NA1/3461500207,2020-06-14,2020,Unknown,10.12,oe:team:2360b31c1628a21ddd778891dabac91,Dark Matter,lineup-4525a12f46310d2b,1,pair-2496db6130aa37d2,oe:player:73221fb5f399e4d6e1967fd2409db8d,oe:player:b415fb792209708ad6921cca2e73aff,Firetheft,Spirax,
NA1/3461500207,2020-06-14,2020,Unknown,10.12,oe:team:2360b31c1628a21ddd778891dabac91,Dark Matter,lineup-4525a12f46310d2b,1,pair-b1f4681db45dc9af,oe:player:73221fb5f399e4d6e1967fd2409db8d,oe:player:b4d68660c4a56181cd886fe5ecc08f7,Firetheft,Spider,
NA1/3461500207,2020-06-14,2020,Unknown,10.12,oe:team:2360b31c1628a21ddd778891dabac91,Dark Matter,lineup-4525a12f46310d2b,1,pair-b2f881bb09d09403,oe:player:78c048012bab5e09a863c4754baa274,oe:player:9d725c685255624f25159a3493f0c5e,Zile,Saint Daniel,
NA1/3461500207,2020-06-14,2020,Unknown,10.12,oe:team:2360b31c1628a21ddd778891dabac91,Dark Matter,lineup-4525a12f46310d2b,1,pair-d0b8c376c9a85cde,oe:player:78c048012bab5e09a863c4754baa274,oe:player:b415fb792209708ad6921cca2e73aff,Zile,Spirax,
NA1/3461500207,2020-06-14,2020,Unknown,10.12,oe:team:2360b31c1628a21ddd778891dabac91,Dark Matter,lineup-4525a12f46310d2b,1,pair-b90523fcc8fc13c1,oe:player:78c048012bab5e09a863c4754baa274,oe:player:b4d68660c4a56181cd886fe5ecc08f7,Zile,Spider,
NA1/3461500207,2020-06-14,2020,Unknown,10.12,oe:team:2360b31c1628a21ddd778891dabac91,Dark Matter,lineup-4525a12f46310d2b,1,pair-740c3419df79f56f,oe:player:9d725c685255624f25159a3493f0c5e,oe:player:b415fb792209708ad6921cca2e73aff,Saint Daniel,Spirax,
NA1/3461500207,2020-06-14,2020,Unknown,10.12,oe:team:2360b31c1628a21ddd778891dabac91,Dark Matter,lineup-4525a12f46310d2b,1,pair-dd11417e52ccee72,oe:player:9d725c685255624f25159a3493f0c5e,oe:player:b4d68660c4a56181cd886fe5ecc08f7,Saint Daniel,Spider,
NA1/3461500207,2020-06-14,2020,Unknown,10.12,oe:team:2360b31c1628a21ddd778891dabac91,Dark Matter,lineup-4525a12f46310d2b,1,pair-260221513ea90765,oe:player:b415fb792209708ad6921cca2e73aff,oe:player:b4d68660c4a56181cd886fe5ecc08f7,Spirax,Spider,
NA1/3461500207,2020-06-14,2020,Unknown,10.12,oe:team:72dbb628b62f86001cfab61bc031f76,Slaughter House,lineup-5f5812500d58ae85,0,pair-cb272266dc5f6060,oe:player:5313666816f00d125f1aeeb06f4fbfb,oe:player:54f2c73f2b78b0dd2c9360439e94228,KingGeorgie,Slapper,
NA1/3461500207,2020-06-14,2020,Unknown,10.12,oe:team:72dbb628b62f86001cfab61bc031f76,Slaughter House,lineup-5f5812500d58ae85,0,pair-580da83e98be1b2f,oe:player:5313666816f00d125f1aeeb06f4fbfb,oe:player:6964d7e227c06511a62d8954f58d542,KingGeorgie,A 5,
NA1/3461500207,2020-06-14,2020,Unknown,10.12,oe:team:72dbb628b62f86001cfab61bc031f76,Slaughter House,lineup-5f5812500d58ae85,0,pair-a9c2a64471ebacf4,oe:player:5313666816f00d125f1aeeb06f4fbfb,oe:player:ac101b32dda4448cf13a93fe283dddd,KingGeorgie,Body,
NA1/3461500207,2020-06-14,2020,Unknown,10.12,oe:team:72dbb628b62f86001cfab61bc031f76,Slaughter House,lineup-5f5812500d58ae85,0,pair-e8c9ab766b7872ba,oe:player:5313666816f00d125f1aeeb06f4fbfb,oe:player:d778769103b62e1222414cd182c4e25,KingGeorgie,Chookies,
NA1/3461500207,2020-06-14,2020,Unknown,10.12,oe:team:72dbb628b62f86001cfab61bc031f76,Slaughter House,lineup-5f5812500d58ae85,0,pair-73de8438c20a7fc1,oe:player:54f2c73f2b78b0dd2c9360439e94228,oe:player:6964d7e227c06511a62d8954f58d542,Slapper,A 5,
NA1/3461500207,2020-06-14,2020,Unknown,10.12,oe:team:72dbb628b62f86001cfab61bc031f76,Slaughter House,lineup-5f5812500d58ae85,0,pair-da1bbbfd7954fc82,oe:player:54f2c73f2b78b0dd2c9360439e94228,oe:player:ac101b32dda4448cf13a93fe283dddd,Slapper,Body,
NA1/3461500207,2020-06-14,2020,Unknown,10.12,oe:team:72dbb628b62f86001cfab61bc031f76,Slaughter House,lineup-5f5812500d58ae85,0,pair-da9541cac4951758,oe:player:54f2c73f2b78b0dd2c9360439e94228,oe:player:d778769103b62e1222414cd182c4e25,Slapper,Chookies,
NA1/3461500207,2020-06-14,2020,Unknown,10.12,oe:team:72dbb628b62f86001cfab61bc031f76,Slaughter House,lineup-5f5812500d58ae85,0,pair-f3b98806d5a817c1,oe:player:6964d7e227c06511a62d8954f58d542,oe:player:ac101b32dda4448cf13a93fe283dddd,A 5,Body,
NA1/3461500207,2020-06-14,2020,Unknown,10.12,oe:team:72dbb628b62f86001cfab61bc031f76,Slaughter House,lineup-5f5812500d58ae85,0,pair-dfac3e6033d23453,oe:player:6964d7e227c06511a62d8954f58d542,oe:player:d778769103b62e1222414cd182c4e25,A 5,Chookies,
NA1/3461500207,2020-06-14,2020,Unknown,10.12,oe:team:72dbb628b62f86001cfab61bc031f76,Slaughter House,lineup-5f5812500d58ae85,0,pair-5dee0220c24511d3,oe:player:ac101b32dda4448cf13a93fe283dddd,oe:player:d778769103b62e1222414cd182c4e25,Body,Chookies,
NA1/3461500352,2020-06-14,2020,Unknown,10.12,oe:team:2360b31c1628a21ddd778891dabac91,Dark Matter,lineup-4525a12f46310d2b,1,pair-6b8a790de5ed19e1,oe:player:73221fb5f399e4d6e1967fd2409db8d,oe:player:78c048012bab5e09a863c4754baa274,Firetheft,Zile,
NA1/3461500352,2020-06-14,2020,Unknown,10.12,oe:team:2360b31c1628a21ddd778891dabac91,Dark Matter,lineup-4525a12f46310d2b,1,pair-d5928fabac13240c,oe:player:73221fb5f399e4d6e1967fd2409db8d,oe:player:9d725c685255624f25159a3493f0c5e,Firetheft,Saint Daniel,
NA1/3461500352,2020-06-14,2020,Unknown,10.12,oe:team:2360b31c1628a21ddd778891dabac91,Dark Matter,lineup-4525a12f46310d2b,1,pair-2496db6130aa37d2,oe:player:73221fb5f399e4d6e1967fd2409db8d,oe:player:b415fb792209708ad6921cca2e73aff,Firetheft,Spirax,
NA1/3461500352,2020-06-14,2020,Unknown,10.12,oe:team:2360b31c1628a21ddd778891dabac91,Dark Matter,lineup-4525a12f46310d2b,1,pair-b1f4681db45dc9af,oe:player:73221fb5f399e4d6e1967fd2409db8d,oe:player:b4d68660c4a56181cd886fe5ecc08f7,Firetheft,Spider,
NA1/3461500352,2020-06-14,2020,Unknown,10.12,oe:team:2360b31c1628a21ddd778891dabac91,Dark Matter,lineup-4525a12f46310d2b,1,pair-b2f881bb09d09403,oe:player:78c048012bab5e09a863c4754baa274,oe:player:9d725c685255624f25159a3493f0c5e,Zile,Saint Daniel,
NA1/3461500352,2020-06-14,2020,Unknown,10.12,oe:team:2360b31c1628a21ddd778891dabac91,Dark Matter,lineup-4525a12f46310d2b,1,pair-d0b8c376c9a85cde,oe:player:78c048012bab5e09a863c4754baa274,oe:player:b415fb792209708ad6921cca2e73aff,Zile,Spirax,
NA1/3461500352,2020-06-14,2020,Unknown,10.12,oe:team:2360b31c1628a21ddd778891dabac91,Dark Matter,lineup-4525a12f46310d2b,1,pair-b90523fcc8fc13c1,oe:player:78c048012bab5e09a863c4754baa274,oe:player:b4d68660c4a56181cd886fe5ecc08f7,Zile,Spider,
NA1/3461500352,2020-06-14,2020,Unknown,10.12,oe:team:2360b31c1628a21ddd778891dabac91,Dark Matter,lineup-4525a12f46310d2b,1,pair-740c3419df79f56f,oe:player:9d725c685255624f25159a3493f0c5e,oe:player:b415fb792209708ad6921cca2e73aff,Saint Daniel,Spirax,
NA1/3461500352,2020-06-14,2020,Unknown,10.12,oe:team:2360b31c1628a21ddd778891dabac91,Dark Matter,lineup-4525a12f46310d2b,1,pair-dd11417e52ccee72,oe:player:9d725c685255624f25159a3493f0c5e,oe:player:b4d68660c4a56181cd886fe5ecc08f7,Saint Daniel,Spider,
NA1/3461500352,2020-06-14,2020,Unknown,10.12,oe:team:2360b31c1628a21ddd778891dabac91,Dark Matter,lineup-4525a12f46310d2b,1,pair-260221513ea90765,oe:player:b415fb792209708ad6921cca2e73aff,oe:player:b4d68660c4a56181cd886fe5ecc08f7,Spirax,Spider,
NA1/3461500352,2020-06-14,2020,Unknown,10.12,oe:team:72dbb628b62f86001cfab61bc031f76,Slaughter House,lineup-5f5812500d58ae85,0,pair-cb272266dc5f6060,oe:player:5313666816f00d125f1aeeb06f4fbfb,oe:player:54f2c73f2b78b0dd2c9360439e94228,KingGeorgie,Slapper,
NA1/3461500352,2020-06-14,2020,Unknown,10.12,oe:team:72dbb628b62f86001cfab61bc031f76,Slaughter House,lineup-5f5812500d58ae85,0,pair-580da83e98be1b2f,oe:player:5313666816f00d125f1aeeb06f4fbfb,oe:player:6964d7e227c06511a62d8954f58d542,KingGeorgie,A 5,
NA1/3461500352,2020-06-14,2020,Unknown,10.12,oe:team:72dbb628b62f86001cfab61bc031f76,Slaughter House,lineup-5f5812500d58ae85,0,pair-a9c2a64471ebacf4,oe:player:5313666816f00d125f1aeeb06f4fbfb,oe:player:ac101b32dda4448cf13a93fe283dddd,KingGeorgie,Body,
NA1/3461500352,2020-06-14,2020,Unknown,10.12,oe:team:72dbb628b62f86001cfab61bc031f76,Slaughter House,lineup-5f5812500d58ae85,0,pair-e8c9ab766b7872ba,oe:player:5313666816f00d125f1aeeb06f4fbfb,oe:player:d778769103b62e1222414cd182c4e25,KingGeorgie,Chookies,
NA1/3461500352,2020-06-14,2020,Unknown,10.12,oe:team:72dbb628b62f86001cfab61bc031f76,Slaughter House,lineup-5f5812500d58ae85,0,pair-73de8438c20a7fc1,oe:player:54f2c73f2b78b0dd2c9360439e94228,oe:player:6964d7e227c06511a62d8954f58d542,Slapper,A 5,
NA1/3461500352,2020-06-14,2020,Unknown,10.12,oe:team:72dbb628b62f86001cfab61bc031f76,Slaughter House,lineup-5f5812500d58ae85,0,pair-da1bbbfd7954fc82,oe:player:54f2c73f2b78b0dd2c9360439e94228,oe:player:ac101b32dda4448cf13a93fe283dddd,Slapper,Body,
NA1/3461500352,2020-06-14,2020,Unknown,10.12,oe:team:72dbb628b62f86001cfab61bc031f76,Slaughter House,lineup-5f5812500d58ae85,0,pair-da9541cac4951758,oe:player:54f2c73f2b78b0dd2c9360439e94228,oe:player:d778769103b62e1222414cd182c4e25,Slapper,Chookies,
NA1/3461500352,2020-06-14,2020,Unknown,10.12,oe:team:72dbb628b62f86001cfab61bc031f76,Slaughter House,lineup-5f5812500d58ae85,0,pair-f3b98806d5a817c1,oe:player:6964d7e227c06511a62d8954f58d542,oe:player:ac101b32dda4448cf13a93fe283dddd,A 5,Body,
NA1/3461500352,2020-06-14,2020,Unknown,10.12,oe:team:72dbb628b62f86001cfab61bc031f76,Slaughter House,lineup-5f5812500d58ae85,0,pair-dfac3e6033d23453,oe:player:6964d7e227c06511a62d8954f58d542,oe:player:d778769103b62e1222414cd182c4e25,A 5,Chookies,
NA1/3461500352,2020-06-14,2020,Unknown,10.12,oe:team:72dbb628b62f86001cfab61bc031f76,Slaughter House,lineup-5f5812500d58ae85,0,pair-5dee0220c24511d3,oe:player:ac101b32dda4448cf13a93fe283dddd,oe:player:d778769103b62e1222414cd182c4e25,Body,Chookies,
NA1/3461530971,2020-06-14,2020,Unknown,10.12,oe:team:02008dfb4feddaf6583dd7116eb5180,Life Support,lineup-2fcdaac79ff1d8eb,0,pair-d300ac1ce09f43da,oe:player:07d1c57ec273126c65dbd1197abdb47,oe:player:0e8c08918017e086c42a9a250969768,Pockus,Jozy,
NA1/3461530971,2020-06-14,2020,Unknown,10.12,oe:team:02008dfb4feddaf6583dd7116eb5180,Life Support,lineup-2fcdaac79ff1d8eb,0,pair-d0681bce1af7eae1,oe:player:07d1c57ec273126c65dbd1197abdb47,oe:player:713fae3c1b605df4ee976c6188182a1,Pockus,Wixxi,
NA1/3461530971,2020-06-14,2020,Unknown,10.12,oe:team:02008dfb4feddaf6583dd7116eb5180,Life Support,lineup-2fcdaac79ff1d8eb,0,pair-2f9c119099a46c18,oe:player:07d1c57ec273126c65dbd1197abdb47,oe:player:9d95ffae6b6e2edc80544e854c6ee1b,Pockus,CJ,
NA1/3461530971,2020-06-14,2020,Unknown,10.12,oe:team:02008dfb4feddaf6583dd7116eb5180,Life Support,lineup-2fcdaac79ff1d8eb,0,pair-fcae5aa8aeac784e,oe:player:07d1c57ec273126c65dbd1197abdb47,oe:player:df4f91120caa080682bf595c5f7f2d3,Pockus,CptShrimps,
NA1/3461530971,2020-06-14,2020,Unknown,10.12,oe:team:02008dfb4feddaf6583dd7116eb5180,Life Support,lineup-2fcdaac79ff1d8eb,0,pair-20a86d5788894986,oe:player:0e8c08918017e086c42a9a250969768,oe:player:713fae3c1b605df4ee976c6188182a1,Jozy,Wixxi,
NA1/3461530971,2020-06-14,2020,Unknown,10.12,oe:team:02008dfb4feddaf6583dd7116eb5180,Life Support,lineup-2fcdaac79ff1d8eb,0,pair-c91f50bb451d9bf3,oe:player:0e8c08918017e086c42a9a250969768,oe:player:9d95ffae6b6e2edc80544e854c6ee1b,Jozy,CJ,
NA1/3461530971,2020-06-14,2020,Unknown,10.12,oe:team:02008dfb4feddaf6583dd7116eb5180,Life Support,lineup-2fcdaac79ff1d8eb,0,pair-18e9e0fc20df46d6,oe:player:0e8c08918017e086c42a9a250969768,oe:player:df4f91120caa080682bf595c5f7f2d3,Jozy,CptShrimps,
NA1/3461530971,2020-06-14,2020,Unknown,10.12,oe:team:02008dfb4feddaf6583dd7116eb5180,Life Support,lineup-2fcdaac79ff1d8eb,0,pair-aa0a63ac6c5e5332,oe:player:713fae3c1b605df4ee976c6188182a1,oe:player:9d95ffae6b6e2edc80544e854c6ee1b,Wixxi,CJ,
NA1/3461530971,2020-06-14,2020,Unknown,10.12,oe:team:02008dfb4feddaf6583dd7116eb5180,Life Support,lineup-2fcdaac79ff1d8eb,0,pair-b05bfcd89f9046c0,oe:player:713fae3c1b605df4ee976c6188182a1,oe:player:df4f91120caa080682bf595c5f7f2d3,Wixxi,CptShrimps,
NA1/3461530971,2020-06-14,2020,Unknown,10.12,oe:team:02008dfb4feddaf6583dd7116eb5180,Life Support,lineup-2fcdaac79ff1d8eb,0,pair-a478c5332d101c2e,oe:player:9d95ffae6b6e2edc80544e854c6ee1b,oe:player:df4f91120caa080682bf595c5f7f2d3,CJ,CptShrimps,
NA1/3461530971,2020-06-14,2020,Unknown,10.12,oe:team:8776b7033f1bc10634e50d90f861c1d,Supernova,lineup-9e07753e380a240e,1,pair-50083fce2d78ff42,oe:player:74c97a5b51b2f1900328154b5a58a44,oe:player:94da1452e43ac6797e36ca8f17656ad,OddOrange,EvanRL,
NA1/3461530971,2020-06-14,2020,Unknown,10.12,oe:team:8776b7033f1bc10634e50d90f861c1d,Supernova,lineup-9e07753e380a240e,1,pair-82df4269bf250296,oe:player:74c97a5b51b2f1900328154b5a58a44,oe:player:a9db4155cb1d90e3e20befd63d49d4a,OddOrange,Cat 2,
NA1/3461530971,2020-06-14,2020,Unknown,10.12,oe:team:8776b7033f1bc10634e50d90f861c1d,Supernova,lineup-9e07753e380a240e,1,pair-98074e249ca42445,oe:player:74c97a5b51b2f1900328154b5a58a44,oe:player:ea9ed09584feecae0991089f087d2ce,OddOrange,APA,
NA1/3461530971,2020-06-14,2020,Unknown,10.12,oe:team:8776b7033f1bc10634e50d90f861c1d,Supernova,lineup-9e07753e380a240e,1,pair-488c7739daa8040c,oe:player:74c97a5b51b2f1900328154b5a58a44,oe:player:f57280c82d3a38f8bf412a520e33f7f,OddOrange,PCL,
NA1/3461530971,2020-06-14,2020,Unknown,10.12,oe:team:8776b7033f1bc10634e50d90f861c1d,Supernova,lineup-9e07753e380a240e,1,pair-fd2f0792262052a0,oe:player:94da1452e43ac6797e36ca8f17656ad,oe:player:a9db4155cb1d90e3e20befd63d49d4a,EvanRL,Cat 2,
NA1/3461530971,2020-06-14,2020,Unknown,10.12,oe:team:8776b7033f1bc10634e50d90f861c1d,Supernova,lineup-9e07753e380a240e,1,pair-2c92750de6aeb1ac,oe:player:94da1452e43ac6797e36ca8f17656ad,oe:player:ea9ed09584feecae0991089f087d2ce,EvanRL,APA,
NA1/3461530971,2020-06-14,2020,Unknown,10.12,oe:team:8776b7033f1bc10634e50d90f861c1d,Supernova,lineup-9e07753e380a240e,1,pair-0ff5df7a07e7f287,oe:player:94da1452e43ac6797e36ca8f17656ad,oe:player:f57280c82d3a38f8bf412a520e33f7f,EvanRL,PCL,
NA1/3461530971,2020-06-14,2020,Unknown,10.12,oe:team:8776b7033f1bc10634e50d90f861c1d,Supernova,lineup-9e07753e380a240e,1,pair-de486d7047d8b819,oe:player:a9db4155cb1d90e3e20befd63d49d4a,oe:player:ea9ed09584feecae0991089f087d2ce,Cat 2,APA,
NA1/3461530971,2020-06-14,2020,Unknown,10.12,oe:team:8776b7033f1bc10634e50d90f861c1d,Supernova,lineup-9e07753e380a240e,1,pair-709a738099d3c1d9,oe:player:a9db4155cb1d90e3e20befd63d49d4a,oe:player:f57280c82d3a38f8bf412a520e33f7f,Cat 2,PCL,
NA1/3461530971,2020-06-14,2020,Unknown,10.12,oe:team:8776b7033f1bc10634e50d90f861c1d,Supernova,lineup-9e07753e380a240e,1,pair-f47a4c05e4f250d4,oe:player:ea9ed09584feecae0991089f087d2ce,oe:player:f57280c82d3a38f8bf412a520e33f7f,APA,PCL,
NA1/3461571279,2020-06-15,2020,Unknown,10.12,oe:team:955d9ba35580bdcc7bed3f11736b0f7,Radiance,lineup-6ee7665bdc3b33d7,1,pair-ac630bc77f2f5bc0,oe:player:3f87e25690ea3bdeb998259fb45445c,oe:player:580f08754dbf1bc64145f212ed0170b,Engo,Cao,
NA1/3461571279,2020-06-15,2020,Unknown,10.12,oe:team:955d9ba35580bdcc7bed3f11736b0f7,Radiance,lineup-6ee7665bdc3b33d7,1,pair-9b58251b56a315dd,oe:player:3f87e25690ea3bdeb998259fb45445c,oe:player:75614c3fca429c06226ca2518abb73a,Engo,Avi,
NA1/3461571279,2020-06-15,2020,Unknown,10.12,oe:team:955d9ba35580bdcc7bed3f11736b0f7,Radiance,lineup-6ee7665bdc3b33d7,1,pair-d0a9c1dccd0f0b50,oe:player:3f87e25690ea3bdeb998259fb45445c,oe:player:aa7b13aaac8ab04283ce9626c6399d0,Engo,Young,
NA1/3461571279,2020-06-15,2020,Unknown,10.12,oe:team:955d9ba35580bdcc7bed3f11736b0f7,Radiance,lineup-6ee7665bdc3b33d7,1,pair-19c130abeb08e7d8,oe:player:3f87e25690ea3bdeb998259fb45445c,oe:player:f38b290539da4d4463b98ec1a3d2194,Engo,AndyBendy,
NA1/3461571279,2020-06-15,2020,Unknown,10.12,oe:team:955d9ba35580bdcc7bed3f11736b0f7,Radiance,lineup-6ee7665bdc3b33d7,1,pair-2b600efa94d21c81,oe:player:580f08754dbf1bc64145f212ed0170b,oe:player:75614c3fca429c06226ca2518abb73a,Cao,Avi,
NA1/3461571279,2020-06-15,2020,Unknown,10.12,oe:team:955d9ba35580bdcc7bed3f11736b0f7,Radiance,lineup-6ee7665bdc3b33d7,1,pair-678c078694bbc44c,oe:player:580f08754dbf1bc64145f212ed0170b,oe:player:aa7b13aaac8ab04283ce9626c6399d0,Cao,Young,
NA1/3461571279,2020-06-15,2020,Unknown,10.12,oe:team:955d9ba35580bdcc7bed3f11736b0f7,Radiance,lineup-6ee7665bdc3b33d7,1,pair-a78cba1f897e4510,oe:player:580f08754dbf1bc64145f212ed0170b,oe:player:f38b290539da4d4463b98ec1a3d2194,Cao,AndyBendy,
NA1/3461571279,2020-06-15,2020,Unknown,10.12,oe:team:955d9ba35580bdcc7bed3f11736b0f7,Radiance,lineup-6ee7665bdc3b33d7,1,pair-768b1c9dc14b04bc,oe:player:75614c3fca429c06226ca2518abb73a,oe:player:aa7b13aaac8ab04283ce9626c6399d0,Avi,Young,
NA1/3461571279,2020-06-15,2020,Unknown,10.12,oe:team:955d9ba35580bdcc7bed3f11736b0f7,Radiance,lineup-6ee7665bdc3b33d7,1,pair-a8a71dc159a65805,oe:player:75614c3fca429c06226ca2518abb73a,oe:player:f38b290539da4d4463b98ec1a3d2194,Avi,AndyBendy,
NA1/3461571279,2020-06-15,2020,Unknown,10.12,oe:team:955d9ba35580bdcc7bed3f11736b0f7,Radiance,lineup-6ee7665bdc3b33d7,1,pair-7498026bdb707d97,oe:player:aa7b13aaac8ab04283ce9626c6399d0,oe:player:f38b290539da4d4463b98ec1a3d2194,Young,AndyBendy,
NA1/3461571279,2020-06-15,2020,Unknown,10.12,oe:team:cb88ee3c195b2c7056830437a1f1565,Mirage Sport Électronique,lineup-5f46512bef7bc500,0,pair-f927a6d77928513b,oe:player:046795fa30debe19eafd497dba544e3,oe:player:1c275bedd474301abb6a402792d0731,Instinct,RobbyBob,
NA1/3461571279,2020-06-15,2020,Unknown,10.12,oe:team:cb88ee3c195b2c7056830437a1f1565,Mirage Sport Électronique,lineup-5f46512bef7bc500,0,pair-ed5613c55cc0261c,oe:player:046795fa30debe19eafd497dba544e3,oe:player:89a68bddd0541e0f26fc044c711eb92,Instinct,Tony Top,
NA1/3461571279,2020-06-15,2020,Unknown,10.12,oe:team:cb88ee3c195b2c7056830437a1f1565,Mirage Sport Électronique,lineup-5f46512bef7bc500,0,pair-6bf3a15db52ed1d6,oe:player:046795fa30debe19eafd497dba544e3,oe:player:c9fe742896cf95349db15b35ec262e1,Instinct,Mist,
NA1/3461571279,2020-06-15,2020,Unknown,10.12,oe:team:cb88ee3c195b2c7056830437a1f1565,Mirage Sport Électronique,lineup-5f46512bef7bc500,0,pair-b9b0d935286b0bb9,oe:player:046795fa30debe19eafd497dba544e3,oe:player:dfabf6008e5be18683d654b25534d03,Instinct,Hyami,
NA1/3461571279,2020-06-15,2020,Unknown,10.12,oe:team:cb88ee3c195b2c7056830437a1f1565,Mirage Sport Électronique,lineup-5f46512bef7bc500,0,pair-83ecace85deec332,oe:player:1c275bedd474301abb6a402792d0731,oe:player:89a68bddd0541e0f26fc044c711eb92,RobbyBob,Tony Top,
NA1/3461571279,2020-06-15,2020,Unknown,10.12,oe:team:cb88ee3c195b2c7056830437a1f1565,Mirage Sport Électronique,lineup-5f46512bef7bc500,0,pair-f48f15d0139d970a,oe:player:1c275bedd474301abb6a402792d0731,oe:player:c9fe742896cf95349db15b35ec262e1,RobbyBob,Mist,
NA1/3461571279,2020-06-15,2020,Unknown,10.12,oe:team:cb88ee3c195b2c7056830437a1f1565,Mirage Sport Électronique,lineup-5f46512bef7bc500,0,pair-c2d651e0a7891b1b,oe:player:1c275bedd474301abb6a402792d0731,oe:player:dfabf6008e5be18683d654b25534d03,RobbyBob,Hyami,
NA1/3461571279,2020-06-15,2020,Unknown,10.12,oe:team:cb88ee3c195b2c7056830437a1f1565,Mirage Sport Électronique,lineup-5f46512bef7bc500,0,pair-40098d9017dd9c11,oe:player:89a68bddd0541e0f26fc044c711eb92,oe:player:c9fe742896cf95349db15b35ec262e1,Tony Top,Mist,
NA1/3461571279,2020-06-15,2020,Unknown,10.12,oe:team:cb88ee3c195b2c7056830437a1f1565,Mirage Sport Électronique,lineup-5f46512bef7bc500,0,pair-8eebfe70317de9fe,oe:player:89a68bddd0541e0f26fc044c711eb92,oe:player:dfabf6008e5be18683d654b25534d03,Tony Top,Hyami,
NA1/3461571279,2020-06-15,2020,Unknown,10.12,oe:team:cb88ee3c195b2c7056830437a1f1565,Mirage Sport Électronique,lineup-5f46512bef7bc500,0,pair-771784b4cd34b3bd,oe:player:c9fe742896cf95349db15b35ec262e1,oe:player:dfabf6008e5be18683d654b25534d03,Mist,Hyami,
NA1/3461590954,2020-06-14,2020,Unknown,10.12,oe:team:5baea1d85fe74c9b5324e0ac7b55f23,XT Esports,lineup-38b2dec48d174101,0,pair-1a40bc942f719ef7,oe:player:506d63191c3a0485207a97d1303614e,oe:player:6cd277156437b9b8dd67807bb21d0a5,SeanTheGod,Twocutz,
NA1/3461590954,2020-06-14,2020,Unknown,10.12,oe:team:5baea1d85fe74c9b5324e0ac7b55f23,XT Esports,lineup-38b2dec48d174101,0,pair-ddc4924b5d6c7bc7,oe:player:506d63191c3a0485207a97d1303614e,oe:player:760f71918dbe25e76081e22adb97a74,SeanTheGod,Yunbee,
NA1/3461590954,2020-06-14,2020,Unknown,10.12,oe:team:5baea1d85fe74c9b5324e0ac7b55f23,XT Esports,lineup-38b2dec48d174101,0,pair-b0c581403e1c9216,oe:player:506d63191c3a0485207a97d1303614e,oe:player:97a03ee352a6f5252f1f93019e992f9,SeanTheGod,Cozy,
NA1/3461590954,2020-06-14,2020,Unknown,10.12,oe:team:5baea1d85fe74c9b5324e0ac7b55f23,XT Esports,lineup-38b2dec48d174101,0,pair-03000369946bc6ca,oe:player:506d63191c3a0485207a97d1303614e,oe:player:ea2f78f74267c020cce0e3297653f24,SeanTheGod,Seoks,
NA1/3461590954,2020-06-14,2020,Unknown,10.12,oe:team:5baea1d85fe74c9b5324e0ac7b55f23,XT Esports,lineup-38b2dec48d174101,0,pair-2d8aaa82279bad84,oe:player:6cd277156437b9b8dd67807bb21d0a5,oe:player:760f71918dbe25e76081e22adb97a74,Twocutz,Yunbee,
NA1/3461590954,2020-06-14,2020,Unknown,10.12,oe:team:5baea1d85fe74c9b5324e0ac7b55f23,XT Esports,lineup-38b2dec48d174101,0,pair-e6ad40f7a53aac76,oe:player:6cd277156437b9b8dd67807bb21d0a5,oe:player:97a03ee352a6f5252f1f93019e992f9,Twocutz,Cozy,
NA1/3461590954,2020-06-14,2020,Unknown,10.12,oe:team:5baea1d85fe74c9b5324e0ac7b55f23,XT Esports,lineup-38b2dec48d174101,0,pair-b0292606a1d9db61,oe:player:6cd277156437b9b8dd67807bb21d0a5,oe:player:ea2f78f74267c020cce0e3297653f24,Twocutz,Seoks,
NA1/3461590954,2020-06-14,2020,Unknown,10.12,oe:team:5baea1d85fe74c9b5324e0ac7b55f23,XT Esports,lineup-38b2dec48d174101,0,pair-4e9578577cb9b662,oe:player:760f71918dbe25e76081e22adb97a74,oe:player:97a03ee352a6f5252f1f93019e992f9,Yunbee,Cozy,
NA1/3461590954,2020-06-14,2020,Unknown,10.12,oe:team:5baea1d85fe74c9b5324e0ac7b55f23,XT Esports,lineup-38b2dec48d174101,0,pair-0b64e9e82ff026b1,oe:player:760f71918dbe25e76081e22adb97a74,oe:player:ea2f78f74267c020cce0e3297653f24,Yunbee,Seoks,
NA1/3461590954,2020-06-14,2020,Unknown,10.12,oe:team:5baea1d85fe74c9b5324e0ac7b55f23,XT Esports,lineup-38b2dec48d174101,0,pair-fd6d9f4bda5e64fd,oe:player:97a03ee352a6f5252f1f93019e992f9,oe:player:ea2f78f74267c020cce0e3297653f24,Cozy,Seoks,
NA1/3461590954,2020-06-14,2020,Unknown,10.12,oe:team:9a05c2942353d2f3d466d6bcb640459,FrostFire,lineup-fe66accff0e1921c,1,pair-fbf1157ac77327f2,oe:player:63c69dda59be1b98c0a5c88416c7481,oe:player:6ea5eed9d404c86d3bc9d8f597869eb,Savage,Kitzuo,
NA1/3461590954,2020-06-14,2020,Unknown,10.12,oe:team:9a05c2942353d2f3d466d6bcb640459,FrostFire,lineup-fe66accff0e1921c,1,pair-c1029cc8d592c30e,oe:player:63c69dda59be1b98c0a5c88416c7481,oe:player:9aa495e3b9f80194639a3941cca4d77,Savage,Dean,
NA1/3461590954,2020-06-14,2020,Unknown,10.12,oe:team:9a05c2942353d2f3d466d6bcb640459,FrostFire,lineup-fe66accff0e1921c,1,pair-402353c932b150a4,oe:player:63c69dda59be1b98c0a5c88416c7481,oe:player:fba26591b2a75a8e370c2d51bc9eb90,Savage,Azog,
NA1/3461590954,2020-06-14,2020,Unknown,10.12,oe:team:9a05c2942353d2f3d466d6bcb640459,FrostFire,lineup-fe66accff0e1921c,1,pair-a81a566506de1de2,oe:player:63c69dda59be1b98c0a5c88416c7481,oe:player:feee48d6e5d34aed05441b8f436d729,Savage,Quas,
NA1/3461590954,2020-06-14,2020,Unknown,10.12,oe:team:9a05c2942353d2f3d466d6bcb640459,FrostFire,lineup-fe66accff0e1921c,1,pair-d280c3fa7bb498e4,oe:player:6ea5eed9d404c86d3bc9d8f597869eb,oe:player:9aa495e3b9f80194639a3941cca4d77,Kitzuo,Dean,
NA1/3461590954,2020-06-14,2020,Unknown,10.12,oe:team:9a05c2942353d2f3d466d6bcb640459,FrostFire,lineup-fe66accff0e1921c,1,pair-8821570ce0e62c8b,oe:player:6ea5eed9d404c86d3bc9d8f597869eb,oe:player:fba26591b2a75a8e370c2d51bc9eb90,Kitzuo,Azog,
NA1/3461590954,2020-06-14,2020,Unknown,10.12,oe:team:9a05c2942353d2f3d466d6bcb640459,FrostFire,lineup-fe66accff0e1921c,1,pair-95ddaa125d27c40f,oe:player:6ea5eed9d404c86d3bc9d8f597869eb,oe:player:feee48d6e5d34aed05441b8f436d729,Kitzuo,Quas,
NA1/3461590954,2020-06-14,2020,Unknown,10.12,oe:team:9a05c2942353d2f3d466d6bcb640459,FrostFire,lineup-fe66accff0e1921c,1,pair-fe217131ab93fb0f,oe:player:9aa495e3b9f80194639a3941cca4d77,oe:player:fba26591b2a75a8e370c2d51bc9eb90,Dean,Azog,
NA1/3461590954,2020-06-14,2020,Unknown,10.12,oe:team:9a05c2942353d2f3d466d6bcb640459,FrostFire,lineup-fe66accff0e1921c,1,pair-16ac9676026caa26,oe:player:9aa495e3b9f80194639a3941cca4d77,oe:player:feee48d6e5d34aed05441b8f436d729,Dean,Quas,
NA1/3461590954,2020-06-14,2020,Unknown,10.12,oe:team:9a05c2942353d2f3d466d6bcb640459,FrostFire,lineup-fe66accff0e1921c,1,pair-dd405b18bf808ecf,oe:player:fba26591b2a75a8e370c2d51bc9eb90,oe:player:feee48d6e5d34aed05441b8f436d729,Azog,Quas,
NA1/3461591277,2020-06-15,2020,Unknown,10.12,oe:team:5baea1d85fe74c9b5324e0ac7b55f23,XT Esports,lineup-38b2dec48d174101,0,pair-1a40bc942f719ef7,oe:player:506d63191c3a0485207a97d1303614e,oe:player:6cd277156437b9b8dd67807bb21d0a5,SeanTheGod,Twocutz,
NA1/3461591277,2020-06-15,2020,Unknown,10.12,oe:team:5baea1d85fe74c9b5324e0ac7b55f23,XT Esports,lineup-38b2dec48d174101,0,pair-ddc4924b5d6c7bc7,oe:player:506d63191c3a0485207a97d1303614e,oe:player:760f71918dbe25e76081e22adb97a74,SeanTheGod,Yunbee,
NA1/3461591277,2020-06-15,2020,Unknown,10.12,oe:team:5baea1d85fe74c9b5324e0ac7b55f23,XT Esports,lineup-38b2dec48d174101,0,pair-b0c581403e1c9216,oe:player:506d63191c3a0485207a97d1303614e,oe:player:97a03ee352a6f5252f1f93019e992f9,SeanTheGod,Cozy,
NA1/3461591277,2020-06-15,2020,Unknown,10.12,oe:team:5baea1d85fe74c9b5324e0ac7b55f23,XT Esports,lineup-38b2dec48d174101,0,pair-03000369946bc6ca,oe:player:506d63191c3a0485207a97d1303614e,oe:player:ea2f78f74267c020cce0e3297653f24,SeanTheGod,Seoks,
NA1/3461591277,2020-06-15,2020,Unknown,10.12,oe:team:5baea1d85fe74c9b5324e0ac7b55f23,XT Esports,lineup-38b2dec48d174101,0,pair-2d8aaa82279bad84,oe:player:6cd277156437b9b8dd67807bb21d0a5,oe:player:760f71918dbe25e76081e22adb97a74,Twocutz,Yunbee,
NA1/3461591277,2020-06-15,2020,Unknown,10.12,oe:team:5baea1d85fe74c9b5324e0ac7b55f23,XT Esports,lineup-38b2dec48d174101,0,pair-e6ad40f7a53aac76,oe:player:6cd277156437b9b8dd67807bb21d0a5,oe:player:97a03ee352a6f5252f1f93019e992f9,Twocutz,Cozy,
NA1/3461591277,2020-06-15,2020,Unknown,10.12,oe:team:5baea1d85fe74c9b5324e0ac7b55f23,XT Esports,lineup-38b2dec48d174101,0,pair-b0292606a1d9db61,oe:player:6cd277156437b9b8dd67807bb21d0a5,oe:player:ea2f78f74267c020cce0e3297653f24,Twocutz,Seoks,
NA1/3461591277,2020-06-15,2020,Unknown,10.12,oe:team:5baea1d85fe74c9b5324e0ac7b55f23,XT Esports,lineup-38b2dec48d174101,0,pair-4e9578577cb9b662,oe:player:760f71918dbe25e76081e22adb97a74,oe:player:97a03ee352a6f5252f1f93019e992f9,Yunbee,Cozy,
NA1/3461591277,2020-06-15,2020,Unknown,10.12,oe:team:5baea1d85fe74c9b5324e0ac7b55f23,XT Esports,lineup-38b2dec48d174101,0,pair-0b64e9e82ff026b1,oe:player:760f71918dbe25e76081e22adb97a74,oe:player:ea2f78f74267c020cce0e3297653f24,Yunbee,Seoks,
NA1/3461591277,2020-06-15,2020,Unknown,10.12,oe:team:5baea1d85fe74c9b5324e0ac7b55f23,XT Esports,lineup-38b2dec48d174101,0,pair-fd6d9f4bda5e64fd,oe:player:97a03ee352a6f5252f1f93019e992f9,oe:player:ea2f78f74267c020cce0e3297653f24,Cozy,Seoks,
NA1/3461591277,2020-06-15,2020,Unknown,10.12,oe:team:9a05c2942353d2f3d466d6bcb640459,FrostFire,lineup-fe66accff0e1921c,1,pair-fbf1157ac77327f2,oe:player:63c69dda59be1b98c0a5c88416c7481,oe:player:6ea5eed9d404c86d3bc9d8f597869eb,Savage,Kitzuo,
NA1/3461591277,2020-06-15,2020,Unknown,10.12,oe:team:9a05c2942353d2f3d466d6bcb640459,FrostFire,lineup-fe66accff0e1921c,1,pair-c1029cc8d592c30e,oe:player:63c69dda59be1b98c0a5c88416c7481,oe:player:9aa495e3b9f80194639a3941cca4d77,Savage,Dean,
NA1/3461591277,2020-06-15,2020,Unknown,10.12,oe:team:9a05c2942353d2f3d466d6bcb640459,FrostFire,lineup-fe66accff0e1921c,1,pair-402353c932b150a4,oe:player:63c69dda59be1b98c0a5c88416c7481,oe:player:fba26591b2a75a8e370c2d51bc9eb90,Savage,Azog,
NA1/3461591277,2020-06-15,2020,Unknown,10.12,oe:team:9a05c2942353d2f3d466d6bcb640459,FrostFire,lineup-fe66accff0e1921c,1,pair-a81a566506de1de2,oe:player:63c69dda59be1b98c0a5c88416c7481,oe:player:feee48d6e5d34aed05441b8f436d729,Savage,Quas,
NA1/3461591277,2020-06-15,2020,Unknown,10.12,oe:team:9a05c2942353d2f3d466d6bcb640459,FrostFire,lineup-fe66accff0e1921c,1,pair-d280c3fa7bb498e4,oe:player:6ea5eed9d404c86d3bc9d8f597869eb,oe:player:9aa495e3b9f80194639a3941cca4d77,Kitzuo,Dean,
NA1/3461591277,2020-06-15,2020,Unknown,10.12,oe:team:9a05c2942353d2f3d466d6bcb640459,FrostFire,lineup-fe66accff0e1921c,1,pair-8821570ce0e62c8b,oe:player:6ea5eed9d404c86d3bc9d8f597869eb,oe:player:fba26591b2a75a8e370c2d51bc9eb90,Kitzuo,Azog,
NA1/3461591277,2020-06-15,2020,Unknown,10.12,oe:team:9a05c2942353d2f3d466d6bcb640459,FrostFire,lineup-fe66accff0e1921c,1,pair-95ddaa125d27c40f,oe:player:6ea5eed9d404c86d3bc9d8f597869eb,oe:player:feee48d6e5d34aed05441b8f436d729,Kitzuo,Quas,
NA1/3461591277,2020-06-15,2020,Unknown,10.12,oe:team:9a05c2942353d2f3d466d6bcb640459,FrostFire,lineup-fe66accff0e1921c,1,pair-fe217131ab93fb0f,oe:player:9aa495e3b9f80194639a3941cca4d77,oe:player:fba26591b2a75a8e370c2d51bc9eb90,Dean,Azog,
NA1/3461591277,2020-06-15,2020,Unknown,10.12,oe:team:9a05c2942353d2f3d466d6bcb640459,FrostFire,lineup-fe66accff0e1921c,1,pair-16ac9676026caa26,oe:player:9aa495e3b9f80194639a3941cca4d77,oe:player:feee48d6e5d34aed05441b8f436d729,Dean,Quas,
NA1/3461591277,2020-06-15,2020,Unknown,10.12,oe:team:9a05c2942353d2f3d466d6bcb640459,FrostFire,lineup-fe66accff0e1921c,1,pair-dd405b18bf808ecf,oe:player:fba26591b2a75a8e370c2d51bc9eb90,oe:player:feee48d6e5d34aed05441b8f436d729,Azog,Quas,
NA1/3461610782,2020-06-14,2020,Unknown,10.12,oe:team:2be2ebecc453760d7df4991a51a8edc,World Class Empyreans,lineup-4b469e9885445fd4,0,pair-20aa72b8e7771e44,oe:player:27adb0b3f92d9b8f7fa4cb55b60114c,oe:player:4e234cc35491266462467b04b02dd5d,Lawrence,Special Kay,
NA1/3461610782,2020-06-14,2020,Unknown,10.12,oe:team:2be2ebecc453760d7df4991a51a8edc,World Class Empyreans,lineup-4b469e9885445fd4,0,pair-e4634722608f71b0,oe:player:27adb0b3f92d9b8f7fa4cb55b60114c,oe:player:57bb48fd65bff2e2660a13e58f2fcb2,Lawrence,rovex,
NA1/3461610782,2020-06-14,2020,Unknown,10.12,oe:team:2be2ebecc453760d7df4991a51a8edc,World Class Empyreans,lineup-4b469e9885445fd4,0,pair-4f03a88239492a8c,oe:player:27adb0b3f92d9b8f7fa4cb55b60114c,oe:player:f04a502d38a0c3b35e53ecef740cf37,Lawrence,Eclipse,
NA1/3461610782,2020-06-14,2020,Unknown,10.12,oe:team:2be2ebecc453760d7df4991a51a8edc,World Class Empyreans,lineup-4b469e9885445fd4,0,pair-8182443b996408f5,oe:player:27adb0b3f92d9b8f7fa4cb55b60114c,oe:player:f23104490edcad2a6de0133e1784290,Lawrence,SiddyWiddy,
NA1/3461610782,2020-06-14,2020,Unknown,10.12,oe:team:2be2ebecc453760d7df4991a51a8edc,World Class Empyreans,lineup-4b469e9885445fd4,0,pair-0d79019a67d471c3,oe:player:4e234cc35491266462467b04b02dd5d,oe:player:57bb48fd65bff2e2660a13e58f2fcb2,Special Kay,rovex,
NA1/3461610782,2020-06-14,2020,Unknown,10.12,oe:team:2be2ebecc453760d7df4991a51a8edc,World Class Empyreans,lineup-4b469e9885445fd4,0,pair-be274a18dc0a57a9,oe:player:4e234cc35491266462467b04b02dd5d,oe:player:f04a502d38a0c3b35e53ecef740cf37,Special Kay,Eclipse,
NA1/3461610782,2020-06-14,2020,Unknown,10.12,oe:team:2be2ebecc453760d7df4991a51a8edc,World Class Empyreans,lineup-4b469e9885445fd4,0,pair-e4473ae2081b575c,oe:player:4e234cc35491266462467b04b02dd5d,oe:player:f23104490edcad2a6de0133e1784290,Special Kay,SiddyWiddy,
NA1/3461610782,2020-06-14,2020,Unknown,10.12,oe:team:2be2ebecc453760d7df4991a51a8edc,World Class Empyreans,lineup-4b469e9885445fd4,0,pair-5cac848d3db3c7da,oe:player:57bb48fd65bff2e2660a13e58f2fcb2,oe:player:f04a502d38a0c3b35e53ecef740cf37,rovex,Eclipse,
NA1/3461610782,2020-06-14,2020,Unknown,10.12,oe:team:2be2ebecc453760d7df4991a51a8edc,World Class Empyreans,lineup-4b469e9885445fd4,0,pair-7e6cfadf0c458fd9,oe:player:57bb48fd65bff2e2660a13e58f2fcb2,oe:player:f23104490edcad2a6de0133e1784290,rovex,SiddyWiddy,
NA1/3461610782,2020-06-14,2020,Unknown,10.12,oe:team:2be2ebecc453760d7df4991a51a8edc,World Class Empyreans,lineup-4b469e9885445fd4,0,pair-2b05ef34fcd1e9a9,oe:player:f04a502d38a0c3b35e53ecef740cf37,oe:player:f23104490edcad2a6de0133e1784290,Eclipse,SiddyWiddy,
NA1/3461610782,2020-06-14,2020,Unknown,10.12,oe:team:9034597e77937456f89960ad1b8615e,Wildcard Gaming,lineup-128e57fa4174c7f4,1,pair-267d50562c3406cf,oe:player:184d97e1a8e8130dfb0a41329b780c6,oe:player:30572b23e41315ce024a7af628da667,Dragoon,CMD ATK,
NA1/3461610782,2020-06-14,2020,Unknown,10.12,oe:team:9034597e77937456f89960ad1b8615e,Wildcard Gaming,lineup-128e57fa4174c7f4,1,pair-1ea9e04ef5d2daf2,oe:player:184d97e1a8e8130dfb0a41329b780c6,oe:player:c33de864be225948486047a145b4bf1,Dragoon,Le Grain,
NA1/3461610782,2020-06-14,2020,Unknown,10.12,oe:team:9034597e77937456f89960ad1b8615e,Wildcard Gaming,lineup-128e57fa4174c7f4,1,pair-ca5bb124c67c07fe,oe:player:184d97e1a8e8130dfb0a41329b780c6,oe:player:e57ef5f8ab42a0364a11b50f2a86b81,Dragoon,ShorterACE,
NA1/3461610782,2020-06-14,2020,Unknown,10.12,oe:team:9034597e77937456f89960ad1b8615e,Wildcard Gaming,lineup-128e57fa4174c7f4,1,pair-7a1d9f12ab890aa5,oe:player:184d97e1a8e8130dfb0a41329b780c6,oe:player:f8d623a78c27641412debac4080ece7,Dragoon,Joey,
NA1/3461610782,2020-06-14,2020,Unknown,10.12,oe:team:9034597e77937456f89960ad1b8615e,Wildcard Gaming,lineup-128e57fa4174c7f4,1,pair-efbfed8a12d2eab0,oe:player:30572b23e41315ce024a7af628da667,oe:player:c33de864be225948486047a145b4bf1,CMD ATK,Le Grain,
NA1/3461610782,2020-06-14,2020,Unknown,10.12,oe:team:9034597e77937456f89960ad1b8615e,Wildcard Gaming,lineup-128e57fa4174c7f4,1,pair-160afee6f92abb1f,oe:player:30572b23e41315ce024a7af628da667,oe:player:e57ef5f8ab42a0364a11b50f2a86b81,CMD ATK,ShorterACE,
NA1/3461610782,2020-06-14,2020,Unknown,10.12,oe:team:9034597e77937456f89960ad1b8615e,Wildcard Gaming,lineup-128e57fa4174c7f4,1,pair-a735f22b4388dcf5,oe:player:30572b23e41315ce024a7af628da667,oe:player:f8d623a78c27641412debac4080ece7,CMD ATK,Joey,
NA1/3461610782,2020-06-14,2020,Unknown,10.12,oe:team:9034597e77937456f89960ad1b8615e,Wildcard Gaming,lineup-128e57fa4174c7f4,1,pair-daa15feaeb1b22ef,oe:player:c33de864be225948486047a145b4bf1,oe:player:e57ef5f8ab42a0364a11b50f2a86b81,Le Grain,ShorterACE,
NA1/3461610782,2020-06-14,2020,Unknown,10.12,oe:team:9034597e77937456f89960ad1b8615e,Wildcard Gaming,lineup-128e57fa4174c7f4,1,pair-3ad8489f6a4815dd,oe:player:c33de864be225948486047a145b4bf1,oe:player:f8d623a78c27641412debac4080ece7,Le Grain,Joey,
NA1/3461610782,2020-06-14,2020,Unknown,10.12,oe:team:9034597e77937456f89960ad1b8615e,Wildcard Gaming,lineup-128e57fa4174c7f4,1,pair-cb45880eb35eb4a2,oe:player:e57ef5f8ab42a0364a11b50f2a86b81,oe:player:f8d623a78c27641412debac4080ece7,ShorterACE,Joey,
NA1/3461650752,2020-06-14,2020,Unknown,10.12,name-team-bbf4d270ed871a83,unknown team,lineup-de25cbf71bf2b8dd,0,pair-a8a111c39d31aaa1,oe:player:29b67a93c1a600beb6904551c853fdd,oe:player:2e41e5848c5235a0e3def1e25027766,Trevor,Hunter,
NA1/3461650752,2020-06-14,2020,Unknown,10.12,name-team-bbf4d270ed871a83,unknown team,lineup-de25cbf71bf2b8dd,0,pair-51425ce5f62cb906,oe:player:29b67a93c1a600beb6904551c853fdd,oe:player:4db47d64e2721bf7a93ebf42e488852,Trevor,Meech,
NA1/3461650752,2020-06-14,2020,Unknown,10.12,name-team-bbf4d270ed871a83,unknown team,lineup-de25cbf71bf2b8dd,0,pair-4e5a82eda8d2c7ff,oe:player:29b67a93c1a600beb6904551c853fdd,oe:player:5257e05cde806e07b405ddcce85114d,Trevor,Bradley,
NA1/3461650752,2020-06-14,2020,Unknown,10.12,name-team-bbf4d270ed871a83,unknown team,lineup-de25cbf71bf2b8dd,0,pair-f679761a3973b068,oe:player:29b67a93c1a600beb6904551c853fdd,oe:player:e8aba5fbfc41b0621226b08a87e3ded,Trevor,Philip,
NA1/3461650752,2020-06-14,2020,Unknown,10.12,name-team-bbf4d270ed871a83,unknown team,lineup-de25cbf71bf2b8dd,0,pair-40701114d457db20,oe:player:2e41e5848c5235a0e3def1e25027766,oe:player:4db47d64e2721bf7a93ebf42e488852,Hunter,Meech,
NA1/3461650752,2020-06-14,2020,Unknown,10.12,name-team-bbf4d270ed871a83,unknown team,lineup-de25cbf71bf2b8dd,0,pair-7fd8c9b10681a2a4,oe:player:2e41e5848c5235a0e3def1e25027766,oe:player:5257e05cde806e07b405ddcce85114d,Hunter,Bradley,
NA1/3461650752,2020-06-14,2020,Unknown,10.12,name-team-bbf4d270ed871a83,unknown team,lineup-de25cbf71bf2b8dd,0,pair-e7302468e8432d0c,oe:player:2e41e5848c5235a0e3def1e25027766,oe:player:e8aba5fbfc41b0621226b08a87e3ded,Hunter,Philip,
NA1/3461650752,2020-06-14,2020,Unknown,10.12,name-team-bbf4d270ed871a83,unknown team,lineup-de25cbf71bf2b8dd,0,pair-e3a4dabc7a36c623,oe:player:4db47d64e2721bf7a93ebf42e488852,oe:player:5257e05cde806e07b405ddcce85114d,Meech,Bradley,
NA1/3461650752,2020-06-14,2020,Unknown,10.12,name-team-bbf4d270ed871a83,unknown team,lineup-de25cbf71bf2b8dd,0,pair-64862b3f11d663ff,oe:player:4db47d64e2721bf7a93ebf42e488852,oe:player:e8aba5fbfc41b0621226b08a87e3ded,Meech,Philip,
NA1/3461650752,2020-06-14,2020,Unknown,10.12,name-team-bbf4d270ed871a83,unknown team,lineup-de25cbf71bf2b8dd,0,pair-98ae02d125a6a884,oe:player:5257e05cde806e07b405ddcce85114d,oe:player:e8aba5fbfc41b0621226b08a87e3ded,Bradley,Philip,
NA1/3461650752,2020-06-14,2020,Unknown,10.12,oe:team:7df78a658a1ca10f6d413c775cf35cd,Polar Ace,lineup-1d92ba67db5e3ae5,1,pair-64641b55bba96f07,oe:player:33daef70f45123c10a232b800d930a0,oe:player:3e722c8ede909c83af9342c41805a16,Flaresz,Busio,
NA1/3461650752,2020-06-14,2020,Unknown,10.12,oe:team:7df78a658a1ca10f6d413c775cf35cd,Polar Ace,lineup-1d92ba67db5e3ae5,1,pair-486fdad915fc920f,oe:player:33daef70f45123c10a232b800d930a0,oe:player:3f96b0d5494895f5e964dc16ea8f27b,Flaresz,Spawn,
NA1/3461650752,2020-06-14,2020,Unknown,10.12,oe:team:7df78a658a1ca10f6d413c775cf35cd,Polar Ace,lineup-1d92ba67db5e3ae5,1,pair-d219519aef3a019c,oe:player:33daef70f45123c10a232b800d930a0,oe:player:6ca0cf01bc942179eb37f9863ea16cc,Flaresz,Menace,
NA1/3461650752,2020-06-14,2020,Unknown,10.12,oe:team:7df78a658a1ca10f6d413c775cf35cd,Polar Ace,lineup-1d92ba67db5e3ae5,1,pair-c9ee9ef43dd6ffb6,oe:player:33daef70f45123c10a232b800d930a0,oe:player:cd501d29850fa65fab5745d96e0ceed,Flaresz,Dragonmin,
NA1/3461650752,2020-06-14,2020,Unknown,10.12,oe:team:7df78a658a1ca10f6d413c775cf35cd,Polar Ace,lineup-1d92ba67db5e3ae5,1,pair-611beae725f98d64,oe:player:3e722c8ede909c83af9342c41805a16,oe:player:3f96b0d5494895f5e964dc16ea8f27b,Busio,Spawn,
NA1/3461650752,2020-06-14,2020,Unknown,10.12,oe:team:7df78a658a1ca10f6d413c775cf35cd,Polar Ace,lineup-1d92ba67db5e3ae5,1,pair-7c281de31cdde459,oe:player:3e722c8ede909c83af9342c41805a16,oe:player:6ca0cf01bc942179eb37f9863ea16cc,Busio,Menace,
NA1/3461650752,2020-06-14,2020,Unknown,10.12,oe:team:7df78a658a1ca10f6d413c775cf35cd,Polar Ace,lineup-1d92ba67db5e3ae5,1,pair-22c93f45d7515242,oe:player:3e722c8ede909c83af9342c41805a16,oe:player:cd501d29850fa65fab5745d96e0ceed,Busio,Dragonmin,
NA1/3461650752,2020-06-14,2020,Unknown,10.12,oe:team:7df78a658a1ca10f6d413c775cf35cd,Polar Ace,lineup-1d92ba67db5e3ae5,1,pair-6bb5617b4d7de2d9,oe:player:3f96b0d5494895f5e964dc16ea8f27b,oe:player:6ca0cf01bc942179eb37f9863ea16cc,Spawn,Menace,
NA1/3461650752,2020-06-14,2020,Unknown,10.12,oe:team:7df78a658a1ca10f6d413c775cf35cd,Polar Ace,lineup-1d92ba67db5e3ae5,1,pair-cd51000fde2988fb,oe:player:3f96b0d5494895f5e964dc16ea8f27b,oe:player:cd501d29850fa65fab5745d96e0ceed,Spawn,Dragonmin,
NA1/3461650752,2020-06-14,2020,Unknown,10.12,oe:team:7df78a658a1ca10f6d413c775cf35cd,Polar Ace,lineup-1d92ba67db5e3ae5,1,pair-345acff6ebc9eb93,oe:player:6ca0cf01bc942179eb37f9863ea16cc,oe:player:cd501d29850fa65fab5745d96e0ceed,Menace,Dragonmin,
NA1/3461650994,2020-06-14,2020,Unknown,10.12,name-team-bbf4d270ed871a83,unknown team,lineup-de25cbf71bf2b8dd,1,pair-a8a111c39d31aaa1,oe:player:29b67a93c1a600beb6904551c853fdd,oe:player:2e41e5848c5235a0e3def1e25027766,Trevor,Hunter,
NA1/3461650994,2020-06-14,2020,Unknown,10.12,name-team-bbf4d270ed871a83,unknown team,lineup-de25cbf71bf2b8dd,1,pair-51425ce5f62cb906,oe:player:29b67a93c1a600beb6904551c853fdd,oe:player:4db47d64e2721bf7a93ebf42e488852,Trevor,Meech,
NA1/3461650994,2020-06-14,2020,Unknown,10.12,name-team-bbf4d270ed871a83,unknown team,lineup-de25cbf71bf2b8dd,1,pair-4e5a82eda8d2c7ff,oe:player:29b67a93c1a600beb6904551c853fdd,oe:player:5257e05cde806e07b405ddcce85114d,Trevor,Bradley,
NA1/3461650994,2020-06-14,2020,Unknown,10.12,name-team-bbf4d270ed871a83,unknown team,lineup-de25cbf71bf2b8dd,1,pair-f679761a3973b068,oe:player:29b67a93c1a600beb6904551c853fdd,oe:player:e8aba5fbfc41b0621226b08a87e3ded,Trevor,Philip,
NA1/3461650994,2020-06-14,2020,Unknown,10.12,name-team-bbf4d270ed871a83,unknown team,lineup-de25cbf71bf2b8dd,1,pair-40701114d457db20,oe:player:2e41e5848c5235a0e3def1e25027766,oe:player:4db47d64e2721bf7a93ebf42e488852,Hunter,Meech,
NA1/3461650994,2020-06-14,2020,Unknown,10.12,name-team-bbf4d270ed871a83,unknown team,lineup-de25cbf71bf2b8dd,1,pair-7fd8c9b10681a2a4,oe:player:2e41e5848c5235a0e3def1e25027766,oe:player:5257e05cde806e07b405ddcce85114d,Hunter,Bradley,
NA1/3461650994,2020-06-14,2020,Unknown,10.12,name-team-bbf4d270ed871a83,unknown team,lineup-de25cbf71bf2b8dd,1,pair-e7302468e8432d0c,oe:player:2e41e5848c5235a0e3def1e25027766,oe:player:e8aba5fbfc41b0621226b08a87e3ded,Hunter,Philip,
NA1/3461650994,2020-06-14,2020,Unknown,10.12,name-team-bbf4d270ed871a83,unknown team,lineup-de25cbf71bf2b8dd,1,pair-e3a4dabc7a36c623,oe:player:4db47d64e2721bf7a93ebf42e488852,oe:player:5257e05cde806e07b405ddcce85114d,Meech,Bradley,
NA1/3461650994,2020-06-14,2020,Unknown,10.12,name-team-bbf4d270ed871a83,unknown team,lineup-de25cbf71bf2b8dd,1,pair-64862b3f11d663ff,oe:player:4db47d64e2721bf7a93ebf42e488852,oe:player:e8aba5fbfc41b0621226b08a87e3ded,Meech,Philip,
NA1/3461650994,2020-06-14,2020,Unknown,10.12,name-team-bbf4d270ed871a83,unknown team,lineup-de25cbf71bf2b8dd,1,pair-98ae02d125a6a884,oe:player:5257e05cde806e07b405ddcce85114d,oe:player:e8aba5fbfc41b0621226b08a87e3ded,Bradley,Philip,
NA1/3461650994,2020-06-14,2020,Unknown,10.12,oe:team:7df78a658a1ca10f6d413c775cf35cd,Polar Ace,lineup-1d92ba67db5e3ae5,0,pair-64641b55bba96f07,oe:player:33daef70f45123c10a232b800d930a0,oe:player:3e722c8ede909c83af9342c41805a16,Flaresz,Busio,
NA1/3461650994,2020-06-14,2020,Unknown,10.12,oe:team:7df78a658a1ca10f6d413c775cf35cd,Polar Ace,lineup-1d92ba67db5e3ae5,0,pair-486fdad915fc920f,oe:player:33daef70f45123c10a232b800d930a0,oe:player:3f96b0d5494895f5e964dc16ea8f27b,Flaresz,Spawn,
NA1/3461650994,2020-06-14,2020,Unknown,10.12,oe:team:7df78a658a1ca10f6d413c775cf35cd,Polar Ace,lineup-1d92ba67db5e3ae5,0,pair-d219519aef3a019c,oe:player:33daef70f45123c10a232b800d930a0,oe:player:6ca0cf01bc942179eb37f9863ea16cc,Flaresz,Menace,
NA1/3461650994,2020-06-14,2020,Unknown,10.12,oe:team:7df78a658a1ca10f6d413c775cf35cd,Polar Ace,lineup-1d92ba67db5e3ae5,0,pair-c9ee9ef43dd6ffb6,oe:player:33daef70f45123c10a232b800d930a0,oe:player:cd501d29850fa65fab5745d96e0ceed,Flaresz,Dragonmin,
NA1/3461650994,2020-06-14,2020,Unknown,10.12,oe:team:7df78a658a1ca10f6d413c775cf35cd,Polar Ace,lineup-1d92ba67db5e3ae5,0,pair-611beae725f98d64,oe:player:3e722c8ede909c83af9342c41805a16,oe:player:3f96b0d5494895f5e964dc16ea8f27b,Busio,Spawn,
NA1/3461650994,2020-06-14,2020,Unknown,10.12,oe:team:7df78a658a1ca10f6d413c775cf35cd,Polar Ace,lineup-1d92ba67db5e3ae5,0,pair-7c281de31cdde459,oe:player:3e722c8ede909c83af9342c41805a16,oe:player:6ca0cf01bc942179eb37f9863ea16cc,Busio,Menace,
NA1/3461650994,2020-06-14,2020,Unknown,10.12,oe:team:7df78a658a1ca10f6d413c775cf35cd,Polar Ace,lineup-1d92ba67db5e3ae5,0,pair-22c93f45d7515242,oe:player:3e722c8ede909c83af9342c41805a16,oe:player:cd501d29850fa65fab5745d96e0ceed,Busio,Dragonmin,
NA1/3461650994,2020-06-14,2020,Unknown,10.12,oe:team:7df78a658a1ca10f6d413c775cf35cd,Polar Ace,lineup-1d92ba67db5e3ae5,0,pair-6bb5617b4d7de2d9,oe:player:3f96b0d5494895f5e964dc16ea8f27b,oe:player:6ca0cf01bc942179eb37f9863ea16cc,Spawn,Menace,
NA1/3461650994,2020-06-14,2020,Unknown,10.12,oe:team:7df78a658a1ca10f6d413c775cf35cd,Polar Ace,lineup-1d92ba67db5e3ae5,0,pair-cd51000fde2988fb,oe:player:3f96b0d5494895f5e964dc16ea8f27b,oe:player:cd501d29850fa65fab5745d96e0ceed,Spawn,Dragonmin,
NA1/3461650994,2020-06-14,2020,Unknown,10.12,oe:team:7df78a658a1ca10f6d413c775cf35cd,Polar Ace,lineup-1d92ba67db5e3ae5,0,pair-345acff6ebc9eb93,oe:player:6ca0cf01bc942179eb37f9863ea16cc,oe:player:cd501d29850fa65fab5745d96e0ceed,Menace,Dragonmin,
NA1/3461651256,2020-06-15,2020,Unknown,10.12,name-team-bbf4d270ed871a83,unknown team,lineup-de25cbf71bf2b8dd,0,pair-a8a111c39d31aaa1,oe:player:29b67a93c1a600beb6904551c853fdd,oe:player:2e41e5848c5235a0e3def1e25027766,Trevor,Hunter,
NA1/3461651256,2020-06-15,2020,Unknown,10.12,name-team-bbf4d270ed871a83,unknown team,lineup-de25cbf71bf2b8dd,0,pair-51425ce5f62cb906,oe:player:29b67a93c1a600beb6904551c853fdd,oe:player:4db47d64e2721bf7a93ebf42e488852,Trevor,Meech,
NA1/3461651256,2020-06-15,2020,Unknown,10.12,name-team-bbf4d270ed871a83,unknown team,lineup-de25cbf71bf2b8dd,0,pair-4e5a82eda8d2c7ff,oe:player:29b67a93c1a600beb6904551c853fdd,oe:player:5257e05cde806e07b405ddcce85114d,Trevor,Bradley,
NA1/3461651256,2020-06-15,2020,Unknown,10.12,name-team-bbf4d270ed871a83,unknown team,lineup-de25cbf71bf2b8dd,0,pair-f679761a3973b068,oe:player:29b67a93c1a600beb6904551c853fdd,oe:player:e8aba5fbfc41b0621226b08a87e3ded,Trevor,Philip,
NA1/3461651256,2020-06-15,2020,Unknown,10.12,name-team-bbf4d270ed871a83,unknown team,lineup-de25cbf71bf2b8dd,0,pair-40701114d457db20,oe:player:2e41e5848c5235a0e3def1e25027766,oe:player:4db47d64e2721bf7a93ebf42e488852,Hunter,Meech,
NA1/3461651256,2020-06-15,2020,Unknown,10.12,name-team-bbf4d270ed871a83,unknown team,lineup-de25cbf71bf2b8dd,0,pair-7fd8c9b10681a2a4,oe:player:2e41e5848c5235a0e3def1e25027766,oe:player:5257e05cde806e07b405ddcce85114d,Hunter,Bradley,
NA1/3461651256,2020-06-15,2020,Unknown,10.12,name-team-bbf4d270ed871a83,unknown team,lineup-de25cbf71bf2b8dd,0,pair-e7302468e8432d0c,oe:player:2e41e5848c5235a0e3def1e25027766,oe:player:e8aba5fbfc41b0621226b08a87e3ded,Hunter,Philip,
NA1/3461651256,2020-06-15,2020,Unknown,10.12,name-team-bbf4d270ed871a83,unknown team,lineup-de25cbf71bf2b8dd,0,pair-e3a4dabc7a36c623,oe:player:4db47d64e2721bf7a93ebf42e488852,oe:player:5257e05cde806e07b405ddcce85114d,Meech,Bradley,
NA1/3461651256,2020-06-15,2020,Unknown,10.12,name-team-bbf4d270ed871a83,unknown team,lineup-de25cbf71bf2b8dd,0,pair-64862b3f11d663ff,oe:player:4db47d64e2721bf7a93ebf42e488852,oe:player:e8aba5fbfc41b0621226b08a87e3ded,Meech,Philip,
NA1/3461651256,2020-06-15,2020,Unknown,10.12,name-team-bbf4d270ed871a83,unknown team,lineup-de25cbf71bf2b8dd,0,pair-98ae02d125a6a884,oe:player:5257e05cde806e07b405ddcce85114d,oe:player:e8aba5fbfc41b0621226b08a87e3ded,Bradley,Philip,
NA1/3461651256,2020-06-15,2020,Unknown,10.12,oe:team:7df78a658a1ca10f6d413c775cf35cd,Polar Ace,lineup-1d92ba67db5e3ae5,1,pair-64641b55bba96f07,oe:player:33daef70f45123c10a232b800d930a0,oe:player:3e722c8ede909c83af9342c41805a16,Flaresz,Busio,
NA1/3461651256,2020-06-15,2020,Unknown,10.12,oe:team:7df78a658a1ca10f6d413c775cf35cd,Polar Ace,lineup-1d92ba67db5e3ae5,1,pair-486fdad915fc920f,oe:player:33daef70f45123c10a232b800d930a0,oe:player:3f96b0d5494895f5e964dc16ea8f27b,Flaresz,Spawn,
NA1/3461651256,2020-06-15,2020,Unknown,10.12,oe:team:7df78a658a1ca10f6d413c775cf35cd,Polar Ace,lineup-1d92ba67db5e3ae5,1,pair-d219519aef3a019c,oe:player:33daef70f45123c10a232b800d930a0,oe:player:6ca0cf01bc942179eb37f9863ea16cc,Flaresz,Menace,
NA1/3461651256,2020-06-15,2020,Unknown,10.12,oe:team:7df78a658a1ca10f6d413c775cf35cd,Polar Ace,lineup-1d92ba67db5e3ae5,1,pair-c9ee9ef43dd6ffb6,oe:player:33daef70f45123c10a232b800d930a0,oe:player:cd501d29850fa65fab5745d96e0ceed,Flaresz,Dragonmin,
NA1/3461651256,2020-06-15,2020,Unknown,10.12,oe:team:7df78a658a1ca10f6d413c775cf35cd,Polar Ace,lineup-1d92ba67db5e3ae5,1,pair-611beae725f98d64,oe:player:3e722c8ede909c83af9342c41805a16,oe:player:3f96b0d5494895f5e964dc16ea8f27b,Busio,Spawn,
NA1/3461651256,2020-06-15,2020,Unknown,10.12,oe:team:7df78a658a1ca10f6d413c775cf35cd,Polar Ace,lineup-1d92ba67db5e3ae5,1,pair-7c281de31cdde459,oe:player:3e722c8ede909c83af9342c41805a16,oe:player:6ca0cf01bc942179eb37f9863ea16cc,Busio,Menace,
NA1/3461651256,2020-06-15,2020,Unknown,10.12,oe:team:7df78a658a1ca10f6d413c775cf35cd,Polar Ace,lineup-1d92ba67db5e3ae5,1,pair-22c93f45d7515242,oe:player:3e722c8ede909c83af9342c41805a16,oe:player:cd501d29850fa65fab5745d96e0ceed,Busio,Dragonmin,
NA1/3461651256,2020-06-15,2020,Unknown,10.12,oe:team:7df78a658a1ca10f6d413c775cf35cd,Polar Ace,lineup-1d92ba67db5e3ae5,1,pair-6bb5617b4d7de2d9,oe:player:3f96b0d5494895f5e964dc16ea8f27b,oe:player:6ca0cf01bc942179eb37f9863ea16cc,Spawn,Menace,
NA1/3461651256,2020-06-15,2020,Unknown,10.12,oe:team:7df78a658a1ca10f6d413c775cf35cd,Polar Ace,lineup-1d92ba67db5e3ae5,1,pair-cd51000fde2988fb,oe:player:3f96b0d5494895f5e964dc16ea8f27b,oe:player:cd501d29850fa65fab5745d96e0ceed,Spawn,Dragonmin,
NA1/3461651256,2020-06-15,2020,Unknown,10.12,oe:team:7df78a658a1ca10f6d413c775cf35cd,Polar Ace,lineup-1d92ba67db5e3ae5,1,pair-345acff6ebc9eb93,oe:player:6ca0cf01bc942179eb37f9863ea16cc,oe:player:cd501d29850fa65fab5745d96e0ceed,Menace,Dragonmin,
NA1/3467946694,2020-06-21,2020,Unknown,10.12,oe:team:8776b7033f1bc10634e50d90f861c1d,Supernova,lineup-9e07753e380a240e,0,pair-50083fce2d78ff42,oe:player:74c97a5b51b2f1900328154b5a58a44,oe:player:94da1452e43ac6797e36ca8f17656ad,OddOrange,EvanRL,0.37929152
NA1/3467946694,2020-06-21,2020,Unknown,10.12,oe:team:8776b7033f1bc10634e50d90f861c1d,Supernova,lineup-9e07753e380a240e,0,pair-82df4269bf250296,oe:player:74c97a5b51b2f1900328154b5a58a44,oe:player:a9db4155cb1d90e3e20befd63d49d4a,OddOrange,Cat 2,-0.56226631
NA1/3467946694,2020-06-21,2020,Unknown,10.12,oe:team:8776b7033f1bc10634e50d90f861c1d,Supernova,lineup-9e07753e380a240e,0,pair-98074e249ca42445,oe:player:74c97a5b51b2f1900328154b5a58a44,oe:player:ea9ed09584feecae0991089f087d2ce,OddOrange,APA,-0.58872681
NA1/3467946694,2020-06-21,2020,Unknown,10.12,oe:team:8776b7033f1bc10634e50d90f861c1d,Supernova,lineup-9e07753e380a240e,0,pair-488c7739daa8040c,oe:player:74c97a5b51b2f1900328154b5a58a44,oe:player:f57280c82d3a38f8bf412a520e33f7f,OddOrange,PCL,-0.46141745
NA1/3467946694,2020-06-21,2020,Unknown,10.12,oe:team:8776b7033f1bc10634e50d90f861c1d,Supernova,lineup-9e07753e380a240e,0,pair-fd2f0792262052a0,oe:player:94da1452e43ac6797e36ca8f17656ad,oe:player:a9db4155cb1d90e3e20befd63d49d4a,EvanRL,Cat 2,0.47602982
NA1/3467946694,2020-06-21,2020,Unknown,10.12,oe:team:8776b7033f1bc10634e50d90f861c1d,Supernova,lineup-9e07753e380a240e,0,pair-2c92750de6aeb1ac,oe:player:94da1452e43ac6797e36ca8f17656ad,oe:player:ea9ed09584feecae0991089f087d2ce,EvanRL,APA,0.44956932
NA1/3467946694,2020-06-21,2020,Unknown,10.12,oe:team:8776b7033f1bc10634e50d90f861c1d,Supernova,lineup-9e07753e380a240e,0,pair-0ff5df7a07e7f287,oe:player:94da1452e43ac6797e36ca8f17656ad,oe:player:f57280c82d3a38f8bf412a520e33f7f,EvanRL,PCL,0.57687867
NA1/3467946694,2020-06-21,2020,Unknown,10.12,oe:team:8776b7033f1bc10634e50d90f861c1d,Supernova,lineup-9e07753e380a240e,0,pair-de486d7047d8b819,oe:player:a9db4155cb1d90e3e20befd63d49d4a,oe:player:ea9ed09584feecae0991089f087d2ce,Cat 2,APA,-0.49198851
NA1/3467946694,2020-06-21,2020,Unknown,10.12,oe:team:8776b7033f1bc10634e50d90f861c1d,Supernova,lineup-9e07753e380a240e,0,pair-709a738099d3c1d9,oe:player:a9db4155cb1d90e3e20befd63d49d4a,oe:player:f57280c82d3a38f8bf412a520e33f7f,Cat 2,PCL,-0.36467916
NA1/3467946694,2020-06-21,2020,Unknown,10.12,oe:team:8776b7033f1bc10634e50d90f861c1d,Supernova,lineup-9e07753e380a240e,0,pair-f47a4c05e4f250d4,oe:player:ea9ed09584feecae0991089f087d2ce,oe:player:f57280c82d3a38f8bf412a520e33f7f,APA,PCL,-0.39113965
NA1/3467946694,2020-06-21,2020,Unknown,10.12,oe:team:9a05c2942353d2f3d466d6bcb640459,FrostFire,lineup-33c58cee70d4aca2,1,pair-fbf1157ac77327f2,oe:player:63c69dda59be1b98c0a5c88416c7481,oe:player:6ea5eed9d404c86d3bc9d8f597869eb,Savage,Kitzuo,-0.42199752
NA1/3467946694,2020-06-21,2020,Unknown,10.12,oe:team:9a05c2942353d2f3d466d6bcb640459,FrostFire,lineup-33c58cee70d4aca2,1,pair-c1029cc8d592c30e,oe:player:63c69dda59be1b98c0a5c88416c7481,oe:player:9aa495e3b9f80194639a3941cca4d77,Savage,Dean,0.08745008
NA1/3467946694,2020-06-21,2020,Unknown,10.12,oe:team:9a05c2942353d2f3d466d6bcb640459,FrostFire,lineup-33c58cee70d4aca2,1,pair-402353c932b150a4,oe:player:63c69dda59be1b98c0a5c88416c7481,oe:player:fba26591b2a75a8e370c2d51bc9eb90,Savage,Azog,-0.00567853
NA1/3467946694,2020-06-21,2020,Unknown,10.12,oe:team:9a05c2942353d2f3d466d6bcb640459,FrostFire,lineup-33c58cee70d4aca2,1,pair-a81a566506de1de2,oe:player:63c69dda59be1b98c0a5c88416c7481,oe:player:feee48d6e5d34aed05441b8f436d729,Savage,Quas,0.72886786
NA1/3467946694,2020-06-21,2020,Unknown,10.12,oe:team:9a05c2942353d2f3d466d6bcb640459,FrostFire,lineup-33c58cee70d4aca2,1,pair-d280c3fa7bb498e4,oe:player:6ea5eed9d404c86d3bc9d8f597869eb,oe:player:9aa495e3b9f80194639a3941cca4d77,Kitzuo,Dean,-0.92527075
NA1/3467946694,2020-06-21,2020,Unknown,10.12,oe:team:9a05c2942353d2f3d466d6bcb640459,FrostFire,lineup-33c58cee70d4aca2,1,pair-8821570ce0e62c8b,oe:player:6ea5eed9d404c86d3bc9d8f597869eb,oe:player:fba26591b2a75a8e370c2d51bc9eb90,Kitzuo,Azog,-1.01839936
NA1/3467946694,2020-06-21,2020,Unknown,10.12,oe:team:9a05c2942353d2f3d466d6bcb640459,FrostFire,lineup-33c58cee70d4aca2,1,pair-95ddaa125d27c40f,oe:player:6ea5eed9d404c86d3bc9d8f597869eb,oe:player:feee48d6e5d34aed05441b8f436d729,Kitzuo,Quas,-0.28385297
NA1/3467946694,2020-06-21,2020,Unknown,10.12,oe:team:9a05c2942353d2f3d466d6bcb640459,FrostFire,lineup-33c58cee70d4aca2,1,pair-fe217131ab93fb0f,oe:player:9aa495e3b9f80194639a3941cca4d77,oe:player:fba26591b2a75a8e370c2d51bc9eb90,Dean,Azog,-0.50895176
NA1/3467946694,2020-06-21,2020,Unknown,10.12,oe:team:9a05c2942353d2f3d466d6bcb640459,FrostFire,lineup-33c58cee70d4aca2,1,pair-16ac9676026caa26,oe:player:9aa495e3b9f80194639a3941cca4d77,oe:player:feee48d6e5d34aed05441b8f436d729,Dean,Quas,0.22559463
NA1/3467946694,2020-06-21,2020,Unknown,10.12,oe:team:9a05c2942353d2f3d466d6bcb640459,FrostFire,lineup-33c58cee70d4aca2,1,pair-dd405b18bf808ecf,oe:player:fba26591b2a75a8e370c2d51bc9eb90,oe:player:feee48d6e5d34aed05441b8f436d729,Azog,Quas,0.13246602
NA1/3467947210,2020-06-22,2020,Unknown,10.12,oe:team:8776b7033f1bc10634e50d90f861c1d,Supernova,lineup-9e07753e380a240e,0,pair-50083fce2d78ff42,oe:player:74c97a5b51b2f1900328154b5a58a44,oe:player:94da1452e43ac6797e36ca8f17656ad,OddOrange,EvanRL,-0.15362784
NA1/3467947210,2020-06-22,2020,Unknown,10.12,oe:team:8776b7033f1bc10634e50d90f861c1d,Supernova,lineup-9e07753e380a240e,0,pair-82df4269bf250296,oe:player:74c97a5b51b2f1900328154b5a58a44,oe:player:a9db4155cb1d90e3e20befd63d49d4a,OddOrange,Cat 2,-0.20982989
NA1/3467947210,2020-06-22,2020,Unknown,10.12,oe:team:8776b7033f1bc10634e50d90f861c1d,Supernova,lineup-9e07753e380a240e,0,pair-98074e249ca42445,oe:player:74c97a5b51b2f1900328154b5a58a44,oe:player:ea9ed09584feecae0991089f087d2ce,OddOrange,APA,0.04739363
NA1/3467947210,2020-06-22,2020,Unknown,10.12,oe:team:8776b7033f1bc10634e50d90f861c1d,Supernova,lineup-9e07753e380a240e,0,pair-488c7739daa8040c,oe:player:74c97a5b51b2f1900328154b5a58a44,oe:player:f57280c82d3a38f8bf412a520e33f7f,OddOrange,PCL,-0.63785424
NA1/3467947210,2020-06-22,2020,Unknown,10.12,oe:team:8776b7033f1bc10634e50d90f861c1d,Supernova,lineup-9e07753e380a240e,0,pair-fd2f0792262052a0,oe:player:94da1452e43ac6797e36ca8f17656ad,oe:player:a9db4155cb1d90e3e20befd63d49d4a,EvanRL,Cat 2,-0.05339510
NA1/3467947210,2020-06-22,2020,Unknown,10.12,oe:team:8776b7033f1bc10634e50d90f861c1d,Supernova,lineup-9e07753e380a240e,0,pair-2c92750de6aeb1ac,oe:player:94da1452e43ac6797e36ca8f17656ad,oe:player:ea9ed09584feecae0991089f087d2ce,EvanRL,APA,0.20382841
NA1/3467947210,2020-06-22,2020,Unknown,10.12,oe:team:8776b7033f1bc10634e50d90f861c1d,Supernova,lineup-9e07753e380a240e,0,pair-0ff5df7a07e7f287,oe:player:94da1452e43ac6797e36ca8f17656ad,oe:player:f57280c82d3a38f8bf412a520e33f7f,EvanRL,PCL,-0.48141946
NA1/3467947210,2020-06-22,2020,Unknown,10.12,oe:team:8776b7033f1bc10634e50d90f861c1d,Supernova,lineup-9e07753e380a240e,0,pair-de486d7047d8b819,oe:player:a9db4155cb1d90e3e20befd63d49d4a,oe:player:ea9ed09584feecae0991089f087d2ce,Cat 2,APA,0.14762636
NA1/3467947210,2020-06-22,2020,Unknown,10.12,oe:team:8776b7033f1bc10634e50d90f861c1d,Supernova,lineup-9e07753e380a240e,0,pair-709a738099d3c1d9,oe:player:a9db4155cb1d90e3e20befd63d49d4a,oe:player:f57280c82d3a38f8bf412a520e33f7f,Cat 2,PCL,-0.53762151
NA1/3467947210,2020-06-22,2020,Unknown,10.12,oe:team:8776b7033f1bc10634e50d90f861c1d,Supernova,lineup-9e07753e380a240e,0,pair-f47a4c05e4f250d4,oe:player:ea9ed09584feecae0991089f087d2ce,oe:player:f57280c82d3a38f8bf412a520e33f7f,APA,PCL,-0.28039800
NA1/3467947210,2020-06-22,2020,Unknown,10.12,oe:team:9a05c2942353d2f3d466d6bcb640459,FrostFire,lineup-fe66accff0e1921c,1,pair-fbf1157ac77327f2,oe:player:63c69dda59be1b98c0a5c88416c7481,oe:player:6ea5eed9d404c86d3bc9d8f597869eb,Savage,Kitzuo,0.65350979
NA1/3467947210,2020-06-22,2020,Unknown,10.12,oe:team:9a05c2942353d2f3d466d6bcb640459,FrostFire,lineup-fe66accff0e1921c,1,pair-c1029cc8d592c30e,oe:player:63c69dda59be1b98c0a5c88416c7481,oe:player:9aa495e3b9f80194639a3941cca4d77,Savage,Dean,0.18205403
NA1/3467947210,2020-06-22,2020,Unknown,10.12,oe:team:9a05c2942353d2f3d466d6bcb640459,FrostFire,lineup-fe66accff0e1921c,1,pair-402353c932b150a4,oe:player:63c69dda59be1b98c0a5c88416c7481,oe:player:fba26591b2a75a8e370c2d51bc9eb90,Savage,Azog,0.30204000
NA1/3467947210,2020-06-22,2020,Unknown,10.12,oe:team:9a05c2942353d2f3d466d6bcb640459,FrostFire,lineup-fe66accff0e1921c,1,pair-a81a566506de1de2,oe:player:63c69dda59be1b98c0a5c88416c7481,oe:player:feee48d6e5d34aed05441b8f436d729,Savage,Quas,0.95488817
NA1/3467947210,2020-06-22,2020,Unknown,10.12,oe:team:9a05c2942353d2f3d466d6bcb640459,FrostFire,lineup-fe66accff0e1921c,1,pair-d280c3fa7bb498e4,oe:player:6ea5eed9d404c86d3bc9d8f597869eb,oe:player:9aa495e3b9f80194639a3941cca4d77,Kitzuo,Dean,0.09910633
NA1/3467947210,2020-06-22,2020,Unknown,10.12,oe:team:9a05c2942353d2f3d466d6bcb640459,FrostFire,lineup-fe66accff0e1921c,1,pair-8821570ce0e62c8b,oe:player:6ea5eed9d404c86d3bc9d8f597869eb,oe:player:fba26591b2a75a8e370c2d51bc9eb90,Kitzuo,Azog,0.21909231
NA1/3467947210,2020-06-22,2020,Unknown,10.12,oe:team:9a05c2942353d2f3d466d6bcb640459,FrostFire,lineup-fe66accff0e1921c,1,pair-95ddaa125d27c40f,oe:player:6ea5eed9d404c86d3bc9d8f597869eb,oe:player:feee48d6e5d34aed05441b8f436d729,Kitzuo,Quas,0.87194047
NA1/3467947210,2020-06-22,2020,Unknown,10.12,oe:team:9a05c2942353d2f3d466d6bcb640459,FrostFire,lineup-fe66accff0e1921c,1,pair-fe217131ab93fb0f,oe:player:9aa495e3b9f80194639a3941cca4d77,oe:player:fba26591b2a75a8e370c2d51bc9eb90,Dean,Azog,-0.25236346
NA1/3467947210,2020-06-22,2020,Unknown,10.12,oe:team:9a05c2942353d2f3d466d6bcb640459,FrostFire,lineup-fe66accff0e1921c,1,pair-16ac9676026caa26,oe:player:9aa495e3b9f80194639a3941cca4d77,oe:player:feee48d6e5d34aed05441b8f436d729,Dean,Quas,0.40048470
NA1/3467947210,2020-06-22,2020,Unknown,10.12,oe:team:9a05c2942353d2f3d466d6bcb640459,FrostFire,lineup-fe66accff0e1921c,1,pair-dd405b18bf808ecf,oe:player:fba26591b2a75a8e370c2d51bc9eb90,oe:player:feee48d6e5d34aed05441b8f436d729,Azog,Quas,0.52047068
NA1/3468365695,2020-06-21,2020,Unknown,10.12,oe:team:9034597e77937456f89960ad1b8615e,Wildcard Gaming,lineup-128e57fa4174c7f4,1,pair-267d50562c3406cf,oe:player:184d97e1a8e8130dfb0a41329b780c6,oe:player:30572b23e41315ce024a7af628da667,Dragoon,CMD ATK,-1.25469655
NA1/3468365695,2020-06-21,2020,Unknown,10.12,oe:team:9034597e77937456f89960ad1b8615e,Wildcard Gaming,lineup-128e57fa4174c7f4,1,pair-1ea9e04ef5d2daf2,oe:player:184d97e1a8e8130dfb0a41329b780c6,oe:player:c33de864be225948486047a145b4bf1,Dragoon,Le Grain,-0.09169747
NA1/3468365695,2020-06-21,2020,Unknown,10.12,oe:team:9034597e77937456f89960ad1b8615e,Wildcard Gaming,lineup-128e57fa4174c7f4,1,pair-ca5bb124c67c07fe,oe:player:184d97e1a8e8130dfb0a41329b780c6,oe:player:e57ef5f8ab42a0364a11b50f2a86b81,Dragoon,ShorterACE,-1.14997182
NA1/3468365695,2020-06-21,2020,Unknown,10.12,oe:team:9034597e77937456f89960ad1b8615e,Wildcard Gaming,lineup-128e57fa4174c7f4,1,pair-7a1d9f12ab890aa5,oe:player:184d97e1a8e8130dfb0a41329b780c6,oe:player:f8d623a78c27641412debac4080ece7,Dragoon,Joey,-0.54293433
NA1/3468365695,2020-06-21,2020,Unknown,10.12,oe:team:9034597e77937456f89960ad1b8615e,Wildcard Gaming,lineup-128e57fa4174c7f4,1,pair-efbfed8a12d2eab0,oe:player:30572b23e41315ce024a7af628da667,oe:player:c33de864be225948486047a145b4bf1,CMD ATK,Le Grain,-0.30076680
NA1/3468365695,2020-06-21,2020,Unknown,10.12,oe:team:9034597e77937456f89960ad1b8615e,Wildcard Gaming,lineup-128e57fa4174c7f4,1,pair-160afee6f92abb1f,oe:player:30572b23e41315ce024a7af628da667,oe:player:e57ef5f8ab42a0364a11b50f2a86b81,CMD ATK,ShorterACE,-1.35904115
NA1/3468365695,2020-06-21,2020,Unknown,10.12,oe:team:9034597e77937456f89960ad1b8615e,Wildcard Gaming,lineup-128e57fa4174c7f4,1,pair-a735f22b4388dcf5,oe:player:30572b23e41315ce024a7af628da667,oe:player:f8d623a78c27641412debac4080ece7,CMD ATK,Joey,-0.75200365
NA1/3468365695,2020-06-21,2020,Unknown,10.12,oe:team:9034597e77937456f89960ad1b8615e,Wildcard Gaming,lineup-128e57fa4174c7f4,1,pair-daa15feaeb1b22ef,oe:player:c33de864be225948486047a145b4bf1,oe:player:e57ef5f8ab42a0364a11b50f2a86b81,Le Grain,ShorterACE,-0.19604207
NA1/3468365695,2020-06-21,2020,Unknown,10.12,oe:team:9034597e77937456f89960ad1b8615e,Wildcard Gaming,lineup-128e57fa4174c7f4,1,pair-3ad8489f6a4815dd,oe:player:c33de864be225948486047a145b4bf1,oe:player:f8d623a78c27641412debac4080ece7,Le Grain,Joey,0.41099543
NA1/3468365695,2020-06-21,2020,Unknown,10.12,oe:team:9034597e77937456f89960ad1b8615e,Wildcard Gaming,lineup-128e57fa4174c7f4,1,pair-cb45880eb35eb4a2,oe:player:e57ef5f8ab42a0364a11b50f2a86b81,oe:player:f8d623a78c27641412debac4080ece7,ShorterACE,Joey,-0.64727892
NA1/3468365695,2020-06-21,2020,Unknown,10.12,oe:team:d1c09638d5f5bff76830781601a792d,XTGN,lineup-5eeecd56a97bcba9,0,pair-6f1b20da286d2cca,oe:player:29b67a93c1a600beb6904551c853fdd,oe:player:2e41e5848c5235a0e3def1e25027766,Trevor,Hunter,-0.47393471
NA1/3468365695,2020-06-21,2020,Unknown,10.12,oe:team:d1c09638d5f5bff76830781601a792d,XTGN,lineup-5eeecd56a97bcba9,0,pair-767dafdd45b39cce,oe:player:29b67a93c1a600beb6904551c853fdd,oe:player:4db47d64e2721bf7a93ebf42e488852,Trevor,Meech,-0.79922192
NA1/3468365695,2020-06-21,2020,Unknown,10.12,oe:team:d1c09638d5f5bff76830781601a792d,XTGN,lineup-5eeecd56a97bcba9,0,pair-74f9d116e53a308f,oe:player:29b67a93c1a600beb6904551c853fdd,oe:player:5257e05cde806e07b405ddcce85114d,Trevor,Bradley,-0.85167981
NA1/3468365695,2020-06-21,2020,Unknown,10.12,oe:team:d1c09638d5f5bff76830781601a792d,XTGN,lineup-5eeecd56a97bcba9,0,pair-2e33472098890579,oe:player:29b67a93c1a600beb6904551c853fdd,oe:player:e8aba5fbfc41b0621226b08a87e3ded,Trevor,Philip,-0.41385264
NA1/3468365695,2020-06-21,2020,Unknown,10.12,oe:team:d1c09638d5f5bff76830781601a792d,XTGN,lineup-5eeecd56a97bcba9,0,pair-53efb8bb4066ff65,oe:player:2e41e5848c5235a0e3def1e25027766,oe:player:4db47d64e2721bf7a93ebf42e488852,Hunter,Meech,-0.74699048
NA1/3468365695,2020-06-21,2020,Unknown,10.12,oe:team:d1c09638d5f5bff76830781601a792d,XTGN,lineup-5eeecd56a97bcba9,0,pair-e43cf8dadec41903,oe:player:2e41e5848c5235a0e3def1e25027766,oe:player:5257e05cde806e07b405ddcce85114d,Hunter,Bradley,-0.79944836
NA1/3468365695,2020-06-21,2020,Unknown,10.12,oe:team:d1c09638d5f5bff76830781601a792d,XTGN,lineup-5eeecd56a97bcba9,0,pair-d1e073d43657a3a3,oe:player:2e41e5848c5235a0e3def1e25027766,oe:player:e8aba5fbfc41b0621226b08a87e3ded,Hunter,Philip,-0.36162119
NA1/3468365695,2020-06-21,2020,Unknown,10.12,oe:team:d1c09638d5f5bff76830781601a792d,XTGN,lineup-5eeecd56a97bcba9,0,pair-a7fc2e47575f8d50,oe:player:4db47d64e2721bf7a93ebf42e488852,oe:player:5257e05cde806e07b405ddcce85114d,Meech,Bradley,-1.12473557
NA1/3468365695,2020-06-21,2020,Unknown,10.12,oe:team:d1c09638d5f5bff76830781601a792d,XTGN,lineup-5eeecd56a97bcba9,0,pair-b0966b91ea009259,oe:player:4db47d64e2721bf7a93ebf42e488852,oe:player:e8aba5fbfc41b0621226b08a87e3ded,Meech,Philip,-0.68690840
NA1/3468365695,2020-06-21,2020,Unknown,10.12,oe:team:d1c09638d5f5bff76830781601a792d,XTGN,lineup-5eeecd56a97bcba9,0,pair-e015d6c84213675e,oe:player:5257e05cde806e07b405ddcce85114d,oe:player:e8aba5fbfc41b0621226b08a87e3ded,Bradley,Philip,-0.73936629
NA1/3468365943,2020-06-21,2020,Unknown,10.12,oe:team:9034597e77937456f89960ad1b8615e,Wildcard Gaming,lineup-128e57fa4174c7f4,1,pair-267d50562c3406cf,oe:player:184d97e1a8e8130dfb0a41329b780c6,oe:player:30572b23e41315ce024a7af628da667,Dragoon,CMD ATK,-0.89526724
NA1/3468365943,2020-06-21,2020,Unknown,10.12,oe:team:9034597e77937456f89960ad1b8615e,Wildcard Gaming,lineup-128e57fa4174c7f4,1,pair-1ea9e04ef5d2daf2,oe:player:184d97e1a8e8130dfb0a41329b780c6,oe:player:c33de864be225948486047a145b4bf1,Dragoon,Le Grain,0.79096776
NA1/3468365943,2020-06-21,2020,Unknown,10.12,oe:team:9034597e77937456f89960ad1b8615e,Wildcard Gaming,lineup-128e57fa4174c7f4,1,pair-ca5bb124c67c07fe,oe:player:184d97e1a8e8130dfb0a41329b780c6,oe:player:e57ef5f8ab42a0364a11b50f2a86b81,Dragoon,ShorterACE,-0.63093840
NA1/3468365943,2020-06-21,2020,Unknown,10.12,oe:team:9034597e77937456f89960ad1b8615e,Wildcard Gaming,lineup-128e57fa4174c7f4,1,pair-7a1d9f12ab890aa5,oe:player:184d97e1a8e8130dfb0a41329b780c6,oe:player:f8d623a78c27641412debac4080ece7,Dragoon,Joey,-0.05158388
NA1/3468365943,2020-06-21,2020,Unknown,10.12,oe:team:9034597e77937456f89960ad1b8615e,Wildcard Gaming,lineup-128e57fa4174c7f4,1,pair-efbfed8a12d2eab0,oe:player:30572b23e41315ce024a7af628da667,oe:player:c33de864be225948486047a145b4bf1,CMD ATK,Le Grain,0.25903468
NA1/3468365943,2020-06-21,2020,Unknown,10.12,oe:team:9034597e77937456f89960ad1b8615e,Wildcard Gaming,lineup-128e57fa4174c7f4,1,pair-160afee6f92abb1f,oe:player:30572b23e41315ce024a7af628da667,oe:player:e57ef5f8ab42a0364a11b50f2a86b81,CMD ATK,ShorterACE,-1.16287148
NA1/3468365943,2020-06-21,2020,Unknown,10.12,oe:team:9034597e77937456f89960ad1b8615e,Wildcard Gaming,lineup-128e57fa4174c7f4,1,pair-a735f22b4388dcf5,oe:player:30572b23e41315ce024a7af628da667,oe:player:f8d623a78c27641412debac4080ece7,CMD ATK,Joey,-0.58351696
NA1/3468365943,2020-06-21,2020,Unknown,10.12,oe:team:9034597e77937456f89960ad1b8615e,Wildcard Gaming,lineup-128e57fa4174c7f4,1,pair-daa15feaeb1b22ef,oe:player:c33de864be225948486047a145b4bf1,oe:player:e57ef5f8ab42a0364a11b50f2a86b81,Le Grain,ShorterACE,0.52336352
NA1/3468365943,2020-06-21,2020,Unknown,10.12,oe:team:9034597e77937456f89960ad1b8615e,Wildcard Gaming,lineup-128e57fa4174c7f4,1,pair-3ad8489f6a4815dd,oe:player:c33de864be225948486047a145b4bf1,oe:player:f8d623a78c27641412debac4080ece7,Le Grain,Joey,1.10271804
NA1/3468365943,2020-06-21,2020,Unknown,10.12,oe:team:9034597e77937456f89960ad1b8615e,Wildcard Gaming,lineup-128e57fa4174c7f4,1,pair-cb45880eb35eb4a2,oe:player:e57ef5f8ab42a0364a11b50f2a86b81,oe:player:f8d623a78c27641412debac4080ece7,ShorterACE,Joey,-0.31918812
NA1/3468365943,2020-06-21,2020,Unknown,10.12,oe:team:d1c09638d5f5bff76830781601a792d,XTGN,lineup-5eeecd56a97bcba9,0,pair-6f1b20da286d2cca,oe:player:29b67a93c1a600beb6904551c853fdd,oe:player:2e41e5848c5235a0e3def1e25027766,Trevor,Hunter,-0.34406478
NA1/3468365943,2020-06-21,2020,Unknown,10.12,oe:team:d1c09638d5f5bff76830781601a792d,XTGN,lineup-5eeecd56a97bcba9,0,pair-767dafdd45b39cce,oe:player:29b67a93c1a600beb6904551c853fdd,oe:player:4db47d64e2721bf7a93ebf42e488852,Trevor,Meech,-0.28142631
NA1/3468365943,2020-06-21,2020,Unknown,10.12,oe:team:d1c09638d5f5bff76830781601a792d,XTGN,lineup-5eeecd56a97bcba9,0,pair-74f9d116e53a308f,oe:player:29b67a93c1a600beb6904551c853fdd,oe:player:5257e05cde806e07b405ddcce85114d,Trevor,Bradley,-0.71647495
NA1/3468365943,2020-06-21,2020,Unknown,10.12,oe:team:d1c09638d5f5bff76830781601a792d,XTGN,lineup-5eeecd56a97bcba9,0,pair-2e33472098890579,oe:player:29b67a93c1a600beb6904551c853fdd,oe:player:e8aba5fbfc41b0621226b08a87e3ded,Trevor,Philip,-0.54557027
NA1/3468365943,2020-06-21,2020,Unknown,10.12,oe:team:d1c09638d5f5bff76830781601a792d,XTGN,lineup-5eeecd56a97bcba9,0,pair-53efb8bb4066ff65,oe:player:2e41e5848c5235a0e3def1e25027766,oe:player:4db47d64e2721bf7a93ebf42e488852,Hunter,Meech,-0.49488531
NA1/3468365943,2020-06-21,2020,Unknown,10.12,oe:team:d1c09638d5f5bff76830781601a792d,XTGN,lineup-5eeecd56a97bcba9,0,pair-e43cf8dadec41903,oe:player:2e41e5848c5235a0e3def1e25027766,oe:player:5257e05cde806e07b405ddcce85114d,Hunter,Bradley,-0.92993395
NA1/3468365943,2020-06-21,2020,Unknown,10.12,oe:team:d1c09638d5f5bff76830781601a792d,XTGN,lineup-5eeecd56a97bcba9,0,pair-d1e073d43657a3a3,oe:player:2e41e5848c5235a0e3def1e25027766,oe:player:e8aba5fbfc41b0621226b08a87e3ded,Hunter,Philip,-0.75902927
NA1/3468365943,2020-06-21,2020,Unknown,10.12,oe:team:d1c09638d5f5bff76830781601a792d,XTGN,lineup-5eeecd56a97bcba9,0,pair-a7fc2e47575f8d50,oe:player:4db47d64e2721bf7a93ebf42e488852,oe:player:5257e05cde806e07b405ddcce85114d,Meech,Bradley,-0.86729547
NA1/3468365943,2020-06-21,2020,Unknown,10.12,oe:team:d1c09638d5f5bff76830781601a792d,XTGN,lineup-5eeecd56a97bcba9,0,pair-b0966b91ea009259,oe:player:4db47d64e2721bf7a93ebf42e488852,oe:player:e8aba5fbfc41b0621226b08a87e3ded,Meech,Philip,-0.69639080
NA1/3468365943,2020-06-21,2020,Unknown,10.12,oe:team:d1c09638d5f5bff76830781601a792d,XTGN,lineup-5eeecd56a97bcba9,0,pair-e015d6c84213675e,oe:player:5257e05cde806e07b405ddcce85114d,oe:player:e8aba5fbfc41b0621226b08a87e3ded,Bradley,Philip,-1.13143943
NA1/3468395347,2020-06-21,2020,Unknown,10.12,oe:team:01a3132448697cecc30364f52173670,Team Fish Taco,lineup-d167862721c31d77,0,pair-5fc7172a15bc8292,oe:player:5c8ad2b8fe87d5143f0d025fd2dd98b,oe:player:6d83c7f600d41c7514e73d3fcf89271,dog2,inchesevan,-0.12571584
NA1/3468395347,2020-06-21,2020,Unknown,10.12,oe:team:01a3132448697cecc30364f52173670,Team Fish Taco,lineup-d167862721c31d77,0,pair-14930f2ff291b81c,oe:player:5c8ad2b8fe87d5143f0d025fd2dd98b,oe:player:7a78bf39eb58a9d2cb2190206127115,dog2,wispe,-0.07432474
NA1/3468395347,2020-06-21,2020,Unknown,10.12,oe:team:01a3132448697cecc30364f52173670,Team Fish Taco,lineup-d167862721c31d77,0,pair-4cfc41561567a59b,oe:player:5c8ad2b8fe87d5143f0d025fd2dd98b,oe:player:9e4cab8a6c3041527f605caf9913072,dog2,Strompest,-0.32480958
NA1/3468395347,2020-06-21,2020,Unknown,10.12,oe:team:01a3132448697cecc30364f52173670,Team Fish Taco,lineup-d167862721c31d77,0,pair-1d1eda6861c74d03,oe:player:5c8ad2b8fe87d5143f0d025fd2dd98b,oe:player:b1608dc23a218a150a431be676f3fe4,dog2,RoseThorn,0.07778101
NA1/3468395347,2020-06-21,2020,Unknown,10.12,oe:team:01a3132448697cecc30364f52173670,Team Fish Taco,lineup-d167862721c31d77,0,pair-ce337372698b1be5,oe:player:6d83c7f600d41c7514e73d3fcf89271,oe:player:7a78bf39eb58a9d2cb2190206127115,inchesevan,wispe,-0.41029552
NA1/3468395347,2020-06-21,2020,Unknown,10.12,oe:team:01a3132448697cecc30364f52173670,Team Fish Taco,lineup-d167862721c31d77,0,pair-d0e56080d4c400e9,oe:player:6d83c7f600d41c7514e73d3fcf89271,oe:player:9e4cab8a6c3041527f605caf9913072,inchesevan,Strompest,-0.66078037
NA1/3468395347,2020-06-21,2020,Unknown,10.12,oe:team:01a3132448697cecc30364f52173670,Team Fish Taco,lineup-d167862721c31d77,0,pair-02d1df0f8788894f,oe:player:6d83c7f600d41c7514e73d3fcf89271,oe:player:b1608dc23a218a150a431be676f3fe4,inchesevan,RoseThorn,-0.25818978
NA1/3468395347,2020-06-21,2020,Unknown,10.12,oe:team:01a3132448697cecc30364f52173670,Team Fish Taco,lineup-d167862721c31d77,0,pair-073fe8bafbd78627,oe:player:7a78bf39eb58a9d2cb2190206127115,oe:player:9e4cab8a6c3041527f605caf9913072,wispe,Strompest,-0.60938926
NA1/3468395347,2020-06-21,2020,Unknown,10.12,oe:team:01a3132448697cecc30364f52173670,Team Fish Taco,lineup-d167862721c31d77,0,pair-7cd47a4e805f4762,oe:player:7a78bf39eb58a9d2cb2190206127115,oe:player:b1608dc23a218a150a431be676f3fe4,wispe,RoseThorn,-0.20679867
NA1/3468395347,2020-06-21,2020,Unknown,10.12,oe:team:01a3132448697cecc30364f52173670,Team Fish Taco,lineup-d167862721c31d77,0,pair-b265d92e2952dddd,oe:player:9e4cab8a6c3041527f605caf9913072,oe:player:b1608dc23a218a150a431be676f3fe4,Strompest,RoseThorn,-0.45728351
NA1/3468395347,2020-06-21,2020,Unknown,10.12,oe:team:9336ce46babf314b50e3a103506ae0a,Maryville University,lineup-be8375464f55e0ae,1,pair-48a4dcc920c88ef2,oe:player:0b68ac457a26959211f0f624459a328,oe:player:35d2ca59893919e79b8611473b36021,Wolfe,Shady,0.28525882
NA1/3468395347,2020-06-21,2020,Unknown,10.12,oe:team:9336ce46babf314b50e3a103506ae0a,Maryville University,lineup-be8375464f55e0ae,1,pair-fe7b4976dc1fbfdd,oe:player:0b68ac457a26959211f0f624459a328,oe:player:689202409e48743b914713f96d93947,Wolfe,Value,-0.43883987
NA1/3468395347,2020-06-21,2020,Unknown,10.12,oe:team:9336ce46babf314b50e3a103506ae0a,Maryville University,lineup-be8375464f55e0ae,1,pair-c0908a88f0ce18c3,oe:player:0b68ac457a26959211f0f624459a328,oe:player:c49aafa1ffe9c24aa459e5cf851ddfc,Wolfe,Niles,-0.53111603
NA1/3468395347,2020-06-21,2020,Unknown,10.12,oe:team:9336ce46babf314b50e3a103506ae0a,Maryville University,lineup-be8375464f55e0ae,1,pair-d88185eccceea8d3,oe:player:0b68ac457a26959211f0f624459a328,oe:player:f61764e99a8cc0851a73c850fd43b0c,Wolfe,Amazo,0.07348790
NA1/3468395347,2020-06-21,2020,Unknown,10.12,oe:team:9336ce46babf314b50e3a103506ae0a,Maryville University,lineup-be8375464f55e0ae,1,pair-2433f3dcb3859f59,oe:player:35d2ca59893919e79b8611473b36021,oe:player:689202409e48743b914713f96d93947,Shady,Value,-0.06215843
NA1/3468395347,2020-06-21,2020,Unknown,10.12,oe:team:9336ce46babf314b50e3a103506ae0a,Maryville University,lineup-be8375464f55e0ae,1,pair-e56269f3f21d5e97,oe:player:35d2ca59893919e79b8611473b36021,oe:player:c49aafa1ffe9c24aa459e5cf851ddfc,Shady,Niles,-0.15443460
NA1/3468395347,2020-06-21,2020,Unknown,10.12,oe:team:9336ce46babf314b50e3a103506ae0a,Maryville University,lineup-be8375464f55e0ae,1,pair-6e7ed0dd44d0b88a,oe:player:35d2ca59893919e79b8611473b36021,oe:player:f61764e99a8cc0851a73c850fd43b0c,Shady,Amazo,0.45016934
NA1/3468395347,2020-06-21,2020,Unknown,10.12,oe:team:9336ce46babf314b50e3a103506ae0a,Maryville University,lineup-be8375464f55e0ae,1,pair-5868f24c8b982a38,oe:player:689202409e48743b914713f96d93947,oe:player:c49aafa1ffe9c24aa459e5cf851ddfc,Value,Niles,-0.87853328
NA1/3468395347,2020-06-21,2020,Unknown,10.12,oe:team:9336ce46babf314b50e3a103506ae0a,Maryville University,lineup-be8375464f55e0ae,1,pair-4956fa902ea0a937,oe:player:689202409e48743b914713f96d93947,oe:player:f61764e99a8cc0851a73c850fd43b0c,Value,Amazo,-0.27392935
NA1/3468395347,2020-06-21,2020,Unknown,10.12,oe:team:9336ce46babf314b50e3a103506ae0a,Maryville University,lineup-be8375464f55e0ae,1,pair-0f848a33d23139ff,oe:player:c49aafa1ffe9c24aa459e5cf851ddfc,oe:player:f61764e99a8cc0851a73c850fd43b0c,Niles,Amazo,-0.36620551
NA1/3468395641,2020-06-21,2020,Unknown,10.12,oe:team:01a3132448697cecc30364f52173670,Team Fish Taco,lineup-d167862721c31d77,1,pair-5fc7172a15bc8292,oe:player:5c8ad2b8fe87d5143f0d025fd2dd98b,oe:player:6d83c7f600d41c7514e73d3fcf89271,dog2,inchesevan,-0.13250506
NA1/3468395641,2020-06-21,2020,Unknown,10.12,oe:team:01a3132448697cecc30364f52173670,Team Fish Taco,lineup-d167862721c31d77,1,pair-14930f2ff291b81c,oe:player:5c8ad2b8fe87d5143f0d025fd2dd98b,oe:player:7a78bf39eb58a9d2cb2190206127115,dog2,wispe,0.07003386
NA1/3468395641,2020-06-21,2020,Unknown,10.12,oe:team:01a3132448697cecc30364f52173670,Team Fish Taco,lineup-d167862721c31d77,1,pair-4cfc41561567a59b,oe:player:5c8ad2b8fe87d5143f0d025fd2dd98b,oe:player:9e4cab8a6c3041527f605caf9913072,dog2,Strompest,0.77695925
NA1/3468395641,2020-06-21,2020,Unknown,10.12,oe:team:01a3132448697cecc30364f52173670,Team Fish Taco,lineup-d167862721c31d77,1,pair-1d1eda6861c74d03,oe:player:5c8ad2b8fe87d5143f0d025fd2dd98b,oe:player:b1608dc23a218a150a431be676f3fe4,dog2,RoseThorn,0.04499866
NA1/3468395641,2020-06-21,2020,Unknown,10.12,oe:team:01a3132448697cecc30364f52173670,Team Fish Taco,lineup-d167862721c31d77,1,pair-ce337372698b1be5,oe:player:6d83c7f600d41c7514e73d3fcf89271,oe:player:7a78bf39eb58a9d2cb2190206127115,inchesevan,wispe,0.81069026
NA1/3468395641,2020-06-21,2020,Unknown,10.12,oe:team:01a3132448697cecc30364f52173670,Team Fish Taco,lineup-d167862721c31d77,1,pair-d0e56080d4c400e9,oe:player:6d83c7f600d41c7514e73d3fcf89271,oe:player:9e4cab8a6c3041527f605caf9913072,inchesevan,Strompest,1.51761565
NA1/3468395641,2020-06-21,2020,Unknown,10.12,oe:team:01a3132448697cecc30364f52173670,Team Fish Taco,lineup-d167862721c31d77,1,pair-02d1df0f8788894f,oe:player:6d83c7f600d41c7514e73d3fcf89271,oe:player:b1608dc23a218a150a431be676f3fe4,inchesevan,RoseThorn,0.78565506
NA1/3468395641,2020-06-21,2020,Unknown,10.12,oe:team:01a3132448697cecc30364f52173670,Team Fish Taco,lineup-d167862721c31d77,1,pair-073fe8bafbd78627,oe:player:7a78bf39eb58a9d2cb2190206127115,oe:player:9e4cab8a6c3041527f605caf9913072,wispe,Strompest,1.72015457
NA1/3468395641,2020-06-21,2020,Unknown,10.12,oe:team:01a3132448697cecc30364f52173670,Team Fish Taco,lineup-d167862721c31d77,1,pair-7cd47a4e805f4762,oe:player:7a78bf39eb58a9d2cb2190206127115,oe:player:b1608dc23a218a150a431be676f3fe4,wispe,RoseThorn,0.98819398
NA1/3468395641,2020-06-21,2020,Unknown,10.12,oe:team:01a3132448697cecc30364f52173670,Team Fish Taco,lineup-d167862721c31d77,1,pair-b265d92e2952dddd,oe:player:9e4cab8a6c3041527f605caf9913072,oe:player:b1608dc23a218a150a431be676f3fe4,Strompest,RoseThorn,1.69511936
NA1/3468395641,2020-06-21,2020,Unknown,10.12,oe:team:9336ce46babf314b50e3a103506ae0a,Maryville University,lineup-be8375464f55e0ae,0,pair-48a4dcc920c88ef2,oe:player:0b68ac457a26959211f0f624459a328,oe:player:35d2ca59893919e79b8611473b36021,Wolfe,Shady,0.57005609
NA1/3468395641,2020-06-21,2020,Unknown,10.12,oe:team:9336ce46babf314b50e3a103506ae0a,Maryville University,lineup-be8375464f55e0ae,0,pair-fe7b4976dc1fbfdd,oe:player:0b68ac457a26959211f0f624459a328,oe:player:689202409e48743b914713f96d93947,Wolfe,Value,1.18557280
NA1/3468395641,2020-06-21,2020,Unknown,10.12,oe:team:9336ce46babf314b50e3a103506ae0a,Maryville University,lineup-be8375464f55e0ae,0,pair-c0908a88f0ce18c3,oe:player:0b68ac457a26959211f0f624459a328,oe:player:c49aafa1ffe9c24aa459e5cf851ddfc,Wolfe,Niles,2.07323692
NA1/3468395641,2020-06-21,2020,Unknown,10.12,oe:team:9336ce46babf314b50e3a103506ae0a,Maryville University,lineup-be8375464f55e0ae,0,pair-d88185eccceea8d3,oe:player:0b68ac457a26959211f0f624459a328,oe:player:f61764e99a8cc0851a73c850fd43b0c,Wolfe,Amazo,0.80385480
NA1/3468395641,2020-06-21,2020,Unknown,10.12,oe:team:9336ce46babf314b50e3a103506ae0a,Maryville University,lineup-be8375464f55e0ae,0,pair-2433f3dcb3859f59,oe:player:35d2ca59893919e79b8611473b36021,oe:player:689202409e48743b914713f96d93947,Shady,Value,-0.01611702
NA1/3468395641,2020-06-21,2020,Unknown,10.12,oe:team:9336ce46babf314b50e3a103506ae0a,Maryville University,lineup-be8375464f55e0ae,0,pair-e56269f3f21d5e97,oe:player:35d2ca59893919e79b8611473b36021,oe:player:c49aafa1ffe9c24aa459e5cf851ddfc,Shady,Niles,0.87154710
NA1/3468395641,2020-06-21,2020,Unknown,10.12,oe:team:9336ce46babf314b50e3a103506ae0a,Maryville University,lineup-be8375464f55e0ae,0,pair-6e7ed0dd44d0b88a,oe:player:35d2ca59893919e79b8611473b36021,oe:player:f61764e99a8cc0851a73c850fd43b0c,Shady,Amazo,-0.39783503
NA1/3468395641,2020-06-21,2020,Unknown,10.12,oe:team:9336ce46babf314b50e3a103506ae0a,Maryville University,lineup-be8375464f55e0ae,0,pair-5868f24c8b982a38,oe:player:689202409e48743b914713f96d93947,oe:player:c49aafa1ffe9c24aa459e5cf851ddfc,Value,Niles,1.48706381
NA1/3468395641,2020-06-21,2020,Unknown,10.12,oe:team:9336ce46babf314b50e3a103506ae0a,Maryville University,lineup-be8375464f55e0ae,0,pair-4956fa902ea0a937,oe:player:689202409e48743b914713f96d93947,oe:player:f61764e99a8cc0851a73c850fd43b0c,Value,Amazo,0.21768169
NA1/3468395641,2020-06-21,2020,Unknown,10.12,oe:team:9336ce46babf314b50e3a103506ae0a,Maryville University,lineup-be8375464f55e0ae,0,pair-0f848a33d23139ff,oe:player:c49aafa1ffe9c24aa459e5cf851ddfc,oe:player:f61764e99a8cc0851a73c850fd43b0c,Niles,Amazo,1.10534581
NA1/3468396080,2020-06-22,2020,Unknown,10.12,oe:team:01a3132448697cecc30364f52173670,Team Fish Taco,lineup-d167862721c31d77,1,pair-5fc7172a15bc8292,oe:player:5c8ad2b8fe87d5143f0d025fd2dd98b,oe:player:6d83c7f600d41c7514e73d3fcf89271,dog2,inchesevan,-0.87497737
NA1/3468396080,2020-06-22,2020,Unknown,10.12,oe:team:01a3132448697cecc30364f52173670,Team Fish Taco,lineup-d167862721c31d77,1,pair-14930f2ff291b81c,oe:player:5c8ad2b8fe87d5143f0d025fd2dd98b,oe:player:7a78bf39eb58a9d2cb2190206127115,dog2,wispe,0.09616915
NA1/3468396080,2020-06-22,2020,Unknown,10.12,oe:team:01a3132448697cecc30364f52173670,Team Fish Taco,lineup-d167862721c31d77,1,pair-4cfc41561567a59b,oe:player:5c8ad2b8fe87d5143f0d025fd2dd98b,oe:player:9e4cab8a6c3041527f605caf9913072,dog2,Strompest,-0.66144855
NA1/3468396080,2020-06-22,2020,Unknown,10.12,oe:team:01a3132448697cecc30364f52173670,Team Fish Taco,lineup-d167862721c31d77,1,pair-1d1eda6861c74d03,oe:player:5c8ad2b8fe87d5143f0d025fd2dd98b,oe:player:b1608dc23a218a150a431be676f3fe4,dog2,RoseThorn,0.02887473
NA1/3468396080,2020-06-22,2020,Unknown,10.12,oe:team:01a3132448697cecc30364f52173670,Team Fish Taco,lineup-d167862721c31d77,1,pair-ce337372698b1be5,oe:player:6d83c7f600d41c7514e73d3fcf89271,oe:player:7a78bf39eb58a9d2cb2190206127115,inchesevan,wispe,0.17386728
NA1/3468396080,2020-06-22,2020,Unknown,10.12,oe:team:01a3132448697cecc30364f52173670,Team Fish Taco,lineup-d167862721c31d77,1,pair-d0e56080d4c400e9,oe:player:6d83c7f600d41c7514e73d3fcf89271,oe:player:9e4cab8a6c3041527f605caf9913072,inchesevan,Strompest,-0.58375042
NA1/3468396080,2020-06-22,2020,Unknown,10.12,oe:team:01a3132448697cecc30364f52173670,Team Fish Taco,lineup-d167862721c31d77,1,pair-02d1df0f8788894f,oe:player:6d83c7f600d41c7514e73d3fcf89271,oe:player:b1608dc23a218a150a431be676f3fe4,inchesevan,RoseThorn,0.10657287
NA1/3468396080,2020-06-22,2020,Unknown,10.12,oe:team:01a3132448697cecc30364f52173670,Team Fish Taco,lineup-d167862721c31d77,1,pair-073fe8bafbd78627,oe:player:7a78bf39eb58a9d2cb2190206127115,oe:player:9e4cab8a6c3041527f605caf9913072,wispe,Strompest,0.38739610
NA1/3468396080,2020-06-22,2020,Unknown,10.12,oe:team:01a3132448697cecc30364f52173670,Team Fish Taco,lineup-d167862721c31d77,1,pair-7cd47a4e805f4762,oe:player:7a78bf39eb58a9d2cb2190206127115,oe:player:b1608dc23a218a150a431be676f3fe4,wispe,RoseThorn,1.07771939
NA1/3468396080,2020-06-22,2020,Unknown,10.12,oe:team:01a3132448697cecc30364f52173670,Team Fish Taco,lineup-d167862721c31d77,1,pair-b265d92e2952dddd,oe:player:9e4cab8a6c3041527f605caf9913072,oe:player:b1608dc23a218a150a431be676f3fe4,Strompest,RoseThorn,0.32010168
NA1/3468396080,2020-06-22,2020,Unknown,10.12,oe:team:9336ce46babf314b50e3a103506ae0a,Maryville University,lineup-be8375464f55e0ae,0,pair-48a4dcc920c88ef2,oe:player:0b68ac457a26959211f0f624459a328,oe:player:35d2ca59893919e79b8611473b36021,Wolfe,Shady,-0.26350765
NA1/3468396080,2020-06-22,2020,Unknown,10.12,oe:team:9336ce46babf314b50e3a103506ae0a,Maryville University,lineup-be8375464f55e0ae,0,pair-fe7b4976dc1fbfdd,oe:player:0b68ac457a26959211f0f624459a328,oe:player:689202409e48743b914713f96d93947,Wolfe,Value,-0.00515339
NA1/3468396080,2020-06-22,2020,Unknown,10.12,oe:team:9336ce46babf314b50e3a103506ae0a,Maryville University,lineup-be8375464f55e0ae,0,pair-c0908a88f0ce18c3,oe:player:0b68ac457a26959211f0f624459a328,oe:player:c49aafa1ffe9c24aa459e5cf851ddfc,Wolfe,Niles,-0.02834337
NA1/3468396080,2020-06-22,2020,Unknown,10.12,oe:team:9336ce46babf314b50e3a103506ae0a,Maryville University,lineup-be8375464f55e0ae,0,pair-d88185eccceea8d3,oe:player:0b68ac457a26959211f0f624459a328,oe:player:f61764e99a8cc0851a73c850fd43b0c,Wolfe,Amazo,0.01902782
NA1/3468396080,2020-06-22,2020,Unknown,10.12,oe:team:9336ce46babf314b50e3a103506ae0a,Maryville University,lineup-be8375464f55e0ae,0,pair-2433f3dcb3859f59,oe:player:35d2ca59893919e79b8611473b36021,oe:player:689202409e48743b914713f96d93947,Shady,Value,-0.89117533
NA1/3468396080,2020-06-22,2020,Unknown,10.12,oe:team:9336ce46babf314b50e3a103506ae0a,Maryville University,lineup-be8375464f55e0ae,0,pair-e56269f3f21d5e97,oe:player:35d2ca59893919e79b8611473b36021,oe:player:c49aafa1ffe9c24aa459e5cf851ddfc,Shady,Niles,-0.91436531
NA1/3468396080,2020-06-22,2020,Unknown,10.12,oe:team:9336ce46babf314b50e3a103506ae0a,Maryville University,lineup-be8375464f55e0ae,0,pair-6e7ed0dd44d0b88a,oe:player:35d2ca59893919e79b8611473b36021,oe:player:f61764e99a8cc0851a73c850fd43b0c,Shady,Amazo,-0.86699412
NA1/3468396080,2020-06-22,2020,Unknown,10.12,oe:team:9336ce46babf314b50e3a103506ae0a,Maryville University,lineup-be8375464f55e0ae,0,pair-5868f24c8b982a38,oe:player:689202409e48743b914713f96d93947,oe:player:c49aafa1ffe9c24aa459e5cf851ddfc,Value,Niles,-0.65601105
NA1/3468396080,2020-06-22,2020,Unknown,10.12,oe:team:9336ce46babf314b50e3a103506ae0a,Maryville University,lineup-be8375464f55e0ae,0,pair-4956fa902ea0a937,oe:player:689202409e48743b914713f96d93947,oe:player:f61764e99a8cc0851a73c850fd43b0c,Value,Amazo,-0.60863986
NA1/3468396080,2020-06-22,2020,Unknown,10.12,oe:team:9336ce46babf314b50e3a103506ae0a,Maryville University,lineup-be8375464f55e0ae,0,pair-0f848a33d23139ff,oe:player:c49aafa1ffe9c24aa459e5cf851ddfc,oe:player:f61764e99a8cc0851a73c850fd43b0c,Niles,Amazo,-0.63182984
NA1/3468415251,2020-06-21,2020,Unknown,10.12,oe:team:2360b31c1628a21ddd778891dabac91,Dark Matter,lineup-69175d92d0491515,0,pair-b2f881bb09d09403,oe:player:78c048012bab5e09a863c4754baa274,oe:player:9d725c685255624f25159a3493f0c5e,Zile,Saint Daniel,0.16824604
NA1/3468415251,2020-06-21,2020,Unknown,10.12,oe:team:2360b31c1628a21ddd778891dabac91,Dark Matter,lineup-69175d92d0491515,0,pair-7857ac1cdf201068,oe:player:78c048012bab5e09a863c4754baa274,oe:player:b290ece1cdd4fca4794af2d5cf86ef7,Zile,Gible,0.15345820
NA1/3468415251,2020-06-21,2020,Unknown,10.12,oe:team:2360b31c1628a21ddd778891dabac91,Dark Matter,lineup-69175d92d0491515,0,pair-d0b8c376c9a85cde,oe:player:78c048012bab5e09a863c4754baa274,oe:player:b415fb792209708ad6921cca2e73aff,Zile,Spirax,0.95376994
NA1/3468415251,2020-06-21,2020,Unknown,10.12,oe:team:2360b31c1628a21ddd778891dabac91,Dark Matter,lineup-69175d92d0491515,0,pair-b90523fcc8fc13c1,oe:player:78c048012bab5e09a863c4754baa274,oe:player:b4d68660c4a56181cd886fe5ecc08f7,Zile,Spider,0.23634235
NA1/3468415251,2020-06-21,2020,Unknown,10.12,oe:team:2360b31c1628a21ddd778891dabac91,Dark Matter,lineup-69175d92d0491515,0,pair-231fd6b4ecfc300a,oe:player:9d725c685255624f25159a3493f0c5e,oe:player:b290ece1cdd4fca4794af2d5cf86ef7,Saint Daniel,Gible,-0.28139786
NA1/3468415251,2020-06-21,2020,Unknown,10.12,oe:team:2360b31c1628a21ddd778891dabac91,Dark Matter,lineup-69175d92d0491515,0,pair-740c3419df79f56f,oe:player:9d725c685255624f25159a3493f0c5e,oe:player:b415fb792209708ad6921cca2e73aff,Saint Daniel,Spirax,0.51891387
NA1/3468415251,2020-06-21,2020,Unknown,10.12,oe:team:2360b31c1628a21ddd778891dabac91,Dark Matter,lineup-69175d92d0491515,0,pair-dd11417e52ccee72,oe:player:9d725c685255624f25159a3493f0c5e,oe:player:b4d68660c4a56181cd886fe5ecc08f7,Saint Daniel,Spider,-0.19851371
NA1/3468415251,2020-06-21,2020,Unknown,10.12,oe:team:2360b31c1628a21ddd778891dabac91,Dark Matter,lineup-69175d92d0491515,0,pair-c06e14244744a92f,oe:player:b290ece1cdd4fca4794af2d5cf86ef7,oe:player:b415fb792209708ad6921cca2e73aff,Gible,Spirax,0.50412603
NA1/3468415251,2020-06-21,2020,Unknown,10.12,oe:team:2360b31c1628a21ddd778891dabac91,Dark Matter,lineup-69175d92d0491515,0,pair-a91e9aeb2f692c4e,oe:player:b290ece1cdd4fca4794af2d5cf86ef7,oe:player:b4d68660c4a56181cd886fe5ecc08f7,Gible,Spider,-0.21330155
NA1/3468415251,2020-06-21,2020,Unknown,10.12,oe:team:2360b31c1628a21ddd778891dabac91,Dark Matter,lineup-69175d92d0491515,0,pair-260221513ea90765,oe:player:b415fb792209708ad6921cca2e73aff,oe:player:b4d68660c4a56181cd886fe5ecc08f7,Spirax,Spider,0.58701018
NA1/3468415251,2020-06-21,2020,Unknown,10.12,oe:team:955d9ba35580bdcc7bed3f11736b0f7,Radiance,lineup-6ee7665bdc3b33d7,1,pair-ac630bc77f2f5bc0,oe:player:3f87e25690ea3bdeb998259fb45445c,oe:player:580f08754dbf1bc64145f212ed0170b,Engo,Cao,-0.31060811
NA1/3468415251,2020-06-21,2020,Unknown,10.12,oe:team:955d9ba35580bdcc7bed3f11736b0f7,Radiance,lineup-6ee7665bdc3b33d7,1,pair-9b58251b56a315dd,oe:player:3f87e25690ea3bdeb998259fb45445c,oe:player:75614c3fca429c06226ca2518abb73a,Engo,Avi,-0.64767532
NA1/3468415251,2020-06-21,2020,Unknown,10.12,oe:team:955d9ba35580bdcc7bed3f11736b0f7,Radiance,lineup-6ee7665bdc3b33d7,1,pair-d0a9c1dccd0f0b50,oe:player:3f87e25690ea3bdeb998259fb45445c,oe:player:aa7b13aaac8ab04283ce9626c6399d0,Engo,Young,0.42504588
NA1/3468415251,2020-06-21,2020,Unknown,10.12,oe:team:955d9ba35580bdcc7bed3f11736b0f7,Radiance,lineup-6ee7665bdc3b33d7,1,pair-19c130abeb08e7d8,oe:player:3f87e25690ea3bdeb998259fb45445c,oe:player:f38b290539da4d4463b98ec1a3d2194,Engo,AndyBendy,-0.01808617
NA1/3468415251,2020-06-21,2020,Unknown,10.12,oe:team:955d9ba35580bdcc7bed3f11736b0f7,Radiance,lineup-6ee7665bdc3b33d7,1,pair-2b600efa94d21c81,oe:player:580f08754dbf1bc64145f212ed0170b,oe:player:75614c3fca429c06226ca2518abb73a,Cao,Avi,-0.13886441
NA1/3468415251,2020-06-21,2020,Unknown,10.12,oe:team:955d9ba35580bdcc7bed3f11736b0f7,Radiance,lineup-6ee7665bdc3b33d7,1,pair-678c078694bbc44c,oe:player:580f08754dbf1bc64145f212ed0170b,oe:player:aa7b13aaac8ab04283ce9626c6399d0,Cao,Young,0.93385680
NA1/3468415251,2020-06-21,2020,Unknown,10.12,oe:team:955d9ba35580bdcc7bed3f11736b0f7,Radiance,lineup-6ee7665bdc3b33d7,1,pair-a78cba1f897e4510,oe:player:580f08754dbf1bc64145f212ed0170b,oe:player:f38b290539da4d4463b98ec1a3d2194,Cao,AndyBendy,0.49072474
NA1/3468415251,2020-06-21,2020,Unknown,10.12,oe:team:955d9ba35580bdcc7bed3f11736b0f7,Radiance,lineup-6ee7665bdc3b33d7,1,pair-768b1c9dc14b04bc,oe:player:75614c3fca429c06226ca2518abb73a,oe:player:aa7b13aaac8ab04283ce9626c6399d0,Avi,Young,0.59678959
NA1/3468415251,2020-06-21,2020,Unknown,10.12,oe:team:955d9ba35580bdcc7bed3f11736b0f7,Radiance,lineup-6ee7665bdc3b33d7,1,pair-a8a71dc159a65805,oe:player:75614c3fca429c06226ca2518abb73a,oe:player:f38b290539da4d4463b98ec1a3d2194,Avi,AndyBendy,0.15365753
NA1/3468415251,2020-06-21,2020,Unknown,10.12,oe:team:955d9ba35580bdcc7bed3f11736b0f7,Radiance,lineup-6ee7665bdc3b33d7,1,pair-7498026bdb707d97,oe:player:aa7b13aaac8ab04283ce9626c6399d0,oe:player:f38b290539da4d4463b98ec1a3d2194,Young,AndyBendy,1.22637874
NA1/3468415721,2020-06-22,2020,Unknown,10.12,oe:team:2360b31c1628a21ddd778891dabac91,Dark Matter,lineup-69175d92d0491515,0,pair-b2f881bb09d09403,oe:player:78c048012bab5e09a863c4754baa274,oe:player:9d725c685255624f25159a3493f0c5e,Zile,Saint Daniel,0.18109533
NA1/3468415721,2020-06-22,2020,Unknown,10.12,oe:team:2360b31c1628a21ddd778891dabac91,Dark Matter,lineup-69175d92d0491515,0,pair-7857ac1cdf201068,oe:player:78c048012bab5e09a863c4754baa274,oe:player:b290ece1cdd4fca4794af2d5cf86ef7,Zile,Gible,-0.05819492
NA1/3468415721,2020-06-22,2020,Unknown,10.12,oe:team:2360b31c1628a21ddd778891dabac91,Dark Matter,lineup-69175d92d0491515,0,pair-d0b8c376c9a85cde,oe:player:78c048012bab5e09a863c4754baa274,oe:player:b415fb792209708ad6921cca2e73aff,Zile,Spirax,0.48276645
NA1/3468415721,2020-06-22,2020,Unknown,10.12,oe:team:2360b31c1628a21ddd778891dabac91,Dark Matter,lineup-69175d92d0491515,0,pair-b90523fcc8fc13c1,oe:player:78c048012bab5e09a863c4754baa274,oe:player:b4d68660c4a56181cd886fe5ecc08f7,Zile,Spider,0.41097150
NA1/3468415721,2020-06-22,2020,Unknown,10.12,oe:team:2360b31c1628a21ddd778891dabac91,Dark Matter,lineup-69175d92d0491515,0,pair-231fd6b4ecfc300a,oe:player:9d725c685255624f25159a3493f0c5e,oe:player:b290ece1cdd4fca4794af2d5cf86ef7,Saint Daniel,Gible,0.06495417
NA1/3468415721,2020-06-22,2020,Unknown,10.12,oe:team:2360b31c1628a21ddd778891dabac91,Dark Matter,lineup-69175d92d0491515,0,pair-740c3419df79f56f,oe:player:9d725c685255624f25159a3493f0c5e,oe:player:b415fb792209708ad6921cca2e73aff,Saint Daniel,Spirax,0.60591555
NA1/3468415721,2020-06-22,2020,Unknown,10.12,oe:team:2360b31c1628a21ddd778891dabac91,Dark Matter,lineup-69175d92d0491515,0,pair-dd11417e52ccee72,oe:player:9d725c685255624f25159a3493f0c5e,oe:player:b4d68660c4a56181cd886fe5ecc08f7,Saint Daniel,Spider,0.53412060
NA1/3468415721,2020-06-22,2020,Unknown,10.12,oe:team:2360b31c1628a21ddd778891dabac91,Dark Matter,lineup-69175d92d0491515,0,pair-c06e14244744a92f,oe:player:b290ece1cdd4fca4794af2d5cf86ef7,oe:player:b415fb792209708ad6921cca2e73aff,Gible,Spirax,0.36662530
NA1/3468415721,2020-06-22,2020,Unknown,10.12,oe:team:2360b31c1628a21ddd778891dabac91,Dark Matter,lineup-69175d92d0491515,0,pair-a91e9aeb2f692c4e,oe:player:b290ece1cdd4fca4794af2d5cf86ef7,oe:player:b4d68660c4a56181cd886fe5ecc08f7,Gible,Spider,0.29483034
NA1/3468415721,2020-06-22,2020,Unknown,10.12,oe:team:2360b31c1628a21ddd778891dabac91,Dark Matter,lineup-69175d92d0491515,0,pair-260221513ea90765,oe:player:b415fb792209708ad6921cca2e73aff,oe:player:b4d68660c4a56181cd886fe5ecc08f7,Spirax,Spider,0.83579172
NA1/3468415721,2020-06-22,2020,Unknown,10.12,oe:team:955d9ba35580bdcc7bed3f11736b0f7,Radiance,lineup-6ee7665bdc3b33d7,1,pair-ac630bc77f2f5bc0,oe:player:3f87e25690ea3bdeb998259fb45445c,oe:player:580f08754dbf1bc64145f212ed0170b,Engo,Cao,0.23904995
NA1/3468415721,2020-06-22,2020,Unknown,10.12,oe:team:955d9ba35580bdcc7bed3f11736b0f7,Radiance,lineup-6ee7665bdc3b33d7,1,pair-9b58251b56a315dd,oe:player:3f87e25690ea3bdeb998259fb45445c,oe:player:75614c3fca429c06226ca2518abb73a,Engo,Avi,0.88890074
NA1/3468415721,2020-06-22,2020,Unknown,10.12,oe:team:955d9ba35580bdcc7bed3f11736b0f7,Radiance,lineup-6ee7665bdc3b33d7,1,pair-d0a9c1dccd0f0b50,oe:player:3f87e25690ea3bdeb998259fb45445c,oe:player:aa7b13aaac8ab04283ce9626c6399d0,Engo,Young,1.16919659
NA1/3468415721,2020-06-22,2020,Unknown,10.12,oe:team:955d9ba35580bdcc7bed3f11736b0f7,Radiance,lineup-6ee7665bdc3b33d7,1,pair-19c130abeb08e7d8,oe:player:3f87e25690ea3bdeb998259fb45445c,oe:player:f38b290539da4d4463b98ec1a3d2194,Engo,AndyBendy,0.47693999
NA1/3468415721,2020-06-22,2020,Unknown,10.12,oe:team:955d9ba35580bdcc7bed3f11736b0f7,Radiance,lineup-6ee7665bdc3b33d7,1,pair-2b600efa94d21c81,oe:player:580f08754dbf1bc64145f212ed0170b,oe:player:75614c3fca429c06226ca2518abb73a,Cao,Avi,0.98598586
NA1/3468415721,2020-06-22,2020,Unknown,10.12,oe:team:955d9ba35580bdcc7bed3f11736b0f7,Radiance,lineup-6ee7665bdc3b33d7,1,pair-678c078694bbc44c,oe:player:580f08754dbf1bc64145f212ed0170b,oe:player:aa7b13aaac8ab04283ce9626c6399d0,Cao,Young,1.26628170
NA1/3468415721,2020-06-22,2020,Unknown,10.12,oe:team:955d9ba35580bdcc7bed3f11736b0f7,Radiance,lineup-6ee7665bdc3b33d7,1,pair-a78cba1f897e4510,oe:player:580f08754dbf1bc64145f212ed0170b,oe:player:f38b290539da4d4463b98ec1a3d2194,Cao,AndyBendy,0.57402510
NA1/3468415721,2020-06-22,2020,Unknown,10.12,oe:team:955d9ba35580bdcc7bed3f11736b0f7,Radiance,lineup-6ee7665bdc3b33d7,1,pair-768b1c9dc14b04bc,oe:player:75614c3fca429c06226ca2518abb73a,oe:player:aa7b13aaac8ab04283ce9626c6399d0,Avi,Young,1.91613249
NA1/3468415721,2020-06-22,2020,Unknown,10.12,oe:team:955d9ba35580bdcc7bed3f11736b0f7,Radiance,lineup-6ee7665bdc3b33d7,1,pair-a8a71dc159a65805,oe:player:75614c3fca429c06226ca2518abb73a,oe:player:f38b290539da4d4463b98ec1a3d2194,Avi,AndyBendy,1.22387589
NA1/3468415721,2020-06-22,2020,Unknown,10.12,oe:team:955d9ba35580bdcc7bed3f11736b0f7,Radiance,lineup-6ee7665bdc3b33d7,1,pair-7498026bdb707d97,oe:player:aa7b13aaac8ab04283ce9626c6399d0,oe:player:f38b290539da4d4463b98ec1a3d2194,Young,AndyBendy,1.50417173
NA1/3468445255,2020-06-21,2020,Unknown,10.12,oe:team:2be2ebecc453760d7df4991a51a8edc,World Class Empyreans,lineup-f4c0cb9d6b216db6,1,pair-e4634722608f71b0,oe:player:27adb0b3f92d9b8f7fa4cb55b60114c,oe:player:57bb48fd65bff2e2660a13e58f2fcb2,Lawrence,rovex,0.73028968
NA1/3468445255,2020-06-21,2020,Unknown,10.12,oe:team:2be2ebecc453760d7df4991a51a8edc,World Class Empyreans,lineup-f4c0cb9d6b216db6,1,pair-9f6121f303d41a79,oe:player:27adb0b3f92d9b8f7fa4cb55b60114c,oe:player:dcf834a546bd8ced959113bd2eff041,Lawrence,Lost in a Moment,0.42156068
NA1/3468445255,2020-06-21,2020,Unknown,10.12,oe:team:2be2ebecc453760d7df4991a51a8edc,World Class Empyreans,lineup-f4c0cb9d6b216db6,1,pair-4f03a88239492a8c,oe:player:27adb0b3f92d9b8f7fa4cb55b60114c,oe:player:f04a502d38a0c3b35e53ecef740cf37,Lawrence,Eclipse,0.51716883
NA1/3468445255,2020-06-21,2020,Unknown,10.12,oe:team:2be2ebecc453760d7df4991a51a8edc,World Class Empyreans,lineup-f4c0cb9d6b216db6,1,pair-8182443b996408f5,oe:player:27adb0b3f92d9b8f7fa4cb55b60114c,oe:player:f23104490edcad2a6de0133e1784290,Lawrence,SiddyWiddy,0.83186314
NA1/3468445255,2020-06-21,2020,Unknown,10.12,oe:team:2be2ebecc453760d7df4991a51a8edc,World Class Empyreans,lineup-f4c0cb9d6b216db6,1,pair-0e8fbe93468a910b,oe:player:57bb48fd65bff2e2660a13e58f2fcb2,oe:player:dcf834a546bd8ced959113bd2eff041,rovex,Lost in a Moment,0.67640707
NA1/3468445255,2020-06-21,2020,Unknown,10.12,oe:team:2be2ebecc453760d7df4991a51a8edc,World Class Empyreans,lineup-f4c0cb9d6b216db6,1,pair-5cac848d3db3c7da,oe:player:57bb48fd65bff2e2660a13e58f2fcb2,oe:player:f04a502d38a0c3b35e53ecef740cf37,rovex,Eclipse,0.77201522
NA1/3468445255,2020-06-21,2020,Unknown,10.12,oe:team:2be2ebecc453760d7df4991a51a8edc,World Class Empyreans,lineup-f4c0cb9d6b216db6,1,pair-7e6cfadf0c458fd9,oe:player:57bb48fd65bff2e2660a13e58f2fcb2,oe:player:f23104490edcad2a6de0133e1784290,rovex,SiddyWiddy,1.08670953
NA1/3468445255,2020-06-21,2020,Unknown,10.12,oe:team:2be2ebecc453760d7df4991a51a8edc,World Class Empyreans,lineup-f4c0cb9d6b216db6,1,pair-7d6697771dbd89df,oe:player:dcf834a546bd8ced959113bd2eff041,oe:player:f04a502d38a0c3b35e53ecef740cf37,Lost in a Moment,Eclipse,0.46328622
NA1/3468445255,2020-06-21,2020,Unknown,10.12,oe:team:2be2ebecc453760d7df4991a51a8edc,World Class Empyreans,lineup-f4c0cb9d6b216db6,1,pair-bce4f9331417895d,oe:player:dcf834a546bd8ced959113bd2eff041,oe:player:f23104490edcad2a6de0133e1784290,Lost in a Moment,SiddyWiddy,0.77798053
NA1/3468445255,2020-06-21,2020,Unknown,10.12,oe:team:2be2ebecc453760d7df4991a51a8edc,World Class Empyreans,lineup-f4c0cb9d6b216db6,1,pair-2b05ef34fcd1e9a9,oe:player:f04a502d38a0c3b35e53ecef740cf37,oe:player:f23104490edcad2a6de0133e1784290,Eclipse,SiddyWiddy,0.87358868
NA1/3468445255,2020-06-21,2020,Unknown,10.12,oe:team:7df78a658a1ca10f6d413c775cf35cd,Polar Ace,lineup-5e66876df3c43785,0,pair-95268ec7330016ad,oe:player:339584e5b6ff20add38aa209f78eada,oe:player:33daef70f45123c10a232b800d930a0,Infectrix,Flaresz,-1.00839682
NA1/3468445255,2020-06-21,2020,Unknown,10.12,oe:team:7df78a658a1ca10f6d413c775cf35cd,Polar Ace,lineup-5e66876df3c43785,0,pair-1451fd658064d88a,oe:player:339584e5b6ff20add38aa209f78eada,oe:player:3e722c8ede909c83af9342c41805a16,Infectrix,Busio,-1.63341303
NA1/3468445255,2020-06-21,2020,Unknown,10.12,oe:team:7df78a658a1ca10f6d413c775cf35cd,Polar Ace,lineup-5e66876df3c43785,0,pair-12110108ef827f15,oe:player:339584e5b6ff20add38aa209f78eada,oe:player:3f96b0d5494895f5e964dc16ea8f27b,Infectrix,Spawn,-1.21936677
NA1/3468445255,2020-06-21,2020,Unknown,10.12,oe:team:7df78a658a1ca10f6d413c775cf35cd,Polar Ace,lineup-5e66876df3c43785,0,pair-3f7b731cad4507ec,oe:player:339584e5b6ff20add38aa209f78eada,oe:player:6ca0cf01bc942179eb37f9863ea16cc,Infectrix,Menace,-1.37652457
NA1/3468445255,2020-06-21,2020,Unknown,10.12,oe:team:7df78a658a1ca10f6d413c775cf35cd,Polar Ace,lineup-5e66876df3c43785,0,pair-64641b55bba96f07,oe:player:33daef70f45123c10a232b800d930a0,oe:player:3e722c8ede909c83af9342c41805a16,Flaresz,Busio,-0.95220757
NA1/3468445255,2020-06-21,2020,Unknown,10.12,oe:team:7df78a658a1ca10f6d413c775cf35cd,Polar Ace,lineup-5e66876df3c43785,0,pair-486fdad915fc920f,oe:player:33daef70f45123c10a232b800d930a0,oe:player:3f96b0d5494895f5e964dc16ea8f27b,Flaresz,Spawn,-0.53816131
NA1/3468445255,2020-06-21,2020,Unknown,10.12,oe:team:7df78a658a1ca10f6d413c775cf35cd,Polar Ace,lineup-5e66876df3c43785,0,pair-d219519aef3a019c,oe:player:33daef70f45123c10a232b800d930a0,oe:player:6ca0cf01bc942179eb37f9863ea16cc,Flaresz,Menace,-0.69531911
NA1/3468445255,2020-06-21,2020,Unknown,10.12,oe:team:7df78a658a1ca10f6d413c775cf35cd,Polar Ace,lineup-5e66876df3c43785,0,pair-611beae725f98d64,oe:player:3e722c8ede909c83af9342c41805a16,oe:player:3f96b0d5494895f5e964dc16ea8f27b,Busio,Spawn,-1.16317752
NA1/3468445255,2020-06-21,2020,Unknown,10.12,oe:team:7df78a658a1ca10f6d413c775cf35cd,Polar Ace,lineup-5e66876df3c43785,0,pair-7c281de31cdde459,oe:player:3e722c8ede909c83af9342c41805a16,oe:player:6ca0cf01bc942179eb37f9863ea16cc,Busio,Menace,-1.32033532
NA1/3468445255,2020-06-21,2020,Unknown,10.12,oe:team:7df78a658a1ca10f6d413c775cf35cd,Polar Ace,lineup-5e66876df3c43785,0,pair-6bb5617b4d7de2d9,oe:player:3f96b0d5494895f5e964dc16ea8f27b,oe:player:6ca0cf01bc942179eb37f9863ea16cc,Spawn,Menace,-0.90628905
NA1/3468445594,2020-06-21,2020,Unknown,10.12,oe:team:2be2ebecc453760d7df4991a51a8edc,World Class Empyreans,lineup-f4c0cb9d6b216db6,0,pair-e4634722608f71b0,oe:player:27adb0b3f92d9b8f7fa4cb55b60114c,oe:player:57bb48fd65bff2e2660a13e58f2fcb2,Lawrence,rovex,-0.31651963
NA1/3468445594,2020-06-21,2020,Unknown,10.12,oe:team:2be2ebecc453760d7df4991a51a8edc,World Class Empyreans,lineup-f4c0cb9d6b216db6,0,pair-9f6121f303d41a79,oe:player:27adb0b3f92d9b8f7fa4cb55b60114c,oe:player:dcf834a546bd8ced959113bd2eff041,Lawrence,Lost in a Moment,-0.79375242
NA1/3468445594,2020-06-21,2020,Unknown,10.12,oe:team:2be2ebecc453760d7df4991a51a8edc,World Class Empyreans,lineup-f4c0cb9d6b216db6,0,pair-4f03a88239492a8c,oe:player:27adb0b3f92d9b8f7fa4cb55b60114c,oe:player:f04a502d38a0c3b35e53ecef740cf37,Lawrence,Eclipse,-0.52157518
NA1/3468445594,2020-06-21,2020,Unknown,10.12,oe:team:2be2ebecc453760d7df4991a51a8edc,World Class Empyreans,lineup-f4c0cb9d6b216db6,0,pair-8182443b996408f5,oe:player:27adb0b3f92d9b8f7fa4cb55b60114c,oe:player:f23104490edcad2a6de0133e1784290,Lawrence,SiddyWiddy,-0.26447668
NA1/3468445594,2020-06-21,2020,Unknown,10.12,oe:team:2be2ebecc453760d7df4991a51a8edc,World Class Empyreans,lineup-f4c0cb9d6b216db6,0,pair-0e8fbe93468a910b,oe:player:57bb48fd65bff2e2660a13e58f2fcb2,oe:player:dcf834a546bd8ced959113bd2eff041,rovex,Lost in a Moment,-0.82725776
NA1/3468445594,2020-06-21,2020,Unknown,10.12,oe:team:2be2ebecc453760d7df4991a51a8edc,World Class Empyreans,lineup-f4c0cb9d6b216db6,0,pair-5cac848d3db3c7da,oe:player:57bb48fd65bff2e2660a13e58f2fcb2,oe:player:f04a502d38a0c3b35e53ecef740cf37,rovex,Eclipse,-0.55508053
NA1/3468445594,2020-06-21,2020,Unknown,10.12,oe:team:2be2ebecc453760d7df4991a51a8edc,World Class Empyreans,lineup-f4c0cb9d6b216db6,0,pair-7e6cfadf0c458fd9,oe:player:57bb48fd65bff2e2660a13e58f2fcb2,oe:player:f23104490edcad2a6de0133e1784290,rovex,SiddyWiddy,-0.29798203
NA1/3468445594,2020-06-21,2020,Unknown,10.12,oe:team:2be2ebecc453760d7df4991a51a8edc,World Class Empyreans,lineup-f4c0cb9d6b216db6,0,pair-7d6697771dbd89df,oe:player:dcf834a546bd8ced959113bd2eff041,oe:player:f04a502d38a0c3b35e53ecef740cf37,Lost in a Moment,Eclipse,-1.03231331
NA1/3468445594,2020-06-21,2020,Unknown,10.12,oe:team:2be2ebecc453760d7df4991a51a8edc,World Class Empyreans,lineup-f4c0cb9d6b216db6,0,pair-bce4f9331417895d,oe:player:dcf834a546bd8ced959113bd2eff041,oe:player:f23104490edcad2a6de0133e1784290,Lost in a Moment,SiddyWiddy,-0.77521481
NA1/3468445594,2020-06-21,2020,Unknown,10.12,oe:team:2be2ebecc453760d7df4991a51a8edc,World Class Empyreans,lineup-f4c0cb9d6b216db6,0,pair-2b05ef34fcd1e9a9,oe:player:f04a502d38a0c3b35e53ecef740cf37,oe:player:f23104490edcad2a6de0133e1784290,Eclipse,SiddyWiddy,-0.50303758
NA1/3468445594,2020-06-21,2020,Unknown,10.12,oe:team:7df78a658a1ca10f6d413c775cf35cd,Polar Ace,lineup-5e66876df3c43785,1,pair-95268ec7330016ad,oe:player:339584e5b6ff20add38aa209f78eada,oe:player:33daef70f45123c10a232b800d930a0,Infectrix,Flaresz,0.13793230
NA1/3468445594,2020-06-21,2020,Unknown,10.12,oe:team:7df78a658a1ca10f6d413c775cf35cd,Polar Ace,lineup-5e66876df3c43785,1,pair-1451fd658064d88a,oe:player:339584e5b6ff20add38aa209f78eada,oe:player:3e722c8ede909c83af9342c41805a16,Infectrix,Busio,0.74782277
NA1/3468445594,2020-06-21,2020,Unknown,10.12,oe:team:7df78a658a1ca10f6d413c775cf35cd,Polar Ace,lineup-5e66876df3c43785,1,pair-12110108ef827f15,oe:player:339584e5b6ff20add38aa209f78eada,oe:player:3f96b0d5494895f5e964dc16ea8f27b,Infectrix,Spawn,-0.14816593
NA1/3468445594,2020-06-21,2020,Unknown,10.12,oe:team:7df78a658a1ca10f6d413c775cf35cd,Polar Ace,lineup-5e66876df3c43785,1,pair-3f7b731cad4507ec,oe:player:339584e5b6ff20add38aa209f78eada,oe:player:6ca0cf01bc942179eb37f9863ea16cc,Infectrix,Menace,-0.69298480
NA1/3468445594,2020-06-21,2020,Unknown,10.12,oe:team:7df78a658a1ca10f6d413c775cf35cd,Polar Ace,lineup-5e66876df3c43785,1,pair-64641b55bba96f07,oe:player:33daef70f45123c10a232b800d930a0,oe:player:3e722c8ede909c83af9342c41805a16,Flaresz,Busio,0.93340463
NA1/3468445594,2020-06-21,2020,Unknown,10.12,oe:team:7df78a658a1ca10f6d413c775cf35cd,Polar Ace,lineup-5e66876df3c43785,1,pair-486fdad915fc920f,oe:player:33daef70f45123c10a232b800d930a0,oe:player:3f96b0d5494895f5e964dc16ea8f27b,Flaresz,Spawn,0.03741593
NA1/3468445594,2020-06-21,2020,Unknown,10.12,oe:team:7df78a658a1ca10f6d413c775cf35cd,Polar Ace,lineup-5e66876df3c43785,1,pair-d219519aef3a019c,oe:player:33daef70f45123c10a232b800d930a0,oe:player:6ca0cf01bc942179eb37f9863ea16cc,Flaresz,Menace,-0.50740293
NA1/3468445594,2020-06-21,2020,Unknown,10.12,oe:team:7df78a658a1ca10f6d413c775cf35cd,Polar Ace,lineup-5e66876df3c43785,1,pair-611beae725f98d64,oe:player:3e722c8ede909c83af9342c41805a16,oe:player:3f96b0d5494895f5e964dc16ea8f27b,Busio,Spawn,0.64730640
NA1/3468445594,2020-06-21,2020,Unknown,10.12,oe:team:7df78a658a1ca10f6d413c775cf35cd,Polar Ace,lineup-5e66876df3c43785,1,pair-7c281de31cdde459,oe:player:3e722c8ede909c83af9342c41805a16,oe:player:6ca0cf01bc942179eb37f9863ea16cc,Busio,Menace,0.10248754
NA1/3468445594,2020-06-21,2020,Unknown,10.12,oe:team:7df78a658a1ca10f6d413c775cf35cd,Polar Ace,lineup-5e66876df3c43785,1,pair-6bb5617b4d7de2d9,oe:player:3f96b0d5494895f5e964dc16ea8f27b,oe:player:6ca0cf01bc942179eb37f9863ea16cc,Spawn,Menace,-0.79350116
NA1/3468445924,2020-06-22,2020,Unknown,10.12,oe:team:2be2ebecc453760d7df4991a51a8edc,World Class Empyreans,lineup-f4c0cb9d6b216db6,0,pair-e4634722608f71b0,oe:player:27adb0b3f92d9b8f7fa4cb55b60114c,oe:player:57bb48fd65bff2e2660a13e58f2fcb2,Lawrence,rovex,0.06537997
NA1/3468445924,2020-06-22,2020,Unknown,10.12,oe:team:2be2ebecc453760d7df4991a51a8edc,World Class Empyreans,lineup-f4c0cb9d6b216db6,0,pair-9f6121f303d41a79,oe:player:27adb0b3f92d9b8f7fa4cb55b60114c,oe:player:dcf834a546bd8ced959113bd2eff041,Lawrence,Lost in a Moment,0.51328909
NA1/3468445924,2020-06-22,2020,Unknown,10.12,oe:team:2be2ebecc453760d7df4991a51a8edc,World Class Empyreans,lineup-f4c0cb9d6b216db6,0,pair-4f03a88239492a8c,oe:player:27adb0b3f92d9b8f7fa4cb55b60114c,oe:player:f04a502d38a0c3b35e53ecef740cf37,Lawrence,Eclipse,0.71081626
NA1/3468445924,2020-06-22,2020,Unknown,10.12,oe:team:2be2ebecc453760d7df4991a51a8edc,World Class Empyreans,lineup-f4c0cb9d6b216db6,0,pair-8182443b996408f5,oe:player:27adb0b3f92d9b8f7fa4cb55b60114c,oe:player:f23104490edcad2a6de0133e1784290,Lawrence,SiddyWiddy,0.87039261
NA1/3468445924,2020-06-22,2020,Unknown,10.12,oe:team:2be2ebecc453760d7df4991a51a8edc,World Class Empyreans,lineup-f4c0cb9d6b216db6,0,pair-0e8fbe93468a910b,oe:player:57bb48fd65bff2e2660a13e58f2fcb2,oe:player:dcf834a546bd8ced959113bd2eff041,rovex,Lost in a Moment,-0.50859515
NA1/3468445924,2020-06-22,2020,Unknown,10.12,oe:team:2be2ebecc453760d7df4991a51a8edc,World Class Empyreans,lineup-f4c0cb9d6b216db6,0,pair-5cac848d3db3c7da,oe:player:57bb48fd65bff2e2660a13e58f2fcb2,oe:player:f04a502d38a0c3b35e53ecef740cf37,rovex,Eclipse,-0.31106798
NA1/3468445924,2020-06-22,2020,Unknown,10.12,oe:team:2be2ebecc453760d7df4991a51a8edc,World Class Empyreans,lineup-f4c0cb9d6b216db6,0,pair-7e6cfadf0c458fd9,oe:player:57bb48fd65bff2e2660a13e58f2fcb2,oe:player:f23104490edcad2a6de0133e1784290,rovex,SiddyWiddy,-0.15149163
NA1/3468445924,2020-06-22,2020,Unknown,10.12,oe:team:2be2ebecc453760d7df4991a51a8edc,World Class Empyreans,lineup-f4c0cb9d6b216db6,0,pair-7d6697771dbd89df,oe:player:dcf834a546bd8ced959113bd2eff041,oe:player:f04a502d38a0c3b35e53ecef740cf37,Lost in a Moment,Eclipse,0.13684114
NA1/3468445924,2020-06-22,2020,Unknown,10.12,oe:team:2be2ebecc453760d7df4991a51a8edc,World Class Empyreans,lineup-f4c0cb9d6b216db6,0,pair-bce4f9331417895d,oe:player:dcf834a546bd8ced959113bd2eff041,oe:player:f23104490edcad2a6de0133e1784290,Lost in a Moment,SiddyWiddy,0.29641749
NA1/3468445924,2020-06-22,2020,Unknown,10.12,oe:team:2be2ebecc453760d7df4991a51a8edc,World Class Empyreans,lineup-f4c0cb9d6b216db6,0,pair-2b05ef34fcd1e9a9,oe:player:f04a502d38a0c3b35e53ecef740cf37,oe:player:f23104490edcad2a6de0133e1784290,Eclipse,SiddyWiddy,0.49394466
NA1/3468445924,2020-06-22,2020,Unknown,10.12,oe:team:7df78a658a1ca10f6d413c775cf35cd,Polar Ace,lineup-5e66876df3c43785,1,pair-95268ec7330016ad,oe:player:339584e5b6ff20add38aa209f78eada,oe:player:33daef70f45123c10a232b800d930a0,Infectrix,Flaresz,0.01556869
NA1/3468445924,2020-06-22,2020,Unknown,10.12,oe:team:7df78a658a1ca10f6d413c775cf35cd,Polar Ace,lineup-5e66876df3c43785,1,pair-1451fd658064d88a,oe:player:339584e5b6ff20add38aa209f78eada,oe:player:3e722c8ede909c83af9342c41805a16,Infectrix,Busio,0.27237548
NA1/3468445924,2020-06-22,2020,Unknown,10.12,oe:team:7df78a658a1ca10f6d413c775cf35cd,Polar Ace,lineup-5e66876df3c43785,1,pair-12110108ef827f15,oe:player:339584e5b6ff20add38aa209f78eada,oe:player:3f96b0d5494895f5e964dc16ea8f27b,Infectrix,Spawn,0.01315906
NA1/3468445924,2020-06-22,2020,Unknown,10.12,oe:team:7df78a658a1ca10f6d413c775cf35cd,Polar Ace,lineup-5e66876df3c43785,1,pair-3f7b731cad4507ec,oe:player:339584e5b6ff20add38aa209f78eada,oe:player:6ca0cf01bc942179eb37f9863ea16cc,Infectrix,Menace,0.28874276
NA1/3468445924,2020-06-22,2020,Unknown,10.12,oe:team:7df78a658a1ca10f6d413c775cf35cd,Polar Ace,lineup-5e66876df3c43785,1,pair-64641b55bba96f07,oe:player:33daef70f45123c10a232b800d930a0,oe:player:3e722c8ede909c83af9342c41805a16,Flaresz,Busio,0.57464056
NA1/3468445924,2020-06-22,2020,Unknown,10.12,oe:team:7df78a658a1ca10f6d413c775cf35cd,Polar Ace,lineup-5e66876df3c43785,1,pair-486fdad915fc920f,oe:player:33daef70f45123c10a232b800d930a0,oe:player:3f96b0d5494895f5e964dc16ea8f27b,Flaresz,Spawn,0.31542415
NA1/3468445924,2020-06-22,2020,Unknown,10.12,oe:team:7df78a658a1ca10f6d413c775cf35cd,Polar Ace,lineup-5e66876df3c43785,1,pair-d219519aef3a019c,oe:player:33daef70f45123c10a232b800d930a0,oe:player:6ca0cf01bc942179eb37f9863ea16cc,Flaresz,Menace,0.59100785
NA1/3468445924,2020-06-22,2020,Unknown,10.12,oe:team:7df78a658a1ca10f6d413c775cf35cd,Polar Ace,lineup-5e66876df3c43785,1,pair-611beae725f98d64,oe:player:3e722c8ede909c83af9342c41805a16,oe:player:3f96b0d5494895f5e964dc16ea8f27b,Busio,Spawn,0.57223094
NA1/3468445924,2020-06-22,2020,Unknown,10.12,oe:team:7df78a658a1ca10f6d413c775cf35cd,Polar Ace,lineup-5e66876df3c43785,1,pair-7c281de31cdde459,oe:player:3e722c8ede909c83af9342c41805a16,oe:player:6ca0cf01bc942179eb37f9863ea16cc,Busio,Menace,0.84781464
NA1/3468445924,2020-06-22,2020,Unknown,10.12,oe:team:7df78a658a1ca10f6d413c775cf35cd,Polar Ace,lineup-5e66876df3c43785,1,pair-6bb5617b4d7de2d9,oe:player:3f96b0d5494895f5e964dc16ea8f27b,oe:player:6ca0cf01bc942179eb37f9863ea16cc,Spawn,Menace,0.58859822
NA1/3470226931,2020-06-24,2020,Unknown,10.12,oe:team:7e2401900a9756d56a10b66590357fe,Dark Allegiance,lineup-b3728bf2c54b4322,1,pair-f24c1c5759425d3b,oe:player:129e455643cbb5188a26c45713eef54,oe:player:4b8fa1ed371220801e5d3083359b63e,Örca,Enigma,0.84431262
NA1/3470226931,2020-06-24,2020,Unknown,10.12,oe:team:7e2401900a9756d56a10b66590357fe,Dark Allegiance,lineup-b3728bf2c54b4322,1,pair-abc7a4fba15e0bb4,oe:player:129e455643cbb5188a26c45713eef54,oe:player:9f64c46e4295613bf32b57580ecda74,Örca,Swiftah,0.74583982
NA1/3470226931,2020-06-24,2020,Unknown,10.12,oe:team:7e2401900a9756d56a10b66590357fe,Dark Allegiance,lineup-b3728bf2c54b4322,1,pair-d573dcdfe5655faf,oe:player:129e455643cbb5188a26c45713eef54,oe:player:e0c83c2a57ab3f97e5e5def851b8c9d,Örca,Kedeck,0.43959859
NA1/3470226931,2020-06-24,2020,Unknown,10.12,oe:team:7e2401900a9756d56a10b66590357fe,Dark Allegiance,lineup-b3728bf2c54b4322,1,pair-8471be61ec1c251a,oe:player:129e455643cbb5188a26c45713eef54,oe:player:ec41c69e802a3c1cc4b81a7c25d021e,Örca,Matty,0.58837956
NA1/3470226931,2020-06-24,2020,Unknown,10.12,oe:team:7e2401900a9756d56a10b66590357fe,Dark Allegiance,lineup-b3728bf2c54b4322,1,pair-7460bb7240391e41,oe:player:4b8fa1ed371220801e5d3083359b63e,oe:player:9f64c46e4295613bf32b57580ecda74,Enigma,Swiftah,0.83164451
NA1/3470226931,2020-06-24,2020,Unknown,10.12,oe:team:7e2401900a9756d56a10b66590357fe,Dark Allegiance,lineup-b3728bf2c54b4322,1,pair-efa41ca31708eee8,oe:player:4b8fa1ed371220801e5d3083359b63e,oe:player:e0c83c2a57ab3f97e5e5def851b8c9d,Enigma,Kedeck,0.52540329
NA1/3470226931,2020-06-24,2020,Unknown,10.12,oe:team:7e2401900a9756d56a10b66590357fe,Dark Allegiance,lineup-b3728bf2c54b4322,1,pair-771c26c236313737,oe:player:4b8fa1ed371220801e5d3083359b63e,oe:player:ec41c69e802a3c1cc4b81a7c25d021e,Enigma,Matty,0.67418425
NA1/3470226931,2020-06-24,2020,Unknown,10.12,oe:team:7e2401900a9756d56a10b66590357fe,Dark Allegiance,lineup-b3728bf2c54b4322,1,pair-87d4d80bda3a6524,oe:player:9f64c46e4295613bf32b57580ecda74,oe:player:e0c83c2a57ab3f97e5e5def851b8c9d,Swiftah,Kedeck,0.42693049
NA1/3470226931,2020-06-24,2020,Unknown,10.12,oe:team:7e2401900a9756d56a10b66590357fe,Dark Allegiance,lineup-b3728bf2c54b4322,1,pair-20734a0284147b72,oe:player:9f64c46e4295613bf32b57580ecda74,oe:player:ec41c69e802a3c1cc4b81a7c25d021e,Swiftah,Matty,0.57571145
NA1/3470226931,2020-06-24,2020,Unknown,10.12,oe:team:7e2401900a9756d56a10b66590357fe,Dark Allegiance,lineup-b3728bf2c54b4322,1,pair-3773cf43e0f2b839,oe:player:e0c83c2a57ab3f97e5e5def851b8c9d,oe:player:ec41c69e802a3c1cc4b81a7c25d021e,Kedeck,Matty,0.26947022
NA1/3470226931,2020-06-24,2020,Unknown,10.12,oe:team:eab5c007906936e2b6214db2d274fd5,Charlotte Phoenix,lineup-80b3ddb7bb21af46,0,pair-9b4e1dcc0e420f58,oe:player:1d36e28887d951194dfde1c17c6ab8c,oe:player:3062a9edba61382db75add4b3fe0eea,Eastan,Disconnector,0.64113031
NA1/3470226931,2020-06-24,2020,Unknown,10.12,oe:team:eab5c007906936e2b6214db2d274fd5,Charlotte Phoenix,lineup-80b3ddb7bb21af46,0,pair-3e7355ec13fa6136,oe:player:1d36e28887d951194dfde1c17c6ab8c,oe:player:78810aaa200931ecf0de9e8e8a4c276,Eastan,Jason Jungle,0.46419439
NA1/3470226931,2020-06-24,2020,Unknown,10.12,oe:team:eab5c007906936e2b6214db2d274fd5,Charlotte Phoenix,lineup-80b3ddb7bb21af46,0,pair-d6c3f9daf9ec1762,oe:player:1d36e28887d951194dfde1c17c6ab8c,oe:player:d045ce8a0de5eb77d740e62fb9e2d7f,Eastan,Daption,1.24006396
NA1/3470226931,2020-06-24,2020,Unknown,10.12,oe:team:eab5c007906936e2b6214db2d274fd5,Charlotte Phoenix,lineup-80b3ddb7bb21af46,0,pair-70e89b48c5f1ac9e,oe:player:1d36e28887d951194dfde1c17c6ab8c,oe:player:d16b2c7278ac5c126f7078521d73b9c,Eastan,Dziarmaga,1.77633910
NA1/3470226931,2020-06-24,2020,Unknown,10.12,oe:team:eab5c007906936e2b6214db2d274fd5,Charlotte Phoenix,lineup-80b3ddb7bb21af46,0,pair-93febb2c71665ec4,oe:player:3062a9edba61382db75add4b3fe0eea,oe:player:78810aaa200931ecf0de9e8e8a4c276,Disconnector,Jason Jungle,0.35097943
NA1/3470226931,2020-06-24,2020,Unknown,10.12,oe:team:eab5c007906936e2b6214db2d274fd5,Charlotte Phoenix,lineup-80b3ddb7bb21af46,0,pair-7e5d04f759a5756b,oe:player:3062a9edba61382db75add4b3fe0eea,oe:player:d045ce8a0de5eb77d740e62fb9e2d7f,Disconnector,Daption,1.12684900
NA1/3470226931,2020-06-24,2020,Unknown,10.12,oe:team:eab5c007906936e2b6214db2d274fd5,Charlotte Phoenix,lineup-80b3ddb7bb21af46,0,pair-c7991bf91ab66e15,oe:player:3062a9edba61382db75add4b3fe0eea,oe:player:d16b2c7278ac5c126f7078521d73b9c,Disconnector,Dziarmaga,1.66312414
NA1/3470226931,2020-06-24,2020,Unknown,10.12,oe:team:eab5c007906936e2b6214db2d274fd5,Charlotte Phoenix,lineup-80b3ddb7bb21af46,0,pair-606764f5aac4c1a8,oe:player:78810aaa200931ecf0de9e8e8a4c276,oe:player:d045ce8a0de5eb77d740e62fb9e2d7f,Jason Jungle,Daption,0.94991309
NA1/3470226931,2020-06-24,2020,Unknown,10.12,oe:team:eab5c007906936e2b6214db2d274fd5,Charlotte Phoenix,lineup-80b3ddb7bb21af46,0,pair-a3881c3e3b3b8339,oe:player:78810aaa200931ecf0de9e8e8a4c276,oe:player:d16b2c7278ac5c126f7078521d73b9c,Jason Jungle,Dziarmaga,1.48618823
NA1/3470226931,2020-06-24,2020,Unknown,10.12,oe:team:eab5c007906936e2b6214db2d274fd5,Charlotte Phoenix,lineup-80b3ddb7bb21af46,0,pair-59d8e9694746f9c2,oe:player:d045ce8a0de5eb77d740e62fb9e2d7f,oe:player:d16b2c7278ac5c126f7078521d73b9c,Daption,Dziarmaga,2.26205780
NA1/3470655829,2020-06-24,2020,Unknown,10.12,oe:team:7e2401900a9756d56a10b66590357fe,Dark Allegiance,lineup-b3728bf2c54b4322,1,pair-f24c1c5759425d3b,oe:player:129e455643cbb5188a26c45713eef54,oe:player:4b8fa1ed371220801e5d3083359b63e,Örca,Enigma,-0.46660628
NA1/3470655829,2020-06-24,2020,Unknown,10.12,oe:team:7e2401900a9756d56a10b66590357fe,Dark Allegiance,lineup-b3728bf2c54b4322,1,pair-abc7a4fba15e0bb4,oe:player:129e455643cbb5188a26c45713eef54,oe:player:9f64c46e4295613bf32b57580ecda74,Örca,Swiftah,-0.52809834
NA1/3470655829,2020-06-24,2020,Unknown,10.12,oe:team:7e2401900a9756d56a10b66590357fe,Dark Allegiance,lineup-b3728bf2c54b4322,1,pair-d573dcdfe5655faf,oe:player:129e455643cbb5188a26c45713eef54,oe:player:e0c83c2a57ab3f97e5e5def851b8c9d,Örca,Kedeck,0.04103620
NA1/3470655829,2020-06-24,2020,Unknown,10.12,oe:team:7e2401900a9756d56a10b66590357fe,Dark Allegiance,lineup-b3728bf2c54b4322,1,pair-8471be61ec1c251a,oe:player:129e455643cbb5188a26c45713eef54,oe:player:ec41c69e802a3c1cc4b81a7c25d021e,Örca,Matty,0.39046439
NA1/3470655829,2020-06-24,2020,Unknown,10.12,oe:team:7e2401900a9756d56a10b66590357fe,Dark Allegiance,lineup-b3728bf2c54b4322,1,pair-7460bb7240391e41,oe:player:4b8fa1ed371220801e5d3083359b63e,oe:player:9f64c46e4295613bf32b57580ecda74,Enigma,Swiftah,-0.57556061
NA1/3470655829,2020-06-24,2020,Unknown,10.12,oe:team:7e2401900a9756d56a10b66590357fe,Dark Allegiance,lineup-b3728bf2c54b4322,1,pair-efa41ca31708eee8,oe:player:4b8fa1ed371220801e5d3083359b63e,oe:player:e0c83c2a57ab3f97e5e5def851b8c9d,Enigma,Kedeck,-0.00642606
NA1/3470655829,2020-06-24,2020,Unknown,10.12,oe:team:7e2401900a9756d56a10b66590357fe,Dark Allegiance,lineup-b3728bf2c54b4322,1,pair-771c26c236313737,oe:player:4b8fa1ed371220801e5d3083359b63e,oe:player:ec41c69e802a3c1cc4b81a7c25d021e,Enigma,Matty,0.34300212
NA1/3470655829,2020-06-24,2020,Unknown,10.12,oe:team:7e2401900a9756d56a10b66590357fe,Dark Allegiance,lineup-b3728bf2c54b4322,1,pair-87d4d80bda3a6524,oe:player:9f64c46e4295613bf32b57580ecda74,oe:player:e0c83c2a57ab3f97e5e5def851b8c9d,Swiftah,Kedeck,-0.06791813
NA1/3470655829,2020-06-24,2020,Unknown,10.12,oe:team:7e2401900a9756d56a10b66590357fe,Dark Allegiance,lineup-b3728bf2c54b4322,1,pair-20734a0284147b72,oe:player:9f64c46e4295613bf32b57580ecda74,oe:player:ec41c69e802a3c1cc4b81a7c25d021e,Swiftah,Matty,0.28151006
NA1/3470655829,2020-06-24,2020,Unknown,10.12,oe:team:7e2401900a9756d56a10b66590357fe,Dark Allegiance,lineup-b3728bf2c54b4322,1,pair-3773cf43e0f2b839,oe:player:e0c83c2a57ab3f97e5e5def851b8c9d,oe:player:ec41c69e802a3c1cc4b81a7c25d021e,Kedeck,Matty,0.85064461
NA1/3470655829,2020-06-24,2020,Unknown,10.12,oe:team:eab5c007906936e2b6214db2d274fd5,Charlotte Phoenix,lineup-80b3ddb7bb21af46,0,pair-9b4e1dcc0e420f58,oe:player:1d36e28887d951194dfde1c17c6ab8c,oe:player:3062a9edba61382db75add4b3fe0eea,Eastan,Disconnector,-0.69375207
NA1/3470655829,2020-06-24,2020,Unknown,10.12,oe:team:eab5c007906936e2b6214db2d274fd5,Charlotte Phoenix,lineup-80b3ddb7bb21af46,0,pair-3e7355ec13fa6136,oe:player:1d36e28887d951194dfde1c17c6ab8c,oe:player:78810aaa200931ecf0de9e8e8a4c276,Eastan,Jason Jungle,-0.81930428
NA1/3470655829,2020-06-24,2020,Unknown,10.12,oe:team:eab5c007906936e2b6214db2d274fd5,Charlotte Phoenix,lineup-80b3ddb7bb21af46,0,pair-d6c3f9daf9ec1762,oe:player:1d36e28887d951194dfde1c17c6ab8c,oe:player:d045ce8a0de5eb77d740e62fb9e2d7f,Eastan,Daption,0.04215859
NA1/3470655829,2020-06-24,2020,Unknown,10.12,oe:team:eab5c007906936e2b6214db2d274fd5,Charlotte Phoenix,lineup-80b3ddb7bb21af46,0,pair-70e89b48c5f1ac9e,oe:player:1d36e28887d951194dfde1c17c6ab8c,oe:player:d16b2c7278ac5c126f7078521d73b9c,Eastan,Dziarmaga,-0.89869198
NA1/3470655829,2020-06-24,2020,Unknown,10.12,oe:team:eab5c007906936e2b6214db2d274fd5,Charlotte Phoenix,lineup-80b3ddb7bb21af46,0,pair-93febb2c71665ec4,oe:player:3062a9edba61382db75add4b3fe0eea,oe:player:78810aaa200931ecf0de9e8e8a4c276,Disconnector,Jason Jungle,-1.19766037
NA1/3470655829,2020-06-24,2020,Unknown,10.12,oe:team:eab5c007906936e2b6214db2d274fd5,Charlotte Phoenix,lineup-80b3ddb7bb21af46,0,pair-7e5d04f759a5756b,oe:player:3062a9edba61382db75add4b3fe0eea,oe:player:d045ce8a0de5eb77d740e62fb9e2d7f,Disconnector,Daption,-0.33619750
NA1/3470655829,2020-06-24,2020,Unknown,10.12,oe:team:eab5c007906936e2b6214db2d274fd5,Charlotte Phoenix,lineup-80b3ddb7bb21af46,0,pair-c7991bf91ab66e15,oe:player:3062a9edba61382db75add4b3fe0eea,oe:player:d16b2c7278ac5c126f7078521d73b9c,Disconnector,Dziarmaga,-1.27704806
NA1/3470655829,2020-06-24,2020,Unknown,10.12,oe:team:eab5c007906936e2b6214db2d274fd5,Charlotte Phoenix,lineup-80b3ddb7bb21af46,0,pair-606764f5aac4c1a8,oe:player:78810aaa200931ecf0de9e8e8a4c276,oe:player:d045ce8a0de5eb77d740e62fb9e2d7f,Jason Jungle,Daption,-0.46174970
NA1/3470655829,2020-06-24,2020,Unknown,10.12,oe:team:eab5c007906936e2b6214db2d274fd5,Charlotte Phoenix,lineup-80b3ddb7bb21af46,0,pair-a3881c3e3b3b8339,oe:player:78810aaa200931ecf0de9e8e8a4c276,oe:player:d16b2c7278ac5c126f7078521d73b9c,Jason Jungle,Dziarmaga,-1.40260027
NA1/3470655829,2020-06-24,2020,Unknown,10.12,oe:team:eab5c007906936e2b6214db2d274fd5,Charlotte Phoenix,lineup-80b3ddb7bb21af46,0,pair-59d8e9694746f9c2,oe:player:d045ce8a0de5eb77d740e62fb9e2d7f,oe:player:d16b2c7278ac5c126f7078521d73b9c,Daption,Dziarmaga,-0.54113740
NA1/3476462026,2020-06-29,2020,Unknown,10.13,oe:team:5baea1d85fe74c9b5324e0ac7b55f23,XT Esports,lineup-682ec197fbbea67f,1,pair-4eb2d97d314d3ecf,oe:player:6a917b03d531a46c8467ed18756ddd4,oe:player:6cd277156437b9b8dd67807bb21d0a5,LJX,Twocutz,-0.75978658
NA1/3476462026,2020-06-29,2020,Unknown,10.13,oe:team:5baea1d85fe74c9b5324e0ac7b55f23,XT Esports,lineup-682ec197fbbea67f,1,pair-e4e2a5692c4d0dae,oe:player:6a917b03d531a46c8467ed18756ddd4,oe:player:760f71918dbe25e76081e22adb97a74,LJX,Yunbee,0.19537323
NA1/3476462026,2020-06-29,2020,Unknown,10.13,oe:team:5baea1d85fe74c9b5324e0ac7b55f23,XT Esports,lineup-682ec197fbbea67f,1,pair-5c16b2d4818b28c2,oe:player:6a917b03d531a46c8467ed18756ddd4,oe:player:97a03ee352a6f5252f1f93019e992f9,LJX,Cozy,-0.79109301
NA1/3476462026,2020-06-29,2020,Unknown,10.13,oe:team:5baea1d85fe74c9b5324e0ac7b55f23,XT Esports,lineup-682ec197fbbea67f,1,pair-6695b4d88d2f9c40,oe:player:6a917b03d531a46c8467ed18756ddd4,oe:player:ea2f78f74267c020cce0e3297653f24,LJX,Seoks,-0.66608016
NA1/3476462026,2020-06-29,2020,Unknown,10.13,oe:team:5baea1d85fe74c9b5324e0ac7b55f23,XT Esports,lineup-682ec197fbbea67f,1,pair-2d8aaa82279bad84,oe:player:6cd277156437b9b8dd67807bb21d0a5,oe:player:760f71918dbe25e76081e22adb97a74,Twocutz,Yunbee,-0.24624711
NA1/3476462026,2020-06-29,2020,Unknown,10.13,oe:team:5baea1d85fe74c9b5324e0ac7b55f23,XT Esports,lineup-682ec197fbbea67f,1,pair-e6ad40f7a53aac76,oe:player:6cd277156437b9b8dd67807bb21d0a5,oe:player:97a03ee352a6f5252f1f93019e992f9,Twocutz,Cozy,-1.23271335
NA1/3476462026,2020-06-29,2020,Unknown,10.13,oe:team:5baea1d85fe74c9b5324e0ac7b55f23,XT Esports,lineup-682ec197fbbea67f,1,pair-b0292606a1d9db61,oe:player:6cd277156437b9b8dd67807bb21d0a5,oe:player:ea2f78f74267c020cce0e3297653f24,Twocutz,Seoks,-1.10770050
NA1/3476462026,2020-06-29,2020,Unknown,10.13,oe:team:5baea1d85fe74c9b5324e0ac7b55f23,XT Esports,lineup-682ec197fbbea67f,1,pair-4e9578577cb9b662,oe:player:760f71918dbe25e76081e22adb97a74,oe:player:97a03ee352a6f5252f1f93019e992f9,Yunbee,Cozy,-0.27755354
NA1/3476462026,2020-06-29,2020,Unknown,10.13,oe:team:5baea1d85fe74c9b5324e0ac7b55f23,XT Esports,lineup-682ec197fbbea67f,1,pair-0b64e9e82ff026b1,oe:player:760f71918dbe25e76081e22adb97a74,oe:player:ea2f78f74267c020cce0e3297653f24,Yunbee,Seoks,-0.15254068
NA1/3476462026,2020-06-29,2020,Unknown,10.13,oe:team:5baea1d85fe74c9b5324e0ac7b55f23,XT Esports,lineup-682ec197fbbea67f,1,pair-fd6d9f4bda5e64fd,oe:player:97a03ee352a6f5252f1f93019e992f9,oe:player:ea2f78f74267c020cce0e3297653f24,Cozy,Seoks,-1.13900693
NA1/3476462026,2020-06-29,2020,Unknown,10.13,oe:team:8776b7033f1bc10634e50d90f861c1d,Supernova,lineup-22989664501ef5be,0,pair-f87e4d5d9e0287b5,oe:player:205dc545e21bb07b657e0f193af6887,oe:player:74c97a5b51b2f1900328154b5a58a44,Clyde,OddOrange,-1.40966657
NA1/3476462026,2020-06-29,2020,Unknown,10.13,oe:team:8776b7033f1bc10634e50d90f861c1d,Supernova,lineup-22989664501ef5be,0,pair-50eeefcdc3a5dcd5,oe:player:205dc545e21bb07b657e0f193af6887,oe:player:94da1452e43ac6797e36ca8f17656ad,Clyde,EvanRL,-1.08492068
NA1/3476462026,2020-06-29,2020,Unknown,10.13,oe:team:8776b7033f1bc10634e50d90f861c1d,Supernova,lineup-22989664501ef5be,0,pair-635139466b133f45,oe:player:205dc545e21bb07b657e0f193af6887,oe:player:ea9ed09584feecae0991089f087d2ce,Clyde,APA,-1.64903797
NA1/3476462026,2020-06-29,2020,Unknown,10.13,oe:team:8776b7033f1bc10634e50d90f861c1d,Supernova,lineup-22989664501ef5be,0,pair-9637026fbd326151,oe:player:205dc545e21bb07b657e0f193af6887,oe:player:f57280c82d3a38f8bf412a520e33f7f,Clyde,PCL,-1.09388700
NA1/3476462026,2020-06-29,2020,Unknown,10.13,oe:team:8776b7033f1bc10634e50d90f861c1d,Supernova,lineup-22989664501ef5be,0,pair-50083fce2d78ff42,oe:player:74c97a5b51b2f1900328154b5a58a44,oe:player:94da1452e43ac6797e36ca8f17656ad,OddOrange,EvanRL,-1.04516701
NA1/3476462026,2020-06-29,2020,Unknown,10.13,oe:team:8776b7033f1bc10634e50d90f861c1d,Supernova,lineup-22989664501ef5be,0,pair-98074e249ca42445,oe:player:74c97a5b51b2f1900328154b5a58a44,oe:player:ea9ed09584feecae0991089f087d2ce,OddOrange,APA,-1.60928431
NA1/3476462026,2020-06-29,2020,Unknown,10.13,oe:team:8776b7033f1bc10634e50d90f861c1d,Supernova,lineup-22989664501ef5be,0,pair-488c7739daa8040c,oe:player:74c97a5b51b2f1900328154b5a58a44,oe:player:f57280c82d3a38f8bf412a520e33f7f,OddOrange,PCL,-1.05413334
NA1/3476462026,2020-06-29,2020,Unknown,10.13,oe:team:8776b7033f1bc10634e50d90f861c1d,Supernova,lineup-22989664501ef5be,0,pair-2c92750de6aeb1ac,oe:player:94da1452e43ac6797e36ca8f17656ad,oe:player:ea9ed09584feecae0991089f087d2ce,EvanRL,APA,-1.28453841
NA1/3476462026,2020-06-29,2020,Unknown,10.13,oe:team:8776b7033f1bc10634e50d90f861c1d,Supernova,lineup-22989664501ef5be,0,pair-0ff5df7a07e7f287,oe:player:94da1452e43ac6797e36ca8f17656ad,oe:player:f57280c82d3a38f8bf412a520e33f7f,EvanRL,PCL,-0.72938744
NA1/3476462026,2020-06-29,2020,Unknown,10.13,oe:team:8776b7033f1bc10634e50d90f861c1d,Supernova,lineup-22989664501ef5be,0,pair-f47a4c05e4f250d4,oe:player:ea9ed09584feecae0991089f087d2ce,oe:player:f57280c82d3a38f8bf412a520e33f7f,APA,PCL,-1.29350474
NA1/3476462353,2020-06-29,2020,Unknown,10.13,oe:team:5baea1d85fe74c9b5324e0ac7b55f23,XT Esports,lineup-682ec197fbbea67f,0,pair-4eb2d97d314d3ecf,oe:player:6a917b03d531a46c8467ed18756ddd4,oe:player:6cd277156437b9b8dd67807bb21d0a5,LJX,Twocutz,-0.55672476
NA1/3476462353,2020-06-29,2020,Unknown,10.13,oe:team:5baea1d85fe74c9b5324e0ac7b55f23,XT Esports,lineup-682ec197fbbea67f,0,pair-e4e2a5692c4d0dae,oe:player:6a917b03d531a46c8467ed18756ddd4,oe:player:760f71918dbe25e76081e22adb97a74,LJX,Yunbee,-0.33462984
NA1/3476462353,2020-06-29,2020,Unknown,10.13,oe:team:5baea1d85fe74c9b5324e0ac7b55f23,XT Esports,lineup-682ec197fbbea67f,0,pair-5c16b2d4818b28c2,oe:player:6a917b03d531a46c8467ed18756ddd4,oe:player:97a03ee352a6f5252f1f93019e992f9,LJX,Cozy,-0.87126996
NA1/3476462353,2020-06-29,2020,Unknown,10.13,oe:team:5baea1d85fe74c9b5324e0ac7b55f23,XT Esports,lineup-682ec197fbbea67f,0,pair-6695b4d88d2f9c40,oe:player:6a917b03d531a46c8467ed18756ddd4,oe:player:ea2f78f74267c020cce0e3297653f24,LJX,Seoks,-0.71263940
NA1/3476462353,2020-06-29,2020,Unknown,10.13,oe:team:5baea1d85fe74c9b5324e0ac7b55f23,XT Esports,lineup-682ec197fbbea67f,0,pair-2d8aaa82279bad84,oe:player:6cd277156437b9b8dd67807bb21d0a5,oe:player:760f71918dbe25e76081e22adb97a74,Twocutz,Yunbee,-0.47988921
NA1/3476462353,2020-06-29,2020,Unknown,10.13,oe:team:5baea1d85fe74c9b5324e0ac7b55f23,XT Esports,lineup-682ec197fbbea67f,0,pair-e6ad40f7a53aac76,oe:player:6cd277156437b9b8dd67807bb21d0a5,oe:player:97a03ee352a6f5252f1f93019e992f9,Twocutz,Cozy,-1.01652933
NA1/3476462353,2020-06-29,2020,Unknown,10.13,oe:team:5baea1d85fe74c9b5324e0ac7b55f23,XT Esports,lineup-682ec197fbbea67f,0,pair-b0292606a1d9db61,oe:player:6cd277156437b9b8dd67807bb21d0a5,oe:player:ea2f78f74267c020cce0e3297653f24,Twocutz,Seoks,-0.85789877
NA1/3476462353,2020-06-29,2020,Unknown,10.13,oe:team:5baea1d85fe74c9b5324e0ac7b55f23,XT Esports,lineup-682ec197fbbea67f,0,pair-4e9578577cb9b662,oe:player:760f71918dbe25e76081e22adb97a74,oe:player:97a03ee352a6f5252f1f93019e992f9,Yunbee,Cozy,-0.79443441
NA1/3476462353,2020-06-29,2020,Unknown,10.13,oe:team:5baea1d85fe74c9b5324e0ac7b55f23,XT Esports,lineup-682ec197fbbea67f,0,pair-0b64e9e82ff026b1,oe:player:760f71918dbe25e76081e22adb97a74,oe:player:ea2f78f74267c020cce0e3297653f24,Yunbee,Seoks,-0.63580385
NA1/3476462353,2020-06-29,2020,Unknown,10.13,oe:team:5baea1d85fe74c9b5324e0ac7b55f23,XT Esports,lineup-682ec197fbbea67f,0,pair-fd6d9f4bda5e64fd,oe:player:97a03ee352a6f5252f1f93019e992f9,oe:player:ea2f78f74267c020cce0e3297653f24,Cozy,Seoks,-1.17244397
NA1/3476462353,2020-06-29,2020,Unknown,10.13,oe:team:8776b7033f1bc10634e50d90f861c1d,Supernova,lineup-22989664501ef5be,1,pair-f87e4d5d9e0287b5,oe:player:205dc545e21bb07b657e0f193af6887,oe:player:74c97a5b51b2f1900328154b5a58a44,Clyde,OddOrange,-1.06345139
NA1/3476462353,2020-06-29,2020,Unknown,10.13,oe:team:8776b7033f1bc10634e50d90f861c1d,Supernova,lineup-22989664501ef5be,1,pair-50eeefcdc3a5dcd5,oe:player:205dc545e21bb07b657e0f193af6887,oe:player:94da1452e43ac6797e36ca8f17656ad,Clyde,EvanRL,-0.50891493
NA1/3476462353,2020-06-29,2020,Unknown,10.13,oe:team:8776b7033f1bc10634e50d90f861c1d,Supernova,lineup-22989664501ef5be,1,pair-635139466b133f45,oe:player:205dc545e21bb07b657e0f193af6887,oe:player:ea9ed09584feecae0991089f087d2ce,Clyde,APA,-0.85504936
NA1/3476462353,2020-06-29,2020,Unknown,10.13,oe:team:8776b7033f1bc10634e50d90f861c1d,Supernova,lineup-22989664501ef5be,1,pair-9637026fbd326151,oe:player:205dc545e21bb07b657e0f193af6887,oe:player:f57280c82d3a38f8bf412a520e33f7f,Clyde,PCL,-0.91421440
NA1/3476462353,2020-06-29,2020,Unknown,10.13,oe:team:8776b7033f1bc10634e50d90f861c1d,Supernova,lineup-22989664501ef5be,1,pair-50083fce2d78ff42,oe:player:74c97a5b51b2f1900328154b5a58a44,oe:player:94da1452e43ac6797e36ca8f17656ad,OddOrange,EvanRL,-0.52440656
NA1/3476462353,2020-06-29,2020,Unknown,10.13,oe:team:8776b7033f1bc10634e50d90f861c1d,Supernova,lineup-22989664501ef5be,1,pair-98074e249ca42445,oe:player:74c97a5b51b2f1900328154b5a58a44,oe:player:ea9ed09584feecae0991089f087d2ce,OddOrange,APA,-0.87054099
NA1/3476462353,2020-06-29,2020,Unknown,10.13,oe:team:8776b7033f1bc10634e50d90f861c1d,Supernova,lineup-22989664501ef5be,1,pair-488c7739daa8040c,oe:player:74c97a5b51b2f1900328154b5a58a44,oe:player:f57280c82d3a38f8bf412a520e33f7f,OddOrange,PCL,-0.92970603
NA1/3476462353,2020-06-29,2020,Unknown,10.13,oe:team:8776b7033f1bc10634e50d90f861c1d,Supernova,lineup-22989664501ef5be,1,pair-2c92750de6aeb1ac,oe:player:94da1452e43ac6797e36ca8f17656ad,oe:player:ea9ed09584feecae0991089f087d2ce,EvanRL,APA,-0.31600453
NA1/3476462353,2020-06-29,2020,Unknown,10.13,oe:team:8776b7033f1bc10634e50d90f861c1d,Supernova,lineup-22989664501ef5be,1,pair-0ff5df7a07e7f287,oe:player:94da1452e43ac6797e36ca8f17656ad,oe:player:f57280c82d3a38f8bf412a520e33f7f,EvanRL,PCL,-0.37516957
NA1/3476462353,2020-06-29,2020,Unknown,10.13,oe:team:8776b7033f1bc10634e50d90f861c1d,Supernova,lineup-22989664501ef5be,1,pair-f47a4c05e4f250d4,oe:player:ea9ed09584feecae0991089f087d2ce,oe:player:f57280c82d3a38f8bf412a520e33f7f,APA,PCL,-0.72130400
NA1/3476502193,2020-06-29,2020,Unknown,10.13,oe:team:2be2ebecc453760d7df4991a51a8edc,World Class Empyreans,lineup-f4c0cb9d6b216db6,0,pair-e4634722608f71b0,oe:player:27adb0b3f92d9b8f7fa4cb55b60114c,oe:player:57bb48fd65bff2e2660a13e58f2fcb2,Lawrence,rovex,0.16716274
NA1/3476502193,2020-06-29,2020,Unknown,10.13,oe:team:2be2ebecc453760d7df4991a51a8edc,World Class Empyreans,lineup-f4c0cb9d6b216db6,0,pair-9f6121f303d41a79,oe:player:27adb0b3f92d9b8f7fa4cb55b60114c,oe:player:dcf834a546bd8ced959113bd2eff041,Lawrence,Lost in a Moment,-0.25313472
NA1/3476502193,2020-06-29,2020,Unknown,10.13,oe:team:2be2ebecc453760d7df4991a51a8edc,World Class Empyreans,lineup-f4c0cb9d6b216db6,0,pair-4f03a88239492a8c,oe:player:27adb0b3f92d9b8f7fa4cb55b60114c,oe:player:f04a502d38a0c3b35e53ecef740cf37,Lawrence,Eclipse,0.18530984
NA1/3476502193,2020-06-29,2020,Unknown,10.13,oe:team:2be2ebecc453760d7df4991a51a8edc,World Class Empyreans,lineup-f4c0cb9d6b216db6,0,pair-8182443b996408f5,oe:player:27adb0b3f92d9b8f7fa4cb55b60114c,oe:player:f23104490edcad2a6de0133e1784290,Lawrence,SiddyWiddy,0.38296774
NA1/3476502193,2020-06-29,2020,Unknown,10.13,oe:team:2be2ebecc453760d7df4991a51a8edc,World Class Empyreans,lineup-f4c0cb9d6b216db6,0,pair-0e8fbe93468a910b,oe:player:57bb48fd65bff2e2660a13e58f2fcb2,oe:player:dcf834a546bd8ced959113bd2eff041,rovex,Lost in a Moment,-0.37164480
NA1/3476502193,2020-06-29,2020,Unknown,10.13,oe:team:2be2ebecc453760d7df4991a51a8edc,World Class Empyreans,lineup-f4c0cb9d6b216db6,0,pair-5cac848d3db3c7da,oe:player:57bb48fd65bff2e2660a13e58f2fcb2,oe:player:f04a502d38a0c3b35e53ecef740cf37,rovex,Eclipse,0.06679976
NA1/3476502193,2020-06-29,2020,Unknown,10.13,oe:team:2be2ebecc453760d7df4991a51a8edc,World Class Empyreans,lineup-f4c0cb9d6b216db6,0,pair-7e6cfadf0c458fd9,oe:player:57bb48fd65bff2e2660a13e58f2fcb2,oe:player:f23104490edcad2a6de0133e1784290,rovex,SiddyWiddy,0.26445766
NA1/3476502193,2020-06-29,2020,Unknown,10.13,oe:team:2be2ebecc453760d7df4991a51a8edc,World Class Empyreans,lineup-f4c0cb9d6b216db6,0,pair-7d6697771dbd89df,oe:player:dcf834a546bd8ced959113bd2eff041,oe:player:f04a502d38a0c3b35e53ecef740cf37,Lost in a Moment,Eclipse,-0.35349770
NA1/3476502193,2020-06-29,2020,Unknown,10.13,oe:team:2be2ebecc453760d7df4991a51a8edc,World Class Empyreans,lineup-f4c0cb9d6b216db6,0,pair-bce4f9331417895d,oe:player:dcf834a546bd8ced959113bd2eff041,oe:player:f23104490edcad2a6de0133e1784290,Lost in a Moment,SiddyWiddy,-0.15583980
NA1/3476502193,2020-06-29,2020,Unknown,10.13,oe:team:2be2ebecc453760d7df4991a51a8edc,World Class Empyreans,lineup-f4c0cb9d6b216db6,0,pair-2b05ef34fcd1e9a9,oe:player:f04a502d38a0c3b35e53ecef740cf37,oe:player:f23104490edcad2a6de0133e1784290,Eclipse,SiddyWiddy,0.28260476
NA1/3476502193,2020-06-29,2020,Unknown,10.13,oe:team:d1c09638d5f5bff76830781601a792d,XTGN,lineup-5eeecd56a97bcba9,1,pair-6f1b20da286d2cca,oe:player:29b67a93c1a600beb6904551c853fdd,oe:player:2e41e5848c5235a0e3def1e25027766,Trevor,Hunter,0.41458495
NA1/3476502193,2020-06-29,2020,Unknown,10.13,oe:team:d1c09638d5f5bff76830781601a792d,XTGN,lineup-5eeecd56a97bcba9,1,pair-767dafdd45b39cce,oe:player:29b67a93c1a600beb6904551c853fdd,oe:player:4db47d64e2721bf7a93ebf42e488852,Trevor,Meech,1.49297949
NA1/3476502193,2020-06-29,2020,Unknown,10.13,oe:team:d1c09638d5f5bff76830781601a792d,XTGN,lineup-5eeecd56a97bcba9,1,pair-74f9d116e53a308f,oe:player:29b67a93c1a600beb6904551c853fdd,oe:player:5257e05cde806e07b405ddcce85114d,Trevor,Bradley,0.69450796
NA1/3476502193,2020-06-29,2020,Unknown,10.13,oe:team:d1c09638d5f5bff76830781601a792d,XTGN,lineup-5eeecd56a97bcba9,1,pair-2e33472098890579,oe:player:29b67a93c1a600beb6904551c853fdd,oe:player:e8aba5fbfc41b0621226b08a87e3ded,Trevor,Philip,0.31979752
NA1/3476502193,2020-06-29,2020,Unknown,10.13,oe:team:d1c09638d5f5bff76830781601a792d,XTGN,lineup-5eeecd56a97bcba9,1,pair-53efb8bb4066ff65,oe:player:2e41e5848c5235a0e3def1e25027766,oe:player:4db47d64e2721bf7a93ebf42e488852,Hunter,Meech,1.29634321
NA1/3476502193,2020-06-29,2020,Unknown,10.13,oe:team:d1c09638d5f5bff76830781601a792d,XTGN,lineup-5eeecd56a97bcba9,1,pair-e43cf8dadec41903,oe:player:2e41e5848c5235a0e3def1e25027766,oe:player:5257e05cde806e07b405ddcce85114d,Hunter,Bradley,0.49787168
NA1/3476502193,2020-06-29,2020,Unknown,10.13,oe:team:d1c09638d5f5bff76830781601a792d,XTGN,lineup-5eeecd56a97bcba9,1,pair-d1e073d43657a3a3,oe:player:2e41e5848c5235a0e3def1e25027766,oe:player:e8aba5fbfc41b0621226b08a87e3ded,Hunter,Philip,0.12316124
NA1/3476502193,2020-06-29,2020,Unknown,10.13,oe:team:d1c09638d5f5bff76830781601a792d,XTGN,lineup-5eeecd56a97bcba9,1,pair-a7fc2e47575f8d50,oe:player:4db47d64e2721bf7a93ebf42e488852,oe:player:5257e05cde806e07b405ddcce85114d,Meech,Bradley,1.57626622
NA1/3476502193,2020-06-29,2020,Unknown,10.13,oe:team:d1c09638d5f5bff76830781601a792d,XTGN,lineup-5eeecd56a97bcba9,1,pair-b0966b91ea009259,oe:player:4db47d64e2721bf7a93ebf42e488852,oe:player:e8aba5fbfc41b0621226b08a87e3ded,Meech,Philip,1.20155577
NA1/3476502193,2020-06-29,2020,Unknown,10.13,oe:team:d1c09638d5f5bff76830781601a792d,XTGN,lineup-5eeecd56a97bcba9,1,pair-e015d6c84213675e,oe:player:5257e05cde806e07b405ddcce85114d,oe:player:e8aba5fbfc41b0621226b08a87e3ded,Bradley,Philip,0.40308425
NA1/3476551525,2020-06-28,2020,Unknown,10.13,oe:team:5baea1d85fe74c9b5324e0ac7b55f23,XT Esports,lineup-682ec197fbbea67f,0,pair-4eb2d97d314d3ecf,oe:player:6a917b03d531a46c8467ed18756ddd4,oe:player:6cd277156437b9b8dd67807bb21d0a5,LJX,Twocutz,-0.61409535
NA1/3476551525,2020-06-28,2020,Unknown,10.13,oe:team:5baea1d85fe74c9b5324e0ac7b55f23,XT Esports,lineup-682ec197fbbea67f,0,pair-e4e2a5692c4d0dae,oe:player:6a917b03d531a46c8467ed18756ddd4,oe:player:760f71918dbe25e76081e22adb97a74,LJX,Yunbee,-0.08964735
NA1/3476551525,2020-06-28,2020,Unknown,10.13,oe:team:5baea1d85fe74c9b5324e0ac7b55f23,XT Esports,lineup-682ec197fbbea67f,0,pair-5c16b2d4818b28c2,oe:player:6a917b03d531a46c8467ed18756ddd4,oe:player:97a03ee352a6f5252f1f93019e992f9,LJX,Cozy,-0.72345517
NA1/3476551525,2020-06-28,2020,Unknown,10.13,oe:team:5baea1d85fe74c9b5324e0ac7b55f23,XT Esports,lineup-682ec197fbbea67f,0,pair-6695b4d88d2f9c40,oe:player:6a917b03d531a46c8467ed18756ddd4,oe:player:ea2f78f74267c020cce0e3297653f24,LJX,Seoks,-0.46483093
NA1/3476551525,2020-06-28,2020,Unknown,10.13,oe:team:5baea1d85fe74c9b5324e0ac7b55f23,XT Esports,lineup-682ec197fbbea67f,0,pair-2d8aaa82279bad84,oe:player:6cd277156437b9b8dd67807bb21d0a5,oe:player:760f71918dbe25e76081e22adb97a74,Twocutz,Yunbee,-0.51704811
NA1/3476551525,2020-06-28,2020,Unknown,10.13,oe:team:5baea1d85fe74c9b5324e0ac7b55f23,XT Esports,lineup-682ec197fbbea67f,0,pair-e6ad40f7a53aac76,oe:player:6cd277156437b9b8dd67807bb21d0a5,oe:player:97a03ee352a6f5252f1f93019e992f9,Twocutz,Cozy,-1.15085593
NA1/3476551525,2020-06-28,2020,Unknown,10.13,oe:team:5baea1d85fe74c9b5324e0ac7b55f23,XT Esports,lineup-682ec197fbbea67f,0,pair-b0292606a1d9db61,oe:player:6cd277156437b9b8dd67807bb21d0a5,oe:player:ea2f78f74267c020cce0e3297653f24,Twocutz,Seoks,-0.89223168
NA1/3476551525,2020-06-28,2020,Unknown,10.13,oe:team:5baea1d85fe74c9b5324e0ac7b55f23,XT Esports,lineup-682ec197fbbea67f,0,pair-4e9578577cb9b662,oe:player:760f71918dbe25e76081e22adb97a74,oe:player:97a03ee352a6f5252f1f93019e992f9,Yunbee,Cozy,-0.62640792
NA1/3476551525,2020-06-28,2020,Unknown,10.13,oe:team:5baea1d85fe74c9b5324e0ac7b55f23,XT Esports,lineup-682ec197fbbea67f,0,pair-0b64e9e82ff026b1,oe:player:760f71918dbe25e76081e22adb97a74,oe:player:ea2f78f74267c020cce0e3297653f24,Yunbee,Seoks,-0.36778368
NA1/3476551525,2020-06-28,2020,Unknown,10.13,oe:team:5baea1d85fe74c9b5324e0ac7b55f23,XT Esports,lineup-682ec197fbbea67f,0,pair-fd6d9f4bda5e64fd,oe:player:97a03ee352a6f5252f1f93019e992f9,oe:player:ea2f78f74267c020cce0e3297653f24,Cozy,Seoks,-1.00159150
NA1/3476551525,2020-06-28,2020,Unknown,10.13,oe:team:8776b7033f1bc10634e50d90f861c1d,Supernova,lineup-22989664501ef5be,1,pair-f87e4d5d9e0287b5,oe:player:205dc545e21bb07b657e0f193af6887,oe:player:74c97a5b51b2f1900328154b5a58a44,Clyde,OddOrange,-0.79844928
NA1/3476551525,2020-06-28,2020,Unknown,10.13,oe:team:8776b7033f1bc10634e50d90f861c1d,Supernova,lineup-22989664501ef5be,1,pair-50eeefcdc3a5dcd5,oe:player:205dc545e21bb07b657e0f193af6887,oe:player:94da1452e43ac6797e36ca8f17656ad,Clyde,EvanRL,-0.55471230
NA1/3476551525,2020-06-28,2020,Unknown,10.13,oe:team:8776b7033f1bc10634e50d90f861c1d,Supernova,lineup-22989664501ef5be,1,pair-635139466b133f45,oe:player:205dc545e21bb07b657e0f193af6887,oe:player:ea9ed09584feecae0991089f087d2ce,Clyde,APA,-0.38306922
NA1/3476551525,2020-06-28,2020,Unknown,10.13,oe:team:8776b7033f1bc10634e50d90f861c1d,Supernova,lineup-22989664501ef5be,1,pair-9637026fbd326151,oe:player:205dc545e21bb07b657e0f193af6887,oe:player:f57280c82d3a38f8bf412a520e33f7f,Clyde,PCL,-0.42421371
NA1/3476551525,2020-06-28,2020,Unknown,10.13,oe:team:8776b7033f1bc10634e50d90f861c1d,Supernova,lineup-22989664501ef5be,1,pair-50083fce2d78ff42,oe:player:74c97a5b51b2f1900328154b5a58a44,oe:player:94da1452e43ac6797e36ca8f17656ad,OddOrange,EvanRL,-0.36490911
NA1/3476551525,2020-06-28,2020,Unknown,10.13,oe:team:8776b7033f1bc10634e50d90f861c1d,Supernova,lineup-22989664501ef5be,1,pair-98074e249ca42445,oe:player:74c97a5b51b2f1900328154b5a58a44,oe:player:ea9ed09584feecae0991089f087d2ce,OddOrange,APA,-0.19326603
NA1/3476551525,2020-06-28,2020,Unknown,10.13,oe:team:8776b7033f1bc10634e50d90f861c1d,Supernova,lineup-22989664501ef5be,1,pair-488c7739daa8040c,oe:player:74c97a5b51b2f1900328154b5a58a44,oe:player:f57280c82d3a38f8bf412a520e33f7f,OddOrange,PCL,-0.23441052
NA1/3476551525,2020-06-28,2020,Unknown,10.13,oe:team:8776b7033f1bc10634e50d90f861c1d,Supernova,lineup-22989664501ef5be,1,pair-2c92750de6aeb1ac,oe:player:94da1452e43ac6797e36ca8f17656ad,oe:player:ea9ed09584feecae0991089f087d2ce,EvanRL,APA,0.05047094
NA1/3476551525,2020-06-28,2020,Unknown,10.13,oe:team:8776b7033f1bc10634e50d90f861c1d,Supernova,lineup-22989664501ef5be,1,pair-0ff5df7a07e7f287,oe:player:94da1452e43ac6797e36ca8f17656ad,oe:player:f57280c82d3a38f8bf412a520e33f7f,EvanRL,PCL,0.00932646
NA1/3476551525,2020-06-28,2020,Unknown,10.13,oe:team:8776b7033f1bc10634e50d90f861c1d,Supernova,lineup-22989664501ef5be,1,pair-f47a4c05e4f250d4,oe:player:ea9ed09584feecae0991089f087d2ce,oe:player:f57280c82d3a38f8bf412a520e33f7f,APA,PCL,0.18096954
NA1/3476632221,2020-06-29,2020,Unknown,10.13,oe:team:7df78a658a1ca10f6d413c775cf35cd,Polar Ace,lineup-5e66876df3c43785,0,pair-95268ec7330016ad,oe:player:339584e5b6ff20add38aa209f78eada,oe:player:33daef70f45123c10a232b800d930a0,Infectrix,Flaresz,0.26560922
NA1/3476632221,2020-06-29,2020,Unknown,10.13,oe:team:7df78a658a1ca10f6d413c775cf35cd,Polar Ace,lineup-5e66876df3c43785,0,pair-1451fd658064d88a,oe:player:339584e5b6ff20add38aa209f78eada,oe:player:3e722c8ede909c83af9342c41805a16,Infectrix,Busio,0.39945646
NA1/3476632221,2020-06-29,2020,Unknown,10.13,oe:team:7df78a658a1ca10f6d413c775cf35cd,Polar Ace,lineup-5e66876df3c43785,0,pair-12110108ef827f15,oe:player:339584e5b6ff20add38aa209f78eada,oe:player:3f96b0d5494895f5e964dc16ea8f27b,Infectrix,Spawn,0.16317911
NA1/3476632221,2020-06-29,2020,Unknown,10.13,oe:team:7df78a658a1ca10f6d413c775cf35cd,Polar Ace,lineup-5e66876df3c43785,0,pair-3f7b731cad4507ec,oe:player:339584e5b6ff20add38aa209f78eada,oe:player:6ca0cf01bc942179eb37f9863ea16cc,Infectrix,Menace,-0.83558848
NA1/3476632221,2020-06-29,2020,Unknown,10.13,oe:team:7df78a658a1ca10f6d413c775cf35cd,Polar Ace,lineup-5e66876df3c43785,0,pair-64641b55bba96f07,oe:player:33daef70f45123c10a232b800d930a0,oe:player:3e722c8ede909c83af9342c41805a16,Flaresz,Busio,1.74616722
NA1/3476632221,2020-06-29,2020,Unknown,10.13,oe:team:7df78a658a1ca10f6d413c775cf35cd,Polar Ace,lineup-5e66876df3c43785,0,pair-486fdad915fc920f,oe:player:33daef70f45123c10a232b800d930a0,oe:player:3f96b0d5494895f5e964dc16ea8f27b,Flaresz,Spawn,1.50988986
NA1/3476632221,2020-06-29,2020,Unknown,10.13,oe:team:7df78a658a1ca10f6d413c775cf35cd,Polar Ace,lineup-5e66876df3c43785,0,pair-d219519aef3a019c,oe:player:33daef70f45123c10a232b800d930a0,oe:player:6ca0cf01bc942179eb37f9863ea16cc,Flaresz,Menace,0.51112228
NA1/3476632221,2020-06-29,2020,Unknown,10.13,oe:team:7df78a658a1ca10f6d413c775cf35cd,Polar Ace,lineup-5e66876df3c43785,0,pair-611beae725f98d64,oe:player:3e722c8ede909c83af9342c41805a16,oe:player:3f96b0d5494895f5e964dc16ea8f27b,Busio,Spawn,1.64373711
NA1/3476632221,2020-06-29,2020,Unknown,10.13,oe:team:7df78a658a1ca10f6d413c775cf35cd,Polar Ace,lineup-5e66876df3c43785,0,pair-7c281de31cdde459,oe:player:3e722c8ede909c83af9342c41805a16,oe:player:6ca0cf01bc942179eb37f9863ea16cc,Busio,Menace,0.64496952
NA1/3476632221,2020-06-29,2020,Unknown,10.13,oe:team:7df78a658a1ca10f6d413c775cf35cd,Polar Ace,lineup-5e66876df3c43785,0,pair-6bb5617b4d7de2d9,oe:player:3f96b0d5494895f5e964dc16ea8f27b,oe:player:6ca0cf01bc942179eb37f9863ea16cc,Spawn,Menace,0.40869217
NA1/3476632221,2020-06-29,2020,Unknown,10.13,oe:team:9034597e77937456f89960ad1b8615e,Wildcard Gaming,lineup-128e57fa4174c7f4,1,pair-267d50562c3406cf,oe:player:184d97e1a8e8130dfb0a41329b780c6,oe:player:30572b23e41315ce024a7af628da667,Dragoon,CMD ATK,0.35038146
NA1/3476632221,2020-06-29,2020,Unknown,10.13,oe:team:9034597e77937456f89960ad1b8615e,Wildcard Gaming,lineup-128e57fa4174c7f4,1,pair-1ea9e04ef5d2daf2,oe:player:184d97e1a8e8130dfb0a41329b780c6,oe:player:c33de864be225948486047a145b4bf1,Dragoon,Le Grain,1.85779234
NA1/3476632221,2020-06-29,2020,Unknown,10.13,oe:team:9034597e77937456f89960ad1b8615e,Wildcard Gaming,lineup-128e57fa4174c7f4,1,pair-ca5bb124c67c07fe,oe:player:184d97e1a8e8130dfb0a41329b780c6,oe:player:e57ef5f8ab42a0364a11b50f2a86b81,Dragoon,ShorterACE,-0.35061004
NA1/3476632221,2020-06-29,2020,Unknown,10.13,oe:team:9034597e77937456f89960ad1b8615e,Wildcard Gaming,lineup-128e57fa4174c7f4,1,pair-7a1d9f12ab890aa5,oe:player:184d97e1a8e8130dfb0a41329b780c6,oe:player:f8d623a78c27641412debac4080ece7,Dragoon,Joey,-0.05674599
NA1/3476632221,2020-06-29,2020,Unknown,10.13,oe:team:9034597e77937456f89960ad1b8615e,Wildcard Gaming,lineup-128e57fa4174c7f4,1,pair-efbfed8a12d2eab0,oe:player:30572b23e41315ce024a7af628da667,oe:player:c33de864be225948486047a145b4bf1,CMD ATK,Le Grain,2.39207544
NA1/3476632221,2020-06-29,2020,Unknown,10.13,oe:team:9034597e77937456f89960ad1b8615e,Wildcard Gaming,lineup-128e57fa4174c7f4,1,pair-160afee6f92abb1f,oe:player:30572b23e41315ce024a7af628da667,oe:player:e57ef5f8ab42a0364a11b50f2a86b81,CMD ATK,ShorterACE,0.18367305
NA1/3476632221,2020-06-29,2020,Unknown,10.13,oe:team:9034597e77937456f89960ad1b8615e,Wildcard Gaming,lineup-128e57fa4174c7f4,1,pair-a735f22b4388dcf5,oe:player:30572b23e41315ce024a7af628da667,oe:player:f8d623a78c27641412debac4080ece7,CMD ATK,Joey,0.47753710
NA1/3476632221,2020-06-29,2020,Unknown,10.13,oe:team:9034597e77937456f89960ad1b8615e,Wildcard Gaming,lineup-128e57fa4174c7f4,1,pair-daa15feaeb1b22ef,oe:player:c33de864be225948486047a145b4bf1,oe:player:e57ef5f8ab42a0364a11b50f2a86b81,Le Grain,ShorterACE,1.69108394
NA1/3476632221,2020-06-29,2020,Unknown,10.13,oe:team:9034597e77937456f89960ad1b8615e,Wildcard Gaming,lineup-128e57fa4174c7f4,1,pair-3ad8489f6a4815dd,oe:player:c33de864be225948486047a145b4bf1,oe:player:f8d623a78c27641412debac4080ece7,Le Grain,Joey,1.98494798
NA1/3476632221,2020-06-29,2020,Unknown,10.13,oe:team:9034597e77937456f89960ad1b8615e,Wildcard Gaming,lineup-128e57fa4174c7f4,1,pair-cb45880eb35eb4a2,oe:player:e57ef5f8ab42a0364a11b50f2a86b81,oe:player:f8d623a78c27641412debac4080ece7,ShorterACE,Joey,-0.22345440
NA1/3476661296,2020-06-28,2020,Unknown,10.13,oe:team:02008dfb4feddaf6583dd7116eb5180,Life Support,lineup-68c70fa7c42d58bd,0,pair-f9272a413e5710cf,oe:player:07d1c57ec273126c65dbd1197abdb47,oe:player:1e2dabe023493f20f397a3931412383,Pockus,Dinka,-0.22473049
NA1/3476661296,2020-06-28,2020,Unknown,10.13,oe:team:02008dfb4feddaf6583dd7116eb5180,Life Support,lineup-68c70fa7c42d58bd,0,pair-700025522e14fc71,oe:player:07d1c57ec273126c65dbd1197abdb47,oe:player:333dc2ede1e07139814398332e5e90f,Pockus,Vakin,0.44540314
NA1/3476661296,2020-06-28,2020,Unknown,10.13,oe:team:02008dfb4feddaf6583dd7116eb5180,Life Support,lineup-68c70fa7c42d58bd,0,pair-d0681bce1af7eae1,oe:player:07d1c57ec273126c65dbd1197abdb47,oe:player:713fae3c1b605df4ee976c6188182a1,Pockus,Wixxi,0.32160752
NA1/3476661296,2020-06-28,2020,Unknown,10.13,oe:team:02008dfb4feddaf6583dd7116eb5180,Life Support,lineup-68c70fa7c42d58bd,0,pair-fcae5aa8aeac784e,oe:player:07d1c57ec273126c65dbd1197abdb47,oe:player:df4f91120caa080682bf595c5f7f2d3,Pockus,CptShrimps,-0.37083414
NA1/3476661296,2020-06-28,2020,Unknown,10.13,oe:team:02008dfb4feddaf6583dd7116eb5180,Life Support,lineup-68c70fa7c42d58bd,0,pair-dd7d743970d70851,oe:player:1e2dabe023493f20f397a3931412383,oe:player:333dc2ede1e07139814398332e5e90f,Dinka,Vakin,-0.00913622
NA1/3476661296,2020-06-28,2020,Unknown,10.13,oe:team:02008dfb4feddaf6583dd7116eb5180,Life Support,lineup-68c70fa7c42d58bd,0,pair-f8dc37b8ef500534,oe:player:1e2dabe023493f20f397a3931412383,oe:player:713fae3c1b605df4ee976c6188182a1,Dinka,Wixxi,-0.13293184
NA1/3476661296,2020-06-28,2020,Unknown,10.13,oe:team:02008dfb4feddaf6583dd7116eb5180,Life Support,lineup-68c70fa7c42d58bd,0,pair-ef9c00ccf1369abc,oe:player:1e2dabe023493f20f397a3931412383,oe:player:df4f91120caa080682bf595c5f7f2d3,Dinka,CptShrimps,-0.82537349
NA1/3476661296,2020-06-28,2020,Unknown,10.13,oe:team:02008dfb4feddaf6583dd7116eb5180,Life Support,lineup-68c70fa7c42d58bd,0,pair-94b337b5c35041fb,oe:player:333dc2ede1e07139814398332e5e90f,oe:player:713fae3c1b605df4ee976c6188182a1,Vakin,Wixxi,0.53720179
NA1/3476661296,2020-06-28,2020,Unknown,10.13,oe:team:02008dfb4feddaf6583dd7116eb5180,Life Support,lineup-68c70fa7c42d58bd,0,pair-6195e4374d0bb6cb,oe:player:333dc2ede1e07139814398332e5e90f,oe:player:df4f91120caa080682bf595c5f7f2d3,Vakin,CptShrimps,-0.15523986
NA1/3476661296,2020-06-28,2020,Unknown,10.13,oe:team:02008dfb4feddaf6583dd7116eb5180,Life Support,lineup-68c70fa7c42d58bd,0,pair-b05bfcd89f9046c0,oe:player:713fae3c1b605df4ee976c6188182a1,oe:player:df4f91120caa080682bf595c5f7f2d3,Wixxi,CptShrimps,-0.27903548
NA1/3476661296,2020-06-28,2020,Unknown,10.13,oe:team:9a05c2942353d2f3d466d6bcb640459,FrostFire,lineup-fe66accff0e1921c,1,pair-fbf1157ac77327f2,oe:player:63c69dda59be1b98c0a5c88416c7481,oe:player:6ea5eed9d404c86d3bc9d8f597869eb,Savage,Kitzuo,1.19947616
NA1/3476661296,2020-06-28,2020,Unknown,10.13,oe:team:9a05c2942353d2f3d466d6bcb640459,FrostFire,lineup-fe66accff0e1921c,1,pair-c1029cc8d592c30e,oe:player:63c69dda59be1b98c0a5c88416c7481,oe:player:9aa495e3b9f80194639a3941cca4d77,Savage,Dean,-0.05592327
NA1/3476661296,2020-06-28,2020,Unknown,10.13,oe:team:9a05c2942353d2f3d466d6bcb640459,FrostFire,lineup-fe66accff0e1921c,1,pair-402353c932b150a4,oe:player:63c69dda59be1b98c0a5c88416c7481,oe:player:fba26591b2a75a8e370c2d51bc9eb90,Savage,Azog,0.33625574
NA1/3476661296,2020-06-28,2020,Unknown,10.13,oe:team:9a05c2942353d2f3d466d6bcb640459,FrostFire,lineup-fe66accff0e1921c,1,pair-a81a566506de1de2,oe:player:63c69dda59be1b98c0a5c88416c7481,oe:player:feee48d6e5d34aed05441b8f436d729,Savage,Quas,-0.08212297
NA1/3476661296,2020-06-28,2020,Unknown,10.13,oe:team:9a05c2942353d2f3d466d6bcb640459,FrostFire,lineup-fe66accff0e1921c,1,pair-d280c3fa7bb498e4,oe:player:6ea5eed9d404c86d3bc9d8f597869eb,oe:player:9aa495e3b9f80194639a3941cca4d77,Kitzuo,Dean,0.56063125
NA1/3476661296,2020-06-28,2020,Unknown,10.13,oe:team:9a05c2942353d2f3d466d6bcb640459,FrostFire,lineup-fe66accff0e1921c,1,pair-8821570ce0e62c8b,oe:player:6ea5eed9d404c86d3bc9d8f597869eb,oe:player:fba26591b2a75a8e370c2d51bc9eb90,Kitzuo,Azog,0.95281026
NA1/3476661296,2020-06-28,2020,Unknown,10.13,oe:team:9a05c2942353d2f3d466d6bcb640459,FrostFire,lineup-fe66accff0e1921c,1,pair-95ddaa125d27c40f,oe:player:6ea5eed9d404c86d3bc9d8f597869eb,oe:player:feee48d6e5d34aed05441b8f436d729,Kitzuo,Quas,0.53443155
NA1/3476661296,2020-06-28,2020,Unknown,10.13,oe:team:9a05c2942353d2f3d466d6bcb640459,FrostFire,lineup-fe66accff0e1921c,1,pair-fe217131ab93fb0f,oe:player:9aa495e3b9f80194639a3941cca4d77,oe:player:fba26591b2a75a8e370c2d51bc9eb90,Dean,Azog,-0.30258918
NA1/3476661296,2020-06-28,2020,Unknown,10.13,oe:team:9a05c2942353d2f3d466d6bcb640459,FrostFire,lineup-fe66accff0e1921c,1,pair-16ac9676026caa26,oe:player:9aa495e3b9f80194639a3941cca4d77,oe:player:feee48d6e5d34aed05441b8f436d729,Dean,Quas,-0.72096788
NA1/3476661296,2020-06-28,2020,Unknown,10.13,oe:team:9a05c2942353d2f3d466d6bcb640459,FrostFire,lineup-fe66accff0e1921c,1,pair-dd405b18bf808ecf,oe:player:fba26591b2a75a8e370c2d51bc9eb90,oe:player:feee48d6e5d34aed05441b8f436d729,Azog,Quas,-0.32878888
NA1/3476661352,2020-06-28,2020,Unknown,10.13,oe:team:7e2401900a9756d56a10b66590357fe,Dark Allegiance,lineup-b3728bf2c54b4322,1,pair-f24c1c5759425d3b,oe:player:129e455643cbb5188a26c45713eef54,oe:player:4b8fa1ed371220801e5d3083359b63e,Örca,Enigma,-0.09776947
NA1/3476661352,2020-06-28,2020,Unknown,10.13,oe:team:7e2401900a9756d56a10b66590357fe,Dark Allegiance,lineup-b3728bf2c54b4322,1,pair-abc7a4fba15e0bb4,oe:player:129e455643cbb5188a26c45713eef54,oe:player:9f64c46e4295613bf32b57580ecda74,Örca,Swiftah,0.45382893
NA1/3476661352,2020-06-28,2020,Unknown,10.13,oe:team:7e2401900a9756d56a10b66590357fe,Dark Allegiance,lineup-b3728bf2c54b4322,1,pair-d573dcdfe5655faf,oe:player:129e455643cbb5188a26c45713eef54,oe:player:e0c83c2a57ab3f97e5e5def851b8c9d,Örca,Kedeck,-0.53193618
NA1/3476661352,2020-06-28,2020,Unknown,10.13,oe:team:7e2401900a9756d56a10b66590357fe,Dark Allegiance,lineup-b3728bf2c54b4322,1,pair-8471be61ec1c251a,oe:player:129e455643cbb5188a26c45713eef54,oe:player:ec41c69e802a3c1cc4b81a7c25d021e,Örca,Matty,0.23835565
NA1/3476661352,2020-06-28,2020,Unknown,10.13,oe:team:7e2401900a9756d56a10b66590357fe,Dark Allegiance,lineup-b3728bf2c54b4322,1,pair-7460bb7240391e41,oe:player:4b8fa1ed371220801e5d3083359b63e,oe:player:9f64c46e4295613bf32b57580ecda74,Enigma,Swiftah,0.36236458
NA1/3476661352,2020-06-28,2020,Unknown,10.13,oe:team:7e2401900a9756d56a10b66590357fe,Dark Allegiance,lineup-b3728bf2c54b4322,1,pair-efa41ca31708eee8,oe:player:4b8fa1ed371220801e5d3083359b63e,oe:player:e0c83c2a57ab3f97e5e5def851b8c9d,Enigma,Kedeck,-0.62340053
NA1/3476661352,2020-06-28,2020,Unknown,10.13,oe:team:7e2401900a9756d56a10b66590357fe,Dark Allegiance,lineup-b3728bf2c54b4322,1,pair-771c26c236313737,oe:player:4b8fa1ed371220801e5d3083359b63e,oe:player:ec41c69e802a3c1cc4b81a7c25d021e,Enigma,Matty,0.14689130
NA1/3476661352,2020-06-28,2020,Unknown,10.13,oe:team:7e2401900a9756d56a10b66590357fe,Dark Allegiance,lineup-b3728bf2c54b4322,1,pair-87d4d80bda3a6524,oe:player:9f64c46e4295613bf32b57580ecda74,oe:player:e0c83c2a57ab3f97e5e5def851b8c9d,Swiftah,Kedeck,-0.07180213
NA1/3476661352,2020-06-28,2020,Unknown,10.13,oe:team:7e2401900a9756d56a10b66590357fe,Dark Allegiance,lineup-b3728bf2c54b4322,1,pair-20734a0284147b72,oe:player:9f64c46e4295613bf32b57580ecda74,oe:player:ec41c69e802a3c1cc4b81a7c25d021e,Swiftah,Matty,0.69848970
NA1/3476661352,2020-06-28,2020,Unknown,10.13,oe:team:7e2401900a9756d56a10b66590357fe,Dark Allegiance,lineup-b3728bf2c54b4322,1,pair-3773cf43e0f2b839,oe:player:e0c83c2a57ab3f97e5e5def851b8c9d,oe:player:ec41c69e802a3c1cc4b81a7c25d021e,Kedeck,Matty,-0.28727541
NA1/3476661352,2020-06-28,2020,Unknown,10.13,oe:team:9336ce46babf314b50e3a103506ae0a,Maryville University,lineup-be8375464f55e0ae,0,pair-48a4dcc920c88ef2,oe:player:0b68ac457a26959211f0f624459a328,oe:player:35d2ca59893919e79b8611473b36021,Wolfe,Shady,-0.95507566
NA1/3476661352,2020-06-28,2020,Unknown,10.13,oe:team:9336ce46babf314b50e3a103506ae0a,Maryville University,lineup-be8375464f55e0ae,0,pair-fe7b4976dc1fbfdd,oe:player:0b68ac457a26959211f0f624459a328,oe:player:689202409e48743b914713f96d93947,Wolfe,Value,-0.37488888
NA1/3476661352,2020-06-28,2020,Unknown,10.13,oe:team:9336ce46babf314b50e3a103506ae0a,Maryville University,lineup-be8375464f55e0ae,0,pair-c0908a88f0ce18c3,oe:player:0b68ac457a26959211f0f624459a328,oe:player:c49aafa1ffe9c24aa459e5cf851ddfc,Wolfe,Niles,-0.25137128
NA1/3476661352,2020-06-28,2020,Unknown,10.13,oe:team:9336ce46babf314b50e3a103506ae0a,Maryville University,lineup-be8375464f55e0ae,0,pair-d88185eccceea8d3,oe:player:0b68ac457a26959211f0f624459a328,oe:player:f61764e99a8cc0851a73c850fd43b0c,Wolfe,Amazo,-0.51734273
NA1/3476661352,2020-06-28,2020,Unknown,10.13,oe:team:9336ce46babf314b50e3a103506ae0a,Maryville University,lineup-be8375464f55e0ae,0,pair-2433f3dcb3859f59,oe:player:35d2ca59893919e79b8611473b36021,oe:player:689202409e48743b914713f96d93947,Shady,Value,-0.08996163
NA1/3476661352,2020-06-28,2020,Unknown,10.13,oe:team:9336ce46babf314b50e3a103506ae0a,Maryville University,lineup-be8375464f55e0ae,0,pair-e56269f3f21d5e97,oe:player:35d2ca59893919e79b8611473b36021,oe:player:c49aafa1ffe9c24aa459e5cf851ddfc,Shady,Niles,0.03355596
NA1/3476661352,2020-06-28,2020,Unknown,10.13,oe:team:9336ce46babf314b50e3a103506ae0a,Maryville University,lineup-be8375464f55e0ae,0,pair-6e7ed0dd44d0b88a,oe:player:35d2ca59893919e79b8611473b36021,oe:player:f61764e99a8cc0851a73c850fd43b0c,Shady,Amazo,-0.23241548
NA1/3476661352,2020-06-28,2020,Unknown,10.13,oe:team:9336ce46babf314b50e3a103506ae0a,Maryville University,lineup-be8375464f55e0ae,0,pair-5868f24c8b982a38,oe:player:689202409e48743b914713f96d93947,oe:player:c49aafa1ffe9c24aa459e5cf851ddfc,Value,Niles,0.61374274
NA1/3476661352,2020-06-28,2020,Unknown,10.13,oe:team:9336ce46babf314b50e3a103506ae0a,Maryville University,lineup-be8375464f55e0ae,0,pair-4956fa902ea0a937,oe:player:689202409e48743b914713f96d93947,oe:player:f61764e99a8cc0851a73c850fd43b0c,Value,Amazo,0.34777129
NA1/3476661352,2020-06-28,2020,Unknown,10.13,oe:team:9336ce46babf314b50e3a103506ae0a,Maryville University,lineup-be8375464f55e0ae,0,pair-0f848a33d23139ff,oe:player:c49aafa1ffe9c24aa459e5cf851ddfc,oe:player:f61764e99a8cc0851a73c850fd43b0c,Niles,Amazo,0.47128889
NA1/3476661652,2020-06-29,2020,Unknown,10.13,oe:team:02008dfb4feddaf6583dd7116eb5180,Life Support,lineup-68c70fa7c42d58bd,1,pair-f9272a413e5710cf,oe:player:07d1c57ec273126c65dbd1197abdb47,oe:player:1e2dabe023493f20f397a3931412383,Pockus,Dinka,-0.05286251
NA1/3476661652,2020-06-29,2020,Unknown,10.13,oe:team:02008dfb4feddaf6583dd7116eb5180,Life Support,lineup-68c70fa7c42d58bd,1,pair-700025522e14fc71,oe:player:07d1c57ec273126c65dbd1197abdb47,oe:player:333dc2ede1e07139814398332e5e90f,Pockus,Vakin,0.08403215
NA1/3476661652,2020-06-29,2020,Unknown,10.13,oe:team:02008dfb4feddaf6583dd7116eb5180,Life Support,lineup-68c70fa7c42d58bd,1,pair-d0681bce1af7eae1,oe:player:07d1c57ec273126c65dbd1197abdb47,oe:player:713fae3c1b605df4ee976c6188182a1,Pockus,Wixxi,0.00310328
NA1/3476661652,2020-06-29,2020,Unknown,10.13,oe:team:02008dfb4feddaf6583dd7116eb5180,Life Support,lineup-68c70fa7c42d58bd,1,pair-fcae5aa8aeac784e,oe:player:07d1c57ec273126c65dbd1197abdb47,oe:player:df4f91120caa080682bf595c5f7f2d3,Pockus,CptShrimps,-0.23884794
NA1/3476661652,2020-06-29,2020,Unknown,10.13,oe:team:02008dfb4feddaf6583dd7116eb5180,Life Support,lineup-68c70fa7c42d58bd,1,pair-dd7d743970d70851,oe:player:1e2dabe023493f20f397a3931412383,oe:player:333dc2ede1e07139814398332e5e90f,Dinka,Vakin,-0.13273719
NA1/3476661652,2020-06-29,2020,Unknown,10.13,oe:team:02008dfb4feddaf6583dd7116eb5180,Life Support,lineup-68c70fa7c42d58bd,1,pair-f8dc37b8ef500534,oe:player:1e2dabe023493f20f397a3931412383,oe:player:713fae3c1b605df4ee976c6188182a1,Dinka,Wixxi,-0.21366606
NA1/3476661652,2020-06-29,2020,Unknown,10.13,oe:team:02008dfb4feddaf6583dd7116eb5180,Life Support,lineup-68c70fa7c42d58bd,1,pair-ef9c00ccf1369abc,oe:player:1e2dabe023493f20f397a3931412383,oe:player:df4f91120caa080682bf595c5f7f2d3,Dinka,CptShrimps,-0.45561728
NA1/3476661652,2020-06-29,2020,Unknown,10.13,oe:team:02008dfb4feddaf6583dd7116eb5180,Life Support,lineup-68c70fa7c42d58bd,1,pair-94b337b5c35041fb,oe:player:333dc2ede1e07139814398332e5e90f,oe:player:713fae3c1b605df4ee976c6188182a1,Vakin,Wixxi,-0.07677140
NA1/3476661652,2020-06-29,2020,Unknown,10.13,oe:team:02008dfb4feddaf6583dd7116eb5180,Life Support,lineup-68c70fa7c42d58bd,1,pair-6195e4374d0bb6cb,oe:player:333dc2ede1e07139814398332e5e90f,oe:player:df4f91120caa080682bf595c5f7f2d3,Vakin,CptShrimps,-0.31872263
NA1/3476661652,2020-06-29,2020,Unknown,10.13,oe:team:02008dfb4feddaf6583dd7116eb5180,Life Support,lineup-68c70fa7c42d58bd,1,pair-b05bfcd89f9046c0,oe:player:713fae3c1b605df4ee976c6188182a1,oe:player:df4f91120caa080682bf595c5f7f2d3,Wixxi,CptShrimps,-0.39965149
NA1/3476661652,2020-06-29,2020,Unknown,10.13,oe:team:9a05c2942353d2f3d466d6bcb640459,FrostFire,lineup-fe66accff0e1921c,0,pair-fbf1157ac77327f2,oe:player:63c69dda59be1b98c0a5c88416c7481,oe:player:6ea5eed9d404c86d3bc9d8f597869eb,Savage,Kitzuo,-0.62513638
NA1/3476661652,2020-06-29,2020,Unknown,10.13,oe:team:9a05c2942353d2f3d466d6bcb640459,FrostFire,lineup-fe66accff0e1921c,0,pair-c1029cc8d592c30e,oe:player:63c69dda59be1b98c0a5c88416c7481,oe:player:9aa495e3b9f80194639a3941cca4d77,Savage,Dean,-0.73102320
NA1/3476661652,2020-06-29,2020,Unknown,10.13,oe:team:9a05c2942353d2f3d466d6bcb640459,FrostFire,lineup-fe66accff0e1921c,0,pair-402353c932b150a4,oe:player:63c69dda59be1b98c0a5c88416c7481,oe:player:fba26591b2a75a8e370c2d51bc9eb90,Savage,Azog,-0.87409585
NA1/3476661652,2020-06-29,2020,Unknown,10.13,oe:team:9a05c2942353d2f3d466d6bcb640459,FrostFire,lineup-fe66accff0e1921c,0,pair-a81a566506de1de2,oe:player:63c69dda59be1b98c0a5c88416c7481,oe:player:feee48d6e5d34aed05441b8f436d729,Savage,Quas,-0.63445395
NA1/3476661652,2020-06-29,2020,Unknown,10.13,oe:team:9a05c2942353d2f3d466d6bcb640459,FrostFire,lineup-fe66accff0e1921c,0,pair-d280c3fa7bb498e4,oe:player:6ea5eed9d404c86d3bc9d8f597869eb,oe:player:9aa495e3b9f80194639a3941cca4d77,Kitzuo,Dean,-0.33272129
NA1/3476661652,2020-06-29,2020,Unknown,10.13,oe:team:9a05c2942353d2f3d466d6bcb640459,FrostFire,lineup-fe66accff0e1921c,0,pair-8821570ce0e62c8b,oe:player:6ea5eed9d404c86d3bc9d8f597869eb,oe:player:fba26591b2a75a8e370c2d51bc9eb90,Kitzuo,Azog,-0.47579394
NA1/3476661652,2020-06-29,2020,Unknown,10.13,oe:team:9a05c2942353d2f3d466d6bcb640459,FrostFire,lineup-fe66accff0e1921c,0,pair-95ddaa125d27c40f,oe:player:6ea5eed9d404c86d3bc9d8f597869eb,oe:player:feee48d6e5d34aed05441b8f436d729,Kitzuo,Quas,-0.23615204
NA1/3476661652,2020-06-29,2020,Unknown,10.13,oe:team:9a05c2942353d2f3d466d6bcb640459,FrostFire,lineup-fe66accff0e1921c,0,pair-fe217131ab93fb0f,oe:player:9aa495e3b9f80194639a3941cca4d77,oe:player:fba26591b2a75a8e370c2d51bc9eb90,Dean,Azog,-0.58168076
NA1/3476661652,2020-06-29,2020,Unknown,10.13,oe:team:9a05c2942353d2f3d466d6bcb640459,FrostFire,lineup-fe66accff0e1921c,0,pair-16ac9676026caa26,oe:player:9aa495e3b9f80194639a3941cca4d77,oe:player:feee48d6e5d34aed05441b8f436d729,Dean,Quas,-0.34203886
NA1/3476661652,2020-06-29,2020,Unknown,10.13,oe:team:9a05c2942353d2f3d466d6bcb640459,FrostFire,lineup-fe66accff0e1921c,0,pair-dd405b18bf808ecf,oe:player:fba26591b2a75a8e370c2d51bc9eb90,oe:player:feee48d6e5d34aed05441b8f436d729,Azog,Quas,-0.48511151
NA1/3476661794,2020-06-29,2020,Unknown,10.13,oe:team:7e2401900a9756d56a10b66590357fe,Dark Allegiance,lineup-b3728bf2c54b4322,0,pair-f24c1c5759425d3b,oe:player:129e455643cbb5188a26c45713eef54,oe:player:4b8fa1ed371220801e5d3083359b63e,Örca,Enigma,-0.46177099
NA1/3476661794,2020-06-29,2020,Unknown,10.13,oe:team:7e2401900a9756d56a10b66590357fe,Dark Allegiance,lineup-b3728bf2c54b4322,0,pair-abc7a4fba15e0bb4,oe:player:129e455643cbb5188a26c45713eef54,oe:player:9f64c46e4295613bf32b57580ecda74,Örca,Swiftah,-0.96443309
NA1/3476661794,2020-06-29,2020,Unknown,10.13,oe:team:7e2401900a9756d56a10b66590357fe,Dark Allegiance,lineup-b3728bf2c54b4322,0,pair-d573dcdfe5655faf,oe:player:129e455643cbb5188a26c45713eef54,oe:player:e0c83c2a57ab3f97e5e5def851b8c9d,Örca,Kedeck,-0.63822951
NA1/3476661794,2020-06-29,2020,Unknown,10.13,oe:team:7e2401900a9756d56a10b66590357fe,Dark Allegiance,lineup-b3728bf2c54b4322,0,pair-8471be61ec1c251a,oe:player:129e455643cbb5188a26c45713eef54,oe:player:ec41c69e802a3c1cc4b81a7c25d021e,Örca,Matty,-0.77231005
NA1/3476661794,2020-06-29,2020,Unknown,10.13,oe:team:7e2401900a9756d56a10b66590357fe,Dark Allegiance,lineup-b3728bf2c54b4322,0,pair-7460bb7240391e41,oe:player:4b8fa1ed371220801e5d3083359b63e,oe:player:9f64c46e4295613bf32b57580ecda74,Enigma,Swiftah,-0.67688938
NA1/3476661794,2020-06-29,2020,Unknown,10.13,oe:team:7e2401900a9756d56a10b66590357fe,Dark Allegiance,lineup-b3728bf2c54b4322,0,pair-efa41ca31708eee8,oe:player:4b8fa1ed371220801e5d3083359b63e,oe:player:e0c83c2a57ab3f97e5e5def851b8c9d,Enigma,Kedeck,-0.35068580
NA1/3476661794,2020-06-29,2020,Unknown,10.13,oe:team:7e2401900a9756d56a10b66590357fe,Dark Allegiance,lineup-b3728bf2c54b4322,0,pair-771c26c236313737,oe:player:4b8fa1ed371220801e5d3083359b63e,oe:player:ec41c69e802a3c1cc4b81a7c25d021e,Enigma,Matty,-0.48476634
NA1/3476661794,2020-06-29,2020,Unknown,10.13,oe:team:7e2401900a9756d56a10b66590357fe,Dark Allegiance,lineup-b3728bf2c54b4322,0,pair-87d4d80bda3a6524,oe:player:9f64c46e4295613bf32b57580ecda74,oe:player:e0c83c2a57ab3f97e5e5def851b8c9d,Swiftah,Kedeck,-0.85334791
NA1/3476661794,2020-06-29,2020,Unknown,10.13,oe:team:7e2401900a9756d56a10b66590357fe,Dark Allegiance,lineup-b3728bf2c54b4322,0,pair-20734a0284147b72,oe:player:9f64c46e4295613bf32b57580ecda74,oe:player:ec41c69e802a3c1cc4b81a7c25d021e,Swiftah,Matty,-0.98742844
NA1/3476661794,2020-06-29,2020,Unknown,10.13,oe:team:7e2401900a9756d56a10b66590357fe,Dark Allegiance,lineup-b3728bf2c54b4322,0,pair-3773cf43e0f2b839,oe:player:e0c83c2a57ab3f97e5e5def851b8c9d,oe:player:ec41c69e802a3c1cc4b81a7c25d021e,Kedeck,Matty,-0.66122486
NA1/3476661794,2020-06-29,2020,Unknown,10.13,oe:team:9336ce46babf314b50e3a103506ae0a,Maryville University,lineup-be8375464f55e0ae,1,pair-48a4dcc920c88ef2,oe:player:0b68ac457a26959211f0f624459a328,oe:player:35d2ca59893919e79b8611473b36021,Wolfe,Shady,-0.21714416
NA1/3476661794,2020-06-29,2020,Unknown,10.13,oe:team:9336ce46babf314b50e3a103506ae0a,Maryville University,lineup-be8375464f55e0ae,1,pair-fe7b4976dc1fbfdd,oe:player:0b68ac457a26959211f0f624459a328,oe:player:689202409e48743b914713f96d93947,Wolfe,Value,-0.14895042
NA1/3476661794,2020-06-29,2020,Unknown,10.13,oe:team:9336ce46babf314b50e3a103506ae0a,Maryville University,lineup-be8375464f55e0ae,1,pair-c0908a88f0ce18c3,oe:player:0b68ac457a26959211f0f624459a328,oe:player:c49aafa1ffe9c24aa459e5cf851ddfc,Wolfe,Niles,0.10947657
NA1/3476661794,2020-06-29,2020,Unknown,10.13,oe:team:9336ce46babf314b50e3a103506ae0a,Maryville University,lineup-be8375464f55e0ae,1,pair-d88185eccceea8d3,oe:player:0b68ac457a26959211f0f624459a328,oe:player:f61764e99a8cc0851a73c850fd43b0c,Wolfe,Amazo,0.58055774
NA1/3476661794,2020-06-29,2020,Unknown,10.13,oe:team:9336ce46babf314b50e3a103506ae0a,Maryville University,lineup-be8375464f55e0ae,1,pair-2433f3dcb3859f59,oe:player:35d2ca59893919e79b8611473b36021,oe:player:689202409e48743b914713f96d93947,Shady,Value,-0.06595598
NA1/3476661794,2020-06-29,2020,Unknown,10.13,oe:team:9336ce46babf314b50e3a103506ae0a,Maryville University,lineup-be8375464f55e0ae,1,pair-e56269f3f21d5e97,oe:player:35d2ca59893919e79b8611473b36021,oe:player:c49aafa1ffe9c24aa459e5cf851ddfc,Shady,Niles,0.19247100
NA1/3476661794,2020-06-29,2020,Unknown,10.13,oe:team:9336ce46babf314b50e3a103506ae0a,Maryville University,lineup-be8375464f55e0ae,1,pair-6e7ed0dd44d0b88a,oe:player:35d2ca59893919e79b8611473b36021,oe:player:f61764e99a8cc0851a73c850fd43b0c,Shady,Amazo,0.66355217
NA1/3476661794,2020-06-29,2020,Unknown,10.13,oe:team:9336ce46babf314b50e3a103506ae0a,Maryville University,lineup-be8375464f55e0ae,1,pair-5868f24c8b982a38,oe:player:689202409e48743b914713f96d93947,oe:player:c49aafa1ffe9c24aa459e5cf851ddfc,Value,Niles,0.26066474
NA1/3476661794,2020-06-29,2020,Unknown,10.13,oe:team:9336ce46babf314b50e3a103506ae0a,Maryville University,lineup-be8375464f55e0ae,1,pair-4956fa902ea0a937,oe:player:689202409e48743b914713f96d93947,oe:player:f61764e99a8cc0851a73c850fd43b0c,Value,Amazo,0.73174591
NA1/3476661794,2020-06-29,2020,Unknown,10.13,oe:team:9336ce46babf314b50e3a103506ae0a,Maryville University,lineup-be8375464f55e0ae,1,pair-0f848a33d23139ff,oe:player:c49aafa1ffe9c24aa459e5cf851ddfc,oe:player:f61764e99a8cc0851a73c850fd43b0c,Niles,Amazo,0.99017289
NA1/3476661999,2020-06-29,2020,Unknown,10.13,oe:team:02008dfb4feddaf6583dd7116eb5180,Life Support,lineup-68c70fa7c42d58bd,1,pair-f9272a413e5710cf,oe:player:07d1c57ec273126c65dbd1197abdb47,oe:player:1e2dabe023493f20f397a3931412383,Pockus,Dinka,0.70096012
NA1/3476661999,2020-06-29,2020,Unknown,10.13,oe:team:02008dfb4feddaf6583dd7116eb5180,Life Support,lineup-68c70fa7c42d58bd,1,pair-700025522e14fc71,oe:player:07d1c57ec273126c65dbd1197abdb47,oe:player:333dc2ede1e07139814398332e5e90f,Pockus,Vakin,0.48726982
NA1/3476661999,2020-06-29,2020,Unknown,10.13,oe:team:02008dfb4feddaf6583dd7116eb5180,Life Support,lineup-68c70fa7c42d58bd,1,pair-d0681bce1af7eae1,oe:player:07d1c57ec273126c65dbd1197abdb47,oe:player:713fae3c1b605df4ee976c6188182a1,Pockus,Wixxi,0.21070352
NA1/3476661999,2020-06-29,2020,Unknown,10.13,oe:team:02008dfb4feddaf6583dd7116eb5180,Life Support,lineup-68c70fa7c42d58bd,1,pair-fcae5aa8aeac784e,oe:player:07d1c57ec273126c65dbd1197abdb47,oe:player:df4f91120caa080682bf595c5f7f2d3,Pockus,CptShrimps,-0.38926076
NA1/3476661999,2020-06-29,2020,Unknown,10.13,oe:team:02008dfb4feddaf6583dd7116eb5180,Life Support,lineup-68c70fa7c42d58bd,1,pair-dd7d743970d70851,oe:player:1e2dabe023493f20f397a3931412383,oe:player:333dc2ede1e07139814398332e5e90f,Dinka,Vakin,1.07922335
NA1/3476661999,2020-06-29,2020,Unknown,10.13,oe:team:02008dfb4feddaf6583dd7116eb5180,Life Support,lineup-68c70fa7c42d58bd,1,pair-f8dc37b8ef500534,oe:player:1e2dabe023493f20f397a3931412383,oe:player:713fae3c1b605df4ee976c6188182a1,Dinka,Wixxi,0.80265705
NA1/3476661999,2020-06-29,2020,Unknown,10.13,oe:team:02008dfb4feddaf6583dd7116eb5180,Life Support,lineup-68c70fa7c42d58bd,1,pair-ef9c00ccf1369abc,oe:player:1e2dabe023493f20f397a3931412383,oe:player:df4f91120caa080682bf595c5f7f2d3,Dinka,CptShrimps,0.20269277
NA1/3476661999,2020-06-29,2020,Unknown,10.13,oe:team:02008dfb4feddaf6583dd7116eb5180,Life Support,lineup-68c70fa7c42d58bd,1,pair-94b337b5c35041fb,oe:player:333dc2ede1e07139814398332e5e90f,oe:player:713fae3c1b605df4ee976c6188182a1,Vakin,Wixxi,0.58896675
NA1/3476661999,2020-06-29,2020,Unknown,10.13,oe:team:02008dfb4feddaf6583dd7116eb5180,Life Support,lineup-68c70fa7c42d58bd,1,pair-6195e4374d0bb6cb,oe:player:333dc2ede1e07139814398332e5e90f,oe:player:df4f91120caa080682bf595c5f7f2d3,Vakin,CptShrimps,-0.01099753
NA1/3476661999,2020-06-29,2020,Unknown,10.13,oe:team:02008dfb4feddaf6583dd7116eb5180,Life Support,lineup-68c70fa7c42d58bd,1,pair-b05bfcd89f9046c0,oe:player:713fae3c1b605df4ee976c6188182a1,oe:player:df4f91120caa080682bf595c5f7f2d3,Wixxi,CptShrimps,-0.28756383
NA1/3476661999,2020-06-29,2020,Unknown,10.13,oe:team:9a05c2942353d2f3d466d6bcb640459,FrostFire,lineup-fe66accff0e1921c,0,pair-fbf1157ac77327f2,oe:player:63c69dda59be1b98c0a5c88416c7481,oe:player:6ea5eed9d404c86d3bc9d8f597869eb,Savage,Kitzuo,-0.92645659
NA1/3476661999,2020-06-29,2020,Unknown,10.13,oe:team:9a05c2942353d2f3d466d6bcb640459,FrostFire,lineup-fe66accff0e1921c,0,pair-c1029cc8d592c30e,oe:player:63c69dda59be1b98c0a5c88416c7481,oe:player:9aa495e3b9f80194639a3941cca4d77,Savage,Dean,-1.13614537
NA1/3476661999,2020-06-29,2020,Unknown,10.13,oe:team:9a05c2942353d2f3d466d6bcb640459,FrostFire,lineup-fe66accff0e1921c,0,pair-402353c932b150a4,oe:player:63c69dda59be1b98c0a5c88416c7481,oe:player:fba26591b2a75a8e370c2d51bc9eb90,Savage,Azog,-0.67973487
NA1/3476661999,2020-06-29,2020,Unknown,10.13,oe:team:9a05c2942353d2f3d466d6bcb640459,FrostFire,lineup-fe66accff0e1921c,0,pair-a81a566506de1de2,oe:player:63c69dda59be1b98c0a5c88416c7481,oe:player:feee48d6e5d34aed05441b8f436d729,Savage,Quas,-1.03827411
NA1/3476661999,2020-06-29,2020,Unknown,10.13,oe:team:9a05c2942353d2f3d466d6bcb640459,FrostFire,lineup-fe66accff0e1921c,0,pair-d280c3fa7bb498e4,oe:player:6ea5eed9d404c86d3bc9d8f597869eb,oe:player:9aa495e3b9f80194639a3941cca4d77,Kitzuo,Dean,-1.17321659
NA1/3476661999,2020-06-29,2020,Unknown,10.13,oe:team:9a05c2942353d2f3d466d6bcb640459,FrostFire,lineup-fe66accff0e1921c,0,pair-8821570ce0e62c8b,oe:player:6ea5eed9d404c86d3bc9d8f597869eb,oe:player:fba26591b2a75a8e370c2d51bc9eb90,Kitzuo,Azog,-0.71680608
NA1/3476661999,2020-06-29,2020,Unknown,10.13,oe:team:9a05c2942353d2f3d466d6bcb640459,FrostFire,lineup-fe66accff0e1921c,0,pair-95ddaa125d27c40f,oe:player:6ea5eed9d404c86d3bc9d8f597869eb,oe:player:feee48d6e5d34aed05441b8f436d729,Kitzuo,Quas,-1.07534532
NA1/3476661999,2020-06-29,2020,Unknown,10.13,oe:team:9a05c2942353d2f3d466d6bcb640459,FrostFire,lineup-fe66accff0e1921c,0,pair-fe217131ab93fb0f,oe:player:9aa495e3b9f80194639a3941cca4d77,oe:player:fba26591b2a75a8e370c2d51bc9eb90,Dean,Azog,-0.92649486
NA1/3476661999,2020-06-29,2020,Unknown,10.13,oe:team:9a05c2942353d2f3d466d6bcb640459,FrostFire,lineup-fe66accff0e1921c,0,pair-16ac9676026caa26,oe:player:9aa495e3b9f80194639a3941cca4d77,oe:player:feee48d6e5d34aed05441b8f436d729,Dean,Quas,-1.28503411
NA1/3476661999,2020-06-29,2020,Unknown,10.13,oe:team:9a05c2942353d2f3d466d6bcb640459,FrostFire,lineup-fe66accff0e1921c,0,pair-dd405b18bf808ecf,oe:player:fba26591b2a75a8e370c2d51bc9eb90,oe:player:feee48d6e5d34aed05441b8f436d729,Azog,Quas,-0.82862360
NA1/3476662001,2020-06-29,2020,Unknown,10.13,oe:team:7e2401900a9756d56a10b66590357fe,Dark Allegiance,lineup-b3728bf2c54b4322,0,pair-f24c1c5759425d3b,oe:player:129e455643cbb5188a26c45713eef54,oe:player:4b8fa1ed371220801e5d3083359b63e,Örca,Enigma,-0.33946826
NA1/3476662001,2020-06-29,2020,Unknown,10.13,oe:team:7e2401900a9756d56a10b66590357fe,Dark Allegiance,lineup-b3728bf2c54b4322,0,pair-abc7a4fba15e0bb4,oe:player:129e455643cbb5188a26c45713eef54,oe:player:9f64c46e4295613bf32b57580ecda74,Örca,Swiftah,0.23639817
NA1/3476662001,2020-06-29,2020,Unknown,10.13,oe:team:7e2401900a9756d56a10b66590357fe,Dark Allegiance,lineup-b3728bf2c54b4322,0,pair-d573dcdfe5655faf,oe:player:129e455643cbb5188a26c45713eef54,oe:player:e0c83c2a57ab3f97e5e5def851b8c9d,Örca,Kedeck,0.03240395
NA1/3476662001,2020-06-29,2020,Unknown,10.13,oe:team:7e2401900a9756d56a10b66590357fe,Dark Allegiance,lineup-b3728bf2c54b4322,0,pair-8471be61ec1c251a,oe:player:129e455643cbb5188a26c45713eef54,oe:player:ec41c69e802a3c1cc4b81a7c25d021e,Örca,Matty,0.20637864
NA1/3476662001,2020-06-29,2020,Unknown,10.13,oe:team:7e2401900a9756d56a10b66590357fe,Dark Allegiance,lineup-b3728bf2c54b4322,0,pair-7460bb7240391e41,oe:player:4b8fa1ed371220801e5d3083359b63e,oe:player:9f64c46e4295613bf32b57580ecda74,Enigma,Swiftah,-0.29613745
NA1/3476662001,2020-06-29,2020,Unknown,10.13,oe:team:7e2401900a9756d56a10b66590357fe,Dark Allegiance,lineup-b3728bf2c54b4322,0,pair-efa41ca31708eee8,oe:player:4b8fa1ed371220801e5d3083359b63e,oe:player:e0c83c2a57ab3f97e5e5def851b8c9d,Enigma,Kedeck,-0.50013166
NA1/3476662001,2020-06-29,2020,Unknown,10.13,oe:team:7e2401900a9756d56a10b66590357fe,Dark Allegiance,lineup-b3728bf2c54b4322,0,pair-771c26c236313737,oe:player:4b8fa1ed371220801e5d3083359b63e,oe:player:ec41c69e802a3c1cc4b81a7c25d021e,Enigma,Matty,-0.32615697
NA1/3476662001,2020-06-29,2020,Unknown,10.13,oe:team:7e2401900a9756d56a10b66590357fe,Dark Allegiance,lineup-b3728bf2c54b4322,0,pair-87d4d80bda3a6524,oe:player:9f64c46e4295613bf32b57580ecda74,oe:player:e0c83c2a57ab3f97e5e5def851b8c9d,Swiftah,Kedeck,0.07573477
NA1/3476662001,2020-06-29,2020,Unknown,10.13,oe:team:7e2401900a9756d56a10b66590357fe,Dark Allegiance,lineup-b3728bf2c54b4322,0,pair-20734a0284147b72,oe:player:9f64c46e4295613bf32b57580ecda74,oe:player:ec41c69e802a3c1cc4b81a7c25d021e,Swiftah,Matty,0.24970946
NA1/3476662001,2020-06-29,2020,Unknown,10.13,oe:team:7e2401900a9756d56a10b66590357fe,Dark Allegiance,lineup-b3728bf2c54b4322,0,pair-3773cf43e0f2b839,oe:player:e0c83c2a57ab3f97e5e5def851b8c9d,oe:player:ec41c69e802a3c1cc4b81a7c25d021e,Kedeck,Matty,0.04571524
NA1/3476662001,2020-06-29,2020,Unknown,10.13,oe:team:9336ce46babf314b50e3a103506ae0a,Maryville University,lineup-be8375464f55e0ae,1,pair-48a4dcc920c88ef2,oe:player:0b68ac457a26959211f0f624459a328,oe:player:35d2ca59893919e79b8611473b36021,Wolfe,Shady,1.23520969
NA1/3476662001,2020-06-29,2020,Unknown,10.13,oe:team:9336ce46babf314b50e3a103506ae0a,Maryville University,lineup-be8375464f55e0ae,1,pair-fe7b4976dc1fbfdd,oe:player:0b68ac457a26959211f0f624459a328,oe:player:689202409e48743b914713f96d93947,Wolfe,Value,1.86741607
NA1/3476662001,2020-06-29,2020,Unknown,10.13,oe:team:9336ce46babf314b50e3a103506ae0a,Maryville University,lineup-be8375464f55e0ae,1,pair-c0908a88f0ce18c3,oe:player:0b68ac457a26959211f0f624459a328,oe:player:c49aafa1ffe9c24aa459e5cf851ddfc,Wolfe,Niles,0.41412452
NA1/3476662001,2020-06-29,2020,Unknown,10.13,oe:team:9336ce46babf314b50e3a103506ae0a,Maryville University,lineup-be8375464f55e0ae,1,pair-d88185eccceea8d3,oe:player:0b68ac457a26959211f0f624459a328,oe:player:f61764e99a8cc0851a73c850fd43b0c,Wolfe,Amazo,0.82108699
NA1/3476662001,2020-06-29,2020,Unknown,10.13,oe:team:9336ce46babf314b50e3a103506ae0a,Maryville University,lineup-be8375464f55e0ae,1,pair-2433f3dcb3859f59,oe:player:35d2ca59893919e79b8611473b36021,oe:player:689202409e48743b914713f96d93947,Shady,Value,1.49126376
NA1/3476662001,2020-06-29,2020,Unknown,10.13,oe:team:9336ce46babf314b50e3a103506ae0a,Maryville University,lineup-be8375464f55e0ae,1,pair-e56269f3f21d5e97,oe:player:35d2ca59893919e79b8611473b36021,oe:player:c49aafa1ffe9c24aa459e5cf851ddfc,Shady,Niles,0.03797221
NA1/3476662001,2020-06-29,2020,Unknown,10.13,oe:team:9336ce46babf314b50e3a103506ae0a,Maryville University,lineup-be8375464f55e0ae,1,pair-6e7ed0dd44d0b88a,oe:player:35d2ca59893919e79b8611473b36021,oe:player:f61764e99a8cc0851a73c850fd43b0c,Shady,Amazo,0.44493468
NA1/3476662001,2020-06-29,2020,Unknown,10.13,oe:team:9336ce46babf314b50e3a103506ae0a,Maryville University,lineup-be8375464f55e0ae,1,pair-5868f24c8b982a38,oe:player:689202409e48743b914713f96d93947,oe:player:c49aafa1ffe9c24aa459e5cf851ddfc,Value,Niles,0.67017859
NA1/3476662001,2020-06-29,2020,Unknown,10.13,oe:team:9336ce46babf314b50e3a103506ae0a,Maryville University,lineup-be8375464f55e0ae,1,pair-4956fa902ea0a937,oe:player:689202409e48743b914713f96d93947,oe:player:f61764e99a8cc0851a73c850fd43b0c,Value,Amazo,1.07714106
NA1/3476662001,2020-06-29,2020,Unknown,10.13,oe:team:9336ce46babf314b50e3a103506ae0a,Maryville University,lineup-be8375464f55e0ae,1,pair-0f848a33d23139ff,oe:player:c49aafa1ffe9c24aa459e5cf851ddfc,oe:player:f61764e99a8cc0851a73c850fd43b0c,Niles,Amazo,-0.37615049
NA1/3476701366,2020-06-28,2020,Unknown,10.13,oe:team:7df78a658a1ca10f6d413c775cf35cd,Polar Ace,lineup-5e66876df3c43785,1,pair-95268ec7330016ad,oe:player:339584e5b6ff20add38aa209f78eada,oe:player:33daef70f45123c10a232b800d930a0,Infectrix,Flaresz,0.20654690
NA1/3476701366,2020-06-28,2020,Unknown,10.13,oe:team:7df78a658a1ca10f6d413c775cf35cd,Polar Ace,lineup-5e66876df3c43785,1,pair-1451fd658064d88a,oe:player:339584e5b6ff20add38aa209f78eada,oe:player:3e722c8ede909c83af9342c41805a16,Infectrix,Busio,0.88920130
NA1/3476701366,2020-06-28,2020,Unknown,10.13,oe:team:7df78a658a1ca10f6d413c775cf35cd,Polar Ace,lineup-5e66876df3c43785,1,pair-12110108ef827f15,oe:player:339584e5b6ff20add38aa209f78eada,oe:player:3f96b0d5494895f5e964dc16ea8f27b,Infectrix,Spawn,0.05364783
NA1/3476701366,2020-06-28,2020,Unknown,10.13,oe:team:7df78a658a1ca10f6d413c775cf35cd,Polar Ace,lineup-5e66876df3c43785,1,pair-3f7b731cad4507ec,oe:player:339584e5b6ff20add38aa209f78eada,oe:player:6ca0cf01bc942179eb37f9863ea16cc,Infectrix,Menace,-0.46621433
NA1/3476701366,2020-06-28,2020,Unknown,10.13,oe:team:7df78a658a1ca10f6d413c775cf35cd,Polar Ace,lineup-5e66876df3c43785,1,pair-64641b55bba96f07,oe:player:33daef70f45123c10a232b800d930a0,oe:player:3e722c8ede909c83af9342c41805a16,Flaresz,Busio,1.89103559
NA1/3476701366,2020-06-28,2020,Unknown,10.13,oe:team:7df78a658a1ca10f6d413c775cf35cd,Polar Ace,lineup-5e66876df3c43785,1,pair-486fdad915fc920f,oe:player:33daef70f45123c10a232b800d930a0,oe:player:3f96b0d5494895f5e964dc16ea8f27b,Flaresz,Spawn,1.05548212
NA1/3476701366,2020-06-28,2020,Unknown,10.13,oe:team:7df78a658a1ca10f6d413c775cf35cd,Polar Ace,lineup-5e66876df3c43785,1,pair-d219519aef3a019c,oe:player:33daef70f45123c10a232b800d930a0,oe:player:6ca0cf01bc942179eb37f9863ea16cc,Flaresz,Menace,0.53561997
NA1/3476701366,2020-06-28,2020,Unknown,10.13,oe:team:7df78a658a1ca10f6d413c775cf35cd,Polar Ace,lineup-5e66876df3c43785,1,pair-611beae725f98d64,oe:player:3e722c8ede909c83af9342c41805a16,oe:player:3f96b0d5494895f5e964dc16ea8f27b,Busio,Spawn,1.73813652
NA1/3476701366,2020-06-28,2020,Unknown,10.13,oe:team:7df78a658a1ca10f6d413c775cf35cd,Polar Ace,lineup-5e66876df3c43785,1,pair-7c281de31cdde459,oe:player:3e722c8ede909c83af9342c41805a16,oe:player:6ca0cf01bc942179eb37f9863ea16cc,Busio,Menace,1.21827437
NA1/3476701366,2020-06-28,2020,Unknown,10.13,oe:team:7df78a658a1ca10f6d413c775cf35cd,Polar Ace,lineup-5e66876df3c43785,1,pair-6bb5617b4d7de2d9,oe:player:3f96b0d5494895f5e964dc16ea8f27b,oe:player:6ca0cf01bc942179eb37f9863ea16cc,Spawn,Menace,0.38272090
NA1/3476701366,2020-06-28,2020,Unknown,10.13,oe:team:9034597e77937456f89960ad1b8615e,Wildcard Gaming,lineup-128e57fa4174c7f4,0,pair-267d50562c3406cf,oe:player:184d97e1a8e8130dfb0a41329b780c6,oe:player:30572b23e41315ce024a7af628da667,Dragoon,CMD ATK,-0.28218417
NA1/3476701366,2020-06-28,2020,Unknown,10.13,oe:team:9034597e77937456f89960ad1b8615e,Wildcard Gaming,lineup-128e57fa4174c7f4,0,pair-1ea9e04ef5d2daf2,oe:player:184d97e1a8e8130dfb0a41329b780c6,oe:player:c33de864be225948486047a145b4bf1,Dragoon,Le Grain,-0.06958216
NA1/3476701366,2020-06-28,2020,Unknown,10.13,oe:team:9034597e77937456f89960ad1b8615e,Wildcard Gaming,lineup-128e57fa4174c7f4,0,pair-ca5bb124c67c07fe,oe:player:184d97e1a8e8130dfb0a41329b780c6,oe:player:e57ef5f8ab42a0364a11b50f2a86b81,Dragoon,ShorterACE,-0.96033485
NA1/3476701366,2020-06-28,2020,Unknown,10.13,oe:team:9034597e77937456f89960ad1b8615e,Wildcard Gaming,lineup-128e57fa4174c7f4,0,pair-7a1d9f12ab890aa5,oe:player:184d97e1a8e8130dfb0a41329b780c6,oe:player:f8d623a78c27641412debac4080ece7,Dragoon,Joey,-0.31458170
NA1/3476701366,2020-06-28,2020,Unknown,10.13,oe:team:9034597e77937456f89960ad1b8615e,Wildcard Gaming,lineup-128e57fa4174c7f4,0,pair-efbfed8a12d2eab0,oe:player:30572b23e41315ce024a7af628da667,oe:player:c33de864be225948486047a145b4bf1,CMD ATK,Le Grain,0.73850148
NA1/3476701366,2020-06-28,2020,Unknown,10.13,oe:team:9034597e77937456f89960ad1b8615e,Wildcard Gaming,lineup-128e57fa4174c7f4,0,pair-160afee6f92abb1f,oe:player:30572b23e41315ce024a7af628da667,oe:player:e57ef5f8ab42a0364a11b50f2a86b81,CMD ATK,ShorterACE,-0.15225121
NA1/3476701366,2020-06-28,2020,Unknown,10.13,oe:team:9034597e77937456f89960ad1b8615e,Wildcard Gaming,lineup-128e57fa4174c7f4,0,pair-a735f22b4388dcf5,oe:player:30572b23e41315ce024a7af628da667,oe:player:f8d623a78c27641412debac4080ece7,CMD ATK,Joey,0.49350195
NA1/3476701366,2020-06-28,2020,Unknown,10.13,oe:team:9034597e77937456f89960ad1b8615e,Wildcard Gaming,lineup-128e57fa4174c7f4,0,pair-daa15feaeb1b22ef,oe:player:c33de864be225948486047a145b4bf1,oe:player:e57ef5f8ab42a0364a11b50f2a86b81,Le Grain,ShorterACE,0.06035080
NA1/3476701366,2020-06-28,2020,Unknown,10.13,oe:team:9034597e77937456f89960ad1b8615e,Wildcard Gaming,lineup-128e57fa4174c7f4,0,pair-3ad8489f6a4815dd,oe:player:c33de864be225948486047a145b4bf1,oe:player:f8d623a78c27641412debac4080ece7,Le Grain,Joey,0.70610396
NA1/3476701366,2020-06-28,2020,Unknown,10.13,oe:team:9034597e77937456f89960ad1b8615e,Wildcard Gaming,lineup-128e57fa4174c7f4,0,pair-cb45880eb35eb4a2,oe:player:e57ef5f8ab42a0364a11b50f2a86b81,oe:player:f8d623a78c27641412debac4080ece7,ShorterACE,Joey,-0.18464873
NA1/3476701640,2020-06-29,2020,Unknown,10.13,oe:team:7df78a658a1ca10f6d413c775cf35cd,Polar Ace,lineup-5e66876df3c43785,0,pair-95268ec7330016ad,oe:player:339584e5b6ff20add38aa209f78eada,oe:player:33daef70f45123c10a232b800d930a0,Infectrix,Flaresz,0.72405979
NA1/3476701640,2020-06-29,2020,Unknown,10.13,oe:team:7df78a658a1ca10f6d413c775cf35cd,Polar Ace,lineup-5e66876df3c43785,0,pair-1451fd658064d88a,oe:player:339584e5b6ff20add38aa209f78eada,oe:player:3e722c8ede909c83af9342c41805a16,Infectrix,Busio,-0.44510621
NA1/3476701640,2020-06-29,2020,Unknown,10.13,oe:team:7df78a658a1ca10f6d413c775cf35cd,Polar Ace,lineup-5e66876df3c43785,0,pair-12110108ef827f15,oe:player:339584e5b6ff20add38aa209f78eada,oe:player:3f96b0d5494895f5e964dc16ea8f27b,Infectrix,Spawn,-0.76878273
NA1/3476701640,2020-06-29,2020,Unknown,10.13,oe:team:7df78a658a1ca10f6d413c775cf35cd,Polar Ace,lineup-5e66876df3c43785,0,pair-3f7b731cad4507ec,oe:player:339584e5b6ff20add38aa209f78eada,oe:player:6ca0cf01bc942179eb37f9863ea16cc,Infectrix,Menace,-0.23423118
NA1/3476701640,2020-06-29,2020,Unknown,10.13,oe:team:7df78a658a1ca10f6d413c775cf35cd,Polar Ace,lineup-5e66876df3c43785,0,pair-64641b55bba96f07,oe:player:33daef70f45123c10a232b800d930a0,oe:player:3e722c8ede909c83af9342c41805a16,Flaresz,Busio,1.04391549
NA1/3476701640,2020-06-29,2020,Unknown,10.13,oe:team:7df78a658a1ca10f6d413c775cf35cd,Polar Ace,lineup-5e66876df3c43785,0,pair-486fdad915fc920f,oe:player:33daef70f45123c10a232b800d930a0,oe:player:3f96b0d5494895f5e964dc16ea8f27b,Flaresz,Spawn,0.72023896
NA1/3476701640,2020-06-29,2020,Unknown,10.13,oe:team:7df78a658a1ca10f6d413c775cf35cd,Polar Ace,lineup-5e66876df3c43785,0,pair-d219519aef3a019c,oe:player:33daef70f45123c10a232b800d930a0,oe:player:6ca0cf01bc942179eb37f9863ea16cc,Flaresz,Menace,1.25479052
NA1/3476701640,2020-06-29,2020,Unknown,10.13,oe:team:7df78a658a1ca10f6d413c775cf35cd,Polar Ace,lineup-5e66876df3c43785,0,pair-611beae725f98d64,oe:player:3e722c8ede909c83af9342c41805a16,oe:player:3f96b0d5494895f5e964dc16ea8f27b,Busio,Spawn,-0.44892703
NA1/3476701640,2020-06-29,2020,Unknown,10.13,oe:team:7df78a658a1ca10f6d413c775cf35cd,Polar Ace,lineup-5e66876df3c43785,0,pair-7c281de31cdde459,oe:player:3e722c8ede909c83af9342c41805a16,oe:player:6ca0cf01bc942179eb37f9863ea16cc,Busio,Menace,0.08562452
NA1/3476701640,2020-06-29,2020,Unknown,10.13,oe:team:7df78a658a1ca10f6d413c775cf35cd,Polar Ace,lineup-5e66876df3c43785,0,pair-6bb5617b4d7de2d9,oe:player:3f96b0d5494895f5e964dc16ea8f27b,oe:player:6ca0cf01bc942179eb37f9863ea16cc,Spawn,Menace,-0.23805200
NA1/3476701640,2020-06-29,2020,Unknown,10.13,oe:team:9034597e77937456f89960ad1b8615e,Wildcard Gaming,lineup-128e57fa4174c7f4,1,pair-267d50562c3406cf,oe:player:184d97e1a8e8130dfb0a41329b780c6,oe:player:30572b23e41315ce024a7af628da667,Dragoon,CMD ATK,-0.25853512
NA1/3476701640,2020-06-29,2020,Unknown,10.13,oe:team:9034597e77937456f89960ad1b8615e,Wildcard Gaming,lineup-128e57fa4174c7f4,1,pair-1ea9e04ef5d2daf2,oe:player:184d97e1a8e8130dfb0a41329b780c6,oe:player:c33de864be225948486047a145b4bf1,Dragoon,Le Grain,-0.03165997
NA1/3476701640,2020-06-29,2020,Unknown,10.13,oe:team:9034597e77937456f89960ad1b8615e,Wildcard Gaming,lineup-128e57fa4174c7f4,1,pair-ca5bb124c67c07fe,oe:player:184d97e1a8e8130dfb0a41329b780c6,oe:player:e57ef5f8ab42a0364a11b50f2a86b81,Dragoon,ShorterACE,0.15638405
NA1/3476701640,2020-06-29,2020,Unknown,10.13,oe:team:9034597e77937456f89960ad1b8615e,Wildcard Gaming,lineup-128e57fa4174c7f4,1,pair-7a1d9f12ab890aa5,oe:player:184d97e1a8e8130dfb0a41329b780c6,oe:player:f8d623a78c27641412debac4080ece7,Dragoon,Joey,-0.10688754
NA1/3476701640,2020-06-29,2020,Unknown,10.13,oe:team:9034597e77937456f89960ad1b8615e,Wildcard Gaming,lineup-128e57fa4174c7f4,1,pair-efbfed8a12d2eab0,oe:player:30572b23e41315ce024a7af628da667,oe:player:c33de864be225948486047a145b4bf1,CMD ATK,Le Grain,-0.42631914
NA1/3476701640,2020-06-29,2020,Unknown,10.13,oe:team:9034597e77937456f89960ad1b8615e,Wildcard Gaming,lineup-128e57fa4174c7f4,1,pair-160afee6f92abb1f,oe:player:30572b23e41315ce024a7af628da667,oe:player:e57ef5f8ab42a0364a11b50f2a86b81,CMD ATK,ShorterACE,-0.23827512
NA1/3476701640,2020-06-29,2020,Unknown,10.13,oe:team:9034597e77937456f89960ad1b8615e,Wildcard Gaming,lineup-128e57fa4174c7f4,1,pair-a735f22b4388dcf5,oe:player:30572b23e41315ce024a7af628da667,oe:player:f8d623a78c27641412debac4080ece7,CMD ATK,Joey,-0.50154670
NA1/3476701640,2020-06-29,2020,Unknown,10.13,oe:team:9034597e77937456f89960ad1b8615e,Wildcard Gaming,lineup-128e57fa4174c7f4,1,pair-daa15feaeb1b22ef,oe:player:c33de864be225948486047a145b4bf1,oe:player:e57ef5f8ab42a0364a11b50f2a86b81,Le Grain,ShorterACE,-0.01139997
NA1/3476701640,2020-06-29,2020,Unknown,10.13,oe:team:9034597e77937456f89960ad1b8615e,Wildcard Gaming,lineup-128e57fa4174c7f4,1,pair-3ad8489f6a4815dd,oe:player:c33de864be225948486047a145b4bf1,oe:player:f8d623a78c27641412debac4080ece7,Le Grain,Joey,-0.27467156
NA1/3476701640,2020-06-29,2020,Unknown,10.13,oe:team:9034597e77937456f89960ad1b8615e,Wildcard Gaming,lineup-128e57fa4174c7f4,1,pair-cb45880eb35eb4a2,oe:player:e57ef5f8ab42a0364a11b50f2a86b81,oe:player:f8d623a78c27641412debac4080ece7,ShorterACE,Joey,-0.08662754
NA1/3476711260,2020-06-28,2020,Unknown,10.13,oe:team:2360b31c1628a21ddd778891dabac91,Dark Matter,lineup-69175d92d0491515,1,pair-b2f881bb09d09403,oe:player:78c048012bab5e09a863c4754baa274,oe:player:9d725c685255624f25159a3493f0c5e,Zile,Saint Daniel,0.00895203
NA1/3476711260,2020-06-28,2020,Unknown,10.13,oe:team:2360b31c1628a21ddd778891dabac91,Dark Matter,lineup-69175d92d0491515,1,pair-7857ac1cdf201068,oe:player:78c048012bab5e09a863c4754baa274,oe:player:b290ece1cdd4fca4794af2d5cf86ef7,Zile,Gible,0.01538932
NA1/3476711260,2020-06-28,2020,Unknown,10.13,oe:team:2360b31c1628a21ddd778891dabac91,Dark Matter,lineup-69175d92d0491515,1,pair-d0b8c376c9a85cde,oe:player:78c048012bab5e09a863c4754baa274,oe:player:b415fb792209708ad6921cca2e73aff,Zile,Spirax,1.39043557
NA1/3476711260,2020-06-28,2020,Unknown,10.13,oe:team:2360b31c1628a21ddd778891dabac91,Dark Matter,lineup-69175d92d0491515,1,pair-b90523fcc8fc13c1,oe:player:78c048012bab5e09a863c4754baa274,oe:player:b4d68660c4a56181cd886fe5ecc08f7,Zile,Spider,0.67746429
NA1/3476711260,2020-06-28,2020,Unknown,10.13,oe:team:2360b31c1628a21ddd778891dabac91,Dark Matter,lineup-69175d92d0491515,1,pair-231fd6b4ecfc300a,oe:player:9d725c685255624f25159a3493f0c5e,oe:player:b290ece1cdd4fca4794af2d5cf86ef7,Saint Daniel,Gible,-0.65587827
NA1/3476711260,2020-06-28,2020,Unknown,10.13,oe:team:2360b31c1628a21ddd778891dabac91,Dark Matter,lineup-69175d92d0491515,1,pair-740c3419df79f56f,oe:player:9d725c685255624f25159a3493f0c5e,oe:player:b415fb792209708ad6921cca2e73aff,Saint Daniel,Spirax,0.71916798
NA1/3476711260,2020-06-28,2020,Unknown,10.13,oe:team:2360b31c1628a21ddd778891dabac91,Dark Matter,lineup-69175d92d0491515,1,pair-dd11417e52ccee72,oe:player:9d725c685255624f25159a3493f0c5e,oe:player:b4d68660c4a56181cd886fe5ecc08f7,Saint Daniel,Spider,0.00619670
NA1/3476711260,2020-06-28,2020,Unknown,10.13,oe:team:2360b31c1628a21ddd778891dabac91,Dark Matter,lineup-69175d92d0491515,1,pair-c06e14244744a92f,oe:player:b290ece1cdd4fca4794af2d5cf86ef7,oe:player:b415fb792209708ad6921cca2e73aff,Gible,Spirax,0.72560527
NA1/3476711260,2020-06-28,2020,Unknown,10.13,oe:team:2360b31c1628a21ddd778891dabac91,Dark Matter,lineup-69175d92d0491515,1,pair-a91e9aeb2f692c4e,oe:player:b290ece1cdd4fca4794af2d5cf86ef7,oe:player:b4d68660c4a56181cd886fe5ecc08f7,Gible,Spider,0.01263399
NA1/3476711260,2020-06-28,2020,Unknown,10.13,oe:team:2360b31c1628a21ddd778891dabac91,Dark Matter,lineup-69175d92d0491515,1,pair-260221513ea90765,oe:player:b415fb792209708ad6921cca2e73aff,oe:player:b4d68660c4a56181cd886fe5ecc08f7,Spirax,Spider,1.38768024
NA1/3476711260,2020-06-28,2020,Unknown,10.13,oe:team:cb88ee3c195b2c7056830437a1f1565,Mirage Sport Électronique,lineup-5f46512bef7bc500,0,pair-f927a6d77928513b,oe:player:046795fa30debe19eafd497dba544e3,oe:player:1c275bedd474301abb6a402792d0731,Instinct,RobbyBob,0.36986870
NA1/3476711260,2020-06-28,2020,Unknown,10.13,oe:team:cb88ee3c195b2c7056830437a1f1565,Mirage Sport Électronique,lineup-5f46512bef7bc500,0,pair-ed5613c55cc0261c,oe:player:046795fa30debe19eafd497dba544e3,oe:player:89a68bddd0541e0f26fc044c711eb92,Instinct,Tony Top,0.22690396
NA1/3476711260,2020-06-28,2020,Unknown,10.13,oe:team:cb88ee3c195b2c7056830437a1f1565,Mirage Sport Électronique,lineup-5f46512bef7bc500,0,pair-6bf3a15db52ed1d6,oe:player:046795fa30debe19eafd497dba544e3,oe:player:c9fe742896cf95349db15b35ec262e1,Instinct,Mist,-0.16364694
NA1/3476711260,2020-06-28,2020,Unknown,10.13,oe:team:cb88ee3c195b2c7056830437a1f1565,Mirage Sport Électronique,lineup-5f46512bef7bc500,0,pair-b9b0d935286b0bb9,oe:player:046795fa30debe19eafd497dba544e3,oe:player:dfabf6008e5be18683d654b25534d03,Instinct,Hyami,0.06188639
NA1/3476711260,2020-06-28,2020,Unknown,10.13,oe:team:cb88ee3c195b2c7056830437a1f1565,Mirage Sport Électronique,lineup-5f46512bef7bc500,0,pair-83ecace85deec332,oe:player:1c275bedd474301abb6a402792d0731,oe:player:89a68bddd0541e0f26fc044c711eb92,RobbyBob,Tony Top,-0.30744861
NA1/3476711260,2020-06-28,2020,Unknown,10.13,oe:team:cb88ee3c195b2c7056830437a1f1565,Mirage Sport Électronique,lineup-5f46512bef7bc500,0,pair-f48f15d0139d970a,oe:player:1c275bedd474301abb6a402792d0731,oe:player:c9fe742896cf95349db15b35ec262e1,RobbyBob,Mist,-0.69799952
NA1/3476711260,2020-06-28,2020,Unknown,10.13,oe:team:cb88ee3c195b2c7056830437a1f1565,Mirage Sport Électronique,lineup-5f46512bef7bc500,0,pair-c2d651e0a7891b1b,oe:player:1c275bedd474301abb6a402792d0731,oe:player:dfabf6008e5be18683d654b25534d03,RobbyBob,Hyami,-0.47246618
NA1/3476711260,2020-06-28,2020,Unknown,10.13,oe:team:cb88ee3c195b2c7056830437a1f1565,Mirage Sport Électronique,lineup-5f46512bef7bc500,0,pair-40098d9017dd9c11,oe:player:89a68bddd0541e0f26fc044c711eb92,oe:player:c9fe742896cf95349db15b35ec262e1,Tony Top,Mist,-0.84096426
NA1/3476711260,2020-06-28,2020,Unknown,10.13,oe:team:cb88ee3c195b2c7056830437a1f1565,Mirage Sport Électronique,lineup-5f46512bef7bc500,0,pair-8eebfe70317de9fe,oe:player:89a68bddd0541e0f26fc044c711eb92,oe:player:dfabf6008e5be18683d654b25534d03,Tony Top,Hyami,-0.61543092
NA1/3476711260,2020-06-28,2020,Unknown,10.13,oe:team:cb88ee3c195b2c7056830437a1f1565,Mirage Sport Électronique,lineup-5f46512bef7bc500,0,pair-771784b4cd34b3bd,oe:player:c9fe742896cf95349db15b35ec262e1,oe:player:dfabf6008e5be18683d654b25534d03,Mist,Hyami,-1.00598182
NA1/3476711541,2020-06-29,2020,Unknown,10.13,oe:team:2360b31c1628a21ddd778891dabac91,Dark Matter,lineup-69175d92d0491515,0,pair-b2f881bb09d09403,oe:player:78c048012bab5e09a863c4754baa274,oe:player:9d725c685255624f25159a3493f0c5e,Zile,Saint Daniel,-0.67234675
NA1/3476711541,2020-06-29,2020,Unknown,10.13,oe:team:2360b31c1628a21ddd778891dabac91,Dark Matter,lineup-69175d92d0491515,0,pair-7857ac1cdf201068,oe:player:78c048012bab5e09a863c4754baa274,oe:player:b290ece1cdd4fca4794af2d5cf86ef7,Zile,Gible,-0.23842560
NA1/3476711541,2020-06-29,2020,Unknown,10.13,oe:team:2360b31c1628a21ddd778891dabac91,Dark Matter,lineup-69175d92d0491515,0,pair-d0b8c376c9a85cde,oe:player:78c048012bab5e09a863c4754baa274,oe:player:b415fb792209708ad6921cca2e73aff,Zile,Spirax,1.10644309
NA1/3476711541,2020-06-29,2020,Unknown,10.13,oe:team:2360b31c1628a21ddd778891dabac91,Dark Matter,lineup-69175d92d0491515,0,pair-b90523fcc8fc13c1,oe:player:78c048012bab5e09a863c4754baa274,oe:player:b4d68660c4a56181cd886fe5ecc08f7,Zile,Spider,-0.45210082
NA1/3476711541,2020-06-29,2020,Unknown,10.13,oe:team:2360b31c1628a21ddd778891dabac91,Dark Matter,lineup-69175d92d0491515,0,pair-231fd6b4ecfc300a,oe:player:9d725c685255624f25159a3493f0c5e,oe:player:b290ece1cdd4fca4794af2d5cf86ef7,Saint Daniel,Gible,-0.62772041
NA1/3476711541,2020-06-29,2020,Unknown,10.13,oe:team:2360b31c1628a21ddd778891dabac91,Dark Matter,lineup-69175d92d0491515,0,pair-740c3419df79f56f,oe:player:9d725c685255624f25159a3493f0c5e,oe:player:b415fb792209708ad6921cca2e73aff,Saint Daniel,Spirax,0.71714827
NA1/3476711541,2020-06-29,2020,Unknown,10.13,oe:team:2360b31c1628a21ddd778891dabac91,Dark Matter,lineup-69175d92d0491515,0,pair-dd11417e52ccee72,oe:player:9d725c685255624f25159a3493f0c5e,oe:player:b4d68660c4a56181cd886fe5ecc08f7,Saint Daniel,Spider,-0.84139564
NA1/3476711541,2020-06-29,2020,Unknown,10.13,oe:team:2360b31c1628a21ddd778891dabac91,Dark Matter,lineup-69175d92d0491515,0,pair-c06e14244744a92f,oe:player:b290ece1cdd4fca4794af2d5cf86ef7,oe:player:b415fb792209708ad6921cca2e73aff,Gible,Spirax,1.15106943
NA1/3476711541,2020-06-29,2020,Unknown,10.13,oe:team:2360b31c1628a21ddd778891dabac91,Dark Matter,lineup-69175d92d0491515,0,pair-a91e9aeb2f692c4e,oe:player:b290ece1cdd4fca4794af2d5cf86ef7,oe:player:b4d68660c4a56181cd886fe5ecc08f7,Gible,Spider,-0.40747448
NA1/3476711541,2020-06-29,2020,Unknown,10.13,oe:team:2360b31c1628a21ddd778891dabac91,Dark Matter,lineup-69175d92d0491515,0,pair-260221513ea90765,oe:player:b415fb792209708ad6921cca2e73aff,oe:player:b4d68660c4a56181cd886fe5ecc08f7,Spirax,Spider,0.93739421
NA1/3476711541,2020-06-29,2020,Unknown,10.13,oe:team:cb88ee3c195b2c7056830437a1f1565,Mirage Sport Électronique,lineup-5f46512bef7bc500,1,pair-f927a6d77928513b,oe:player:046795fa30debe19eafd497dba544e3,oe:player:1c275bedd474301abb6a402792d0731,Instinct,RobbyBob,0.03952904
NA1/3476711541,2020-06-29,2020,Unknown,10.13,oe:team:cb88ee3c195b2c7056830437a1f1565,Mirage Sport Électronique,lineup-5f46512bef7bc500,1,pair-ed5613c55cc0261c,oe:player:046795fa30debe19eafd497dba544e3,oe:player:89a68bddd0541e0f26fc044c711eb92,Instinct,Tony Top,-0.27073623
NA1/3476711541,2020-06-29,2020,Unknown,10.13,oe:team:cb88ee3c195b2c7056830437a1f1565,Mirage Sport Électronique,lineup-5f46512bef7bc500,1,pair-6bf3a15db52ed1d6,oe:player:046795fa30debe19eafd497dba544e3,oe:player:c9fe742896cf95349db15b35ec262e1,Instinct,Mist,-0.21336346
NA1/3476711541,2020-06-29,2020,Unknown,10.13,oe:team:cb88ee3c195b2c7056830437a1f1565,Mirage Sport Électronique,lineup-5f46512bef7bc500,1,pair-b9b0d935286b0bb9,oe:player:046795fa30debe19eafd497dba544e3,oe:player:dfabf6008e5be18683d654b25534d03,Instinct,Hyami,-0.22396242
NA1/3476711541,2020-06-29,2020,Unknown,10.13,oe:team:cb88ee3c195b2c7056830437a1f1565,Mirage Sport Électronique,lineup-5f46512bef7bc500,1,pair-83ecace85deec332,oe:player:1c275bedd474301abb6a402792d0731,oe:player:89a68bddd0541e0f26fc044c711eb92,RobbyBob,Tony Top,-0.55247137
NA1/3476711541,2020-06-29,2020,Unknown,10.13,oe:team:cb88ee3c195b2c7056830437a1f1565,Mirage Sport Électronique,lineup-5f46512bef7bc500,1,pair-f48f15d0139d970a,oe:player:1c275bedd474301abb6a402792d0731,oe:player:c9fe742896cf95349db15b35ec262e1,RobbyBob,Mist,-0.49509860
NA1/3476711541,2020-06-29,2020,Unknown,10.13,oe:team:cb88ee3c195b2c7056830437a1f1565,Mirage Sport Électronique,lineup-5f46512bef7bc500,1,pair-c2d651e0a7891b1b,oe:player:1c275bedd474301abb6a402792d0731,oe:player:dfabf6008e5be18683d654b25534d03,RobbyBob,Hyami,-0.50569755
NA1/3476711541,2020-06-29,2020,Unknown,10.13,oe:team:cb88ee3c195b2c7056830437a1f1565,Mirage Sport Électronique,lineup-5f46512bef7bc500,1,pair-40098d9017dd9c11,oe:player:89a68bddd0541e0f26fc044c711eb92,oe:player:c9fe742896cf95349db15b35ec262e1,Tony Top,Mist,-0.80536387
NA1/3476711541,2020-06-29,2020,Unknown,10.13,oe:team:cb88ee3c195b2c7056830437a1f1565,Mirage Sport Électronique,lineup-5f46512bef7bc500,1,pair-8eebfe70317de9fe,oe:player:89a68bddd0541e0f26fc044c711eb92,oe:player:dfabf6008e5be18683d654b25534d03,Tony Top,Hyami,-0.81596283
NA1/3476711541,2020-06-29,2020,Unknown,10.13,oe:team:cb88ee3c195b2c7056830437a1f1565,Mirage Sport Électronique,lineup-5f46512bef7bc500,1,pair-771784b4cd34b3bd,oe:player:c9fe742896cf95349db15b35ec262e1,oe:player:dfabf6008e5be18683d654b25534d03,Mist,Hyami,-0.75859005
NA1/3476711902,2020-06-29,2020,Unknown,10.13,oe:team:2360b31c1628a21ddd778891dabac91,Dark Matter,lineup-69175d92d0491515,0,pair-b2f881bb09d09403,oe:player:78c048012bab5e09a863c4754baa274,oe:player:9d725c685255624f25159a3493f0c5e,Zile,Saint Daniel,-0.53664695
NA1/3476711902,2020-06-29,2020,Unknown,10.13,oe:team:2360b31c1628a21ddd778891dabac91,Dark Matter,lineup-69175d92d0491515,0,pair-7857ac1cdf201068,oe:player:78c048012bab5e09a863c4754baa274,oe:player:b290ece1cdd4fca4794af2d5cf86ef7,Zile,Gible,-0.28710779
NA1/3476711902,2020-06-29,2020,Unknown,10.13,oe:team:2360b31c1628a21ddd778891dabac91,Dark Matter,lineup-69175d92d0491515,0,pair-d0b8c376c9a85cde,oe:player:78c048012bab5e09a863c4754baa274,oe:player:b415fb792209708ad6921cca2e73aff,Zile,Spirax,-0.73734462
NA1/3476711902,2020-06-29,2020,Unknown,10.13,oe:team:2360b31c1628a21ddd778891dabac91,Dark Matter,lineup-69175d92d0491515,0,pair-b90523fcc8fc13c1,oe:player:78c048012bab5e09a863c4754baa274,oe:player:b4d68660c4a56181cd886fe5ecc08f7,Zile,Spider,-0.90096792
NA1/3476711902,2020-06-29,2020,Unknown,10.13,oe:team:2360b31c1628a21ddd778891dabac91,Dark Matter,lineup-69175d92d0491515,0,pair-231fd6b4ecfc300a,oe:player:9d725c685255624f25159a3493f0c5e,oe:player:b290ece1cdd4fca4794af2d5cf86ef7,Saint Daniel,Gible,-0.55459979
NA1/3476711902,2020-06-29,2020,Unknown,10.13,oe:team:2360b31c1628a21ddd778891dabac91,Dark Matter,lineup-69175d92d0491515,0,pair-740c3419df79f56f,oe:player:9d725c685255624f25159a3493f0c5e,oe:player:b415fb792209708ad6921cca2e73aff,Saint Daniel,Spirax,-1.00483662
NA1/3476711902,2020-06-29,2020,Unknown,10.13,oe:team:2360b31c1628a21ddd778891dabac91,Dark Matter,lineup-69175d92d0491515,0,pair-dd11417e52ccee72,oe:player:9d725c685255624f25159a3493f0c5e,oe:player:b4d68660c4a56181cd886fe5ecc08f7,Saint Daniel,Spider,-1.16845993
NA1/3476711902,2020-06-29,2020,Unknown,10.13,oe:team:2360b31c1628a21ddd778891dabac91,Dark Matter,lineup-69175d92d0491515,0,pair-c06e14244744a92f,oe:player:b290ece1cdd4fca4794af2d5cf86ef7,oe:player:b415fb792209708ad6921cca2e73aff,Gible,Spirax,-0.75529746
NA1/3476711902,2020-06-29,2020,Unknown,10.13,oe:team:2360b31c1628a21ddd778891dabac91,Dark Matter,lineup-69175d92d0491515,0,pair-a91e9aeb2f692c4e,oe:player:b290ece1cdd4fca4794af2d5cf86ef7,oe:player:b4d68660c4a56181cd886fe5ecc08f7,Gible,Spider,-0.91892077
NA1/3476711902,2020-06-29,2020,Unknown,10.13,oe:team:2360b31c1628a21ddd778891dabac91,Dark Matter,lineup-69175d92d0491515,0,pair-260221513ea90765,oe:player:b415fb792209708ad6921cca2e73aff,oe:player:b4d68660c4a56181cd886fe5ecc08f7,Spirax,Spider,-1.36915760
NA1/3476711902,2020-06-29,2020,Unknown,10.13,oe:team:cb88ee3c195b2c7056830437a1f1565,Mirage Sport Électronique,lineup-5f46512bef7bc500,1,pair-f927a6d77928513b,oe:player:046795fa30debe19eafd497dba544e3,oe:player:1c275bedd474301abb6a402792d0731,Instinct,RobbyBob,-0.25343417
NA1/3476711902,2020-06-29,2020,Unknown,10.13,oe:team:cb88ee3c195b2c7056830437a1f1565,Mirage Sport Électronique,lineup-5f46512bef7bc500,1,pair-ed5613c55cc0261c,oe:player:046795fa30debe19eafd497dba544e3,oe:player:89a68bddd0541e0f26fc044c711eb92,Instinct,Tony Top,-0.01529100
NA1/3476711902,2020-06-29,2020,Unknown,10.13,oe:team:cb88ee3c195b2c7056830437a1f1565,Mirage Sport Électronique,lineup-5f46512bef7bc500,1,pair-6bf3a15db52ed1d6,oe:player:046795fa30debe19eafd497dba544e3,oe:player:c9fe742896cf95349db15b35ec262e1,Instinct,Mist,0.25214064
NA1/3476711902,2020-06-29,2020,Unknown,10.13,oe:team:cb88ee3c195b2c7056830437a1f1565,Mirage Sport Électronique,lineup-5f46512bef7bc500,1,pair-b9b0d935286b0bb9,oe:player:046795fa30debe19eafd497dba544e3,oe:player:dfabf6008e5be18683d654b25534d03,Instinct,Hyami,0.93599189
NA1/3476711902,2020-06-29,2020,Unknown,10.13,oe:team:cb88ee3c195b2c7056830437a1f1565,Mirage Sport Électronique,lineup-5f46512bef7bc500,1,pair-83ecace85deec332,oe:player:1c275bedd474301abb6a402792d0731,oe:player:89a68bddd0541e0f26fc044c711eb92,RobbyBob,Tony Top,-0.83551616
NA1/3476711902,2020-06-29,2020,Unknown,10.13,oe:team:cb88ee3c195b2c7056830437a1f1565,Mirage Sport Électronique,lineup-5f46512bef7bc500,1,pair-f48f15d0139d970a,oe:player:1c275bedd474301abb6a402792d0731,oe:player:c9fe742896cf95349db15b35ec262e1,RobbyBob,Mist,-0.56808451
NA1/3476711902,2020-06-29,2020,Unknown,10.13,oe:team:cb88ee3c195b2c7056830437a1f1565,Mirage Sport Électronique,lineup-5f46512bef7bc500,1,pair-c2d651e0a7891b1b,oe:player:1c275bedd474301abb6a402792d0731,oe:player:dfabf6008e5be18683d654b25534d03,RobbyBob,Hyami,0.11576674
NA1/3476711902,2020-06-29,2020,Unknown,10.13,oe:team:cb88ee3c195b2c7056830437a1f1565,Mirage Sport Électronique,lineup-5f46512bef7bc500,1,pair-40098d9017dd9c11,oe:player:89a68bddd0541e0f26fc044c711eb92,oe:player:c9fe742896cf95349db15b35ec262e1,Tony Top,Mist,-0.32994135
NA1/3476711902,2020-06-29,2020,Unknown,10.13,oe:team:cb88ee3c195b2c7056830437a1f1565,Mirage Sport Électronique,lineup-5f46512bef7bc500,1,pair-8eebfe70317de9fe,oe:player:89a68bddd0541e0f26fc044c711eb92,oe:player:dfabf6008e5be18683d654b25534d03,Tony Top,Hyami,0.35390991
NA1/3476711902,2020-06-29,2020,Unknown,10.13,oe:team:cb88ee3c195b2c7056830437a1f1565,Mirage Sport Électronique,lineup-5f46512bef7bc500,1,pair-771784b4cd34b3bd,oe:player:c9fe742896cf95349db15b35ec262e1,oe:player:dfabf6008e5be18683d654b25534d03,Mist,Hyami,0.62134155
NA1/3476721203,2020-06-28,2020,Unknown,10.13,oe:team:2be2ebecc453760d7df4991a51a8edc,World Class Empyreans,lineup-0f222f6e8a377f27,0,pair-e4634722608f71b0,oe:player:27adb0b3f92d9b8f7fa4cb55b60114c,oe:player:57bb48fd65bff2e2660a13e58f2fcb2,Lawrence,rovex,-1.72051445
NA1/3476721203,2020-06-28,2020,Unknown,10.13,oe:team:2be2ebecc453760d7df4991a51a8edc,World Class Empyreans,lineup-0f222f6e8a377f27,0,pair-9f6121f303d41a79,oe:player:27adb0b3f92d9b8f7fa4cb55b60114c,oe:player:dcf834a546bd8ced959113bd2eff041,Lawrence,Lost in a Moment,-0.03782750
NA1/3476721203,2020-06-28,2020,Unknown,10.13,oe:team:2be2ebecc453760d7df4991a51a8edc,World Class Empyreans,lineup-0f222f6e8a377f27,0,pair-4f03a88239492a8c,oe:player:27adb0b3f92d9b8f7fa4cb55b60114c,oe:player:f04a502d38a0c3b35e53ecef740cf37,Lawrence,Eclipse,-1.30056930
NA1/3476721203,2020-06-28,2020,Unknown,10.13,oe:team:2be2ebecc453760d7df4991a51a8edc,World Class Empyreans,lineup-0f222f6e8a377f27,0,pair-8182443b996408f5,oe:player:27adb0b3f92d9b8f7fa4cb55b60114c,oe:player:f23104490edcad2a6de0133e1784290,Lawrence,SiddyWiddy,-0.53499168
NA1/3476721203,2020-06-28,2020,Unknown,10.13,oe:team:2be2ebecc453760d7df4991a51a8edc,World Class Empyreans,lineup-0f222f6e8a377f27,0,pair-0e8fbe93468a910b,oe:player:57bb48fd65bff2e2660a13e58f2fcb2,oe:player:dcf834a546bd8ced959113bd2eff041,rovex,Lost in a Moment,-0.35945398
NA1/3476721203,2020-06-28,2020,Unknown,10.13,oe:team:2be2ebecc453760d7df4991a51a8edc,World Class Empyreans,lineup-0f222f6e8a377f27,0,pair-5cac848d3db3c7da,oe:player:57bb48fd65bff2e2660a13e58f2fcb2,oe:player:f04a502d38a0c3b35e53ecef740cf37,rovex,Eclipse,-1.62219579
NA1/3476721203,2020-06-28,2020,Unknown,10.13,oe:team:2be2ebecc453760d7df4991a51a8edc,World Class Empyreans,lineup-0f222f6e8a377f27,0,pair-7e6cfadf0c458fd9,oe:player:57bb48fd65bff2e2660a13e58f2fcb2,oe:player:f23104490edcad2a6de0133e1784290,rovex,SiddyWiddy,-0.85661816
NA1/3476721203,2020-06-28,2020,Unknown,10.13,oe:team:2be2ebecc453760d7df4991a51a8edc,World Class Empyreans,lineup-0f222f6e8a377f27,0,pair-7d6697771dbd89df,oe:player:dcf834a546bd8ced959113bd2eff041,oe:player:f04a502d38a0c3b35e53ecef740cf37,Lost in a Moment,Eclipse,0.06049116
NA1/3476721203,2020-06-28,2020,Unknown,10.13,oe:team:2be2ebecc453760d7df4991a51a8edc,World Class Empyreans,lineup-0f222f6e8a377f27,0,pair-bce4f9331417895d,oe:player:dcf834a546bd8ced959113bd2eff041,oe:player:f23104490edcad2a6de0133e1784290,Lost in a Moment,SiddyWiddy,0.82606878
NA1/3476721203,2020-06-28,2020,Unknown,10.13,oe:team:2be2ebecc453760d7df4991a51a8edc,World Class Empyreans,lineup-0f222f6e8a377f27,0,pair-2b05ef34fcd1e9a9,oe:player:f04a502d38a0c3b35e53ecef740cf37,oe:player:f23104490edcad2a6de0133e1784290,Eclipse,SiddyWiddy,-0.43667302
NA1/3476721203,2020-06-28,2020,Unknown,10.13,oe:team:d1c09638d5f5bff76830781601a792d,XTGN,lineup-5eeecd56a97bcba9,1,pair-6f1b20da286d2cca,oe:player:29b67a93c1a600beb6904551c853fdd,oe:player:2e41e5848c5235a0e3def1e25027766,Trevor,Hunter,0.00496803
NA1/3476721203,2020-06-28,2020,Unknown,10.13,oe:team:d1c09638d5f5bff76830781601a792d,XTGN,lineup-5eeecd56a97bcba9,1,pair-767dafdd45b39cce,oe:player:29b67a93c1a600beb6904551c853fdd,oe:player:4db47d64e2721bf7a93ebf42e488852,Trevor,Meech,0.51989137
NA1/3476721203,2020-06-28,2020,Unknown,10.13,oe:team:d1c09638d5f5bff76830781601a792d,XTGN,lineup-5eeecd56a97bcba9,1,pair-74f9d116e53a308f,oe:player:29b67a93c1a600beb6904551c853fdd,oe:player:5257e05cde806e07b405ddcce85114d,Trevor,Bradley,1.49653811
NA1/3476721203,2020-06-28,2020,Unknown,10.13,oe:team:d1c09638d5f5bff76830781601a792d,XTGN,lineup-5eeecd56a97bcba9,1,pair-2e33472098890579,oe:player:29b67a93c1a600beb6904551c853fdd,oe:player:e8aba5fbfc41b0621226b08a87e3ded,Trevor,Philip,0.28789193
NA1/3476721203,2020-06-28,2020,Unknown,10.13,oe:team:d1c09638d5f5bff76830781601a792d,XTGN,lineup-5eeecd56a97bcba9,1,pair-53efb8bb4066ff65,oe:player:2e41e5848c5235a0e3def1e25027766,oe:player:4db47d64e2721bf7a93ebf42e488852,Hunter,Meech,0.19088686
NA1/3476721203,2020-06-28,2020,Unknown,10.13,oe:team:d1c09638d5f5bff76830781601a792d,XTGN,lineup-5eeecd56a97bcba9,1,pair-e43cf8dadec41903,oe:player:2e41e5848c5235a0e3def1e25027766,oe:player:5257e05cde806e07b405ddcce85114d,Hunter,Bradley,1.16753360
NA1/3476721203,2020-06-28,2020,Unknown,10.13,oe:team:d1c09638d5f5bff76830781601a792d,XTGN,lineup-5eeecd56a97bcba9,1,pair-d1e073d43657a3a3,oe:player:2e41e5848c5235a0e3def1e25027766,oe:player:e8aba5fbfc41b0621226b08a87e3ded,Hunter,Philip,-0.04111257
NA1/3476721203,2020-06-28,2020,Unknown,10.13,oe:team:d1c09638d5f5bff76830781601a792d,XTGN,lineup-5eeecd56a97bcba9,1,pair-a7fc2e47575f8d50,oe:player:4db47d64e2721bf7a93ebf42e488852,oe:player:5257e05cde806e07b405ddcce85114d,Meech,Bradley,1.68245694
NA1/3476721203,2020-06-28,2020,Unknown,10.13,oe:team:d1c09638d5f5bff76830781601a792d,XTGN,lineup-5eeecd56a97bcba9,1,pair-b0966b91ea009259,oe:player:4db47d64e2721bf7a93ebf42e488852,oe:player:e8aba5fbfc41b0621226b08a87e3ded,Meech,Philip,0.47381076
NA1/3476721203,2020-06-28,2020,Unknown,10.13,oe:team:d1c09638d5f5bff76830781601a792d,XTGN,lineup-5eeecd56a97bcba9,1,pair-e015d6c84213675e,oe:player:5257e05cde806e07b405ddcce85114d,oe:player:e8aba5fbfc41b0621226b08a87e3ded,Bradley,Philip,1.45045751
NA1/3476721460,2020-06-28,2020,Unknown,10.13,oe:team:2be2ebecc453760d7df4991a51a8edc,World Class Empyreans,lineup-f4c0cb9d6b216db6,1,pair-e4634722608f71b0,oe:player:27adb0b3f92d9b8f7fa4cb55b60114c,oe:player:57bb48fd65bff2e2660a13e58f2fcb2,Lawrence,rovex,-0.17470110
NA1/3476721460,2020-06-28,2020,Unknown,10.13,oe:team:2be2ebecc453760d7df4991a51a8edc,World Class Empyreans,lineup-f4c0cb9d6b216db6,1,pair-9f6121f303d41a79,oe:player:27adb0b3f92d9b8f7fa4cb55b60114c,oe:player:dcf834a546bd8ced959113bd2eff041,Lawrence,Lost in a Moment,0.69331058
NA1/3476721460,2020-06-28,2020,Unknown,10.13,oe:team:2be2ebecc453760d7df4991a51a8edc,World Class Empyreans,lineup-f4c0cb9d6b216db6,1,pair-4f03a88239492a8c,oe:player:27adb0b3f92d9b8f7fa4cb55b60114c,oe:player:f04a502d38a0c3b35e53ecef740cf37,Lawrence,Eclipse,1.67155012
NA1/3476721460,2020-06-28,2020,Unknown,10.13,oe:team:2be2ebecc453760d7df4991a51a8edc,World Class Empyreans,lineup-f4c0cb9d6b216db6,1,pair-8182443b996408f5,oe:player:27adb0b3f92d9b8f7fa4cb55b60114c,oe:player:f23104490edcad2a6de0133e1784290,Lawrence,SiddyWiddy,-0.19555505
NA1/3476721460,2020-06-28,2020,Unknown,10.13,oe:team:2be2ebecc453760d7df4991a51a8edc,World Class Empyreans,lineup-f4c0cb9d6b216db6,1,pair-0e8fbe93468a910b,oe:player:57bb48fd65bff2e2660a13e58f2fcb2,oe:player:dcf834a546bd8ced959113bd2eff041,rovex,Lost in a Moment,0.45501595
NA1/3476721460,2020-06-28,2020,Unknown,10.13,oe:team:2be2ebecc453760d7df4991a51a8edc,World Class Empyreans,lineup-f4c0cb9d6b216db6,1,pair-5cac848d3db3c7da,oe:player:57bb48fd65bff2e2660a13e58f2fcb2,oe:player:f04a502d38a0c3b35e53ecef740cf37,rovex,Eclipse,1.43325549
NA1/3476721460,2020-06-28,2020,Unknown,10.13,oe:team:2be2ebecc453760d7df4991a51a8edc,World Class Empyreans,lineup-f4c0cb9d6b216db6,1,pair-7e6cfadf0c458fd9,oe:player:57bb48fd65bff2e2660a13e58f2fcb2,oe:player:f23104490edcad2a6de0133e1784290,rovex,SiddyWiddy,-0.43384969
NA1/3476721460,2020-06-28,2020,Unknown,10.13,oe:team:2be2ebecc453760d7df4991a51a8edc,World Class Empyreans,lineup-f4c0cb9d6b216db6,1,pair-7d6697771dbd89df,oe:player:dcf834a546bd8ced959113bd2eff041,oe:player:f04a502d38a0c3b35e53ecef740cf37,Lost in a Moment,Eclipse,2.30126717
NA1/3476721460,2020-06-28,2020,Unknown,10.13,oe:team:2be2ebecc453760d7df4991a51a8edc,World Class Empyreans,lineup-f4c0cb9d6b216db6,1,pair-bce4f9331417895d,oe:player:dcf834a546bd8ced959113bd2eff041,oe:player:f23104490edcad2a6de0133e1784290,Lost in a Moment,SiddyWiddy,0.43416200
NA1/3476721460,2020-06-28,2020,Unknown,10.13,oe:team:2be2ebecc453760d7df4991a51a8edc,World Class Empyreans,lineup-f4c0cb9d6b216db6,1,pair-2b05ef34fcd1e9a9,oe:player:f04a502d38a0c3b35e53ecef740cf37,oe:player:f23104490edcad2a6de0133e1784290,Eclipse,SiddyWiddy,1.41240154
NA1/3476721460,2020-06-28,2020,Unknown,10.13,oe:team:d1c09638d5f5bff76830781601a792d,XTGN,lineup-5eeecd56a97bcba9,0,pair-6f1b20da286d2cca,oe:player:29b67a93c1a600beb6904551c853fdd,oe:player:2e41e5848c5235a0e3def1e25027766,Trevor,Hunter,-0.46307515
NA1/3476721460,2020-06-28,2020,Unknown,10.13,oe:team:d1c09638d5f5bff76830781601a792d,XTGN,lineup-5eeecd56a97bcba9,0,pair-767dafdd45b39cce,oe:player:29b67a93c1a600beb6904551c853fdd,oe:player:4db47d64e2721bf7a93ebf42e488852,Trevor,Meech,-0.64958987
NA1/3476721460,2020-06-28,2020,Unknown,10.13,oe:team:d1c09638d5f5bff76830781601a792d,XTGN,lineup-5eeecd56a97bcba9,0,pair-74f9d116e53a308f,oe:player:29b67a93c1a600beb6904551c853fdd,oe:player:5257e05cde806e07b405ddcce85114d,Trevor,Bradley,0.00286303
NA1/3476721460,2020-06-28,2020,Unknown,10.13,oe:team:d1c09638d5f5bff76830781601a792d,XTGN,lineup-5eeecd56a97bcba9,0,pair-2e33472098890579,oe:player:29b67a93c1a600beb6904551c853fdd,oe:player:e8aba5fbfc41b0621226b08a87e3ded,Trevor,Philip,-0.70390890
NA1/3476721460,2020-06-28,2020,Unknown,10.13,oe:team:d1c09638d5f5bff76830781601a792d,XTGN,lineup-5eeecd56a97bcba9,0,pair-53efb8bb4066ff65,oe:player:2e41e5848c5235a0e3def1e25027766,oe:player:4db47d64e2721bf7a93ebf42e488852,Hunter,Meech,-0.41216117
NA1/3476721460,2020-06-28,2020,Unknown,10.13,oe:team:d1c09638d5f5bff76830781601a792d,XTGN,lineup-5eeecd56a97bcba9,0,pair-e43cf8dadec41903,oe:player:2e41e5848c5235a0e3def1e25027766,oe:player:5257e05cde806e07b405ddcce85114d,Hunter,Bradley,0.24029173
NA1/3476721460,2020-06-28,2020,Unknown,10.13,oe:team:d1c09638d5f5bff76830781601a792d,XTGN,lineup-5eeecd56a97bcba9,0,pair-d1e073d43657a3a3,oe:player:2e41e5848c5235a0e3def1e25027766,oe:player:e8aba5fbfc41b0621226b08a87e3ded,Hunter,Philip,-0.46648020
NA1/3476721460,2020-06-28,2020,Unknown,10.13,oe:team:d1c09638d5f5bff76830781601a792d,XTGN,lineup-5eeecd56a97bcba9,0,pair-a7fc2e47575f8d50,oe:player:4db47d64e2721bf7a93ebf42e488852,oe:player:5257e05cde806e07b405ddcce85114d,Meech,Bradley,0.05377701
NA1/3476721460,2020-06-28,2020,Unknown,10.13,oe:team:d1c09638d5f5bff76830781601a792d,XTGN,lineup-5eeecd56a97bcba9,0,pair-b0966b91ea009259,oe:player:4db47d64e2721bf7a93ebf42e488852,oe:player:e8aba5fbfc41b0621226b08a87e3ded,Meech,Philip,-0.65299492
NA1/3476721460,2020-06-28,2020,Unknown,10.13,oe:team:d1c09638d5f5bff76830781601a792d,XTGN,lineup-5eeecd56a97bcba9,0,pair-e015d6c84213675e,oe:player:5257e05cde806e07b405ddcce85114d,oe:player:e8aba5fbfc41b0621226b08a87e3ded,Bradley,Philip,-0.00054203
NA1/3478561808,2020-06-30,2020,Unknown,10.13,name-team-bbf4d270ed871a83,unknown team,lineup-de25cbf71bf2b8dd,1,pair-a8a111c39d31aaa1,oe:player:29b67a93c1a600beb6904551c853fdd,oe:player:2e41e5848c5235a0e3def1e25027766,Trevor,Hunter,-0.08022438
NA1/3478561808,2020-06-30,2020,Unknown,10.13,name-team-bbf4d270ed871a83,unknown team,lineup-de25cbf71bf2b8dd,1,pair-51425ce5f62cb906,oe:player:29b67a93c1a600beb6904551c853fdd,oe:player:4db47d64e2721bf7a93ebf42e488852,Trevor,Meech,0.40433448
NA1/3478561808,2020-06-30,2020,Unknown,10.13,name-team-bbf4d270ed871a83,unknown team,lineup-de25cbf71bf2b8dd,1,pair-4e5a82eda8d2c7ff,oe:player:29b67a93c1a600beb6904551c853fdd,oe:player:5257e05cde806e07b405ddcce85114d,Trevor,Bradley,0.30933819
NA1/3478561808,2020-06-30,2020,Unknown,10.13,name-team-bbf4d270ed871a83,unknown team,lineup-de25cbf71bf2b8dd,1,pair-f679761a3973b068,oe:player:29b67a93c1a600beb6904551c853fdd,oe:player:e8aba5fbfc41b0621226b08a87e3ded,Trevor,Philip,-0.68401080
NA1/3478561808,2020-06-30,2020,Unknown,10.13,name-team-bbf4d270ed871a83,unknown team,lineup-de25cbf71bf2b8dd,1,pair-40701114d457db20,oe:player:2e41e5848c5235a0e3def1e25027766,oe:player:4db47d64e2721bf7a93ebf42e488852,Hunter,Meech,0.61926906
NA1/3478561808,2020-06-30,2020,Unknown,10.13,name-team-bbf4d270ed871a83,unknown team,lineup-de25cbf71bf2b8dd,1,pair-7fd8c9b10681a2a4,oe:player:2e41e5848c5235a0e3def1e25027766,oe:player:5257e05cde806e07b405ddcce85114d,Hunter,Bradley,0.52427276
NA1/3478561808,2020-06-30,2020,Unknown,10.13,name-team-bbf4d270ed871a83,unknown team,lineup-de25cbf71bf2b8dd,1,pair-e7302468e8432d0c,oe:player:2e41e5848c5235a0e3def1e25027766,oe:player:e8aba5fbfc41b0621226b08a87e3ded,Hunter,Philip,-0.46907623
NA1/3478561808,2020-06-30,2020,Unknown,10.13,name-team-bbf4d270ed871a83,unknown team,lineup-de25cbf71bf2b8dd,1,pair-e3a4dabc7a36c623,oe:player:4db47d64e2721bf7a93ebf42e488852,oe:player:5257e05cde806e07b405ddcce85114d,Meech,Bradley,1.00883162
NA1/3478561808,2020-06-30,2020,Unknown,10.13,name-team-bbf4d270ed871a83,unknown team,lineup-de25cbf71bf2b8dd,1,pair-64862b3f11d663ff,oe:player:4db47d64e2721bf7a93ebf42e488852,oe:player:e8aba5fbfc41b0621226b08a87e3ded,Meech,Philip,0.01548263
NA1/3478561808,2020-06-30,2020,Unknown,10.13,name-team-bbf4d270ed871a83,unknown team,lineup-de25cbf71bf2b8dd,1,pair-98ae02d125a6a884,oe:player:5257e05cde806e07b405ddcce85114d,oe:player:e8aba5fbfc41b0621226b08a87e3ded,Bradley,Philip,-0.07951366
NA1/3478561808,2020-06-30,2020,Unknown,10.13,oe:team:7df78a658a1ca10f6d413c775cf35cd,Polar Ace,lineup-5e66876df3c43785,0,pair-95268ec7330016ad,oe:player:339584e5b6ff20add38aa209f78eada,oe:player:33daef70f45123c10a232b800d930a0,Infectrix,Flaresz,-0.41605138
NA1/3478561808,2020-06-30,2020,Unknown,10.13,oe:team:7df78a658a1ca10f6d413c775cf35cd,Polar Ace,lineup-5e66876df3c43785,0,pair-1451fd658064d88a,oe:player:339584e5b6ff20add38aa209f78eada,oe:player:3e722c8ede909c83af9342c41805a16,Infectrix,Busio,-0.75342796
NA1/3478561808,2020-06-30,2020,Unknown,10.13,oe:team:7df78a658a1ca10f6d413c775cf35cd,Polar Ace,lineup-5e66876df3c43785,0,pair-12110108ef827f15,oe:player:339584e5b6ff20add38aa209f78eada,oe:player:3f96b0d5494895f5e964dc16ea8f27b,Infectrix,Spawn,-1.06216168
NA1/3478561808,2020-06-30,2020,Unknown,10.13,oe:team:7df78a658a1ca10f6d413c775cf35cd,Polar Ace,lineup-5e66876df3c43785,0,pair-3f7b731cad4507ec,oe:player:339584e5b6ff20add38aa209f78eada,oe:player:6ca0cf01bc942179eb37f9863ea16cc,Infectrix,Menace,-1.00663409
NA1/3478561808,2020-06-30,2020,Unknown,10.13,oe:team:7df78a658a1ca10f6d413c775cf35cd,Polar Ace,lineup-5e66876df3c43785,0,pair-64641b55bba96f07,oe:player:33daef70f45123c10a232b800d930a0,oe:player:3e722c8ede909c83af9342c41805a16,Flaresz,Busio,-0.14905596
NA1/3478561808,2020-06-30,2020,Unknown,10.13,oe:team:7df78a658a1ca10f6d413c775cf35cd,Polar Ace,lineup-5e66876df3c43785,0,pair-486fdad915fc920f,oe:player:33daef70f45123c10a232b800d930a0,oe:player:3f96b0d5494895f5e964dc16ea8f27b,Flaresz,Spawn,-0.45778969
NA1/3478561808,2020-06-30,2020,Unknown,10.13,oe:team:7df78a658a1ca10f6d413c775cf35cd,Polar Ace,lineup-5e66876df3c43785,0,pair-d219519aef3a019c,oe:player:33daef70f45123c10a232b800d930a0,oe:player:6ca0cf01bc942179eb37f9863ea16cc,Flaresz,Menace,-0.40226210
NA1/3478561808,2020-06-30,2020,Unknown,10.13,oe:team:7df78a658a1ca10f6d413c775cf35cd,Polar Ace,lineup-5e66876df3c43785,0,pair-611beae725f98d64,oe:player:3e722c8ede909c83af9342c41805a16,oe:player:3f96b0d5494895f5e964dc16ea8f27b,Busio,Spawn,-0.79516626
NA1/3478561808,2020-06-30,2020,Unknown,10.13,oe:team:7df78a658a1ca10f6d413c775cf35cd,Polar Ace,lineup-5e66876df3c43785,0,pair-7c281de31cdde459,oe:player:3e722c8ede909c83af9342c41805a16,oe:player:6ca0cf01bc942179eb37f9863ea16cc,Busio,Menace,-0.73963867
NA1/3478561808,2020-06-30,2020,Unknown,10.13,oe:team:7df78a658a1ca10f6d413c775cf35cd,Polar Ace,lineup-5e66876df3c43785,0,pair-6bb5617b4d7de2d9,oe:player:3f96b0d5494895f5e964dc16ea8f27b,oe:player:6ca0cf01bc942179eb37f9863ea16cc,Spawn,Menace,-1.04837240
NA1/3478562409,2020-07-01,2020,Unknown,10.13,name-team-bbf4d270ed871a83,unknown team,lineup-de25cbf71bf2b8dd,1,pair-a8a111c39d31aaa1,oe:player:29b67a93c1a600beb6904551c853fdd,oe:player:2e41e5848c5235a0e3def1e25027766,Trevor,Hunter,0.36874572
NA1/3478562409,2020-07-01,2020,Unknown,10.13,name-team-bbf4d270ed871a83,unknown team,lineup-de25cbf71bf2b8dd,1,pair-51425ce5f62cb906,oe:player:29b67a93c1a600beb6904551c853fdd,oe:player:4db47d64e2721bf7a93ebf42e488852,Trevor,Meech,0.89612316
NA1/3478562409,2020-07-01,2020,Unknown,10.13,name-team-bbf4d270ed871a83,unknown team,lineup-de25cbf71bf2b8dd,1,pair-4e5a82eda8d2c7ff,oe:player:29b67a93c1a600beb6904551c853fdd,oe:player:5257e05cde806e07b405ddcce85114d,Trevor,Bradley,0.26448955
NA1/3478562409,2020-07-01,2020,Unknown,10.13,name-team-bbf4d270ed871a83,unknown team,lineup-de25cbf71bf2b8dd,1,pair-f679761a3973b068,oe:player:29b67a93c1a600beb6904551c853fdd,oe:player:e8aba5fbfc41b0621226b08a87e3ded,Trevor,Philip,0.69398720
NA1/3478562409,2020-07-01,2020,Unknown,10.13,name-team-bbf4d270ed871a83,unknown team,lineup-de25cbf71bf2b8dd,1,pair-40701114d457db20,oe:player:2e41e5848c5235a0e3def1e25027766,oe:player:4db47d64e2721bf7a93ebf42e488852,Hunter,Meech,0.88874822
NA1/3478562409,2020-07-01,2020,Unknown,10.13,name-team-bbf4d270ed871a83,unknown team,lineup-de25cbf71bf2b8dd,1,pair-7fd8c9b10681a2a4,oe:player:2e41e5848c5235a0e3def1e25027766,oe:player:5257e05cde806e07b405ddcce85114d,Hunter,Bradley,0.25711461
NA1/3478562409,2020-07-01,2020,Unknown,10.13,name-team-bbf4d270ed871a83,unknown team,lineup-de25cbf71bf2b8dd,1,pair-e7302468e8432d0c,oe:player:2e41e5848c5235a0e3def1e25027766,oe:player:e8aba5fbfc41b0621226b08a87e3ded,Hunter,Philip,0.68661226
NA1/3478562409,2020-07-01,2020,Unknown,10.13,name-team-bbf4d270ed871a83,unknown team,lineup-de25cbf71bf2b8dd,1,pair-e3a4dabc7a36c623,oe:player:4db47d64e2721bf7a93ebf42e488852,oe:player:5257e05cde806e07b405ddcce85114d,Meech,Bradley,0.78449205
NA1/3478562409,2020-07-01,2020,Unknown,10.13,name-team-bbf4d270ed871a83,unknown team,lineup-de25cbf71bf2b8dd,1,pair-64862b3f11d663ff,oe:player:4db47d64e2721bf7a93ebf42e488852,oe:player:e8aba5fbfc41b0621226b08a87e3ded,Meech,Philip,1.21398970
NA1/3478562409,2020-07-01,2020,Unknown,10.13,name-team-bbf4d270ed871a83,unknown team,lineup-de25cbf71bf2b8dd,1,pair-98ae02d125a6a884,oe:player:5257e05cde806e07b405ddcce85114d,oe:player:e8aba5fbfc41b0621226b08a87e3ded,Bradley,Philip,0.58235608
NA1/3478562409,2020-07-01,2020,Unknown,10.13,oe:team:7df78a658a1ca10f6d413c775cf35cd,Polar Ace,lineup-5e66876df3c43785,0,pair-95268ec7330016ad,oe:player:339584e5b6ff20add38aa209f78eada,oe:player:33daef70f45123c10a232b800d930a0,Infectrix,Flaresz,-0.06389043
NA1/3478562409,2020-07-01,2020,Unknown,10.13,oe:team:7df78a658a1ca10f6d413c775cf35cd,Polar Ace,lineup-5e66876df3c43785,0,pair-1451fd658064d88a,oe:player:339584e5b6ff20add38aa209f78eada,oe:player:3e722c8ede909c83af9342c41805a16,Infectrix,Busio,-0.07499638
NA1/3478562409,2020-07-01,2020,Unknown,10.13,oe:team:7df78a658a1ca10f6d413c775cf35cd,Polar Ace,lineup-5e66876df3c43785,0,pair-12110108ef827f15,oe:player:339584e5b6ff20add38aa209f78eada,oe:player:3f96b0d5494895f5e964dc16ea8f27b,Infectrix,Spawn,0.19042133
NA1/3478562409,2020-07-01,2020,Unknown,10.13,oe:team:7df78a658a1ca10f6d413c775cf35cd,Polar Ace,lineup-5e66876df3c43785,0,pair-3f7b731cad4507ec,oe:player:339584e5b6ff20add38aa209f78eada,oe:player:6ca0cf01bc942179eb37f9863ea16cc,Infectrix,Menace,0.32737468
NA1/3478562409,2020-07-01,2020,Unknown,10.13,oe:team:7df78a658a1ca10f6d413c775cf35cd,Polar Ace,lineup-5e66876df3c43785,0,pair-64641b55bba96f07,oe:player:33daef70f45123c10a232b800d930a0,oe:player:3e722c8ede909c83af9342c41805a16,Flaresz,Busio,-0.84174908
NA1/3478562409,2020-07-01,2020,Unknown,10.13,oe:team:7df78a658a1ca10f6d413c775cf35cd,Polar Ace,lineup-5e66876df3c43785,0,pair-486fdad915fc920f,oe:player:33daef70f45123c10a232b800d930a0,oe:player:3f96b0d5494895f5e964dc16ea8f27b,Flaresz,Spawn,-0.57633138
NA1/3478562409,2020-07-01,2020,Unknown,10.13,oe:team:7df78a658a1ca10f6d413c775cf35cd,Polar Ace,lineup-5e66876df3c43785,0,pair-d219519aef3a019c,oe:player:33daef70f45123c10a232b800d930a0,oe:player:6ca0cf01bc942179eb37f9863ea16cc,Flaresz,Menace,-0.43937803
NA1/3478562409,2020-07-01,2020,Unknown,10.13,oe:team:7df78a658a1ca10f6d413c775cf35cd,Polar Ace,lineup-5e66876df3c43785,0,pair-611beae725f98d64,oe:player:3e722c8ede909c83af9342c41805a16,oe:player:3f96b0d5494895f5e964dc16ea8f27b,Busio,Spawn,-0.58743733
NA1/3478562409,2020-07-01,2020,Unknown,10.13,oe:team:7df78a658a1ca10f6d413c775cf35cd,Polar Ace,lineup-5e66876df3c43785,0,pair-7c281de31cdde459,oe:player:3e722c8ede909c83af9342c41805a16,oe:player:6ca0cf01bc942179eb37f9863ea16cc,Busio,Menace,-0.45048398
NA1/3478562409,2020-07-01,2020,Unknown,10.13,oe:team:7df78a658a1ca10f6d413c775cf35cd,Polar Ace,lineup-5e66876df3c43785,0,pair-6bb5617b4d7de2d9,oe:player:3f96b0d5494895f5e964dc16ea8f27b,oe:player:6ca0cf01bc942179eb37f9863ea16cc,Spawn,Menace,-0.18506627
NA1/3478771497,2020-06-30,2020,Unknown,10.13,oe:team:02008dfb4feddaf6583dd7116eb5180,Life Support,lineup-68c70fa7c42d58bd,1,pair-f9272a413e5710cf,oe:player:07d1c57ec273126c65dbd1197abdb47,oe:player:1e2dabe023493f20f397a3931412383,Pockus,Dinka,-0.58844705
NA1/3478771497,2020-06-30,2020,Unknown,10.13,oe:team:02008dfb4feddaf6583dd7116eb5180,Life Support,lineup-68c70fa7c42d58bd,1,pair-700025522e14fc71,oe:player:07d1c57ec273126c65dbd1197abdb47,oe:player:333dc2ede1e07139814398332e5e90f,Pockus,Vakin,-0.42330394
NA1/3478771497,2020-06-30,2020,Unknown,10.13,oe:team:02008dfb4feddaf6583dd7116eb5180,Life Support,lineup-68c70fa7c42d58bd,1,pair-d0681bce1af7eae1,oe:player:07d1c57ec273126c65dbd1197abdb47,oe:player:713fae3c1b605df4ee976c6188182a1,Pockus,Wixxi,-0.64684999
NA1/3478771497,2020-06-30,2020,Unknown,10.13,oe:team:02008dfb4feddaf6583dd7116eb5180,Life Support,lineup-68c70fa7c42d58bd,1,pair-fcae5aa8aeac784e,oe:player:07d1c57ec273126c65dbd1197abdb47,oe:player:df4f91120caa080682bf595c5f7f2d3,Pockus,CptShrimps,0.11155676
NA1/3478771497,2020-06-30,2020,Unknown,10.13,oe:team:02008dfb4feddaf6583dd7116eb5180,Life Support,lineup-68c70fa7c42d58bd,1,pair-dd7d743970d70851,oe:player:1e2dabe023493f20f397a3931412383,oe:player:333dc2ede1e07139814398332e5e90f,Dinka,Vakin,-0.60935513
NA1/3478771497,2020-06-30,2020,Unknown,10.13,oe:team:02008dfb4feddaf6583dd7116eb5180,Life Support,lineup-68c70fa7c42d58bd,1,pair-f8dc37b8ef500534,oe:player:1e2dabe023493f20f397a3931412383,oe:player:713fae3c1b605df4ee976c6188182a1,Dinka,Wixxi,-0.83290118
NA1/3478771497,2020-06-30,2020,Unknown,10.13,oe:team:02008dfb4feddaf6583dd7116eb5180,Life Support,lineup-68c70fa7c42d58bd,1,pair-ef9c00ccf1369abc,oe:player:1e2dabe023493f20f397a3931412383,oe:player:df4f91120caa080682bf595c5f7f2d3,Dinka,CptShrimps,-0.07449443
NA1/3478771497,2020-06-30,2020,Unknown,10.13,oe:team:02008dfb4feddaf6583dd7116eb5180,Life Support,lineup-68c70fa7c42d58bd,1,pair-94b337b5c35041fb,oe:player:333dc2ede1e07139814398332e5e90f,oe:player:713fae3c1b605df4ee976c6188182a1,Vakin,Wixxi,-0.66775807
NA1/3478771497,2020-06-30,2020,Unknown,10.13,oe:team:02008dfb4feddaf6583dd7116eb5180,Life Support,lineup-68c70fa7c42d58bd,1,pair-6195e4374d0bb6cb,oe:player:333dc2ede1e07139814398332e5e90f,oe:player:df4f91120caa080682bf595c5f7f2d3,Vakin,CptShrimps,0.09064868
NA1/3478771497,2020-06-30,2020,Unknown,10.13,oe:team:02008dfb4feddaf6583dd7116eb5180,Life Support,lineup-68c70fa7c42d58bd,1,pair-b05bfcd89f9046c0,oe:player:713fae3c1b605df4ee976c6188182a1,oe:player:df4f91120caa080682bf595c5f7f2d3,Wixxi,CptShrimps,-0.13289737
NA1/3478771497,2020-06-30,2020,Unknown,10.13,oe:team:5baea1d85fe74c9b5324e0ac7b55f23,XT Esports,lineup-a2aefd6e681f7b66,0,pair-cc74bf76a289e3a0,oe:player:61fb90977eb2e0633083133433c5554,oe:player:6cd277156437b9b8dd67807bb21d0a5,Coach Coso,Twocutz,-0.70043648
NA1/3478771497,2020-06-30,2020,Unknown,10.13,oe:team:5baea1d85fe74c9b5324e0ac7b55f23,XT Esports,lineup-a2aefd6e681f7b66,0,pair-f61a8a7f599049fa,oe:player:61fb90977eb2e0633083133433c5554,oe:player:8f026fb434b0d3794505b11ce83c0dd,Coach Coso,Nove,-0.96139239
NA1/3478771497,2020-06-30,2020,Unknown,10.13,oe:team:5baea1d85fe74c9b5324e0ac7b55f23,XT Esports,lineup-a2aefd6e681f7b66,0,pair-3669f52229947616,oe:player:61fb90977eb2e0633083133433c5554,oe:player:97a03ee352a6f5252f1f93019e992f9,Coach Coso,Cozy,-0.97180707
NA1/3478771497,2020-06-30,2020,Unknown,10.13,oe:team:5baea1d85fe74c9b5324e0ac7b55f23,XT Esports,lineup-a2aefd6e681f7b66,0,pair-23b3e401a42c283f,oe:player:61fb90977eb2e0633083133433c5554,oe:player:ea2f78f74267c020cce0e3297653f24,Coach Coso,Seoks,-0.62046574
NA1/3478771497,2020-06-30,2020,Unknown,10.13,oe:team:5baea1d85fe74c9b5324e0ac7b55f23,XT Esports,lineup-a2aefd6e681f7b66,0,pair-3ae6fc7a330cb721,oe:player:6cd277156437b9b8dd67807bb21d0a5,oe:player:8f026fb434b0d3794505b11ce83c0dd,Twocutz,Nove,-0.70570314
NA1/3478771497,2020-06-30,2020,Unknown,10.13,oe:team:5baea1d85fe74c9b5324e0ac7b55f23,XT Esports,lineup-a2aefd6e681f7b66,0,pair-e6ad40f7a53aac76,oe:player:6cd277156437b9b8dd67807bb21d0a5,oe:player:97a03ee352a6f5252f1f93019e992f9,Twocutz,Cozy,-0.71611782
NA1/3478771497,2020-06-30,2020,Unknown,10.13,oe:team:5baea1d85fe74c9b5324e0ac7b55f23,XT Esports,lineup-a2aefd6e681f7b66,0,pair-b0292606a1d9db61,oe:player:6cd277156437b9b8dd67807bb21d0a5,oe:player:ea2f78f74267c020cce0e3297653f24,Twocutz,Seoks,-0.36477650
NA1/3478771497,2020-06-30,2020,Unknown,10.13,oe:team:5baea1d85fe74c9b5324e0ac7b55f23,XT Esports,lineup-a2aefd6e681f7b66,0,pair-6ceaa85af07f8574,oe:player:8f026fb434b0d3794505b11ce83c0dd,oe:player:97a03ee352a6f5252f1f93019e992f9,Nove,Cozy,-0.97707373
NA1/3478771497,2020-06-30,2020,Unknown,10.13,oe:team:5baea1d85fe74c9b5324e0ac7b55f23,XT Esports,lineup-a2aefd6e681f7b66,0,pair-cff4cf93e2135586,oe:player:8f026fb434b0d3794505b11ce83c0dd,oe:player:ea2f78f74267c020cce0e3297653f24,Nove,Seoks,-0.62573240
NA1/3478771497,2020-06-30,2020,Unknown,10.13,oe:team:5baea1d85fe74c9b5324e0ac7b55f23,XT Esports,lineup-a2aefd6e681f7b66,0,pair-fd6d9f4bda5e64fd,oe:player:97a03ee352a6f5252f1f93019e992f9,oe:player:ea2f78f74267c020cce0e3297653f24,Cozy,Seoks,-0.63614708
NA1/3478771948,2020-07-01,2020,Unknown,10.13,oe:team:02008dfb4feddaf6583dd7116eb5180,Life Support,lineup-68c70fa7c42d58bd,1,pair-f9272a413e5710cf,oe:player:07d1c57ec273126c65dbd1197abdb47,oe:player:1e2dabe023493f20f397a3931412383,Pockus,Dinka,-0.37161979
NA1/3478771948,2020-07-01,2020,Unknown,10.13,oe:team:02008dfb4feddaf6583dd7116eb5180,Life Support,lineup-68c70fa7c42d58bd,1,pair-700025522e14fc71,oe:player:07d1c57ec273126c65dbd1197abdb47,oe:player:333dc2ede1e07139814398332e5e90f,Pockus,Vakin,0.14165899
NA1/3478771948,2020-07-01,2020,Unknown,10.13,oe:team:02008dfb4feddaf6583dd7116eb5180,Life Support,lineup-68c70fa7c42d58bd,1,pair-d0681bce1af7eae1,oe:player:07d1c57ec273126c65dbd1197abdb47,oe:player:713fae3c1b605df4ee976c6188182a1,Pockus,Wixxi,1.17525679
NA1/3478771948,2020-07-01,2020,Unknown,10.13,oe:team:02008dfb4feddaf6583dd7116eb5180,Life Support,lineup-68c70fa7c42d58bd,1,pair-fcae5aa8aeac784e,oe:player:07d1c57ec273126c65dbd1197abdb47,oe:player:df4f91120caa080682bf595c5f7f2d3,Pockus,CptShrimps,-0.11648948
NA1/3478771948,2020-07-01,2020,Unknown,10.13,oe:team:02008dfb4feddaf6583dd7116eb5180,Life Support,lineup-68c70fa7c42d58bd,1,pair-dd7d743970d70851,oe:player:1e2dabe023493f20f397a3931412383,oe:player:333dc2ede1e07139814398332e5e90f,Dinka,Vakin,-0.29906617
NA1/3478771948,2020-07-01,2020,Unknown,10.13,oe:team:02008dfb4feddaf6583dd7116eb5180,Life Support,lineup-68c70fa7c42d58bd,1,pair-f8dc37b8ef500534,oe:player:1e2dabe023493f20f397a3931412383,oe:player:713fae3c1b605df4ee976c6188182a1,Dinka,Wixxi,0.73453162
NA1/3478771948,2020-07-01,2020,Unknown,10.13,oe:team:02008dfb4feddaf6583dd7116eb5180,Life Support,lineup-68c70fa7c42d58bd,1,pair-ef9c00ccf1369abc,oe:player:1e2dabe023493f20f397a3931412383,oe:player:df4f91120caa080682bf595c5f7f2d3,Dinka,CptShrimps,-0.55721464
NA1/3478771948,2020-07-01,2020,Unknown,10.13,oe:team:02008dfb4feddaf6583dd7116eb5180,Life Support,lineup-68c70fa7c42d58bd,1,pair-94b337b5c35041fb,oe:player:333dc2ede1e07139814398332e5e90f,oe:player:713fae3c1b605df4ee976c6188182a1,Vakin,Wixxi,1.24781041
NA1/3478771948,2020-07-01,2020,Unknown,10.13,oe:team:02008dfb4feddaf6583dd7116eb5180,Life Support,lineup-68c70fa7c42d58bd,1,pair-6195e4374d0bb6cb,oe:player:333dc2ede1e07139814398332e5e90f,oe:player:df4f91120caa080682bf595c5f7f2d3,Vakin,CptShrimps,-0.04393586
NA1/3478771948,2020-07-01,2020,Unknown,10.13,oe:team:02008dfb4feddaf6583dd7116eb5180,Life Support,lineup-68c70fa7c42d58bd,1,pair-b05bfcd89f9046c0,oe:player:713fae3c1b605df4ee976c6188182a1,oe:player:df4f91120caa080682bf595c5f7f2d3,Wixxi,CptShrimps,0.98966194
NA1/3478771948,2020-07-01,2020,Unknown,10.13,oe:team:5baea1d85fe74c9b5324e0ac7b55f23,XT Esports,lineup-7cea687ba9a8f2d3,0,pair-83b0c162de1b4b82,oe:player:61fb90977eb2e0633083133433c5554,oe:player:6a917b03d531a46c8467ed18756ddd4,Coach Coso,LJX,0.43067315
NA1/3478771948,2020-07-01,2020,Unknown,10.13,oe:team:5baea1d85fe74c9b5324e0ac7b55f23,XT Esports,lineup-7cea687ba9a8f2d3,0,pair-cc74bf76a289e3a0,oe:player:61fb90977eb2e0633083133433c5554,oe:player:6cd277156437b9b8dd67807bb21d0a5,Coach Coso,Twocutz,-1.48837932
NA1/3478771948,2020-07-01,2020,Unknown,10.13,oe:team:5baea1d85fe74c9b5324e0ac7b55f23,XT Esports,lineup-7cea687ba9a8f2d3,0,pair-f61a8a7f599049fa,oe:player:61fb90977eb2e0633083133433c5554,oe:player:8f026fb434b0d3794505b11ce83c0dd,Coach Coso,Nove,-1.01635756
NA1/3478771948,2020-07-01,2020,Unknown,10.13,oe:team:5baea1d85fe74c9b5324e0ac7b55f23,XT Esports,lineup-7cea687ba9a8f2d3,0,pair-3669f52229947616,oe:player:61fb90977eb2e0633083133433c5554,oe:player:97a03ee352a6f5252f1f93019e992f9,Coach Coso,Cozy,-0.34038180
NA1/3478771948,2020-07-01,2020,Unknown,10.13,oe:team:5baea1d85fe74c9b5324e0ac7b55f23,XT Esports,lineup-7cea687ba9a8f2d3,0,pair-4eb2d97d314d3ecf,oe:player:6a917b03d531a46c8467ed18756ddd4,oe:player:6cd277156437b9b8dd67807bb21d0a5,LJX,Twocutz,0.24931770
NA1/3478771948,2020-07-01,2020,Unknown,10.13,oe:team:5baea1d85fe74c9b5324e0ac7b55f23,XT Esports,lineup-7cea687ba9a8f2d3,0,pair-94f7853418c118a5,oe:player:6a917b03d531a46c8467ed18756ddd4,oe:player:8f026fb434b0d3794505b11ce83c0dd,LJX,Nove,0.72133946
NA1/3478771948,2020-07-01,2020,Unknown,10.13,oe:team:5baea1d85fe74c9b5324e0ac7b55f23,XT Esports,lineup-7cea687ba9a8f2d3,0,pair-5c16b2d4818b28c2,oe:player:6a917b03d531a46c8467ed18756ddd4,oe:player:97a03ee352a6f5252f1f93019e992f9,LJX,Cozy,1.39731522
NA1/3478771948,2020-07-01,2020,Unknown,10.13,oe:team:5baea1d85fe74c9b5324e0ac7b55f23,XT Esports,lineup-7cea687ba9a8f2d3,0,pair-3ae6fc7a330cb721,oe:player:6cd277156437b9b8dd67807bb21d0a5,oe:player:8f026fb434b0d3794505b11ce83c0dd,Twocutz,Nove,-1.19771301
NA1/3478771948,2020-07-01,2020,Unknown,10.13,oe:team:5baea1d85fe74c9b5324e0ac7b55f23,XT Esports,lineup-7cea687ba9a8f2d3,0,pair-e6ad40f7a53aac76,oe:player:6cd277156437b9b8dd67807bb21d0a5,oe:player:97a03ee352a6f5252f1f93019e992f9,Twocutz,Cozy,-0.52173725
NA1/3478771948,2020-07-01,2020,Unknown,10.13,oe:team:5baea1d85fe74c9b5324e0ac7b55f23,XT Esports,lineup-7cea687ba9a8f2d3,0,pair-6ceaa85af07f8574,oe:player:8f026fb434b0d3794505b11ce83c0dd,oe:player:97a03ee352a6f5252f1f93019e992f9,Nove,Cozy,-0.04971549
NA1/3484121445,2020-07-06,2020,Unknown,10.13,oe:team:955d9ba35580bdcc7bed3f11736b0f7,Radiance,lineup-6ee7665bdc3b33d7,0,pair-ac630bc77f2f5bc0,oe:player:3f87e25690ea3bdeb998259fb45445c,oe:player:580f08754dbf1bc64145f212ed0170b,Engo,Cao,0.12501790
NA1/3484121445,2020-07-06,2020,Unknown,10.13,oe:team:955d9ba35580bdcc7bed3f11736b0f7,Radiance,lineup-6ee7665bdc3b33d7,0,pair-9b58251b56a315dd,oe:player:3f87e25690ea3bdeb998259fb45445c,oe:player:75614c3fca429c06226ca2518abb73a,Engo,Avi,-0.31176200
NA1/3484121445,2020-07-06,2020,Unknown,10.13,oe:team:955d9ba35580bdcc7bed3f11736b0f7,Radiance,lineup-6ee7665bdc3b33d7,0,pair-d0a9c1dccd0f0b50,oe:player:3f87e25690ea3bdeb998259fb45445c,oe:player:aa7b13aaac8ab04283ce9626c6399d0,Engo,Young,-0.11416917
NA1/3484121445,2020-07-06,2020,Unknown,10.13,oe:team:955d9ba35580bdcc7bed3f11736b0f7,Radiance,lineup-6ee7665bdc3b33d7,0,pair-19c130abeb08e7d8,oe:player:3f87e25690ea3bdeb998259fb45445c,oe:player:f38b290539da4d4463b98ec1a3d2194,Engo,AndyBendy,-0.20020489
NA1/3484121445,2020-07-06,2020,Unknown,10.13,oe:team:955d9ba35580bdcc7bed3f11736b0f7,Radiance,lineup-6ee7665bdc3b33d7,0,pair-2b600efa94d21c81,oe:player:580f08754dbf1bc64145f212ed0170b,oe:player:75614c3fca429c06226ca2518abb73a,Cao,Avi,0.12896813
NA1/3484121445,2020-07-06,2020,Unknown,10.13,oe:team:955d9ba35580bdcc7bed3f11736b0f7,Radiance,lineup-6ee7665bdc3b33d7,0,pair-678c078694bbc44c,oe:player:580f08754dbf1bc64145f212ed0170b,oe:player:aa7b13aaac8ab04283ce9626c6399d0,Cao,Young,0.32656095
NA1/3484121445,2020-07-06,2020,Unknown,10.13,oe:team:955d9ba35580bdcc7bed3f11736b0f7,Radiance,lineup-6ee7665bdc3b33d7,0,pair-a78cba1f897e4510,oe:player:580f08754dbf1bc64145f212ed0170b,oe:player:f38b290539da4d4463b98ec1a3d2194,Cao,AndyBendy,0.24052523
NA1/3484121445,2020-07-06,2020,Unknown,10.13,oe:team:955d9ba35580bdcc7bed3f11736b0f7,Radiance,lineup-6ee7665bdc3b33d7,0,pair-768b1c9dc14b04bc,oe:player:75614c3fca429c06226ca2518abb73a,oe:player:aa7b13aaac8ab04283ce9626c6399d0,Avi,Young,-0.11021895
NA1/3484121445,2020-07-06,2020,Unknown,10.13,oe:team:955d9ba35580bdcc7bed3f11736b0f7,Radiance,lineup-6ee7665bdc3b33d7,0,pair-a8a71dc159a65805,oe:player:75614c3fca429c06226ca2518abb73a,oe:player:f38b290539da4d4463b98ec1a3d2194,Avi,AndyBendy,-0.19625467
NA1/3484121445,2020-07-06,2020,Unknown,10.13,oe:team:955d9ba35580bdcc7bed3f11736b0f7,Radiance,lineup-6ee7665bdc3b33d7,0,pair-7498026bdb707d97,oe:player:aa7b13aaac8ab04283ce9626c6399d0,oe:player:f38b290539da4d4463b98ec1a3d2194,Young,AndyBendy,0.00133816
NA1/3484121445,2020-07-06,2020,Unknown,10.13,oe:team:cb88ee3c195b2c7056830437a1f1565,Mirage Sport Électronique,lineup-5f46512bef7bc500,1,pair-f927a6d77928513b,oe:player:046795fa30debe19eafd497dba544e3,oe:player:1c275bedd474301abb6a402792d0731,Instinct,RobbyBob,0.77631208
NA1/3484121445,2020-07-06,2020,Unknown,10.13,oe:team:cb88ee3c195b2c7056830437a1f1565,Mirage Sport Électronique,lineup-5f46512bef7bc500,1,pair-ed5613c55cc0261c,oe:player:046795fa30debe19eafd497dba544e3,oe:player:89a68bddd0541e0f26fc044c711eb92,Instinct,Tony Top,0.12867160
NA1/3484121445,2020-07-06,2020,Unknown,10.13,oe:team:cb88ee3c195b2c7056830437a1f1565,Mirage Sport Électronique,lineup-5f46512bef7bc500,1,pair-6bf3a15db52ed1d6,oe:player:046795fa30debe19eafd497dba544e3,oe:player:c9fe742896cf95349db15b35ec262e1,Instinct,Mist,-0.18362197
NA1/3484121445,2020-07-06,2020,Unknown,10.13,oe:team:cb88ee3c195b2c7056830437a1f1565,Mirage Sport Électronique,lineup-5f46512bef7bc500,1,pair-b9b0d935286b0bb9,oe:player:046795fa30debe19eafd497dba544e3,oe:player:dfabf6008e5be18683d654b25534d03,Instinct,Hyami,0.05296582
NA1/3484121445,2020-07-06,2020,Unknown,10.13,oe:team:cb88ee3c195b2c7056830437a1f1565,Mirage Sport Électronique,lineup-5f46512bef7bc500,1,pair-83ecace85deec332,oe:player:1c275bedd474301abb6a402792d0731,oe:player:89a68bddd0541e0f26fc044c711eb92,RobbyBob,Tony Top,1.13059486
NA1/3484121445,2020-07-06,2020,Unknown,10.13,oe:team:cb88ee3c195b2c7056830437a1f1565,Mirage Sport Électronique,lineup-5f46512bef7bc500,1,pair-f48f15d0139d970a,oe:player:1c275bedd474301abb6a402792d0731,oe:player:c9fe742896cf95349db15b35ec262e1,RobbyBob,Mist,0.81830129
NA1/3484121445,2020-07-06,2020,Unknown,10.13,oe:team:cb88ee3c195b2c7056830437a1f1565,Mirage Sport Électronique,lineup-5f46512bef7bc500,1,pair-c2d651e0a7891b1b,oe:player:1c275bedd474301abb6a402792d0731,oe:player:dfabf6008e5be18683d654b25534d03,RobbyBob,Hyami,1.05488908
NA1/3484121445,2020-07-06,2020,Unknown,10.13,oe:team:cb88ee3c195b2c7056830437a1f1565,Mirage Sport Électronique,lineup-5f46512bef7bc500,1,pair-40098d9017dd9c11,oe:player:89a68bddd0541e0f26fc044c711eb92,oe:player:c9fe742896cf95349db15b35ec262e1,Tony Top,Mist,0.17066081
NA1/3484121445,2020-07-06,2020,Unknown,10.13,oe:team:cb88ee3c195b2c7056830437a1f1565,Mirage Sport Électronique,lineup-5f46512bef7bc500,1,pair-8eebfe70317de9fe,oe:player:89a68bddd0541e0f26fc044c711eb92,oe:player:dfabf6008e5be18683d654b25534d03,Tony Top,Hyami,0.40724860
NA1/3484121445,2020-07-06,2020,Unknown,10.13,oe:team:cb88ee3c195b2c7056830437a1f1565,Mirage Sport Électronique,lineup-5f46512bef7bc500,1,pair-771784b4cd34b3bd,oe:player:c9fe742896cf95349db15b35ec262e1,oe:player:dfabf6008e5be18683d654b25534d03,Mist,Hyami,0.09495503
NA1/3484130708,2020-07-05,2020,Unknown,10.13,oe:team:02008dfb4feddaf6583dd7116eb5180,Life Support,lineup-6110b288021f6f1c,1,pair-d300ac1ce09f43da,oe:player:07d1c57ec273126c65dbd1197abdb47,oe:player:0e8c08918017e086c42a9a250969768,Pockus,Jozy,-0.01202083
NA1/3484130708,2020-07-05,2020,Unknown,10.13,oe:team:02008dfb4feddaf6583dd7116eb5180,Life Support,lineup-6110b288021f6f1c,1,pair-f9272a413e5710cf,oe:player:07d1c57ec273126c65dbd1197abdb47,oe:player:1e2dabe023493f20f397a3931412383,Pockus,Dinka,0.30951088
NA1/3484130708,2020-07-05,2020,Unknown,10.13,oe:team:02008dfb4feddaf6583dd7116eb5180,Life Support,lineup-6110b288021f6f1c,1,pair-d0681bce1af7eae1,oe:player:07d1c57ec273126c65dbd1197abdb47,oe:player:713fae3c1b605df4ee976c6188182a1,Pockus,Wixxi,0.34582853
NA1/3484130708,2020-07-05,2020,Unknown,10.13,oe:team:02008dfb4feddaf6583dd7116eb5180,Life Support,lineup-6110b288021f6f1c,1,pair-fcae5aa8aeac784e,oe:player:07d1c57ec273126c65dbd1197abdb47,oe:player:df4f91120caa080682bf595c5f7f2d3,Pockus,CptShrimps,-0.48121258
NA1/3484130708,2020-07-05,2020,Unknown,10.13,oe:team:02008dfb4feddaf6583dd7116eb5180,Life Support,lineup-6110b288021f6f1c,1,pair-b6cc722501060c78,oe:player:0e8c08918017e086c42a9a250969768,oe:player:1e2dabe023493f20f397a3931412383,Jozy,Dinka,0.40191684
NA1/3484130708,2020-07-05,2020,Unknown,10.13,oe:team:02008dfb4feddaf6583dd7116eb5180,Life Support,lineup-6110b288021f6f1c,1,pair-20a86d5788894986,oe:player:0e8c08918017e086c42a9a250969768,oe:player:713fae3c1b605df4ee976c6188182a1,Jozy,Wixxi,0.43823449
NA1/3484130708,2020-07-05,2020,Unknown,10.13,oe:team:02008dfb4feddaf6583dd7116eb5180,Life Support,lineup-6110b288021f6f1c,1,pair-18e9e0fc20df46d6,oe:player:0e8c08918017e086c42a9a250969768,oe:player:df4f91120caa080682bf595c5f7f2d3,Jozy,CptShrimps,-0.38880662
NA1/3484130708,2020-07-05,2020,Unknown,10.13,oe:team:02008dfb4feddaf6583dd7116eb5180,Life Support,lineup-6110b288021f6f1c,1,pair-f8dc37b8ef500534,oe:player:1e2dabe023493f20f397a3931412383,oe:player:713fae3c1b605df4ee976c6188182a1,Dinka,Wixxi,0.75976620
NA1/3484130708,2020-07-05,2020,Unknown,10.13,oe:team:02008dfb4feddaf6583dd7116eb5180,Life Support,lineup-6110b288021f6f1c,1,pair-ef9c00ccf1369abc,oe:player:1e2dabe023493f20f397a3931412383,oe:player:df4f91120caa080682bf595c5f7f2d3,Dinka,CptShrimps,-0.06727491
NA1/3484130708,2020-07-05,2020,Unknown,10.13,oe:team:02008dfb4feddaf6583dd7116eb5180,Life Support,lineup-6110b288021f6f1c,1,pair-b05bfcd89f9046c0,oe:player:713fae3c1b605df4ee976c6188182a1,oe:player:df4f91120caa080682bf595c5f7f2d3,Wixxi,CptShrimps,-0.03095726
NA1/3484130708,2020-07-05,2020,Unknown,10.13,oe:team:8776b7033f1bc10634e50d90f861c1d,Supernova,lineup-22989664501ef5be,0,pair-f87e4d5d9e0287b5,oe:player:205dc545e21bb07b657e0f193af6887,oe:player:74c97a5b51b2f1900328154b5a58a44,Clyde,OddOrange,-0.27425659
NA1/3484130708,2020-07-05,2020,Unknown,10.13,oe:team:8776b7033f1bc10634e50d90f861c1d,Supernova,lineup-22989664501ef5be,0,pair-50eeefcdc3a5dcd5,oe:player:205dc545e21bb07b657e0f193af6887,oe:player:94da1452e43ac6797e36ca8f17656ad,Clyde,EvanRL,-0.34736044
NA1/3484130708,2020-07-05,2020,Unknown,10.13,oe:team:8776b7033f1bc10634e50d90f861c1d,Supernova,lineup-22989664501ef5be,0,pair-635139466b133f45,oe:player:205dc545e21bb07b657e0f193af6887,oe:player:ea9ed09584feecae0991089f087d2ce,Clyde,APA,0.82744730
NA1/3484130708,2020-07-05,2020,Unknown,10.13,oe:team:8776b7033f1bc10634e50d90f861c1d,Supernova,lineup-22989664501ef5be,0,pair-9637026fbd326151,oe:player:205dc545e21bb07b657e0f193af6887,oe:player:f57280c82d3a38f8bf412a520e33f7f,Clyde,PCL,0.14945327
NA1/3484130708,2020-07-05,2020,Unknown,10.13,oe:team:8776b7033f1bc10634e50d90f861c1d,Supernova,lineup-22989664501ef5be,0,pair-50083fce2d78ff42,oe:player:74c97a5b51b2f1900328154b5a58a44,oe:player:94da1452e43ac6797e36ca8f17656ad,OddOrange,EvanRL,-0.74702022
NA1/3484130708,2020-07-05,2020,Unknown,10.13,oe:team:8776b7033f1bc10634e50d90f861c1d,Supernova,lineup-22989664501ef5be,0,pair-98074e249ca42445,oe:player:74c97a5b51b2f1900328154b5a58a44,oe:player:ea9ed09584feecae0991089f087d2ce,OddOrange,APA,0.42778753
NA1/3484130708,2020-07-05,2020,Unknown,10.13,oe:team:8776b7033f1bc10634e50d90f861c1d,Supernova,lineup-22989664501ef5be,0,pair-488c7739daa8040c,oe:player:74c97a5b51b2f1900328154b5a58a44,oe:player:f57280c82d3a38f8bf412a520e33f7f,OddOrange,PCL,-0.25020650
NA1/3484130708,2020-07-05,2020,Unknown,10.13,oe:team:8776b7033f1bc10634e50d90f861c1d,Supernova,lineup-22989664501ef5be,0,pair-2c92750de6aeb1ac,oe:player:94da1452e43ac6797e36ca8f17656ad,oe:player:ea9ed09584feecae0991089f087d2ce,EvanRL,APA,0.35468367
NA1/3484130708,2020-07-05,2020,Unknown,10.13,oe:team:8776b7033f1bc10634e50d90f861c1d,Supernova,lineup-22989664501ef5be,0,pair-0ff5df7a07e7f287,oe:player:94da1452e43ac6797e36ca8f17656ad,oe:player:f57280c82d3a38f8bf412a520e33f7f,EvanRL,PCL,-0.32331036
NA1/3484130708,2020-07-05,2020,Unknown,10.13,oe:team:8776b7033f1bc10634e50d90f861c1d,Supernova,lineup-22989664501ef5be,0,pair-f47a4c05e4f250d4,oe:player:ea9ed09584feecae0991089f087d2ce,oe:player:f57280c82d3a38f8bf412a520e33f7f,APA,PCL,0.85149738
NA1/3484131082,2020-07-06,2020,Unknown,10.13,oe:team:02008dfb4feddaf6583dd7116eb5180,Life Support,lineup-6110b288021f6f1c,0,pair-d300ac1ce09f43da,oe:player:07d1c57ec273126c65dbd1197abdb47,oe:player:0e8c08918017e086c42a9a250969768,Pockus,Jozy,-0.10387230
NA1/3484131082,2020-07-06,2020,Unknown,10.13,oe:team:02008dfb4feddaf6583dd7116eb5180,Life Support,lineup-6110b288021f6f1c,0,pair-f9272a413e5710cf,oe:player:07d1c57ec273126c65dbd1197abdb47,oe:player:1e2dabe023493f20f397a3931412383,Pockus,Dinka,-0.00663041
NA1/3484131082,2020-07-06,2020,Unknown,10.13,oe:team:02008dfb4feddaf6583dd7116eb5180,Life Support,lineup-6110b288021f6f1c,0,pair-d0681bce1af7eae1,oe:player:07d1c57ec273126c65dbd1197abdb47,oe:player:713fae3c1b605df4ee976c6188182a1,Pockus,Wixxi,0.23236964
NA1/3484131082,2020-07-06,2020,Unknown,10.13,oe:team:02008dfb4feddaf6583dd7116eb5180,Life Support,lineup-6110b288021f6f1c,0,pair-fcae5aa8aeac784e,oe:player:07d1c57ec273126c65dbd1197abdb47,oe:player:df4f91120caa080682bf595c5f7f2d3,Pockus,CptShrimps,-0.13417219
NA1/3484131082,2020-07-06,2020,Unknown,10.13,oe:team:02008dfb4feddaf6583dd7116eb5180,Life Support,lineup-6110b288021f6f1c,0,pair-b6cc722501060c78,oe:player:0e8c08918017e086c42a9a250969768,oe:player:1e2dabe023493f20f397a3931412383,Jozy,Dinka,-0.17099435
NA1/3484131082,2020-07-06,2020,Unknown,10.13,oe:team:02008dfb4feddaf6583dd7116eb5180,Life Support,lineup-6110b288021f6f1c,0,pair-20a86d5788894986,oe:player:0e8c08918017e086c42a9a250969768,oe:player:713fae3c1b605df4ee976c6188182a1,Jozy,Wixxi,0.06800570
NA1/3484131082,2020-07-06,2020,Unknown,10.13,oe:team:02008dfb4feddaf6583dd7116eb5180,Life Support,lineup-6110b288021f6f1c,0,pair-18e9e0fc20df46d6,oe:player:0e8c08918017e086c42a9a250969768,oe:player:df4f91120caa080682bf595c5f7f2d3,Jozy,CptShrimps,-0.29853613
NA1/3484131082,2020-07-06,2020,Unknown,10.13,oe:team:02008dfb4feddaf6583dd7116eb5180,Life Support,lineup-6110b288021f6f1c,0,pair-f8dc37b8ef500534,oe:player:1e2dabe023493f20f397a3931412383,oe:player:713fae3c1b605df4ee976c6188182a1,Dinka,Wixxi,0.16524759
NA1/3484131082,2020-07-06,2020,Unknown,10.13,oe:team:02008dfb4feddaf6583dd7116eb5180,Life Support,lineup-6110b288021f6f1c,0,pair-ef9c00ccf1369abc,oe:player:1e2dabe023493f20f397a3931412383,oe:player:df4f91120caa080682bf595c5f7f2d3,Dinka,CptShrimps,-0.20129424
NA1/3484131082,2020-07-06,2020,Unknown,10.13,oe:team:02008dfb4feddaf6583dd7116eb5180,Life Support,lineup-6110b288021f6f1c,0,pair-b05bfcd89f9046c0,oe:player:713fae3c1b605df4ee976c6188182a1,oe:player:df4f91120caa080682bf595c5f7f2d3,Wixxi,CptShrimps,0.03770581
NA1/3484131082,2020-07-06,2020,Unknown,10.13,oe:team:8776b7033f1bc10634e50d90f861c1d,Supernova,lineup-22989664501ef5be,1,pair-f87e4d5d9e0287b5,oe:player:205dc545e21bb07b657e0f193af6887,oe:player:74c97a5b51b2f1900328154b5a58a44,Clyde,OddOrange,-0.18480096
NA1/3484131082,2020-07-06,2020,Unknown,10.13,oe:team:8776b7033f1bc10634e50d90f861c1d,Supernova,lineup-22989664501ef5be,1,pair-50eeefcdc3a5dcd5,oe:player:205dc545e21bb07b657e0f193af6887,oe:player:94da1452e43ac6797e36ca8f17656ad,Clyde,EvanRL,-0.23010950
NA1/3484131082,2020-07-06,2020,Unknown,10.13,oe:team:8776b7033f1bc10634e50d90f861c1d,Supernova,lineup-22989664501ef5be,1,pair-635139466b133f45,oe:player:205dc545e21bb07b657e0f193af6887,oe:player:ea9ed09584feecae0991089f087d2ce,Clyde,APA,-0.18261062
NA1/3484131082,2020-07-06,2020,Unknown,10.13,oe:team:8776b7033f1bc10634e50d90f861c1d,Supernova,lineup-22989664501ef5be,1,pair-9637026fbd326151,oe:player:205dc545e21bb07b657e0f193af6887,oe:player:f57280c82d3a38f8bf412a520e33f7f,Clyde,PCL,0.40721929
NA1/3484131082,2020-07-06,2020,Unknown,10.13,oe:team:8776b7033f1bc10634e50d90f861c1d,Supernova,lineup-22989664501ef5be,1,pair-50083fce2d78ff42,oe:player:74c97a5b51b2f1900328154b5a58a44,oe:player:94da1452e43ac6797e36ca8f17656ad,OddOrange,EvanRL,-0.14643722
NA1/3484131082,2020-07-06,2020,Unknown,10.13,oe:team:8776b7033f1bc10634e50d90f861c1d,Supernova,lineup-22989664501ef5be,1,pair-98074e249ca42445,oe:player:74c97a5b51b2f1900328154b5a58a44,oe:player:ea9ed09584feecae0991089f087d2ce,OddOrange,APA,-0.09893833
NA1/3484131082,2020-07-06,2020,Unknown,10.13,oe:team:8776b7033f1bc10634e50d90f861c1d,Supernova,lineup-22989664501ef5be,1,pair-488c7739daa8040c,oe:player:74c97a5b51b2f1900328154b5a58a44,oe:player:f57280c82d3a38f8bf412a520e33f7f,OddOrange,PCL,0.49089157
NA1/3484131082,2020-07-06,2020,Unknown,10.13,oe:team:8776b7033f1bc10634e50d90f861c1d,Supernova,lineup-22989664501ef5be,1,pair-2c92750de6aeb1ac,oe:player:94da1452e43ac6797e36ca8f17656ad,oe:player:ea9ed09584feecae0991089f087d2ce,EvanRL,APA,-0.14424688
NA1/3484131082,2020-07-06,2020,Unknown,10.13,oe:team:8776b7033f1bc10634e50d90f861c1d,Supernova,lineup-22989664501ef5be,1,pair-0ff5df7a07e7f287,oe:player:94da1452e43ac6797e36ca8f17656ad,oe:player:f57280c82d3a38f8bf412a520e33f7f,EvanRL,PCL,0.44558302
NA1/3484131082,2020-07-06,2020,Unknown,10.13,oe:team:8776b7033f1bc10634e50d90f861c1d,Supernova,lineup-22989664501ef5be,1,pair-f47a4c05e4f250d4,oe:player:ea9ed09584feecae0991089f087d2ce,oe:player:f57280c82d3a38f8bf412a520e33f7f,APA,PCL,0.49308191
NA1/3484131378,2020-07-06,2020,Unknown,10.13,oe:team:02008dfb4feddaf6583dd7116eb5180,Life Support,lineup-6110b288021f6f1c,1,pair-d300ac1ce09f43da,oe:player:07d1c57ec273126c65dbd1197abdb47,oe:player:0e8c08918017e086c42a9a250969768,Pockus,Jozy,0.44851922
NA1/3484131378,2020-07-06,2020,Unknown,10.13,oe:team:02008dfb4feddaf6583dd7116eb5180,Life Support,lineup-6110b288021f6f1c,1,pair-f9272a413e5710cf,oe:player:07d1c57ec273126c65dbd1197abdb47,oe:player:1e2dabe023493f20f397a3931412383,Pockus,Dinka,1.51416221
NA1/3484131378,2020-07-06,2020,Unknown,10.13,oe:team:02008dfb4feddaf6583dd7116eb5180,Life Support,lineup-6110b288021f6f1c,1,pair-d0681bce1af7eae1,oe:player:07d1c57ec273126c65dbd1197abdb47,oe:player:713fae3c1b605df4ee976c6188182a1,Pockus,Wixxi,1.22138744
NA1/3484131378,2020-07-06,2020,Unknown,10.13,oe:team:02008dfb4feddaf6583dd7116eb5180,Life Support,lineup-6110b288021f6f1c,1,pair-fcae5aa8aeac784e,oe:player:07d1c57ec273126c65dbd1197abdb47,oe:player:df4f91120caa080682bf595c5f7f2d3,Pockus,CptShrimps,0.87454692
NA1/3484131378,2020-07-06,2020,Unknown,10.13,oe:team:02008dfb4feddaf6583dd7116eb5180,Life Support,lineup-6110b288021f6f1c,1,pair-b6cc722501060c78,oe:player:0e8c08918017e086c42a9a250969768,oe:player:1e2dabe023493f20f397a3931412383,Jozy,Dinka,1.32003832
NA1/3484131378,2020-07-06,2020,Unknown,10.13,oe:team:02008dfb4feddaf6583dd7116eb5180,Life Support,lineup-6110b288021f6f1c,1,pair-20a86d5788894986,oe:player:0e8c08918017e086c42a9a250969768,oe:player:713fae3c1b605df4ee976c6188182a1,Jozy,Wixxi,1.02726355
NA1/3484131378,2020-07-06,2020,Unknown,10.13,oe:team:02008dfb4feddaf6583dd7116eb5180,Life Support,lineup-6110b288021f6f1c,1,pair-18e9e0fc20df46d6,oe:player:0e8c08918017e086c42a9a250969768,oe:player:df4f91120caa080682bf595c5f7f2d3,Jozy,CptShrimps,0.68042303
NA1/3484131378,2020-07-06,2020,Unknown,10.13,oe:team:02008dfb4feddaf6583dd7116eb5180,Life Support,lineup-6110b288021f6f1c,1,pair-f8dc37b8ef500534,oe:player:1e2dabe023493f20f397a3931412383,oe:player:713fae3c1b605df4ee976c6188182a1,Dinka,Wixxi,2.09290654
NA1/3484131378,2020-07-06,2020,Unknown,10.13,oe:team:02008dfb4feddaf6583dd7116eb5180,Life Support,lineup-6110b288021f6f1c,1,pair-ef9c00ccf1369abc,oe:player:1e2dabe023493f20f397a3931412383,oe:player:df4f91120caa080682bf595c5f7f2d3,Dinka,CptShrimps,1.74606601
NA1/3484131378,2020-07-06,2020,Unknown,10.13,oe:team:02008dfb4feddaf6583dd7116eb5180,Life Support,lineup-6110b288021f6f1c,1,pair-b05bfcd89f9046c0,oe:player:713fae3c1b605df4ee976c6188182a1,oe:player:df4f91120caa080682bf595c5f7f2d3,Wixxi,CptShrimps,1.45329125
NA1/3484131378,2020-07-06,2020,Unknown,10.13,oe:team:8776b7033f1bc10634e50d90f861c1d,Supernova,lineup-22989664501ef5be,0,pair-f87e4d5d9e0287b5,oe:player:205dc545e21bb07b657e0f193af6887,oe:player:74c97a5b51b2f1900328154b5a58a44,Clyde,OddOrange,-0.07051395
NA1/3484131378,2020-07-06,2020,Unknown,10.13,oe:team:8776b7033f1bc10634e50d90f861c1d,Supernova,lineup-22989664501ef5be,0,pair-50eeefcdc3a5dcd5,oe:player:205dc545e21bb07b657e0f193af6887,oe:player:94da1452e43ac6797e36ca8f17656ad,Clyde,EvanRL,0.72754872
NA1/3484131378,2020-07-06,2020,Unknown,10.13,oe:team:8776b7033f1bc10634e50d90f861c1d,Supernova,lineup-22989664501ef5be,0,pair-635139466b133f45,oe:player:205dc545e21bb07b657e0f193af6887,oe:player:ea9ed09584feecae0991089f087d2ce,Clyde,APA,0.01143199
NA1/3484131378,2020-07-06,2020,Unknown,10.13,oe:team:8776b7033f1bc10634e50d90f861c1d,Supernova,lineup-22989664501ef5be,0,pair-9637026fbd326151,oe:player:205dc545e21bb07b657e0f193af6887,oe:player:f57280c82d3a38f8bf412a520e33f7f,Clyde,PCL,0.24865329
NA1/3484131378,2020-07-06,2020,Unknown,10.13,oe:team:8776b7033f1bc10634e50d90f861c1d,Supernova,lineup-22989664501ef5be,0,pair-50083fce2d78ff42,oe:player:74c97a5b51b2f1900328154b5a58a44,oe:player:94da1452e43ac6797e36ca8f17656ad,OddOrange,EvanRL,0.78304640
NA1/3484131378,2020-07-06,2020,Unknown,10.13,oe:team:8776b7033f1bc10634e50d90f861c1d,Supernova,lineup-22989664501ef5be,0,pair-98074e249ca42445,oe:player:74c97a5b51b2f1900328154b5a58a44,oe:player:ea9ed09584feecae0991089f087d2ce,OddOrange,APA,0.06692966
NA1/3484131378,2020-07-06,2020,Unknown,10.13,oe:team:8776b7033f1bc10634e50d90f861c1d,Supernova,lineup-22989664501ef5be,0,pair-488c7739daa8040c,oe:player:74c97a5b51b2f1900328154b5a58a44,oe:player:f57280c82d3a38f8bf412a520e33f7f,OddOrange,PCL,0.30415097
NA1/3484131378,2020-07-06,2020,Unknown,10.13,oe:team:8776b7033f1bc10634e50d90f861c1d,Supernova,lineup-22989664501ef5be,0,pair-2c92750de6aeb1ac,oe:player:94da1452e43ac6797e36ca8f17656ad,oe:player:ea9ed09584feecae0991089f087d2ce,EvanRL,APA,0.86499234
NA1/3484131378,2020-07-06,2020,Unknown,10.13,oe:team:8776b7033f1bc10634e50d90f861c1d,Supernova,lineup-22989664501ef5be,0,pair-0ff5df7a07e7f287,oe:player:94da1452e43ac6797e36ca8f17656ad,oe:player:f57280c82d3a38f8bf412a520e33f7f,EvanRL,PCL,1.10221364
NA1/3484131378,2020-07-06,2020,Unknown,10.13,oe:team:8776b7033f1bc10634e50d90f861c1d,Supernova,lineup-22989664501ef5be,0,pair-f47a4c05e4f250d4,oe:player:ea9ed09584feecae0991089f087d2ce,oe:player:f57280c82d3a38f8bf412a520e33f7f,APA,PCL,0.38609691
NA1/3484350558,2020-07-06,2020,Unknown,10.13,oe:team:955d9ba35580bdcc7bed3f11736b0f7,Radiance,lineup-6ee7665bdc3b33d7,0,pair-ac630bc77f2f5bc0,oe:player:3f87e25690ea3bdeb998259fb45445c,oe:player:580f08754dbf1bc64145f212ed0170b,Engo,Cao,-0.36204009
NA1/3484350558,2020-07-06,2020,Unknown,10.13,oe:team:955d9ba35580bdcc7bed3f11736b0f7,Radiance,lineup-6ee7665bdc3b33d7,0,pair-9b58251b56a315dd,oe:player:3f87e25690ea3bdeb998259fb45445c,oe:player:75614c3fca429c06226ca2518abb73a,Engo,Avi,-0.99653779
NA1/3484350558,2020-07-06,2020,Unknown,10.13,oe:team:955d9ba35580bdcc7bed3f11736b0f7,Radiance,lineup-6ee7665bdc3b33d7,0,pair-d0a9c1dccd0f0b50,oe:player:3f87e25690ea3bdeb998259fb45445c,oe:player:aa7b13aaac8ab04283ce9626c6399d0,Engo,Young,-0.25624572
NA1/3484350558,2020-07-06,2020,Unknown,10.13,oe:team:955d9ba35580bdcc7bed3f11736b0f7,Radiance,lineup-6ee7665bdc3b33d7,0,pair-19c130abeb08e7d8,oe:player:3f87e25690ea3bdeb998259fb45445c,oe:player:f38b290539da4d4463b98ec1a3d2194,Engo,AndyBendy,-0.89882024
NA1/3484350558,2020-07-06,2020,Unknown,10.13,oe:team:955d9ba35580bdcc7bed3f11736b0f7,Radiance,lineup-6ee7665bdc3b33d7,0,pair-2b600efa94d21c81,oe:player:580f08754dbf1bc64145f212ed0170b,oe:player:75614c3fca429c06226ca2518abb73a,Cao,Avi,-0.64407014
NA1/3484350558,2020-07-06,2020,Unknown,10.13,oe:team:955d9ba35580bdcc7bed3f11736b0f7,Radiance,lineup-6ee7665bdc3b33d7,0,pair-678c078694bbc44c,oe:player:580f08754dbf1bc64145f212ed0170b,oe:player:aa7b13aaac8ab04283ce9626c6399d0,Cao,Young,0.09622193
NA1/3484350558,2020-07-06,2020,Unknown,10.13,oe:team:955d9ba35580bdcc7bed3f11736b0f7,Radiance,lineup-6ee7665bdc3b33d7,0,pair-a78cba1f897e4510,oe:player:580f08754dbf1bc64145f212ed0170b,oe:player:f38b290539da4d4463b98ec1a3d2194,Cao,AndyBendy,-0.54635259
NA1/3484350558,2020-07-06,2020,Unknown,10.13,oe:team:955d9ba35580bdcc7bed3f11736b0f7,Radiance,lineup-6ee7665bdc3b33d7,0,pair-768b1c9dc14b04bc,oe:player:75614c3fca429c06226ca2518abb73a,oe:player:aa7b13aaac8ab04283ce9626c6399d0,Avi,Young,-0.53827578
NA1/3484350558,2020-07-06,2020,Unknown,10.13,oe:team:955d9ba35580bdcc7bed3f11736b0f7,Radiance,lineup-6ee7665bdc3b33d7,0,pair-a8a71dc159a65805,oe:player:75614c3fca429c06226ca2518abb73a,oe:player:f38b290539da4d4463b98ec1a3d2194,Avi,AndyBendy,-1.18085029
NA1/3484350558,2020-07-06,2020,Unknown,10.13,oe:team:955d9ba35580bdcc7bed3f11736b0f7,Radiance,lineup-6ee7665bdc3b33d7,0,pair-7498026bdb707d97,oe:player:aa7b13aaac8ab04283ce9626c6399d0,oe:player:f38b290539da4d4463b98ec1a3d2194,Young,AndyBendy,-0.44055823
NA1/3484350558,2020-07-06,2020,Unknown,10.13,oe:team:cb88ee3c195b2c7056830437a1f1565,Mirage Sport Électronique,lineup-5f46512bef7bc500,1,pair-f927a6d77928513b,oe:player:046795fa30debe19eafd497dba544e3,oe:player:1c275bedd474301abb6a402792d0731,Instinct,RobbyBob,-0.76864993
NA1/3484350558,2020-07-06,2020,Unknown,10.13,oe:team:cb88ee3c195b2c7056830437a1f1565,Mirage Sport Électronique,lineup-5f46512bef7bc500,1,pair-ed5613c55cc0261c,oe:player:046795fa30debe19eafd497dba544e3,oe:player:89a68bddd0541e0f26fc044c711eb92,Instinct,Tony Top,-0.30617963
NA1/3484350558,2020-07-06,2020,Unknown,10.13,oe:team:cb88ee3c195b2c7056830437a1f1565,Mirage Sport Électronique,lineup-5f46512bef7bc500,1,pair-6bf3a15db52ed1d6,oe:player:046795fa30debe19eafd497dba544e3,oe:player:c9fe742896cf95349db15b35ec262e1,Instinct,Mist,-0.84576953
NA1/3484350558,2020-07-06,2020,Unknown,10.13,oe:team:cb88ee3c195b2c7056830437a1f1565,Mirage Sport Électronique,lineup-5f46512bef7bc500,1,pair-b9b0d935286b0bb9,oe:player:046795fa30debe19eafd497dba544e3,oe:player:dfabf6008e5be18683d654b25534d03,Instinct,Hyami,-0.43545188
NA1/3484350558,2020-07-06,2020,Unknown,10.13,oe:team:cb88ee3c195b2c7056830437a1f1565,Mirage Sport Électronique,lineup-5f46512bef7bc500,1,pair-83ecace85deec332,oe:player:1c275bedd474301abb6a402792d0731,oe:player:89a68bddd0541e0f26fc044c711eb92,RobbyBob,Tony Top,0.07050573
NA1/3484350558,2020-07-06,2020,Unknown,10.13,oe:team:cb88ee3c195b2c7056830437a1f1565,Mirage Sport Électronique,lineup-5f46512bef7bc500,1,pair-f48f15d0139d970a,oe:player:1c275bedd474301abb6a402792d0731,oe:player:c9fe742896cf95349db15b35ec262e1,RobbyBob,Mist,-0.46908417
NA1/3484350558,2020-07-06,2020,Unknown,10.13,oe:team:cb88ee3c195b2c7056830437a1f1565,Mirage Sport Électronique,lineup-5f46512bef7bc500,1,pair-c2d651e0a7891b1b,oe:player:1c275bedd474301abb6a402792d0731,oe:player:dfabf6008e5be18683d654b25534d03,RobbyBob,Hyami,-0.05876653
NA1/3484350558,2020-07-06,2020,Unknown,10.13,oe:team:cb88ee3c195b2c7056830437a1f1565,Mirage Sport Électronique,lineup-5f46512bef7bc500,1,pair-40098d9017dd9c11,oe:player:89a68bddd0541e0f26fc044c711eb92,oe:player:c9fe742896cf95349db15b35ec262e1,Tony Top,Mist,-0.00661387
NA1/3484350558,2020-07-06,2020,Unknown,10.13,oe:team:cb88ee3c195b2c7056830437a1f1565,Mirage Sport Électronique,lineup-5f46512bef7bc500,1,pair-8eebfe70317de9fe,oe:player:89a68bddd0541e0f26fc044c711eb92,oe:player:dfabf6008e5be18683d654b25534d03,Tony Top,Hyami,0.40370378
NA1/3484350558,2020-07-06,2020,Unknown,10.13,oe:team:cb88ee3c195b2c7056830437a1f1565,Mirage Sport Électronique,lineup-5f46512bef7bc500,1,pair-771784b4cd34b3bd,oe:player:c9fe742896cf95349db15b35ec262e1,oe:player:dfabf6008e5be18683d654b25534d03,Mist,Hyami,-0.13588612
NA1/3571639131,2020-09-13,2020,Unknown,10.18,oe:team:4c87a422072b2c1e754299a17ea36ce,Grand View University,lineup-ffd3f495e4fba5ce,0,pair-6ec756ca3ea33462,oe:player:0efcbda713dd493e977b0741f41f87c,oe:player:98cba6472d95ae606a9ae863cfa5023,Koskinen,P1atypus,-1.54715981
NA1/3571639131,2020-09-13,2020,Unknown,10.18,oe:team:4c87a422072b2c1e754299a17ea36ce,Grand View University,lineup-ffd3f495e4fba5ce,0,pair-56d8fe79eca48216,oe:player:0efcbda713dd493e977b0741f41f87c,oe:player:d778769103b62e1222414cd182c4e25,Koskinen,Chookies,-0.76829200
NA1/3571639131,2020-09-13,2020,Unknown,10.18,oe:team:4c87a422072b2c1e754299a17ea36ce,Grand View University,lineup-ffd3f495e4fba5ce,0,pair-0b6b6256fde17fd6,oe:player:0efcbda713dd493e977b0741f41f87c,oe:player:e57ef5f8ab42a0364a11b50f2a86b81,Koskinen,ShorterACE,-0.93270281
NA1/3571639131,2020-09-13,2020,Unknown,10.18,oe:team:4c87a422072b2c1e754299a17ea36ce,Grand View University,lineup-ffd3f495e4fba5ce,0,pair-92be50f52de2264f,oe:player:0efcbda713dd493e977b0741f41f87c,oe:player:fba26591b2a75a8e370c2d51bc9eb90,Koskinen,Azog,-1.08160845
NA1/3571639131,2020-09-13,2020,Unknown,10.18,oe:team:4c87a422072b2c1e754299a17ea36ce,Grand View University,lineup-ffd3f495e4fba5ce,0,pair-559ca1ca127ad6fb,oe:player:98cba6472d95ae606a9ae863cfa5023,oe:player:d778769103b62e1222414cd182c4e25,P1atypus,Chookies,-0.93661172
NA1/3571639131,2020-09-13,2020,Unknown,10.18,oe:team:4c87a422072b2c1e754299a17ea36ce,Grand View University,lineup-ffd3f495e4fba5ce,0,pair-729d7216755bc50c,oe:player:98cba6472d95ae606a9ae863cfa5023,oe:player:e57ef5f8ab42a0364a11b50f2a86b81,P1atypus,ShorterACE,-1.10102254
NA1/3571639131,2020-09-13,2020,Unknown,10.18,oe:team:4c87a422072b2c1e754299a17ea36ce,Grand View University,lineup-ffd3f495e4fba5ce,0,pair-fba6902cc33ac3a4,oe:player:98cba6472d95ae606a9ae863cfa5023,oe:player:fba26591b2a75a8e370c2d51bc9eb90,P1atypus,Azog,-1.24992818
NA1/3571639131,2020-09-13,2020,Unknown,10.18,oe:team:4c87a422072b2c1e754299a17ea36ce,Grand View University,lineup-ffd3f495e4fba5ce,0,pair-711133f6e62b011f,oe:player:d778769103b62e1222414cd182c4e25,oe:player:e57ef5f8ab42a0364a11b50f2a86b81,Chookies,ShorterACE,-0.32215473
NA1/3571639131,2020-09-13,2020,Unknown,10.18,oe:team:4c87a422072b2c1e754299a17ea36ce,Grand View University,lineup-ffd3f495e4fba5ce,0,pair-1437f800b6946e6e,oe:player:d778769103b62e1222414cd182c4e25,oe:player:fba26591b2a75a8e370c2d51bc9eb90,Chookies,Azog,-0.47106037
NA1/3571639131,2020-09-13,2020,Unknown,10.18,oe:team:4c87a422072b2c1e754299a17ea36ce,Grand View University,lineup-ffd3f495e4fba5ce,0,pair-5971b4171c704d8d,oe:player:e57ef5f8ab42a0364a11b50f2a86b81,oe:player:fba26591b2a75a8e370c2d51bc9eb90,ShorterACE,Azog,-0.63547118
NA1/3571639131,2020-09-13,2020,Unknown,10.18,oe:team:bfd1bba6235971993e82d51e679a34a,Zenith Esports,lineup-fe132b6f7f62fe09,1,pair-7e7e09f613033d58,oe:player:6f10a2717479aea87d996e2989d4dd5,oe:player:b1608dc23a218a150a431be676f3fe4,Aspect,RoseThorn,0.12888827
NA1/3571639131,2020-09-13,2020,Unknown,10.18,oe:team:bfd1bba6235971993e82d51e679a34a,Zenith Esports,lineup-fe132b6f7f62fe09,1,pair-a849eb41cc7bf45a,oe:player:6f10a2717479aea87d996e2989d4dd5,oe:player:b290ece1cdd4fca4794af2d5cf86ef7,Aspect,Gible,-0.43066637
NA1/3571639131,2020-09-13,2020,Unknown,10.18,oe:team:bfd1bba6235971993e82d51e679a34a,Zenith Esports,lineup-fe132b6f7f62fe09,1,pair-cd8afdc259a850f0,oe:player:6f10a2717479aea87d996e2989d4dd5,oe:player:b57dad2e02488237bab9f06f7bb9f54,Aspect,Danny,-0.82837544
NA1/3571639131,2020-09-13,2020,Unknown,10.18,oe:team:bfd1bba6235971993e82d51e679a34a,Zenith Esports,lineup-fe132b6f7f62fe09,1,pair-50f92487c4a9576a,oe:player:6f10a2717479aea87d996e2989d4dd5,oe:player:c9fe742896cf95349db15b35ec262e1,Aspect,Mist,-1.11386005
NA1/3571639131,2020-09-13,2020,Unknown,10.18,oe:team:bfd1bba6235971993e82d51e679a34a,Zenith Esports,lineup-fe132b6f7f62fe09,1,pair-b298b9545fdb8298,oe:player:b1608dc23a218a150a431be676f3fe4,oe:player:b290ece1cdd4fca4794af2d5cf86ef7,RoseThorn,Gible,0.26910953
NA1/3571639131,2020-09-13,2020,Unknown,10.18,oe:team:bfd1bba6235971993e82d51e679a34a,Zenith Esports,lineup-fe132b6f7f62fe09,1,pair-afcd103e47ea3e41,oe:player:b1608dc23a218a150a431be676f3fe4,oe:player:b57dad2e02488237bab9f06f7bb9f54,RoseThorn,Danny,-0.12859954
NA1/3571639131,2020-09-13,2020,Unknown,10.18,oe:team:bfd1bba6235971993e82d51e679a34a,Zenith Esports,lineup-fe132b6f7f62fe09,1,pair-0806d31bfc7478de,oe:player:b1608dc23a218a150a431be676f3fe4,oe:player:c9fe742896cf95349db15b35ec262e1,RoseThorn,Mist,-0.41408415
NA1/3571639131,2020-09-13,2020,Unknown,10.18,oe:team:bfd1bba6235971993e82d51e679a34a,Zenith Esports,lineup-fe132b6f7f62fe09,1,pair-6f4f6f2eb880eb26,oe:player:b290ece1cdd4fca4794af2d5cf86ef7,oe:player:b57dad2e02488237bab9f06f7bb9f54,Gible,Danny,-0.68815418
NA1/3571639131,2020-09-13,2020,Unknown,10.18,oe:team:bfd1bba6235971993e82d51e679a34a,Zenith Esports,lineup-fe132b6f7f62fe09,1,pair-654962643c4fb097,oe:player:b290ece1cdd4fca4794af2d5cf86ef7,oe:player:c9fe742896cf95349db15b35ec262e1,Gible,Mist,-0.97363878
NA1/3571639131,2020-09-13,2020,Unknown,10.18,oe:team:bfd1bba6235971993e82d51e679a34a,Zenith Esports,lineup-fe132b6f7f62fe09,1,pair-d4c138a32bc8ffb5,oe:player:b57dad2e02488237bab9f06f7bb9f54,oe:player:c9fe742896cf95349db15b35ec262e1,Danny,Mist,-1.37134785
NA1/3571669421,2020-09-14,2020,Unknown,10.18,oe:team:33882d595cdafd472dc1ded1b7ee10b,TBA,lineup-28cf79f3c34ef815,1,pair-ed4ded690ac3a94f,oe:player:506d63191c3a0485207a97d1303614e,oe:player:aa7b13aaac8ab04283ce9626c6399d0,SeanTheGod,Young,-0.20464863
NA1/3571669421,2020-09-14,2020,Unknown,10.18,oe:team:33882d595cdafd472dc1ded1b7ee10b,TBA,lineup-28cf79f3c34ef815,1,pair-4de3540a20676e9a,oe:player:506d63191c3a0485207a97d1303614e,oe:player:ae77aa7bcc848db57b978d7031cdcc6,SeanTheGod,James Bae,0.11227393
NA1/3571669421,2020-09-14,2020,Unknown,10.18,oe:team:33882d595cdafd472dc1ded1b7ee10b,TBA,lineup-28cf79f3c34ef815,1,pair-470c92563f4e67ce,oe:player:506d63191c3a0485207a97d1303614e,oe:player:f04a502d38a0c3b35e53ecef740cf37,SeanTheGod,Eclipse,1.45210048
NA1/3571669421,2020-09-14,2020,Unknown,10.18,oe:team:33882d595cdafd472dc1ded1b7ee10b,TBA,lineup-28cf79f3c34ef815,1,pair-609612fa1ee939e1,oe:player:506d63191c3a0485207a97d1303614e,oe:player:f23104490edcad2a6de0133e1784290,SeanTheGod,SiddyWiddy,0.79007043
NA1/3571669421,2020-09-14,2020,Unknown,10.18,oe:team:33882d595cdafd472dc1ded1b7ee10b,TBA,lineup-28cf79f3c34ef815,1,pair-b3c2c0ddb373a44a,oe:player:aa7b13aaac8ab04283ce9626c6399d0,oe:player:ae77aa7bcc848db57b978d7031cdcc6,Young,James Bae,-0.34984245
NA1/3571669421,2020-09-14,2020,Unknown,10.18,oe:team:33882d595cdafd472dc1ded1b7ee10b,TBA,lineup-28cf79f3c34ef815,1,pair-825b111a063dc8ff,oe:player:aa7b13aaac8ab04283ce9626c6399d0,oe:player:f04a502d38a0c3b35e53ecef740cf37,Young,Eclipse,0.98998409
NA1/3571669421,2020-09-14,2020,Unknown,10.18,oe:team:33882d595cdafd472dc1ded1b7ee10b,TBA,lineup-28cf79f3c34ef815,1,pair-d6c061256b6d9ef8,oe:player:aa7b13aaac8ab04283ce9626c6399d0,oe:player:f23104490edcad2a6de0133e1784290,Young,SiddyWiddy,0.32795404
NA1/3571669421,2020-09-14,2020,Unknown,10.18,oe:team:33882d595cdafd472dc1ded1b7ee10b,TBA,lineup-28cf79f3c34ef815,1,pair-b604ea2f06f26246,oe:player:ae77aa7bcc848db57b978d7031cdcc6,oe:player:f04a502d38a0c3b35e53ecef740cf37,James Bae,Eclipse,1.30690666
NA1/3571669421,2020-09-14,2020,Unknown,10.18,oe:team:33882d595cdafd472dc1ded1b7ee10b,TBA,lineup-28cf79f3c34ef815,1,pair-cf0641547ad3cc3d,oe:player:ae77aa7bcc848db57b978d7031cdcc6,oe:player:f23104490edcad2a6de0133e1784290,James Bae,SiddyWiddy,0.64487660
NA1/3571669421,2020-09-14,2020,Unknown,10.18,oe:team:33882d595cdafd472dc1ded1b7ee10b,TBA,lineup-28cf79f3c34ef815,1,pair-c43338f7b3c1d503,oe:player:f04a502d38a0c3b35e53ecef740cf37,oe:player:f23104490edcad2a6de0133e1784290,Eclipse,SiddyWiddy,1.98470315
NA1/3571669421,2020-09-14,2020,Unknown,10.18,oe:team:b99696624afa81613e7c305f10c6b05,Illinois State University,lineup-2c75145e2ab515e3,0,pair-e6b7b20224ab8237,oe:player:4f6099e648bf78004394fdbb56140ee,oe:player:5e0308bd1c4172cd22f7bedcb1119ba,DrewDozer,datdat1,-0.26896001
NA1/3571669421,2020-09-14,2020,Unknown,10.18,oe:team:b99696624afa81613e7c305f10c6b05,Illinois State University,lineup-2c75145e2ab515e3,0,pair-cf414b2cd1b3b693,oe:player:4f6099e648bf78004394fdbb56140ee,oe:player:684880c286f599e706af1f009dd9ae4,DrewDozer,GFP,0.26839827
NA1/3571669421,2020-09-14,2020,Unknown,10.18,oe:team:b99696624afa81613e7c305f10c6b05,Illinois State University,lineup-2c75145e2ab515e3,0,pair-7b3710b3c73c4b2d,oe:player:4f6099e648bf78004394fdbb56140ee,oe:player:69e8187a8af4c2ca3b95e6027ecfc9b,DrewDozer,Yen,0.71971656
NA1/3571669421,2020-09-14,2020,Unknown,10.18,oe:team:b99696624afa81613e7c305f10c6b05,Illinois State University,lineup-2c75145e2ab515e3,0,pair-4d935280824c6804,oe:player:4f6099e648bf78004394fdbb56140ee,oe:player:aa3fd3870a04b4f9da9f7e49737f52a,DrewDozer,Tempos,0.03982465
NA1/3571669421,2020-09-14,2020,Unknown,10.18,oe:team:b99696624afa81613e7c305f10c6b05,Illinois State University,lineup-2c75145e2ab515e3,0,pair-16df56740273fba6,oe:player:5e0308bd1c4172cd22f7bedcb1119ba,oe:player:684880c286f599e706af1f009dd9ae4,datdat1,GFP,-0.41849389
NA1/3571669421,2020-09-14,2020,Unknown,10.18,oe:team:b99696624afa81613e7c305f10c6b05,Illinois State University,lineup-2c75145e2ab515e3,0,pair-c28da33ad0db5076,oe:player:5e0308bd1c4172cd22f7bedcb1119ba,oe:player:69e8187a8af4c2ca3b95e6027ecfc9b,datdat1,Yen,0.03282440
NA1/3571669421,2020-09-14,2020,Unknown,10.18,oe:team:b99696624afa81613e7c305f10c6b05,Illinois State University,lineup-2c75145e2ab515e3,0,pair-59f0ab20a6349fa2,oe:player:5e0308bd1c4172cd22f7bedcb1119ba,oe:player:aa3fd3870a04b4f9da9f7e49737f52a,datdat1,Tempos,-0.64706752
NA1/3571669421,2020-09-14,2020,Unknown,10.18,oe:team:b99696624afa81613e7c305f10c6b05,Illinois State University,lineup-2c75145e2ab515e3,0,pair-9d2fcd4fc52e8672,oe:player:684880c286f599e706af1f009dd9ae4,oe:player:69e8187a8af4c2ca3b95e6027ecfc9b,GFP,Yen,0.57018268
NA1/3571669421,2020-09-14,2020,Unknown,10.18,oe:team:b99696624afa81613e7c305f10c6b05,Illinois State University,lineup-2c75145e2ab515e3,0,pair-9c35944c3a43fb03,oe:player:684880c286f599e706af1f009dd9ae4,oe:player:aa3fd3870a04b4f9da9f7e49737f52a,GFP,Tempos,-0.10970923
NA1/3571669421,2020-09-14,2020,Unknown,10.18,oe:team:b99696624afa81613e7c305f10c6b05,Illinois State University,lineup-2c75145e2ab515e3,0,pair-cbca667032bf0894,oe:player:69e8187a8af4c2ca3b95e6027ecfc9b,oe:player:aa3fd3870a04b4f9da9f7e49737f52a,Yen,Tempos,0.34160906
NA1/3571769265,2020-09-14,2020,Unknown,10.18,oe:team:4c87a422072b2c1e754299a17ea36ce,Grand View University,lineup-ffd3f495e4fba5ce,1,pair-6ec756ca3ea33462,oe:player:0efcbda713dd493e977b0741f41f87c,oe:player:98cba6472d95ae606a9ae863cfa5023,Koskinen,P1atypus,-0.55816188
NA1/3571769265,2020-09-14,2020,Unknown,10.18,oe:team:4c87a422072b2c1e754299a17ea36ce,Grand View University,lineup-ffd3f495e4fba5ce,1,pair-56d8fe79eca48216,oe:player:0efcbda713dd493e977b0741f41f87c,oe:player:d778769103b62e1222414cd182c4e25,Koskinen,Chookies,0.12048694
NA1/3571769265,2020-09-14,2020,Unknown,10.18,oe:team:4c87a422072b2c1e754299a17ea36ce,Grand View University,lineup-ffd3f495e4fba5ce,1,pair-0b6b6256fde17fd6,oe:player:0efcbda713dd493e977b0741f41f87c,oe:player:e57ef5f8ab42a0364a11b50f2a86b81,Koskinen,ShorterACE,-0.65127986
NA1/3571769265,2020-09-14,2020,Unknown,10.18,oe:team:4c87a422072b2c1e754299a17ea36ce,Grand View University,lineup-ffd3f495e4fba5ce,1,pair-92be50f52de2264f,oe:player:0efcbda713dd493e977b0741f41f87c,oe:player:fba26591b2a75a8e370c2d51bc9eb90,Koskinen,Azog,-0.47293152
NA1/3571769265,2020-09-14,2020,Unknown,10.18,oe:team:4c87a422072b2c1e754299a17ea36ce,Grand View University,lineup-ffd3f495e4fba5ce,1,pair-559ca1ca127ad6fb,oe:player:98cba6472d95ae606a9ae863cfa5023,oe:player:d778769103b62e1222414cd182c4e25,P1atypus,Chookies,0.61619096
NA1/3571769265,2020-09-14,2020,Unknown,10.18,oe:team:4c87a422072b2c1e754299a17ea36ce,Grand View University,lineup-ffd3f495e4fba5ce,1,pair-729d7216755bc50c,oe:player:98cba6472d95ae606a9ae863cfa5023,oe:player:e57ef5f8ab42a0364a11b50f2a86b81,P1atypus,ShorterACE,-0.15557583
NA1/3571769265,2020-09-14,2020,Unknown,10.18,oe:team:4c87a422072b2c1e754299a17ea36ce,Grand View University,lineup-ffd3f495e4fba5ce,1,pair-fba6902cc33ac3a4,oe:player:98cba6472d95ae606a9ae863cfa5023,oe:player:fba26591b2a75a8e370c2d51bc9eb90,P1atypus,Azog,0.02277250
NA1/3571769265,2020-09-14,2020,Unknown,10.18,oe:team:4c87a422072b2c1e754299a17ea36ce,Grand View University,lineup-ffd3f495e4fba5ce,1,pair-711133f6e62b011f,oe:player:d778769103b62e1222414cd182c4e25,oe:player:e57ef5f8ab42a0364a11b50f2a86b81,Chookies,ShorterACE,0.52307298
NA1/3571769265,2020-09-14,2020,Unknown,10.18,oe:team:4c87a422072b2c1e754299a17ea36ce,Grand View University,lineup-ffd3f495e4fba5ce,1,pair-1437f800b6946e6e,oe:player:d778769103b62e1222414cd182c4e25,oe:player:fba26591b2a75a8e370c2d51bc9eb90,Chookies,Azog,0.70142132
NA1/3571769265,2020-09-14,2020,Unknown,10.18,oe:team:4c87a422072b2c1e754299a17ea36ce,Grand View University,lineup-ffd3f495e4fba5ce,1,pair-5971b4171c704d8d,oe:player:e57ef5f8ab42a0364a11b50f2a86b81,oe:player:fba26591b2a75a8e370c2d51bc9eb90,ShorterACE,Azog,-0.07034548
NA1/3571769265,2020-09-14,2020,Unknown,10.18,oe:team:bfd1bba6235971993e82d51e679a34a,Zenith Esports,lineup-fe132b6f7f62fe09,0,pair-7e7e09f613033d58,oe:player:6f10a2717479aea87d996e2989d4dd5,oe:player:b1608dc23a218a150a431be676f3fe4,Aspect,RoseThorn,-0.39610291
NA1/3571769265,2020-09-14,2020,Unknown,10.18,oe:team:bfd1bba6235971993e82d51e679a34a,Zenith Esports,lineup-fe132b6f7f62fe09,0,pair-a849eb41cc7bf45a,oe:player:6f10a2717479aea87d996e2989d4dd5,oe:player:b290ece1cdd4fca4794af2d5cf86ef7,Aspect,Gible,-0.27968690
NA1/3571769265,2020-09-14,2020,Unknown,10.18,oe:team:bfd1bba6235971993e82d51e679a34a,Zenith Esports,lineup-fe132b6f7f62fe09,0,pair-cd8afdc259a850f0,oe:player:6f10a2717479aea87d996e2989d4dd5,oe:player:b57dad2e02488237bab9f06f7bb9f54,Aspect,Danny,0.02254973
NA1/3571769265,2020-09-14,2020,Unknown,10.18,oe:team:bfd1bba6235971993e82d51e679a34a,Zenith Esports,lineup-fe132b6f7f62fe09,0,pair-50f92487c4a9576a,oe:player:6f10a2717479aea87d996e2989d4dd5,oe:player:c9fe742896cf95349db15b35ec262e1,Aspect,Mist,-0.55457497
NA1/3571769265,2020-09-14,2020,Unknown,10.18,oe:team:bfd1bba6235971993e82d51e679a34a,Zenith Esports,lineup-fe132b6f7f62fe09,0,pair-b298b9545fdb8298,oe:player:b1608dc23a218a150a431be676f3fe4,oe:player:b290ece1cdd4fca4794af2d5cf86ef7,RoseThorn,Gible,-0.97887435
NA1/3571769265,2020-09-14,2020,Unknown,10.18,oe:team:bfd1bba6235971993e82d51e679a34a,Zenith Esports,lineup-fe132b6f7f62fe09,0,pair-afcd103e47ea3e41,oe:player:b1608dc23a218a150a431be676f3fe4,oe:player:b57dad2e02488237bab9f06f7bb9f54,RoseThorn,Danny,-0.67663771
NA1/3571769265,2020-09-14,2020,Unknown,10.18,oe:team:bfd1bba6235971993e82d51e679a34a,Zenith Esports,lineup-fe132b6f7f62fe09,0,pair-0806d31bfc7478de,oe:player:b1608dc23a218a150a431be676f3fe4,oe:player:c9fe742896cf95349db15b35ec262e1,RoseThorn,Mist,-1.25376241
NA1/3571769265,2020-09-14,2020,Unknown,10.18,oe:team:bfd1bba6235971993e82d51e679a34a,Zenith Esports,lineup-fe132b6f7f62fe09,0,pair-6f4f6f2eb880eb26,oe:player:b290ece1cdd4fca4794af2d5cf86ef7,oe:player:b57dad2e02488237bab9f06f7bb9f54,Gible,Danny,-0.56022170
NA1/3571769265,2020-09-14,2020,Unknown,10.18,oe:team:bfd1bba6235971993e82d51e679a34a,Zenith Esports,lineup-fe132b6f7f62fe09,0,pair-654962643c4fb097,oe:player:b290ece1cdd4fca4794af2d5cf86ef7,oe:player:c9fe742896cf95349db15b35ec262e1,Gible,Mist,-1.13734641
NA1/3571769265,2020-09-14,2020,Unknown,10.18,oe:team:bfd1bba6235971993e82d51e679a34a,Zenith Esports,lineup-fe132b6f7f62fe09,0,pair-d4c138a32bc8ffb5,oe:player:b57dad2e02488237bab9f06f7bb9f54,oe:player:c9fe742896cf95349db15b35ec262e1,Danny,Mist,-0.83510977
NA1/3571769653,2020-09-14,2020,Unknown,10.18,oe:team:4c87a422072b2c1e754299a17ea36ce,Grand View University,lineup-ffd3f495e4fba5ce,0,pair-6ec756ca3ea33462,oe:player:0efcbda713dd493e977b0741f41f87c,oe:player:98cba6472d95ae606a9ae863cfa5023,Koskinen,P1atypus,-1.01956518
NA1/3571769653,2020-09-14,2020,Unknown,10.18,oe:team:4c87a422072b2c1e754299a17ea36ce,Grand View University,lineup-ffd3f495e4fba5ce,0,pair-56d8fe79eca48216,oe:player:0efcbda713dd493e977b0741f41f87c,oe:player:d778769103b62e1222414cd182c4e25,Koskinen,Chookies,-0.64700478
NA1/3571769653,2020-09-14,2020,Unknown,10.18,oe:team:4c87a422072b2c1e754299a17ea36ce,Grand View University,lineup-ffd3f495e4fba5ce,0,pair-0b6b6256fde17fd6,oe:player:0efcbda713dd493e977b0741f41f87c,oe:player:e57ef5f8ab42a0364a11b50f2a86b81,Koskinen,ShorterACE,-1.12678412
NA1/3571769653,2020-09-14,2020,Unknown,10.18,oe:team:4c87a422072b2c1e754299a17ea36ce,Grand View University,lineup-ffd3f495e4fba5ce,0,pair-92be50f52de2264f,oe:player:0efcbda713dd493e977b0741f41f87c,oe:player:fba26591b2a75a8e370c2d51bc9eb90,Koskinen,Azog,-0.69884294
NA1/3571769653,2020-09-14,2020,Unknown,10.18,oe:team:4c87a422072b2c1e754299a17ea36ce,Grand View University,lineup-ffd3f495e4fba5ce,0,pair-559ca1ca127ad6fb,oe:player:98cba6472d95ae606a9ae863cfa5023,oe:player:d778769103b62e1222414cd182c4e25,P1atypus,Chookies,-0.17363434
NA1/3571769653,2020-09-14,2020,Unknown,10.18,oe:team:4c87a422072b2c1e754299a17ea36ce,Grand View University,lineup-ffd3f495e4fba5ce,0,pair-729d7216755bc50c,oe:player:98cba6472d95ae606a9ae863cfa5023,oe:player:e57ef5f8ab42a0364a11b50f2a86b81,P1atypus,ShorterACE,-0.65341369
NA1/3571769653,2020-09-14,2020,Unknown,10.18,oe:team:4c87a422072b2c1e754299a17ea36ce,Grand View University,lineup-ffd3f495e4fba5ce,0,pair-fba6902cc33ac3a4,oe:player:98cba6472d95ae606a9ae863cfa5023,oe:player:fba26591b2a75a8e370c2d51bc9eb90,P1atypus,Azog,-0.22547251
NA1/3571769653,2020-09-14,2020,Unknown,10.18,oe:team:4c87a422072b2c1e754299a17ea36ce,Grand View University,lineup-ffd3f495e4fba5ce,0,pair-711133f6e62b011f,oe:player:d778769103b62e1222414cd182c4e25,oe:player:e57ef5f8ab42a0364a11b50f2a86b81,Chookies,ShorterACE,-0.28085328
NA1/3571769653,2020-09-14,2020,Unknown,10.18,oe:team:4c87a422072b2c1e754299a17ea36ce,Grand View University,lineup-ffd3f495e4fba5ce,0,pair-1437f800b6946e6e,oe:player:d778769103b62e1222414cd182c4e25,oe:player:fba26591b2a75a8e370c2d51bc9eb90,Chookies,Azog,0.14708790
NA1/3571769653,2020-09-14,2020,Unknown,10.18,oe:team:4c87a422072b2c1e754299a17ea36ce,Grand View University,lineup-ffd3f495e4fba5ce,0,pair-5971b4171c704d8d,oe:player:e57ef5f8ab42a0364a11b50f2a86b81,oe:player:fba26591b2a75a8e370c2d51bc9eb90,ShorterACE,Azog,-0.33269145
NA1/3571769653,2020-09-14,2020,Unknown,10.18,oe:team:bfd1bba6235971993e82d51e679a34a,Zenith Esports,lineup-fe132b6f7f62fe09,1,pair-7e7e09f613033d58,oe:player:6f10a2717479aea87d996e2989d4dd5,oe:player:b1608dc23a218a150a431be676f3fe4,Aspect,RoseThorn,-0.38624701
NA1/3571769653,2020-09-14,2020,Unknown,10.18,oe:team:bfd1bba6235971993e82d51e679a34a,Zenith Esports,lineup-fe132b6f7f62fe09,1,pair-a849eb41cc7bf45a,oe:player:6f10a2717479aea87d996e2989d4dd5,oe:player:b290ece1cdd4fca4794af2d5cf86ef7,Aspect,Gible,-0.02432066
NA1/3571769653,2020-09-14,2020,Unknown,10.18,oe:team:bfd1bba6235971993e82d51e679a34a,Zenith Esports,lineup-fe132b6f7f62fe09,1,pair-cd8afdc259a850f0,oe:player:6f10a2717479aea87d996e2989d4dd5,oe:player:b57dad2e02488237bab9f06f7bb9f54,Aspect,Danny,-0.58582388
NA1/3571769653,2020-09-14,2020,Unknown,10.18,oe:team:bfd1bba6235971993e82d51e679a34a,Zenith Esports,lineup-fe132b6f7f62fe09,1,pair-50f92487c4a9576a,oe:player:6f10a2717479aea87d996e2989d4dd5,oe:player:c9fe742896cf95349db15b35ec262e1,Aspect,Mist,-0.71376724
NA1/3571769653,2020-09-14,2020,Unknown,10.18,oe:team:bfd1bba6235971993e82d51e679a34a,Zenith Esports,lineup-fe132b6f7f62fe09,1,pair-b298b9545fdb8298,oe:player:b1608dc23a218a150a431be676f3fe4,oe:player:b290ece1cdd4fca4794af2d5cf86ef7,RoseThorn,Gible,-0.68825804
NA1/3571769653,2020-09-14,2020,Unknown,10.18,oe:team:bfd1bba6235971993e82d51e679a34a,Zenith Esports,lineup-fe132b6f7f62fe09,1,pair-afcd103e47ea3e41,oe:player:b1608dc23a218a150a431be676f3fe4,oe:player:b57dad2e02488237bab9f06f7bb9f54,RoseThorn,Danny,-1.24976126
NA1/3571769653,2020-09-14,2020,Unknown,10.18,oe:team:bfd1bba6235971993e82d51e679a34a,Zenith Esports,lineup-fe132b6f7f62fe09,1,pair-0806d31bfc7478de,oe:player:b1608dc23a218a150a431be676f3fe4,oe:player:c9fe742896cf95349db15b35ec262e1,RoseThorn,Mist,-1.37770462
NA1/3571769653,2020-09-14,2020,Unknown,10.18,oe:team:bfd1bba6235971993e82d51e679a34a,Zenith Esports,lineup-fe132b6f7f62fe09,1,pair-6f4f6f2eb880eb26,oe:player:b290ece1cdd4fca4794af2d5cf86ef7,oe:player:b57dad2e02488237bab9f06f7bb9f54,Gible,Danny,-0.88783491
NA1/3571769653,2020-09-14,2020,Unknown,10.18,oe:team:bfd1bba6235971993e82d51e679a34a,Zenith Esports,lineup-fe132b6f7f62fe09,1,pair-654962643c4fb097,oe:player:b290ece1cdd4fca4794af2d5cf86ef7,oe:player:c9fe742896cf95349db15b35ec262e1,Gible,Mist,-1.01577827
NA1/3571769653,2020-09-14,2020,Unknown,10.18,oe:team:bfd1bba6235971993e82d51e679a34a,Zenith Esports,lineup-fe132b6f7f62fe09,1,pair-d4c138a32bc8ffb5,oe:player:b57dad2e02488237bab9f06f7bb9f54,oe:player:c9fe742896cf95349db15b35ec262e1,Danny,Mist,-1.57728149
NA1/3571779250,2020-09-13,2020,Unknown,10.18,oe:team:01a3132448697cecc30364f52173670,Team Fish Taco,lineup-68b5f927b44256ba,1,pair-ec487c66384c64ac,oe:player:1b7d720f9421df848050c33fbec3700,oe:player:2f8d775625d7bc8069ae313c9b2efbe,Qwacker,Gbunny,-0.09869235
NA1/3571779250,2020-09-13,2020,Unknown,10.18,oe:team:01a3132448697cecc30364f52173670,Team Fish Taco,lineup-68b5f927b44256ba,1,pair-c014d90a418b7f0c,oe:player:1b7d720f9421df848050c33fbec3700,oe:player:63956d12f094d1701126e814b4c966a,Qwacker,Apathing,0.20591299
NA1/3571779250,2020-09-13,2020,Unknown,10.18,oe:team:01a3132448697cecc30364f52173670,Team Fish Taco,lineup-68b5f927b44256ba,1,pair-a6818bf4e777e293,oe:player:1b7d720f9421df848050c33fbec3700,oe:player:ac6c8ea090678bb181b8004e3efd830,Qwacker,Nightstar,1.19689188
NA1/3571779250,2020-09-13,2020,Unknown,10.18,oe:team:01a3132448697cecc30364f52173670,Team Fish Taco,lineup-68b5f927b44256ba,1,pair-24603bd7bb97df26,oe:player:1b7d720f9421df848050c33fbec3700,oe:player:ba9de670bbae610f08fdb839b7c3ed4,Qwacker,kittyyy,0.18013247
NA1/3571779250,2020-09-13,2020,Unknown,10.18,oe:team:01a3132448697cecc30364f52173670,Team Fish Taco,lineup-68b5f927b44256ba,1,pair-e8d147871cff4992,oe:player:2f8d775625d7bc8069ae313c9b2efbe,oe:player:63956d12f094d1701126e814b4c966a,Gbunny,Apathing,-0.37584475
NA1/3571779250,2020-09-13,2020,Unknown,10.18,oe:team:01a3132448697cecc30364f52173670,Team Fish Taco,lineup-68b5f927b44256ba,1,pair-c17e232bbb031fab,oe:player:2f8d775625d7bc8069ae313c9b2efbe,oe:player:ac6c8ea090678bb181b8004e3efd830,Gbunny,Nightstar,0.61513414
NA1/3571779250,2020-09-13,2020,Unknown,10.18,oe:team:01a3132448697cecc30364f52173670,Team Fish Taco,lineup-68b5f927b44256ba,1,pair-f87eaf24d9b092cb,oe:player:2f8d775625d7bc8069ae313c9b2efbe,oe:player:ba9de670bbae610f08fdb839b7c3ed4,Gbunny,kittyyy,-0.40162527
NA1/3571779250,2020-09-13,2020,Unknown,10.18,oe:team:01a3132448697cecc30364f52173670,Team Fish Taco,lineup-68b5f927b44256ba,1,pair-817c88cb79517e4c,oe:player:63956d12f094d1701126e814b4c966a,oe:player:ac6c8ea090678bb181b8004e3efd830,Apathing,Nightstar,0.91973948
NA1/3571779250,2020-09-13,2020,Unknown,10.18,oe:team:01a3132448697cecc30364f52173670,Team Fish Taco,lineup-68b5f927b44256ba,1,pair-3924b4dcaf9b0855,oe:player:63956d12f094d1701126e814b4c966a,oe:player:ba9de670bbae610f08fdb839b7c3ed4,Apathing,kittyyy,-0.09701993
NA1/3571779250,2020-09-13,2020,Unknown,10.18,oe:team:01a3132448697cecc30364f52173670,Team Fish Taco,lineup-68b5f927b44256ba,1,pair-cf8e520ec2be8296,oe:player:ac6c8ea090678bb181b8004e3efd830,oe:player:ba9de670bbae610f08fdb839b7c3ed4,Nightstar,kittyyy,0.89395896
NA1/3571779250,2020-09-13,2020,Unknown,10.18,oe:team:7e2401900a9756d56a10b66590357fe,Dark Allegiance,lineup-23202622759e2b21,0,pair-5e028197501a0641,oe:player:28dc6796156fb243fc619681c680242,oe:player:4094cdb5b4ce1bd12736df16912a49e,Good Boi,Mekhio,-0.07629619
NA1/3571779250,2020-09-13,2020,Unknown,10.18,oe:team:7e2401900a9756d56a10b66590357fe,Dark Allegiance,lineup-23202622759e2b21,0,pair-dcb70ac747d5f3b3,oe:player:28dc6796156fb243fc619681c680242,oe:player:4b8fa1ed371220801e5d3083359b63e,Good Boi,Enigma,-0.17740791
NA1/3571779250,2020-09-13,2020,Unknown,10.18,oe:team:7e2401900a9756d56a10b66590357fe,Dark Allegiance,lineup-23202622759e2b21,0,pair-6868900a5544fa09,oe:player:28dc6796156fb243fc619681c680242,oe:player:e6ae8c3fc74814cd25df5e3da9347d1,Good Boi,Best Poutine QC,-0.22049677
NA1/3571779250,2020-09-13,2020,Unknown,10.18,oe:team:7e2401900a9756d56a10b66590357fe,Dark Allegiance,lineup-23202622759e2b21,0,pair-72ec6c49281865ba,oe:player:28dc6796156fb243fc619681c680242,oe:player:fd63d76c390835d150b487e0326a033,Good Boi,petitpois,0.69690693
NA1/3571779250,2020-09-13,2020,Unknown,10.18,oe:team:7e2401900a9756d56a10b66590357fe,Dark Allegiance,lineup-23202622759e2b21,0,pair-276a3c75b9970cd1,oe:player:4094cdb5b4ce1bd12736df16912a49e,oe:player:4b8fa1ed371220801e5d3083359b63e,Mekhio,Enigma,-0.34260553
NA1/3571779250,2020-09-13,2020,Unknown,10.18,oe:team:7e2401900a9756d56a10b66590357fe,Dark Allegiance,lineup-23202622759e2b21,0,pair-23553e563e922584,oe:player:4094cdb5b4ce1bd12736df16912a49e,oe:player:e6ae8c3fc74814cd25df5e3da9347d1,Mekhio,Best Poutine QC,-0.38569438
NA1/3571779250,2020-09-13,2020,Unknown,10.18,oe:team:7e2401900a9756d56a10b66590357fe,Dark Allegiance,lineup-23202622759e2b21,0,pair-2a6159e23fa6703b,oe:player:4094cdb5b4ce1bd12736df16912a49e,oe:player:fd63d76c390835d150b487e0326a033,Mekhio,petitpois,0.53170932
NA1/3571779250,2020-09-13,2020,Unknown,10.18,oe:team:7e2401900a9756d56a10b66590357fe,Dark Allegiance,lineup-23202622759e2b21,0,pair-23b1ad10455ef6fb,oe:player:4b8fa1ed371220801e5d3083359b63e,oe:player:e6ae8c3fc74814cd25df5e3da9347d1,Enigma,Best Poutine QC,-0.48680611
NA1/3571779250,2020-09-13,2020,Unknown,10.18,oe:team:7e2401900a9756d56a10b66590357fe,Dark Allegiance,lineup-23202622759e2b21,0,pair-e7b19738d5a2bb74,oe:player:4b8fa1ed371220801e5d3083359b63e,oe:player:fd63d76c390835d150b487e0326a033,Enigma,petitpois,0.43059759
NA1/3571779250,2020-09-13,2020,Unknown,10.18,oe:team:7e2401900a9756d56a10b66590357fe,Dark Allegiance,lineup-23202622759e2b21,0,pair-387405edd23ba50a,oe:player:e6ae8c3fc74814cd25df5e3da9347d1,oe:player:fd63d76c390835d150b487e0326a033,Best Poutine QC,petitpois,0.38750874
NA1/3571928398,2020-09-13,2020,Unknown,10.18,oe:team:333ba9fefa87eda14bd32c5420d7002,Winthrop University,lineup-07957b964f6cb8e5,1,pair-155ed4557785ce5c,oe:player:06ddb1ce4c3f4952ae6973d4c7ca345,oe:player:250959b1405337b1ccd82f6dd634cb3,Saskio,Haebaragi,0.52473072
NA1/3571928398,2020-09-13,2020,Unknown,10.18,oe:team:333ba9fefa87eda14bd32c5420d7002,Winthrop University,lineup-07957b964f6cb8e5,1,pair-66e4882570ae2158,oe:player:06ddb1ce4c3f4952ae6973d4c7ca345,oe:player:41c5f02f8439b36ea5d0d37c7b4a2c4,Saskio,Kenji,1.25010110
NA1/3571928398,2020-09-13,2020,Unknown,10.18,oe:team:333ba9fefa87eda14bd32c5420d7002,Winthrop University,lineup-07957b964f6cb8e5,1,pair-8a03db21f2d0752b,oe:player:06ddb1ce4c3f4952ae6973d4c7ca345,oe:player:6d0fe38990c466cc25221f1431aa9bc,Saskio,Mordio,1.94074388
NA1/3571928398,2020-09-13,2020,Unknown,10.18,oe:team:333ba9fefa87eda14bd32c5420d7002,Winthrop University,lineup-07957b964f6cb8e5,1,pair-e353919d08680fc9,oe:player:06ddb1ce4c3f4952ae6973d4c7ca345,oe:player:afcd3cdcf44e5da63f9e2a3dcb5ba50,Saskio,Doxa,0.99457981
NA1/3571928398,2020-09-13,2020,Unknown,10.18,oe:team:333ba9fefa87eda14bd32c5420d7002,Winthrop University,lineup-07957b964f6cb8e5,1,pair-7941e99941504ab2,oe:player:250959b1405337b1ccd82f6dd634cb3,oe:player:41c5f02f8439b36ea5d0d37c7b4a2c4,Haebaragi,Kenji,0.31910855
NA1/3571928398,2020-09-13,2020,Unknown,10.18,oe:team:333ba9fefa87eda14bd32c5420d7002,Winthrop University,lineup-07957b964f6cb8e5,1,pair-66cac5c92d77cab2,oe:player:250959b1405337b1ccd82f6dd634cb3,oe:player:6d0fe38990c466cc25221f1431aa9bc,Haebaragi,Mordio,1.00975134
NA1/3571928398,2020-09-13,2020,Unknown,10.18,oe:team:333ba9fefa87eda14bd32c5420d7002,Winthrop University,lineup-07957b964f6cb8e5,1,pair-cb6bc019435d0c2b,oe:player:250959b1405337b1ccd82f6dd634cb3,oe:player:afcd3cdcf44e5da63f9e2a3dcb5ba50,Haebaragi,Doxa,0.06358727
NA1/3571928398,2020-09-13,2020,Unknown,10.18,oe:team:333ba9fefa87eda14bd32c5420d7002,Winthrop University,lineup-07957b964f6cb8e5,1,pair-abe6a9108f03966f,oe:player:41c5f02f8439b36ea5d0d37c7b4a2c4,oe:player:6d0fe38990c466cc25221f1431aa9bc,Kenji,Mordio,1.73512172
NA1/3571928398,2020-09-13,2020,Unknown,10.18,oe:team:333ba9fefa87eda14bd32c5420d7002,Winthrop University,lineup-07957b964f6cb8e5,1,pair-00b1b5bcd5e48281,oe:player:41c5f02f8439b36ea5d0d37c7b4a2c4,oe:player:afcd3cdcf44e5da63f9e2a3dcb5ba50,Kenji,Doxa,0.78895765
NA1/3571928398,2020-09-13,2020,Unknown,10.18,oe:team:333ba9fefa87eda14bd32c5420d7002,Winthrop University,lineup-07957b964f6cb8e5,1,pair-dafd3776804d65f1,oe:player:6d0fe38990c466cc25221f1431aa9bc,oe:player:afcd3cdcf44e5da63f9e2a3dcb5ba50,Mordio,Doxa,1.47960043
NA1/3571928398,2020-09-13,2020,Unknown,10.18,oe:team:d83bffd1eb6ab4fc8b58abb3e646d48,Just Randoms,lineup-dcf4c3b5a7ecd9b2,0,pair-4be452c1509b22e5,oe:player:07d1c57ec273126c65dbd1197abdb47,oe:player:8a25863fe5045bb08949998a2c39329,Pockus,Kyle,0.25197698
NA1/3571928398,2020-09-13,2020,Unknown,10.18,oe:team:d83bffd1eb6ab4fc8b58abb3e646d48,Just Randoms,lineup-dcf4c3b5a7ecd9b2,0,pair-a7b89ce4521a6d08,oe:player:07d1c57ec273126c65dbd1197abdb47,oe:player:8b7b362f0be0a35dc80ea775ea19cb7,Pockus,Chim,-0.14709457
NA1/3571928398,2020-09-13,2020,Unknown,10.18,oe:team:d83bffd1eb6ab4fc8b58abb3e646d48,Just Randoms,lineup-dcf4c3b5a7ecd9b2,0,pair-b5debae083a8abdb,oe:player:07d1c57ec273126c65dbd1197abdb47,oe:player:a88f9b1cfb0beebb9aee272513500a6,Pockus,Hyper,1.38294174
NA1/3571928398,2020-09-13,2020,Unknown,10.18,oe:team:d83bffd1eb6ab4fc8b58abb3e646d48,Just Randoms,lineup-dcf4c3b5a7ecd9b2,0,pair-adcf66fbf2d1d878,oe:player:07d1c57ec273126c65dbd1197abdb47,oe:player:df4f91120caa080682bf595c5f7f2d3,Pockus,CptShrimps,0.22420473
NA1/3571928398,2020-09-13,2020,Unknown,10.18,oe:team:d83bffd1eb6ab4fc8b58abb3e646d48,Just Randoms,lineup-dcf4c3b5a7ecd9b2,0,pair-fc69e88c01448085,oe:player:8a25863fe5045bb08949998a2c39329,oe:player:8b7b362f0be0a35dc80ea775ea19cb7,Kyle,Chim,-0.50882377
NA1/3571928398,2020-09-13,2020,Unknown,10.18,oe:team:d83bffd1eb6ab4fc8b58abb3e646d48,Just Randoms,lineup-dcf4c3b5a7ecd9b2,0,pair-a3f3e0f54d8bc3d8,oe:player:8a25863fe5045bb08949998a2c39329,oe:player:a88f9b1cfb0beebb9aee272513500a6,Kyle,Hyper,1.02121255
NA1/3571928398,2020-09-13,2020,Unknown,10.18,oe:team:d83bffd1eb6ab4fc8b58abb3e646d48,Just Randoms,lineup-dcf4c3b5a7ecd9b2,0,pair-05306a35603592b7,oe:player:8a25863fe5045bb08949998a2c39329,oe:player:df4f91120caa080682bf595c5f7f2d3,Kyle,CptShrimps,-0.13752447
NA1/3571928398,2020-09-13,2020,Unknown,10.18,oe:team:d83bffd1eb6ab4fc8b58abb3e646d48,Just Randoms,lineup-dcf4c3b5a7ecd9b2,0,pair-66539e7d0252cab2,oe:player:8b7b362f0be0a35dc80ea775ea19cb7,oe:player:a88f9b1cfb0beebb9aee272513500a6,Chim,Hyper,0.62214100
NA1/3571928398,2020-09-13,2020,Unknown,10.18,oe:team:d83bffd1eb6ab4fc8b58abb3e646d48,Just Randoms,lineup-dcf4c3b5a7ecd9b2,0,pair-c3059622e5e4e1b6,oe:player:8b7b362f0be0a35dc80ea775ea19cb7,oe:player:df4f91120caa080682bf595c5f7f2d3,Chim,CptShrimps,-0.53659602
NA1/3571928398,2020-09-13,2020,Unknown,10.18,oe:team:d83bffd1eb6ab4fc8b58abb3e646d48,Just Randoms,lineup-dcf4c3b5a7ecd9b2,0,pair-1e1caf4689451ec1,oe:player:a88f9b1cfb0beebb9aee272513500a6,oe:player:df4f91120caa080682bf595c5f7f2d3,Hyper,CptShrimps,0.99344030
NA1/3571928816,2020-09-14,2020,Unknown,10.18,oe:team:333ba9fefa87eda14bd32c5420d7002,Winthrop University,lineup-07957b964f6cb8e5,0,pair-155ed4557785ce5c,oe:player:06ddb1ce4c3f4952ae6973d4c7ca345,oe:player:250959b1405337b1ccd82f6dd634cb3,Saskio,Haebaragi,-0.59067710
NA1/3571928816,2020-09-14,2020,Unknown,10.18,oe:team:333ba9fefa87eda14bd32c5420d7002,Winthrop University,lineup-07957b964f6cb8e5,0,pair-66e4882570ae2158,oe:player:06ddb1ce4c3f4952ae6973d4c7ca345,oe:player:41c5f02f8439b36ea5d0d37c7b4a2c4,Saskio,Kenji,-0.54261758
NA1/3571928816,2020-09-14,2020,Unknown,10.18,oe:team:333ba9fefa87eda14bd32c5420d7002,Winthrop University,lineup-07957b964f6cb8e5,0,pair-8a03db21f2d0752b,oe:player:06ddb1ce4c3f4952ae6973d4c7ca345,oe:player:6d0fe38990c466cc25221f1431aa9bc,Saskio,Mordio,0.82370592
NA1/3571928816,2020-09-14,2020,Unknown,10.18,oe:team:333ba9fefa87eda14bd32c5420d7002,Winthrop University,lineup-07957b964f6cb8e5,0,pair-e353919d08680fc9,oe:player:06ddb1ce4c3f4952ae6973d4c7ca345,oe:player:afcd3cdcf44e5da63f9e2a3dcb5ba50,Saskio,Doxa,-0.18560472
NA1/3571928816,2020-09-14,2020,Unknown,10.18,oe:team:333ba9fefa87eda14bd32c5420d7002,Winthrop University,lineup-07957b964f6cb8e5,0,pair-7941e99941504ab2,oe:player:250959b1405337b1ccd82f6dd634cb3,oe:player:41c5f02f8439b36ea5d0d37c7b4a2c4,Haebaragi,Kenji,-0.85512975
NA1/3571928816,2020-09-14,2020,Unknown,10.18,oe:team:333ba9fefa87eda14bd32c5420d7002,Winthrop University,lineup-07957b964f6cb8e5,0,pair-66cac5c92d77cab2,oe:player:250959b1405337b1ccd82f6dd634cb3,oe:player:6d0fe38990c466cc25221f1431aa9bc,Haebaragi,Mordio,0.51119375
NA1/3571928816,2020-09-14,2020,Unknown,10.18,oe:team:333ba9fefa87eda14bd32c5420d7002,Winthrop University,lineup-07957b964f6cb8e5,0,pair-cb6bc019435d0c2b,oe:player:250959b1405337b1ccd82f6dd634cb3,oe:player:afcd3cdcf44e5da63f9e2a3dcb5ba50,Haebaragi,Doxa,-0.49811689
NA1/3571928816,2020-09-14,2020,Unknown,10.18,oe:team:333ba9fefa87eda14bd32c5420d7002,Winthrop University,lineup-07957b964f6cb8e5,0,pair-abe6a9108f03966f,oe:player:41c5f02f8439b36ea5d0d37c7b4a2c4,oe:player:6d0fe38990c466cc25221f1431aa9bc,Kenji,Mordio,0.55925327
NA1/3571928816,2020-09-14,2020,Unknown,10.18,oe:team:333ba9fefa87eda14bd32c5420d7002,Winthrop University,lineup-07957b964f6cb8e5,0,pair-00b1b5bcd5e48281,oe:player:41c5f02f8439b36ea5d0d37c7b4a2c4,oe:player:afcd3cdcf44e5da63f9e2a3dcb5ba50,Kenji,Doxa,-0.45005737
NA1/3571928816,2020-09-14,2020,Unknown,10.18,oe:team:333ba9fefa87eda14bd32c5420d7002,Winthrop University,lineup-07957b964f6cb8e5,0,pair-dafd3776804d65f1,oe:player:6d0fe38990c466cc25221f1431aa9bc,oe:player:afcd3cdcf44e5da63f9e2a3dcb5ba50,Mordio,Doxa,0.91626613
NA1/3571928816,2020-09-14,2020,Unknown,10.18,oe:team:d83bffd1eb6ab4fc8b58abb3e646d48,Just Randoms,lineup-dcf4c3b5a7ecd9b2,1,pair-4be452c1509b22e5,oe:player:07d1c57ec273126c65dbd1197abdb47,oe:player:8a25863fe5045bb08949998a2c39329,Pockus,Kyle,-0.15969361
NA1/3571928816,2020-09-14,2020,Unknown,10.18,oe:team:d83bffd1eb6ab4fc8b58abb3e646d48,Just Randoms,lineup-dcf4c3b5a7ecd9b2,1,pair-a7b89ce4521a6d08,oe:player:07d1c57ec273126c65dbd1197abdb47,oe:player:8b7b362f0be0a35dc80ea775ea19cb7,Pockus,Chim,0.22929307
NA1/3571928816,2020-09-14,2020,Unknown,10.18,oe:team:d83bffd1eb6ab4fc8b58abb3e646d48,Just Randoms,lineup-dcf4c3b5a7ecd9b2,1,pair-b5debae083a8abdb,oe:player:07d1c57ec273126c65dbd1197abdb47,oe:player:a88f9b1cfb0beebb9aee272513500a6,Pockus,Hyper,-0.01496086
NA1/3571928816,2020-09-14,2020,Unknown,10.18,oe:team:d83bffd1eb6ab4fc8b58abb3e646d48,Just Randoms,lineup-dcf4c3b5a7ecd9b2,1,pair-adcf66fbf2d1d878,oe:player:07d1c57ec273126c65dbd1197abdb47,oe:player:df4f91120caa080682bf595c5f7f2d3,Pockus,CptShrimps,0.30961029
NA1/3571928816,2020-09-14,2020,Unknown,10.18,oe:team:d83bffd1eb6ab4fc8b58abb3e646d48,Just Randoms,lineup-dcf4c3b5a7ecd9b2,1,pair-fc69e88c01448085,oe:player:8a25863fe5045bb08949998a2c39329,oe:player:8b7b362f0be0a35dc80ea775ea19cb7,Kyle,Chim,0.15599457
NA1/3571928816,2020-09-14,2020,Unknown,10.18,oe:team:d83bffd1eb6ab4fc8b58abb3e646d48,Just Randoms,lineup-dcf4c3b5a7ecd9b2,1,pair-a3f3e0f54d8bc3d8,oe:player:8a25863fe5045bb08949998a2c39329,oe:player:a88f9b1cfb0beebb9aee272513500a6,Kyle,Hyper,-0.08825935
NA1/3571928816,2020-09-14,2020,Unknown,10.18,oe:team:d83bffd1eb6ab4fc8b58abb3e646d48,Just Randoms,lineup-dcf4c3b5a7ecd9b2,1,pair-05306a35603592b7,oe:player:8a25863fe5045bb08949998a2c39329,oe:player:df4f91120caa080682bf595c5f7f2d3,Kyle,CptShrimps,0.23631179
NA1/3571928816,2020-09-14,2020,Unknown,10.18,oe:team:d83bffd1eb6ab4fc8b58abb3e646d48,Just Randoms,lineup-dcf4c3b5a7ecd9b2,1,pair-66539e7d0252cab2,oe:player:8b7b362f0be0a35dc80ea775ea19cb7,oe:player:a88f9b1cfb0beebb9aee272513500a6,Chim,Hyper,0.30072732
NA1/3571928816,2020-09-14,2020,Unknown,10.18,oe:team:d83bffd1eb6ab4fc8b58abb3e646d48,Just Randoms,lineup-dcf4c3b5a7ecd9b2,1,pair-c3059622e5e4e1b6,oe:player:8b7b362f0be0a35dc80ea775ea19cb7,oe:player:df4f91120caa080682bf595c5f7f2d3,Chim,CptShrimps,0.62529846
NA1/3571928816,2020-09-14,2020,Unknown,10.18,oe:team:d83bffd1eb6ab4fc8b58abb3e646d48,Just Randoms,lineup-dcf4c3b5a7ecd9b2,1,pair-1e1caf4689451ec1,oe:player:a88f9b1cfb0beebb9aee272513500a6,oe:player:df4f91120caa080682bf595c5f7f2d3,Hyper,CptShrimps,0.38104454
NA1/3571929103,2020-09-14,2020,Unknown,10.18,oe:team:333ba9fefa87eda14bd32c5420d7002,Winthrop University,lineup-07957b964f6cb8e5,0,pair-155ed4557785ce5c,oe:player:06ddb1ce4c3f4952ae6973d4c7ca345,oe:player:250959b1405337b1ccd82f6dd634cb3,Saskio,Haebaragi,0.82211636
NA1/3571929103,2020-09-14,2020,Unknown,10.18,oe:team:333ba9fefa87eda14bd32c5420d7002,Winthrop University,lineup-07957b964f6cb8e5,0,pair-66e4882570ae2158,oe:player:06ddb1ce4c3f4952ae6973d4c7ca345,oe:player:41c5f02f8439b36ea5d0d37c7b4a2c4,Saskio,Kenji,0.81557578
NA1/3571929103,2020-09-14,2020,Unknown,10.18,oe:team:333ba9fefa87eda14bd32c5420d7002,Winthrop University,lineup-07957b964f6cb8e5,0,pair-8a03db21f2d0752b,oe:player:06ddb1ce4c3f4952ae6973d4c7ca345,oe:player:6d0fe38990c466cc25221f1431aa9bc,Saskio,Mordio,0.93006078
NA1/3571929103,2020-09-14,2020,Unknown,10.18,oe:team:333ba9fefa87eda14bd32c5420d7002,Winthrop University,lineup-07957b964f6cb8e5,0,pair-e353919d08680fc9,oe:player:06ddb1ce4c3f4952ae6973d4c7ca345,oe:player:afcd3cdcf44e5da63f9e2a3dcb5ba50,Saskio,Doxa,0.52940371
NA1/3571929103,2020-09-14,2020,Unknown,10.18,oe:team:333ba9fefa87eda14bd32c5420d7002,Winthrop University,lineup-07957b964f6cb8e5,0,pair-7941e99941504ab2,oe:player:250959b1405337b1ccd82f6dd634cb3,oe:player:41c5f02f8439b36ea5d0d37c7b4a2c4,Haebaragi,Kenji,-0.34219345
NA1/3571929103,2020-09-14,2020,Unknown,10.18,oe:team:333ba9fefa87eda14bd32c5420d7002,Winthrop University,lineup-07957b964f6cb8e5,0,pair-66cac5c92d77cab2,oe:player:250959b1405337b1ccd82f6dd634cb3,oe:player:6d0fe38990c466cc25221f1431aa9bc,Haebaragi,Mordio,-0.22770844
NA1/3571929103,2020-09-14,2020,Unknown,10.18,oe:team:333ba9fefa87eda14bd32c5420d7002,Winthrop University,lineup-07957b964f6cb8e5,0,pair-cb6bc019435d0c2b,oe:player:250959b1405337b1ccd82f6dd634cb3,oe:player:afcd3cdcf44e5da63f9e2a3dcb5ba50,Haebaragi,Doxa,-0.62836552
NA1/3571929103,2020-09-14,2020,Unknown,10.18,oe:team:333ba9fefa87eda14bd32c5420d7002,Winthrop University,lineup-07957b964f6cb8e5,0,pair-abe6a9108f03966f,oe:player:41c5f02f8439b36ea5d0d37c7b4a2c4,oe:player:6d0fe38990c466cc25221f1431aa9bc,Kenji,Mordio,-0.23424902
NA1/3571929103,2020-09-14,2020,Unknown,10.18,oe:team:333ba9fefa87eda14bd32c5420d7002,Winthrop University,lineup-07957b964f6cb8e5,0,pair-00b1b5bcd5e48281,oe:player:41c5f02f8439b36ea5d0d37c7b4a2c4,oe:player:afcd3cdcf44e5da63f9e2a3dcb5ba50,Kenji,Doxa,-0.63490610
NA1/3571929103,2020-09-14,2020,Unknown,10.18,oe:team:333ba9fefa87eda14bd32c5420d7002,Winthrop University,lineup-07957b964f6cb8e5,0,pair-dafd3776804d65f1,oe:player:6d0fe38990c466cc25221f1431aa9bc,oe:player:afcd3cdcf44e5da63f9e2a3dcb5ba50,Mordio,Doxa,-0.52042110
NA1/3571929103,2020-09-14,2020,Unknown,10.18,oe:team:d83bffd1eb6ab4fc8b58abb3e646d48,Just Randoms,lineup-dcf4c3b5a7ecd9b2,1,pair-4be452c1509b22e5,oe:player:07d1c57ec273126c65dbd1197abdb47,oe:player:8a25863fe5045bb08949998a2c39329,Pockus,Kyle,-0.00948514
NA1/3571929103,2020-09-14,2020,Unknown,10.18,oe:team:d83bffd1eb6ab4fc8b58abb3e646d48,Just Randoms,lineup-dcf4c3b5a7ecd9b2,1,pair-a7b89ce4521a6d08,oe:player:07d1c57ec273126c65dbd1197abdb47,oe:player:8b7b362f0be0a35dc80ea775ea19cb7,Pockus,Chim,-0.12033940
NA1/3571929103,2020-09-14,2020,Unknown,10.18,oe:team:d83bffd1eb6ab4fc8b58abb3e646d48,Just Randoms,lineup-dcf4c3b5a7ecd9b2,1,pair-b5debae083a8abdb,oe:player:07d1c57ec273126c65dbd1197abdb47,oe:player:a88f9b1cfb0beebb9aee272513500a6,Pockus,Hyper,2.45701163
NA1/3571929103,2020-09-14,2020,Unknown,10.18,oe:team:d83bffd1eb6ab4fc8b58abb3e646d48,Just Randoms,lineup-dcf4c3b5a7ecd9b2,1,pair-adcf66fbf2d1d878,oe:player:07d1c57ec273126c65dbd1197abdb47,oe:player:df4f91120caa080682bf595c5f7f2d3,Pockus,CptShrimps,0.40740787
NA1/3571929103,2020-09-14,2020,Unknown,10.18,oe:team:d83bffd1eb6ab4fc8b58abb3e646d48,Just Randoms,lineup-dcf4c3b5a7ecd9b2,1,pair-fc69e88c01448085,oe:player:8a25863fe5045bb08949998a2c39329,oe:player:8b7b362f0be0a35dc80ea775ea19cb7,Kyle,Chim,-0.23746710
NA1/3571929103,2020-09-14,2020,Unknown,10.18,oe:team:d83bffd1eb6ab4fc8b58abb3e646d48,Just Randoms,lineup-dcf4c3b5a7ecd9b2,1,pair-a3f3e0f54d8bc3d8,oe:player:8a25863fe5045bb08949998a2c39329,oe:player:a88f9b1cfb0beebb9aee272513500a6,Kyle,Hyper,2.33988392
NA1/3571929103,2020-09-14,2020,Unknown,10.18,oe:team:d83bffd1eb6ab4fc8b58abb3e646d48,Just Randoms,lineup-dcf4c3b5a7ecd9b2,1,pair-05306a35603592b7,oe:player:8a25863fe5045bb08949998a2c39329,oe:player:df4f91120caa080682bf595c5f7f2d3,Kyle,CptShrimps,0.29028017
NA1/3571929103,2020-09-14,2020,Unknown,10.18,oe:team:d83bffd1eb6ab4fc8b58abb3e646d48,Just Randoms,lineup-dcf4c3b5a7ecd9b2,1,pair-66539e7d0252cab2,oe:player:8b7b362f0be0a35dc80ea775ea19cb7,oe:player:a88f9b1cfb0beebb9aee272513500a6,Chim,Hyper,2.22902967
NA1/3571929103,2020-09-14,2020,Unknown,10.18,oe:team:d83bffd1eb6ab4fc8b58abb3e646d48,Just Randoms,lineup-dcf4c3b5a7ecd9b2,1,pair-c3059622e5e4e1b6,oe:player:8b7b362f0be0a35dc80ea775ea19cb7,oe:player:df4f91120caa080682bf595c5f7f2d3,Chim,CptShrimps,0.17942592
NA1/3571929103,2020-09-14,2020,Unknown,10.18,oe:team:d83bffd1eb6ab4fc8b58abb3e646d48,Just Randoms,lineup-dcf4c3b5a7ecd9b2,1,pair-1e1caf4689451ec1,oe:player:a88f9b1cfb0beebb9aee272513500a6,oe:player:df4f91120caa080682bf595c5f7f2d3,Hyper,CptShrimps,2.75677694
NA1/3571948903,2020-09-14,2020,Unknown,10.18,oe:team:01a3132448697cecc30364f52173670,Team Fish Taco,lineup-68b5f927b44256ba,0,pair-ec487c66384c64ac,oe:player:1b7d720f9421df848050c33fbec3700,oe:player:2f8d775625d7bc8069ae313c9b2efbe,Qwacker,Gbunny,-0.09928555
NA1/3571948903,2020-09-14,2020,Unknown,10.18,oe:team:01a3132448697cecc30364f52173670,Team Fish Taco,lineup-68b5f927b44256ba,0,pair-c014d90a418b7f0c,oe:player:1b7d720f9421df848050c33fbec3700,oe:player:63956d12f094d1701126e814b4c966a,Qwacker,Apathing,0.21103806
NA1/3571948903,2020-09-14,2020,Unknown,10.18,oe:team:01a3132448697cecc30364f52173670,Team Fish Taco,lineup-68b5f927b44256ba,0,pair-a6818bf4e777e293,oe:player:1b7d720f9421df848050c33fbec3700,oe:player:ac6c8ea090678bb181b8004e3efd830,Qwacker,Nightstar,-0.00211412
NA1/3571948903,2020-09-14,2020,Unknown,10.18,oe:team:01a3132448697cecc30364f52173670,Team Fish Taco,lineup-68b5f927b44256ba,0,pair-24603bd7bb97df26,oe:player:1b7d720f9421df848050c33fbec3700,oe:player:ba9de670bbae610f08fdb839b7c3ed4,Qwacker,kittyyy,-0.00615679
NA1/3571948903,2020-09-14,2020,Unknown,10.18,oe:team:01a3132448697cecc30364f52173670,Team Fish Taco,lineup-68b5f927b44256ba,0,pair-e8d147871cff4992,oe:player:2f8d775625d7bc8069ae313c9b2efbe,oe:player:63956d12f094d1701126e814b4c966a,Gbunny,Apathing,-0.64057440
NA1/3571948903,2020-09-14,2020,Unknown,10.18,oe:team:01a3132448697cecc30364f52173670,Team Fish Taco,lineup-68b5f927b44256ba,0,pair-c17e232bbb031fab,oe:player:2f8d775625d7bc8069ae313c9b2efbe,oe:player:ac6c8ea090678bb181b8004e3efd830,Gbunny,Nightstar,-0.85372658
NA1/3571948903,2020-09-14,2020,Unknown,10.18,oe:team:01a3132448697cecc30364f52173670,Team Fish Taco,lineup-68b5f927b44256ba,0,pair-f87eaf24d9b092cb,oe:player:2f8d775625d7bc8069ae313c9b2efbe,oe:player:ba9de670bbae610f08fdb839b7c3ed4,Gbunny,kittyyy,-0.85776925
NA1/3571948903,2020-09-14,2020,Unknown,10.18,oe:team:01a3132448697cecc30364f52173670,Team Fish Taco,lineup-68b5f927b44256ba,0,pair-817c88cb79517e4c,oe:player:63956d12f094d1701126e814b4c966a,oe:player:ac6c8ea090678bb181b8004e3efd830,Apathing,Nightstar,-0.54340297
NA1/3571948903,2020-09-14,2020,Unknown,10.18,oe:team:01a3132448697cecc30364f52173670,Team Fish Taco,lineup-68b5f927b44256ba,0,pair-3924b4dcaf9b0855,oe:player:63956d12f094d1701126e814b4c966a,oe:player:ba9de670bbae610f08fdb839b7c3ed4,Apathing,kittyyy,-0.54744563
NA1/3571948903,2020-09-14,2020,Unknown,10.18,oe:team:01a3132448697cecc30364f52173670,Team Fish Taco,lineup-68b5f927b44256ba,0,pair-cf8e520ec2be8296,oe:player:ac6c8ea090678bb181b8004e3efd830,oe:player:ba9de670bbae610f08fdb839b7c3ed4,Nightstar,kittyyy,-0.76059782
NA1/3571948903,2020-09-14,2020,Unknown,10.18,oe:team:7e2401900a9756d56a10b66590357fe,Dark Allegiance,lineup-23202622759e2b21,1,pair-5e028197501a0641,oe:player:28dc6796156fb243fc619681c680242,oe:player:4094cdb5b4ce1bd12736df16912a49e,Good Boi,Mekhio,-0.29508382
NA1/3571948903,2020-09-14,2020,Unknown,10.18,oe:team:7e2401900a9756d56a10b66590357fe,Dark Allegiance,lineup-23202622759e2b21,1,pair-dcb70ac747d5f3b3,oe:player:28dc6796156fb243fc619681c680242,oe:player:4b8fa1ed371220801e5d3083359b63e,Good Boi,Enigma,0.11658174
NA1/3571948903,2020-09-14,2020,Unknown,10.18,oe:team:7e2401900a9756d56a10b66590357fe,Dark Allegiance,lineup-23202622759e2b21,1,pair-6868900a5544fa09,oe:player:28dc6796156fb243fc619681c680242,oe:player:e6ae8c3fc74814cd25df5e3da9347d1,Good Boi,Best Poutine QC,-0.42435238
NA1/3571948903,2020-09-14,2020,Unknown,10.18,oe:team:7e2401900a9756d56a10b66590357fe,Dark Allegiance,lineup-23202622759e2b21,1,pair-72ec6c49281865ba,oe:player:28dc6796156fb243fc619681c680242,oe:player:fd63d76c390835d150b487e0326a033,Good Boi,petitpois,0.24468347
NA1/3571948903,2020-09-14,2020,Unknown,10.18,oe:team:7e2401900a9756d56a10b66590357fe,Dark Allegiance,lineup-23202622759e2b21,1,pair-276a3c75b9970cd1,oe:player:4094cdb5b4ce1bd12736df16912a49e,oe:player:4b8fa1ed371220801e5d3083359b63e,Mekhio,Enigma,-0.35701150
NA1/3571948903,2020-09-14,2020,Unknown,10.18,oe:team:7e2401900a9756d56a10b66590357fe,Dark Allegiance,lineup-23202622759e2b21,1,pair-23553e563e922584,oe:player:4094cdb5b4ce1bd12736df16912a49e,oe:player:e6ae8c3fc74814cd25df5e3da9347d1,Mekhio,Best Poutine QC,-0.89794562
NA1/3571948903,2020-09-14,2020,Unknown,10.18,oe:team:7e2401900a9756d56a10b66590357fe,Dark Allegiance,lineup-23202622759e2b21,1,pair-2a6159e23fa6703b,oe:player:4094cdb5b4ce1bd12736df16912a49e,oe:player:fd63d76c390835d150b487e0326a033,Mekhio,petitpois,-0.22890977
NA1/3571948903,2020-09-14,2020,Unknown,10.18,oe:team:7e2401900a9756d56a10b66590357fe,Dark Allegiance,lineup-23202622759e2b21,1,pair-23b1ad10455ef6fb,oe:player:4b8fa1ed371220801e5d3083359b63e,oe:player:e6ae8c3fc74814cd25df5e3da9347d1,Enigma,Best Poutine QC,-0.48628006
NA1/3571948903,2020-09-14,2020,Unknown,10.18,oe:team:7e2401900a9756d56a10b66590357fe,Dark Allegiance,lineup-23202622759e2b21,1,pair-e7b19738d5a2bb74,oe:player:4b8fa1ed371220801e5d3083359b63e,oe:player:fd63d76c390835d150b487e0326a033,Enigma,petitpois,0.18275579
NA1/3571948903,2020-09-14,2020,Unknown,10.18,oe:team:7e2401900a9756d56a10b66590357fe,Dark Allegiance,lineup-23202622759e2b21,1,pair-387405edd23ba50a,oe:player:e6ae8c3fc74814cd25df5e3da9347d1,oe:player:fd63d76c390835d150b487e0326a033,Best Poutine QC,petitpois,-0.35817833
NA1/3571959042,2020-09-14,2020,Unknown,10.18,name-team-bbf4d270ed871a83,unknown team,lineup-a7eb620b8e179fb6,0,pair-fad5029c1825276f,name-player-d72bd85e71031dbd,oe:player:046851613d0caf4920d7b52279a4c72,unknown player,SweatyToast,-1.00930523
NA1/3571959042,2020-09-14,2020,Unknown,10.18,name-team-bbf4d270ed871a83,unknown team,lineup-a7eb620b8e179fb6,0,pair-f084be511344bcdd,name-player-d72bd85e71031dbd,oe:player:067ac2da14b4c0e443db4a7e167200e,unknown player,Fas the Magi,0.32205496
NA1/3571959042,2020-09-14,2020,Unknown,10.18,name-team-bbf4d270ed871a83,unknown team,lineup-a7eb620b8e179fb6,0,pair-feeaf6ddc7e96a4b,name-player-d72bd85e71031dbd,oe:player:2d57548e17edd21f589d538e2214515,unknown player,Protos,-0.54367266
NA1/3571959042,2020-09-14,2020,Unknown,10.18,name-team-bbf4d270ed871a83,unknown team,lineup-a7eb620b8e179fb6,0,pair-e78b491baacaf83b,name-player-d72bd85e71031dbd,oe:player:37d1cae123118d33cb8ba1f0c86be72,unknown player,Shamwwow,0.32382880
NA1/3571959042,2020-09-14,2020,Unknown,10.18,name-team-bbf4d270ed871a83,unknown team,lineup-a7eb620b8e179fb6,0,pair-fa6a281ea97825ad,oe:player:046851613d0caf4920d7b52279a4c72,oe:player:067ac2da14b4c0e443db4a7e167200e,SweatyToast,Fas the Magi,-0.62788777
NA1/3571959042,2020-09-14,2020,Unknown,10.18,name-team-bbf4d270ed871a83,unknown team,lineup-a7eb620b8e179fb6,0,pair-684e569647905dfc,oe:player:046851613d0caf4920d7b52279a4c72,oe:player:2d57548e17edd21f589d538e2214515,SweatyToast,Protos,-1.49361538
NA1/3571959042,2020-09-14,2020,Unknown,10.18,name-team-bbf4d270ed871a83,unknown team,lineup-a7eb620b8e179fb6,0,pair-13a47db873d8cfc5,oe:player:046851613d0caf4920d7b52279a4c72,oe:player:37d1cae123118d33cb8ba1f0c86be72,SweatyToast,Shamwwow,-0.62611393
NA1/3571959042,2020-09-14,2020,Unknown,10.18,name-team-bbf4d270ed871a83,unknown team,lineup-a7eb620b8e179fb6,0,pair-75120fa856176ad5,oe:player:067ac2da14b4c0e443db4a7e167200e,oe:player:2d57548e17edd21f589d538e2214515,Fas the Magi,Protos,-0.16225519
NA1/3571959042,2020-09-14,2020,Unknown,10.18,name-team-bbf4d270ed871a83,unknown team,lineup-a7eb620b8e179fb6,0,pair-6ecb03ef2b7c5cc8,oe:player:067ac2da14b4c0e443db4a7e167200e,oe:player:37d1cae123118d33cb8ba1f0c86be72,Fas the Magi,Shamwwow,0.70524627
NA1/3571959042,2020-09-14,2020,Unknown,10.18,name-team-bbf4d270ed871a83,unknown team,lineup-a7eb620b8e179fb6,0,pair-2beb893fa9e83e28,oe:player:2d57548e17edd21f589d538e2214515,oe:player:37d1cae123118d33cb8ba1f0c86be72,Protos,Shamwwow,-0.16048135
NA1/3571959042,2020-09-14,2020,Unknown,10.18,oe:team:ab8a919db08c9f8321da77bc63cb31d,Louisiana State University,lineup-7263f09241ee9cd5,1,pair-6d63422b633bd09a,oe:player:0fe6cc268b58e582c12d3c0656f2752,oe:player:8a26fb905636bc0bec1a65212c3c863,PrincessKyle,shochi,1.12875735
NA1/3571959042,2020-09-14,2020,Unknown,10.18,oe:team:ab8a919db08c9f8321da77bc63cb31d,Louisiana State University,lineup-7263f09241ee9cd5,1,pair-951d1255bb80638f,oe:player:0fe6cc268b58e582c12d3c0656f2752,oe:player:be0a4f6bb9c7188519e9d6046af21fe,PrincessKyle,TimmyTurner,0.46031246
NA1/3571959042,2020-09-14,2020,Unknown,10.18,oe:team:ab8a919db08c9f8321da77bc63cb31d,Louisiana State University,lineup-7263f09241ee9cd5,1,pair-61d78d6bca3bb486,oe:player:0fe6cc268b58e582c12d3c0656f2752,oe:player:e107e92b0751b8709e850921ed65683,PrincessKyle,DerpyBunzz,0.49500978
NA1/3571959042,2020-09-14,2020,Unknown,10.18,oe:team:ab8a919db08c9f8321da77bc63cb31d,Louisiana State University,lineup-7263f09241ee9cd5,1,pair-8c36fc9a22382474,oe:player:0fe6cc268b58e582c12d3c0656f2752,oe:player:f6afb3ca3ac4cb969cc0c36330d8ee8,PrincessKyle,Airren,-0.37109805
NA1/3571959042,2020-09-14,2020,Unknown,10.18,oe:team:ab8a919db08c9f8321da77bc63cb31d,Louisiana State University,lineup-7263f09241ee9cd5,1,pair-53202c686aa93c5e,oe:player:8a26fb905636bc0bec1a65212c3c863,oe:player:be0a4f6bb9c7188519e9d6046af21fe,shochi,TimmyTurner,1.64709009
NA1/3571959042,2020-09-14,2020,Unknown,10.18,oe:team:ab8a919db08c9f8321da77bc63cb31d,Louisiana State University,lineup-7263f09241ee9cd5,1,pair-a8d37838ced35318,oe:player:8a26fb905636bc0bec1a65212c3c863,oe:player:e107e92b0751b8709e850921ed65683,shochi,DerpyBunzz,1.68178741
NA1/3571959042,2020-09-14,2020,Unknown,10.18,oe:team:ab8a919db08c9f8321da77bc63cb31d,Louisiana State University,lineup-7263f09241ee9cd5,1,pair-b31f7afe4e291e7e,oe:player:8a26fb905636bc0bec1a65212c3c863,oe:player:f6afb3ca3ac4cb969cc0c36330d8ee8,shochi,Airren,0.81567958
NA1/3571959042,2020-09-14,2020,Unknown,10.18,oe:team:ab8a919db08c9f8321da77bc63cb31d,Louisiana State University,lineup-7263f09241ee9cd5,1,pair-d519bb330bea7a8b,oe:player:be0a4f6bb9c7188519e9d6046af21fe,oe:player:e107e92b0751b8709e850921ed65683,TimmyTurner,DerpyBunzz,1.01334252
NA1/3571959042,2020-09-14,2020,Unknown,10.18,oe:team:ab8a919db08c9f8321da77bc63cb31d,Louisiana State University,lineup-7263f09241ee9cd5,1,pair-1691bf282dc5ff5c,oe:player:be0a4f6bb9c7188519e9d6046af21fe,oe:player:f6afb3ca3ac4cb969cc0c36330d8ee8,TimmyTurner,Airren,0.14723469
NA1/3571959042,2020-09-14,2020,Unknown,10.18,oe:team:ab8a919db08c9f8321da77bc63cb31d,Louisiana State University,lineup-7263f09241ee9cd5,1,pair-6bc057a749093fd5,oe:player:e107e92b0751b8709e850921ed65683,oe:player:f6afb3ca3ac4cb969cc0c36330d8ee8,DerpyBunzz,Airren,0.18193201
NA1/3572157904,2020-09-13,2020,Unknown,10.18,oe:team:33882d595cdafd472dc1ded1b7ee10b,TBA,lineup-28cf79f3c34ef815,1,pair-ed4ded690ac3a94f,oe:player:506d63191c3a0485207a97d1303614e,oe:player:aa7b13aaac8ab04283ce9626c6399d0,SeanTheGod,Young,1.24686406
NA1/3572157904,2020-09-13,2020,Unknown,10.18,oe:team:33882d595cdafd472dc1ded1b7ee10b,TBA,lineup-28cf79f3c34ef815,1,pair-4de3540a20676e9a,oe:player:506d63191c3a0485207a97d1303614e,oe:player:ae77aa7bcc848db57b978d7031cdcc6,SeanTheGod,James Bae,0.83809050
NA1/3572157904,2020-09-13,2020,Unknown,10.18,oe:team:33882d595cdafd472dc1ded1b7ee10b,TBA,lineup-28cf79f3c34ef815,1,pair-470c92563f4e67ce,oe:player:506d63191c3a0485207a97d1303614e,oe:player:f04a502d38a0c3b35e53ecef740cf37,SeanTheGod,Eclipse,0.81424252
NA1/3572157904,2020-09-13,2020,Unknown,10.18,oe:team:33882d595cdafd472dc1ded1b7ee10b,TBA,lineup-28cf79f3c34ef815,1,pair-609612fa1ee939e1,oe:player:506d63191c3a0485207a97d1303614e,oe:player:f23104490edcad2a6de0133e1784290,SeanTheGod,SiddyWiddy,2.06606859
NA1/3572157904,2020-09-13,2020,Unknown,10.18,oe:team:33882d595cdafd472dc1ded1b7ee10b,TBA,lineup-28cf79f3c34ef815,1,pair-b3c2c0ddb373a44a,oe:player:aa7b13aaac8ab04283ce9626c6399d0,oe:player:ae77aa7bcc848db57b978d7031cdcc6,Young,James Bae,0.33787071
NA1/3572157904,2020-09-13,2020,Unknown,10.18,oe:team:33882d595cdafd472dc1ded1b7ee10b,TBA,lineup-28cf79f3c34ef815,1,pair-825b111a063dc8ff,oe:player:aa7b13aaac8ab04283ce9626c6399d0,oe:player:f04a502d38a0c3b35e53ecef740cf37,Young,Eclipse,0.31402274
NA1/3572157904,2020-09-13,2020,Unknown,10.18,oe:team:33882d595cdafd472dc1ded1b7ee10b,TBA,lineup-28cf79f3c34ef815,1,pair-d6c061256b6d9ef8,oe:player:aa7b13aaac8ab04283ce9626c6399d0,oe:player:f23104490edcad2a6de0133e1784290,Young,SiddyWiddy,1.56584880
NA1/3572157904,2020-09-13,2020,Unknown,10.18,oe:team:33882d595cdafd472dc1ded1b7ee10b,TBA,lineup-28cf79f3c34ef815,1,pair-b604ea2f06f26246,oe:player:ae77aa7bcc848db57b978d7031cdcc6,oe:player:f04a502d38a0c3b35e53ecef740cf37,James Bae,Eclipse,-0.09475082
NA1/3572157904,2020-09-13,2020,Unknown,10.18,oe:team:33882d595cdafd472dc1ded1b7ee10b,TBA,lineup-28cf79f3c34ef815,1,pair-cf0641547ad3cc3d,oe:player:ae77aa7bcc848db57b978d7031cdcc6,oe:player:f23104490edcad2a6de0133e1784290,James Bae,SiddyWiddy,1.15707524
NA1/3572157904,2020-09-13,2020,Unknown,10.18,oe:team:33882d595cdafd472dc1ded1b7ee10b,TBA,lineup-28cf79f3c34ef815,1,pair-c43338f7b3c1d503,oe:player:f04a502d38a0c3b35e53ecef740cf37,oe:player:f23104490edcad2a6de0133e1784290,Eclipse,SiddyWiddy,1.13322726
NA1/3572157904,2020-09-13,2020,Unknown,10.18,oe:team:b99696624afa81613e7c305f10c6b05,Illinois State University,lineup-2c75145e2ab515e3,0,pair-e6b7b20224ab8237,oe:player:4f6099e648bf78004394fdbb56140ee,oe:player:5e0308bd1c4172cd22f7bedcb1119ba,DrewDozer,datdat1,0.12542114
NA1/3572157904,2020-09-13,2020,Unknown,10.18,oe:team:b99696624afa81613e7c305f10c6b05,Illinois State University,lineup-2c75145e2ab515e3,0,pair-cf414b2cd1b3b693,oe:player:4f6099e648bf78004394fdbb56140ee,oe:player:684880c286f599e706af1f009dd9ae4,DrewDozer,GFP,0.60231238
NA1/3572157904,2020-09-13,2020,Unknown,10.18,oe:team:b99696624afa81613e7c305f10c6b05,Illinois State University,lineup-2c75145e2ab515e3,0,pair-7b3710b3c73c4b2d,oe:player:4f6099e648bf78004394fdbb56140ee,oe:player:69e8187a8af4c2ca3b95e6027ecfc9b,DrewDozer,Yen,0.22885748
NA1/3572157904,2020-09-13,2020,Unknown,10.18,oe:team:b99696624afa81613e7c305f10c6b05,Illinois State University,lineup-2c75145e2ab515e3,0,pair-4d935280824c6804,oe:player:4f6099e648bf78004394fdbb56140ee,oe:player:aa3fd3870a04b4f9da9f7e49737f52a,DrewDozer,Tempos,0.21009975
NA1/3572157904,2020-09-13,2020,Unknown,10.18,oe:team:b99696624afa81613e7c305f10c6b05,Illinois State University,lineup-2c75145e2ab515e3,0,pair-16df56740273fba6,oe:player:5e0308bd1c4172cd22f7bedcb1119ba,oe:player:684880c286f599e706af1f009dd9ae4,datdat1,GFP,0.23656841
NA1/3572157904,2020-09-13,2020,Unknown,10.18,oe:team:b99696624afa81613e7c305f10c6b05,Illinois State University,lineup-2c75145e2ab515e3,0,pair-c28da33ad0db5076,oe:player:5e0308bd1c4172cd22f7bedcb1119ba,oe:player:69e8187a8af4c2ca3b95e6027ecfc9b,datdat1,Yen,-0.13688649
NA1/3572157904,2020-09-13,2020,Unknown,10.18,oe:team:b99696624afa81613e7c305f10c6b05,Illinois State University,lineup-2c75145e2ab515e3,0,pair-59f0ab20a6349fa2,oe:player:5e0308bd1c4172cd22f7bedcb1119ba,oe:player:aa3fd3870a04b4f9da9f7e49737f52a,datdat1,Tempos,-0.15564422
NA1/3572157904,2020-09-13,2020,Unknown,10.18,oe:team:b99696624afa81613e7c305f10c6b05,Illinois State University,lineup-2c75145e2ab515e3,0,pair-9d2fcd4fc52e8672,oe:player:684880c286f599e706af1f009dd9ae4,oe:player:69e8187a8af4c2ca3b95e6027ecfc9b,GFP,Yen,0.34000474
NA1/3572157904,2020-09-13,2020,Unknown,10.18,oe:team:b99696624afa81613e7c305f10c6b05,Illinois State University,lineup-2c75145e2ab515e3,0,pair-9c35944c3a43fb03,oe:player:684880c286f599e706af1f009dd9ae4,oe:player:aa3fd3870a04b4f9da9f7e49737f52a,GFP,Tempos,0.32124701
NA1/3572157904,2020-09-13,2020,Unknown,10.18,oe:team:b99696624afa81613e7c305f10c6b05,Illinois State University,lineup-2c75145e2ab515e3,0,pair-cbca667032bf0894,oe:player:69e8187a8af4c2ca3b95e6027ecfc9b,oe:player:aa3fd3870a04b4f9da9f7e49737f52a,Yen,Tempos,-0.05220788
NA1/3574169965,2020-09-14,2020,Unknown,10.18,oe:team:01a3132448697cecc30364f52173670,Team Fish Taco,lineup-68b5f927b44256ba,0,pair-ec487c66384c64ac,oe:player:1b7d720f9421df848050c33fbec3700,oe:player:2f8d775625d7bc8069ae313c9b2efbe,Qwacker,Gbunny,-0.96943825
NA1/3574169965,2020-09-14,2020,Unknown,10.18,oe:team:01a3132448697cecc30364f52173670,Team Fish Taco,lineup-68b5f927b44256ba,0,pair-c014d90a418b7f0c,oe:player:1b7d720f9421df848050c33fbec3700,oe:player:63956d12f094d1701126e814b4c966a,Qwacker,Apathing,-1.16941523
NA1/3574169965,2020-09-14,2020,Unknown,10.18,oe:team:01a3132448697cecc30364f52173670,Team Fish Taco,lineup-68b5f927b44256ba,0,pair-a6818bf4e777e293,oe:player:1b7d720f9421df848050c33fbec3700,oe:player:ac6c8ea090678bb181b8004e3efd830,Qwacker,Nightstar,-1.04193558
NA1/3574169965,2020-09-14,2020,Unknown,10.18,oe:team:01a3132448697cecc30364f52173670,Team Fish Taco,lineup-68b5f927b44256ba,0,pair-24603bd7bb97df26,oe:player:1b7d720f9421df848050c33fbec3700,oe:player:ba9de670bbae610f08fdb839b7c3ed4,Qwacker,kittyyy,-0.77139770
NA1/3574169965,2020-09-14,2020,Unknown,10.18,oe:team:01a3132448697cecc30364f52173670,Team Fish Taco,lineup-68b5f927b44256ba,0,pair-e8d147871cff4992,oe:player:2f8d775625d7bc8069ae313c9b2efbe,oe:player:63956d12f094d1701126e814b4c966a,Gbunny,Apathing,-1.44700143
NA1/3574169965,2020-09-14,2020,Unknown,10.18,oe:team:01a3132448697cecc30364f52173670,Team Fish Taco,lineup-68b5f927b44256ba,0,pair-c17e232bbb031fab,oe:player:2f8d775625d7bc8069ae313c9b2efbe,oe:player:ac6c8ea090678bb181b8004e3efd830,Gbunny,Nightstar,-1.31952178
NA1/3574169965,2020-09-14,2020,Unknown,10.18,oe:team:01a3132448697cecc30364f52173670,Team Fish Taco,lineup-68b5f927b44256ba,0,pair-f87eaf24d9b092cb,oe:player:2f8d775625d7bc8069ae313c9b2efbe,oe:player:ba9de670bbae610f08fdb839b7c3ed4,Gbunny,kittyyy,-1.04898390
NA1/3574169965,2020-09-14,2020,Unknown,10.18,oe:team:01a3132448697cecc30364f52173670,Team Fish Taco,lineup-68b5f927b44256ba,0,pair-817c88cb79517e4c,oe:player:63956d12f094d1701126e814b4c966a,oe:player:ac6c8ea090678bb181b8004e3efd830,Apathing,Nightstar,-1.51949876
NA1/3574169965,2020-09-14,2020,Unknown,10.18,oe:team:01a3132448697cecc30364f52173670,Team Fish Taco,lineup-68b5f927b44256ba,0,pair-3924b4dcaf9b0855,oe:player:63956d12f094d1701126e814b4c966a,oe:player:ba9de670bbae610f08fdb839b7c3ed4,Apathing,kittyyy,-1.24896089
NA1/3574169965,2020-09-14,2020,Unknown,10.18,oe:team:01a3132448697cecc30364f52173670,Team Fish Taco,lineup-68b5f927b44256ba,0,pair-cf8e520ec2be8296,oe:player:ac6c8ea090678bb181b8004e3efd830,oe:player:ba9de670bbae610f08fdb839b7c3ed4,Nightstar,kittyyy,-1.12148123
NA1/3574169965,2020-09-14,2020,Unknown,10.18,oe:team:7e2401900a9756d56a10b66590357fe,Dark Allegiance,lineup-23202622759e2b21,1,pair-5e028197501a0641,oe:player:28dc6796156fb243fc619681c680242,oe:player:4094cdb5b4ce1bd12736df16912a49e,Good Boi,Mekhio,-0.49695059
NA1/3574169965,2020-09-14,2020,Unknown,10.18,oe:team:7e2401900a9756d56a10b66590357fe,Dark Allegiance,lineup-23202622759e2b21,1,pair-dcb70ac747d5f3b3,oe:player:28dc6796156fb243fc619681c680242,oe:player:4b8fa1ed371220801e5d3083359b63e,Good Boi,Enigma,-0.41020496
NA1/3574169965,2020-09-14,2020,Unknown,10.18,oe:team:7e2401900a9756d56a10b66590357fe,Dark Allegiance,lineup-23202622759e2b21,1,pair-6868900a5544fa09,oe:player:28dc6796156fb243fc619681c680242,oe:player:e6ae8c3fc74814cd25df5e3da9347d1,Good Boi,Best Poutine QC,-0.27337686
NA1/3574169965,2020-09-14,2020,Unknown,10.18,oe:team:7e2401900a9756d56a10b66590357fe,Dark Allegiance,lineup-23202622759e2b21,1,pair-72ec6c49281865ba,oe:player:28dc6796156fb243fc619681c680242,oe:player:fd63d76c390835d150b487e0326a033,Good Boi,petitpois,-0.03794301
NA1/3574169965,2020-09-14,2020,Unknown,10.18,oe:team:7e2401900a9756d56a10b66590357fe,Dark Allegiance,lineup-23202622759e2b21,1,pair-276a3c75b9970cd1,oe:player:4094cdb5b4ce1bd12736df16912a49e,oe:player:4b8fa1ed371220801e5d3083359b63e,Mekhio,Enigma,-0.89802487
NA1/3574169965,2020-09-14,2020,Unknown,10.18,oe:team:7e2401900a9756d56a10b66590357fe,Dark Allegiance,lineup-23202622759e2b21,1,pair-23553e563e922584,oe:player:4094cdb5b4ce1bd12736df16912a49e,oe:player:e6ae8c3fc74814cd25df5e3da9347d1,Mekhio,Best Poutine QC,-0.76119677
NA1/3574169965,2020-09-14,2020,Unknown,10.18,oe:team:7e2401900a9756d56a10b66590357fe,Dark Allegiance,lineup-23202622759e2b21,1,pair-2a6159e23fa6703b,oe:player:4094cdb5b4ce1bd12736df16912a49e,oe:player:fd63d76c390835d150b487e0326a033,Mekhio,petitpois,-0.52576292
NA1/3574169965,2020-09-14,2020,Unknown,10.18,oe:team:7e2401900a9756d56a10b66590357fe,Dark Allegiance,lineup-23202622759e2b21,1,pair-23b1ad10455ef6fb,oe:player:4b8fa1ed371220801e5d3083359b63e,oe:player:e6ae8c3fc74814cd25df5e3da9347d1,Enigma,Best Poutine QC,-0.67445114
NA1/3574169965,2020-09-14,2020,Unknown,10.18,oe:team:7e2401900a9756d56a10b66590357fe,Dark Allegiance,lineup-23202622759e2b21,1,pair-e7b19738d5a2bb74,oe:player:4b8fa1ed371220801e5d3083359b63e,oe:player:fd63d76c390835d150b487e0326a033,Enigma,petitpois,-0.43901729
NA1/3574169965,2020-09-14,2020,Unknown,10.18,oe:team:7e2401900a9756d56a10b66590357fe,Dark Allegiance,lineup-23202622759e2b21,1,pair-387405edd23ba50a,oe:player:e6ae8c3fc74814cd25df5e3da9347d1,oe:player:fd63d76c390835d150b487e0326a033,Best Poutine QC,petitpois,-0.30218919
NA1/3583291916,2020-09-20,2020,Unknown,10.19,oe:team:ab8a919db08c9f8321da77bc63cb31d,Louisiana State University,lineup-7263f09241ee9cd5,0,pair-6d63422b633bd09a,oe:player:0fe6cc268b58e582c12d3c0656f2752,oe:player:8a26fb905636bc0bec1a65212c3c863,PrincessKyle,shochi,-0.91601942
NA1/3583291916,2020-09-20,2020,Unknown,10.19,oe:team:ab8a919db08c9f8321da77bc63cb31d,Louisiana State University,lineup-7263f09241ee9cd5,0,pair-951d1255bb80638f,oe:player:0fe6cc268b58e582c12d3c0656f2752,oe:player:be0a4f6bb9c7188519e9d6046af21fe,PrincessKyle,TimmyTurner,-0.82851522
NA1/3583291916,2020-09-20,2020,Unknown,10.19,oe:team:ab8a919db08c9f8321da77bc63cb31d,Louisiana State University,lineup-7263f09241ee9cd5,0,pair-61d78d6bca3bb486,oe:player:0fe6cc268b58e582c12d3c0656f2752,oe:player:e107e92b0751b8709e850921ed65683,PrincessKyle,DerpyBunzz,-0.92771663
NA1/3583291916,2020-09-20,2020,Unknown,10.19,oe:team:ab8a919db08c9f8321da77bc63cb31d,Louisiana State University,lineup-7263f09241ee9cd5,0,pair-8c36fc9a22382474,oe:player:0fe6cc268b58e582c12d3c0656f2752,oe:player:f6afb3ca3ac4cb969cc0c36330d8ee8,PrincessKyle,Airren,-1.23809874
NA1/3583291916,2020-09-20,2020,Unknown,10.19,oe:team:ab8a919db08c9f8321da77bc63cb31d,Louisiana State University,lineup-7263f09241ee9cd5,0,pair-53202c686aa93c5e,oe:player:8a26fb905636bc0bec1a65212c3c863,oe:player:be0a4f6bb9c7188519e9d6046af21fe,shochi,TimmyTurner,-0.60026634
NA1/3583291916,2020-09-20,2020,Unknown,10.19,oe:team:ab8a919db08c9f8321da77bc63cb31d,Louisiana State University,lineup-7263f09241ee9cd5,0,pair-a8d37838ced35318,oe:player:8a26fb905636bc0bec1a65212c3c863,oe:player:e107e92b0751b8709e850921ed65683,shochi,DerpyBunzz,-0.69946775
NA1/3583291916,2020-09-20,2020,Unknown,10.19,oe:team:ab8a919db08c9f8321da77bc63cb31d,Louisiana State University,lineup-7263f09241ee9cd5,0,pair-b31f7afe4e291e7e,oe:player:8a26fb905636bc0bec1a65212c3c863,oe:player:f6afb3ca3ac4cb969cc0c36330d8ee8,shochi,Airren,-1.00984986
NA1/3583291916,2020-09-20,2020,Unknown,10.19,oe:team:ab8a919db08c9f8321da77bc63cb31d,Louisiana State University,lineup-7263f09241ee9cd5,0,pair-d519bb330bea7a8b,oe:player:be0a4f6bb9c7188519e9d6046af21fe,oe:player:e107e92b0751b8709e850921ed65683,TimmyTurner,DerpyBunzz,-0.61196354
NA1/3583291916,2020-09-20,2020,Unknown,10.19,oe:team:ab8a919db08c9f8321da77bc63cb31d,Louisiana State University,lineup-7263f09241ee9cd5,0,pair-1691bf282dc5ff5c,oe:player:be0a4f6bb9c7188519e9d6046af21fe,oe:player:f6afb3ca3ac4cb969cc0c36330d8ee8,TimmyTurner,Airren,-0.92234565
NA1/3583291916,2020-09-20,2020,Unknown,10.19,oe:team:ab8a919db08c9f8321da77bc63cb31d,Louisiana State University,lineup-7263f09241ee9cd5,0,pair-6bc057a749093fd5,oe:player:e107e92b0751b8709e850921ed65683,oe:player:f6afb3ca3ac4cb969cc0c36330d8ee8,DerpyBunzz,Airren,-1.02154707
NA1/3583291916,2020-09-20,2020,Unknown,10.19,oe:team:bfd1bba6235971993e82d51e679a34a,Zenith Esports,lineup-fe132b6f7f62fe09,1,pair-7e7e09f613033d58,oe:player:6f10a2717479aea87d996e2989d4dd5,oe:player:b1608dc23a218a150a431be676f3fe4,Aspect,RoseThorn,-0.36670877
NA1/3583291916,2020-09-20,2020,Unknown,10.19,oe:team:bfd1bba6235971993e82d51e679a34a,Zenith Esports,lineup-fe132b6f7f62fe09,1,pair-a849eb41cc7bf45a,oe:player:6f10a2717479aea87d996e2989d4dd5,oe:player:b290ece1cdd4fca4794af2d5cf86ef7,Aspect,Gible,-0.23219602
NA1/3583291916,2020-09-20,2020,Unknown,10.19,oe:team:bfd1bba6235971993e82d51e679a34a,Zenith Esports,lineup-fe132b6f7f62fe09,1,pair-cd8afdc259a850f0,oe:player:6f10a2717479aea87d996e2989d4dd5,oe:player:b57dad2e02488237bab9f06f7bb9f54,Aspect,Danny,-0.37725349
NA1/3583291916,2020-09-20,2020,Unknown,10.19,oe:team:bfd1bba6235971993e82d51e679a34a,Zenith Esports,lineup-fe132b6f7f62fe09,1,pair-50f92487c4a9576a,oe:player:6f10a2717479aea87d996e2989d4dd5,oe:player:c9fe742896cf95349db15b35ec262e1,Aspect,Mist,-0.55111656
NA1/3583291916,2020-09-20,2020,Unknown,10.19,oe:team:bfd1bba6235971993e82d51e679a34a,Zenith Esports,lineup-fe132b6f7f62fe09,1,pair-b298b9545fdb8298,oe:player:b1608dc23a218a150a431be676f3fe4,oe:player:b290ece1cdd4fca4794af2d5cf86ef7,RoseThorn,Gible,-0.16654227
NA1/3583291916,2020-09-20,2020,Unknown,10.19,oe:team:bfd1bba6235971993e82d51e679a34a,Zenith Esports,lineup-fe132b6f7f62fe09,1,pair-afcd103e47ea3e41,oe:player:b1608dc23a218a150a431be676f3fe4,oe:player:b57dad2e02488237bab9f06f7bb9f54,RoseThorn,Danny,-0.31159974
NA1/3583291916,2020-09-20,2020,Unknown,10.19,oe:team:bfd1bba6235971993e82d51e679a34a,Zenith Esports,lineup-fe132b6f7f62fe09,1,pair-0806d31bfc7478de,oe:player:b1608dc23a218a150a431be676f3fe4,oe:player:c9fe742896cf95349db15b35ec262e1,RoseThorn,Mist,-0.48546281
NA1/3583291916,2020-09-20,2020,Unknown,10.19,oe:team:bfd1bba6235971993e82d51e679a34a,Zenith Esports,lineup-fe132b6f7f62fe09,1,pair-6f4f6f2eb880eb26,oe:player:b290ece1cdd4fca4794af2d5cf86ef7,oe:player:b57dad2e02488237bab9f06f7bb9f54,Gible,Danny,-0.17708699
NA1/3583291916,2020-09-20,2020,Unknown,10.19,oe:team:bfd1bba6235971993e82d51e679a34a,Zenith Esports,lineup-fe132b6f7f62fe09,1,pair-654962643c4fb097,oe:player:b290ece1cdd4fca4794af2d5cf86ef7,oe:player:c9fe742896cf95349db15b35ec262e1,Gible,Mist,-0.35095006
NA1/3583291916,2020-09-20,2020,Unknown,10.19,oe:team:bfd1bba6235971993e82d51e679a34a,Zenith Esports,lineup-fe132b6f7f62fe09,1,pair-d4c138a32bc8ffb5,oe:player:b57dad2e02488237bab9f06f7bb9f54,oe:player:c9fe742896cf95349db15b35ec262e1,Danny,Mist,-0.49600754
NA1/3583492035,2020-09-21,2020,Unknown,10.19,oe:team:ab8a919db08c9f8321da77bc63cb31d,Louisiana State University,lineup-7263f09241ee9cd5,0,pair-6d63422b633bd09a,oe:player:0fe6cc268b58e582c12d3c0656f2752,oe:player:8a26fb905636bc0bec1a65212c3c863,PrincessKyle,shochi,0.54242163
NA1/3583492035,2020-09-21,2020,Unknown,10.19,oe:team:ab8a919db08c9f8321da77bc63cb31d,Louisiana State University,lineup-7263f09241ee9cd5,0,pair-951d1255bb80638f,oe:player:0fe6cc268b58e582c12d3c0656f2752,oe:player:be0a4f6bb9c7188519e9d6046af21fe,PrincessKyle,TimmyTurner,-0.55977559
NA1/3583492035,2020-09-21,2020,Unknown,10.19,oe:team:ab8a919db08c9f8321da77bc63cb31d,Louisiana State University,lineup-7263f09241ee9cd5,0,pair-61d78d6bca3bb486,oe:player:0fe6cc268b58e582c12d3c0656f2752,oe:player:e107e92b0751b8709e850921ed65683,PrincessKyle,DerpyBunzz,-0.63614795
NA1/3583492035,2020-09-21,2020,Unknown,10.19,oe:team:ab8a919db08c9f8321da77bc63cb31d,Louisiana State University,lineup-7263f09241ee9cd5,0,pair-8c36fc9a22382474,oe:player:0fe6cc268b58e582c12d3c0656f2752,oe:player:f6afb3ca3ac4cb969cc0c36330d8ee8,PrincessKyle,Airren,-0.62471787
NA1/3583492035,2020-09-21,2020,Unknown,10.19,oe:team:ab8a919db08c9f8321da77bc63cb31d,Louisiana State University,lineup-7263f09241ee9cd5,0,pair-53202c686aa93c5e,oe:player:8a26fb905636bc0bec1a65212c3c863,oe:player:be0a4f6bb9c7188519e9d6046af21fe,shochi,TimmyTurner,0.73762004
NA1/3583492035,2020-09-21,2020,Unknown,10.19,oe:team:ab8a919db08c9f8321da77bc63cb31d,Louisiana State University,lineup-7263f09241ee9cd5,0,pair-a8d37838ced35318,oe:player:8a26fb905636bc0bec1a65212c3c863,oe:player:e107e92b0751b8709e850921ed65683,shochi,DerpyBunzz,0.66124767
NA1/3583492035,2020-09-21,2020,Unknown,10.19,oe:team:ab8a919db08c9f8321da77bc63cb31d,Louisiana State University,lineup-7263f09241ee9cd5,0,pair-b31f7afe4e291e7e,oe:player:8a26fb905636bc0bec1a65212c3c863,oe:player:f6afb3ca3ac4cb969cc0c36330d8ee8,shochi,Airren,0.67267775
NA1/3583492035,2020-09-21,2020,Unknown,10.19,oe:team:ab8a919db08c9f8321da77bc63cb31d,Louisiana State University,lineup-7263f09241ee9cd5,0,pair-d519bb330bea7a8b,oe:player:be0a4f6bb9c7188519e9d6046af21fe,oe:player:e107e92b0751b8709e850921ed65683,TimmyTurner,DerpyBunzz,-0.44094955
NA1/3583492035,2020-09-21,2020,Unknown,10.19,oe:team:ab8a919db08c9f8321da77bc63cb31d,Louisiana State University,lineup-7263f09241ee9cd5,0,pair-1691bf282dc5ff5c,oe:player:be0a4f6bb9c7188519e9d6046af21fe,oe:player:f6afb3ca3ac4cb969cc0c36330d8ee8,TimmyTurner,Airren,-0.42951946
NA1/3583492035,2020-09-21,2020,Unknown,10.19,oe:team:ab8a919db08c9f8321da77bc63cb31d,Louisiana State University,lineup-7263f09241ee9cd5,0,pair-6bc057a749093fd5,oe:player:e107e92b0751b8709e850921ed65683,oe:player:f6afb3ca3ac4cb969cc0c36330d8ee8,DerpyBunzz,Airren,-0.50589183
NA1/3583492035,2020-09-21,2020,Unknown,10.19,oe:team:bfd1bba6235971993e82d51e679a34a,Zenith Esports,lineup-fe132b6f7f62fe09,1,pair-7e7e09f613033d58,oe:player:6f10a2717479aea87d996e2989d4dd5,oe:player:b1608dc23a218a150a431be676f3fe4,Aspect,RoseThorn,0.14811039
NA1/3583492035,2020-09-21,2020,Unknown,10.19,oe:team:bfd1bba6235971993e82d51e679a34a,Zenith Esports,lineup-fe132b6f7f62fe09,1,pair-a849eb41cc7bf45a,oe:player:6f10a2717479aea87d996e2989d4dd5,oe:player:b290ece1cdd4fca4794af2d5cf86ef7,Aspect,Gible,1.64185644
NA1/3583492035,2020-09-21,2020,Unknown,10.19,oe:team:bfd1bba6235971993e82d51e679a34a,Zenith Esports,lineup-fe132b6f7f62fe09,1,pair-cd8afdc259a850f0,oe:player:6f10a2717479aea87d996e2989d4dd5,oe:player:b57dad2e02488237bab9f06f7bb9f54,Aspect,Danny,0.34872394
NA1/3583492035,2020-09-21,2020,Unknown,10.19,oe:team:bfd1bba6235971993e82d51e679a34a,Zenith Esports,lineup-fe132b6f7f62fe09,1,pair-50f92487c4a9576a,oe:player:6f10a2717479aea87d996e2989d4dd5,oe:player:c9fe742896cf95349db15b35ec262e1,Aspect,Mist,-0.11197274
NA1/3583492035,2020-09-21,2020,Unknown,10.19,oe:team:bfd1bba6235971993e82d51e679a34a,Zenith Esports,lineup-fe132b6f7f62fe09,1,pair-b298b9545fdb8298,oe:player:b1608dc23a218a150a431be676f3fe4,oe:player:b290ece1cdd4fca4794af2d5cf86ef7,RoseThorn,Gible,1.12215978
NA1/3583492035,2020-09-21,2020,Unknown,10.19,oe:team:bfd1bba6235971993e82d51e679a34a,Zenith Esports,lineup-fe132b6f7f62fe09,1,pair-afcd103e47ea3e41,oe:player:b1608dc23a218a150a431be676f3fe4,oe:player:b57dad2e02488237bab9f06f7bb9f54,RoseThorn,Danny,-0.17097272
NA1/3583492035,2020-09-21,2020,Unknown,10.19,oe:team:bfd1bba6235971993e82d51e679a34a,Zenith Esports,lineup-fe132b6f7f62fe09,1,pair-0806d31bfc7478de,oe:player:b1608dc23a218a150a431be676f3fe4,oe:player:c9fe742896cf95349db15b35ec262e1,RoseThorn,Mist,-0.63166940
NA1/3583492035,2020-09-21,2020,Unknown,10.19,oe:team:bfd1bba6235971993e82d51e679a34a,Zenith Esports,lineup-fe132b6f7f62fe09,1,pair-6f4f6f2eb880eb26,oe:player:b290ece1cdd4fca4794af2d5cf86ef7,oe:player:b57dad2e02488237bab9f06f7bb9f54,Gible,Danny,1.32277334
NA1/3583492035,2020-09-21,2020,Unknown,10.19,oe:team:bfd1bba6235971993e82d51e679a34a,Zenith Esports,lineup-fe132b6f7f62fe09,1,pair-654962643c4fb097,oe:player:b290ece1cdd4fca4794af2d5cf86ef7,oe:player:c9fe742896cf95349db15b35ec262e1,Gible,Mist,0.86207666
NA1/3583492035,2020-09-21,2020,Unknown,10.19,oe:team:bfd1bba6235971993e82d51e679a34a,Zenith Esports,lineup-fe132b6f7f62fe09,1,pair-d4c138a32bc8ffb5,oe:player:b57dad2e02488237bab9f06f7bb9f54,oe:player:c9fe742896cf95349db15b35ec262e1,Danny,Mist,-0.43105584
NA1/3583599150,2020-09-21,2020,Unknown,10.19,oe:team:5774d59075b9be61779abedd5c227c7,University of Texas at Dallas,lineup-b5fab50f3bd6a0cb,0,pair-69ecd79dc6cf3b12,oe:player:15ffba9c994525a1e2bb996783de692,oe:player:2291e1a29406540fce27a3386b57fa5,TreeKangar00,YHL,1.40398546
NA1/3583599150,2020-09-21,2020,Unknown,10.19,oe:team:5774d59075b9be61779abedd5c227c7,University of Texas at Dallas,lineup-b5fab50f3bd6a0cb,0,pair-1d95945adc274e43,oe:player:15ffba9c994525a1e2bb996783de692,oe:player:4b7ad6dc26f8eb3ff971505642bb995,TreeKangar00,Lunarly,-0.62633884
NA1/3583599150,2020-09-21,2020,Unknown,10.19,oe:team:5774d59075b9be61779abedd5c227c7,University of Texas at Dallas,lineup-b5fab50f3bd6a0cb,0,pair-f7efda9d91040eb9,oe:player:15ffba9c994525a1e2bb996783de692,oe:player:9cec403b11e51aa74b9787720b3f5fe,TreeKangar00,Good Sir,0.67334646
NA1/3583599150,2020-09-21,2020,Unknown,10.19,oe:team:5774d59075b9be61779abedd5c227c7,University of Texas at Dallas,lineup-b5fab50f3bd6a0cb,0,pair-d367eda25b40bf7d,oe:player:15ffba9c994525a1e2bb996783de692,oe:player:c442a7c2c2b8381ca267657859151e6,TreeKangar00,Jons,0.15576762
NA1/3583599150,2020-09-21,2020,Unknown,10.19,oe:team:5774d59075b9be61779abedd5c227c7,University of Texas at Dallas,lineup-b5fab50f3bd6a0cb,0,pair-6c0d4ec2fa12703b,oe:player:2291e1a29406540fce27a3386b57fa5,oe:player:4b7ad6dc26f8eb3ff971505642bb995,YHL,Lunarly,0.86080938
NA1/3583599150,2020-09-21,2020,Unknown,10.19,oe:team:5774d59075b9be61779abedd5c227c7,University of Texas at Dallas,lineup-b5fab50f3bd6a0cb,0,pair-ee95bbffa7d5b1d0,oe:player:2291e1a29406540fce27a3386b57fa5,oe:player:9cec403b11e51aa74b9787720b3f5fe,YHL,Good Sir,2.16049467
NA1/3583599150,2020-09-21,2020,Unknown,10.19,oe:team:5774d59075b9be61779abedd5c227c7,University of Texas at Dallas,lineup-b5fab50f3bd6a0cb,0,pair-f12aa00ea2c92d6f,oe:player:2291e1a29406540fce27a3386b57fa5,oe:player:c442a7c2c2b8381ca267657859151e6,YHL,Jons,1.64291584
NA1/3583599150,2020-09-21,2020,Unknown,10.19,oe:team:5774d59075b9be61779abedd5c227c7,University of Texas at Dallas,lineup-b5fab50f3bd6a0cb,0,pair-9de264a238fc0b95,oe:player:4b7ad6dc26f8eb3ff971505642bb995,oe:player:9cec403b11e51aa74b9787720b3f5fe,Lunarly,Good Sir,0.13017037
NA1/3583599150,2020-09-21,2020,Unknown,10.19,oe:team:5774d59075b9be61779abedd5c227c7,University of Texas at Dallas,lineup-b5fab50f3bd6a0cb,0,pair-49586a1de0f45291,oe:player:4b7ad6dc26f8eb3ff971505642bb995,oe:player:c442a7c2c2b8381ca267657859151e6,Lunarly,Jons,-0.38740847
NA1/3583599150,2020-09-21,2020,Unknown,10.19,oe:team:5774d59075b9be61779abedd5c227c7,University of Texas at Dallas,lineup-b5fab50f3bd6a0cb,0,pair-90e221bce4bf3565,oe:player:9cec403b11e51aa74b9787720b3f5fe,oe:player:c442a7c2c2b8381ca267657859151e6,Good Sir,Jons,0.91227683
NA1/3583599150,2020-09-21,2020,Unknown,10.19,oe:team:8726cc5f2f30137866f13cfc53a9fb2,Noble Esports,lineup-a688a66407f14a2d,1,pair-053b4dbd0f0a72c8,oe:player:29b67a93c1a600beb6904551c853fdd,oe:player:3f87e25690ea3bdeb998259fb45445c,Trevor,Engo,1.48779721
NA1/3583599150,2020-09-21,2020,Unknown,10.19,oe:team:8726cc5f2f30137866f13cfc53a9fb2,Noble Esports,lineup-a688a66407f14a2d,1,pair-87100f25573d1fe8,oe:player:29b67a93c1a600beb6904551c853fdd,oe:player:4db47d64e2721bf7a93ebf42e488852,Trevor,Meech,0.03366787
NA1/3583599150,2020-09-21,2020,Unknown,10.19,oe:team:8726cc5f2f30137866f13cfc53a9fb2,Noble Esports,lineup-a688a66407f14a2d,1,pair-952b12d643620b6b,oe:player:29b67a93c1a600beb6904551c853fdd,oe:player:5f048688474a6eacfefd74bd53d8715,Trevor,Sheiden,1.61907001
NA1/3583599150,2020-09-21,2020,Unknown,10.19,oe:team:8726cc5f2f30137866f13cfc53a9fb2,Noble Esports,lineup-a688a66407f14a2d,1,pair-5483654c8c29a4a2,oe:player:29b67a93c1a600beb6904551c853fdd,oe:player:83eb62484689106807fcf5ad55b5479,Trevor,Jojopyun,0.42099489
NA1/3583599150,2020-09-21,2020,Unknown,10.19,oe:team:8726cc5f2f30137866f13cfc53a9fb2,Noble Esports,lineup-a688a66407f14a2d,1,pair-572b25aa1be9e916,oe:player:3f87e25690ea3bdeb998259fb45445c,oe:player:4db47d64e2721bf7a93ebf42e488852,Engo,Meech,2.00788242
NA1/3583599150,2020-09-21,2020,Unknown,10.19,oe:team:8726cc5f2f30137866f13cfc53a9fb2,Noble Esports,lineup-a688a66407f14a2d,1,pair-cb08e7ab53ce1e52,oe:player:3f87e25690ea3bdeb998259fb45445c,oe:player:5f048688474a6eacfefd74bd53d8715,Engo,Sheiden,3.59328456
NA1/3583599150,2020-09-21,2020,Unknown,10.19,oe:team:8726cc5f2f30137866f13cfc53a9fb2,Noble Esports,lineup-a688a66407f14a2d,1,pair-12a509c124350388,oe:player:3f87e25690ea3bdeb998259fb45445c,oe:player:83eb62484689106807fcf5ad55b5479,Engo,Jojopyun,2.39520944
NA1/3583599150,2020-09-21,2020,Unknown,10.19,oe:team:8726cc5f2f30137866f13cfc53a9fb2,Noble Esports,lineup-a688a66407f14a2d,1,pair-cd80a8b03c139e46,oe:player:4db47d64e2721bf7a93ebf42e488852,oe:player:5f048688474a6eacfefd74bd53d8715,Meech,Sheiden,2.13915523
NA1/3583599150,2020-09-21,2020,Unknown,10.19,oe:team:8726cc5f2f30137866f13cfc53a9fb2,Noble Esports,lineup-a688a66407f14a2d,1,pair-5841f3c91656db02,oe:player:4db47d64e2721bf7a93ebf42e488852,oe:player:83eb62484689106807fcf5ad55b5479,Meech,Jojopyun,0.94108010
NA1/3583599150,2020-09-21,2020,Unknown,10.19,oe:team:8726cc5f2f30137866f13cfc53a9fb2,Noble Esports,lineup-a688a66407f14a2d,1,pair-b86086eb55deb8fa,oe:player:5f048688474a6eacfefd74bd53d8715,oe:player:83eb62484689106807fcf5ad55b5479,Sheiden,Jojopyun,2.52648225
NA1/3585610124,2020-09-22,2020,Unknown,10.19,oe:team:5774d59075b9be61779abedd5c227c7,University of Texas at Dallas,lineup-92d7d23900c9ad02,0,pair-69ecd79dc6cf3b12,oe:player:15ffba9c994525a1e2bb996783de692,oe:player:2291e1a29406540fce27a3386b57fa5,TreeKangar00,YHL,0.17051220
NA1/3585610124,2020-09-22,2020,Unknown,10.19,oe:team:5774d59075b9be61779abedd5c227c7,University of Texas at Dallas,lineup-92d7d23900c9ad02,0,pair-375ad09b22764436,oe:player:15ffba9c994525a1e2bb996783de692,oe:player:437867e480006cd0b473d0fe5630696,TreeKangar00,Poofu,0.35158523
NA1/3585610124,2020-09-22,2020,Unknown,10.19,oe:team:5774d59075b9be61779abedd5c227c7,University of Texas at Dallas,lineup-92d7d23900c9ad02,0,pair-1d95945adc274e43,oe:player:15ffba9c994525a1e2bb996783de692,oe:player:4b7ad6dc26f8eb3ff971505642bb995,TreeKangar00,Lunarly,1.07169128
NA1/3585610124,2020-09-22,2020,Unknown,10.19,oe:team:5774d59075b9be61779abedd5c227c7,University of Texas at Dallas,lineup-92d7d23900c9ad02,0,pair-f7efda9d91040eb9,oe:player:15ffba9c994525a1e2bb996783de692,oe:player:9cec403b11e51aa74b9787720b3f5fe,TreeKangar00,Good Sir,-0.10732561
NA1/3585610124,2020-09-22,2020,Unknown,10.19,oe:team:5774d59075b9be61779abedd5c227c7,University of Texas at Dallas,lineup-92d7d23900c9ad02,0,pair-52b488004e637e35,oe:player:2291e1a29406540fce27a3386b57fa5,oe:player:437867e480006cd0b473d0fe5630696,YHL,Poofu,0.73171782
NA1/3585610124,2020-09-22,2020,Unknown,10.19,oe:team:5774d59075b9be61779abedd5c227c7,University of Texas at Dallas,lineup-92d7d23900c9ad02,0,pair-6c0d4ec2fa12703b,oe:player:2291e1a29406540fce27a3386b57fa5,oe:player:4b7ad6dc26f8eb3ff971505642bb995,YHL,Lunarly,1.45182387
NA1/3585610124,2020-09-22,2020,Unknown,10.19,oe:team:5774d59075b9be61779abedd5c227c7,University of Texas at Dallas,lineup-92d7d23900c9ad02,0,pair-ee95bbffa7d5b1d0,oe:player:2291e1a29406540fce27a3386b57fa5,oe:player:9cec403b11e51aa74b9787720b3f5fe,YHL,Good Sir,0.27280698
NA1/3585610124,2020-09-22,2020,Unknown,10.19,oe:team:5774d59075b9be61779abedd5c227c7,University of Texas at Dallas,lineup-92d7d23900c9ad02,0,pair-1568e21c20d913d0,oe:player:437867e480006cd0b473d0fe5630696,oe:player:4b7ad6dc26f8eb3ff971505642bb995,Poofu,Lunarly,1.63289690
NA1/3585610124,2020-09-22,2020,Unknown,10.19,oe:team:5774d59075b9be61779abedd5c227c7,University of Texas at Dallas,lineup-92d7d23900c9ad02,0,pair-85a7a976b612a8a3,oe:player:437867e480006cd0b473d0fe5630696,oe:player:9cec403b11e51aa74b9787720b3f5fe,Poofu,Good Sir,0.45388000
NA1/3585610124,2020-09-22,2020,Unknown,10.19,oe:team:5774d59075b9be61779abedd5c227c7,University of Texas at Dallas,lineup-92d7d23900c9ad02,0,pair-9de264a238fc0b95,oe:player:4b7ad6dc26f8eb3ff971505642bb995,oe:player:9cec403b11e51aa74b9787720b3f5fe,Lunarly,Good Sir,1.17398606
NA1/3585610124,2020-09-22,2020,Unknown,10.19,oe:team:8726cc5f2f30137866f13cfc53a9fb2,Noble Esports,lineup-a688a66407f14a2d,1,pair-053b4dbd0f0a72c8,oe:player:29b67a93c1a600beb6904551c853fdd,oe:player:3f87e25690ea3bdeb998259fb45445c,Trevor,Engo,0.99790445
NA1/3585610124,2020-09-22,2020,Unknown,10.19,oe:team:8726cc5f2f30137866f13cfc53a9fb2,Noble Esports,lineup-a688a66407f14a2d,1,pair-87100f25573d1fe8,oe:player:29b67a93c1a600beb6904551c853fdd,oe:player:4db47d64e2721bf7a93ebf42e488852,Trevor,Meech,1.16913098
NA1/3585610124,2020-09-22,2020,Unknown,10.19,oe:team:8726cc5f2f30137866f13cfc53a9fb2,Noble Esports,lineup-a688a66407f14a2d,1,pair-952b12d643620b6b,oe:player:29b67a93c1a600beb6904551c853fdd,oe:player:5f048688474a6eacfefd74bd53d8715,Trevor,Sheiden,2.64691455
NA1/3585610124,2020-09-22,2020,Unknown,10.19,oe:team:8726cc5f2f30137866f13cfc53a9fb2,Noble Esports,lineup-a688a66407f14a2d,1,pair-5483654c8c29a4a2,oe:player:29b67a93c1a600beb6904551c853fdd,oe:player:83eb62484689106807fcf5ad55b5479,Trevor,Jojopyun,1.87733422
NA1/3585610124,2020-09-22,2020,Unknown,10.19,oe:team:8726cc5f2f30137866f13cfc53a9fb2,Noble Esports,lineup-a688a66407f14a2d,1,pair-572b25aa1be9e916,oe:player:3f87e25690ea3bdeb998259fb45445c,oe:player:4db47d64e2721bf7a93ebf42e488852,Engo,Meech,0.80768420
NA1/3585610124,2020-09-22,2020,Unknown,10.19,oe:team:8726cc5f2f30137866f13cfc53a9fb2,Noble Esports,lineup-a688a66407f14a2d,1,pair-cb08e7ab53ce1e52,oe:player:3f87e25690ea3bdeb998259fb45445c,oe:player:5f048688474a6eacfefd74bd53d8715,Engo,Sheiden,2.28546776
NA1/3585610124,2020-09-22,2020,Unknown,10.19,oe:team:8726cc5f2f30137866f13cfc53a9fb2,Noble Esports,lineup-a688a66407f14a2d,1,pair-12a509c124350388,oe:player:3f87e25690ea3bdeb998259fb45445c,oe:player:83eb62484689106807fcf5ad55b5479,Engo,Jojopyun,1.51588743
NA1/3585610124,2020-09-22,2020,Unknown,10.19,oe:team:8726cc5f2f30137866f13cfc53a9fb2,Noble Esports,lineup-a688a66407f14a2d,1,pair-cd80a8b03c139e46,oe:player:4db47d64e2721bf7a93ebf42e488852,oe:player:5f048688474a6eacfefd74bd53d8715,Meech,Sheiden,2.45669429
NA1/3585610124,2020-09-22,2020,Unknown,10.19,oe:team:8726cc5f2f30137866f13cfc53a9fb2,Noble Esports,lineup-a688a66407f14a2d,1,pair-5841f3c91656db02,oe:player:4db47d64e2721bf7a93ebf42e488852,oe:player:83eb62484689106807fcf5ad55b5479,Meech,Jojopyun,1.68711396
NA1/3585610124,2020-09-22,2020,Unknown,10.19,oe:team:8726cc5f2f30137866f13cfc53a9fb2,Noble Esports,lineup-a688a66407f14a2d,1,pair-b86086eb55deb8fa,oe:player:5f048688474a6eacfefd74bd53d8715,oe:player:83eb62484689106807fcf5ad55b5479,Sheiden,Jojopyun,3.16489753
NA1/3590403684,2020-09-25,2020,Unknown,10.19,oe:team:7e2401900a9756d56a10b66590357fe,Dark Allegiance,lineup-23202622759e2b21,1,pair-5e028197501a0641,oe:player:28dc6796156fb243fc619681c680242,oe:player:4094cdb5b4ce1bd12736df16912a49e,Good Boi,Mekhio,0.06984381
NA1/3590403684,2020-09-25,2020,Unknown,10.19,oe:team:7e2401900a9756d56a10b66590357fe,Dark Allegiance,lineup-23202622759e2b21,1,pair-dcb70ac747d5f3b3,oe:player:28dc6796156fb243fc619681c680242,oe:player:4b8fa1ed371220801e5d3083359b63e,Good Boi,Enigma,-0.25744049
NA1/3590403684,2020-09-25,2020,Unknown,10.19,oe:team:7e2401900a9756d56a10b66590357fe,Dark Allegiance,lineup-23202622759e2b21,1,pair-6868900a5544fa09,oe:player:28dc6796156fb243fc619681c680242,oe:player:e6ae8c3fc74814cd25df5e3da9347d1,Good Boi,Best Poutine QC,-0.76535535
NA1/3590403684,2020-09-25,2020,Unknown,10.19,oe:team:7e2401900a9756d56a10b66590357fe,Dark Allegiance,lineup-23202622759e2b21,1,pair-72ec6c49281865ba,oe:player:28dc6796156fb243fc619681c680242,oe:player:fd63d76c390835d150b487e0326a033,Good Boi,petitpois,0.18658357
NA1/3590403684,2020-09-25,2020,Unknown,10.19,oe:team:7e2401900a9756d56a10b66590357fe,Dark Allegiance,lineup-23202622759e2b21,1,pair-276a3c75b9970cd1,oe:player:4094cdb5b4ce1bd12736df16912a49e,oe:player:4b8fa1ed371220801e5d3083359b63e,Mekhio,Enigma,0.15504872
NA1/3590403684,2020-09-25,2020,Unknown,10.19,oe:team:7e2401900a9756d56a10b66590357fe,Dark Allegiance,lineup-23202622759e2b21,1,pair-23553e563e922584,oe:player:4094cdb5b4ce1bd12736df16912a49e,oe:player:e6ae8c3fc74814cd25df5e3da9347d1,Mekhio,Best Poutine QC,-0.35286614
NA1/3590403684,2020-09-25,2020,Unknown,10.19,oe:team:7e2401900a9756d56a10b66590357fe,Dark Allegiance,lineup-23202622759e2b21,1,pair-2a6159e23fa6703b,oe:player:4094cdb5b4ce1bd12736df16912a49e,oe:player:fd63d76c390835d150b487e0326a033,Mekhio,petitpois,0.59907278
NA1/3590403684,2020-09-25,2020,Unknown,10.19,oe:team:7e2401900a9756d56a10b66590357fe,Dark Allegiance,lineup-23202622759e2b21,1,pair-23b1ad10455ef6fb,oe:player:4b8fa1ed371220801e5d3083359b63e,oe:player:e6ae8c3fc74814cd25df5e3da9347d1,Enigma,Best Poutine QC,-0.68015044
NA1/3590403684,2020-09-25,2020,Unknown,10.19,oe:team:7e2401900a9756d56a10b66590357fe,Dark Allegiance,lineup-23202622759e2b21,1,pair-e7b19738d5a2bb74,oe:player:4b8fa1ed371220801e5d3083359b63e,oe:player:fd63d76c390835d150b487e0326a033,Enigma,petitpois,0.27178848
NA1/3590403684,2020-09-25,2020,Unknown,10.19,oe:team:7e2401900a9756d56a10b66590357fe,Dark Allegiance,lineup-23202622759e2b21,1,pair-387405edd23ba50a,oe:player:e6ae8c3fc74814cd25df5e3da9347d1,oe:player:fd63d76c390835d150b487e0326a033,Best Poutine QC,petitpois,-0.23612638
NA1/3590403684,2020-09-25,2020,Unknown,10.19,oe:team:d83bffd1eb6ab4fc8b58abb3e646d48,Just Randoms,lineup-dcf4c3b5a7ecd9b2,0,pair-4be452c1509b22e5,oe:player:07d1c57ec273126c65dbd1197abdb47,oe:player:8a25863fe5045bb08949998a2c39329,Pockus,Kyle,-1.19550721
NA1/3590403684,2020-09-25,2020,Unknown,10.19,oe:team:d83bffd1eb6ab4fc8b58abb3e646d48,Just Randoms,lineup-dcf4c3b5a7ecd9b2,0,pair-a7b89ce4521a6d08,oe:player:07d1c57ec273126c65dbd1197abdb47,oe:player:8b7b362f0be0a35dc80ea775ea19cb7,Pockus,Chim,-0.56766341
NA1/3590403684,2020-09-25,2020,Unknown,10.19,oe:team:d83bffd1eb6ab4fc8b58abb3e646d48,Just Randoms,lineup-dcf4c3b5a7ecd9b2,0,pair-b5debae083a8abdb,oe:player:07d1c57ec273126c65dbd1197abdb47,oe:player:a88f9b1cfb0beebb9aee272513500a6,Pockus,Hyper,-0.69913532
NA1/3590403684,2020-09-25,2020,Unknown,10.19,oe:team:d83bffd1eb6ab4fc8b58abb3e646d48,Just Randoms,lineup-dcf4c3b5a7ecd9b2,0,pair-adcf66fbf2d1d878,oe:player:07d1c57ec273126c65dbd1197abdb47,oe:player:df4f91120caa080682bf595c5f7f2d3,Pockus,CptShrimps,-0.72709707
NA1/3590403684,2020-09-25,2020,Unknown,10.19,oe:team:d83bffd1eb6ab4fc8b58abb3e646d48,Just Randoms,lineup-dcf4c3b5a7ecd9b2,0,pair-fc69e88c01448085,oe:player:8a25863fe5045bb08949998a2c39329,oe:player:8b7b362f0be0a35dc80ea775ea19cb7,Kyle,Chim,-0.80114044
NA1/3590403684,2020-09-25,2020,Unknown,10.19,oe:team:d83bffd1eb6ab4fc8b58abb3e646d48,Just Randoms,lineup-dcf4c3b5a7ecd9b2,0,pair-a3f3e0f54d8bc3d8,oe:player:8a25863fe5045bb08949998a2c39329,oe:player:a88f9b1cfb0beebb9aee272513500a6,Kyle,Hyper,-0.93261234
NA1/3590403684,2020-09-25,2020,Unknown,10.19,oe:team:d83bffd1eb6ab4fc8b58abb3e646d48,Just Randoms,lineup-dcf4c3b5a7ecd9b2,0,pair-05306a35603592b7,oe:player:8a25863fe5045bb08949998a2c39329,oe:player:df4f91120caa080682bf595c5f7f2d3,Kyle,CptShrimps,-0.96057410
NA1/3590403684,2020-09-25,2020,Unknown,10.19,oe:team:d83bffd1eb6ab4fc8b58abb3e646d48,Just Randoms,lineup-dcf4c3b5a7ecd9b2,0,pair-66539e7d0252cab2,oe:player:8b7b362f0be0a35dc80ea775ea19cb7,oe:player:a88f9b1cfb0beebb9aee272513500a6,Chim,Hyper,-0.30476854
NA1/3590403684,2020-09-25,2020,Unknown,10.19,oe:team:d83bffd1eb6ab4fc8b58abb3e646d48,Just Randoms,lineup-dcf4c3b5a7ecd9b2,0,pair-c3059622e5e4e1b6,oe:player:8b7b362f0be0a35dc80ea775ea19cb7,oe:player:df4f91120caa080682bf595c5f7f2d3,Chim,CptShrimps,-0.33273030
NA1/3590403684,2020-09-25,2020,Unknown,10.19,oe:team:d83bffd1eb6ab4fc8b58abb3e646d48,Just Randoms,lineup-dcf4c3b5a7ecd9b2,0,pair-1e1caf4689451ec1,oe:player:a88f9b1cfb0beebb9aee272513500a6,oe:player:df4f91120caa080682bf595c5f7f2d3,Hyper,CptShrimps,-0.46420220
NA1/3590404022,2020-09-26,2020,Unknown,10.19,oe:team:7e2401900a9756d56a10b66590357fe,Dark Allegiance,lineup-23202622759e2b21,0,pair-5e028197501a0641,oe:player:28dc6796156fb243fc619681c680242,oe:player:4094cdb5b4ce1bd12736df16912a49e,Good Boi,Mekhio,-0.68147947
NA1/3590404022,2020-09-26,2020,Unknown,10.19,oe:team:7e2401900a9756d56a10b66590357fe,Dark Allegiance,lineup-23202622759e2b21,0,pair-dcb70ac747d5f3b3,oe:player:28dc6796156fb243fc619681c680242,oe:player:4b8fa1ed371220801e5d3083359b63e,Good Boi,Enigma,-0.87577490
NA1/3590404022,2020-09-26,2020,Unknown,10.19,oe:team:7e2401900a9756d56a10b66590357fe,Dark Allegiance,lineup-23202622759e2b21,0,pair-6868900a5544fa09,oe:player:28dc6796156fb243fc619681c680242,oe:player:e6ae8c3fc74814cd25df5e3da9347d1,Good Boi,Best Poutine QC,-1.12678553
NA1/3590404022,2020-09-26,2020,Unknown,10.19,oe:team:7e2401900a9756d56a10b66590357fe,Dark Allegiance,lineup-23202622759e2b21,0,pair-72ec6c49281865ba,oe:player:28dc6796156fb243fc619681c680242,oe:player:fd63d76c390835d150b487e0326a033,Good Boi,petitpois,-0.54625622
NA1/3590404022,2020-09-26,2020,Unknown,10.19,oe:team:7e2401900a9756d56a10b66590357fe,Dark Allegiance,lineup-23202622759e2b21,0,pair-276a3c75b9970cd1,oe:player:4094cdb5b4ce1bd12736df16912a49e,oe:player:4b8fa1ed371220801e5d3083359b63e,Mekhio,Enigma,-0.65808135
NA1/3590404022,2020-09-26,2020,Unknown,10.19,oe:team:7e2401900a9756d56a10b66590357fe,Dark Allegiance,lineup-23202622759e2b21,0,pair-23553e563e922584,oe:player:4094cdb5b4ce1bd12736df16912a49e,oe:player:e6ae8c3fc74814cd25df5e3da9347d1,Mekhio,Best Poutine QC,-0.90909198
NA1/3590404022,2020-09-26,2020,Unknown,10.19,oe:team:7e2401900a9756d56a10b66590357fe,Dark Allegiance,lineup-23202622759e2b21,0,pair-2a6159e23fa6703b,oe:player:4094cdb5b4ce1bd12736df16912a49e,oe:player:fd63d76c390835d150b487e0326a033,Mekhio,petitpois,-0.32856268
NA1/3590404022,2020-09-26,2020,Unknown,10.19,oe:team:7e2401900a9756d56a10b66590357fe,Dark Allegiance,lineup-23202622759e2b21,0,pair-23b1ad10455ef6fb,oe:player:4b8fa1ed371220801e5d3083359b63e,oe:player:e6ae8c3fc74814cd25df5e3da9347d1,Enigma,Best Poutine QC,-1.10338741
NA1/3590404022,2020-09-26,2020,Unknown,10.19,oe:team:7e2401900a9756d56a10b66590357fe,Dark Allegiance,lineup-23202622759e2b21,0,pair-e7b19738d5a2bb74,oe:player:4b8fa1ed371220801e5d3083359b63e,oe:player:fd63d76c390835d150b487e0326a033,Enigma,petitpois,-0.52285811
NA1/3590404022,2020-09-26,2020,Unknown,10.19,oe:team:7e2401900a9756d56a10b66590357fe,Dark Allegiance,lineup-23202622759e2b21,0,pair-387405edd23ba50a,oe:player:e6ae8c3fc74814cd25df5e3da9347d1,oe:player:fd63d76c390835d150b487e0326a033,Best Poutine QC,petitpois,-0.77386874
NA1/3590404022,2020-09-26,2020,Unknown,10.19,oe:team:d83bffd1eb6ab4fc8b58abb3e646d48,Just Randoms,lineup-dcf4c3b5a7ecd9b2,1,pair-4be452c1509b22e5,oe:player:07d1c57ec273126c65dbd1197abdb47,oe:player:8a25863fe5045bb08949998a2c39329,Pockus,Kyle,-0.81457486
NA1/3590404022,2020-09-26,2020,Unknown,10.19,oe:team:d83bffd1eb6ab4fc8b58abb3e646d48,Just Randoms,lineup-dcf4c3b5a7ecd9b2,1,pair-a7b89ce4521a6d08,oe:player:07d1c57ec273126c65dbd1197abdb47,oe:player:8b7b362f0be0a35dc80ea775ea19cb7,Pockus,Chim,-0.61285437
NA1/3590404022,2020-09-26,2020,Unknown,10.19,oe:team:d83bffd1eb6ab4fc8b58abb3e646d48,Just Randoms,lineup-dcf4c3b5a7ecd9b2,1,pair-b5debae083a8abdb,oe:player:07d1c57ec273126c65dbd1197abdb47,oe:player:a88f9b1cfb0beebb9aee272513500a6,Pockus,Hyper,0.57244215
NA1/3590404022,2020-09-26,2020,Unknown,10.19,oe:team:d83bffd1eb6ab4fc8b58abb3e646d48,Just Randoms,lineup-dcf4c3b5a7ecd9b2,1,pair-adcf66fbf2d1d878,oe:player:07d1c57ec273126c65dbd1197abdb47,oe:player:df4f91120caa080682bf595c5f7f2d3,Pockus,CptShrimps,0.62482184
NA1/3590404022,2020-09-26,2020,Unknown,10.19,oe:team:d83bffd1eb6ab4fc8b58abb3e646d48,Just Randoms,lineup-dcf4c3b5a7ecd9b2,1,pair-fc69e88c01448085,oe:player:8a25863fe5045bb08949998a2c39329,oe:player:8b7b362f0be0a35dc80ea775ea19cb7,Kyle,Chim,-1.23088440
NA1/3590404022,2020-09-26,2020,Unknown,10.19,oe:team:d83bffd1eb6ab4fc8b58abb3e646d48,Just Randoms,lineup-dcf4c3b5a7ecd9b2,1,pair-a3f3e0f54d8bc3d8,oe:player:8a25863fe5045bb08949998a2c39329,oe:player:a88f9b1cfb0beebb9aee272513500a6,Kyle,Hyper,-0.04558788
NA1/3590404022,2020-09-26,2020,Unknown,10.19,oe:team:d83bffd1eb6ab4fc8b58abb3e646d48,Just Randoms,lineup-dcf4c3b5a7ecd9b2,1,pair-05306a35603592b7,oe:player:8a25863fe5045bb08949998a2c39329,oe:player:df4f91120caa080682bf595c5f7f2d3,Kyle,CptShrimps,0.00679181
NA1/3590404022,2020-09-26,2020,Unknown,10.19,oe:team:d83bffd1eb6ab4fc8b58abb3e646d48,Just Randoms,lineup-dcf4c3b5a7ecd9b2,1,pair-66539e7d0252cab2,oe:player:8b7b362f0be0a35dc80ea775ea19cb7,oe:player:a88f9b1cfb0beebb9aee272513500a6,Chim,Hyper,0.15613261
NA1/3590404022,2020-09-26,2020,Unknown,10.19,oe:team:d83bffd1eb6ab4fc8b58abb3e646d48,Just Randoms,lineup-dcf4c3b5a7ecd9b2,1,pair-c3059622e5e4e1b6,oe:player:8b7b362f0be0a35dc80ea775ea19cb7,oe:player:df4f91120caa080682bf595c5f7f2d3,Chim,CptShrimps,0.20851230
NA1/3590404022,2020-09-26,2020,Unknown,10.19,oe:team:d83bffd1eb6ab4fc8b58abb3e646d48,Just Randoms,lineup-dcf4c3b5a7ecd9b2,1,pair-1e1caf4689451ec1,oe:player:a88f9b1cfb0beebb9aee272513500a6,oe:player:df4f91120caa080682bf595c5f7f2d3,Hyper,CptShrimps,1.39380882
NA1/3590404384,2020-09-26,2020,Unknown,10.19,oe:team:7e2401900a9756d56a10b66590357fe,Dark Allegiance,lineup-23202622759e2b21,0,pair-5e028197501a0641,oe:player:28dc6796156fb243fc619681c680242,oe:player:4094cdb5b4ce1bd12736df16912a49e,Good Boi,Mekhio,-1.15578176
NA1/3590404384,2020-09-26,2020,Unknown,10.19,oe:team:7e2401900a9756d56a10b66590357fe,Dark Allegiance,lineup-23202622759e2b21,0,pair-dcb70ac747d5f3b3,oe:player:28dc6796156fb243fc619681c680242,oe:player:4b8fa1ed371220801e5d3083359b63e,Good Boi,Enigma,-0.83156995
NA1/3590404384,2020-09-26,2020,Unknown,10.19,oe:team:7e2401900a9756d56a10b66590357fe,Dark Allegiance,lineup-23202622759e2b21,0,pair-6868900a5544fa09,oe:player:28dc6796156fb243fc619681c680242,oe:player:e6ae8c3fc74814cd25df5e3da9347d1,Good Boi,Best Poutine QC,-1.17367949
NA1/3590404384,2020-09-26,2020,Unknown,10.19,oe:team:7e2401900a9756d56a10b66590357fe,Dark Allegiance,lineup-23202622759e2b21,0,pair-72ec6c49281865ba,oe:player:28dc6796156fb243fc619681c680242,oe:player:fd63d76c390835d150b487e0326a033,Good Boi,petitpois,-1.29262551
NA1/3590404384,2020-09-26,2020,Unknown,10.19,oe:team:7e2401900a9756d56a10b66590357fe,Dark Allegiance,lineup-23202622759e2b21,0,pair-276a3c75b9970cd1,oe:player:4094cdb5b4ce1bd12736df16912a49e,oe:player:4b8fa1ed371220801e5d3083359b63e,Mekhio,Enigma,-0.66312226
NA1/3590404384,2020-09-26,2020,Unknown,10.19,oe:team:7e2401900a9756d56a10b66590357fe,Dark Allegiance,lineup-23202622759e2b21,0,pair-23553e563e922584,oe:player:4094cdb5b4ce1bd12736df16912a49e,oe:player:e6ae8c3fc74814cd25df5e3da9347d1,Mekhio,Best Poutine QC,-1.00523180
NA1/3590404384,2020-09-26,2020,Unknown,10.19,oe:team:7e2401900a9756d56a10b66590357fe,Dark Allegiance,lineup-23202622759e2b21,0,pair-2a6159e23fa6703b,oe:player:4094cdb5b4ce1bd12736df16912a49e,oe:player:fd63d76c390835d150b487e0326a033,Mekhio,petitpois,-1.12417782
NA1/3590404384,2020-09-26,2020,Unknown,10.19,oe:team:7e2401900a9756d56a10b66590357fe,Dark Allegiance,lineup-23202622759e2b21,0,pair-23b1ad10455ef6fb,oe:player:4b8fa1ed371220801e5d3083359b63e,oe:player:e6ae8c3fc74814cd25df5e3da9347d1,Enigma,Best Poutine QC,-0.68101999
NA1/3590404384,2020-09-26,2020,Unknown,10.19,oe:team:7e2401900a9756d56a10b66590357fe,Dark Allegiance,lineup-23202622759e2b21,0,pair-e7b19738d5a2bb74,oe:player:4b8fa1ed371220801e5d3083359b63e,oe:player:fd63d76c390835d150b487e0326a033,Enigma,petitpois,-0.79996601
NA1/3590404384,2020-09-26,2020,Unknown,10.19,oe:team:7e2401900a9756d56a10b66590357fe,Dark Allegiance,lineup-23202622759e2b21,0,pair-387405edd23ba50a,oe:player:e6ae8c3fc74814cd25df5e3da9347d1,oe:player:fd63d76c390835d150b487e0326a033,Best Poutine QC,petitpois,-1.14207555
NA1/3590404384,2020-09-26,2020,Unknown,10.19,oe:team:d83bffd1eb6ab4fc8b58abb3e646d48,Just Randoms,lineup-dcf4c3b5a7ecd9b2,1,pair-4be452c1509b22e5,oe:player:07d1c57ec273126c65dbd1197abdb47,oe:player:8a25863fe5045bb08949998a2c39329,Pockus,Kyle,-0.06184562
NA1/3590404384,2020-09-26,2020,Unknown,10.19,oe:team:d83bffd1eb6ab4fc8b58abb3e646d48,Just Randoms,lineup-dcf4c3b5a7ecd9b2,1,pair-a7b89ce4521a6d08,oe:player:07d1c57ec273126c65dbd1197abdb47,oe:player:8b7b362f0be0a35dc80ea775ea19cb7,Pockus,Chim,-0.02826880
NA1/3590404384,2020-09-26,2020,Unknown,10.19,oe:team:d83bffd1eb6ab4fc8b58abb3e646d48,Just Randoms,lineup-dcf4c3b5a7ecd9b2,1,pair-b5debae083a8abdb,oe:player:07d1c57ec273126c65dbd1197abdb47,oe:player:a88f9b1cfb0beebb9aee272513500a6,Pockus,Hyper,-0.02728893
NA1/3590404384,2020-09-26,2020,Unknown,10.19,oe:team:d83bffd1eb6ab4fc8b58abb3e646d48,Just Randoms,lineup-dcf4c3b5a7ecd9b2,1,pair-adcf66fbf2d1d878,oe:player:07d1c57ec273126c65dbd1197abdb47,oe:player:df4f91120caa080682bf595c5f7f2d3,Pockus,CptShrimps,0.53544496
NA1/3590404384,2020-09-26,2020,Unknown,10.19,oe:team:d83bffd1eb6ab4fc8b58abb3e646d48,Just Randoms,lineup-dcf4c3b5a7ecd9b2,1,pair-fc69e88c01448085,oe:player:8a25863fe5045bb08949998a2c39329,oe:player:8b7b362f0be0a35dc80ea775ea19cb7,Kyle,Chim,0.05429082
NA1/3590404384,2020-09-26,2020,Unknown,10.19,oe:team:d83bffd1eb6ab4fc8b58abb3e646d48,Just Randoms,lineup-dcf4c3b5a7ecd9b2,1,pair-a3f3e0f54d8bc3d8,oe:player:8a25863fe5045bb08949998a2c39329,oe:player:a88f9b1cfb0beebb9aee272513500a6,Kyle,Hyper,0.05527069
NA1/3590404384,2020-09-26,2020,Unknown,10.19,oe:team:d83bffd1eb6ab4fc8b58abb3e646d48,Just Randoms,lineup-dcf4c3b5a7ecd9b2,1,pair-05306a35603592b7,oe:player:8a25863fe5045bb08949998a2c39329,oe:player:df4f91120caa080682bf595c5f7f2d3,Kyle,CptShrimps,0.61800459
NA1/3590404384,2020-09-26,2020,Unknown,10.19,oe:team:d83bffd1eb6ab4fc8b58abb3e646d48,Just Randoms,lineup-dcf4c3b5a7ecd9b2,1,pair-66539e7d0252cab2,oe:player:8b7b362f0be0a35dc80ea775ea19cb7,oe:player:a88f9b1cfb0beebb9aee272513500a6,Chim,Hyper,0.08884751
NA1/3590404384,2020-09-26,2020,Unknown,10.19,oe:team:d83bffd1eb6ab4fc8b58abb3e646d48,Just Randoms,lineup-dcf4c3b5a7ecd9b2,1,pair-c3059622e5e4e1b6,oe:player:8b7b362f0be0a35dc80ea775ea19cb7,oe:player:df4f91120caa080682bf595c5f7f2d3,Chim,CptShrimps,0.65158141
NA1/3590404384,2020-09-26,2020,Unknown,10.19,oe:team:d83bffd1eb6ab4fc8b58abb3e646d48,Just Randoms,lineup-dcf4c3b5a7ecd9b2,1,pair-1e1caf4689451ec1,oe:player:a88f9b1cfb0beebb9aee272513500a6,oe:player:df4f91120caa080682bf595c5f7f2d3,Hyper,CptShrimps,0.65256128
NA1/3590423579,2020-09-25,2020,Unknown,10.19,oe:team:01a3132448697cecc30364f52173670,Team Fish Taco,lineup-ad45d9b477d0c6c1,0,pair-2708ffffeaf314c1,oe:player:1318959f7ffeff2de3f315118096467,oe:player:2f8d775625d7bc8069ae313c9b2efbe,Solitified,Gbunny,-0.85816091
NA1/3590423579,2020-09-25,2020,Unknown,10.19,oe:team:01a3132448697cecc30364f52173670,Team Fish Taco,lineup-ad45d9b477d0c6c1,0,pair-3a19e9c52fb286b2,oe:player:1318959f7ffeff2de3f315118096467,oe:player:63956d12f094d1701126e814b4c966a,Solitified,Apathing,-0.59963146
NA1/3590423579,2020-09-25,2020,Unknown,10.19,oe:team:01a3132448697cecc30364f52173670,Team Fish Taco,lineup-ad45d9b477d0c6c1,0,pair-22bd72dc3cccaeee,oe:player:1318959f7ffeff2de3f315118096467,oe:player:ac6c8ea090678bb181b8004e3efd830,Solitified,Nightstar,-0.56704617
NA1/3590423579,2020-09-25,2020,Unknown,10.19,oe:team:01a3132448697cecc30364f52173670,Team Fish Taco,lineup-ad45d9b477d0c6c1,0,pair-ae26476adf362d35,oe:player:1318959f7ffeff2de3f315118096467,oe:player:ba9de670bbae610f08fdb839b7c3ed4,Solitified,kittyyy,-0.75742270
NA1/3590423579,2020-09-25,2020,Unknown,10.19,oe:team:01a3132448697cecc30364f52173670,Team Fish Taco,lineup-ad45d9b477d0c6c1,0,pair-e8d147871cff4992,oe:player:2f8d775625d7bc8069ae313c9b2efbe,oe:player:63956d12f094d1701126e814b4c966a,Gbunny,Apathing,-0.57449698
NA1/3590423579,2020-09-25,2020,Unknown,10.19,oe:team:01a3132448697cecc30364f52173670,Team Fish Taco,lineup-ad45d9b477d0c6c1,0,pair-c17e232bbb031fab,oe:player:2f8d775625d7bc8069ae313c9b2efbe,oe:player:ac6c8ea090678bb181b8004e3efd830,Gbunny,Nightstar,-0.54191169
NA1/3590423579,2020-09-25,2020,Unknown,10.19,oe:team:01a3132448697cecc30364f52173670,Team Fish Taco,lineup-ad45d9b477d0c6c1,0,pair-f87eaf24d9b092cb,oe:player:2f8d775625d7bc8069ae313c9b2efbe,oe:player:ba9de670bbae610f08fdb839b7c3ed4,Gbunny,kittyyy,-0.73228822
NA1/3590423579,2020-09-25,2020,Unknown,10.19,oe:team:01a3132448697cecc30364f52173670,Team Fish Taco,lineup-ad45d9b477d0c6c1,0,pair-817c88cb79517e4c,oe:player:63956d12f094d1701126e814b4c966a,oe:player:ac6c8ea090678bb181b8004e3efd830,Apathing,Nightstar,-0.28338224
NA1/3590423579,2020-09-25,2020,Unknown,10.19,oe:team:01a3132448697cecc30364f52173670,Team Fish Taco,lineup-ad45d9b477d0c6c1,0,pair-3924b4dcaf9b0855,oe:player:63956d12f094d1701126e814b4c966a,oe:player:ba9de670bbae610f08fdb839b7c3ed4,Apathing,kittyyy,-0.47375877
NA1/3590423579,2020-09-25,2020,Unknown,10.19,oe:team:01a3132448697cecc30364f52173670,Team Fish Taco,lineup-ad45d9b477d0c6c1,0,pair-cf8e520ec2be8296,oe:player:ac6c8ea090678bb181b8004e3efd830,oe:player:ba9de670bbae610f08fdb839b7c3ed4,Nightstar,kittyyy,-0.44117348
NA1/3590423579,2020-09-25,2020,Unknown,10.19,oe:team:333ba9fefa87eda14bd32c5420d7002,Winthrop University,lineup-6d9eb37c5acfb214,1,pair-e7fc571a51f9d72f,oe:player:06ddb1ce4c3f4952ae6973d4c7ca345,oe:player:205dc545e21bb07b657e0f193af6887,Saskio,Clyde,-0.76097856
NA1/3590423579,2020-09-25,2020,Unknown,10.19,oe:team:333ba9fefa87eda14bd32c5420d7002,Winthrop University,lineup-6d9eb37c5acfb214,1,pair-155ed4557785ce5c,oe:player:06ddb1ce4c3f4952ae6973d4c7ca345,oe:player:250959b1405337b1ccd82f6dd634cb3,Saskio,Haebaragi,-0.23622778
NA1/3590423579,2020-09-25,2020,Unknown,10.19,oe:team:333ba9fefa87eda14bd32c5420d7002,Winthrop University,lineup-6d9eb37c5acfb214,1,pair-62511e3f444e093c,oe:player:06ddb1ce4c3f4952ae6973d4c7ca345,oe:player:339584e5b6ff20add38aa209f78eada,Saskio,Infectrix,0.15675343
NA1/3590423579,2020-09-25,2020,Unknown,10.19,oe:team:333ba9fefa87eda14bd32c5420d7002,Winthrop University,lineup-6d9eb37c5acfb214,1,pair-e353919d08680fc9,oe:player:06ddb1ce4c3f4952ae6973d4c7ca345,oe:player:afcd3cdcf44e5da63f9e2a3dcb5ba50,Saskio,Doxa,0.17537247
NA1/3590423579,2020-09-25,2020,Unknown,10.19,oe:team:333ba9fefa87eda14bd32c5420d7002,Winthrop University,lineup-6d9eb37c5acfb214,1,pair-1326ca86e77a2f4a,oe:player:205dc545e21bb07b657e0f193af6887,oe:player:250959b1405337b1ccd82f6dd634cb3,Clyde,Haebaragi,-0.88344421
NA1/3590423579,2020-09-25,2020,Unknown,10.19,oe:team:333ba9fefa87eda14bd32c5420d7002,Winthrop University,lineup-6d9eb37c5acfb214,1,pair-76b2a58ba600cdd0,oe:player:205dc545e21bb07b657e0f193af6887,oe:player:339584e5b6ff20add38aa209f78eada,Clyde,Infectrix,-0.49046300
NA1/3590423579,2020-09-25,2020,Unknown,10.19,oe:team:333ba9fefa87eda14bd32c5420d7002,Winthrop University,lineup-6d9eb37c5acfb214,1,pair-560377d4d40695d2,oe:player:205dc545e21bb07b657e0f193af6887,oe:player:afcd3cdcf44e5da63f9e2a3dcb5ba50,Clyde,Doxa,-0.47184396
NA1/3590423579,2020-09-25,2020,Unknown,10.19,oe:team:333ba9fefa87eda14bd32c5420d7002,Winthrop University,lineup-6d9eb37c5acfb214,1,pair-2cd799de1a477aef,oe:player:250959b1405337b1ccd82f6dd634cb3,oe:player:339584e5b6ff20add38aa209f78eada,Haebaragi,Infectrix,0.03428778
NA1/3590423579,2020-09-25,2020,Unknown,10.19,oe:team:333ba9fefa87eda14bd32c5420d7002,Winthrop University,lineup-6d9eb37c5acfb214,1,pair-cb6bc019435d0c2b,oe:player:250959b1405337b1ccd82f6dd634cb3,oe:player:afcd3cdcf44e5da63f9e2a3dcb5ba50,Haebaragi,Doxa,0.05290683
NA1/3590423579,2020-09-25,2020,Unknown,10.19,oe:team:333ba9fefa87eda14bd32c5420d7002,Winthrop University,lineup-6d9eb37c5acfb214,1,pair-b873dd38161499b9,oe:player:339584e5b6ff20add38aa209f78eada,oe:player:afcd3cdcf44e5da63f9e2a3dcb5ba50,Infectrix,Doxa,0.44588803
NA1/3590653623,2020-09-26,2020,Unknown,10.19,oe:team:01a3132448697cecc30364f52173670,Team Fish Taco,lineup-ad45d9b477d0c6c1,0,pair-2708ffffeaf314c1,oe:player:1318959f7ffeff2de3f315118096467,oe:player:2f8d775625d7bc8069ae313c9b2efbe,Solitified,Gbunny,-0.97083161
NA1/3590653623,2020-09-26,2020,Unknown,10.19,oe:team:01a3132448697cecc30364f52173670,Team Fish Taco,lineup-ad45d9b477d0c6c1,0,pair-3a19e9c52fb286b2,oe:player:1318959f7ffeff2de3f315118096467,oe:player:63956d12f094d1701126e814b4c966a,Solitified,Apathing,-0.10264096
NA1/3590653623,2020-09-26,2020,Unknown,10.19,oe:team:01a3132448697cecc30364f52173670,Team Fish Taco,lineup-ad45d9b477d0c6c1,0,pair-22bd72dc3cccaeee,oe:player:1318959f7ffeff2de3f315118096467,oe:player:ac6c8ea090678bb181b8004e3efd830,Solitified,Nightstar,0.47927604
NA1/3590653623,2020-09-26,2020,Unknown,10.19,oe:team:01a3132448697cecc30364f52173670,Team Fish Taco,lineup-ad45d9b477d0c6c1,0,pair-ae26476adf362d35,oe:player:1318959f7ffeff2de3f315118096467,oe:player:ba9de670bbae610f08fdb839b7c3ed4,Solitified,kittyyy,-0.10401877
NA1/3590653623,2020-09-26,2020,Unknown,10.19,oe:team:01a3132448697cecc30364f52173670,Team Fish Taco,lineup-ad45d9b477d0c6c1,0,pair-e8d147871cff4992,oe:player:2f8d775625d7bc8069ae313c9b2efbe,oe:player:63956d12f094d1701126e814b4c966a,Gbunny,Apathing,-0.79084054
NA1/3590653623,2020-09-26,2020,Unknown,10.19,oe:team:01a3132448697cecc30364f52173670,Team Fish Taco,lineup-ad45d9b477d0c6c1,0,pair-c17e232bbb031fab,oe:player:2f8d775625d7bc8069ae313c9b2efbe,oe:player:ac6c8ea090678bb181b8004e3efd830,Gbunny,Nightstar,-0.20892354
NA1/3590653623,2020-09-26,2020,Unknown,10.19,oe:team:01a3132448697cecc30364f52173670,Team Fish Taco,lineup-ad45d9b477d0c6c1,0,pair-f87eaf24d9b092cb,oe:player:2f8d775625d7bc8069ae313c9b2efbe,oe:player:ba9de670bbae610f08fdb839b7c3ed4,Gbunny,kittyyy,-0.79221835
NA1/3590653623,2020-09-26,2020,Unknown,10.19,oe:team:01a3132448697cecc30364f52173670,Team Fish Taco,lineup-ad45d9b477d0c6c1,0,pair-817c88cb79517e4c,oe:player:63956d12f094d1701126e814b4c966a,oe:player:ac6c8ea090678bb181b8004e3efd830,Apathing,Nightstar,0.65926711
NA1/3590653623,2020-09-26,2020,Unknown,10.19,oe:team:01a3132448697cecc30364f52173670,Team Fish Taco,lineup-ad45d9b477d0c6c1,0,pair-3924b4dcaf9b0855,oe:player:63956d12f094d1701126e814b4c966a,oe:player:ba9de670bbae610f08fdb839b7c3ed4,Apathing,kittyyy,0.07597230
NA1/3590653623,2020-09-26,2020,Unknown,10.19,oe:team:01a3132448697cecc30364f52173670,Team Fish Taco,lineup-ad45d9b477d0c6c1,0,pair-cf8e520ec2be8296,oe:player:ac6c8ea090678bb181b8004e3efd830,oe:player:ba9de670bbae610f08fdb839b7c3ed4,Nightstar,kittyyy,0.65788930
NA1/3590653623,2020-09-26,2020,Unknown,10.19,oe:team:333ba9fefa87eda14bd32c5420d7002,Winthrop University,lineup-6d9eb37c5acfb214,1,pair-e7fc571a51f9d72f,oe:player:06ddb1ce4c3f4952ae6973d4c7ca345,oe:player:205dc545e21bb07b657e0f193af6887,Saskio,Clyde,0.21575824
NA1/3590653623,2020-09-26,2020,Unknown,10.19,oe:team:333ba9fefa87eda14bd32c5420d7002,Winthrop University,lineup-6d9eb37c5acfb214,1,pair-155ed4557785ce5c,oe:player:06ddb1ce4c3f4952ae6973d4c7ca345,oe:player:250959b1405337b1ccd82f6dd634cb3,Saskio,Haebaragi,0.28715151
NA1/3590653623,2020-09-26,2020,Unknown,10.19,oe:team:333ba9fefa87eda14bd32c5420d7002,Winthrop University,lineup-6d9eb37c5acfb214,1,pair-62511e3f444e093c,oe:player:06ddb1ce4c3f4952ae6973d4c7ca345,oe:player:339584e5b6ff20add38aa209f78eada,Saskio,Infectrix,1.16822262
NA1/3590653623,2020-09-26,2020,Unknown,10.19,oe:team:333ba9fefa87eda14bd32c5420d7002,Winthrop University,lineup-6d9eb37c5acfb214,1,pair-e353919d08680fc9,oe:player:06ddb1ce4c3f4952ae6973d4c7ca345,oe:player:afcd3cdcf44e5da63f9e2a3dcb5ba50,Saskio,Doxa,0.34214412
NA1/3590653623,2020-09-26,2020,Unknown,10.19,oe:team:333ba9fefa87eda14bd32c5420d7002,Winthrop University,lineup-6d9eb37c5acfb214,1,pair-1326ca86e77a2f4a,oe:player:205dc545e21bb07b657e0f193af6887,oe:player:250959b1405337b1ccd82f6dd634cb3,Clyde,Haebaragi,-0.07793046
NA1/3590653623,2020-09-26,2020,Unknown,10.19,oe:team:333ba9fefa87eda14bd32c5420d7002,Winthrop University,lineup-6d9eb37c5acfb214,1,pair-76b2a58ba600cdd0,oe:player:205dc545e21bb07b657e0f193af6887,oe:player:339584e5b6ff20add38aa209f78eada,Clyde,Infectrix,0.80314065
NA1/3590653623,2020-09-26,2020,Unknown,10.19,oe:team:333ba9fefa87eda14bd32c5420d7002,Winthrop University,lineup-6d9eb37c5acfb214,1,pair-560377d4d40695d2,oe:player:205dc545e21bb07b657e0f193af6887,oe:player:afcd3cdcf44e5da63f9e2a3dcb5ba50,Clyde,Doxa,-0.02293785
NA1/3590653623,2020-09-26,2020,Unknown,10.19,oe:team:333ba9fefa87eda14bd32c5420d7002,Winthrop University,lineup-6d9eb37c5acfb214,1,pair-2cd799de1a477aef,oe:player:250959b1405337b1ccd82f6dd634cb3,oe:player:339584e5b6ff20add38aa209f78eada,Haebaragi,Infectrix,0.87453391
NA1/3590653623,2020-09-26,2020,Unknown,10.19,oe:team:333ba9fefa87eda14bd32c5420d7002,Winthrop University,lineup-6d9eb37c5acfb214,1,pair-cb6bc019435d0c2b,oe:player:250959b1405337b1ccd82f6dd634cb3,oe:player:afcd3cdcf44e5da63f9e2a3dcb5ba50,Haebaragi,Doxa,0.04845542
NA1/3590653623,2020-09-26,2020,Unknown,10.19,oe:team:333ba9fefa87eda14bd32c5420d7002,Winthrop University,lineup-6d9eb37c5acfb214,1,pair-b873dd38161499b9,oe:player:339584e5b6ff20add38aa209f78eada,oe:player:afcd3cdcf44e5da63f9e2a3dcb5ba50,Infectrix,Doxa,0.92952653
NA1/3592825133,2020-09-27,2020,Unknown,10.19,oe:team:4c87a422072b2c1e754299a17ea36ce,Grand View University,lineup-b9f033f53055dd70,1,pair-a48e66d4e6f09d43,oe:player:0efcbda713dd493e977b0741f41f87c,oe:player:3062a9edba61382db75add4b3fe0eea,Koskinen,Disconnector,-0.89633463
NA1/3592825133,2020-09-27,2020,Unknown,10.19,oe:team:4c87a422072b2c1e754299a17ea36ce,Grand View University,lineup-b9f033f53055dd70,1,pair-6ec756ca3ea33462,oe:player:0efcbda713dd493e977b0741f41f87c,oe:player:98cba6472d95ae606a9ae863cfa5023,Koskinen,P1atypus,0.53097647
NA1/3592825133,2020-09-27,2020,Unknown,10.19,oe:team:4c87a422072b2c1e754299a17ea36ce,Grand View University,lineup-b9f033f53055dd70,1,pair-56d8fe79eca48216,oe:player:0efcbda713dd493e977b0741f41f87c,oe:player:d778769103b62e1222414cd182c4e25,Koskinen,Chookies,-0.95391848
NA1/3592825133,2020-09-27,2020,Unknown,10.19,oe:team:4c87a422072b2c1e754299a17ea36ce,Grand View University,lineup-b9f033f53055dd70,1,pair-0b6b6256fde17fd6,oe:player:0efcbda713dd493e977b0741f41f87c,oe:player:e57ef5f8ab42a0364a11b50f2a86b81,Koskinen,ShorterACE,-0.05877235
NA1/3592825133,2020-09-27,2020,Unknown,10.19,oe:team:4c87a422072b2c1e754299a17ea36ce,Grand View University,lineup-b9f033f53055dd70,1,pair-25734d3f9bd4b68a,oe:player:3062a9edba61382db75add4b3fe0eea,oe:player:98cba6472d95ae606a9ae863cfa5023,Disconnector,P1atypus,0.71497277
NA1/3592825133,2020-09-27,2020,Unknown,10.19,oe:team:4c87a422072b2c1e754299a17ea36ce,Grand View University,lineup-b9f033f53055dd70,1,pair-0161e3668a2d110b,oe:player:3062a9edba61382db75add4b3fe0eea,oe:player:d778769103b62e1222414cd182c4e25,Disconnector,Chookies,-0.76992218
NA1/3592825133,2020-09-27,2020,Unknown,10.19,oe:team:4c87a422072b2c1e754299a17ea36ce,Grand View University,lineup-b9f033f53055dd70,1,pair-5a514e7a7c2ae687,oe:player:3062a9edba61382db75add4b3fe0eea,oe:player:e57ef5f8ab42a0364a11b50f2a86b81,Disconnector,ShorterACE,0.12522394
NA1/3592825133,2020-09-27,2020,Unknown,10.19,oe:team:4c87a422072b2c1e754299a17ea36ce,Grand View University,lineup-b9f033f53055dd70,1,pair-559ca1ca127ad6fb,oe:player:98cba6472d95ae606a9ae863cfa5023,oe:player:d778769103b62e1222414cd182c4e25,P1atypus,Chookies,0.65738892
NA1/3592825133,2020-09-27,2020,Unknown,10.19,oe:team:4c87a422072b2c1e754299a17ea36ce,Grand View University,lineup-b9f033f53055dd70,1,pair-729d7216755bc50c,oe:player:98cba6472d95ae606a9ae863cfa5023,oe:player:e57ef5f8ab42a0364a11b50f2a86b81,P1atypus,ShorterACE,1.55253504
NA1/3592825133,2020-09-27,2020,Unknown,10.19,oe:team:4c87a422072b2c1e754299a17ea36ce,Grand View University,lineup-b9f033f53055dd70,1,pair-711133f6e62b011f,oe:player:d778769103b62e1222414cd182c4e25,oe:player:e57ef5f8ab42a0364a11b50f2a86b81,Chookies,ShorterACE,0.06764009
NA1/3592825133,2020-09-27,2020,Unknown,10.19,oe:team:ab8a919db08c9f8321da77bc63cb31d,Louisiana State University,lineup-7263f09241ee9cd5,0,pair-6d63422b633bd09a,oe:player:0fe6cc268b58e582c12d3c0656f2752,oe:player:8a26fb905636bc0bec1a65212c3c863,PrincessKyle,shochi,0.42037271
NA1/3592825133,2020-09-27,2020,Unknown,10.19,oe:team:ab8a919db08c9f8321da77bc63cb31d,Louisiana State University,lineup-7263f09241ee9cd5,0,pair-951d1255bb80638f,oe:player:0fe6cc268b58e582c12d3c0656f2752,oe:player:be0a4f6bb9c7188519e9d6046af21fe,PrincessKyle,TimmyTurner,-0.00576637
NA1/3592825133,2020-09-27,2020,Unknown,10.19,oe:team:ab8a919db08c9f8321da77bc63cb31d,Louisiana State University,lineup-7263f09241ee9cd5,0,pair-61d78d6bca3bb486,oe:player:0fe6cc268b58e582c12d3c0656f2752,oe:player:e107e92b0751b8709e850921ed65683,PrincessKyle,DerpyBunzz,0.71266117
NA1/3592825133,2020-09-27,2020,Unknown,10.19,oe:team:ab8a919db08c9f8321da77bc63cb31d,Louisiana State University,lineup-7263f09241ee9cd5,0,pair-8c36fc9a22382474,oe:player:0fe6cc268b58e582c12d3c0656f2752,oe:player:f6afb3ca3ac4cb969cc0c36330d8ee8,PrincessKyle,Airren,0.10842704
NA1/3592825133,2020-09-27,2020,Unknown,10.19,oe:team:ab8a919db08c9f8321da77bc63cb31d,Louisiana State University,lineup-7263f09241ee9cd5,0,pair-53202c686aa93c5e,oe:player:8a26fb905636bc0bec1a65212c3c863,oe:player:be0a4f6bb9c7188519e9d6046af21fe,shochi,TimmyTurner,0.43585149
NA1/3592825133,2020-09-27,2020,Unknown,10.19,oe:team:ab8a919db08c9f8321da77bc63cb31d,Louisiana State University,lineup-7263f09241ee9cd5,0,pair-a8d37838ced35318,oe:player:8a26fb905636bc0bec1a65212c3c863,oe:player:e107e92b0751b8709e850921ed65683,shochi,DerpyBunzz,1.15427904
NA1/3592825133,2020-09-27,2020,Unknown,10.19,oe:team:ab8a919db08c9f8321da77bc63cb31d,Louisiana State University,lineup-7263f09241ee9cd5,0,pair-b31f7afe4e291e7e,oe:player:8a26fb905636bc0bec1a65212c3c863,oe:player:f6afb3ca3ac4cb969cc0c36330d8ee8,shochi,Airren,0.55004491
NA1/3592825133,2020-09-27,2020,Unknown,10.19,oe:team:ab8a919db08c9f8321da77bc63cb31d,Louisiana State University,lineup-7263f09241ee9cd5,0,pair-d519bb330bea7a8b,oe:player:be0a4f6bb9c7188519e9d6046af21fe,oe:player:e107e92b0751b8709e850921ed65683,TimmyTurner,DerpyBunzz,0.72813996
NA1/3592825133,2020-09-27,2020,Unknown,10.19,oe:team:ab8a919db08c9f8321da77bc63cb31d,Louisiana State University,lineup-7263f09241ee9cd5,0,pair-1691bf282dc5ff5c,oe:player:be0a4f6bb9c7188519e9d6046af21fe,oe:player:f6afb3ca3ac4cb969cc0c36330d8ee8,TimmyTurner,Airren,0.12390582
NA1/3592825133,2020-09-27,2020,Unknown,10.19,oe:team:ab8a919db08c9f8321da77bc63cb31d,Louisiana State University,lineup-7263f09241ee9cd5,0,pair-6bc057a749093fd5,oe:player:e107e92b0751b8709e850921ed65683,oe:player:f6afb3ca3ac4cb969cc0c36330d8ee8,DerpyBunzz,Airren,0.84233337
NA1/3592825144,2020-09-27,2020,Unknown,10.19,oe:team:01a3132448697cecc30364f52173670,Team Fish Taco,lineup-ad45d9b477d0c6c1,0,pair-2708ffffeaf314c1,oe:player:1318959f7ffeff2de3f315118096467,oe:player:2f8d775625d7bc8069ae313c9b2efbe,Solitified,Gbunny,0.06253358
NA1/3592825144,2020-09-27,2020,Unknown,10.19,oe:team:01a3132448697cecc30364f52173670,Team Fish Taco,lineup-ad45d9b477d0c6c1,0,pair-3a19e9c52fb286b2,oe:player:1318959f7ffeff2de3f315118096467,oe:player:63956d12f094d1701126e814b4c966a,Solitified,Apathing,-0.33680703
NA1/3592825144,2020-09-27,2020,Unknown,10.19,oe:team:01a3132448697cecc30364f52173670,Team Fish Taco,lineup-ad45d9b477d0c6c1,0,pair-22bd72dc3cccaeee,oe:player:1318959f7ffeff2de3f315118096467,oe:player:ac6c8ea090678bb181b8004e3efd830,Solitified,Nightstar,-0.27741073
NA1/3592825144,2020-09-27,2020,Unknown,10.19,oe:team:01a3132448697cecc30364f52173670,Team Fish Taco,lineup-ad45d9b477d0c6c1,0,pair-ae26476adf362d35,oe:player:1318959f7ffeff2de3f315118096467,oe:player:ba9de670bbae610f08fdb839b7c3ed4,Solitified,kittyyy,-0.46717800
NA1/3592825144,2020-09-27,2020,Unknown,10.19,oe:team:01a3132448697cecc30364f52173670,Team Fish Taco,lineup-ad45d9b477d0c6c1,0,pair-e8d147871cff4992,oe:player:2f8d775625d7bc8069ae313c9b2efbe,oe:player:63956d12f094d1701126e814b4c966a,Gbunny,Apathing,0.03234990
NA1/3592825144,2020-09-27,2020,Unknown,10.19,oe:team:01a3132448697cecc30364f52173670,Team Fish Taco,lineup-ad45d9b477d0c6c1,0,pair-c17e232bbb031fab,oe:player:2f8d775625d7bc8069ae313c9b2efbe,oe:player:ac6c8ea090678bb181b8004e3efd830,Gbunny,Nightstar,0.09174621
NA1/3592825144,2020-09-27,2020,Unknown,10.19,oe:team:01a3132448697cecc30364f52173670,Team Fish Taco,lineup-ad45d9b477d0c6c1,0,pair-f87eaf24d9b092cb,oe:player:2f8d775625d7bc8069ae313c9b2efbe,oe:player:ba9de670bbae610f08fdb839b7c3ed4,Gbunny,kittyyy,-0.09802107
NA1/3592825144,2020-09-27,2020,Unknown,10.19,oe:team:01a3132448697cecc30364f52173670,Team Fish Taco,lineup-ad45d9b477d0c6c1,0,pair-817c88cb79517e4c,oe:player:63956d12f094d1701126e814b4c966a,oe:player:ac6c8ea090678bb181b8004e3efd830,Apathing,Nightstar,-0.30759440
NA1/3592825144,2020-09-27,2020,Unknown,10.19,oe:team:01a3132448697cecc30364f52173670,Team Fish Taco,lineup-ad45d9b477d0c6c1,0,pair-3924b4dcaf9b0855,oe:player:63956d12f094d1701126e814b4c966a,oe:player:ba9de670bbae610f08fdb839b7c3ed4,Apathing,kittyyy,-0.49736168
NA1/3592825144,2020-09-27,2020,Unknown,10.19,oe:team:01a3132448697cecc30364f52173670,Team Fish Taco,lineup-ad45d9b477d0c6c1,0,pair-cf8e520ec2be8296,oe:player:ac6c8ea090678bb181b8004e3efd830,oe:player:ba9de670bbae610f08fdb839b7c3ed4,Nightstar,kittyyy,-0.43796537
NA1/3592825144,2020-09-27,2020,Unknown,10.19,oe:team:d83bffd1eb6ab4fc8b58abb3e646d48,Just Randoms,lineup-dcf4c3b5a7ecd9b2,1,pair-4be452c1509b22e5,oe:player:07d1c57ec273126c65dbd1197abdb47,oe:player:8a25863fe5045bb08949998a2c39329,Pockus,Kyle,-0.24364603
NA1/3592825144,2020-09-27,2020,Unknown,10.19,oe:team:d83bffd1eb6ab4fc8b58abb3e646d48,Just Randoms,lineup-dcf4c3b5a7ecd9b2,1,pair-a7b89ce4521a6d08,oe:player:07d1c57ec273126c65dbd1197abdb47,oe:player:8b7b362f0be0a35dc80ea775ea19cb7,Pockus,Chim,-0.71978814
NA1/3592825144,2020-09-27,2020,Unknown,10.19,oe:team:d83bffd1eb6ab4fc8b58abb3e646d48,Just Randoms,lineup-dcf4c3b5a7ecd9b2,1,pair-b5debae083a8abdb,oe:player:07d1c57ec273126c65dbd1197abdb47,oe:player:a88f9b1cfb0beebb9aee272513500a6,Pockus,Hyper,-0.19799172
NA1/3592825144,2020-09-27,2020,Unknown,10.19,oe:team:d83bffd1eb6ab4fc8b58abb3e646d48,Just Randoms,lineup-dcf4c3b5a7ecd9b2,1,pair-adcf66fbf2d1d878,oe:player:07d1c57ec273126c65dbd1197abdb47,oe:player:df4f91120caa080682bf595c5f7f2d3,Pockus,CptShrimps,-1.04604562
NA1/3592825144,2020-09-27,2020,Unknown,10.19,oe:team:d83bffd1eb6ab4fc8b58abb3e646d48,Just Randoms,lineup-dcf4c3b5a7ecd9b2,1,pair-fc69e88c01448085,oe:player:8a25863fe5045bb08949998a2c39329,oe:player:8b7b362f0be0a35dc80ea775ea19cb7,Kyle,Chim,-0.06715397
NA1/3592825144,2020-09-27,2020,Unknown,10.19,oe:team:d83bffd1eb6ab4fc8b58abb3e646d48,Just Randoms,lineup-dcf4c3b5a7ecd9b2,1,pair-a3f3e0f54d8bc3d8,oe:player:8a25863fe5045bb08949998a2c39329,oe:player:a88f9b1cfb0beebb9aee272513500a6,Kyle,Hyper,0.45464245
NA1/3592825144,2020-09-27,2020,Unknown,10.19,oe:team:d83bffd1eb6ab4fc8b58abb3e646d48,Just Randoms,lineup-dcf4c3b5a7ecd9b2,1,pair-05306a35603592b7,oe:player:8a25863fe5045bb08949998a2c39329,oe:player:df4f91120caa080682bf595c5f7f2d3,Kyle,CptShrimps,-0.39341146
NA1/3592825144,2020-09-27,2020,Unknown,10.19,oe:team:d83bffd1eb6ab4fc8b58abb3e646d48,Just Randoms,lineup-dcf4c3b5a7ecd9b2,1,pair-66539e7d0252cab2,oe:player:8b7b362f0be0a35dc80ea775ea19cb7,oe:player:a88f9b1cfb0beebb9aee272513500a6,Chim,Hyper,-0.02149966
NA1/3592825144,2020-09-27,2020,Unknown,10.19,oe:team:d83bffd1eb6ab4fc8b58abb3e646d48,Just Randoms,lineup-dcf4c3b5a7ecd9b2,1,pair-c3059622e5e4e1b6,oe:player:8b7b362f0be0a35dc80ea775ea19cb7,oe:player:df4f91120caa080682bf595c5f7f2d3,Chim,CptShrimps,-0.86955357
NA1/3592825144,2020-09-27,2020,Unknown,10.19,oe:team:d83bffd1eb6ab4fc8b58abb3e646d48,Just Randoms,lineup-dcf4c3b5a7ecd9b2,1,pair-1e1caf4689451ec1,oe:player:a88f9b1cfb0beebb9aee272513500a6,oe:player:df4f91120caa080682bf595c5f7f2d3,Hyper,CptShrimps,-0.34775715
NA1/3592825529,2020-09-28,2020,Unknown,10.19,name-team-bbf4d270ed871a83,unknown team,lineup-a0c2e50823decda6,0,pair-8edf3381470a8888,name-player-d72bd85e71031dbd,oe:player:1a6336ee76ad050220d9dd4c432228c,unknown player,KhaliDino,-1.26832556
NA1/3592825529,2020-09-28,2020,Unknown,10.19,name-team-bbf4d270ed871a83,unknown team,lineup-a0c2e50823decda6,0,pair-679982e884bad697,name-player-d72bd85e71031dbd,oe:player:1f2dacafcb86c606a3510a284e73e17,unknown player,Detention,-0.09603253
NA1/3592825529,2020-09-28,2020,Unknown,10.19,name-team-bbf4d270ed871a83,unknown team,lineup-a0c2e50823decda6,0,pair-108453fb9045c518,name-player-d72bd85e71031dbd,oe:player:98507570b7ae6c8019192bc1b5412c1,unknown player,Porsche,-0.70974107
NA1/3592825529,2020-09-28,2020,Unknown,10.19,name-team-bbf4d270ed871a83,unknown team,lineup-a0c2e50823decda6,0,pair-bff71afb2f7716b0,name-player-d72bd85e71031dbd,oe:player:b52e38e9119ec4125f1fdc9035344b8,unknown player,Logia,-0.93769604
NA1/3592825529,2020-09-28,2020,Unknown,10.19,name-team-bbf4d270ed871a83,unknown team,lineup-a0c2e50823decda6,0,pair-89f13965f7718912,oe:player:1a6336ee76ad050220d9dd4c432228c,oe:player:1f2dacafcb86c606a3510a284e73e17,KhaliDino,Detention,-0.21342519
NA1/3592825529,2020-09-28,2020,Unknown,10.19,name-team-bbf4d270ed871a83,unknown team,lineup-a0c2e50823decda6,0,pair-6622f96907feb04d,oe:player:1a6336ee76ad050220d9dd4c432228c,oe:player:98507570b7ae6c8019192bc1b5412c1,KhaliDino,Porsche,-0.82713373
NA1/3592825529,2020-09-28,2020,Unknown,10.19,name-team-bbf4d270ed871a83,unknown team,lineup-a0c2e50823decda6,0,pair-599a49275ab16538,oe:player:1a6336ee76ad050220d9dd4c432228c,oe:player:b52e38e9119ec4125f1fdc9035344b8,KhaliDino,Logia,-1.05508870
NA1/3592825529,2020-09-28,2020,Unknown,10.19,name-team-bbf4d270ed871a83,unknown team,lineup-a0c2e50823decda6,0,pair-b81070897538e722,oe:player:1f2dacafcb86c606a3510a284e73e17,oe:player:98507570b7ae6c8019192bc1b5412c1,Detention,Porsche,0.34515930
NA1/3592825529,2020-09-28,2020,Unknown,10.19,name-team-bbf4d270ed871a83,unknown team,lineup-a0c2e50823decda6,0,pair-f3c5164ac919f2e8,oe:player:1f2dacafcb86c606a3510a284e73e17,oe:player:b52e38e9119ec4125f1fdc9035344b8,Detention,Logia,0.11720433
NA1/3592825529,2020-09-28,2020,Unknown,10.19,name-team-bbf4d270ed871a83,unknown team,lineup-a0c2e50823decda6,0,pair-ec95838293904afd,oe:player:98507570b7ae6c8019192bc1b5412c1,oe:player:b52e38e9119ec4125f1fdc9035344b8,Porsche,Logia,-0.49650421
NA1/3592825529,2020-09-28,2020,Unknown,10.19,oe:team:b99696624afa81613e7c305f10c6b05,Illinois State University,lineup-2c75145e2ab515e3,1,pair-e6b7b20224ab8237,oe:player:4f6099e648bf78004394fdbb56140ee,oe:player:5e0308bd1c4172cd22f7bedcb1119ba,DrewDozer,datdat1,0.60620773
NA1/3592825529,2020-09-28,2020,Unknown,10.19,oe:team:b99696624afa81613e7c305f10c6b05,Illinois State University,lineup-2c75145e2ab515e3,1,pair-cf414b2cd1b3b693,oe:player:4f6099e648bf78004394fdbb56140ee,oe:player:684880c286f599e706af1f009dd9ae4,DrewDozer,GFP,0.28732856
NA1/3592825529,2020-09-28,2020,Unknown,10.19,oe:team:b99696624afa81613e7c305f10c6b05,Illinois State University,lineup-2c75145e2ab515e3,1,pair-7b3710b3c73c4b2d,oe:player:4f6099e648bf78004394fdbb56140ee,oe:player:69e8187a8af4c2ca3b95e6027ecfc9b,DrewDozer,Yen,0.16660463
NA1/3592825529,2020-09-28,2020,Unknown,10.19,oe:team:b99696624afa81613e7c305f10c6b05,Illinois State University,lineup-2c75145e2ab515e3,1,pair-4d935280824c6804,oe:player:4f6099e648bf78004394fdbb56140ee,oe:player:aa3fd3870a04b4f9da9f7e49737f52a,DrewDozer,Tempos,0.28185667
NA1/3592825529,2020-09-28,2020,Unknown,10.19,oe:team:b99696624afa81613e7c305f10c6b05,Illinois State University,lineup-2c75145e2ab515e3,1,pair-16df56740273fba6,oe:player:5e0308bd1c4172cd22f7bedcb1119ba,oe:player:684880c286f599e706af1f009dd9ae4,datdat1,GFP,0.27587241
NA1/3592825529,2020-09-28,2020,Unknown,10.19,oe:team:b99696624afa81613e7c305f10c6b05,Illinois State University,lineup-2c75145e2ab515e3,1,pair-c28da33ad0db5076,oe:player:5e0308bd1c4172cd22f7bedcb1119ba,oe:player:69e8187a8af4c2ca3b95e6027ecfc9b,datdat1,Yen,0.15514847
NA1/3592825529,2020-09-28,2020,Unknown,10.19,oe:team:b99696624afa81613e7c305f10c6b05,Illinois State University,lineup-2c75145e2ab515e3,1,pair-59f0ab20a6349fa2,oe:player:5e0308bd1c4172cd22f7bedcb1119ba,oe:player:aa3fd3870a04b4f9da9f7e49737f52a,datdat1,Tempos,0.27040051
NA1/3592825529,2020-09-28,2020,Unknown,10.19,oe:team:b99696624afa81613e7c305f10c6b05,Illinois State University,lineup-2c75145e2ab515e3,1,pair-9d2fcd4fc52e8672,oe:player:684880c286f599e706af1f009dd9ae4,oe:player:69e8187a8af4c2ca3b95e6027ecfc9b,GFP,Yen,-0.16373070
NA1/3592825529,2020-09-28,2020,Unknown,10.19,oe:team:b99696624afa81613e7c305f10c6b05,Illinois State University,lineup-2c75145e2ab515e3,1,pair-9c35944c3a43fb03,oe:player:684880c286f599e706af1f009dd9ae4,oe:player:aa3fd3870a04b4f9da9f7e49737f52a,GFP,Tempos,-0.04847866
NA1/3592825529,2020-09-28,2020,Unknown,10.19,oe:team:b99696624afa81613e7c305f10c6b05,Illinois State University,lineup-2c75145e2ab515e3,1,pair-cbca667032bf0894,oe:player:69e8187a8af4c2ca3b95e6027ecfc9b,oe:player:aa3fd3870a04b4f9da9f7e49737f52a,Yen,Tempos,-0.16920259
NA1/3592825534,2020-09-28,2020,Unknown,10.19,oe:team:4c87a422072b2c1e754299a17ea36ce,Grand View University,lineup-b9f033f53055dd70,0,pair-a48e66d4e6f09d43,oe:player:0efcbda713dd493e977b0741f41f87c,oe:player:3062a9edba61382db75add4b3fe0eea,Koskinen,Disconnector,-0.01863288
NA1/3592825534,2020-09-28,2020,Unknown,10.19,oe:team:4c87a422072b2c1e754299a17ea36ce,Grand View University,lineup-b9f033f53055dd70,0,pair-6ec756ca3ea33462,oe:player:0efcbda713dd493e977b0741f41f87c,oe:player:98cba6472d95ae606a9ae863cfa5023,Koskinen,P1atypus,-0.85121781
NA1/3592825534,2020-09-28,2020,Unknown,10.19,oe:team:4c87a422072b2c1e754299a17ea36ce,Grand View University,lineup-b9f033f53055dd70,0,pair-56d8fe79eca48216,oe:player:0efcbda713dd493e977b0741f41f87c,oe:player:d778769103b62e1222414cd182c4e25,Koskinen,Chookies,0.11290452
NA1/3592825534,2020-09-28,2020,Unknown,10.19,oe:team:4c87a422072b2c1e754299a17ea36ce,Grand View University,lineup-b9f033f53055dd70,0,pair-0b6b6256fde17fd6,oe:player:0efcbda713dd493e977b0741f41f87c,oe:player:e57ef5f8ab42a0364a11b50f2a86b81,Koskinen,ShorterACE,0.34663649
NA1/3592825534,2020-09-28,2020,Unknown,10.19,oe:team:4c87a422072b2c1e754299a17ea36ce,Grand View University,lineup-b9f033f53055dd70,0,pair-25734d3f9bd4b68a,oe:player:3062a9edba61382db75add4b3fe0eea,oe:player:98cba6472d95ae606a9ae863cfa5023,Disconnector,P1atypus,-0.76439109
NA1/3592825534,2020-09-28,2020,Unknown,10.19,oe:team:4c87a422072b2c1e754299a17ea36ce,Grand View University,lineup-b9f033f53055dd70,0,pair-0161e3668a2d110b,oe:player:3062a9edba61382db75add4b3fe0eea,oe:player:d778769103b62e1222414cd182c4e25,Disconnector,Chookies,0.19973125
NA1/3592825534,2020-09-28,2020,Unknown,10.19,oe:team:4c87a422072b2c1e754299a17ea36ce,Grand View University,lineup-b9f033f53055dd70,0,pair-5a514e7a7c2ae687,oe:player:3062a9edba61382db75add4b3fe0eea,oe:player:e57ef5f8ab42a0364a11b50f2a86b81,Disconnector,ShorterACE,0.43346321
NA1/3592825534,2020-09-28,2020,Unknown,10.19,oe:team:4c87a422072b2c1e754299a17ea36ce,Grand View University,lineup-b9f033f53055dd70,0,pair-559ca1ca127ad6fb,oe:player:98cba6472d95ae606a9ae863cfa5023,oe:player:d778769103b62e1222414cd182c4e25,P1atypus,Chookies,-0.63285368
NA1/3592825534,2020-09-28,2020,Unknown,10.19,oe:team:4c87a422072b2c1e754299a17ea36ce,Grand View University,lineup-b9f033f53055dd70,0,pair-729d7216755bc50c,oe:player:98cba6472d95ae606a9ae863cfa5023,oe:player:e57ef5f8ab42a0364a11b50f2a86b81,P1atypus,ShorterACE,-0.39912172
NA1/3592825534,2020-09-28,2020,Unknown,10.19,oe:team:4c87a422072b2c1e754299a17ea36ce,Grand View University,lineup-b9f033f53055dd70,0,pair-711133f6e62b011f,oe:player:d778769103b62e1222414cd182c4e25,oe:player:e57ef5f8ab42a0364a11b50f2a86b81,Chookies,ShorterACE,0.56500061
NA1/3592825534,2020-09-28,2020,Unknown,10.19,oe:team:ab8a919db08c9f8321da77bc63cb31d,Louisiana State University,lineup-7263f09241ee9cd5,1,pair-6d63422b633bd09a,oe:player:0fe6cc268b58e582c12d3c0656f2752,oe:player:8a26fb905636bc0bec1a65212c3c863,PrincessKyle,shochi,0.25153887
NA1/3592825534,2020-09-28,2020,Unknown,10.19,oe:team:ab8a919db08c9f8321da77bc63cb31d,Louisiana State University,lineup-7263f09241ee9cd5,1,pair-951d1255bb80638f,oe:player:0fe6cc268b58e582c12d3c0656f2752,oe:player:be0a4f6bb9c7188519e9d6046af21fe,PrincessKyle,TimmyTurner,-0.56451606
NA1/3592825534,2020-09-28,2020,Unknown,10.19,oe:team:ab8a919db08c9f8321da77bc63cb31d,Louisiana State University,lineup-7263f09241ee9cd5,1,pair-61d78d6bca3bb486,oe:player:0fe6cc268b58e582c12d3c0656f2752,oe:player:e107e92b0751b8709e850921ed65683,PrincessKyle,DerpyBunzz,-0.11114214
NA1/3592825534,2020-09-28,2020,Unknown,10.19,oe:team:ab8a919db08c9f8321da77bc63cb31d,Louisiana State University,lineup-7263f09241ee9cd5,1,pair-8c36fc9a22382474,oe:player:0fe6cc268b58e582c12d3c0656f2752,oe:player:f6afb3ca3ac4cb969cc0c36330d8ee8,PrincessKyle,Airren,-0.27189897
NA1/3592825534,2020-09-28,2020,Unknown,10.19,oe:team:ab8a919db08c9f8321da77bc63cb31d,Louisiana State University,lineup-7263f09241ee9cd5,1,pair-53202c686aa93c5e,oe:player:8a26fb905636bc0bec1a65212c3c863,oe:player:be0a4f6bb9c7188519e9d6046af21fe,shochi,TimmyTurner,0.25045654
NA1/3592825534,2020-09-28,2020,Unknown,10.19,oe:team:ab8a919db08c9f8321da77bc63cb31d,Louisiana State University,lineup-7263f09241ee9cd5,1,pair-a8d37838ced35318,oe:player:8a26fb905636bc0bec1a65212c3c863,oe:player:e107e92b0751b8709e850921ed65683,shochi,DerpyBunzz,0.70383047
NA1/3592825534,2020-09-28,2020,Unknown,10.19,oe:team:ab8a919db08c9f8321da77bc63cb31d,Louisiana State University,lineup-7263f09241ee9cd5,1,pair-b31f7afe4e291e7e,oe:player:8a26fb905636bc0bec1a65212c3c863,oe:player:f6afb3ca3ac4cb969cc0c36330d8ee8,shochi,Airren,0.54307363
NA1/3592825534,2020-09-28,2020,Unknown,10.19,oe:team:ab8a919db08c9f8321da77bc63cb31d,Louisiana State University,lineup-7263f09241ee9cd5,1,pair-d519bb330bea7a8b,oe:player:be0a4f6bb9c7188519e9d6046af21fe,oe:player:e107e92b0751b8709e850921ed65683,TimmyTurner,DerpyBunzz,-0.11222447
NA1/3592825534,2020-09-28,2020,Unknown,10.19,oe:team:ab8a919db08c9f8321da77bc63cb31d,Louisiana State University,lineup-7263f09241ee9cd5,1,pair-1691bf282dc5ff5c,oe:player:be0a4f6bb9c7188519e9d6046af21fe,oe:player:f6afb3ca3ac4cb969cc0c36330d8ee8,TimmyTurner,Airren,-0.27298130
NA1/3592825534,2020-09-28,2020,Unknown,10.19,oe:team:ab8a919db08c9f8321da77bc63cb31d,Louisiana State University,lineup-7263f09241ee9cd5,1,pair-6bc057a749093fd5,oe:player:e107e92b0751b8709e850921ed65683,oe:player:f6afb3ca3ac4cb969cc0c36330d8ee8,DerpyBunzz,Airren,0.18039262
NA1/3592825550,2020-09-28,2020,Unknown,10.19,oe:team:01a3132448697cecc30364f52173670,Team Fish Taco,lineup-ad45d9b477d0c6c1,0,pair-2708ffffeaf314c1,oe:player:1318959f7ffeff2de3f315118096467,oe:player:2f8d775625d7bc8069ae313c9b2efbe,Solitified,Gbunny,-0.57860362
NA1/3592825550,2020-09-28,2020,Unknown,10.19,oe:team:01a3132448697cecc30364f52173670,Team Fish Taco,lineup-ad45d9b477d0c6c1,0,pair-3a19e9c52fb286b2,oe:player:1318959f7ffeff2de3f315118096467,oe:player:63956d12f094d1701126e814b4c966a,Solitified,Apathing,0.30102223
NA1/3592825550,2020-09-28,2020,Unknown,10.19,oe:team:01a3132448697cecc30364f52173670,Team Fish Taco,lineup-ad45d9b477d0c6c1,0,pair-22bd72dc3cccaeee,oe:player:1318959f7ffeff2de3f315118096467,oe:player:ac6c8ea090678bb181b8004e3efd830,Solitified,Nightstar,0.14931850
NA1/3592825550,2020-09-28,2020,Unknown,10.19,oe:team:01a3132448697cecc30364f52173670,Team Fish Taco,lineup-ad45d9b477d0c6c1,0,pair-ae26476adf362d35,oe:player:1318959f7ffeff2de3f315118096467,oe:player:ba9de670bbae610f08fdb839b7c3ed4,Solitified,kittyyy,0.01534153
NA1/3592825550,2020-09-28,2020,Unknown,10.19,oe:team:01a3132448697cecc30364f52173670,Team Fish Taco,lineup-ad45d9b477d0c6c1,0,pair-e8d147871cff4992,oe:player:2f8d775625d7bc8069ae313c9b2efbe,oe:player:63956d12f094d1701126e814b4c966a,Gbunny,Apathing,-0.23160973
NA1/3592825550,2020-09-28,2020,Unknown,10.19,oe:team:01a3132448697cecc30364f52173670,Team Fish Taco,lineup-ad45d9b477d0c6c1,0,pair-c17e232bbb031fab,oe:player:2f8d775625d7bc8069ae313c9b2efbe,oe:player:ac6c8ea090678bb181b8004e3efd830,Gbunny,Nightstar,-0.38331346
NA1/3592825550,2020-09-28,2020,Unknown,10.19,oe:team:01a3132448697cecc30364f52173670,Team Fish Taco,lineup-ad45d9b477d0c6c1,0,pair-f87eaf24d9b092cb,oe:player:2f8d775625d7bc8069ae313c9b2efbe,oe:player:ba9de670bbae610f08fdb839b7c3ed4,Gbunny,kittyyy,-0.51729043
NA1/3592825550,2020-09-28,2020,Unknown,10.19,oe:team:01a3132448697cecc30364f52173670,Team Fish Taco,lineup-ad45d9b477d0c6c1,0,pair-817c88cb79517e4c,oe:player:63956d12f094d1701126e814b4c966a,oe:player:ac6c8ea090678bb181b8004e3efd830,Apathing,Nightstar,0.49631239
NA1/3592825550,2020-09-28,2020,Unknown,10.19,oe:team:01a3132448697cecc30364f52173670,Team Fish Taco,lineup-ad45d9b477d0c6c1,0,pair-3924b4dcaf9b0855,oe:player:63956d12f094d1701126e814b4c966a,oe:player:ba9de670bbae610f08fdb839b7c3ed4,Apathing,kittyyy,0.36233542
NA1/3592825550,2020-09-28,2020,Unknown,10.19,oe:team:01a3132448697cecc30364f52173670,Team Fish Taco,lineup-ad45d9b477d0c6c1,0,pair-cf8e520ec2be8296,oe:player:ac6c8ea090678bb181b8004e3efd830,oe:player:ba9de670bbae610f08fdb839b7c3ed4,Nightstar,kittyyy,0.21063169
NA1/3592825550,2020-09-28,2020,Unknown,10.19,oe:team:d83bffd1eb6ab4fc8b58abb3e646d48,Just Randoms,lineup-dcf4c3b5a7ecd9b2,1,pair-4be452c1509b22e5,oe:player:07d1c57ec273126c65dbd1197abdb47,oe:player:8a25863fe5045bb08949998a2c39329,Pockus,Kyle,0.81431485
NA1/3592825550,2020-09-28,2020,Unknown,10.19,oe:team:d83bffd1eb6ab4fc8b58abb3e646d48,Just Randoms,lineup-dcf4c3b5a7ecd9b2,1,pair-a7b89ce4521a6d08,oe:player:07d1c57ec273126c65dbd1197abdb47,oe:player:8b7b362f0be0a35dc80ea775ea19cb7,Pockus,Chim,0.17683116
NA1/3592825550,2020-09-28,2020,Unknown,10.19,oe:team:d83bffd1eb6ab4fc8b58abb3e646d48,Just Randoms,lineup-dcf4c3b5a7ecd9b2,1,pair-b5debae083a8abdb,oe:player:07d1c57ec273126c65dbd1197abdb47,oe:player:a88f9b1cfb0beebb9aee272513500a6,Pockus,Hyper,1.41752150
NA1/3592825550,2020-09-28,2020,Unknown,10.19,oe:team:d83bffd1eb6ab4fc8b58abb3e646d48,Just Randoms,lineup-dcf4c3b5a7ecd9b2,1,pair-adcf66fbf2d1d878,oe:player:07d1c57ec273126c65dbd1197abdb47,oe:player:df4f91120caa080682bf595c5f7f2d3,Pockus,CptShrimps,0.10282049
NA1/3592825550,2020-09-28,2020,Unknown,10.19,oe:team:d83bffd1eb6ab4fc8b58abb3e646d48,Just Randoms,lineup-dcf4c3b5a7ecd9b2,1,pair-fc69e88c01448085,oe:player:8a25863fe5045bb08949998a2c39329,oe:player:8b7b362f0be0a35dc80ea775ea19cb7,Kyle,Chim,0.51921272
NA1/3592825550,2020-09-28,2020,Unknown,10.19,oe:team:d83bffd1eb6ab4fc8b58abb3e646d48,Just Randoms,lineup-dcf4c3b5a7ecd9b2,1,pair-a3f3e0f54d8bc3d8,oe:player:8a25863fe5045bb08949998a2c39329,oe:player:a88f9b1cfb0beebb9aee272513500a6,Kyle,Hyper,1.75990306
NA1/3592825550,2020-09-28,2020,Unknown,10.19,oe:team:d83bffd1eb6ab4fc8b58abb3e646d48,Just Randoms,lineup-dcf4c3b5a7ecd9b2,1,pair-05306a35603592b7,oe:player:8a25863fe5045bb08949998a2c39329,oe:player:df4f91120caa080682bf595c5f7f2d3,Kyle,CptShrimps,0.44520205
NA1/3592825550,2020-09-28,2020,Unknown,10.19,oe:team:d83bffd1eb6ab4fc8b58abb3e646d48,Just Randoms,lineup-dcf4c3b5a7ecd9b2,1,pair-66539e7d0252cab2,oe:player:8b7b362f0be0a35dc80ea775ea19cb7,oe:player:a88f9b1cfb0beebb9aee272513500a6,Chim,Hyper,1.12241937
NA1/3592825550,2020-09-28,2020,Unknown,10.19,oe:team:d83bffd1eb6ab4fc8b58abb3e646d48,Just Randoms,lineup-dcf4c3b5a7ecd9b2,1,pair-c3059622e5e4e1b6,oe:player:8b7b362f0be0a35dc80ea775ea19cb7,oe:player:df4f91120caa080682bf595c5f7f2d3,Chim,CptShrimps,-0.19228164
NA1/3592825550,2020-09-28,2020,Unknown,10.19,oe:team:d83bffd1eb6ab4fc8b58abb3e646d48,Just Randoms,lineup-dcf4c3b5a7ecd9b2,1,pair-1e1caf4689451ec1,oe:player:a88f9b1cfb0beebb9aee272513500a6,oe:player:df4f91120caa080682bf595c5f7f2d3,Hyper,CptShrimps,1.04840870
NA1/3592825814,2020-09-28,2020,Unknown,10.19,oe:team:333ba9fefa87eda14bd32c5420d7002,Winthrop University,lineup-fe1174db6342832b,0,pair-155ed4557785ce5c,oe:player:06ddb1ce4c3f4952ae6973d4c7ca345,oe:player:250959b1405337b1ccd82f6dd634cb3,Saskio,Haebaragi,-0.80357795
NA1/3592825814,2020-09-28,2020,Unknown,10.19,oe:team:333ba9fefa87eda14bd32c5420d7002,Winthrop University,lineup-fe1174db6342832b,0,pair-62511e3f444e093c,oe:player:06ddb1ce4c3f4952ae6973d4c7ca345,oe:player:339584e5b6ff20add38aa209f78eada,Saskio,Infectrix,-0.43240536
NA1/3592825814,2020-09-28,2020,Unknown,10.19,oe:team:333ba9fefa87eda14bd32c5420d7002,Winthrop University,lineup-fe1174db6342832b,0,pair-66e4882570ae2158,oe:player:06ddb1ce4c3f4952ae6973d4c7ca345,oe:player:41c5f02f8439b36ea5d0d37c7b4a2c4,Saskio,Kenji,-0.30644293
NA1/3592825814,2020-09-28,2020,Unknown,10.19,oe:team:333ba9fefa87eda14bd32c5420d7002,Winthrop University,lineup-fe1174db6342832b,0,pair-e353919d08680fc9,oe:player:06ddb1ce4c3f4952ae6973d4c7ca345,oe:player:afcd3cdcf44e5da63f9e2a3dcb5ba50,Saskio,Doxa,-0.28850830
NA1/3592825814,2020-09-28,2020,Unknown,10.19,oe:team:333ba9fefa87eda14bd32c5420d7002,Winthrop University,lineup-fe1174db6342832b,0,pair-2cd799de1a477aef,oe:player:250959b1405337b1ccd82f6dd634cb3,oe:player:339584e5b6ff20add38aa209f78eada,Haebaragi,Infectrix,-1.40348875
NA1/3592825814,2020-09-28,2020,Unknown,10.19,oe:team:333ba9fefa87eda14bd32c5420d7002,Winthrop University,lineup-fe1174db6342832b,0,pair-7941e99941504ab2,oe:player:250959b1405337b1ccd82f6dd634cb3,oe:player:41c5f02f8439b36ea5d0d37c7b4a2c4,Haebaragi,Kenji,-1.27752632
NA1/3592825814,2020-09-28,2020,Unknown,10.19,oe:team:333ba9fefa87eda14bd32c5420d7002,Winthrop University,lineup-fe1174db6342832b,0,pair-cb6bc019435d0c2b,oe:player:250959b1405337b1ccd82f6dd634cb3,oe:player:afcd3cdcf44e5da63f9e2a3dcb5ba50,Haebaragi,Doxa,-1.25959169
NA1/3592825814,2020-09-28,2020,Unknown,10.19,oe:team:333ba9fefa87eda14bd32c5420d7002,Winthrop University,lineup-fe1174db6342832b,0,pair-abb43b123d7e659e,oe:player:339584e5b6ff20add38aa209f78eada,oe:player:41c5f02f8439b36ea5d0d37c7b4a2c4,Infectrix,Kenji,-0.90635373
NA1/3592825814,2020-09-28,2020,Unknown,10.19,oe:team:333ba9fefa87eda14bd32c5420d7002,Winthrop University,lineup-fe1174db6342832b,0,pair-b873dd38161499b9,oe:player:339584e5b6ff20add38aa209f78eada,oe:player:afcd3cdcf44e5da63f9e2a3dcb5ba50,Infectrix,Doxa,-0.88841910
NA1/3592825814,2020-09-28,2020,Unknown,10.19,oe:team:333ba9fefa87eda14bd32c5420d7002,Winthrop University,lineup-fe1174db6342832b,0,pair-00b1b5bcd5e48281,oe:player:41c5f02f8439b36ea5d0d37c7b4a2c4,oe:player:afcd3cdcf44e5da63f9e2a3dcb5ba50,Kenji,Doxa,-0.76245668
NA1/3592825814,2020-09-28,2020,Unknown,10.19,oe:team:7e2401900a9756d56a10b66590357fe,Dark Allegiance,lineup-23202622759e2b21,1,pair-5e028197501a0641,oe:player:28dc6796156fb243fc619681c680242,oe:player:4094cdb5b4ce1bd12736df16912a49e,Good Boi,Mekhio,1.07536221
NA1/3592825814,2020-09-28,2020,Unknown,10.19,oe:team:7e2401900a9756d56a10b66590357fe,Dark Allegiance,lineup-23202622759e2b21,1,pair-dcb70ac747d5f3b3,oe:player:28dc6796156fb243fc619681c680242,oe:player:4b8fa1ed371220801e5d3083359b63e,Good Boi,Enigma,0.33625256
NA1/3592825814,2020-09-28,2020,Unknown,10.19,oe:team:7e2401900a9756d56a10b66590357fe,Dark Allegiance,lineup-23202622759e2b21,1,pair-6868900a5544fa09,oe:player:28dc6796156fb243fc619681c680242,oe:player:e6ae8c3fc74814cd25df5e3da9347d1,Good Boi,Best Poutine QC,1.10080566
NA1/3592825814,2020-09-28,2020,Unknown,10.19,oe:team:7e2401900a9756d56a10b66590357fe,Dark Allegiance,lineup-23202622759e2b21,1,pair-72ec6c49281865ba,oe:player:28dc6796156fb243fc619681c680242,oe:player:fd63d76c390835d150b487e0326a033,Good Boi,petitpois,1.85761223
NA1/3592825814,2020-09-28,2020,Unknown,10.19,oe:team:7e2401900a9756d56a10b66590357fe,Dark Allegiance,lineup-23202622759e2b21,1,pair-276a3c75b9970cd1,oe:player:4094cdb5b4ce1bd12736df16912a49e,oe:player:4b8fa1ed371220801e5d3083359b63e,Mekhio,Enigma,0.32653715
NA1/3592825814,2020-09-28,2020,Unknown,10.19,oe:team:7e2401900a9756d56a10b66590357fe,Dark Allegiance,lineup-23202622759e2b21,1,pair-23553e563e922584,oe:player:4094cdb5b4ce1bd12736df16912a49e,oe:player:e6ae8c3fc74814cd25df5e3da9347d1,Mekhio,Best Poutine QC,1.09109025
NA1/3592825814,2020-09-28,2020,Unknown,10.19,oe:team:7e2401900a9756d56a10b66590357fe,Dark Allegiance,lineup-23202622759e2b21,1,pair-2a6159e23fa6703b,oe:player:4094cdb5b4ce1bd12736df16912a49e,oe:player:fd63d76c390835d150b487e0326a033,Mekhio,petitpois,1.84789682
NA1/3592825814,2020-09-28,2020,Unknown,10.19,oe:team:7e2401900a9756d56a10b66590357fe,Dark Allegiance,lineup-23202622759e2b21,1,pair-23b1ad10455ef6fb,oe:player:4b8fa1ed371220801e5d3083359b63e,oe:player:e6ae8c3fc74814cd25df5e3da9347d1,Enigma,Best Poutine QC,0.35198061
NA1/3592825814,2020-09-28,2020,Unknown,10.19,oe:team:7e2401900a9756d56a10b66590357fe,Dark Allegiance,lineup-23202622759e2b21,1,pair-e7b19738d5a2bb74,oe:player:4b8fa1ed371220801e5d3083359b63e,oe:player:fd63d76c390835d150b487e0326a033,Enigma,petitpois,1.10878718
NA1/3592825814,2020-09-28,2020,Unknown,10.19,oe:team:7e2401900a9756d56a10b66590357fe,Dark Allegiance,lineup-23202622759e2b21,1,pair-387405edd23ba50a,oe:player:e6ae8c3fc74814cd25df5e3da9347d1,oe:player:fd63d76c390835d150b487e0326a033,Best Poutine QC,petitpois,1.87334028
NA1/3592845615,2020-09-28,2020,Unknown,10.19,name-team-bbf4d270ed871a83,unknown team,lineup-17ec4441e842fba5,0,pair-41f2836f370ee145,oe:player:05a73863e113f3cb6b472a76da2ea52,oe:player:49eb2a859e51ac0efe806dfb71a5263,DARKWINGS,Topo,0.13696853
NA1/3592845615,2020-09-28,2020,Unknown,10.19,name-team-bbf4d270ed871a83,unknown team,lineup-17ec4441e842fba5,0,pair-af544b0b6d4e2013,oe:player:05a73863e113f3cb6b472a76da2ea52,oe:player:4b4fc6bd479a7c9b773b2254fd382fb,DARKWINGS,LGF,1.35013280
NA1/3592845615,2020-09-28,2020,Unknown,10.19,name-team-bbf4d270ed871a83,unknown team,lineup-17ec4441e842fba5,0,pair-9b4ef0eabbfb7db0,oe:player:05a73863e113f3cb6b472a76da2ea52,oe:player:59ab87a8d46e2d01826337b6105cbb6,DARKWINGS,John,0.18961708
NA1/3592845615,2020-09-28,2020,Unknown,10.19,name-team-bbf4d270ed871a83,unknown team,lineup-17ec4441e842fba5,0,pair-eafe98352dc9f2fd,oe:player:05a73863e113f3cb6b472a76da2ea52,oe:player:c34dd77ffb9238275b93ea1897664a7,DARKWINGS,PK1,0.12552516
NA1/3592845615,2020-09-28,2020,Unknown,10.19,name-team-bbf4d270ed871a83,unknown team,lineup-17ec4441e842fba5,0,pair-b839ca6d47d8fee7,oe:player:49eb2a859e51ac0efe806dfb71a5263,oe:player:4b4fc6bd479a7c9b773b2254fd382fb,Topo,LGF,0.73836655
NA1/3592845615,2020-09-28,2020,Unknown,10.19,name-team-bbf4d270ed871a83,unknown team,lineup-17ec4441e842fba5,0,pair-9344be3ebdecb39e,oe:player:49eb2a859e51ac0efe806dfb71a5263,oe:player:59ab87a8d46e2d01826337b6105cbb6,Topo,John,-0.42214918
NA1/3592845615,2020-09-28,2020,Unknown,10.19,name-team-bbf4d270ed871a83,unknown team,lineup-17ec4441e842fba5,0,pair-406ac8afd454db89,oe:player:49eb2a859e51ac0efe806dfb71a5263,oe:player:c34dd77ffb9238275b93ea1897664a7,Topo,PK1,-0.48624109
NA1/3592845615,2020-09-28,2020,Unknown,10.19,name-team-bbf4d270ed871a83,unknown team,lineup-17ec4441e842fba5,0,pair-e1b1793f05fd3124,oe:player:4b4fc6bd479a7c9b773b2254fd382fb,oe:player:59ab87a8d46e2d01826337b6105cbb6,LGF,John,0.79101509
NA1/3592845615,2020-09-28,2020,Unknown,10.19,name-team-bbf4d270ed871a83,unknown team,lineup-17ec4441e842fba5,0,pair-8ac470f49e8a220f,oe:player:4b4fc6bd479a7c9b773b2254fd382fb,oe:player:c34dd77ffb9238275b93ea1897664a7,LGF,PK1,0.72692318
NA1/3592845615,2020-09-28,2020,Unknown,10.19,name-team-bbf4d270ed871a83,unknown team,lineup-17ec4441e842fba5,0,pair-5fef10f798a9ebb0,oe:player:59ab87a8d46e2d01826337b6105cbb6,oe:player:c34dd77ffb9238275b93ea1897664a7,John,PK1,-0.43359255
NA1/3592845615,2020-09-28,2020,Unknown,10.19,oe:team:bfd1bba6235971993e82d51e679a34a,Zenith Esports,lineup-fe132b6f7f62fe09,1,pair-7e7e09f613033d58,oe:player:6f10a2717479aea87d996e2989d4dd5,oe:player:b1608dc23a218a150a431be676f3fe4,Aspect,RoseThorn,0.54617182
NA1/3592845615,2020-09-28,2020,Unknown,10.19,oe:team:bfd1bba6235971993e82d51e679a34a,Zenith Esports,lineup-fe132b6f7f62fe09,1,pair-a849eb41cc7bf45a,oe:player:6f10a2717479aea87d996e2989d4dd5,oe:player:b290ece1cdd4fca4794af2d5cf86ef7,Aspect,Gible,0.12767898
NA1/3592845615,2020-09-28,2020,Unknown,10.19,oe:team:bfd1bba6235971993e82d51e679a34a,Zenith Esports,lineup-fe132b6f7f62fe09,1,pair-cd8afdc259a850f0,oe:player:6f10a2717479aea87d996e2989d4dd5,oe:player:b57dad2e02488237bab9f06f7bb9f54,Aspect,Danny,0.56638364
NA1/3592845615,2020-09-28,2020,Unknown,10.19,oe:team:bfd1bba6235971993e82d51e679a34a,Zenith Esports,lineup-fe132b6f7f62fe09,1,pair-50f92487c4a9576a,oe:player:6f10a2717479aea87d996e2989d4dd5,oe:player:c9fe742896cf95349db15b35ec262e1,Aspect,Mist,0.09881331
NA1/3592845615,2020-09-28,2020,Unknown,10.19,oe:team:bfd1bba6235971993e82d51e679a34a,Zenith Esports,lineup-fe132b6f7f62fe09,1,pair-b298b9545fdb8298,oe:player:b1608dc23a218a150a431be676f3fe4,oe:player:b290ece1cdd4fca4794af2d5cf86ef7,RoseThorn,Gible,0.20291070
NA1/3592845615,2020-09-28,2020,Unknown,10.19,oe:team:bfd1bba6235971993e82d51e679a34a,Zenith Esports,lineup-fe132b6f7f62fe09,1,pair-afcd103e47ea3e41,oe:player:b1608dc23a218a150a431be676f3fe4,oe:player:b57dad2e02488237bab9f06f7bb9f54,RoseThorn,Danny,0.64161536
NA1/3592845615,2020-09-28,2020,Unknown,10.19,oe:team:bfd1bba6235971993e82d51e679a34a,Zenith Esports,lineup-fe132b6f7f62fe09,1,pair-0806d31bfc7478de,oe:player:b1608dc23a218a150a431be676f3fe4,oe:player:c9fe742896cf95349db15b35ec262e1,RoseThorn,Mist,0.17404503
NA1/3592845615,2020-09-28,2020,Unknown,10.19,oe:team:bfd1bba6235971993e82d51e679a34a,Zenith Esports,lineup-fe132b6f7f62fe09,1,pair-6f4f6f2eb880eb26,oe:player:b290ece1cdd4fca4794af2d5cf86ef7,oe:player:b57dad2e02488237bab9f06f7bb9f54,Gible,Danny,0.22312252
NA1/3592845615,2020-09-28,2020,Unknown,10.19,oe:team:bfd1bba6235971993e82d51e679a34a,Zenith Esports,lineup-fe132b6f7f62fe09,1,pair-654962643c4fb097,oe:player:b290ece1cdd4fca4794af2d5cf86ef7,oe:player:c9fe742896cf95349db15b35ec262e1,Gible,Mist,-0.24444780
NA1/3592845615,2020-09-28,2020,Unknown,10.19,oe:team:bfd1bba6235971993e82d51e679a34a,Zenith Esports,lineup-fe132b6f7f62fe09,1,pair-d4c138a32bc8ffb5,oe:player:b57dad2e02488237bab9f06f7bb9f54,oe:player:c9fe742896cf95349db15b35ec262e1,Danny,Mist,0.19425685
NA1/3592845908,2020-09-28,2020,Unknown,10.19,name-team-bbf4d270ed871a83,unknown team,lineup-17ec4441e842fba5,0,pair-41f2836f370ee145,oe:player:05a73863e113f3cb6b472a76da2ea52,oe:player:49eb2a859e51ac0efe806dfb71a5263,DARKWINGS,Topo,-0.00911482
NA1/3592845908,2020-09-28,2020,Unknown,10.19,name-team-bbf4d270ed871a83,unknown team,lineup-17ec4441e842fba5,0,pair-af544b0b6d4e2013,oe:player:05a73863e113f3cb6b472a76da2ea52,oe:player:4b4fc6bd479a7c9b773b2254fd382fb,DARKWINGS,LGF,-0.05533576
NA1/3592845908,2020-09-28,2020,Unknown,10.19,name-team-bbf4d270ed871a83,unknown team,lineup-17ec4441e842fba5,0,pair-9b4ef0eabbfb7db0,oe:player:05a73863e113f3cb6b472a76da2ea52,oe:player:59ab87a8d46e2d01826337b6105cbb6,DARKWINGS,John,0.60885775
NA1/3592845908,2020-09-28,2020,Unknown,10.19,name-team-bbf4d270ed871a83,unknown team,lineup-17ec4441e842fba5,0,pair-eafe98352dc9f2fd,oe:player:05a73863e113f3cb6b472a76da2ea52,oe:player:c34dd77ffb9238275b93ea1897664a7,DARKWINGS,PK1,0.07752545
NA1/3592845908,2020-09-28,2020,Unknown,10.19,name-team-bbf4d270ed871a83,unknown team,lineup-17ec4441e842fba5,0,pair-b839ca6d47d8fee7,oe:player:49eb2a859e51ac0efe806dfb71a5263,oe:player:4b4fc6bd479a7c9b773b2254fd382fb,Topo,LGF,-0.27663139
NA1/3592845908,2020-09-28,2020,Unknown,10.19,name-team-bbf4d270ed871a83,unknown team,lineup-17ec4441e842fba5,0,pair-9344be3ebdecb39e,oe:player:49eb2a859e51ac0efe806dfb71a5263,oe:player:59ab87a8d46e2d01826337b6105cbb6,Topo,John,0.38756212
NA1/3592845908,2020-09-28,2020,Unknown,10.19,name-team-bbf4d270ed871a83,unknown team,lineup-17ec4441e842fba5,0,pair-406ac8afd454db89,oe:player:49eb2a859e51ac0efe806dfb71a5263,oe:player:c34dd77ffb9238275b93ea1897664a7,Topo,PK1,-0.14377018
NA1/3592845908,2020-09-28,2020,Unknown,10.19,name-team-bbf4d270ed871a83,unknown team,lineup-17ec4441e842fba5,0,pair-e1b1793f05fd3124,oe:player:4b4fc6bd479a7c9b773b2254fd382fb,oe:player:59ab87a8d46e2d01826337b6105cbb6,LGF,John,0.34134118
NA1/3592845908,2020-09-28,2020,Unknown,10.19,name-team-bbf4d270ed871a83,unknown team,lineup-17ec4441e842fba5,0,pair-8ac470f49e8a220f,oe:player:4b4fc6bd479a7c9b773b2254fd382fb,oe:player:c34dd77ffb9238275b93ea1897664a7,LGF,PK1,-0.18999112
NA1/3592845908,2020-09-28,2020,Unknown,10.19,name-team-bbf4d270ed871a83,unknown team,lineup-17ec4441e842fba5,0,pair-5fef10f798a9ebb0,oe:player:59ab87a8d46e2d01826337b6105cbb6,oe:player:c34dd77ffb9238275b93ea1897664a7,John,PK1,0.47420239
NA1/3592845908,2020-09-28,2020,Unknown,10.19,oe:team:bfd1bba6235971993e82d51e679a34a,Zenith Esports,lineup-fe132b6f7f62fe09,1,pair-7e7e09f613033d58,oe:player:6f10a2717479aea87d996e2989d4dd5,oe:player:b1608dc23a218a150a431be676f3fe4,Aspect,RoseThorn,0.45488109
NA1/3592845908,2020-09-28,2020,Unknown,10.19,oe:team:bfd1bba6235971993e82d51e679a34a,Zenith Esports,lineup-fe132b6f7f62fe09,1,pair-a849eb41cc7bf45a,oe:player:6f10a2717479aea87d996e2989d4dd5,oe:player:b290ece1cdd4fca4794af2d5cf86ef7,Aspect,Gible,1.34051352
NA1/3592845908,2020-09-28,2020,Unknown,10.19,oe:team:bfd1bba6235971993e82d51e679a34a,Zenith Esports,lineup-fe132b6f7f62fe09,1,pair-cd8afdc259a850f0,oe:player:6f10a2717479aea87d996e2989d4dd5,oe:player:b57dad2e02488237bab9f06f7bb9f54,Aspect,Danny,0.73629309
NA1/3592845908,2020-09-28,2020,Unknown,10.19,oe:team:bfd1bba6235971993e82d51e679a34a,Zenith Esports,lineup-fe132b6f7f62fe09,1,pair-50f92487c4a9576a,oe:player:6f10a2717479aea87d996e2989d4dd5,oe:player:c9fe742896cf95349db15b35ec262e1,Aspect,Mist,0.46024571
NA1/3592845908,2020-09-28,2020,Unknown,10.19,oe:team:bfd1bba6235971993e82d51e679a34a,Zenith Esports,lineup-fe132b6f7f62fe09,1,pair-b298b9545fdb8298,oe:player:b1608dc23a218a150a431be676f3fe4,oe:player:b290ece1cdd4fca4794af2d5cf86ef7,RoseThorn,Gible,0.91751334
NA1/3592845908,2020-09-28,2020,Unknown,10.19,oe:team:bfd1bba6235971993e82d51e679a34a,Zenith Esports,lineup-fe132b6f7f62fe09,1,pair-afcd103e47ea3e41,oe:player:b1608dc23a218a150a431be676f3fe4,oe:player:b57dad2e02488237bab9f06f7bb9f54,RoseThorn,Danny,0.31329292
NA1/3592845908,2020-09-28,2020,Unknown,10.19,oe:team:bfd1bba6235971993e82d51e679a34a,Zenith Esports,lineup-fe132b6f7f62fe09,1,pair-0806d31bfc7478de,oe:player:b1608dc23a218a150a431be676f3fe4,oe:player:c9fe742896cf95349db15b35ec262e1,RoseThorn,Mist,0.03724554
NA1/3592845908,2020-09-28,2020,Unknown,10.19,oe:team:bfd1bba6235971993e82d51e679a34a,Zenith Esports,lineup-fe132b6f7f62fe09,1,pair-6f4f6f2eb880eb26,oe:player:b290ece1cdd4fca4794af2d5cf86ef7,oe:player:b57dad2e02488237bab9f06f7bb9f54,Gible,Danny,1.19892534
NA1/3592845908,2020-09-28,2020,Unknown,10.19,oe:team:bfd1bba6235971993e82d51e679a34a,Zenith Esports,lineup-fe132b6f7f62fe09,1,pair-654962643c4fb097,oe:player:b290ece1cdd4fca4794af2d5cf86ef7,oe:player:c9fe742896cf95349db15b35ec262e1,Gible,Mist,0.92287796
NA1/3592845908,2020-09-28,2020,Unknown,10.19,oe:team:bfd1bba6235971993e82d51e679a34a,Zenith Esports,lineup-fe132b6f7f62fe09,1,pair-d4c138a32bc8ffb5,oe:player:b57dad2e02488237bab9f06f7bb9f54,oe:player:c9fe742896cf95349db15b35ec262e1,Danny,Mist,0.31865754
NA1/3592855672,2020-09-28,2020,Unknown,10.19,oe:team:4c87a422072b2c1e754299a17ea36ce,Grand View University,lineup-26a695d60bb382ad,1,pair-b14308939d1d7469,oe:player:1fb549aa840b4bd1dc4abefd8097172,oe:player:7d388393a4a19f739a249ce58eb7937,Teesum,learning brain,-0.64894371
NA1/3592855672,2020-09-28,2020,Unknown,10.19,oe:team:4c87a422072b2c1e754299a17ea36ce,Grand View University,lineup-26a695d60bb382ad,1,pair-e941c560d37b59fc,oe:player:1fb549aa840b4bd1dc4abefd8097172,oe:player:b3709189c310ac24871a07dd4df6ef7,Teesum,Kolthro,-0.23704547
NA1/3592855672,2020-09-28,2020,Unknown,10.19,oe:team:4c87a422072b2c1e754299a17ea36ce,Grand View University,lineup-26a695d60bb382ad,1,pair-14ff00b81ca3627b,oe:player:1fb549aa840b4bd1dc4abefd8097172,oe:player:de3297dddd88e797bbd2ae490d2a9bc,Teesum,riversided,0.96941637
NA1/3592855672,2020-09-28,2020,Unknown,10.19,oe:team:4c87a422072b2c1e754299a17ea36ce,Grand View University,lineup-26a695d60bb382ad,1,pair-c3a27a2b6ba72007,oe:player:1fb549aa840b4bd1dc4abefd8097172,oe:player:fba26591b2a75a8e370c2d51bc9eb90,Teesum,Azog,0.36831267
NA1/3592855672,2020-09-28,2020,Unknown,10.19,oe:team:4c87a422072b2c1e754299a17ea36ce,Grand View University,lineup-26a695d60bb382ad,1,pair-b27abb6821875f55,oe:player:7d388393a4a19f739a249ce58eb7937,oe:player:b3709189c310ac24871a07dd4df6ef7,learning brain,Kolthro,-1.13199354
NA1/3592855672,2020-09-28,2020,Unknown,10.19,oe:team:4c87a422072b2c1e754299a17ea36ce,Grand View University,lineup-26a695d60bb382ad,1,pair-1aee73e0be0d4fe3,oe:player:7d388393a4a19f739a249ce58eb7937,oe:player:de3297dddd88e797bbd2ae490d2a9bc,learning brain,riversided,0.07446829
NA1/3592855672,2020-09-28,2020,Unknown,10.19,oe:team:4c87a422072b2c1e754299a17ea36ce,Grand View University,lineup-26a695d60bb382ad,1,pair-fa70825f41dc287c,oe:player:7d388393a4a19f739a249ce58eb7937,oe:player:fba26591b2a75a8e370c2d51bc9eb90,learning brain,Azog,-0.52663540
NA1/3592855672,2020-09-28,2020,Unknown,10.19,oe:team:4c87a422072b2c1e754299a17ea36ce,Grand View University,lineup-26a695d60bb382ad,1,pair-6735ac5e77a4ed28,oe:player:b3709189c310ac24871a07dd4df6ef7,oe:player:de3297dddd88e797bbd2ae490d2a9bc,Kolthro,riversided,0.48636653
NA1/3592855672,2020-09-28,2020,Unknown,10.19,oe:team:4c87a422072b2c1e754299a17ea36ce,Grand View University,lineup-26a695d60bb382ad,1,pair-506111ea2569d96b,oe:player:b3709189c310ac24871a07dd4df6ef7,oe:player:fba26591b2a75a8e370c2d51bc9eb90,Kolthro,Azog,-0.11473717
NA1/3592855672,2020-09-28,2020,Unknown,10.19,oe:team:4c87a422072b2c1e754299a17ea36ce,Grand View University,lineup-26a695d60bb382ad,1,pair-6ef0d7fd83c49066,oe:player:de3297dddd88e797bbd2ae490d2a9bc,oe:player:fba26591b2a75a8e370c2d51bc9eb90,riversided,Azog,1.09172467
NA1/3592855672,2020-09-28,2020,Unknown,10.19,oe:team:5774d59075b9be61779abedd5c227c7,University of Texas at Dallas,lineup-e898334a891e76e4,0,pair-3a4d15a683f4e5e0,oe:player:15ffba9c994525a1e2bb996783de692,oe:player:4074bbc7da712c2fa4b667f7639dd28,TreeKangar00,Nova,-0.63511636
NA1/3592855672,2020-09-28,2020,Unknown,10.19,oe:team:5774d59075b9be61779abedd5c227c7,University of Texas at Dallas,lineup-e898334a891e76e4,0,pair-1d95945adc274e43,oe:player:15ffba9c994525a1e2bb996783de692,oe:player:4b7ad6dc26f8eb3ff971505642bb995,TreeKangar00,Lunarly,-0.21399019
NA1/3592855672,2020-09-28,2020,Unknown,10.19,oe:team:5774d59075b9be61779abedd5c227c7,University of Texas at Dallas,lineup-e898334a891e76e4,0,pair-f7efda9d91040eb9,oe:player:15ffba9c994525a1e2bb996783de692,oe:player:9cec403b11e51aa74b9787720b3f5fe,TreeKangar00,Good Sir,-0.80575901
NA1/3592855672,2020-09-28,2020,Unknown,10.19,oe:team:5774d59075b9be61779abedd5c227c7,University of Texas at Dallas,lineup-e898334a891e76e4,0,pair-d367eda25b40bf7d,oe:player:15ffba9c994525a1e2bb996783de692,oe:player:c442a7c2c2b8381ca267657859151e6,TreeKangar00,Jons,-0.15840129
NA1/3592855672,2020-09-28,2020,Unknown,10.19,oe:team:5774d59075b9be61779abedd5c227c7,University of Texas at Dallas,lineup-e898334a891e76e4,0,pair-ae117ebb6dd27dc2,oe:player:4074bbc7da712c2fa4b667f7639dd28,oe:player:4b7ad6dc26f8eb3ff971505642bb995,Nova,Lunarly,-0.57819851
NA1/3592855672,2020-09-28,2020,Unknown,10.19,oe:team:5774d59075b9be61779abedd5c227c7,University of Texas at Dallas,lineup-e898334a891e76e4,0,pair-f8eea85a3d7974af,oe:player:4074bbc7da712c2fa4b667f7639dd28,oe:player:9cec403b11e51aa74b9787720b3f5fe,Nova,Good Sir,-1.16996732
NA1/3592855672,2020-09-28,2020,Unknown,10.19,oe:team:5774d59075b9be61779abedd5c227c7,University of Texas at Dallas,lineup-e898334a891e76e4,0,pair-46fc23b8895a3f23,oe:player:4074bbc7da712c2fa4b667f7639dd28,oe:player:c442a7c2c2b8381ca267657859151e6,Nova,Jons,-0.52260960
NA1/3592855672,2020-09-28,2020,Unknown,10.19,oe:team:5774d59075b9be61779abedd5c227c7,University of Texas at Dallas,lineup-e898334a891e76e4,0,pair-9de264a238fc0b95,oe:player:4b7ad6dc26f8eb3ff971505642bb995,oe:player:9cec403b11e51aa74b9787720b3f5fe,Lunarly,Good Sir,-0.74884115
NA1/3592855672,2020-09-28,2020,Unknown,10.19,oe:team:5774d59075b9be61779abedd5c227c7,University of Texas at Dallas,lineup-e898334a891e76e4,0,pair-49586a1de0f45291,oe:player:4b7ad6dc26f8eb3ff971505642bb995,oe:player:c442a7c2c2b8381ca267657859151e6,Lunarly,Jons,-0.10148343
NA1/3592855672,2020-09-28,2020,Unknown,10.19,oe:team:5774d59075b9be61779abedd5c227c7,University of Texas at Dallas,lineup-e898334a891e76e4,0,pair-90e221bce4bf3565,oe:player:9cec403b11e51aa74b9787720b3f5fe,oe:player:c442a7c2c2b8381ca267657859151e6,Good Sir,Jons,-0.69325225
NA1/3592855925,2020-09-28,2020,Unknown,10.19,name-team-bbf4d270ed871a83,unknown team,lineup-99f54aa0b1029d03,0,pair-8edf3381470a8888,name-player-d72bd85e71031dbd,oe:player:1a6336ee76ad050220d9dd4c432228c,unknown player,KhaliDino,-0.20310012
NA1/3592855925,2020-09-28,2020,Unknown,10.19,name-team-bbf4d270ed871a83,unknown team,lineup-99f54aa0b1029d03,0,pair-679982e884bad697,name-player-d72bd85e71031dbd,oe:player:1f2dacafcb86c606a3510a284e73e17,unknown player,Detention,-1.36752059
NA1/3592855925,2020-09-28,2020,Unknown,10.19,name-team-bbf4d270ed871a83,unknown team,lineup-99f54aa0b1029d03,0,pair-108453fb9045c518,name-player-d72bd85e71031dbd,oe:player:98507570b7ae6c8019192bc1b5412c1,unknown player,Porsche,-0.96142420
NA1/3592855925,2020-09-28,2020,Unknown,10.19,name-team-bbf4d270ed871a83,unknown team,lineup-99f54aa0b1029d03,0,pair-bff71afb2f7716b0,name-player-d72bd85e71031dbd,oe:player:b52e38e9119ec4125f1fdc9035344b8,unknown player,Logia,-1.64842617
NA1/3592855925,2020-09-28,2020,Unknown,10.19,name-team-bbf4d270ed871a83,unknown team,lineup-99f54aa0b1029d03,0,pair-89f13965f7718912,oe:player:1a6336ee76ad050220d9dd4c432228c,oe:player:1f2dacafcb86c606a3510a284e73e17,KhaliDino,Detention,0.29248959
NA1/3592855925,2020-09-28,2020,Unknown,10.19,name-team-bbf4d270ed871a83,unknown team,lineup-99f54aa0b1029d03,0,pair-6622f96907feb04d,oe:player:1a6336ee76ad050220d9dd4c432228c,oe:player:98507570b7ae6c8019192bc1b5412c1,KhaliDino,Porsche,0.69858597
NA1/3592855925,2020-09-28,2020,Unknown,10.19,name-team-bbf4d270ed871a83,unknown team,lineup-99f54aa0b1029d03,0,pair-599a49275ab16538,oe:player:1a6336ee76ad050220d9dd4c432228c,oe:player:b52e38e9119ec4125f1fdc9035344b8,KhaliDino,Logia,0.01158400
NA1/3592855925,2020-09-28,2020,Unknown,10.19,name-team-bbf4d270ed871a83,unknown team,lineup-99f54aa0b1029d03,0,pair-b81070897538e722,oe:player:1f2dacafcb86c606a3510a284e73e17,oe:player:98507570b7ae6c8019192bc1b5412c1,Detention,Porsche,-0.46583450
NA1/3592855925,2020-09-28,2020,Unknown,10.19,name-team-bbf4d270ed871a83,unknown team,lineup-99f54aa0b1029d03,0,pair-f3c5164ac919f2e8,oe:player:1f2dacafcb86c606a3510a284e73e17,oe:player:b52e38e9119ec4125f1fdc9035344b8,Detention,Logia,-1.15283647
NA1/3592855925,2020-09-28,2020,Unknown,10.19,name-team-bbf4d270ed871a83,unknown team,lineup-99f54aa0b1029d03,0,pair-ec95838293904afd,oe:player:98507570b7ae6c8019192bc1b5412c1,oe:player:b52e38e9119ec4125f1fdc9035344b8,Porsche,Logia,-0.74674008
NA1/3592855925,2020-09-28,2020,Unknown,10.19,oe:team:b99696624afa81613e7c305f10c6b05,Illinois State University,lineup-2c75145e2ab515e3,1,pair-e6b7b20224ab8237,oe:player:4f6099e648bf78004394fdbb56140ee,oe:player:5e0308bd1c4172cd22f7bedcb1119ba,DrewDozer,datdat1,0.28750010
NA1/3592855925,2020-09-28,2020,Unknown,10.19,oe:team:b99696624afa81613e7c305f10c6b05,Illinois State University,lineup-2c75145e2ab515e3,1,pair-cf414b2cd1b3b693,oe:player:4f6099e648bf78004394fdbb56140ee,oe:player:684880c286f599e706af1f009dd9ae4,DrewDozer,GFP,0.39079502
NA1/3592855925,2020-09-28,2020,Unknown,10.19,oe:team:b99696624afa81613e7c305f10c6b05,Illinois State University,lineup-2c75145e2ab515e3,1,pair-7b3710b3c73c4b2d,oe:player:4f6099e648bf78004394fdbb56140ee,oe:player:69e8187a8af4c2ca3b95e6027ecfc9b,DrewDozer,Yen,1.06815154
NA1/3592855925,2020-09-28,2020,Unknown,10.19,oe:team:b99696624afa81613e7c305f10c6b05,Illinois State University,lineup-2c75145e2ab515e3,1,pair-4d935280824c6804,oe:player:4f6099e648bf78004394fdbb56140ee,oe:player:aa3fd3870a04b4f9da9f7e49737f52a,DrewDozer,Tempos,0.07871794
NA1/3592855925,2020-09-28,2020,Unknown,10.19,oe:team:b99696624afa81613e7c305f10c6b05,Illinois State University,lineup-2c75145e2ab515e3,1,pair-16df56740273fba6,oe:player:5e0308bd1c4172cd22f7bedcb1119ba,oe:player:684880c286f599e706af1f009dd9ae4,datdat1,GFP,-0.19812578
NA1/3592855925,2020-09-28,2020,Unknown,10.19,oe:team:b99696624afa81613e7c305f10c6b05,Illinois State University,lineup-2c75145e2ab515e3,1,pair-c28da33ad0db5076,oe:player:5e0308bd1c4172cd22f7bedcb1119ba,oe:player:69e8187a8af4c2ca3b95e6027ecfc9b,datdat1,Yen,0.47923075
NA1/3592855925,2020-09-28,2020,Unknown,10.19,oe:team:b99696624afa81613e7c305f10c6b05,Illinois State University,lineup-2c75145e2ab515e3,1,pair-59f0ab20a6349fa2,oe:player:5e0308bd1c4172cd22f7bedcb1119ba,oe:player:aa3fd3870a04b4f9da9f7e49737f52a,datdat1,Tempos,-0.51020285
NA1/3592855925,2020-09-28,2020,Unknown,10.19,oe:team:b99696624afa81613e7c305f10c6b05,Illinois State University,lineup-2c75145e2ab515e3,1,pair-9d2fcd4fc52e8672,oe:player:684880c286f599e706af1f009dd9ae4,oe:player:69e8187a8af4c2ca3b95e6027ecfc9b,GFP,Yen,0.58252567
NA1/3592855925,2020-09-28,2020,Unknown,10.19,oe:team:b99696624afa81613e7c305f10c6b05,Illinois State University,lineup-2c75145e2ab515e3,1,pair-9c35944c3a43fb03,oe:player:684880c286f599e706af1f009dd9ae4,oe:player:aa3fd3870a04b4f9da9f7e49737f52a,GFP,Tempos,-0.40690793
NA1/3592855925,2020-09-28,2020,Unknown,10.19,oe:team:b99696624afa81613e7c305f10c6b05,Illinois State University,lineup-2c75145e2ab515e3,1,pair-cbca667032bf0894,oe:player:69e8187a8af4c2ca3b95e6027ecfc9b,oe:player:aa3fd3870a04b4f9da9f7e49737f52a,Yen,Tempos,0.27044860
NA1/3593044926,2020-09-27,2020,Unknown,10.19,oe:team:333ba9fefa87eda14bd32c5420d7002,Winthrop University,lineup-fe1174db6342832b,1,pair-155ed4557785ce5c,oe:player:06ddb1ce4c3f4952ae6973d4c7ca345,oe:player:250959b1405337b1ccd82f6dd634cb3,Saskio,Haebaragi,-0.06873789
NA1/3593044926,2020-09-27,2020,Unknown,10.19,oe:team:333ba9fefa87eda14bd32c5420d7002,Winthrop University,lineup-fe1174db6342832b,1,pair-62511e3f444e093c,oe:player:06ddb1ce4c3f4952ae6973d4c7ca345,oe:player:339584e5b6ff20add38aa209f78eada,Saskio,Infectrix,0.03547016
NA1/3593044926,2020-09-27,2020,Unknown,10.19,oe:team:333ba9fefa87eda14bd32c5420d7002,Winthrop University,lineup-fe1174db6342832b,1,pair-66e4882570ae2158,oe:player:06ddb1ce4c3f4952ae6973d4c7ca345,oe:player:41c5f02f8439b36ea5d0d37c7b4a2c4,Saskio,Kenji,0.16992025
NA1/3593044926,2020-09-27,2020,Unknown,10.19,oe:team:333ba9fefa87eda14bd32c5420d7002,Winthrop University,lineup-fe1174db6342832b,1,pair-e353919d08680fc9,oe:player:06ddb1ce4c3f4952ae6973d4c7ca345,oe:player:afcd3cdcf44e5da63f9e2a3dcb5ba50,Saskio,Doxa,0.34153420
NA1/3593044926,2020-09-27,2020,Unknown,10.19,oe:team:333ba9fefa87eda14bd32c5420d7002,Winthrop University,lineup-fe1174db6342832b,1,pair-2cd799de1a477aef,oe:player:250959b1405337b1ccd82f6dd634cb3,oe:player:339584e5b6ff20add38aa209f78eada,Haebaragi,Infectrix,-0.97405435
NA1/3593044926,2020-09-27,2020,Unknown,10.19,oe:team:333ba9fefa87eda14bd32c5420d7002,Winthrop University,lineup-fe1174db6342832b,1,pair-7941e99941504ab2,oe:player:250959b1405337b1ccd82f6dd634cb3,oe:player:41c5f02f8439b36ea5d0d37c7b4a2c4,Haebaragi,Kenji,-0.83960425
NA1/3593044926,2020-09-27,2020,Unknown,10.19,oe:team:333ba9fefa87eda14bd32c5420d7002,Winthrop University,lineup-fe1174db6342832b,1,pair-cb6bc019435d0c2b,oe:player:250959b1405337b1ccd82f6dd634cb3,oe:player:afcd3cdcf44e5da63f9e2a3dcb5ba50,Haebaragi,Doxa,-0.66799030
NA1/3593044926,2020-09-27,2020,Unknown,10.19,oe:team:333ba9fefa87eda14bd32c5420d7002,Winthrop University,lineup-fe1174db6342832b,1,pair-abb43b123d7e659e,oe:player:339584e5b6ff20add38aa209f78eada,oe:player:41c5f02f8439b36ea5d0d37c7b4a2c4,Infectrix,Kenji,-0.73539620
NA1/3593044926,2020-09-27,2020,Unknown,10.19,oe:team:333ba9fefa87eda14bd32c5420d7002,Winthrop University,lineup-fe1174db6342832b,1,pair-b873dd38161499b9,oe:player:339584e5b6ff20add38aa209f78eada,oe:player:afcd3cdcf44e5da63f9e2a3dcb5ba50,Infectrix,Doxa,-0.56378225
NA1/3593044926,2020-09-27,2020,Unknown,10.19,oe:team:333ba9fefa87eda14bd32c5420d7002,Winthrop University,lineup-fe1174db6342832b,1,pair-00b1b5bcd5e48281,oe:player:41c5f02f8439b36ea5d0d37c7b4a2c4,oe:player:afcd3cdcf44e5da63f9e2a3dcb5ba50,Kenji,Doxa,-0.42933216
NA1/3593044926,2020-09-27,2020,Unknown,10.19,oe:team:7e2401900a9756d56a10b66590357fe,Dark Allegiance,lineup-23202622759e2b21,0,pair-5e028197501a0641,oe:player:28dc6796156fb243fc619681c680242,oe:player:4094cdb5b4ce1bd12736df16912a49e,Good Boi,Mekhio,-0.67964971
NA1/3593044926,2020-09-27,2020,Unknown,10.19,oe:team:7e2401900a9756d56a10b66590357fe,Dark Allegiance,lineup-23202622759e2b21,0,pair-dcb70ac747d5f3b3,oe:player:28dc6796156fb243fc619681c680242,oe:player:4b8fa1ed371220801e5d3083359b63e,Good Boi,Enigma,-0.32869978
NA1/3593044926,2020-09-27,2020,Unknown,10.19,oe:team:7e2401900a9756d56a10b66590357fe,Dark Allegiance,lineup-23202622759e2b21,0,pair-6868900a5544fa09,oe:player:28dc6796156fb243fc619681c680242,oe:player:e6ae8c3fc74814cd25df5e3da9347d1,Good Boi,Best Poutine QC,-0.76134612
NA1/3593044926,2020-09-27,2020,Unknown,10.19,oe:team:7e2401900a9756d56a10b66590357fe,Dark Allegiance,lineup-23202622759e2b21,0,pair-72ec6c49281865ba,oe:player:28dc6796156fb243fc619681c680242,oe:player:fd63d76c390835d150b487e0326a033,Good Boi,petitpois,-0.58226750
NA1/3593044926,2020-09-27,2020,Unknown,10.19,oe:team:7e2401900a9756d56a10b66590357fe,Dark Allegiance,lineup-23202622759e2b21,0,pair-276a3c75b9970cd1,oe:player:4094cdb5b4ce1bd12736df16912a49e,oe:player:4b8fa1ed371220801e5d3083359b63e,Mekhio,Enigma,-0.27298562
NA1/3593044926,2020-09-27,2020,Unknown,10.19,oe:team:7e2401900a9756d56a10b66590357fe,Dark Allegiance,lineup-23202622759e2b21,0,pair-23553e563e922584,oe:player:4094cdb5b4ce1bd12736df16912a49e,oe:player:e6ae8c3fc74814cd25df5e3da9347d1,Mekhio,Best Poutine QC,-0.70563196
NA1/3593044926,2020-09-27,2020,Unknown,10.19,oe:team:7e2401900a9756d56a10b66590357fe,Dark Allegiance,lineup-23202622759e2b21,0,pair-2a6159e23fa6703b,oe:player:4094cdb5b4ce1bd12736df16912a49e,oe:player:fd63d76c390835d150b487e0326a033,Mekhio,petitpois,-0.52655334
NA1/3593044926,2020-09-27,2020,Unknown,10.19,oe:team:7e2401900a9756d56a10b66590357fe,Dark Allegiance,lineup-23202622759e2b21,0,pair-23b1ad10455ef6fb,oe:player:4b8fa1ed371220801e5d3083359b63e,oe:player:e6ae8c3fc74814cd25df5e3da9347d1,Enigma,Best Poutine QC,-0.35468203
NA1/3593044926,2020-09-27,2020,Unknown,10.19,oe:team:7e2401900a9756d56a10b66590357fe,Dark Allegiance,lineup-23202622759e2b21,0,pair-e7b19738d5a2bb74,oe:player:4b8fa1ed371220801e5d3083359b63e,oe:player:fd63d76c390835d150b487e0326a033,Enigma,petitpois,-0.17560341
NA1/3593044926,2020-09-27,2020,Unknown,10.19,oe:team:7e2401900a9756d56a10b66590357fe,Dark Allegiance,lineup-23202622759e2b21,0,pair-387405edd23ba50a,oe:player:e6ae8c3fc74814cd25df5e3da9347d1,oe:player:fd63d76c390835d150b487e0326a033,Best Poutine QC,petitpois,-0.60824975
NA1/3593045281,2020-09-28,2020,Unknown,10.19,oe:team:333ba9fefa87eda14bd32c5420d7002,Winthrop University,lineup-fe1174db6342832b,0,pair-155ed4557785ce5c,oe:player:06ddb1ce4c3f4952ae6973d4c7ca345,oe:player:250959b1405337b1ccd82f6dd634cb3,Saskio,Haebaragi,-0.64373338
NA1/3593045281,2020-09-28,2020,Unknown,10.19,oe:team:333ba9fefa87eda14bd32c5420d7002,Winthrop University,lineup-fe1174db6342832b,0,pair-62511e3f444e093c,oe:player:06ddb1ce4c3f4952ae6973d4c7ca345,oe:player:339584e5b6ff20add38aa209f78eada,Saskio,Infectrix,-0.21732864
NA1/3593045281,2020-09-28,2020,Unknown,10.19,oe:team:333ba9fefa87eda14bd32c5420d7002,Winthrop University,lineup-fe1174db6342832b,0,pair-66e4882570ae2158,oe:player:06ddb1ce4c3f4952ae6973d4c7ca345,oe:player:41c5f02f8439b36ea5d0d37c7b4a2c4,Saskio,Kenji,0.02769490
NA1/3593045281,2020-09-28,2020,Unknown,10.19,oe:team:333ba9fefa87eda14bd32c5420d7002,Winthrop University,lineup-fe1174db6342832b,0,pair-e353919d08680fc9,oe:player:06ddb1ce4c3f4952ae6973d4c7ca345,oe:player:afcd3cdcf44e5da63f9e2a3dcb5ba50,Saskio,Doxa,0.36669098
NA1/3593045281,2020-09-28,2020,Unknown,10.19,oe:team:333ba9fefa87eda14bd32c5420d7002,Winthrop University,lineup-fe1174db6342832b,0,pair-2cd799de1a477aef,oe:player:250959b1405337b1ccd82f6dd634cb3,oe:player:339584e5b6ff20add38aa209f78eada,Haebaragi,Infectrix,-0.99607527
NA1/3593045281,2020-09-28,2020,Unknown,10.19,oe:team:333ba9fefa87eda14bd32c5420d7002,Winthrop University,lineup-fe1174db6342832b,0,pair-7941e99941504ab2,oe:player:250959b1405337b1ccd82f6dd634cb3,oe:player:41c5f02f8439b36ea5d0d37c7b4a2c4,Haebaragi,Kenji,-0.75105173
NA1/3593045281,2020-09-28,2020,Unknown,10.19,oe:team:333ba9fefa87eda14bd32c5420d7002,Winthrop University,lineup-fe1174db6342832b,0,pair-cb6bc019435d0c2b,oe:player:250959b1405337b1ccd82f6dd634cb3,oe:player:afcd3cdcf44e5da63f9e2a3dcb5ba50,Haebaragi,Doxa,-0.41205565
NA1/3593045281,2020-09-28,2020,Unknown,10.19,oe:team:333ba9fefa87eda14bd32c5420d7002,Winthrop University,lineup-fe1174db6342832b,0,pair-abb43b123d7e659e,oe:player:339584e5b6ff20add38aa209f78eada,oe:player:41c5f02f8439b36ea5d0d37c7b4a2c4,Infectrix,Kenji,-0.32464699
NA1/3593045281,2020-09-28,2020,Unknown,10.19,oe:team:333ba9fefa87eda14bd32c5420d7002,Winthrop University,lineup-fe1174db6342832b,0,pair-b873dd38161499b9,oe:player:339584e5b6ff20add38aa209f78eada,oe:player:afcd3cdcf44e5da63f9e2a3dcb5ba50,Infectrix,Doxa,0.01434909
NA1/3593045281,2020-09-28,2020,Unknown,10.19,oe:team:333ba9fefa87eda14bd32c5420d7002,Winthrop University,lineup-fe1174db6342832b,0,pair-00b1b5bcd5e48281,oe:player:41c5f02f8439b36ea5d0d37c7b4a2c4,oe:player:afcd3cdcf44e5da63f9e2a3dcb5ba50,Kenji,Doxa,0.25937263
NA1/3593045281,2020-09-28,2020,Unknown,10.19,oe:team:7e2401900a9756d56a10b66590357fe,Dark Allegiance,lineup-23202622759e2b21,1,pair-5e028197501a0641,oe:player:28dc6796156fb243fc619681c680242,oe:player:4094cdb5b4ce1bd12736df16912a49e,Good Boi,Mekhio,1.55285033
NA1/3593045281,2020-09-28,2020,Unknown,10.19,oe:team:7e2401900a9756d56a10b66590357fe,Dark Allegiance,lineup-23202622759e2b21,1,pair-dcb70ac747d5f3b3,oe:player:28dc6796156fb243fc619681c680242,oe:player:4b8fa1ed371220801e5d3083359b63e,Good Boi,Enigma,1.45449967
NA1/3593045281,2020-09-28,2020,Unknown,10.19,oe:team:7e2401900a9756d56a10b66590357fe,Dark Allegiance,lineup-23202622759e2b21,1,pair-6868900a5544fa09,oe:player:28dc6796156fb243fc619681c680242,oe:player:e6ae8c3fc74814cd25df5e3da9347d1,Good Boi,Best Poutine QC,2.36711591
NA1/3593045281,2020-09-28,2020,Unknown,10.19,oe:team:7e2401900a9756d56a10b66590357fe,Dark Allegiance,lineup-23202622759e2b21,1,pair-72ec6c49281865ba,oe:player:28dc6796156fb243fc619681c680242,oe:player:fd63d76c390835d150b487e0326a033,Good Boi,petitpois,1.50488675
NA1/3593045281,2020-09-28,2020,Unknown,10.19,oe:team:7e2401900a9756d56a10b66590357fe,Dark Allegiance,lineup-23202622759e2b21,1,pair-276a3c75b9970cd1,oe:player:4094cdb5b4ce1bd12736df16912a49e,oe:player:4b8fa1ed371220801e5d3083359b63e,Mekhio,Enigma,0.60075742
NA1/3593045281,2020-09-28,2020,Unknown,10.19,oe:team:7e2401900a9756d56a10b66590357fe,Dark Allegiance,lineup-23202622759e2b21,1,pair-23553e563e922584,oe:player:4094cdb5b4ce1bd12736df16912a49e,oe:player:e6ae8c3fc74814cd25df5e3da9347d1,Mekhio,Best Poutine QC,1.51337366
NA1/3593045281,2020-09-28,2020,Unknown,10.19,oe:team:7e2401900a9756d56a10b66590357fe,Dark Allegiance,lineup-23202622759e2b21,1,pair-2a6159e23fa6703b,oe:player:4094cdb5b4ce1bd12736df16912a49e,oe:player:fd63d76c390835d150b487e0326a033,Mekhio,petitpois,0.65114450
NA1/3593045281,2020-09-28,2020,Unknown,10.19,oe:team:7e2401900a9756d56a10b66590357fe,Dark Allegiance,lineup-23202622759e2b21,1,pair-23b1ad10455ef6fb,oe:player:4b8fa1ed371220801e5d3083359b63e,oe:player:e6ae8c3fc74814cd25df5e3da9347d1,Enigma,Best Poutine QC,1.41502300
NA1/3593045281,2020-09-28,2020,Unknown,10.19,oe:team:7e2401900a9756d56a10b66590357fe,Dark Allegiance,lineup-23202622759e2b21,1,pair-e7b19738d5a2bb74,oe:player:4b8fa1ed371220801e5d3083359b63e,oe:player:fd63d76c390835d150b487e0326a033,Enigma,petitpois,0.55279383
NA1/3593045281,2020-09-28,2020,Unknown,10.19,oe:team:7e2401900a9756d56a10b66590357fe,Dark Allegiance,lineup-23202622759e2b21,1,pair-387405edd23ba50a,oe:player:e6ae8c3fc74814cd25df5e3da9347d1,oe:player:fd63d76c390835d150b487e0326a033,Best Poutine QC,petitpois,1.46541007
NA1/3593065060,2020-09-28,2020,Unknown,10.19,name-team-bbf4d270ed871a83,unknown team,lineup-17ec4441e842fba5,1,pair-41f2836f370ee145,oe:player:05a73863e113f3cb6b472a76da2ea52,oe:player:49eb2a859e51ac0efe806dfb71a5263,DARKWINGS,Topo,0.75335470
NA1/3593065060,2020-09-28,2020,Unknown,10.19,name-team-bbf4d270ed871a83,unknown team,lineup-17ec4441e842fba5,1,pair-af544b0b6d4e2013,oe:player:05a73863e113f3cb6b472a76da2ea52,oe:player:4b4fc6bd479a7c9b773b2254fd382fb,DARKWINGS,LGF,0.63740292
NA1/3593065060,2020-09-28,2020,Unknown,10.19,name-team-bbf4d270ed871a83,unknown team,lineup-17ec4441e842fba5,1,pair-9b4ef0eabbfb7db0,oe:player:05a73863e113f3cb6b472a76da2ea52,oe:player:59ab87a8d46e2d01826337b6105cbb6,DARKWINGS,John,0.42070937
NA1/3593065060,2020-09-28,2020,Unknown,10.19,name-team-bbf4d270ed871a83,unknown team,lineup-17ec4441e842fba5,1,pair-eafe98352dc9f2fd,oe:player:05a73863e113f3cb6b472a76da2ea52,oe:player:c34dd77ffb9238275b93ea1897664a7,DARKWINGS,PK1,0.49734723
NA1/3593065060,2020-09-28,2020,Unknown,10.19,name-team-bbf4d270ed871a83,unknown team,lineup-17ec4441e842fba5,1,pair-b839ca6d47d8fee7,oe:player:49eb2a859e51ac0efe806dfb71a5263,oe:player:4b4fc6bd479a7c9b773b2254fd382fb,Topo,LGF,0.61551734
NA1/3593065060,2020-09-28,2020,Unknown,10.19,name-team-bbf4d270ed871a83,unknown team,lineup-17ec4441e842fba5,1,pair-9344be3ebdecb39e,oe:player:49eb2a859e51ac0efe806dfb71a5263,oe:player:59ab87a8d46e2d01826337b6105cbb6,Topo,John,0.39882379
NA1/3593065060,2020-09-28,2020,Unknown,10.19,name-team-bbf4d270ed871a83,unknown team,lineup-17ec4441e842fba5,1,pair-406ac8afd454db89,oe:player:49eb2a859e51ac0efe806dfb71a5263,oe:player:c34dd77ffb9238275b93ea1897664a7,Topo,PK1,0.47546165
NA1/3593065060,2020-09-28,2020,Unknown,10.19,name-team-bbf4d270ed871a83,unknown team,lineup-17ec4441e842fba5,1,pair-e1b1793f05fd3124,oe:player:4b4fc6bd479a7c9b773b2254fd382fb,oe:player:59ab87a8d46e2d01826337b6105cbb6,LGF,John,0.28287202
NA1/3593065060,2020-09-28,2020,Unknown,10.19,name-team-bbf4d270ed871a83,unknown team,lineup-17ec4441e842fba5,1,pair-8ac470f49e8a220f,oe:player:4b4fc6bd479a7c9b773b2254fd382fb,oe:player:c34dd77ffb9238275b93ea1897664a7,LGF,PK1,0.35950988
NA1/3593065060,2020-09-28,2020,Unknown,10.19,name-team-bbf4d270ed871a83,unknown team,lineup-17ec4441e842fba5,1,pair-5fef10f798a9ebb0,oe:player:59ab87a8d46e2d01826337b6105cbb6,oe:player:c34dd77ffb9238275b93ea1897664a7,John,PK1,0.14281633
NA1/3593065060,2020-09-28,2020,Unknown,10.19,oe:team:bfd1bba6235971993e82d51e679a34a,Zenith Esports,lineup-fe132b6f7f62fe09,0,pair-7e7e09f613033d58,oe:player:6f10a2717479aea87d996e2989d4dd5,oe:player:b1608dc23a218a150a431be676f3fe4,Aspect,RoseThorn,0.63461475
NA1/3593065060,2020-09-28,2020,Unknown,10.19,oe:team:bfd1bba6235971993e82d51e679a34a,Zenith Esports,lineup-fe132b6f7f62fe09,0,pair-a849eb41cc7bf45a,oe:player:6f10a2717479aea87d996e2989d4dd5,oe:player:b290ece1cdd4fca4794af2d5cf86ef7,Aspect,Gible,-0.27994359
NA1/3593065060,2020-09-28,2020,Unknown,10.19,oe:team:bfd1bba6235971993e82d51e679a34a,Zenith Esports,lineup-fe132b6f7f62fe09,0,pair-cd8afdc259a850f0,oe:player:6f10a2717479aea87d996e2989d4dd5,oe:player:b57dad2e02488237bab9f06f7bb9f54,Aspect,Danny,-0.57327775
NA1/3593065060,2020-09-28,2020,Unknown,10.19,oe:team:bfd1bba6235971993e82d51e679a34a,Zenith Esports,lineup-fe132b6f7f62fe09,0,pair-50f92487c4a9576a,oe:player:6f10a2717479aea87d996e2989d4dd5,oe:player:c9fe742896cf95349db15b35ec262e1,Aspect,Mist,-0.53400776
NA1/3593065060,2020-09-28,2020,Unknown,10.19,oe:team:bfd1bba6235971993e82d51e679a34a,Zenith Esports,lineup-fe132b6f7f62fe09,0,pair-b298b9545fdb8298,oe:player:b1608dc23a218a150a431be676f3fe4,oe:player:b290ece1cdd4fca4794af2d5cf86ef7,RoseThorn,Gible,0.71160130
NA1/3593065060,2020-09-28,2020,Unknown,10.19,oe:team:bfd1bba6235971993e82d51e679a34a,Zenith Esports,lineup-fe132b6f7f62fe09,0,pair-afcd103e47ea3e41,oe:player:b1608dc23a218a150a431be676f3fe4,oe:player:b57dad2e02488237bab9f06f7bb9f54,RoseThorn,Danny,0.41826713
NA1/3593065060,2020-09-28,2020,Unknown,10.19,oe:team:bfd1bba6235971993e82d51e679a34a,Zenith Esports,lineup-fe132b6f7f62fe09,0,pair-0806d31bfc7478de,oe:player:b1608dc23a218a150a431be676f3fe4,oe:player:c9fe742896cf95349db15b35ec262e1,RoseThorn,Mist,0.45753712
NA1/3593065060,2020-09-28,2020,Unknown,10.19,oe:team:bfd1bba6235971993e82d51e679a34a,Zenith Esports,lineup-fe132b6f7f62fe09,0,pair-6f4f6f2eb880eb26,oe:player:b290ece1cdd4fca4794af2d5cf86ef7,oe:player:b57dad2e02488237bab9f06f7bb9f54,Gible,Danny,-0.49629121
NA1/3593065060,2020-09-28,2020,Unknown,10.19,oe:team:bfd1bba6235971993e82d51e679a34a,Zenith Esports,lineup-fe132b6f7f62fe09,0,pair-654962643c4fb097,oe:player:b290ece1cdd4fca4794af2d5cf86ef7,oe:player:c9fe742896cf95349db15b35ec262e1,Gible,Mist,-0.45702122
NA1/3593065060,2020-09-28,2020,Unknown,10.19,oe:team:bfd1bba6235971993e82d51e679a34a,Zenith Esports,lineup-fe132b6f7f62fe09,0,pair-d4c138a32bc8ffb5,oe:player:b57dad2e02488237bab9f06f7bb9f54,oe:player:c9fe742896cf95349db15b35ec262e1,Danny,Mist,-0.75035539
NA1/3593075697,2020-09-28,2020,Unknown,10.19,oe:team:4c87a422072b2c1e754299a17ea36ce,Grand View University,lineup-b9f033f53055dd70,1,pair-a48e66d4e6f09d43,oe:player:0efcbda713dd493e977b0741f41f87c,oe:player:3062a9edba61382db75add4b3fe0eea,Koskinen,Disconnector,0.49963678
NA1/3593075697,2020-09-28,2020,Unknown,10.19,oe:team:4c87a422072b2c1e754299a17ea36ce,Grand View University,lineup-b9f033f53055dd70,1,pair-6ec756ca3ea33462,oe:player:0efcbda713dd493e977b0741f41f87c,oe:player:98cba6472d95ae606a9ae863cfa5023,Koskinen,P1atypus,-1.17246691
NA1/3593075697,2020-09-28,2020,Unknown,10.19,oe:team:4c87a422072b2c1e754299a17ea36ce,Grand View University,lineup-b9f033f53055dd70,1,pair-56d8fe79eca48216,oe:player:0efcbda713dd493e977b0741f41f87c,oe:player:d778769103b62e1222414cd182c4e25,Koskinen,Chookies,-0.39492995
NA1/3593075697,2020-09-28,2020,Unknown,10.19,oe:team:4c87a422072b2c1e754299a17ea36ce,Grand View University,lineup-b9f033f53055dd70,1,pair-0b6b6256fde17fd6,oe:player:0efcbda713dd493e977b0741f41f87c,oe:player:e57ef5f8ab42a0364a11b50f2a86b81,Koskinen,ShorterACE,-0.36339656
NA1/3593075697,2020-09-28,2020,Unknown,10.19,oe:team:4c87a422072b2c1e754299a17ea36ce,Grand View University,lineup-b9f033f53055dd70,1,pair-25734d3f9bd4b68a,oe:player:3062a9edba61382db75add4b3fe0eea,oe:player:98cba6472d95ae606a9ae863cfa5023,Disconnector,P1atypus,0.36392845
NA1/3593075697,2020-09-28,2020,Unknown,10.19,oe:team:4c87a422072b2c1e754299a17ea36ce,Grand View University,lineup-b9f033f53055dd70,1,pair-0161e3668a2d110b,oe:player:3062a9edba61382db75add4b3fe0eea,oe:player:d778769103b62e1222414cd182c4e25,Disconnector,Chookies,1.14146541
NA1/3593075697,2020-09-28,2020,Unknown,10.19,oe:team:4c87a422072b2c1e754299a17ea36ce,Grand View University,lineup-b9f033f53055dd70,1,pair-5a514e7a7c2ae687,oe:player:3062a9edba61382db75add4b3fe0eea,oe:player:e57ef5f8ab42a0364a11b50f2a86b81,Disconnector,ShorterACE,1.17299880
NA1/3593075697,2020-09-28,2020,Unknown,10.19,oe:team:4c87a422072b2c1e754299a17ea36ce,Grand View University,lineup-b9f033f53055dd70,1,pair-559ca1ca127ad6fb,oe:player:98cba6472d95ae606a9ae863cfa5023,oe:player:d778769103b62e1222414cd182c4e25,P1atypus,Chookies,-0.53063827
NA1/3593075697,2020-09-28,2020,Unknown,10.19,oe:team:4c87a422072b2c1e754299a17ea36ce,Grand View University,lineup-b9f033f53055dd70,1,pair-729d7216755bc50c,oe:player:98cba6472d95ae606a9ae863cfa5023,oe:player:e57ef5f8ab42a0364a11b50f2a86b81,P1atypus,ShorterACE,-0.49910488
NA1/3593075697,2020-09-28,2020,Unknown,10.19,oe:team:4c87a422072b2c1e754299a17ea36ce,Grand View University,lineup-b9f033f53055dd70,1,pair-711133f6e62b011f,oe:player:d778769103b62e1222414cd182c4e25,oe:player:e57ef5f8ab42a0364a11b50f2a86b81,Chookies,ShorterACE,0.27843208
NA1/3593075697,2020-09-28,2020,Unknown,10.19,oe:team:ab8a919db08c9f8321da77bc63cb31d,Louisiana State University,lineup-7263f09241ee9cd5,0,pair-6d63422b633bd09a,oe:player:0fe6cc268b58e582c12d3c0656f2752,oe:player:8a26fb905636bc0bec1a65212c3c863,PrincessKyle,shochi,0.63540541
NA1/3593075697,2020-09-28,2020,Unknown,10.19,oe:team:ab8a919db08c9f8321da77bc63cb31d,Louisiana State University,lineup-7263f09241ee9cd5,0,pair-951d1255bb80638f,oe:player:0fe6cc268b58e582c12d3c0656f2752,oe:player:be0a4f6bb9c7188519e9d6046af21fe,PrincessKyle,TimmyTurner,-0.35898417
NA1/3593075697,2020-09-28,2020,Unknown,10.19,oe:team:ab8a919db08c9f8321da77bc63cb31d,Louisiana State University,lineup-7263f09241ee9cd5,0,pair-61d78d6bca3bb486,oe:player:0fe6cc268b58e582c12d3c0656f2752,oe:player:e107e92b0751b8709e850921ed65683,PrincessKyle,DerpyBunzz,-0.11921025
NA1/3593075697,2020-09-28,2020,Unknown,10.19,oe:team:ab8a919db08c9f8321da77bc63cb31d,Louisiana State University,lineup-7263f09241ee9cd5,0,pair-8c36fc9a22382474,oe:player:0fe6cc268b58e582c12d3c0656f2752,oe:player:f6afb3ca3ac4cb969cc0c36330d8ee8,PrincessKyle,Airren,-0.28377833
NA1/3593075697,2020-09-28,2020,Unknown,10.19,oe:team:ab8a919db08c9f8321da77bc63cb31d,Louisiana State University,lineup-7263f09241ee9cd5,0,pair-53202c686aa93c5e,oe:player:8a26fb905636bc0bec1a65212c3c863,oe:player:be0a4f6bb9c7188519e9d6046af21fe,shochi,TimmyTurner,0.54081328
NA1/3593075697,2020-09-28,2020,Unknown,10.19,oe:team:ab8a919db08c9f8321da77bc63cb31d,Louisiana State University,lineup-7263f09241ee9cd5,0,pair-a8d37838ced35318,oe:player:8a26fb905636bc0bec1a65212c3c863,oe:player:e107e92b0751b8709e850921ed65683,shochi,DerpyBunzz,0.78058719
NA1/3593075697,2020-09-28,2020,Unknown,10.19,oe:team:ab8a919db08c9f8321da77bc63cb31d,Louisiana State University,lineup-7263f09241ee9cd5,0,pair-b31f7afe4e291e7e,oe:player:8a26fb905636bc0bec1a65212c3c863,oe:player:f6afb3ca3ac4cb969cc0c36330d8ee8,shochi,Airren,0.61601912
NA1/3593075697,2020-09-28,2020,Unknown,10.19,oe:team:ab8a919db08c9f8321da77bc63cb31d,Louisiana State University,lineup-7263f09241ee9cd5,0,pair-d519bb330bea7a8b,oe:player:be0a4f6bb9c7188519e9d6046af21fe,oe:player:e107e92b0751b8709e850921ed65683,TimmyTurner,DerpyBunzz,-0.21380238
NA1/3593075697,2020-09-28,2020,Unknown,10.19,oe:team:ab8a919db08c9f8321da77bc63cb31d,Louisiana State University,lineup-7263f09241ee9cd5,0,pair-1691bf282dc5ff5c,oe:player:be0a4f6bb9c7188519e9d6046af21fe,oe:player:f6afb3ca3ac4cb969cc0c36330d8ee8,TimmyTurner,Airren,-0.37837046
NA1/3593075697,2020-09-28,2020,Unknown,10.19,oe:team:ab8a919db08c9f8321da77bc63cb31d,Louisiana State University,lineup-7263f09241ee9cd5,0,pair-6bc057a749093fd5,oe:player:e107e92b0751b8709e850921ed65683,oe:player:f6afb3ca3ac4cb969cc0c36330d8ee8,DerpyBunzz,Airren,-0.13859654
NA1/3593094760,2020-09-27,2020,Unknown,10.19,name-team-bbf4d270ed871a83,unknown team,lineup-9ddafb785b377abd,1,pair-89f13965f7718912,oe:player:1a6336ee76ad050220d9dd4c432228c,oe:player:1f2dacafcb86c606a3510a284e73e17,KhaliDino,Detention,0.53288220
NA1/3593094760,2020-09-27,2020,Unknown,10.19,name-team-bbf4d270ed871a83,unknown team,lineup-9ddafb785b377abd,1,pair-dc9674052e38a5f4,oe:player:1a6336ee76ad050220d9dd4c432228c,oe:player:79506d44ed9a54dcdcb0e96e982e335,KhaliDino,Incon,0.55944405
NA1/3593094760,2020-09-27,2020,Unknown,10.19,name-team-bbf4d270ed871a83,unknown team,lineup-9ddafb785b377abd,1,pair-6622f96907feb04d,oe:player:1a6336ee76ad050220d9dd4c432228c,oe:player:98507570b7ae6c8019192bc1b5412c1,KhaliDino,Porsche,-0.18731271
NA1/3593094760,2020-09-27,2020,Unknown,10.19,name-team-bbf4d270ed871a83,unknown team,lineup-9ddafb785b377abd,1,pair-599a49275ab16538,oe:player:1a6336ee76ad050220d9dd4c432228c,oe:player:b52e38e9119ec4125f1fdc9035344b8,KhaliDino,Logia,-0.54367843
NA1/3593094760,2020-09-27,2020,Unknown,10.19,name-team-bbf4d270ed871a83,unknown team,lineup-9ddafb785b377abd,1,pair-46c028d336e73587,oe:player:1f2dacafcb86c606a3510a284e73e17,oe:player:79506d44ed9a54dcdcb0e96e982e335,Detention,Incon,0.73391231
NA1/3593094760,2020-09-27,2020,Unknown,10.19,name-team-bbf4d270ed871a83,unknown team,lineup-9ddafb785b377abd,1,pair-b81070897538e722,oe:player:1f2dacafcb86c606a3510a284e73e17,oe:player:98507570b7ae6c8019192bc1b5412c1,Detention,Porsche,-0.01284444
NA1/3593094760,2020-09-27,2020,Unknown,10.19,name-team-bbf4d270ed871a83,unknown team,lineup-9ddafb785b377abd,1,pair-f3c5164ac919f2e8,oe:player:1f2dacafcb86c606a3510a284e73e17,oe:player:b52e38e9119ec4125f1fdc9035344b8,Detention,Logia,-0.36921017
NA1/3593094760,2020-09-27,2020,Unknown,10.19,name-team-bbf4d270ed871a83,unknown team,lineup-9ddafb785b377abd,1,pair-a858362adfcb08a5,oe:player:79506d44ed9a54dcdcb0e96e982e335,oe:player:98507570b7ae6c8019192bc1b5412c1,Incon,Porsche,0.01371740
NA1/3593094760,2020-09-27,2020,Unknown,10.19,name-team-bbf4d270ed871a83,unknown team,lineup-9ddafb785b377abd,1,pair-40549c86713759b1,oe:player:79506d44ed9a54dcdcb0e96e982e335,oe:player:b52e38e9119ec4125f1fdc9035344b8,Incon,Logia,-0.34264832
NA1/3593094760,2020-09-27,2020,Unknown,10.19,name-team-bbf4d270ed871a83,unknown team,lineup-9ddafb785b377abd,1,pair-ec95838293904afd,oe:player:98507570b7ae6c8019192bc1b5412c1,oe:player:b52e38e9119ec4125f1fdc9035344b8,Porsche,Logia,-1.08940508
NA1/3593094760,2020-09-27,2020,Unknown,10.19,oe:team:b99696624afa81613e7c305f10c6b05,Illinois State University,lineup-2c75145e2ab515e3,0,pair-e6b7b20224ab8237,oe:player:4f6099e648bf78004394fdbb56140ee,oe:player:5e0308bd1c4172cd22f7bedcb1119ba,DrewDozer,datdat1,-0.05231682
NA1/3593094760,2020-09-27,2020,Unknown,10.19,oe:team:b99696624afa81613e7c305f10c6b05,Illinois State University,lineup-2c75145e2ab515e3,0,pair-cf414b2cd1b3b693,oe:player:4f6099e648bf78004394fdbb56140ee,oe:player:684880c286f599e706af1f009dd9ae4,DrewDozer,GFP,0.34913446
NA1/3593094760,2020-09-27,2020,Unknown,10.19,oe:team:b99696624afa81613e7c305f10c6b05,Illinois State University,lineup-2c75145e2ab515e3,0,pair-7b3710b3c73c4b2d,oe:player:4f6099e648bf78004394fdbb56140ee,oe:player:69e8187a8af4c2ca3b95e6027ecfc9b,DrewDozer,Yen,-0.17433792
NA1/3593094760,2020-09-27,2020,Unknown,10.19,oe:team:b99696624afa81613e7c305f10c6b05,Illinois State University,lineup-2c75145e2ab515e3,0,pair-4d935280824c6804,oe:player:4f6099e648bf78004394fdbb56140ee,oe:player:aa3fd3870a04b4f9da9f7e49737f52a,DrewDozer,Tempos,0.10256108
NA1/3593094760,2020-09-27,2020,Unknown,10.19,oe:team:b99696624afa81613e7c305f10c6b05,Illinois State University,lineup-2c75145e2ab515e3,0,pair-16df56740273fba6,oe:player:5e0308bd1c4172cd22f7bedcb1119ba,oe:player:684880c286f599e706af1f009dd9ae4,datdat1,GFP,-0.28450614
NA1/3593094760,2020-09-27,2020,Unknown,10.19,oe:team:b99696624afa81613e7c305f10c6b05,Illinois State University,lineup-2c75145e2ab515e3,0,pair-c28da33ad0db5076,oe:player:5e0308bd1c4172cd22f7bedcb1119ba,oe:player:69e8187a8af4c2ca3b95e6027ecfc9b,datdat1,Yen,-0.80797851
NA1/3593094760,2020-09-27,2020,Unknown,10.19,oe:team:b99696624afa81613e7c305f10c6b05,Illinois State University,lineup-2c75145e2ab515e3,0,pair-59f0ab20a6349fa2,oe:player:5e0308bd1c4172cd22f7bedcb1119ba,oe:player:aa3fd3870a04b4f9da9f7e49737f52a,datdat1,Tempos,-0.53107952
NA1/3593094760,2020-09-27,2020,Unknown,10.19,oe:team:b99696624afa81613e7c305f10c6b05,Illinois State University,lineup-2c75145e2ab515e3,0,pair-9d2fcd4fc52e8672,oe:player:684880c286f599e706af1f009dd9ae4,oe:player:69e8187a8af4c2ca3b95e6027ecfc9b,GFP,Yen,-0.40652724
NA1/3593094760,2020-09-27,2020,Unknown,10.19,oe:team:b99696624afa81613e7c305f10c6b05,Illinois State University,lineup-2c75145e2ab515e3,0,pair-9c35944c3a43fb03,oe:player:684880c286f599e706af1f009dd9ae4,oe:player:aa3fd3870a04b4f9da9f7e49737f52a,GFP,Tempos,-0.12962824
NA1/3593094760,2020-09-27,2020,Unknown,10.19,oe:team:b99696624afa81613e7c305f10c6b05,Illinois State University,lineup-2c75145e2ab515e3,0,pair-cbca667032bf0894,oe:player:69e8187a8af4c2ca3b95e6027ecfc9b,oe:player:aa3fd3870a04b4f9da9f7e49737f52a,Yen,Tempos,-0.65310062
NA1/3593104769,2020-09-27,2020,Unknown,10.19,oe:team:4c87a422072b2c1e754299a17ea36ce,Grand View University,lineup-9ba9726f5cfbcd65,1,pair-b14308939d1d7469,oe:player:1fb549aa840b4bd1dc4abefd8097172,oe:player:7d388393a4a19f739a249ce58eb7937,Teesum,learning brain,-0.13844172
NA1/3593104769,2020-09-27,2020,Unknown,10.19,oe:team:4c87a422072b2c1e754299a17ea36ce,Grand View University,lineup-9ba9726f5cfbcd65,1,pair-e941c560d37b59fc,oe:player:1fb549aa840b4bd1dc4abefd8097172,oe:player:b3709189c310ac24871a07dd4df6ef7,Teesum,Kolthro,-0.74559400
NA1/3593104769,2020-09-27,2020,Unknown,10.19,oe:team:4c87a422072b2c1e754299a17ea36ce,Grand View University,lineup-9ba9726f5cfbcd65,1,pair-14ff00b81ca3627b,oe:player:1fb549aa840b4bd1dc4abefd8097172,oe:player:de3297dddd88e797bbd2ae490d2a9bc,Teesum,riversided,1.25759674
NA1/3593104769,2020-09-27,2020,Unknown,10.19,oe:team:4c87a422072b2c1e754299a17ea36ce,Grand View University,lineup-9ba9726f5cfbcd65,1,pair-c3a27a2b6ba72007,oe:player:1fb549aa840b4bd1dc4abefd8097172,oe:player:fba26591b2a75a8e370c2d51bc9eb90,Teesum,Azog,-0.43322855
NA1/3593104769,2020-09-27,2020,Unknown,10.19,oe:team:4c87a422072b2c1e754299a17ea36ce,Grand View University,lineup-9ba9726f5cfbcd65,1,pair-b27abb6821875f55,oe:player:7d388393a4a19f739a249ce58eb7937,oe:player:b3709189c310ac24871a07dd4df6ef7,learning brain,Kolthro,-0.63154427
NA1/3593104769,2020-09-27,2020,Unknown,10.19,oe:team:4c87a422072b2c1e754299a17ea36ce,Grand View University,lineup-9ba9726f5cfbcd65,1,pair-1aee73e0be0d4fe3,oe:player:7d388393a4a19f739a249ce58eb7937,oe:player:de3297dddd88e797bbd2ae490d2a9bc,learning brain,riversided,1.37164647
NA1/3593104769,2020-09-27,2020,Unknown,10.19,oe:team:4c87a422072b2c1e754299a17ea36ce,Grand View University,lineup-9ba9726f5cfbcd65,1,pair-fa70825f41dc287c,oe:player:7d388393a4a19f739a249ce58eb7937,oe:player:fba26591b2a75a8e370c2d51bc9eb90,learning brain,Azog,-0.31917882
NA1/3593104769,2020-09-27,2020,Unknown,10.19,oe:team:4c87a422072b2c1e754299a17ea36ce,Grand View University,lineup-9ba9726f5cfbcd65,1,pair-6735ac5e77a4ed28,oe:player:b3709189c310ac24871a07dd4df6ef7,oe:player:de3297dddd88e797bbd2ae490d2a9bc,Kolthro,riversided,0.76449420
NA1/3593104769,2020-09-27,2020,Unknown,10.19,oe:team:4c87a422072b2c1e754299a17ea36ce,Grand View University,lineup-9ba9726f5cfbcd65,1,pair-506111ea2569d96b,oe:player:b3709189c310ac24871a07dd4df6ef7,oe:player:fba26591b2a75a8e370c2d51bc9eb90,Kolthro,Azog,-0.92633110
NA1/3593104769,2020-09-27,2020,Unknown,10.19,oe:team:4c87a422072b2c1e754299a17ea36ce,Grand View University,lineup-9ba9726f5cfbcd65,1,pair-6ef0d7fd83c49066,oe:player:de3297dddd88e797bbd2ae490d2a9bc,oe:player:fba26591b2a75a8e370c2d51bc9eb90,riversided,Azog,1.07685964
NA1/3593104769,2020-09-27,2020,Unknown,10.19,oe:team:5774d59075b9be61779abedd5c227c7,University of Texas at Dallas,lineup-d3b6c471cdeb34a7,0,pair-3a4d15a683f4e5e0,oe:player:15ffba9c994525a1e2bb996783de692,oe:player:4074bbc7da712c2fa4b667f7639dd28,TreeKangar00,Nova,-0.51817498
NA1/3593104769,2020-09-27,2020,Unknown,10.19,oe:team:5774d59075b9be61779abedd5c227c7,University of Texas at Dallas,lineup-d3b6c471cdeb34a7,0,pair-375ad09b22764436,oe:player:15ffba9c994525a1e2bb996783de692,oe:player:437867e480006cd0b473d0fe5630696,TreeKangar00,Poofu,-0.05173202
NA1/3593104769,2020-09-27,2020,Unknown,10.19,oe:team:5774d59075b9be61779abedd5c227c7,University of Texas at Dallas,lineup-d3b6c471cdeb34a7,0,pair-1d95945adc274e43,oe:player:15ffba9c994525a1e2bb996783de692,oe:player:4b7ad6dc26f8eb3ff971505642bb995,TreeKangar00,Lunarly,-0.20341095
NA1/3593104769,2020-09-27,2020,Unknown,10.19,oe:team:5774d59075b9be61779abedd5c227c7,University of Texas at Dallas,lineup-d3b6c471cdeb34a7,0,pair-f7efda9d91040eb9,oe:player:15ffba9c994525a1e2bb996783de692,oe:player:9cec403b11e51aa74b9787720b3f5fe,TreeKangar00,Good Sir,-0.55616242
NA1/3593104769,2020-09-27,2020,Unknown,10.19,oe:team:5774d59075b9be61779abedd5c227c7,University of Texas at Dallas,lineup-d3b6c471cdeb34a7,0,pair-4585dade5612e653,oe:player:4074bbc7da712c2fa4b667f7639dd28,oe:player:437867e480006cd0b473d0fe5630696,Nova,Poofu,-0.00590926
NA1/3593104769,2020-09-27,2020,Unknown,10.19,oe:team:5774d59075b9be61779abedd5c227c7,University of Texas at Dallas,lineup-d3b6c471cdeb34a7,0,pair-ae117ebb6dd27dc2,oe:player:4074bbc7da712c2fa4b667f7639dd28,oe:player:4b7ad6dc26f8eb3ff971505642bb995,Nova,Lunarly,-0.15758819
NA1/3593104769,2020-09-27,2020,Unknown,10.19,oe:team:5774d59075b9be61779abedd5c227c7,University of Texas at Dallas,lineup-d3b6c471cdeb34a7,0,pair-f8eea85a3d7974af,oe:player:4074bbc7da712c2fa4b667f7639dd28,oe:player:9cec403b11e51aa74b9787720b3f5fe,Nova,Good Sir,-0.51033966
NA1/3593104769,2020-09-27,2020,Unknown,10.19,oe:team:5774d59075b9be61779abedd5c227c7,University of Texas at Dallas,lineup-d3b6c471cdeb34a7,0,pair-1568e21c20d913d0,oe:player:437867e480006cd0b473d0fe5630696,oe:player:4b7ad6dc26f8eb3ff971505642bb995,Poofu,Lunarly,0.30885477
NA1/3593104769,2020-09-27,2020,Unknown,10.19,oe:team:5774d59075b9be61779abedd5c227c7,University of Texas at Dallas,lineup-d3b6c471cdeb34a7,0,pair-85a7a976b612a8a3,oe:player:437867e480006cd0b473d0fe5630696,oe:player:9cec403b11e51aa74b9787720b3f5fe,Poofu,Good Sir,-0.04389670
NA1/3593104769,2020-09-27,2020,Unknown,10.19,oe:team:5774d59075b9be61779abedd5c227c7,University of Texas at Dallas,lineup-d3b6c471cdeb34a7,0,pair-9de264a238fc0b95,oe:player:4b7ad6dc26f8eb3ff971505642bb995,oe:player:9cec403b11e51aa74b9787720b3f5fe,Lunarly,Good Sir,-0.19557563
NA1/3593118770,2020-09-28,2020,Unknown,10.19,name-team-bbf4d270ed871a83,unknown team,lineup-17ec4441e842fba5,1,pair-41f2836f370ee145,oe:player:05a73863e113f3cb6b472a76da2ea52,oe:player:49eb2a859e51ac0efe806dfb71a5263,DARKWINGS,Topo,0.32580477
NA1/3593118770,2020-09-28,2020,Unknown,10.19,name-team-bbf4d270ed871a83,unknown team,lineup-17ec4441e842fba5,1,pair-af544b0b6d4e2013,oe:player:05a73863e113f3cb6b472a76da2ea52,oe:player:4b4fc6bd479a7c9b773b2254fd382fb,DARKWINGS,LGF,0.73236671
NA1/3593118770,2020-09-28,2020,Unknown,10.19,name-team-bbf4d270ed871a83,unknown team,lineup-17ec4441e842fba5,1,pair-9b4ef0eabbfb7db0,oe:player:05a73863e113f3cb6b472a76da2ea52,oe:player:59ab87a8d46e2d01826337b6105cbb6,DARKWINGS,John,0.18534511
NA1/3593118770,2020-09-28,2020,Unknown,10.19,name-team-bbf4d270ed871a83,unknown team,lineup-17ec4441e842fba5,1,pair-eafe98352dc9f2fd,oe:player:05a73863e113f3cb6b472a76da2ea52,oe:player:c34dd77ffb9238275b93ea1897664a7,DARKWINGS,PK1,0.63020423
NA1/3593118770,2020-09-28,2020,Unknown,10.19,name-team-bbf4d270ed871a83,unknown team,lineup-17ec4441e842fba5,1,pair-b839ca6d47d8fee7,oe:player:49eb2a859e51ac0efe806dfb71a5263,oe:player:4b4fc6bd479a7c9b773b2254fd382fb,Topo,LGF,-0.69240222
NA1/3593118770,2020-09-28,2020,Unknown,10.19,name-team-bbf4d270ed871a83,unknown team,lineup-17ec4441e842fba5,1,pair-9344be3ebdecb39e,oe:player:49eb2a859e51ac0efe806dfb71a5263,oe:player:59ab87a8d46e2d01826337b6105cbb6,Topo,John,-1.23942381
NA1/3593118770,2020-09-28,2020,Unknown,10.19,name-team-bbf4d270ed871a83,unknown team,lineup-17ec4441e842fba5,1,pair-406ac8afd454db89,oe:player:49eb2a859e51ac0efe806dfb71a5263,oe:player:c34dd77ffb9238275b93ea1897664a7,Topo,PK1,-0.79456470
NA1/3593118770,2020-09-28,2020,Unknown,10.19,name-team-bbf4d270ed871a83,unknown team,lineup-17ec4441e842fba5,1,pair-e1b1793f05fd3124,oe:player:4b4fc6bd479a7c9b773b2254fd382fb,oe:player:59ab87a8d46e2d01826337b6105cbb6,LGF,John,-0.83286187
NA1/3593118770,2020-09-28,2020,Unknown,10.19,name-team-bbf4d270ed871a83,unknown team,lineup-17ec4441e842fba5,1,pair-8ac470f49e8a220f,oe:player:4b4fc6bd479a7c9b773b2254fd382fb,oe:player:c34dd77ffb9238275b93ea1897664a7,LGF,PK1,-0.38800275
NA1/3593118770,2020-09-28,2020,Unknown,10.19,name-team-bbf4d270ed871a83,unknown team,lineup-17ec4441e842fba5,1,pair-5fef10f798a9ebb0,oe:player:59ab87a8d46e2d01826337b6105cbb6,oe:player:c34dd77ffb9238275b93ea1897664a7,John,PK1,-0.93502435
NA1/3593118770,2020-09-28,2020,Unknown,10.19,oe:team:4c87a422072b2c1e754299a17ea36ce,Grand View University,lineup-b9f033f53055dd70,0,pair-a48e66d4e6f09d43,oe:player:0efcbda713dd493e977b0741f41f87c,oe:player:3062a9edba61382db75add4b3fe0eea,Koskinen,Disconnector,-0.68266206
NA1/3593118770,2020-09-28,2020,Unknown,10.19,oe:team:4c87a422072b2c1e754299a17ea36ce,Grand View University,lineup-b9f033f53055dd70,0,pair-6ec756ca3ea33462,oe:player:0efcbda713dd493e977b0741f41f87c,oe:player:98cba6472d95ae606a9ae863cfa5023,Koskinen,P1atypus,-0.98517908
NA1/3593118770,2020-09-28,2020,Unknown,10.19,oe:team:4c87a422072b2c1e754299a17ea36ce,Grand View University,lineup-b9f033f53055dd70,0,pair-56d8fe79eca48216,oe:player:0efcbda713dd493e977b0741f41f87c,oe:player:d778769103b62e1222414cd182c4e25,Koskinen,Chookies,-0.19941635
NA1/3593118770,2020-09-28,2020,Unknown,10.19,oe:team:4c87a422072b2c1e754299a17ea36ce,Grand View University,lineup-b9f033f53055dd70,0,pair-0b6b6256fde17fd6,oe:player:0efcbda713dd493e977b0741f41f87c,oe:player:e57ef5f8ab42a0364a11b50f2a86b81,Koskinen,ShorterACE,-0.93166143
NA1/3593118770,2020-09-28,2020,Unknown,10.19,oe:team:4c87a422072b2c1e754299a17ea36ce,Grand View University,lineup-b9f033f53055dd70,0,pair-25734d3f9bd4b68a,oe:player:3062a9edba61382db75add4b3fe0eea,oe:player:98cba6472d95ae606a9ae863cfa5023,Disconnector,P1atypus,-0.66528395
NA1/3593118770,2020-09-28,2020,Unknown,10.19,oe:team:4c87a422072b2c1e754299a17ea36ce,Grand View University,lineup-b9f033f53055dd70,0,pair-0161e3668a2d110b,oe:player:3062a9edba61382db75add4b3fe0eea,oe:player:d778769103b62e1222414cd182c4e25,Disconnector,Chookies,0.12047878
NA1/3593118770,2020-09-28,2020,Unknown,10.19,oe:team:4c87a422072b2c1e754299a17ea36ce,Grand View University,lineup-b9f033f53055dd70,0,pair-5a514e7a7c2ae687,oe:player:3062a9edba61382db75add4b3fe0eea,oe:player:e57ef5f8ab42a0364a11b50f2a86b81,Disconnector,ShorterACE,-0.61176630
NA1/3593118770,2020-09-28,2020,Unknown,10.19,oe:team:4c87a422072b2c1e754299a17ea36ce,Grand View University,lineup-b9f033f53055dd70,0,pair-559ca1ca127ad6fb,oe:player:98cba6472d95ae606a9ae863cfa5023,oe:player:d778769103b62e1222414cd182c4e25,P1atypus,Chookies,-0.18203824
NA1/3593118770,2020-09-28,2020,Unknown,10.19,oe:team:4c87a422072b2c1e754299a17ea36ce,Grand View University,lineup-b9f033f53055dd70,0,pair-729d7216755bc50c,oe:player:98cba6472d95ae606a9ae863cfa5023,oe:player:e57ef5f8ab42a0364a11b50f2a86b81,P1atypus,ShorterACE,-0.91428332
NA1/3593118770,2020-09-28,2020,Unknown,10.19,oe:team:4c87a422072b2c1e754299a17ea36ce,Grand View University,lineup-b9f033f53055dd70,0,pair-711133f6e62b011f,oe:player:d778769103b62e1222414cd182c4e25,oe:player:e57ef5f8ab42a0364a11b50f2a86b81,Chookies,ShorterACE,-0.12852060
NA1/3593119007,2020-09-28,2020,Unknown,10.19,name-team-bbf4d270ed871a83,unknown team,lineup-17ec4441e842fba5,0,pair-41f2836f370ee145,oe:player:05a73863e113f3cb6b472a76da2ea52,oe:player:49eb2a859e51ac0efe806dfb71a5263,DARKWINGS,Topo,-0.48846090
NA1/3593119007,2020-09-28,2020,Unknown,10.19,name-team-bbf4d270ed871a83,unknown team,lineup-17ec4441e842fba5,0,pair-af544b0b6d4e2013,oe:player:05a73863e113f3cb6b472a76da2ea52,oe:player:4b4fc6bd479a7c9b773b2254fd382fb,DARKWINGS,LGF,0.00657857
NA1/3593119007,2020-09-28,2020,Unknown,10.19,name-team-bbf4d270ed871a83,unknown team,lineup-17ec4441e842fba5,0,pair-9b4ef0eabbfb7db0,oe:player:05a73863e113f3cb6b472a76da2ea52,oe:player:59ab87a8d46e2d01826337b6105cbb6,DARKWINGS,John,0.70558723
NA1/3593119007,2020-09-28,2020,Unknown,10.19,name-team-bbf4d270ed871a83,unknown team,lineup-17ec4441e842fba5,0,pair-eafe98352dc9f2fd,oe:player:05a73863e113f3cb6b472a76da2ea52,oe:player:c34dd77ffb9238275b93ea1897664a7,DARKWINGS,PK1,0.20195067
NA1/3593119007,2020-09-28,2020,Unknown,10.19,name-team-bbf4d270ed871a83,unknown team,lineup-17ec4441e842fba5,0,pair-b839ca6d47d8fee7,oe:player:49eb2a859e51ac0efe806dfb71a5263,oe:player:4b4fc6bd479a7c9b773b2254fd382fb,Topo,LGF,-0.97271452
NA1/3593119007,2020-09-28,2020,Unknown,10.19,name-team-bbf4d270ed871a83,unknown team,lineup-17ec4441e842fba5,0,pair-9344be3ebdecb39e,oe:player:49eb2a859e51ac0efe806dfb71a5263,oe:player:59ab87a8d46e2d01826337b6105cbb6,Topo,John,-0.27370586
NA1/3593119007,2020-09-28,2020,Unknown,10.19,name-team-bbf4d270ed871a83,unknown team,lineup-17ec4441e842fba5,0,pair-406ac8afd454db89,oe:player:49eb2a859e51ac0efe806dfb71a5263,oe:player:c34dd77ffb9238275b93ea1897664a7,Topo,PK1,-0.77734242
NA1/3593119007,2020-09-28,2020,Unknown,10.19,name-team-bbf4d270ed871a83,unknown team,lineup-17ec4441e842fba5,0,pair-e1b1793f05fd3124,oe:player:4b4fc6bd479a7c9b773b2254fd382fb,oe:player:59ab87a8d46e2d01826337b6105cbb6,LGF,John,0.22133361
NA1/3593119007,2020-09-28,2020,Unknown,10.19,name-team-bbf4d270ed871a83,unknown team,lineup-17ec4441e842fba5,0,pair-8ac470f49e8a220f,oe:player:4b4fc6bd479a7c9b773b2254fd382fb,oe:player:c34dd77ffb9238275b93ea1897664a7,LGF,PK1,-0.28230294
NA1/3593119007,2020-09-28,2020,Unknown,10.19,name-team-bbf4d270ed871a83,unknown team,lineup-17ec4441e842fba5,0,pair-5fef10f798a9ebb0,oe:player:59ab87a8d46e2d01826337b6105cbb6,oe:player:c34dd77ffb9238275b93ea1897664a7,John,PK1,0.41670571
NA1/3593119007,2020-09-28,2020,Unknown,10.19,oe:team:4c87a422072b2c1e754299a17ea36ce,Grand View University,lineup-b9f033f53055dd70,1,pair-a48e66d4e6f09d43,oe:player:0efcbda713dd493e977b0741f41f87c,oe:player:3062a9edba61382db75add4b3fe0eea,Koskinen,Disconnector,-0.50234435
NA1/3593119007,2020-09-28,2020,Unknown,10.19,oe:team:4c87a422072b2c1e754299a17ea36ce,Grand View University,lineup-b9f033f53055dd70,1,pair-6ec756ca3ea33462,oe:player:0efcbda713dd493e977b0741f41f87c,oe:player:98cba6472d95ae606a9ae863cfa5023,Koskinen,P1atypus,-0.06717042
NA1/3593119007,2020-09-28,2020,Unknown,10.19,oe:team:4c87a422072b2c1e754299a17ea36ce,Grand View University,lineup-b9f033f53055dd70,1,pair-56d8fe79eca48216,oe:player:0efcbda713dd493e977b0741f41f87c,oe:player:d778769103b62e1222414cd182c4e25,Koskinen,Chookies,-0.64737799
NA1/3593119007,2020-09-28,2020,Unknown,10.19,oe:team:4c87a422072b2c1e754299a17ea36ce,Grand View University,lineup-b9f033f53055dd70,1,pair-0b6b6256fde17fd6,oe:player:0efcbda713dd493e977b0741f41f87c,oe:player:e57ef5f8ab42a0364a11b50f2a86b81,Koskinen,ShorterACE,0.17983786
NA1/3593119007,2020-09-28,2020,Unknown,10.19,oe:team:4c87a422072b2c1e754299a17ea36ce,Grand View University,lineup-b9f033f53055dd70,1,pair-25734d3f9bd4b68a,oe:player:3062a9edba61382db75add4b3fe0eea,oe:player:98cba6472d95ae606a9ae863cfa5023,Disconnector,P1atypus,0.13690820
NA1/3593119007,2020-09-28,2020,Unknown,10.19,oe:team:4c87a422072b2c1e754299a17ea36ce,Grand View University,lineup-b9f033f53055dd70,1,pair-0161e3668a2d110b,oe:player:3062a9edba61382db75add4b3fe0eea,oe:player:d778769103b62e1222414cd182c4e25,Disconnector,Chookies,-0.44329937
NA1/3593119007,2020-09-28,2020,Unknown,10.19,oe:team:4c87a422072b2c1e754299a17ea36ce,Grand View University,lineup-b9f033f53055dd70,1,pair-5a514e7a7c2ae687,oe:player:3062a9edba61382db75add4b3fe0eea,oe:player:e57ef5f8ab42a0364a11b50f2a86b81,Disconnector,ShorterACE,0.38391648
NA1/3593119007,2020-09-28,2020,Unknown,10.19,oe:team:4c87a422072b2c1e754299a17ea36ce,Grand View University,lineup-b9f033f53055dd70,1,pair-559ca1ca127ad6fb,oe:player:98cba6472d95ae606a9ae863cfa5023,oe:player:d778769103b62e1222414cd182c4e25,P1atypus,Chookies,-0.00812543
NA1/3593119007,2020-09-28,2020,Unknown,10.19,oe:team:4c87a422072b2c1e754299a17ea36ce,Grand View University,lineup-b9f033f53055dd70,1,pair-729d7216755bc50c,oe:player:98cba6472d95ae606a9ae863cfa5023,oe:player:e57ef5f8ab42a0364a11b50f2a86b81,P1atypus,ShorterACE,0.81909042
NA1/3593119007,2020-09-28,2020,Unknown,10.19,oe:team:4c87a422072b2c1e754299a17ea36ce,Grand View University,lineup-b9f033f53055dd70,1,pair-711133f6e62b011f,oe:player:d778769103b62e1222414cd182c4e25,oe:player:e57ef5f8ab42a0364a11b50f2a86b81,Chookies,ShorterACE,0.23888285
NA1/3595290297,2020-09-28,2020,Unknown,10.19,name-team-bbf4d270ed871a83,unknown team,lineup-68f9d6480dcca6fa,0,pair-b1fcfef56f796573,oe:player:046851613d0caf4920d7b52279a4c72,oe:player:05a73863e113f3cb6b472a76da2ea52,SweatyToast,DARKWINGS,-0.83495339
NA1/3595290297,2020-09-28,2020,Unknown,10.19,name-team-bbf4d270ed871a83,unknown team,lineup-68f9d6480dcca6fa,0,pair-f3b775d61fa11290,oe:player:046851613d0caf4920d7b52279a4c72,oe:player:49eb2a859e51ac0efe806dfb71a5263,SweatyToast,Topo,-1.08325701
NA1/3595290297,2020-09-28,2020,Unknown,10.19,name-team-bbf4d270ed871a83,unknown team,lineup-68f9d6480dcca6fa,0,pair-63da6f9f2e69316e,oe:player:046851613d0caf4920d7b52279a4c72,oe:player:4b4fc6bd479a7c9b773b2254fd382fb,SweatyToast,LGF,-0.90811434
NA1/3595290297,2020-09-28,2020,Unknown,10.19,name-team-bbf4d270ed871a83,unknown team,lineup-68f9d6480dcca6fa,0,pair-d72dfa6cbc1e48bd,oe:player:046851613d0caf4920d7b52279a4c72,oe:player:c34dd77ffb9238275b93ea1897664a7,SweatyToast,PK1,-0.75395606
NA1/3595290297,2020-09-28,2020,Unknown,10.19,name-team-bbf4d270ed871a83,unknown team,lineup-68f9d6480dcca6fa,0,pair-41f2836f370ee145,oe:player:05a73863e113f3cb6b472a76da2ea52,oe:player:49eb2a859e51ac0efe806dfb71a5263,DARKWINGS,Topo,-1.11297204
NA1/3595290297,2020-09-28,2020,Unknown,10.19,name-team-bbf4d270ed871a83,unknown team,lineup-68f9d6480dcca6fa,0,pair-af544b0b6d4e2013,oe:player:05a73863e113f3cb6b472a76da2ea52,oe:player:4b4fc6bd479a7c9b773b2254fd382fb,DARKWINGS,LGF,-0.93782938
NA1/3595290297,2020-09-28,2020,Unknown,10.19,name-team-bbf4d270ed871a83,unknown team,lineup-68f9d6480dcca6fa,0,pair-eafe98352dc9f2fd,oe:player:05a73863e113f3cb6b472a76da2ea52,oe:player:c34dd77ffb9238275b93ea1897664a7,DARKWINGS,PK1,-0.78367109
NA1/3595290297,2020-09-28,2020,Unknown,10.19,name-team-bbf4d270ed871a83,unknown team,lineup-68f9d6480dcca6fa,0,pair-b839ca6d47d8fee7,oe:player:49eb2a859e51ac0efe806dfb71a5263,oe:player:4b4fc6bd479a7c9b773b2254fd382fb,Topo,LGF,-1.18613299
NA1/3595290297,2020-09-28,2020,Unknown,10.19,name-team-bbf4d270ed871a83,unknown team,lineup-68f9d6480dcca6fa,0,pair-406ac8afd454db89,oe:player:49eb2a859e51ac0efe806dfb71a5263,oe:player:c34dd77ffb9238275b93ea1897664a7,Topo,PK1,-1.03197471
NA1/3595290297,2020-09-28,2020,Unknown,10.19,name-team-bbf4d270ed871a83,unknown team,lineup-68f9d6480dcca6fa,0,pair-8ac470f49e8a220f,oe:player:4b4fc6bd479a7c9b773b2254fd382fb,oe:player:c34dd77ffb9238275b93ea1897664a7,LGF,PK1,-0.85683205
NA1/3595290297,2020-09-28,2020,Unknown,10.19,oe:team:4c87a422072b2c1e754299a17ea36ce,Grand View University,lineup-b9f033f53055dd70,1,pair-a48e66d4e6f09d43,oe:player:0efcbda713dd493e977b0741f41f87c,oe:player:3062a9edba61382db75add4b3fe0eea,Koskinen,Disconnector,-0.73690775
NA1/3595290297,2020-09-28,2020,Unknown,10.19,oe:team:4c87a422072b2c1e754299a17ea36ce,Grand View University,lineup-b9f033f53055dd70,1,pair-6ec756ca3ea33462,oe:player:0efcbda713dd493e977b0741f41f87c,oe:player:98cba6472d95ae606a9ae863cfa5023,Koskinen,P1atypus,-0.03087891
NA1/3595290297,2020-09-28,2020,Unknown,10.19,oe:team:4c87a422072b2c1e754299a17ea36ce,Grand View University,lineup-b9f033f53055dd70,1,pair-56d8fe79eca48216,oe:player:0efcbda713dd493e977b0741f41f87c,oe:player:d778769103b62e1222414cd182c4e25,Koskinen,Chookies,-0.68293568
NA1/3595290297,2020-09-28,2020,Unknown,10.19,oe:team:4c87a422072b2c1e754299a17ea36ce,Grand View University,lineup-b9f033f53055dd70,1,pair-0b6b6256fde17fd6,oe:player:0efcbda713dd493e977b0741f41f87c,oe:player:e57ef5f8ab42a0364a11b50f2a86b81,Koskinen,ShorterACE,0.16940381
NA1/3595290297,2020-09-28,2020,Unknown,10.19,oe:team:4c87a422072b2c1e754299a17ea36ce,Grand View University,lineup-b9f033f53055dd70,1,pair-25734d3f9bd4b68a,oe:player:3062a9edba61382db75add4b3fe0eea,oe:player:98cba6472d95ae606a9ae863cfa5023,Disconnector,P1atypus,0.33746980
NA1/3595290297,2020-09-28,2020,Unknown,10.19,oe:team:4c87a422072b2c1e754299a17ea36ce,Grand View University,lineup-b9f033f53055dd70,1,pair-0161e3668a2d110b,oe:player:3062a9edba61382db75add4b3fe0eea,oe:player:d778769103b62e1222414cd182c4e25,Disconnector,Chookies,-0.31458697
NA1/3595290297,2020-09-28,2020,Unknown,10.19,oe:team:4c87a422072b2c1e754299a17ea36ce,Grand View University,lineup-b9f033f53055dd70,1,pair-5a514e7a7c2ae687,oe:player:3062a9edba61382db75add4b3fe0eea,oe:player:e57ef5f8ab42a0364a11b50f2a86b81,Disconnector,ShorterACE,0.53775251
NA1/3595290297,2020-09-28,2020,Unknown,10.19,oe:team:4c87a422072b2c1e754299a17ea36ce,Grand View University,lineup-b9f033f53055dd70,1,pair-559ca1ca127ad6fb,oe:player:98cba6472d95ae606a9ae863cfa5023,oe:player:d778769103b62e1222414cd182c4e25,P1atypus,Chookies,0.39144187
NA1/3595290297,2020-09-28,2020,Unknown,10.19,oe:team:4c87a422072b2c1e754299a17ea36ce,Grand View University,lineup-b9f033f53055dd70,1,pair-729d7216755bc50c,oe:player:98cba6472d95ae606a9ae863cfa5023,oe:player:e57ef5f8ab42a0364a11b50f2a86b81,P1atypus,ShorterACE,1.24378136
NA1/3595290297,2020-09-28,2020,Unknown,10.19,oe:team:4c87a422072b2c1e754299a17ea36ce,Grand View University,lineup-b9f033f53055dd70,1,pair-711133f6e62b011f,oe:player:d778769103b62e1222414cd182c4e25,oe:player:e57ef5f8ab42a0364a11b50f2a86b81,Chookies,ShorterACE,0.59172459
NA1/3603431204,2020-10-05,2020,Unknown,10.20,oe:team:4c87a422072b2c1e754299a17ea36ce,Grand View University,lineup-26a695d60bb382ad,1,pair-b14308939d1d7469,oe:player:1fb549aa840b4bd1dc4abefd8097172,oe:player:7d388393a4a19f739a249ce58eb7937,Teesum,learning brain,-0.14026859
NA1/3603431204,2020-10-05,2020,Unknown,10.20,oe:team:4c87a422072b2c1e754299a17ea36ce,Grand View University,lineup-26a695d60bb382ad,1,pair-e941c560d37b59fc,oe:player:1fb549aa840b4bd1dc4abefd8097172,oe:player:b3709189c310ac24871a07dd4df6ef7,Teesum,Kolthro,1.51396093
NA1/3603431204,2020-10-05,2020,Unknown,10.20,oe:team:4c87a422072b2c1e754299a17ea36ce,Grand View University,lineup-26a695d60bb382ad,1,pair-14ff00b81ca3627b,oe:player:1fb549aa840b4bd1dc4abefd8097172,oe:player:de3297dddd88e797bbd2ae490d2a9bc,Teesum,riversided,-0.22326886
NA1/3603431204,2020-10-05,2020,Unknown,10.20,oe:team:4c87a422072b2c1e754299a17ea36ce,Grand View University,lineup-26a695d60bb382ad,1,pair-c3a27a2b6ba72007,oe:player:1fb549aa840b4bd1dc4abefd8097172,oe:player:fba26591b2a75a8e370c2d51bc9eb90,Teesum,Azog,0.58932471
NA1/3603431204,2020-10-05,2020,Unknown,10.20,oe:team:4c87a422072b2c1e754299a17ea36ce,Grand View University,lineup-26a695d60bb382ad,1,pair-b27abb6821875f55,oe:player:7d388393a4a19f739a249ce58eb7937,oe:player:b3709189c310ac24871a07dd4df6ef7,learning brain,Kolthro,1.63796876
NA1/3603431204,2020-10-05,2020,Unknown,10.20,oe:team:4c87a422072b2c1e754299a17ea36ce,Grand View University,lineup-26a695d60bb382ad,1,pair-1aee73e0be0d4fe3,oe:player:7d388393a4a19f739a249ce58eb7937,oe:player:de3297dddd88e797bbd2ae490d2a9bc,learning brain,riversided,-0.09926103
NA1/3603431204,2020-10-05,2020,Unknown,10.20,oe:team:4c87a422072b2c1e754299a17ea36ce,Grand View University,lineup-26a695d60bb382ad,1,pair-fa70825f41dc287c,oe:player:7d388393a4a19f739a249ce58eb7937,oe:player:fba26591b2a75a8e370c2d51bc9eb90,learning brain,Azog,0.71333254
NA1/3603431204,2020-10-05,2020,Unknown,10.20,oe:team:4c87a422072b2c1e754299a17ea36ce,Grand View University,lineup-26a695d60bb382ad,1,pair-6735ac5e77a4ed28,oe:player:b3709189c310ac24871a07dd4df6ef7,oe:player:de3297dddd88e797bbd2ae490d2a9bc,Kolthro,riversided,1.55496848
NA1/3603431204,2020-10-05,2020,Unknown,10.20,oe:team:4c87a422072b2c1e754299a17ea36ce,Grand View University,lineup-26a695d60bb382ad,1,pair-506111ea2569d96b,oe:player:b3709189c310ac24871a07dd4df6ef7,oe:player:fba26591b2a75a8e370c2d51bc9eb90,Kolthro,Azog,2.36756206
NA1/3603431204,2020-10-05,2020,Unknown,10.20,oe:team:4c87a422072b2c1e754299a17ea36ce,Grand View University,lineup-26a695d60bb382ad,1,pair-6ef0d7fd83c49066,oe:player:de3297dddd88e797bbd2ae490d2a9bc,oe:player:fba26591b2a75a8e370c2d51bc9eb90,riversided,Azog,0.63033227
NA1/3603431204,2020-10-05,2020,Unknown,10.20,oe:team:8726cc5f2f30137866f13cfc53a9fb2,Noble Esports,lineup-c08391205f3aa03a,0,pair-053b4dbd0f0a72c8,oe:player:29b67a93c1a600beb6904551c853fdd,oe:player:3f87e25690ea3bdeb998259fb45445c,Trevor,Engo,1.02437939
NA1/3603431204,2020-10-05,2020,Unknown,10.20,oe:team:8726cc5f2f30137866f13cfc53a9fb2,Noble Esports,lineup-c08391205f3aa03a,0,pair-87100f25573d1fe8,oe:player:29b67a93c1a600beb6904551c853fdd,oe:player:4db47d64e2721bf7a93ebf42e488852,Trevor,Meech,0.03507864
NA1/3603431204,2020-10-05,2020,Unknown,10.20,oe:team:8726cc5f2f30137866f13cfc53a9fb2,Noble Esports,lineup-c08391205f3aa03a,0,pair-952b12d643620b6b,oe:player:29b67a93c1a600beb6904551c853fdd,oe:player:5f048688474a6eacfefd74bd53d8715,Trevor,Sheiden,0.57797808
NA1/3603431204,2020-10-05,2020,Unknown,10.20,oe:team:8726cc5f2f30137866f13cfc53a9fb2,Noble Esports,lineup-c08391205f3aa03a,0,pair-5483654c8c29a4a2,oe:player:29b67a93c1a600beb6904551c853fdd,oe:player:83eb62484689106807fcf5ad55b5479,Trevor,Jojopyun,0.24974498
NA1/3603431204,2020-10-05,2020,Unknown,10.20,oe:team:8726cc5f2f30137866f13cfc53a9fb2,Noble Esports,lineup-c08391205f3aa03a,0,pair-572b25aa1be9e916,oe:player:3f87e25690ea3bdeb998259fb45445c,oe:player:4db47d64e2721bf7a93ebf42e488852,Engo,Meech,1.78806683
NA1/3603431204,2020-10-05,2020,Unknown,10.20,oe:team:8726cc5f2f30137866f13cfc53a9fb2,Noble Esports,lineup-c08391205f3aa03a,0,pair-cb08e7ab53ce1e52,oe:player:3f87e25690ea3bdeb998259fb45445c,oe:player:5f048688474a6eacfefd74bd53d8715,Engo,Sheiden,2.33096627
NA1/3603431204,2020-10-05,2020,Unknown,10.20,oe:team:8726cc5f2f30137866f13cfc53a9fb2,Noble Esports,lineup-c08391205f3aa03a,0,pair-12a509c124350388,oe:player:3f87e25690ea3bdeb998259fb45445c,oe:player:83eb62484689106807fcf5ad55b5479,Engo,Jojopyun,2.00273317
NA1/3603431204,2020-10-05,2020,Unknown,10.20,oe:team:8726cc5f2f30137866f13cfc53a9fb2,Noble Esports,lineup-c08391205f3aa03a,0,pair-cd80a8b03c139e46,oe:player:4db47d64e2721bf7a93ebf42e488852,oe:player:5f048688474a6eacfefd74bd53d8715,Meech,Sheiden,1.34166552
NA1/3603431204,2020-10-05,2020,Unknown,10.20,oe:team:8726cc5f2f30137866f13cfc53a9fb2,Noble Esports,lineup-c08391205f3aa03a,0,pair-5841f3c91656db02,oe:player:4db47d64e2721bf7a93ebf42e488852,oe:player:83eb62484689106807fcf5ad55b5479,Meech,Jojopyun,1.01343241
NA1/3603431204,2020-10-05,2020,Unknown,10.20,oe:team:8726cc5f2f30137866f13cfc53a9fb2,Noble Esports,lineup-c08391205f3aa03a,0,pair-b86086eb55deb8fa,oe:player:5f048688474a6eacfefd74bd53d8715,oe:player:83eb62484689106807fcf5ad55b5479,Sheiden,Jojopyun,1.55633185
NA1/3603480921,2020-10-04,2020,Unknown,10.20,oe:team:4c87a422072b2c1e754299a17ea36ce,Grand View University,lineup-26a695d60bb382ad,1,pair-b14308939d1d7469,oe:player:1fb549aa840b4bd1dc4abefd8097172,oe:player:7d388393a4a19f739a249ce58eb7937,Teesum,learning brain,-0.42038778
NA1/3603480921,2020-10-04,2020,Unknown,10.20,oe:team:4c87a422072b2c1e754299a17ea36ce,Grand View University,lineup-26a695d60bb382ad,1,pair-e941c560d37b59fc,oe:player:1fb549aa840b4bd1dc4abefd8097172,oe:player:b3709189c310ac24871a07dd4df6ef7,Teesum,Kolthro,0.10966732
NA1/3603480921,2020-10-04,2020,Unknown,10.20,oe:team:4c87a422072b2c1e754299a17ea36ce,Grand View University,lineup-26a695d60bb382ad,1,pair-14ff00b81ca3627b,oe:player:1fb549aa840b4bd1dc4abefd8097172,oe:player:de3297dddd88e797bbd2ae490d2a9bc,Teesum,riversided,0.07746704
NA1/3603480921,2020-10-04,2020,Unknown,10.20,oe:team:4c87a422072b2c1e754299a17ea36ce,Grand View University,lineup-26a695d60bb382ad,1,pair-c3a27a2b6ba72007,oe:player:1fb549aa840b4bd1dc4abefd8097172,oe:player:fba26591b2a75a8e370c2d51bc9eb90,Teesum,Azog,-0.01414002
NA1/3603480921,2020-10-04,2020,Unknown,10.20,oe:team:4c87a422072b2c1e754299a17ea36ce,Grand View University,lineup-26a695d60bb382ad,1,pair-b27abb6821875f55,oe:player:7d388393a4a19f739a249ce58eb7937,oe:player:b3709189c310ac24871a07dd4df6ef7,learning brain,Kolthro,-0.27175323
NA1/3603480921,2020-10-04,2020,Unknown,10.20,oe:team:4c87a422072b2c1e754299a17ea36ce,Grand View University,lineup-26a695d60bb382ad,1,pair-1aee73e0be0d4fe3,oe:player:7d388393a4a19f739a249ce58eb7937,oe:player:de3297dddd88e797bbd2ae490d2a9bc,learning brain,riversided,-0.30395351
NA1/3603480921,2020-10-04,2020,Unknown,10.20,oe:team:4c87a422072b2c1e754299a17ea36ce,Grand View University,lineup-26a695d60bb382ad,1,pair-fa70825f41dc287c,oe:player:7d388393a4a19f739a249ce58eb7937,oe:player:fba26591b2a75a8e370c2d51bc9eb90,learning brain,Azog,-0.39556058
NA1/3603480921,2020-10-04,2020,Unknown,10.20,oe:team:4c87a422072b2c1e754299a17ea36ce,Grand View University,lineup-26a695d60bb382ad,1,pair-6735ac5e77a4ed28,oe:player:b3709189c310ac24871a07dd4df6ef7,oe:player:de3297dddd88e797bbd2ae490d2a9bc,Kolthro,riversided,0.22610160
NA1/3603480921,2020-10-04,2020,Unknown,10.20,oe:team:4c87a422072b2c1e754299a17ea36ce,Grand View University,lineup-26a695d60bb382ad,1,pair-506111ea2569d96b,oe:player:b3709189c310ac24871a07dd4df6ef7,oe:player:fba26591b2a75a8e370c2d51bc9eb90,Kolthro,Azog,0.13449453
NA1/3603480921,2020-10-04,2020,Unknown,10.20,oe:team:4c87a422072b2c1e754299a17ea36ce,Grand View University,lineup-26a695d60bb382ad,1,pair-6ef0d7fd83c49066,oe:player:de3297dddd88e797bbd2ae490d2a9bc,oe:player:fba26591b2a75a8e370c2d51bc9eb90,riversided,Azog,0.10229425
NA1/3603480921,2020-10-04,2020,Unknown,10.20,oe:team:8726cc5f2f30137866f13cfc53a9fb2,Noble Esports,lineup-a688a66407f14a2d,0,pair-053b4dbd0f0a72c8,oe:player:29b67a93c1a600beb6904551c853fdd,oe:player:3f87e25690ea3bdeb998259fb45445c,Trevor,Engo,-0.23322503
NA1/3603480921,2020-10-04,2020,Unknown,10.20,oe:team:8726cc5f2f30137866f13cfc53a9fb2,Noble Esports,lineup-a688a66407f14a2d,0,pair-87100f25573d1fe8,oe:player:29b67a93c1a600beb6904551c853fdd,oe:player:4db47d64e2721bf7a93ebf42e488852,Trevor,Meech,-0.67755461
NA1/3603480921,2020-10-04,2020,Unknown,10.20,oe:team:8726cc5f2f30137866f13cfc53a9fb2,Noble Esports,lineup-a688a66407f14a2d,0,pair-952b12d643620b6b,oe:player:29b67a93c1a600beb6904551c853fdd,oe:player:5f048688474a6eacfefd74bd53d8715,Trevor,Sheiden,-0.28623810
NA1/3603480921,2020-10-04,2020,Unknown,10.20,oe:team:8726cc5f2f30137866f13cfc53a9fb2,Noble Esports,lineup-a688a66407f14a2d,0,pair-5483654c8c29a4a2,oe:player:29b67a93c1a600beb6904551c853fdd,oe:player:83eb62484689106807fcf5ad55b5479,Trevor,Jojopyun,-0.27259735
NA1/3603480921,2020-10-04,2020,Unknown,10.20,oe:team:8726cc5f2f30137866f13cfc53a9fb2,Noble Esports,lineup-a688a66407f14a2d,0,pair-572b25aa1be9e916,oe:player:3f87e25690ea3bdeb998259fb45445c,oe:player:4db47d64e2721bf7a93ebf42e488852,Engo,Meech,-0.89713020
NA1/3603480921,2020-10-04,2020,Unknown,10.20,oe:team:8726cc5f2f30137866f13cfc53a9fb2,Noble Esports,lineup-a688a66407f14a2d,0,pair-cb08e7ab53ce1e52,oe:player:3f87e25690ea3bdeb998259fb45445c,oe:player:5f048688474a6eacfefd74bd53d8715,Engo,Sheiden,-0.50581369
NA1/3603480921,2020-10-04,2020,Unknown,10.20,oe:team:8726cc5f2f30137866f13cfc53a9fb2,Noble Esports,lineup-a688a66407f14a2d,0,pair-12a509c124350388,oe:player:3f87e25690ea3bdeb998259fb45445c,oe:player:83eb62484689106807fcf5ad55b5479,Engo,Jojopyun,-0.49217294
NA1/3603480921,2020-10-04,2020,Unknown,10.20,oe:team:8726cc5f2f30137866f13cfc53a9fb2,Noble Esports,lineup-a688a66407f14a2d,0,pair-cd80a8b03c139e46,oe:player:4db47d64e2721bf7a93ebf42e488852,oe:player:5f048688474a6eacfefd74bd53d8715,Meech,Sheiden,-0.95014327
NA1/3603480921,2020-10-04,2020,Unknown,10.20,oe:team:8726cc5f2f30137866f13cfc53a9fb2,Noble Esports,lineup-a688a66407f14a2d,0,pair-5841f3c91656db02,oe:player:4db47d64e2721bf7a93ebf42e488852,oe:player:83eb62484689106807fcf5ad55b5479,Meech,Jojopyun,-0.93650252
NA1/3603480921,2020-10-04,2020,Unknown,10.20,oe:team:8726cc5f2f30137866f13cfc53a9fb2,Noble Esports,lineup-a688a66407f14a2d,0,pair-b86086eb55deb8fa,oe:player:5f048688474a6eacfefd74bd53d8715,oe:player:83eb62484689106807fcf5ad55b5479,Sheiden,Jojopyun,-0.54518601
NA1/3603510838,2020-10-04,2020,Unknown,10.20,name-team-bbf4d270ed871a83,unknown team,lineup-f63fba3c42f623ee,1,pair-8a3311fc1fb9b05e,name-player-d72bd85e71031dbd,oe:player:04013bb5c441bcda958f8621c9e0930,unknown player,PJer,-1.62314542
NA1/3603510838,2020-10-04,2020,Unknown,10.20,name-team-bbf4d270ed871a83,unknown team,lineup-f63fba3c42f623ee,1,pair-b793ab41dc469e21,name-player-d72bd85e71031dbd,oe:player:77c37fc18d1eb4e682253c8716086bd,unknown player,Laurentiu,-1.43755392
NA1/3603510838,2020-10-04,2020,Unknown,10.20,name-team-bbf4d270ed871a83,unknown team,lineup-f63fba3c42f623ee,1,pair-01d9d7be8555f0ad,name-player-d72bd85e71031dbd,oe:player:dd83256af5ca245530d216b14c63cf4,unknown player,Verdict,-0.63938076
NA1/3603510838,2020-10-04,2020,Unknown,10.20,name-team-bbf4d270ed871a83,unknown team,lineup-f63fba3c42f623ee,1,pair-7b8584ec5b38255c,name-player-d72bd85e71031dbd,oe:player:e0c83c2a57ab3f97e5e5def851b8c9d,unknown player,Kedeck,-1.71423583
NA1/3603510838,2020-10-04,2020,Unknown,10.20,name-team-bbf4d270ed871a83,unknown team,lineup-f63fba3c42f623ee,1,pair-f9be97f1e07789de,oe:player:04013bb5c441bcda958f8621c9e0930,oe:player:77c37fc18d1eb4e682253c8716086bd,PJer,Laurentiu,-1.40327039
NA1/3603510838,2020-10-04,2020,Unknown,10.20,name-team-bbf4d270ed871a83,unknown team,lineup-f63fba3c42f623ee,1,pair-10a74bc0433b9800,oe:player:04013bb5c441bcda958f8621c9e0930,oe:player:dd83256af5ca245530d216b14c63cf4,PJer,Verdict,-0.60509722
NA1/3603510838,2020-10-04,2020,Unknown,10.20,name-team-bbf4d270ed871a83,unknown team,lineup-f63fba3c42f623ee,1,pair-12d590a4e0ff257b,oe:player:04013bb5c441bcda958f8621c9e0930,oe:player:e0c83c2a57ab3f97e5e5def851b8c9d,PJer,Kedeck,-1.67995230
NA1/3603510838,2020-10-04,2020,Unknown,10.20,name-team-bbf4d270ed871a83,unknown team,lineup-f63fba3c42f623ee,1,pair-c09c90d75e8d68c6,oe:player:77c37fc18d1eb4e682253c8716086bd,oe:player:dd83256af5ca245530d216b14c63cf4,Laurentiu,Verdict,-0.41950572
NA1/3603510838,2020-10-04,2020,Unknown,10.20,name-team-bbf4d270ed871a83,unknown team,lineup-f63fba3c42f623ee,1,pair-09fa7552c0429c1c,oe:player:77c37fc18d1eb4e682253c8716086bd,oe:player:e0c83c2a57ab3f97e5e5def851b8c9d,Laurentiu,Kedeck,-1.49436080
NA1/3603510838,2020-10-04,2020,Unknown,10.20,name-team-bbf4d270ed871a83,unknown team,lineup-f63fba3c42f623ee,1,pair-96e1547e6d6d31a9,oe:player:dd83256af5ca245530d216b14c63cf4,oe:player:e0c83c2a57ab3f97e5e5def851b8c9d,Verdict,Kedeck,-0.69618763
NA1/3603510838,2020-10-04,2020,Unknown,10.20,oe:team:5774d59075b9be61779abedd5c227c7,University of Texas at Dallas,lineup-92d7d23900c9ad02,0,pair-69ecd79dc6cf3b12,oe:player:15ffba9c994525a1e2bb996783de692,oe:player:2291e1a29406540fce27a3386b57fa5,TreeKangar00,YHL,-1.40428405
NA1/3603510838,2020-10-04,2020,Unknown,10.20,oe:team:5774d59075b9be61779abedd5c227c7,University of Texas at Dallas,lineup-92d7d23900c9ad02,0,pair-375ad09b22764436,oe:player:15ffba9c994525a1e2bb996783de692,oe:player:437867e480006cd0b473d0fe5630696,TreeKangar00,Poofu,-1.56816854
NA1/3603510838,2020-10-04,2020,Unknown,10.20,oe:team:5774d59075b9be61779abedd5c227c7,University of Texas at Dallas,lineup-92d7d23900c9ad02,0,pair-1d95945adc274e43,oe:player:15ffba9c994525a1e2bb996783de692,oe:player:4b7ad6dc26f8eb3ff971505642bb995,TreeKangar00,Lunarly,-1.35248501
NA1/3603510838,2020-10-04,2020,Unknown,10.20,oe:team:5774d59075b9be61779abedd5c227c7,University of Texas at Dallas,lineup-92d7d23900c9ad02,0,pair-f7efda9d91040eb9,oe:player:15ffba9c994525a1e2bb996783de692,oe:player:9cec403b11e51aa74b9787720b3f5fe,TreeKangar00,Good Sir,-1.38287592
NA1/3603510838,2020-10-04,2020,Unknown,10.20,oe:team:5774d59075b9be61779abedd5c227c7,University of Texas at Dallas,lineup-92d7d23900c9ad02,0,pair-52b488004e637e35,oe:player:2291e1a29406540fce27a3386b57fa5,oe:player:437867e480006cd0b473d0fe5630696,YHL,Poofu,-1.51809554
NA1/3603510838,2020-10-04,2020,Unknown,10.20,oe:team:5774d59075b9be61779abedd5c227c7,University of Texas at Dallas,lineup-92d7d23900c9ad02,0,pair-6c0d4ec2fa12703b,oe:player:2291e1a29406540fce27a3386b57fa5,oe:player:4b7ad6dc26f8eb3ff971505642bb995,YHL,Lunarly,-1.30241201
NA1/3603510838,2020-10-04,2020,Unknown,10.20,oe:team:5774d59075b9be61779abedd5c227c7,University of Texas at Dallas,lineup-92d7d23900c9ad02,0,pair-ee95bbffa7d5b1d0,oe:player:2291e1a29406540fce27a3386b57fa5,oe:player:9cec403b11e51aa74b9787720b3f5fe,YHL,Good Sir,-1.33280292
NA1/3603510838,2020-10-04,2020,Unknown,10.20,oe:team:5774d59075b9be61779abedd5c227c7,University of Texas at Dallas,lineup-92d7d23900c9ad02,0,pair-1568e21c20d913d0,oe:player:437867e480006cd0b473d0fe5630696,oe:player:4b7ad6dc26f8eb3ff971505642bb995,Poofu,Lunarly,-1.46629650
NA1/3603510838,2020-10-04,2020,Unknown,10.20,oe:team:5774d59075b9be61779abedd5c227c7,University of Texas at Dallas,lineup-92d7d23900c9ad02,0,pair-85a7a976b612a8a3,oe:player:437867e480006cd0b473d0fe5630696,oe:player:9cec403b11e51aa74b9787720b3f5fe,Poofu,Good Sir,-1.49668741
NA1/3603510838,2020-10-04,2020,Unknown,10.20,oe:team:5774d59075b9be61779abedd5c227c7,University of Texas at Dallas,lineup-92d7d23900c9ad02,0,pair-9de264a238fc0b95,oe:player:4b7ad6dc26f8eb3ff971505642bb995,oe:player:9cec403b11e51aa74b9787720b3f5fe,Lunarly,Good Sir,-1.28100387
NA1/3603541066,2020-10-05,2020,Unknown,10.20,oe:team:33882d595cdafd472dc1ded1b7ee10b,TBA,lineup-445ae0304e94ef49,0,pair-54f9c733749ca50f,oe:player:506d63191c3a0485207a97d1303614e,oe:player:860b53367b46048f876924b3eda90ed,SeanTheGod,Plux,-1.26408851
NA1/3603541066,2020-10-05,2020,Unknown,10.20,oe:team:33882d595cdafd472dc1ded1b7ee10b,TBA,lineup-445ae0304e94ef49,0,pair-164ca5c91865440d,oe:player:506d63191c3a0485207a97d1303614e,oe:player:954fd996438b8fd035a5c7ffb6f6066,SeanTheGod,Goo,-1.19412507
NA1/3603541066,2020-10-05,2020,Unknown,10.20,oe:team:33882d595cdafd472dc1ded1b7ee10b,TBA,lineup-445ae0304e94ef49,0,pair-fad20bbcd05bb64e,oe:player:506d63191c3a0485207a97d1303614e,oe:player:97a03ee352a6f5252f1f93019e992f9,SeanTheGod,Cozy,-1.20810142
NA1/3603541066,2020-10-05,2020,Unknown,10.20,oe:team:33882d595cdafd472dc1ded1b7ee10b,TBA,lineup-445ae0304e94ef49,0,pair-ed4ded690ac3a94f,oe:player:506d63191c3a0485207a97d1303614e,oe:player:aa7b13aaac8ab04283ce9626c6399d0,SeanTheGod,Young,-1.31571740
NA1/3603541066,2020-10-05,2020,Unknown,10.20,oe:team:33882d595cdafd472dc1ded1b7ee10b,TBA,lineup-445ae0304e94ef49,0,pair-aabe7a6b03db9b8d,oe:player:860b53367b46048f876924b3eda90ed,oe:player:954fd996438b8fd035a5c7ffb6f6066,Plux,Goo,-1.19994684
NA1/3603541066,2020-10-05,2020,Unknown,10.20,oe:team:33882d595cdafd472dc1ded1b7ee10b,TBA,lineup-445ae0304e94ef49,0,pair-9b0098b042fc8194,oe:player:860b53367b46048f876924b3eda90ed,oe:player:97a03ee352a6f5252f1f93019e992f9,Plux,Cozy,-1.21392319
NA1/3603541066,2020-10-05,2020,Unknown,10.20,oe:team:33882d595cdafd472dc1ded1b7ee10b,TBA,lineup-445ae0304e94ef49,0,pair-cad03663cf853cd9,oe:player:860b53367b46048f876924b3eda90ed,oe:player:aa7b13aaac8ab04283ce9626c6399d0,Plux,Young,-1.32153917
NA1/3603541066,2020-10-05,2020,Unknown,10.20,oe:team:33882d595cdafd472dc1ded1b7ee10b,TBA,lineup-445ae0304e94ef49,0,pair-e4575919630fc1a1,oe:player:954fd996438b8fd035a5c7ffb6f6066,oe:player:97a03ee352a6f5252f1f93019e992f9,Goo,Cozy,-1.14395975
NA1/3603541066,2020-10-05,2020,Unknown,10.20,oe:team:33882d595cdafd472dc1ded1b7ee10b,TBA,lineup-445ae0304e94ef49,0,pair-b1f4cd28295b6fa9,oe:player:954fd996438b8fd035a5c7ffb6f6066,oe:player:aa7b13aaac8ab04283ce9626c6399d0,Goo,Young,-1.25157573
NA1/3603541066,2020-10-05,2020,Unknown,10.20,oe:team:33882d595cdafd472dc1ded1b7ee10b,TBA,lineup-445ae0304e94ef49,0,pair-ae08e38dd8f595a5,oe:player:97a03ee352a6f5252f1f93019e992f9,oe:player:aa7b13aaac8ab04283ce9626c6399d0,Cozy,Young,-1.26555208
NA1/3603541066,2020-10-05,2020,Unknown,10.20,oe:team:b99696624afa81613e7c305f10c6b05,Illinois State University,lineup-2c75145e2ab515e3,1,pair-e6b7b20224ab8237,oe:player:4f6099e648bf78004394fdbb56140ee,oe:player:5e0308bd1c4172cd22f7bedcb1119ba,DrewDozer,datdat1,-0.42791414
NA1/3603541066,2020-10-05,2020,Unknown,10.20,oe:team:b99696624afa81613e7c305f10c6b05,Illinois State University,lineup-2c75145e2ab515e3,1,pair-cf414b2cd1b3b693,oe:player:4f6099e648bf78004394fdbb56140ee,oe:player:684880c286f599e706af1f009dd9ae4,DrewDozer,GFP,-0.38219268
NA1/3603541066,2020-10-05,2020,Unknown,10.20,oe:team:b99696624afa81613e7c305f10c6b05,Illinois State University,lineup-2c75145e2ab515e3,1,pair-7b3710b3c73c4b2d,oe:player:4f6099e648bf78004394fdbb56140ee,oe:player:69e8187a8af4c2ca3b95e6027ecfc9b,DrewDozer,Yen,-0.35518477
NA1/3603541066,2020-10-05,2020,Unknown,10.20,oe:team:b99696624afa81613e7c305f10c6b05,Illinois State University,lineup-2c75145e2ab515e3,1,pair-4d935280824c6804,oe:player:4f6099e648bf78004394fdbb56140ee,oe:player:aa3fd3870a04b4f9da9f7e49737f52a,DrewDozer,Tempos,-0.46278933
NA1/3603541066,2020-10-05,2020,Unknown,10.20,oe:team:b99696624afa81613e7c305f10c6b05,Illinois State University,lineup-2c75145e2ab515e3,1,pair-16df56740273fba6,oe:player:5e0308bd1c4172cd22f7bedcb1119ba,oe:player:684880c286f599e706af1f009dd9ae4,datdat1,GFP,-0.16886367
NA1/3603541066,2020-10-05,2020,Unknown,10.20,oe:team:b99696624afa81613e7c305f10c6b05,Illinois State University,lineup-2c75145e2ab515e3,1,pair-c28da33ad0db5076,oe:player:5e0308bd1c4172cd22f7bedcb1119ba,oe:player:69e8187a8af4c2ca3b95e6027ecfc9b,datdat1,Yen,-0.14185575
NA1/3603541066,2020-10-05,2020,Unknown,10.20,oe:team:b99696624afa81613e7c305f10c6b05,Illinois State University,lineup-2c75145e2ab515e3,1,pair-59f0ab20a6349fa2,oe:player:5e0308bd1c4172cd22f7bedcb1119ba,oe:player:aa3fd3870a04b4f9da9f7e49737f52a,datdat1,Tempos,-0.24946032
NA1/3603541066,2020-10-05,2020,Unknown,10.20,oe:team:b99696624afa81613e7c305f10c6b05,Illinois State University,lineup-2c75145e2ab515e3,1,pair-9d2fcd4fc52e8672,oe:player:684880c286f599e706af1f009dd9ae4,oe:player:69e8187a8af4c2ca3b95e6027ecfc9b,GFP,Yen,-0.09613430
NA1/3603541066,2020-10-05,2020,Unknown,10.20,oe:team:b99696624afa81613e7c305f10c6b05,Illinois State University,lineup-2c75145e2ab515e3,1,pair-9c35944c3a43fb03,oe:player:684880c286f599e706af1f009dd9ae4,oe:player:aa3fd3870a04b4f9da9f7e49737f52a,GFP,Tempos,-0.20373887
NA1/3603541066,2020-10-05,2020,Unknown,10.20,oe:team:b99696624afa81613e7c305f10c6b05,Illinois State University,lineup-2c75145e2ab515e3,1,pair-cbca667032bf0894,oe:player:69e8187a8af4c2ca3b95e6027ecfc9b,oe:player:aa3fd3870a04b4f9da9f7e49737f52a,Yen,Tempos,-0.17673095
NA1/3603541274,2020-10-05,2020,Unknown,10.20,oe:team:33882d595cdafd472dc1ded1b7ee10b,TBA,lineup-445ae0304e94ef49,1,pair-54f9c733749ca50f,oe:player:506d63191c3a0485207a97d1303614e,oe:player:860b53367b46048f876924b3eda90ed,SeanTheGod,Plux,0.47898700
NA1/3603541274,2020-10-05,2020,Unknown,10.20,oe:team:33882d595cdafd472dc1ded1b7ee10b,TBA,lineup-445ae0304e94ef49,1,pair-164ca5c91865440d,oe:player:506d63191c3a0485207a97d1303614e,oe:player:954fd996438b8fd035a5c7ffb6f6066,SeanTheGod,Goo,0.12932261
NA1/3603541274,2020-10-05,2020,Unknown,10.20,oe:team:33882d595cdafd472dc1ded1b7ee10b,TBA,lineup-445ae0304e94ef49,1,pair-fad20bbcd05bb64e,oe:player:506d63191c3a0485207a97d1303614e,oe:player:97a03ee352a6f5252f1f93019e992f9,SeanTheGod,Cozy,0.12816204
NA1/3603541274,2020-10-05,2020,Unknown,10.20,oe:team:33882d595cdafd472dc1ded1b7ee10b,TBA,lineup-445ae0304e94ef49,1,pair-ed4ded690ac3a94f,oe:player:506d63191c3a0485207a97d1303614e,oe:player:aa7b13aaac8ab04283ce9626c6399d0,SeanTheGod,Young,-0.36628424
NA1/3603541274,2020-10-05,2020,Unknown,10.20,oe:team:33882d595cdafd472dc1ded1b7ee10b,TBA,lineup-445ae0304e94ef49,1,pair-aabe7a6b03db9b8d,oe:player:860b53367b46048f876924b3eda90ed,oe:player:954fd996438b8fd035a5c7ffb6f6066,Plux,Goo,1.05155512
NA1/3603541274,2020-10-05,2020,Unknown,10.20,oe:team:33882d595cdafd472dc1ded1b7ee10b,TBA,lineup-445ae0304e94ef49,1,pair-9b0098b042fc8194,oe:player:860b53367b46048f876924b3eda90ed,oe:player:97a03ee352a6f5252f1f93019e992f9,Plux,Cozy,1.05039455
NA1/3603541274,2020-10-05,2020,Unknown,10.20,oe:team:33882d595cdafd472dc1ded1b7ee10b,TBA,lineup-445ae0304e94ef49,1,pair-cad03663cf853cd9,oe:player:860b53367b46048f876924b3eda90ed,oe:player:aa7b13aaac8ab04283ce9626c6399d0,Plux,Young,0.55594826
NA1/3603541274,2020-10-05,2020,Unknown,10.20,oe:team:33882d595cdafd472dc1ded1b7ee10b,TBA,lineup-445ae0304e94ef49,1,pair-e4575919630fc1a1,oe:player:954fd996438b8fd035a5c7ffb6f6066,oe:player:97a03ee352a6f5252f1f93019e992f9,Goo,Cozy,0.70073016
NA1/3603541274,2020-10-05,2020,Unknown,10.20,oe:team:33882d595cdafd472dc1ded1b7ee10b,TBA,lineup-445ae0304e94ef49,1,pair-b1f4cd28295b6fa9,oe:player:954fd996438b8fd035a5c7ffb6f6066,oe:player:aa7b13aaac8ab04283ce9626c6399d0,Goo,Young,0.20628388
NA1/3603541274,2020-10-05,2020,Unknown,10.20,oe:team:33882d595cdafd472dc1ded1b7ee10b,TBA,lineup-445ae0304e94ef49,1,pair-ae08e38dd8f595a5,oe:player:97a03ee352a6f5252f1f93019e992f9,oe:player:aa7b13aaac8ab04283ce9626c6399d0,Cozy,Young,0.20512330
NA1/3603541274,2020-10-05,2020,Unknown,10.20,oe:team:b99696624afa81613e7c305f10c6b05,Illinois State University,lineup-2c75145e2ab515e3,0,pair-e6b7b20224ab8237,oe:player:4f6099e648bf78004394fdbb56140ee,oe:player:5e0308bd1c4172cd22f7bedcb1119ba,DrewDozer,datdat1,-0.57009157
NA1/3603541274,2020-10-05,2020,Unknown,10.20,oe:team:b99696624afa81613e7c305f10c6b05,Illinois State University,lineup-2c75145e2ab515e3,0,pair-cf414b2cd1b3b693,oe:player:4f6099e648bf78004394fdbb56140ee,oe:player:684880c286f599e706af1f009dd9ae4,DrewDozer,GFP,-0.13988344
NA1/3603541274,2020-10-05,2020,Unknown,10.20,oe:team:b99696624afa81613e7c305f10c6b05,Illinois State University,lineup-2c75145e2ab515e3,0,pair-7b3710b3c73c4b2d,oe:player:4f6099e648bf78004394fdbb56140ee,oe:player:69e8187a8af4c2ca3b95e6027ecfc9b,DrewDozer,Yen,-0.29823548
NA1/3603541274,2020-10-05,2020,Unknown,10.20,oe:team:b99696624afa81613e7c305f10c6b05,Illinois State University,lineup-2c75145e2ab515e3,0,pair-4d935280824c6804,oe:player:4f6099e648bf78004394fdbb56140ee,oe:player:aa3fd3870a04b4f9da9f7e49737f52a,DrewDozer,Tempos,-0.46654190
NA1/3603541274,2020-10-05,2020,Unknown,10.20,oe:team:b99696624afa81613e7c305f10c6b05,Illinois State University,lineup-2c75145e2ab515e3,0,pair-16df56740273fba6,oe:player:5e0308bd1c4172cd22f7bedcb1119ba,oe:player:684880c286f599e706af1f009dd9ae4,datdat1,GFP,-0.10018029
NA1/3603541274,2020-10-05,2020,Unknown,10.20,oe:team:b99696624afa81613e7c305f10c6b05,Illinois State University,lineup-2c75145e2ab515e3,0,pair-c28da33ad0db5076,oe:player:5e0308bd1c4172cd22f7bedcb1119ba,oe:player:69e8187a8af4c2ca3b95e6027ecfc9b,datdat1,Yen,-0.25853233
NA1/3603541274,2020-10-05,2020,Unknown,10.20,oe:team:b99696624afa81613e7c305f10c6b05,Illinois State University,lineup-2c75145e2ab515e3,0,pair-59f0ab20a6349fa2,oe:player:5e0308bd1c4172cd22f7bedcb1119ba,oe:player:aa3fd3870a04b4f9da9f7e49737f52a,datdat1,Tempos,-0.42683876
NA1/3603541274,2020-10-05,2020,Unknown,10.20,oe:team:b99696624afa81613e7c305f10c6b05,Illinois State University,lineup-2c75145e2ab515e3,0,pair-9d2fcd4fc52e8672,oe:player:684880c286f599e706af1f009dd9ae4,oe:player:69e8187a8af4c2ca3b95e6027ecfc9b,GFP,Yen,0.17167580
NA1/3603541274,2020-10-05,2020,Unknown,10.20,oe:team:b99696624afa81613e7c305f10c6b05,Illinois State University,lineup-2c75145e2ab515e3,0,pair-9c35944c3a43fb03,oe:player:684880c286f599e706af1f009dd9ae4,oe:player:aa3fd3870a04b4f9da9f7e49737f52a,GFP,Tempos,0.00336938
NA1/3603541274,2020-10-05,2020,Unknown,10.20,oe:team:b99696624afa81613e7c305f10c6b05,Illinois State University,lineup-2c75145e2ab515e3,0,pair-cbca667032bf0894,oe:player:69e8187a8af4c2ca3b95e6027ecfc9b,oe:player:aa3fd3870a04b4f9da9f7e49737f52a,Yen,Tempos,-0.15498266
NA1/3603640688,2020-10-04,2020,Unknown,10.20,oe:team:33882d595cdafd472dc1ded1b7ee10b,TBA,lineup-445ae0304e94ef49,1,pair-54f9c733749ca50f,oe:player:506d63191c3a0485207a97d1303614e,oe:player:860b53367b46048f876924b3eda90ed,SeanTheGod,Plux,0.01195875
NA1/3603640688,2020-10-04,2020,Unknown,10.20,oe:team:33882d595cdafd472dc1ded1b7ee10b,TBA,lineup-445ae0304e94ef49,1,pair-164ca5c91865440d,oe:player:506d63191c3a0485207a97d1303614e,oe:player:954fd996438b8fd035a5c7ffb6f6066,SeanTheGod,Goo,1.33570186
NA1/3603640688,2020-10-04,2020,Unknown,10.20,oe:team:33882d595cdafd472dc1ded1b7ee10b,TBA,lineup-445ae0304e94ef49,1,pair-fad20bbcd05bb64e,oe:player:506d63191c3a0485207a97d1303614e,oe:player:97a03ee352a6f5252f1f93019e992f9,SeanTheGod,Cozy,0.16978433
NA1/3603640688,2020-10-04,2020,Unknown,10.20,oe:team:33882d595cdafd472dc1ded1b7ee10b,TBA,lineup-445ae0304e94ef49,1,pair-ed4ded690ac3a94f,oe:player:506d63191c3a0485207a97d1303614e,oe:player:aa7b13aaac8ab04283ce9626c6399d0,SeanTheGod,Young,-0.03206820
NA1/3603640688,2020-10-04,2020,Unknown,10.20,oe:team:33882d595cdafd472dc1ded1b7ee10b,TBA,lineup-445ae0304e94ef49,1,pair-aabe7a6b03db9b8d,oe:player:860b53367b46048f876924b3eda90ed,oe:player:954fd996438b8fd035a5c7ffb6f6066,Plux,Goo,0.62502452
NA1/3603640688,2020-10-04,2020,Unknown,10.20,oe:team:33882d595cdafd472dc1ded1b7ee10b,TBA,lineup-445ae0304e94ef49,1,pair-9b0098b042fc8194,oe:player:860b53367b46048f876924b3eda90ed,oe:player:97a03ee352a6f5252f1f93019e992f9,Plux,Cozy,-0.54089300
NA1/3603640688,2020-10-04,2020,Unknown,10.20,oe:team:33882d595cdafd472dc1ded1b7ee10b,TBA,lineup-445ae0304e94ef49,1,pair-cad03663cf853cd9,oe:player:860b53367b46048f876924b3eda90ed,oe:player:aa7b13aaac8ab04283ce9626c6399d0,Plux,Young,-0.74274553
NA1/3603640688,2020-10-04,2020,Unknown,10.20,oe:team:33882d595cdafd472dc1ded1b7ee10b,TBA,lineup-445ae0304e94ef49,1,pair-e4575919630fc1a1,oe:player:954fd996438b8fd035a5c7ffb6f6066,oe:player:97a03ee352a6f5252f1f93019e992f9,Goo,Cozy,0.78285011
NA1/3603640688,2020-10-04,2020,Unknown,10.20,oe:team:33882d595cdafd472dc1ded1b7ee10b,TBA,lineup-445ae0304e94ef49,1,pair-b1f4cd28295b6fa9,oe:player:954fd996438b8fd035a5c7ffb6f6066,oe:player:aa7b13aaac8ab04283ce9626c6399d0,Goo,Young,0.58099758
NA1/3603640688,2020-10-04,2020,Unknown,10.20,oe:team:33882d595cdafd472dc1ded1b7ee10b,TBA,lineup-445ae0304e94ef49,1,pair-ae08e38dd8f595a5,oe:player:97a03ee352a6f5252f1f93019e992f9,oe:player:aa7b13aaac8ab04283ce9626c6399d0,Cozy,Young,-0.58491994
NA1/3603640688,2020-10-04,2020,Unknown,10.20,oe:team:b99696624afa81613e7c305f10c6b05,Illinois State University,lineup-2c75145e2ab515e3,0,pair-e6b7b20224ab8237,oe:player:4f6099e648bf78004394fdbb56140ee,oe:player:5e0308bd1c4172cd22f7bedcb1119ba,DrewDozer,datdat1,-0.56199812
NA1/3603640688,2020-10-04,2020,Unknown,10.20,oe:team:b99696624afa81613e7c305f10c6b05,Illinois State University,lineup-2c75145e2ab515e3,0,pair-cf414b2cd1b3b693,oe:player:4f6099e648bf78004394fdbb56140ee,oe:player:684880c286f599e706af1f009dd9ae4,DrewDozer,GFP,-0.50595166
NA1/3603640688,2020-10-04,2020,Unknown,10.20,oe:team:b99696624afa81613e7c305f10c6b05,Illinois State University,lineup-2c75145e2ab515e3,0,pair-7b3710b3c73c4b2d,oe:player:4f6099e648bf78004394fdbb56140ee,oe:player:69e8187a8af4c2ca3b95e6027ecfc9b,DrewDozer,Yen,-0.59220577
NA1/3603640688,2020-10-04,2020,Unknown,10.20,oe:team:b99696624afa81613e7c305f10c6b05,Illinois State University,lineup-2c75145e2ab515e3,0,pair-4d935280824c6804,oe:player:4f6099e648bf78004394fdbb56140ee,oe:player:aa3fd3870a04b4f9da9f7e49737f52a,DrewDozer,Tempos,-0.38027317
NA1/3603640688,2020-10-04,2020,Unknown,10.20,oe:team:b99696624afa81613e7c305f10c6b05,Illinois State University,lineup-2c75145e2ab515e3,0,pair-16df56740273fba6,oe:player:5e0308bd1c4172cd22f7bedcb1119ba,oe:player:684880c286f599e706af1f009dd9ae4,datdat1,GFP,-1.03135594
NA1/3603640688,2020-10-04,2020,Unknown,10.20,oe:team:b99696624afa81613e7c305f10c6b05,Illinois State University,lineup-2c75145e2ab515e3,0,pair-c28da33ad0db5076,oe:player:5e0308bd1c4172cd22f7bedcb1119ba,oe:player:69e8187a8af4c2ca3b95e6027ecfc9b,datdat1,Yen,-1.11761005
NA1/3603640688,2020-10-04,2020,Unknown,10.20,oe:team:b99696624afa81613e7c305f10c6b05,Illinois State University,lineup-2c75145e2ab515e3,0,pair-59f0ab20a6349fa2,oe:player:5e0308bd1c4172cd22f7bedcb1119ba,oe:player:aa3fd3870a04b4f9da9f7e49737f52a,datdat1,Tempos,-0.90567745
NA1/3603640688,2020-10-04,2020,Unknown,10.20,oe:team:b99696624afa81613e7c305f10c6b05,Illinois State University,lineup-2c75145e2ab515e3,0,pair-9d2fcd4fc52e8672,oe:player:684880c286f599e706af1f009dd9ae4,oe:player:69e8187a8af4c2ca3b95e6027ecfc9b,GFP,Yen,-1.06156360
NA1/3603640688,2020-10-04,2020,Unknown,10.20,oe:team:b99696624afa81613e7c305f10c6b05,Illinois State University,lineup-2c75145e2ab515e3,0,pair-9c35944c3a43fb03,oe:player:684880c286f599e706af1f009dd9ae4,oe:player:aa3fd3870a04b4f9da9f7e49737f52a,GFP,Tempos,-0.84963100
NA1/3603640688,2020-10-04,2020,Unknown,10.20,oe:team:b99696624afa81613e7c305f10c6b05,Illinois State University,lineup-2c75145e2ab515e3,0,pair-cbca667032bf0894,oe:player:69e8187a8af4c2ca3b95e6027ecfc9b,oe:player:aa3fd3870a04b4f9da9f7e49737f52a,Yen,Tempos,-0.93588511
NA1/3603641144,2020-10-05,2020,Unknown,10.20,name-team-bbf4d270ed871a83,unknown team,lineup-f63fba3c42f623ee,1,pair-8a3311fc1fb9b05e,name-player-d72bd85e71031dbd,oe:player:04013bb5c441bcda958f8621c9e0930,unknown player,PJer,-1.22353012
NA1/3603641144,2020-10-05,2020,Unknown,10.20,name-team-bbf4d270ed871a83,unknown team,lineup-f63fba3c42f623ee,1,pair-b793ab41dc469e21,name-player-d72bd85e71031dbd,oe:player:77c37fc18d1eb4e682253c8716086bd,unknown player,Laurentiu,-0.12754616
NA1/3603641144,2020-10-05,2020,Unknown,10.20,name-team-bbf4d270ed871a83,unknown team,lineup-f63fba3c42f623ee,1,pair-01d9d7be8555f0ad,name-player-d72bd85e71031dbd,oe:player:dd83256af5ca245530d216b14c63cf4,unknown player,Verdict,-0.71354345
NA1/3603641144,2020-10-05,2020,Unknown,10.20,name-team-bbf4d270ed871a83,unknown team,lineup-f63fba3c42f623ee,1,pair-7b8584ec5b38255c,name-player-d72bd85e71031dbd,oe:player:e0c83c2a57ab3f97e5e5def851b8c9d,unknown player,Kedeck,-0.49783577
NA1/3603641144,2020-10-05,2020,Unknown,10.20,name-team-bbf4d270ed871a83,unknown team,lineup-f63fba3c42f623ee,1,pair-f9be97f1e07789de,oe:player:04013bb5c441bcda958f8621c9e0930,oe:player:77c37fc18d1eb4e682253c8716086bd,PJer,Laurentiu,-1.12938048
NA1/3603641144,2020-10-05,2020,Unknown,10.20,name-team-bbf4d270ed871a83,unknown team,lineup-f63fba3c42f623ee,1,pair-10a74bc0433b9800,oe:player:04013bb5c441bcda958f8621c9e0930,oe:player:dd83256af5ca245530d216b14c63cf4,PJer,Verdict,-1.71537777
NA1/3603641144,2020-10-05,2020,Unknown,10.20,name-team-bbf4d270ed871a83,unknown team,lineup-f63fba3c42f623ee,1,pair-12d590a4e0ff257b,oe:player:04013bb5c441bcda958f8621c9e0930,oe:player:e0c83c2a57ab3f97e5e5def851b8c9d,PJer,Kedeck,-1.49967010
NA1/3603641144,2020-10-05,2020,Unknown,10.20,name-team-bbf4d270ed871a83,unknown team,lineup-f63fba3c42f623ee,1,pair-c09c90d75e8d68c6,oe:player:77c37fc18d1eb4e682253c8716086bd,oe:player:dd83256af5ca245530d216b14c63cf4,Laurentiu,Verdict,-0.61939381
NA1/3603641144,2020-10-05,2020,Unknown,10.20,name-team-bbf4d270ed871a83,unknown team,lineup-f63fba3c42f623ee,1,pair-09fa7552c0429c1c,oe:player:77c37fc18d1eb4e682253c8716086bd,oe:player:e0c83c2a57ab3f97e5e5def851b8c9d,Laurentiu,Kedeck,-0.40368614
NA1/3603641144,2020-10-05,2020,Unknown,10.20,name-team-bbf4d270ed871a83,unknown team,lineup-f63fba3c42f623ee,1,pair-96e1547e6d6d31a9,oe:player:dd83256af5ca245530d216b14c63cf4,oe:player:e0c83c2a57ab3f97e5e5def851b8c9d,Verdict,Kedeck,-0.98968342
NA1/3603641144,2020-10-05,2020,Unknown,10.20,oe:team:5774d59075b9be61779abedd5c227c7,University of Texas at Dallas,lineup-92d7d23900c9ad02,0,pair-69ecd79dc6cf3b12,oe:player:15ffba9c994525a1e2bb996783de692,oe:player:2291e1a29406540fce27a3386b57fa5,TreeKangar00,YHL,-1.23652304
NA1/3603641144,2020-10-05,2020,Unknown,10.20,oe:team:5774d59075b9be61779abedd5c227c7,University of Texas at Dallas,lineup-92d7d23900c9ad02,0,pair-375ad09b22764436,oe:player:15ffba9c994525a1e2bb996783de692,oe:player:437867e480006cd0b473d0fe5630696,TreeKangar00,Poofu,-1.30091253
NA1/3603641144,2020-10-05,2020,Unknown,10.20,oe:team:5774d59075b9be61779abedd5c227c7,University of Texas at Dallas,lineup-92d7d23900c9ad02,0,pair-1d95945adc274e43,oe:player:15ffba9c994525a1e2bb996783de692,oe:player:4b7ad6dc26f8eb3ff971505642bb995,TreeKangar00,Lunarly,-1.06635191
NA1/3603641144,2020-10-05,2020,Unknown,10.20,oe:team:5774d59075b9be61779abedd5c227c7,University of Texas at Dallas,lineup-92d7d23900c9ad02,0,pair-f7efda9d91040eb9,oe:player:15ffba9c994525a1e2bb996783de692,oe:player:9cec403b11e51aa74b9787720b3f5fe,TreeKangar00,Good Sir,-1.74760679
NA1/3603641144,2020-10-05,2020,Unknown,10.20,oe:team:5774d59075b9be61779abedd5c227c7,University of Texas at Dallas,lineup-92d7d23900c9ad02,0,pair-52b488004e637e35,oe:player:2291e1a29406540fce27a3386b57fa5,oe:player:437867e480006cd0b473d0fe5630696,YHL,Poofu,-0.95071501
NA1/3603641144,2020-10-05,2020,Unknown,10.20,oe:team:5774d59075b9be61779abedd5c227c7,University of Texas at Dallas,lineup-92d7d23900c9ad02,0,pair-6c0d4ec2fa12703b,oe:player:2291e1a29406540fce27a3386b57fa5,oe:player:4b7ad6dc26f8eb3ff971505642bb995,YHL,Lunarly,-0.71615439
NA1/3603641144,2020-10-05,2020,Unknown,10.20,oe:team:5774d59075b9be61779abedd5c227c7,University of Texas at Dallas,lineup-92d7d23900c9ad02,0,pair-ee95bbffa7d5b1d0,oe:player:2291e1a29406540fce27a3386b57fa5,oe:player:9cec403b11e51aa74b9787720b3f5fe,YHL,Good Sir,-1.39740927
NA1/3603641144,2020-10-05,2020,Unknown,10.20,oe:team:5774d59075b9be61779abedd5c227c7,University of Texas at Dallas,lineup-92d7d23900c9ad02,0,pair-1568e21c20d913d0,oe:player:437867e480006cd0b473d0fe5630696,oe:player:4b7ad6dc26f8eb3ff971505642bb995,Poofu,Lunarly,-0.78054388
NA1/3603641144,2020-10-05,2020,Unknown,10.20,oe:team:5774d59075b9be61779abedd5c227c7,University of Texas at Dallas,lineup-92d7d23900c9ad02,0,pair-85a7a976b612a8a3,oe:player:437867e480006cd0b473d0fe5630696,oe:player:9cec403b11e51aa74b9787720b3f5fe,Poofu,Good Sir,-1.46179876
NA1/3603641144,2020-10-05,2020,Unknown,10.20,oe:team:5774d59075b9be61779abedd5c227c7,University of Texas at Dallas,lineup-92d7d23900c9ad02,0,pair-9de264a238fc0b95,oe:player:4b7ad6dc26f8eb3ff971505642bb995,oe:player:9cec403b11e51aa74b9787720b3f5fe,Lunarly,Good Sir,-1.22723815
NA1/3603660720,2020-10-04,2020,Unknown,10.20,oe:team:333ba9fefa87eda14bd32c5420d7002,Winthrop University,lineup-fe1174db6342832b,0,pair-155ed4557785ce5c,oe:player:06ddb1ce4c3f4952ae6973d4c7ca345,oe:player:250959b1405337b1ccd82f6dd634cb3,Saskio,Haebaragi,-1.33763092
NA1/3603660720,2020-10-04,2020,Unknown,10.20,oe:team:333ba9fefa87eda14bd32c5420d7002,Winthrop University,lineup-fe1174db6342832b,0,pair-62511e3f444e093c,oe:player:06ddb1ce4c3f4952ae6973d4c7ca345,oe:player:339584e5b6ff20add38aa209f78eada,Saskio,Infectrix,-1.12215832
NA1/3603660720,2020-10-04,2020,Unknown,10.20,oe:team:333ba9fefa87eda14bd32c5420d7002,Winthrop University,lineup-fe1174db6342832b,0,pair-66e4882570ae2158,oe:player:06ddb1ce4c3f4952ae6973d4c7ca345,oe:player:41c5f02f8439b36ea5d0d37c7b4a2c4,Saskio,Kenji,-1.09251388
NA1/3603660720,2020-10-04,2020,Unknown,10.20,oe:team:333ba9fefa87eda14bd32c5420d7002,Winthrop University,lineup-fe1174db6342832b,0,pair-e353919d08680fc9,oe:player:06ddb1ce4c3f4952ae6973d4c7ca345,oe:player:afcd3cdcf44e5da63f9e2a3dcb5ba50,Saskio,Doxa,-0.99274228
NA1/3603660720,2020-10-04,2020,Unknown,10.20,oe:team:333ba9fefa87eda14bd32c5420d7002,Winthrop University,lineup-fe1174db6342832b,0,pair-2cd799de1a477aef,oe:player:250959b1405337b1ccd82f6dd634cb3,oe:player:339584e5b6ff20add38aa209f78eada,Haebaragi,Infectrix,-1.41907129
NA1/3603660720,2020-10-04,2020,Unknown,10.20,oe:team:333ba9fefa87eda14bd32c5420d7002,Winthrop University,lineup-fe1174db6342832b,0,pair-7941e99941504ab2,oe:player:250959b1405337b1ccd82f6dd634cb3,oe:player:41c5f02f8439b36ea5d0d37c7b4a2c4,Haebaragi,Kenji,-1.38942685
NA1/3603660720,2020-10-04,2020,Unknown,10.20,oe:team:333ba9fefa87eda14bd32c5420d7002,Winthrop University,lineup-fe1174db6342832b,0,pair-cb6bc019435d0c2b,oe:player:250959b1405337b1ccd82f6dd634cb3,oe:player:afcd3cdcf44e5da63f9e2a3dcb5ba50,Haebaragi,Doxa,-1.28965526
NA1/3603660720,2020-10-04,2020,Unknown,10.20,oe:team:333ba9fefa87eda14bd32c5420d7002,Winthrop University,lineup-fe1174db6342832b,0,pair-abb43b123d7e659e,oe:player:339584e5b6ff20add38aa209f78eada,oe:player:41c5f02f8439b36ea5d0d37c7b4a2c4,Infectrix,Kenji,-1.17395425
NA1/3603660720,2020-10-04,2020,Unknown,10.20,oe:team:333ba9fefa87eda14bd32c5420d7002,Winthrop University,lineup-fe1174db6342832b,0,pair-b873dd38161499b9,oe:player:339584e5b6ff20add38aa209f78eada,oe:player:afcd3cdcf44e5da63f9e2a3dcb5ba50,Infectrix,Doxa,-1.07418265
NA1/3603660720,2020-10-04,2020,Unknown,10.20,oe:team:333ba9fefa87eda14bd32c5420d7002,Winthrop University,lineup-fe1174db6342832b,0,pair-00b1b5bcd5e48281,oe:player:41c5f02f8439b36ea5d0d37c7b4a2c4,oe:player:afcd3cdcf44e5da63f9e2a3dcb5ba50,Kenji,Doxa,-1.04453821
NA1/3603660720,2020-10-04,2020,Unknown,10.20,oe:team:d83bffd1eb6ab4fc8b58abb3e646d48,Just Randoms,lineup-dcf4c3b5a7ecd9b2,1,pair-4be452c1509b22e5,oe:player:07d1c57ec273126c65dbd1197abdb47,oe:player:8a25863fe5045bb08949998a2c39329,Pockus,Kyle,-0.60459095
NA1/3603660720,2020-10-04,2020,Unknown,10.20,oe:team:d83bffd1eb6ab4fc8b58abb3e646d48,Just Randoms,lineup-dcf4c3b5a7ecd9b2,1,pair-a7b89ce4521a6d08,oe:player:07d1c57ec273126c65dbd1197abdb47,oe:player:8b7b362f0be0a35dc80ea775ea19cb7,Pockus,Chim,-0.69825462
NA1/3603660720,2020-10-04,2020,Unknown,10.20,oe:team:d83bffd1eb6ab4fc8b58abb3e646d48,Just Randoms,lineup-dcf4c3b5a7ecd9b2,1,pair-b5debae083a8abdb,oe:player:07d1c57ec273126c65dbd1197abdb47,oe:player:a88f9b1cfb0beebb9aee272513500a6,Pockus,Hyper,-0.17889878
NA1/3603660720,2020-10-04,2020,Unknown,10.20,oe:team:d83bffd1eb6ab4fc8b58abb3e646d48,Just Randoms,lineup-dcf4c3b5a7ecd9b2,1,pair-adcf66fbf2d1d878,oe:player:07d1c57ec273126c65dbd1197abdb47,oe:player:df4f91120caa080682bf595c5f7f2d3,Pockus,CptShrimps,-1.09948780
NA1/3603660720,2020-10-04,2020,Unknown,10.20,oe:team:d83bffd1eb6ab4fc8b58abb3e646d48,Just Randoms,lineup-dcf4c3b5a7ecd9b2,1,pair-fc69e88c01448085,oe:player:8a25863fe5045bb08949998a2c39329,oe:player:8b7b362f0be0a35dc80ea775ea19cb7,Kyle,Chim,-0.18773998
NA1/3603660720,2020-10-04,2020,Unknown,10.20,oe:team:d83bffd1eb6ab4fc8b58abb3e646d48,Just Randoms,lineup-dcf4c3b5a7ecd9b2,1,pair-a3f3e0f54d8bc3d8,oe:player:8a25863fe5045bb08949998a2c39329,oe:player:a88f9b1cfb0beebb9aee272513500a6,Kyle,Hyper,0.33161587
NA1/3603660720,2020-10-04,2020,Unknown,10.20,oe:team:d83bffd1eb6ab4fc8b58abb3e646d48,Just Randoms,lineup-dcf4c3b5a7ecd9b2,1,pair-05306a35603592b7,oe:player:8a25863fe5045bb08949998a2c39329,oe:player:df4f91120caa080682bf595c5f7f2d3,Kyle,CptShrimps,-0.58897315
NA1/3603660720,2020-10-04,2020,Unknown,10.20,oe:team:d83bffd1eb6ab4fc8b58abb3e646d48,Just Randoms,lineup-dcf4c3b5a7ecd9b2,1,pair-66539e7d0252cab2,oe:player:8b7b362f0be0a35dc80ea775ea19cb7,oe:player:a88f9b1cfb0beebb9aee272513500a6,Chim,Hyper,0.23795220
NA1/3603660720,2020-10-04,2020,Unknown,10.20,oe:team:d83bffd1eb6ab4fc8b58abb3e646d48,Just Randoms,lineup-dcf4c3b5a7ecd9b2,1,pair-c3059622e5e4e1b6,oe:player:8b7b362f0be0a35dc80ea775ea19cb7,oe:player:df4f91120caa080682bf595c5f7f2d3,Chim,CptShrimps,-0.68263682
NA1/3603660720,2020-10-04,2020,Unknown,10.20,oe:team:d83bffd1eb6ab4fc8b58abb3e646d48,Just Randoms,lineup-dcf4c3b5a7ecd9b2,1,pair-1e1caf4689451ec1,oe:player:a88f9b1cfb0beebb9aee272513500a6,oe:player:df4f91120caa080682bf595c5f7f2d3,Hyper,CptShrimps,-0.16328098
NA1/3603660752,2020-10-04,2020,Unknown,10.20,oe:team:4c87a422072b2c1e754299a17ea36ce,Grand View University,lineup-b9f033f53055dd70,0,pair-a48e66d4e6f09d43,oe:player:0efcbda713dd493e977b0741f41f87c,oe:player:3062a9edba61382db75add4b3fe0eea,Koskinen,Disconnector,-0.44088171
NA1/3603660752,2020-10-04,2020,Unknown,10.20,oe:team:4c87a422072b2c1e754299a17ea36ce,Grand View University,lineup-b9f033f53055dd70,0,pair-6ec756ca3ea33462,oe:player:0efcbda713dd493e977b0741f41f87c,oe:player:98cba6472d95ae606a9ae863cfa5023,Koskinen,P1atypus,-0.28460270
NA1/3603660752,2020-10-04,2020,Unknown,10.20,oe:team:4c87a422072b2c1e754299a17ea36ce,Grand View University,lineup-b9f033f53055dd70,0,pair-56d8fe79eca48216,oe:player:0efcbda713dd493e977b0741f41f87c,oe:player:d778769103b62e1222414cd182c4e25,Koskinen,Chookies,-0.43977207
NA1/3603660752,2020-10-04,2020,Unknown,10.20,oe:team:4c87a422072b2c1e754299a17ea36ce,Grand View University,lineup-b9f033f53055dd70,0,pair-0b6b6256fde17fd6,oe:player:0efcbda713dd493e977b0741f41f87c,oe:player:e57ef5f8ab42a0364a11b50f2a86b81,Koskinen,ShorterACE,0.12149981
NA1/3603660752,2020-10-04,2020,Unknown,10.20,oe:team:4c87a422072b2c1e754299a17ea36ce,Grand View University,lineup-b9f033f53055dd70,0,pair-25734d3f9bd4b68a,oe:player:3062a9edba61382db75add4b3fe0eea,oe:player:98cba6472d95ae606a9ae863cfa5023,Disconnector,P1atypus,-0.35113405
NA1/3603660752,2020-10-04,2020,Unknown,10.20,oe:team:4c87a422072b2c1e754299a17ea36ce,Grand View University,lineup-b9f033f53055dd70,0,pair-0161e3668a2d110b,oe:player:3062a9edba61382db75add4b3fe0eea,oe:player:d778769103b62e1222414cd182c4e25,Disconnector,Chookies,-0.50630342
NA1/3603660752,2020-10-04,2020,Unknown,10.20,oe:team:4c87a422072b2c1e754299a17ea36ce,Grand View University,lineup-b9f033f53055dd70,0,pair-5a514e7a7c2ae687,oe:player:3062a9edba61382db75add4b3fe0eea,oe:player:e57ef5f8ab42a0364a11b50f2a86b81,Disconnector,ShorterACE,0.05496846
NA1/3603660752,2020-10-04,2020,Unknown,10.20,oe:team:4c87a422072b2c1e754299a17ea36ce,Grand View University,lineup-b9f033f53055dd70,0,pair-559ca1ca127ad6fb,oe:player:98cba6472d95ae606a9ae863cfa5023,oe:player:d778769103b62e1222414cd182c4e25,P1atypus,Chookies,-0.35002441
NA1/3603660752,2020-10-04,2020,Unknown,10.20,oe:team:4c87a422072b2c1e754299a17ea36ce,Grand View University,lineup-b9f033f53055dd70,0,pair-729d7216755bc50c,oe:player:98cba6472d95ae606a9ae863cfa5023,oe:player:e57ef5f8ab42a0364a11b50f2a86b81,P1atypus,ShorterACE,0.21124747
NA1/3603660752,2020-10-04,2020,Unknown,10.20,oe:team:4c87a422072b2c1e754299a17ea36ce,Grand View University,lineup-b9f033f53055dd70,0,pair-711133f6e62b011f,oe:player:d778769103b62e1222414cd182c4e25,oe:player:e57ef5f8ab42a0364a11b50f2a86b81,Chookies,ShorterACE,0.05607811
NA1/3603660752,2020-10-04,2020,Unknown,10.20,oe:team:bfd1bba6235971993e82d51e679a34a,Zenith Esports,lineup-fe132b6f7f62fe09,1,pair-7e7e09f613033d58,oe:player:6f10a2717479aea87d996e2989d4dd5,oe:player:b1608dc23a218a150a431be676f3fe4,Aspect,RoseThorn,0.59671039
NA1/3603660752,2020-10-04,2020,Unknown,10.20,oe:team:bfd1bba6235971993e82d51e679a34a,Zenith Esports,lineup-fe132b6f7f62fe09,1,pair-a849eb41cc7bf45a,oe:player:6f10a2717479aea87d996e2989d4dd5,oe:player:b290ece1cdd4fca4794af2d5cf86ef7,Aspect,Gible,0.57073121
NA1/3603660752,2020-10-04,2020,Unknown,10.20,oe:team:bfd1bba6235971993e82d51e679a34a,Zenith Esports,lineup-fe132b6f7f62fe09,1,pair-cd8afdc259a850f0,oe:player:6f10a2717479aea87d996e2989d4dd5,oe:player:b57dad2e02488237bab9f06f7bb9f54,Aspect,Danny,-0.12954396
NA1/3603660752,2020-10-04,2020,Unknown,10.20,oe:team:bfd1bba6235971993e82d51e679a34a,Zenith Esports,lineup-fe132b6f7f62fe09,1,pair-50f92487c4a9576a,oe:player:6f10a2717479aea87d996e2989d4dd5,oe:player:c9fe742896cf95349db15b35ec262e1,Aspect,Mist,0.36508584
NA1/3603660752,2020-10-04,2020,Unknown,10.20,oe:team:bfd1bba6235971993e82d51e679a34a,Zenith Esports,lineup-fe132b6f7f62fe09,1,pair-b298b9545fdb8298,oe:player:b1608dc23a218a150a431be676f3fe4,oe:player:b290ece1cdd4fca4794af2d5cf86ef7,RoseThorn,Gible,0.89166477
NA1/3603660752,2020-10-04,2020,Unknown,10.20,oe:team:bfd1bba6235971993e82d51e679a34a,Zenith Esports,lineup-fe132b6f7f62fe09,1,pair-afcd103e47ea3e41,oe:player:b1608dc23a218a150a431be676f3fe4,oe:player:b57dad2e02488237bab9f06f7bb9f54,RoseThorn,Danny,0.19138960
NA1/3603660752,2020-10-04,2020,Unknown,10.20,oe:team:bfd1bba6235971993e82d51e679a34a,Zenith Esports,lineup-fe132b6f7f62fe09,1,pair-0806d31bfc7478de,oe:player:b1608dc23a218a150a431be676f3fe4,oe:player:c9fe742896cf95349db15b35ec262e1,RoseThorn,Mist,0.68601940
NA1/3603660752,2020-10-04,2020,Unknown,10.20,oe:team:bfd1bba6235971993e82d51e679a34a,Zenith Esports,lineup-fe132b6f7f62fe09,1,pair-6f4f6f2eb880eb26,oe:player:b290ece1cdd4fca4794af2d5cf86ef7,oe:player:b57dad2e02488237bab9f06f7bb9f54,Gible,Danny,0.16541042
NA1/3603660752,2020-10-04,2020,Unknown,10.20,oe:team:bfd1bba6235971993e82d51e679a34a,Zenith Esports,lineup-fe132b6f7f62fe09,1,pair-654962643c4fb097,oe:player:b290ece1cdd4fca4794af2d5cf86ef7,oe:player:c9fe742896cf95349db15b35ec262e1,Gible,Mist,0.66004023
NA1/3603660752,2020-10-04,2020,Unknown,10.20,oe:team:bfd1bba6235971993e82d51e679a34a,Zenith Esports,lineup-fe132b6f7f62fe09,1,pair-d4c138a32bc8ffb5,oe:player:b57dad2e02488237bab9f06f7bb9f54,oe:player:c9fe742896cf95349db15b35ec262e1,Danny,Mist,-0.04023495
NA1/3603661035,2020-10-05,2020,Unknown,10.20,oe:team:4c87a422072b2c1e754299a17ea36ce,Grand View University,lineup-b9f033f53055dd70,0,pair-a48e66d4e6f09d43,oe:player:0efcbda713dd493e977b0741f41f87c,oe:player:3062a9edba61382db75add4b3fe0eea,Koskinen,Disconnector,-0.42986028
NA1/3603661035,2020-10-05,2020,Unknown,10.20,oe:team:4c87a422072b2c1e754299a17ea36ce,Grand View University,lineup-b9f033f53055dd70,0,pair-6ec756ca3ea33462,oe:player:0efcbda713dd493e977b0741f41f87c,oe:player:98cba6472d95ae606a9ae863cfa5023,Koskinen,P1atypus,-0.70077298
NA1/3603661035,2020-10-05,2020,Unknown,10.20,oe:team:4c87a422072b2c1e754299a17ea36ce,Grand View University,lineup-b9f033f53055dd70,0,pair-56d8fe79eca48216,oe:player:0efcbda713dd493e977b0741f41f87c,oe:player:d778769103b62e1222414cd182c4e25,Koskinen,Chookies,-0.27860501
NA1/3603661035,2020-10-05,2020,Unknown,10.20,oe:team:4c87a422072b2c1e754299a17ea36ce,Grand View University,lineup-b9f033f53055dd70,0,pair-0b6b6256fde17fd6,oe:player:0efcbda713dd493e977b0741f41f87c,oe:player:e57ef5f8ab42a0364a11b50f2a86b81,Koskinen,ShorterACE,1.12944999
NA1/3603661035,2020-10-05,2020,Unknown,10.20,oe:team:4c87a422072b2c1e754299a17ea36ce,Grand View University,lineup-b9f033f53055dd70,0,pair-25734d3f9bd4b68a,oe:player:3062a9edba61382db75add4b3fe0eea,oe:player:98cba6472d95ae606a9ae863cfa5023,Disconnector,P1atypus,-0.29063307
NA1/3603661035,2020-10-05,2020,Unknown,10.20,oe:team:4c87a422072b2c1e754299a17ea36ce,Grand View University,lineup-b9f033f53055dd70,0,pair-0161e3668a2d110b,oe:player:3062a9edba61382db75add4b3fe0eea,oe:player:d778769103b62e1222414cd182c4e25,Disconnector,Chookies,0.13153490
NA1/3603661035,2020-10-05,2020,Unknown,10.20,oe:team:4c87a422072b2c1e754299a17ea36ce,Grand View University,lineup-b9f033f53055dd70,0,pair-5a514e7a7c2ae687,oe:player:3062a9edba61382db75add4b3fe0eea,oe:player:e57ef5f8ab42a0364a11b50f2a86b81,Disconnector,ShorterACE,1.53958990
NA1/3603661035,2020-10-05,2020,Unknown,10.20,oe:team:4c87a422072b2c1e754299a17ea36ce,Grand View University,lineup-b9f033f53055dd70,0,pair-559ca1ca127ad6fb,oe:player:98cba6472d95ae606a9ae863cfa5023,oe:player:d778769103b62e1222414cd182c4e25,P1atypus,Chookies,-0.13937780
NA1/3603661035,2020-10-05,2020,Unknown,10.20,oe:team:4c87a422072b2c1e754299a17ea36ce,Grand View University,lineup-b9f033f53055dd70,0,pair-729d7216755bc50c,oe:player:98cba6472d95ae606a9ae863cfa5023,oe:player:e57ef5f8ab42a0364a11b50f2a86b81,P1atypus,ShorterACE,1.26867720
NA1/3603661035,2020-10-05,2020,Unknown,10.20,oe:team:4c87a422072b2c1e754299a17ea36ce,Grand View University,lineup-b9f033f53055dd70,0,pair-711133f6e62b011f,oe:player:d778769103b62e1222414cd182c4e25,oe:player:e57ef5f8ab42a0364a11b50f2a86b81,Chookies,ShorterACE,1.69084517
NA1/3603661035,2020-10-05,2020,Unknown,10.20,oe:team:bfd1bba6235971993e82d51e679a34a,Zenith Esports,lineup-fe132b6f7f62fe09,1,pair-7e7e09f613033d58,oe:player:6f10a2717479aea87d996e2989d4dd5,oe:player:b1608dc23a218a150a431be676f3fe4,Aspect,RoseThorn,0.58583979
NA1/3603661035,2020-10-05,2020,Unknown,10.20,oe:team:bfd1bba6235971993e82d51e679a34a,Zenith Esports,lineup-fe132b6f7f62fe09,1,pair-a849eb41cc7bf45a,oe:player:6f10a2717479aea87d996e2989d4dd5,oe:player:b290ece1cdd4fca4794af2d5cf86ef7,Aspect,Gible,0.48558618
NA1/3603661035,2020-10-05,2020,Unknown,10.20,oe:team:bfd1bba6235971993e82d51e679a34a,Zenith Esports,lineup-fe132b6f7f62fe09,1,pair-cd8afdc259a850f0,oe:player:6f10a2717479aea87d996e2989d4dd5,oe:player:b57dad2e02488237bab9f06f7bb9f54,Aspect,Danny,0.62707860
NA1/3603661035,2020-10-05,2020,Unknown,10.20,oe:team:bfd1bba6235971993e82d51e679a34a,Zenith Esports,lineup-fe132b6f7f62fe09,1,pair-50f92487c4a9576a,oe:player:6f10a2717479aea87d996e2989d4dd5,oe:player:c9fe742896cf95349db15b35ec262e1,Aspect,Mist,0.75584101
NA1/3603661035,2020-10-05,2020,Unknown,10.20,oe:team:bfd1bba6235971993e82d51e679a34a,Zenith Esports,lineup-fe132b6f7f62fe09,1,pair-b298b9545fdb8298,oe:player:b1608dc23a218a150a431be676f3fe4,oe:player:b290ece1cdd4fca4794af2d5cf86ef7,RoseThorn,Gible,0.08923369
NA1/3603661035,2020-10-05,2020,Unknown,10.20,oe:team:bfd1bba6235971993e82d51e679a34a,Zenith Esports,lineup-fe132b6f7f62fe09,1,pair-afcd103e47ea3e41,oe:player:b1608dc23a218a150a431be676f3fe4,oe:player:b57dad2e02488237bab9f06f7bb9f54,RoseThorn,Danny,0.23072610
NA1/3603661035,2020-10-05,2020,Unknown,10.20,oe:team:bfd1bba6235971993e82d51e679a34a,Zenith Esports,lineup-fe132b6f7f62fe09,1,pair-0806d31bfc7478de,oe:player:b1608dc23a218a150a431be676f3fe4,oe:player:c9fe742896cf95349db15b35ec262e1,RoseThorn,Mist,0.35948851
NA1/3603661035,2020-10-05,2020,Unknown,10.20,oe:team:bfd1bba6235971993e82d51e679a34a,Zenith Esports,lineup-fe132b6f7f62fe09,1,pair-6f4f6f2eb880eb26,oe:player:b290ece1cdd4fca4794af2d5cf86ef7,oe:player:b57dad2e02488237bab9f06f7bb9f54,Gible,Danny,0.13047249
NA1/3603661035,2020-10-05,2020,Unknown,10.20,oe:team:bfd1bba6235971993e82d51e679a34a,Zenith Esports,lineup-fe132b6f7f62fe09,1,pair-654962643c4fb097,oe:player:b290ece1cdd4fca4794af2d5cf86ef7,oe:player:c9fe742896cf95349db15b35ec262e1,Gible,Mist,0.25923491
NA1/3603661035,2020-10-05,2020,Unknown,10.20,oe:team:bfd1bba6235971993e82d51e679a34a,Zenith Esports,lineup-fe132b6f7f62fe09,1,pair-d4c138a32bc8ffb5,oe:player:b57dad2e02488237bab9f06f7bb9f54,oe:player:c9fe742896cf95349db15b35ec262e1,Danny,Mist,0.40072732
NA1/3603750712,2020-10-05,2020,Unknown,10.20,oe:team:333ba9fefa87eda14bd32c5420d7002,Winthrop University,lineup-fe1174db6342832b,0,pair-155ed4557785ce5c,oe:player:06ddb1ce4c3f4952ae6973d4c7ca345,oe:player:250959b1405337b1ccd82f6dd634cb3,Saskio,Haebaragi,-0.89073947
NA1/3603750712,2020-10-05,2020,Unknown,10.20,oe:team:333ba9fefa87eda14bd32c5420d7002,Winthrop University,lineup-fe1174db6342832b,0,pair-62511e3f444e093c,oe:player:06ddb1ce4c3f4952ae6973d4c7ca345,oe:player:339584e5b6ff20add38aa209f78eada,Saskio,Infectrix,-0.84450737
NA1/3603750712,2020-10-05,2020,Unknown,10.20,oe:team:333ba9fefa87eda14bd32c5420d7002,Winthrop University,lineup-fe1174db6342832b,0,pair-66e4882570ae2158,oe:player:06ddb1ce4c3f4952ae6973d4c7ca345,oe:player:41c5f02f8439b36ea5d0d37c7b4a2c4,Saskio,Kenji,-0.31320007
NA1/3603750712,2020-10-05,2020,Unknown,10.20,oe:team:333ba9fefa87eda14bd32c5420d7002,Winthrop University,lineup-fe1174db6342832b,0,pair-e353919d08680fc9,oe:player:06ddb1ce4c3f4952ae6973d4c7ca345,oe:player:afcd3cdcf44e5da63f9e2a3dcb5ba50,Saskio,Doxa,0.28469896
NA1/3603750712,2020-10-05,2020,Unknown,10.20,oe:team:333ba9fefa87eda14bd32c5420d7002,Winthrop University,lineup-fe1174db6342832b,0,pair-2cd799de1a477aef,oe:player:250959b1405337b1ccd82f6dd634cb3,oe:player:339584e5b6ff20add38aa209f78eada,Haebaragi,Infectrix,-1.43466289
NA1/3603750712,2020-10-05,2020,Unknown,10.20,oe:team:333ba9fefa87eda14bd32c5420d7002,Winthrop University,lineup-fe1174db6342832b,0,pair-7941e99941504ab2,oe:player:250959b1405337b1ccd82f6dd634cb3,oe:player:41c5f02f8439b36ea5d0d37c7b4a2c4,Haebaragi,Kenji,-0.90335559
NA1/3603750712,2020-10-05,2020,Unknown,10.20,oe:team:333ba9fefa87eda14bd32c5420d7002,Winthrop University,lineup-fe1174db6342832b,0,pair-cb6bc019435d0c2b,oe:player:250959b1405337b1ccd82f6dd634cb3,oe:player:afcd3cdcf44e5da63f9e2a3dcb5ba50,Haebaragi,Doxa,-0.30545656
NA1/3603750712,2020-10-05,2020,Unknown,10.20,oe:team:333ba9fefa87eda14bd32c5420d7002,Winthrop University,lineup-fe1174db6342832b,0,pair-abb43b123d7e659e,oe:player:339584e5b6ff20add38aa209f78eada,oe:player:41c5f02f8439b36ea5d0d37c7b4a2c4,Infectrix,Kenji,-0.85712349
NA1/3603750712,2020-10-05,2020,Unknown,10.20,oe:team:333ba9fefa87eda14bd32c5420d7002,Winthrop University,lineup-fe1174db6342832b,0,pair-b873dd38161499b9,oe:player:339584e5b6ff20add38aa209f78eada,oe:player:afcd3cdcf44e5da63f9e2a3dcb5ba50,Infectrix,Doxa,-0.25922446
NA1/3603750712,2020-10-05,2020,Unknown,10.20,oe:team:333ba9fefa87eda14bd32c5420d7002,Winthrop University,lineup-fe1174db6342832b,0,pair-00b1b5bcd5e48281,oe:player:41c5f02f8439b36ea5d0d37c7b4a2c4,oe:player:afcd3cdcf44e5da63f9e2a3dcb5ba50,Kenji,Doxa,0.27208284
NA1/3603750712,2020-10-05,2020,Unknown,10.20,oe:team:d83bffd1eb6ab4fc8b58abb3e646d48,Just Randoms,lineup-dcf4c3b5a7ecd9b2,1,pair-4be452c1509b22e5,oe:player:07d1c57ec273126c65dbd1197abdb47,oe:player:8a25863fe5045bb08949998a2c39329,Pockus,Kyle,0.60657937
NA1/3603750712,2020-10-05,2020,Unknown,10.20,oe:team:d83bffd1eb6ab4fc8b58abb3e646d48,Just Randoms,lineup-dcf4c3b5a7ecd9b2,1,pair-a7b89ce4521a6d08,oe:player:07d1c57ec273126c65dbd1197abdb47,oe:player:8b7b362f0be0a35dc80ea775ea19cb7,Pockus,Chim,1.10025010
NA1/3603750712,2020-10-05,2020,Unknown,10.20,oe:team:d83bffd1eb6ab4fc8b58abb3e646d48,Just Randoms,lineup-dcf4c3b5a7ecd9b2,1,pair-b5debae083a8abdb,oe:player:07d1c57ec273126c65dbd1197abdb47,oe:player:a88f9b1cfb0beebb9aee272513500a6,Pockus,Hyper,0.70398208
NA1/3603750712,2020-10-05,2020,Unknown,10.20,oe:team:d83bffd1eb6ab4fc8b58abb3e646d48,Just Randoms,lineup-dcf4c3b5a7ecd9b2,1,pair-adcf66fbf2d1d878,oe:player:07d1c57ec273126c65dbd1197abdb47,oe:player:df4f91120caa080682bf595c5f7f2d3,Pockus,CptShrimps,0.87306369
NA1/3603750712,2020-10-05,2020,Unknown,10.20,oe:team:d83bffd1eb6ab4fc8b58abb3e646d48,Just Randoms,lineup-dcf4c3b5a7ecd9b2,1,pair-fc69e88c01448085,oe:player:8a25863fe5045bb08949998a2c39329,oe:player:8b7b362f0be0a35dc80ea775ea19cb7,Kyle,Chim,0.68779651
NA1/3603750712,2020-10-05,2020,Unknown,10.20,oe:team:d83bffd1eb6ab4fc8b58abb3e646d48,Just Randoms,lineup-dcf4c3b5a7ecd9b2,1,pair-a3f3e0f54d8bc3d8,oe:player:8a25863fe5045bb08949998a2c39329,oe:player:a88f9b1cfb0beebb9aee272513500a6,Kyle,Hyper,0.29152849
NA1/3603750712,2020-10-05,2020,Unknown,10.20,oe:team:d83bffd1eb6ab4fc8b58abb3e646d48,Just Randoms,lineup-dcf4c3b5a7ecd9b2,1,pair-05306a35603592b7,oe:player:8a25863fe5045bb08949998a2c39329,oe:player:df4f91120caa080682bf595c5f7f2d3,Kyle,CptShrimps,0.46061010
NA1/3603750712,2020-10-05,2020,Unknown,10.20,oe:team:d83bffd1eb6ab4fc8b58abb3e646d48,Just Randoms,lineup-dcf4c3b5a7ecd9b2,1,pair-66539e7d0252cab2,oe:player:8b7b362f0be0a35dc80ea775ea19cb7,oe:player:a88f9b1cfb0beebb9aee272513500a6,Chim,Hyper,0.78519922
NA1/3603750712,2020-10-05,2020,Unknown,10.20,oe:team:d83bffd1eb6ab4fc8b58abb3e646d48,Just Randoms,lineup-dcf4c3b5a7ecd9b2,1,pair-c3059622e5e4e1b6,oe:player:8b7b362f0be0a35dc80ea775ea19cb7,oe:player:df4f91120caa080682bf595c5f7f2d3,Chim,CptShrimps,0.95428083
NA1/3603750712,2020-10-05,2020,Unknown,10.20,oe:team:d83bffd1eb6ab4fc8b58abb3e646d48,Just Randoms,lineup-dcf4c3b5a7ecd9b2,1,pair-1e1caf4689451ec1,oe:player:a88f9b1cfb0beebb9aee272513500a6,oe:player:df4f91120caa080682bf595c5f7f2d3,Hyper,CptShrimps,0.55801281
NA1/3609222897,2020-10-10,2020,Unknown,10.20,oe:team:01a3132448697cecc30364f52173670,Team Fish Taco,lineup-1caf4b8e1e611a18,1,pair-ec487c66384c64ac,oe:player:1b7d720f9421df848050c33fbec3700,oe:player:2f8d775625d7bc8069ae313c9b2efbe,Qwacker,Gbunny,2.27807635
NA1/3609222897,2020-10-10,2020,Unknown,10.20,oe:team:01a3132448697cecc30364f52173670,Team Fish Taco,lineup-1caf4b8e1e611a18,1,pair-263f485fd400ec86,oe:player:1b7d720f9421df848050c33fbec3700,oe:player:a2b6b12931613f5bf1d12c8b10fe86a,Qwacker,Activeforce5,1.78040595
NA1/3609222897,2020-10-10,2020,Unknown,10.20,oe:team:01a3132448697cecc30364f52173670,Team Fish Taco,lineup-1caf4b8e1e611a18,1,pair-a6818bf4e777e293,oe:player:1b7d720f9421df848050c33fbec3700,oe:player:ac6c8ea090678bb181b8004e3efd830,Qwacker,Nightstar,2.78828861
NA1/3609222897,2020-10-10,2020,Unknown,10.20,oe:team:01a3132448697cecc30364f52173670,Team Fish Taco,lineup-1caf4b8e1e611a18,1,pair-2b31843988b6e9a9,oe:player:1b7d720f9421df848050c33fbec3700,oe:player:fc76a68e99896582334ae980a263e92,Qwacker,Ascent,1.71686154
NA1/3609222897,2020-10-10,2020,Unknown,10.20,oe:team:01a3132448697cecc30364f52173670,Team Fish Taco,lineup-1caf4b8e1e611a18,1,pair-9bd1952704ed566e,oe:player:2f8d775625d7bc8069ae313c9b2efbe,oe:player:a2b6b12931613f5bf1d12c8b10fe86a,Gbunny,Activeforce5,0.84177584
NA1/3609222897,2020-10-10,2020,Unknown,10.20,oe:team:01a3132448697cecc30364f52173670,Team Fish Taco,lineup-1caf4b8e1e611a18,1,pair-c17e232bbb031fab,oe:player:2f8d775625d7bc8069ae313c9b2efbe,oe:player:ac6c8ea090678bb181b8004e3efd830,Gbunny,Nightstar,1.84965850
NA1/3609222897,2020-10-10,2020,Unknown,10.20,oe:team:01a3132448697cecc30364f52173670,Team Fish Taco,lineup-1caf4b8e1e611a18,1,pair-eb0a5381e6fcd85c,oe:player:2f8d775625d7bc8069ae313c9b2efbe,oe:player:fc76a68e99896582334ae980a263e92,Gbunny,Ascent,0.77823143
NA1/3609222897,2020-10-10,2020,Unknown,10.20,oe:team:01a3132448697cecc30364f52173670,Team Fish Taco,lineup-1caf4b8e1e611a18,1,pair-30d3c3a473841bc6,oe:player:a2b6b12931613f5bf1d12c8b10fe86a,oe:player:ac6c8ea090678bb181b8004e3efd830,Activeforce5,Nightstar,1.35198810
NA1/3609222897,2020-10-10,2020,Unknown,10.20,oe:team:01a3132448697cecc30364f52173670,Team Fish Taco,lineup-1caf4b8e1e611a18,1,pair-d16e41cf9cb84809,oe:player:a2b6b12931613f5bf1d12c8b10fe86a,oe:player:fc76a68e99896582334ae980a263e92,Activeforce5,Ascent,0.28056103
NA1/3609222897,2020-10-10,2020,Unknown,10.20,oe:team:01a3132448697cecc30364f52173670,Team Fish Taco,lineup-1caf4b8e1e611a18,1,pair-c4a1bf757810c465,oe:player:ac6c8ea090678bb181b8004e3efd830,oe:player:fc76a68e99896582334ae980a263e92,Nightstar,Ascent,1.28844369
NA1/3609222897,2020-10-10,2020,Unknown,10.20,oe:team:7e2401900a9756d56a10b66590357fe,Dark Allegiance,lineup-23202622759e2b21,0,pair-5e028197501a0641,oe:player:28dc6796156fb243fc619681c680242,oe:player:4094cdb5b4ce1bd12736df16912a49e,Good Boi,Mekhio,1.64102689
NA1/3609222897,2020-10-10,2020,Unknown,10.20,oe:team:7e2401900a9756d56a10b66590357fe,Dark Allegiance,lineup-23202622759e2b21,0,pair-dcb70ac747d5f3b3,oe:player:28dc6796156fb243fc619681c680242,oe:player:4b8fa1ed371220801e5d3083359b63e,Good Boi,Enigma,1.48038995
NA1/3609222897,2020-10-10,2020,Unknown,10.20,oe:team:7e2401900a9756d56a10b66590357fe,Dark Allegiance,lineup-23202622759e2b21,0,pair-6868900a5544fa09,oe:player:28dc6796156fb243fc619681c680242,oe:player:e6ae8c3fc74814cd25df5e3da9347d1,Good Boi,Best Poutine QC,1.75609422
NA1/3609222897,2020-10-10,2020,Unknown,10.20,oe:team:7e2401900a9756d56a10b66590357fe,Dark Allegiance,lineup-23202622759e2b21,0,pair-72ec6c49281865ba,oe:player:28dc6796156fb243fc619681c680242,oe:player:fd63d76c390835d150b487e0326a033,Good Boi,petitpois,1.84893089
NA1/3609222897,2020-10-10,2020,Unknown,10.20,oe:team:7e2401900a9756d56a10b66590357fe,Dark Allegiance,lineup-23202622759e2b21,0,pair-276a3c75b9970cd1,oe:player:4094cdb5b4ce1bd12736df16912a49e,oe:player:4b8fa1ed371220801e5d3083359b63e,Mekhio,Enigma,0.50036161
NA1/3609222897,2020-10-10,2020,Unknown,10.20,oe:team:7e2401900a9756d56a10b66590357fe,Dark Allegiance,lineup-23202622759e2b21,0,pair-23553e563e922584,oe:player:4094cdb5b4ce1bd12736df16912a49e,oe:player:e6ae8c3fc74814cd25df5e3da9347d1,Mekhio,Best Poutine QC,0.77606587
NA1/3609222897,2020-10-10,2020,Unknown,10.20,oe:team:7e2401900a9756d56a10b66590357fe,Dark Allegiance,lineup-23202622759e2b21,0,pair-2a6159e23fa6703b,oe:player:4094cdb5b4ce1bd12736df16912a49e,oe:player:fd63d76c390835d150b487e0326a033,Mekhio,petitpois,0.86890255
NA1/3609222897,2020-10-10,2020,Unknown,10.20,oe:team:7e2401900a9756d56a10b66590357fe,Dark Allegiance,lineup-23202622759e2b21,0,pair-23b1ad10455ef6fb,oe:player:4b8fa1ed371220801e5d3083359b63e,oe:player:e6ae8c3fc74814cd25df5e3da9347d1,Enigma,Best Poutine QC,0.61542894
NA1/3609222897,2020-10-10,2020,Unknown,10.20,oe:team:7e2401900a9756d56a10b66590357fe,Dark Allegiance,lineup-23202622759e2b21,0,pair-e7b19738d5a2bb74,oe:player:4b8fa1ed371220801e5d3083359b63e,oe:player:fd63d76c390835d150b487e0326a033,Enigma,petitpois,0.70826561
NA1/3609222897,2020-10-10,2020,Unknown,10.20,oe:team:7e2401900a9756d56a10b66590357fe,Dark Allegiance,lineup-23202622759e2b21,0,pair-387405edd23ba50a,oe:player:e6ae8c3fc74814cd25df5e3da9347d1,oe:player:fd63d76c390835d150b487e0326a033,Best Poutine QC,petitpois,0.98396988
NA1/3609223174,2020-10-10,2020,Unknown,10.20,oe:team:01a3132448697cecc30364f52173670,Team Fish Taco,lineup-1caf4b8e1e611a18,0,pair-ec487c66384c64ac,oe:player:1b7d720f9421df848050c33fbec3700,oe:player:2f8d775625d7bc8069ae313c9b2efbe,Qwacker,Gbunny,0.86389396
NA1/3609223174,2020-10-10,2020,Unknown,10.20,oe:team:01a3132448697cecc30364f52173670,Team Fish Taco,lineup-1caf4b8e1e611a18,0,pair-263f485fd400ec86,oe:player:1b7d720f9421df848050c33fbec3700,oe:player:a2b6b12931613f5bf1d12c8b10fe86a,Qwacker,Activeforce5,0.61222124
NA1/3609223174,2020-10-10,2020,Unknown,10.20,oe:team:01a3132448697cecc30364f52173670,Team Fish Taco,lineup-1caf4b8e1e611a18,0,pair-a6818bf4e777e293,oe:player:1b7d720f9421df848050c33fbec3700,oe:player:ac6c8ea090678bb181b8004e3efd830,Qwacker,Nightstar,0.64835748
NA1/3609223174,2020-10-10,2020,Unknown,10.20,oe:team:01a3132448697cecc30364f52173670,Team Fish Taco,lineup-1caf4b8e1e611a18,0,pair-2b31843988b6e9a9,oe:player:1b7d720f9421df848050c33fbec3700,oe:player:fc76a68e99896582334ae980a263e92,Qwacker,Ascent,0.31756134
NA1/3609223174,2020-10-10,2020,Unknown,10.20,oe:team:01a3132448697cecc30364f52173670,Team Fish Taco,lineup-1caf4b8e1e611a18,0,pair-9bd1952704ed566e,oe:player:2f8d775625d7bc8069ae313c9b2efbe,oe:player:a2b6b12931613f5bf1d12c8b10fe86a,Gbunny,Activeforce5,0.55783616
NA1/3609223174,2020-10-10,2020,Unknown,10.20,oe:team:01a3132448697cecc30364f52173670,Team Fish Taco,lineup-1caf4b8e1e611a18,0,pair-c17e232bbb031fab,oe:player:2f8d775625d7bc8069ae313c9b2efbe,oe:player:ac6c8ea090678bb181b8004e3efd830,Gbunny,Nightstar,0.59397241
NA1/3609223174,2020-10-10,2020,Unknown,10.20,oe:team:01a3132448697cecc30364f52173670,Team Fish Taco,lineup-1caf4b8e1e611a18,0,pair-eb0a5381e6fcd85c,oe:player:2f8d775625d7bc8069ae313c9b2efbe,oe:player:fc76a68e99896582334ae980a263e92,Gbunny,Ascent,0.26317627
NA1/3609223174,2020-10-10,2020,Unknown,10.20,oe:team:01a3132448697cecc30364f52173670,Team Fish Taco,lineup-1caf4b8e1e611a18,0,pair-30d3c3a473841bc6,oe:player:a2b6b12931613f5bf1d12c8b10fe86a,oe:player:ac6c8ea090678bb181b8004e3efd830,Activeforce5,Nightstar,0.34229968
NA1/3609223174,2020-10-10,2020,Unknown,10.20,oe:team:01a3132448697cecc30364f52173670,Team Fish Taco,lineup-1caf4b8e1e611a18,0,pair-d16e41cf9cb84809,oe:player:a2b6b12931613f5bf1d12c8b10fe86a,oe:player:fc76a68e99896582334ae980a263e92,Activeforce5,Ascent,0.01150354
NA1/3609223174,2020-10-10,2020,Unknown,10.20,oe:team:01a3132448697cecc30364f52173670,Team Fish Taco,lineup-1caf4b8e1e611a18,0,pair-c4a1bf757810c465,oe:player:ac6c8ea090678bb181b8004e3efd830,oe:player:fc76a68e99896582334ae980a263e92,Nightstar,Ascent,0.04763978
NA1/3609223174,2020-10-10,2020,Unknown,10.20,oe:team:7e2401900a9756d56a10b66590357fe,Dark Allegiance,lineup-23202622759e2b21,1,pair-5e028197501a0641,oe:player:28dc6796156fb243fc619681c680242,oe:player:4094cdb5b4ce1bd12736df16912a49e,Good Boi,Mekhio,2.59290954
NA1/3609223174,2020-10-10,2020,Unknown,10.20,oe:team:7e2401900a9756d56a10b66590357fe,Dark Allegiance,lineup-23202622759e2b21,1,pair-dcb70ac747d5f3b3,oe:player:28dc6796156fb243fc619681c680242,oe:player:4b8fa1ed371220801e5d3083359b63e,Good Boi,Enigma,1.17790825
NA1/3609223174,2020-10-10,2020,Unknown,10.20,oe:team:7e2401900a9756d56a10b66590357fe,Dark Allegiance,lineup-23202622759e2b21,1,pair-6868900a5544fa09,oe:player:28dc6796156fb243fc619681c680242,oe:player:e6ae8c3fc74814cd25df5e3da9347d1,Good Boi,Best Poutine QC,0.71154663
NA1/3609223174,2020-10-10,2020,Unknown,10.20,oe:team:7e2401900a9756d56a10b66590357fe,Dark Allegiance,lineup-23202622759e2b21,1,pair-72ec6c49281865ba,oe:player:28dc6796156fb243fc619681c680242,oe:player:fd63d76c390835d150b487e0326a033,Good Boi,petitpois,2.62583018
NA1/3609223174,2020-10-10,2020,Unknown,10.20,oe:team:7e2401900a9756d56a10b66590357fe,Dark Allegiance,lineup-23202622759e2b21,1,pair-276a3c75b9970cd1,oe:player:4094cdb5b4ce1bd12736df16912a49e,oe:player:4b8fa1ed371220801e5d3083359b63e,Mekhio,Enigma,1.56580519
NA1/3609223174,2020-10-10,2020,Unknown,10.20,oe:team:7e2401900a9756d56a10b66590357fe,Dark Allegiance,lineup-23202622759e2b21,1,pair-23553e563e922584,oe:player:4094cdb5b4ce1bd12736df16912a49e,oe:player:e6ae8c3fc74814cd25df5e3da9347d1,Mekhio,Best Poutine QC,1.09944357
NA1/3609223174,2020-10-10,2020,Unknown,10.20,oe:team:7e2401900a9756d56a10b66590357fe,Dark Allegiance,lineup-23202622759e2b21,1,pair-2a6159e23fa6703b,oe:player:4094cdb5b4ce1bd12736df16912a49e,oe:player:fd63d76c390835d150b487e0326a033,Mekhio,petitpois,3.01372713
NA1/3609223174,2020-10-10,2020,Unknown,10.20,oe:team:7e2401900a9756d56a10b66590357fe,Dark Allegiance,lineup-23202622759e2b21,1,pair-23b1ad10455ef6fb,oe:player:4b8fa1ed371220801e5d3083359b63e,oe:player:e6ae8c3fc74814cd25df5e3da9347d1,Enigma,Best Poutine QC,-0.31555772
NA1/3609223174,2020-10-10,2020,Unknown,10.20,oe:team:7e2401900a9756d56a10b66590357fe,Dark Allegiance,lineup-23202622759e2b21,1,pair-e7b19738d5a2bb74,oe:player:4b8fa1ed371220801e5d3083359b63e,oe:player:fd63d76c390835d150b487e0326a033,Enigma,petitpois,1.59872584
NA1/3609223174,2020-10-10,2020,Unknown,10.20,oe:team:7e2401900a9756d56a10b66590357fe,Dark Allegiance,lineup-23202622759e2b21,1,pair-387405edd23ba50a,oe:player:e6ae8c3fc74814cd25df5e3da9347d1,oe:player:fd63d76c390835d150b487e0326a033,Best Poutine QC,petitpois,1.13236422
NA1/3609471965,2020-10-09,2020,Unknown,10.20,oe:team:01a3132448697cecc30364f52173670,Team Fish Taco,lineup-1caf4b8e1e611a18,0,pair-ec487c66384c64ac,oe:player:1b7d720f9421df848050c33fbec3700,oe:player:2f8d775625d7bc8069ae313c9b2efbe,Qwacker,Gbunny,0.03303356
NA1/3609471965,2020-10-09,2020,Unknown,10.20,oe:team:01a3132448697cecc30364f52173670,Team Fish Taco,lineup-1caf4b8e1e611a18,0,pair-263f485fd400ec86,oe:player:1b7d720f9421df848050c33fbec3700,oe:player:a2b6b12931613f5bf1d12c8b10fe86a,Qwacker,Activeforce5,0.52739504
NA1/3609471965,2020-10-09,2020,Unknown,10.20,oe:team:01a3132448697cecc30364f52173670,Team Fish Taco,lineup-1caf4b8e1e611a18,0,pair-a6818bf4e777e293,oe:player:1b7d720f9421df848050c33fbec3700,oe:player:ac6c8ea090678bb181b8004e3efd830,Qwacker,Nightstar,0.11552562
NA1/3609471965,2020-10-09,2020,Unknown,10.20,oe:team:01a3132448697cecc30364f52173670,Team Fish Taco,lineup-1caf4b8e1e611a18,0,pair-2b31843988b6e9a9,oe:player:1b7d720f9421df848050c33fbec3700,oe:player:fc76a68e99896582334ae980a263e92,Qwacker,Ascent,-0.02014134
NA1/3609471965,2020-10-09,2020,Unknown,10.20,oe:team:01a3132448697cecc30364f52173670,Team Fish Taco,lineup-1caf4b8e1e611a18,0,pair-9bd1952704ed566e,oe:player:2f8d775625d7bc8069ae313c9b2efbe,oe:player:a2b6b12931613f5bf1d12c8b10fe86a,Gbunny,Activeforce5,0.53018928
NA1/3609471965,2020-10-09,2020,Unknown,10.20,oe:team:01a3132448697cecc30364f52173670,Team Fish Taco,lineup-1caf4b8e1e611a18,0,pair-c17e232bbb031fab,oe:player:2f8d775625d7bc8069ae313c9b2efbe,oe:player:ac6c8ea090678bb181b8004e3efd830,Gbunny,Nightstar,0.11831986
NA1/3609471965,2020-10-09,2020,Unknown,10.20,oe:team:01a3132448697cecc30364f52173670,Team Fish Taco,lineup-1caf4b8e1e611a18,0,pair-eb0a5381e6fcd85c,oe:player:2f8d775625d7bc8069ae313c9b2efbe,oe:player:fc76a68e99896582334ae980a263e92,Gbunny,Ascent,-0.01734711
NA1/3609471965,2020-10-09,2020,Unknown,10.20,oe:team:01a3132448697cecc30364f52173670,Team Fish Taco,lineup-1caf4b8e1e611a18,0,pair-30d3c3a473841bc6,oe:player:a2b6b12931613f5bf1d12c8b10fe86a,oe:player:ac6c8ea090678bb181b8004e3efd830,Activeforce5,Nightstar,0.61268134
NA1/3609471965,2020-10-09,2020,Unknown,10.20,oe:team:01a3132448697cecc30364f52173670,Team Fish Taco,lineup-1caf4b8e1e611a18,0,pair-d16e41cf9cb84809,oe:player:a2b6b12931613f5bf1d12c8b10fe86a,oe:player:fc76a68e99896582334ae980a263e92,Activeforce5,Ascent,0.47701437
NA1/3609471965,2020-10-09,2020,Unknown,10.20,oe:team:01a3132448697cecc30364f52173670,Team Fish Taco,lineup-1caf4b8e1e611a18,0,pair-c4a1bf757810c465,oe:player:ac6c8ea090678bb181b8004e3efd830,oe:player:fc76a68e99896582334ae980a263e92,Nightstar,Ascent,0.06514495
NA1/3609471965,2020-10-09,2020,Unknown,10.20,oe:team:7e2401900a9756d56a10b66590357fe,Dark Allegiance,lineup-23202622759e2b21,1,pair-5e028197501a0641,oe:player:28dc6796156fb243fc619681c680242,oe:player:4094cdb5b4ce1bd12736df16912a49e,Good Boi,Mekhio,1.35769561
NA1/3609471965,2020-10-09,2020,Unknown,10.20,oe:team:7e2401900a9756d56a10b66590357fe,Dark Allegiance,lineup-23202622759e2b21,1,pair-dcb70ac747d5f3b3,oe:player:28dc6796156fb243fc619681c680242,oe:player:4b8fa1ed371220801e5d3083359b63e,Good Boi,Enigma,1.16236581
NA1/3609471965,2020-10-09,2020,Unknown,10.20,oe:team:7e2401900a9756d56a10b66590357fe,Dark Allegiance,lineup-23202622759e2b21,1,pair-6868900a5544fa09,oe:player:28dc6796156fb243fc619681c680242,oe:player:e6ae8c3fc74814cd25df5e3da9347d1,Good Boi,Best Poutine QC,1.12843017
NA1/3609471965,2020-10-09,2020,Unknown,10.20,oe:team:7e2401900a9756d56a10b66590357fe,Dark Allegiance,lineup-23202622759e2b21,1,pair-72ec6c49281865ba,oe:player:28dc6796156fb243fc619681c680242,oe:player:fd63d76c390835d150b487e0326a033,Good Boi,petitpois,1.69643608
NA1/3609471965,2020-10-09,2020,Unknown,10.20,oe:team:7e2401900a9756d56a10b66590357fe,Dark Allegiance,lineup-23202622759e2b21,1,pair-276a3c75b9970cd1,oe:player:4094cdb5b4ce1bd12736df16912a49e,oe:player:4b8fa1ed371220801e5d3083359b63e,Mekhio,Enigma,-0.05379049
NA1/3609471965,2020-10-09,2020,Unknown,10.20,oe:team:7e2401900a9756d56a10b66590357fe,Dark Allegiance,lineup-23202622759e2b21,1,pair-23553e563e922584,oe:player:4094cdb5b4ce1bd12736df16912a49e,oe:player:e6ae8c3fc74814cd25df5e3da9347d1,Mekhio,Best Poutine QC,-0.08772613
NA1/3609471965,2020-10-09,2020,Unknown,10.20,oe:team:7e2401900a9756d56a10b66590357fe,Dark Allegiance,lineup-23202622759e2b21,1,pair-2a6159e23fa6703b,oe:player:4094cdb5b4ce1bd12736df16912a49e,oe:player:fd63d76c390835d150b487e0326a033,Mekhio,petitpois,0.48027978
NA1/3609471965,2020-10-09,2020,Unknown,10.20,oe:team:7e2401900a9756d56a10b66590357fe,Dark Allegiance,lineup-23202622759e2b21,1,pair-23b1ad10455ef6fb,oe:player:4b8fa1ed371220801e5d3083359b63e,oe:player:e6ae8c3fc74814cd25df5e3da9347d1,Enigma,Best Poutine QC,-0.28305593
NA1/3609471965,2020-10-09,2020,Unknown,10.20,oe:team:7e2401900a9756d56a10b66590357fe,Dark Allegiance,lineup-23202622759e2b21,1,pair-e7b19738d5a2bb74,oe:player:4b8fa1ed371220801e5d3083359b63e,oe:player:fd63d76c390835d150b487e0326a033,Enigma,petitpois,0.28494998
NA1/3609471965,2020-10-09,2020,Unknown,10.20,oe:team:7e2401900a9756d56a10b66590357fe,Dark Allegiance,lineup-23202622759e2b21,1,pair-387405edd23ba50a,oe:player:e6ae8c3fc74814cd25df5e3da9347d1,oe:player:fd63d76c390835d150b487e0326a033,Best Poutine QC,petitpois,0.25101434
NA1/3612193068,2020-10-12,2020,Unknown,10.20,oe:team:7e2401900a9756d56a10b66590357fe,Dark Allegiance,lineup-23202622759e2b21,0,pair-5e028197501a0641,oe:player:28dc6796156fb243fc619681c680242,oe:player:4094cdb5b4ce1bd12736df16912a49e,Good Boi,Mekhio,-0.19571736
NA1/3612193068,2020-10-12,2020,Unknown,10.20,oe:team:7e2401900a9756d56a10b66590357fe,Dark Allegiance,lineup-23202622759e2b21,0,pair-dcb70ac747d5f3b3,oe:player:28dc6796156fb243fc619681c680242,oe:player:4b8fa1ed371220801e5d3083359b63e,Good Boi,Enigma,-0.54322234
NA1/3612193068,2020-10-12,2020,Unknown,10.20,oe:team:7e2401900a9756d56a10b66590357fe,Dark Allegiance,lineup-23202622759e2b21,0,pair-6868900a5544fa09,oe:player:28dc6796156fb243fc619681c680242,oe:player:e6ae8c3fc74814cd25df5e3da9347d1,Good Boi,Best Poutine QC,-0.27930387
NA1/3612193068,2020-10-12,2020,Unknown,10.20,oe:team:7e2401900a9756d56a10b66590357fe,Dark Allegiance,lineup-23202622759e2b21,0,pair-72ec6c49281865ba,oe:player:28dc6796156fb243fc619681c680242,oe:player:fd63d76c390835d150b487e0326a033,Good Boi,petitpois,0.05766742
NA1/3612193068,2020-10-12,2020,Unknown,10.20,oe:team:7e2401900a9756d56a10b66590357fe,Dark Allegiance,lineup-23202622759e2b21,0,pair-276a3c75b9970cd1,oe:player:4094cdb5b4ce1bd12736df16912a49e,oe:player:4b8fa1ed371220801e5d3083359b63e,Mekhio,Enigma,0.38822166
NA1/3612193068,2020-10-12,2020,Unknown,10.20,oe:team:7e2401900a9756d56a10b66590357fe,Dark Allegiance,lineup-23202622759e2b21,0,pair-23553e563e922584,oe:player:4094cdb5b4ce1bd12736df16912a49e,oe:player:e6ae8c3fc74814cd25df5e3da9347d1,Mekhio,Best Poutine QC,0.65214013
NA1/3612193068,2020-10-12,2020,Unknown,10.20,oe:team:7e2401900a9756d56a10b66590357fe,Dark Allegiance,lineup-23202622759e2b21,0,pair-2a6159e23fa6703b,oe:player:4094cdb5b4ce1bd12736df16912a49e,oe:player:fd63d76c390835d150b487e0326a033,Mekhio,petitpois,0.98911142
NA1/3612193068,2020-10-12,2020,Unknown,10.20,oe:team:7e2401900a9756d56a10b66590357fe,Dark Allegiance,lineup-23202622759e2b21,0,pair-23b1ad10455ef6fb,oe:player:4b8fa1ed371220801e5d3083359b63e,oe:player:e6ae8c3fc74814cd25df5e3da9347d1,Enigma,Best Poutine QC,0.30463515
NA1/3612193068,2020-10-12,2020,Unknown,10.20,oe:team:7e2401900a9756d56a10b66590357fe,Dark Allegiance,lineup-23202622759e2b21,0,pair-e7b19738d5a2bb74,oe:player:4b8fa1ed371220801e5d3083359b63e,oe:player:fd63d76c390835d150b487e0326a033,Enigma,petitpois,0.64160644
NA1/3612193068,2020-10-12,2020,Unknown,10.20,oe:team:7e2401900a9756d56a10b66590357fe,Dark Allegiance,lineup-23202622759e2b21,0,pair-387405edd23ba50a,oe:player:e6ae8c3fc74814cd25df5e3da9347d1,oe:player:fd63d76c390835d150b487e0326a033,Best Poutine QC,petitpois,0.90552491
NA1/3612193068,2020-10-12,2020,Unknown,10.20,oe:team:d83bffd1eb6ab4fc8b58abb3e646d48,Just Randoms,lineup-ffcd4ebbca1c12ce,1,pair-54bd55f9d49308ee,oe:player:2719b291dad6d8cb0f1e242979aa3dc,oe:player:8a25863fe5045bb08949998a2c39329,Argentum,Kyle,0.46472077
NA1/3612193068,2020-10-12,2020,Unknown,10.20,oe:team:d83bffd1eb6ab4fc8b58abb3e646d48,Just Randoms,lineup-ffcd4ebbca1c12ce,1,pair-bfd7bf56ff9d2e29,oe:player:2719b291dad6d8cb0f1e242979aa3dc,oe:player:8b7b362f0be0a35dc80ea775ea19cb7,Argentum,Chim,0.37261346
NA1/3612193068,2020-10-12,2020,Unknown,10.20,oe:team:d83bffd1eb6ab4fc8b58abb3e646d48,Just Randoms,lineup-ffcd4ebbca1c12ce,1,pair-5a4ad4565f133901,oe:player:2719b291dad6d8cb0f1e242979aa3dc,oe:player:a88f9b1cfb0beebb9aee272513500a6,Argentum,Hyper,1.65745533
NA1/3612193068,2020-10-12,2020,Unknown,10.20,oe:team:d83bffd1eb6ab4fc8b58abb3e646d48,Just Randoms,lineup-ffcd4ebbca1c12ce,1,pair-223b29e2ce5c7e3e,oe:player:2719b291dad6d8cb0f1e242979aa3dc,oe:player:df4f91120caa080682bf595c5f7f2d3,Argentum,CptShrimps,1.82810101
NA1/3612193068,2020-10-12,2020,Unknown,10.20,oe:team:d83bffd1eb6ab4fc8b58abb3e646d48,Just Randoms,lineup-ffcd4ebbca1c12ce,1,pair-fc69e88c01448085,oe:player:8a25863fe5045bb08949998a2c39329,oe:player:8b7b362f0be0a35dc80ea775ea19cb7,Kyle,Chim,-0.27932418
NA1/3612193068,2020-10-12,2020,Unknown,10.20,oe:team:d83bffd1eb6ab4fc8b58abb3e646d48,Just Randoms,lineup-ffcd4ebbca1c12ce,1,pair-a3f3e0f54d8bc3d8,oe:player:8a25863fe5045bb08949998a2c39329,oe:player:a88f9b1cfb0beebb9aee272513500a6,Kyle,Hyper,1.00551770
NA1/3612193068,2020-10-12,2020,Unknown,10.20,oe:team:d83bffd1eb6ab4fc8b58abb3e646d48,Just Randoms,lineup-ffcd4ebbca1c12ce,1,pair-05306a35603592b7,oe:player:8a25863fe5045bb08949998a2c39329,oe:player:df4f91120caa080682bf595c5f7f2d3,Kyle,CptShrimps,1.17616337
NA1/3612193068,2020-10-12,2020,Unknown,10.20,oe:team:d83bffd1eb6ab4fc8b58abb3e646d48,Just Randoms,lineup-ffcd4ebbca1c12ce,1,pair-66539e7d0252cab2,oe:player:8b7b362f0be0a35dc80ea775ea19cb7,oe:player:a88f9b1cfb0beebb9aee272513500a6,Chim,Hyper,0.91341038
NA1/3612193068,2020-10-12,2020,Unknown,10.20,oe:team:d83bffd1eb6ab4fc8b58abb3e646d48,Just Randoms,lineup-ffcd4ebbca1c12ce,1,pair-c3059622e5e4e1b6,oe:player:8b7b362f0be0a35dc80ea775ea19cb7,oe:player:df4f91120caa080682bf595c5f7f2d3,Chim,CptShrimps,1.08405606
NA1/3612193068,2020-10-12,2020,Unknown,10.20,oe:team:d83bffd1eb6ab4fc8b58abb3e646d48,Just Randoms,lineup-ffcd4ebbca1c12ce,1,pair-1e1caf4689451ec1,oe:player:a88f9b1cfb0beebb9aee272513500a6,oe:player:df4f91120caa080682bf595c5f7f2d3,Hyper,CptShrimps,2.36889794
NA1/3612382012,2020-10-11,2020,Unknown,10.20,oe:team:ab8a919db08c9f8321da77bc63cb31d,Louisiana State University,lineup-7263f09241ee9cd5,0,pair-6d63422b633bd09a,oe:player:0fe6cc268b58e582c12d3c0656f2752,oe:player:8a26fb905636bc0bec1a65212c3c863,PrincessKyle,shochi,-0.02284092
NA1/3612382012,2020-10-11,2020,Unknown,10.20,oe:team:ab8a919db08c9f8321da77bc63cb31d,Louisiana State University,lineup-7263f09241ee9cd5,0,pair-951d1255bb80638f,oe:player:0fe6cc268b58e582c12d3c0656f2752,oe:player:be0a4f6bb9c7188519e9d6046af21fe,PrincessKyle,TimmyTurner,-1.18808457
NA1/3612382012,2020-10-11,2020,Unknown,10.20,oe:team:ab8a919db08c9f8321da77bc63cb31d,Louisiana State University,lineup-7263f09241ee9cd5,0,pair-61d78d6bca3bb486,oe:player:0fe6cc268b58e582c12d3c0656f2752,oe:player:e107e92b0751b8709e850921ed65683,PrincessKyle,DerpyBunzz,-0.62487696
NA1/3612382012,2020-10-11,2020,Unknown,10.20,oe:team:ab8a919db08c9f8321da77bc63cb31d,Louisiana State University,lineup-7263f09241ee9cd5,0,pair-8c36fc9a22382474,oe:player:0fe6cc268b58e582c12d3c0656f2752,oe:player:f6afb3ca3ac4cb969cc0c36330d8ee8,PrincessKyle,Airren,-1.09935652
NA1/3612382012,2020-10-11,2020,Unknown,10.20,oe:team:ab8a919db08c9f8321da77bc63cb31d,Louisiana State University,lineup-7263f09241ee9cd5,0,pair-53202c686aa93c5e,oe:player:8a26fb905636bc0bec1a65212c3c863,oe:player:be0a4f6bb9c7188519e9d6046af21fe,shochi,TimmyTurner,-0.80380718
NA1/3612382012,2020-10-11,2020,Unknown,10.20,oe:team:ab8a919db08c9f8321da77bc63cb31d,Louisiana State University,lineup-7263f09241ee9cd5,0,pair-a8d37838ced35318,oe:player:8a26fb905636bc0bec1a65212c3c863,oe:player:e107e92b0751b8709e850921ed65683,shochi,DerpyBunzz,-0.24059956
NA1/3612382012,2020-10-11,2020,Unknown,10.20,oe:team:ab8a919db08c9f8321da77bc63cb31d,Louisiana State University,lineup-7263f09241ee9cd5,0,pair-b31f7afe4e291e7e,oe:player:8a26fb905636bc0bec1a65212c3c863,oe:player:f6afb3ca3ac4cb969cc0c36330d8ee8,shochi,Airren,-0.71507913
NA1/3612382012,2020-10-11,2020,Unknown,10.20,oe:team:ab8a919db08c9f8321da77bc63cb31d,Louisiana State University,lineup-7263f09241ee9cd5,0,pair-d519bb330bea7a8b,oe:player:be0a4f6bb9c7188519e9d6046af21fe,oe:player:e107e92b0751b8709e850921ed65683,TimmyTurner,DerpyBunzz,-1.40584321
NA1/3612382012,2020-10-11,2020,Unknown,10.20,oe:team:ab8a919db08c9f8321da77bc63cb31d,Louisiana State University,lineup-7263f09241ee9cd5,0,pair-1691bf282dc5ff5c,oe:player:be0a4f6bb9c7188519e9d6046af21fe,oe:player:f6afb3ca3ac4cb969cc0c36330d8ee8,TimmyTurner,Airren,-1.88032278
NA1/3612382012,2020-10-11,2020,Unknown,10.20,oe:team:ab8a919db08c9f8321da77bc63cb31d,Louisiana State University,lineup-7263f09241ee9cd5,0,pair-6bc057a749093fd5,oe:player:e107e92b0751b8709e850921ed65683,oe:player:f6afb3ca3ac4cb969cc0c36330d8ee8,DerpyBunzz,Airren,-1.31711516
NA1/3612382012,2020-10-11,2020,Unknown,10.20,oe:team:bfd1bba6235971993e82d51e679a34a,Zenith Esports,lineup-fe132b6f7f62fe09,1,pair-7e7e09f613033d58,oe:player:6f10a2717479aea87d996e2989d4dd5,oe:player:b1608dc23a218a150a431be676f3fe4,Aspect,RoseThorn,-0.21960082
NA1/3612382012,2020-10-11,2020,Unknown,10.20,oe:team:bfd1bba6235971993e82d51e679a34a,Zenith Esports,lineup-fe132b6f7f62fe09,1,pair-a849eb41cc7bf45a,oe:player:6f10a2717479aea87d996e2989d4dd5,oe:player:b290ece1cdd4fca4794af2d5cf86ef7,Aspect,Gible,-0.58619501
NA1/3612382012,2020-10-11,2020,Unknown,10.20,oe:team:bfd1bba6235971993e82d51e679a34a,Zenith Esports,lineup-fe132b6f7f62fe09,1,pair-cd8afdc259a850f0,oe:player:6f10a2717479aea87d996e2989d4dd5,oe:player:b57dad2e02488237bab9f06f7bb9f54,Aspect,Danny,-0.59268630
NA1/3612382012,2020-10-11,2020,Unknown,10.20,oe:team:bfd1bba6235971993e82d51e679a34a,Zenith Esports,lineup-fe132b6f7f62fe09,1,pair-50f92487c4a9576a,oe:player:6f10a2717479aea87d996e2989d4dd5,oe:player:c9fe742896cf95349db15b35ec262e1,Aspect,Mist,-0.60945198
NA1/3612382012,2020-10-11,2020,Unknown,10.20,oe:team:bfd1bba6235971993e82d51e679a34a,Zenith Esports,lineup-fe132b6f7f62fe09,1,pair-b298b9545fdb8298,oe:player:b1608dc23a218a150a431be676f3fe4,oe:player:b290ece1cdd4fca4794af2d5cf86ef7,RoseThorn,Gible,-0.02466750
NA1/3612382012,2020-10-11,2020,Unknown,10.20,oe:team:bfd1bba6235971993e82d51e679a34a,Zenith Esports,lineup-fe132b6f7f62fe09,1,pair-afcd103e47ea3e41,oe:player:b1608dc23a218a150a431be676f3fe4,oe:player:b57dad2e02488237bab9f06f7bb9f54,RoseThorn,Danny,-0.03115879
NA1/3612382012,2020-10-11,2020,Unknown,10.20,oe:team:bfd1bba6235971993e82d51e679a34a,Zenith Esports,lineup-fe132b6f7f62fe09,1,pair-0806d31bfc7478de,oe:player:b1608dc23a218a150a431be676f3fe4,oe:player:c9fe742896cf95349db15b35ec262e1,RoseThorn,Mist,-0.04792447
NA1/3612382012,2020-10-11,2020,Unknown,10.20,oe:team:bfd1bba6235971993e82d51e679a34a,Zenith Esports,lineup-fe132b6f7f62fe09,1,pair-6f4f6f2eb880eb26,oe:player:b290ece1cdd4fca4794af2d5cf86ef7,oe:player:b57dad2e02488237bab9f06f7bb9f54,Gible,Danny,-0.39775298
NA1/3612382012,2020-10-11,2020,Unknown,10.20,oe:team:bfd1bba6235971993e82d51e679a34a,Zenith Esports,lineup-fe132b6f7f62fe09,1,pair-654962643c4fb097,oe:player:b290ece1cdd4fca4794af2d5cf86ef7,oe:player:c9fe742896cf95349db15b35ec262e1,Gible,Mist,-0.41451866
NA1/3612382012,2020-10-11,2020,Unknown,10.20,oe:team:bfd1bba6235971993e82d51e679a34a,Zenith Esports,lineup-fe132b6f7f62fe09,1,pair-d4c138a32bc8ffb5,oe:player:b57dad2e02488237bab9f06f7bb9f54,oe:player:c9fe742896cf95349db15b35ec262e1,Danny,Mist,-0.42100995
NA1/3612472249,2020-10-11,2020,Unknown,10.20,oe:team:7e2401900a9756d56a10b66590357fe,Dark Allegiance,lineup-23202622759e2b21,0,pair-5e028197501a0641,oe:player:28dc6796156fb243fc619681c680242,oe:player:4094cdb5b4ce1bd12736df16912a49e,Good Boi,Mekhio,0.37912260
NA1/3612472249,2020-10-11,2020,Unknown,10.20,oe:team:7e2401900a9756d56a10b66590357fe,Dark Allegiance,lineup-23202622759e2b21,0,pair-dcb70ac747d5f3b3,oe:player:28dc6796156fb243fc619681c680242,oe:player:4b8fa1ed371220801e5d3083359b63e,Good Boi,Enigma,-0.58169645
NA1/3612472249,2020-10-11,2020,Unknown,10.20,oe:team:7e2401900a9756d56a10b66590357fe,Dark Allegiance,lineup-23202622759e2b21,0,pair-6868900a5544fa09,oe:player:28dc6796156fb243fc619681c680242,oe:player:e6ae8c3fc74814cd25df5e3da9347d1,Good Boi,Best Poutine QC,-0.93245145
NA1/3612472249,2020-10-11,2020,Unknown,10.20,oe:team:7e2401900a9756d56a10b66590357fe,Dark Allegiance,lineup-23202622759e2b21,0,pair-72ec6c49281865ba,oe:player:28dc6796156fb243fc619681c680242,oe:player:fd63d76c390835d150b487e0326a033,Good Boi,petitpois,-0.72150213
NA1/3612472249,2020-10-11,2020,Unknown,10.20,oe:team:7e2401900a9756d56a10b66590357fe,Dark Allegiance,lineup-23202622759e2b21,0,pair-276a3c75b9970cd1,oe:player:4094cdb5b4ce1bd12736df16912a49e,oe:player:4b8fa1ed371220801e5d3083359b63e,Mekhio,Enigma,0.67727753
NA1/3612472249,2020-10-11,2020,Unknown,10.20,oe:team:7e2401900a9756d56a10b66590357fe,Dark Allegiance,lineup-23202622759e2b21,0,pair-23553e563e922584,oe:player:4094cdb5b4ce1bd12736df16912a49e,oe:player:e6ae8c3fc74814cd25df5e3da9347d1,Mekhio,Best Poutine QC,0.32652253
NA1/3612472249,2020-10-11,2020,Unknown,10.20,oe:team:7e2401900a9756d56a10b66590357fe,Dark Allegiance,lineup-23202622759e2b21,0,pair-2a6159e23fa6703b,oe:player:4094cdb5b4ce1bd12736df16912a49e,oe:player:fd63d76c390835d150b487e0326a033,Mekhio,petitpois,0.53747185
NA1/3612472249,2020-10-11,2020,Unknown,10.20,oe:team:7e2401900a9756d56a10b66590357fe,Dark Allegiance,lineup-23202622759e2b21,0,pair-23b1ad10455ef6fb,oe:player:4b8fa1ed371220801e5d3083359b63e,oe:player:e6ae8c3fc74814cd25df5e3da9347d1,Enigma,Best Poutine QC,-0.63429652
NA1/3612472249,2020-10-11,2020,Unknown,10.20,oe:team:7e2401900a9756d56a10b66590357fe,Dark Allegiance,lineup-23202622759e2b21,0,pair-e7b19738d5a2bb74,oe:player:4b8fa1ed371220801e5d3083359b63e,oe:player:fd63d76c390835d150b487e0326a033,Enigma,petitpois,-0.42334720
NA1/3612472249,2020-10-11,2020,Unknown,10.20,oe:team:7e2401900a9756d56a10b66590357fe,Dark Allegiance,lineup-23202622759e2b21,0,pair-387405edd23ba50a,oe:player:e6ae8c3fc74814cd25df5e3da9347d1,oe:player:fd63d76c390835d150b487e0326a033,Best Poutine QC,petitpois,-0.77410220
NA1/3612472249,2020-10-11,2020,Unknown,10.20,oe:team:d83bffd1eb6ab4fc8b58abb3e646d48,Just Randoms,lineup-ffcd4ebbca1c12ce,1,pair-54bd55f9d49308ee,oe:player:2719b291dad6d8cb0f1e242979aa3dc,oe:player:8a25863fe5045bb08949998a2c39329,Argentum,Kyle,0.08534764
NA1/3612472249,2020-10-11,2020,Unknown,10.20,oe:team:d83bffd1eb6ab4fc8b58abb3e646d48,Just Randoms,lineup-ffcd4ebbca1c12ce,1,pair-bfd7bf56ff9d2e29,oe:player:2719b291dad6d8cb0f1e242979aa3dc,oe:player:8b7b362f0be0a35dc80ea775ea19cb7,Argentum,Chim,0.49315116
NA1/3612472249,2020-10-11,2020,Unknown,10.20,oe:team:d83bffd1eb6ab4fc8b58abb3e646d48,Just Randoms,lineup-ffcd4ebbca1c12ce,1,pair-5a4ad4565f133901,oe:player:2719b291dad6d8cb0f1e242979aa3dc,oe:player:a88f9b1cfb0beebb9aee272513500a6,Argentum,Hyper,0.69464200
NA1/3612472249,2020-10-11,2020,Unknown,10.20,oe:team:d83bffd1eb6ab4fc8b58abb3e646d48,Just Randoms,lineup-ffcd4ebbca1c12ce,1,pair-223b29e2ce5c7e3e,oe:player:2719b291dad6d8cb0f1e242979aa3dc,oe:player:df4f91120caa080682bf595c5f7f2d3,Argentum,CptShrimps,0.89651516
NA1/3612472249,2020-10-11,2020,Unknown,10.20,oe:team:d83bffd1eb6ab4fc8b58abb3e646d48,Just Randoms,lineup-ffcd4ebbca1c12ce,1,pair-fc69e88c01448085,oe:player:8a25863fe5045bb08949998a2c39329,oe:player:8b7b362f0be0a35dc80ea775ea19cb7,Kyle,Chim,-0.91471565
NA1/3612472249,2020-10-11,2020,Unknown,10.20,oe:team:d83bffd1eb6ab4fc8b58abb3e646d48,Just Randoms,lineup-ffcd4ebbca1c12ce,1,pair-a3f3e0f54d8bc3d8,oe:player:8a25863fe5045bb08949998a2c39329,oe:player:a88f9b1cfb0beebb9aee272513500a6,Kyle,Hyper,-0.71322480
NA1/3612472249,2020-10-11,2020,Unknown,10.20,oe:team:d83bffd1eb6ab4fc8b58abb3e646d48,Just Randoms,lineup-ffcd4ebbca1c12ce,1,pair-05306a35603592b7,oe:player:8a25863fe5045bb08949998a2c39329,oe:player:df4f91120caa080682bf595c5f7f2d3,Kyle,CptShrimps,-0.51135165
NA1/3612472249,2020-10-11,2020,Unknown,10.20,oe:team:d83bffd1eb6ab4fc8b58abb3e646d48,Just Randoms,lineup-ffcd4ebbca1c12ce,1,pair-66539e7d0252cab2,oe:player:8b7b362f0be0a35dc80ea775ea19cb7,oe:player:a88f9b1cfb0beebb9aee272513500a6,Chim,Hyper,-0.30542128
NA1/3612472249,2020-10-11,2020,Unknown,10.20,oe:team:d83bffd1eb6ab4fc8b58abb3e646d48,Just Randoms,lineup-ffcd4ebbca1c12ce,1,pair-c3059622e5e4e1b6,oe:player:8b7b362f0be0a35dc80ea775ea19cb7,oe:player:df4f91120caa080682bf595c5f7f2d3,Chim,CptShrimps,-0.10354812
NA1/3612472249,2020-10-11,2020,Unknown,10.20,oe:team:d83bffd1eb6ab4fc8b58abb3e646d48,Just Randoms,lineup-ffcd4ebbca1c12ce,1,pair-1e1caf4689451ec1,oe:player:a88f9b1cfb0beebb9aee272513500a6,oe:player:df4f91120caa080682bf595c5f7f2d3,Hyper,CptShrimps,0.09794272
NA1/3612592069,2020-10-11,2020,Unknown,10.20,oe:team:ab8a919db08c9f8321da77bc63cb31d,Louisiana State University,lineup-7263f09241ee9cd5,0,pair-6d63422b633bd09a,oe:player:0fe6cc268b58e582c12d3c0656f2752,oe:player:8a26fb905636bc0bec1a65212c3c863,PrincessKyle,shochi,-0.36694060
NA1/3612592069,2020-10-11,2020,Unknown,10.20,oe:team:ab8a919db08c9f8321da77bc63cb31d,Louisiana State University,lineup-7263f09241ee9cd5,0,pair-951d1255bb80638f,oe:player:0fe6cc268b58e582c12d3c0656f2752,oe:player:be0a4f6bb9c7188519e9d6046af21fe,PrincessKyle,TimmyTurner,-0.17539926
NA1/3612592069,2020-10-11,2020,Unknown,10.20,oe:team:ab8a919db08c9f8321da77bc63cb31d,Louisiana State University,lineup-7263f09241ee9cd5,0,pair-61d78d6bca3bb486,oe:player:0fe6cc268b58e582c12d3c0656f2752,oe:player:e107e92b0751b8709e850921ed65683,PrincessKyle,DerpyBunzz,-0.47563124
NA1/3612592069,2020-10-11,2020,Unknown,10.20,oe:team:ab8a919db08c9f8321da77bc63cb31d,Louisiana State University,lineup-7263f09241ee9cd5,0,pair-8c36fc9a22382474,oe:player:0fe6cc268b58e582c12d3c0656f2752,oe:player:f6afb3ca3ac4cb969cc0c36330d8ee8,PrincessKyle,Airren,-0.33886752
NA1/3612592069,2020-10-11,2020,Unknown,10.20,oe:team:ab8a919db08c9f8321da77bc63cb31d,Louisiana State University,lineup-7263f09241ee9cd5,0,pair-53202c686aa93c5e,oe:player:8a26fb905636bc0bec1a65212c3c863,oe:player:be0a4f6bb9c7188519e9d6046af21fe,shochi,TimmyTurner,-0.40414241
NA1/3612592069,2020-10-11,2020,Unknown,10.20,oe:team:ab8a919db08c9f8321da77bc63cb31d,Louisiana State University,lineup-7263f09241ee9cd5,0,pair-a8d37838ced35318,oe:player:8a26fb905636bc0bec1a65212c3c863,oe:player:e107e92b0751b8709e850921ed65683,shochi,DerpyBunzz,-0.70437439
NA1/3612592069,2020-10-11,2020,Unknown,10.20,oe:team:ab8a919db08c9f8321da77bc63cb31d,Louisiana State University,lineup-7263f09241ee9cd5,0,pair-b31f7afe4e291e7e,oe:player:8a26fb905636bc0bec1a65212c3c863,oe:player:f6afb3ca3ac4cb969cc0c36330d8ee8,shochi,Airren,-0.56761067
NA1/3612592069,2020-10-11,2020,Unknown,10.20,oe:team:ab8a919db08c9f8321da77bc63cb31d,Louisiana State University,lineup-7263f09241ee9cd5,0,pair-d519bb330bea7a8b,oe:player:be0a4f6bb9c7188519e9d6046af21fe,oe:player:e107e92b0751b8709e850921ed65683,TimmyTurner,DerpyBunzz,-0.51283306
NA1/3612592069,2020-10-11,2020,Unknown,10.20,oe:team:ab8a919db08c9f8321da77bc63cb31d,Louisiana State University,lineup-7263f09241ee9cd5,0,pair-1691bf282dc5ff5c,oe:player:be0a4f6bb9c7188519e9d6046af21fe,oe:player:f6afb3ca3ac4cb969cc0c36330d8ee8,TimmyTurner,Airren,-0.37606934
NA1/3612592069,2020-10-11,2020,Unknown,10.20,oe:team:ab8a919db08c9f8321da77bc63cb31d,Louisiana State University,lineup-7263f09241ee9cd5,0,pair-6bc057a749093fd5,oe:player:e107e92b0751b8709e850921ed65683,oe:player:f6afb3ca3ac4cb969cc0c36330d8ee8,DerpyBunzz,Airren,-0.67630132
NA1/3612592069,2020-10-11,2020,Unknown,10.20,oe:team:bfd1bba6235971993e82d51e679a34a,Zenith Esports,lineup-fe132b6f7f62fe09,1,pair-7e7e09f613033d58,oe:player:6f10a2717479aea87d996e2989d4dd5,oe:player:b1608dc23a218a150a431be676f3fe4,Aspect,RoseThorn,0.28867378
NA1/3612592069,2020-10-11,2020,Unknown,10.20,oe:team:bfd1bba6235971993e82d51e679a34a,Zenith Esports,lineup-fe132b6f7f62fe09,1,pair-a849eb41cc7bf45a,oe:player:6f10a2717479aea87d996e2989d4dd5,oe:player:b290ece1cdd4fca4794af2d5cf86ef7,Aspect,Gible,0.42913485
NA1/3612592069,2020-10-11,2020,Unknown,10.20,oe:team:bfd1bba6235971993e82d51e679a34a,Zenith Esports,lineup-fe132b6f7f62fe09,1,pair-cd8afdc259a850f0,oe:player:6f10a2717479aea87d996e2989d4dd5,oe:player:b57dad2e02488237bab9f06f7bb9f54,Aspect,Danny,0.45331817
NA1/3612592069,2020-10-11,2020,Unknown,10.20,oe:team:bfd1bba6235971993e82d51e679a34a,Zenith Esports,lineup-fe132b6f7f62fe09,1,pair-50f92487c4a9576a,oe:player:6f10a2717479aea87d996e2989d4dd5,oe:player:c9fe742896cf95349db15b35ec262e1,Aspect,Mist,0.38684730
NA1/3612592069,2020-10-11,2020,Unknown,10.20,oe:team:bfd1bba6235971993e82d51e679a34a,Zenith Esports,lineup-fe132b6f7f62fe09,1,pair-b298b9545fdb8298,oe:player:b1608dc23a218a150a431be676f3fe4,oe:player:b290ece1cdd4fca4794af2d5cf86ef7,RoseThorn,Gible,-0.36928181
NA1/3612592069,2020-10-11,2020,Unknown,10.20,oe:team:bfd1bba6235971993e82d51e679a34a,Zenith Esports,lineup-fe132b6f7f62fe09,1,pair-afcd103e47ea3e41,oe:player:b1608dc23a218a150a431be676f3fe4,oe:player:b57dad2e02488237bab9f06f7bb9f54,RoseThorn,Danny,-0.34509849
NA1/3612592069,2020-10-11,2020,Unknown,10.20,oe:team:bfd1bba6235971993e82d51e679a34a,Zenith Esports,lineup-fe132b6f7f62fe09,1,pair-0806d31bfc7478de,oe:player:b1608dc23a218a150a431be676f3fe4,oe:player:c9fe742896cf95349db15b35ec262e1,RoseThorn,Mist,-0.41156936
NA1/3612592069,2020-10-11,2020,Unknown,10.20,oe:team:bfd1bba6235971993e82d51e679a34a,Zenith Esports,lineup-fe132b6f7f62fe09,1,pair-6f4f6f2eb880eb26,oe:player:b290ece1cdd4fca4794af2d5cf86ef7,oe:player:b57dad2e02488237bab9f06f7bb9f54,Gible,Danny,-0.20463742
NA1/3612592069,2020-10-11,2020,Unknown,10.20,oe:team:bfd1bba6235971993e82d51e679a34a,Zenith Esports,lineup-fe132b6f7f62fe09,1,pair-654962643c4fb097,oe:player:b290ece1cdd4fca4794af2d5cf86ef7,oe:player:c9fe742896cf95349db15b35ec262e1,Gible,Mist,-0.27110830
NA1/3612592069,2020-10-11,2020,Unknown,10.20,oe:team:bfd1bba6235971993e82d51e679a34a,Zenith Esports,lineup-fe132b6f7f62fe09,1,pair-d4c138a32bc8ffb5,oe:player:b57dad2e02488237bab9f06f7bb9f54,oe:player:c9fe742896cf95349db15b35ec262e1,Danny,Mist,-0.24692497
NA1/3612592359,2020-10-12,2020,Unknown,10.20,name-team-bbf4d270ed871a83,unknown team,lineup-16fed20a26812371,0,pair-8edf3381470a8888,name-player-d72bd85e71031dbd,oe:player:1a6336ee76ad050220d9dd4c432228c,unknown player,KhaliDino,-0.99835884
NA1/3612592359,2020-10-12,2020,Unknown,10.20,name-team-bbf4d270ed871a83,unknown team,lineup-16fed20a26812371,0,pair-679982e884bad697,name-player-d72bd85e71031dbd,oe:player:1f2dacafcb86c606a3510a284e73e17,unknown player,Detention,0.31604395
NA1/3612592359,2020-10-12,2020,Unknown,10.20,name-team-bbf4d270ed871a83,unknown team,lineup-16fed20a26812371,0,pair-108453fb9045c518,name-player-d72bd85e71031dbd,oe:player:98507570b7ae6c8019192bc1b5412c1,unknown player,Porsche,-0.90952833
NA1/3612592359,2020-10-12,2020,Unknown,10.20,name-team-bbf4d270ed871a83,unknown team,lineup-16fed20a26812371,0,pair-bff71afb2f7716b0,name-player-d72bd85e71031dbd,oe:player:b52e38e9119ec4125f1fdc9035344b8,unknown player,Logia,-0.59168210
NA1/3612592359,2020-10-12,2020,Unknown,10.20,name-team-bbf4d270ed871a83,unknown team,lineup-16fed20a26812371,0,pair-89f13965f7718912,oe:player:1a6336ee76ad050220d9dd4c432228c,oe:player:1f2dacafcb86c606a3510a284e73e17,KhaliDino,Detention,-0.04845312
NA1/3612592359,2020-10-12,2020,Unknown,10.20,name-team-bbf4d270ed871a83,unknown team,lineup-16fed20a26812371,0,pair-6622f96907feb04d,oe:player:1a6336ee76ad050220d9dd4c432228c,oe:player:98507570b7ae6c8019192bc1b5412c1,KhaliDino,Porsche,-1.27402540
NA1/3612592359,2020-10-12,2020,Unknown,10.20,name-team-bbf4d270ed871a83,unknown team,lineup-16fed20a26812371,0,pair-599a49275ab16538,oe:player:1a6336ee76ad050220d9dd4c432228c,oe:player:b52e38e9119ec4125f1fdc9035344b8,KhaliDino,Logia,-0.95617916
NA1/3612592359,2020-10-12,2020,Unknown,10.20,name-team-bbf4d270ed871a83,unknown team,lineup-16fed20a26812371,0,pair-b81070897538e722,oe:player:1f2dacafcb86c606a3510a284e73e17,oe:player:98507570b7ae6c8019192bc1b5412c1,Detention,Porsche,0.04037740
NA1/3612592359,2020-10-12,2020,Unknown,10.20,name-team-bbf4d270ed871a83,unknown team,lineup-16fed20a26812371,0,pair-f3c5164ac919f2e8,oe:player:1f2dacafcb86c606a3510a284e73e17,oe:player:b52e38e9119ec4125f1fdc9035344b8,Detention,Logia,0.35822363
NA1/3612592359,2020-10-12,2020,Unknown,10.20,name-team-bbf4d270ed871a83,unknown team,lineup-16fed20a26812371,0,pair-ec95838293904afd,oe:player:98507570b7ae6c8019192bc1b5412c1,oe:player:b52e38e9119ec4125f1fdc9035344b8,Porsche,Logia,-0.86734865
NA1/3612592359,2020-10-12,2020,Unknown,10.20,oe:team:33882d595cdafd472dc1ded1b7ee10b,TBA,lineup-adfbb16d71ee5892,1,pair-7849062e136505d1,oe:player:506d63191c3a0485207a97d1303614e,oe:player:61fb90977eb2e0633083133433c5554,SeanTheGod,Coach Coso,-1.57172479
NA1/3612592359,2020-10-12,2020,Unknown,10.20,oe:team:33882d595cdafd472dc1ded1b7ee10b,TBA,lineup-adfbb16d71ee5892,1,pair-54f9c733749ca50f,oe:player:506d63191c3a0485207a97d1303614e,oe:player:860b53367b46048f876924b3eda90ed,SeanTheGod,Plux,-0.45903000
NA1/3612592359,2020-10-12,2020,Unknown,10.20,oe:team:33882d595cdafd472dc1ded1b7ee10b,TBA,lineup-adfbb16d71ee5892,1,pair-164ca5c91865440d,oe:player:506d63191c3a0485207a97d1303614e,oe:player:954fd996438b8fd035a5c7ffb6f6066,SeanTheGod,Goo,-0.24106555
NA1/3612592359,2020-10-12,2020,Unknown,10.20,oe:team:33882d595cdafd472dc1ded1b7ee10b,TBA,lineup-adfbb16d71ee5892,1,pair-fad20bbcd05bb64e,oe:player:506d63191c3a0485207a97d1303614e,oe:player:97a03ee352a6f5252f1f93019e992f9,SeanTheGod,Cozy,-0.32719594
NA1/3612592359,2020-10-12,2020,Unknown,10.20,oe:team:33882d595cdafd472dc1ded1b7ee10b,TBA,lineup-adfbb16d71ee5892,1,pair-ba63e165135300b7,oe:player:61fb90977eb2e0633083133433c5554,oe:player:860b53367b46048f876924b3eda90ed,Coach Coso,Plux,-0.59685999
NA1/3612592359,2020-10-12,2020,Unknown,10.20,oe:team:33882d595cdafd472dc1ded1b7ee10b,TBA,lineup-adfbb16d71ee5892,1,pair-158aefaaa7b99cc4,oe:player:61fb90977eb2e0633083133433c5554,oe:player:954fd996438b8fd035a5c7ffb6f6066,Coach Coso,Goo,-0.37889554
NA1/3612592359,2020-10-12,2020,Unknown,10.20,oe:team:33882d595cdafd472dc1ded1b7ee10b,TBA,lineup-adfbb16d71ee5892,1,pair-4a57837d3facacf3,oe:player:61fb90977eb2e0633083133433c5554,oe:player:97a03ee352a6f5252f1f93019e992f9,Coach Coso,Cozy,-0.46502593
NA1/3612592359,2020-10-12,2020,Unknown,10.20,oe:team:33882d595cdafd472dc1ded1b7ee10b,TBA,lineup-adfbb16d71ee5892,1,pair-aabe7a6b03db9b8d,oe:player:860b53367b46048f876924b3eda90ed,oe:player:954fd996438b8fd035a5c7ffb6f6066,Plux,Goo,0.73379925
NA1/3612592359,2020-10-12,2020,Unknown,10.20,oe:team:33882d595cdafd472dc1ded1b7ee10b,TBA,lineup-adfbb16d71ee5892,1,pair-9b0098b042fc8194,oe:player:860b53367b46048f876924b3eda90ed,oe:player:97a03ee352a6f5252f1f93019e992f9,Plux,Cozy,0.64766887
NA1/3612592359,2020-10-12,2020,Unknown,10.20,oe:team:33882d595cdafd472dc1ded1b7ee10b,TBA,lineup-adfbb16d71ee5892,1,pair-e4575919630fc1a1,oe:player:954fd996438b8fd035a5c7ffb6f6066,oe:player:97a03ee352a6f5252f1f93019e992f9,Goo,Cozy,0.86563331
NA1/3612642009,2020-10-11,2020,Unknown,10.20,name-team-bbf4d270ed871a83,unknown team,lineup-a0c2e50823decda6,0,pair-8edf3381470a8888,name-player-d72bd85e71031dbd,oe:player:1a6336ee76ad050220d9dd4c432228c,unknown player,KhaliDino,-0.11539607
NA1/3612642009,2020-10-11,2020,Unknown,10.20,name-team-bbf4d270ed871a83,unknown team,lineup-a0c2e50823decda6,0,pair-679982e884bad697,name-player-d72bd85e71031dbd,oe:player:1f2dacafcb86c606a3510a284e73e17,unknown player,Detention,0.20932117
NA1/3612642009,2020-10-11,2020,Unknown,10.20,name-team-bbf4d270ed871a83,unknown team,lineup-a0c2e50823decda6,0,pair-108453fb9045c518,name-player-d72bd85e71031dbd,oe:player:98507570b7ae6c8019192bc1b5412c1,unknown player,Porsche,-0.28144141
NA1/3612642009,2020-10-11,2020,Unknown,10.20,name-team-bbf4d270ed871a83,unknown team,lineup-a0c2e50823decda6,0,pair-bff71afb2f7716b0,name-player-d72bd85e71031dbd,oe:player:b52e38e9119ec4125f1fdc9035344b8,unknown player,Logia,-1.03301497
NA1/3612642009,2020-10-11,2020,Unknown,10.20,name-team-bbf4d270ed871a83,unknown team,lineup-a0c2e50823decda6,0,pair-89f13965f7718912,oe:player:1a6336ee76ad050220d9dd4c432228c,oe:player:1f2dacafcb86c606a3510a284e73e17,KhaliDino,Detention,0.11329334
NA1/3612642009,2020-10-11,2020,Unknown,10.20,name-team-bbf4d270ed871a83,unknown team,lineup-a0c2e50823decda6,0,pair-6622f96907feb04d,oe:player:1a6336ee76ad050220d9dd4c432228c,oe:player:98507570b7ae6c8019192bc1b5412c1,KhaliDino,Porsche,-0.37746924
NA1/3612642009,2020-10-11,2020,Unknown,10.20,name-team-bbf4d270ed871a83,unknown team,lineup-a0c2e50823decda6,0,pair-599a49275ab16538,oe:player:1a6336ee76ad050220d9dd4c432228c,oe:player:b52e38e9119ec4125f1fdc9035344b8,KhaliDino,Logia,-1.12904280
NA1/3612642009,2020-10-11,2020,Unknown,10.20,name-team-bbf4d270ed871a83,unknown team,lineup-a0c2e50823decda6,0,pair-b81070897538e722,oe:player:1f2dacafcb86c606a3510a284e73e17,oe:player:98507570b7ae6c8019192bc1b5412c1,Detention,Porsche,-0.05275200
NA1/3612642009,2020-10-11,2020,Unknown,10.20,name-team-bbf4d270ed871a83,unknown team,lineup-a0c2e50823decda6,0,pair-f3c5164ac919f2e8,oe:player:1f2dacafcb86c606a3510a284e73e17,oe:player:b52e38e9119ec4125f1fdc9035344b8,Detention,Logia,-0.80432556
NA1/3612642009,2020-10-11,2020,Unknown,10.20,name-team-bbf4d270ed871a83,unknown team,lineup-a0c2e50823decda6,0,pair-ec95838293904afd,oe:player:98507570b7ae6c8019192bc1b5412c1,oe:player:b52e38e9119ec4125f1fdc9035344b8,Porsche,Logia,-1.29508814
NA1/3612642009,2020-10-11,2020,Unknown,10.20,oe:team:33882d595cdafd472dc1ded1b7ee10b,TBA,lineup-adfbb16d71ee5892,1,pair-7849062e136505d1,oe:player:506d63191c3a0485207a97d1303614e,oe:player:61fb90977eb2e0633083133433c5554,SeanTheGod,Coach Coso,-0.90122791
NA1/3612642009,2020-10-11,2020,Unknown,10.20,oe:team:33882d595cdafd472dc1ded1b7ee10b,TBA,lineup-adfbb16d71ee5892,1,pair-54f9c733749ca50f,oe:player:506d63191c3a0485207a97d1303614e,oe:player:860b53367b46048f876924b3eda90ed,SeanTheGod,Plux,-0.64137710
NA1/3612642009,2020-10-11,2020,Unknown,10.20,oe:team:33882d595cdafd472dc1ded1b7ee10b,TBA,lineup-adfbb16d71ee5892,1,pair-164ca5c91865440d,oe:player:506d63191c3a0485207a97d1303614e,oe:player:954fd996438b8fd035a5c7ffb6f6066,SeanTheGod,Goo,1.16491941
NA1/3612642009,2020-10-11,2020,Unknown,10.20,oe:team:33882d595cdafd472dc1ded1b7ee10b,TBA,lineup-adfbb16d71ee5892,1,pair-fad20bbcd05bb64e,oe:player:506d63191c3a0485207a97d1303614e,oe:player:97a03ee352a6f5252f1f93019e992f9,SeanTheGod,Cozy,0.25958321
NA1/3612642009,2020-10-11,2020,Unknown,10.20,oe:team:33882d595cdafd472dc1ded1b7ee10b,TBA,lineup-adfbb16d71ee5892,1,pair-ba63e165135300b7,oe:player:61fb90977eb2e0633083133433c5554,oe:player:860b53367b46048f876924b3eda90ed,Coach Coso,Plux,-1.03092747
NA1/3612642009,2020-10-11,2020,Unknown,10.20,oe:team:33882d595cdafd472dc1ded1b7ee10b,TBA,lineup-adfbb16d71ee5892,1,pair-158aefaaa7b99cc4,oe:player:61fb90977eb2e0633083133433c5554,oe:player:954fd996438b8fd035a5c7ffb6f6066,Coach Coso,Goo,0.77536904
NA1/3612642009,2020-10-11,2020,Unknown,10.20,oe:team:33882d595cdafd472dc1ded1b7ee10b,TBA,lineup-adfbb16d71ee5892,1,pair-4a57837d3facacf3,oe:player:61fb90977eb2e0633083133433c5554,oe:player:97a03ee352a6f5252f1f93019e992f9,Coach Coso,Cozy,-0.12996716
NA1/3612642009,2020-10-11,2020,Unknown,10.20,oe:team:33882d595cdafd472dc1ded1b7ee10b,TBA,lineup-adfbb16d71ee5892,1,pair-aabe7a6b03db9b8d,oe:player:860b53367b46048f876924b3eda90ed,oe:player:954fd996438b8fd035a5c7ffb6f6066,Plux,Goo,1.03521984
NA1/3612642009,2020-10-11,2020,Unknown,10.20,oe:team:33882d595cdafd472dc1ded1b7ee10b,TBA,lineup-adfbb16d71ee5892,1,pair-9b0098b042fc8194,oe:player:860b53367b46048f876924b3eda90ed,oe:player:97a03ee352a6f5252f1f93019e992f9,Plux,Cozy,0.12988365
NA1/3612642009,2020-10-11,2020,Unknown,10.20,oe:team:33882d595cdafd472dc1ded1b7ee10b,TBA,lineup-adfbb16d71ee5892,1,pair-e4575919630fc1a1,oe:player:954fd996438b8fd035a5c7ffb6f6066,oe:player:97a03ee352a6f5252f1f93019e992f9,Goo,Cozy,1.93618015
NA1/3612851405,2020-10-11,2020,Unknown,10.20,name-team-bbf4d270ed871a83,unknown team,lineup-f63fba3c42f623ee,0,pair-8a3311fc1fb9b05e,name-player-d72bd85e71031dbd,oe:player:04013bb5c441bcda958f8621c9e0930,unknown player,PJer,-0.34643394
NA1/3612851405,2020-10-11,2020,Unknown,10.20,name-team-bbf4d270ed871a83,unknown team,lineup-f63fba3c42f623ee,0,pair-b793ab41dc469e21,name-player-d72bd85e71031dbd,oe:player:77c37fc18d1eb4e682253c8716086bd,unknown player,Laurentiu,0.02673363
NA1/3612851405,2020-10-11,2020,Unknown,10.20,name-team-bbf4d270ed871a83,unknown team,lineup-f63fba3c42f623ee,0,pair-01d9d7be8555f0ad,name-player-d72bd85e71031dbd,oe:player:dd83256af5ca245530d216b14c63cf4,unknown player,Verdict,0.17864215
NA1/3612851405,2020-10-11,2020,Unknown,10.20,name-team-bbf4d270ed871a83,unknown team,lineup-f63fba3c42f623ee,0,pair-7b8584ec5b38255c,name-player-d72bd85e71031dbd,oe:player:e0c83c2a57ab3f97e5e5def851b8c9d,unknown player,Kedeck,0.75999052
NA1/3612851405,2020-10-11,2020,Unknown,10.20,name-team-bbf4d270ed871a83,unknown team,lineup-f63fba3c42f623ee,0,pair-f9be97f1e07789de,oe:player:04013bb5c441bcda958f8621c9e0930,oe:player:77c37fc18d1eb4e682253c8716086bd,PJer,Laurentiu,-0.58879405
NA1/3612851405,2020-10-11,2020,Unknown,10.20,name-team-bbf4d270ed871a83,unknown team,lineup-f63fba3c42f623ee,0,pair-10a74bc0433b9800,oe:player:04013bb5c441bcda958f8621c9e0930,oe:player:dd83256af5ca245530d216b14c63cf4,PJer,Verdict,-0.43688552
NA1/3612851405,2020-10-11,2020,Unknown,10.20,name-team-bbf4d270ed871a83,unknown team,lineup-f63fba3c42f623ee,0,pair-12d590a4e0ff257b,oe:player:04013bb5c441bcda958f8621c9e0930,oe:player:e0c83c2a57ab3f97e5e5def851b8c9d,PJer,Kedeck,0.14446285
NA1/3612851405,2020-10-11,2020,Unknown,10.20,name-team-bbf4d270ed871a83,unknown team,lineup-f63fba3c42f623ee,0,pair-c09c90d75e8d68c6,oe:player:77c37fc18d1eb4e682253c8716086bd,oe:player:dd83256af5ca245530d216b14c63cf4,Laurentiu,Verdict,-0.06371796
NA1/3612851405,2020-10-11,2020,Unknown,10.20,name-team-bbf4d270ed871a83,unknown team,lineup-f63fba3c42f623ee,0,pair-09fa7552c0429c1c,oe:player:77c37fc18d1eb4e682253c8716086bd,oe:player:e0c83c2a57ab3f97e5e5def851b8c9d,Laurentiu,Kedeck,0.51763041
NA1/3612851405,2020-10-11,2020,Unknown,10.20,name-team-bbf4d270ed871a83,unknown team,lineup-f63fba3c42f623ee,0,pair-96e1547e6d6d31a9,oe:player:dd83256af5ca245530d216b14c63cf4,oe:player:e0c83c2a57ab3f97e5e5def851b8c9d,Verdict,Kedeck,0.66953894
NA1/3612851405,2020-10-11,2020,Unknown,10.20,oe:team:4c87a422072b2c1e754299a17ea36ce,Grand View University,lineup-c5ad5dc08870190d,1,pair-b14308939d1d7469,oe:player:1fb549aa840b4bd1dc4abefd8097172,oe:player:7d388393a4a19f739a249ce58eb7937,Teesum,learning brain,-0.03472600
NA1/3612851405,2020-10-11,2020,Unknown,10.20,oe:team:4c87a422072b2c1e754299a17ea36ce,Grand View University,lineup-c5ad5dc08870190d,1,pair-14ff00b81ca3627b,oe:player:1fb549aa840b4bd1dc4abefd8097172,oe:player:de3297dddd88e797bbd2ae490d2a9bc,Teesum,riversided,0.58765719
NA1/3612851405,2020-10-11,2020,Unknown,10.20,oe:team:4c87a422072b2c1e754299a17ea36ce,Grand View University,lineup-c5ad5dc08870190d,1,pair-7cc6092c4fa0fa4b,oe:player:1fb549aa840b4bd1dc4abefd8097172,oe:player:e57ef5f8ab42a0364a11b50f2a86b81,Teesum,ShorterACE,1.47029483
NA1/3612851405,2020-10-11,2020,Unknown,10.20,oe:team:4c87a422072b2c1e754299a17ea36ce,Grand View University,lineup-c5ad5dc08870190d,1,pair-c3a27a2b6ba72007,oe:player:1fb549aa840b4bd1dc4abefd8097172,oe:player:fba26591b2a75a8e370c2d51bc9eb90,Teesum,Azog,0.91043747
NA1/3612851405,2020-10-11,2020,Unknown,10.20,oe:team:4c87a422072b2c1e754299a17ea36ce,Grand View University,lineup-c5ad5dc08870190d,1,pair-1aee73e0be0d4fe3,oe:player:7d388393a4a19f739a249ce58eb7937,oe:player:de3297dddd88e797bbd2ae490d2a9bc,learning brain,riversided,0.06178784
NA1/3612851405,2020-10-11,2020,Unknown,10.20,oe:team:4c87a422072b2c1e754299a17ea36ce,Grand View University,lineup-c5ad5dc08870190d,1,pair-90f62f90aafeab53,oe:player:7d388393a4a19f739a249ce58eb7937,oe:player:e57ef5f8ab42a0364a11b50f2a86b81,learning brain,ShorterACE,0.94442548
NA1/3612851405,2020-10-11,2020,Unknown,10.20,oe:team:4c87a422072b2c1e754299a17ea36ce,Grand View University,lineup-c5ad5dc08870190d,1,pair-fa70825f41dc287c,oe:player:7d388393a4a19f739a249ce58eb7937,oe:player:fba26591b2a75a8e370c2d51bc9eb90,learning brain,Azog,0.38456812
NA1/3612851405,2020-10-11,2020,Unknown,10.20,oe:team:4c87a422072b2c1e754299a17ea36ce,Grand View University,lineup-c5ad5dc08870190d,1,pair-6bc5815fc3479331,oe:player:de3297dddd88e797bbd2ae490d2a9bc,oe:player:e57ef5f8ab42a0364a11b50f2a86b81,riversided,ShorterACE,1.56680867
NA1/3612851405,2020-10-11,2020,Unknown,10.20,oe:team:4c87a422072b2c1e754299a17ea36ce,Grand View University,lineup-c5ad5dc08870190d,1,pair-6ef0d7fd83c49066,oe:player:de3297dddd88e797bbd2ae490d2a9bc,oe:player:fba26591b2a75a8e370c2d51bc9eb90,riversided,Azog,1.00695131
NA1/3612851405,2020-10-11,2020,Unknown,10.20,oe:team:4c87a422072b2c1e754299a17ea36ce,Grand View University,lineup-c5ad5dc08870190d,1,pair-5971b4171c704d8d,oe:player:e57ef5f8ab42a0364a11b50f2a86b81,oe:player:fba26591b2a75a8e370c2d51bc9eb90,ShorterACE,Azog,1.88958895
NA1/3612851829,2020-10-12,2020,Unknown,10.20,name-team-bbf4d270ed871a83,unknown team,lineup-f63fba3c42f623ee,0,pair-8a3311fc1fb9b05e,name-player-d72bd85e71031dbd,oe:player:04013bb5c441bcda958f8621c9e0930,unknown player,PJer,-1.27813952
NA1/3612851829,2020-10-12,2020,Unknown,10.20,name-team-bbf4d270ed871a83,unknown team,lineup-f63fba3c42f623ee,0,pair-b793ab41dc469e21,name-player-d72bd85e71031dbd,oe:player:77c37fc18d1eb4e682253c8716086bd,unknown player,Laurentiu,-1.26609041
NA1/3612851829,2020-10-12,2020,Unknown,10.20,name-team-bbf4d270ed871a83,unknown team,lineup-f63fba3c42f623ee,0,pair-01d9d7be8555f0ad,name-player-d72bd85e71031dbd,oe:player:dd83256af5ca245530d216b14c63cf4,unknown player,Verdict,-0.38155106
NA1/3612851829,2020-10-12,2020,Unknown,10.20,name-team-bbf4d270ed871a83,unknown team,lineup-f63fba3c42f623ee,0,pair-7b8584ec5b38255c,name-player-d72bd85e71031dbd,oe:player:e0c83c2a57ab3f97e5e5def851b8c9d,unknown player,Kedeck,-1.14660039
NA1/3612851829,2020-10-12,2020,Unknown,10.20,name-team-bbf4d270ed871a83,unknown team,lineup-f63fba3c42f623ee,0,pair-f9be97f1e07789de,oe:player:04013bb5c441bcda958f8621c9e0930,oe:player:77c37fc18d1eb4e682253c8716086bd,PJer,Laurentiu,-1.00677364
NA1/3612851829,2020-10-12,2020,Unknown,10.20,name-team-bbf4d270ed871a83,unknown team,lineup-f63fba3c42f623ee,0,pair-10a74bc0433b9800,oe:player:04013bb5c441bcda958f8621c9e0930,oe:player:dd83256af5ca245530d216b14c63cf4,PJer,Verdict,-0.12223429
NA1/3612851829,2020-10-12,2020,Unknown,10.20,name-team-bbf4d270ed871a83,unknown team,lineup-f63fba3c42f623ee,0,pair-12d590a4e0ff257b,oe:player:04013bb5c441bcda958f8621c9e0930,oe:player:e0c83c2a57ab3f97e5e5def851b8c9d,PJer,Kedeck,-0.88728362
NA1/3612851829,2020-10-12,2020,Unknown,10.20,name-team-bbf4d270ed871a83,unknown team,lineup-f63fba3c42f623ee,0,pair-c09c90d75e8d68c6,oe:player:77c37fc18d1eb4e682253c8716086bd,oe:player:dd83256af5ca245530d216b14c63cf4,Laurentiu,Verdict,-0.11018518
NA1/3612851829,2020-10-12,2020,Unknown,10.20,name-team-bbf4d270ed871a83,unknown team,lineup-f63fba3c42f623ee,0,pair-09fa7552c0429c1c,oe:player:77c37fc18d1eb4e682253c8716086bd,oe:player:e0c83c2a57ab3f97e5e5def851b8c9d,Laurentiu,Kedeck,-0.87523451
NA1/3612851829,2020-10-12,2020,Unknown,10.20,name-team-bbf4d270ed871a83,unknown team,lineup-f63fba3c42f623ee,0,pair-96e1547e6d6d31a9,oe:player:dd83256af5ca245530d216b14c63cf4,oe:player:e0c83c2a57ab3f97e5e5def851b8c9d,Verdict,Kedeck,0.00930483
NA1/3612851829,2020-10-12,2020,Unknown,10.20,oe:team:4c87a422072b2c1e754299a17ea36ce,Grand View University,lineup-c5ad5dc08870190d,1,pair-b14308939d1d7469,oe:player:1fb549aa840b4bd1dc4abefd8097172,oe:player:7d388393a4a19f739a249ce58eb7937,Teesum,learning brain,-0.84745097
NA1/3612851829,2020-10-12,2020,Unknown,10.20,oe:team:4c87a422072b2c1e754299a17ea36ce,Grand View University,lineup-c5ad5dc08870190d,1,pair-14ff00b81ca3627b,oe:player:1fb549aa840b4bd1dc4abefd8097172,oe:player:de3297dddd88e797bbd2ae490d2a9bc,Teesum,riversided,-0.23792415
NA1/3612851829,2020-10-12,2020,Unknown,10.20,oe:team:4c87a422072b2c1e754299a17ea36ce,Grand View University,lineup-c5ad5dc08870190d,1,pair-7cc6092c4fa0fa4b,oe:player:1fb549aa840b4bd1dc4abefd8097172,oe:player:e57ef5f8ab42a0364a11b50f2a86b81,Teesum,ShorterACE,1.74633932
NA1/3612851829,2020-10-12,2020,Unknown,10.20,oe:team:4c87a422072b2c1e754299a17ea36ce,Grand View University,lineup-c5ad5dc08870190d,1,pair-c3a27a2b6ba72007,oe:player:1fb549aa840b4bd1dc4abefd8097172,oe:player:fba26591b2a75a8e370c2d51bc9eb90,Teesum,Azog,-0.04591646
NA1/3612851829,2020-10-12,2020,Unknown,10.20,oe:team:4c87a422072b2c1e754299a17ea36ce,Grand View University,lineup-c5ad5dc08870190d,1,pair-1aee73e0be0d4fe3,oe:player:7d388393a4a19f739a249ce58eb7937,oe:player:de3297dddd88e797bbd2ae490d2a9bc,learning brain,riversided,-0.56146485
NA1/3612851829,2020-10-12,2020,Unknown,10.20,oe:team:4c87a422072b2c1e754299a17ea36ce,Grand View University,lineup-c5ad5dc08870190d,1,pair-90f62f90aafeab53,oe:player:7d388393a4a19f739a249ce58eb7937,oe:player:e57ef5f8ab42a0364a11b50f2a86b81,learning brain,ShorterACE,1.42279862
NA1/3612851829,2020-10-12,2020,Unknown,10.20,oe:team:4c87a422072b2c1e754299a17ea36ce,Grand View University,lineup-c5ad5dc08870190d,1,pair-fa70825f41dc287c,oe:player:7d388393a4a19f739a249ce58eb7937,oe:player:fba26591b2a75a8e370c2d51bc9eb90,learning brain,Azog,-0.36945715
NA1/3612851829,2020-10-12,2020,Unknown,10.20,oe:team:4c87a422072b2c1e754299a17ea36ce,Grand View University,lineup-c5ad5dc08870190d,1,pair-6bc5815fc3479331,oe:player:de3297dddd88e797bbd2ae490d2a9bc,oe:player:e57ef5f8ab42a0364a11b50f2a86b81,riversided,ShorterACE,2.03232544
NA1/3612851829,2020-10-12,2020,Unknown,10.20,oe:team:4c87a422072b2c1e754299a17ea36ce,Grand View University,lineup-c5ad5dc08870190d,1,pair-6ef0d7fd83c49066,oe:player:de3297dddd88e797bbd2ae490d2a9bc,oe:player:fba26591b2a75a8e370c2d51bc9eb90,riversided,Azog,0.24006966
NA1/3612851829,2020-10-12,2020,Unknown,10.20,oe:team:4c87a422072b2c1e754299a17ea36ce,Grand View University,lineup-c5ad5dc08870190d,1,pair-5971b4171c704d8d,oe:player:e57ef5f8ab42a0364a11b50f2a86b81,oe:player:fba26591b2a75a8e370c2d51bc9eb90,ShorterACE,Azog,2.22433313
NA1/3619980971,2020-10-17,2020,Unknown,10.21,oe:team:01a3132448697cecc30364f52173670,Team Fish Taco,lineup-3f37f0ced401f8df,0,pair-9bd1952704ed566e,oe:player:2f8d775625d7bc8069ae313c9b2efbe,oe:player:a2b6b12931613f5bf1d12c8b10fe86a,Gbunny,Activeforce5,-1.20203719
NA1/3619980971,2020-10-17,2020,Unknown,10.21,oe:team:01a3132448697cecc30364f52173670,Team Fish Taco,lineup-3f37f0ced401f8df,0,pair-93a37f6d204ca6e1,oe:player:2f8d775625d7bc8069ae313c9b2efbe,oe:player:a458018e62a02db4f2cdbd20ed52aa3,Gbunny,CjSphinx,-0.73069194
NA1/3619980971,2020-10-17,2020,Unknown,10.21,oe:team:01a3132448697cecc30364f52173670,Team Fish Taco,lineup-3f37f0ced401f8df,0,pair-c17e232bbb031fab,oe:player:2f8d775625d7bc8069ae313c9b2efbe,oe:player:ac6c8ea090678bb181b8004e3efd830,Gbunny,Nightstar,-1.05194698
NA1/3619980971,2020-10-17,2020,Unknown,10.21,oe:team:01a3132448697cecc30364f52173670,Team Fish Taco,lineup-3f37f0ced401f8df,0,pair-eb0a5381e6fcd85c,oe:player:2f8d775625d7bc8069ae313c9b2efbe,oe:player:fc76a68e99896582334ae980a263e92,Gbunny,Ascent,-0.83626817
NA1/3619980971,2020-10-17,2020,Unknown,10.21,oe:team:01a3132448697cecc30364f52173670,Team Fish Taco,lineup-3f37f0ced401f8df,0,pair-d8386b43ac79ae7c,oe:player:a2b6b12931613f5bf1d12c8b10fe86a,oe:player:a458018e62a02db4f2cdbd20ed52aa3,Activeforce5,CjSphinx,-1.23699764
NA1/3619980971,2020-10-17,2020,Unknown,10.21,oe:team:01a3132448697cecc30364f52173670,Team Fish Taco,lineup-3f37f0ced401f8df,0,pair-30d3c3a473841bc6,oe:player:a2b6b12931613f5bf1d12c8b10fe86a,oe:player:ac6c8ea090678bb181b8004e3efd830,Activeforce5,Nightstar,-1.55825268
NA1/3619980971,2020-10-17,2020,Unknown,10.21,oe:team:01a3132448697cecc30364f52173670,Team Fish Taco,lineup-3f37f0ced401f8df,0,pair-d16e41cf9cb84809,oe:player:a2b6b12931613f5bf1d12c8b10fe86a,oe:player:fc76a68e99896582334ae980a263e92,Activeforce5,Ascent,-1.34257386
NA1/3619980971,2020-10-17,2020,Unknown,10.21,oe:team:01a3132448697cecc30364f52173670,Team Fish Taco,lineup-3f37f0ced401f8df,0,pair-be5b5b2e3f5fed4f,oe:player:a458018e62a02db4f2cdbd20ed52aa3,oe:player:ac6c8ea090678bb181b8004e3efd830,CjSphinx,Nightstar,-1.08690743
NA1/3619980971,2020-10-17,2020,Unknown,10.21,oe:team:01a3132448697cecc30364f52173670,Team Fish Taco,lineup-3f37f0ced401f8df,0,pair-cd407fa9dbdf34c0,oe:player:a458018e62a02db4f2cdbd20ed52aa3,oe:player:fc76a68e99896582334ae980a263e92,CjSphinx,Ascent,-0.87122862
NA1/3619980971,2020-10-17,2020,Unknown,10.21,oe:team:01a3132448697cecc30364f52173670,Team Fish Taco,lineup-3f37f0ced401f8df,0,pair-c4a1bf757810c465,oe:player:ac6c8ea090678bb181b8004e3efd830,oe:player:fc76a68e99896582334ae980a263e92,Nightstar,Ascent,-1.19248366
NA1/3619980971,2020-10-17,2020,Unknown,10.21,oe:team:333ba9fefa87eda14bd32c5420d7002,Winthrop University,lineup-fe1174db6342832b,1,pair-155ed4557785ce5c,oe:player:06ddb1ce4c3f4952ae6973d4c7ca345,oe:player:250959b1405337b1ccd82f6dd634cb3,Saskio,Haebaragi,-0.25589285
NA1/3619980971,2020-10-17,2020,Unknown,10.21,oe:team:333ba9fefa87eda14bd32c5420d7002,Winthrop University,lineup-fe1174db6342832b,1,pair-62511e3f444e093c,oe:player:06ddb1ce4c3f4952ae6973d4c7ca345,oe:player:339584e5b6ff20add38aa209f78eada,Saskio,Infectrix,0.00446828
NA1/3619980971,2020-10-17,2020,Unknown,10.21,oe:team:333ba9fefa87eda14bd32c5420d7002,Winthrop University,lineup-fe1174db6342832b,1,pair-66e4882570ae2158,oe:player:06ddb1ce4c3f4952ae6973d4c7ca345,oe:player:41c5f02f8439b36ea5d0d37c7b4a2c4,Saskio,Kenji,-0.02755945
NA1/3619980971,2020-10-17,2020,Unknown,10.21,oe:team:333ba9fefa87eda14bd32c5420d7002,Winthrop University,lineup-fe1174db6342832b,1,pair-e353919d08680fc9,oe:player:06ddb1ce4c3f4952ae6973d4c7ca345,oe:player:afcd3cdcf44e5da63f9e2a3dcb5ba50,Saskio,Doxa,0.54005147
NA1/3619980971,2020-10-17,2020,Unknown,10.21,oe:team:333ba9fefa87eda14bd32c5420d7002,Winthrop University,lineup-fe1174db6342832b,1,pair-2cd799de1a477aef,oe:player:250959b1405337b1ccd82f6dd634cb3,oe:player:339584e5b6ff20add38aa209f78eada,Haebaragi,Infectrix,-0.74547840
NA1/3619980971,2020-10-17,2020,Unknown,10.21,oe:team:333ba9fefa87eda14bd32c5420d7002,Winthrop University,lineup-fe1174db6342832b,1,pair-7941e99941504ab2,oe:player:250959b1405337b1ccd82f6dd634cb3,oe:player:41c5f02f8439b36ea5d0d37c7b4a2c4,Haebaragi,Kenji,-0.77750613
NA1/3619980971,2020-10-17,2020,Unknown,10.21,oe:team:333ba9fefa87eda14bd32c5420d7002,Winthrop University,lineup-fe1174db6342832b,1,pair-cb6bc019435d0c2b,oe:player:250959b1405337b1ccd82f6dd634cb3,oe:player:afcd3cdcf44e5da63f9e2a3dcb5ba50,Haebaragi,Doxa,-0.20989521
NA1/3619980971,2020-10-17,2020,Unknown,10.21,oe:team:333ba9fefa87eda14bd32c5420d7002,Winthrop University,lineup-fe1174db6342832b,1,pair-abb43b123d7e659e,oe:player:339584e5b6ff20add38aa209f78eada,oe:player:41c5f02f8439b36ea5d0d37c7b4a2c4,Infectrix,Kenji,-0.51714500
NA1/3619980971,2020-10-17,2020,Unknown,10.21,oe:team:333ba9fefa87eda14bd32c5420d7002,Winthrop University,lineup-fe1174db6342832b,1,pair-b873dd38161499b9,oe:player:339584e5b6ff20add38aa209f78eada,oe:player:afcd3cdcf44e5da63f9e2a3dcb5ba50,Infectrix,Doxa,0.05046592
NA1/3619980971,2020-10-17,2020,Unknown,10.21,oe:team:333ba9fefa87eda14bd32c5420d7002,Winthrop University,lineup-fe1174db6342832b,1,pair-00b1b5bcd5e48281,oe:player:41c5f02f8439b36ea5d0d37c7b4a2c4,oe:player:afcd3cdcf44e5da63f9e2a3dcb5ba50,Kenji,Doxa,0.01843819
NA1/3620010591,2020-10-17,2020,Unknown,10.21,oe:team:01a3132448697cecc30364f52173670,Team Fish Taco,lineup-efece1d14cb435ac,0,pair-d8386b43ac79ae7c,oe:player:a2b6b12931613f5bf1d12c8b10fe86a,oe:player:a458018e62a02db4f2cdbd20ed52aa3,Activeforce5,CjSphinx,-1.43369435
NA1/3620010591,2020-10-17,2020,Unknown,10.21,oe:team:01a3132448697cecc30364f52173670,Team Fish Taco,lineup-efece1d14cb435ac,0,pair-30d3c3a473841bc6,oe:player:a2b6b12931613f5bf1d12c8b10fe86a,oe:player:ac6c8ea090678bb181b8004e3efd830,Activeforce5,Nightstar,-1.28125784
NA1/3620010591,2020-10-17,2020,Unknown,10.21,oe:team:01a3132448697cecc30364f52173670,Team Fish Taco,lineup-efece1d14cb435ac,0,pair-c8a1f17d5ad86625,oe:player:a2b6b12931613f5bf1d12c8b10fe86a,oe:player:dc7924907d7528696354a5ea4814bbc,Activeforce5,Prussian,-0.88095188
NA1/3620010591,2020-10-17,2020,Unknown,10.21,oe:team:01a3132448697cecc30364f52173670,Team Fish Taco,lineup-efece1d14cb435ac,0,pair-d16e41cf9cb84809,oe:player:a2b6b12931613f5bf1d12c8b10fe86a,oe:player:fc76a68e99896582334ae980a263e92,Activeforce5,Ascent,-1.26779974
NA1/3620010591,2020-10-17,2020,Unknown,10.21,oe:team:01a3132448697cecc30364f52173670,Team Fish Taco,lineup-efece1d14cb435ac,0,pair-be5b5b2e3f5fed4f,oe:player:a458018e62a02db4f2cdbd20ed52aa3,oe:player:ac6c8ea090678bb181b8004e3efd830,CjSphinx,Nightstar,-1.11583939
NA1/3620010591,2020-10-17,2020,Unknown,10.21,oe:team:01a3132448697cecc30364f52173670,Team Fish Taco,lineup-efece1d14cb435ac,0,pair-c9b2d799425bbf41,oe:player:a458018e62a02db4f2cdbd20ed52aa3,oe:player:dc7924907d7528696354a5ea4814bbc,CjSphinx,Prussian,-0.71553343
NA1/3620010591,2020-10-17,2020,Unknown,10.21,oe:team:01a3132448697cecc30364f52173670,Team Fish Taco,lineup-efece1d14cb435ac,0,pair-cd407fa9dbdf34c0,oe:player:a458018e62a02db4f2cdbd20ed52aa3,oe:player:fc76a68e99896582334ae980a263e92,CjSphinx,Ascent,-1.10238129
NA1/3620010591,2020-10-17,2020,Unknown,10.21,oe:team:01a3132448697cecc30364f52173670,Team Fish Taco,lineup-efece1d14cb435ac,0,pair-94521cd372890e58,oe:player:ac6c8ea090678bb181b8004e3efd830,oe:player:dc7924907d7528696354a5ea4814bbc,Nightstar,Prussian,-0.56309692
NA1/3620010591,2020-10-17,2020,Unknown,10.21,oe:team:01a3132448697cecc30364f52173670,Team Fish Taco,lineup-efece1d14cb435ac,0,pair-c4a1bf757810c465,oe:player:ac6c8ea090678bb181b8004e3efd830,oe:player:fc76a68e99896582334ae980a263e92,Nightstar,Ascent,-0.94994478
NA1/3620010591,2020-10-17,2020,Unknown,10.21,oe:team:01a3132448697cecc30364f52173670,Team Fish Taco,lineup-efece1d14cb435ac,0,pair-dd295de16802b7d8,oe:player:dc7924907d7528696354a5ea4814bbc,oe:player:fc76a68e99896582334ae980a263e92,Prussian,Ascent,-0.54963882
NA1/3620010591,2020-10-17,2020,Unknown,10.21,oe:team:333ba9fefa87eda14bd32c5420d7002,Winthrop University,lineup-fe1174db6342832b,1,pair-155ed4557785ce5c,oe:player:06ddb1ce4c3f4952ae6973d4c7ca345,oe:player:250959b1405337b1ccd82f6dd634cb3,Saskio,Haebaragi,-0.95632514
NA1/3620010591,2020-10-17,2020,Unknown,10.21,oe:team:333ba9fefa87eda14bd32c5420d7002,Winthrop University,lineup-fe1174db6342832b,1,pair-62511e3f444e093c,oe:player:06ddb1ce4c3f4952ae6973d4c7ca345,oe:player:339584e5b6ff20add38aa209f78eada,Saskio,Infectrix,-0.53151043
NA1/3620010591,2020-10-17,2020,Unknown,10.21,oe:team:333ba9fefa87eda14bd32c5420d7002,Winthrop University,lineup-fe1174db6342832b,1,pair-66e4882570ae2158,oe:player:06ddb1ce4c3f4952ae6973d4c7ca345,oe:player:41c5f02f8439b36ea5d0d37c7b4a2c4,Saskio,Kenji,-0.08102088
NA1/3620010591,2020-10-17,2020,Unknown,10.21,oe:team:333ba9fefa87eda14bd32c5420d7002,Winthrop University,lineup-fe1174db6342832b,1,pair-e353919d08680fc9,oe:player:06ddb1ce4c3f4952ae6973d4c7ca345,oe:player:afcd3cdcf44e5da63f9e2a3dcb5ba50,Saskio,Doxa,1.29365038
NA1/3620010591,2020-10-17,2020,Unknown,10.21,oe:team:333ba9fefa87eda14bd32c5420d7002,Winthrop University,lineup-fe1174db6342832b,1,pair-2cd799de1a477aef,oe:player:250959b1405337b1ccd82f6dd634cb3,oe:player:339584e5b6ff20add38aa209f78eada,Haebaragi,Infectrix,-0.68222166
NA1/3620010591,2020-10-17,2020,Unknown,10.21,oe:team:333ba9fefa87eda14bd32c5420d7002,Winthrop University,lineup-fe1174db6342832b,1,pair-7941e99941504ab2,oe:player:250959b1405337b1ccd82f6dd634cb3,oe:player:41c5f02f8439b36ea5d0d37c7b4a2c4,Haebaragi,Kenji,-0.23173211
NA1/3620010591,2020-10-17,2020,Unknown,10.21,oe:team:333ba9fefa87eda14bd32c5420d7002,Winthrop University,lineup-fe1174db6342832b,1,pair-cb6bc019435d0c2b,oe:player:250959b1405337b1ccd82f6dd634cb3,oe:player:afcd3cdcf44e5da63f9e2a3dcb5ba50,Haebaragi,Doxa,1.14293915
NA1/3620010591,2020-10-17,2020,Unknown,10.21,oe:team:333ba9fefa87eda14bd32c5420d7002,Winthrop University,lineup-fe1174db6342832b,1,pair-abb43b123d7e659e,oe:player:339584e5b6ff20add38aa209f78eada,oe:player:41c5f02f8439b36ea5d0d37c7b4a2c4,Infectrix,Kenji,0.19308260
NA1/3620010591,2020-10-17,2020,Unknown,10.21,oe:team:333ba9fefa87eda14bd32c5420d7002,Winthrop University,lineup-fe1174db6342832b,1,pair-b873dd38161499b9,oe:player:339584e5b6ff20add38aa209f78eada,oe:player:afcd3cdcf44e5da63f9e2a3dcb5ba50,Infectrix,Doxa,1.56775387
NA1/3620010591,2020-10-17,2020,Unknown,10.21,oe:team:333ba9fefa87eda14bd32c5420d7002,Winthrop University,lineup-fe1174db6342832b,1,pair-00b1b5bcd5e48281,oe:player:41c5f02f8439b36ea5d0d37c7b4a2c4,oe:player:afcd3cdcf44e5da63f9e2a3dcb5ba50,Kenji,Doxa,2.01824341
NA1/3622910805,2020-10-18,2020,Unknown,10.21,oe:team:333ba9fefa87eda14bd32c5420d7002,Winthrop University,lineup-6d9eb37c5acfb214,0,pair-e7fc571a51f9d72f,oe:player:06ddb1ce4c3f4952ae6973d4c7ca345,oe:player:205dc545e21bb07b657e0f193af6887,Saskio,Clyde,-0.83602130
NA1/3622910805,2020-10-18,2020,Unknown,10.21,oe:team:333ba9fefa87eda14bd32c5420d7002,Winthrop University,lineup-6d9eb37c5acfb214,0,pair-155ed4557785ce5c,oe:player:06ddb1ce4c3f4952ae6973d4c7ca345,oe:player:250959b1405337b1ccd82f6dd634cb3,Saskio,Haebaragi,-0.27827687
NA1/3622910805,2020-10-18,2020,Unknown,10.21,oe:team:333ba9fefa87eda14bd32c5420d7002,Winthrop University,lineup-6d9eb37c5acfb214,0,pair-62511e3f444e093c,oe:player:06ddb1ce4c3f4952ae6973d4c7ca345,oe:player:339584e5b6ff20add38aa209f78eada,Saskio,Infectrix,-0.31522536
NA1/3622910805,2020-10-18,2020,Unknown,10.21,oe:team:333ba9fefa87eda14bd32c5420d7002,Winthrop University,lineup-6d9eb37c5acfb214,0,pair-e353919d08680fc9,oe:player:06ddb1ce4c3f4952ae6973d4c7ca345,oe:player:afcd3cdcf44e5da63f9e2a3dcb5ba50,Saskio,Doxa,-0.36347421
NA1/3622910805,2020-10-18,2020,Unknown,10.21,oe:team:333ba9fefa87eda14bd32c5420d7002,Winthrop University,lineup-6d9eb37c5acfb214,0,pair-1326ca86e77a2f4a,oe:player:205dc545e21bb07b657e0f193af6887,oe:player:250959b1405337b1ccd82f6dd634cb3,Clyde,Haebaragi,-0.37003783
NA1/3622910805,2020-10-18,2020,Unknown,10.21,oe:team:333ba9fefa87eda14bd32c5420d7002,Winthrop University,lineup-6d9eb37c5acfb214,0,pair-76b2a58ba600cdd0,oe:player:205dc545e21bb07b657e0f193af6887,oe:player:339584e5b6ff20add38aa209f78eada,Clyde,Infectrix,-0.40698631
NA1/3622910805,2020-10-18,2020,Unknown,10.21,oe:team:333ba9fefa87eda14bd32c5420d7002,Winthrop University,lineup-6d9eb37c5acfb214,0,pair-560377d4d40695d2,oe:player:205dc545e21bb07b657e0f193af6887,oe:player:afcd3cdcf44e5da63f9e2a3dcb5ba50,Clyde,Doxa,-0.45523517
NA1/3622910805,2020-10-18,2020,Unknown,10.21,oe:team:333ba9fefa87eda14bd32c5420d7002,Winthrop University,lineup-6d9eb37c5acfb214,0,pair-2cd799de1a477aef,oe:player:250959b1405337b1ccd82f6dd634cb3,oe:player:339584e5b6ff20add38aa209f78eada,Haebaragi,Infectrix,0.15075812
NA1/3622910805,2020-10-18,2020,Unknown,10.21,oe:team:333ba9fefa87eda14bd32c5420d7002,Winthrop University,lineup-6d9eb37c5acfb214,0,pair-cb6bc019435d0c2b,oe:player:250959b1405337b1ccd82f6dd634cb3,oe:player:afcd3cdcf44e5da63f9e2a3dcb5ba50,Haebaragi,Doxa,0.10250926
NA1/3622910805,2020-10-18,2020,Unknown,10.21,oe:team:333ba9fefa87eda14bd32c5420d7002,Winthrop University,lineup-6d9eb37c5acfb214,0,pair-b873dd38161499b9,oe:player:339584e5b6ff20add38aa209f78eada,oe:player:afcd3cdcf44e5da63f9e2a3dcb5ba50,Infectrix,Doxa,0.06556077
NA1/3622910805,2020-10-18,2020,Unknown,10.21,oe:team:7e2401900a9756d56a10b66590357fe,Dark Allegiance,lineup-23202622759e2b21,1,pair-5e028197501a0641,oe:player:28dc6796156fb243fc619681c680242,oe:player:4094cdb5b4ce1bd12736df16912a49e,Good Boi,Mekhio,0.81237764
NA1/3622910805,2020-10-18,2020,Unknown,10.21,oe:team:7e2401900a9756d56a10b66590357fe,Dark Allegiance,lineup-23202622759e2b21,1,pair-dcb70ac747d5f3b3,oe:player:28dc6796156fb243fc619681c680242,oe:player:4b8fa1ed371220801e5d3083359b63e,Good Boi,Enigma,0.15132090
NA1/3622910805,2020-10-18,2020,Unknown,10.21,oe:team:7e2401900a9756d56a10b66590357fe,Dark Allegiance,lineup-23202622759e2b21,1,pair-6868900a5544fa09,oe:player:28dc6796156fb243fc619681c680242,oe:player:e6ae8c3fc74814cd25df5e3da9347d1,Good Boi,Best Poutine QC,-0.02801414
NA1/3622910805,2020-10-18,2020,Unknown,10.21,oe:team:7e2401900a9756d56a10b66590357fe,Dark Allegiance,lineup-23202622759e2b21,1,pair-72ec6c49281865ba,oe:player:28dc6796156fb243fc619681c680242,oe:player:fd63d76c390835d150b487e0326a033,Good Boi,petitpois,-0.27560192
NA1/3622910805,2020-10-18,2020,Unknown,10.21,oe:team:7e2401900a9756d56a10b66590357fe,Dark Allegiance,lineup-23202622759e2b21,1,pair-276a3c75b9970cd1,oe:player:4094cdb5b4ce1bd12736df16912a49e,oe:player:4b8fa1ed371220801e5d3083359b63e,Mekhio,Enigma,0.45768491
NA1/3622910805,2020-10-18,2020,Unknown,10.21,oe:team:7e2401900a9756d56a10b66590357fe,Dark Allegiance,lineup-23202622759e2b21,1,pair-23553e563e922584,oe:player:4094cdb5b4ce1bd12736df16912a49e,oe:player:e6ae8c3fc74814cd25df5e3da9347d1,Mekhio,Best Poutine QC,0.27834988
NA1/3622910805,2020-10-18,2020,Unknown,10.21,oe:team:7e2401900a9756d56a10b66590357fe,Dark Allegiance,lineup-23202622759e2b21,1,pair-2a6159e23fa6703b,oe:player:4094cdb5b4ce1bd12736df16912a49e,oe:player:fd63d76c390835d150b487e0326a033,Mekhio,petitpois,0.03076209
NA1/3622910805,2020-10-18,2020,Unknown,10.21,oe:team:7e2401900a9756d56a10b66590357fe,Dark Allegiance,lineup-23202622759e2b21,1,pair-23b1ad10455ef6fb,oe:player:4b8fa1ed371220801e5d3083359b63e,oe:player:e6ae8c3fc74814cd25df5e3da9347d1,Enigma,Best Poutine QC,-0.38270686
NA1/3622910805,2020-10-18,2020,Unknown,10.21,oe:team:7e2401900a9756d56a10b66590357fe,Dark Allegiance,lineup-23202622759e2b21,1,pair-e7b19738d5a2bb74,oe:player:4b8fa1ed371220801e5d3083359b63e,oe:player:fd63d76c390835d150b487e0326a033,Enigma,petitpois,-0.63029464
NA1/3622910805,2020-10-18,2020,Unknown,10.21,oe:team:7e2401900a9756d56a10b66590357fe,Dark Allegiance,lineup-23202622759e2b21,1,pair-387405edd23ba50a,oe:player:e6ae8c3fc74814cd25df5e3da9347d1,oe:player:fd63d76c390835d150b487e0326a033,Best Poutine QC,petitpois,-0.80962968
NA1/3622911107,2020-10-19,2020,Unknown,10.21,oe:team:333ba9fefa87eda14bd32c5420d7002,Winthrop University,lineup-6d9eb37c5acfb214,1,pair-e7fc571a51f9d72f,oe:player:06ddb1ce4c3f4952ae6973d4c7ca345,oe:player:205dc545e21bb07b657e0f193af6887,Saskio,Clyde,-0.59223210
NA1/3622911107,2020-10-19,2020,Unknown,10.21,oe:team:333ba9fefa87eda14bd32c5420d7002,Winthrop University,lineup-6d9eb37c5acfb214,1,pair-155ed4557785ce5c,oe:player:06ddb1ce4c3f4952ae6973d4c7ca345,oe:player:250959b1405337b1ccd82f6dd634cb3,Saskio,Haebaragi,-0.84656806
NA1/3622911107,2020-10-19,2020,Unknown,10.21,oe:team:333ba9fefa87eda14bd32c5420d7002,Winthrop University,lineup-6d9eb37c5acfb214,1,pair-62511e3f444e093c,oe:player:06ddb1ce4c3f4952ae6973d4c7ca345,oe:player:339584e5b6ff20add38aa209f78eada,Saskio,Infectrix,0.02820374
NA1/3622911107,2020-10-19,2020,Unknown,10.21,oe:team:333ba9fefa87eda14bd32c5420d7002,Winthrop University,lineup-6d9eb37c5acfb214,1,pair-e353919d08680fc9,oe:player:06ddb1ce4c3f4952ae6973d4c7ca345,oe:player:afcd3cdcf44e5da63f9e2a3dcb5ba50,Saskio,Doxa,-0.12896299
NA1/3622911107,2020-10-19,2020,Unknown,10.21,oe:team:333ba9fefa87eda14bd32c5420d7002,Winthrop University,lineup-6d9eb37c5acfb214,1,pair-1326ca86e77a2f4a,oe:player:205dc545e21bb07b657e0f193af6887,oe:player:250959b1405337b1ccd82f6dd634cb3,Clyde,Haebaragi,-0.58886325
NA1/3622911107,2020-10-19,2020,Unknown,10.21,oe:team:333ba9fefa87eda14bd32c5420d7002,Winthrop University,lineup-6d9eb37c5acfb214,1,pair-76b2a58ba600cdd0,oe:player:205dc545e21bb07b657e0f193af6887,oe:player:339584e5b6ff20add38aa209f78eada,Clyde,Infectrix,0.28590855
NA1/3622911107,2020-10-19,2020,Unknown,10.21,oe:team:333ba9fefa87eda14bd32c5420d7002,Winthrop University,lineup-6d9eb37c5acfb214,1,pair-560377d4d40695d2,oe:player:205dc545e21bb07b657e0f193af6887,oe:player:afcd3cdcf44e5da63f9e2a3dcb5ba50,Clyde,Doxa,0.12874182
NA1/3622911107,2020-10-19,2020,Unknown,10.21,oe:team:333ba9fefa87eda14bd32c5420d7002,Winthrop University,lineup-6d9eb37c5acfb214,1,pair-2cd799de1a477aef,oe:player:250959b1405337b1ccd82f6dd634cb3,oe:player:339584e5b6ff20add38aa209f78eada,Haebaragi,Infectrix,0.03157259
NA1/3622911107,2020-10-19,2020,Unknown,10.21,oe:team:333ba9fefa87eda14bd32c5420d7002,Winthrop University,lineup-6d9eb37c5acfb214,1,pair-cb6bc019435d0c2b,oe:player:250959b1405337b1ccd82f6dd634cb3,oe:player:afcd3cdcf44e5da63f9e2a3dcb5ba50,Haebaragi,Doxa,-0.12559414
NA1/3622911107,2020-10-19,2020,Unknown,10.21,oe:team:333ba9fefa87eda14bd32c5420d7002,Winthrop University,lineup-6d9eb37c5acfb214,1,pair-b873dd38161499b9,oe:player:339584e5b6ff20add38aa209f78eada,oe:player:afcd3cdcf44e5da63f9e2a3dcb5ba50,Infectrix,Doxa,0.74917765
NA1/3622911107,2020-10-19,2020,Unknown,10.21,oe:team:7e2401900a9756d56a10b66590357fe,Dark Allegiance,lineup-23202622759e2b21,0,pair-5e028197501a0641,oe:player:28dc6796156fb243fc619681c680242,oe:player:4094cdb5b4ce1bd12736df16912a49e,Good Boi,Mekhio,-0.10174983
NA1/3622911107,2020-10-19,2020,Unknown,10.21,oe:team:7e2401900a9756d56a10b66590357fe,Dark Allegiance,lineup-23202622759e2b21,0,pair-dcb70ac747d5f3b3,oe:player:28dc6796156fb243fc619681c680242,oe:player:4b8fa1ed371220801e5d3083359b63e,Good Boi,Enigma,-0.64384118
NA1/3622911107,2020-10-19,2020,Unknown,10.21,oe:team:7e2401900a9756d56a10b66590357fe,Dark Allegiance,lineup-23202622759e2b21,0,pair-6868900a5544fa09,oe:player:28dc6796156fb243fc619681c680242,oe:player:e6ae8c3fc74814cd25df5e3da9347d1,Good Boi,Best Poutine QC,-0.85411844
NA1/3622911107,2020-10-19,2020,Unknown,10.21,oe:team:7e2401900a9756d56a10b66590357fe,Dark Allegiance,lineup-23202622759e2b21,0,pair-72ec6c49281865ba,oe:player:28dc6796156fb243fc619681c680242,oe:player:fd63d76c390835d150b487e0326a033,Good Boi,petitpois,-0.58064277
NA1/3622911107,2020-10-19,2020,Unknown,10.21,oe:team:7e2401900a9756d56a10b66590357fe,Dark Allegiance,lineup-23202622759e2b21,0,pair-276a3c75b9970cd1,oe:player:4094cdb5b4ce1bd12736df16912a49e,oe:player:4b8fa1ed371220801e5d3083359b63e,Mekhio,Enigma,-0.39495264
NA1/3622911107,2020-10-19,2020,Unknown,10.21,oe:team:7e2401900a9756d56a10b66590357fe,Dark Allegiance,lineup-23202622759e2b21,0,pair-23553e563e922584,oe:player:4094cdb5b4ce1bd12736df16912a49e,oe:player:e6ae8c3fc74814cd25df5e3da9347d1,Mekhio,Best Poutine QC,-0.60522990
NA1/3622911107,2020-10-19,2020,Unknown,10.21,oe:team:7e2401900a9756d56a10b66590357fe,Dark Allegiance,lineup-23202622759e2b21,0,pair-2a6159e23fa6703b,oe:player:4094cdb5b4ce1bd12736df16912a49e,oe:player:fd63d76c390835d150b487e0326a033,Mekhio,petitpois,-0.33175423
NA1/3622911107,2020-10-19,2020,Unknown,10.21,oe:team:7e2401900a9756d56a10b66590357fe,Dark Allegiance,lineup-23202622759e2b21,0,pair-23b1ad10455ef6fb,oe:player:4b8fa1ed371220801e5d3083359b63e,oe:player:e6ae8c3fc74814cd25df5e3da9347d1,Enigma,Best Poutine QC,-1.14732125
NA1/3622911107,2020-10-19,2020,Unknown,10.21,oe:team:7e2401900a9756d56a10b66590357fe,Dark Allegiance,lineup-23202622759e2b21,0,pair-e7b19738d5a2bb74,oe:player:4b8fa1ed371220801e5d3083359b63e,oe:player:fd63d76c390835d150b487e0326a033,Enigma,petitpois,-0.87384559
NA1/3622911107,2020-10-19,2020,Unknown,10.21,oe:team:7e2401900a9756d56a10b66590357fe,Dark Allegiance,lineup-23202622759e2b21,0,pair-387405edd23ba50a,oe:player:e6ae8c3fc74814cd25df5e3da9347d1,oe:player:fd63d76c390835d150b487e0326a033,Best Poutine QC,petitpois,-1.08412284
NA1/3622911173,2020-10-19,2020,Unknown,10.21,oe:team:4c87a422072b2c1e754299a17ea36ce,Grand View University,lineup-0fd2ac91c00b853e,0,pair-73af78889e557fcf,oe:player:98cba6472d95ae606a9ae863cfa5023,oe:player:b3709189c310ac24871a07dd4df6ef7,P1atypus,Kolthro,-0.42420577
NA1/3622911173,2020-10-19,2020,Unknown,10.21,oe:team:4c87a422072b2c1e754299a17ea36ce,Grand View University,lineup-0fd2ac91c00b853e,0,pair-559ca1ca127ad6fb,oe:player:98cba6472d95ae606a9ae863cfa5023,oe:player:d778769103b62e1222414cd182c4e25,P1atypus,Chookies,-0.97937599
NA1/3622911173,2020-10-19,2020,Unknown,10.21,oe:team:4c87a422072b2c1e754299a17ea36ce,Grand View University,lineup-0fd2ac91c00b853e,0,pair-798d02768552aa42,oe:player:98cba6472d95ae606a9ae863cfa5023,oe:player:de3297dddd88e797bbd2ae490d2a9bc,P1atypus,riversided,-0.72889426
NA1/3622911173,2020-10-19,2020,Unknown,10.21,oe:team:4c87a422072b2c1e754299a17ea36ce,Grand View University,lineup-0fd2ac91c00b853e,0,pair-fba6902cc33ac3a4,oe:player:98cba6472d95ae606a9ae863cfa5023,oe:player:fba26591b2a75a8e370c2d51bc9eb90,P1atypus,Azog,-0.98117761
NA1/3622911173,2020-10-19,2020,Unknown,10.21,oe:team:4c87a422072b2c1e754299a17ea36ce,Grand View University,lineup-0fd2ac91c00b853e,0,pair-ffcb5869d32c7468,oe:player:b3709189c310ac24871a07dd4df6ef7,oe:player:d778769103b62e1222414cd182c4e25,Kolthro,Chookies,-0.32894913
NA1/3622911173,2020-10-19,2020,Unknown,10.21,oe:team:4c87a422072b2c1e754299a17ea36ce,Grand View University,lineup-0fd2ac91c00b853e,0,pair-6735ac5e77a4ed28,oe:player:b3709189c310ac24871a07dd4df6ef7,oe:player:de3297dddd88e797bbd2ae490d2a9bc,Kolthro,riversided,-0.07846740
NA1/3622911173,2020-10-19,2020,Unknown,10.21,oe:team:4c87a422072b2c1e754299a17ea36ce,Grand View University,lineup-0fd2ac91c00b853e,0,pair-506111ea2569d96b,oe:player:b3709189c310ac24871a07dd4df6ef7,oe:player:fba26591b2a75a8e370c2d51bc9eb90,Kolthro,Azog,-0.33075075
NA1/3622911173,2020-10-19,2020,Unknown,10.21,oe:team:4c87a422072b2c1e754299a17ea36ce,Grand View University,lineup-0fd2ac91c00b853e,0,pair-dc0944633cef66bf,oe:player:d778769103b62e1222414cd182c4e25,oe:player:de3297dddd88e797bbd2ae490d2a9bc,Chookies,riversided,-0.63363762
NA1/3622911173,2020-10-19,2020,Unknown,10.21,oe:team:4c87a422072b2c1e754299a17ea36ce,Grand View University,lineup-0fd2ac91c00b853e,0,pair-1437f800b6946e6e,oe:player:d778769103b62e1222414cd182c4e25,oe:player:fba26591b2a75a8e370c2d51bc9eb90,Chookies,Azog,-0.88592097
NA1/3622911173,2020-10-19,2020,Unknown,10.21,oe:team:4c87a422072b2c1e754299a17ea36ce,Grand View University,lineup-0fd2ac91c00b853e,0,pair-6ef0d7fd83c49066,oe:player:de3297dddd88e797bbd2ae490d2a9bc,oe:player:fba26591b2a75a8e370c2d51bc9eb90,riversided,Azog,-0.63543923
NA1/3622911173,2020-10-19,2020,Unknown,10.21,oe:team:ab8a919db08c9f8321da77bc63cb31d,Louisiana State University,lineup-8591754cffcdec6e,1,pair-951d1255bb80638f,oe:player:0fe6cc268b58e582c12d3c0656f2752,oe:player:be0a4f6bb9c7188519e9d6046af21fe,PrincessKyle,TimmyTurner,-0.59390137
NA1/3622911173,2020-10-19,2020,Unknown,10.21,oe:team:ab8a919db08c9f8321da77bc63cb31d,Louisiana State University,lineup-8591754cffcdec6e,1,pair-dc8ba60016cfea6d,oe:player:0fe6cc268b58e582c12d3c0656f2752,oe:player:c37561481c6ce654b0cde3f0679c2f6,PrincessKyle,Sarcasm,0.86764356
NA1/3622911173,2020-10-19,2020,Unknown,10.21,oe:team:ab8a919db08c9f8321da77bc63cb31d,Louisiana State University,lineup-8591754cffcdec6e,1,pair-04bdc0683e56cb20,oe:player:0fe6cc268b58e582c12d3c0656f2752,oe:player:f47953470df9bb10b085870c5a4da8c,PrincessKyle,Ukiyo,-0.16589158
NA1/3622911173,2020-10-19,2020,Unknown,10.21,oe:team:ab8a919db08c9f8321da77bc63cb31d,Louisiana State University,lineup-8591754cffcdec6e,1,pair-8c36fc9a22382474,oe:player:0fe6cc268b58e582c12d3c0656f2752,oe:player:f6afb3ca3ac4cb969cc0c36330d8ee8,PrincessKyle,Airren,0.01337023
NA1/3622911173,2020-10-19,2020,Unknown,10.21,oe:team:ab8a919db08c9f8321da77bc63cb31d,Louisiana State University,lineup-8591754cffcdec6e,1,pair-588d13c6bed33612,oe:player:be0a4f6bb9c7188519e9d6046af21fe,oe:player:c37561481c6ce654b0cde3f0679c2f6,TimmyTurner,Sarcasm,0.88737967
NA1/3622911173,2020-10-19,2020,Unknown,10.21,oe:team:ab8a919db08c9f8321da77bc63cb31d,Louisiana State University,lineup-8591754cffcdec6e,1,pair-aa3be40b8f4d1e70,oe:player:be0a4f6bb9c7188519e9d6046af21fe,oe:player:f47953470df9bb10b085870c5a4da8c,TimmyTurner,Ukiyo,-0.14615547
NA1/3622911173,2020-10-19,2020,Unknown,10.21,oe:team:ab8a919db08c9f8321da77bc63cb31d,Louisiana State University,lineup-8591754cffcdec6e,1,pair-1691bf282dc5ff5c,oe:player:be0a4f6bb9c7188519e9d6046af21fe,oe:player:f6afb3ca3ac4cb969cc0c36330d8ee8,TimmyTurner,Airren,0.03310634
NA1/3622911173,2020-10-19,2020,Unknown,10.21,oe:team:ab8a919db08c9f8321da77bc63cb31d,Louisiana State University,lineup-8591754cffcdec6e,1,pair-b5e079e321674cfb,oe:player:c37561481c6ce654b0cde3f0679c2f6,oe:player:f47953470df9bb10b085870c5a4da8c,Sarcasm,Ukiyo,1.31538946
NA1/3622911173,2020-10-19,2020,Unknown,10.21,oe:team:ab8a919db08c9f8321da77bc63cb31d,Louisiana State University,lineup-8591754cffcdec6e,1,pair-1e919ce5d313dcc8,oe:player:c37561481c6ce654b0cde3f0679c2f6,oe:player:f6afb3ca3ac4cb969cc0c36330d8ee8,Sarcasm,Airren,1.49465127
NA1/3622911173,2020-10-19,2020,Unknown,10.21,oe:team:ab8a919db08c9f8321da77bc63cb31d,Louisiana State University,lineup-8591754cffcdec6e,1,pair-95a3480c9f4cbdf6,oe:player:f47953470df9bb10b085870c5a4da8c,oe:player:f6afb3ca3ac4cb969cc0c36330d8ee8,Ukiyo,Airren,0.46111613
NA1/3622911415,2020-10-19,2020,Unknown,10.21,oe:team:333ba9fefa87eda14bd32c5420d7002,Winthrop University,lineup-6d9eb37c5acfb214,1,pair-e7fc571a51f9d72f,oe:player:06ddb1ce4c3f4952ae6973d4c7ca345,oe:player:205dc545e21bb07b657e0f193af6887,Saskio,Clyde,0.17847164
NA1/3622911415,2020-10-19,2020,Unknown,10.21,oe:team:333ba9fefa87eda14bd32c5420d7002,Winthrop University,lineup-6d9eb37c5acfb214,1,pair-155ed4557785ce5c,oe:player:06ddb1ce4c3f4952ae6973d4c7ca345,oe:player:250959b1405337b1ccd82f6dd634cb3,Saskio,Haebaragi,0.83002396
NA1/3622911415,2020-10-19,2020,Unknown,10.21,oe:team:333ba9fefa87eda14bd32c5420d7002,Winthrop University,lineup-6d9eb37c5acfb214,1,pair-62511e3f444e093c,oe:player:06ddb1ce4c3f4952ae6973d4c7ca345,oe:player:339584e5b6ff20add38aa209f78eada,Saskio,Infectrix,0.30481487
NA1/3622911415,2020-10-19,2020,Unknown,10.21,oe:team:333ba9fefa87eda14bd32c5420d7002,Winthrop University,lineup-6d9eb37c5acfb214,1,pair-e353919d08680fc9,oe:player:06ddb1ce4c3f4952ae6973d4c7ca345,oe:player:afcd3cdcf44e5da63f9e2a3dcb5ba50,Saskio,Doxa,1.55945345
NA1/3622911415,2020-10-19,2020,Unknown,10.21,oe:team:333ba9fefa87eda14bd32c5420d7002,Winthrop University,lineup-6d9eb37c5acfb214,1,pair-1326ca86e77a2f4a,oe:player:205dc545e21bb07b657e0f193af6887,oe:player:250959b1405337b1ccd82f6dd634cb3,Clyde,Haebaragi,-0.08722182
NA1/3622911415,2020-10-19,2020,Unknown,10.21,oe:team:333ba9fefa87eda14bd32c5420d7002,Winthrop University,lineup-6d9eb37c5acfb214,1,pair-76b2a58ba600cdd0,oe:player:205dc545e21bb07b657e0f193af6887,oe:player:339584e5b6ff20add38aa209f78eada,Clyde,Infectrix,-0.61243091
NA1/3622911415,2020-10-19,2020,Unknown,10.21,oe:team:333ba9fefa87eda14bd32c5420d7002,Winthrop University,lineup-6d9eb37c5acfb214,1,pair-560377d4d40695d2,oe:player:205dc545e21bb07b657e0f193af6887,oe:player:afcd3cdcf44e5da63f9e2a3dcb5ba50,Clyde,Doxa,0.64220767
NA1/3622911415,2020-10-19,2020,Unknown,10.21,oe:team:333ba9fefa87eda14bd32c5420d7002,Winthrop University,lineup-6d9eb37c5acfb214,1,pair-2cd799de1a477aef,oe:player:250959b1405337b1ccd82f6dd634cb3,oe:player:339584e5b6ff20add38aa209f78eada,Haebaragi,Infectrix,0.03912141
NA1/3622911415,2020-10-19,2020,Unknown,10.21,oe:team:333ba9fefa87eda14bd32c5420d7002,Winthrop University,lineup-6d9eb37c5acfb214,1,pair-cb6bc019435d0c2b,oe:player:250959b1405337b1ccd82f6dd634cb3,oe:player:afcd3cdcf44e5da63f9e2a3dcb5ba50,Haebaragi,Doxa,1.29375999
NA1/3622911415,2020-10-19,2020,Unknown,10.21,oe:team:333ba9fefa87eda14bd32c5420d7002,Winthrop University,lineup-6d9eb37c5acfb214,1,pair-b873dd38161499b9,oe:player:339584e5b6ff20add38aa209f78eada,oe:player:afcd3cdcf44e5da63f9e2a3dcb5ba50,Infectrix,Doxa,0.76855090
NA1/3622911415,2020-10-19,2020,Unknown,10.21,oe:team:7e2401900a9756d56a10b66590357fe,Dark Allegiance,lineup-23202622759e2b21,0,pair-5e028197501a0641,oe:player:28dc6796156fb243fc619681c680242,oe:player:4094cdb5b4ce1bd12736df16912a49e,Good Boi,Mekhio,0.05923857
NA1/3622911415,2020-10-19,2020,Unknown,10.21,oe:team:7e2401900a9756d56a10b66590357fe,Dark Allegiance,lineup-23202622759e2b21,0,pair-dcb70ac747d5f3b3,oe:player:28dc6796156fb243fc619681c680242,oe:player:4b8fa1ed371220801e5d3083359b63e,Good Boi,Enigma,0.79114780
NA1/3622911415,2020-10-19,2020,Unknown,10.21,oe:team:7e2401900a9756d56a10b66590357fe,Dark Allegiance,lineup-23202622759e2b21,0,pair-6868900a5544fa09,oe:player:28dc6796156fb243fc619681c680242,oe:player:e6ae8c3fc74814cd25df5e3da9347d1,Good Boi,Best Poutine QC,0.17826957
NA1/3622911415,2020-10-19,2020,Unknown,10.21,oe:team:7e2401900a9756d56a10b66590357fe,Dark Allegiance,lineup-23202622759e2b21,0,pair-72ec6c49281865ba,oe:player:28dc6796156fb243fc619681c680242,oe:player:fd63d76c390835d150b487e0326a033,Good Boi,petitpois,0.33254992
NA1/3622911415,2020-10-19,2020,Unknown,10.21,oe:team:7e2401900a9756d56a10b66590357fe,Dark Allegiance,lineup-23202622759e2b21,0,pair-276a3c75b9970cd1,oe:player:4094cdb5b4ce1bd12736df16912a49e,oe:player:4b8fa1ed371220801e5d3083359b63e,Mekhio,Enigma,0.23649548
NA1/3622911415,2020-10-19,2020,Unknown,10.21,oe:team:7e2401900a9756d56a10b66590357fe,Dark Allegiance,lineup-23202622759e2b21,0,pair-23553e563e922584,oe:player:4094cdb5b4ce1bd12736df16912a49e,oe:player:e6ae8c3fc74814cd25df5e3da9347d1,Mekhio,Best Poutine QC,-0.37638274
NA1/3622911415,2020-10-19,2020,Unknown,10.21,oe:team:7e2401900a9756d56a10b66590357fe,Dark Allegiance,lineup-23202622759e2b21,0,pair-2a6159e23fa6703b,oe:player:4094cdb5b4ce1bd12736df16912a49e,oe:player:fd63d76c390835d150b487e0326a033,Mekhio,petitpois,-0.22210240
NA1/3622911415,2020-10-19,2020,Unknown,10.21,oe:team:7e2401900a9756d56a10b66590357fe,Dark Allegiance,lineup-23202622759e2b21,0,pair-23b1ad10455ef6fb,oe:player:4b8fa1ed371220801e5d3083359b63e,oe:player:e6ae8c3fc74814cd25df5e3da9347d1,Enigma,Best Poutine QC,0.35552649
NA1/3622911415,2020-10-19,2020,Unknown,10.21,oe:team:7e2401900a9756d56a10b66590357fe,Dark Allegiance,lineup-23202622759e2b21,0,pair-e7b19738d5a2bb74,oe:player:4b8fa1ed371220801e5d3083359b63e,oe:player:fd63d76c390835d150b487e0326a033,Enigma,petitpois,0.50980683
NA1/3622911415,2020-10-19,2020,Unknown,10.21,oe:team:7e2401900a9756d56a10b66590357fe,Dark Allegiance,lineup-23202622759e2b21,0,pair-387405edd23ba50a,oe:player:e6ae8c3fc74814cd25df5e3da9347d1,oe:player:fd63d76c390835d150b487e0326a033,Best Poutine QC,petitpois,-0.10307139
NA1/3622970465,2020-10-18,2020,Unknown,10.21,oe:team:4c87a422072b2c1e754299a17ea36ce,Grand View University,lineup-8e408be27d8852fd,0,pair-9941e490cdd6ea8e,oe:player:0efcbda713dd493e977b0741f41f87c,oe:player:1fb549aa840b4bd1dc4abefd8097172,Koskinen,Teesum,-1.03163012
NA1/3622970465,2020-10-18,2020,Unknown,10.21,oe:team:4c87a422072b2c1e754299a17ea36ce,Grand View University,lineup-8e408be27d8852fd,0,pair-a48e66d4e6f09d43,oe:player:0efcbda713dd493e977b0741f41f87c,oe:player:3062a9edba61382db75add4b3fe0eea,Koskinen,Disconnector,-1.46695147
NA1/3622970465,2020-10-18,2020,Unknown,10.21,oe:team:4c87a422072b2c1e754299a17ea36ce,Grand View University,lineup-8e408be27d8852fd,0,pair-49912526092c3729,oe:player:0efcbda713dd493e977b0741f41f87c,oe:player:7d388393a4a19f739a249ce58eb7937,Koskinen,learning brain,-1.22740890
NA1/3622970465,2020-10-18,2020,Unknown,10.21,oe:team:4c87a422072b2c1e754299a17ea36ce,Grand View University,lineup-8e408be27d8852fd,0,pair-0b6b6256fde17fd6,oe:player:0efcbda713dd493e977b0741f41f87c,oe:player:e57ef5f8ab42a0364a11b50f2a86b81,Koskinen,ShorterACE,-0.57267071
NA1/3622970465,2020-10-18,2020,Unknown,10.21,oe:team:4c87a422072b2c1e754299a17ea36ce,Grand View University,lineup-8e408be27d8852fd,0,pair-14d1499e9c1cbf4a,oe:player:1fb549aa840b4bd1dc4abefd8097172,oe:player:3062a9edba61382db75add4b3fe0eea,Teesum,Disconnector,-1.25415240
NA1/3622970465,2020-10-18,2020,Unknown,10.21,oe:team:4c87a422072b2c1e754299a17ea36ce,Grand View University,lineup-8e408be27d8852fd,0,pair-b14308939d1d7469,oe:player:1fb549aa840b4bd1dc4abefd8097172,oe:player:7d388393a4a19f739a249ce58eb7937,Teesum,learning brain,-1.01460983
NA1/3622970465,2020-10-18,2020,Unknown,10.21,oe:team:4c87a422072b2c1e754299a17ea36ce,Grand View University,lineup-8e408be27d8852fd,0,pair-7cc6092c4fa0fa4b,oe:player:1fb549aa840b4bd1dc4abefd8097172,oe:player:e57ef5f8ab42a0364a11b50f2a86b81,Teesum,ShorterACE,-0.35987164
NA1/3622970465,2020-10-18,2020,Unknown,10.21,oe:team:4c87a422072b2c1e754299a17ea36ce,Grand View University,lineup-8e408be27d8852fd,0,pair-9e26759392c63ca6,oe:player:3062a9edba61382db75add4b3fe0eea,oe:player:7d388393a4a19f739a249ce58eb7937,Disconnector,learning brain,-1.44993118
NA1/3622970465,2020-10-18,2020,Unknown,10.21,oe:team:4c87a422072b2c1e754299a17ea36ce,Grand View University,lineup-8e408be27d8852fd,0,pair-5a514e7a7c2ae687,oe:player:3062a9edba61382db75add4b3fe0eea,oe:player:e57ef5f8ab42a0364a11b50f2a86b81,Disconnector,ShorterACE,-0.79519299
NA1/3622970465,2020-10-18,2020,Unknown,10.21,oe:team:4c87a422072b2c1e754299a17ea36ce,Grand View University,lineup-8e408be27d8852fd,0,pair-90f62f90aafeab53,oe:player:7d388393a4a19f739a249ce58eb7937,oe:player:e57ef5f8ab42a0364a11b50f2a86b81,learning brain,ShorterACE,-0.55565041
NA1/3622970465,2020-10-18,2020,Unknown,10.21,oe:team:5774d59075b9be61779abedd5c227c7,University of Texas at Dallas,lineup-b5fab50f3bd6a0cb,1,pair-69ecd79dc6cf3b12,oe:player:15ffba9c994525a1e2bb996783de692,oe:player:2291e1a29406540fce27a3386b57fa5,TreeKangar00,YHL,0.04382934
NA1/3622970465,2020-10-18,2020,Unknown,10.21,oe:team:5774d59075b9be61779abedd5c227c7,University of Texas at Dallas,lineup-b5fab50f3bd6a0cb,1,pair-1d95945adc274e43,oe:player:15ffba9c994525a1e2bb996783de692,oe:player:4b7ad6dc26f8eb3ff971505642bb995,TreeKangar00,Lunarly,-0.38676103
NA1/3622970465,2020-10-18,2020,Unknown,10.21,oe:team:5774d59075b9be61779abedd5c227c7,University of Texas at Dallas,lineup-b5fab50f3bd6a0cb,1,pair-f7efda9d91040eb9,oe:player:15ffba9c994525a1e2bb996783de692,oe:player:9cec403b11e51aa74b9787720b3f5fe,TreeKangar00,Good Sir,-0.78443436
NA1/3622970465,2020-10-18,2020,Unknown,10.21,oe:team:5774d59075b9be61779abedd5c227c7,University of Texas at Dallas,lineup-b5fab50f3bd6a0cb,1,pair-d367eda25b40bf7d,oe:player:15ffba9c994525a1e2bb996783de692,oe:player:c442a7c2c2b8381ca267657859151e6,TreeKangar00,Jons,-0.21142305
NA1/3622970465,2020-10-18,2020,Unknown,10.21,oe:team:5774d59075b9be61779abedd5c227c7,University of Texas at Dallas,lineup-b5fab50f3bd6a0cb,1,pair-6c0d4ec2fa12703b,oe:player:2291e1a29406540fce27a3386b57fa5,oe:player:4b7ad6dc26f8eb3ff971505642bb995,YHL,Lunarly,0.21556456
NA1/3622970465,2020-10-18,2020,Unknown,10.21,oe:team:5774d59075b9be61779abedd5c227c7,University of Texas at Dallas,lineup-b5fab50f3bd6a0cb,1,pair-ee95bbffa7d5b1d0,oe:player:2291e1a29406540fce27a3386b57fa5,oe:player:9cec403b11e51aa74b9787720b3f5fe,YHL,Good Sir,-0.18210878
NA1/3622970465,2020-10-18,2020,Unknown,10.21,oe:team:5774d59075b9be61779abedd5c227c7,University of Texas at Dallas,lineup-b5fab50f3bd6a0cb,1,pair-f12aa00ea2c92d6f,oe:player:2291e1a29406540fce27a3386b57fa5,oe:player:c442a7c2c2b8381ca267657859151e6,YHL,Jons,0.39090254
NA1/3622970465,2020-10-18,2020,Unknown,10.21,oe:team:5774d59075b9be61779abedd5c227c7,University of Texas at Dallas,lineup-b5fab50f3bd6a0cb,1,pair-9de264a238fc0b95,oe:player:4b7ad6dc26f8eb3ff971505642bb995,oe:player:9cec403b11e51aa74b9787720b3f5fe,Lunarly,Good Sir,-0.61269915
NA1/3622970465,2020-10-18,2020,Unknown,10.21,oe:team:5774d59075b9be61779abedd5c227c7,University of Texas at Dallas,lineup-b5fab50f3bd6a0cb,1,pair-49586a1de0f45291,oe:player:4b7ad6dc26f8eb3ff971505642bb995,oe:player:c442a7c2c2b8381ca267657859151e6,Lunarly,Jons,-0.03968783
NA1/3622970465,2020-10-18,2020,Unknown,10.21,oe:team:5774d59075b9be61779abedd5c227c7,University of Texas at Dallas,lineup-b5fab50f3bd6a0cb,1,pair-90e221bce4bf3565,oe:player:9cec403b11e51aa74b9787720b3f5fe,oe:player:c442a7c2c2b8381ca267657859151e6,Good Sir,Jons,-0.43736116
NA1/3622970844,2020-10-19,2020,Unknown,10.21,oe:team:4c87a422072b2c1e754299a17ea36ce,Grand View University,lineup-8e408be27d8852fd,0,pair-9941e490cdd6ea8e,oe:player:0efcbda713dd493e977b0741f41f87c,oe:player:1fb549aa840b4bd1dc4abefd8097172,Koskinen,Teesum,0.28410846
NA1/3622970844,2020-10-19,2020,Unknown,10.21,oe:team:4c87a422072b2c1e754299a17ea36ce,Grand View University,lineup-8e408be27d8852fd,0,pair-a48e66d4e6f09d43,oe:player:0efcbda713dd493e977b0741f41f87c,oe:player:3062a9edba61382db75add4b3fe0eea,Koskinen,Disconnector,0.41231718
NA1/3622970844,2020-10-19,2020,Unknown,10.21,oe:team:4c87a422072b2c1e754299a17ea36ce,Grand View University,lineup-8e408be27d8852fd,0,pair-49912526092c3729,oe:player:0efcbda713dd493e977b0741f41f87c,oe:player:7d388393a4a19f739a249ce58eb7937,Koskinen,learning brain,0.25245925
NA1/3622970844,2020-10-19,2020,Unknown,10.21,oe:team:4c87a422072b2c1e754299a17ea36ce,Grand View University,lineup-8e408be27d8852fd,0,pair-0b6b6256fde17fd6,oe:player:0efcbda713dd493e977b0741f41f87c,oe:player:e57ef5f8ab42a0364a11b50f2a86b81,Koskinen,ShorterACE,0.22350633
NA1/3622970844,2020-10-19,2020,Unknown,10.21,oe:team:4c87a422072b2c1e754299a17ea36ce,Grand View University,lineup-8e408be27d8852fd,0,pair-14d1499e9c1cbf4a,oe:player:1fb549aa840b4bd1dc4abefd8097172,oe:player:3062a9edba61382db75add4b3fe0eea,Teesum,Disconnector,-0.43817356
NA1/3622970844,2020-10-19,2020,Unknown,10.21,oe:team:4c87a422072b2c1e754299a17ea36ce,Grand View University,lineup-8e408be27d8852fd,0,pair-b14308939d1d7469,oe:player:1fb549aa840b4bd1dc4abefd8097172,oe:player:7d388393a4a19f739a249ce58eb7937,Teesum,learning brain,-0.59803149
NA1/3622970844,2020-10-19,2020,Unknown,10.21,oe:team:4c87a422072b2c1e754299a17ea36ce,Grand View University,lineup-8e408be27d8852fd,0,pair-7cc6092c4fa0fa4b,oe:player:1fb549aa840b4bd1dc4abefd8097172,oe:player:e57ef5f8ab42a0364a11b50f2a86b81,Teesum,ShorterACE,-0.62698441
NA1/3622970844,2020-10-19,2020,Unknown,10.21,oe:team:4c87a422072b2c1e754299a17ea36ce,Grand View University,lineup-8e408be27d8852fd,0,pair-9e26759392c63ca6,oe:player:3062a9edba61382db75add4b3fe0eea,oe:player:7d388393a4a19f739a249ce58eb7937,Disconnector,learning brain,-0.46982278
NA1/3622970844,2020-10-19,2020,Unknown,10.21,oe:team:4c87a422072b2c1e754299a17ea36ce,Grand View University,lineup-8e408be27d8852fd,0,pair-5a514e7a7c2ae687,oe:player:3062a9edba61382db75add4b3fe0eea,oe:player:e57ef5f8ab42a0364a11b50f2a86b81,Disconnector,ShorterACE,-0.49877569
NA1/3622970844,2020-10-19,2020,Unknown,10.21,oe:team:4c87a422072b2c1e754299a17ea36ce,Grand View University,lineup-8e408be27d8852fd,0,pair-90f62f90aafeab53,oe:player:7d388393a4a19f739a249ce58eb7937,oe:player:e57ef5f8ab42a0364a11b50f2a86b81,learning brain,ShorterACE,-0.65863362
NA1/3622970844,2020-10-19,2020,Unknown,10.21,oe:team:5774d59075b9be61779abedd5c227c7,University of Texas at Dallas,lineup-92d7d23900c9ad02,1,pair-69ecd79dc6cf3b12,oe:player:15ffba9c994525a1e2bb996783de692,oe:player:2291e1a29406540fce27a3386b57fa5,TreeKangar00,YHL,1.78341699
NA1/3622970844,2020-10-19,2020,Unknown,10.21,oe:team:5774d59075b9be61779abedd5c227c7,University of Texas at Dallas,lineup-92d7d23900c9ad02,1,pair-375ad09b22764436,oe:player:15ffba9c994525a1e2bb996783de692,oe:player:437867e480006cd0b473d0fe5630696,TreeKangar00,Poofu,0.24226361
NA1/3622970844,2020-10-19,2020,Unknown,10.21,oe:team:5774d59075b9be61779abedd5c227c7,University of Texas at Dallas,lineup-92d7d23900c9ad02,1,pair-1d95945adc274e43,oe:player:15ffba9c994525a1e2bb996783de692,oe:player:4b7ad6dc26f8eb3ff971505642bb995,TreeKangar00,Lunarly,1.17875738
NA1/3622970844,2020-10-19,2020,Unknown,10.21,oe:team:5774d59075b9be61779abedd5c227c7,University of Texas at Dallas,lineup-92d7d23900c9ad02,1,pair-f7efda9d91040eb9,oe:player:15ffba9c994525a1e2bb996783de692,oe:player:9cec403b11e51aa74b9787720b3f5fe,TreeKangar00,Good Sir,0.71554940
NA1/3622970844,2020-10-19,2020,Unknown,10.21,oe:team:5774d59075b9be61779abedd5c227c7,University of Texas at Dallas,lineup-92d7d23900c9ad02,1,pair-52b488004e637e35,oe:player:2291e1a29406540fce27a3386b57fa5,oe:player:437867e480006cd0b473d0fe5630696,YHL,Poofu,1.44584114
NA1/3622970844,2020-10-19,2020,Unknown,10.21,oe:team:5774d59075b9be61779abedd5c227c7,University of Texas at Dallas,lineup-92d7d23900c9ad02,1,pair-6c0d4ec2fa12703b,oe:player:2291e1a29406540fce27a3386b57fa5,oe:player:4b7ad6dc26f8eb3ff971505642bb995,YHL,Lunarly,2.38233491
NA1/3622970844,2020-10-19,2020,Unknown,10.21,oe:team:5774d59075b9be61779abedd5c227c7,University of Texas at Dallas,lineup-92d7d23900c9ad02,1,pair-ee95bbffa7d5b1d0,oe:player:2291e1a29406540fce27a3386b57fa5,oe:player:9cec403b11e51aa74b9787720b3f5fe,YHL,Good Sir,1.91912693
NA1/3622970844,2020-10-19,2020,Unknown,10.21,oe:team:5774d59075b9be61779abedd5c227c7,University of Texas at Dallas,lineup-92d7d23900c9ad02,1,pair-1568e21c20d913d0,oe:player:437867e480006cd0b473d0fe5630696,oe:player:4b7ad6dc26f8eb3ff971505642bb995,Poofu,Lunarly,0.84118153
NA1/3622970844,2020-10-19,2020,Unknown,10.21,oe:team:5774d59075b9be61779abedd5c227c7,University of Texas at Dallas,lineup-92d7d23900c9ad02,1,pair-85a7a976b612a8a3,oe:player:437867e480006cd0b473d0fe5630696,oe:player:9cec403b11e51aa74b9787720b3f5fe,Poofu,Good Sir,0.37797356
NA1/3622970844,2020-10-19,2020,Unknown,10.21,oe:team:5774d59075b9be61779abedd5c227c7,University of Texas at Dallas,lineup-92d7d23900c9ad02,1,pair-9de264a238fc0b95,oe:player:4b7ad6dc26f8eb3ff971505642bb995,oe:player:9cec403b11e51aa74b9787720b3f5fe,Lunarly,Good Sir,1.31446732
NA1/3622980542,2020-10-18,2020,Unknown,10.21,oe:team:01a3132448697cecc30364f52173670,Team Fish Taco,lineup-3f37f0ced401f8df,0,pair-9bd1952704ed566e,oe:player:2f8d775625d7bc8069ae313c9b2efbe,oe:player:a2b6b12931613f5bf1d12c8b10fe86a,Gbunny,Activeforce5,0.07534833
NA1/3622980542,2020-10-18,2020,Unknown,10.21,oe:team:01a3132448697cecc30364f52173670,Team Fish Taco,lineup-3f37f0ced401f8df,0,pair-93a37f6d204ca6e1,oe:player:2f8d775625d7bc8069ae313c9b2efbe,oe:player:a458018e62a02db4f2cdbd20ed52aa3,Gbunny,CjSphinx,0.56727452
NA1/3622980542,2020-10-18,2020,Unknown,10.21,oe:team:01a3132448697cecc30364f52173670,Team Fish Taco,lineup-3f37f0ced401f8df,0,pair-c17e232bbb031fab,oe:player:2f8d775625d7bc8069ae313c9b2efbe,oe:player:ac6c8ea090678bb181b8004e3efd830,Gbunny,Nightstar,0.11949120
NA1/3622980542,2020-10-18,2020,Unknown,10.21,oe:team:01a3132448697cecc30364f52173670,Team Fish Taco,lineup-3f37f0ced401f8df,0,pair-eb0a5381e6fcd85c,oe:player:2f8d775625d7bc8069ae313c9b2efbe,oe:player:fc76a68e99896582334ae980a263e92,Gbunny,Ascent,0.01657440
NA1/3622980542,2020-10-18,2020,Unknown,10.21,oe:team:01a3132448697cecc30364f52173670,Team Fish Taco,lineup-3f37f0ced401f8df,0,pair-d8386b43ac79ae7c,oe:player:a2b6b12931613f5bf1d12c8b10fe86a,oe:player:a458018e62a02db4f2cdbd20ed52aa3,Activeforce5,CjSphinx,0.43025256
NA1/3622980542,2020-10-18,2020,Unknown,10.21,oe:team:01a3132448697cecc30364f52173670,Team Fish Taco,lineup-3f37f0ced401f8df,0,pair-30d3c3a473841bc6,oe:player:a2b6b12931613f5bf1d12c8b10fe86a,oe:player:ac6c8ea090678bb181b8004e3efd830,Activeforce5,Nightstar,-0.01753075
NA1/3622980542,2020-10-18,2020,Unknown,10.21,oe:team:01a3132448697cecc30364f52173670,Team Fish Taco,lineup-3f37f0ced401f8df,0,pair-d16e41cf9cb84809,oe:player:a2b6b12931613f5bf1d12c8b10fe86a,oe:player:fc76a68e99896582334ae980a263e92,Activeforce5,Ascent,-0.12044756
NA1/3622980542,2020-10-18,2020,Unknown,10.21,oe:team:01a3132448697cecc30364f52173670,Team Fish Taco,lineup-3f37f0ced401f8df,0,pair-be5b5b2e3f5fed4f,oe:player:a458018e62a02db4f2cdbd20ed52aa3,oe:player:ac6c8ea090678bb181b8004e3efd830,CjSphinx,Nightstar,0.47439544
NA1/3622980542,2020-10-18,2020,Unknown,10.21,oe:team:01a3132448697cecc30364f52173670,Team Fish Taco,lineup-3f37f0ced401f8df,0,pair-cd407fa9dbdf34c0,oe:player:a458018e62a02db4f2cdbd20ed52aa3,oe:player:fc76a68e99896582334ae980a263e92,CjSphinx,Ascent,0.37147863
NA1/3622980542,2020-10-18,2020,Unknown,10.21,oe:team:01a3132448697cecc30364f52173670,Team Fish Taco,lineup-3f37f0ced401f8df,0,pair-c4a1bf757810c465,oe:player:ac6c8ea090678bb181b8004e3efd830,oe:player:fc76a68e99896582334ae980a263e92,Nightstar,Ascent,-0.07630468
NA1/3622980542,2020-10-18,2020,Unknown,10.21,oe:team:d83bffd1eb6ab4fc8b58abb3e646d48,Just Randoms,lineup-48b1430db2018a4d,1,pair-54b205110e8b4830,oe:player:07d1c57ec273126c65dbd1197abdb47,oe:player:0e8c08918017e086c42a9a250969768,Pockus,Jozy,-0.32060226
NA1/3622980542,2020-10-18,2020,Unknown,10.21,oe:team:d83bffd1eb6ab4fc8b58abb3e646d48,Just Randoms,lineup-48b1430db2018a4d,1,pair-62b290ca01023fff,oe:player:07d1c57ec273126c65dbd1197abdb47,oe:player:83d506d5e1d01058d1cd70e0f46b117,Pockus,Comp9,0.66382067
NA1/3622980542,2020-10-18,2020,Unknown,10.21,oe:team:d83bffd1eb6ab4fc8b58abb3e646d48,Just Randoms,lineup-48b1430db2018a4d,1,pair-4be452c1509b22e5,oe:player:07d1c57ec273126c65dbd1197abdb47,oe:player:8a25863fe5045bb08949998a2c39329,Pockus,Kyle,-0.55162268
NA1/3622980542,2020-10-18,2020,Unknown,10.21,oe:team:d83bffd1eb6ab4fc8b58abb3e646d48,Just Randoms,lineup-48b1430db2018a4d,1,pair-a7b89ce4521a6d08,oe:player:07d1c57ec273126c65dbd1197abdb47,oe:player:8b7b362f0be0a35dc80ea775ea19cb7,Pockus,Chim,0.30327472
NA1/3622980542,2020-10-18,2020,Unknown,10.21,oe:team:d83bffd1eb6ab4fc8b58abb3e646d48,Just Randoms,lineup-48b1430db2018a4d,1,pair-87017c27f65de68a,oe:player:0e8c08918017e086c42a9a250969768,oe:player:83d506d5e1d01058d1cd70e0f46b117,Jozy,Comp9,0.96564228
NA1/3622980542,2020-10-18,2020,Unknown,10.21,oe:team:d83bffd1eb6ab4fc8b58abb3e646d48,Just Randoms,lineup-48b1430db2018a4d,1,pair-ee354fed0e9dc44d,oe:player:0e8c08918017e086c42a9a250969768,oe:player:8a25863fe5045bb08949998a2c39329,Jozy,Kyle,-0.24980106
NA1/3622980542,2020-10-18,2020,Unknown,10.21,oe:team:d83bffd1eb6ab4fc8b58abb3e646d48,Just Randoms,lineup-48b1430db2018a4d,1,pair-dc00262fb81adacb,oe:player:0e8c08918017e086c42a9a250969768,oe:player:8b7b362f0be0a35dc80ea775ea19cb7,Jozy,Chim,0.60509633
NA1/3622980542,2020-10-18,2020,Unknown,10.21,oe:team:d83bffd1eb6ab4fc8b58abb3e646d48,Just Randoms,lineup-48b1430db2018a4d,1,pair-ef52c43367351793,oe:player:83d506d5e1d01058d1cd70e0f46b117,oe:player:8a25863fe5045bb08949998a2c39329,Comp9,Kyle,0.73462186
NA1/3622980542,2020-10-18,2020,Unknown,10.21,oe:team:d83bffd1eb6ab4fc8b58abb3e646d48,Just Randoms,lineup-48b1430db2018a4d,1,pair-03797d13590d9abf,oe:player:83d506d5e1d01058d1cd70e0f46b117,oe:player:8b7b362f0be0a35dc80ea775ea19cb7,Comp9,Chim,1.58951925
NA1/3622980542,2020-10-18,2020,Unknown,10.21,oe:team:d83bffd1eb6ab4fc8b58abb3e646d48,Just Randoms,lineup-48b1430db2018a4d,1,pair-fc69e88c01448085,oe:player:8a25863fe5045bb08949998a2c39329,oe:player:8b7b362f0be0a35dc80ea775ea19cb7,Kyle,Chim,0.37407591
NA1/3622980835,2020-10-19,2020,Unknown,10.21,oe:team:01a3132448697cecc30364f52173670,Team Fish Taco,lineup-27dc8cf9963d1057,0,pair-9bd1952704ed566e,oe:player:2f8d775625d7bc8069ae313c9b2efbe,oe:player:a2b6b12931613f5bf1d12c8b10fe86a,Gbunny,Activeforce5,0.66162566
NA1/3622980835,2020-10-19,2020,Unknown,10.21,oe:team:01a3132448697cecc30364f52173670,Team Fish Taco,lineup-27dc8cf9963d1057,0,pair-93a37f6d204ca6e1,oe:player:2f8d775625d7bc8069ae313c9b2efbe,oe:player:a458018e62a02db4f2cdbd20ed52aa3,Gbunny,CjSphinx,-0.01486318
NA1/3622980835,2020-10-19,2020,Unknown,10.21,oe:team:01a3132448697cecc30364f52173670,Team Fish Taco,lineup-27dc8cf9963d1057,0,pair-c17e232bbb031fab,oe:player:2f8d775625d7bc8069ae313c9b2efbe,oe:player:ac6c8ea090678bb181b8004e3efd830,Gbunny,Nightstar,0.49638585
NA1/3622980835,2020-10-19,2020,Unknown,10.21,oe:team:01a3132448697cecc30364f52173670,Team Fish Taco,lineup-27dc8cf9963d1057,0,pair-eb0a5381e6fcd85c,oe:player:2f8d775625d7bc8069ae313c9b2efbe,oe:player:fc76a68e99896582334ae980a263e92,Gbunny,Ascent,-0.03806676
NA1/3622980835,2020-10-19,2020,Unknown,10.21,oe:team:01a3132448697cecc30364f52173670,Team Fish Taco,lineup-27dc8cf9963d1057,0,pair-d8386b43ac79ae7c,oe:player:a2b6b12931613f5bf1d12c8b10fe86a,oe:player:a458018e62a02db4f2cdbd20ed52aa3,Activeforce5,CjSphinx,0.35807940
NA1/3622980835,2020-10-19,2020,Unknown,10.21,oe:team:01a3132448697cecc30364f52173670,Team Fish Taco,lineup-27dc8cf9963d1057,0,pair-30d3c3a473841bc6,oe:player:a2b6b12931613f5bf1d12c8b10fe86a,oe:player:ac6c8ea090678bb181b8004e3efd830,Activeforce5,Nightstar,0.86932844
NA1/3622980835,2020-10-19,2020,Unknown,10.21,oe:team:01a3132448697cecc30364f52173670,Team Fish Taco,lineup-27dc8cf9963d1057,0,pair-d16e41cf9cb84809,oe:player:a2b6b12931613f5bf1d12c8b10fe86a,oe:player:fc76a68e99896582334ae980a263e92,Activeforce5,Ascent,0.33487583
NA1/3622980835,2020-10-19,2020,Unknown,10.21,oe:team:01a3132448697cecc30364f52173670,Team Fish Taco,lineup-27dc8cf9963d1057,0,pair-be5b5b2e3f5fed4f,oe:player:a458018e62a02db4f2cdbd20ed52aa3,oe:player:ac6c8ea090678bb181b8004e3efd830,CjSphinx,Nightstar,0.19283959
NA1/3622980835,2020-10-19,2020,Unknown,10.21,oe:team:01a3132448697cecc30364f52173670,Team Fish Taco,lineup-27dc8cf9963d1057,0,pair-cd407fa9dbdf34c0,oe:player:a458018e62a02db4f2cdbd20ed52aa3,oe:player:fc76a68e99896582334ae980a263e92,CjSphinx,Ascent,-0.34161302
NA1/3622980835,2020-10-19,2020,Unknown,10.21,oe:team:01a3132448697cecc30364f52173670,Team Fish Taco,lineup-27dc8cf9963d1057,0,pair-c4a1bf757810c465,oe:player:ac6c8ea090678bb181b8004e3efd830,oe:player:fc76a68e99896582334ae980a263e92,Nightstar,Ascent,0.16963602
NA1/3622980835,2020-10-19,2020,Unknown,10.21,oe:team:d83bffd1eb6ab4fc8b58abb3e646d48,Just Randoms,lineup-a96b80712125e18b,1,pair-54b205110e8b4830,oe:player:07d1c57ec273126c65dbd1197abdb47,oe:player:0e8c08918017e086c42a9a250969768,Pockus,Jozy,-0.08229017
NA1/3622980835,2020-10-19,2020,Unknown,10.21,oe:team:d83bffd1eb6ab4fc8b58abb3e646d48,Just Randoms,lineup-a96b80712125e18b,1,pair-4be452c1509b22e5,oe:player:07d1c57ec273126c65dbd1197abdb47,oe:player:8a25863fe5045bb08949998a2c39329,Pockus,Kyle,0.06400132
NA1/3622980835,2020-10-19,2020,Unknown,10.21,oe:team:d83bffd1eb6ab4fc8b58abb3e646d48,Just Randoms,lineup-a96b80712125e18b,1,pair-a7b89ce4521a6d08,oe:player:07d1c57ec273126c65dbd1197abdb47,oe:player:8b7b362f0be0a35dc80ea775ea19cb7,Pockus,Chim,-0.32734096
NA1/3622980835,2020-10-19,2020,Unknown,10.21,oe:team:d83bffd1eb6ab4fc8b58abb3e646d48,Just Randoms,lineup-a96b80712125e18b,1,pair-adcf66fbf2d1d878,oe:player:07d1c57ec273126c65dbd1197abdb47,oe:player:df4f91120caa080682bf595c5f7f2d3,Pockus,CptShrimps,-0.65540379
NA1/3622980835,2020-10-19,2020,Unknown,10.21,oe:team:d83bffd1eb6ab4fc8b58abb3e646d48,Just Randoms,lineup-a96b80712125e18b,1,pair-ee354fed0e9dc44d,oe:player:0e8c08918017e086c42a9a250969768,oe:player:8a25863fe5045bb08949998a2c39329,Jozy,Kyle,0.95235333
NA1/3622980835,2020-10-19,2020,Unknown,10.21,oe:team:d83bffd1eb6ab4fc8b58abb3e646d48,Just Randoms,lineup-a96b80712125e18b,1,pair-dc00262fb81adacb,oe:player:0e8c08918017e086c42a9a250969768,oe:player:8b7b362f0be0a35dc80ea775ea19cb7,Jozy,Chim,0.56101105
NA1/3622980835,2020-10-19,2020,Unknown,10.21,oe:team:d83bffd1eb6ab4fc8b58abb3e646d48,Just Randoms,lineup-a96b80712125e18b,1,pair-d5a77cc89129540a,oe:player:0e8c08918017e086c42a9a250969768,oe:player:df4f91120caa080682bf595c5f7f2d3,Jozy,CptShrimps,0.23294822
NA1/3622980835,2020-10-19,2020,Unknown,10.21,oe:team:d83bffd1eb6ab4fc8b58abb3e646d48,Just Randoms,lineup-a96b80712125e18b,1,pair-fc69e88c01448085,oe:player:8a25863fe5045bb08949998a2c39329,oe:player:8b7b362f0be0a35dc80ea775ea19cb7,Kyle,Chim,0.70730254
NA1/3622980835,2020-10-19,2020,Unknown,10.21,oe:team:d83bffd1eb6ab4fc8b58abb3e646d48,Just Randoms,lineup-a96b80712125e18b,1,pair-05306a35603592b7,oe:player:8a25863fe5045bb08949998a2c39329,oe:player:df4f91120caa080682bf595c5f7f2d3,Kyle,CptShrimps,0.37923970
NA1/3622980835,2020-10-19,2020,Unknown,10.21,oe:team:d83bffd1eb6ab4fc8b58abb3e646d48,Just Randoms,lineup-a96b80712125e18b,1,pair-c3059622e5e4e1b6,oe:player:8b7b362f0be0a35dc80ea775ea19cb7,oe:player:df4f91120caa080682bf595c5f7f2d3,Chim,CptShrimps,-0.01210257
NA1/3623130402,2020-10-18,2020,Unknown,10.21,oe:team:4c87a422072b2c1e754299a17ea36ce,Grand View University,lineup-0fd2ac91c00b853e,0,pair-73af78889e557fcf,oe:player:98cba6472d95ae606a9ae863cfa5023,oe:player:b3709189c310ac24871a07dd4df6ef7,P1atypus,Kolthro,1.70515893
NA1/3623130402,2020-10-18,2020,Unknown,10.21,oe:team:4c87a422072b2c1e754299a17ea36ce,Grand View University,lineup-0fd2ac91c00b853e,0,pair-559ca1ca127ad6fb,oe:player:98cba6472d95ae606a9ae863cfa5023,oe:player:d778769103b62e1222414cd182c4e25,P1atypus,Chookies,0.55606577
NA1/3623130402,2020-10-18,2020,Unknown,10.21,oe:team:4c87a422072b2c1e754299a17ea36ce,Grand View University,lineup-0fd2ac91c00b853e,0,pair-798d02768552aa42,oe:player:98cba6472d95ae606a9ae863cfa5023,oe:player:de3297dddd88e797bbd2ae490d2a9bc,P1atypus,riversided,0.60579867
NA1/3623130402,2020-10-18,2020,Unknown,10.21,oe:team:4c87a422072b2c1e754299a17ea36ce,Grand View University,lineup-0fd2ac91c00b853e,0,pair-fba6902cc33ac3a4,oe:player:98cba6472d95ae606a9ae863cfa5023,oe:player:fba26591b2a75a8e370c2d51bc9eb90,P1atypus,Azog,0.48284928
NA1/3623130402,2020-10-18,2020,Unknown,10.21,oe:team:4c87a422072b2c1e754299a17ea36ce,Grand View University,lineup-0fd2ac91c00b853e,0,pair-ffcb5869d32c7468,oe:player:b3709189c310ac24871a07dd4df6ef7,oe:player:d778769103b62e1222414cd182c4e25,Kolthro,Chookies,1.10942427
NA1/3623130402,2020-10-18,2020,Unknown,10.21,oe:team:4c87a422072b2c1e754299a17ea36ce,Grand View University,lineup-0fd2ac91c00b853e,0,pair-6735ac5e77a4ed28,oe:player:b3709189c310ac24871a07dd4df6ef7,oe:player:de3297dddd88e797bbd2ae490d2a9bc,Kolthro,riversided,1.15915716
NA1/3623130402,2020-10-18,2020,Unknown,10.21,oe:team:4c87a422072b2c1e754299a17ea36ce,Grand View University,lineup-0fd2ac91c00b853e,0,pair-506111ea2569d96b,oe:player:b3709189c310ac24871a07dd4df6ef7,oe:player:fba26591b2a75a8e370c2d51bc9eb90,Kolthro,Azog,1.03620777
NA1/3623130402,2020-10-18,2020,Unknown,10.21,oe:team:4c87a422072b2c1e754299a17ea36ce,Grand View University,lineup-0fd2ac91c00b853e,0,pair-dc0944633cef66bf,oe:player:d778769103b62e1222414cd182c4e25,oe:player:de3297dddd88e797bbd2ae490d2a9bc,Chookies,riversided,0.01006400
NA1/3623130402,2020-10-18,2020,Unknown,10.21,oe:team:4c87a422072b2c1e754299a17ea36ce,Grand View University,lineup-0fd2ac91c00b853e,0,pair-1437f800b6946e6e,oe:player:d778769103b62e1222414cd182c4e25,oe:player:fba26591b2a75a8e370c2d51bc9eb90,Chookies,Azog,-0.11288539
NA1/3623130402,2020-10-18,2020,Unknown,10.21,oe:team:4c87a422072b2c1e754299a17ea36ce,Grand View University,lineup-0fd2ac91c00b853e,0,pair-6ef0d7fd83c49066,oe:player:de3297dddd88e797bbd2ae490d2a9bc,oe:player:fba26591b2a75a8e370c2d51bc9eb90,riversided,Azog,-0.06315250
NA1/3623130402,2020-10-18,2020,Unknown,10.21,oe:team:ab8a919db08c9f8321da77bc63cb31d,Louisiana State University,lineup-8591754cffcdec6e,1,pair-951d1255bb80638f,oe:player:0fe6cc268b58e582c12d3c0656f2752,oe:player:be0a4f6bb9c7188519e9d6046af21fe,PrincessKyle,TimmyTurner,-0.14805231
NA1/3623130402,2020-10-18,2020,Unknown,10.21,oe:team:ab8a919db08c9f8321da77bc63cb31d,Louisiana State University,lineup-8591754cffcdec6e,1,pair-dc8ba60016cfea6d,oe:player:0fe6cc268b58e582c12d3c0656f2752,oe:player:c37561481c6ce654b0cde3f0679c2f6,PrincessKyle,Sarcasm,1.00922546
NA1/3623130402,2020-10-18,2020,Unknown,10.21,oe:team:ab8a919db08c9f8321da77bc63cb31d,Louisiana State University,lineup-8591754cffcdec6e,1,pair-04bdc0683e56cb20,oe:player:0fe6cc268b58e582c12d3c0656f2752,oe:player:f47953470df9bb10b085870c5a4da8c,PrincessKyle,Ukiyo,0.07842446
NA1/3623130402,2020-10-18,2020,Unknown,10.21,oe:team:ab8a919db08c9f8321da77bc63cb31d,Louisiana State University,lineup-8591754cffcdec6e,1,pair-8c36fc9a22382474,oe:player:0fe6cc268b58e582c12d3c0656f2752,oe:player:f6afb3ca3ac4cb969cc0c36330d8ee8,PrincessKyle,Airren,-0.06703756
NA1/3623130402,2020-10-18,2020,Unknown,10.21,oe:team:ab8a919db08c9f8321da77bc63cb31d,Louisiana State University,lineup-8591754cffcdec6e,1,pair-588d13c6bed33612,oe:player:be0a4f6bb9c7188519e9d6046af21fe,oe:player:c37561481c6ce654b0cde3f0679c2f6,TimmyTurner,Sarcasm,1.29873563
NA1/3623130402,2020-10-18,2020,Unknown,10.21,oe:team:ab8a919db08c9f8321da77bc63cb31d,Louisiana State University,lineup-8591754cffcdec6e,1,pair-aa3be40b8f4d1e70,oe:player:be0a4f6bb9c7188519e9d6046af21fe,oe:player:f47953470df9bb10b085870c5a4da8c,TimmyTurner,Ukiyo,0.36793463
NA1/3623130402,2020-10-18,2020,Unknown,10.21,oe:team:ab8a919db08c9f8321da77bc63cb31d,Louisiana State University,lineup-8591754cffcdec6e,1,pair-1691bf282dc5ff5c,oe:player:be0a4f6bb9c7188519e9d6046af21fe,oe:player:f6afb3ca3ac4cb969cc0c36330d8ee8,TimmyTurner,Airren,0.22247261
NA1/3623130402,2020-10-18,2020,Unknown,10.21,oe:team:ab8a919db08c9f8321da77bc63cb31d,Louisiana State University,lineup-8591754cffcdec6e,1,pair-b5e079e321674cfb,oe:player:c37561481c6ce654b0cde3f0679c2f6,oe:player:f47953470df9bb10b085870c5a4da8c,Sarcasm,Ukiyo,1.52521240
NA1/3623130402,2020-10-18,2020,Unknown,10.21,oe:team:ab8a919db08c9f8321da77bc63cb31d,Louisiana State University,lineup-8591754cffcdec6e,1,pair-1e919ce5d313dcc8,oe:player:c37561481c6ce654b0cde3f0679c2f6,oe:player:f6afb3ca3ac4cb969cc0c36330d8ee8,Sarcasm,Airren,1.37975038
NA1/3623130402,2020-10-18,2020,Unknown,10.21,oe:team:ab8a919db08c9f8321da77bc63cb31d,Louisiana State University,lineup-8591754cffcdec6e,1,pair-95a3480c9f4cbdf6,oe:player:f47953470df9bb10b085870c5a4da8c,oe:player:f6afb3ca3ac4cb969cc0c36330d8ee8,Ukiyo,Airren,0.44894939
NA1/3632072332,2020-10-25,2020,Unknown,10.21,oe:team:33882d595cdafd472dc1ded1b7ee10b,TBA,lineup-445ae0304e94ef49,1,pair-54f9c733749ca50f,oe:player:506d63191c3a0485207a97d1303614e,oe:player:860b53367b46048f876924b3eda90ed,SeanTheGod,Plux,0.08902246
NA1/3632072332,2020-10-25,2020,Unknown,10.21,oe:team:33882d595cdafd472dc1ded1b7ee10b,TBA,lineup-445ae0304e94ef49,1,pair-164ca5c91865440d,oe:player:506d63191c3a0485207a97d1303614e,oe:player:954fd996438b8fd035a5c7ffb6f6066,SeanTheGod,Goo,0.56814864
NA1/3632072332,2020-10-25,2020,Unknown,10.21,oe:team:33882d595cdafd472dc1ded1b7ee10b,TBA,lineup-445ae0304e94ef49,1,pair-fad20bbcd05bb64e,oe:player:506d63191c3a0485207a97d1303614e,oe:player:97a03ee352a6f5252f1f93019e992f9,SeanTheGod,Cozy,1.61759842
NA1/3632072332,2020-10-25,2020,Unknown,10.21,oe:team:33882d595cdafd472dc1ded1b7ee10b,TBA,lineup-445ae0304e94ef49,1,pair-ed4ded690ac3a94f,oe:player:506d63191c3a0485207a97d1303614e,oe:player:aa7b13aaac8ab04283ce9626c6399d0,SeanTheGod,Young,0.30189138
NA1/3632072332,2020-10-25,2020,Unknown,10.21,oe:team:33882d595cdafd472dc1ded1b7ee10b,TBA,lineup-445ae0304e94ef49,1,pair-aabe7a6b03db9b8d,oe:player:860b53367b46048f876924b3eda90ed,oe:player:954fd996438b8fd035a5c7ffb6f6066,Plux,Goo,-0.27297257
NA1/3632072332,2020-10-25,2020,Unknown,10.21,oe:team:33882d595cdafd472dc1ded1b7ee10b,TBA,lineup-445ae0304e94ef49,1,pair-9b0098b042fc8194,oe:player:860b53367b46048f876924b3eda90ed,oe:player:97a03ee352a6f5252f1f93019e992f9,Plux,Cozy,0.77647721
NA1/3632072332,2020-10-25,2020,Unknown,10.21,oe:team:33882d595cdafd472dc1ded1b7ee10b,TBA,lineup-445ae0304e94ef49,1,pair-cad03663cf853cd9,oe:player:860b53367b46048f876924b3eda90ed,oe:player:aa7b13aaac8ab04283ce9626c6399d0,Plux,Young,-0.53922982
NA1/3632072332,2020-10-25,2020,Unknown,10.21,oe:team:33882d595cdafd472dc1ded1b7ee10b,TBA,lineup-445ae0304e94ef49,1,pair-e4575919630fc1a1,oe:player:954fd996438b8fd035a5c7ffb6f6066,oe:player:97a03ee352a6f5252f1f93019e992f9,Goo,Cozy,1.25560339
NA1/3632072332,2020-10-25,2020,Unknown,10.21,oe:team:33882d595cdafd472dc1ded1b7ee10b,TBA,lineup-445ae0304e94ef49,1,pair-b1f4cd28295b6fa9,oe:player:954fd996438b8fd035a5c7ffb6f6066,oe:player:aa7b13aaac8ab04283ce9626c6399d0,Goo,Young,-0.06010364
NA1/3632072332,2020-10-25,2020,Unknown,10.21,oe:team:33882d595cdafd472dc1ded1b7ee10b,TBA,lineup-445ae0304e94ef49,1,pair-ae08e38dd8f595a5,oe:player:97a03ee352a6f5252f1f93019e992f9,oe:player:aa7b13aaac8ab04283ce9626c6399d0,Cozy,Young,0.98934614
NA1/3632072332,2020-10-25,2020,Unknown,10.21,oe:team:5774d59075b9be61779abedd5c227c7,University of Texas at Dallas,lineup-92d7d23900c9ad02,0,pair-69ecd79dc6cf3b12,oe:player:15ffba9c994525a1e2bb996783de692,oe:player:2291e1a29406540fce27a3386b57fa5,TreeKangar00,YHL,0.06004087
NA1/3632072332,2020-10-25,2020,Unknown,10.21,oe:team:5774d59075b9be61779abedd5c227c7,University of Texas at Dallas,lineup-92d7d23900c9ad02,0,pair-375ad09b22764436,oe:player:15ffba9c994525a1e2bb996783de692,oe:player:437867e480006cd0b473d0fe5630696,TreeKangar00,Poofu,0.41058055
NA1/3632072332,2020-10-25,2020,Unknown,10.21,oe:team:5774d59075b9be61779abedd5c227c7,University of Texas at Dallas,lineup-92d7d23900c9ad02,0,pair-1d95945adc274e43,oe:player:15ffba9c994525a1e2bb996783de692,oe:player:4b7ad6dc26f8eb3ff971505642bb995,TreeKangar00,Lunarly,1.16946362
NA1/3632072332,2020-10-25,2020,Unknown,10.21,oe:team:5774d59075b9be61779abedd5c227c7,University of Texas at Dallas,lineup-92d7d23900c9ad02,0,pair-f7efda9d91040eb9,oe:player:15ffba9c994525a1e2bb996783de692,oe:player:9cec403b11e51aa74b9787720b3f5fe,TreeKangar00,Good Sir,0.56314803
NA1/3632072332,2020-10-25,2020,Unknown,10.21,oe:team:5774d59075b9be61779abedd5c227c7,University of Texas at Dallas,lineup-92d7d23900c9ad02,0,pair-52b488004e637e35,oe:player:2291e1a29406540fce27a3386b57fa5,oe:player:437867e480006cd0b473d0fe5630696,YHL,Poofu,0.50707580
NA1/3632072332,2020-10-25,2020,Unknown,10.21,oe:team:5774d59075b9be61779abedd5c227c7,University of Texas at Dallas,lineup-92d7d23900c9ad02,0,pair-6c0d4ec2fa12703b,oe:player:2291e1a29406540fce27a3386b57fa5,oe:player:4b7ad6dc26f8eb3ff971505642bb995,YHL,Lunarly,1.26595887
NA1/3632072332,2020-10-25,2020,Unknown,10.21,oe:team:5774d59075b9be61779abedd5c227c7,University of Texas at Dallas,lineup-92d7d23900c9ad02,0,pair-ee95bbffa7d5b1d0,oe:player:2291e1a29406540fce27a3386b57fa5,oe:player:9cec403b11e51aa74b9787720b3f5fe,YHL,Good Sir,0.65964328
NA1/3632072332,2020-10-25,2020,Unknown,10.21,oe:team:5774d59075b9be61779abedd5c227c7,University of Texas at Dallas,lineup-92d7d23900c9ad02,0,pair-1568e21c20d913d0,oe:player:437867e480006cd0b473d0fe5630696,oe:player:4b7ad6dc26f8eb3ff971505642bb995,Poofu,Lunarly,1.61649855
NA1/3632072332,2020-10-25,2020,Unknown,10.21,oe:team:5774d59075b9be61779abedd5c227c7,University of Texas at Dallas,lineup-92d7d23900c9ad02,0,pair-85a7a976b612a8a3,oe:player:437867e480006cd0b473d0fe5630696,oe:player:9cec403b11e51aa74b9787720b3f5fe,Poofu,Good Sir,1.01018296
NA1/3632072332,2020-10-25,2020,Unknown,10.21,oe:team:5774d59075b9be61779abedd5c227c7,University of Texas at Dallas,lineup-92d7d23900c9ad02,0,pair-9de264a238fc0b95,oe:player:4b7ad6dc26f8eb3ff971505642bb995,oe:player:9cec403b11e51aa74b9787720b3f5fe,Lunarly,Good Sir,1.76906604
NA1/3632072744,2020-10-26,2020,Unknown,10.21,oe:team:33882d595cdafd472dc1ded1b7ee10b,TBA,lineup-445ae0304e94ef49,0,pair-54f9c733749ca50f,oe:player:506d63191c3a0485207a97d1303614e,oe:player:860b53367b46048f876924b3eda90ed,SeanTheGod,Plux,-0.94723430
NA1/3632072744,2020-10-26,2020,Unknown,10.21,oe:team:33882d595cdafd472dc1ded1b7ee10b,TBA,lineup-445ae0304e94ef49,0,pair-164ca5c91865440d,oe:player:506d63191c3a0485207a97d1303614e,oe:player:954fd996438b8fd035a5c7ffb6f6066,SeanTheGod,Goo,-0.71058462
NA1/3632072744,2020-10-26,2020,Unknown,10.21,oe:team:33882d595cdafd472dc1ded1b7ee10b,TBA,lineup-445ae0304e94ef49,0,pair-fad20bbcd05bb64e,oe:player:506d63191c3a0485207a97d1303614e,oe:player:97a03ee352a6f5252f1f93019e992f9,SeanTheGod,Cozy,-0.24921278
NA1/3632072744,2020-10-26,2020,Unknown,10.21,oe:team:33882d595cdafd472dc1ded1b7ee10b,TBA,lineup-445ae0304e94ef49,0,pair-ed4ded690ac3a94f,oe:player:506d63191c3a0485207a97d1303614e,oe:player:aa7b13aaac8ab04283ce9626c6399d0,SeanTheGod,Young,-0.94281508
NA1/3632072744,2020-10-26,2020,Unknown,10.21,oe:team:33882d595cdafd472dc1ded1b7ee10b,TBA,lineup-445ae0304e94ef49,0,pair-aabe7a6b03db9b8d,oe:player:860b53367b46048f876924b3eda90ed,oe:player:954fd996438b8fd035a5c7ffb6f6066,Plux,Goo,-1.02112056
NA1/3632072744,2020-10-26,2020,Unknown,10.21,oe:team:33882d595cdafd472dc1ded1b7ee10b,TBA,lineup-445ae0304e94ef49,0,pair-9b0098b042fc8194,oe:player:860b53367b46048f876924b3eda90ed,oe:player:97a03ee352a6f5252f1f93019e992f9,Plux,Cozy,-0.55974872
NA1/3632072744,2020-10-26,2020,Unknown,10.21,oe:team:33882d595cdafd472dc1ded1b7ee10b,TBA,lineup-445ae0304e94ef49,0,pair-cad03663cf853cd9,oe:player:860b53367b46048f876924b3eda90ed,oe:player:aa7b13aaac8ab04283ce9626c6399d0,Plux,Young,-1.25335101
NA1/3632072744,2020-10-26,2020,Unknown,10.21,oe:team:33882d595cdafd472dc1ded1b7ee10b,TBA,lineup-445ae0304e94ef49,0,pair-e4575919630fc1a1,oe:player:954fd996438b8fd035a5c7ffb6f6066,oe:player:97a03ee352a6f5252f1f93019e992f9,Goo,Cozy,-0.32309904
NA1/3632072744,2020-10-26,2020,Unknown,10.21,oe:team:33882d595cdafd472dc1ded1b7ee10b,TBA,lineup-445ae0304e94ef49,0,pair-b1f4cd28295b6fa9,oe:player:954fd996438b8fd035a5c7ffb6f6066,oe:player:aa7b13aaac8ab04283ce9626c6399d0,Goo,Young,-1.01670133
NA1/3632072744,2020-10-26,2020,Unknown,10.21,oe:team:33882d595cdafd472dc1ded1b7ee10b,TBA,lineup-445ae0304e94ef49,0,pair-ae08e38dd8f595a5,oe:player:97a03ee352a6f5252f1f93019e992f9,oe:player:aa7b13aaac8ab04283ce9626c6399d0,Cozy,Young,-0.55532949
NA1/3632072744,2020-10-26,2020,Unknown,10.21,oe:team:5774d59075b9be61779abedd5c227c7,University of Texas at Dallas,lineup-b5fab50f3bd6a0cb,1,pair-69ecd79dc6cf3b12,oe:player:15ffba9c994525a1e2bb996783de692,oe:player:2291e1a29406540fce27a3386b57fa5,TreeKangar00,YHL,1.13852720
NA1/3632072744,2020-10-26,2020,Unknown,10.21,oe:team:5774d59075b9be61779abedd5c227c7,University of Texas at Dallas,lineup-b5fab50f3bd6a0cb,1,pair-1d95945adc274e43,oe:player:15ffba9c994525a1e2bb996783de692,oe:player:4b7ad6dc26f8eb3ff971505642bb995,TreeKangar00,Lunarly,-0.08972532
NA1/3632072744,2020-10-26,2020,Unknown,10.21,oe:team:5774d59075b9be61779abedd5c227c7,University of Texas at Dallas,lineup-b5fab50f3bd6a0cb,1,pair-f7efda9d91040eb9,oe:player:15ffba9c994525a1e2bb996783de692,oe:player:9cec403b11e51aa74b9787720b3f5fe,TreeKangar00,Good Sir,0.65222462
NA1/3632072744,2020-10-26,2020,Unknown,10.21,oe:team:5774d59075b9be61779abedd5c227c7,University of Texas at Dallas,lineup-b5fab50f3bd6a0cb,1,pair-d367eda25b40bf7d,oe:player:15ffba9c994525a1e2bb996783de692,oe:player:c442a7c2c2b8381ca267657859151e6,TreeKangar00,Jons,-0.23423118
NA1/3632072744,2020-10-26,2020,Unknown,10.21,oe:team:5774d59075b9be61779abedd5c227c7,University of Texas at Dallas,lineup-b5fab50f3bd6a0cb,1,pair-6c0d4ec2fa12703b,oe:player:2291e1a29406540fce27a3386b57fa5,oe:player:4b7ad6dc26f8eb3ff971505642bb995,YHL,Lunarly,1.13204820
NA1/3632072744,2020-10-26,2020,Unknown,10.21,oe:team:5774d59075b9be61779abedd5c227c7,University of Texas at Dallas,lineup-b5fab50f3bd6a0cb,1,pair-ee95bbffa7d5b1d0,oe:player:2291e1a29406540fce27a3386b57fa5,oe:player:9cec403b11e51aa74b9787720b3f5fe,YHL,Good Sir,1.87399814
NA1/3632072744,2020-10-26,2020,Unknown,10.21,oe:team:5774d59075b9be61779abedd5c227c7,University of Texas at Dallas,lineup-b5fab50f3bd6a0cb,1,pair-f12aa00ea2c92d6f,oe:player:2291e1a29406540fce27a3386b57fa5,oe:player:c442a7c2c2b8381ca267657859151e6,YHL,Jons,0.98754233
NA1/3632072744,2020-10-26,2020,Unknown,10.21,oe:team:5774d59075b9be61779abedd5c227c7,University of Texas at Dallas,lineup-b5fab50f3bd6a0cb,1,pair-9de264a238fc0b95,oe:player:4b7ad6dc26f8eb3ff971505642bb995,oe:player:9cec403b11e51aa74b9787720b3f5fe,Lunarly,Good Sir,0.64574562
NA1/3632072744,2020-10-26,2020,Unknown,10.21,oe:team:5774d59075b9be61779abedd5c227c7,University of Texas at Dallas,lineup-b5fab50f3bd6a0cb,1,pair-49586a1de0f45291,oe:player:4b7ad6dc26f8eb3ff971505642bb995,oe:player:c442a7c2c2b8381ca267657859151e6,Lunarly,Jons,-0.24071019
NA1/3632072744,2020-10-26,2020,Unknown,10.21,oe:team:5774d59075b9be61779abedd5c227c7,University of Texas at Dallas,lineup-b5fab50f3bd6a0cb,1,pair-90e221bce4bf3565,oe:player:9cec403b11e51aa74b9787720b3f5fe,oe:player:c442a7c2c2b8381ca267657859151e6,Good Sir,Jons,0.50123976
NA1/3632332062,2020-10-25,2020,Unknown,10.21,oe:team:ab8a919db08c9f8321da77bc63cb31d,Louisiana State University,lineup-8591754cffcdec6e,0,pair-951d1255bb80638f,oe:player:0fe6cc268b58e582c12d3c0656f2752,oe:player:be0a4f6bb9c7188519e9d6046af21fe,PrincessKyle,TimmyTurner,-0.76836146
NA1/3632332062,2020-10-25,2020,Unknown,10.21,oe:team:ab8a919db08c9f8321da77bc63cb31d,Louisiana State University,lineup-8591754cffcdec6e,0,pair-dc8ba60016cfea6d,oe:player:0fe6cc268b58e582c12d3c0656f2752,oe:player:c37561481c6ce654b0cde3f0679c2f6,PrincessKyle,Sarcasm,-0.80576804
NA1/3632332062,2020-10-25,2020,Unknown,10.21,oe:team:ab8a919db08c9f8321da77bc63cb31d,Louisiana State University,lineup-8591754cffcdec6e,0,pair-04bdc0683e56cb20,oe:player:0fe6cc268b58e582c12d3c0656f2752,oe:player:f47953470df9bb10b085870c5a4da8c,PrincessKyle,Ukiyo,-1.12071462
NA1/3632332062,2020-10-25,2020,Unknown,10.21,oe:team:ab8a919db08c9f8321da77bc63cb31d,Louisiana State University,lineup-8591754cffcdec6e,0,pair-8c36fc9a22382474,oe:player:0fe6cc268b58e582c12d3c0656f2752,oe:player:f6afb3ca3ac4cb969cc0c36330d8ee8,PrincessKyle,Airren,-0.57176200
NA1/3632332062,2020-10-25,2020,Unknown,10.21,oe:team:ab8a919db08c9f8321da77bc63cb31d,Louisiana State University,lineup-8591754cffcdec6e,0,pair-588d13c6bed33612,oe:player:be0a4f6bb9c7188519e9d6046af21fe,oe:player:c37561481c6ce654b0cde3f0679c2f6,TimmyTurner,Sarcasm,-0.95460714
NA1/3632332062,2020-10-25,2020,Unknown,10.21,oe:team:ab8a919db08c9f8321da77bc63cb31d,Louisiana State University,lineup-8591754cffcdec6e,0,pair-aa3be40b8f4d1e70,oe:player:be0a4f6bb9c7188519e9d6046af21fe,oe:player:f47953470df9bb10b085870c5a4da8c,TimmyTurner,Ukiyo,-1.26955372
NA1/3632332062,2020-10-25,2020,Unknown,10.21,oe:team:ab8a919db08c9f8321da77bc63cb31d,Louisiana State University,lineup-8591754cffcdec6e,0,pair-1691bf282dc5ff5c,oe:player:be0a4f6bb9c7188519e9d6046af21fe,oe:player:f6afb3ca3ac4cb969cc0c36330d8ee8,TimmyTurner,Airren,-0.72060110
NA1/3632332062,2020-10-25,2020,Unknown,10.21,oe:team:ab8a919db08c9f8321da77bc63cb31d,Louisiana State University,lineup-8591754cffcdec6e,0,pair-b5e079e321674cfb,oe:player:c37561481c6ce654b0cde3f0679c2f6,oe:player:f47953470df9bb10b085870c5a4da8c,Sarcasm,Ukiyo,-1.30696030
NA1/3632332062,2020-10-25,2020,Unknown,10.21,oe:team:ab8a919db08c9f8321da77bc63cb31d,Louisiana State University,lineup-8591754cffcdec6e,0,pair-1e919ce5d313dcc8,oe:player:c37561481c6ce654b0cde3f0679c2f6,oe:player:f6afb3ca3ac4cb969cc0c36330d8ee8,Sarcasm,Airren,-0.75800768
NA1/3632332062,2020-10-25,2020,Unknown,10.21,oe:team:ab8a919db08c9f8321da77bc63cb31d,Louisiana State University,lineup-8591754cffcdec6e,0,pair-95a3480c9f4cbdf6,oe:player:f47953470df9bb10b085870c5a4da8c,oe:player:f6afb3ca3ac4cb969cc0c36330d8ee8,Ukiyo,Airren,-1.07295426
NA1/3632332062,2020-10-25,2020,Unknown,10.21,oe:team:d83bffd1eb6ab4fc8b58abb3e646d48,Just Randoms,lineup-dcf4c3b5a7ecd9b2,1,pair-4be452c1509b22e5,oe:player:07d1c57ec273126c65dbd1197abdb47,oe:player:8a25863fe5045bb08949998a2c39329,Pockus,Kyle,-0.14467170
NA1/3632332062,2020-10-25,2020,Unknown,10.21,oe:team:d83bffd1eb6ab4fc8b58abb3e646d48,Just Randoms,lineup-dcf4c3b5a7ecd9b2,1,pair-a7b89ce4521a6d08,oe:player:07d1c57ec273126c65dbd1197abdb47,oe:player:8b7b362f0be0a35dc80ea775ea19cb7,Pockus,Chim,-0.73712055
NA1/3632332062,2020-10-25,2020,Unknown,10.21,oe:team:d83bffd1eb6ab4fc8b58abb3e646d48,Just Randoms,lineup-dcf4c3b5a7ecd9b2,1,pair-b5debae083a8abdb,oe:player:07d1c57ec273126c65dbd1197abdb47,oe:player:a88f9b1cfb0beebb9aee272513500a6,Pockus,Hyper,-0.61372911
NA1/3632332062,2020-10-25,2020,Unknown,10.21,oe:team:d83bffd1eb6ab4fc8b58abb3e646d48,Just Randoms,lineup-dcf4c3b5a7ecd9b2,1,pair-adcf66fbf2d1d878,oe:player:07d1c57ec273126c65dbd1197abdb47,oe:player:df4f91120caa080682bf595c5f7f2d3,Pockus,CptShrimps,-0.21576856
NA1/3632332062,2020-10-25,2020,Unknown,10.21,oe:team:d83bffd1eb6ab4fc8b58abb3e646d48,Just Randoms,lineup-dcf4c3b5a7ecd9b2,1,pair-fc69e88c01448085,oe:player:8a25863fe5045bb08949998a2c39329,oe:player:8b7b362f0be0a35dc80ea775ea19cb7,Kyle,Chim,-0.27917732
NA1/3632332062,2020-10-25,2020,Unknown,10.21,oe:team:d83bffd1eb6ab4fc8b58abb3e646d48,Just Randoms,lineup-dcf4c3b5a7ecd9b2,1,pair-a3f3e0f54d8bc3d8,oe:player:8a25863fe5045bb08949998a2c39329,oe:player:a88f9b1cfb0beebb9aee272513500a6,Kyle,Hyper,-0.15578588
NA1/3632332062,2020-10-25,2020,Unknown,10.21,oe:team:d83bffd1eb6ab4fc8b58abb3e646d48,Just Randoms,lineup-dcf4c3b5a7ecd9b2,1,pair-05306a35603592b7,oe:player:8a25863fe5045bb08949998a2c39329,oe:player:df4f91120caa080682bf595c5f7f2d3,Kyle,CptShrimps,0.24217467
NA1/3632332062,2020-10-25,2020,Unknown,10.21,oe:team:d83bffd1eb6ab4fc8b58abb3e646d48,Just Randoms,lineup-dcf4c3b5a7ecd9b2,1,pair-66539e7d0252cab2,oe:player:8b7b362f0be0a35dc80ea775ea19cb7,oe:player:a88f9b1cfb0beebb9aee272513500a6,Chim,Hyper,-0.74823473
NA1/3632332062,2020-10-25,2020,Unknown,10.21,oe:team:d83bffd1eb6ab4fc8b58abb3e646d48,Just Randoms,lineup-dcf4c3b5a7ecd9b2,1,pair-c3059622e5e4e1b6,oe:player:8b7b362f0be0a35dc80ea775ea19cb7,oe:player:df4f91120caa080682bf595c5f7f2d3,Chim,CptShrimps,-0.35027419
NA1/3632332062,2020-10-25,2020,Unknown,10.21,oe:team:d83bffd1eb6ab4fc8b58abb3e646d48,Just Randoms,lineup-dcf4c3b5a7ecd9b2,1,pair-1e1caf4689451ec1,oe:player:a88f9b1cfb0beebb9aee272513500a6,oe:player:df4f91120caa080682bf595c5f7f2d3,Hyper,CptShrimps,-0.22688274
NA1/3632332363,2020-10-26,2020,Unknown,10.21,oe:team:ab8a919db08c9f8321da77bc63cb31d,Louisiana State University,lineup-8591754cffcdec6e,0,pair-951d1255bb80638f,oe:player:0fe6cc268b58e582c12d3c0656f2752,oe:player:be0a4f6bb9c7188519e9d6046af21fe,PrincessKyle,TimmyTurner,-0.33309754
NA1/3632332363,2020-10-26,2020,Unknown,10.21,oe:team:ab8a919db08c9f8321da77bc63cb31d,Louisiana State University,lineup-8591754cffcdec6e,0,pair-dc8ba60016cfea6d,oe:player:0fe6cc268b58e582c12d3c0656f2752,oe:player:c37561481c6ce654b0cde3f0679c2f6,PrincessKyle,Sarcasm,0.85798159
NA1/3632332363,2020-10-26,2020,Unknown,10.21,oe:team:ab8a919db08c9f8321da77bc63cb31d,Louisiana State University,lineup-8591754cffcdec6e,0,pair-04bdc0683e56cb20,oe:player:0fe6cc268b58e582c12d3c0656f2752,oe:player:f47953470df9bb10b085870c5a4da8c,PrincessKyle,Ukiyo,0.13538054
NA1/3632332363,2020-10-26,2020,Unknown,10.21,oe:team:ab8a919db08c9f8321da77bc63cb31d,Louisiana State University,lineup-8591754cffcdec6e,0,pair-8c36fc9a22382474,oe:player:0fe6cc268b58e582c12d3c0656f2752,oe:player:f6afb3ca3ac4cb969cc0c36330d8ee8,PrincessKyle,Airren,0.50006646
NA1/3632332363,2020-10-26,2020,Unknown,10.21,oe:team:ab8a919db08c9f8321da77bc63cb31d,Louisiana State University,lineup-8591754cffcdec6e,0,pair-588d13c6bed33612,oe:player:be0a4f6bb9c7188519e9d6046af21fe,oe:player:c37561481c6ce654b0cde3f0679c2f6,TimmyTurner,Sarcasm,0.71938337
NA1/3632332363,2020-10-26,2020,Unknown,10.21,oe:team:ab8a919db08c9f8321da77bc63cb31d,Louisiana State University,lineup-8591754cffcdec6e,0,pair-aa3be40b8f4d1e70,oe:player:be0a4f6bb9c7188519e9d6046af21fe,oe:player:f47953470df9bb10b085870c5a4da8c,TimmyTurner,Ukiyo,-0.00321768
NA1/3632332363,2020-10-26,2020,Unknown,10.21,oe:team:ab8a919db08c9f8321da77bc63cb31d,Louisiana State University,lineup-8591754cffcdec6e,0,pair-1691bf282dc5ff5c,oe:player:be0a4f6bb9c7188519e9d6046af21fe,oe:player:f6afb3ca3ac4cb969cc0c36330d8ee8,TimmyTurner,Airren,0.36146824
NA1/3632332363,2020-10-26,2020,Unknown,10.21,oe:team:ab8a919db08c9f8321da77bc63cb31d,Louisiana State University,lineup-8591754cffcdec6e,0,pair-b5e079e321674cfb,oe:player:c37561481c6ce654b0cde3f0679c2f6,oe:player:f47953470df9bb10b085870c5a4da8c,Sarcasm,Ukiyo,1.18786145
NA1/3632332363,2020-10-26,2020,Unknown,10.21,oe:team:ab8a919db08c9f8321da77bc63cb31d,Louisiana State University,lineup-8591754cffcdec6e,0,pair-1e919ce5d313dcc8,oe:player:c37561481c6ce654b0cde3f0679c2f6,oe:player:f6afb3ca3ac4cb969cc0c36330d8ee8,Sarcasm,Airren,1.55254737
NA1/3632332363,2020-10-26,2020,Unknown,10.21,oe:team:ab8a919db08c9f8321da77bc63cb31d,Louisiana State University,lineup-8591754cffcdec6e,0,pair-95a3480c9f4cbdf6,oe:player:f47953470df9bb10b085870c5a4da8c,oe:player:f6afb3ca3ac4cb969cc0c36330d8ee8,Ukiyo,Airren,0.82994633
NA1/3632332363,2020-10-26,2020,Unknown,10.21,oe:team:d83bffd1eb6ab4fc8b58abb3e646d48,Just Randoms,lineup-dcf4c3b5a7ecd9b2,1,pair-4be452c1509b22e5,oe:player:07d1c57ec273126c65dbd1197abdb47,oe:player:8a25863fe5045bb08949998a2c39329,Pockus,Kyle,0.47808956
NA1/3632332363,2020-10-26,2020,Unknown,10.21,oe:team:d83bffd1eb6ab4fc8b58abb3e646d48,Just Randoms,lineup-dcf4c3b5a7ecd9b2,1,pair-a7b89ce4521a6d08,oe:player:07d1c57ec273126c65dbd1197abdb47,oe:player:8b7b362f0be0a35dc80ea775ea19cb7,Pockus,Chim,-0.04069865
NA1/3632332363,2020-10-26,2020,Unknown,10.21,oe:team:d83bffd1eb6ab4fc8b58abb3e646d48,Just Randoms,lineup-dcf4c3b5a7ecd9b2,1,pair-b5debae083a8abdb,oe:player:07d1c57ec273126c65dbd1197abdb47,oe:player:a88f9b1cfb0beebb9aee272513500a6,Pockus,Hyper,0.58126664
NA1/3632332363,2020-10-26,2020,Unknown,10.21,oe:team:d83bffd1eb6ab4fc8b58abb3e646d48,Just Randoms,lineup-dcf4c3b5a7ecd9b2,1,pair-adcf66fbf2d1d878,oe:player:07d1c57ec273126c65dbd1197abdb47,oe:player:df4f91120caa080682bf595c5f7f2d3,Pockus,CptShrimps,-0.41474586
NA1/3632332363,2020-10-26,2020,Unknown,10.21,oe:team:d83bffd1eb6ab4fc8b58abb3e646d48,Just Randoms,lineup-dcf4c3b5a7ecd9b2,1,pair-fc69e88c01448085,oe:player:8a25863fe5045bb08949998a2c39329,oe:player:8b7b362f0be0a35dc80ea775ea19cb7,Kyle,Chim,0.99150475
NA1/3632332363,2020-10-26,2020,Unknown,10.21,oe:team:d83bffd1eb6ab4fc8b58abb3e646d48,Just Randoms,lineup-dcf4c3b5a7ecd9b2,1,pair-a3f3e0f54d8bc3d8,oe:player:8a25863fe5045bb08949998a2c39329,oe:player:a88f9b1cfb0beebb9aee272513500a6,Kyle,Hyper,1.61347004
NA1/3632332363,2020-10-26,2020,Unknown,10.21,oe:team:d83bffd1eb6ab4fc8b58abb3e646d48,Just Randoms,lineup-dcf4c3b5a7ecd9b2,1,pair-05306a35603592b7,oe:player:8a25863fe5045bb08949998a2c39329,oe:player:df4f91120caa080682bf595c5f7f2d3,Kyle,CptShrimps,0.61745754
NA1/3632332363,2020-10-26,2020,Unknown,10.21,oe:team:d83bffd1eb6ab4fc8b58abb3e646d48,Just Randoms,lineup-dcf4c3b5a7ecd9b2,1,pair-66539e7d0252cab2,oe:player:8b7b362f0be0a35dc80ea775ea19cb7,oe:player:a88f9b1cfb0beebb9aee272513500a6,Chim,Hyper,1.09468183
NA1/3632332363,2020-10-26,2020,Unknown,10.21,oe:team:d83bffd1eb6ab4fc8b58abb3e646d48,Just Randoms,lineup-dcf4c3b5a7ecd9b2,1,pair-c3059622e5e4e1b6,oe:player:8b7b362f0be0a35dc80ea775ea19cb7,oe:player:df4f91120caa080682bf595c5f7f2d3,Chim,CptShrimps,0.09866933
NA1/3632332363,2020-10-26,2020,Unknown,10.21,oe:team:d83bffd1eb6ab4fc8b58abb3e646d48,Just Randoms,lineup-dcf4c3b5a7ecd9b2,1,pair-1e1caf4689451ec1,oe:player:a88f9b1cfb0beebb9aee272513500a6,oe:player:df4f91120caa080682bf595c5f7f2d3,Hyper,CptShrimps,0.72063462
NA1/3632422142,2020-10-26,2020,Unknown,10.21,oe:team:333ba9fefa87eda14bd32c5420d7002,Winthrop University,lineup-fe1174db6342832b,0,pair-155ed4557785ce5c,oe:player:06ddb1ce4c3f4952ae6973d4c7ca345,oe:player:250959b1405337b1ccd82f6dd634cb3,Saskio,Haebaragi,-1.10589792
NA1/3632422142,2020-10-26,2020,Unknown,10.21,oe:team:333ba9fefa87eda14bd32c5420d7002,Winthrop University,lineup-fe1174db6342832b,0,pair-62511e3f444e093c,oe:player:06ddb1ce4c3f4952ae6973d4c7ca345,oe:player:339584e5b6ff20add38aa209f78eada,Saskio,Infectrix,-1.10193457
NA1/3632422142,2020-10-26,2020,Unknown,10.21,oe:team:333ba9fefa87eda14bd32c5420d7002,Winthrop University,lineup-fe1174db6342832b,0,pair-66e4882570ae2158,oe:player:06ddb1ce4c3f4952ae6973d4c7ca345,oe:player:41c5f02f8439b36ea5d0d37c7b4a2c4,Saskio,Kenji,-0.01485730
NA1/3632422142,2020-10-26,2020,Unknown,10.21,oe:team:333ba9fefa87eda14bd32c5420d7002,Winthrop University,lineup-fe1174db6342832b,0,pair-e353919d08680fc9,oe:player:06ddb1ce4c3f4952ae6973d4c7ca345,oe:player:afcd3cdcf44e5da63f9e2a3dcb5ba50,Saskio,Doxa,-1.07508728
NA1/3632422142,2020-10-26,2020,Unknown,10.21,oe:team:333ba9fefa87eda14bd32c5420d7002,Winthrop University,lineup-fe1174db6342832b,0,pair-2cd799de1a477aef,oe:player:250959b1405337b1ccd82f6dd634cb3,oe:player:339584e5b6ff20add38aa209f78eada,Haebaragi,Infectrix,-1.06063063
NA1/3632422142,2020-10-26,2020,Unknown,10.21,oe:team:333ba9fefa87eda14bd32c5420d7002,Winthrop University,lineup-fe1174db6342832b,0,pair-7941e99941504ab2,oe:player:250959b1405337b1ccd82f6dd634cb3,oe:player:41c5f02f8439b36ea5d0d37c7b4a2c4,Haebaragi,Kenji,0.02644665
NA1/3632422142,2020-10-26,2020,Unknown,10.21,oe:team:333ba9fefa87eda14bd32c5420d7002,Winthrop University,lineup-fe1174db6342832b,0,pair-cb6bc019435d0c2b,oe:player:250959b1405337b1ccd82f6dd634cb3,oe:player:afcd3cdcf44e5da63f9e2a3dcb5ba50,Haebaragi,Doxa,-1.03378334
NA1/3632422142,2020-10-26,2020,Unknown,10.21,oe:team:333ba9fefa87eda14bd32c5420d7002,Winthrop University,lineup-fe1174db6342832b,0,pair-abb43b123d7e659e,oe:player:339584e5b6ff20add38aa209f78eada,oe:player:41c5f02f8439b36ea5d0d37c7b4a2c4,Infectrix,Kenji,0.03040999
NA1/3632422142,2020-10-26,2020,Unknown,10.21,oe:team:333ba9fefa87eda14bd32c5420d7002,Winthrop University,lineup-fe1174db6342832b,0,pair-b873dd38161499b9,oe:player:339584e5b6ff20add38aa209f78eada,oe:player:afcd3cdcf44e5da63f9e2a3dcb5ba50,Infectrix,Doxa,-1.02981999
NA1/3632422142,2020-10-26,2020,Unknown,10.21,oe:team:333ba9fefa87eda14bd32c5420d7002,Winthrop University,lineup-fe1174db6342832b,0,pair-00b1b5bcd5e48281,oe:player:41c5f02f8439b36ea5d0d37c7b4a2c4,oe:player:afcd3cdcf44e5da63f9e2a3dcb5ba50,Kenji,Doxa,0.05725728
NA1/3632422142,2020-10-26,2020,Unknown,10.21,oe:team:bfd1bba6235971993e82d51e679a34a,Zenith Esports,lineup-eca83c75d7c4da26,1,pair-c49116a1b1fb392a,oe:player:4d0ec5fa505ee341aff8b2309356afc,oe:player:6f10a2717479aea87d996e2989d4dd5,Srtty,Aspect,-1.20080979
NA1/3632422142,2020-10-26,2020,Unknown,10.21,oe:team:bfd1bba6235971993e82d51e679a34a,Zenith Esports,lineup-eca83c75d7c4da26,1,pair-f75edc7d315f2ac5,oe:player:4d0ec5fa505ee341aff8b2309356afc,oe:player:b1608dc23a218a150a431be676f3fe4,Srtty,RoseThorn,-1.04816846
NA1/3632422142,2020-10-26,2020,Unknown,10.21,oe:team:bfd1bba6235971993e82d51e679a34a,Zenith Esports,lineup-eca83c75d7c4da26,1,pair-9eee0d964e0d0f87,oe:player:4d0ec5fa505ee341aff8b2309356afc,oe:player:b57dad2e02488237bab9f06f7bb9f54,Srtty,Danny,-0.89985434
NA1/3632422142,2020-10-26,2020,Unknown,10.21,oe:team:bfd1bba6235971993e82d51e679a34a,Zenith Esports,lineup-eca83c75d7c4da26,1,pair-f4f81c152166e632,oe:player:4d0ec5fa505ee341aff8b2309356afc,oe:player:c9fe742896cf95349db15b35ec262e1,Srtty,Mist,-0.41930539
NA1/3632422142,2020-10-26,2020,Unknown,10.21,oe:team:bfd1bba6235971993e82d51e679a34a,Zenith Esports,lineup-eca83c75d7c4da26,1,pair-7e7e09f613033d58,oe:player:6f10a2717479aea87d996e2989d4dd5,oe:player:b1608dc23a218a150a431be676f3fe4,Aspect,RoseThorn,-0.91227244
NA1/3632422142,2020-10-26,2020,Unknown,10.21,oe:team:bfd1bba6235971993e82d51e679a34a,Zenith Esports,lineup-eca83c75d7c4da26,1,pair-cd8afdc259a850f0,oe:player:6f10a2717479aea87d996e2989d4dd5,oe:player:b57dad2e02488237bab9f06f7bb9f54,Aspect,Danny,-0.76395833
NA1/3632422142,2020-10-26,2020,Unknown,10.21,oe:team:bfd1bba6235971993e82d51e679a34a,Zenith Esports,lineup-eca83c75d7c4da26,1,pair-50f92487c4a9576a,oe:player:6f10a2717479aea87d996e2989d4dd5,oe:player:c9fe742896cf95349db15b35ec262e1,Aspect,Mist,-0.28340937
NA1/3632422142,2020-10-26,2020,Unknown,10.21,oe:team:bfd1bba6235971993e82d51e679a34a,Zenith Esports,lineup-eca83c75d7c4da26,1,pair-afcd103e47ea3e41,oe:player:b1608dc23a218a150a431be676f3fe4,oe:player:b57dad2e02488237bab9f06f7bb9f54,RoseThorn,Danny,-0.61131699
NA1/3632422142,2020-10-26,2020,Unknown,10.21,oe:team:bfd1bba6235971993e82d51e679a34a,Zenith Esports,lineup-eca83c75d7c4da26,1,pair-0806d31bfc7478de,oe:player:b1608dc23a218a150a431be676f3fe4,oe:player:c9fe742896cf95349db15b35ec262e1,RoseThorn,Mist,-0.13076804
NA1/3632422142,2020-10-26,2020,Unknown,10.21,oe:team:bfd1bba6235971993e82d51e679a34a,Zenith Esports,lineup-eca83c75d7c4da26,1,pair-d4c138a32bc8ffb5,oe:player:b57dad2e02488237bab9f06f7bb9f54,oe:player:c9fe742896cf95349db15b35ec262e1,Danny,Mist,0.01754608
NA1/3632641615,2020-10-25,2020,Unknown,10.21,oe:team:333ba9fefa87eda14bd32c5420d7002,Winthrop University,lineup-fe1174db6342832b,0,pair-155ed4557785ce5c,oe:player:06ddb1ce4c3f4952ae6973d4c7ca345,oe:player:250959b1405337b1ccd82f6dd634cb3,Saskio,Haebaragi,0.40543741
NA1/3632641615,2020-10-25,2020,Unknown,10.21,oe:team:333ba9fefa87eda14bd32c5420d7002,Winthrop University,lineup-fe1174db6342832b,0,pair-62511e3f444e093c,oe:player:06ddb1ce4c3f4952ae6973d4c7ca345,oe:player:339584e5b6ff20add38aa209f78eada,Saskio,Infectrix,1.26556047
NA1/3632641615,2020-10-25,2020,Unknown,10.21,oe:team:333ba9fefa87eda14bd32c5420d7002,Winthrop University,lineup-fe1174db6342832b,0,pair-66e4882570ae2158,oe:player:06ddb1ce4c3f4952ae6973d4c7ca345,oe:player:41c5f02f8439b36ea5d0d37c7b4a2c4,Saskio,Kenji,0.44093057
NA1/3632641615,2020-10-25,2020,Unknown,10.21,oe:team:333ba9fefa87eda14bd32c5420d7002,Winthrop University,lineup-fe1174db6342832b,0,pair-e353919d08680fc9,oe:player:06ddb1ce4c3f4952ae6973d4c7ca345,oe:player:afcd3cdcf44e5da63f9e2a3dcb5ba50,Saskio,Doxa,0.07389672
NA1/3632641615,2020-10-25,2020,Unknown,10.21,oe:team:333ba9fefa87eda14bd32c5420d7002,Winthrop University,lineup-fe1174db6342832b,0,pair-2cd799de1a477aef,oe:player:250959b1405337b1ccd82f6dd634cb3,oe:player:339584e5b6ff20add38aa209f78eada,Haebaragi,Infectrix,0.65381336
NA1/3632641615,2020-10-25,2020,Unknown,10.21,oe:team:333ba9fefa87eda14bd32c5420d7002,Winthrop University,lineup-fe1174db6342832b,0,pair-7941e99941504ab2,oe:player:250959b1405337b1ccd82f6dd634cb3,oe:player:41c5f02f8439b36ea5d0d37c7b4a2c4,Haebaragi,Kenji,-0.17081654
NA1/3632641615,2020-10-25,2020,Unknown,10.21,oe:team:333ba9fefa87eda14bd32c5420d7002,Winthrop University,lineup-fe1174db6342832b,0,pair-cb6bc019435d0c2b,oe:player:250959b1405337b1ccd82f6dd634cb3,oe:player:afcd3cdcf44e5da63f9e2a3dcb5ba50,Haebaragi,Doxa,-0.53785039
NA1/3632641615,2020-10-25,2020,Unknown,10.21,oe:team:333ba9fefa87eda14bd32c5420d7002,Winthrop University,lineup-fe1174db6342832b,0,pair-abb43b123d7e659e,oe:player:339584e5b6ff20add38aa209f78eada,oe:player:41c5f02f8439b36ea5d0d37c7b4a2c4,Infectrix,Kenji,0.68930652
NA1/3632641615,2020-10-25,2020,Unknown,10.21,oe:team:333ba9fefa87eda14bd32c5420d7002,Winthrop University,lineup-fe1174db6342832b,0,pair-b873dd38161499b9,oe:player:339584e5b6ff20add38aa209f78eada,oe:player:afcd3cdcf44e5da63f9e2a3dcb5ba50,Infectrix,Doxa,0.32227267
NA1/3632641615,2020-10-25,2020,Unknown,10.21,oe:team:333ba9fefa87eda14bd32c5420d7002,Winthrop University,lineup-fe1174db6342832b,0,pair-00b1b5bcd5e48281,oe:player:41c5f02f8439b36ea5d0d37c7b4a2c4,oe:player:afcd3cdcf44e5da63f9e2a3dcb5ba50,Kenji,Doxa,-0.50235723
NA1/3632641615,2020-10-25,2020,Unknown,10.21,oe:team:bfd1bba6235971993e82d51e679a34a,Zenith Esports,lineup-eca83c75d7c4da26,1,pair-c49116a1b1fb392a,oe:player:4d0ec5fa505ee341aff8b2309356afc,oe:player:6f10a2717479aea87d996e2989d4dd5,Srtty,Aspect,0.63875423
NA1/3632641615,2020-10-25,2020,Unknown,10.21,oe:team:bfd1bba6235971993e82d51e679a34a,Zenith Esports,lineup-eca83c75d7c4da26,1,pair-f75edc7d315f2ac5,oe:player:4d0ec5fa505ee341aff8b2309356afc,oe:player:b1608dc23a218a150a431be676f3fe4,Srtty,RoseThorn,1.59158314
NA1/3632641615,2020-10-25,2020,Unknown,10.21,oe:team:bfd1bba6235971993e82d51e679a34a,Zenith Esports,lineup-eca83c75d7c4da26,1,pair-9eee0d964e0d0f87,oe:player:4d0ec5fa505ee341aff8b2309356afc,oe:player:b57dad2e02488237bab9f06f7bb9f54,Srtty,Danny,0.50275602
NA1/3632641615,2020-10-25,2020,Unknown,10.21,oe:team:bfd1bba6235971993e82d51e679a34a,Zenith Esports,lineup-eca83c75d7c4da26,1,pair-f4f81c152166e632,oe:player:4d0ec5fa505ee341aff8b2309356afc,oe:player:c9fe742896cf95349db15b35ec262e1,Srtty,Mist,0.31747524
NA1/3632641615,2020-10-25,2020,Unknown,10.21,oe:team:bfd1bba6235971993e82d51e679a34a,Zenith Esports,lineup-eca83c75d7c4da26,1,pair-7e7e09f613033d58,oe:player:6f10a2717479aea87d996e2989d4dd5,oe:player:b1608dc23a218a150a431be676f3fe4,Aspect,RoseThorn,1.26029338
NA1/3632641615,2020-10-25,2020,Unknown,10.21,oe:team:bfd1bba6235971993e82d51e679a34a,Zenith Esports,lineup-eca83c75d7c4da26,1,pair-cd8afdc259a850f0,oe:player:6f10a2717479aea87d996e2989d4dd5,oe:player:b57dad2e02488237bab9f06f7bb9f54,Aspect,Danny,0.17146626
NA1/3632641615,2020-10-25,2020,Unknown,10.21,oe:team:bfd1bba6235971993e82d51e679a34a,Zenith Esports,lineup-eca83c75d7c4da26,1,pair-50f92487c4a9576a,oe:player:6f10a2717479aea87d996e2989d4dd5,oe:player:c9fe742896cf95349db15b35ec262e1,Aspect,Mist,-0.01381452
NA1/3632641615,2020-10-25,2020,Unknown,10.21,oe:team:bfd1bba6235971993e82d51e679a34a,Zenith Esports,lineup-eca83c75d7c4da26,1,pair-afcd103e47ea3e41,oe:player:b1608dc23a218a150a431be676f3fe4,oe:player:b57dad2e02488237bab9f06f7bb9f54,RoseThorn,Danny,1.12429518
NA1/3632641615,2020-10-25,2020,Unknown,10.21,oe:team:bfd1bba6235971993e82d51e679a34a,Zenith Esports,lineup-eca83c75d7c4da26,1,pair-0806d31bfc7478de,oe:player:b1608dc23a218a150a431be676f3fe4,oe:player:c9fe742896cf95349db15b35ec262e1,RoseThorn,Mist,0.93901440
NA1/3632641615,2020-10-25,2020,Unknown,10.21,oe:team:bfd1bba6235971993e82d51e679a34a,Zenith Esports,lineup-eca83c75d7c4da26,1,pair-d4c138a32bc8ffb5,oe:player:b57dad2e02488237bab9f06f7bb9f54,oe:player:c9fe742896cf95349db15b35ec262e1,Danny,Mist,-0.14981272
NA1/3632642338,2020-10-26,2020,Unknown,10.21,oe:team:33882d595cdafd472dc1ded1b7ee10b,TBA,lineup-445ae0304e94ef49,1,pair-54f9c733749ca50f,oe:player:506d63191c3a0485207a97d1303614e,oe:player:860b53367b46048f876924b3eda90ed,SeanTheGod,Plux,-0.79716647
NA1/3632642338,2020-10-26,2020,Unknown,10.21,oe:team:33882d595cdafd472dc1ded1b7ee10b,TBA,lineup-445ae0304e94ef49,1,pair-164ca5c91865440d,oe:player:506d63191c3a0485207a97d1303614e,oe:player:954fd996438b8fd035a5c7ffb6f6066,SeanTheGod,Goo,0.79445679
NA1/3632642338,2020-10-26,2020,Unknown,10.21,oe:team:33882d595cdafd472dc1ded1b7ee10b,TBA,lineup-445ae0304e94ef49,1,pair-fad20bbcd05bb64e,oe:player:506d63191c3a0485207a97d1303614e,oe:player:97a03ee352a6f5252f1f93019e992f9,SeanTheGod,Cozy,-0.01821231
NA1/3632642338,2020-10-26,2020,Unknown,10.21,oe:team:33882d595cdafd472dc1ded1b7ee10b,TBA,lineup-445ae0304e94ef49,1,pair-ed4ded690ac3a94f,oe:player:506d63191c3a0485207a97d1303614e,oe:player:aa7b13aaac8ab04283ce9626c6399d0,SeanTheGod,Young,0.01062603
NA1/3632642338,2020-10-26,2020,Unknown,10.21,oe:team:33882d595cdafd472dc1ded1b7ee10b,TBA,lineup-445ae0304e94ef49,1,pair-aabe7a6b03db9b8d,oe:player:860b53367b46048f876924b3eda90ed,oe:player:954fd996438b8fd035a5c7ffb6f6066,Plux,Goo,0.27097334
NA1/3632642338,2020-10-26,2020,Unknown,10.21,oe:team:33882d595cdafd472dc1ded1b7ee10b,TBA,lineup-445ae0304e94ef49,1,pair-9b0098b042fc8194,oe:player:860b53367b46048f876924b3eda90ed,oe:player:97a03ee352a6f5252f1f93019e992f9,Plux,Cozy,-0.54169576
NA1/3632642338,2020-10-26,2020,Unknown,10.21,oe:team:33882d595cdafd472dc1ded1b7ee10b,TBA,lineup-445ae0304e94ef49,1,pair-cad03663cf853cd9,oe:player:860b53367b46048f876924b3eda90ed,oe:player:aa7b13aaac8ab04283ce9626c6399d0,Plux,Young,-0.51285742
NA1/3632642338,2020-10-26,2020,Unknown,10.21,oe:team:33882d595cdafd472dc1ded1b7ee10b,TBA,lineup-445ae0304e94ef49,1,pair-e4575919630fc1a1,oe:player:954fd996438b8fd035a5c7ffb6f6066,oe:player:97a03ee352a6f5252f1f93019e992f9,Goo,Cozy,1.04992750
NA1/3632642338,2020-10-26,2020,Unknown,10.21,oe:team:33882d595cdafd472dc1ded1b7ee10b,TBA,lineup-445ae0304e94ef49,1,pair-b1f4cd28295b6fa9,oe:player:954fd996438b8fd035a5c7ffb6f6066,oe:player:aa7b13aaac8ab04283ce9626c6399d0,Goo,Young,1.07876584
NA1/3632642338,2020-10-26,2020,Unknown,10.21,oe:team:33882d595cdafd472dc1ded1b7ee10b,TBA,lineup-445ae0304e94ef49,1,pair-ae08e38dd8f595a5,oe:player:97a03ee352a6f5252f1f93019e992f9,oe:player:aa7b13aaac8ab04283ce9626c6399d0,Cozy,Young,0.26609673
NA1/3632642338,2020-10-26,2020,Unknown,10.21,oe:team:5774d59075b9be61779abedd5c227c7,University of Texas at Dallas,lineup-b5fab50f3bd6a0cb,0,pair-69ecd79dc6cf3b12,oe:player:15ffba9c994525a1e2bb996783de692,oe:player:2291e1a29406540fce27a3386b57fa5,TreeKangar00,YHL,-0.45071339
NA1/3632642338,2020-10-26,2020,Unknown,10.21,oe:team:5774d59075b9be61779abedd5c227c7,University of Texas at Dallas,lineup-b5fab50f3bd6a0cb,0,pair-1d95945adc274e43,oe:player:15ffba9c994525a1e2bb996783de692,oe:player:4b7ad6dc26f8eb3ff971505642bb995,TreeKangar00,Lunarly,-0.13981082
NA1/3632642338,2020-10-26,2020,Unknown,10.21,oe:team:5774d59075b9be61779abedd5c227c7,University of Texas at Dallas,lineup-b5fab50f3bd6a0cb,0,pair-f7efda9d91040eb9,oe:player:15ffba9c994525a1e2bb996783de692,oe:player:9cec403b11e51aa74b9787720b3f5fe,TreeKangar00,Good Sir,0.15978081
NA1/3632642338,2020-10-26,2020,Unknown,10.21,oe:team:5774d59075b9be61779abedd5c227c7,University of Texas at Dallas,lineup-b5fab50f3bd6a0cb,0,pair-d367eda25b40bf7d,oe:player:15ffba9c994525a1e2bb996783de692,oe:player:c442a7c2c2b8381ca267657859151e6,TreeKangar00,Jons,0.56791696
NA1/3632642338,2020-10-26,2020,Unknown,10.21,oe:team:5774d59075b9be61779abedd5c227c7,University of Texas at Dallas,lineup-b5fab50f3bd6a0cb,0,pair-6c0d4ec2fa12703b,oe:player:2291e1a29406540fce27a3386b57fa5,oe:player:4b7ad6dc26f8eb3ff971505642bb995,YHL,Lunarly,-0.14886019
NA1/3632642338,2020-10-26,2020,Unknown,10.21,oe:team:5774d59075b9be61779abedd5c227c7,University of Texas at Dallas,lineup-b5fab50f3bd6a0cb,0,pair-ee95bbffa7d5b1d0,oe:player:2291e1a29406540fce27a3386b57fa5,oe:player:9cec403b11e51aa74b9787720b3f5fe,YHL,Good Sir,0.15073144
NA1/3632642338,2020-10-26,2020,Unknown,10.21,oe:team:5774d59075b9be61779abedd5c227c7,University of Texas at Dallas,lineup-b5fab50f3bd6a0cb,0,pair-f12aa00ea2c92d6f,oe:player:2291e1a29406540fce27a3386b57fa5,oe:player:c442a7c2c2b8381ca267657859151e6,YHL,Jons,0.55886759
NA1/3632642338,2020-10-26,2020,Unknown,10.21,oe:team:5774d59075b9be61779abedd5c227c7,University of Texas at Dallas,lineup-b5fab50f3bd6a0cb,0,pair-9de264a238fc0b95,oe:player:4b7ad6dc26f8eb3ff971505642bb995,oe:player:9cec403b11e51aa74b9787720b3f5fe,Lunarly,Good Sir,0.46163400
NA1/3632642338,2020-10-26,2020,Unknown,10.21,oe:team:5774d59075b9be61779abedd5c227c7,University of Texas at Dallas,lineup-b5fab50f3bd6a0cb,0,pair-49586a1de0f45291,oe:player:4b7ad6dc26f8eb3ff971505642bb995,oe:player:c442a7c2c2b8381ca267657859151e6,Lunarly,Jons,0.86977015
NA1/3632642338,2020-10-26,2020,Unknown,10.21,oe:team:5774d59075b9be61779abedd5c227c7,University of Texas at Dallas,lineup-b5fab50f3bd6a0cb,0,pair-90e221bce4bf3565,oe:player:9cec403b11e51aa74b9787720b3f5fe,oe:player:c442a7c2c2b8381ca267657859151e6,Good Sir,Jons,1.16936179
NA1/3636761884,2020-10-28,2020,Unknown,10.22,oe:team:4c87a422072b2c1e754299a17ea36ce,Grand View University,lineup-96efe35726651d6b,0,pair-b27abb6821875f55,oe:player:7d388393a4a19f739a249ce58eb7937,oe:player:b3709189c310ac24871a07dd4df6ef7,learning brain,Kolthro,-0.07809351
NA1/3636761884,2020-10-28,2020,Unknown,10.22,oe:team:4c87a422072b2c1e754299a17ea36ce,Grand View University,lineup-96efe35726651d6b,0,pair-fb5f16a4f3d5fd70,oe:player:7d388393a4a19f739a249ce58eb7937,oe:player:d778769103b62e1222414cd182c4e25,learning brain,Chookies,-0.22051311
NA1/3636761884,2020-10-28,2020,Unknown,10.22,oe:team:4c87a422072b2c1e754299a17ea36ce,Grand View University,lineup-96efe35726651d6b,0,pair-1aee73e0be0d4fe3,oe:player:7d388393a4a19f739a249ce58eb7937,oe:player:de3297dddd88e797bbd2ae490d2a9bc,learning brain,riversided,0.43784261
NA1/3636761884,2020-10-28,2020,Unknown,10.22,oe:team:4c87a422072b2c1e754299a17ea36ce,Grand View University,lineup-96efe35726651d6b,0,pair-fa70825f41dc287c,oe:player:7d388393a4a19f739a249ce58eb7937,oe:player:fba26591b2a75a8e370c2d51bc9eb90,learning brain,Azog,0.20270030
NA1/3636761884,2020-10-28,2020,Unknown,10.22,oe:team:4c87a422072b2c1e754299a17ea36ce,Grand View University,lineup-96efe35726651d6b,0,pair-ffcb5869d32c7468,oe:player:b3709189c310ac24871a07dd4df6ef7,oe:player:d778769103b62e1222414cd182c4e25,Kolthro,Chookies,-1.15389183
NA1/3636761884,2020-10-28,2020,Unknown,10.22,oe:team:4c87a422072b2c1e754299a17ea36ce,Grand View University,lineup-96efe35726651d6b,0,pair-6735ac5e77a4ed28,oe:player:b3709189c310ac24871a07dd4df6ef7,oe:player:de3297dddd88e797bbd2ae490d2a9bc,Kolthro,riversided,-0.49553610
NA1/3636761884,2020-10-28,2020,Unknown,10.22,oe:team:4c87a422072b2c1e754299a17ea36ce,Grand View University,lineup-96efe35726651d6b,0,pair-506111ea2569d96b,oe:player:b3709189c310ac24871a07dd4df6ef7,oe:player:fba26591b2a75a8e370c2d51bc9eb90,Kolthro,Azog,-0.73067841
NA1/3636761884,2020-10-28,2020,Unknown,10.22,oe:team:4c87a422072b2c1e754299a17ea36ce,Grand View University,lineup-96efe35726651d6b,0,pair-dc0944633cef66bf,oe:player:d778769103b62e1222414cd182c4e25,oe:player:de3297dddd88e797bbd2ae490d2a9bc,Chookies,riversided,-0.63795571
NA1/3636761884,2020-10-28,2020,Unknown,10.22,oe:team:4c87a422072b2c1e754299a17ea36ce,Grand View University,lineup-96efe35726651d6b,0,pair-1437f800b6946e6e,oe:player:d778769103b62e1222414cd182c4e25,oe:player:fba26591b2a75a8e370c2d51bc9eb90,Chookies,Azog,-0.87309802
NA1/3636761884,2020-10-28,2020,Unknown,10.22,oe:team:4c87a422072b2c1e754299a17ea36ce,Grand View University,lineup-96efe35726651d6b,0,pair-6ef0d7fd83c49066,oe:player:de3297dddd88e797bbd2ae490d2a9bc,oe:player:fba26591b2a75a8e370c2d51bc9eb90,riversided,Azog,-0.21474229
NA1/3636761884,2020-10-28,2020,Unknown,10.22,oe:team:b99696624afa81613e7c305f10c6b05,Illinois State University,lineup-2c75145e2ab515e3,1,pair-e6b7b20224ab8237,oe:player:4f6099e648bf78004394fdbb56140ee,oe:player:5e0308bd1c4172cd22f7bedcb1119ba,DrewDozer,datdat1,1.22570371
NA1/3636761884,2020-10-28,2020,Unknown,10.22,oe:team:b99696624afa81613e7c305f10c6b05,Illinois State University,lineup-2c75145e2ab515e3,1,pair-cf414b2cd1b3b693,oe:player:4f6099e648bf78004394fdbb56140ee,oe:player:684880c286f599e706af1f009dd9ae4,DrewDozer,GFP,0.59363088
NA1/3636761884,2020-10-28,2020,Unknown,10.22,oe:team:b99696624afa81613e7c305f10c6b05,Illinois State University,lineup-2c75145e2ab515e3,1,pair-7b3710b3c73c4b2d,oe:player:4f6099e648bf78004394fdbb56140ee,oe:player:69e8187a8af4c2ca3b95e6027ecfc9b,DrewDozer,Yen,1.03697502
NA1/3636761884,2020-10-28,2020,Unknown,10.22,oe:team:b99696624afa81613e7c305f10c6b05,Illinois State University,lineup-2c75145e2ab515e3,1,pair-4d935280824c6804,oe:player:4f6099e648bf78004394fdbb56140ee,oe:player:aa3fd3870a04b4f9da9f7e49737f52a,DrewDozer,Tempos,0.72228785
NA1/3636761884,2020-10-28,2020,Unknown,10.22,oe:team:b99696624afa81613e7c305f10c6b05,Illinois State University,lineup-2c75145e2ab515e3,1,pair-16df56740273fba6,oe:player:5e0308bd1c4172cd22f7bedcb1119ba,oe:player:684880c286f599e706af1f009dd9ae4,datdat1,GFP,0.36121764
NA1/3636761884,2020-10-28,2020,Unknown,10.22,oe:team:b99696624afa81613e7c305f10c6b05,Illinois State University,lineup-2c75145e2ab515e3,1,pair-c28da33ad0db5076,oe:player:5e0308bd1c4172cd22f7bedcb1119ba,oe:player:69e8187a8af4c2ca3b95e6027ecfc9b,datdat1,Yen,0.80456178
NA1/3636761884,2020-10-28,2020,Unknown,10.22,oe:team:b99696624afa81613e7c305f10c6b05,Illinois State University,lineup-2c75145e2ab515e3,1,pair-59f0ab20a6349fa2,oe:player:5e0308bd1c4172cd22f7bedcb1119ba,oe:player:aa3fd3870a04b4f9da9f7e49737f52a,datdat1,Tempos,0.48987460
NA1/3636761884,2020-10-28,2020,Unknown,10.22,oe:team:b99696624afa81613e7c305f10c6b05,Illinois State University,lineup-2c75145e2ab515e3,1,pair-9d2fcd4fc52e8672,oe:player:684880c286f599e706af1f009dd9ae4,oe:player:69e8187a8af4c2ca3b95e6027ecfc9b,GFP,Yen,0.17248895
NA1/3636761884,2020-10-28,2020,Unknown,10.22,oe:team:b99696624afa81613e7c305f10c6b05,Illinois State University,lineup-2c75145e2ab515e3,1,pair-9c35944c3a43fb03,oe:player:684880c286f599e706af1f009dd9ae4,oe:player:aa3fd3870a04b4f9da9f7e49737f52a,GFP,Tempos,-0.14219822
NA1/3636761884,2020-10-28,2020,Unknown,10.22,oe:team:b99696624afa81613e7c305f10c6b05,Illinois State University,lineup-2c75145e2ab515e3,1,pair-cbca667032bf0894,oe:player:69e8187a8af4c2ca3b95e6027ecfc9b,oe:player:aa3fd3870a04b4f9da9f7e49737f52a,Yen,Tempos,0.30114591
NA1/3636862134,2020-10-28,2020,Unknown,10.22,oe:team:4c87a422072b2c1e754299a17ea36ce,Grand View University,lineup-26a695d60bb382ad,0,pair-b14308939d1d7469,oe:player:1fb549aa840b4bd1dc4abefd8097172,oe:player:7d388393a4a19f739a249ce58eb7937,Teesum,learning brain,0.25621033
NA1/3636862134,2020-10-28,2020,Unknown,10.22,oe:team:4c87a422072b2c1e754299a17ea36ce,Grand View University,lineup-26a695d60bb382ad,0,pair-e941c560d37b59fc,oe:player:1fb549aa840b4bd1dc4abefd8097172,oe:player:b3709189c310ac24871a07dd4df6ef7,Teesum,Kolthro,0.81522787
NA1/3636862134,2020-10-28,2020,Unknown,10.22,oe:team:4c87a422072b2c1e754299a17ea36ce,Grand View University,lineup-26a695d60bb382ad,0,pair-14ff00b81ca3627b,oe:player:1fb549aa840b4bd1dc4abefd8097172,oe:player:de3297dddd88e797bbd2ae490d2a9bc,Teesum,riversided,0.52969106
NA1/3636862134,2020-10-28,2020,Unknown,10.22,oe:team:4c87a422072b2c1e754299a17ea36ce,Grand View University,lineup-26a695d60bb382ad,0,pair-c3a27a2b6ba72007,oe:player:1fb549aa840b4bd1dc4abefd8097172,oe:player:fba26591b2a75a8e370c2d51bc9eb90,Teesum,Azog,-0.32207646
NA1/3636862134,2020-10-28,2020,Unknown,10.22,oe:team:4c87a422072b2c1e754299a17ea36ce,Grand View University,lineup-26a695d60bb382ad,0,pair-b27abb6821875f55,oe:player:7d388393a4a19f739a249ce58eb7937,oe:player:b3709189c310ac24871a07dd4df6ef7,learning brain,Kolthro,1.13263411
NA1/3636862134,2020-10-28,2020,Unknown,10.22,oe:team:4c87a422072b2c1e754299a17ea36ce,Grand View University,lineup-26a695d60bb382ad,0,pair-1aee73e0be0d4fe3,oe:player:7d388393a4a19f739a249ce58eb7937,oe:player:de3297dddd88e797bbd2ae490d2a9bc,learning brain,riversided,0.84709731
NA1/3636862134,2020-10-28,2020,Unknown,10.22,oe:team:4c87a422072b2c1e754299a17ea36ce,Grand View University,lineup-26a695d60bb382ad,0,pair-fa70825f41dc287c,oe:player:7d388393a4a19f739a249ce58eb7937,oe:player:fba26591b2a75a8e370c2d51bc9eb90,learning brain,Azog,-0.00467022
NA1/3636862134,2020-10-28,2020,Unknown,10.22,oe:team:4c87a422072b2c1e754299a17ea36ce,Grand View University,lineup-26a695d60bb382ad,0,pair-6735ac5e77a4ed28,oe:player:b3709189c310ac24871a07dd4df6ef7,oe:player:de3297dddd88e797bbd2ae490d2a9bc,Kolthro,riversided,1.40611484
NA1/3636862134,2020-10-28,2020,Unknown,10.22,oe:team:4c87a422072b2c1e754299a17ea36ce,Grand View University,lineup-26a695d60bb382ad,0,pair-506111ea2569d96b,oe:player:b3709189c310ac24871a07dd4df6ef7,oe:player:fba26591b2a75a8e370c2d51bc9eb90,Kolthro,Azog,0.55434731
NA1/3636862134,2020-10-28,2020,Unknown,10.22,oe:team:4c87a422072b2c1e754299a17ea36ce,Grand View University,lineup-26a695d60bb382ad,0,pair-6ef0d7fd83c49066,oe:player:de3297dddd88e797bbd2ae490d2a9bc,oe:player:fba26591b2a75a8e370c2d51bc9eb90,riversided,Azog,0.26881051
NA1/3636862134,2020-10-28,2020,Unknown,10.22,oe:team:b99696624afa81613e7c305f10c6b05,Illinois State University,lineup-2c75145e2ab515e3,1,pair-e6b7b20224ab8237,oe:player:4f6099e648bf78004394fdbb56140ee,oe:player:5e0308bd1c4172cd22f7bedcb1119ba,DrewDozer,datdat1,3.04343128
NA1/3636862134,2020-10-28,2020,Unknown,10.22,oe:team:b99696624afa81613e7c305f10c6b05,Illinois State University,lineup-2c75145e2ab515e3,1,pair-cf414b2cd1b3b693,oe:player:4f6099e648bf78004394fdbb56140ee,oe:player:684880c286f599e706af1f009dd9ae4,DrewDozer,GFP,1.38042987
NA1/3636862134,2020-10-28,2020,Unknown,10.22,oe:team:b99696624afa81613e7c305f10c6b05,Illinois State University,lineup-2c75145e2ab515e3,1,pair-7b3710b3c73c4b2d,oe:player:4f6099e648bf78004394fdbb56140ee,oe:player:69e8187a8af4c2ca3b95e6027ecfc9b,DrewDozer,Yen,1.96249872
NA1/3636862134,2020-10-28,2020,Unknown,10.22,oe:team:b99696624afa81613e7c305f10c6b05,Illinois State University,lineup-2c75145e2ab515e3,1,pair-4d935280824c6804,oe:player:4f6099e648bf78004394fdbb56140ee,oe:player:aa3fd3870a04b4f9da9f7e49737f52a,DrewDozer,Tempos,2.13597790
NA1/3636862134,2020-10-28,2020,Unknown,10.22,oe:team:b99696624afa81613e7c305f10c6b05,Illinois State University,lineup-2c75145e2ab515e3,1,pair-16df56740273fba6,oe:player:5e0308bd1c4172cd22f7bedcb1119ba,oe:player:684880c286f599e706af1f009dd9ae4,datdat1,GFP,0.19073010
NA1/3636862134,2020-10-28,2020,Unknown,10.22,oe:team:b99696624afa81613e7c305f10c6b05,Illinois State University,lineup-2c75145e2ab515e3,1,pair-c28da33ad0db5076,oe:player:5e0308bd1c4172cd22f7bedcb1119ba,oe:player:69e8187a8af4c2ca3b95e6027ecfc9b,datdat1,Yen,0.77279896
NA1/3636862134,2020-10-28,2020,Unknown,10.22,oe:team:b99696624afa81613e7c305f10c6b05,Illinois State University,lineup-2c75145e2ab515e3,1,pair-59f0ab20a6349fa2,oe:player:5e0308bd1c4172cd22f7bedcb1119ba,oe:player:aa3fd3870a04b4f9da9f7e49737f52a,datdat1,Tempos,0.94627813
NA1/3636862134,2020-10-28,2020,Unknown,10.22,oe:team:b99696624afa81613e7c305f10c6b05,Illinois State University,lineup-2c75145e2ab515e3,1,pair-9d2fcd4fc52e8672,oe:player:684880c286f599e706af1f009dd9ae4,oe:player:69e8187a8af4c2ca3b95e6027ecfc9b,GFP,Yen,-0.89020245
NA1/3636862134,2020-10-28,2020,Unknown,10.22,oe:team:b99696624afa81613e7c305f10c6b05,Illinois State University,lineup-2c75145e2ab515e3,1,pair-9c35944c3a43fb03,oe:player:684880c286f599e706af1f009dd9ae4,oe:player:aa3fd3870a04b4f9da9f7e49737f52a,GFP,Tempos,-0.71672328
NA1/3636862134,2020-10-28,2020,Unknown,10.22,oe:team:b99696624afa81613e7c305f10c6b05,Illinois State University,lineup-2c75145e2ab515e3,1,pair-cbca667032bf0894,oe:player:69e8187a8af4c2ca3b95e6027ecfc9b,oe:player:aa3fd3870a04b4f9da9f7e49737f52a,Yen,Tempos,-0.13465442
NA1/3641915655,2020-11-02,2020,Unknown,10.22,oe:team:333ba9fefa87eda14bd32c5420d7002,Winthrop University,lineup-d0a3245260ffb759,1,pair-155ed4557785ce5c,oe:player:06ddb1ce4c3f4952ae6973d4c7ca345,oe:player:250959b1405337b1ccd82f6dd634cb3,Saskio,Haebaragi,0.12794498
NA1/3641915655,2020-11-02,2020,Unknown,10.22,oe:team:333ba9fefa87eda14bd32c5420d7002,Winthrop University,lineup-d0a3245260ffb759,1,pair-66e4882570ae2158,oe:player:06ddb1ce4c3f4952ae6973d4c7ca345,oe:player:41c5f02f8439b36ea5d0d37c7b4a2c4,Saskio,Kenji,0.83221641
NA1/3641915655,2020-11-02,2020,Unknown,10.22,oe:team:333ba9fefa87eda14bd32c5420d7002,Winthrop University,lineup-d0a3245260ffb759,1,pair-e353919d08680fc9,oe:player:06ddb1ce4c3f4952ae6973d4c7ca345,oe:player:afcd3cdcf44e5da63f9e2a3dcb5ba50,Saskio,Doxa,0.85537119
NA1/3641915655,2020-11-02,2020,Unknown,10.22,oe:team:333ba9fefa87eda14bd32c5420d7002,Winthrop University,lineup-d0a3245260ffb759,1,pair-0863d1db02dddff4,oe:player:06ddb1ce4c3f4952ae6973d4c7ca345,oe:player:d045ce8a0de5eb77d740e62fb9e2d7f,Saskio,Daption,0.34249630
NA1/3641915655,2020-11-02,2020,Unknown,10.22,oe:team:333ba9fefa87eda14bd32c5420d7002,Winthrop University,lineup-d0a3245260ffb759,1,pair-7941e99941504ab2,oe:player:250959b1405337b1ccd82f6dd634cb3,oe:player:41c5f02f8439b36ea5d0d37c7b4a2c4,Haebaragi,Kenji,0.33043818
NA1/3641915655,2020-11-02,2020,Unknown,10.22,oe:team:333ba9fefa87eda14bd32c5420d7002,Winthrop University,lineup-d0a3245260ffb759,1,pair-cb6bc019435d0c2b,oe:player:250959b1405337b1ccd82f6dd634cb3,oe:player:afcd3cdcf44e5da63f9e2a3dcb5ba50,Haebaragi,Doxa,0.35359296
NA1/3641915655,2020-11-02,2020,Unknown,10.22,oe:team:333ba9fefa87eda14bd32c5420d7002,Winthrop University,lineup-d0a3245260ffb759,1,pair-cbdfe458d44f2a7d,oe:player:250959b1405337b1ccd82f6dd634cb3,oe:player:d045ce8a0de5eb77d740e62fb9e2d7f,Haebaragi,Daption,-0.15928193
NA1/3641915655,2020-11-02,2020,Unknown,10.22,oe:team:333ba9fefa87eda14bd32c5420d7002,Winthrop University,lineup-d0a3245260ffb759,1,pair-00b1b5bcd5e48281,oe:player:41c5f02f8439b36ea5d0d37c7b4a2c4,oe:player:afcd3cdcf44e5da63f9e2a3dcb5ba50,Kenji,Doxa,1.05786438
NA1/3641915655,2020-11-02,2020,Unknown,10.22,oe:team:333ba9fefa87eda14bd32c5420d7002,Winthrop University,lineup-d0a3245260ffb759,1,pair-972f41d0ec275b8a,oe:player:41c5f02f8439b36ea5d0d37c7b4a2c4,oe:player:d045ce8a0de5eb77d740e62fb9e2d7f,Kenji,Daption,0.54498949
NA1/3641915655,2020-11-02,2020,Unknown,10.22,oe:team:333ba9fefa87eda14bd32c5420d7002,Winthrop University,lineup-d0a3245260ffb759,1,pair-02cedf4076ab02b0,oe:player:afcd3cdcf44e5da63f9e2a3dcb5ba50,oe:player:d045ce8a0de5eb77d740e62fb9e2d7f,Doxa,Daption,0.56814428
NA1/3641915655,2020-11-02,2020,Unknown,10.22,oe:team:4c87a422072b2c1e754299a17ea36ce,Grand View University,lineup-26a695d60bb382ad,0,pair-b14308939d1d7469,oe:player:1fb549aa840b4bd1dc4abefd8097172,oe:player:7d388393a4a19f739a249ce58eb7937,Teesum,learning brain,-0.76532001
NA1/3641915655,2020-11-02,2020,Unknown,10.22,oe:team:4c87a422072b2c1e754299a17ea36ce,Grand View University,lineup-26a695d60bb382ad,0,pair-e941c560d37b59fc,oe:player:1fb549aa840b4bd1dc4abefd8097172,oe:player:b3709189c310ac24871a07dd4df6ef7,Teesum,Kolthro,-0.48774572
NA1/3641915655,2020-11-02,2020,Unknown,10.22,oe:team:4c87a422072b2c1e754299a17ea36ce,Grand View University,lineup-26a695d60bb382ad,0,pair-14ff00b81ca3627b,oe:player:1fb549aa840b4bd1dc4abefd8097172,oe:player:de3297dddd88e797bbd2ae490d2a9bc,Teesum,riversided,-0.66070328
NA1/3641915655,2020-11-02,2020,Unknown,10.22,oe:team:4c87a422072b2c1e754299a17ea36ce,Grand View University,lineup-26a695d60bb382ad,0,pair-c3a27a2b6ba72007,oe:player:1fb549aa840b4bd1dc4abefd8097172,oe:player:fba26591b2a75a8e370c2d51bc9eb90,Teesum,Azog,-0.59331531
NA1/3641915655,2020-11-02,2020,Unknown,10.22,oe:team:4c87a422072b2c1e754299a17ea36ce,Grand View University,lineup-26a695d60bb382ad,0,pair-b27abb6821875f55,oe:player:7d388393a4a19f739a249ce58eb7937,oe:player:b3709189c310ac24871a07dd4df6ef7,learning brain,Kolthro,-0.62881962
NA1/3641915655,2020-11-02,2020,Unknown,10.22,oe:team:4c87a422072b2c1e754299a17ea36ce,Grand View University,lineup-26a695d60bb382ad,0,pair-1aee73e0be0d4fe3,oe:player:7d388393a4a19f739a249ce58eb7937,oe:player:de3297dddd88e797bbd2ae490d2a9bc,learning brain,riversided,-0.80177718
NA1/3641915655,2020-11-02,2020,Unknown,10.22,oe:team:4c87a422072b2c1e754299a17ea36ce,Grand View University,lineup-26a695d60bb382ad,0,pair-fa70825f41dc287c,oe:player:7d388393a4a19f739a249ce58eb7937,oe:player:fba26591b2a75a8e370c2d51bc9eb90,learning brain,Azog,-0.73438922
NA1/3641915655,2020-11-02,2020,Unknown,10.22,oe:team:4c87a422072b2c1e754299a17ea36ce,Grand View University,lineup-26a695d60bb382ad,0,pair-6735ac5e77a4ed28,oe:player:b3709189c310ac24871a07dd4df6ef7,oe:player:de3297dddd88e797bbd2ae490d2a9bc,Kolthro,riversided,-0.52420289
NA1/3641915655,2020-11-02,2020,Unknown,10.22,oe:team:4c87a422072b2c1e754299a17ea36ce,Grand View University,lineup-26a695d60bb382ad,0,pair-506111ea2569d96b,oe:player:b3709189c310ac24871a07dd4df6ef7,oe:player:fba26591b2a75a8e370c2d51bc9eb90,Kolthro,Azog,-0.45681492
NA1/3641915655,2020-11-02,2020,Unknown,10.22,oe:team:4c87a422072b2c1e754299a17ea36ce,Grand View University,lineup-26a695d60bb382ad,0,pair-6ef0d7fd83c49066,oe:player:de3297dddd88e797bbd2ae490d2a9bc,oe:player:fba26591b2a75a8e370c2d51bc9eb90,riversided,Azog,-0.62977248
NA1/3642115183,2020-11-02,2020,Unknown,10.22,oe:team:333ba9fefa87eda14bd32c5420d7002,Winthrop University,lineup-d0a3245260ffb759,1,pair-155ed4557785ce5c,oe:player:06ddb1ce4c3f4952ae6973d4c7ca345,oe:player:250959b1405337b1ccd82f6dd634cb3,Saskio,Haebaragi,0.14548143
NA1/3642115183,2020-11-02,2020,Unknown,10.22,oe:team:333ba9fefa87eda14bd32c5420d7002,Winthrop University,lineup-d0a3245260ffb759,1,pair-66e4882570ae2158,oe:player:06ddb1ce4c3f4952ae6973d4c7ca345,oe:player:41c5f02f8439b36ea5d0d37c7b4a2c4,Saskio,Kenji,1.33831134
NA1/3642115183,2020-11-02,2020,Unknown,10.22,oe:team:333ba9fefa87eda14bd32c5420d7002,Winthrop University,lineup-d0a3245260ffb759,1,pair-e353919d08680fc9,oe:player:06ddb1ce4c3f4952ae6973d4c7ca345,oe:player:afcd3cdcf44e5da63f9e2a3dcb5ba50,Saskio,Doxa,0.81454210
NA1/3642115183,2020-11-02,2020,Unknown,10.22,oe:team:333ba9fefa87eda14bd32c5420d7002,Winthrop University,lineup-d0a3245260ffb759,1,pair-0863d1db02dddff4,oe:player:06ddb1ce4c3f4952ae6973d4c7ca345,oe:player:d045ce8a0de5eb77d740e62fb9e2d7f,Saskio,Daption,0.96588723
NA1/3642115183,2020-11-02,2020,Unknown,10.22,oe:team:333ba9fefa87eda14bd32c5420d7002,Winthrop University,lineup-d0a3245260ffb759,1,pair-7941e99941504ab2,oe:player:250959b1405337b1ccd82f6dd634cb3,oe:player:41c5f02f8439b36ea5d0d37c7b4a2c4,Haebaragi,Kenji,1.00528788
NA1/3642115183,2020-11-02,2020,Unknown,10.22,oe:team:333ba9fefa87eda14bd32c5420d7002,Winthrop University,lineup-d0a3245260ffb759,1,pair-cb6bc019435d0c2b,oe:player:250959b1405337b1ccd82f6dd634cb3,oe:player:afcd3cdcf44e5da63f9e2a3dcb5ba50,Haebaragi,Doxa,0.48151863
NA1/3642115183,2020-11-02,2020,Unknown,10.22,oe:team:333ba9fefa87eda14bd32c5420d7002,Winthrop University,lineup-d0a3245260ffb759,1,pair-cbdfe458d44f2a7d,oe:player:250959b1405337b1ccd82f6dd634cb3,oe:player:d045ce8a0de5eb77d740e62fb9e2d7f,Haebaragi,Daption,0.63286377
NA1/3642115183,2020-11-02,2020,Unknown,10.22,oe:team:333ba9fefa87eda14bd32c5420d7002,Winthrop University,lineup-d0a3245260ffb759,1,pair-00b1b5bcd5e48281,oe:player:41c5f02f8439b36ea5d0d37c7b4a2c4,oe:player:afcd3cdcf44e5da63f9e2a3dcb5ba50,Kenji,Doxa,1.67434854
NA1/3642115183,2020-11-02,2020,Unknown,10.22,oe:team:333ba9fefa87eda14bd32c5420d7002,Winthrop University,lineup-d0a3245260ffb759,1,pair-972f41d0ec275b8a,oe:player:41c5f02f8439b36ea5d0d37c7b4a2c4,oe:player:d045ce8a0de5eb77d740e62fb9e2d7f,Kenji,Daption,1.82569368
NA1/3642115183,2020-11-02,2020,Unknown,10.22,oe:team:333ba9fefa87eda14bd32c5420d7002,Winthrop University,lineup-d0a3245260ffb759,1,pair-02cedf4076ab02b0,oe:player:afcd3cdcf44e5da63f9e2a3dcb5ba50,oe:player:d045ce8a0de5eb77d740e62fb9e2d7f,Doxa,Daption,1.30192443
NA1/3642115183,2020-11-02,2020,Unknown,10.22,oe:team:4c87a422072b2c1e754299a17ea36ce,Grand View University,lineup-26a695d60bb382ad,0,pair-b14308939d1d7469,oe:player:1fb549aa840b4bd1dc4abefd8097172,oe:player:7d388393a4a19f739a249ce58eb7937,Teesum,learning brain,0.32562768
NA1/3642115183,2020-11-02,2020,Unknown,10.22,oe:team:4c87a422072b2c1e754299a17ea36ce,Grand View University,lineup-26a695d60bb382ad,0,pair-e941c560d37b59fc,oe:player:1fb549aa840b4bd1dc4abefd8097172,oe:player:b3709189c310ac24871a07dd4df6ef7,Teesum,Kolthro,0.07377274
NA1/3642115183,2020-11-02,2020,Unknown,10.22,oe:team:4c87a422072b2c1e754299a17ea36ce,Grand View University,lineup-26a695d60bb382ad,0,pair-14ff00b81ca3627b,oe:player:1fb549aa840b4bd1dc4abefd8097172,oe:player:de3297dddd88e797bbd2ae490d2a9bc,Teesum,riversided,-0.31888918
NA1/3642115183,2020-11-02,2020,Unknown,10.22,oe:team:4c87a422072b2c1e754299a17ea36ce,Grand View University,lineup-26a695d60bb382ad,0,pair-c3a27a2b6ba72007,oe:player:1fb549aa840b4bd1dc4abefd8097172,oe:player:fba26591b2a75a8e370c2d51bc9eb90,Teesum,Azog,0.54124970
NA1/3642115183,2020-11-02,2020,Unknown,10.22,oe:team:4c87a422072b2c1e754299a17ea36ce,Grand View University,lineup-26a695d60bb382ad,0,pair-b27abb6821875f55,oe:player:7d388393a4a19f739a249ce58eb7937,oe:player:b3709189c310ac24871a07dd4df6ef7,learning brain,Kolthro,0.34962877
NA1/3642115183,2020-11-02,2020,Unknown,10.22,oe:team:4c87a422072b2c1e754299a17ea36ce,Grand View University,lineup-26a695d60bb382ad,0,pair-1aee73e0be0d4fe3,oe:player:7d388393a4a19f739a249ce58eb7937,oe:player:de3297dddd88e797bbd2ae490d2a9bc,learning brain,riversided,-0.04303315
NA1/3642115183,2020-11-02,2020,Unknown,10.22,oe:team:4c87a422072b2c1e754299a17ea36ce,Grand View University,lineup-26a695d60bb382ad,0,pair-fa70825f41dc287c,oe:player:7d388393a4a19f739a249ce58eb7937,oe:player:fba26591b2a75a8e370c2d51bc9eb90,learning brain,Azog,0.81710572
NA1/3642115183,2020-11-02,2020,Unknown,10.22,oe:team:4c87a422072b2c1e754299a17ea36ce,Grand View University,lineup-26a695d60bb382ad,0,pair-6735ac5e77a4ed28,oe:player:b3709189c310ac24871a07dd4df6ef7,oe:player:de3297dddd88e797bbd2ae490d2a9bc,Kolthro,riversided,-0.29488809
NA1/3642115183,2020-11-02,2020,Unknown,10.22,oe:team:4c87a422072b2c1e754299a17ea36ce,Grand View University,lineup-26a695d60bb382ad,0,pair-506111ea2569d96b,oe:player:b3709189c310ac24871a07dd4df6ef7,oe:player:fba26591b2a75a8e370c2d51bc9eb90,Kolthro,Azog,0.56525079
NA1/3642115183,2020-11-02,2020,Unknown,10.22,oe:team:4c87a422072b2c1e754299a17ea36ce,Grand View University,lineup-26a695d60bb382ad,0,pair-6ef0d7fd83c49066,oe:player:de3297dddd88e797bbd2ae490d2a9bc,oe:player:fba26591b2a75a8e370c2d51bc9eb90,riversided,Azog,0.17258886
