player_id,player,team_id,team,role,day,n_games,actual_dpm,expected_dpm,adjusted_impact
name-player-7e43bbb13b0a75a1,BH Fenni,name-team-57964d1ebff4a165,Bees Hum,jng,2024-04-04,2,461.61138036,342.18124648,0.56454898
name-player-f1f7bf23cce47fd4,TNU Alex,oe:team:9114fb0f268de0d260acfef5fd97ef6,TNU Eagle (東南飛鷹),jng,2024-03-25,2,358.82696407,499.56692279,-0.66528101
name-player-f1f7bf23cce47fd4,TNU Alex,oe:team:9114fb0f268de0d260acfef5fd97ef6,TNU Eagle (東南飛鷹),jng,2024-03-26,2,484.24510227,491.04737920,-0.03215452
name-player-f1f7bf23cce47fd4,TNU Alex,oe:team:9114fb0f268de0d260acfef5fd97ef6,TNU Eagle (東南飛鷹),jng,2024-03-29,2,355.80782350,436.33079807,-0.38063395
oe:player:012933d16036b22253c77d45faa69b7,sirottyo,oe:team:c8d302e68ffd3e684186a0db372b7b6,V3 Esports Academy,top,2024-05-29,2,494.53189601,388.46744884,0.46621128
oe:player:012933d16036b22253c77d45faa69b7,sirottyo,oe:team:c8d302e68ffd3e684186a0db372b7b6,V3 Esports Academy,top,2024-05-31,2,451.29806402,461.52413545,-0.04494918
oe:player:012933d16036b22253c77d45faa69b7,sirottyo,oe:team:c8d302e68ffd3e684186a0db372b7b6,V3 Esports Academy,top,2024-06-05,2,513.54876099,574.77719693,-0.26913248
oe:player:012933d16036b22253c77d45faa69b7,sirottyo,oe:team:c8d302e68ffd3e684186a0db372b7b6,V3 Esports Academy,top,2024-06-06,2,341.56717485,463.79784218,-0.53727066
oe:player:012933d16036b22253c77d45faa69b7,sirottyo,oe:team:c8d302e68ffd3e684186a0db372b7b6,V3 Esports Academy,top,2024-06-07,2,484.15461429,368.13743095,0.50995900
oe:player:012933d16036b22253c77d45faa69b7,sirottyo,oe:team:c8d302e68ffd3e684186a0db372b7b6,V3 Esports Academy,top,2024-06-12,2,508.21663235,430.28593070,0.34254807
oe:player:012933d16036b22253c77d45faa69b7,sirottyo,oe:team:c8d302e68ffd3e684186a0db372b7b6,V3 Esports Academy,top,2024-06-14,2,472.08126280,452.50960709,0.08552798
oe:player:012933d16036b22253c77d45faa69b7,sirottyo,oe:team:c8d302e68ffd3e684186a0db372b7b6,V3 Esports Academy,top,2024-06-19,2,601.24894689,473.80845222,0.55691394
oe:player:012933d16036b22253c77d45faa69b7,sirottyo,oe:team:c8d302e68ffd3e684186a0db372b7b6,V3 Esports Academy,top,2024-06-20,2,664.09227294,602.57575068,0.26882671
oe:player:012933d16036b22253c77d45faa69b7,sirottyo,oe:team:c8d302e68ffd3e684186a0db372b7b6,V3 Esports Academy,top,2024-06-21,2,857.15289389,451.98169310,1.77059490
oe:player:012933d16036b22253c77d45faa69b7,sirottyo,oe:team:c8d302e68ffd3e684186a0db372b7b6,V3 Esports Academy,top,2024-06-26,2,576.19505915,499.62261037,0.33462099
oe:player:012933d16036b22253c77d45faa69b7,sirottyo,oe:team:c8d302e68ffd3e684186a0db372b7b6,V3 Esports Academy,top,2024-06-27,2,411.53342245,275.43087792,0.59476703
oe:player:040463583a2d75b5db770ba0813be39,Kentakki,oe:team:26de0e706bbdee6670640bb499d80a9,Burning Core Toyama Academy,sup,2024-05-30,2,274.41811355,241.22493702,0.28747205
oe:player:040463583a2d75b5db770ba0813be39,Kentakki,oe:team:26de0e706bbdee6670640bb499d80a9,Burning Core Toyama Academy,sup,2024-05-31,2,202.38554141,276.98930930,-0.64611165
oe:player:040463583a2d75b5db770ba0813be39,Kentakki,oe:team:26de0e706bbdee6670640bb499d80a9,Burning Core Toyama Academy,sup,2024-06-06,2,309.02669113,235.92992534,0.63306014
oe:player:040463583a2d75b5db770ba0813be39,Kentakki,oe:team:26de0e706bbdee6670640bb499d80a9,Burning Core Toyama Academy,sup,2024-06-07,2,324.92490372,303.13141267,0.18874420
oe:player:040463583a2d75b5db770ba0813be39,Kentakki,oe:team:26de0e706bbdee6670640bb499d80a9,Burning Core Toyama Academy,sup,2024-06-13,2,429.55220088,379.70310076,0.43172195
oe:player:040463583a2d75b5db770ba0813be39,Kentakki,oe:team:26de0e706bbdee6670640bb499d80a9,Burning Core Toyama Academy,sup,2024-06-14,2,310.70879944,173.16798994,1.15318897
oe:player:040463583a2d75b5db770ba0813be39,Kentakki,oe:team:26de0e706bbdee6670640bb499d80a9,Burning Core Toyama Academy,sup,2024-06-20,2,219.49286168,189.87763559,0.24830414
oe:player:040463583a2d75b5db770ba0813be39,Kentakki,oe:team:26de0e706bbdee6670640bb499d80a9,Burning Core Toyama Academy,sup,2024-06-21,2,297.79215205,151.24518920,1.22869963
oe:player:040463583a2d75b5db770ba0813be39,Kentakki,oe:team:26de0e706bbdee6670640bb499d80a9,Burning Core Toyama Academy,sup,2024-06-26,2,351.82986336,129.41229335,1.86482463
oe:player:040463583a2d75b5db770ba0813be39,Kentakki,oe:team:26de0e706bbdee6670640bb499d80a9,Burning Core Toyama Academy,sup,2024-06-27,3,193.98217510,183.28954888,0.08965062
oe:player:044e02245f640dee2684205a93127f2,SYZ,oe:team:215b3bc4217842708191cc9be161132,Impunity,top,2024-04-03,2,387.06709711,599.22080853,-0.93612284
oe:player:04ea90be225e33ed6a293eb84414f46,TenT,oe:team:26de0e706bbdee6670640bb499d80a9,Burning Core Toyama Academy,bot,2024-05-30,2,578.81454928,605.95905705,-0.09812965
oe:player:04ea90be225e33ed6a293eb84414f46,TenT,oe:team:26de0e706bbdee6670640bb499d80a9,Burning Core Toyama Academy,bot,2024-06-07,2,491.41655969,747.69714465,-0.92647562
oe:player:04ea90be225e33ed6a293eb84414f46,TenT,oe:team:26de0e706bbdee6670640bb499d80a9,Burning Core Toyama Academy,bot,2024-06-21,2,601.79399142,571.22415153,0.11310716
oe:player:04ea90be225e33ed6a293eb84414f46,TenT,oe:team:26de0e706bbdee6670640bb499d80a9,Burning Core Toyama Academy,bot,2024-06-27,2,349.90947178,572.20346812,-0.82247869
oe:player:0c1c8bb80037123b88a38985634789c,Agrona,oe:team:a23eb8479b972c2ea103fa362b0b5d5,West Point Esports Academy,mid,2024-05-29,2,451.51870763,609.56216531,-0.64966852
oe:player:0c1c8bb80037123b88a38985634789c,Agrona,oe:team:a23eb8479b972c2ea103fa362b0b5d5,West Point Esports Academy,mid,2024-05-31,2,676.26178010,795.57289856,-0.49045167
oe:player:0c1c8bb80037123b88a38985634789c,Agrona,oe:team:a23eb8479b972c2ea103fa362b0b5d5,West Point Esports Academy,mid,2024-06-05,2,678.10572592,704.33068463,-0.10780282
oe:player:0c1c8bb80037123b88a38985634789c,Agrona,oe:team:a23eb8479b972c2ea103fa362b0b5d5,West Point Esports Academy,mid,2024-06-06,2,758.12970519,753.28996862,0.01989468
oe:player:0c1c8bb80037123b88a38985634789c,Agrona,oe:team:a23eb8479b972c2ea103fa362b0b5d5,West Point Esports Academy,mid,2024-06-07,2,847.10802370,638.10402649,0.85915177
oe:player:0c1c8bb80037123b88a38985634789c,Agrona,oe:team:a23eb8479b972c2ea103fa362b0b5d5,West Point Esports Academy,mid,2024-06-13,2,906.94007232,692.40691737,0.88188046
oe:player:0c1c8bb80037123b88a38985634789c,Agrona,oe:team:a23eb8479b972c2ea103fa362b0b5d5,West Point Esports Academy,mid,2024-06-14,2,579.76234401,576.41530930,0.01403638
oe:player:0c1c8bb80037123b88a38985634789c,Agrona,oe:team:a23eb8479b972c2ea103fa362b0b5d5,West Point Esports Academy,mid,2024-06-20,2,833.27217834,718.30341427,0.48214167
oe:player:0c1c8bb80037123b88a38985634789c,Agrona,oe:team:a23eb8479b972c2ea103fa362b0b5d5,West Point Esports Academy,mid,2024-06-26,2,1108.86452519,779.68090232,1.38048925
oe:player:0c1c8bb80037123b88a38985634789c,Agrona,oe:team:a23eb8479b972c2ea103fa362b0b5d5,West Point Esports Academy,mid,2024-06-27,2,595.74531174,665.24438243,-0.29145654
oe:player:0c1c8bb80037123b88a38985634789c,Agrona,oe:team:a23eb8479b972c2ea103fa362b0b5d5,West Point Esports Academy,mid,2024-07-09,3,626.81391469,761.99360722,-0.56689975
oe:player:0c1c8bb80037123b88a38985634789c,Agrona,oe:team:a23eb8479b972c2ea103fa362b0b5d5,West Point Esports Academy,mid,2024-07-10,2,588.47990558,686.96605084,-0.40888086
oe:player:0c1c8bb80037123b88a38985634789c,Agrona,oe:team:a23eb8479b972c2ea103fa362b0b5d5,West Point Esports Academy,top,2024-05-30,2,387.04308919,637.74367667,-1.10196625
oe:player:0f85b549fe1f2d3f869e4c95bf74091,evol,oe:team:68c346d1a5284be386b75f84d76b27d,AXIZ CREST Academy,bot,2024-03-25,2,648.56325457,642.04028116,0.02432232
oe:player:0f85b549fe1f2d3f869e4c95bf74091,evol,oe:team:68c346d1a5284be386b75f84d76b27d,AXIZ CREST Academy,bot,2024-03-26,2,707.57956903,660.69762722,0.17480950
oe:player:0f85b549fe1f2d3f869e4c95bf74091,evol,oe:team:68c346d1a5284be386b75f84d76b27d,AXIZ CREST Academy,bot,2024-05-30,2,383.29289281,577.93003752,-0.70362946
oe:player:0f85b549fe1f2d3f869e4c95bf74091,evol,oe:team:68c346d1a5284be386b75f84d76b27d,AXIZ CREST Academy,bot,2024-05-31,2,753.43698287,570.48046695,0.66140302
oe:player:0f85b549fe1f2d3f869e4c95bf74091,evol,oe:team:68c346d1a5284be386b75f84d76b27d,AXIZ CREST Academy,bot,2024-06-06,2,428.56136364,504.32302405,-0.27388470
oe:player:0f85b549fe1f2d3f869e4c95bf74091,evol,oe:team:68c346d1a5284be386b75f84d76b27d,AXIZ CREST Academy,bot,2024-06-07,2,384.71404549,581.60240448,-0.71176779
oe:player:0f85b549fe1f2d3f869e4c95bf74091,evol,oe:team:68c346d1a5284be386b75f84d76b27d,AXIZ CREST Academy,bot,2024-06-13,2,452.06097140,530.75002003,-0.28446745
oe:player:0f85b549fe1f2d3f869e4c95bf74091,evol,oe:team:68c346d1a5284be386b75f84d76b27d,AXIZ CREST Academy,bot,2024-06-14,2,588.55225694,690.41877066,-0.37690193
oe:player:0f85b549fe1f2d3f869e4c95bf74091,evol,oe:team:68c346d1a5284be386b75f84d76b27d,AXIZ CREST Academy,bot,2024-06-20,2,325.71432652,645.20863024,-1.18211584
oe:player:0f85b549fe1f2d3f869e4c95bf74091,evol,oe:team:68c346d1a5284be386b75f84d76b27d,AXIZ CREST Academy,bot,2024-06-21,2,602.02152145,558.01982074,0.16280449
oe:player:0f85b549fe1f2d3f869e4c95bf74091,evol,oe:team:68c346d1a5284be386b75f84d76b27d,AXIZ CREST Academy,bot,2024-06-26,2,438.22335964,559.18186010,-0.44754150
oe:player:0f85b549fe1f2d3f869e4c95bf74091,evol,oe:team:68c346d1a5284be386b75f84d76b27d,AXIZ CREST Academy,bot,2024-06-27,3,736.69223829,587.86369377,0.55065952
oe:player:119354225ddcc9dae5072bf3aa42359,ieyasu,oe:team:9114fb0f268de0d260acfef5fd97ef6,TNU Eagle (東南飛鷹),bot,2024-06-26,2,827.25425214,849.89650224,-0.08377540
oe:player:119354225ddcc9dae5072bf3aa42359,ieyasu,oe:team:9114fb0f268de0d260acfef5fd97ef6,TNU Eagle (東南飛鷹),jng,2024-05-29,2,305.48811345,494.03672706,-0.91882642
oe:player:119354225ddcc9dae5072bf3aa42359,ieyasu,oe:team:9114fb0f268de0d260acfef5fd97ef6,TNU Eagle (東南飛鷹),jng,2024-05-30,1,680.28169014,426.15044662,1.23842067
oe:player:119354225ddcc9dae5072bf3aa42359,ieyasu,oe:team:9114fb0f268de0d260acfef5fd97ef6,TNU Eagle (東南飛鷹),jng,2024-05-31,2,798.10584353,542.99314328,1.24320346
oe:player:119354225ddcc9dae5072bf3aa42359,ieyasu,oe:team:9114fb0f268de0d260acfef5fd97ef6,TNU Eagle (東南飛鷹),jng,2024-06-05,2,459.97488022,489.25233583,-0.14267355
oe:player:119354225ddcc9dae5072bf3aa42359,ieyasu,oe:team:9114fb0f268de0d260acfef5fd97ef6,TNU Eagle (東南飛鷹),jng,2024-06-06,2,527.37532231,661.15230299,-0.65191582
oe:player:119354225ddcc9dae5072bf3aa42359,ieyasu,oe:team:9114fb0f268de0d260acfef5fd97ef6,TNU Eagle (東南飛鷹),jng,2024-06-12,2,807.53422778,463.81430082,1.67500011
oe:player:119354225ddcc9dae5072bf3aa42359,ieyasu,oe:team:9114fb0f268de0d260acfef5fd97ef6,TNU Eagle (東南飛鷹),jng,2024-06-13,2,252.79941799,398.68125823,-0.71090466
oe:player:119354225ddcc9dae5072bf3aa42359,ieyasu,oe:team:9114fb0f268de0d260acfef5fd97ef6,TNU Eagle (東南飛鷹),jng,2024-06-14,2,667.19113341,576.57819240,0.36930935
oe:player:119354225ddcc9dae5072bf3aa42359,ieyasu,oe:team:9114fb0f268de0d260acfef5fd97ef6,TNU Eagle (東南飛鷹),jng,2024-06-19,2,421.56428571,604.10861766,-0.74399228
oe:player:119354225ddcc9dae5072bf3aa42359,ieyasu,oe:team:9114fb0f268de0d260acfef5fd97ef6,TNU Eagle (東南飛鷹),jng,2024-06-20,1,372.86443562,536.24620892,-0.66589183
oe:player:119354225ddcc9dae5072bf3aa42359,ieyasu,oe:team:9114fb0f268de0d260acfef5fd97ef6,TNU Eagle (東南飛鷹),sup,2024-06-21,2,250.23698721,235.54951723,0.12314475
oe:player:152685ce71976230d0a430a5e8882c0,Dotmm,oe:team:7c1df37eb66c8c498b823787634c4bc,PSG Talon Academy,bot,2024-03-22,2,999.54610084,816.07030641,0.68412932
oe:player:152685ce71976230d0a430a5e8882c0,Dotmm,oe:team:7c1df37eb66c8c498b823787634c4bc,PSG Talon Academy,bot,2024-03-25,2,564.55098262,662.47065147,-0.36511474
oe:player:152685ce71976230d0a430a5e8882c0,Dotmm,oe:team:7c1df37eb66c8c498b823787634c4bc,PSG Talon Academy,bot,2024-03-26,2,763.77779783,723.23305293,0.15117988
oe:player:152685ce71976230d0a430a5e8882c0,Dotmm,oe:team:7c1df37eb66c8c498b823787634c4bc,PSG Talon Academy,bot,2024-04-04,2,871.48650474,753.61190641,0.43952103
oe:player:152685ce71976230d0a430a5e8882c0,Dotmm,oe:team:7c1df37eb66c8c498b823787634c4bc,PSG Talon Academy,bot,2024-04-10,3,565.67451967,678.70658115,-0.42146458
oe:player:152685ce71976230d0a430a5e8882c0,Dotmm,oe:team:7c1df37eb66c8c498b823787634c4bc,PSG Talon Academy,bot,2024-04-14,4,587.66294213,637.69416628,-0.18655228
oe:player:152685ce71976230d0a430a5e8882c0,Dotmm,oe:team:7c1df37eb66c8c498b823787634c4bc,PSG Talon Academy,bot,2024-05-30,2,579.13804534,776.57705981,-0.71375845
oe:player:152685ce71976230d0a430a5e8882c0,Dotmm,oe:team:7c1df37eb66c8c498b823787634c4bc,PSG Talon Academy,bot,2024-05-31,2,665.05142722,770.72164248,-0.38200661
oe:player:152685ce71976230d0a430a5e8882c0,Dotmm,oe:team:7c1df37eb66c8c498b823787634c4bc,PSG Talon Academy,bot,2024-06-06,2,412.62878211,757.53172187,-1.24685280
oe:player:152685ce71976230d0a430a5e8882c0,Dotmm,oe:team:7c1df37eb66c8c498b823787634c4bc,PSG Talon Academy,bot,2024-06-07,2,793.76097499,746.85471902,0.16957001
oe:player:152685ce71976230d0a430a5e8882c0,Dotmm,oe:team:7c1df37eb66c8c498b823787634c4bc,PSG Talon Academy,bot,2024-06-13,2,877.59774009,833.77063807,0.15843862
oe:player:152685ce71976230d0a430a5e8882c0,Dotmm,oe:team:7c1df37eb66c8c498b823787634c4bc,PSG Talon Academy,bot,2024-06-14,2,793.44563372,705.60698713,0.32499940
oe:player:152685ce71976230d0a430a5e8882c0,Dotmm,oe:team:7c1df37eb66c8c498b823787634c4bc,PSG Talon Academy,bot,2024-06-20,2,1224.32368629,875.99940695,1.28878557
oe:player:152685ce71976230d0a430a5e8882c0,Dotmm,oe:team:7c1df37eb66c8c498b823787634c4bc,PSG Talon Academy,bot,2024-06-21,2,769.17850073,786.01620641,-0.06229882
oe:player:152685ce71976230d0a430a5e8882c0,Dotmm,oe:team:7c1df37eb66c8c498b823787634c4bc,PSG Talon Academy,bot,2024-06-26,2,765.21598848,830.31450321,-0.24086184
oe:player:152685ce71976230d0a430a5e8882c0,Dotmm,oe:team:7c1df37eb66c8c498b823787634c4bc,PSG Talon Academy,bot,2024-06-27,2,702.50524088,774.66395792,-0.26698430
oe:player:152685ce71976230d0a430a5e8882c0,Dotmm,oe:team:7c1df37eb66c8c498b823787634c4bc,PSG Talon Academy,bot,2024-07-09,2,561.41975500,729.37775303,-0.62143772
oe:player:152685ce71976230d0a430a5e8882c0,Dotmm,oe:team:7c1df37eb66c8c498b823787634c4bc,PSG Talon Academy,bot,2024-07-11,2,700.77800030,621.63941646,0.28219061
oe:player:152685ce71976230d0a430a5e8882c0,Dotmm,oe:team:7c1df37eb66c8c498b823787634c4bc,PSG Talon Academy,bot,2024-07-24,3,622.79764537,739.80282166,-0.41721447
oe:player:167bb0ab58b3b4dca13bd65bf8421cd,ichs,oe:team:215b3bc4217842708191cc9be161132,Impunity,mid,2024-03-22,2,718.18935302,700.22337305,0.07229700
oe:player:167bb0ab58b3b4dca13bd65bf8421cd,ichs,oe:team:215b3bc4217842708191cc9be161132,Impunity,mid,2024-03-25,2,632.25547775,587.10090336,0.18170677
oe:player:167bb0ab58b3b4dca13bd65bf8421cd,ichs,oe:team:215b3bc4217842708191cc9be161132,Impunity,mid,2024-03-26,2,791.71855848,675.19525430,0.46890206
oe:player:167bb0ab58b3b4dca13bd65bf8421cd,ichs,oe:team:215b3bc4217842708191cc9be161132,Impunity,mid,2024-03-29,2,869.26747790,723.30051485,0.58738644
oe:player:167bb0ab58b3b4dca13bd65bf8421cd,ichs,oe:team:215b3bc4217842708191cc9be161132,Impunity,mid,2024-04-03,2,662.57148855,627.75231404,0.14011603
oe:player:167e4f8175190c5728bfa292bc53002,1mmeta1s,oe:team:215b3bc4217842708191cc9be161132,Impunity,jng,2024-08-04,5,392.59139672,485.74111227,-0.38366505
oe:player:167e4f8175190c5728bfa292bc53002,1mmeta1s,oe:team:215b3bc4217842708191cc9be161132,Impunity,sup,2024-05-29,2,269.96648397,349.06849507,-0.68506903
oe:player:167e4f8175190c5728bfa292bc53002,1mmeta1s,oe:team:215b3bc4217842708191cc9be161132,Impunity,sup,2024-05-30,2,358.66284941,263.53948333,0.82382320
oe:player:167e4f8175190c5728bfa292bc53002,1mmeta1s,oe:team:215b3bc4217842708191cc9be161132,Impunity,sup,2024-05-31,2,161.79309301,212.90963853,-0.44269876
oe:player:167e4f8175190c5728bfa292bc53002,1mmeta1s,oe:team:215b3bc4217842708191cc9be161132,Impunity,sup,2024-06-05,2,170.63268097,161.11405920,0.08243675
oe:player:167e4f8175190c5728bfa292bc53002,1mmeta1s,oe:team:215b3bc4217842708191cc9be161132,Impunity,sup,2024-06-07,2,677.66633109,419.69370784,2.23419167
oe:player:167e4f8175190c5728bfa292bc53002,1mmeta1s,oe:team:215b3bc4217842708191cc9be161132,Impunity,sup,2024-06-12,1,533.07692308,361.39277244,1.48688374
oe:player:167e4f8175190c5728bfa292bc53002,1mmeta1s,oe:team:215b3bc4217842708191cc9be161132,Impunity,sup,2024-06-13,2,465.34765753,317.52176635,1.28025745
oe:player:167e4f8175190c5728bfa292bc53002,1mmeta1s,oe:team:215b3bc4217842708191cc9be161132,Impunity,sup,2024-06-14,2,432.90905978,375.57217441,0.48073197
oe:player:167e4f8175190c5728bfa292bc53002,1mmeta1s,oe:team:215b3bc4217842708191cc9be161132,Impunity,sup,2024-06-19,2,136.62384237,242.68024694,-0.88921300
oe:player:167e4f8175190c5728bfa292bc53002,1mmeta1s,oe:team:215b3bc4217842708191cc9be161132,Impunity,sup,2024-06-20,2,263.53790449,225.93809862,0.31524957
oe:player:167e4f8175190c5728bfa292bc53002,1mmeta1s,oe:team:215b3bc4217842708191cc9be161132,Impunity,sup,2024-06-21,2,622.87994454,410.94094934,1.77696869
oe:player:167e4f8175190c5728bfa292bc53002,1mmeta1s,oe:team:215b3bc4217842708191cc9be161132,Impunity,sup,2024-06-27,2,772.66583538,466.43622634,2.56753330
oe:player:167e4f8175190c5728bfa292bc53002,1mmeta1s,oe:team:215b3bc4217842708191cc9be161132,Impunity,sup,2024-07-09,2,206.08860269,242.40676287,-0.30450382
oe:player:167e4f8175190c5728bfa292bc53002,1mmeta1s,oe:team:215b3bc4217842708191cc9be161132,Impunity,sup,2024-07-10,2,240.82277410,163.85117476,0.62156461
oe:player:167e4f8175190c5728bfa292bc53002,1mmeta1s,oe:team:215b3bc4217842708191cc9be161132,Impunity,sup,2024-07-11,3,160.15685971,220.64096374,-0.48842403
oe:player:167e4f8175190c5728bfa292bc53002,1mmeta1s,oe:team:215b3bc4217842708191cc9be161132,Impunity,sup,2024-07-25,2,210.43600796,296.10543702,-0.69180173
oe:player:167e4f8175190c5728bfa292bc53002,1mmeta1s,oe:team:215b3bc4217842708191cc9be161132,Impunity,sup,2024-07-31,3,203.06691031,335.63954681,-1.07055667
oe:player:167e4f8175190c5728bfa292bc53002,1mmeta1s,oe:team:215b3bc4217842708191cc9be161132,Impunity,sup,2024-08-09,3,263.38203537,225.26192575,0.30782927
oe:player:17e0e126a99a3d00707cb0325aeb19e,Yuji,oe:team:845f7165c7cdaad9d2a2d764375d0df,DetonatioN FocusMe Academy,mid,2024-03-22,2,376.46390323,538.32312030,-0.65133855
oe:player:17e0e126a99a3d00707cb0325aeb19e,Yuji,oe:team:845f7165c7cdaad9d2a2d764375d0df,DetonatioN FocusMe Academy,mid,2024-03-25,2,357.08617703,497.82474405,-0.56634683
oe:player:17e0e126a99a3d00707cb0325aeb19e,Yuji,oe:team:845f7165c7cdaad9d2a2d764375d0df,DetonatioN FocusMe Academy,mid,2024-03-26,2,437.91086280,526.54143374,-0.35665876
oe:player:17e0e126a99a3d00707cb0325aeb19e,Yuji,oe:team:845f7165c7cdaad9d2a2d764375d0df,DetonatioN FocusMe Academy,mid,2024-05-30,2,488.31765986,537.60845079,-0.20261943
oe:player:17e0e126a99a3d00707cb0325aeb19e,Yuji,oe:team:845f7165c7cdaad9d2a2d764375d0df,DetonatioN FocusMe Academy,mid,2024-05-31,2,587.33862881,609.49077370,-0.09106072
oe:player:17e0e126a99a3d00707cb0325aeb19e,Yuji,oe:team:845f7165c7cdaad9d2a2d764375d0df,DetonatioN FocusMe Academy,mid,2024-06-05,2,606.11134424,621.79122065,-0.06445520
oe:player:17e0e126a99a3d00707cb0325aeb19e,Yuji,oe:team:845f7165c7cdaad9d2a2d764375d0df,DetonatioN FocusMe Academy,mid,2024-06-06,2,525.69116748,590.67494141,-0.26712850
oe:player:17e0e126a99a3d00707cb0325aeb19e,Yuji,oe:team:845f7165c7cdaad9d2a2d764375d0df,DetonatioN FocusMe Academy,mid,2024-06-07,2,508.61618009,591.24055793,-0.33964365
oe:player:17e0e126a99a3d00707cb0325aeb19e,Yuji,oe:team:845f7165c7cdaad9d2a2d764375d0df,DetonatioN FocusMe Academy,mid,2024-06-12,2,469.01119112,427.13083889,0.17215737
oe:player:17e0e126a99a3d00707cb0325aeb19e,Yuji,oe:team:845f7165c7cdaad9d2a2d764375d0df,DetonatioN FocusMe Academy,mid,2024-06-13,2,563.80798070,508.06219057,0.22915396
oe:player:17e0e126a99a3d00707cb0325aeb19e,Yuji,oe:team:845f7165c7cdaad9d2a2d764375d0df,DetonatioN FocusMe Academy,mid,2024-06-19,2,763.49398601,571.92523033,0.80337717
oe:player:17e0e126a99a3d00707cb0325aeb19e,Yuji,oe:team:845f7165c7cdaad9d2a2d764375d0df,DetonatioN FocusMe Academy,mid,2024-06-20,2,696.16019597,687.83798590,0.03490065
oe:player:17e0e126a99a3d00707cb0325aeb19e,Yuji,oe:team:845f7165c7cdaad9d2a2d764375d0df,DetonatioN FocusMe Academy,mid,2024-06-21,2,586.38707824,529.90165168,0.23688154
oe:player:17e0e126a99a3d00707cb0325aeb19e,Yuji,oe:team:845f7165c7cdaad9d2a2d764375d0df,DetonatioN FocusMe Academy,mid,2024-06-26,2,593.59632476,636.55853837,-0.18016958
oe:player:17e0e126a99a3d00707cb0325aeb19e,Yuji,oe:team:845f7165c7cdaad9d2a2d764375d0df,DetonatioN FocusMe Academy,mid,2024-06-27,2,679.61878534,577.55866781,0.42800700
oe:player:19e1fda74f90f6eafeee38e8747f944,Coining,oe:team:f6f46fec64efaa34b25700ce7a88e44,Frank Esports Academy,mid,2024-05-29,2,850.64375429,773.14395441,0.31857807
oe:player:19e1fda74f90f6eafeee38e8747f944,Coining,oe:team:f6f46fec64efaa34b25700ce7a88e44,Frank Esports Academy,mid,2024-05-30,2,876.28812698,889.02091755,-0.05234062
oe:player:19e1fda74f90f6eafeee38e8747f944,Coining,oe:team:f6f46fec64efaa34b25700ce7a88e44,Frank Esports Academy,mid,2024-05-31,2,617.74396638,711.11944010,-0.38383813
oe:player:19e1fda74f90f6eafeee38e8747f944,Coining,oe:team:f6f46fec64efaa34b25700ce7a88e44,Frank Esports Academy,mid,2024-06-06,2,636.43732852,643.45692865,-0.02885544
oe:player:19e1fda74f90f6eafeee38e8747f944,Coining,oe:team:f6f46fec64efaa34b25700ce7a88e44,Frank Esports Academy,mid,2024-06-07,2,733.79740408,752.97822927,-0.07884653
oe:player:19e1fda74f90f6eafeee38e8747f944,Coining,oe:team:f6f46fec64efaa34b25700ce7a88e44,Frank Esports Academy,mid,2024-06-12,2,950.18698911,759.25648019,0.78485717
oe:player:19e1fda74f90f6eafeee38e8747f944,Coining,oe:team:f6f46fec64efaa34b25700ce7a88e44,Frank Esports Academy,mid,2024-06-13,2,955.44894387,867.83482855,0.36015494
oe:player:19e1fda74f90f6eafeee38e8747f944,Coining,oe:team:f6f46fec64efaa34b25700ce7a88e44,Frank Esports Academy,mid,2024-06-14,2,707.46017806,906.63535235,-0.83527602
oe:player:19e1fda74f90f6eafeee38e8747f944,Coining,oe:team:f6f46fec64efaa34b25700ce7a88e44,Frank Esports Academy,mid,2024-06-19,2,794.83345833,705.91566498,0.37289236
oe:player:19e1fda74f90f6eafeee38e8747f944,Coining,oe:team:f6f46fec64efaa34b25700ce7a88e44,Frank Esports Academy,mid,2024-06-21,2,771.66655144,783.49681270,-0.04961228
oe:player:19e1fda74f90f6eafeee38e8747f944,Coining,oe:team:f6f46fec64efaa34b25700ce7a88e44,Frank Esports Academy,mid,2024-06-26,2,634.24387917,585.39918113,0.20483881
oe:player:19e1fda74f90f6eafeee38e8747f944,Coining,oe:team:f6f46fec64efaa34b25700ce7a88e44,Frank Esports Academy,mid,2024-06-27,2,879.82773378,829.92042605,0.20929505
oe:player:19e1fda74f90f6eafeee38e8747f944,Coining,oe:team:f6f46fec64efaa34b25700ce7a88e44,Frank Esports Academy,mid,2024-07-09,2,783.51794522,718.76851791,0.27153808
oe:player:19e1fda74f90f6eafeee38e8747f944,Coining,oe:team:f6f46fec64efaa34b25700ce7a88e44,Frank Esports Academy,mid,2024-07-10,3,953.36805474,742.69389894,0.87464719
oe:player:19e1fda74f90f6eafeee38e8747f944,Coining,oe:team:f6f46fec64efaa34b25700ce7a88e44,Frank Esports Academy,mid,2024-07-24,2,800.75273833,696.02832900,0.43478000
oe:player:19e1fda74f90f6eafeee38e8747f944,Coining,oe:team:f6f46fec64efaa34b25700ce7a88e44,Frank Esports Academy,mid,2024-07-25,2,586.60218153,752.43779967,-0.68849289
oe:player:19e1fda74f90f6eafeee38e8747f944,Coining,oe:team:f6f46fec64efaa34b25700ce7a88e44,Frank Esports Academy,mid,2024-07-31,2,512.94689113,653.56992092,-0.58381882
oe:player:19e1fda74f90f6eafeee38e8747f944,Coining,oe:team:f6f46fec64efaa34b25700ce7a88e44,Frank Esports Academy,mid,2024-08-04,5,715.84806279,776.14590879,-0.25033608
oe:player:1b1e7d4392249cce6332592fb350a37,Yoshida,oe:team:68c346d1a5284be386b75f84d76b27d,AXIZ CREST Academy,mid,2024-05-30,2,569.70113734,626.93369745,-0.23526562
oe:player:1b1e7d4392249cce6332592fb350a37,Yoshida,oe:team:68c346d1a5284be386b75f84d76b27d,AXIZ CREST Academy,mid,2024-05-31,2,799.77112774,627.66692540,0.70746795
oe:player:1b1e7d4392249cce6332592fb350a37,Yoshida,oe:team:68c346d1a5284be386b75f84d76b27d,AXIZ CREST Academy,mid,2024-06-06,2,562.08636364,560.87110640,0.00499555
oe:player:1b1e7d4392249cce6332592fb350a37,Yoshida,oe:team:68c346d1a5284be386b75f84d76b27d,AXIZ CREST Academy,mid,2024-06-07,2,385.18761410,638.15041127,-1.03985301
oe:player:1b1e7d4392249cce6332592fb350a37,Yoshida,oe:team:68c346d1a5284be386b75f84d76b27d,AXIZ CREST Academy,mid,2024-06-13,2,604.31028882,538.23836179,0.27160157
oe:player:1b1e7d4392249cce6332592fb350a37,Yoshida,oe:team:68c346d1a5284be386b75f84d76b27d,AXIZ CREST Academy,mid,2024-06-14,2,520.76616135,714.74258517,-0.81347415
oe:player:1b1e7d4392249cce6332592fb350a37,Yoshida,oe:team:68c346d1a5284be386b75f84d76b27d,AXIZ CREST Academy,mid,2024-06-20,2,483.89675892,677.54818958,-0.81211124
oe:player:1b1e7d4392249cce6332592fb350a37,Yoshida,oe:team:68c346d1a5284be386b75f84d76b27d,AXIZ CREST Academy,mid,2024-06-21,2,503.78445079,558.14030542,-0.22795081
oe:player:1b1e7d4392249cce6332592fb350a37,Yoshida,oe:team:68c346d1a5284be386b75f84d76b27d,AXIZ CREST Academy,mid,2024-06-26,2,637.45203497,542.19074968,0.39949491
oe:player:1b1e7d4392249cce6332592fb350a37,Yoshida,oe:team:68c346d1a5284be386b75f84d76b27d,AXIZ CREST Academy,mid,2024-06-27,3,942.09613315,619.75646823,1.35178792
oe:player:20102ecd04e50741522711ff14b9fba,SeNBon,oe:team:7c1df37eb66c8c498b823787634c4bc,PSG Talon Academy,mid,2024-03-22,2,671.62320901,679.46972377,-0.03157520
oe:player:20102ecd04e50741522711ff14b9fba,SeNBon,oe:team:7c1df37eb66c8c498b823787634c4bc,PSG Talon Academy,mid,2024-03-25,2,674.65499385,633.82357202,0.16430994
oe:player:20102ecd04e50741522711ff14b9fba,SeNBon,oe:team:7c1df37eb66c8c498b823787634c4bc,PSG Talon Academy,mid,2024-03-26,2,683.71400212,673.78916697,0.03993858
oe:player:20102ecd04e50741522711ff14b9fba,SeNBon,oe:team:7c1df37eb66c8c498b823787634c4bc,PSG Talon Academy,mid,2024-04-04,2,954.59346391,793.23390786,0.64932786
oe:player:20102ecd04e50741522711ff14b9fba,SeNBon,oe:team:7c1df37eb66c8c498b823787634c4bc,PSG Talon Academy,mid,2024-04-10,3,646.87081481,652.09696142,-0.02103056
oe:player:20102ecd04e50741522711ff14b9fba,SeNBon,oe:team:7c1df37eb66c8c498b823787634c4bc,PSG Talon Academy,mid,2024-04-14,4,754.60466214,672.36568659,0.33093830
oe:player:20102ecd04e50741522711ff14b9fba,SeNBon,oe:team:7c1df37eb66c8c498b823787634c4bc,PSG Talon Academy,mid,2024-05-30,2,669.80044546,790.14936454,-0.49471775
oe:player:20102ecd04e50741522711ff14b9fba,SeNBon,oe:team:7c1df37eb66c8c498b823787634c4bc,PSG Talon Academy,mid,2024-05-31,2,1210.57755468,794.27498367,1.71129307
oe:player:20102ecd04e50741522711ff14b9fba,SeNBon,oe:team:7c1df37eb66c8c498b823787634c4bc,PSG Talon Academy,mid,2024-06-06,2,1141.03544970,730.34767652,1.68821234
oe:player:20102ecd04e50741522711ff14b9fba,SeNBon,oe:team:7c1df37eb66c8c498b823787634c4bc,PSG Talon Academy,mid,2024-06-07,2,661.44554752,690.74227802,-0.12042994
oe:player:20102ecd04e50741522711ff14b9fba,SeNBon,oe:team:7c1df37eb66c8c498b823787634c4bc,PSG Talon Academy,mid,2024-06-13,2,1032.47000362,801.93816870,0.94764616
oe:player:20102ecd04e50741522711ff14b9fba,SeNBon,oe:team:7c1df37eb66c8c498b823787634c4bc,PSG Talon Academy,mid,2024-06-14,2,963.18841810,822.69854240,0.58916893
oe:player:20102ecd04e50741522711ff14b9fba,SeNBon,oe:team:7c1df37eb66c8c498b823787634c4bc,PSG Talon Academy,mid,2024-06-20,2,945.85428734,851.58453343,0.39533675
oe:player:20102ecd04e50741522711ff14b9fba,SeNBon,oe:team:7c1df37eb66c8c498b823787634c4bc,PSG Talon Academy,mid,2024-06-21,2,1247.29916923,808.69698607,1.83935518
oe:player:20102ecd04e50741522711ff14b9fba,SeNBon,oe:team:7c1df37eb66c8c498b823787634c4bc,PSG Talon Academy,mid,2024-06-26,2,881.80847536,807.50091337,0.31162179
oe:player:20102ecd04e50741522711ff14b9fba,SeNBon,oe:team:7c1df37eb66c8c498b823787634c4bc,PSG Talon Academy,mid,2024-06-27,2,667.91974079,726.35843215,-0.24507290
oe:player:20102ecd04e50741522711ff14b9fba,SeNBon,oe:team:7c1df37eb66c8c498b823787634c4bc,PSG Talon Academy,mid,2024-07-09,2,1006.39858717,770.80926556,0.98798514
oe:player:20102ecd04e50741522711ff14b9fba,SeNBon,oe:team:7c1df37eb66c8c498b823787634c4bc,PSG Talon Academy,mid,2024-07-11,2,657.21562083,673.70339724,-0.06845162
oe:player:20102ecd04e50741522711ff14b9fba,SeNBon,oe:team:7c1df37eb66c8c498b823787634c4bc,PSG Talon Academy,mid,2024-07-24,3,734.70354886,860.63591068,-0.52282818
oe:player:20eb7ce62d7a601d3e1771393d762e7,Zhifeig,oe:team:435f9b3d0b3ae3b58516d7bd843a988,Chienhsin Bear (健行熊),mid,2024-03-22,2,629.28251259,710.46523322,-0.32668782
oe:player:20eb7ce62d7a601d3e1771393d762e7,Zhifeig,oe:team:435f9b3d0b3ae3b58516d7bd843a988,Chienhsin Bear (健行熊),mid,2024-03-25,2,678.52482987,679.05833438,-0.00214688
oe:player:20eb7ce62d7a601d3e1771393d762e7,Zhifeig,oe:team:435f9b3d0b3ae3b58516d7bd843a988,Chienhsin Bear (健行熊),mid,2024-03-26,2,1212.77545916,728.76726353,1.94769999
oe:player:20eb7ce62d7a601d3e1771393d762e7,Zhifeig,oe:team:435f9b3d0b3ae3b58516d7bd843a988,Chienhsin Bear (健行熊),mid,2024-05-30,2,903.95872535,687.97476877,0.88784426
oe:player:20eb7ce62d7a601d3e1771393d762e7,Zhifeig,oe:team:435f9b3d0b3ae3b58516d7bd843a988,Chienhsin Bear (健行熊),mid,2024-05-31,2,587.10032588,658.96467130,-0.29541243
oe:player:20eb7ce62d7a601d3e1771393d762e7,Zhifeig,oe:team:435f9b3d0b3ae3b58516d7bd843a988,Chienhsin Bear (健行熊),mid,2024-06-06,2,514.62012125,727.58705652,-0.87544220
oe:player:20eb7ce62d7a601d3e1771393d762e7,Zhifeig,oe:team:435f9b3d0b3ae3b58516d7bd843a988,Chienhsin Bear (健行熊),mid,2024-06-07,2,932.94030809,734.21589412,0.81689554
oe:player:20eb7ce62d7a601d3e1771393d762e7,Zhifeig,oe:team:435f9b3d0b3ae3b58516d7bd843a988,Chienhsin Bear (健行熊),mid,2024-06-13,2,734.38639593,635.47821512,0.40658140
oe:player:20eb7ce62d7a601d3e1771393d762e7,Zhifeig,oe:team:435f9b3d0b3ae3b58516d7bd843a988,Chienhsin Bear (健行熊),mid,2024-06-14,2,1034.81953375,798.19059971,0.99234493
oe:player:20eb7ce62d7a601d3e1771393d762e7,Zhifeig,oe:team:435f9b3d0b3ae3b58516d7bd843a988,Chienhsin Bear (健行熊),mid,2024-06-20,2,629.10557570,621.15040554,0.03336140
oe:player:20eb7ce62d7a601d3e1771393d762e7,Zhifeig,oe:team:435f9b3d0b3ae3b58516d7bd843a988,Chienhsin Bear (健行熊),mid,2024-06-21,2,479.77333525,706.98044881,-0.95283288
oe:player:20eb7ce62d7a601d3e1771393d762e7,Zhifeig,oe:team:435f9b3d0b3ae3b58516d7bd843a988,Chienhsin Bear (健行熊),mid,2024-06-26,2,862.09788562,765.13506029,0.40663061
oe:player:20eb7ce62d7a601d3e1771393d762e7,Zhifeig,oe:team:435f9b3d0b3ae3b58516d7bd843a988,Chienhsin Bear (健行熊),mid,2024-06-27,2,841.89022427,755.56792215,0.36200771
oe:player:20eb7ce62d7a601d3e1771393d762e7,Zhifeig,oe:team:435f9b3d0b3ae3b58516d7bd843a988,Chienhsin Bear (健行熊),mid,2024-07-09,3,623.27643653,690.75429980,-0.28298025
oe:player:20eb7ce62d7a601d3e1771393d762e7,Zhifeig,oe:team:435f9b3d0b3ae3b58516d7bd843a988,Chienhsin Bear (健行熊),mid,2024-07-10,3,987.91018603,684.32960528,1.26036296
oe:player:20eb7ce62d7a601d3e1771393d762e7,Zhifeig,oe:team:435f9b3d0b3ae3b58516d7bd843a988,Chienhsin Bear (健行熊),mid,2024-07-11,3,730.46183350,725.43618714,0.02086477
oe:player:20eb7ce62d7a601d3e1771393d762e7,Zhifeig,oe:team:435f9b3d0b3ae3b58516d7bd843a988,Chienhsin Bear (健行熊),mid,2024-07-24,3,768.33138038,635.05134763,0.55333321
oe:player:20eb7ce62d7a601d3e1771393d762e7,Zhifeig,oe:team:435f9b3d0b3ae3b58516d7bd843a988,Chienhsin Bear (健行熊),mid,2024-07-25,2,959.88412875,644.63436476,1.30880942
oe:player:20eb7ce62d7a601d3e1771393d762e7,Zhifeig,oe:team:435f9b3d0b3ae3b58516d7bd843a988,Chienhsin Bear (健行熊),mid,2024-07-31,3,592.75088066,741.35209969,-0.61694154
oe:player:21e6493dca56a03bd0ccbdef211d187,Husha,oe:team:2d2d70decb08dfb9bd23327e33e4198,CTBC Flying Oyster Academy,jng,2024-05-29,2,638.72664681,509.67639961,0.62888172
oe:player:21e6493dca56a03bd0ccbdef211d187,Husha,oe:team:2d2d70decb08dfb9bd23327e33e4198,CTBC Flying Oyster Academy,jng,2024-05-30,1,646.51408451,526.75268554,0.58361573
oe:player:21e6493dca56a03bd0ccbdef211d187,Husha,oe:team:2d2d70decb08dfb9bd23327e33e4198,CTBC Flying Oyster Academy,jng,2024-06-05,2,406.31301768,454.40788573,-0.23437370
oe:player:21e6493dca56a03bd0ccbdef211d187,Husha,oe:team:2d2d70decb08dfb9bd23327e33e4198,CTBC Flying Oyster Academy,jng,2024-06-06,2,561.27324836,415.68458425,0.70947597
oe:player:21e6493dca56a03bd0ccbdef211d187,Husha,oe:team:2d2d70decb08dfb9bd23327e33e4198,CTBC Flying Oyster Academy,jng,2024-06-07,2,589.52552897,560.68612221,0.14053887
oe:player:21e6493dca56a03bd0ccbdef211d187,Husha,oe:team:2d2d70decb08dfb9bd23327e33e4198,CTBC Flying Oyster Academy,jng,2024-06-12,2,881.07847584,611.23743962,1.31497691
oe:player:21e6493dca56a03bd0ccbdef211d187,Husha,oe:team:2d2d70decb08dfb9bd23327e33e4198,CTBC Flying Oyster Academy,jng,2024-06-13,2,709.92036488,540.68690761,0.82470069
oe:player:21e6493dca56a03bd0ccbdef211d187,Husha,oe:team:2d2d70decb08dfb9bd23327e33e4198,CTBC Flying Oyster Academy,jng,2024-06-14,2,582.62117027,623.96345391,-0.16849792
oe:player:21e6493dca56a03bd0ccbdef211d187,Husha,oe:team:2d2d70decb08dfb9bd23327e33e4198,CTBC Flying Oyster Academy,jng,2024-06-20,2,619.68820171,529.32487176,0.36829202
oe:player:21e6493dca56a03bd0ccbdef211d187,Husha,oe:team:2d2d70decb08dfb9bd23327e33e4198,CTBC Flying Oyster Academy,jng,2024-06-21,2,698.77880770,722.66289312,-0.09734389
oe:player:21e6493dca56a03bd0ccbdef211d187,Husha,oe:team:2d2d70decb08dfb9bd23327e33e4198,CTBC Flying Oyster Academy,jng,2024-06-26,2,679.97307234,434.26904502,1.00141099
oe:player:21e6493dca56a03bd0ccbdef211d187,Husha,oe:team:2d2d70decb08dfb9bd23327e33e4198,CTBC Flying Oyster Academy,jng,2024-06-27,2,627.30501463,623.11149531,0.01709144
oe:player:21e6493dca56a03bd0ccbdef211d187,Husha,oe:team:2d2d70decb08dfb9bd23327e33e4198,CTBC Flying Oyster Academy,jng,2024-07-09,2,512.18141890,488.50787217,0.09648580
oe:player:21e6493dca56a03bd0ccbdef211d187,Husha,oe:team:2d2d70decb08dfb9bd23327e33e4198,CTBC Flying Oyster Academy,jng,2024-07-10,2,498.85537385,497.00677294,0.00761402
oe:player:21e6493dca56a03bd0ccbdef211d187,Husha,oe:team:2d2d70decb08dfb9bd23327e33e4198,CTBC Flying Oyster Academy,jng,2024-07-11,2,531.39244919,374.41047540,0.64657735
oe:player:21e6493dca56a03bd0ccbdef211d187,Husha,oe:team:2d2d70decb08dfb9bd23327e33e4198,CTBC Flying Oyster Academy,jng,2024-07-25,2,591.49973919,511.86190549,0.32801231
oe:player:21e6493dca56a03bd0ccbdef211d187,Husha,oe:team:2d2d70decb08dfb9bd23327e33e4198,CTBC Flying Oyster Academy,jng,2024-07-31,2,582.35845630,474.30196205,0.44506309
oe:player:21e6493dca56a03bd0ccbdef211d187,Husha,oe:team:2d2d70decb08dfb9bd23327e33e4198,CTBC Flying Oyster Academy,jng,2024-08-09,3,632.73019006,533.15406390,0.41013415
oe:player:25a928e87c15687fd5f6817d1206f0f,Ghost,oe:team:435f9b3d0b3ae3b58516d7bd843a988,Chienhsin Bear (健行熊),sup,2024-03-22,2,133.07933739,294.92040169,-1.38688972
oe:player:25a928e87c15687fd5f6817d1206f0f,Ghost,oe:team:435f9b3d0b3ae3b58516d7bd843a988,Chienhsin Bear (健行熊),sup,2024-03-26,2,215.31744444,338.38665723,-1.05463609
oe:player:25a928e87c15687fd5f6817d1206f0f,Ghost,oe:team:435f9b3d0b3ae3b58516d7bd843a988,Chienhsin Bear (健行熊),top,2024-03-25,2,473.78746648,635.43567894,-0.71326861
oe:player:2786661c7cacd61f8bb4355cd58bf21,kareha,oe:team:c8d302e68ffd3e684186a0db372b7b6,V3 Esports Academy,mid,2024-05-29,2,354.86459099,461.59545340,-0.43873807
oe:player:2786661c7cacd61f8bb4355cd58bf21,kareha,oe:team:c8d302e68ffd3e684186a0db372b7b6,V3 Esports Academy,mid,2024-05-31,2,606.25726154,555.29346842,0.20949663
oe:player:2786661c7cacd61f8bb4355cd58bf21,kareha,oe:team:c8d302e68ffd3e684186a0db372b7b6,V3 Esports Academy,mid,2024-06-05,2,627.06873415,641.29143850,-0.05846521
oe:player:2786661c7cacd61f8bb4355cd58bf21,kareha,oe:team:c8d302e68ffd3e684186a0db372b7b6,V3 Esports Academy,mid,2024-06-06,2,427.81163489,577.70180018,-0.61615281
oe:player:2786661c7cacd61f8bb4355cd58bf21,kareha,oe:team:c8d302e68ffd3e684186a0db372b7b6,V3 Esports Academy,mid,2024-06-07,2,462.87368851,444.93198407,0.07375288
oe:player:2786661c7cacd61f8bb4355cd58bf21,kareha,oe:team:c8d302e68ffd3e684186a0db372b7b6,V3 Esports Academy,mid,2024-06-12,2,514.26822825,489.48715626,0.10186744
oe:player:2786661c7cacd61f8bb4355cd58bf21,kareha,oe:team:c8d302e68ffd3e684186a0db372b7b6,V3 Esports Academy,mid,2024-06-14,2,695.18445710,534.78241632,0.67267409
oe:player:2786661c7cacd61f8bb4355cd58bf21,kareha,oe:team:c8d302e68ffd3e684186a0db372b7b6,V3 Esports Academy,mid,2024-06-19,2,804.46936813,641.04881284,0.68533276
oe:player:2786661c7cacd61f8bb4355cd58bf21,kareha,oe:team:c8d302e68ffd3e684186a0db372b7b6,V3 Esports Academy,mid,2024-06-20,2,667.85211711,710.66070195,-0.17952531
oe:player:2786661c7cacd61f8bb4355cd58bf21,kareha,oe:team:c8d302e68ffd3e684186a0db372b7b6,V3 Esports Academy,mid,2024-06-21,2,946.17299741,572.74080059,1.56605341
oe:player:2786661c7cacd61f8bb4355cd58bf21,kareha,oe:team:c8d302e68ffd3e684186a0db372b7b6,V3 Esports Academy,mid,2024-06-26,2,500.40515885,511.28969822,-0.04564622
oe:player:2786661c7cacd61f8bb4355cd58bf21,kareha,oe:team:c8d302e68ffd3e684186a0db372b7b6,V3 Esports Academy,mid,2024-06-27,2,417.10952325,452.35876709,-0.14782389
oe:player:29012ae868f0b8231247f3ce25f2d0c,L0SER,oe:team:68c346d1a5284be386b75f84d76b27d,AXIZ CREST Academy,sup,2024-03-25,2,282.04093833,239.57746173,0.36388885
oe:player:29012ae868f0b8231247f3ce25f2d0c,L0SER,oe:team:68c346d1a5284be386b75f84d76b27d,AXIZ CREST Academy,sup,2024-03-26,2,492.45900563,261.11584370,1.98248482
oe:player:2e123453f40cdb2871dff5b9da96b22,JP6RU8,oe:team:9114fb0f268de0d260acfef5fd97ef6,TNU Eagle (東南飛鷹),top,2024-03-25,2,935.03552272,716.20225113,0.96559623
oe:player:2e123453f40cdb2871dff5b9da96b22,JP6RU8,oe:team:9114fb0f268de0d260acfef5fd97ef6,TNU Eagle (東南飛鷹),top,2024-03-26,2,585.21402453,636.77498583,-0.22751143
oe:player:2e123453f40cdb2871dff5b9da96b22,JP6RU8,oe:team:9114fb0f268de0d260acfef5fd97ef6,TNU Eagle (東南飛鷹),top,2024-03-29,2,800.17175958,607.96341739,0.84811441
oe:player:2e123453f40cdb2871dff5b9da96b22,JP6RU8,oe:team:9114fb0f268de0d260acfef5fd97ef6,TNU Eagle (東南飛鷹),top,2024-05-29,2,487.85204022,619.38418967,-0.57815576
oe:player:2e123453f40cdb2871dff5b9da96b22,JP6RU8,oe:team:9114fb0f268de0d260acfef5fd97ef6,TNU Eagle (東南飛鷹),top,2024-05-30,1,568.97887324,543.90490837,0.11021379
oe:player:2e123453f40cdb2871dff5b9da96b22,JP6RU8,oe:team:9114fb0f268de0d260acfef5fd97ef6,TNU Eagle (東南飛鷹),top,2024-05-31,2,907.05103797,781.53314823,0.55171980
oe:player:2e123453f40cdb2871dff5b9da96b22,JP6RU8,oe:team:9114fb0f268de0d260acfef5fd97ef6,TNU Eagle (東南飛鷹),top,2024-06-05,2,638.94114016,673.95635532,-0.15391103
oe:player:2e123453f40cdb2871dff5b9da96b22,JP6RU8,oe:team:9114fb0f268de0d260acfef5fd97ef6,TNU Eagle (東南飛鷹),top,2024-06-06,2,727.67231678,807.58862883,-0.35127592
oe:player:2e123453f40cdb2871dff5b9da96b22,JP6RU8,oe:team:9114fb0f268de0d260acfef5fd97ef6,TNU Eagle (東南飛鷹),top,2024-06-12,2,500.39452211,544.97426862,-0.19595238
oe:player:2e123453f40cdb2871dff5b9da96b22,JP6RU8,oe:team:9114fb0f268de0d260acfef5fd97ef6,TNU Eagle (東南飛鷹),top,2024-06-13,2,575.54103645,527.61297396,0.21067006
oe:player:2e123453f40cdb2871dff5b9da96b22,JP6RU8,oe:team:9114fb0f268de0d260acfef5fd97ef6,TNU Eagle (東南飛鷹),top,2024-06-14,2,628.56050841,666.43967603,-0.16553166
oe:player:2e123453f40cdb2871dff5b9da96b22,JP6RU8,oe:team:9114fb0f268de0d260acfef5fd97ef6,TNU Eagle (東南飛鷹),top,2024-06-19,2,893.74336081,790.92217325,0.44932777
oe:player:2e123453f40cdb2871dff5b9da96b22,JP6RU8,oe:team:9114fb0f268de0d260acfef5fd97ef6,TNU Eagle (東南飛鷹),top,2024-06-20,2,759.80043775,705.44565077,0.23752998
oe:player:2e123453f40cdb2871dff5b9da96b22,JP6RU8,oe:team:9114fb0f268de0d260acfef5fd97ef6,TNU Eagle (東南飛鷹),top,2024-06-21,2,666.45677457,676.52845172,-0.04401315
oe:player:2e123453f40cdb2871dff5b9da96b22,JP6RU8,oe:team:9114fb0f268de0d260acfef5fd97ef6,TNU Eagle (東南飛鷹),top,2024-06-26,2,752.63777258,782.40240442,-0.13007120
oe:player:2fd16ade10cc87ffcb65317ec719cd9,Shivers,oe:team:f6f46fec64efaa34b25700ce7a88e44,Frank Esports Academy,mid,2024-03-22,2,701.15006016,661.88987815,0.15798711
oe:player:2fd16ade10cc87ffcb65317ec719cd9,Shivers,oe:team:f6f46fec64efaa34b25700ce7a88e44,Frank Esports Academy,mid,2024-03-25,2,947.62048758,775.61629337,0.69216300
oe:player:2fd16ade10cc87ffcb65317ec719cd9,Shivers,oe:team:f6f46fec64efaa34b25700ce7a88e44,Frank Esports Academy,mid,2024-03-26,2,543.19832317,712.91435624,-0.68295520
oe:player:2fd16ade10cc87ffcb65317ec719cd9,Shivers,oe:team:f6f46fec64efaa34b25700ce7a88e44,Frank Esports Academy,mid,2024-04-04,2,736.20715003,707.92596739,0.11380646
oe:player:2fd16ade10cc87ffcb65317ec719cd9,Shivers,oe:team:f6f46fec64efaa34b25700ce7a88e44,Frank Esports Academy,mid,2024-04-10,3,724.40106535,685.29511315,0.15736647
oe:player:35570102fb34bc949e3c7b9ceca91b4,WhoisGone,oe:team:b5601001b160034bf0e83899338f6df,International Esports Industry Center,mid,2024-04-03,2,763.12363607,589.39277977,0.69911127
oe:player:3c43b2097324c5ab74cbd6762e48830,danny1018,oe:team:f6f46fec64efaa34b25700ce7a88e44,Frank Esports Academy,sup,2024-05-30,1,676.00907029,457.05811334,1.89624154
oe:player:3c43b2097324c5ab74cbd6762e48830,danny1018,oe:team:f6f46fec64efaa34b25700ce7a88e44,Frank Esports Academy,top,2024-03-22,2,587.26982391,582.70698621,0.02013340
oe:player:3c43b2097324c5ab74cbd6762e48830,danny1018,oe:team:f6f46fec64efaa34b25700ce7a88e44,Frank Esports Academy,top,2024-03-25,2,442.57008908,644.53568023,-0.89116802
oe:player:3c43b2097324c5ab74cbd6762e48830,danny1018,oe:team:f6f46fec64efaa34b25700ce7a88e44,Frank Esports Academy,top,2024-03-26,2,287.08008388,523.60137031,-1.04364414
oe:player:3c43b2097324c5ab74cbd6762e48830,danny1018,oe:team:f6f46fec64efaa34b25700ce7a88e44,Frank Esports Academy,top,2024-04-04,2,467.68703540,638.07567383,-0.75183552
oe:player:3c43b2097324c5ab74cbd6762e48830,danny1018,oe:team:f6f46fec64efaa34b25700ce7a88e44,Frank Esports Academy,top,2024-04-10,3,447.03742799,543.96388698,-0.42768553
oe:player:3c43b2097324c5ab74cbd6762e48830,danny1018,oe:team:f6f46fec64efaa34b25700ce7a88e44,Frank Esports Academy,top,2024-05-29,2,871.30982204,792.12477895,0.34806159
oe:player:3c43b2097324c5ab74cbd6762e48830,danny1018,oe:team:f6f46fec64efaa34b25700ce7a88e44,Frank Esports Academy,top,2024-05-30,1,840.04800000,793.87895194,0.20293823
oe:player:3c43b2097324c5ab74cbd6762e48830,danny1018,oe:team:f6f46fec64efaa34b25700ce7a88e44,Frank Esports Academy,top,2024-05-31,2,726.46200543,611.17047666,0.50676935
oe:player:3c43b2097324c5ab74cbd6762e48830,danny1018,oe:team:f6f46fec64efaa34b25700ce7a88e44,Frank Esports Academy,top,2024-06-06,2,638.55934388,516.55119059,0.53629259
oe:player:3c43b2097324c5ab74cbd6762e48830,danny1018,oe:team:f6f46fec64efaa34b25700ce7a88e44,Frank Esports Academy,top,2024-06-07,2,867.51830104,704.28189578,0.71751331
oe:player:3c43b2097324c5ab74cbd6762e48830,danny1018,oe:team:f6f46fec64efaa34b25700ce7a88e44,Frank Esports Academy,top,2024-06-12,2,560.48897346,661.25601117,-0.44292626
oe:player:3c43b2097324c5ab74cbd6762e48830,danny1018,oe:team:f6f46fec64efaa34b25700ce7a88e44,Frank Esports Academy,top,2024-06-13,2,833.75876954,793.15231177,0.17848760
oe:player:3c43b2097324c5ab74cbd6762e48830,danny1018,oe:team:f6f46fec64efaa34b25700ce7a88e44,Frank Esports Academy,top,2024-06-14,2,924.03586631,867.74850254,0.24597533
oe:player:3c43b2097324c5ab74cbd6762e48830,danny1018,oe:team:f6f46fec64efaa34b25700ce7a88e44,Frank Esports Academy,top,2024-06-19,2,536.48817995,682.26104839,-0.63702627
oe:player:3c43b2097324c5ab74cbd6762e48830,danny1018,oe:team:f6f46fec64efaa34b25700ce7a88e44,Frank Esports Academy,top,2024-06-21,2,451.45255901,703.83199098,-1.10289609
oe:player:3c43b2097324c5ab74cbd6762e48830,danny1018,oe:team:f6f46fec64efaa34b25700ce7a88e44,Frank Esports Academy,top,2024-06-26,2,536.17674881,487.66019596,0.21201695
oe:player:3c43b2097324c5ab74cbd6762e48830,danny1018,oe:team:f6f46fec64efaa34b25700ce7a88e44,Frank Esports Academy,top,2024-06-27,2,1013.19478127,756.08007976,1.12358918
oe:player:3c43b2097324c5ab74cbd6762e48830,danny1018,oe:team:f6f46fec64efaa34b25700ce7a88e44,Frank Esports Academy,top,2024-07-09,2,846.24215302,646.58206095,0.87251300
oe:player:3c43b2097324c5ab74cbd6762e48830,danny1018,oe:team:f6f46fec64efaa34b25700ce7a88e44,Frank Esports Academy,top,2024-07-10,3,557.76526064,691.48784458,-0.56601704
oe:player:3c43b2097324c5ab74cbd6762e48830,danny1018,oe:team:f6f46fec64efaa34b25700ce7a88e44,Frank Esports Academy,top,2024-07-24,2,633.99766786,636.95814242,-0.01253101
oe:player:3c43b2097324c5ab74cbd6762e48830,danny1018,oe:team:f6f46fec64efaa34b25700ce7a88e44,Frank Esports Academy,top,2024-07-25,2,542.32401551,661.68173627,-0.50521386
oe:player:3c43b2097324c5ab74cbd6762e48830,danny1018,oe:team:f6f46fec64efaa34b25700ce7a88e44,Frank Esports Academy,top,2024-07-31,2,548.62360090,566.10437985,-0.07399213
oe:player:3c43b2097324c5ab74cbd6762e48830,danny1018,oe:team:f6f46fec64efaa34b25700ce7a88e44,Frank Esports Academy,top,2024-08-04,5,551.78731194,670.67074320,-0.50320631
oe:player:41e2980a2f1bcdbc20910125be7f939,Abyss,oe:team:9114fb0f268de0d260acfef5fd97ef6,TNU Eagle (東南飛鷹),jng,2024-04-04,2,527.79981751,427.05891153,0.47620457
oe:player:4364e1f22684653fb41ffa57e826513,Zsouaia,oe:team:672aa1aa4e9ac51d56830a3652dbc8b,Hungkuang Falcon (弘光獵鷹),bot,2024-05-31,1,697.13218122,583.04213864,0.41244499
oe:player:4364e1f22684653fb41ffa57e826513,Zsouaia,oe:team:672aa1aa4e9ac51d56830a3652dbc8b,Hungkuang Falcon (弘光獵鷹),jng,2024-05-30,2,200.38599542,362.68324750,-0.79089949
oe:player:4364e1f22684653fb41ffa57e826513,Zsouaia,oe:team:672aa1aa4e9ac51d56830a3652dbc8b,Hungkuang Falcon (弘光獵鷹),jng,2024-05-31,1,172.46861925,354.19722738,-0.88559148
oe:player:4364e1f22684653fb41ffa57e826513,Zsouaia,oe:team:672aa1aa4e9ac51d56830a3652dbc8b,Hungkuang Falcon (弘光獵鷹),mid,2024-03-22,2,420.41803532,676.74720454,-1.03149559
oe:player:4364e1f22684653fb41ffa57e826513,Zsouaia,oe:team:672aa1aa4e9ac51d56830a3652dbc8b,Hungkuang Falcon (弘光獵鷹),mid,2024-03-25,2,621.41443976,573.82864581,0.19149025
oe:player:4364e1f22684653fb41ffa57e826513,Zsouaia,oe:team:672aa1aa4e9ac51d56830a3652dbc8b,Hungkuang Falcon (弘光獵鷹),mid,2024-03-29,2,989.73109747,703.98610639,1.14986796
oe:player:4364e1f22684653fb41ffa57e826513,Zsouaia,oe:team:672aa1aa4e9ac51d56830a3652dbc8b,Hungkuang Falcon (弘光獵鷹),mid,2024-06-06,2,565.75355902,713.82208606,-0.60866461
oe:player:4364e1f22684653fb41ffa57e826513,Zsouaia,oe:team:672aa1aa4e9ac51d56830a3652dbc8b,Hungkuang Falcon (弘光獵鷹),mid,2024-06-07,2,686.94437169,710.70927437,-0.09769028
oe:player:4364e1f22684653fb41ffa57e826513,Zsouaia,oe:team:672aa1aa4e9ac51d56830a3652dbc8b,Hungkuang Falcon (弘光獵鷹),mid,2024-06-13,2,565.92823294,721.21862584,-0.63835151
oe:player:4364e1f22684653fb41ffa57e826513,Zsouaia,oe:team:672aa1aa4e9ac51d56830a3652dbc8b,Hungkuang Falcon (弘光獵鷹),mid,2024-06-14,2,428.92382077,658.03586466,-0.96082154
oe:player:4364e1f22684653fb41ffa57e826513,Zsouaia,oe:team:672aa1aa4e9ac51d56830a3652dbc8b,Hungkuang Falcon (弘光獵鷹),mid,2024-06-20,2,308.96148202,648.79543685,-1.42515329
oe:player:4364e1f22684653fb41ffa57e826513,Zsouaia,oe:team:672aa1aa4e9ac51d56830a3652dbc8b,Hungkuang Falcon (弘光獵鷹),mid,2024-06-21,1,735.27896996,686.41620546,0.20491457
oe:player:4364e1f22684653fb41ffa57e826513,Zsouaia,oe:team:672aa1aa4e9ac51d56830a3652dbc8b,Hungkuang Falcon (弘光獵鷹),mid,2024-06-26,2,609.44627848,780.51379180,-0.71740162
oe:player:4364e1f22684653fb41ffa57e826513,Zsouaia,oe:team:672aa1aa4e9ac51d56830a3652dbc8b,Hungkuang Falcon (弘光獵鷹),mid,2024-06-27,2,899.63889098,734.44090319,0.69278673
oe:player:446ab8975b0d404881263d03beae83a,chico,oe:team:e03a850dd5c4b5029e75de77a2afb98,Sengoku Gaming Academy,bot,2024-03-22,2,810.47461821,687.61679057,0.45810208
oe:player:446ab8975b0d404881263d03beae83a,chico,oe:team:e03a850dd5c4b5029e75de77a2afb98,Sengoku Gaming Academy,bot,2024-03-25,2,722.72509004,595.19685378,0.47551671
oe:player:446ab8975b0d404881263d03beae83a,chico,oe:team:e03a850dd5c4b5029e75de77a2afb98,Sengoku Gaming Academy,bot,2024-03-26,2,787.76334596,617.48065076,0.63493599
oe:player:4e33fc9aeb518a967d45475b2a15907,Hardy,oe:team:435f9b3d0b3ae3b58516d7bd843a988,Chienhsin Bear (健行熊),jng,2024-05-30,1,758.96234310,492.13976657,1.30026749
oe:player:4e33fc9aeb518a967d45475b2a15907,Hardy,oe:team:435f9b3d0b3ae3b58516d7bd843a988,Chienhsin Bear (健行熊),jng,2024-05-31,2,787.82994507,392.11849178,1.92836282
oe:player:4e33fc9aeb518a967d45475b2a15907,Hardy,oe:team:435f9b3d0b3ae3b58516d7bd843a988,Chienhsin Bear (健行熊),jng,2024-06-06,2,447.35821811,437.27210003,0.04915121
oe:player:4e33fc9aeb518a967d45475b2a15907,Hardy,oe:team:435f9b3d0b3ae3b58516d7bd843a988,Chienhsin Bear (健行熊),jng,2024-06-07,2,744.33440308,471.59252980,1.32911313
oe:player:4e33fc9aeb518a967d45475b2a15907,Hardy,oe:team:435f9b3d0b3ae3b58516d7bd843a988,Chienhsin Bear (健行熊),jng,2024-06-13,2,604.60348400,410.28118139,0.94696249
oe:player:4e33fc9aeb518a967d45475b2a15907,Hardy,oe:team:435f9b3d0b3ae3b58516d7bd843a988,Chienhsin Bear (健行熊),jng,2024-06-14,2,442.26283487,544.75104634,-0.41770915
oe:player:4e33fc9aeb518a967d45475b2a15907,Hardy,oe:team:435f9b3d0b3ae3b58516d7bd843a988,Chienhsin Bear (健行熊),jng,2024-06-20,2,283.06464697,441.84915175,-0.64715483
oe:player:4e33fc9aeb518a967d45475b2a15907,Hardy,oe:team:435f9b3d0b3ae3b58516d7bd843a988,Chienhsin Bear (健行熊),jng,2024-06-21,2,218.81455607,410.75377560,-0.78228284
oe:player:4e33fc9aeb518a967d45475b2a15907,Hardy,oe:team:435f9b3d0b3ae3b58516d7bd843a988,Chienhsin Bear (健行熊),jng,2024-06-26,2,737.08072095,466.63450594,1.10225223
oe:player:4e33fc9aeb518a967d45475b2a15907,Hardy,oe:team:435f9b3d0b3ae3b58516d7bd843a988,Chienhsin Bear (健行熊),jng,2024-06-27,2,260.39689477,524.84423802,-1.07780275
oe:player:4e33fc9aeb518a967d45475b2a15907,Hardy,oe:team:435f9b3d0b3ae3b58516d7bd843a988,Chienhsin Bear (健行熊),jng,2024-07-09,1,534.32098765,491.62239329,0.17402581
oe:player:4e33fc9aeb518a967d45475b2a15907,Hardy,oe:team:435f9b3d0b3ae3b58516d7bd843a988,Chienhsin Bear (健行熊),jng,2024-07-10,2,395.84713949,419.27028698,-0.09647526
oe:player:4e33fc9aeb518a967d45475b2a15907,Hardy,oe:team:435f9b3d0b3ae3b58516d7bd843a988,Chienhsin Bear (健行熊),jng,2024-07-11,2,359.11328594,476.07726174,-0.48175122
oe:player:4e33fc9aeb518a967d45475b2a15907,Hardy,oe:team:435f9b3d0b3ae3b58516d7bd843a988,Chienhsin Bear (健行熊),jng,2024-07-24,3,465.31554920,426.12592491,0.16141422
oe:player:4e33fc9aeb518a967d45475b2a15907,Hardy,oe:team:435f9b3d0b3ae3b58516d7bd843a988,Chienhsin Bear (健行熊),jng,2024-07-25,2,311.85783176,356.93958472,-0.18568272
oe:player:4e33fc9aeb518a967d45475b2a15907,Hardy,oe:team:435f9b3d0b3ae3b58516d7bd843a988,Chienhsin Bear (健行熊),jng,2024-07-31,3,254.99898889,482.52460593,-0.93713251
oe:player:5057f5406b08307b5f50e2030133a90,wanan,oe:team:845f7165c7cdaad9d2a2d764375d0df,DetonatioN FocusMe Academy,bot,2024-03-22,2,687.42764353,589.79243752,0.36405406
oe:player:5057f5406b08307b5f50e2030133a90,wanan,oe:team:845f7165c7cdaad9d2a2d764375d0df,DetonatioN FocusMe Academy,bot,2024-03-25,2,610.21669697,546.00985719,0.23940914
oe:player:5057f5406b08307b5f50e2030133a90,wanan,oe:team:845f7165c7cdaad9d2a2d764375d0df,DetonatioN FocusMe Academy,bot,2024-03-26,2,535.36394109,531.14116440,0.01574554
oe:player:5057f5406b08307b5f50e2030133a90,wanan,oe:team:845f7165c7cdaad9d2a2d764375d0df,DetonatioN FocusMe Academy,bot,2024-05-30,2,685.95996372,463.19887422,0.80529986
oe:player:5057f5406b08307b5f50e2030133a90,wanan,oe:team:845f7165c7cdaad9d2a2d764375d0df,DetonatioN FocusMe Academy,bot,2024-05-31,2,605.73037351,558.09225212,0.17221577
oe:player:5057f5406b08307b5f50e2030133a90,wanan,oe:team:845f7165c7cdaad9d2a2d764375d0df,DetonatioN FocusMe Academy,bot,2024-06-05,2,1028.59230612,706.41214687,1.16470806
oe:player:5057f5406b08307b5f50e2030133a90,wanan,oe:team:845f7165c7cdaad9d2a2d764375d0df,DetonatioN FocusMe Academy,bot,2024-06-06,2,643.37682396,573.44724444,0.25280124
oe:player:5057f5406b08307b5f50e2030133a90,wanan,oe:team:845f7165c7cdaad9d2a2d764375d0df,DetonatioN FocusMe Academy,bot,2024-06-07,2,759.37674423,602.42079167,0.56740882
oe:player:5057f5406b08307b5f50e2030133a90,wanan,oe:team:845f7165c7cdaad9d2a2d764375d0df,DetonatioN FocusMe Academy,bot,2024-06-12,2,555.00118312,452.00992222,0.37232197
oe:player:5057f5406b08307b5f50e2030133a90,wanan,oe:team:845f7165c7cdaad9d2a2d764375d0df,DetonatioN FocusMe Academy,bot,2024-06-13,2,641.84853466,462.53177257,0.64824500
oe:player:5057f5406b08307b5f50e2030133a90,wanan,oe:team:845f7165c7cdaad9d2a2d764375d0df,DetonatioN FocusMe Academy,bot,2024-06-19,2,739.59933922,633.55937590,0.39234352
oe:player:5057f5406b08307b5f50e2030133a90,wanan,oe:team:845f7165c7cdaad9d2a2d764375d0df,DetonatioN FocusMe Academy,bot,2024-06-20,2,1163.05013708,660.17962138,1.86060032
oe:player:5057f5406b08307b5f50e2030133a90,wanan,oe:team:845f7165c7cdaad9d2a2d764375d0df,DetonatioN FocusMe Academy,bot,2024-06-21,2,442.19794728,475.74377852,-0.12411820
oe:player:5057f5406b08307b5f50e2030133a90,wanan,oe:team:845f7165c7cdaad9d2a2d764375d0df,DetonatioN FocusMe Academy,bot,2024-06-26,2,713.61705069,612.41695110,0.37443623
oe:player:5057f5406b08307b5f50e2030133a90,wanan,oe:team:845f7165c7cdaad9d2a2d764375d0df,DetonatioN FocusMe Academy,bot,2024-06-27,2,1195.17457058,574.86186588,2.29513161
oe:player:50fc9b91746bb8d34fa385d9324741e,Cause,name-team-57964d1ebff4a165,Bees Hum,top,2024-04-04,2,1043.88230431,576.83957547,2.06081413
oe:player:51d1b92c739875316e83a99bb9838af,Hasu7,oe:team:2d2d70decb08dfb9bd23327e33e4198,CTBC Flying Oyster Academy,top,2024-03-22,2,590.57469792,596.83524913,-0.02762452
oe:player:51d1b92c739875316e83a99bb9838af,Hasu7,oe:team:2d2d70decb08dfb9bd23327e33e4198,CTBC Flying Oyster Academy,top,2024-03-25,2,830.45732390,575.35823245,1.12561823
oe:player:51d1b92c739875316e83a99bb9838af,Hasu7,oe:team:2d2d70decb08dfb9bd23327e33e4198,CTBC Flying Oyster Academy,top,2024-03-26,2,671.54743500,604.06407171,0.29776862
oe:player:51d1b92c739875316e83a99bb9838af,Hasu7,oe:team:2d2d70decb08dfb9bd23327e33e4198,CTBC Flying Oyster Academy,top,2024-04-03,2,637.46419279,676.56176270,-0.17251703
oe:player:51d1b92c739875316e83a99bb9838af,Hasu7,oe:team:2d2d70decb08dfb9bd23327e33e4198,CTBC Flying Oyster Academy,top,2024-04-10,2,606.17506383,617.12950394,-0.04833619
oe:player:51d1b92c739875316e83a99bb9838af,Hasu7,oe:team:2d2d70decb08dfb9bd23327e33e4198,CTBC Flying Oyster Academy,top,2024-04-14,4,615.04922720,532.23231431,0.36542752
oe:player:51d1b92c739875316e83a99bb9838af,Hasu7,oe:team:2d2d70decb08dfb9bd23327e33e4198,CTBC Flying Oyster Academy,top,2024-05-29,2,773.05389325,715.58300261,0.25261601
oe:player:51d1b92c739875316e83a99bb9838af,Hasu7,oe:team:2d2d70decb08dfb9bd23327e33e4198,CTBC Flying Oyster Academy,top,2024-05-30,1,741.72535211,667.44785456,0.32649024
oe:player:51d1b92c739875316e83a99bb9838af,Hasu7,oe:team:2d2d70decb08dfb9bd23327e33e4198,CTBC Flying Oyster Academy,top,2024-06-05,2,789.44294410,597.69943423,0.84281763
oe:player:51d1b92c739875316e83a99bb9838af,Hasu7,oe:team:2d2d70decb08dfb9bd23327e33e4198,CTBC Flying Oyster Academy,top,2024-06-06,2,537.13829451,527.52074625,0.04227439
oe:player:51d1b92c739875316e83a99bb9838af,Hasu7,oe:team:2d2d70decb08dfb9bd23327e33e4198,CTBC Flying Oyster Academy,top,2024-06-07,2,946.74799992,710.42686995,1.03876066
oe:player:51d1b92c739875316e83a99bb9838af,Hasu7,oe:team:2d2d70decb08dfb9bd23327e33e4198,CTBC Flying Oyster Academy,top,2024-06-12,2,823.21419200,806.29450176,0.07437130
oe:player:51d1b92c739875316e83a99bb9838af,Hasu7,oe:team:2d2d70decb08dfb9bd23327e33e4198,CTBC Flying Oyster Academy,top,2024-06-13,2,539.71204746,659.94348936,-0.52848297
oe:player:51d1b92c739875316e83a99bb9838af,Hasu7,oe:team:2d2d70decb08dfb9bd23327e33e4198,CTBC Flying Oyster Academy,top,2024-06-14,2,913.90642507,722.76178082,0.83530056
oe:player:51d1b92c739875316e83a99bb9838af,Hasu7,oe:team:2d2d70decb08dfb9bd23327e33e4198,CTBC Flying Oyster Academy,top,2024-06-20,2,688.98748657,721.29738208,-0.14119398
oe:player:51d1b92c739875316e83a99bb9838af,Hasu7,oe:team:2d2d70decb08dfb9bd23327e33e4198,CTBC Flying Oyster Academy,top,2024-06-21,2,747.76537331,782.09912971,-0.15003824
oe:player:51d1b92c739875316e83a99bb9838af,Hasu7,oe:team:2d2d70decb08dfb9bd23327e33e4198,CTBC Flying Oyster Academy,top,2024-06-26,2,848.66013514,615.43576600,1.01918862
oe:player:51d1b92c739875316e83a99bb9838af,Hasu7,oe:team:2d2d70decb08dfb9bd23327e33e4198,CTBC Flying Oyster Academy,top,2024-06-27,2,795.58126639,762.51908800,0.14448145
oe:player:51d1b92c739875316e83a99bb9838af,Hasu7,oe:team:2d2d70decb08dfb9bd23327e33e4198,CTBC Flying Oyster Academy,top,2024-07-09,2,669.84589305,548.08725939,0.53208425
oe:player:51d1b92c739875316e83a99bb9838af,Hasu7,oe:team:2d2d70decb08dfb9bd23327e33e4198,CTBC Flying Oyster Academy,top,2024-07-10,2,711.76945469,605.40792035,0.45020399
oe:player:51d1b92c739875316e83a99bb9838af,Hasu7,oe:team:2d2d70decb08dfb9bd23327e33e4198,CTBC Flying Oyster Academy,top,2024-07-11,2,624.41477526,543.21648025,0.34369376
oe:player:51d1b92c739875316e83a99bb9838af,Hasu7,oe:team:2d2d70decb08dfb9bd23327e33e4198,CTBC Flying Oyster Academy,top,2024-07-25,2,692.71349457,661.06954715,0.13394157
oe:player:51d1b92c739875316e83a99bb9838af,Hasu7,oe:team:2d2d70decb08dfb9bd23327e33e4198,CTBC Flying Oyster Academy,top,2024-07-31,2,641.85630911,677.55145507,-0.15108937
oe:player:51d1b92c739875316e83a99bb9838af,Hasu7,oe:team:2d2d70decb08dfb9bd23327e33e4198,CTBC Flying Oyster Academy,top,2024-08-09,3,564.87822454,612.59741551,-0.20198439
oe:player:523b1440a5811bd9b4730c2a63545b7,ezman,oe:team:c8d302e68ffd3e684186a0db372b7b6,V3 Esports Academy,bot,2024-05-29,2,482.32465204,493.25307783,-0.03950717
oe:player:523b1440a5811bd9b4730c2a63545b7,ezman,oe:team:c8d302e68ffd3e684186a0db372b7b6,V3 Esports Academy,bot,2024-05-31,2,494.85938279,595.88771109,-0.36522581
oe:player:523b1440a5811bd9b4730c2a63545b7,ezman,oe:team:c8d302e68ffd3e684186a0db372b7b6,V3 Esports Academy,bot,2024-06-05,2,479.44657421,620.67825262,-0.51056426
oe:player:523b1440a5811bd9b4730c2a63545b7,ezman,oe:team:c8d302e68ffd3e684186a0db372b7b6,V3 Esports Academy,bot,2024-06-06,2,554.08522809,606.92486099,-0.19101967
oe:player:523b1440a5811bd9b4730c2a63545b7,ezman,oe:team:c8d302e68ffd3e684186a0db372b7b6,V3 Esports Academy,bot,2024-06-07,2,502.96668483,433.94427058,0.24952177
oe:player:523b1440a5811bd9b4730c2a63545b7,ezman,oe:team:c8d302e68ffd3e684186a0db372b7b6,V3 Esports Academy,bot,2024-06-12,2,481.96734359,547.61349667,-0.23731630
oe:player:523b1440a5811bd9b4730c2a63545b7,ezman,oe:team:c8d302e68ffd3e684186a0db372b7b6,V3 Esports Academy,bot,2024-06-14,2,710.62068053,553.81109018,0.58018906
oe:player:523b1440a5811bd9b4730c2a63545b7,ezman,oe:team:c8d302e68ffd3e684186a0db372b7b6,V3 Esports Academy,bot,2024-06-19,2,704.91046245,565.67443250,0.51516761
oe:player:523b1440a5811bd9b4730c2a63545b7,ezman,oe:team:c8d302e68ffd3e684186a0db372b7b6,V3 Esports Academy,bot,2024-06-20,2,610.79307656,652.39292970,-0.15391775
oe:player:523b1440a5811bd9b4730c2a63545b7,ezman,oe:team:c8d302e68ffd3e684186a0db372b7b6,V3 Esports Academy,bot,2024-06-21,2,863.91555620,544.62778695,1.18135167
oe:player:523b1440a5811bd9b4730c2a63545b7,ezman,oe:team:c8d302e68ffd3e684186a0db372b7b6,V3 Esports Academy,bot,2024-06-26,2,737.60098612,572.86943281,0.60950000
oe:player:523b1440a5811bd9b4730c2a63545b7,ezman,oe:team:c8d302e68ffd3e684186a0db372b7b6,V3 Esports Academy,bot,2024-06-27,2,572.79313166,453.12685205,0.44276034
oe:player:549adf21dd0a8ff674f896a36b58cc9,Kismet,oe:team:672aa1aa4e9ac51d56830a3652dbc8b,Hungkuang Falcon (弘光獵鷹),jng,2024-03-22,2,339.82650529,430.49016175,-0.42856918
oe:player:549adf21dd0a8ff674f896a36b58cc9,Kismet,oe:team:672aa1aa4e9ac51d56830a3652dbc8b,Hungkuang Falcon (弘光獵鷹),jng,2024-03-25,2,441.46038444,383.37562700,0.27456798
oe:player:549adf21dd0a8ff674f896a36b58cc9,Kismet,oe:team:672aa1aa4e9ac51d56830a3652dbc8b,Hungkuang Falcon (弘光獵鷹),jng,2024-03-26,2,594.88906006,444.46667023,0.71105009
oe:player:549adf21dd0a8ff674f896a36b58cc9,Kismet,oe:team:672aa1aa4e9ac51d56830a3652dbc8b,Hungkuang Falcon (弘光獵鷹),jng,2024-03-29,2,366.42493409,452.12943275,-0.40512713
oe:player:54d08b5913d88a2acfec7bbbe8effa9,MadDogg9,oe:team:60b05f35ec3d0e7ef1d475e9fb5cdbe,Deep Cross Gaming Academy,bot,2024-05-30,1,779.49644932,584.14154970,0.70622420
oe:player:54d08b5913d88a2acfec7bbbe8effa9,MadDogg9,oe:team:60b05f35ec3d0e7ef1d475e9fb5cdbe,Deep Cross Gaming Academy,bot,2024-06-14,2,996.75530295,777.39545637,0.81162245
oe:player:54d08b5913d88a2acfec7bbbe8effa9,MadDogg9,oe:team:60b05f35ec3d0e7ef1d475e9fb5cdbe,Deep Cross Gaming Academy,bot,2024-06-21,1,885.22727273,866.52469441,0.06919877
oe:player:552b35615b92e7f177e05e65a451e5c,Ling,oe:team:b5601001b160034bf0e83899338f6df,International Esports Industry Center,sup,2024-04-03,2,149.39086127,190.28727839,-0.35046001
oe:player:555e3934816743f30cdda4c7cc0dfe3,Momo,oe:team:845f7165c7cdaad9d2a2d764375d0df,DetonatioN FocusMe Academy,top,2024-03-22,2,797.78247494,564.19577278,1.03069537
oe:player:555e3934816743f30cdda4c7cc0dfe3,Momo,oe:team:845f7165c7cdaad9d2a2d764375d0df,DetonatioN FocusMe Academy,top,2024-03-25,2,413.37839084,496.66945279,-0.36751969
oe:player:555e3934816743f30cdda4c7cc0dfe3,Momo,oe:team:845f7165c7cdaad9d2a2d764375d0df,DetonatioN FocusMe Academy,top,2024-03-26,2,681.20757538,490.30259390,0.84236336
oe:player:555e3934816743f30cdda4c7cc0dfe3,Momo,oe:team:845f7165c7cdaad9d2a2d764375d0df,DetonatioN FocusMe Academy,top,2024-05-30,2,444.06710204,357.92229393,0.37865356
oe:player:555e3934816743f30cdda4c7cc0dfe3,Momo,oe:team:845f7165c7cdaad9d2a2d764375d0df,DetonatioN FocusMe Academy,top,2024-05-31,2,467.84881696,439.76310372,0.12345208
oe:player:555e3934816743f30cdda4c7cc0dfe3,Momo,oe:team:845f7165c7cdaad9d2a2d764375d0df,DetonatioN FocusMe Academy,top,2024-06-05,2,774.16427354,539.99667466,1.02929472
oe:player:555e3934816743f30cdda4c7cc0dfe3,Momo,oe:team:845f7165c7cdaad9d2a2d764375d0df,DetonatioN FocusMe Academy,top,2024-06-06,2,480.73940277,508.97800208,-0.12412409
oe:player:555e3934816743f30cdda4c7cc0dfe3,Momo,oe:team:845f7165c7cdaad9d2a2d764375d0df,DetonatioN FocusMe Academy,top,2024-06-07,2,652.67306112,407.60241610,1.07721957
oe:player:555e3934816743f30cdda4c7cc0dfe3,Momo,oe:team:845f7165c7cdaad9d2a2d764375d0df,DetonatioN FocusMe Academy,top,2024-06-12,2,420.46128084,308.04757844,0.49411973
oe:player:555e3934816743f30cdda4c7cc0dfe3,Momo,oe:team:845f7165c7cdaad9d2a2d764375d0df,DetonatioN FocusMe Academy,top,2024-06-13,2,502.50280294,384.00989868,0.52084114
oe:player:555e3934816743f30cdda4c7cc0dfe3,Momo,oe:team:845f7165c7cdaad9d2a2d764375d0df,DetonatioN FocusMe Academy,top,2024-06-19,2,795.24625568,554.81658480,1.05067573
oe:player:555e3934816743f30cdda4c7cc0dfe3,Momo,oe:team:845f7165c7cdaad9d2a2d764375d0df,DetonatioN FocusMe Academy,top,2024-06-20,2,876.72048322,655.75040414,0.96563747
oe:player:555e3934816743f30cdda4c7cc0dfe3,Momo,oe:team:845f7165c7cdaad9d2a2d764375d0df,DetonatioN FocusMe Academy,top,2024-06-21,2,559.09205574,430.86131403,0.56036731
oe:player:555e3934816743f30cdda4c7cc0dfe3,Momo,oe:team:845f7165c7cdaad9d2a2d764375d0df,DetonatioN FocusMe Academy,top,2024-06-26,2,552.35570895,548.11010835,0.01855324
oe:player:555e3934816743f30cdda4c7cc0dfe3,Momo,oe:team:845f7165c7cdaad9d2a2d764375d0df,DetonatioN FocusMe Academy,top,2024-06-27,2,1237.50660141,480.99067042,3.30596855
oe:player:563efaf4988887d909856cec0fdc579,Mist,oe:team:a23eb8479b972c2ea103fa362b0b5d5,West Point Esports Academy,bot,2024-03-22,2,885.39972305,783.65264657,0.37938606
oe:player:563efaf4988887d909856cec0fdc579,Mist,oe:team:a23eb8479b972c2ea103fa362b0b5d5,West Point Esports Academy,bot,2024-03-25,2,683.28705911,815.05298526,-0.49131786
oe:player:563efaf4988887d909856cec0fdc579,Mist,oe:team:a23eb8479b972c2ea103fa362b0b5d5,West Point Esports Academy,bot,2024-03-26,2,655.86636225,711.91292455,-0.20898177
oe:player:563efaf4988887d909856cec0fdc579,Mist,oe:team:a23eb8479b972c2ea103fa362b0b5d5,West Point Esports Academy,bot,2024-03-29,2,466.33526311,738.82855128,-1.01605037
oe:player:563efaf4988887d909856cec0fdc579,Mist,oe:team:a23eb8479b972c2ea103fa362b0b5d5,West Point Esports Academy,bot,2024-05-29,2,391.64667578,568.45981527,-0.63919420
oe:player:563efaf4988887d909856cec0fdc579,Mist,oe:team:a23eb8479b972c2ea103fa362b0b5d5,West Point Esports Academy,bot,2024-05-30,2,410.34383258,667.47658956,-0.92955629
oe:player:563efaf4988887d909856cec0fdc579,Mist,oe:team:a23eb8479b972c2ea103fa362b0b5d5,West Point Esports Academy,bot,2024-05-31,2,576.32074438,811.56922486,-0.85044281
oe:player:563efaf4988887d909856cec0fdc579,Mist,oe:team:a23eb8479b972c2ea103fa362b0b5d5,West Point Esports Academy,bot,2024-06-05,2,440.50404098,704.69977370,-0.95508954
oe:player:563efaf4988887d909856cec0fdc579,Mist,oe:team:a23eb8479b972c2ea103fa362b0b5d5,West Point Esports Academy,bot,2024-06-06,2,915.27711594,748.02768140,0.60462061
oe:player:563efaf4988887d909856cec0fdc579,Mist,oe:team:a23eb8479b972c2ea103fa362b0b5d5,West Point Esports Academy,bot,2024-06-07,2,707.83139226,613.44731126,0.34120630
oe:player:563efaf4988887d909856cec0fdc579,Mist,oe:team:a23eb8479b972c2ea103fa362b0b5d5,West Point Esports Academy,bot,2024-06-13,2,770.49920530,645.42873752,0.45214014
oe:player:563efaf4988887d909856cec0fdc579,Mist,oe:team:a23eb8479b972c2ea103fa362b0b5d5,West Point Esports Academy,bot,2024-06-14,2,417.32256694,570.02555397,-0.56499480
oe:player:563efaf4988887d909856cec0fdc579,Mist,oe:team:a23eb8479b972c2ea103fa362b0b5d5,West Point Esports Academy,bot,2024-06-19,2,946.65953543,876.38702368,0.26000542
oe:player:563efaf4988887d909856cec0fdc579,Mist,oe:team:a23eb8479b972c2ea103fa362b0b5d5,West Point Esports Academy,bot,2024-06-20,2,1427.92008868,794.37361798,2.34409600
oe:player:563efaf4988887d909856cec0fdc579,Mist,oe:team:a23eb8479b972c2ea103fa362b0b5d5,West Point Esports Academy,bot,2024-06-26,2,933.25658939,857.86070599,0.27896168
oe:player:563efaf4988887d909856cec0fdc579,Mist,oe:team:a23eb8479b972c2ea103fa362b0b5d5,West Point Esports Academy,bot,2024-06-27,2,1024.10828337,714.25455575,1.14644611
oe:player:563efaf4988887d909856cec0fdc579,Mist,oe:team:a23eb8479b972c2ea103fa362b0b5d5,West Point Esports Academy,bot,2024-07-09,3,500.00347451,687.37566082,-0.69326942
oe:player:563efaf4988887d909856cec0fdc579,Mist,oe:team:a23eb8479b972c2ea103fa362b0b5d5,West Point Esports Academy,bot,2024-07-10,2,548.45313475,756.37712721,-0.74141077
oe:player:5924131dcfad60bd4de59970d9df914,zkaic,oe:team:435f9b3d0b3ae3b58516d7bd843a988,Chienhsin Bear (健行熊),bot,2024-03-22,2,467.33902015,659.68697237,-0.71721109
oe:player:5924131dcfad60bd4de59970d9df914,zkaic,oe:team:435f9b3d0b3ae3b58516d7bd843a988,Chienhsin Bear (健行熊),bot,2024-03-25,2,1235.32967441,697.07119828,2.00701356
oe:player:5924131dcfad60bd4de59970d9df914,zkaic,oe:team:435f9b3d0b3ae3b58516d7bd843a988,Chienhsin Bear (健行熊),bot,2024-03-26,2,1321.29605279,786.45161189,1.99428359
oe:player:5924131dcfad60bd4de59970d9df914,zkaic,oe:team:435f9b3d0b3ae3b58516d7bd843a988,Chienhsin Bear (健行熊),bot,2024-05-30,2,598.83372824,733.98714087,-0.48859082
oe:player:5924131dcfad60bd4de59970d9df914,zkaic,oe:team:435f9b3d0b3ae3b58516d7bd843a988,Chienhsin Bear (健行熊),bot,2024-05-31,2,776.65416649,621.57341272,0.56062982
oe:player:5924131dcfad60bd4de59970d9df914,zkaic,oe:team:435f9b3d0b3ae3b58516d7bd843a988,Chienhsin Bear (健行熊),bot,2024-06-06,2,717.50854846,728.90757934,-0.04120844
oe:player:5924131dcfad60bd4de59970d9df914,zkaic,oe:team:435f9b3d0b3ae3b58516d7bd843a988,Chienhsin Bear (健行熊),bot,2024-06-07,2,1049.88061617,686.23129815,1.31462252
oe:player:5924131dcfad60bd4de59970d9df914,zkaic,oe:team:435f9b3d0b3ae3b58516d7bd843a988,Chienhsin Bear (健行熊),bot,2024-06-13,2,792.13453299,601.70026398,0.68843571
oe:player:5924131dcfad60bd4de59970d9df914,zkaic,oe:team:435f9b3d0b3ae3b58516d7bd843a988,Chienhsin Bear (健行熊),bot,2024-06-14,2,627.79693388,714.93764475,-0.32241706
oe:player:5924131dcfad60bd4de59970d9df914,zkaic,oe:team:435f9b3d0b3ae3b58516d7bd843a988,Chienhsin Bear (健行熊),bot,2024-06-20,2,683.87922796,667.12932286,0.06197396
oe:player:5924131dcfad60bd4de59970d9df914,zkaic,oe:team:435f9b3d0b3ae3b58516d7bd843a988,Chienhsin Bear (健行熊),bot,2024-06-21,2,895.72437655,634.83515606,0.96527943
oe:player:5924131dcfad60bd4de59970d9df914,zkaic,oe:team:435f9b3d0b3ae3b58516d7bd843a988,Chienhsin Bear (健行熊),bot,2024-06-26,2,1225.10328131,784.59189977,1.62987408
oe:player:5924131dcfad60bd4de59970d9df914,zkaic,oe:team:435f9b3d0b3ae3b58516d7bd843a988,Chienhsin Bear (健行熊),bot,2024-06-27,2,1037.45510556,825.06149534,0.78584766
oe:player:5924131dcfad60bd4de59970d9df914,zkaic,oe:team:435f9b3d0b3ae3b58516d7bd843a988,Chienhsin Bear (健行熊),bot,2024-07-09,3,787.37236844,704.12963820,0.30799469
oe:player:5924131dcfad60bd4de59970d9df914,zkaic,oe:team:435f9b3d0b3ae3b58516d7bd843a988,Chienhsin Bear (健行熊),bot,2024-07-10,3,971.52965301,704.31145827,0.95284073
oe:player:5924131dcfad60bd4de59970d9df914,zkaic,oe:team:435f9b3d0b3ae3b58516d7bd843a988,Chienhsin Bear (健行熊),bot,2024-07-11,3,907.79490139,769.50462167,0.49311242
oe:player:5924131dcfad60bd4de59970d9df914,zkaic,oe:team:435f9b3d0b3ae3b58516d7bd843a988,Chienhsin Bear (健行熊),bot,2024-07-24,3,992.86691602,705.15243503,1.02592593
oe:player:5924131dcfad60bd4de59970d9df914,zkaic,oe:team:435f9b3d0b3ae3b58516d7bd843a988,Chienhsin Bear (健行熊),bot,2024-07-25,2,735.57910646,657.64914863,0.27788092
oe:player:5924131dcfad60bd4de59970d9df914,zkaic,oe:team:435f9b3d0b3ae3b58516d7bd843a988,Chienhsin Bear (健行熊),bot,2024-07-31,3,667.15920377,670.90358525,-0.01335163
oe:player:5a02cc8b4771f9f0c0b16bac1bfcb9d,OkerumoN,oe:team:c8d302e68ffd3e684186a0db372b7b6,V3 Esports Academy,sup,2024-05-29,2,264.86170047,68.33899288,1.70199996
oe:player:5a02cc8b4771f9f0c0b16bac1bfcb9d,OkerumoN,oe:team:c8d302e68ffd3e684186a0db372b7b6,V3 Esports Academy,sup,2024-05-31,2,269.89884566,151.91741847,1.02178719
oe:player:5a02cc8b4771f9f0c0b16bac1bfcb9d,OkerumoN,oe:team:c8d302e68ffd3e684186a0db372b7b6,V3 Esports Academy,sup,2024-06-05,2,197.21869147,220.37043401,-0.20050744
oe:player:5a02cc8b4771f9f0c0b16bac1bfcb9d,OkerumoN,oe:team:c8d302e68ffd3e684186a0db372b7b6,V3 Esports Academy,sup,2024-06-06,2,191.08168567,170.99406754,0.17397036
oe:player:5a02cc8b4771f9f0c0b16bac1bfcb9d,OkerumoN,oe:team:c8d302e68ffd3e684186a0db372b7b6,V3 Esports Academy,sup,2024-06-07,2,144.82957974,12.50455134,1.14601105
oe:player:5a02cc8b4771f9f0c0b16bac1bfcb9d,OkerumoN,oe:team:c8d302e68ffd3e684186a0db372b7b6,V3 Esports Academy,sup,2024-06-12,2,276.40833717,88.98262468,1.62321474
oe:player:5a02cc8b4771f9f0c0b16bac1bfcb9d,OkerumoN,oe:team:c8d302e68ffd3e684186a0db372b7b6,V3 Esports Academy,sup,2024-06-14,2,349.87883088,105.03275595,2.05287285
oe:player:5a02cc8b4771f9f0c0b16bac1bfcb9d,OkerumoN,oe:team:c8d302e68ffd3e684186a0db372b7b6,V3 Esports Academy,sup,2024-06-19,2,170.55151099,170.89969012,-0.00291925
oe:player:5a02cc8b4771f9f0c0b16bac1bfcb9d,OkerumoN,oe:team:c8d302e68ffd3e684186a0db372b7b6,V3 Esports Academy,sup,2024-06-20,2,220.11931031,253.91072764,-0.28331875
oe:player:5a02cc8b4771f9f0c0b16bac1bfcb9d,OkerumoN,oe:team:c8d302e68ffd3e684186a0db372b7b6,V3 Esports Academy,sup,2024-06-21,2,350.59492106,105.28820694,2.05673501
oe:player:5a02cc8b4771f9f0c0b16bac1bfcb9d,OkerumoN,oe:team:c8d302e68ffd3e684186a0db372b7b6,V3 Esports Academy,sup,2024-06-26,2,299.34601345,146.09833410,1.28488072
oe:player:5a02cc8b4771f9f0c0b16bac1bfcb9d,OkerumoN,oe:team:c8d302e68ffd3e684186a0db372b7b6,V3 Esports Academy,sup,2024-06-27,2,231.14482218,0.00000000,1.93799688
oe:player:5d13a2128cef29f0905b93f72480cd9,Ka1ser,oe:team:215b3bc4217842708191cc9be161132,Impunity,mid,2024-05-29,2,874.06387969,751.36528725,0.50437654
oe:player:5d13a2128cef29f0905b93f72480cd9,Ka1ser,oe:team:215b3bc4217842708191cc9be161132,Impunity,mid,2024-05-30,2,851.33603335,736.72627600,0.47112580
oe:player:5d13a2128cef29f0905b93f72480cd9,Ka1ser,oe:team:215b3bc4217842708191cc9be161132,Impunity,mid,2024-05-31,2,522.67670197,696.41200782,-0.71417292
oe:player:5d13a2128cef29f0905b93f72480cd9,Ka1ser,oe:team:215b3bc4217842708191cc9be161132,Impunity,mid,2024-06-05,2,429.54536349,578.32831067,-0.61160138
oe:player:5d13a2128cef29f0905b93f72480cd9,Ka1ser,oe:team:215b3bc4217842708191cc9be161132,Impunity,mid,2024-06-07,2,1205.54925739,836.61985347,1.51655641
oe:player:5d13a2128cef29f0905b93f72480cd9,Ka1ser,oe:team:215b3bc4217842708191cc9be161132,Impunity,mid,2024-06-12,2,836.70255643,786.71417047,0.20548703
oe:player:5d13a2128cef29f0905b93f72480cd9,Ka1ser,oe:team:215b3bc4217842708191cc9be161132,Impunity,mid,2024-06-13,2,793.40030136,744.04414640,0.20288812
oe:player:5d13a2128cef29f0905b93f72480cd9,Ka1ser,oe:team:215b3bc4217842708191cc9be161132,Impunity,mid,2024-06-14,2,1002.58860973,829.78603339,0.72467791
oe:player:5d13a2128cef29f0905b93f72480cd9,Ka1ser,oe:team:215b3bc4217842708191cc9be161132,Impunity,mid,2024-06-19,2,785.82844273,634.91293984,0.63289063
oe:player:5d13a2128cef29f0905b93f72480cd9,Ka1ser,oe:team:215b3bc4217842708191cc9be161132,Impunity,mid,2024-06-20,2,657.20002298,663.39338972,-0.02597297
oe:player:5d13a2128cef29f0905b93f72480cd9,Ka1ser,oe:team:215b3bc4217842708191cc9be161132,Impunity,mid,2024-06-21,2,1112.83894657,856.58787608,1.07463380
oe:player:5d13a2128cef29f0905b93f72480cd9,Ka1ser,oe:team:215b3bc4217842708191cc9be161132,Impunity,mid,2024-06-27,2,1327.03430065,841.47113657,2.03629428
oe:player:5d13a2128cef29f0905b93f72480cd9,Ka1ser,oe:team:215b3bc4217842708191cc9be161132,Impunity,mid,2024-07-09,2,660.07870266,651.25675890,0.03699637
oe:player:5d13a2128cef29f0905b93f72480cd9,Ka1ser,oe:team:215b3bc4217842708191cc9be161132,Impunity,mid,2024-07-10,2,709.74650989,585.08092730,0.51756895
oe:player:5d13a2128cef29f0905b93f72480cd9,Ka1ser,oe:team:215b3bc4217842708191cc9be161132,Impunity,mid,2024-07-11,3,675.75161950,664.85120460,0.04525480
oe:player:5d13a2128cef29f0905b93f72480cd9,Ka1ser,oe:team:215b3bc4217842708191cc9be161132,Impunity,mid,2024-07-25,2,569.35570122,733.52184954,-0.68156182
oe:player:5d13a2128cef29f0905b93f72480cd9,Ka1ser,oe:team:215b3bc4217842708191cc9be161132,Impunity,mid,2024-07-31,3,654.82360962,795.85860076,-0.58552915
oe:player:5d13a2128cef29f0905b93f72480cd9,Ka1ser,oe:team:215b3bc4217842708191cc9be161132,Impunity,mid,2024-08-04,5,668.49893326,722.77531732,-0.22533702
oe:player:5d13a2128cef29f0905b93f72480cd9,Ka1ser,oe:team:215b3bc4217842708191cc9be161132,Impunity,mid,2024-08-09,3,529.46650603,658.76231821,-0.53679208
oe:player:6329c2fb6733857c130388006650875,TenT,oe:team:26de0e706bbdee6670640bb499d80a9,Burning Core Toyama Academy,bot,2024-05-31,2,522.36117724,699.90218661,-0.64182551
oe:player:6329c2fb6733857c130388006650875,TenT,oe:team:26de0e706bbdee6670640bb499d80a9,Burning Core Toyama Academy,bot,2024-06-06,2,518.57231877,657.00553715,-0.50044759
oe:player:6329c2fb6733857c130388006650875,TenT,oe:team:26de0e706bbdee6670640bb499d80a9,Burning Core Toyama Academy,bot,2024-06-13,2,705.11048967,728.56694379,-0.08479703
oe:player:6329c2fb6733857c130388006650875,TenT,oe:team:26de0e706bbdee6670640bb499d80a9,Burning Core Toyama Academy,bot,2024-06-14,2,609.04949842,590.20736264,0.06971513
oe:player:6329c2fb6733857c130388006650875,TenT,oe:team:26de0e706bbdee6670640bb499d80a9,Burning Core Toyama Academy,bot,2024-06-20,2,560.97172429,610.85209310,-0.18455532
oe:player:6329c2fb6733857c130388006650875,TenT,oe:team:26de0e706bbdee6670640bb499d80a9,Burning Core Toyama Academy,bot,2024-06-26,2,557.25003749,570.83166640,-0.05025147
oe:player:6329c2fb6733857c130388006650875,TenT,oe:team:26de0e706bbdee6670640bb499d80a9,Burning Core Toyama Academy,bot,2024-06-27,1,543.42059337,616.97054197,-0.27213180
oe:player:657c120c7088b9bf63597e98b77c7a6,NoAtz,oe:team:a23eb8479b972c2ea103fa362b0b5d5,West Point Esports Academy,sup,2024-07-09,3,245.86473551,323.86366704,-0.65396960
oe:player:657c120c7088b9bf63597e98b77c7a6,NoAtz,oe:team:a23eb8479b972c2ea103fa362b0b5d5,West Point Esports Academy,sup,2024-07-10,2,259.51186297,291.83703610,-0.26103373
oe:player:657c120c7088b9bf63597e98b77c7a6,NoAtz,oe:team:a23eb8479b972c2ea103fa362b0b5d5,West Point Esports Academy,top,2024-06-05,1,652.19975237,647.44933538,0.02088068
oe:player:657c120c7088b9bf63597e98b77c7a6,NoAtz,oe:team:a23eb8479b972c2ea103fa362b0b5d5,West Point Esports Academy,top,2024-06-20,2,447.50943132,617.43866626,-0.74258939
oe:player:688618801539af648962798f8d0d7cb,1ssue,oe:team:672aa1aa4e9ac51d56830a3652dbc8b,Hungkuang Falcon (弘光獵鷹),bot,2024-03-22,2,792.18691455,753.54601415,0.14408098
oe:player:688618801539af648962798f8d0d7cb,1ssue,oe:team:672aa1aa4e9ac51d56830a3652dbc8b,Hungkuang Falcon (弘光獵鷹),bot,2024-03-25,2,506.06211908,582.64490854,-0.28555555
oe:player:688618801539af648962798f8d0d7cb,1ssue,oe:team:672aa1aa4e9ac51d56830a3652dbc8b,Hungkuang Falcon (弘光獵鷹),bot,2024-03-26,2,636.30608511,627.55846368,0.03261741
oe:player:688618801539af648962798f8d0d7cb,1ssue,oe:team:672aa1aa4e9ac51d56830a3652dbc8b,Hungkuang Falcon (弘光獵鷹),bot,2024-03-29,2,786.10890011,675.10667225,0.41389590
oe:player:688618801539af648962798f8d0d7cb,1ssue,oe:team:672aa1aa4e9ac51d56830a3652dbc8b,Hungkuang Falcon (弘光獵鷹),sup,2024-05-30,2,156.40871608,229.94390266,-0.63685712
oe:player:688618801539af648962798f8d0d7cb,1ssue,oe:team:672aa1aa4e9ac51d56830a3652dbc8b,Hungkuang Falcon (弘光獵鷹),sup,2024-05-31,2,117.71096177,184.08844336,-0.57486726
oe:player:688618801539af648962798f8d0d7cb,1ssue,oe:team:672aa1aa4e9ac51d56830a3652dbc8b,Hungkuang Falcon (弘光獵鷹),sup,2024-06-06,2,252.77283564,276.81264905,-0.20819865
oe:player:688618801539af648962798f8d0d7cb,1ssue,oe:team:672aa1aa4e9ac51d56830a3652dbc8b,Hungkuang Falcon (弘光獵鷹),sup,2024-06-07,2,267.61714538,295.77330796,-0.24384860
oe:player:688618801539af648962798f8d0d7cb,1ssue,oe:team:672aa1aa4e9ac51d56830a3652dbc8b,Hungkuang Falcon (弘光獵鷹),sup,2024-06-13,2,494.95475312,323.33416853,1.48633322
oe:player:688618801539af648962798f8d0d7cb,1ssue,oe:team:672aa1aa4e9ac51d56830a3652dbc8b,Hungkuang Falcon (弘光獵鷹),sup,2024-06-14,2,203.56983096,247.16716597,-0.36553490
oe:player:688618801539af648962798f8d0d7cb,1ssue,oe:team:672aa1aa4e9ac51d56830a3652dbc8b,Hungkuang Falcon (弘光獵鷹),sup,2024-06-20,1,146.98459281,194.73590332,-0.40036324
oe:player:688618801539af648962798f8d0d7cb,1ssue,oe:team:672aa1aa4e9ac51d56830a3652dbc8b,Hungkuang Falcon (弘光獵鷹),sup,2024-06-21,2,446.12047823,397.03378861,0.41155952
oe:player:688618801539af648962798f8d0d7cb,1ssue,oe:team:672aa1aa4e9ac51d56830a3652dbc8b,Hungkuang Falcon (弘光獵鷹),sup,2024-06-26,2,195.26107740,330.09050634,-1.13045584
oe:player:688618801539af648962798f8d0d7cb,1ssue,oe:team:672aa1aa4e9ac51d56830a3652dbc8b,Hungkuang Falcon (弘光獵鷹),sup,2024-06-27,2,265.05452850,311.02687486,-0.38544780
oe:player:688618801539af648962798f8d0d7cb,1ssue,oe:team:672aa1aa4e9ac51d56830a3652dbc8b,Hungkuang Falcon (弘光獵鷹),sup,2024-07-09,2,235.27556026,265.48290091,-0.25326863
oe:player:688618801539af648962798f8d0d7cb,1ssue,oe:team:672aa1aa4e9ac51d56830a3652dbc8b,Hungkuang Falcon (弘光獵鷹),sup,2024-07-10,2,245.59324165,224.68356334,0.16885080
oe:player:688618801539af648962798f8d0d7cb,1ssue,oe:team:672aa1aa4e9ac51d56830a3652dbc8b,Hungkuang Falcon (弘光獵鷹),sup,2024-07-11,3,194.44657911,264.07735838,-0.56228568
oe:player:688618801539af648962798f8d0d7cb,1ssue,oe:team:672aa1aa4e9ac51d56830a3652dbc8b,Hungkuang Falcon (弘光獵鷹),top,2024-06-20,1,117.97500000,434.01817978,-1.38110616
oe:player:6958e75ba6b00b8b077c1472162a4ef,MMG,oe:team:435f9b3d0b3ae3b58516d7bd843a988,Chienhsin Bear (健行熊),sup,2024-03-25,2,200.97904236,281.11357532,-0.68670928
oe:player:6958e75ba6b00b8b077c1472162a4ef,MMG,oe:team:435f9b3d0b3ae3b58516d7bd843a988,Chienhsin Bear (健行熊),sup,2024-05-30,2,239.45692226,270.49884277,-0.26884093
oe:player:6958e75ba6b00b8b077c1472162a4ef,MMG,oe:team:435f9b3d0b3ae3b58516d7bd843a988,Chienhsin Bear (健行熊),sup,2024-05-31,2,233.97217030,189.18970027,0.38784201
oe:player:6958e75ba6b00b8b077c1472162a4ef,MMG,oe:team:435f9b3d0b3ae3b58516d7bd843a988,Chienhsin Bear (健行熊),sup,2024-06-06,2,249.22253253,284.38271997,-0.30450750
oe:player:6958e75ba6b00b8b077c1472162a4ef,MMG,oe:team:435f9b3d0b3ae3b58516d7bd843a988,Chienhsin Bear (健行熊),sup,2024-06-13,2,200.24447626,201.90530402,-0.01438373
oe:player:6958e75ba6b00b8b077c1472162a4ef,MMG,oe:team:435f9b3d0b3ae3b58516d7bd843a988,Chienhsin Bear (健行熊),sup,2024-06-14,2,279.72586167,326.02243720,-0.38816625
oe:player:6958e75ba6b00b8b077c1472162a4ef,MMG,oe:team:435f9b3d0b3ae3b58516d7bd843a988,Chienhsin Bear (健行熊),sup,2024-06-20,2,198.07464127,221.79265339,-0.19885989
oe:player:6958e75ba6b00b8b077c1472162a4ef,MMG,oe:team:435f9b3d0b3ae3b58516d7bd843a988,Chienhsin Bear (健行熊),sup,2024-06-21,2,216.33732756,229.03663327,-0.10647530
oe:player:6958e75ba6b00b8b077c1472162a4ef,MMG,oe:team:435f9b3d0b3ae3b58516d7bd843a988,Chienhsin Bear (健行熊),sup,2024-06-26,2,290.97461347,292.10201758,-0.00945254
oe:player:6958e75ba6b00b8b077c1472162a4ef,MMG,oe:team:435f9b3d0b3ae3b58516d7bd843a988,Chienhsin Bear (健行熊),sup,2024-06-27,2,290.60026288,358.71400199,-0.57108878
oe:player:6958e75ba6b00b8b077c1472162a4ef,MMG,oe:team:435f9b3d0b3ae3b58516d7bd843a988,Chienhsin Bear (健行熊),sup,2024-07-09,3,217.07451034,327.25137734,-0.92376036
oe:player:6958e75ba6b00b8b077c1472162a4ef,MMG,oe:team:435f9b3d0b3ae3b58516d7bd843a988,Chienhsin Bear (健行熊),sup,2024-07-10,3,249.15690604,209.82275184,0.31763298
oe:player:6958e75ba6b00b8b077c1472162a4ef,MMG,oe:team:435f9b3d0b3ae3b58516d7bd843a988,Chienhsin Bear (健行熊),sup,2024-07-11,3,202.86756904,265.74422623,-0.50774448
oe:player:6958e75ba6b00b8b077c1472162a4ef,MMG,oe:team:435f9b3d0b3ae3b58516d7bd843a988,Chienhsin Bear (健行熊),sup,2024-07-24,3,213.77695545,210.73122485,0.02459502
oe:player:6958e75ba6b00b8b077c1472162a4ef,MMG,oe:team:435f9b3d0b3ae3b58516d7bd843a988,Chienhsin Bear (健行熊),sup,2024-07-25,2,174.28161337,165.37291974,0.07193989
oe:player:6958e75ba6b00b8b077c1472162a4ef,MMG,oe:team:435f9b3d0b3ae3b58516d7bd843a988,Chienhsin Bear (健行熊),sup,2024-07-31,3,122.89053266,261.25842434,-1.11735478
oe:player:6958e75ba6b00b8b077c1472162a4ef,MMG,oe:team:435f9b3d0b3ae3b58516d7bd843a988,Chienhsin Bear (健行熊),top,2024-03-22,2,540.18514634,620.19286307,-0.35303201
oe:player:6958e75ba6b00b8b077c1472162a4ef,MMG,oe:team:435f9b3d0b3ae3b58516d7bd843a988,Chienhsin Bear (健行熊),top,2024-03-26,2,794.23946497,718.52289397,0.33409744
oe:player:6c7a80ad608cb76d18182d2243d7acf,RenHao,oe:team:60b05f35ec3d0e7ef1d475e9fb5cdbe,Deep Cross Gaming Academy,jng,2024-03-22,2,335.47623228,394.37350785,-0.27840877
oe:player:6c7a80ad608cb76d18182d2243d7acf,RenHao,oe:team:60b05f35ec3d0e7ef1d475e9fb5cdbe,Deep Cross Gaming Academy,jng,2024-03-25,2,345.87497841,432.84973905,-0.41113169
oe:player:6c7a80ad608cb76d18182d2243d7acf,RenHao,oe:team:60b05f35ec3d0e7ef1d475e9fb5cdbe,Deep Cross Gaming Academy,jng,2024-03-26,2,451.37147763,468.68855438,-0.08185822
oe:player:6c7a80ad608cb76d18182d2243d7acf,RenHao,oe:team:60b05f35ec3d0e7ef1d475e9fb5cdbe,Deep Cross Gaming Academy,jng,2024-04-03,2,469.06293262,436.64832032,0.15322462
oe:player:6c7a80ad608cb76d18182d2243d7acf,RenHao,oe:team:60b05f35ec3d0e7ef1d475e9fb5cdbe,Deep Cross Gaming Academy,jng,2024-04-10,2,220.52844280,373.00150538,-0.72074367
oe:player:6c7a80ad608cb76d18182d2243d7acf,RenHao,oe:team:60b05f35ec3d0e7ef1d475e9fb5cdbe,Deep Cross Gaming Academy,jng,2024-05-30,2,560.64102477,465.24252941,0.46489155
oe:player:6c7a80ad608cb76d18182d2243d7acf,RenHao,oe:team:60b05f35ec3d0e7ef1d475e9fb5cdbe,Deep Cross Gaming Academy,jng,2024-05-31,2,464.37013613,471.71924450,-0.03581334
oe:player:6c7a80ad608cb76d18182d2243d7acf,RenHao,oe:team:60b05f35ec3d0e7ef1d475e9fb5cdbe,Deep Cross Gaming Academy,jng,2024-06-06,2,452.05227273,467.79722970,-0.07672760
oe:player:6c7a80ad608cb76d18182d2243d7acf,RenHao,oe:team:60b05f35ec3d0e7ef1d475e9fb5cdbe,Deep Cross Gaming Academy,jng,2024-06-07,2,292.93711433,402.48755472,-0.53385616
oe:player:6c7a80ad608cb76d18182d2243d7acf,RenHao,oe:team:60b05f35ec3d0e7ef1d475e9fb5cdbe,Deep Cross Gaming Academy,jng,2024-06-13,2,1052.80628681,474.93258651,2.81606749
oe:player:6c7a80ad608cb76d18182d2243d7acf,RenHao,oe:team:60b05f35ec3d0e7ef1d475e9fb5cdbe,Deep Cross Gaming Academy,jng,2024-06-14,2,600.99383887,610.31762229,-0.03800076
oe:player:6c7a80ad608cb76d18182d2243d7acf,RenHao,oe:team:60b05f35ec3d0e7ef1d475e9fb5cdbe,Deep Cross Gaming Academy,jng,2024-06-20,2,658.51000092,501.74996635,0.63890374
oe:player:6c7a80ad608cb76d18182d2243d7acf,RenHao,oe:team:60b05f35ec3d0e7ef1d475e9fb5cdbe,Deep Cross Gaming Academy,jng,2024-06-21,2,414.53500840,501.98478628,-0.35641731
oe:player:6c7a80ad608cb76d18182d2243d7acf,RenHao,oe:team:60b05f35ec3d0e7ef1d475e9fb5cdbe,Deep Cross Gaming Academy,jng,2024-06-26,2,559.52829036,554.45190752,0.02068971
oe:player:6c7a80ad608cb76d18182d2243d7acf,RenHao,oe:team:60b05f35ec3d0e7ef1d475e9fb5cdbe,Deep Cross Gaming Academy,jng,2024-06-27,2,432.71417978,457.92166535,-0.10273764
oe:player:6c7a80ad608cb76d18182d2243d7acf,RenHao,oe:team:60b05f35ec3d0e7ef1d475e9fb5cdbe,Deep Cross Gaming Academy,jng,2024-07-09,2,426.53455498,413.39358595,0.05355838
oe:player:6c7a80ad608cb76d18182d2243d7acf,RenHao,oe:team:60b05f35ec3d0e7ef1d475e9fb5cdbe,Deep Cross Gaming Academy,jng,2024-07-11,3,399.32588222,443.08700275,-0.18024330
oe:player:6c7a80ad608cb76d18182d2243d7acf,RenHao,oe:team:60b05f35ec3d0e7ef1d475e9fb5cdbe,Deep Cross Gaming Academy,jng,2024-07-24,2,234.18891406,375.47955081,-0.58194787
oe:player:6d416f7786dbe588eaa6ab48666588d,En,oe:team:9114fb0f268de0d260acfef5fd97ef6,TNU Eagle (東南飛鷹),sup,2024-03-25,2,152.79455573,311.66346529,-1.36141998
oe:player:6d416f7786dbe588eaa6ab48666588d,En,oe:team:9114fb0f268de0d260acfef5fd97ef6,TNU Eagle (東南飛鷹),sup,2024-03-26,2,209.14868448,322.27098074,-0.96939643
oe:player:6d416f7786dbe588eaa6ab48666588d,En,oe:team:9114fb0f268de0d260acfef5fd97ef6,TNU Eagle (東南飛鷹),sup,2024-03-29,2,152.73571828,287.71795586,-1.15672422
oe:player:6d416f7786dbe588eaa6ab48666588d,En,oe:team:9114fb0f268de0d260acfef5fd97ef6,TNU Eagle (東南飛鷹),sup,2024-04-04,2,176.36446493,232.92851603,-0.48472309
oe:player:6d416f7786dbe588eaa6ab48666588d,En,oe:team:9114fb0f268de0d260acfef5fd97ef6,TNU Eagle (東南飛鷹),sup,2024-06-14,2,272.69622369,307.55333142,-0.29225386
oe:player:6d416f7786dbe588eaa6ab48666588d,En,oe:team:9114fb0f268de0d260acfef5fd97ef6,TNU Eagle (東南飛鷹),sup,2024-06-19,2,297.52209249,379.52399148,-0.68753184
oe:player:6d416f7786dbe588eaa6ab48666588d,En,oe:team:9114fb0f268de0d260acfef5fd97ef6,TNU Eagle (東南飛鷹),sup,2024-06-20,2,281.04791788,300.63550184,-0.16422897
oe:player:6d416f7786dbe588eaa6ab48666588d,En,oe:team:9114fb0f268de0d260acfef5fd97ef6,TNU Eagle (東南飛鷹),sup,2024-06-26,2,317.72628661,426.84330943,-0.91487427
oe:player:7107312c11a41a53cf1f200ec4cd1e6,Cher1shU,oe:team:215b3bc4217842708191cc9be161132,Impunity,bot,2024-06-12,1,771.28742515,723.85753051,0.17146301
oe:player:7107312c11a41a53cf1f200ec4cd1e6,Cher1shU,oe:team:215b3bc4217842708191cc9be161132,Impunity,bot,2024-06-27,2,796.10743625,870.58211839,-0.27555327
oe:player:7107312c11a41a53cf1f200ec4cd1e6,Cher1shU,oe:team:215b3bc4217842708191cc9be161132,Impunity,bot,2024-07-09,1,1115.20478601,765.24762449,1.29482717
oe:player:7107312c11a41a53cf1f200ec4cd1e6,Cher1shU,oe:team:215b3bc4217842708191cc9be161132,Impunity,bot,2024-07-11,1,559.95340711,634.00365439,-0.26404673
oe:player:7107312c11a41a53cf1f200ec4cd1e6,Cher1shU,oe:team:215b3bc4217842708191cc9be161132,Impunity,bot,2024-07-25,2,677.41808644,733.39834513,-0.19961317
oe:player:7107312c11a41a53cf1f200ec4cd1e6,Cher1shU,oe:team:215b3bc4217842708191cc9be161132,Impunity,sup,2024-08-04,5,712.02401650,324.87606673,3.12631498
oe:player:7190a449444f9873df2c43d64d5e3be,Wenli,oe:team:b5601001b160034bf0e83899338f6df,International Esports Industry Center,top,2024-04-03,2,386.51516775,487.24928183,-0.44448671
oe:player:72ece7e3c2b5132dd83c0954b32de87,GuanGuan,oe:team:9114fb0f268de0d260acfef5fd97ef6,TNU Eagle (東南飛鷹),top,2024-04-04,2,597.90507853,542.65233364,0.24380133
oe:player:73f4f802d756c7d87c37c0a6ea2262a,Winn1,oe:team:a23eb8479b972c2ea103fa362b0b5d5,West Point Esports Academy,top,2024-03-22,2,574.43482183,642.40792206,-0.29992957
oe:player:73f4f802d756c7d87c37c0a6ea2262a,Winn1,oe:team:a23eb8479b972c2ea103fa362b0b5d5,West Point Esports Academy,top,2024-03-25,2,707.53752962,742.12843552,-0.15263149
oe:player:73f4f802d756c7d87c37c0a6ea2262a,Winn1,oe:team:a23eb8479b972c2ea103fa362b0b5d5,West Point Esports Academy,top,2024-05-31,2,752.51610710,702.32038359,0.22063767
oe:player:73f4f802d756c7d87c37c0a6ea2262a,Winn1,oe:team:a23eb8479b972c2ea103fa362b0b5d5,West Point Esports Academy,top,2024-06-06,2,562.87951167,733.73278585,-0.75099362
oe:player:73f4f802d756c7d87c37c0a6ea2262a,Winn1,oe:team:a23eb8479b972c2ea103fa362b0b5d5,West Point Esports Academy,top,2024-06-19,2,699.10872465,736.15335771,-0.16188475
oe:player:73f4f802d756c7d87c37c0a6ea2262a,Winn1,oe:team:a23eb8479b972c2ea103fa362b0b5d5,West Point Esports Academy,top,2024-06-26,2,843.60459995,727.46290298,0.50753828
oe:player:73f4f802d756c7d87c37c0a6ea2262a,Winn1,oe:team:a23eb8479b972c2ea103fa362b0b5d5,West Point Esports Academy,top,2024-07-09,1,451.36546185,657.76181740,-0.90195042
oe:player:73f4f802d756c7d87c37c0a6ea2262a,Winn1,oe:team:a23eb8479b972c2ea103fa362b0b5d5,West Point Esports Academy,top,2024-07-10,2,708.95598410,628.23883051,0.34165720
oe:player:7647966b7343c29048673252e490f73,89,oe:team:68c346d1a5284be386b75f84d76b27d,AXIZ CREST Academy,jng,2024-05-30,2,299.62180124,303.09729867,-0.01693663
oe:player:7647966b7343c29048673252e490f73,89,oe:team:68c346d1a5284be386b75f84d76b27d,AXIZ CREST Academy,jng,2024-05-31,2,412.47795815,320.77348407,0.44689002
oe:player:7647966b7343c29048673252e490f73,89,oe:team:68c346d1a5284be386b75f84d76b27d,AXIZ CREST Academy,jng,2024-06-06,2,247.65681818,291.20772117,-0.21223025
oe:player:7647966b7343c29048673252e490f73,89,oe:team:68c346d1a5284be386b75f84d76b27d,AXIZ CREST Academy,jng,2024-06-07,2,269.64324029,391.41738951,-0.59342417
oe:player:7647966b7343c29048673252e490f73,89,oe:team:68c346d1a5284be386b75f84d76b27d,AXIZ CREST Academy,jng,2024-06-13,2,347.00457656,344.57246721,0.01185204
oe:player:7647966b7343c29048673252e490f73,89,oe:team:68c346d1a5284be386b75f84d76b27d,AXIZ CREST Academy,jng,2024-06-14,2,271.06174191,357.01293397,-0.35030955
oe:player:7647966b7343c29048673252e490f73,89,oe:team:68c346d1a5284be386b75f84d76b27d,AXIZ CREST Academy,jng,2024-06-20,2,234.61404799,346.71100474,-0.45687132
oe:player:7647966b7343c29048673252e490f73,89,oe:team:68c346d1a5284be386b75f84d76b27d,AXIZ CREST Academy,jng,2024-06-21,2,270.51904448,307.03649935,-0.14883346
oe:player:7647966b7343c29048673252e490f73,89,oe:team:68c346d1a5284be386b75f84d76b27d,AXIZ CREST Academy,jng,2024-06-26,2,294.91912117,261.92622274,0.13446850
oe:player:7647966b7343c29048673252e490f73,89,oe:team:68c346d1a5284be386b75f84d76b27d,AXIZ CREST Academy,jng,2024-06-27,3,640.54689832,438.61159360,0.82302368
oe:player:784385c2fe5e4f94e60697e7e7c6aba,Rendi,oe:team:672aa1aa4e9ac51d56830a3652dbc8b,Hungkuang Falcon (弘光獵鷹),mid,2024-03-26,2,596.31154118,644.78686194,-0.19506980
oe:player:784385c2fe5e4f94e60697e7e7c6aba,Rendi,oe:team:672aa1aa4e9ac51d56830a3652dbc8b,Hungkuang Falcon (弘光獵鷹),mid,2024-05-30,2,582.19419858,696.86827670,-0.47139021
oe:player:784385c2fe5e4f94e60697e7e7c6aba,Rendi,oe:team:672aa1aa4e9ac51d56830a3652dbc8b,Hungkuang Falcon (弘光獵鷹),mid,2024-05-31,2,445.36864725,647.78706775,-0.83208047
oe:player:7d785095e784490bec30acf836548e9,pinvvei,name-team-57964d1ebff4a165,Bees Hum,sup,2024-04-04,2,261.71238001,238.75304477,0.19674899
oe:player:7de798dc357e628b1dd46c7a7ed440e,Maikehan,oe:team:a23eb8479b972c2ea103fa362b0b5d5,West Point Esports Academy,mid,2024-03-22,2,608.92641462,752.24838661,-0.57674272
oe:player:7de798dc357e628b1dd46c7a7ed440e,Maikehan,oe:team:a23eb8479b972c2ea103fa362b0b5d5,West Point Esports Academy,mid,2024-03-25,2,1068.69254642,867.99952433,0.80760987
oe:player:7de798dc357e628b1dd46c7a7ed440e,Maikehan,oe:team:a23eb8479b972c2ea103fa362b0b5d5,West Point Esports Academy,mid,2024-03-26,2,572.38121318,691.02819646,-0.47744796
oe:player:7de798dc357e628b1dd46c7a7ed440e,Maikehan,oe:team:a23eb8479b972c2ea103fa362b0b5d5,West Point Esports Academy,mid,2024-03-29,2,590.35854444,668.04781012,-0.31262979
oe:player:7de798dc357e628b1dd46c7a7ed440e,Maikehan,oe:team:a23eb8479b972c2ea103fa362b0b5d5,West Point Esports Academy,mid,2024-05-30,2,633.77441291,666.10129466,-0.13288596
oe:player:7de798dc357e628b1dd46c7a7ed440e,Maikehan,oe:team:a23eb8479b972c2ea103fa362b0b5d5,West Point Esports Academy,mid,2024-06-19,2,805.64866127,838.18176671,-0.13643328
oe:player:7de798dc357e628b1dd46c7a7ed440e,Maikehan,oe:team:a23eb8479b972c2ea103fa362b0b5d5,West Point Esports Academy,top,2024-05-29,2,266.41253434,431.36012309,-0.72503490
oe:player:7de798dc357e628b1dd46c7a7ed440e,Maikehan,oe:team:a23eb8479b972c2ea103fa362b0b5d5,West Point Esports Academy,top,2024-06-05,1,609.10434783,626.90579217,-0.07824709
oe:player:7de798dc357e628b1dd46c7a7ed440e,Maikehan,oe:team:a23eb8479b972c2ea103fa362b0b5d5,West Point Esports Academy,top,2024-06-07,2,401.00181999,550.82789438,-0.65856757
oe:player:7e8951a304133ba9d1505ff77578530,BoxeR2,oe:team:215b3bc4217842708191cc9be161132,Impunity,sup,2024-03-22,2,224.62092378,310.87559906,-0.73915556
oe:player:7e8951a304133ba9d1505ff77578530,BoxeR2,oe:team:215b3bc4217842708191cc9be161132,Impunity,sup,2024-03-25,2,126.09541716,244.44296000,-1.01417395
oe:player:7e8951a304133ba9d1505ff77578530,BoxeR2,oe:team:215b3bc4217842708191cc9be161132,Impunity,sup,2024-03-26,2,226.04914420,227.90715162,-0.01592211
oe:player:7e8951a304133ba9d1505ff77578530,BoxeR2,oe:team:215b3bc4217842708191cc9be161132,Impunity,sup,2024-03-29,2,225.48134526,293.23832457,-0.58064039
oe:player:7e8951a304133ba9d1505ff77578530,BoxeR2,oe:team:215b3bc4217842708191cc9be161132,Impunity,sup,2024-04-03,2,204.55960783,314.60872329,-0.94306095
oe:player:7e8951a304133ba9d1505ff77578530,BoxeR2,oe:team:f6f46fec64efaa34b25700ce7a88e44,Frank Esports Academy,bot,2024-06-07,2,585.49557734,710.65994379,-0.45247959
oe:player:7e8951a304133ba9d1505ff77578530,BoxeR2,oe:team:f6f46fec64efaa34b25700ce7a88e44,Frank Esports Academy,bot,2024-08-04,5,378.68209586,726.38093945,-1.23981684
oe:player:7e8951a304133ba9d1505ff77578530,BoxeR2,oe:team:f6f46fec64efaa34b25700ce7a88e44,Frank Esports Academy,sup,2024-06-21,1,237.99721836,354.79773027,-0.97929526
oe:player:807720aa4d1cb40b3d5991c2646d38e,Simple,oe:team:f6f46fec64efaa34b25700ce7a88e44,Frank Esports Academy,jng,2024-05-30,1,413.42403628,619.68074125,-1.00512067
oe:player:807720aa4d1cb40b3d5991c2646d38e,Simple,oe:team:f6f46fec64efaa34b25700ce7a88e44,Frank Esports Academy,sup,2024-03-22,2,332.84436181,278.87085600,0.46252353
oe:player:807720aa4d1cb40b3d5991c2646d38e,Simple,oe:team:f6f46fec64efaa34b25700ce7a88e44,Frank Esports Academy,sup,2024-03-25,2,199.79465541,331.58851095,-1.12940152
oe:player:807720aa4d1cb40b3d5991c2646d38e,Simple,oe:team:f6f46fec64efaa34b25700ce7a88e44,Frank Esports Academy,sup,2024-03-26,2,174.03172666,260.52095673,-0.74116557
oe:player:807720aa4d1cb40b3d5991c2646d38e,Simple,oe:team:f6f46fec64efaa34b25700ce7a88e44,Frank Esports Academy,sup,2024-04-04,2,221.41363918,349.33520656,-1.09621812
oe:player:807720aa4d1cb40b3d5991c2646d38e,Simple,oe:team:f6f46fec64efaa34b25700ce7a88e44,Frank Esports Academy,sup,2024-04-10,3,358.83677674,253.24610481,0.90485452
oe:player:807720aa4d1cb40b3d5991c2646d38e,Simple,oe:team:f6f46fec64efaa34b25700ce7a88e44,Frank Esports Academy,sup,2024-05-29,2,243.65717957,354.43395703,-0.95939077
oe:player:807720aa4d1cb40b3d5991c2646d38e,Simple,oe:team:f6f46fec64efaa34b25700ce7a88e44,Frank Esports Academy,sup,2024-05-30,1,344.73600000,452.23077268,-0.93096671
oe:player:807720aa4d1cb40b3d5991c2646d38e,Simple,oe:team:f6f46fec64efaa34b25700ce7a88e44,Frank Esports Academy,sup,2024-05-31,2,263.63783709,235.87512199,0.24044112
oe:player:807720aa4d1cb40b3d5991c2646d38e,Simple,oe:team:f6f46fec64efaa34b25700ce7a88e44,Frank Esports Academy,sup,2024-06-06,2,158.74144855,194.41833132,-0.30898238
oe:player:807720aa4d1cb40b3d5991c2646d38e,Simple,oe:team:f6f46fec64efaa34b25700ce7a88e44,Frank Esports Academy,sup,2024-06-07,2,170.17840425,285.60613734,-0.99967072
oe:player:807720aa4d1cb40b3d5991c2646d38e,Simple,oe:team:f6f46fec64efaa34b25700ce7a88e44,Frank Esports Academy,sup,2024-06-12,2,264.14408885,305.03897272,-0.35417327
oe:player:807720aa4d1cb40b3d5991c2646d38e,Simple,oe:team:f6f46fec64efaa34b25700ce7a88e44,Frank Esports Academy,sup,2024-06-13,2,313.77568181,398.32545061,-0.73224975
oe:player:807720aa4d1cb40b3d5991c2646d38e,Simple,oe:team:f6f46fec64efaa34b25700ce7a88e44,Frank Esports Academy,sup,2024-06-14,2,728.01257009,452.08925152,2.31343504
oe:player:807720aa4d1cb40b3d5991c2646d38e,Simple,oe:team:f6f46fec64efaa34b25700ce7a88e44,Frank Esports Academy,sup,2024-06-19,2,171.16319742,306.19966689,-1.13219173
oe:player:807720aa4d1cb40b3d5991c2646d38e,Simple,oe:team:f6f46fec64efaa34b25700ce7a88e44,Frank Esports Academy,sup,2024-06-21,1,224.31245965,373.05762472,-1.24713011
oe:player:807720aa4d1cb40b3d5991c2646d38e,Simple,oe:team:f6f46fec64efaa34b25700ce7a88e44,Frank Esports Academy,sup,2024-06-26,2,197.85832671,197.75189979,0.00089232
oe:player:807720aa4d1cb40b3d5991c2646d38e,Simple,oe:team:f6f46fec64efaa34b25700ce7a88e44,Frank Esports Academy,sup,2024-06-27,2,291.98284471,324.30375678,-0.27098953
oe:player:807720aa4d1cb40b3d5991c2646d38e,Simple,oe:team:f6f46fec64efaa34b25700ce7a88e44,Frank Esports Academy,sup,2024-07-09,2,265.76243135,323.80617035,-0.48665847
oe:player:807720aa4d1cb40b3d5991c2646d38e,Simple,oe:team:f6f46fec64efaa34b25700ce7a88e44,Frank Esports Academy,sup,2024-07-10,3,182.53086126,322.93653390,-1.13381036
oe:player:807720aa4d1cb40b3d5991c2646d38e,Simple,oe:team:f6f46fec64efaa34b25700ce7a88e44,Frank Esports Academy,sup,2024-07-24,2,213.72760431,240.00068262,-0.21216157
oe:player:807720aa4d1cb40b3d5991c2646d38e,Simple,oe:team:f6f46fec64efaa34b25700ce7a88e44,Frank Esports Academy,sup,2024-07-25,2,242.31598143,330.63981077,-0.71323666
oe:player:807720aa4d1cb40b3d5991c2646d38e,Simple,oe:team:f6f46fec64efaa34b25700ce7a88e44,Frank Esports Academy,sup,2024-07-31,2,179.23019553,193.76012607,-0.11733277
oe:player:807720aa4d1cb40b3d5991c2646d38e,Simple,oe:team:f6f46fec64efaa34b25700ce7a88e44,Frank Esports Academy,sup,2024-08-04,5,506.75123416,362.93836037,1.16132435
oe:player:841a33657841e55eb6b68b86de53af9,Bruce,oe:team:68c346d1a5284be386b75f84d76b27d,AXIZ CREST Academy,jng,2024-03-25,2,465.13790882,375.14863088,0.42538138
oe:player:841a33657841e55eb6b68b86de53af9,Bruce,oe:team:68c346d1a5284be386b75f84d76b27d,AXIZ CREST Academy,jng,2024-03-26,2,529.01350910,438.70795805,0.42687641
oe:player:841a978d22c2c8dcd749d2f815ba823,BiIIy,oe:team:2d2d70decb08dfb9bd23327e33e4198,CTBC Flying Oyster Academy,jng,2024-03-22,2,237.72026011,352.36334794,-0.54192051
oe:player:841a978d22c2c8dcd749d2f815ba823,BiIIy,oe:team:2d2d70decb08dfb9bd23327e33e4198,CTBC Flying Oyster Academy,jng,2024-03-25,2,385.82562214,370.46296743,0.07261962
oe:player:841a978d22c2c8dcd749d2f815ba823,BiIIy,oe:team:2d2d70decb08dfb9bd23327e33e4198,CTBC Flying Oyster Academy,jng,2024-03-26,2,515.80164239,415.38903239,0.47465271
oe:player:841a978d22c2c8dcd749d2f815ba823,BiIIy,oe:team:2d2d70decb08dfb9bd23327e33e4198,CTBC Flying Oyster Academy,jng,2024-04-03,2,472.80568674,449.07950096,0.11215422
oe:player:841a978d22c2c8dcd749d2f815ba823,BiIIy,oe:team:2d2d70decb08dfb9bd23327e33e4198,CTBC Flying Oyster Academy,jng,2024-04-10,2,224.90987249,386.15513200,-0.76221004
oe:player:841a978d22c2c8dcd749d2f815ba823,BiIIy,oe:team:2d2d70decb08dfb9bd23327e33e4198,CTBC Flying Oyster Academy,jng,2024-04-14,4,227.94241939,360.18904361,-0.62513283
oe:player:895d3db68013fdd15321c3f5f784f6c,1jw,oe:team:a23eb8479b972c2ea103fa362b0b5d5,West Point Esports Academy,top,2024-03-26,2,765.30199260,705.93387061,0.26196032
oe:player:895d3db68013fdd15321c3f5f784f6c,1jw,oe:team:a23eb8479b972c2ea103fa362b0b5d5,West Point Esports Academy,top,2024-03-29,2,523.15600404,622.53302419,-0.43849857
oe:player:8c730b10e2b23f98f9bbd735daa9a40,HotPot,oe:team:672aa1aa4e9ac51d56830a3652dbc8b,Hungkuang Falcon (弘光獵鷹),jng,2024-06-06,2,1108.96199169,476.19708841,3.08356078
oe:player:8c730b10e2b23f98f9bbd735daa9a40,HotPot,oe:team:672aa1aa4e9ac51d56830a3652dbc8b,Hungkuang Falcon (弘光獵鷹),jng,2024-06-07,2,472.60521932,481.32170117,-0.04247676
oe:player:8c730b10e2b23f98f9bbd735daa9a40,HotPot,oe:team:672aa1aa4e9ac51d56830a3652dbc8b,Hungkuang Falcon (弘光獵鷹),jng,2024-06-13,2,948.85022896,442.13356531,2.46930830
oe:player:8c730b10e2b23f98f9bbd735daa9a40,HotPot,oe:team:672aa1aa4e9ac51d56830a3652dbc8b,Hungkuang Falcon (弘光獵鷹),jng,2024-06-14,2,341.05148741,539.17633501,-0.80749348
oe:player:8debac77f7c6101af768dc729323a67,Flauren,oe:team:60b05f35ec3d0e7ef1d475e9fb5cdbe,Deep Cross Gaming Academy,top,2024-05-30,2,788.70740036,670.44613022,0.51982299
oe:player:8debac77f7c6101af768dc729323a67,Flauren,oe:team:60b05f35ec3d0e7ef1d475e9fb5cdbe,Deep Cross Gaming Academy,top,2024-05-31,2,585.19919774,637.12948619,-0.22826203
oe:player:8debac77f7c6101af768dc729323a67,Flauren,oe:team:60b05f35ec3d0e7ef1d475e9fb5cdbe,Deep Cross Gaming Academy,top,2024-06-06,2,681.15681818,626.28097399,0.24120936
oe:player:8debac77f7c6101af768dc729323a67,Flauren,oe:team:60b05f35ec3d0e7ef1d475e9fb5cdbe,Deep Cross Gaming Academy,top,2024-06-07,2,511.37521124,600.33866611,-0.39104306
oe:player:8debac77f7c6101af768dc729323a67,Flauren,oe:team:60b05f35ec3d0e7ef1d475e9fb5cdbe,Deep Cross Gaming Academy,top,2024-06-13,2,668.60847353,608.54458117,0.26401367
oe:player:8debac77f7c6101af768dc729323a67,Flauren,oe:team:60b05f35ec3d0e7ef1d475e9fb5cdbe,Deep Cross Gaming Academy,top,2024-06-14,2,716.46759856,714.19910618,0.00991329
oe:player:8debac77f7c6101af768dc729323a67,Flauren,oe:team:60b05f35ec3d0e7ef1d475e9fb5cdbe,Deep Cross Gaming Academy,top,2024-06-20,2,665.29633162,692.33277766,-0.11814905
oe:player:8debac77f7c6101af768dc729323a67,Flauren,oe:team:60b05f35ec3d0e7ef1d475e9fb5cdbe,Deep Cross Gaming Academy,top,2024-06-21,2,667.82908118,669.92772750,-0.00917107
oe:player:8debac77f7c6101af768dc729323a67,Flauren,oe:team:60b05f35ec3d0e7ef1d475e9fb5cdbe,Deep Cross Gaming Academy,top,2024-06-26,2,858.01126415,716.50901127,0.61836371
oe:player:8debac77f7c6101af768dc729323a67,Flauren,oe:team:60b05f35ec3d0e7ef1d475e9fb5cdbe,Deep Cross Gaming Academy,top,2024-06-27,2,546.94976307,574.10453777,-0.11866615
oe:player:8debac77f7c6101af768dc729323a67,Flauren,oe:team:60b05f35ec3d0e7ef1d475e9fb5cdbe,Deep Cross Gaming Academy,top,2024-07-09,2,369.32336542,536.00237226,-0.72838592
oe:player:8debac77f7c6101af768dc729323a67,Flauren,oe:team:60b05f35ec3d0e7ef1d475e9fb5cdbe,Deep Cross Gaming Academy,top,2024-07-11,3,489.45312154,571.78513193,-0.34849252
oe:player:8debac77f7c6101af768dc729323a67,Flauren,oe:team:60b05f35ec3d0e7ef1d475e9fb5cdbe,Deep Cross Gaming Academy,top,2024-07-24,2,413.59435203,550.33419837,-0.57878842
oe:player:93288a4b3816c652fe295392e86b221,OverT1me,oe:team:60b05f35ec3d0e7ef1d475e9fb5cdbe,Deep Cross Gaming Academy,sup,2024-03-22,2,163.27250253,178.14252857,-0.12742802
oe:player:93288a4b3816c652fe295392e86b221,OverT1me,oe:team:60b05f35ec3d0e7ef1d475e9fb5cdbe,Deep Cross Gaming Academy,sup,2024-03-25,2,141.62538700,222.69636595,-0.69473411
oe:player:93288a4b3816c652fe295392e86b221,OverT1me,oe:team:60b05f35ec3d0e7ef1d475e9fb5cdbe,Deep Cross Gaming Academy,sup,2024-03-26,2,288.24338854,277.67915845,0.09052969
oe:player:93288a4b3816c652fe295392e86b221,OverT1me,oe:team:60b05f35ec3d0e7ef1d475e9fb5cdbe,Deep Cross Gaming Academy,sup,2024-04-03,2,360.98574768,304.79113710,0.48155719
oe:player:93288a4b3816c652fe295392e86b221,OverT1me,oe:team:60b05f35ec3d0e7ef1d475e9fb5cdbe,Deep Cross Gaming Academy,sup,2024-04-10,2,234.41737148,224.78301640,0.08256117
oe:player:93288a4b3816c652fe295392e86b221,OverT1me,oe:team:60b05f35ec3d0e7ef1d475e9fb5cdbe,Deep Cross Gaming Academy,sup,2024-05-30,2,418.08434984,268.13221802,1.29867192
oe:player:93288a4b3816c652fe295392e86b221,OverT1me,oe:team:60b05f35ec3d0e7ef1d475e9fb5cdbe,Deep Cross Gaming Academy,sup,2024-05-31,2,290.70794689,268.28623449,0.19418496
oe:player:93288a4b3816c652fe295392e86b221,OverT1me,oe:team:60b05f35ec3d0e7ef1d475e9fb5cdbe,Deep Cross Gaming Academy,sup,2024-06-06,2,345.27954545,246.90115837,0.85201356
oe:player:93288a4b3816c652fe295392e86b221,OverT1me,oe:team:60b05f35ec3d0e7ef1d475e9fb5cdbe,Deep Cross Gaming Academy,sup,2024-06-07,2,188.18265139,175.20126145,0.11242632
oe:player:93288a4b3816c652fe295392e86b221,OverT1me,oe:team:60b05f35ec3d0e7ef1d475e9fb5cdbe,Deep Cross Gaming Academy,sup,2024-06-13,2,267.82802382,257.52995138,0.08918725
oe:player:93288a4b3816c652fe295392e86b221,OverT1me,oe:team:60b05f35ec3d0e7ef1d475e9fb5cdbe,Deep Cross Gaming Academy,sup,2024-06-14,2,360.83627325,312.37613604,0.40630629
oe:player:93288a4b3816c652fe295392e86b221,OverT1me,oe:team:60b05f35ec3d0e7ef1d475e9fb5cdbe,Deep Cross Gaming Academy,sup,2024-06-20,2,255.15830888,245.21003602,0.08340971
oe:player:93288a4b3816c652fe295392e86b221,OverT1me,oe:team:60b05f35ec3d0e7ef1d475e9fb5cdbe,Deep Cross Gaming Academy,sup,2024-06-21,2,237.76651486,269.49915822,-0.26605729
oe:player:93288a4b3816c652fe295392e86b221,OverT1me,oe:team:60b05f35ec3d0e7ef1d475e9fb5cdbe,Deep Cross Gaming Academy,sup,2024-06-26,2,301.53456771,268.00599162,0.28111500
oe:player:93288a4b3816c652fe295392e86b221,OverT1me,oe:team:60b05f35ec3d0e7ef1d475e9fb5cdbe,Deep Cross Gaming Academy,sup,2024-06-27,2,191.16262430,184.68034579,0.05434963
oe:player:93288a4b3816c652fe295392e86b221,OverT1me,oe:team:60b05f35ec3d0e7ef1d475e9fb5cdbe,Deep Cross Gaming Academy,sup,2024-07-09,2,214.57203799,148.40079729,0.55480221
oe:player:93288a4b3816c652fe295392e86b221,OverT1me,oe:team:60b05f35ec3d0e7ef1d475e9fb5cdbe,Deep Cross Gaming Academy,sup,2024-07-11,3,194.58367512,225.16355509,-0.24694006
oe:player:93288a4b3816c652fe295392e86b221,OverT1me,oe:team:60b05f35ec3d0e7ef1d475e9fb5cdbe,Deep Cross Gaming Academy,sup,2024-07-24,2,105.56455374,224.48824113,-0.96033805
oe:player:939c3714742dbcd5d98cc2e2e399750,HALdesu,oe:team:26de0e706bbdee6670640bb499d80a9,Burning Core Toyama Academy,jng,2024-05-30,2,148.19713907,348.43226913,-0.97577661
oe:player:939c3714742dbcd5d98cc2e2e399750,HALdesu,oe:team:26de0e706bbdee6670640bb499d80a9,Burning Core Toyama Academy,jng,2024-05-31,2,330.72996380,490.50443823,-0.77860561
oe:player:939c3714742dbcd5d98cc2e2e399750,HALdesu,oe:team:26de0e706bbdee6670640bb499d80a9,Burning Core Toyama Academy,jng,2024-06-06,2,90.83838192,357.96778358,-1.30176269
oe:player:939c3714742dbcd5d98cc2e2e399750,HALdesu,oe:team:26de0e706bbdee6670640bb499d80a9,Burning Core Toyama Academy,jng,2024-06-07,2,202.45121951,473.82003678,-1.32242202
oe:player:939c3714742dbcd5d98cc2e2e399750,HALdesu,oe:team:26de0e706bbdee6670640bb499d80a9,Burning Core Toyama Academy,jng,2024-06-13,2,379.90188305,430.62227289,-0.24716827
oe:player:939c3714742dbcd5d98cc2e2e399750,HALdesu,oe:team:26de0e706bbdee6670640bb499d80a9,Burning Core Toyama Academy,jng,2024-06-14,2,380.65691208,302.18478973,0.31982726
oe:player:939c3714742dbcd5d98cc2e2e399750,HALdesu,oe:team:26de0e706bbdee6670640bb499d80a9,Burning Core Toyama Academy,jng,2024-06-20,2,363.91819256,362.30579358,0.00657162
oe:player:939c3714742dbcd5d98cc2e2e399750,HALdesu,oe:team:26de0e706bbdee6670640bb499d80a9,Burning Core Toyama Academy,jng,2024-06-21,2,530.65144083,316.14850811,0.87424531
oe:player:939c3714742dbcd5d98cc2e2e399750,HALdesu,oe:team:26de0e706bbdee6670640bb499d80a9,Burning Core Toyama Academy,jng,2024-06-26,2,252.86730784,258.92616014,-0.02469394
oe:player:939c3714742dbcd5d98cc2e2e399750,HALdesu,oe:team:26de0e706bbdee6670640bb499d80a9,Burning Core Toyama Academy,jng,2024-06-27,3,269.46654840,402.85245620,-0.54363828
oe:player:96b321ccfb3e1708faa11c718ac8bbf,Gaeul,oe:team:f6f46fec64efaa34b25700ce7a88e44,Frank Esports Academy,jng,2024-03-22,2,263.16548179,422.27132329,-0.75209696
oe:player:96b321ccfb3e1708faa11c718ac8bbf,Gaeul,oe:team:f6f46fec64efaa34b25700ce7a88e44,Frank Esports Academy,jng,2024-03-25,2,296.69760900,464.17826812,-0.79168492
oe:player:96b321ccfb3e1708faa11c718ac8bbf,Gaeul,oe:team:f6f46fec64efaa34b25700ce7a88e44,Frank Esports Academy,jng,2024-03-26,2,211.53742835,400.92848771,-0.89525588
oe:player:96b321ccfb3e1708faa11c718ac8bbf,Gaeul,oe:team:f6f46fec64efaa34b25700ce7a88e44,Frank Esports Academy,jng,2024-04-04,2,488.67407564,513.64944183,-0.11805913
oe:player:96b321ccfb3e1708faa11c718ac8bbf,Gaeul,oe:team:f6f46fec64efaa34b25700ce7a88e44,Frank Esports Academy,jng,2024-04-10,3,330.50040317,440.12027047,-0.51817563
oe:player:96b321ccfb3e1708faa11c718ac8bbf,Gaeul,oe:team:f6f46fec64efaa34b25700ce7a88e44,Frank Esports Academy,jng,2024-05-29,2,709.55983765,580.33068378,0.62975356
oe:player:96b321ccfb3e1708faa11c718ac8bbf,Gaeul,oe:team:f6f46fec64efaa34b25700ce7a88e44,Frank Esports Academy,jng,2024-05-30,1,482.49600000,619.68074125,-0.66852236
oe:player:96b321ccfb3e1708faa11c718ac8bbf,Gaeul,oe:team:f6f46fec64efaa34b25700ce7a88e44,Frank Esports Academy,jng,2024-05-31,2,984.79962124,439.39310895,2.65784989
oe:player:96b321ccfb3e1708faa11c718ac8bbf,Gaeul,oe:team:f6f46fec64efaa34b25700ce7a88e44,Frank Esports Academy,jng,2024-06-06,2,417.19377086,418.23293823,-0.00506402
oe:player:96b321ccfb3e1708faa11c718ac8bbf,Gaeul,oe:team:f6f46fec64efaa34b25700ce7a88e44,Frank Esports Academy,jng,2024-06-07,2,759.99352891,544.14489927,1.05186360
oe:player:96b321ccfb3e1708faa11c718ac8bbf,Gaeul,oe:team:f6f46fec64efaa34b25700ce7a88e44,Frank Esports Academy,jng,2024-06-12,2,1147.36651888,516.27921746,3.07538556
oe:player:96b321ccfb3e1708faa11c718ac8bbf,Gaeul,oe:team:f6f46fec64efaa34b25700ce7a88e44,Frank Esports Academy,jng,2024-06-13,2,916.89528585,589.56485871,1.59513156
oe:player:96b321ccfb3e1708faa11c718ac8bbf,Gaeul,oe:team:f6f46fec64efaa34b25700ce7a88e44,Frank Esports Academy,jng,2024-06-14,2,523.17781681,635.95431104,-0.45964090
oe:player:96b321ccfb3e1708faa11c718ac8bbf,Gaeul,oe:team:f6f46fec64efaa34b25700ce7a88e44,Frank Esports Academy,jng,2024-06-19,2,667.95730806,648.24505246,0.08034085
oe:player:96b321ccfb3e1708faa11c718ac8bbf,Gaeul,oe:team:f6f46fec64efaa34b25700ce7a88e44,Frank Esports Academy,jng,2024-06-21,2,625.53994636,593.65518835,0.12995207
oe:player:96b321ccfb3e1708faa11c718ac8bbf,Gaeul,oe:team:f6f46fec64efaa34b25700ce7a88e44,Frank Esports Academy,jng,2024-06-26,2,769.39970191,435.05049213,1.36270039
oe:player:96b321ccfb3e1708faa11c718ac8bbf,Gaeul,oe:team:f6f46fec64efaa34b25700ce7a88e44,Frank Esports Academy,jng,2024-06-27,2,545.11387953,561.14209106,-0.06532586
oe:player:96b321ccfb3e1708faa11c718ac8bbf,Gaeul,oe:team:f6f46fec64efaa34b25700ce7a88e44,Frank Esports Academy,jng,2024-07-09,2,569.70061057,483.53961514,0.35116465
oe:player:96b321ccfb3e1708faa11c718ac8bbf,Gaeul,oe:team:f6f46fec64efaa34b25700ce7a88e44,Frank Esports Academy,jng,2024-07-10,3,561.74579855,533.32304698,0.11706763
oe:player:96b321ccfb3e1708faa11c718ac8bbf,Gaeul,oe:team:f6f46fec64efaa34b25700ce7a88e44,Frank Esports Academy,jng,2024-07-24,2,439.66911301,501.04661623,-0.25280166
oe:player:96b321ccfb3e1708faa11c718ac8bbf,Gaeul,oe:team:f6f46fec64efaa34b25700ce7a88e44,Frank Esports Academy,jng,2024-07-25,2,536.60490206,508.34238788,0.11640764
oe:player:96b321ccfb3e1708faa11c718ac8bbf,Gaeul,oe:team:f6f46fec64efaa34b25700ce7a88e44,Frank Esports Academy,jng,2024-07-31,2,373.51967883,405.89242651,-0.13333687
oe:player:96b321ccfb3e1708faa11c718ac8bbf,Gaeul,oe:team:f6f46fec64efaa34b25700ce7a88e44,Frank Esports Academy,jng,2024-08-04,5,1006.53012413,588.22063247,1.72293313
oe:player:96b321ccfb3e1708faa11c718ac8bbf,Gaeul,oe:team:f6f46fec64efaa34b25700ce7a88e44,Frank Esports Academy,top,2024-05-30,1,1036.05442177,774.83547520,1.14820019
oe:player:977c08d9110a920f640e0ff946696fb,Ham,oe:team:845f7165c7cdaad9d2a2d764375d0df,DetonatioN FocusMe Academy,jng,2024-03-22,2,363.10384137,426.42791869,-0.29933437
oe:player:977c08d9110a920f640e0ff946696fb,Ham,oe:team:845f7165c7cdaad9d2a2d764375d0df,DetonatioN FocusMe Academy,jng,2024-03-25,2,238.38006634,365.08722761,-0.59894766
oe:player:977c08d9110a920f640e0ff946696fb,Ham,oe:team:845f7165c7cdaad9d2a2d764375d0df,DetonatioN FocusMe Academy,jng,2024-03-26,2,303.65891860,298.24129509,0.02560923
oe:player:977c08d9110a920f640e0ff946696fb,Ham,oe:team:845f7165c7cdaad9d2a2d764375d0df,DetonatioN FocusMe Academy,jng,2024-05-30,2,287.53170068,307.86285966,-0.09907687
oe:player:977c08d9110a920f640e0ff946696fb,Ham,oe:team:845f7165c7cdaad9d2a2d764375d0df,DetonatioN FocusMe Academy,jng,2024-05-31,2,383.56192000,347.62116990,0.17514481
oe:player:977c08d9110a920f640e0ff946696fb,Ham,oe:team:845f7165c7cdaad9d2a2d764375d0df,DetonatioN FocusMe Academy,jng,2024-06-05,2,352.33973871,411.76849027,-0.28960545
oe:player:977c08d9110a920f640e0ff946696fb,Ham,oe:team:845f7165c7cdaad9d2a2d764375d0df,DetonatioN FocusMe Academy,jng,2024-06-06,2,192.56023356,377.67910049,-0.90211273
oe:player:977c08d9110a920f640e0ff946696fb,Ham,oe:team:845f7165c7cdaad9d2a2d764375d0df,DetonatioN FocusMe Academy,jng,2024-06-07,2,356.62462726,334.49628909,0.10783480
oe:player:977c08d9110a920f640e0ff946696fb,Ham,oe:team:845f7165c7cdaad9d2a2d764375d0df,DetonatioN FocusMe Academy,jng,2024-06-12,2,303.69397806,237.20669296,0.32400277
oe:player:977c08d9110a920f640e0ff946696fb,Ham,oe:team:845f7165c7cdaad9d2a2d764375d0df,DetonatioN FocusMe Academy,jng,2024-06-13,2,394.04492987,315.63569891,0.38210025
oe:player:977c08d9110a920f640e0ff946696fb,Ham,oe:team:845f7165c7cdaad9d2a2d764375d0df,DetonatioN FocusMe Academy,jng,2024-06-19,2,262.03407460,298.97271007,-0.15055006
oe:player:977c08d9110a920f640e0ff946696fb,Ham,oe:team:845f7165c7cdaad9d2a2d764375d0df,DetonatioN FocusMe Academy,jng,2024-06-20,2,326.59169593,423.57814402,-0.39528573
oe:player:977c08d9110a920f640e0ff946696fb,Ham,oe:team:845f7165c7cdaad9d2a2d764375d0df,DetonatioN FocusMe Academy,jng,2024-06-21,2,272.11212262,270.38474264,0.00704025
oe:player:977c08d9110a920f640e0ff946696fb,Ham,oe:team:845f7165c7cdaad9d2a2d764375d0df,DetonatioN FocusMe Academy,jng,2024-06-26,2,343.31994882,377.98414078,-0.14128015
oe:player:977c08d9110a920f640e0ff946696fb,Ham,oe:team:845f7165c7cdaad9d2a2d764375d0df,DetonatioN FocusMe Academy,jng,2024-06-27,2,559.36193055,362.29034022,0.80320074
oe:player:9820f8d5b4978685037408423cacd0b,1buki,oe:team:e03a850dd5c4b5029e75de77a2afb98,Sengoku Gaming Academy,mid,2024-03-22,2,751.99812212,768.07680488,-0.06470231
oe:player:9820f8d5b4978685037408423cacd0b,1buki,oe:team:e03a850dd5c4b5029e75de77a2afb98,Sengoku Gaming Academy,mid,2024-03-25,2,475.69222811,677.79964310,-0.81330154
oe:player:9820f8d5b4978685037408423cacd0b,1buki,oe:team:e03a850dd5c4b5029e75de77a2afb98,Sengoku Gaming Academy,mid,2024-03-26,2,566.40688201,624.50792647,-0.23380473
oe:player:99c4b05837cdfd7ba89771b06fa60b6,bemine,oe:team:435f9b3d0b3ae3b58516d7bd843a988,Chienhsin Bear (健行熊),jng,2024-03-22,2,284.37726228,470.34661373,-0.87908139
oe:player:99c4b05837cdfd7ba89771b06fa60b6,bemine,oe:team:435f9b3d0b3ae3b58516d7bd843a988,Chienhsin Bear (健行熊),jng,2024-03-25,2,378.05924530,482.25931820,-0.49255614
oe:player:99c4b05837cdfd7ba89771b06fa60b6,bemine,oe:team:435f9b3d0b3ae3b58516d7bd843a988,Chienhsin Bear (健行熊),jng,2024-03-26,2,811.87996379,503.33224771,1.45851213
oe:player:99c4b05837cdfd7ba89771b06fa60b6,bemine,oe:team:435f9b3d0b3ae3b58516d7bd843a988,Chienhsin Bear (健行熊),jng,2024-05-30,1,693.27348066,506.41447969,0.91059268
oe:player:99c4b05837cdfd7ba89771b06fa60b6,bemine,oe:team:435f9b3d0b3ae3b58516d7bd843a988,Chienhsin Bear (健行熊),jng,2024-07-09,2,344.45969445,527.77647333,-0.74714053
oe:player:99c4b05837cdfd7ba89771b06fa60b6,bemine,oe:team:435f9b3d0b3ae3b58516d7bd843a988,Chienhsin Bear (健行熊),jng,2024-07-10,1,510.20297700,570.56127007,-0.24860374
oe:player:99c4b05837cdfd7ba89771b06fa60b6,bemine,oe:team:435f9b3d0b3ae3b58516d7bd843a988,Chienhsin Bear (健行熊),jng,2024-07-11,1,259.12187737,495.58689668,-0.97395212
oe:player:99c4b05837cdfd7ba89771b06fa60b6,bemine,oe:team:435f9b3d0b3ae3b58516d7bd843a988,Chienhsin Bear (健行熊),sup,2024-06-07,2,250.34788190,259.60775539,-0.08019584
oe:player:9b905727ae55ceab6b32ed5c009093b,Lo33v,oe:team:9114fb0f268de0d260acfef5fd97ef6,TNU Eagle (東南飛鷹),bot,2024-03-25,2,944.14430981,670.07956981,1.02190987
oe:player:9b905727ae55ceab6b32ed5c009093b,Lo33v,oe:team:9114fb0f268de0d260acfef5fd97ef6,TNU Eagle (東南飛鷹),bot,2024-03-26,2,542.26199310,731.57594600,-0.70589817
oe:player:9b905727ae55ceab6b32ed5c009093b,Lo33v,oe:team:9114fb0f268de0d260acfef5fd97ef6,TNU Eagle (東南飛鷹),bot,2024-03-29,2,1147.34288056,706.00265256,1.64563284
oe:player:9b905727ae55ceab6b32ed5c009093b,Lo33v,oe:team:9114fb0f268de0d260acfef5fd97ef6,TNU Eagle (東南飛鷹),bot,2024-04-04,2,372.05413068,601.40830179,-0.85519681
oe:player:9b905727ae55ceab6b32ed5c009093b,Lo33v,oe:team:9114fb0f268de0d260acfef5fd97ef6,TNU Eagle (東南飛鷹),bot,2024-05-29,2,605.93107651,664.72685847,-0.21255164
oe:player:9b905727ae55ceab6b32ed5c009093b,Lo33v,oe:team:9114fb0f268de0d260acfef5fd97ef6,TNU Eagle (東南飛鷹),bot,2024-05-30,1,672.60563380,613.12029199,0.21504446
oe:player:9b905727ae55ceab6b32ed5c009093b,Lo33v,oe:team:9114fb0f268de0d260acfef5fd97ef6,TNU Eagle (東南飛鷹),bot,2024-05-31,2,791.93222692,765.40601180,0.09589447
oe:player:9b905727ae55ceab6b32ed5c009093b,Lo33v,oe:team:9114fb0f268de0d260acfef5fd97ef6,TNU Eagle (東南飛鷹),bot,2024-06-05,2,678.30139963,711.13418459,-0.11869325
oe:player:9b905727ae55ceab6b32ed5c009093b,Lo33v,oe:team:9114fb0f268de0d260acfef5fd97ef6,TNU Eagle (東南飛鷹),bot,2024-06-06,2,946.91230829,815.00087714,0.47687079
oe:player:9b905727ae55ceab6b32ed5c009093b,Lo33v,oe:team:9114fb0f268de0d260acfef5fd97ef6,TNU Eagle (東南飛鷹),bot,2024-06-12,2,634.81149447,646.97274271,-0.04396392
oe:player:9b905727ae55ceab6b32ed5c009093b,Lo33v,oe:team:9114fb0f268de0d260acfef5fd97ef6,TNU Eagle (東南飛鷹),bot,2024-06-13,2,558.48476231,634.46736483,-0.27468343
oe:player:9b905727ae55ceab6b32ed5c009093b,Lo33v,oe:team:9114fb0f268de0d260acfef5fd97ef6,TNU Eagle (東南飛鷹),bot,2024-06-14,2,927.85978218,750.34922503,0.65678179
oe:player:9b905727ae55ceab6b32ed5c009093b,Lo33v,oe:team:9114fb0f268de0d260acfef5fd97ef6,TNU Eagle (東南飛鷹),bot,2024-06-19,2,1201.91604853,789.69322551,1.52520757
oe:player:9b905727ae55ceab6b32ed5c009093b,Lo33v,oe:team:9114fb0f268de0d260acfef5fd97ef6,TNU Eagle (東南飛鷹),bot,2024-06-20,2,863.14985003,730.85167909,0.48949782
oe:player:9b905727ae55ceab6b32ed5c009093b,Lo33v,oe:team:9114fb0f268de0d260acfef5fd97ef6,TNU Eagle (東南飛鷹),bot,2024-06-21,2,708.39643505,714.77123869,-0.02358651
oe:player:9c8628eaaaa5b232d1871f64c00e118,Roger,oe:team:9114fb0f268de0d260acfef5fd97ef6,TNU Eagle (東南飛鷹),mid,2024-03-25,2,704.27679110,696.42455745,0.03159822
oe:player:9c8628eaaaa5b232d1871f64c00e118,Roger,oe:team:9114fb0f268de0d260acfef5fd97ef6,TNU Eagle (東南飛鷹),mid,2024-03-26,2,813.34792845,721.39541677,0.37002660
oe:player:9c8628eaaaa5b232d1871f64c00e118,Roger,oe:team:9114fb0f268de0d260acfef5fd97ef6,TNU Eagle (東南飛鷹),mid,2024-03-29,2,780.02174226,662.99631743,0.47092264
oe:player:9c8628eaaaa5b232d1871f64c00e118,Roger,oe:team:9114fb0f268de0d260acfef5fd97ef6,TNU Eagle (東南飛鷹),mid,2024-04-04,2,601.65824696,598.16874139,0.01404214
oe:player:9c8628eaaaa5b232d1871f64c00e118,Roger,oe:team:9114fb0f268de0d260acfef5fd97ef6,TNU Eagle (東南飛鷹),mid,2024-06-13,2,719.17548263,635.18110468,0.34527530
oe:player:9c8628eaaaa5b232d1871f64c00e118,Roger,oe:team:9114fb0f268de0d260acfef5fd97ef6,TNU Eagle (東南飛鷹),mid,2024-06-14,2,729.21993233,769.95775090,-0.17084119
oe:player:9c8628eaaaa5b232d1871f64c00e118,Roger,oe:team:9114fb0f268de0d260acfef5fd97ef6,TNU Eagle (東南飛鷹),mid,2024-06-19,2,1025.18722527,794.40886326,0.96780953
oe:player:9c8628eaaaa5b232d1871f64c00e118,Roger,oe:team:9114fb0f268de0d260acfef5fd97ef6,TNU Eagle (東南飛鷹),mid,2024-06-20,2,819.16978425,775.16646180,0.18453565
oe:player:9c8628eaaaa5b232d1871f64c00e118,Roger,oe:team:9114fb0f268de0d260acfef5fd97ef6,TNU Eagle (東南飛鷹),mid,2024-06-21,2,771.08203866,747.12839371,0.10045381
oe:player:9e11037b16ab77d83b365a9b4a07342,chen,oe:team:b5601001b160034bf0e83899338f6df,International Esports Industry Center,jng,2024-04-03,2,390.24355288,327.41304977,0.29700123
oe:player:a179853ac2a0832657b9de8b9ba0020,HongQ,oe:team:2d2d70decb08dfb9bd23327e33e4198,CTBC Flying Oyster Academy,mid,2024-03-22,2,562.76637138,661.80381286,-0.39853710
oe:player:a179853ac2a0832657b9de8b9ba0020,HongQ,oe:team:2d2d70decb08dfb9bd23327e33e4198,CTBC Flying Oyster Academy,mid,2024-03-25,2,1048.36973339,648.02195174,1.61104166
oe:player:a179853ac2a0832657b9de8b9ba0020,HongQ,oe:team:2d2d70decb08dfb9bd23327e33e4198,CTBC Flying Oyster Academy,mid,2024-03-26,2,727.64856922,611.23451614,0.46846242
oe:player:a179853ac2a0832657b9de8b9ba0020,HongQ,oe:team:2d2d70decb08dfb9bd23327e33e4198,CTBC Flying Oyster Academy,mid,2024-04-03,2,1054.58955964,697.62350517,1.43646902
oe:player:a179853ac2a0832657b9de8b9ba0020,HongQ,oe:team:2d2d70decb08dfb9bd23327e33e4198,CTBC Flying Oyster Academy,mid,2024-04-10,2,557.85004082,611.48964890,-0.21585144
oe:player:a179853ac2a0832657b9de8b9ba0020,HongQ,oe:team:2d2d70decb08dfb9bd23327e33e4198,CTBC Flying Oyster Academy,mid,2024-04-14,4,831.56396475,586.29305802,0.98699598
oe:player:a179853ac2a0832657b9de8b9ba0020,HongQ,oe:team:2d2d70decb08dfb9bd23327e33e4198,CTBC Flying Oyster Academy,mid,2024-05-29,2,814.16677185,712.92936149,0.41615616
oe:player:a179853ac2a0832657b9de8b9ba0020,HongQ,oe:team:2d2d70decb08dfb9bd23327e33e4198,CTBC Flying Oyster Academy,mid,2024-05-30,1,1177.60563380,694.35784737,1.98648446
oe:player:a179853ac2a0832657b9de8b9ba0020,HongQ,oe:team:2d2d70decb08dfb9bd23327e33e4198,CTBC Flying Oyster Academy,mid,2024-06-05,2,859.01849212,713.21152612,0.59936803
oe:player:a179853ac2a0832657b9de8b9ba0020,HongQ,oe:team:2d2d70decb08dfb9bd23327e33e4198,CTBC Flying Oyster Academy,mid,2024-06-06,2,812.52211061,709.73362199,0.42253217
oe:player:a179853ac2a0832657b9de8b9ba0020,HongQ,oe:team:2d2d70decb08dfb9bd23327e33e4198,CTBC Flying Oyster Academy,mid,2024-06-07,2,759.83809589,788.39113778,-0.11737286
oe:player:a1c175a614f82dc15c772d4677442b7,Taiyaki,oe:team:26de0e706bbdee6670640bb499d80a9,Burning Core Toyama Academy,top,2024-06-06,2,259.60188327,521.16109580,-1.14969585
oe:player:a1c175a614f82dc15c772d4677442b7,Taiyaki,oe:team:26de0e706bbdee6670640bb499d80a9,Burning Core Toyama Academy,top,2024-06-07,2,335.82541720,626.84303463,-1.27918165
oe:player:a214c0e659e36eb1194137976cab361,Kerry,oe:team:672aa1aa4e9ac51d56830a3652dbc8b,Hungkuang Falcon (弘光獵鷹),sup,2024-03-22,2,162.36980810,267.98935436,-0.90510195
oe:player:a214c0e659e36eb1194137976cab361,Kerry,oe:team:672aa1aa4e9ac51d56830a3652dbc8b,Hungkuang Falcon (弘光獵鷹),sup,2024-03-25,2,166.98054383,233.74628175,-0.57214599
oe:player:a214c0e659e36eb1194137976cab361,Kerry,oe:team:672aa1aa4e9ac51d56830a3652dbc8b,Hungkuang Falcon (弘光獵鷹),sup,2024-03-26,2,162.05123885,228.62500030,-0.57050086
oe:player:a214c0e659e36eb1194137976cab361,Kerry,oe:team:672aa1aa4e9ac51d56830a3652dbc8b,Hungkuang Falcon (弘光獵鷹),sup,2024-03-29,2,205.04649354,275.89888406,-0.60716637
oe:player:a47f435a46e32d2567f7af69f9dc20d,XiaoXiang,oe:team:60b05f35ec3d0e7ef1d475e9fb5cdbe,Deep Cross Gaming Academy,mid,2024-05-30,2,820.70384968,698.16733312,0.50371030
oe:player:a47f435a46e32d2567f7af69f9dc20d,XiaoXiang,oe:team:60b05f35ec3d0e7ef1d475e9fb5cdbe,Deep Cross Gaming Academy,mid,2024-05-31,2,634.79969111,746.12380654,-0.45761953
oe:player:a47f435a46e32d2567f7af69f9dc20d,XiaoXiang,oe:team:60b05f35ec3d0e7ef1d475e9fb5cdbe,Deep Cross Gaming Academy,mid,2024-06-06,2,558.41363636,673.41253239,-0.47272543
oe:player:a47f435a46e32d2567f7af69f9dc20d,XiaoXiang,oe:team:60b05f35ec3d0e7ef1d475e9fb5cdbe,Deep Cross Gaming Academy,mid,2024-06-07,2,583.29017191,594.33827598,-0.04541539
oe:player:a47f435a46e32d2567f7af69f9dc20d,XiaoXiang,oe:team:60b05f35ec3d0e7ef1d475e9fb5cdbe,Deep Cross Gaming Academy,mid,2024-06-13,2,681.56873081,652.03456633,0.12140595
oe:player:a47f435a46e32d2567f7af69f9dc20d,XiaoXiang,oe:team:60b05f35ec3d0e7ef1d475e9fb5cdbe,Deep Cross Gaming Academy,mid,2024-06-14,2,858.69088711,730.72231549,0.53665865
oe:player:a47f435a46e32d2567f7af69f9dc20d,XiaoXiang,oe:team:60b05f35ec3d0e7ef1d475e9fb5cdbe,Deep Cross Gaming Academy,mid,2024-06-20,2,745.87491746,736.81627428,0.03798901
oe:player:a47f435a46e32d2567f7af69f9dc20d,XiaoXiang,oe:team:60b05f35ec3d0e7ef1d475e9fb5cdbe,Deep Cross Gaming Academy,mid,2024-06-21,2,572.20689998,746.96726556,-0.73288824
oe:player:a47f435a46e32d2567f7af69f9dc20d,XiaoXiang,oe:team:60b05f35ec3d0e7ef1d475e9fb5cdbe,Deep Cross Gaming Academy,mid,2024-06-26,2,611.36466579,678.22133778,-0.28037518
oe:player:a47f435a46e32d2567f7af69f9dc20d,XiaoXiang,oe:team:60b05f35ec3d0e7ef1d475e9fb5cdbe,Deep Cross Gaming Academy,mid,2024-06-27,2,586.28925527,613.44516566,-0.11388307
oe:player:a47f435a46e32d2567f7af69f9dc20d,XiaoXiang,oe:team:60b05f35ec3d0e7ef1d475e9fb5cdbe,Deep Cross Gaming Academy,mid,2024-07-09,2,483.07860155,524.62081729,-0.17421457
oe:player:a47f435a46e32d2567f7af69f9dc20d,XiaoXiang,oe:team:60b05f35ec3d0e7ef1d475e9fb5cdbe,Deep Cross Gaming Academy,mid,2024-07-11,3,355.91101931,699.17263257,-1.42510506
oe:player:a47f435a46e32d2567f7af69f9dc20d,XiaoXiang,oe:team:60b05f35ec3d0e7ef1d475e9fb5cdbe,Deep Cross Gaming Academy,mid,2024-07-24,2,605.42187345,641.99849879,-0.15185366
oe:player:a73f28875ffc1ad55a8f4aff90bcc04,Devoured,oe:team:a23eb8479b972c2ea103fa362b0b5d5,West Point Esports Academy,jng,2024-03-22,2,478.27397053,518.09564209,-0.18823796
oe:player:a73f28875ffc1ad55a8f4aff90bcc04,Devoured,oe:team:a23eb8479b972c2ea103fa362b0b5d5,West Point Esports Academy,jng,2024-03-25,2,812.66695274,588.60309987,1.05915497
oe:player:a73f28875ffc1ad55a8f4aff90bcc04,Devoured,oe:team:a23eb8479b972c2ea103fa362b0b5d5,West Point Esports Academy,jng,2024-03-26,2,380.05182337,517.50784762,-0.64975778
oe:player:a73f28875ffc1ad55a8f4aff90bcc04,Devoured,oe:team:a23eb8479b972c2ea103fa362b0b5d5,West Point Esports Academy,jng,2024-03-29,2,467.66759587,485.29828200,-0.08334066
oe:player:a73f28875ffc1ad55a8f4aff90bcc04,Devoured,oe:team:a23eb8479b972c2ea103fa362b0b5d5,West Point Esports Academy,jng,2024-05-29,2,255.22108699,337.68449405,-0.40185688
oe:player:a73f28875ffc1ad55a8f4aff90bcc04,Devoured,oe:team:a23eb8479b972c2ea103fa362b0b5d5,West Point Esports Academy,jng,2024-05-30,2,520.61092968,437.78132447,0.40364142
oe:player:a73f28875ffc1ad55a8f4aff90bcc04,Devoured,oe:team:a23eb8479b972c2ea103fa362b0b5d5,West Point Esports Academy,jng,2024-05-31,2,710.04603958,589.42031952,0.58782770
oe:player:a73f28875ffc1ad55a8f4aff90bcc04,Devoured,oe:team:a23eb8479b972c2ea103fa362b0b5d5,West Point Esports Academy,jng,2024-06-05,2,508.86047480,514.92917673,-0.02957372
oe:player:a73f28875ffc1ad55a8f4aff90bcc04,Devoured,oe:team:a23eb8479b972c2ea103fa362b0b5d5,West Point Esports Academy,jng,2024-06-06,2,792.30980464,552.84077306,1.16696945
oe:player:a73f28875ffc1ad55a8f4aff90bcc04,Devoured,oe:team:a23eb8479b972c2ea103fa362b0b5d5,West Point Esports Academy,jng,2024-06-07,2,883.91843735,383.54448363,2.43839930
oe:player:a73f28875ffc1ad55a8f4aff90bcc04,Devoured,oe:team:a23eb8479b972c2ea103fa362b0b5d5,West Point Esports Academy,jng,2024-06-13,2,695.36589980,417.09247797,1.35606922
oe:player:a73f28875ffc1ad55a8f4aff90bcc04,Devoured,oe:team:a23eb8479b972c2ea103fa362b0b5d5,West Point Esports Academy,jng,2024-06-14,2,717.50627825,491.94172311,0.91932895
oe:player:a73f28875ffc1ad55a8f4aff90bcc04,Devoured,oe:team:a23eb8479b972c2ea103fa362b0b5d5,West Point Esports Academy,jng,2024-06-19,2,769.22539666,592.17910110,0.72158405
oe:player:a73f28875ffc1ad55a8f4aff90bcc04,Devoured,oe:team:a23eb8479b972c2ea103fa362b0b5d5,West Point Esports Academy,jng,2024-06-20,2,548.21601463,513.72611666,0.14056979
oe:player:a73f28875ffc1ad55a8f4aff90bcc04,Devoured,oe:team:a23eb8479b972c2ea103fa362b0b5d5,West Point Esports Academy,jng,2024-06-26,2,677.44466960,572.95395958,0.42587070
oe:player:a73f28875ffc1ad55a8f4aff90bcc04,Devoured,oe:team:a23eb8479b972c2ea103fa362b0b5d5,West Point Esports Academy,jng,2024-06-27,2,811.27941242,486.89103606,1.32210322
oe:player:a73f28875ffc1ad55a8f4aff90bcc04,Devoured,oe:team:a23eb8479b972c2ea103fa362b0b5d5,West Point Esports Academy,jng,2024-07-09,3,339.23644559,500.56971153,-0.65754277
oe:player:a73f28875ffc1ad55a8f4aff90bcc04,Devoured,oe:team:a23eb8479b972c2ea103fa362b0b5d5,West Point Esports Academy,jng,2024-07-10,2,311.32813591,461.49449027,-0.61850518
oe:player:a9264b1add014881c8d91609de2b7d6,Zkai,oe:team:7c1df37eb66c8c498b823787634c4bc,PSG Talon Academy,top,2024-03-22,2,495.67346604,582.78334026,-0.38437010
oe:player:a9264b1add014881c8d91609de2b7d6,Zkai,oe:team:7c1df37eb66c8c498b823787634c4bc,PSG Talon Academy,top,2024-03-25,2,447.61612227,531.64750953,-0.37078635
oe:player:a9264b1add014881c8d91609de2b7d6,Zkai,oe:team:7c1df37eb66c8c498b823787634c4bc,PSG Talon Academy,top,2024-03-26,2,725.93083753,651.51353050,0.32836447
oe:player:a9264b1add014881c8d91609de2b7d6,Zkai,oe:team:7c1df37eb66c8c498b823787634c4bc,PSG Talon Academy,top,2024-04-04,2,585.24324821,675.04234995,-0.39623625
oe:player:a9264b1add014881c8d91609de2b7d6,Zkai,oe:team:7c1df37eb66c8c498b823787634c4bc,PSG Talon Academy,top,2024-04-10,3,667.12968933,574.29028152,0.40965152
oe:player:a9264b1add014881c8d91609de2b7d6,Zkai,oe:team:7c1df37eb66c8c498b823787634c4bc,PSG Talon Academy,top,2024-04-14,4,496.94260547,554.36379462,-0.25336953
oe:player:a9264b1add014881c8d91609de2b7d6,Zkai,oe:team:7c1df37eb66c8c498b823787634c4bc,PSG Talon Academy,top,2024-05-30,2,652.89707370,710.92423765,-0.25506113
oe:player:a9264b1add014881c8d91609de2b7d6,Zkai,oe:team:7c1df37eb66c8c498b823787634c4bc,PSG Talon Academy,top,2024-05-31,2,769.11448294,724.56386569,0.19582434
oe:player:a9264b1add014881c8d91609de2b7d6,Zkai,oe:team:7c1df37eb66c8c498b823787634c4bc,PSG Talon Academy,top,2024-06-06,2,953.12080246,761.13934437,0.84386355
oe:player:a9264b1add014881c8d91609de2b7d6,Zkai,oe:team:7c1df37eb66c8c498b823787634c4bc,PSG Talon Academy,top,2024-06-07,2,744.93086099,643.72286864,0.44486450
oe:player:a9264b1add014881c8d91609de2b7d6,Zkai,oe:team:7c1df37eb66c8c498b823787634c4bc,PSG Talon Academy,top,2024-06-13,2,1208.29203605,802.42448390,1.78400995
oe:player:a9264b1add014881c8d91609de2b7d6,Zkai,oe:team:7c1df37eb66c8c498b823787634c4bc,PSG Talon Academy,top,2024-06-14,2,735.99804385,680.92122360,0.24068526
oe:player:a9264b1add014881c8d91609de2b7d6,Zkai,oe:team:7c1df37eb66c8c498b823787634c4bc,PSG Talon Academy,top,2024-06-20,2,739.52772569,699.44242443,0.17517245
oe:player:a9264b1add014881c8d91609de2b7d6,Zkai,oe:team:7c1df37eb66c8c498b823787634c4bc,PSG Talon Academy,top,2024-06-21,2,933.53172196,761.82893890,0.75033979
oe:player:a9264b1add014881c8d91609de2b7d6,Zkai,oe:team:7c1df37eb66c8c498b823787634c4bc,PSG Talon Academy,top,2024-06-26,2,903.16697209,733.01362480,0.74356876
oe:player:a9264b1add014881c8d91609de2b7d6,Zkai,oe:team:7c1df37eb66c8c498b823787634c4bc,PSG Talon Academy,top,2024-06-27,2,895.55725102,577.08820332,1.39170718
oe:player:a9264b1add014881c8d91609de2b7d6,Zkai,oe:team:7c1df37eb66c8c498b823787634c4bc,PSG Talon Academy,top,2024-07-09,2,699.75423970,649.45580501,0.21980376
oe:player:a9264b1add014881c8d91609de2b7d6,Zkai,oe:team:7c1df37eb66c8c498b823787634c4bc,PSG Talon Academy,top,2024-07-11,2,797.45369752,558.80228982,1.01015669
oe:player:a9264b1add014881c8d91609de2b7d6,Zkai,oe:team:7c1df37eb66c8c498b823787634c4bc,PSG Talon Academy,top,2024-07-24,3,730.50023621,700.92655311,0.12517862
oe:player:ab63f23cb70efb21206f0006e23659f,xin,oe:team:7c1df37eb66c8c498b823787634c4bc,PSG Talon Academy,jng,2024-03-22,2,396.08766269,442.23440739,-0.21813672
oe:player:ab63f23cb70efb21206f0006e23659f,xin,oe:team:7c1df37eb66c8c498b823787634c4bc,PSG Talon Academy,jng,2024-03-25,2,427.67342250,433.77333090,-0.02883441
oe:player:ab63f23cb70efb21206f0006e23659f,xin,oe:team:7c1df37eb66c8c498b823787634c4bc,PSG Talon Academy,jng,2024-03-26,2,491.65481759,445.89585270,0.21630368
oe:player:ab63f23cb70efb21206f0006e23659f,xin,oe:team:7c1df37eb66c8c498b823787634c4bc,PSG Talon Academy,jng,2024-04-04,2,703.38365583,551.53185998,0.71780692
oe:player:ab63f23cb70efb21206f0006e23659f,xin,oe:team:7c1df37eb66c8c498b823787634c4bc,PSG Talon Academy,jng,2024-04-10,3,467.79409899,457.66441024,0.04788327
oe:player:ab63f23cb70efb21206f0006e23659f,xin,oe:team:7c1df37eb66c8c498b823787634c4bc,PSG Talon Academy,jng,2024-04-14,4,386.13459283,423.93004497,-0.17865997
oe:player:ab63f23cb70efb21206f0006e23659f,xin,oe:team:7c1df37eb66c8c498b823787634c4bc,PSG Talon Academy,jng,2024-05-30,2,802.54634853,601.56545995,0.97941081
oe:player:ab63f23cb70efb21206f0006e23659f,xin,oe:team:7c1df37eb66c8c498b823787634c4bc,PSG Talon Academy,jng,2024-05-31,2,684.96441615,511.15557442,0.84699724
oe:player:ab63f23cb70efb21206f0006e23659f,xin,oe:team:7c1df37eb66c8c498b823787634c4bc,PSG Talon Academy,jng,2024-06-06,2,662.25680260,523.92993522,0.67408812
oe:player:ab63f23cb70efb21206f0006e23659f,xin,oe:team:7c1df37eb66c8c498b823787634c4bc,PSG Talon Academy,jng,2024-06-07,2,615.80217215,494.69200053,0.59018851
oe:player:ab63f23cb70efb21206f0006e23659f,xin,oe:team:7c1df37eb66c8c498b823787634c4bc,PSG Talon Academy,jng,2024-06-13,2,564.81642379,563.17958467,0.00797657
oe:player:ab63f23cb70efb21206f0006e23659f,xin,oe:team:7c1df37eb66c8c498b823787634c4bc,PSG Talon Academy,jng,2024-06-14,2,571.10530007,586.96156894,-0.06462508
oe:player:ab63f23cb70efb21206f0006e23659f,xin,oe:team:7c1df37eb66c8c498b823787634c4bc,PSG Talon Academy,jng,2024-06-20,2,627.45663347,604.69460317,0.09277075
oe:player:ab63f23cb70efb21206f0006e23659f,xin,oe:team:7c1df37eb66c8c498b823787634c4bc,PSG Talon Academy,jng,2024-06-21,2,752.16343955,651.53466688,0.41013068
oe:player:ab63f23cb70efb21206f0006e23659f,xin,oe:team:7c1df37eb66c8c498b823787634c4bc,PSG Talon Academy,jng,2024-06-26,2,797.28756856,658.81120633,0.56438534
oe:player:ab63f23cb70efb21206f0006e23659f,xin,oe:team:7c1df37eb66c8c498b823787634c4bc,PSG Talon Academy,jng,2024-06-27,2,551.41595585,484.75012048,0.27170861
oe:player:ab63f23cb70efb21206f0006e23659f,xin,oe:team:7c1df37eb66c8c498b823787634c4bc,PSG Talon Academy,jng,2024-07-09,2,548.40702654,552.56107607,-0.01693058
oe:player:ab63f23cb70efb21206f0006e23659f,xin,oe:team:7c1df37eb66c8c498b823787634c4bc,PSG Talon Academy,jng,2024-07-11,2,617.29602433,419.93436994,0.81289318
oe:player:ab63f23cb70efb21206f0006e23659f,xin,oe:team:7c1df37eb66c8c498b823787634c4bc,PSG Talon Academy,jng,2024-07-24,3,489.69314499,583.58171593,-0.38670824
oe:player:acb3a05894b7c57412b2d7e911e17dd,Kino,oe:team:2d2d70decb08dfb9bd23327e33e4198,CTBC Flying Oyster Academy,sup,2024-03-22,2,150.05526544,224.80063165,-0.64052706
oe:player:acb3a05894b7c57412b2d7e911e17dd,Kino,oe:team:2d2d70decb08dfb9bd23327e33e4198,CTBC Flying Oyster Academy,sup,2024-03-25,2,180.13689915,165.43346818,0.12600039
oe:player:acb3a05894b7c57412b2d7e911e17dd,Kino,oe:team:2d2d70decb08dfb9bd23327e33e4198,CTBC Flying Oyster Academy,sup,2024-03-26,2,190.26931878,222.84656437,-0.27916924
oe:player:acb3a05894b7c57412b2d7e911e17dd,Kino,oe:team:2d2d70decb08dfb9bd23327e33e4198,CTBC Flying Oyster Academy,sup,2024-04-03,2,366.17432370,301.94113734,0.55044340
oe:player:acb3a05894b7c57412b2d7e911e17dd,Kino,oe:team:2d2d70decb08dfb9bd23327e33e4198,CTBC Flying Oyster Academy,sup,2024-04-10,2,325.79972500,261.79232926,0.54850850
oe:player:acb3a05894b7c57412b2d7e911e17dd,Kino,oe:team:2d2d70decb08dfb9bd23327e33e4198,CTBC Flying Oyster Academy,sup,2024-04-14,4,179.07465605,206.45078869,-0.23459854
oe:player:acb3a05894b7c57412b2d7e911e17dd,Kino,oe:team:2d2d70decb08dfb9bd23327e33e4198,CTBC Flying Oyster Academy,sup,2024-05-29,2,177.86752590,305.35525467,-1.10411724
oe:player:acb3a05894b7c57412b2d7e911e17dd,Kino,oe:team:2d2d70decb08dfb9bd23327e33e4198,CTBC Flying Oyster Academy,sup,2024-05-30,1,218.38028169,265.73744506,-0.41014034
oe:player:acb3a05894b7c57412b2d7e911e17dd,Kino,oe:team:2d2d70decb08dfb9bd23327e33e4198,CTBC Flying Oyster Academy,sup,2024-06-05,2,267.96846708,226.53985116,0.35879570
oe:player:acb3a05894b7c57412b2d7e911e17dd,Kino,oe:team:2d2d70decb08dfb9bd23327e33e4198,CTBC Flying Oyster Academy,sup,2024-06-06,2,180.54528639,201.61260661,-0.18245514
oe:player:acb3a05894b7c57412b2d7e911e17dd,Kino,oe:team:2d2d70decb08dfb9bd23327e33e4198,CTBC Flying Oyster Academy,sup,2024-06-07,2,255.15134409,372.64580339,-1.01756977
oe:player:acb3a05894b7c57412b2d7e911e17dd,Kino,oe:team:2d2d70decb08dfb9bd23327e33e4198,CTBC Flying Oyster Academy,sup,2024-06-12,2,304.83876179,415.65246261,-0.95971054
oe:player:acb3a05894b7c57412b2d7e911e17dd,Kino,oe:team:2d2d70decb08dfb9bd23327e33e4198,CTBC Flying Oyster Academy,sup,2024-06-13,2,268.95725730,324.33239740,-0.47958064
oe:player:acb3a05894b7c57412b2d7e911e17dd,Kino,oe:team:2d2d70decb08dfb9bd23327e33e4198,CTBC Flying Oyster Academy,sup,2024-06-14,2,280.14150214,310.14588726,-0.25156698
oe:player:acb3a05894b7c57412b2d7e911e17dd,Kino,oe:team:2d2d70decb08dfb9bd23327e33e4198,CTBC Flying Oyster Academy,sup,2024-06-20,2,267.83370349,340.35276692,-0.60802452
oe:player:acb3a05894b7c57412b2d7e911e17dd,Kino,oe:team:2d2d70decb08dfb9bd23327e33e4198,CTBC Flying Oyster Academy,sup,2024-06-21,2,158.18370639,395.16319019,-1.98691667
oe:player:acb3a05894b7c57412b2d7e911e17dd,Kino,oe:team:2d2d70decb08dfb9bd23327e33e4198,CTBC Flying Oyster Academy,sup,2024-06-26,2,227.03857313,220.05497452,0.05855287
oe:player:acb3a05894b7c57412b2d7e911e17dd,Kino,oe:team:2d2d70decb08dfb9bd23327e33e4198,CTBC Flying Oyster Academy,sup,2024-06-27,2,325.76604708,393.06997494,-0.56429905
oe:player:acb3a05894b7c57412b2d7e911e17dd,Kino,oe:team:2d2d70decb08dfb9bd23327e33e4198,CTBC Flying Oyster Academy,sup,2024-07-09,2,170.04318497,238.06478596,-0.57031626
oe:player:acb3a05894b7c57412b2d7e911e17dd,Kino,oe:team:2d2d70decb08dfb9bd23327e33e4198,CTBC Flying Oyster Academy,sup,2024-07-10,2,243.41566586,289.78347219,-0.37443145
oe:player:acb3a05894b7c57412b2d7e911e17dd,Kino,oe:team:2d2d70decb08dfb9bd23327e33e4198,CTBC Flying Oyster Academy,sup,2024-07-11,2,187.07571206,162.65374198,0.19721342
oe:player:acb3a05894b7c57412b2d7e911e17dd,Kino,oe:team:2d2d70decb08dfb9bd23327e33e4198,CTBC Flying Oyster Academy,sup,2024-07-25,2,302.74690601,315.89869872,-0.10620396
oe:player:acb3a05894b7c57412b2d7e911e17dd,Kino,oe:team:2d2d70decb08dfb9bd23327e33e4198,CTBC Flying Oyster Academy,sup,2024-07-31,2,178.99399242,229.61343533,-0.40876446
oe:player:acb3a05894b7c57412b2d7e911e17dd,Kino,oe:team:2d2d70decb08dfb9bd23327e33e4198,CTBC Flying Oyster Academy,sup,2024-08-09,3,240.66892395,286.40549456,-0.36933406
oe:player:acf73620a433d9f307f7a61ca4a50c9,Kx2,oe:team:672aa1aa4e9ac51d56830a3652dbc8b,Hungkuang Falcon (弘光獵鷹),sup,2024-06-20,1,250.76250000,213.47833724,0.31260311
oe:player:acf73620a433d9f307f7a61ca4a50c9,Kx2,oe:team:672aa1aa4e9ac51d56830a3652dbc8b,Hungkuang Falcon (弘光獵鷹),top,2024-06-20,1,178.59134263,522.16983008,-1.50143523
oe:player:afdd43b0c280624cf9da645fa652c55,Ray,oe:team:672aa1aa4e9ac51d56830a3652dbc8b,Hungkuang Falcon (弘光獵鷹),bot,2024-05-30,2,408.26972284,613.99275671,-0.74370587
oe:player:afdd43b0c280624cf9da645fa652c55,Ray,oe:team:672aa1aa4e9ac51d56830a3652dbc8b,Hungkuang Falcon (弘光獵鷹),bot,2024-05-31,1,565.24805738,661.00655109,-0.34617492
oe:player:afdd43b0c280624cf9da645fa652c55,Ray,oe:team:672aa1aa4e9ac51d56830a3652dbc8b,Hungkuang Falcon (弘光獵鷹),bot,2024-06-06,2,1097.87092160,727.66789418,1.33831472
oe:player:afdd43b0c280624cf9da645fa652c55,Ray,oe:team:672aa1aa4e9ac51d56830a3652dbc8b,Hungkuang Falcon (弘光獵鷹),bot,2024-06-07,2,605.34693907,685.05597470,-0.28815479
oe:player:afdd43b0c280624cf9da645fa652c55,Ray,oe:team:672aa1aa4e9ac51d56830a3652dbc8b,Hungkuang Falcon (弘光獵鷹),bot,2024-06-13,2,749.02763772,696.08904739,0.19137741
oe:player:afdd43b0c280624cf9da645fa652c55,Ray,oe:team:672aa1aa4e9ac51d56830a3652dbc8b,Hungkuang Falcon (弘光獵鷹),bot,2024-06-14,2,322.04321990,566.03546154,-0.90276130
oe:player:afdd43b0c280624cf9da645fa652c55,Ray,oe:team:672aa1aa4e9ac51d56830a3652dbc8b,Hungkuang Falcon (弘光獵鷹),jng,2024-05-31,1,348.56609061,391.28858660,-0.20819330
oe:player:afdd43b0c280624cf9da645fa652c55,Ray,oe:team:672aa1aa4e9ac51d56830a3652dbc8b,Hungkuang Falcon (弘光獵鷹),mid,2024-06-21,1,960.71428571,795.86708477,0.69131565
oe:player:afdd43b0c280624cf9da645fa652c55,Ray,oe:team:672aa1aa4e9ac51d56830a3652dbc8b,Hungkuang Falcon (弘光獵鷹),mid,2024-07-09,2,706.00098237,686.48826227,0.08183001
oe:player:afdd43b0c280624cf9da645fa652c55,Ray,oe:team:672aa1aa4e9ac51d56830a3652dbc8b,Hungkuang Falcon (弘光獵鷹),mid,2024-07-10,2,743.42401274,756.93800342,-0.05610548
oe:player:afdd43b0c280624cf9da645fa652c55,Ray,oe:team:672aa1aa4e9ac51d56830a3652dbc8b,Hungkuang Falcon (弘光獵鷹),mid,2024-07-11,3,477.62247951,702.17192250,-0.93225265
oe:player:b0b5dd265e690363aba5e228f3f46e8,Min,oe:team:b5601001b160034bf0e83899338f6df,International Esports Industry Center,bot,2024-04-03,2,596.48626431,552.06086198,0.16564976
oe:player:b6085ee720bfb8b802851491b721355,Nabi,name-team-57964d1ebff4a165,Bees Hum,bot,2024-04-04,2,539.01221090,650.41948758,-0.41540621
oe:player:b611118b4dfcf322a8ea5c5c9ca4504,Azeved,oe:team:a23eb8479b972c2ea103fa362b0b5d5,West Point Esports Academy,sup,2024-03-22,2,198.77725976,300.44190345,-0.87121059
oe:player:b611118b4dfcf322a8ea5c5c9ca4504,Azeved,oe:team:a23eb8479b972c2ea103fa362b0b5d5,West Point Esports Academy,sup,2024-03-25,2,234.98052608,385.51168158,-1.28996997
oe:player:b611118b4dfcf322a8ea5c5c9ca4504,Azeved,oe:team:a23eb8479b972c2ea103fa362b0b5d5,West Point Esports Academy,sup,2024-03-26,2,223.64941359,302.64890727,-0.67698261
oe:player:b611118b4dfcf322a8ea5c5c9ca4504,Azeved,oe:team:a23eb8479b972c2ea103fa362b0b5d5,West Point Esports Academy,sup,2024-03-29,2,378.46438299,278.69641505,0.85495712
oe:player:b611118b4dfcf322a8ea5c5c9ca4504,Azeved,oe:team:a23eb8479b972c2ea103fa362b0b5d5,West Point Esports Academy,sup,2024-05-29,2,227.49518887,217.74954515,0.08440289
oe:player:b611118b4dfcf322a8ea5c5c9ca4504,Azeved,oe:team:a23eb8479b972c2ea103fa362b0b5d5,West Point Esports Academy,sup,2024-05-30,2,238.71857207,265.64991789,-0.23324098
oe:player:b611118b4dfcf322a8ea5c5c9ca4504,Azeved,oe:team:a23eb8479b972c2ea103fa362b0b5d5,West Point Esports Academy,sup,2024-05-31,2,392.31406286,412.81001184,-0.17750674
oe:player:b611118b4dfcf322a8ea5c5c9ca4504,Azeved,oe:team:a23eb8479b972c2ea103fa362b0b5d5,West Point Esports Academy,sup,2024-06-05,2,186.39526638,310.85344394,-1.07787958
oe:player:b611118b4dfcf322a8ea5c5c9ca4504,Azeved,oe:team:a23eb8479b972c2ea103fa362b0b5d5,West Point Esports Academy,sup,2024-06-06,2,248.12120337,341.02853529,-0.80463107
oe:player:b611118b4dfcf322a8ea5c5c9ca4504,Azeved,oe:team:a23eb8479b972c2ea103fa362b0b5d5,West Point Esports Academy,sup,2024-06-07,2,208.27747028,228.34614477,-0.17380629
oe:player:b611118b4dfcf322a8ea5c5c9ca4504,Azeved,oe:team:a23eb8479b972c2ea103fa362b0b5d5,West Point Esports Academy,sup,2024-06-13,2,461.08694754,320.33428318,1.21899923
oe:player:b611118b4dfcf322a8ea5c5c9ca4504,Azeved,oe:team:a23eb8479b972c2ea103fa362b0b5d5,West Point Esports Academy,sup,2024-06-14,2,216.86671754,171.74869216,0.37828489
oe:player:b611118b4dfcf322a8ea5c5c9ca4504,Azeved,oe:team:a23eb8479b972c2ea103fa362b0b5d5,West Point Esports Academy,sup,2024-06-19,2,330.33315322,384.26205674,-0.45215829
oe:player:b611118b4dfcf322a8ea5c5c9ca4504,Azeved,oe:team:a23eb8479b972c2ea103fa362b0b5d5,West Point Esports Academy,sup,2024-06-20,2,262.23214805,301.33185401,-0.32782525
oe:player:b611118b4dfcf322a8ea5c5c9ca4504,Azeved,oe:team:a23eb8479b972c2ea103fa362b0b5d5,West Point Esports Academy,sup,2024-06-26,2,329.78091692,326.54763534,0.02710893
oe:player:b611118b4dfcf322a8ea5c5c9ca4504,Azeved,oe:team:a23eb8479b972c2ea103fa362b0b5d5,West Point Esports Academy,sup,2024-06-27,2,215.44585831,208.50716193,0.05817639
oe:player:bbc74d89ea9541a8c079edb2bbdf8ad,Hermes,oe:team:2d2d70decb08dfb9bd23327e33e4198,CTBC Flying Oyster Academy,bot,2024-03-22,2,670.94825470,680.06407461,-0.03399031
oe:player:bbc74d89ea9541a8c079edb2bbdf8ad,Hermes,oe:team:2d2d70decb08dfb9bd23327e33e4198,CTBC Flying Oyster Academy,bot,2024-03-25,2,932.16207448,611.77142503,1.19464608
oe:player:bbc74d89ea9541a8c079edb2bbdf8ad,Hermes,oe:team:2d2d70decb08dfb9bd23327e33e4198,CTBC Flying Oyster Academy,bot,2024-03-26,2,371.45645669,583.94023639,-0.79229189
oe:player:bbc74d89ea9541a8c079edb2bbdf8ad,Hermes,oe:team:2d2d70decb08dfb9bd23327e33e4198,CTBC Flying Oyster Academy,bot,2024-04-03,2,1160.37658855,766.31564083,1.46934178
oe:player:bbc74d89ea9541a8c079edb2bbdf8ad,Hermes,oe:team:2d2d70decb08dfb9bd23327e33e4198,CTBC Flying Oyster Academy,bot,2024-04-10,2,668.85713608,635.99370236,0.12253845
oe:player:bbc74d89ea9541a8c079edb2bbdf8ad,Hermes,oe:team:2d2d70decb08dfb9bd23327e33e4198,CTBC Flying Oyster Academy,bot,2024-04-14,4,638.91754656,617.17680941,0.08106506
oe:player:bbc74d89ea9541a8c079edb2bbdf8ad,Hermes,oe:team:2d2d70decb08dfb9bd23327e33e4198,CTBC Flying Oyster Academy,bot,2024-05-29,2,703.10443384,715.89988296,-0.04625661
oe:player:bbc74d89ea9541a8c079edb2bbdf8ad,Hermes,oe:team:2d2d70decb08dfb9bd23327e33e4198,CTBC Flying Oyster Academy,bot,2024-05-30,1,800.95070423,730.00216766,0.25648486
oe:player:bbc74d89ea9541a8c079edb2bbdf8ad,Hermes,oe:team:2d2d70decb08dfb9bd23327e33e4198,CTBC Flying Oyster Academy,bot,2024-06-05,2,631.39665601,667.88232279,-0.13189872
oe:player:bbc74d89ea9541a8c079edb2bbdf8ad,Hermes,oe:team:2d2d70decb08dfb9bd23327e33e4198,CTBC Flying Oyster Academy,bot,2024-06-06,2,747.06634326,663.48944080,0.30213745
oe:player:bbc74d89ea9541a8c079edb2bbdf8ad,Hermes,oe:team:2d2d70decb08dfb9bd23327e33e4198,CTBC Flying Oyster Academy,bot,2024-06-07,2,560.23733284,722.18964668,-0.58547108
oe:player:bbc74d89ea9541a8c079edb2bbdf8ad,Hermes,oe:team:2d2d70decb08dfb9bd23327e33e4198,CTBC Flying Oyster Academy,bot,2024-06-12,2,761.72511994,851.95266599,-0.32618008
oe:player:bbc74d89ea9541a8c079edb2bbdf8ad,Hermes,oe:team:2d2d70decb08dfb9bd23327e33e4198,CTBC Flying Oyster Academy,bot,2024-06-13,2,822.07175903,708.12048718,0.41194332
oe:player:bbc74d89ea9541a8c079edb2bbdf8ad,Hermes,oe:team:2d2d70decb08dfb9bd23327e33e4198,CTBC Flying Oyster Academy,bot,2024-06-14,2,751.07560947,751.06426850,0.00004196
oe:player:bbc74d89ea9541a8c079edb2bbdf8ad,Hermes,oe:team:2d2d70decb08dfb9bd23327e33e4198,CTBC Flying Oyster Academy,bot,2024-06-20,2,740.13488355,720.17015168,0.07386869
oe:player:bbc74d89ea9541a8c079edb2bbdf8ad,Hermes,oe:team:2d2d70decb08dfb9bd23327e33e4198,CTBC Flying Oyster Academy,bot,2024-06-21,2,804.68257213,859.62357162,-0.20327945
oe:player:bbc74d89ea9541a8c079edb2bbdf8ad,Hermes,oe:team:2d2d70decb08dfb9bd23327e33e4198,CTBC Flying Oyster Academy,bot,2024-06-26,2,735.20268283,697.00342556,0.14133569
oe:player:bbc74d89ea9541a8c079edb2bbdf8ad,Hermes,oe:team:2d2d70decb08dfb9bd23327e33e4198,CTBC Flying Oyster Academy,bot,2024-06-27,2,714.27327469,899.20546212,-0.68424152
oe:player:bbc74d89ea9541a8c079edb2bbdf8ad,Hermes,oe:team:2d2d70decb08dfb9bd23327e33e4198,CTBC Flying Oyster Academy,bot,2024-07-09,2,521.71965844,717.73599100,-0.72525240
oe:player:bbc74d89ea9541a8c079edb2bbdf8ad,Hermes,oe:team:2d2d70decb08dfb9bd23327e33e4198,CTBC Flying Oyster Academy,bot,2024-07-10,2,905.76740482,848.77856525,0.20320954
oe:player:bbc74d89ea9541a8c079edb2bbdf8ad,Hermes,oe:team:2d2d70decb08dfb9bd23327e33e4198,CTBC Flying Oyster Academy,bot,2024-07-11,2,814.17935024,748.11841501,0.23555862
oe:player:bbc74d89ea9541a8c079edb2bbdf8ad,Hermes,oe:team:2d2d70decb08dfb9bd23327e33e4198,CTBC Flying Oyster Academy,bot,2024-07-25,2,1023.36429739,735.39402738,1.02683802
oe:player:bbc74d89ea9541a8c079edb2bbdf8ad,Hermes,oe:team:2d2d70decb08dfb9bd23327e33e4198,CTBC Flying Oyster Academy,bot,2024-07-31,2,704.76697200,646.79405573,0.20671854
oe:player:bbc74d89ea9541a8c079edb2bbdf8ad,Hermes,oe:team:2d2d70decb08dfb9bd23327e33e4198,CTBC Flying Oyster Academy,bot,2024-08-09,3,627.19963602,819.97248229,-0.68738515
oe:player:bd515b692ed9000f96c6a5393767b8f,Sorrymbggff,oe:team:215b3bc4217842708191cc9be161132,Impunity,top,2024-06-21,2,1014.90253597,879.88210664,0.59003819
oe:player:c46dc30e7888a9b9eaee54bb9698d27,Tatsu,oe:team:c8d302e68ffd3e684186a0db372b7b6,V3 Esports Academy,jng,2024-05-29,2,364.08352061,240.38195167,0.60281679
oe:player:c46dc30e7888a9b9eaee54bb9698d27,Tatsu,oe:team:c8d302e68ffd3e684186a0db372b7b6,V3 Esports Academy,jng,2024-05-31,2,339.64831662,348.35423505,-0.04242528
oe:player:c46dc30e7888a9b9eaee54bb9698d27,Tatsu,oe:team:c8d302e68ffd3e684186a0db372b7b6,V3 Esports Academy,jng,2024-06-05,2,366.38429958,389.58019627,-0.11303718
oe:player:c46dc30e7888a9b9eaee54bb9698d27,Tatsu,oe:team:c8d302e68ffd3e684186a0db372b7b6,V3 Esports Academy,jng,2024-06-06,2,295.74354164,285.04490135,0.05213612
oe:player:c46dc30e7888a9b9eaee54bb9698d27,Tatsu,oe:team:c8d302e68ffd3e684186a0db372b7b6,V3 Esports Academy,jng,2024-06-07,2,229.27744146,167.18334169,0.30259411
oe:player:c46dc30e7888a9b9eaee54bb9698d27,Tatsu,oe:team:c8d302e68ffd3e684186a0db372b7b6,V3 Esports Academy,jng,2024-06-12,2,354.94950145,270.67224016,0.41069607
oe:player:c46dc30e7888a9b9eaee54bb9698d27,Tatsu,oe:team:c8d302e68ffd3e684186a0db372b7b6,V3 Esports Academy,jng,2024-06-14,2,654.49768621,257.72261195,1.61712823
oe:player:c46dc30e7888a9b9eaee54bb9698d27,Tatsu,oe:team:c8d302e68ffd3e684186a0db372b7b6,V3 Esports Academy,jng,2024-06-19,2,397.59413919,330.23159649,0.27454817
oe:player:c46dc30e7888a9b9eaee54bb9698d27,Tatsu,oe:team:c8d302e68ffd3e684186a0db372b7b6,V3 Esports Academy,jng,2024-06-20,2,694.86173572,411.82140201,1.15358183
oe:player:c46dc30e7888a9b9eaee54bb9698d27,Tatsu,oe:team:c8d302e68ffd3e684186a0db372b7b6,V3 Esports Academy,jng,2024-06-21,2,616.16035762,297.13122428,1.30026066
oe:player:c46dc30e7888a9b9eaee54bb9698d27,Tatsu,oe:team:c8d302e68ffd3e684186a0db372b7b6,V3 Esports Academy,jng,2024-06-26,2,304.39147896,321.30515298,-0.06893472
oe:player:c46dc30e7888a9b9eaee54bb9698d27,Tatsu,oe:team:c8d302e68ffd3e684186a0db372b7b6,V3 Esports Academy,jng,2024-06-27,2,295.07657730,222.74748339,0.29479024
oe:player:c4885248db212a1af7845cdd043a304,DeathClaw,oe:team:9114fb0f268de0d260acfef5fd97ef6,TNU Eagle (東南飛鷹),mid,2024-05-29,2,763.94738479,704.68379693,0.24361456
oe:player:c4885248db212a1af7845cdd043a304,DeathClaw,oe:team:9114fb0f268de0d260acfef5fd97ef6,TNU Eagle (東南飛鷹),mid,2024-05-30,1,686.47887324,676.41796020,0.04135735
oe:player:c4885248db212a1af7845cdd043a304,DeathClaw,oe:team:9114fb0f268de0d260acfef5fd97ef6,TNU Eagle (東南飛鷹),mid,2024-05-31,2,980.58402486,753.59889408,0.93306674
oe:player:c4885248db212a1af7845cdd043a304,DeathClaw,oe:team:9114fb0f268de0d260acfef5fd97ef6,TNU Eagle (東南飛鷹),mid,2024-06-05,2,663.88439950,705.82783427,-0.17241668
oe:player:c4885248db212a1af7845cdd043a304,DeathClaw,oe:team:9114fb0f268de0d260acfef5fd97ef6,TNU Eagle (東南飛鷹),mid,2024-06-06,2,743.28976197,839.84455229,-0.39690733
oe:player:c4885248db212a1af7845cdd043a304,DeathClaw,oe:team:9114fb0f268de0d260acfef5fd97ef6,TNU Eagle (東南飛鷹),mid,2024-06-12,2,861.31242598,652.61202267,0.85790379
oe:player:c4885248db212a1af7845cdd043a304,DeathClaw,oe:team:9114fb0f268de0d260acfef5fd97ef6,TNU Eagle (東南飛鷹),mid,2024-06-26,2,1031.29879775,822.39743281,0.87606451
oe:player:d157e65428af5c0724fd4efcfbcf6c5,Whale,oe:team:60b05f35ec3d0e7ef1d475e9fb5cdbe,Deep Cross Gaming Academy,bot,2024-03-22,2,519.13581684,595.95168416,-0.28642463
oe:player:d157e65428af5c0724fd4efcfbcf6c5,Whale,oe:team:60b05f35ec3d0e7ef1d475e9fb5cdbe,Deep Cross Gaming Academy,bot,2024-03-25,2,637.75568371,709.79752843,-0.26862366
oe:player:d157e65428af5c0724fd4efcfbcf6c5,Whale,oe:team:60b05f35ec3d0e7ef1d475e9fb5cdbe,Deep Cross Gaming Academy,bot,2024-03-26,2,789.62371890,660.96539254,0.47973050
oe:player:d157e65428af5c0724fd4efcfbcf6c5,Whale,oe:team:60b05f35ec3d0e7ef1d475e9fb5cdbe,Deep Cross Gaming Academy,bot,2024-04-03,2,510.80623199,595.55488309,-0.31600374
oe:player:d157e65428af5c0724fd4efcfbcf6c5,Whale,oe:team:60b05f35ec3d0e7ef1d475e9fb5cdbe,Deep Cross Gaming Academy,bot,2024-04-10,2,313.11339165,616.24772647,-1.13030217
oe:player:d157e65428af5c0724fd4efcfbcf6c5,Whale,oe:team:60b05f35ec3d0e7ef1d475e9fb5cdbe,Deep Cross Gaming Academy,bot,2024-05-30,1,454.00000000,634.33668638,-0.65193211
oe:player:d157e65428af5c0724fd4efcfbcf6c5,Whale,oe:team:60b05f35ec3d0e7ef1d475e9fb5cdbe,Deep Cross Gaming Academy,bot,2024-05-31,2,454.64397457,696.12882591,-0.87298781
oe:player:d157e65428af5c0724fd4efcfbcf6c5,Whale,oe:team:60b05f35ec3d0e7ef1d475e9fb5cdbe,Deep Cross Gaming Academy,bot,2024-06-06,2,1100.85000000,669.84304415,1.55812598
oe:player:d157e65428af5c0724fd4efcfbcf6c5,Whale,oe:team:60b05f35ec3d0e7ef1d475e9fb5cdbe,Deep Cross Gaming Academy,bot,2024-06-07,2,618.74876832,644.01604123,-0.09134329
oe:player:d157e65428af5c0724fd4efcfbcf6c5,Whale,oe:team:60b05f35ec3d0e7ef1d475e9fb5cdbe,Deep Cross Gaming Academy,bot,2024-06-13,2,1063.01622683,718.96336857,1.24377969
oe:player:d157e65428af5c0724fd4efcfbcf6c5,Whale,oe:team:60b05f35ec3d0e7ef1d475e9fb5cdbe,Deep Cross Gaming Academy,bot,2024-06-20,2,801.00753852,724.49911956,0.28307802
oe:player:d157e65428af5c0724fd4efcfbcf6c5,Whale,oe:team:60b05f35ec3d0e7ef1d475e9fb5cdbe,Deep Cross Gaming Academy,bot,2024-06-21,1,808.36575875,810.54409418,-0.00805975
oe:player:d157e65428af5c0724fd4efcfbcf6c5,Whale,oe:team:60b05f35ec3d0e7ef1d475e9fb5cdbe,Deep Cross Gaming Academy,bot,2024-06-26,2,988.20395435,751.14355076,0.87711379
oe:player:d157e65428af5c0724fd4efcfbcf6c5,Whale,oe:team:60b05f35ec3d0e7ef1d475e9fb5cdbe,Deep Cross Gaming Academy,bot,2024-06-27,2,494.50607546,589.40413975,-0.35111895
oe:player:d157e65428af5c0724fd4efcfbcf6c5,Whale,oe:team:60b05f35ec3d0e7ef1d475e9fb5cdbe,Deep Cross Gaming Academy,bot,2024-07-09,2,525.94439541,582.71999669,-0.21006740
oe:player:d157e65428af5c0724fd4efcfbcf6c5,Whale,oe:team:60b05f35ec3d0e7ef1d475e9fb5cdbe,Deep Cross Gaming Academy,bot,2024-07-11,3,593.47434225,703.69521892,-0.39302316
oe:player:d157e65428af5c0724fd4efcfbcf6c5,Whale,oe:team:60b05f35ec3d0e7ef1d475e9fb5cdbe,Deep Cross Gaming Academy,bot,2024-07-24,2,403.47405361,638.11625915,-0.83668199
oe:player:d409d64bdc7efb292e2e33b8672a32b,Milkcat,oe:team:f6f46fec64efaa34b25700ce7a88e44,Frank Esports Academy,bot,2024-03-22,2,843.18237996,625.13571041,0.81303434
oe:player:d409d64bdc7efb292e2e33b8672a32b,Milkcat,oe:team:f6f46fec64efaa34b25700ce7a88e44,Frank Esports Academy,bot,2024-03-25,2,985.81153305,734.86638372,0.93570346
oe:player:d409d64bdc7efb292e2e33b8672a32b,Milkcat,oe:team:f6f46fec64efaa34b25700ce7a88e44,Frank Esports Academy,bot,2024-03-26,2,410.08158392,638.65795659,-0.85229662
oe:player:d409d64bdc7efb292e2e33b8672a32b,Milkcat,oe:team:f6f46fec64efaa34b25700ce7a88e44,Frank Esports Academy,bot,2024-04-04,2,1030.41307569,774.78153764,0.95317768
oe:player:d409d64bdc7efb292e2e33b8672a32b,Milkcat,oe:team:f6f46fec64efaa34b25700ce7a88e44,Frank Esports Academy,bot,2024-04-10,3,652.16187495,669.95391593,-0.06634149
oe:player:d409d64bdc7efb292e2e33b8672a32b,Milkcat,oe:team:f6f46fec64efaa34b25700ce7a88e44,Frank Esports Academy,bot,2024-05-29,2,1162.83644601,785.11126611,1.36550793
oe:player:d409d64bdc7efb292e2e33b8672a32b,Milkcat,oe:team:f6f46fec64efaa34b25700ce7a88e44,Frank Esports Academy,bot,2024-05-30,2,685.11869388,827.55251419,-0.51491010
oe:player:d409d64bdc7efb292e2e33b8672a32b,Milkcat,oe:team:f6f46fec64efaa34b25700ce7a88e44,Frank Esports Academy,bot,2024-05-31,2,1280.13640279,622.84433003,2.37616549
oe:player:d409d64bdc7efb292e2e33b8672a32b,Milkcat,oe:team:f6f46fec64efaa34b25700ce7a88e44,Frank Esports Academy,bot,2024-06-06,2,582.95608543,604.26315900,-0.07702684
oe:player:d409d64bdc7efb292e2e33b8672a32b,Milkcat,oe:team:f6f46fec64efaa34b25700ce7a88e44,Frank Esports Academy,bot,2024-06-12,2,806.98466971,715.89918363,0.32928160
oe:player:d409d64bdc7efb292e2e33b8672a32b,Milkcat,oe:team:f6f46fec64efaa34b25700ce7a88e44,Frank Esports Academy,bot,2024-06-13,2,1237.10858150,846.55382334,1.41188792
oe:player:d409d64bdc7efb292e2e33b8672a32b,Milkcat,oe:team:f6f46fec64efaa34b25700ce7a88e44,Frank Esports Academy,bot,2024-06-14,2,1124.47049582,819.59656086,1.12802108
oe:player:d409d64bdc7efb292e2e33b8672a32b,Milkcat,oe:team:f6f46fec64efaa34b25700ce7a88e44,Frank Esports Academy,bot,2024-06-19,2,838.55036967,735.94285698,0.37964360
oe:player:d409d64bdc7efb292e2e33b8672a32b,Milkcat,oe:team:f6f46fec64efaa34b25700ce7a88e44,Frank Esports Academy,bot,2024-06-21,2,920.84893031,810.02524698,0.41004309
oe:player:d409d64bdc7efb292e2e33b8672a32b,Milkcat,oe:team:f6f46fec64efaa34b25700ce7a88e44,Frank Esports Academy,bot,2024-06-26,2,1095.42611288,721.89613306,1.38204563
oe:player:d409d64bdc7efb292e2e33b8672a32b,Milkcat,oe:team:f6f46fec64efaa34b25700ce7a88e44,Frank Esports Academy,bot,2024-06-27,2,1051.25004585,741.21669053,1.14711072
oe:player:d409d64bdc7efb292e2e33b8672a32b,Milkcat,oe:team:f6f46fec64efaa34b25700ce7a88e44,Frank Esports Academy,bot,2024-07-09,2,789.24621210,724.90687095,0.23805293
oe:player:d409d64bdc7efb292e2e33b8672a32b,Milkcat,oe:team:f6f46fec64efaa34b25700ce7a88e44,Frank Esports Academy,bot,2024-07-10,3,616.95045433,702.51289623,-0.30509666
oe:player:d409d64bdc7efb292e2e33b8672a32b,Milkcat,oe:team:f6f46fec64efaa34b25700ce7a88e44,Frank Esports Academy,bot,2024-07-24,2,764.41602653,759.73479777,0.01669222
oe:player:d409d64bdc7efb292e2e33b8672a32b,Milkcat,oe:team:f6f46fec64efaa34b25700ce7a88e44,Frank Esports Academy,bot,2024-07-25,2,1176.55074645,867.70208305,1.10128573
oe:player:d409d64bdc7efb292e2e33b8672a32b,Milkcat,oe:team:f6f46fec64efaa34b25700ce7a88e44,Frank Esports Academy,bot,2024-07-31,2,754.17284938,744.81684363,0.03336144
oe:player:d51796c7c27a60d20bb30a03ef92124,Nesty,oe:team:e03a850dd5c4b5029e75de77a2afb98,Sengoku Gaming Academy,jng,2024-03-22,2,844.61828174,489.52169560,1.67854971
oe:player:d51796c7c27a60d20bb30a03ef92124,Nesty,oe:team:e03a850dd5c4b5029e75de77a2afb98,Sengoku Gaming Academy,jng,2024-03-25,2,500.31610205,387.84329061,0.53166156
oe:player:d51796c7c27a60d20bb30a03ef92124,Nesty,oe:team:e03a850dd5c4b5029e75de77a2afb98,Sengoku Gaming Academy,jng,2024-03-26,2,572.79879225,362.00384786,0.99643254
oe:player:d5e0ff7618d3da55aa323192c0c682f,Yuu,oe:team:26de0e706bbdee6670640bb499d80a9,Burning Core Toyama Academy,top,2024-05-30,2,292.10159356,521.02429463,-1.00624052
oe:player:d5e0ff7618d3da55aa323192c0c682f,Yuu,oe:team:26de0e706bbdee6670640bb499d80a9,Burning Core Toyama Academy,top,2024-05-31,2,535.59234936,643.38498248,-0.47380760
oe:player:d5e0ff7618d3da55aa323192c0c682f,Yuu,oe:team:26de0e706bbdee6670640bb499d80a9,Burning Core Toyama Academy,top,2024-06-13,2,453.48766853,661.66377902,-0.91504790
oe:player:d5e0ff7618d3da55aa323192c0c682f,Yuu,oe:team:26de0e706bbdee6670640bb499d80a9,Burning Core Toyama Academy,top,2024-06-14,2,520.29733314,475.16297427,0.19723679
oe:player:d5e0ff7618d3da55aa323192c0c682f,Yuu,oe:team:26de0e706bbdee6670640bb499d80a9,Burning Core Toyama Academy,top,2024-06-20,2,647.30308918,501.13548459,0.63875126
oe:player:d5e0ff7618d3da55aa323192c0c682f,Yuu,oe:team:26de0e706bbdee6670640bb499d80a9,Burning Core Toyama Academy,top,2024-06-21,2,461.03709381,509.97322072,-0.21385048
oe:player:d5e0ff7618d3da55aa323192c0c682f,Yuu,oe:team:26de0e706bbdee6670640bb499d80a9,Burning Core Toyama Academy,top,2024-06-26,2,410.26348489,438.18532203,-0.12201820
oe:player:d5e0ff7618d3da55aa323192c0c682f,Yuu,oe:team:26de0e706bbdee6670640bb499d80a9,Burning Core Toyama Academy,top,2024-06-27,3,627.36230357,548.49878662,0.34463294
oe:player:d6a3183c42c5887246375b272c9fedf,Killer2,oe:team:672aa1aa4e9ac51d56830a3652dbc8b,Hungkuang Falcon (弘光獵鷹),jng,2024-06-20,2,228.55647469,416.33319934,-0.76531784
oe:player:d6a3183c42c5887246375b272c9fedf,Killer2,oe:team:672aa1aa4e9ac51d56830a3652dbc8b,Hungkuang Falcon (弘光獵鷹),jng,2024-06-21,2,653.65583487,565.72889916,0.35836205
oe:player:d6a3183c42c5887246375b272c9fedf,Killer2,oe:team:672aa1aa4e9ac51d56830a3652dbc8b,Hungkuang Falcon (弘光獵鷹),jng,2024-06-26,2,338.93945941,526.48378481,-0.76437066
oe:player:d6a3183c42c5887246375b272c9fedf,Killer2,oe:team:672aa1aa4e9ac51d56830a3652dbc8b,Hungkuang Falcon (弘光獵鷹),jng,2024-06-27,2,795.65965100,524.15994343,1.10654593
oe:player:d6a3183c42c5887246375b272c9fedf,Killer2,oe:team:672aa1aa4e9ac51d56830a3652dbc8b,Hungkuang Falcon (弘光獵鷹),jng,2024-07-09,2,350.37119760,447.95744641,-0.39773032
oe:player:d6a3183c42c5887246375b272c9fedf,Killer2,oe:team:672aa1aa4e9ac51d56830a3652dbc8b,Hungkuang Falcon (弘光獵鷹),jng,2024-07-10,2,622.34754593,485.96736241,0.56172270
oe:player:d6a3183c42c5887246375b272c9fedf,Killer2,oe:team:672aa1aa4e9ac51d56830a3652dbc8b,Hungkuang Falcon (弘光獵鷹),jng,2024-07-11,3,337.01992631,419.61198958,-0.34018019
oe:player:d6ad0e887a07d8b8f19af9dda9133b9,fung1028,oe:team:215b3bc4217842708191cc9be161132,Impunity,jng,2024-03-22,2,235.88277727,407.46590869,-0.81107740
oe:player:d6ad0e887a07d8b8f19af9dda9133b9,fung1028,oe:team:215b3bc4217842708191cc9be161132,Impunity,jng,2024-03-25,2,252.14844736,435.94538563,-0.86881234
oe:player:d6ad0e887a07d8b8f19af9dda9133b9,fung1028,oe:team:215b3bc4217842708191cc9be161132,Impunity,jng,2024-03-26,2,364.29782348,376.98838949,-0.05998860
oe:player:d6ad0e887a07d8b8f19af9dda9133b9,fung1028,oe:team:215b3bc4217842708191cc9be161132,Impunity,jng,2024-03-29,2,438.14740832,462.46216278,-0.11493640
oe:player:d6ad0e887a07d8b8f19af9dda9133b9,fung1028,oe:team:215b3bc4217842708191cc9be161132,Impunity,jng,2024-04-03,2,191.53229467,456.25629147,-1.25135641
oe:player:d6ad0e887a07d8b8f19af9dda9133b9,fung1028,oe:team:215b3bc4217842708191cc9be161132,Impunity,jng,2024-05-29,2,593.11406547,512.48565182,0.39291467
oe:player:d6ad0e887a07d8b8f19af9dda9133b9,fung1028,oe:team:215b3bc4217842708191cc9be161132,Impunity,jng,2024-05-30,2,670.71354446,466.60103522,0.99467168
oe:player:d6ad0e887a07d8b8f19af9dda9133b9,fung1028,oe:team:215b3bc4217842708191cc9be161132,Impunity,jng,2024-05-31,2,355.63125480,449.87960180,-0.45928670
oe:player:d6ad0e887a07d8b8f19af9dda9133b9,fung1028,oe:team:215b3bc4217842708191cc9be161132,Impunity,jng,2024-06-05,2,536.63445313,390.50963949,0.71208871
oe:player:d6ad0e887a07d8b8f19af9dda9133b9,fung1028,oe:team:215b3bc4217842708191cc9be161132,Impunity,jng,2024-06-07,2,614.96726581,592.57001126,0.10914527
oe:player:d6ad0e887a07d8b8f19af9dda9133b9,fung1028,oe:team:215b3bc4217842708191cc9be161132,Impunity,jng,2024-06-12,2,962.72455090,519.14371244,2.16163771
oe:player:d6ad0e887a07d8b8f19af9dda9133b9,fung1028,oe:team:215b3bc4217842708191cc9be161132,Impunity,jng,2024-06-13,2,1167.97500005,450.55090973,3.49611803
oe:player:d6ad0e887a07d8b8f19af9dda9133b9,fung1028,oe:team:215b3bc4217842708191cc9be161132,Impunity,jng,2024-06-14,2,1102.35953431,638.31503210,1.89129690
oe:player:d6ad0e887a07d8b8f19af9dda9133b9,fung1028,oe:team:215b3bc4217842708191cc9be161132,Impunity,jng,2024-06-19,2,589.88261773,567.37018018,0.09175349
oe:player:d6ad0e887a07d8b8f19af9dda9133b9,fung1028,oe:team:215b3bc4217842708191cc9be161132,Impunity,jng,2024-06-20,2,315.86209128,375.64872386,-0.24367118
oe:player:d6ad0e887a07d8b8f19af9dda9133b9,fung1028,oe:team:215b3bc4217842708191cc9be161132,Impunity,jng,2024-06-21,2,833.44555630,613.44711356,0.89664325
oe:player:d6ad0e887a07d8b8f19af9dda9133b9,fung1028,oe:team:215b3bc4217842708191cc9be161132,Impunity,jng,2024-06-27,2,499.84323322,632.04837153,-0.53882584
oe:player:d6ad0e887a07d8b8f19af9dda9133b9,fung1028,oe:team:215b3bc4217842708191cc9be161132,Impunity,jng,2024-07-09,2,647.27080826,472.65492592,0.71167846
oe:player:d6ad0e887a07d8b8f19af9dda9133b9,fung1028,oe:team:215b3bc4217842708191cc9be161132,Impunity,jng,2024-07-10,2,510.44358673,398.09349683,0.46274755
oe:player:d6ad0e887a07d8b8f19af9dda9133b9,fung1028,oe:team:215b3bc4217842708191cc9be161132,Impunity,jng,2024-07-11,3,287.19966557,415.50034394,-0.52844483
oe:player:d6ad0e887a07d8b8f19af9dda9133b9,fung1028,oe:team:215b3bc4217842708191cc9be161132,Impunity,jng,2024-07-25,2,765.81854043,533.60324315,0.95644836
oe:player:d6ad0e887a07d8b8f19af9dda9133b9,fung1028,oe:team:215b3bc4217842708191cc9be161132,Impunity,jng,2024-07-31,3,432.19842675,540.85789753,-0.44754663
oe:player:d6ad0e887a07d8b8f19af9dda9133b9,fung1028,oe:team:215b3bc4217842708191cc9be161132,Impunity,jng,2024-08-09,3,394.74820359,396.11362942,-0.00562392
oe:player:dab9d868efc0d19f7f347ba16c372bc,Karaage,oe:team:26de0e706bbdee6670640bb499d80a9,Burning Core Toyama Academy,mid,2024-05-30,2,631.53436852,654.76090491,-0.09547722
oe:player:dab9d868efc0d19f7f347ba16c372bc,Karaage,oe:team:26de0e706bbdee6670640bb499d80a9,Burning Core Toyama Academy,mid,2024-05-31,2,619.69027320,652.46285206,-0.13471809
oe:player:dab9d868efc0d19f7f347ba16c372bc,Karaage,oe:team:26de0e706bbdee6670640bb499d80a9,Burning Core Toyama Academy,mid,2024-06-06,2,409.25707955,595.51594633,-0.76565347
oe:player:dab9d868efc0d19f7f347ba16c372bc,Karaage,oe:team:26de0e706bbdee6670640bb499d80a9,Burning Core Toyama Academy,mid,2024-06-07,2,666.02567394,704.11860463,-0.15658844
oe:player:dab9d868efc0d19f7f347ba16c372bc,Karaage,oe:team:26de0e706bbdee6670640bb499d80a9,Burning Core Toyama Academy,mid,2024-06-13,2,545.39598007,684.91525843,-0.57352126
oe:player:dab9d868efc0d19f7f347ba16c372bc,Karaage,oe:team:26de0e706bbdee6670640bb499d80a9,Burning Core Toyama Academy,mid,2024-06-14,2,634.55511069,507.86583012,0.53129372
oe:player:dab9d868efc0d19f7f347ba16c372bc,Karaage,oe:team:26de0e706bbdee6670640bb499d80a9,Burning Core Toyama Academy,mid,2024-06-20,2,804.75114199,692.48410437,0.47081151
oe:player:dab9d868efc0d19f7f347ba16c372bc,Karaage,oe:team:26de0e706bbdee6670640bb499d80a9,Burning Core Toyama Academy,mid,2024-06-21,2,608.19834457,596.95637868,0.04714516
oe:player:dab9d868efc0d19f7f347ba16c372bc,Karaage,oe:team:26de0e706bbdee6670640bb499d80a9,Burning Core Toyama Academy,mid,2024-06-26,2,665.96188600,505.20770662,0.67415084
oe:player:dab9d868efc0d19f7f347ba16c372bc,Karaage,oe:team:26de0e706bbdee6670640bb499d80a9,Burning Core Toyama Academy,mid,2024-06-27,3,630.59549546,629.86917408,0.00304596
oe:player:dc54c720b845b5d88fa5a8a72136b08,ANKS,oe:team:9114fb0f268de0d260acfef5fd97ef6,TNU Eagle (東南飛鷹),jng,2024-06-20,1,749.50138504,526.69135605,0.90810238
oe:player:dc54c720b845b5d88fa5a8a72136b08,ANKS,oe:team:9114fb0f268de0d260acfef5fd97ef6,TNU Eagle (東南飛鷹),jng,2024-06-21,2,432.63865332,472.62684269,-0.16297906
oe:player:dc54c720b845b5d88fa5a8a72136b08,ANKS,oe:team:9114fb0f268de0d260acfef5fd97ef6,TNU Eagle (東南飛鷹),jng,2024-06-26,2,541.65273615,648.15035656,-0.43405022
oe:player:dc54c720b845b5d88fa5a8a72136b08,ANKS,oe:team:9114fb0f268de0d260acfef5fd97ef6,TNU Eagle (東南飛鷹),sup,2024-05-29,2,290.04124145,294.81821244,-0.04137132
oe:player:dc54c720b845b5d88fa5a8a72136b08,ANKS,oe:team:9114fb0f268de0d260acfef5fd97ef6,TNU Eagle (東南飛鷹),sup,2024-05-30,1,517.88732394,245.91265217,2.35545748
oe:player:dc54c720b845b5d88fa5a8a72136b08,ANKS,oe:team:9114fb0f268de0d260acfef5fd97ef6,TNU Eagle (東南飛鷹),sup,2024-05-31,2,328.27098780,348.64896994,-0.17648508
oe:player:dc54c720b845b5d88fa5a8a72136b08,ANKS,oe:team:9114fb0f268de0d260acfef5fd97ef6,TNU Eagle (東南飛鷹),sup,2024-06-05,2,484.06991512,363.11498684,1.04753942
oe:player:dc54c720b845b5d88fa5a8a72136b08,ANKS,oe:team:9114fb0f268de0d260acfef5fd97ef6,TNU Eagle (東南飛鷹),sup,2024-06-06,2,266.96207130,407.57470341,-1.21778647
oe:player:dc54c720b845b5d88fa5a8a72136b08,ANKS,oe:team:9114fb0f268de0d260acfef5fd97ef6,TNU Eagle (東南飛鷹),sup,2024-06-12,2,272.69662921,228.46147977,0.38310190
oe:player:dc54c720b845b5d88fa5a8a72136b08,ANKS,oe:team:9114fb0f268de0d260acfef5fd97ef6,TNU Eagle (東南飛鷹),sup,2024-06-13,2,242.54852467,179.95644462,0.54208350
oe:player:de4379dd030940748fda299909f241f,Sh1vq,oe:team:68c346d1a5284be386b75f84d76b27d,AXIZ CREST Academy,sup,2024-05-30,2,193.89548418,146.99509277,0.40618443
oe:player:de4379dd030940748fda299909f241f,Sh1vq,oe:team:68c346d1a5284be386b75f84d76b27d,AXIZ CREST Academy,sup,2024-05-31,2,229.43071215,155.63048970,0.63915248
oe:player:de4379dd030940748fda299909f241f,Sh1vq,oe:team:68c346d1a5284be386b75f84d76b27d,AXIZ CREST Academy,sup,2024-06-06,2,151.84318182,67.07670187,0.73412659
oe:player:de4379dd030940748fda299909f241f,Sh1vq,oe:team:68c346d1a5284be386b75f84d76b27d,AXIZ CREST Academy,sup,2024-06-07,2,150.07309771,177.82804194,-0.24037382
oe:player:de4379dd030940748fda299909f241f,Sh1vq,oe:team:68c346d1a5284be386b75f84d76b27d,AXIZ CREST Academy,sup,2024-06-13,2,140.21840409,80.44194991,0.51769856
oe:player:de4379dd030940748fda299909f241f,Sh1vq,oe:team:68c346d1a5284be386b75f84d76b27d,AXIZ CREST Academy,sup,2024-06-14,2,184.50722709,202.04621573,-0.14705285
oe:player:de4379dd030940748fda299909f241f,Sh1vq,oe:team:68c346d1a5284be386b75f84d76b27d,AXIZ CREST Academy,sup,2024-06-20,2,120.73347874,204.77271761,-0.70461359
oe:player:de4379dd030940748fda299909f241f,Sh1vq,oe:team:68c346d1a5284be386b75f84d76b27d,AXIZ CREST Academy,sup,2024-06-21,2,227.45939676,92.54848688,1.13113900
oe:player:de4379dd030940748fda299909f241f,Sh1vq,oe:team:68c346d1a5284be386b75f84d76b27d,AXIZ CREST Academy,sup,2024-06-26,2,192.33530571,60.47819747,1.10553489
oe:player:de4379dd030940748fda299909f241f,Sh1vq,oe:team:68c346d1a5284be386b75f84d76b27d,AXIZ CREST Academy,sup,2024-06-27,3,182.52042125,161.36153164,0.17740333
oe:player:de4379dd030940748fda299909f241f,Sh1vq,oe:team:e03a850dd5c4b5029e75de77a2afb98,Sengoku Gaming Academy,sup,2024-03-22,2,265.72031703,266.69632584,-0.00836386
oe:player:de4379dd030940748fda299909f241f,Sh1vq,oe:team:e03a850dd5c4b5029e75de77a2afb98,Sengoku Gaming Academy,sup,2024-03-25,2,182.17950595,213.65085384,-0.26969230
oe:player:de4379dd030940748fda299909f241f,Sh1vq,oe:team:e03a850dd5c4b5029e75de77a2afb98,Sengoku Gaming Academy,sup,2024-03-26,2,195.73978656,208.37861592,-0.10830788
oe:player:dee96d43d7851840141cdeb46b3d57b,Adiogs,oe:team:2d2d70decb08dfb9bd23327e33e4198,CTBC Flying Oyster Academy,mid,2024-06-12,2,758.29716218,786.14460013,-0.11447234
oe:player:dee96d43d7851840141cdeb46b3d57b,Adiogs,oe:team:2d2d70decb08dfb9bd23327e33e4198,CTBC Flying Oyster Academy,mid,2024-06-13,2,871.70727639,769.87149354,0.41861589
oe:player:dee96d43d7851840141cdeb46b3d57b,Adiogs,oe:team:2d2d70decb08dfb9bd23327e33e4198,CTBC Flying Oyster Academy,mid,2024-06-14,2,884.33976935,809.18232924,0.31518591
oe:player:dee96d43d7851840141cdeb46b3d57b,Adiogs,oe:team:2d2d70decb08dfb9bd23327e33e4198,CTBC Flying Oyster Academy,mid,2024-06-20,2,1096.99554478,756.64783752,1.42730780
oe:player:dee96d43d7851840141cdeb46b3d57b,Adiogs,oe:team:2d2d70decb08dfb9bd23327e33e4198,CTBC Flying Oyster Academy,mid,2024-06-21,2,789.84906571,903.04850752,-0.47472171
oe:player:dee96d43d7851840141cdeb46b3d57b,Adiogs,oe:team:2d2d70decb08dfb9bd23327e33e4198,CTBC Flying Oyster Academy,mid,2024-06-26,2,827.48360493,735.73507024,0.38476357
oe:player:dee96d43d7851840141cdeb46b3d57b,Adiogs,oe:team:2d2d70decb08dfb9bd23327e33e4198,CTBC Flying Oyster Academy,mid,2024-06-27,2,984.54317172,850.29096873,0.56301016
oe:player:dee96d43d7851840141cdeb46b3d57b,Adiogs,oe:team:2d2d70decb08dfb9bd23327e33e4198,CTBC Flying Oyster Academy,mid,2024-07-09,2,802.02937839,726.01475375,0.31878066
oe:player:dee96d43d7851840141cdeb46b3d57b,Adiogs,oe:team:2d2d70decb08dfb9bd23327e33e4198,CTBC Flying Oyster Academy,mid,2024-07-10,2,1085.32859603,783.85149600,1.25163002
oe:player:dee96d43d7851840141cdeb46b3d57b,Adiogs,oe:team:2d2d70decb08dfb9bd23327e33e4198,CTBC Flying Oyster Academy,mid,2024-07-11,2,1010.55677941,641.19126097,1.53347957
oe:player:dee96d43d7851840141cdeb46b3d57b,Adiogs,oe:team:2d2d70decb08dfb9bd23327e33e4198,CTBC Flying Oyster Academy,mid,2024-07-25,2,674.36736088,770.33211106,-0.39841289
oe:player:dee96d43d7851840141cdeb46b3d57b,Adiogs,oe:team:2d2d70decb08dfb9bd23327e33e4198,CTBC Flying Oyster Academy,mid,2024-07-31,2,924.10772534,673.39179691,1.04088696
oe:player:dee96d43d7851840141cdeb46b3d57b,Adiogs,oe:team:2d2d70decb08dfb9bd23327e33e4198,CTBC Flying Oyster Academy,mid,2024-08-09,3,957.18521808,748.18931444,0.86767966
oe:player:dff8a724f95b1b3c78c7b026b0f55fa,Taicho,oe:team:68c346d1a5284be386b75f84d76b27d,AXIZ CREST Academy,top,2024-05-30,2,406.86266442,537.81081539,-0.57558877
oe:player:dff8a724f95b1b3c78c7b026b0f55fa,Taicho,oe:team:68c346d1a5284be386b75f84d76b27d,AXIZ CREST Academy,top,2024-05-31,2,595.21830727,542.95302596,0.22973451
oe:player:dff8a724f95b1b3c78c7b026b0f55fa,Taicho,oe:team:68c346d1a5284be386b75f84d76b27d,AXIZ CREST Academy,top,2024-06-06,2,512.42500000,423.05023546,0.39285099
oe:player:dff8a724f95b1b3c78c7b026b0f55fa,Taicho,oe:team:68c346d1a5284be386b75f84d76b27d,AXIZ CREST Academy,top,2024-06-07,2,276.04152647,513.22117105,-1.04253431
oe:player:dff8a724f95b1b3c78c7b026b0f55fa,Taicho,oe:team:68c346d1a5284be386b75f84d76b27d,AXIZ CREST Academy,top,2024-06-13,2,256.70808730,378.87349117,-0.53698379
oe:player:dff8a724f95b1b3c78c7b026b0f55fa,Taicho,oe:team:68c346d1a5284be386b75f84d76b27d,AXIZ CREST Academy,top,2024-06-14,2,436.25660257,549.59024486,-0.49526711
oe:player:dff8a724f95b1b3c78c7b026b0f55fa,Taicho,oe:team:68c346d1a5284be386b75f84d76b27d,AXIZ CREST Academy,top,2024-06-20,2,515.43571849,621.55194610,-0.46372706
oe:player:dff8a724f95b1b3c78c7b026b0f55fa,Taicho,oe:team:68c346d1a5284be386b75f84d76b27d,AXIZ CREST Academy,top,2024-06-21,2,302.47292496,399.93504529,-0.42590868
oe:player:dff8a724f95b1b3c78c7b026b0f55fa,Taicho,oe:team:68c346d1a5284be386b75f84d76b27d,AXIZ CREST Academy,top,2024-06-26,2,367.24322851,339.80358818,0.11991101
oe:player:dff8a724f95b1b3c78c7b026b0f55fa,Taicho,oe:team:68c346d1a5284be386b75f84d76b27d,AXIZ CREST Academy,top,2024-06-27,3,517.47343333,493.60929674,0.10428609
oe:player:e16c97254df6fe42751e7e9f7c98543,Prage,oe:team:672aa1aa4e9ac51d56830a3652dbc8b,Hungkuang Falcon (弘光獵鷹),bot,2024-06-20,2,658.17113903,661.34763088,-0.01175289
oe:player:e16c97254df6fe42751e7e9f7c98543,Prage,oe:team:672aa1aa4e9ac51d56830a3652dbc8b,Hungkuang Falcon (弘光獵鷹),bot,2024-06-21,2,1285.86817903,826.98681259,1.69784227
oe:player:e16c97254df6fe42751e7e9f7c98543,Prage,oe:team:672aa1aa4e9ac51d56830a3652dbc8b,Hungkuang Falcon (弘光獵鷹),bot,2024-06-26,2,776.91985674,732.44008060,0.16457335
oe:player:e16c97254df6fe42751e7e9f7c98543,Prage,oe:team:672aa1aa4e9ac51d56830a3652dbc8b,Hungkuang Falcon (弘光獵鷹),bot,2024-06-27,2,747.10443120,723.23104109,0.08833057
oe:player:e16c97254df6fe42751e7e9f7c98543,Prage,oe:team:672aa1aa4e9ac51d56830a3652dbc8b,Hungkuang Falcon (弘光獵鷹),bot,2024-07-09,2,699.26201180,712.08039112,-0.04742748
oe:player:e16c97254df6fe42751e7e9f7c98543,Prage,oe:team:672aa1aa4e9ac51d56830a3652dbc8b,Hungkuang Falcon (弘光獵鷹),bot,2024-07-10,2,682.75539374,663.38834503,0.06905859
oe:player:e16c97254df6fe42751e7e9f7c98543,Prage,oe:team:672aa1aa4e9ac51d56830a3652dbc8b,Hungkuang Falcon (弘光獵鷹),bot,2024-07-11,3,739.73080029,642.06755846,0.34824543
oe:player:e19ab4b60916a89414135d94703376c,Bwater,oe:team:215b3bc4217842708191cc9be161132,Impunity,top,2024-03-22,2,615.87051336,594.10821688,0.09602558
oe:player:e19ab4b60916a89414135d94703376c,Bwater,oe:team:215b3bc4217842708191cc9be161132,Impunity,top,2024-03-25,2,625.08577047,574.07791512,0.22507086
oe:player:e19ab4b60916a89414135d94703376c,Bwater,oe:team:215b3bc4217842708191cc9be161132,Impunity,top,2024-03-26,2,588.38162566,513.21296223,0.33167981
oe:player:e19ab4b60916a89414135d94703376c,Bwater,oe:team:215b3bc4217842708191cc9be161132,Impunity,top,2024-03-29,2,987.29862611,667.72528640,1.41010921
oe:player:e19ab4b60916a89414135d94703376c,Bwater,oe:team:215b3bc4217842708191cc9be161132,Impunity,top,2024-05-29,2,626.38498462,697.68935192,-0.31342171
oe:player:e19ab4b60916a89414135d94703376c,Bwater,oe:team:215b3bc4217842708191cc9be161132,Impunity,top,2024-05-30,2,866.15030187,658.56517143,0.91245022
oe:player:e19ab4b60916a89414135d94703376c,Bwater,oe:team:215b3bc4217842708191cc9be161132,Impunity,top,2024-05-31,2,451.30776397,544.24174155,-0.40849568
oe:player:e19ab4b60916a89414135d94703376c,Bwater,oe:team:215b3bc4217842708191cc9be161132,Impunity,top,2024-06-05,2,648.27620680,517.05958698,0.57676884
oe:player:e19ab4b60916a89414135d94703376c,Bwater,oe:team:215b3bc4217842708191cc9be161132,Impunity,top,2024-06-07,2,1041.98177239,846.46226485,0.85941521
oe:player:e19ab4b60916a89414135d94703376c,Bwater,oe:team:215b3bc4217842708191cc9be161132,Impunity,top,2024-06-12,2,848.35966077,700.68814938,0.64909709
oe:player:e19ab4b60916a89414135d94703376c,Bwater,oe:team:215b3bc4217842708191cc9be161132,Impunity,top,2024-06-13,2,933.01268044,627.69825342,1.34202395
oe:player:e19ab4b60916a89414135d94703376c,Bwater,oe:team:215b3bc4217842708191cc9be161132,Impunity,top,2024-06-14,2,520.73931986,726.97103538,-0.90123094
oe:player:e19ab4b60916a89414135d94703376c,Bwater,oe:team:215b3bc4217842708191cc9be161132,Impunity,top,2024-06-19,2,623.76609789,614.76755521,0.03932356
oe:player:e19ab4b60916a89414135d94703376c,Bwater,oe:team:215b3bc4217842708191cc9be161132,Impunity,top,2024-06-20,2,526.10872337,558.14395736,-0.13999372
oe:player:e19ab4b60916a89414135d94703376c,Bwater,oe:team:215b3bc4217842708191cc9be161132,Impunity,top,2024-06-27,2,1208.59103275,807.07035433,1.75464214
oe:player:e19ab4b60916a89414135d94703376c,Bwater,oe:team:215b3bc4217842708191cc9be161132,Impunity,top,2024-07-09,2,527.39344817,664.68178565,-0.59994893
oe:player:e19ab4b60916a89414135d94703376c,Bwater,oe:team:215b3bc4217842708191cc9be161132,Impunity,top,2024-07-10,2,814.16546012,577.16380655,1.00317366
oe:player:e19ab4b60916a89414135d94703376c,Bwater,oe:team:215b3bc4217842708191cc9be161132,Impunity,top,2024-07-11,3,552.13050891,638.49738242,-0.36557117
oe:player:e19ab4b60916a89414135d94703376c,Bwater,oe:team:215b3bc4217842708191cc9be161132,Impunity,top,2024-07-25,2,386.52983235,646.34792107,-1.09975040
oe:player:e19ab4b60916a89414135d94703376c,Bwater,oe:team:215b3bc4217842708191cc9be161132,Impunity,top,2024-07-31,3,480.28820610,765.54458803,-1.20742486
oe:player:e19ab4b60916a89414135d94703376c,Bwater,oe:team:215b3bc4217842708191cc9be161132,Impunity,top,2024-08-04,5,840.70035270,679.23626179,0.68344047
oe:player:e19ab4b60916a89414135d94703376c,Bwater,oe:team:215b3bc4217842708191cc9be161132,Impunity,top,2024-08-09,3,818.40725411,644.69212898,0.73529629
oe:player:e30f555e5a24f076a5d5be70a462527,TNS,oe:team:7c1df37eb66c8c498b823787634c4bc,PSG Talon Academy,sup,2024-03-22,2,169.45947720,307.42881040,-1.18232200
oe:player:e30f555e5a24f076a5d5be70a462527,TNS,oe:team:7c1df37eb66c8c498b823787634c4bc,PSG Talon Academy,sup,2024-03-25,2,160.67949704,207.21014737,-0.39874232
oe:player:e30f555e5a24f076a5d5be70a462527,TNS,oe:team:7c1df37eb66c8c498b823787634c4bc,PSG Talon Academy,sup,2024-03-26,2,250.07784088,319.00730295,-0.59068793
oe:player:e30f555e5a24f076a5d5be70a462527,TNS,oe:team:7c1df37eb66c8c498b823787634c4bc,PSG Talon Academy,sup,2024-04-04,2,425.91976737,374.25816032,0.44271182
oe:player:e30f555e5a24f076a5d5be70a462527,TNS,oe:team:7c1df37eb66c8c498b823787634c4bc,PSG Talon Academy,sup,2024-04-10,3,162.67596331,263.24643947,-0.86183417
oe:player:e30f555e5a24f076a5d5be70a462527,TNS,oe:team:7c1df37eb66c8c498b823787634c4bc,PSG Talon Academy,sup,2024-04-14,4,181.76471486,258.33339634,-0.65615187
oe:player:e30f555e5a24f076a5d5be70a462527,TNS,oe:team:7c1df37eb66c8c498b823787634c4bc,PSG Talon Academy,sup,2024-05-30,2,221.98975913,346.92683724,-1.08202714
oe:player:e30f555e5a24f076a5d5be70a462527,TNS,oe:team:7c1df37eb66c8c498b823787634c4bc,PSG Talon Academy,sup,2024-05-31,2,293.72644778,369.18717307,-0.65353339
oe:player:e30f555e5a24f076a5d5be70a462527,TNS,oe:team:7c1df37eb66c8c498b823787634c4bc,PSG Talon Academy,sup,2024-06-06,2,192.31738558,346.40318523,-1.33447187
oe:player:e30f555e5a24f076a5d5be70a462527,TNS,oe:team:7c1df37eb66c8c498b823787634c4bc,PSG Talon Academy,sup,2024-06-07,2,188.07608043,228.96407292,-0.35411359
oe:player:e30f555e5a24f076a5d5be70a462527,TNS,oe:team:7c1df37eb66c8c498b823787634c4bc,PSG Talon Academy,sup,2024-06-13,2,259.21561210,346.30288762,-0.75422602
oe:player:e30f555e5a24f076a5d5be70a462527,TNS,oe:team:7c1df37eb66c8c498b823787634c4bc,PSG Talon Academy,sup,2024-06-14,2,263.63600797,324.35921715,-0.50912406
oe:player:e30f555e5a24f076a5d5be70a462527,TNS,oe:team:7c1df37eb66c8c498b823787634c4bc,PSG Talon Academy,sup,2024-06-20,2,218.58078093,400.67581831,-1.52674679
oe:player:e30f555e5a24f076a5d5be70a462527,TNS,oe:team:7c1df37eb66c8c498b823787634c4bc,PSG Talon Academy,sup,2024-06-21,2,431.90546575,379.75983820,0.43720669
oe:player:e30f555e5a24f076a5d5be70a462527,TNS,oe:team:7c1df37eb66c8c498b823787634c4bc,PSG Talon Academy,sup,2024-06-26,2,280.15609435,395.17160895,-0.96432923
oe:player:e30f555e5a24f076a5d5be70a462527,TNS,oe:team:7c1df37eb66c8c498b823787634c4bc,PSG Talon Academy,sup,2024-06-27,2,262.63595317,299.92784494,-0.31266792
oe:player:e30f555e5a24f076a5d5be70a462527,TNS,oe:team:7c1df37eb66c8c498b823787634c4bc,PSG Talon Academy,sup,2024-07-09,2,214.54949640,309.69341963,-0.79771904
oe:player:e30f555e5a24f076a5d5be70a462527,TNS,oe:team:7c1df37eb66c8c498b823787634c4bc,PSG Talon Academy,sup,2024-07-11,2,237.09392152,218.49952360,0.15015434
oe:player:e30f555e5a24f076a5d5be70a462527,TNS,oe:team:7c1df37eb66c8c498b823787634c4bc,PSG Talon Academy,sup,2024-07-24,3,220.96462070,333.87481472,-0.91177761
oe:player:e59f7c2f41aa5d613b58a09c14bc0dc,Senmary,oe:team:e03a850dd5c4b5029e75de77a2afb98,Sengoku Gaming Academy,top,2024-03-22,2,1066.93845517,641.89777164,1.87548118
oe:player:e59f7c2f41aa5d613b58a09c14bc0dc,Senmary,oe:team:e03a850dd5c4b5029e75de77a2afb98,Sengoku Gaming Academy,top,2024-03-25,2,974.89195678,562.01584816,1.82180530
oe:player:e59f7c2f41aa5d613b58a09c14bc0dc,Senmary,oe:team:e03a850dd5c4b5029e75de77a2afb98,Sengoku Gaming Academy,top,2024-03-26,2,665.55025132,549.88731883,0.51035974
oe:player:e8a31970ca00025d7de8d3ef23126c5,JokerHan,name-team-57964d1ebff4a165,Bees Hum,mid,2024-04-04,2,741.25805284,626.78877623,0.46063643
oe:player:ec25c372d9dc85ffa0b720bf533e53d,Pika1,oe:team:215b3bc4217842708191cc9be161132,Impunity,bot,2024-03-22,2,966.81689866,665.73538586,1.12264777
oe:player:ec25c372d9dc85ffa0b720bf533e53d,Pika1,oe:team:215b3bc4217842708191cc9be161132,Impunity,bot,2024-03-25,2,533.14998871,625.35783457,-0.34381697
oe:player:ec25c372d9dc85ffa0b720bf533e53d,Pika1,oe:team:215b3bc4217842708191cc9be161132,Impunity,bot,2024-03-26,2,612.70924296,628.25232844,-0.05795577
oe:player:ec25c372d9dc85ffa0b720bf533e53d,Pika1,oe:team:215b3bc4217842708191cc9be161132,Impunity,bot,2024-03-29,2,984.06460314,724.61266241,0.96742288
oe:player:ec25c372d9dc85ffa0b720bf533e53d,Pika1,oe:team:215b3bc4217842708191cc9be161132,Impunity,bot,2024-04-03,2,492.57886435,736.55577667,-0.90972087
oe:player:ec25c372d9dc85ffa0b720bf533e53d,Pika1,oe:team:215b3bc4217842708191cc9be161132,Impunity,bot,2024-05-29,2,700.19788497,723.98943885,-0.08600845
oe:player:ec25c372d9dc85ffa0b720bf533e53d,Pika1,oe:team:215b3bc4217842708191cc9be161132,Impunity,bot,2024-05-30,2,1011.30094751,644.16711057,1.32721934
oe:player:ec25c372d9dc85ffa0b720bf533e53d,Pika1,oe:team:215b3bc4217842708191cc9be161132,Impunity,bot,2024-05-31,2,671.09265479,663.73706627,0.02659106
oe:player:ec25c372d9dc85ffa0b720bf533e53d,Pika1,oe:team:215b3bc4217842708191cc9be161132,Impunity,bot,2024-06-05,2,543.80196094,582.36185422,-0.13939722
oe:player:ec25c372d9dc85ffa0b720bf533e53d,Pika1,oe:team:215b3bc4217842708191cc9be161132,Impunity,bot,2024-06-07,2,867.32499554,752.96953323,0.41340450
oe:player:ec25c372d9dc85ffa0b720bf533e53d,Pika1,oe:team:215b3bc4217842708191cc9be161132,Impunity,bot,2024-06-12,1,829.41176471,691.74996908,0.49765884
oe:player:ec25c372d9dc85ffa0b720bf533e53d,Pika1,oe:team:215b3bc4217842708191cc9be161132,Impunity,bot,2024-06-13,2,694.79906332,662.08226215,0.11827396
oe:player:ec25c372d9dc85ffa0b720bf533e53d,Pika1,oe:team:215b3bc4217842708191cc9be161132,Impunity,bot,2024-06-14,2,769.19360188,734.70763415,0.12759667
oe:player:ec25c372d9dc85ffa0b720bf533e53d,Pika1,oe:team:215b3bc4217842708191cc9be161132,Impunity,bot,2024-06-19,2,956.13880967,758.90257943,0.72976598
oe:player:ec25c372d9dc85ffa0b720bf533e53d,Pika1,oe:team:215b3bc4217842708191cc9be161132,Impunity,bot,2024-06-20,2,536.54176292,616.29435820,-0.29508134
oe:player:ec25c372d9dc85ffa0b720bf533e53d,Pika1,oe:team:215b3bc4217842708191cc9be161132,Impunity,bot,2024-06-21,2,1014.79941532,775.71303055,0.88460983
oe:player:ec25c372d9dc85ffa0b720bf533e53d,Pika1,oe:team:215b3bc4217842708191cc9be161132,Impunity,bot,2024-07-09,1,680.88167053,649.70313243,0.11535931
oe:player:ec25c372d9dc85ffa0b720bf533e53d,Pika1,oe:team:215b3bc4217842708191cc9be161132,Impunity,bot,2024-07-10,2,1034.48901911,606.28068591,1.52689580
oe:player:ec25c372d9dc85ffa0b720bf533e53d,Pika1,oe:team:215b3bc4217842708191cc9be161132,Impunity,bot,2024-07-11,2,737.05078770,637.03507644,0.35663381
oe:player:ec25c372d9dc85ffa0b720bf533e53d,Pika1,oe:team:215b3bc4217842708191cc9be161132,Impunity,bot,2024-07-31,3,918.14453052,828.38850563,0.32005005
oe:player:ec25c372d9dc85ffa0b720bf533e53d,Pika1,oe:team:215b3bc4217842708191cc9be161132,Impunity,bot,2024-08-04,5,434.10321896,697.83707695,-0.94041636
oe:player:ec25c372d9dc85ffa0b720bf533e53d,Pika1,oe:team:215b3bc4217842708191cc9be161132,Impunity,bot,2024-08-09,3,485.42085044,637.53492937,-0.54240502
oe:player:ec25c372d9dc85ffa0b720bf533e53d,Pika1,oe:team:215b3bc4217842708191cc9be161132,Impunity,sup,2024-06-12,1,279.88023952,311.55844573,-0.27435153
oe:player:ee1cb8cdafcb526fc33bc91b0a011da,Parzival,oe:team:a23eb8479b972c2ea103fa362b0b5d5,West Point Esports Academy,top,2024-06-13,2,851.26514119,660.45813186,0.83870120
oe:player:ee1cb8cdafcb526fc33bc91b0a011da,Parzival,oe:team:a23eb8479b972c2ea103fa362b0b5d5,West Point Esports Academy,top,2024-06-14,2,512.38578411,500.05387561,0.05389034
oe:player:ee1cb8cdafcb526fc33bc91b0a011da,Parzival,oe:team:a23eb8479b972c2ea103fa362b0b5d5,West Point Esports Academy,top,2024-06-27,2,308.79731564,538.67176104,-1.00454948
oe:player:ee1cb8cdafcb526fc33bc91b0a011da,Parzival,oe:team:a23eb8479b972c2ea103fa362b0b5d5,West Point Esports Academy,top,2024-07-09,2,529.72731322,721.17229131,-0.83661302
oe:player:ee5ce4deb8f19aa9a127742e53c5475,kanashimi,oe:team:60b05f35ec3d0e7ef1d475e9fb5cdbe,Deep Cross Gaming Academy,mid,2024-03-22,2,505.45678636,638.73287201,-0.53631701
oe:player:ee5ce4deb8f19aa9a127742e53c5475,kanashimi,oe:team:60b05f35ec3d0e7ef1d475e9fb5cdbe,Deep Cross Gaming Academy,mid,2024-03-25,2,813.98058704,690.88489821,0.49535002
oe:player:ee5ce4deb8f19aa9a127742e53c5475,kanashimi,oe:team:60b05f35ec3d0e7ef1d475e9fb5cdbe,Deep Cross Gaming Academy,mid,2024-03-26,2,997.01558722,705.31524063,1.17383294
oe:player:ee5ce4deb8f19aa9a127742e53c5475,kanashimi,oe:team:60b05f35ec3d0e7ef1d475e9fb5cdbe,Deep Cross Gaming Academy,mid,2024-04-03,2,654.83500896,657.76231930,-0.01177981
oe:player:ee5ce4deb8f19aa9a127742e53c5475,kanashimi,oe:team:60b05f35ec3d0e7ef1d475e9fb5cdbe,Deep Cross Gaming Academy,mid,2024-04-10,2,493.70835139,613.86010767,-0.48350333
oe:player:f0809c55ecfa7cd6dc669b97b1f11e3,Masuhana,oe:team:60b05f35ec3d0e7ef1d475e9fb5cdbe,Deep Cross Gaming Academy,top,2024-03-22,2,668.48200066,588.07599457,0.35478945
oe:player:f0809c55ecfa7cd6dc669b97b1f11e3,Masuhana,oe:team:60b05f35ec3d0e7ef1d475e9fb5cdbe,Deep Cross Gaming Academy,top,2024-03-25,2,557.88470482,563.46679162,-0.02463082
oe:player:f0809c55ecfa7cd6dc669b97b1f11e3,Masuhana,oe:team:60b05f35ec3d0e7ef1d475e9fb5cdbe,Deep Cross Gaming Academy,top,2024-03-26,2,583.38907076,644.76024236,-0.27079873
oe:player:f0809c55ecfa7cd6dc669b97b1f11e3,Masuhana,oe:team:60b05f35ec3d0e7ef1d475e9fb5cdbe,Deep Cross Gaming Academy,top,2024-04-03,2,728.46838617,544.94408039,0.80979632
oe:player:f0809c55ecfa7cd6dc669b97b1f11e3,Masuhana,oe:team:60b05f35ec3d0e7ef1d475e9fb5cdbe,Deep Cross Gaming Academy,top,2024-04-10,2,218.87468624,538.26761496,-1.40931315
oe:player:f11ae850205ad8afad04221c0739148,TopRed,oe:team:672aa1aa4e9ac51d56830a3652dbc8b,Hungkuang Falcon (弘光獵鷹),top,2024-03-22,2,875.81480284,701.02837474,0.77124066
oe:player:f11ae850205ad8afad04221c0739148,TopRed,oe:team:672aa1aa4e9ac51d56830a3652dbc8b,Hungkuang Falcon (弘光獵鷹),top,2024-03-25,2,460.50023441,572.27658383,-0.49321029
oe:player:f11ae850205ad8afad04221c0739148,TopRed,oe:team:672aa1aa4e9ac51d56830a3652dbc8b,Hungkuang Falcon (弘光獵鷹),top,2024-03-26,2,508.36505338,546.06278979,-0.16634030
oe:player:f11ae850205ad8afad04221c0739148,TopRed,oe:team:672aa1aa4e9ac51d56830a3652dbc8b,Hungkuang Falcon (弘光獵鷹),top,2024-03-29,2,914.17788971,691.63059577,0.98198426
oe:player:f11ae850205ad8afad04221c0739148,TopRed,oe:team:672aa1aa4e9ac51d56830a3652dbc8b,Hungkuang Falcon (弘光獵鷹),top,2024-05-30,2,482.76090673,565.85348034,-0.36523732
oe:player:f11ae850205ad8afad04221c0739148,TopRed,oe:team:672aa1aa4e9ac51d56830a3652dbc8b,Hungkuang Falcon (弘光獵鷹),top,2024-05-31,2,666.29999556,573.25275556,0.40899353
oe:player:f11ae850205ad8afad04221c0739148,TopRed,oe:team:672aa1aa4e9ac51d56830a3652dbc8b,Hungkuang Falcon (弘光獵鷹),top,2024-06-06,2,804.63292691,613.66369238,0.83941427
oe:player:f11ae850205ad8afad04221c0739148,TopRed,oe:team:672aa1aa4e9ac51d56830a3652dbc8b,Hungkuang Falcon (弘光獵鷹),top,2024-06-07,2,857.82801682,675.74421525,0.80035793
oe:player:f11ae850205ad8afad04221c0739148,TopRed,oe:team:672aa1aa4e9ac51d56830a3652dbc8b,Hungkuang Falcon (弘光獵鷹),top,2024-06-13,2,917.52505807,586.77831973,1.45381288
oe:player:f11ae850205ad8afad04221c0739148,TopRed,oe:team:672aa1aa4e9ac51d56830a3652dbc8b,Hungkuang Falcon (弘光獵鷹),top,2024-06-14,2,520.52387983,585.58571590,-0.28431970
oe:player:f11ae850205ad8afad04221c0739148,TopRed,oe:team:672aa1aa4e9ac51d56830a3652dbc8b,Hungkuang Falcon (弘光獵鷹),top,2024-06-21,2,743.60698958,667.06132638,0.33450393
oe:player:f11ae850205ad8afad04221c0739148,TopRed,oe:team:672aa1aa4e9ac51d56830a3652dbc8b,Hungkuang Falcon (弘光獵鷹),top,2024-06-26,2,972.50692983,708.19862113,1.15502519
oe:player:f11ae850205ad8afad04221c0739148,TopRed,oe:team:672aa1aa4e9ac51d56830a3652dbc8b,Hungkuang Falcon (弘光獵鷹),top,2024-06-27,2,747.44383996,695.80586449,0.22565754
oe:player:f11ae850205ad8afad04221c0739148,TopRed,oe:team:672aa1aa4e9ac51d56830a3652dbc8b,Hungkuang Falcon (弘光獵鷹),top,2024-07-09,2,677.43552205,606.85607515,0.30843162
oe:player:f11ae850205ad8afad04221c0739148,TopRed,oe:team:672aa1aa4e9ac51d56830a3652dbc8b,Hungkuang Falcon (弘光獵鷹),top,2024-07-10,2,960.08764538,677.36003473,1.19672115
oe:player:f11ae850205ad8afad04221c0739148,TopRed,oe:team:672aa1aa4e9ac51d56830a3652dbc8b,Hungkuang Falcon (弘光獵鷹),top,2024-07-11,3,666.26720803,654.51526450,0.04974328
oe:player:f6c92cc6716b5a99dc2cb002ea1cfc0,Kurahuto,oe:team:845f7165c7cdaad9d2a2d764375d0df,DetonatioN FocusMe Academy,sup,2024-03-22,2,222.03290713,177.85006885,0.37862285
oe:player:f6c92cc6716b5a99dc2cb002ea1cfc0,Kurahuto,oe:team:845f7165c7cdaad9d2a2d764375d0df,DetonatioN FocusMe Academy,sup,2024-03-25,2,106.33070939,142.46604902,-0.30966017
oe:player:f6c92cc6716b5a99dc2cb002ea1cfc0,Kurahuto,oe:team:845f7165c7cdaad9d2a2d764375d0df,DetonatioN FocusMe Academy,sup,2024-03-26,2,267.32227333,159.13415658,0.92711320
oe:player:f6c92cc6716b5a99dc2cb002ea1cfc0,Kurahuto,oe:team:845f7165c7cdaad9d2a2d764375d0df,DetonatioN FocusMe Academy,sup,2024-05-30,2,228.09558277,83.15404099,1.25527733
oe:player:f6c92cc6716b5a99dc2cb002ea1cfc0,Kurahuto,oe:team:845f7165c7cdaad9d2a2d764375d0df,DetonatioN FocusMe Academy,sup,2024-05-31,2,191.46687162,112.30986443,0.68554532
oe:player:f6c92cc6716b5a99dc2cb002ea1cfc0,Kurahuto,oe:team:845f7165c7cdaad9d2a2d764375d0df,DetonatioN FocusMe Academy,sup,2024-06-05,2,249.42016415,220.84544551,0.24747354
oe:player:f6c92cc6716b5a99dc2cb002ea1cfc0,Kurahuto,oe:team:845f7165c7cdaad9d2a2d764375d0df,DetonatioN FocusMe Academy,sup,2024-06-06,2,188.86607023,155.04729400,0.29289010
oe:player:f6c92cc6716b5a99dc2cb002ea1cfc0,Kurahuto,oe:team:845f7165c7cdaad9d2a2d764375d0df,DetonatioN FocusMe Academy,sup,2024-06-07,2,199.43627107,122.12177626,0.66958810
oe:player:f6c92cc6716b5a99dc2cb002ea1cfc0,Kurahuto,oe:team:845f7165c7cdaad9d2a2d764375d0df,DetonatioN FocusMe Academy,sup,2024-06-12,2,162.82383019,22.28312267,1.21716356
oe:player:f6c92cc6716b5a99dc2cb002ea1cfc0,Kurahuto,oe:team:845f7165c7cdaad9d2a2d764375d0df,DetonatioN FocusMe Academy,sup,2024-06-13,2,399.98379734,95.27363038,2.63896574
oe:player:f6c92cc6716b5a99dc2cb002ea1cfc0,Kurahuto,oe:team:845f7165c7cdaad9d2a2d764375d0df,DetonatioN FocusMe Academy,sup,2024-06-19,2,246.94677743,226.12315045,0.17459238
oe:player:f6c92cc6716b5a99dc2cb002ea1cfc0,Kurahuto,oe:team:845f7165c7cdaad9d2a2d764375d0df,DetonatioN FocusMe Academy,sup,2024-06-20,2,233.58063828,246.15332030,-0.10541365
oe:player:f6c92cc6716b5a99dc2cb002ea1cfc0,Kurahuto,oe:team:845f7165c7cdaad9d2a2d764375d0df,DetonatioN FocusMe Academy,sup,2024-06-21,2,242.30805916,47.14597046,1.63630540
oe:player:f6c92cc6716b5a99dc2cb002ea1cfc0,Kurahuto,oe:team:845f7165c7cdaad9d2a2d764375d0df,DetonatioN FocusMe Academy,sup,2024-06-26,2,187.97268026,158.90491992,0.24371400
oe:player:f6c92cc6716b5a99dc2cb002ea1cfc0,Kurahuto,oe:team:845f7165c7cdaad9d2a2d764375d0df,DetonatioN FocusMe Academy,sup,2024-06-27,2,309.27437853,155.32077355,1.29079944
oe:player:f6d396ec0d1bfac782d5389da59df76,Enapon,oe:team:68c346d1a5284be386b75f84d76b27d,AXIZ CREST Academy,mid,2024-03-25,2,688.34538694,613.82623732,0.29987291
oe:player:f6d396ec0d1bfac782d5389da59df76,Enapon,oe:team:68c346d1a5284be386b75f84d76b27d,AXIZ CREST Academy,mid,2024-03-26,2,700.42903876,698.03779668,0.00962261
oe:player:f7c3eb507dc041ffdd1f2c8b60fbeae,AIM4,oe:team:68c346d1a5284be386b75f84d76b27d,AXIZ CREST Academy,top,2024-03-25,2,546.61162026,580.95149595,-0.15152383
oe:player:f7c3eb507dc041ffdd1f2c8b60fbeae,AIM4,oe:team:68c346d1a5284be386b75f84d76b27d,AXIZ CREST Academy,top,2024-03-26,2,811.91430854,633.21831092,0.78849153
oe:player:fae40407a31cd3c218d314e67b5f04b,Adizai,oe:team:435f9b3d0b3ae3b58516d7bd843a988,Chienhsin Bear (健行熊),top,2024-05-30,2,716.02653783,716.90971943,-0.00388207
oe:player:fae40407a31cd3c218d314e67b5f04b,Adizai,oe:team:435f9b3d0b3ae3b58516d7bd843a988,Chienhsin Bear (健行熊),top,2024-05-31,2,324.43411388,519.97882587,-0.85952600
oe:player:fae40407a31cd3c218d314e67b5f04b,Adizai,oe:team:435f9b3d0b3ae3b58516d7bd843a988,Chienhsin Bear (健行熊),top,2024-06-06,2,631.29235066,605.37716186,0.11391143
oe:player:fae40407a31cd3c218d314e67b5f04b,Adizai,oe:team:435f9b3d0b3ae3b58516d7bd843a988,Chienhsin Bear (健行熊),top,2024-06-07,2,686.72336329,627.84396875,0.25880715
oe:player:fae40407a31cd3c218d314e67b5f04b,Adizai,oe:team:435f9b3d0b3ae3b58516d7bd843a988,Chienhsin Bear (健行熊),top,2024-06-13,2,774.99189743,566.10357377,0.91817847
oe:player:fae40407a31cd3c218d314e67b5f04b,Adizai,oe:team:435f9b3d0b3ae3b58516d7bd843a988,Chienhsin Bear (健行熊),top,2024-06-14,2,934.16293869,703.45704670,1.00818290
oe:player:fae40407a31cd3c218d314e67b5f04b,Adizai,oe:team:435f9b3d0b3ae3b58516d7bd843a988,Chienhsin Bear (健行熊),top,2024-06-20,2,563.55386090,618.94480184,-0.24205797
oe:player:fae40407a31cd3c218d314e67b5f04b,Adizai,oe:team:435f9b3d0b3ae3b58516d7bd843a988,Chienhsin Bear (健行熊),top,2024-06-21,2,568.58518306,587.08545940,-0.08084606
oe:player:fae40407a31cd3c218d314e67b5f04b,Adizai,oe:team:435f9b3d0b3ae3b58516d7bd843a988,Chienhsin Bear (健行熊),top,2024-06-26,2,771.68637940,624.69069451,0.64236996
oe:player:fae40407a31cd3c218d314e67b5f04b,Adizai,oe:team:435f9b3d0b3ae3b58516d7bd843a988,Chienhsin Bear (健行熊),top,2024-06-27,2,616.50409102,746.44413166,-0.56783694
oe:player:fae40407a31cd3c218d314e67b5f04b,Adizai,oe:team:435f9b3d0b3ae3b58516d7bd843a988,Chienhsin Bear (健行熊),top,2024-07-09,3,626.87347072,657.26099420,-0.13279323
oe:player:fae40407a31cd3c218d314e67b5f04b,Adizai,oe:team:435f9b3d0b3ae3b58516d7bd843a988,Chienhsin Bear (健行熊),top,2024-07-10,3,687.09430318,577.42493426,0.46420529
oe:player:fae40407a31cd3c218d314e67b5f04b,Adizai,oe:team:435f9b3d0b3ae3b58516d7bd843a988,Chienhsin Bear (健行熊),top,2024-07-11,3,460.18433642,611.12156836,-0.63888269
oe:player:fae40407a31cd3c218d314e67b5f04b,Adizai,oe:team:435f9b3d0b3ae3b58516d7bd843a988,Chienhsin Bear (健行熊),top,2024-07-24,3,582.69176019,646.75292415,-0.27115622
oe:player:fae40407a31cd3c218d314e67b5f04b,Adizai,oe:team:435f9b3d0b3ae3b58516d7bd843a988,Chienhsin Bear (健行熊),top,2024-07-25,2,630.56488104,608.91493671,0.09163925
oe:player:fae40407a31cd3c218d314e67b5f04b,Adizai,oe:team:435f9b3d0b3ae3b58516d7bd843a988,Chienhsin Bear (健行熊),top,2024-07-31,3,427.28822436,578.88333564,-0.64166735
