record_id,game_id,date,day,season,split,playoffs,patch,side,team_id,team,opponent_team_id,opponent_team,player_id,player,role,champion,opponent_player_id,opponent_champion,role_champion,lineup_id,result,game_seconds,game_minutes,kills,deaths,assists,kda,total_gold,damage,total_cs,dpm,gold_share,damage_share,vision_score,vision_per_minute,kill_participation,gold_diff_at_15,xp_diff_at_15,cs_diff_at_15,fold,prediction_status,expected_dpm,baseline_dpm,training_role_sd,adjusted_impact,train_end_day
pg-e1bd9630b7e1eca6,LOLTMNT05_84167,2024-09-30T15:01:10,2024-09-30,2024,Unknown,0,14.18,Blue,name-team-b00e02d31d63590c,AIX eSports,oe:team:980ab072663574c2e4fca71f275d302,Eintracht Spandau,oe:player:40db945ac8a9a1ec8bbf8f3c3c4e003,PIM,bot,Ezreal,oe:player:9ea5afea85321b13df74acb62bfb530,Aphelios,bot:Ezreal,lineup-7ebc288864984dcc,0,1286.00000000,21.43333333,0,3,2,0.66666667,6868.00000000,5445.00000000,148,254.04354588,0.22122012,0.21174412,7,0.32659409,0.50000000,-2923.00000000,-334.00000000,-11.00000000,0,warmup,,,,,
pg-13961db37ae32fb8,LOLTMNT05_84167,2024-09-30T15:01:10,2024-09-30,2024,Unknown,0,14.18,Blue,name-team-b00e02d31d63590c,AIX eSports,oe:team:980ab072663574c2e4fca71f275d302,Eintracht Spandau,oe:player:396a806cfe4ad5c04ecba5f82ab0c60,WeSeR,jng,Nocturne,oe:player:25372337c424d854728ed2a7775efb6,Jarvan IV,jng:Nocturne,lineup-7ebc288864984dcc,0,1286.00000000,21.43333333,1,2,3,2.00000000,6130.00000000,5097.00000000,118,237.80715397,0.19744895,0.19821116,27,1.25972006,1.00000000,-828.00000000,-794.00000000,-14.00000000,0,warmup,,,,,
pg-ca681b84f237ad81,LOLTMNT05_84167,2024-09-30T15:01:10,2024-09-30,2024,Unknown,0,14.18,Blue,name-team-b00e02d31d63590c,AIX eSports,oe:team:980ab072663574c2e4fca71f275d302,Eintracht Spandau,oe:player:e130e2c7551384e1262e534a35d1cec,Lebronzey,mid,Orianna,oe:player:b6ebe3c8487ddc3a23c586e650c4528,Hwei,mid:Orianna,lineup-7ebc288864984dcc,0,1286.00000000,21.43333333,1,4,3,1.00000000,6968.00000000,4361.00000000,164,203.46811820,0.22444115,0.16958973,20,0.93312597,1.00000000,-2065.00000000,-937.00000000,-41.00000000,0,warmup,,,,,
pg-b93cc6f5281db1dd,LOLTMNT05_84167,2024-09-30T15:01:10,2024-09-30,2024,Unknown,0,14.18,Blue,name-team-b00e02d31d63590c,AIX eSports,oe:team:980ab072663574c2e4fca71f275d302,Eintracht Spandau,oe:player:b401584337ccf62f7c91e9759734808,ShinyQB,sup,Rell,oe:player:a291e13e72870a901a7a03a59d9c6be,Thresh,sup:Rell,lineup-7ebc288864984dcc,0,1286.00000000,21.43333333,1,3,3,1.33333333,4642.00000000,2672.00000000,23,124.66562986,0.14952007,0.10390822,43,2.00622084,1.00000000,-1152.00000000,-231.00000000,4.00000000,0,warmup,,,,,
pg-a8f8faea30b0bfc4,LOLTMNT05_84167,2024-09-30T15:01:10,2024-09-30,2024,Unknown,0,14.18,Blue,name-team-b00e02d31d63590c,AIX eSports,oe:team:980ab072663574c2e4fca71f275d302,Eintracht Spandau,oe:player:85940c01bc7a2392ac8be57e96545f4,Anto,top,Ornn,oe:player:3ef7267325e7c72a8ca898504722520,Jax,top:Ornn,lineup-7ebc288864984dcc,0,1286.00000000,21.43333333,1,2,2,1.50000000,6438.00000000,8140.00000000,140,379.78227061,0.20736971,0.31654676,12,0.55987558,0.75000000,-1652.00000000,-962.00000000,-21.00000000,0,warmup,,,,,
pg-d02249785188e89c,LOLTMNT05_84167,2024-09-30T15:01:10,2024-09-30,2024,Unknown,0,14.18,Red,oe:team:980ab072663574c2e4fca71f275d302,Eintracht Spandau,name-team-b00e02d31d63590c,AIX eSports,oe:player:9ea5afea85321b13df74acb62bfb530,Fun K3y,bot,Aphelios,oe:player:40db945ac8a9a1ec8bbf8f3c3c4e003,Ezreal,bot:Aphelios,lineup-7806ec98ee9cc07b,1,1286.00000000,21.43333333,5,1,1,6.00000000,11172.00000000,10290.00000000,201,480.09331260,0.24588973,0.20764807,29,1.35303266,0.42857143,2923.00000000,334.00000000,11.00000000,0,warmup,,,,,
pg-b5df44dc8f53fde3,LOLTMNT05_84167,2024-09-30T15:01:10,2024-09-30,2024,Unknown,0,14.18,Red,oe:team:980ab072663574c2e4fca71f275d302,Eintracht Spandau,name-team-b00e02d31d63590c,AIX eSports,oe:player:25372337c424d854728ed2a7775efb6,Zanzarah,jng,Jarvan IV,oe:player:396a806cfe4ad5c04ecba5f82ab0c60,Nocturne,jng:Jarvan IV,lineup-7806ec98ee9cc07b,1,1286.00000000,21.43333333,2,1,8,10.00000000,8160.00000000,10355.00000000,124,483.12597201,0.17959723,0.20895974,19,0.88646967,0.71428571,828.00000000,794.00000000,14.00000000,0,warmup,,,,,
pg-a77e56ca36668b3d,LOLTMNT05_84167,2024-09-30T15:01:10,2024-09-30,2024,Unknown,0,14.18,Red,oe:team:980ab072663574c2e4fca71f275d302,Eintracht Spandau,name-team-b00e02d31d63590c,AIX eSports,oe:player:b6ebe3c8487ddc3a23c586e650c4528,PowerOfEvil,mid,Hwei,oe:player:e130e2c7551384e1262e534a35d1cec,Orianna,mid:Hwei,lineup-7806ec98ee9cc07b,1,1286.00000000,21.43333333,4,0,3,7.00000000,10246.00000000,16104.00000000,223,751.35303266,0.22550897,0.32497225,23,1.07309487,0.50000000,2065.00000000,937.00000000,41.00000000,0,warmup,,,,,
pg-20748c0fcbe3901b,LOLTMNT05_84167,2024-09-30T15:01:10,2024-09-30,2024,Unknown,0,14.18,Red,oe:team:980ab072663574c2e4fca71f275d302,Eintracht Spandau,name-team-b00e02d31d63590c,AIX eSports,oe:player:a291e13e72870a901a7a03a59d9c6be,Lilipp,sup,Thresh,oe:player:b401584337ccf62f7c91e9759734808,Rell,sup:Thresh,lineup-7806ec98ee9cc07b,1,1286.00000000,21.43333333,1,2,9,5.00000000,6417.00000000,3630.00000000,14,169.36236392,0.14123473,0.07325194,52,2.42612753,0.71428571,1152.00000000,231.00000000,-4.00000000,0,warmup,,,,,
pg-b9e600622d3988d8,LOLTMNT05_84167,2024-09-30T15:01:10,2024-09-30,2024,Unknown,0,14.18,Red,oe:team:980ab072663574c2e4fca71f275d302,Eintracht Spandau,name-team-b00e02d31d63590c,AIX eSports,oe:player:3ef7267325e7c72a8ca898504722520,Vertigo,top,Jax,oe:player:85940c01bc7a2392ac8be57e96545f4,Ornn,top:Jax,lineup-7806ec98ee9cc07b,1,1286.00000000,21.43333333,2,0,3,5.00000000,9440.00000000,9176.00000000,188,428.11819596,0.20776934,0.18516800,18,0.83981337,0.35714286,1652.00000000,962.00000000,21.00000000,0,warmup,,,,,
pg-654beee740e3e117,LOLTMNT05_84166,2024-09-30T15:01:14,2024-09-30,2024,Unknown,0,14.18,Blue,oe:team:3de935df8f40fbb4d0e564d4a20e6cb,Berlin International Gaming,name-team-290cb1b9e8978f88,Andromeda Nebula,oe:player:71b8101d78beb04a089caa90a8d9310,Jeskla,bot,Kai'Sa,name-player-c4b565cad9686e93,Jinx,bot:Kai'Sa,lineup-82727a2573d80da3,1,1266.00000000,21.10000000,7,1,12,19.00000000,10626.00000000,17969.00000000,162,851.61137441,0.20988386,0.25004175,19,0.90047393,0.70370370,1195.00000000,618.00000000,16.00000000,0,warmup,,,,,
pg-073631df7cac252c,LOLTMNT05_84166,2024-09-30T15:01:14,2024-09-30,2024,Unknown,0,14.18,Blue,oe:team:3de935df8f40fbb4d0e564d4a20e6cb,Berlin International Gaming,name-team-290cb1b9e8978f88,Andromeda Nebula,oe:player:3597a9b82f5f462aaa8a0fa552a9bac,Densi,jng,Lillia,name-player-9b99530cfceb1999,Maokai,jng:Lillia,lineup-82727a2573d80da3,1,1266.00000000,21.10000000,10,2,10,10.00000000,11673.00000000,13509.00000000,154,640.23696682,0.23056411,0.18798007,17,0.80568720,0.74074074,3138.00000000,1644.00000000,35.00000000,0,warmup,,,,,
pg-bb3aca91d37e14cf,LOLTMNT05_84166,2024-09-30T15:01:14,2024-09-30,2024,Unknown,0,14.18,Blue,oe:team:3de935df8f40fbb4d0e564d4a20e6cb,Berlin International Gaming,name-team-290cb1b9e8978f88,Andromeda Nebula,oe:player:2096ff50c6496d70e4b39793390c9ce,Sencux,mid,Yone,name-player-4519a4ead78266a3,Yasuo,mid:Yone,lineup-82727a2573d80da3,1,1266.00000000,21.10000000,5,1,13,18.00000000,10962.00000000,17611.00000000,181,834.64454976,0.21652050,0.24506011,18,0.85308057,0.66666667,2403.00000000,1746.00000000,19.00000000,0,warmup,,,,,
pg-1cff3ee859a8d3ea,LOLTMNT05_84166,2024-09-30T15:01:14,2024-09-30,2024,Unknown,0,14.18,Blue,oe:team:3de935df8f40fbb4d0e564d4a20e6cb,Berlin International Gaming,name-team-290cb1b9e8978f88,Andromeda Nebula,oe:player:74f3f60a44ee916ecc257a5381be756,Lekcyc,sup,Rell,name-player-f6f61cbab413cde5,Alistar,sup:Rell,lineup-82727a2573d80da3,1,1266.00000000,21.10000000,0,2,23,11.50000000,7407.00000000,6682.00000000,16,316.68246445,0.14630244,0.09298119,49,2.32227488,0.85185185,1693.00000000,200.00000000,-2.00000000,0,warmup,,,,,
pg-77ca41dd569f01ba,LOLTMNT05_84166,2024-09-30T15:01:14,2024-09-30,2024,Unknown,0,14.18,Blue,oe:team:3de935df8f40fbb4d0e564d4a20e6cb,Berlin International Gaming,name-team-290cb1b9e8978f88,Andromeda Nebula,oe:player:e0b008815ab05c5cdaf4d46ab61ff63,Vizicsacsi,top,K'Sante,name-player-57bc9c1151d7b5c6,Aurora,top:K'Sante,lineup-82727a2573d80da3,1,1266.00000000,21.10000000,5,1,11,16.00000000,9960.00000000,16093.00000000,140,762.70142180,0.19672908,0.22393688,28,1.32701422,0.59259259,1997.00000000,777.00000000,8.00000000,0,warmup,,,,,
pg-e37211d3bd5d81c9,LOLTMNT05_84166,2024-09-30T15:01:14,2024-09-30,2024,Unknown,0,14.18,Red,name-team-290cb1b9e8978f88,Andromeda Nebula,oe:team:3de935df8f40fbb4d0e564d4a20e6cb,Berlin International Gaming,name-player-c4b565cad9686e93,AOM Fabiqt,bot,Jinx,oe:player:71b8101d78beb04a089caa90a8d9310,Kai'Sa,bot:Jinx,lineup-029516070325e8a9,0,1266.00000000,21.10000000,6,4,1,1.75000000,8937.00000000,16670.00000000,165,790.04739336,0.27095777,0.33734013,11,0.52132701,1.00000000,-1195.00000000,-618.00000000,-16.00000000,0,warmup,,,,,
pg-b1622f62a83f8af2,LOLTMNT05_84166,2024-09-30T15:01:14,2024-09-30,2024,Unknown,0,14.18,Red,name-team-290cb1b9e8978f88,Andromeda Nebula,oe:team:3de935df8f40fbb4d0e564d4a20e6cb,Berlin International Gaming,name-player-9b99530cfceb1999,AOM Kipapo,jng,Maokai,oe:player:3597a9b82f5f462aaa8a0fa552a9bac,Lillia,jng:Maokai,lineup-029516070325e8a9,0,1266.00000000,21.10000000,0,6,6,1.00000000,5528.00000000,10265.00000000,92,486.49289100,0.16760149,0.20772624,8,0.37914692,0.85714286,-3138.00000000,-1644.00000000,-35.00000000,0,warmup,,,,,
pg-e2c8705217e313b3,LOLTMNT05_84166,2024-09-30T15:01:14,2024-09-30,2024,Unknown,0,14.18,Red,name-team-290cb1b9e8978f88,Andromeda Nebula,oe:team:3de935df8f40fbb4d0e564d4a20e6cb,Berlin International Gaming,name-player-4519a4ead78266a3,AOM Arcanum,mid,Yasuo,oe:player:2096ff50c6496d70e4b39793390c9ce,Yone,mid:Yasuo,lineup-029516070325e8a9,0,1266.00000000,21.10000000,1,6,3,0.66666667,8155.00000000,8847.00000000,181,419.28909953,0.24724858,0.17903108,8,0.37914692,0.57142857,-2403.00000000,-1746.00000000,-19.00000000,0,warmup,,,,,
pg-3dec3ecfb340391a,LOLTMNT05_84166,2024-09-30T15:01:14,2024-09-30,2024,Unknown,0,14.18,Red,name-team-290cb1b9e8978f88,Andromeda Nebula,oe:team:3de935df8f40fbb4d0e564d4a20e6cb,Berlin International Gaming,name-player-f6f61cbab413cde5,AOM amboor,sup,Alistar,oe:player:74f3f60a44ee916ecc257a5381be756,Rell,sup:Alistar,lineup-029516070325e8a9,0,1266.00000000,21.10000000,0,5,7,1.40000000,4653.00000000,3079.00000000,19,145.92417062,0.14107267,0.06230775,53,2.51184834,1.00000000,-1693.00000000,-200.00000000,2.00000000,0,warmup,,,,,
pg-1eccc17e8bed6fff,LOLTMNT05_84166,2024-09-30T15:01:14,2024-09-30,2024,Unknown,0,14.18,Red,name-team-290cb1b9e8978f88,Andromeda Nebula,oe:team:3de935df8f40fbb4d0e564d4a20e6cb,Berlin International Gaming,name-player-57bc9c1151d7b5c6,AOM amicusp,top,Aurora,oe:player:e0b008815ab05c5cdaf4d46ab61ff63,K'Sante,top:Aurora,lineup-029516070325e8a9,0,1266.00000000,21.10000000,0,6,3,0.50000000,5710.00000000,10555.00000000,132,500.23696682,0.17311949,0.21359479,9,0.42654028,0.42857143,-1997.00000000,-777.00000000,-8.00000000,0,warmup,,,,,
pg-875f86da910cc7d6,LOLTMNT05_84163,2024-09-30T15:01:20,2024-09-30,2024,Unknown,0,14.18,Blue,oe:team:26ff1a9f7fb8e976fbdcc5d2a8ac397,E WIE EINFACH E-SPORTS,oe:team:30fa9a41992f6d79206892a5af03a43,All for One Gaming,oe:player:08cc98f89d63a05973e5db39e6b9945,Noz2k,bot,Ezreal,oe:player:b7ba183b22675d06d42bd783276a010,Miss Fortune,bot:Ezreal,lineup-faa4d797b1949e70,1,1534.00000000,25.56666667,7,2,5,6.00000000,12259.00000000,22223.00000000,246,869.21773142,0.22701431,0.30297618,28,1.09517601,0.60000000,19.00000000,884.00000000,4.00000000,0,warmup,,,,,
pg-c9c6bde1ba25d8f9,LOLTMNT05_84163,2024-09-30T15:01:20,2024-09-30,2024,Unknown,0,14.18,Blue,oe:team:26ff1a9f7fb8e976fbdcc5d2a8ac397,E WIE EINFACH E-SPORTS,oe:team:30fa9a41992f6d79206892a5af03a43,All for One Gaming,oe:player:3e1b1e0f9c925b2f504d78f3bd5da22,D4nKa,jng,Sejuani,oe:player:0d7c1887f1bc9cfeffde4e06b426dbb,Jarvan IV,jng:Sejuani,lineup-faa4d797b1949e70,1,1534.00000000,25.56666667,1,2,14,7.50000000,9254.00000000,9305.00000000,133,363.95045632,0.17136720,0.12685926,25,0.97783572,0.75000000,-1081.00000000,-849.00000000,-16.00000000,0,warmup,,,,,
pg-94e5cb4acbda1537,LOLTMNT05_84163,2024-09-30T15:01:20,2024-09-30,2024,Unknown,0,14.18,Blue,oe:team:26ff1a9f7fb8e976fbdcc5d2a8ac397,E WIE EINFACH E-SPORTS,oe:team:30fa9a41992f6d79206892a5af03a43,All for One Gaming,oe:player:2ca9469819fb0fb61ff98e914a7ccca,Relative,mid,Akali,oe:player:4e24975f772fe41fcf838ea9dbe138f,Ahri,mid:Akali,lineup-faa4d797b1949e70,1,1534.00000000,25.56666667,6,1,5,11.00000000,12922.00000000,16717.00000000,250,653.85919166,0.23929186,0.22791040,27,1.05606258,0.55000000,196.00000000,-409.00000000,4.00000000,0,warmup,,,,,
pg-de5edd126992fb93,LOLTMNT05_84163,2024-09-30T15:01:20,2024-09-30,2024,Unknown,0,14.18,Blue,oe:team:26ff1a9f7fb8e976fbdcc5d2a8ac397,E WIE EINFACH E-SPORTS,oe:team:30fa9a41992f6d79206892a5af03a43,All for One Gaming,oe:player:87f462541b21fed4081f063502bf4da,Tockimo,sup,Poppy,oe:player:20cdf5972da68ab707cded4dd74d57e,Renata Glasc,sup:Poppy,lineup-faa4d797b1949e70,1,1534.00000000,25.56666667,1,2,9,5.00000000,6806.00000000,7699.00000000,27,301.13428944,0.12603470,0.10496394,90,3.52020860,0.50000000,153.00000000,-193.00000000,0.00000000,0,warmup,,,,,
pg-022f766f5d4e16f5,LOLTMNT05_84163,2024-09-30T15:01:20,2024-09-30,2024,Unknown,0,14.18,Blue,oe:team:26ff1a9f7fb8e976fbdcc5d2a8ac397,E WIE EINFACH E-SPORTS,oe:team:30fa9a41992f6d79206892a5af03a43,All for One Gaming,oe:player:0fcaa97e5408efcaa78f5517e34cb02,Flamer,top,Volibear,oe:player:0ca1c9160623ef369d846ce506df20f,Aatrox,top:Volibear,lineup-faa4d797b1949e70,1,1534.00000000,25.56666667,5,4,6,2.75000000,12760.00000000,17405.00000000,231,680.76923077,0.23629192,0.23729022,18,0.70404172,0.55000000,-255.00000000,-998.00000000,16.00000000,0,warmup,,,,,
pg-36bd06ee2de820a4,LOLTMNT05_84163,2024-09-30T15:01:20,2024-09-30,2024,Unknown,0,14.18,Red,oe:team:30fa9a41992f6d79206892a5af03a43,All for One Gaming,oe:team:26ff1a9f7fb8e976fbdcc5d2a8ac397,E WIE EINFACH E-SPORTS,oe:player:b7ba183b22675d06d42bd783276a010,Kazing,bot,Miss Fortune,oe:player:08cc98f89d63a05973e5db39e6b9945,Ezreal,bot:Miss Fortune,lineup-7116e4492f85a928,0,1534.00000000,25.56666667,1,3,2,1.00000000,8871.00000000,10090.00000000,228,394.65449804,0.20509560,0.16711108,17,0.66492829,0.27272727,-19.00000000,-884.00000000,-4.00000000,0,warmup,,,,,
pg-e42e9bdec025aed8,LOLTMNT05_84163,2024-09-30T15:01:20,2024-09-30,2024,Unknown,0,14.18,Red,oe:team:30fa9a41992f6d79206892a5af03a43,All for One Gaming,oe:team:26ff1a9f7fb8e976fbdcc5d2a8ac397,E WIE EINFACH E-SPORTS,oe:player:0d7c1887f1bc9cfeffde4e06b426dbb,Pasu,jng,Jarvan IV,oe:player:3e1b1e0f9c925b2f504d78f3bd5da22,Sejuani,jng:Jarvan IV,lineup-7116e4492f85a928,0,1534.00000000,25.56666667,3,4,4,1.75000000,8538.00000000,6626.00000000,149,259.16558018,0.19739671,0.10974014,33,1.29074316,0.63636364,1081.00000000,849.00000000,16.00000000,0,warmup,,,,,
pg-6993b93181e9fbf5,LOLTMNT05_84163,2024-09-30T15:01:20,2024-09-30,2024,Unknown,0,14.18,Red,oe:team:30fa9a41992f6d79206892a5af03a43,All for One Gaming,oe:team:26ff1a9f7fb8e976fbdcc5d2a8ac397,E WIE EINFACH E-SPORTS,oe:player:4e24975f772fe41fcf838ea9dbe138f,Fooneses,mid,Ahri,oe:player:2ca9469819fb0fb61ff98e914a7ccca,Akali,mid:Ahri,lineup-7116e4492f85a928,0,1534.00000000,25.56666667,3,3,2,1.66666667,10655.00000000,19625.00000000,247,767.60104302,0.24634129,0.32503023,36,1.40808344,0.45454545,-196.00000000,409.00000000,-4.00000000,0,warmup,,,,,
pg-538bddc5fad231ef,LOLTMNT05_84163,2024-09-30T15:01:20,2024-09-30,2024,Unknown,0,14.18,Red,oe:team:30fa9a41992f6d79206892a5af03a43,All for One Gaming,oe:team:26ff1a9f7fb8e976fbdcc5d2a8ac397,E WIE EINFACH E-SPORTS,oe:player:20cdf5972da68ab707cded4dd74d57e,Seraphya,sup,Renata Glasc,oe:player:87f462541b21fed4081f063502bf4da,Poppy,sup:Renata Glasc,lineup-7116e4492f85a928,0,1534.00000000,25.56666667,0,5,4,0.80000000,5555.00000000,8878.00000000,35,347.24902216,0.12843040,0.14703788,60,2.34680574,0.36363636,-153.00000000,193.00000000,0.00000000,0,warmup,,,,,
pg-7b4ef58f72cbf103,LOLTMNT05_84163,2024-09-30T15:01:20,2024-09-30,2024,Unknown,0,14.18,Red,oe:team:30fa9a41992f6d79206892a5af03a43,All for One Gaming,oe:team:26ff1a9f7fb8e976fbdcc5d2a8ac397,E WIE EINFACH E-SPORTS,oe:player:0ca1c9160623ef369d846ce506df20f,Rem,top,Aatrox,oe:player:0fcaa97e5408efcaa78f5517e34cb02,Volibear,top:Aatrox,lineup-7116e4492f85a928,0,1534.00000000,25.56666667,4,5,4,1.60000000,9634.00000000,15160.00000000,179,592.95958279,0.22273600,0.25108067,19,0.74315515,0.72727273,255.00000000,998.00000000,-16.00000000,0,warmup,,,,,
pg-ef702aa91d8d7b48,LOLTMNT02_172779,2024-09-30T15:23:05,2024-09-30,2024,Unknown,0,14.18,Blue,oe:team:e11d88a3cdcd9d6fbb73a26b0f8a300,DKB XPERION NXT,oe:team:a1934e3feca7db728021f9c61a6bc27,Austrian Force willhaben,oe:player:9f8d365508ded3ca9701eff2003d6ad,looki,bot,Ziggs,oe:player:40fa7615556f33971d67c95a702fbcc,Jhin,bot:Ziggs,lineup-adb44e46dfba6b7e,0,1329.00000000,22.15000000,0,2,3,1.50000000,7727.00000000,17076.00000000,213,770.92550790,0.21517084,0.31130476,13,0.58690745,0.30000000,-1272.00000000,-385.00000000,-6.00000000,0,warmup,,,,,
pg-c014e23db7b6364e,LOLTMNT02_172779,2024-09-30T15:23:05,2024-09-30,2024,Unknown,0,14.18,Blue,oe:team:e11d88a3cdcd9d6fbb73a26b0f8a300,DKB XPERION NXT,oe:team:a1934e3feca7db728021f9c61a6bc27,Austrian Force willhaben,oe:player:30f18a468db8d9e940f0818a682318b,Techoteco,jng,Viego,oe:player:6b7ca7e0fcad1f113f17bc2d30adbf5,Jarvan IV,jng:Viego,lineup-adb44e46dfba6b7e,0,1329.00000000,22.15000000,5,5,2,1.40000000,9333.00000000,11938.00000000,142,538.96162528,0.25989251,0.21763623,21,0.94808126,0.70000000,-1346.00000000,-877.00000000,-3.00000000,0,warmup,,,,,
pg-c4a51f794689c26a,LOLTMNT02_172779,2024-09-30T15:23:05,2024-09-30,2024,Unknown,0,14.18,Blue,oe:team:e11d88a3cdcd9d6fbb73a26b0f8a300,DKB XPERION NXT,oe:team:a1934e3feca7db728021f9c61a6bc27,Austrian Force willhaben,oe:player:ff71e751aa5f67010f80aad602ecdfe,Luke,mid,Sylas,oe:player:7e33124e33721ef8f70d2dd843b57da,Ahri,mid:Sylas,lineup-adb44e46dfba6b7e,0,1329.00000000,22.15000000,4,8,2,0.75000000,7555.00000000,9059.00000000,137,408.98419865,0.21038122,0.16515049,11,0.49661400,0.60000000,-1331.00000000,-1474.00000000,-16.00000000,0,warmup,,,,,
pg-513787fd2abf8aa1,LOLTMNT02_172779,2024-09-30T15:23:05,2024-09-30,2024,Unknown,0,14.18,Blue,oe:team:e11d88a3cdcd9d6fbb73a26b0f8a300,DKB XPERION NXT,oe:team:a1934e3feca7db728021f9c61a6bc27,Austrian Force willhaben,oe:player:21177b451d4c05fc389ac6cc767dfce,Ephekles,sup,Rell,oe:player:280a58c350eef8f164e753447b2a306,Alistar,sup:Rell,lineup-adb44e46dfba6b7e,0,1329.00000000,22.15000000,0,7,5,0.71428571,4805.00000000,3050.00000000,20,137.69751693,0.13380301,0.05560316,60,2.70880361,0.50000000,-785.00000000,-432.00000000,-1.00000000,0,warmup,,,,,
pg-45571d1509bfdd80,LOLTMNT02_172779,2024-09-30T15:23:05,2024-09-30,2024,Unknown,0,14.18,Blue,oe:team:e11d88a3cdcd9d6fbb73a26b0f8a300,DKB XPERION NXT,oe:team:a1934e3feca7db728021f9c61a6bc27,Austrian Force willhaben,oe:player:9f19603cf47eb7f0b95afbbd249f69c,Tayto,top,Aatrox,oe:player:1725cf69407d2dcdf2873d0669409e8,Camille,top:Aatrox,lineup-adb44e46dfba6b7e,0,1329.00000000,22.15000000,1,5,2,0.60000000,6491.00000000,13730.00000000,127,619.86455982,0.18075242,0.25030536,14,0.63205418,0.30000000,-3037.00000000,-837.00000000,-46.00000000,0,warmup,,,,,
pg-ebfa9c45378f3e16,LOLTMNT02_172779,2024-09-30T15:23:05,2024-09-30,2024,Unknown,0,14.18,Red,oe:team:a1934e3feca7db728021f9c61a6bc27,Austrian Force willhaben,oe:team:e11d88a3cdcd9d6fbb73a26b0f8a300,DKB XPERION NXT,oe:player:40fa7615556f33971d67c95a702fbcc,Woolite,bot,Jhin,oe:player:9f8d365508ded3ca9701eff2003d6ad,Ziggs,bot:Jhin,lineup-54e67b5d765adf4b,1,1329.00000000,22.15000000,6,2,13,9.50000000,11362.00000000,18643.00000000,194,841.67042889,0.22536049,0.22245955,19,0.85778781,0.70370370,1272.00000000,385.00000000,6.00000000,0,warmup,,,,,
pg-7da1067090e33823,LOLTMNT02_172779,2024-09-30T15:23:05,2024-09-30,2024,Unknown,0,14.18,Red,oe:team:a1934e3feca7db728021f9c61a6bc27,Austrian Force willhaben,oe:team:e11d88a3cdcd9d6fbb73a26b0f8a300,DKB XPERION NXT,oe:player:6b7ca7e0fcad1f113f17bc2d30adbf5,adi1,jng,Jarvan IV,oe:player:30f18a468db8d9e940f0818a682318b,Viego,jng:Jarvan IV,lineup-54e67b5d765adf4b,1,1329.00000000,22.15000000,5,1,19,24.00000000,10288.00000000,15006.00000000,136,677.47178330,0.20405815,0.17906067,33,1.48984199,0.88888889,1346.00000000,877.00000000,3.00000000,0,warmup,,,,,
pg-7162bf0696f7da47,LOLTMNT02_172779,2024-09-30T15:23:05,2024-09-30,2024,Unknown,0,14.18,Red,oe:team:a1934e3feca7db728021f9c61a6bc27,Austrian Force willhaben,oe:team:e11d88a3cdcd9d6fbb73a26b0f8a300,DKB XPERION NXT,oe:player:7e33124e33721ef8f70d2dd843b57da,ESCIK,mid,Ahri,oe:player:ff71e751aa5f67010f80aad602ecdfe,Sylas,mid:Ahri,lineup-54e67b5d765adf4b,1,1329.00000000,22.15000000,6,2,10,8.00000000,9944.00000000,17150.00000000,164,774.26636569,0.19723506,0.20464417,27,1.21896163,0.59259259,1331.00000000,1474.00000000,16.00000000,0,warmup,,,,,
pg-8e964a098658818c,LOLTMNT02_172779,2024-09-30T15:23:05,2024-09-30,2024,Unknown,0,14.18,Red,oe:team:a1934e3feca7db728021f9c61a6bc27,Austrian Force willhaben,oe:team:e11d88a3cdcd9d6fbb73a26b0f8a300,DKB XPERION NXT,oe:player:280a58c350eef8f164e753447b2a306,Vander,sup,Alistar,oe:player:21177b451d4c05fc389ac6cc767dfce,Rell,sup:Alistar,lineup-54e67b5d765adf4b,1,1329.00000000,22.15000000,1,3,17,6.00000000,6655.00000000,4237.00000000,17,191.28668172,0.13199913,0.05055845,57,2.57336343,0.66666667,785.00000000,432.00000000,1.00000000,0,warmup,,,,,
pg-39452c24075865d8,LOLTMNT02_172779,2024-09-30T15:23:05,2024-09-30,2024,Unknown,0,14.18,Red,oe:team:a1934e3feca7db728021f9c61a6bc27,Austrian Force willhaben,oe:team:e11d88a3cdcd9d6fbb73a26b0f8a300,DKB XPERION NXT,oe:player:1725cf69407d2dcdf2873d0669409e8,Tracyn,top,Camille,oe:player:9f19603cf47eb7f0b95afbbd249f69c,Aatrox,top:Camille,lineup-54e67b5d765adf4b,1,1329.00000000,22.15000000,9,2,6,7.50000000,12168.00000000,28768.00000000,181,1298.78103837,0.24134716,0.34327717,13,0.58690745,0.55555556,3037.00000000,837.00000000,46.00000000,0,warmup,,,,,
pg-1a065d5fde31db4c,LOLTMNT05_85141,2024-09-30T15:52:37,2024-09-30,2024,Unknown,0,14.18,Blue,oe:team:573f080fbc713a0b7ab0768e157e84b,RNL ROAR,oe:team:e46f2dda10740009ffb0c01498dc5ce,ROSSMANN Centaurs,oe:player:45df7c1539514a00818b38a127ce0df,TLamp,bot,Hwei,oe:player:1d08b7a3a79956e521241ad27f2f60d,Jinx,bot:Hwei,lineup-fcff6d029d750ef5,1,1918.00000000,31.96666667,3,2,15,9.00000000,13762.00000000,28762.00000000,266,899.74973931,0.20818395,0.34951574,42,1.31386861,0.75000000,-171.00000000,1204.00000000,12.00000000,0,warmup,,,,,
pg-cfcf3f24ec56073a,LOLTMNT05_85141,2024-09-30T15:52:37,2024-09-30,2024,Unknown,0,14.18,Blue,oe:team:573f080fbc713a0b7ab0768e157e84b,RNL ROAR,oe:team:e46f2dda10740009ffb0c01498dc5ce,ROSSMANN Centaurs,oe:player:c7d9dc96ddd149b1f0e8fc05cc98bdb,WarShogun,jng,Viego,oe:player:3068654a4082275bbc00789650d1954,Jax,jng:Viego,lineup-fcff6d029d750ef5,1,1918.00000000,31.96666667,8,0,7,15.00000000,14684.00000000,15271.00000000,256,477.71637122,0.22213146,0.18557315,42,1.31386861,0.62500000,664.00000000,1759.00000000,43.00000000,0,warmup,,,,,
pg-10efd3ffa2ccf5a0,LOLTMNT05_85141,2024-09-30T15:52:37,2024-09-30,2024,Unknown,0,14.18,Blue,oe:team:573f080fbc713a0b7ab0768e157e84b,RNL ROAR,oe:team:e46f2dda10740009ffb0c01498dc5ce,ROSSMANN Centaurs,oe:player:87606cbadadd5442d24caadd3d1ae7e,Honest,mid,Ahri,oe:player:f80c460f82b1017b588882292444e60,Ziggs,mid:Ahri,lineup-fcff6d029d750ef5,1,1918.00000000,31.96666667,4,3,10,4.66666667,13534.00000000,17367.00000000,269,543.28467153,0.20473489,0.21104374,23,0.71949948,0.58333333,-347.00000000,-277.00000000,-14.00000000,0,warmup,,,,,
pg-16857230551bdfad,LOLTMNT05_85141,2024-09-30T15:52:37,2024-09-30,2024,Unknown,0,14.18,Blue,oe:team:573f080fbc713a0b7ab0768e157e84b,RNL ROAR,oe:team:e46f2dda10740009ffb0c01498dc5ce,ROSSMANN Centaurs,oe:player:c44688b5061756b3cca2b86c016a153,Luis,sup,Nautilus,oe:player:08904f9c78637b75c0de4d1734f318c,Rell,sup:Nautilus,lineup-fcff6d029d750ef5,1,1918.00000000,31.96666667,3,4,13,4.00000000,9004.00000000,5426.00000000,19,169.73931178,0.13620755,0.06593674,109,3.40980188,0.66666667,740.00000000,-386.00000000,-6.00000000,0,warmup,,,,,
pg-470ff3479fb47a47,LOLTMNT05_85141,2024-09-30T15:52:37,2024-09-30,2024,Unknown,0,14.18,Blue,oe:team:573f080fbc713a0b7ab0768e157e84b,RNL ROAR,oe:team:e46f2dda10740009ffb0c01498dc5ce,ROSSMANN Centaurs,oe:player:a29d50ec9ee6f5afcb6ddee443f6255,lupi,top,Tryndamere,oe:player:0f5f13ceea0f4fdc6eff8145fe20692,Gragas,top:Tryndamere,lineup-fcff6d029d750ef5,1,1918.00000000,31.96666667,6,4,7,3.25000000,15121.00000000,15465.00000000,323,483.78519291,0.22874215,0.18793064,31,0.96976017,0.54166667,318.00000000,-221.00000000,15.00000000,0,warmup,,,,,
pg-dc0a74822fa82bc8,LOLTMNT05_85141,2024-09-30T15:52:37,2024-09-30,2024,Unknown,0,14.18,Red,oe:team:e46f2dda10740009ffb0c01498dc5ce,ROSSMANN Centaurs,oe:team:573f080fbc713a0b7ab0768e157e84b,RNL ROAR,oe:player:1d08b7a3a79956e521241ad27f2f60d,Varry,bot,Jinx,oe:player:45df7c1539514a00818b38a127ce0df,Hwei,bot:Jinx,lineup-b3cb346d12213755,0,1918.00000000,31.96666667,2,5,3,1.00000000,12936.00000000,12798.00000000,298,400.35453597,0.23505469,0.17256351,21,0.65693431,0.38461538,171.00000000,-1204.00000000,-12.00000000,0,warmup,,,,,
pg-fb476e9a148dbbdb,LOLTMNT05_85141,2024-09-30T15:52:37,2024-09-30,2024,Unknown,0,14.18,Red,oe:team:e46f2dda10740009ffb0c01498dc5ce,ROSSMANN Centaurs,oe:team:573f080fbc713a0b7ab0768e157e84b,RNL ROAR,oe:player:3068654a4082275bbc00789650d1954,Xagog,jng,Jax,oe:player:c7d9dc96ddd149b1f0e8fc05cc98bdb,Viego,jng:Jax,lineup-b3cb346d12213755,0,1918.00000000,31.96666667,6,5,2,1.60000000,10766.00000000,11789.00000000,170,368.79040667,0.19562452,0.15895852,43,1.34515120,0.61538462,-664.00000000,-1759.00000000,-43.00000000,0,warmup,,,,,
pg-c12a673427f21ef3,LOLTMNT05_85141,2024-09-30T15:52:37,2024-09-30,2024,Unknown,0,14.18,Red,oe:team:e46f2dda10740009ffb0c01498dc5ce,ROSSMANN Centaurs,oe:team:573f080fbc713a0b7ab0768e157e84b,RNL ROAR,oe:player:f80c460f82b1017b588882292444e60,goose,mid,Ziggs,oe:player:87606cbadadd5442d24caadd3d1ae7e,Ahri,mid:Ziggs,lineup-b3cb346d12213755,0,1918.00000000,31.96666667,2,5,6,1.60000000,10976.00000000,22421.00000000,262,701.38686131,0.19944035,0.30231649,35,1.09489051,0.61538462,347.00000000,277.00000000,14.00000000,0,warmup,,,,,
pg-c17f8ec51ee03107,LOLTMNT05_85141,2024-09-30T15:52:37,2024-09-30,2024,Unknown,0,14.18,Red,oe:team:e46f2dda10740009ffb0c01498dc5ce,ROSSMANN Centaurs,oe:team:573f080fbc713a0b7ab0768e157e84b,RNL ROAR,oe:player:08904f9c78637b75c0de4d1734f318c,Wildenbruch,sup,Rell,oe:player:c44688b5061756b3cca2b86c016a153,Nautilus,sup:Rell,lineup-b3cb346d12213755,0,1918.00000000,31.96666667,1,6,10,1.83333333,7252.00000000,5296.00000000,19,165.67257560,0.13177309,0.07140931,100,3.12825860,0.84615385,-740.00000000,386.00000000,6.00000000,0,warmup,,,,,
pg-6e0f0bf8ec8714a6,LOLTMNT05_85141,2024-09-30T15:52:37,2024-09-30,2024,Unknown,0,14.18,Red,oe:team:e46f2dda10740009ffb0c01498dc5ce,ROSSMANN Centaurs,oe:team:573f080fbc713a0b7ab0768e157e84b,RNL ROAR,oe:player:0f5f13ceea0f4fdc6eff8145fe20692,Vikes,top,Gragas,oe:player:a29d50ec9ee6f5afcb6ddee443f6255,Tryndamere,top:Gragas,lineup-b3cb346d12213755,0,1918.00000000,31.96666667,2,3,3,1.66666667,13104.00000000,21860.00000000,286,683.83733055,0.23810735,0.29475217,28,0.87591241,0.38461538,-318.00000000,221.00000000,-15.00000000,0,warmup,,,,,
pg-fb29c8259bd0d596,LOLTMNT02_173467,2024-09-30T16:00:32,2024-09-30,2024,Unknown,0,14.18,Blue,oe:team:e6423e34fc74500296fbaa43fac025d,TeamOrangeGaming,oe:team:20ac802b980b4a0e33e933f3a5f9505,Team Mentality,oe:player:0390cca04f471c49b53ca4bdd4439ae,Rispy,bot,Kai'Sa,oe:player:6170acc7982df44bea9133f93176f88,Jhin,bot:Kai'Sa,lineup-fe09a7c020118a2c,0,1550.00000000,25.83333333,4,4,3,1.75000000,11482.00000000,16421.00000000,249,635.65161290,0.27009480,0.28837610,15,0.58064516,0.77777778,870.00000000,451.00000000,14.00000000,0,warmup,,,,,
pg-10f1266313b8c161,LOLTMNT02_173467,2024-09-30T16:00:32,2024-09-30,2024,Unknown,0,14.18,Blue,oe:team:e6423e34fc74500296fbaa43fac025d,TeamOrangeGaming,oe:team:20ac802b980b4a0e33e933f3a5f9505,Team Mentality,oe:player:88aaf97f9ff17ebf5822aa555db972e,Deletus,jng,Jarvan IV,oe:player:4ab250820a1b574c893716ba9134180,Amumu,jng:Jarvan IV,lineup-fe09a7c020118a2c,0,1550.00000000,25.83333333,1,2,8,4.50000000,8425.00000000,9953.00000000,157,385.27741935,0.19818400,0.17478882,22,0.85161290,1.00000000,-1454.00000000,-2561.00000000,-36.00000000,0,warmup,,,,,
pg-c00c3be22e3ae0c1,LOLTMNT02_173467,2024-09-30T16:00:32,2024-09-30,2024,Unknown,0,14.18,Blue,oe:team:e6423e34fc74500296fbaa43fac025d,TeamOrangeGaming,oe:team:20ac802b980b4a0e33e933f3a5f9505,Team Mentality,oe:player:4f6d6b2c4c29033ff5437cee2a7587e,Macaquinho,mid,Yone,oe:player:ffa51c3e9e63cddfc4e8c4adcf6f016,Ryze,mid:Yone,lineup-fe09a7c020118a2c,0,1550.00000000,25.83333333,3,4,3,1.50000000,9345.00000000,13515.00000000,208,523.16129032,0.21982546,0.23734261,14,0.54193548,0.66666667,-692.00000000,-248.00000000,-15.00000000,0,warmup,,,,,
pg-182c5b6885cb9fb3,LOLTMNT02_173467,2024-09-30T16:00:32,2024-09-30,2024,Unknown,0,14.18,Blue,oe:team:e6423e34fc74500296fbaa43fac025d,TeamOrangeGaming,oe:team:20ac802b980b4a0e33e933f3a5f9505,Team Mentality,oe:player:9142091a7a92ae3db251d989f53439c,Kidiro,sup,Nautilus,oe:player:55a76357763a7268e85b78272f7179a,Alistar,sup:Nautilus,lineup-fe09a7c020118a2c,0,1550.00000000,25.83333333,0,3,5,1.66666667,5378.00000000,4837.00000000,30,187.23870968,0.12650843,0.08494459,61,2.36129032,0.55555556,-64.00000000,636.00000000,5.00000000,0,warmup,,,,,
pg-873f233782665db6,LOLTMNT02_173467,2024-09-30T16:00:32,2024-09-30,2024,Unknown,0,14.18,Blue,oe:team:e6423e34fc74500296fbaa43fac025d,TeamOrangeGaming,oe:team:20ac802b980b4a0e33e933f3a5f9505,Team Mentality,oe:player:a8c7815094d487c4c9a3a7276986005,Niqkl,top,K'Sante,oe:player:b5eb44eff14a0f0624058aa192e3e5e,Jax,top:K'Sante,lineup-fe09a7c020118a2c,0,1550.00000000,25.83333333,1,4,4,1.25000000,7881.00000000,12217.00000000,166,472.91612903,0.18538731,0.21454788,9,0.34838710,0.55555556,-1128.00000000,491.00000000,-4.00000000,0,warmup,,,,,
pg-331040aaf7d80ea1,LOLTMNT02_173467,2024-09-30T16:00:32,2024-09-30,2024,Unknown,0,14.18,Red,oe:team:20ac802b980b4a0e33e933f3a5f9505,Team Mentality,oe:team:e6423e34fc74500296fbaa43fac025d,TeamOrangeGaming,oe:player:6170acc7982df44bea9133f93176f88,Sheja,bot,Jhin,oe:player:0390cca04f471c49b53ca4bdd4439ae,Kai'Sa,bot:Jhin,lineup-a67825ca9783cd72,1,1550.00000000,25.83333333,3,0,6,9.00000000,10949.00000000,14755.00000000,228,571.16129032,0.20300362,0.21926175,23,0.89032258,0.52941176,-870.00000000,-451.00000000,-14.00000000,0,warmup,,,,,
pg-3e12b110dd5efccb,LOLTMNT02_173467,2024-09-30T16:00:32,2024-09-30,2024,Unknown,0,14.18,Red,oe:team:20ac802b980b4a0e33e933f3a5f9505,Team Mentality,oe:team:e6423e34fc74500296fbaa43fac025d,TeamOrangeGaming,oe:player:4ab250820a1b574c893716ba9134180,Striker,jng,Amumu,oe:player:88aaf97f9ff17ebf5822aa555db972e,Jarvan IV,jng:Amumu,lineup-a67825ca9783cd72,1,1550.00000000,25.83333333,3,1,11,14.00000000,11195.00000000,12250.00000000,208,474.19354839,0.20756466,0.18203703,29,1.12258065,0.82352941,1454.00000000,2561.00000000,36.00000000,0,warmup,,,,,
pg-4014426d877749f0,LOLTMNT02_173467,2024-09-30T16:00:32,2024-09-30,2024,Unknown,0,14.18,Red,oe:team:20ac802b980b4a0e33e933f3a5f9505,Team Mentality,oe:team:e6423e34fc74500296fbaa43fac025d,TeamOrangeGaming,oe:player:ffa51c3e9e63cddfc4e8c4adcf6f016,Unchained,mid,Ryze,oe:player:4f6d6b2c4c29033ff5437cee2a7587e,Yone,mid:Ryze,lineup-a67825ca9783cd72,1,1550.00000000,25.83333333,6,3,4,3.33333333,11938.00000000,15249.00000000,228,590.28387097,0.22134050,0.22660267,21,0.81290323,0.58823529,692.00000000,248.00000000,15.00000000,0,warmup,,,,,
pg-aaea8bd850dc59d4,LOLTMNT02_173467,2024-09-30T16:00:32,2024-09-30,2024,Unknown,0,14.18,Red,oe:team:20ac802b980b4a0e33e933f3a5f9505,Team Mentality,oe:team:e6423e34fc74500296fbaa43fac025d,TeamOrangeGaming,oe:player:55a76357763a7268e85b78272f7179a,Turtlaren,sup,Alistar,oe:player:9142091a7a92ae3db251d989f53439c,Nautilus,sup:Alistar,lineup-a67825ca9783cd72,1,1550.00000000,25.83333333,1,0,8,9.00000000,7014.00000000,2657.00000000,22,102.85161290,0.13004543,0.03948346,63,2.43870968,0.52941176,64.00000000,-636.00000000,-5.00000000,0,warmup,,,,,
pg-9edbbab5bcf3bf17,LOLTMNT02_173467,2024-09-30T16:00:32,2024-09-30,2024,Unknown,0,14.18,Red,oe:team:20ac802b980b4a0e33e933f3a5f9505,Team Mentality,oe:team:e6423e34fc74500296fbaa43fac025d,TeamOrangeGaming,oe:player:b5eb44eff14a0f0624058aa192e3e5e,GentlemanHero,top,Jax,oe:player:a8c7815094d487c4c9a3a7276986005,K'Sante,top:Jax,lineup-a67825ca9783cd72,1,1550.00000000,25.83333333,4,5,1,1.00000000,12839.00000000,22383.00000000,202,866.43870968,0.23804580,0.33261509,19,0.73548387,0.29411765,1128.00000000,-491.00000000,4.00000000,0,warmup,,,,,
pg-f7ba4bd380d8135a,LOLTMNT05_84175,2024-09-30T16:02:00,2024-09-30,2024,Unknown,0,14.18,Blue,oe:team:0410783728358f6e711de31a6f1e8f9,Kaufland Hangry Knights,name-team-94cd00fd2b536ea9,Foxnyr Esports,oe:player:1a38c55db5f8af06ebac94d8530ff71,Avra,bot,Lucian,oe:player:a238e2ff1b33deb842248e99ee43b3b,Jhin,bot:Lucian,lineup-6218d111695859c5,1,1900.00000000,31.66666667,7,7,5,1.71428571,13548.00000000,24413.00000000,225,770.93684211,0.20940045,0.20969224,31,0.97894737,0.46153846,303.00000000,-591.00000000,-11.00000000,0,warmup,,,,,
pg-7d046054864af529,LOLTMNT05_84175,2024-09-30T16:02:00,2024-09-30,2024,Unknown,0,14.18,Blue,oe:team:0410783728358f6e711de31a6f1e8f9,Kaufland Hangry Knights,name-team-94cd00fd2b536ea9,Foxnyr Esports,oe:player:e8ff461b567776b254963373be94961,Toni,jng,Skarner,name-player-03e96b2e7c21f1df,Viego,jng:Skarner,lineup-6218d111695859c5,1,1900.00000000,31.66666667,6,1,9,15.00000000,12711.00000000,24510.00000000,168,774.00000000,0.19646362,0.21052541,36,1.13684211,0.57692308,33.00000000,-150.00000000,-16.00000000,0,warmup,,,,,
pg-7ec11722713856ba,LOLTMNT05_84175,2024-09-30T16:02:00,2024-09-30,2024,Unknown,0,14.18,Blue,oe:team:0410783728358f6e711de31a6f1e8f9,Kaufland Hangry Knights,name-team-94cd00fd2b536ea9,Foxnyr Esports,oe:player:d7432b52de9ff23e6aa98374fe63375,Nite,mid,Syndra,name-player-e23c98ad4687f95b,LeBlanc,mid:Syndra,lineup-6218d111695859c5,1,1900.00000000,31.66666667,4,5,5,1.80000000,13917.00000000,21466.00000000,263,677.87368421,0.21510379,0.18437938,22,0.69473684,0.34615385,-404.00000000,-894.00000000,-18.00000000,0,warmup,,,,,
pg-2251ed6f77123c00,LOLTMNT05_84175,2024-09-30T16:02:00,2024-09-30,2024,Unknown,0,14.18,Blue,oe:team:0410783728358f6e711de31a6f1e8f9,Kaufland Hangry Knights,name-team-94cd00fd2b536ea9,Foxnyr Esports,oe:player:6369ba49db4cf35b35a7c47e3d4a4fd,Visdom,sup,Nami,name-player-364552794256d3fa,Karma,sup:Nami,lineup-6218d111695859c5,1,1900.00000000,31.66666667,2,3,17,6.33333333,9650.00000000,14413.00000000,30,455.14736842,0.14915223,0.12379856,73,2.30526316,0.73076923,715.00000000,838.00000000,7.00000000,0,warmup,,,,,
pg-923738065d435994,LOLTMNT05_84175,2024-09-30T16:02:00,2024-09-30,2024,Unknown,0,14.18,Blue,oe:team:0410783728358f6e711de31a6f1e8f9,Kaufland Hangry Knights,name-team-94cd00fd2b536ea9,Foxnyr Esports,oe:player:74cc915f83955219866a1bc32a90285,Sven,top,Renekton,name-player-ab67dcd647e68aa4,Ornn,top:Renekton,lineup-6218d111695859c5,1,1900.00000000,31.66666667,7,3,8,5.00000000,14873.00000000,31621.00000000,256,998.55789474,0.22987991,0.27160441,27,0.85263158,0.57692308,2316.00000000,779.00000000,61.00000000,0,warmup,,,,,
pg-31893311853b6afb,LOLTMNT05_84175,2024-09-30T16:02:00,2024-09-30,2024,Unknown,0,14.18,Red,name-team-94cd00fd2b536ea9,Foxnyr Esports,oe:team:0410783728358f6e711de31a6f1e8f9,Kaufland Hangry Knights,oe:player:a238e2ff1b33deb842248e99ee43b3b,Marth,bot,Jhin,oe:player:1a38c55db5f8af06ebac94d8530ff71,Lucian,bot:Jhin,lineup-f1cfc30b520e0c8a,0,1900.00000000,31.66666667,3,3,8,3.66666667,12534.00000000,23550.00000000,295,743.68421053,0.23528308,0.21876248,17,0.53684211,0.57894737,-303.00000000,591.00000000,11.00000000,0,warmup,,,,,
pg-b461ab3197b730ca,LOLTMNT05_84175,2024-09-30T16:02:00,2024-09-30,2024,Unknown,0,14.18,Red,name-team-94cd00fd2b536ea9,Foxnyr Esports,oe:team:0410783728358f6e711de31a6f1e8f9,Kaufland Hangry Knights,name-player-03e96b2e7c21f1df,FXN Kyumaru,jng,Viego,oe:player:e8ff461b567776b254963373be94961,Skarner,jng:Viego,lineup-f1cfc30b520e0c8a,0,1900.00000000,31.66666667,4,5,5,1.80000000,10677.00000000,9555.00000000,191,301.73684211,0.20042424,0.08875905,36,1.13684211,0.47368421,-33.00000000,150.00000000,16.00000000,0,warmup,,,,,
pg-0d91b46e3076979c,LOLTMNT05_84175,2024-09-30T16:02:00,2024-09-30,2024,Unknown,0,14.18,Red,name-team-94cd00fd2b536ea9,Foxnyr Esports,oe:team:0410783728358f6e711de31a6f1e8f9,Kaufland Hangry Knights,name-player-e23c98ad4687f95b,FXN Brozart,mid,LeBlanc,oe:player:d7432b52de9ff23e6aa98374fe63375,Syndra,mid:LeBlanc,lineup-f1cfc30b520e0c8a,0,1900.00000000,31.66666667,8,6,9,2.83333333,13463.00000000,39646.00000000,253,1251.97894737,0.25272188,0.36828269,16,0.50526316,0.89473684,404.00000000,894.00000000,18.00000000,0,warmup,,,,,
pg-c2bda2a22b06dad6,LOLTMNT05_84175,2024-09-30T16:02:00,2024-09-30,2024,Unknown,0,14.18,Red,name-team-94cd00fd2b536ea9,Foxnyr Esports,oe:team:0410783728358f6e711de31a6f1e8f9,Kaufland Hangry Knights,name-player-364552794256d3fa,FXN Maxiethundr,sup,Karma,oe:player:6369ba49db4cf35b35a7c47e3d4a4fd,Nami,sup:Karma,lineup-f1cfc30b520e0c8a,0,1900.00000000,31.66666667,0,6,14,2.33333333,7502.00000000,15442.00000000,28,487.64210526,0.14082445,0.14344502,88,2.77894737,0.73684211,-715.00000000,-838.00000000,-7.00000000,0,warmup,,,,,
pg-4445ca436bcfae57,LOLTMNT05_84175,2024-09-30T16:02:00,2024-09-30,2024,Unknown,0,14.18,Red,name-team-94cd00fd2b536ea9,Foxnyr Esports,oe:team:0410783728358f6e711de31a6f1e8f9,Kaufland Hangry Knights,name-player-ab67dcd647e68aa4,FXN Fralimo,top,Ornn,oe:player:74cc915f83955219866a1bc32a90285,Renekton,top:Ornn,lineup-f1cfc30b520e0c8a,0,1900.00000000,31.66666667,4,6,5,1.50000000,9096.00000000,19458.00000000,146,614.46315789,0.17074636,0.18075076,14,0.44210526,0.47368421,-2316.00000000,-779.00000000,-61.00000000,0,warmup,,,,,
pg-932c032f01782cdb,LOLTMNT02_172787,2024-09-30T16:30:56,2024-09-30,2024,Unknown,0,14.18,Blue,oe:team:659132057bf3872268ec0676b57862b,VININE,oe:team:8985b977176fb8fc36c973d03c01654,Entropy x Teufel,oe:player:647414e68f7beb0742f4a0cc5523ac5,Sola,bot,Ziggs,oe:player:111f8e46b9fac23eb97b37c15c16d1c,Lucian,bot:Ziggs,lineup-3dcc392eae23e239,1,1988.00000000,33.13333333,4,3,9,4.33333333,12854.00000000,30080.00000000,227,907.84708249,0.20223411,0.30319830,19,0.57344064,0.59090909,-737.00000000,674.00000000,-7.00000000,0,warmup,,,,,
pg-0cb506facb1fbe4e,LOLTMNT02_172787,2024-09-30T16:30:56,2024-09-30,2024,Unknown,0,14.18,Blue,oe:team:659132057bf3872268ec0676b57862b,VININE,oe:team:8985b977176fb8fc36c973d03c01654,Entropy x Teufel,oe:player:1a14d03bc1d87f1604660783edbbcdd,Autophil,jng,Ivern,oe:player:161d1a55c06aca37d588f0545e35b45,Amumu,jng:Ivern,lineup-3dcc392eae23e239,1,1988.00000000,33.13333333,4,1,14,18.00000000,12297.00000000,11187.00000000,174,337.63581489,0.19347074,0.11276195,50,1.50905433,0.81818182,718.00000000,136.00000000,7.00000000,0,warmup,,,,,
pg-d0919b29feaee345,LOLTMNT02_172787,2024-09-30T16:30:56,2024-09-30,2024,Unknown,0,14.18,Blue,oe:team:659132057bf3872268ec0676b57862b,VININE,oe:team:8985b977176fb8fc36c973d03c01654,Entropy x Teufel,oe:player:1e649d109aa635c132bb40ea7a78cf5,Bladeshow,mid,Smolder,oe:player:b6d3661d0e5b3a8a54971329bdaed35,Veigar,mid:Smolder,lineup-3dcc392eae23e239,1,1988.00000000,33.13333333,6,1,11,17.00000000,15263.00000000,32068.00000000,303,967.84708249,0.24013531,0.32323680,37,1.11670020,0.77272727,554.00000000,-308.00000000,-11.00000000,0,warmup,,,,,
pg-d86c8576b696329c,LOLTMNT02_172787,2024-09-30T16:30:56,2024-09-30,2024,Unknown,0,14.18,Blue,oe:team:659132057bf3872268ec0676b57862b,VININE,oe:team:8985b977176fb8fc36c973d03c01654,Entropy x Teufel,oe:player:673ed98a945993e162019b463e02c90,Kutcher,sup,Rell,oe:player:dfaae08dcfa7836a7d4b41479cd7dc3,Nami,sup:Rell,lineup-3dcc392eae23e239,1,1988.00000000,33.13333333,2,3,15,5.66666667,8741.00000000,6506.00000000,24,196.35814889,0.13752360,0.06557873,82,2.47484909,0.77272727,-111.00000000,-1109.00000000,-6.00000000,0,warmup,,,,,
pg-70de0af9fa363b0e,LOLTMNT02_172787,2024-09-30T16:30:56,2024-09-30,2024,Unknown,0,14.18,Blue,oe:team:659132057bf3872268ec0676b57862b,VININE,oe:team:8985b977176fb8fc36c973d03c01654,Entropy x Teufel,oe:player:abe5156b7e4b82b118cae3f52432995,Kamon,top,Renekton,oe:player:46c8f3a5fb8d9cf794de4991ee30c40,Gnar,top:Renekton,lineup-3dcc392eae23e239,1,1988.00000000,33.13333333,6,5,2,1.60000000,14405.00000000,19368.00000000,252,584.54728370,0.22663625,0.19522422,21,0.63380282,0.36363636,681.00000000,74.00000000,8.00000000,0,warmup,,,,,
pg-9395c8d562e22046,LOLTMNT02_172787,2024-09-30T16:30:56,2024-09-30,2024,Unknown,0,14.18,Red,oe:team:8985b977176fb8fc36c973d03c01654,Entropy x Teufel,oe:team:659132057bf3872268ec0676b57862b,VININE,oe:player:111f8e46b9fac23eb97b37c15c16d1c,Effortless,bot,Lucian,oe:player:647414e68f7beb0742f4a0cc5523ac5,Ziggs,bot:Lucian,lineup-474b183d963352a4,0,1988.00000000,33.13333333,6,3,3,3.00000000,14837.00000000,27270.00000000,298,823.03822938,0.25459007,0.26333578,20,0.60362173,0.69230769,737.00000000,-674.00000000,7.00000000,0,warmup,,,,,
pg-dbee7c34cf982a54,LOLTMNT02_172787,2024-09-30T16:30:56,2024-09-30,2024,Unknown,0,14.18,Red,oe:team:8985b977176fb8fc36c973d03c01654,Entropy x Teufel,oe:team:659132057bf3872268ec0676b57862b,VININE,oe:player:161d1a55c06aca37d588f0545e35b45,Inition,jng,Amumu,oe:player:1a14d03bc1d87f1604660783edbbcdd,Ivern,jng:Amumu,lineup-474b183d963352a4,0,1988.00000000,33.13333333,0,8,6,0.75000000,8927.00000000,6321.00000000,160,190.77464789,0.15317959,0.06103944,37,1.11670020,0.46153846,-718.00000000,-136.00000000,-7.00000000,0,warmup,,,,,
pg-d5eca63cc37abfaa,LOLTMNT02_172787,2024-09-30T16:30:56,2024-09-30,2024,Unknown,0,14.18,Red,oe:team:8985b977176fb8fc36c973d03c01654,Entropy x Teufel,oe:team:659132057bf3872268ec0676b57862b,VININE,oe:player:b6d3661d0e5b3a8a54971329bdaed35,Peaker,mid,Veigar,oe:player:1e649d109aa635c132bb40ea7a78cf5,Smolder,mid:Veigar,lineup-474b183d963352a4,0,1988.00000000,33.13333333,6,4,3,2.25000000,15773.00000000,32911.00000000,323,993.28973843,0.27065102,0.31780872,22,0.66398390,0.69230769,-554.00000000,308.00000000,11.00000000,0,warmup,,,,,
pg-e6b1ff123003050b,LOLTMNT02_172787,2024-09-30T16:30:56,2024-09-30,2024,Unknown,0,14.18,Red,oe:team:8985b977176fb8fc36c973d03c01654,Entropy x Teufel,oe:team:659132057bf3872268ec0676b57862b,VININE,oe:player:dfaae08dcfa7836a7d4b41479cd7dc3,Staargazing,sup,Nami,oe:player:673ed98a945993e162019b463e02c90,Rell,sup:Nami,lineup-474b183d963352a4,0,1988.00000000,33.13333333,0,4,11,2.75000000,7319.00000000,8057.00000000,29,243.16901408,0.12558770,0.07780331,82,2.47484909,0.84615385,111.00000000,1109.00000000,6.00000000,0,warmup,,,,,
pg-91d36cfd583a5eeb,LOLTMNT02_172787,2024-09-30T16:30:56,2024-09-30,2024,Unknown,0,14.18,Red,oe:team:8985b977176fb8fc36c973d03c01654,Entropy x Teufel,oe:team:659132057bf3872268ec0676b57862b,VININE,oe:player:46c8f3a5fb8d9cf794de4991ee30c40,Obelisk,top,Gnar,oe:player:abe5156b7e4b82b118cae3f52432995,Renekton,top:Gnar,lineup-474b183d963352a4,0,1988.00000000,33.13333333,1,3,2,1.00000000,11422.00000000,28997.00000000,242,875.16096579,0.19599163,0.28001275,25,0.75452716,0.23076923,-681.00000000,-74.00000000,-8.00000000,0,warmup,,,,,
pg-e96430be682c62ce,LOLTMNT02_173478,2024-09-30T16:52:06,2024-09-30,2024,Unknown,0,14.18,Blue,oe:team:980ab072663574c2e4fca71f275d302,Eintracht Spandau,oe:team:e6423e34fc74500296fbaa43fac025d,TeamOrangeGaming,oe:player:9ea5afea85321b13df74acb62bfb530,Fun K3y,bot,Jhin,oe:player:0390cca04f471c49b53ca4bdd4439ae,Ezreal,bot:Jhin,lineup-7806ec98ee9cc07b,1,2156.00000000,35.93333333,5,2,8,6.50000000,16177.00000000,38527.00000000,318,1072.17996289,0.22646396,0.31660216,17,0.47309833,0.81250000,-173.00000000,-440.00000000,18.00000000,0,warmup,,,,,
pg-1f284a3596466a1c,LOLTMNT02_173478,2024-09-30T16:52:06,2024-09-30,2024,Unknown,0,14.18,Blue,oe:team:980ab072663574c2e4fca71f275d302,Eintracht Spandau,oe:team:e6423e34fc74500296fbaa43fac025d,TeamOrangeGaming,oe:player:25372337c424d854728ed2a7775efb6,Zanzarah,jng,Jarvan IV,oe:player:88aaf97f9ff17ebf5822aa555db972e,Viego,jng:Jarvan IV,lineup-7806ec98ee9cc07b,1,2156.00000000,35.93333333,2,5,11,2.60000000,12290.00000000,11573.00000000,190,322.06864564,0.17204933,0.09510309,60,1.66975881,0.81250000,-1417.00000000,-1329.00000000,-60.00000000,0,warmup,,,,,
pg-f4bda4fc492b1d07,LOLTMNT02_173478,2024-09-30T16:52:06,2024-09-30,2024,Unknown,0,14.18,Blue,oe:team:980ab072663574c2e4fca71f275d302,Eintracht Spandau,oe:team:e6423e34fc74500296fbaa43fac025d,TeamOrangeGaming,oe:player:b6ebe3c8487ddc3a23c586e650c4528,PowerOfEvil,mid,Ryze,oe:player:4f6d6b2c4c29033ff5437cee2a7587e,LeBlanc,mid:Ryze,lineup-7806ec98ee9cc07b,1,2156.00000000,35.93333333,2,3,7,3.00000000,15594.00000000,29837.00000000,353,830.34322820,0.21830247,0.24519061,45,1.25231911,0.56250000,98.00000000,533.00000000,21.00000000,0,warmup,,,,,
pg-85f1301a0f1c13f1,LOLTMNT02_173478,2024-09-30T16:52:06,2024-09-30,2024,Unknown,0,14.18,Blue,oe:team:980ab072663574c2e4fca71f275d302,Eintracht Spandau,oe:team:e6423e34fc74500296fbaa43fac025d,TeamOrangeGaming,oe:player:a291e13e72870a901a7a03a59d9c6be,Lilipp,sup,Zilean,oe:player:9142091a7a92ae3db251d989f53439c,Poppy,sup:Zilean,lineup-7806ec98ee9cc07b,1,2156.00000000,35.93333333,0,3,12,4.00000000,9065.00000000,6130.00000000,35,170.59369202,0.12690213,0.05037431,132,3.67346939,0.75000000,-329.00000000,548.00000000,-1.00000000,0,warmup,,,,,
pg-f752ed7997933d7c,LOLTMNT02_173478,2024-09-30T16:52:06,2024-09-30,2024,Unknown,0,14.18,Blue,oe:team:980ab072663574c2e4fca71f275d302,Eintracht Spandau,oe:team:e6423e34fc74500296fbaa43fac025d,TeamOrangeGaming,oe:player:3ef7267325e7c72a8ca898504722520,Vertigo,top,Gnar,oe:player:a8c7815094d487c4c9a3a7276986005,Renekton,top:Gnar,lineup-7806ec98ee9cc07b,1,2156.00000000,35.93333333,7,1,5,12.00000000,18307.00000000,35622.00000000,337,991.33580705,0.25628211,0.29272983,37,1.02968460,0.75000000,841.00000000,162.00000000,26.00000000,0,warmup,,,,,
pg-8d789a393b3a7171,LOLTMNT02_173478,2024-09-30T16:52:06,2024-09-30,2024,Unknown,0,14.18,Red,oe:team:e6423e34fc74500296fbaa43fac025d,TeamOrangeGaming,oe:team:980ab072663574c2e4fca71f275d302,Eintracht Spandau,oe:player:0390cca04f471c49b53ca4bdd4439ae,Rispy,bot,Ezreal,oe:player:9ea5afea85321b13df74acb62bfb530,Jhin,bot:Ezreal,lineup-fe09a7c020118a2c,0,2156.00000000,35.93333333,3,2,2,2.50000000,13437.00000000,32277.00000000,303,898.24675325,0.22253321,0.31527897,18,0.50092764,0.35714286,173.00000000,440.00000000,-18.00000000,0,warmup,,,,,
pg-e056c84afa5b8192,LOLTMNT02_173478,2024-09-30T16:52:06,2024-09-30,2024,Unknown,0,14.18,Red,oe:team:e6423e34fc74500296fbaa43fac025d,TeamOrangeGaming,oe:team:980ab072663574c2e4fca71f275d302,Eintracht Spandau,oe:player:88aaf97f9ff17ebf5822aa555db972e,Deletus,jng,Viego,oe:player:25372337c424d854728ed2a7775efb6,Jarvan IV,jng:Viego,lineup-fe09a7c020118a2c,0,2156.00000000,35.93333333,4,3,6,3.33333333,12637.00000000,17755.00000000,236,494.10946197,0.20928422,0.17342932,55,1.53061224,0.71428571,1417.00000000,1329.00000000,60.00000000,0,warmup,,,,,
pg-3edfe0f15b02e7b7,LOLTMNT02_173478,2024-09-30T16:52:06,2024-09-30,2024,Unknown,0,14.18,Red,oe:team:e6423e34fc74500296fbaa43fac025d,TeamOrangeGaming,oe:team:980ab072663574c2e4fca71f275d302,Eintracht Spandau,oe:player:4f6d6b2c4c29033ff5437cee2a7587e,Macaquinho,mid,LeBlanc,oe:player:b6ebe3c8487ddc3a23c586e650c4528,Ryze,mid:LeBlanc,lineup-fe09a7c020118a2c,0,2156.00000000,35.93333333,3,4,7,2.50000000,12495.00000000,29786.00000000,263,828.92393321,0.20693253,0.29094710,40,1.11317254,0.71428571,-98.00000000,-533.00000000,-21.00000000,0,warmup,,,,,
pg-78dcec0c35f0d4e0,LOLTMNT02_173478,2024-09-30T16:52:06,2024-09-30,2024,Unknown,0,14.18,Red,oe:team:e6423e34fc74500296fbaa43fac025d,TeamOrangeGaming,oe:team:980ab072663574c2e4fca71f275d302,Eintracht Spandau,oe:player:9142091a7a92ae3db251d989f53439c,Kidiro,sup,Poppy,oe:player:a291e13e72870a901a7a03a59d9c6be,Zilean,sup:Poppy,lineup-fe09a7c020118a2c,0,2156.00000000,35.93333333,1,4,11,3.00000000,8978.00000000,9732.00000000,38,270.83487941,0.14868669,0.09506134,117,3.25602968,0.85714286,329.00000000,-548.00000000,1.00000000,0,warmup,,,,,
pg-a5faaf27ae4c7e70,LOLTMNT02_173478,2024-09-30T16:52:06,2024-09-30,2024,Unknown,0,14.18,Red,oe:team:e6423e34fc74500296fbaa43fac025d,TeamOrangeGaming,oe:team:980ab072663574c2e4fca71f275d302,Eintracht Spandau,oe:player:a8c7815094d487c4c9a3a7276986005,Niqkl,top,Renekton,oe:player:3ef7267325e7c72a8ca898504722520,Gnar,top:Renekton,lineup-fe09a7c020118a2c,0,2156.00000000,35.93333333,3,3,5,2.66666667,12835.00000000,12826.00000000,271,356.93877551,0.21256335,0.12528327,19,0.52875696,0.57142857,-841.00000000,-162.00000000,-26.00000000,0,warmup,,,,,
pg-c5201b92dac6d5d2,LOLTMNT05_85148,2024-09-30T16:57:16,2024-09-30,2024,Unknown,0,14.18,Blue,name-team-290cb1b9e8978f88,Andromeda Nebula,oe:team:573f080fbc713a0b7ab0768e157e84b,RNL ROAR,name-player-c4b565cad9686e93,AOM Fabiqt,bot,Ashe,oe:player:45df7c1539514a00818b38a127ce0df,Jhin,bot:Ashe,lineup-029516070325e8a9,0,1355.00000000,22.58333333,1,7,4,0.71428571,7634.00000000,11787.00000000,162,521.93357934,0.20405218,0.19851789,24,1.06273063,0.41666667,-2689.00000000,-2936.00000000,-27.00000000,0,warmup,,,,,
pg-ffb39a7cfc30b319,LOLTMNT05_85148,2024-09-30T16:57:16,2024-09-30,2024,Unknown,0,14.18,Blue,name-team-290cb1b9e8978f88,Andromeda Nebula,oe:team:573f080fbc713a0b7ab0768e157e84b,RNL ROAR,name-player-9b99530cfceb1999,AOM Kipapo,jng,Brand,oe:player:c7d9dc96ddd149b1f0e8fc05cc98bdb,Kha'Zix,jng:Brand,lineup-029516070325e8a9,0,1355.00000000,22.58333333,7,9,2,1.00000000,9623.00000000,17683.00000000,111,783.01107011,0.25721694,0.29781895,24,1.06273063,0.75000000,-516.00000000,87.00000000,-36.00000000,0,warmup,,,,,
pg-8033b503436fa897,LOLTMNT05_85148,2024-09-30T16:57:16,2024-09-30,2024,Unknown,0,14.18,Blue,name-team-290cb1b9e8978f88,Andromeda Nebula,oe:team:573f080fbc713a0b7ab0768e157e84b,RNL ROAR,name-player-4519a4ead78266a3,AOM Arcanum,mid,Yone,oe:player:87606cbadadd5442d24caadd3d1ae7e,Akali,mid:Yone,lineup-029516070325e8a9,0,1355.00000000,22.58333333,3,6,1,0.66666667,8606.00000000,12646.00000000,184,559.97047970,0.23003314,0.21298526,16,0.70848708,0.33333333,-1894.00000000,-1322.00000000,-19.00000000,0,warmup,,,,,
pg-141b6e1ca61888de,LOLTMNT05_85148,2024-09-30T16:57:16,2024-09-30,2024,Unknown,0,14.18,Blue,name-team-290cb1b9e8978f88,Andromeda Nebula,oe:team:573f080fbc713a0b7ab0768e157e84b,RNL ROAR,name-player-f6f61cbab413cde5,AOM amboor,sup,Poppy,oe:player:c44688b5061756b3cca2b86c016a153,Rell,sup:Poppy,lineup-029516070325e8a9,0,1355.00000000,22.58333333,1,6,5,1.00000000,5457.00000000,6095.00000000,24,269.88929889,0.14586229,0.10265263,61,2.70110701,0.50000000,-1036.00000000,-322.00000000,11.00000000,0,warmup,,,,,
pg-14e478f2aaad42a6,LOLTMNT05_85148,2024-09-30T16:57:16,2024-09-30,2024,Unknown,0,14.18,Blue,name-team-290cb1b9e8978f88,Andromeda Nebula,oe:team:573f080fbc713a0b7ab0768e157e84b,RNL ROAR,name-player-57bc9c1151d7b5c6,AOM amicusp,top,Gragas,oe:player:a29d50ec9ee6f5afcb6ddee443f6255,Gnar,top:Gragas,lineup-029516070325e8a9,0,1355.00000000,22.58333333,0,6,1,0.16666667,6092.00000000,11164.00000000,143,494.34686347,0.16283545,0.18802526,8,0.35424354,0.08333333,-2189.00000000,-2184.00000000,-37.00000000,0,warmup,,,,,
pg-dfb1c8f991796e3e,LOLTMNT05_85148,2024-09-30T16:57:16,2024-09-30,2024,Unknown,0,14.18,Red,oe:team:573f080fbc713a0b7ab0768e157e84b,RNL ROAR,name-team-290cb1b9e8978f88,Andromeda Nebula,oe:player:45df7c1539514a00818b38a127ce0df,TLamp,bot,Jhin,name-player-c4b565cad9686e93,Ashe,bot:Jhin,lineup-fcff6d029d750ef5,1,1355.00000000,22.58333333,9,1,7,16.00000000,12328.00000000,21950.00000000,196,971.95571956,0.22655934,0.24020048,18,0.79704797,0.47058824,2689.00000000,2936.00000000,27.00000000,0,warmup,,,,,
pg-b47e0d288b981759,LOLTMNT05_85148,2024-09-30T16:57:16,2024-09-30,2024,Unknown,0,14.18,Red,oe:team:573f080fbc713a0b7ab0768e157e84b,RNL ROAR,name-team-290cb1b9e8978f88,Andromeda Nebula,oe:player:c7d9dc96ddd149b1f0e8fc05cc98bdb,WarShogun,jng,Kha'Zix,name-player-9b99530cfceb1999,Brand,jng:Kha'Zix,lineup-fcff6d029d750ef5,1,1355.00000000,22.58333333,4,2,8,6.00000000,10948.00000000,14971.00000000,193,662.92250923,0.20119822,0.16382876,14,0.61992620,0.35294118,516.00000000,-87.00000000,36.00000000,0,warmup,,,,,
pg-e15a2780e6f7c7c6,LOLTMNT05_85148,2024-09-30T16:57:16,2024-09-30,2024,Unknown,0,14.18,Red,oe:team:573f080fbc713a0b7ab0768e157e84b,RNL ROAR,name-team-290cb1b9e8978f88,Andromeda Nebula,oe:player:87606cbadadd5442d24caadd3d1ae7e,Honest,mid,Akali,name-player-4519a4ead78266a3,Yone,mid:Akali,lineup-fcff6d029d750ef5,1,1355.00000000,22.58333333,14,3,1,5.00000000,12729.00000000,33310.00000000,202,1474.98154982,0.23392877,0.36451380,13,0.57564576,0.44117647,1894.00000000,1322.00000000,19.00000000,0,warmup,,,,,
pg-ede0eced2195d77b,LOLTMNT05_85148,2024-09-30T16:57:16,2024-09-30,2024,Unknown,0,14.18,Red,oe:team:573f080fbc713a0b7ab0768e157e84b,RNL ROAR,name-team-290cb1b9e8978f88,Andromeda Nebula,oe:player:c44688b5061756b3cca2b86c016a153,Luis,sup,Rell,name-player-f6f61cbab413cde5,Poppy,sup:Rell,lineup-fcff6d029d750ef5,1,1355.00000000,22.58333333,2,4,13,3.75000000,7359.00000000,4425.00000000,20,195.94095941,0.13524093,0.04842310,67,2.96678967,0.44117647,1036.00000000,322.00000000,-11.00000000,0,warmup,,,,,
pg-2b88a20dfd06de47,LOLTMNT05_85148,2024-09-30T16:57:16,2024-09-30,2024,Unknown,0,14.18,Red,oe:team:573f080fbc713a0b7ab0768e157e84b,RNL ROAR,name-team-290cb1b9e8978f88,Andromeda Nebula,oe:player:a29d50ec9ee6f5afcb6ddee443f6255,lupi,top,Gnar,name-player-57bc9c1151d7b5c6,Gragas,top:Gnar,lineup-fcff6d029d750ef5,1,1355.00000000,22.58333333,5,3,0,1.66666667,11050.00000000,16726.00000000,205,740.63468635,0.20307274,0.18303386,14,0.61992620,0.14705882,2189.00000000,2184.00000000,37.00000000,0,warmup,,,,,
pg-5b9ffe4e74df4afa,LOLTMNT05_85149,2024-09-30T17:01:28,2024-09-30,2024,Unknown,0,14.18,Blue,oe:team:30fa9a41992f6d79206892a5af03a43,All for One Gaming,oe:team:0410783728358f6e711de31a6f1e8f9,Kaufland Hangry Knights,oe:player:b7ba183b22675d06d42bd783276a010,Kazing,bot,Miss Fortune,oe:player:1a38c55db5f8af06ebac94d8530ff71,Kai'Sa,bot:Miss Fortune,lineup-7116e4492f85a928,0,1334.00000000,22.23333333,4,8,1,0.62500000,7681.00000000,13966.00000000,143,628.15592204,0.20119444,0.25973108,17,0.76461769,0.38461538,-2751.00000000,-1008.00000000,-28.00000000,0,warmup,,,,,
pg-569489868564e69f,LOLTMNT05_85149,2024-09-30T17:01:28,2024-09-30,2024,Unknown,0,14.18,Blue,oe:team:30fa9a41992f6d79206892a5af03a43,All for One Gaming,oe:team:0410783728358f6e711de31a6f1e8f9,Kaufland Hangry Knights,oe:player:0d7c1887f1bc9cfeffde4e06b426dbb,Pasu,jng,Lee Sin,oe:player:e8ff461b567776b254963373be94961,Nocturne,jng:Lee Sin,lineup-7116e4492f85a928,0,1334.00000000,22.23333333,3,6,4,1.16666667,7716.00000000,10849.00000000,129,487.96101949,0.20211122,0.20176303,23,1.03448276,0.53846154,314.00000000,238.00000000,13.00000000,0,warmup,,,,,
pg-49189a5fb15c0872,LOLTMNT05_85149,2024-09-30T17:01:28,2024-09-30,2024,Unknown,0,14.18,Blue,oe:team:30fa9a41992f6d79206892a5af03a43,All for One Gaming,oe:team:0410783728358f6e711de31a6f1e8f9,Kaufland Hangry Knights,oe:player:4e24975f772fe41fcf838ea9dbe138f,Fooneses,mid,Syndra,oe:player:d7432b52de9ff23e6aa98374fe63375,Orianna,mid:Syndra,lineup-7116e4492f85a928,0,1334.00000000,22.23333333,1,6,4,0.83333333,8521.00000000,14819.00000000,204,666.52173913,0.22319721,0.27559465,14,0.62968516,0.38461538,14.00000000,295.00000000,12.00000000,0,warmup,,,,,
pg-1f3eaeb99154c6ad,LOLTMNT05_85149,2024-09-30T17:01:28,2024-09-30,2024,Unknown,0,14.18,Blue,oe:team:30fa9a41992f6d79206892a5af03a43,All for One Gaming,oe:team:0410783728358f6e711de31a6f1e8f9,Kaufland Hangry Knights,oe:player:20cdf5972da68ab707cded4dd74d57e,Seraphya,sup,Leona,oe:player:6369ba49db4cf35b35a7c47e3d4a4fd,Rakan,sup:Leona,lineup-7116e4492f85a928,0,1334.00000000,22.23333333,2,9,4,0.66666667,5858.00000000,5385.00000000,26,242.20389805,0.15344317,0.10014692,44,1.97901049,0.46153846,-428.00000000,-1869.00000000,-1.00000000,0,warmup,,,,,
pg-5c415884d912419e,LOLTMNT05_85149,2024-09-30T17:01:28,2024-09-30,2024,Unknown,0,14.18,Blue,oe:team:30fa9a41992f6d79206892a5af03a43,All for One Gaming,oe:team:0410783728358f6e711de31a6f1e8f9,Kaufland Hangry Knights,oe:player:0ca1c9160623ef369d846ce506df20f,Rem,top,Volibear,oe:player:74cc915f83955219866a1bc32a90285,Aurora,top:Volibear,lineup-7116e4492f85a928,0,1334.00000000,22.23333333,3,6,1,0.66666667,8401.00000000,8752.00000000,148,393.64317841,0.22005396,0.16276432,15,0.67466267,0.30769231,1516.00000000,452.00000000,10.00000000,0,warmup,,,,,
pg-d1d490b0679cad3d,LOLTMNT05_85149,2024-09-30T17:01:28,2024-09-30,2024,Unknown,0,14.18,Red,oe:team:0410783728358f6e711de31a6f1e8f9,Kaufland Hangry Knights,oe:team:30fa9a41992f6d79206892a5af03a43,All for One Gaming,oe:player:1a38c55db5f8af06ebac94d8530ff71,Avra,bot,Kai'Sa,oe:player:b7ba183b22675d06d42bd783276a010,Miss Fortune,bot:Kai'Sa,lineup-6218d111695859c5,1,1334.00000000,22.23333333,18,3,8,8.66666667,14833.00000000,30178.00000000,206,1357.33133433,0.29311333,0.35523172,30,1.34932534,0.74285714,2751.00000000,1008.00000000,28.00000000,0,warmup,,,,,
pg-84cbef8549a80410,LOLTMNT05_85149,2024-09-30T17:01:28,2024-09-30,2024,Unknown,0,14.18,Red,oe:team:0410783728358f6e711de31a6f1e8f9,Kaufland Hangry Knights,oe:team:30fa9a41992f6d79206892a5af03a43,All for One Gaming,oe:player:e8ff461b567776b254963373be94961,Toni,jng,Nocturne,oe:player:0d7c1887f1bc9cfeffde4e06b426dbb,Lee Sin,jng:Nocturne,lineup-6218d111695859c5,1,1334.00000000,22.23333333,7,3,14,7.00000000,9395.00000000,16845.00000000,118,757.64617691,0.18565359,0.19828611,17,0.76461769,0.60000000,-314.00000000,-238.00000000,-13.00000000,0,warmup,,,,,
pg-8eba7f500447d696,LOLTMNT05_85149,2024-09-30T17:01:28,2024-09-30,2024,Unknown,0,14.18,Red,oe:team:0410783728358f6e711de31a6f1e8f9,Kaufland Hangry Knights,oe:team:30fa9a41992f6d79206892a5af03a43,All for One Gaming,oe:player:d7432b52de9ff23e6aa98374fe63375,Nite,mid,Orianna,oe:player:4e24975f772fe41fcf838ea9dbe138f,Syndra,mid:Orianna,lineup-6218d111695859c5,1,1334.00000000,22.23333333,7,1,15,22.00000000,10196.00000000,15830.00000000,171,711.99400300,0.20148207,0.18633833,14,0.62968516,0.62857143,-14.00000000,-295.00000000,-12.00000000,0,warmup,,,,,
pg-74d955bbb871c5b5,LOLTMNT05_85149,2024-09-30T17:01:28,2024-09-30,2024,Unknown,0,14.18,Red,oe:team:0410783728358f6e711de31a6f1e8f9,Kaufland Hangry Knights,oe:team:30fa9a41992f6d79206892a5af03a43,All for One Gaming,oe:player:6369ba49db4cf35b35a7c47e3d4a4fd,Visdom,sup,Rakan,oe:player:20cdf5972da68ab707cded4dd74d57e,Leona,sup:Rakan,lineup-6218d111695859c5,1,1334.00000000,22.23333333,1,2,29,15.00000000,7916.00000000,5356.00000000,21,240.89955022,0.15642723,0.06304663,68,3.05847076,0.85714286,428.00000000,1869.00000000,1.00000000,0,warmup,,,,,
pg-9609effd11d171aa,LOLTMNT05_85149,2024-09-30T17:01:28,2024-09-30,2024,Unknown,0,14.18,Red,oe:team:0410783728358f6e711de31a6f1e8f9,Kaufland Hangry Knights,oe:team:30fa9a41992f6d79206892a5af03a43,All for One Gaming,oe:player:74cc915f83955219866a1bc32a90285,Sven,top,Aurora,oe:player:0ca1c9160623ef369d846ce506df20f,Volibear,top:Aurora,lineup-6218d111695859c5,1,1334.00000000,22.23333333,2,5,9,2.20000000,8265.00000000,16744.00000000,146,753.10344828,0.16332378,0.19709722,19,0.85457271,0.31428571,-1516.00000000,-452.00000000,-10.00000000,0,warmup,,,,,
pg-4c851ec44753ee7b,LOLTMNT02_172814,2024-09-30T17:30:24,2024-09-30,2024,Unknown,0,14.18,Blue,oe:team:a1934e3feca7db728021f9c61a6bc27,Austrian Force willhaben,oe:team:659132057bf3872268ec0676b57862b,VININE,oe:player:40fa7615556f33971d67c95a702fbcc,Woolite,bot,Ziggs,oe:player:647414e68f7beb0742f4a0cc5523ac5,Jinx,bot:Ziggs,lineup-54e67b5d765adf4b,1,1366.00000000,22.76666667,5,2,4,4.50000000,12747.00000000,24524.00000000,219,1077.18887262,0.24784181,0.26722165,19,0.83455344,0.37500000,1946.00000000,328.00000000,22.00000000,0,warmup,,,,,
pg-3f2f1144fab4a489,LOLTMNT02_172814,2024-09-30T17:30:24,2024-09-30,2024,Unknown,0,14.18,Blue,oe:team:a1934e3feca7db728021f9c61a6bc27,Austrian Force willhaben,oe:team:659132057bf3872268ec0676b57862b,VININE,oe:player:6b7ca7e0fcad1f113f17bc2d30adbf5,adi1,jng,Sejuani,oe:player:1a14d03bc1d87f1604660783edbbcdd,Karthus,jng:Sejuani,lineup-54e67b5d765adf4b,1,1366.00000000,22.76666667,2,1,15,17.00000000,9755.00000000,15881.00000000,141,697.55490483,0.18966791,0.17304465,32,1.40556369,0.70833333,553.00000000,924.00000000,22.00000000,0,warmup,,,,,
pg-b8643bf8bef0eea6,LOLTMNT02_172814,2024-09-30T17:30:24,2024-09-30,2024,Unknown,0,14.18,Blue,oe:team:a1934e3feca7db728021f9c61a6bc27,Austrian Force willhaben,oe:team:659132057bf3872268ec0676b57862b,VININE,oe:player:7e33124e33721ef8f70d2dd843b57da,ESCIK,mid,Akali,oe:player:1e649d109aa635c132bb40ea7a78cf5,K'Sante,mid:Akali,lineup-54e67b5d765adf4b,1,1366.00000000,22.76666667,11,0,2,13.00000000,11730.00000000,24726.00000000,186,1086.06149341,0.22806813,0.26942271,20,0.87847731,0.54166667,2221.00000000,737.00000000,14.00000000,0,warmup,,,,,
pg-e440697eeb1553dc,LOLTMNT02_172814,2024-09-30T17:30:24,2024-09-30,2024,Unknown,0,14.18,Blue,oe:team:a1934e3feca7db728021f9c61a6bc27,Austrian Force willhaben,oe:team:659132057bf3872268ec0676b57862b,VININE,oe:player:280a58c350eef8f164e753447b2a306,Vander,sup,Nautilus,oe:player:673ed98a945993e162019b463e02c90,Pyke,sup:Nautilus,lineup-54e67b5d765adf4b,1,1366.00000000,22.76666667,2,2,10,6.00000000,6832.00000000,5580.00000000,22,245.09516837,0.13283559,0.06080153,56,2.45973646,0.50000000,166.00000000,120.00000000,-1.00000000,0,warmup,,,,,
pg-18d05881a635236f,LOLTMNT02_172814,2024-09-30T17:30:24,2024-09-30,2024,Unknown,0,14.18,Blue,oe:team:a1934e3feca7db728021f9c61a6bc27,Austrian Force willhaben,oe:team:659132057bf3872268ec0676b57862b,VININE,oe:player:1725cf69407d2dcdf2873d0669409e8,Tracyn,top,Yone,oe:player:abe5156b7e4b82b118cae3f52432995,Renekton,top:Yone,lineup-54e67b5d765adf4b,1,1366.00000000,22.76666667,4,3,7,3.66666667,10368.00000000,21063.00000000,206,925.16837482,0.20158656,0.22950945,12,0.52708638,0.45833333,1158.00000000,975.00000000,31.00000000,0,warmup,,,,,
pg-810234fb2e66368c,LOLTMNT02_172814,2024-09-30T17:30:24,2024-09-30,2024,Unknown,0,14.18,Red,oe:team:659132057bf3872268ec0676b57862b,VININE,oe:team:a1934e3feca7db728021f9c61a6bc27,Austrian Force willhaben,oe:player:647414e68f7beb0742f4a0cc5523ac5,Sola,bot,Jinx,oe:player:40fa7615556f33971d67c95a702fbcc,Ziggs,bot:Jinx,lineup-3dcc392eae23e239,0,1366.00000000,22.76666667,3,1,1,4.00000000,8639.00000000,9160.00000000,187,402.34260615,0.24171796,0.17289870,6,0.26354319,0.50000000,-1946.00000000,-328.00000000,-22.00000000,0,warmup,,,,,
pg-065471f250db47da,LOLTMNT02_172814,2024-09-30T17:30:24,2024-09-30,2024,Unknown,0,14.18,Red,oe:team:659132057bf3872268ec0676b57862b,VININE,oe:team:a1934e3feca7db728021f9c61a6bc27,Austrian Force willhaben,oe:player:1a14d03bc1d87f1604660783edbbcdd,Autophil,jng,Karthus,oe:player:6b7ca7e0fcad1f113f17bc2d30adbf5,Sejuani,jng:Karthus,lineup-3dcc392eae23e239,0,1366.00000000,22.76666667,2,9,5,0.77777778,7460.00000000,22953.00000000,127,1008.18448023,0.20872971,0.43324714,16,0.70278184,0.87500000,-553.00000000,-924.00000000,-22.00000000,0,warmup,,,,,
pg-19727f9f227985fa,LOLTMNT02_172814,2024-09-30T17:30:24,2024-09-30,2024,Unknown,0,14.18,Red,oe:team:659132057bf3872268ec0676b57862b,VININE,oe:team:a1934e3feca7db728021f9c61a6bc27,Austrian Force willhaben,oe:player:1e649d109aa635c132bb40ea7a78cf5,Bladeshow,mid,K'Sante,oe:player:7e33124e33721ef8f70d2dd843b57da,Akali,mid:K'Sante,lineup-3dcc392eae23e239,0,1366.00000000,22.76666667,1,3,3,1.33333333,7063.00000000,7321.00000000,148,321.56661786,0.19762171,0.13818683,16,0.70278184,0.50000000,-2221.00000000,-737.00000000,-14.00000000,0,warmup,,,,,
pg-9e9fb5f9e6a76f32,LOLTMNT02_172814,2024-09-30T17:30:24,2024-09-30,2024,Unknown,0,14.18,Red,oe:team:659132057bf3872268ec0676b57862b,VININE,oe:team:a1934e3feca7db728021f9c61a6bc27,Austrian Force willhaben,oe:player:673ed98a945993e162019b463e02c90,Kutcher,sup,Pyke,oe:player:280a58c350eef8f164e753447b2a306,Nautilus,sup:Pyke,lineup-3dcc392eae23e239,0,1366.00000000,22.76666667,1,4,6,1.75000000,5601.00000000,5087.00000000,23,223.44070278,0.15671517,0.09601918,53,2.32796486,0.87500000,-166.00000000,-120.00000000,1.00000000,0,warmup,,,,,
pg-28fa18e265323b11,LOLTMNT02_172814,2024-09-30T17:30:24,2024-09-30,2024,Unknown,0,14.18,Red,oe:team:659132057bf3872268ec0676b57862b,VININE,oe:team:a1934e3feca7db728021f9c61a6bc27,Austrian Force willhaben,oe:player:abe5156b7e4b82b118cae3f52432995,Kamon,top,Renekton,oe:player:1725cf69407d2dcdf2873d0669409e8,Yone,top:Renekton,lineup-3dcc392eae23e239,0,1366.00000000,22.76666667,1,7,1,0.28571429,6977.00000000,8458.00000000,152,371.50805271,0.19521544,0.15964816,13,0.57101025,0.25000000,-1158.00000000,-975.00000000,-31.00000000,0,warmup,,,,,
pg-b077c52e9a7d5713,LOLTMNT05_84200,2024-09-30T17:46:14,2024-09-30,2024,Unknown,0,14.18,Blue,name-team-94cd00fd2b536ea9,Foxnyr Esports,oe:team:26ff1a9f7fb8e976fbdcc5d2a8ac397,E WIE EINFACH E-SPORTS,oe:player:a238e2ff1b33deb842248e99ee43b3b,Marth,bot,Kai'Sa,oe:player:08cc98f89d63a05973e5db39e6b9945,Ezreal,bot:Kai'Sa,lineup-f1cfc30b520e0c8a,0,1369.00000000,22.81666667,3,4,0,0.75000000,8598.00000000,13017.00000000,162,570.50401753,0.24829618,0.28931167,16,0.70124178,0.50000000,-1332.00000000,-1258.00000000,-29.00000000,0,warmup,,,,,
pg-1c9ae1557bb2709c,LOLTMNT05_84200,2024-09-30T17:46:14,2024-09-30,2024,Unknown,0,14.18,Blue,name-team-94cd00fd2b536ea9,Foxnyr Esports,oe:team:26ff1a9f7fb8e976fbdcc5d2a8ac397,E WIE EINFACH E-SPORTS,name-player-03e96b2e7c21f1df,FXN Kyumaru,jng,Skarner,oe:player:3e1b1e0f9c925b2f504d78f3bd5da22,Sejuani,jng:Skarner,lineup-f1cfc30b520e0c8a,0,1369.00000000,22.81666667,1,7,0,0.14285714,6313.00000000,6843.00000000,122,299.91234478,0.18230911,0.15209033,15,0.65741417,0.16666667,-1171.00000000,-893.00000000,-8.00000000,0,warmup,,,,,
pg-eaa826bf98a25c9c,LOLTMNT05_84200,2024-09-30T17:46:14,2024-09-30,2024,Unknown,0,14.18,Blue,name-team-94cd00fd2b536ea9,Foxnyr Esports,oe:team:26ff1a9f7fb8e976fbdcc5d2a8ac397,E WIE EINFACH E-SPORTS,name-player-e23c98ad4687f95b,FXN Brozart,mid,Syndra,oe:player:2ca9469819fb0fb61ff98e914a7ccca,Akali,mid:Syndra,lineup-f1cfc30b520e0c8a,0,1369.00000000,22.81666667,2,7,0,0.28571429,8022.00000000,14068.00000000,168,616.56683711,0.23166224,0.31267086,12,0.52593134,0.33333333,-1450.00000000,-2136.00000000,-30.00000000,0,warmup,,,,,
pg-7f36b2e4a1f7cec9,LOLTMNT05_84200,2024-09-30T17:46:14,2024-09-30,2024,Unknown,0,14.18,Blue,name-team-94cd00fd2b536ea9,Foxnyr Esports,oe:team:26ff1a9f7fb8e976fbdcc5d2a8ac397,E WIE EINFACH E-SPORTS,name-player-364552794256d3fa,FXN Maxiethundr,sup,Rakan,oe:player:87f462541b21fed4081f063502bf4da,Karma,sup:Rakan,lineup-f1cfc30b520e0c8a,0,1369.00000000,22.81666667,0,5,3,0.60000000,4802.00000000,3654.00000000,21,160.14609204,0.13867391,0.08121263,62,2.71731191,0.50000000,-518.00000000,-1011.00000000,4.00000000,0,warmup,,,,,
pg-6b27e42ff66bb9f2,LOLTMNT05_84200,2024-09-30T17:46:14,2024-09-30,2024,Unknown,0,14.18,Blue,name-team-94cd00fd2b536ea9,Foxnyr Esports,oe:team:26ff1a9f7fb8e976fbdcc5d2a8ac397,E WIE EINFACH E-SPORTS,name-player-ab67dcd647e68aa4,FXN Fralimo,top,Ornn,oe:player:0fcaa97e5408efcaa78f5517e34cb02,Gnar,top:Ornn,lineup-f1cfc30b520e0c8a,0,1369.00000000,22.81666667,0,4,3,0.75000000,6893.00000000,7411.00000000,156,324.80642805,0.19905857,0.16471451,7,0.30679328,0.50000000,-1491.00000000,-268.00000000,-19.00000000,0,warmup,,,,,
pg-73d399a87e1fdb58,LOLTMNT05_84200,2024-09-30T17:46:14,2024-09-30,2024,Unknown,0,14.18,Red,oe:team:26ff1a9f7fb8e976fbdcc5d2a8ac397,E WIE EINFACH E-SPORTS,name-team-94cd00fd2b536ea9,Foxnyr Esports,oe:player:08cc98f89d63a05973e5db39e6b9945,Noz2k,bot,Ezreal,oe:player:a238e2ff1b33deb842248e99ee43b3b,Kai'Sa,bot:Ezreal,lineup-faa4d797b1949e70,1,1369.00000000,22.81666667,13,1,7,20.00000000,12341.00000000,32762.00000000,209,1435.88020453,0.24198514,0.38022840,15,0.65741417,0.74074074,1332.00000000,1258.00000000,29.00000000,0,warmup,,,,,
pg-b67e695737b39bc8,LOLTMNT05_84200,2024-09-30T17:46:14,2024-09-30,2024,Unknown,0,14.18,Red,oe:team:26ff1a9f7fb8e976fbdcc5d2a8ac397,E WIE EINFACH E-SPORTS,name-team-94cd00fd2b536ea9,Foxnyr Esports,oe:player:3e1b1e0f9c925b2f504d78f3bd5da22,D4nKa,jng,Sejuani,name-player-03e96b2e7c21f1df,Skarner,jng:Sejuani,lineup-faa4d797b1949e70,1,1369.00000000,22.81666667,3,0,17,20.00000000,9405.00000000,12703.00000000,138,556.74214755,0.18441538,0.14742816,24,1.05186267,0.74074074,1171.00000000,893.00000000,8.00000000,0,warmup,,,,,
pg-1c5b6eb5c445448b,LOLTMNT05_84200,2024-09-30T17:46:14,2024-09-30,2024,Unknown,0,14.18,Red,oe:team:26ff1a9f7fb8e976fbdcc5d2a8ac397,E WIE EINFACH E-SPORTS,name-team-94cd00fd2b536ea9,Foxnyr Esports,oe:player:2ca9469819fb0fb61ff98e914a7ccca,Relative,mid,Akali,name-player-e23c98ad4687f95b,Syndra,mid:Akali,lineup-faa4d797b1949e70,1,1369.00000000,22.81666667,5,2,8,6.50000000,11693.00000000,15647.00000000,206,685.77063550,0.22927901,0.18159556,12,0.52593134,0.48148148,1450.00000000,2136.00000000,30.00000000,0,warmup,,,,,
pg-3bd9d5c699203c73,LOLTMNT05_84200,2024-09-30T17:46:14,2024-09-30,2024,Unknown,0,14.18,Red,oe:team:26ff1a9f7fb8e976fbdcc5d2a8ac397,E WIE EINFACH E-SPORTS,name-team-94cd00fd2b536ea9,Foxnyr Esports,oe:player:87f462541b21fed4081f063502bf4da,Tockimo,sup,Karma,name-player-364552794256d3fa,Rakan,sup:Karma,lineup-faa4d797b1949e70,1,1369.00000000,22.81666667,0,1,18,18.00000000,6887.00000000,7294.00000000,17,319.67859752,0.13504186,0.08465252,62,2.71731191,0.66666667,518.00000000,1011.00000000,-4.00000000,0,warmup,,,,,
pg-3cca85ec4ac2d581,LOLTMNT05_84200,2024-09-30T17:46:14,2024-09-30,2024,Unknown,0,14.18,Red,oe:team:26ff1a9f7fb8e976fbdcc5d2a8ac397,E WIE EINFACH E-SPORTS,name-team-94cd00fd2b536ea9,Foxnyr Esports,oe:player:0fcaa97e5408efcaa78f5517e34cb02,Flamer,top,Gnar,name-player-ab67dcd647e68aa4,Ornn,top:Gnar,lineup-faa4d797b1949e70,1,1369.00000000,22.81666667,6,2,4,5.00000000,10673.00000000,17758.00000000,195,778.29072316,0.20927861,0.20609535,21,0.92037984,0.37037037,1491.00000000,268.00000000,19.00000000,0,warmup,,,,,
pg-c9c14338b309246d,LOLTMNT05_85155,2024-09-30T17:48:56,2024-09-30,2024,Unknown,0,14.18,Blue,oe:team:e46f2dda10740009ffb0c01498dc5ce,ROSSMANN Centaurs,oe:team:3de935df8f40fbb4d0e564d4a20e6cb,Berlin International Gaming,oe:player:1d08b7a3a79956e521241ad27f2f60d,Varry,bot,Swain,oe:player:71b8101d78beb04a089caa90a8d9310,Kai'Sa,bot:Swain,lineup-b3cb346d12213755,0,1723.00000000,28.71666667,1,7,3,0.57142857,9201.00000000,23489.00000000,189,817.95705165,0.17680970,0.24769849,15,0.52234475,0.30769231,-1626.00000000,-478.00000000,-3.00000000,0,warmup,,,,,
pg-15ceee5feb6e8bad,LOLTMNT05_85155,2024-09-30T17:48:56,2024-09-30,2024,Unknown,0,14.18,Blue,oe:team:e46f2dda10740009ffb0c01498dc5ce,ROSSMANN Centaurs,oe:team:3de935df8f40fbb4d0e564d4a20e6cb,Berlin International Gaming,oe:player:3068654a4082275bbc00789650d1954,Xagog,jng,Viego,oe:player:3597a9b82f5f462aaa8a0fa552a9bac,Wukong,jng:Viego,lineup-b3cb346d12213755,0,1723.00000000,28.71666667,6,9,2,0.88888889,12012.00000000,14754.00000000,158,513.77829367,0.23082688,0.15558532,36,1.25362739,0.61538462,-1708.00000000,-531.00000000,1.00000000,0,warmup,,,,,
pg-b299ca543b8f02e7,LOLTMNT05_85155,2024-09-30T17:48:56,2024-09-30,2024,Unknown,0,14.18,Blue,oe:team:e46f2dda10740009ffb0c01498dc5ce,ROSSMANN Centaurs,oe:team:3de935df8f40fbb4d0e564d4a20e6cb,Berlin International Gaming,oe:player:f80c460f82b1017b588882292444e60,goose,mid,Ezreal,oe:player:2096ff50c6496d70e4b39793390c9ce,Sylas,mid:Ezreal,lineup-b3cb346d12213755,0,1723.00000000,28.71666667,2,3,4,2.00000000,11581.00000000,25365.00000000,258,883.28496808,0.22254463,0.26748147,20,0.69645966,0.46153846,-846.00000000,-109.00000000,4.00000000,0,warmup,,,,,
pg-15cf5648a6ba94e3,LOLTMNT05_85155,2024-09-30T17:48:56,2024-09-30,2024,Unknown,0,14.18,Blue,oe:team:e46f2dda10740009ffb0c01498dc5ce,ROSSMANN Centaurs,oe:team:3de935df8f40fbb4d0e564d4a20e6cb,Berlin International Gaming,oe:player:08904f9c78637b75c0de4d1734f318c,Wildenbruch,sup,Alistar,oe:player:74f3f60a44ee916ecc257a5381be756,Leona,sup:Alistar,lineup-b3cb346d12213755,0,1723.00000000,28.71666667,1,10,8,0.90000000,7484.00000000,6336.00000000,22,220.63842136,0.14381522,0.06681500,76,2.64654672,0.69230769,-945.00000000,-1382.00000000,-11.00000000,0,warmup,,,,,
pg-93a4d49b198259cd,LOLTMNT05_85155,2024-09-30T17:48:56,2024-09-30,2024,Unknown,0,14.18,Blue,oe:team:e46f2dda10740009ffb0c01498dc5ce,ROSSMANN Centaurs,oe:team:3de935df8f40fbb4d0e564d4a20e6cb,Berlin International Gaming,oe:player:0f5f13ceea0f4fdc6eff8145fe20692,Vikes,top,Gwen,oe:player:e0b008815ab05c5cdaf4d46ab61ff63,K'Sante,top:Gwen,lineup-b3cb346d12213755,0,1723.00000000,28.71666667,3,8,1,0.50000000,11761.00000000,24885.00000000,214,866.56993616,0.22600357,0.26241972,20,0.69645966,0.30769231,-2510.00000000,-2029.00000000,-33.00000000,0,warmup,,,,,
pg-69e55550a25afc4f,LOLTMNT05_85155,2024-09-30T17:48:56,2024-09-30,2024,Unknown,0,14.18,Red,oe:team:3de935df8f40fbb4d0e564d4a20e6cb,Berlin International Gaming,oe:team:e46f2dda10740009ffb0c01498dc5ce,ROSSMANN Centaurs,oe:player:71b8101d78beb04a089caa90a8d9310,Jeskla,bot,Kai'Sa,oe:player:1d08b7a3a79956e521241ad27f2f60d,Swain,bot:Kai'Sa,lineup-82727a2573d80da3,1,1723.00000000,28.71666667,7,5,17,4.80000000,15229.00000000,32502.00000000,261,1131.81659896,0.23930670,0.27372180,33,1.14915844,0.64864865,1626.00000000,478.00000000,3.00000000,0,warmup,,,,,
pg-fadc863fb22b478b,LOLTMNT05_85155,2024-09-30T17:48:56,2024-09-30,2024,Unknown,0,14.18,Red,oe:team:3de935df8f40fbb4d0e564d4a20e6cb,Berlin International Gaming,oe:team:e46f2dda10740009ffb0c01498dc5ce,ROSSMANN Centaurs,oe:player:3597a9b82f5f462aaa8a0fa552a9bac,Densi,jng,Wukong,oe:player:3068654a4082275bbc00789650d1954,Viego,jng:Wukong,lineup-82727a2573d80da3,1,1723.00000000,28.71666667,10,3,12,7.33333333,12514.00000000,20762.00000000,159,722.99477655,0.19664351,0.17485115,30,1.04468950,0.59459459,1708.00000000,531.00000000,-1.00000000,0,warmup,,,,,
pg-990796ac9ae6daf9,LOLTMNT05_85155,2024-09-30T17:48:56,2024-09-30,2024,Unknown,0,14.18,Red,oe:team:3de935df8f40fbb4d0e564d4a20e6cb,Berlin International Gaming,oe:team:e46f2dda10740009ffb0c01498dc5ce,ROSSMANN Centaurs,oe:player:2096ff50c6496d70e4b39793390c9ce,Sencux,mid,Sylas,oe:player:f80c460f82b1017b588882292444e60,Ezreal,mid:Sylas,lineup-82727a2573d80da3,1,1723.00000000,28.71666667,11,1,11,22.00000000,14501.00000000,30011.00000000,227,1045.07254788,0.22786700,0.25274337,22,0.76610563,0.59459459,846.00000000,109.00000000,-4.00000000,0,warmup,,,,,
pg-ab23eef4e211eb8b,LOLTMNT05_85155,2024-09-30T17:48:56,2024-09-30,2024,Unknown,0,14.18,Red,oe:team:3de935df8f40fbb4d0e564d4a20e6cb,Berlin International Gaming,oe:team:e46f2dda10740009ffb0c01498dc5ce,ROSSMANN Centaurs,oe:player:74f3f60a44ee916ecc257a5381be756,Lekcyc,sup,Leona,oe:player:08904f9c78637b75c0de4d1734f318c,Alistar,sup:Leona,lineup-82727a2573d80da3,1,1723.00000000,28.71666667,2,1,26,28.00000000,9204.00000000,14805.00000000,41,515.55426582,0.14463057,0.12468313,105,3.65641323,0.75675676,945.00000000,1382.00000000,11.00000000,0,warmup,,,,,
pg-e188684cb76de33f,LOLTMNT05_85155,2024-09-30T17:48:56,2024-09-30,2024,Unknown,0,14.18,Red,oe:team:3de935df8f40fbb4d0e564d4a20e6cb,Berlin International Gaming,oe:team:e46f2dda10740009ffb0c01498dc5ce,ROSSMANN Centaurs,oe:player:e0b008815ab05c5cdaf4d46ab61ff63,Vizicsacsi,top,K'Sante,oe:player:0f5f13ceea0f4fdc6eff8145fe20692,Gwen,top:K'Sante,lineup-82727a2573d80da3,1,1723.00000000,28.71666667,7,3,11,6.00000000,12190.00000000,20661.00000000,179,719.47765525,0.19155222,0.17400056,28,0.97504353,0.48648649,2510.00000000,2029.00000000,33.00000000,0,warmup,,,,,
pg-dd3ab89f2747004c,LOLTMNT02_173506,2024-09-30T18:13:42,2024-09-30,2024,Unknown,0,14.18,Blue,oe:team:8985b977176fb8fc36c973d03c01654,Entropy x Teufel,oe:team:e11d88a3cdcd9d6fbb73a26b0f8a300,DKB XPERION NXT,oe:player:111f8e46b9fac23eb97b37c15c16d1c,Effortless,bot,Ashe,oe:player:9f8d365508ded3ca9701eff2003d6ad,Jhin,bot:Ashe,lineup-474b183d963352a4,0,1892.00000000,31.53333333,3,3,3,2.00000000,12380.00000000,23023.00000000,249,730.11627907,0.23694233,0.29463783,29,0.91966173,0.75000000,797.00000000,273.00000000,8.00000000,0,warmup,,,,,
pg-75ec40b895598487,LOLTMNT02_173506,2024-09-30T18:13:42,2024-09-30,2024,Unknown,0,14.18,Blue,oe:team:8985b977176fb8fc36c973d03c01654,Entropy x Teufel,oe:team:e11d88a3cdcd9d6fbb73a26b0f8a300,DKB XPERION NXT,oe:player:161d1a55c06aca37d588f0545e35b45,Inition,jng,Sejuani,oe:player:30f18a468db8d9e940f0818a682318b,Vi,jng:Sejuani,lineup-474b183d963352a4,0,1892.00000000,31.53333333,0,3,4,1.33333333,9528.00000000,6323.00000000,199,200.51797040,0.18235756,0.08091886,32,1.01479915,0.50000000,-623.00000000,-185.00000000,-2.00000000,0,warmup,,,,,
pg-0fc966f4cf6fb4e6,LOLTMNT02_173506,2024-09-30T18:13:42,2024-09-30,2024,Unknown,0,14.18,Blue,oe:team:8985b977176fb8fc36c973d03c01654,Entropy x Teufel,oe:team:e11d88a3cdcd9d6fbb73a26b0f8a300,DKB XPERION NXT,oe:player:b6d3661d0e5b3a8a54971329bdaed35,Peaker,mid,Syndra,oe:player:ff71e751aa5f67010f80aad602ecdfe,Kassadin,mid:Syndra,lineup-474b183d963352a4,0,1892.00000000,31.53333333,2,3,3,1.66666667,12371.00000000,23024.00000000,254,730.14799154,0.23677008,0.29465063,27,0.85623679,0.62500000,-40.00000000,778.00000000,4.00000000,0,warmup,,,,,
pg-22b0413674912df0,LOLTMNT02_173506,2024-09-30T18:13:42,2024-09-30,2024,Unknown,0,14.18,Blue,oe:team:8985b977176fb8fc36c973d03c01654,Entropy x Teufel,oe:team:e11d88a3cdcd9d6fbb73a26b0f8a300,DKB XPERION NXT,oe:player:dfaae08dcfa7836a7d4b41479cd7dc3,Staargazing,sup,Braum,oe:player:21177b451d4c05fc389ac6cc767dfce,Rakan,sup:Braum,lineup-474b183d963352a4,0,1892.00000000,31.53333333,0,7,6,0.85714286,6666.00000000,4035.00000000,26,127.95983087,0.12758139,0.05163809,85,2.69556025,0.75000000,-175.00000000,820.00000000,-3.00000000,0,warmup,,,,,
pg-6bac6adf92a453c3,LOLTMNT02_173506,2024-09-30T18:13:42,2024-09-30,2024,Unknown,0,14.18,Blue,oe:team:8985b977176fb8fc36c973d03c01654,Entropy x Teufel,oe:team:e11d88a3cdcd9d6fbb73a26b0f8a300,DKB XPERION NXT,oe:player:46c8f3a5fb8d9cf794de4991ee30c40,Obelisk,top,Jax,oe:player:9f19603cf47eb7f0b95afbbd249f69c,Poppy,top:Jax,lineup-474b183d963352a4,0,1892.00000000,31.53333333,3,6,1,0.66666667,11304.00000000,21735.00000000,214,689.27061311,0.21634864,0.27815459,18,0.57082452,0.50000000,74.00000000,-27.00000000,-5.00000000,0,warmup,,,,,
pg-f1dbbe5f8f68e492,LOLTMNT02_173506,2024-09-30T18:13:42,2024-09-30,2024,Unknown,0,14.18,Red,oe:team:e11d88a3cdcd9d6fbb73a26b0f8a300,DKB XPERION NXT,oe:team:8985b977176fb8fc36c973d03c01654,Entropy x Teufel,oe:player:9f8d365508ded3ca9701eff2003d6ad,looki,bot,Jhin,oe:player:111f8e46b9fac23eb97b37c15c16d1c,Ashe,bot:Jhin,lineup-adb44e46dfba6b7e,1,1892.00000000,31.53333333,4,1,9,13.00000000,13116.00000000,18770.00000000,263,595.24312896,0.20764664,0.18710314,22,0.69767442,0.59090909,-797.00000000,-273.00000000,-8.00000000,0,warmup,,,,,
pg-ab6973199817aa23,LOLTMNT02_173506,2024-09-30T18:13:42,2024-09-30,2024,Unknown,0,14.18,Red,oe:team:e11d88a3cdcd9d6fbb73a26b0f8a300,DKB XPERION NXT,oe:team:8985b977176fb8fc36c973d03c01654,Entropy x Teufel,oe:player:30f18a468db8d9e940f0818a682318b,Techoteco,jng,Vi,oe:player:161d1a55c06aca37d588f0545e35b45,Sejuani,jng:Vi,lineup-adb44e46dfba6b7e,1,1892.00000000,31.53333333,5,2,12,8.50000000,13224.00000000,18576.00000000,227,589.09090909,0.20935645,0.18516931,36,1.14164905,0.77272727,623.00000000,185.00000000,2.00000000,0,warmup,,,,,
pg-44527696ebaf6093,LOLTMNT02_173506,2024-09-30T18:13:42,2024-09-30,2024,Unknown,0,14.18,Red,oe:team:e11d88a3cdcd9d6fbb73a26b0f8a300,DKB XPERION NXT,oe:team:8985b977176fb8fc36c973d03c01654,Entropy x Teufel,oe:player:ff71e751aa5f67010f80aad602ecdfe,Luke,mid,Kassadin,oe:player:b6d3661d0e5b3a8a54971329bdaed35,Syndra,mid:Kassadin,lineup-adb44e46dfba6b7e,1,1892.00000000,31.53333333,7,4,7,3.50000000,14747.00000000,27606.00000000,282,875.45454545,0.23346790,0.27518217,23,0.72938689,0.63636364,40.00000000,-778.00000000,-4.00000000,0,warmup,,,,,
pg-a0f107cd0c9b13ff,LOLTMNT02_173506,2024-09-30T18:13:42,2024-09-30,2024,Unknown,0,14.18,Red,oe:team:e11d88a3cdcd9d6fbb73a26b0f8a300,DKB XPERION NXT,oe:team:8985b977176fb8fc36c973d03c01654,Entropy x Teufel,oe:player:21177b451d4c05fc389ac6cc767dfce,Ephekles,sup,Rakan,oe:player:dfaae08dcfa7836a7d4b41479cd7dc3,Braum,sup:Rakan,lineup-adb44e46dfba6b7e,1,1892.00000000,31.53333333,1,0,20,21.00000000,8525.00000000,6354.00000000,38,201.50105708,0.13496398,0.06333795,130,4.12262156,0.95454545,175.00000000,-820.00000000,3.00000000,0,warmup,,,,,
pg-38f343767053e423,LOLTMNT02_173506,2024-09-30T18:13:42,2024-09-30,2024,Unknown,0,14.18,Red,oe:team:e11d88a3cdcd9d6fbb73a26b0f8a300,DKB XPERION NXT,oe:team:8985b977176fb8fc36c973d03c01654,Entropy x Teufel,oe:player:9f19603cf47eb7f0b95afbbd249f69c,Tayto,top,Poppy,oe:player:46c8f3a5fb8d9cf794de4991ee30c40,Jax,top:Poppy,lineup-adb44e46dfba6b7e,1,1892.00000000,31.53333333,5,1,10,15.00000000,13553.00000000,29013.00000000,243,920.07399577,0.21456503,0.28920743,25,0.79281184,0.68181818,-74.00000000,27.00000000,5.00000000,0,warmup,,,,,
pg-54eb8fb41a70bec9,LOLTMNT05_85165,2024-09-30T18:30:39,2024-09-30,2024,Unknown,0,14.18,Blue,oe:team:30fa9a41992f6d79206892a5af03a43,All for One Gaming,name-team-94cd00fd2b536ea9,Foxnyr Esports,oe:player:b7ba183b22675d06d42bd783276a010,Kazing,bot,Jinx,oe:player:a238e2ff1b33deb842248e99ee43b3b,Varus,bot:Jinx,lineup-7116e4492f85a928,0,1773.00000000,29.55000000,3,6,10,2.16666667,11062.00000000,17071.00000000,236,577.69881557,0.19840729,0.16433226,27,0.91370558,0.59090909,-1126.00000000,43.00000000,13.00000000,0,warmup,,,,,
pg-31b8a21cca3c23f2,LOLTMNT05_85165,2024-09-30T18:30:39,2024-09-30,2024,Unknown,0,14.18,Blue,oe:team:30fa9a41992f6d79206892a5af03a43,All for One Gaming,name-team-94cd00fd2b536ea9,Foxnyr Esports,oe:player:0d7c1887f1bc9cfeffde4e06b426dbb,Pasu,jng,Wukong,name-player-03e96b2e7c21f1df,Xin Zhao,jng:Wukong,lineup-7116e4492f85a928,0,1773.00000000,29.55000000,8,6,10,3.00000000,12092.00000000,18564.00000000,167,628.22335025,0.21688130,0.17870448,29,0.98138748,0.81818182,2200.00000000,606.00000000,32.00000000,0,warmup,,,,,
pg-edc47cd8233e6b19,LOLTMNT05_85165,2024-09-30T18:30:39,2024-09-30,2024,Unknown,0,14.18,Blue,oe:team:30fa9a41992f6d79206892a5af03a43,All for One Gaming,name-team-94cd00fd2b536ea9,Foxnyr Esports,oe:player:4e24975f772fe41fcf838ea9dbe138f,Fooneses,mid,Syndra,name-player-e23c98ad4687f95b,Zilean,mid:Syndra,lineup-7116e4492f85a928,0,1773.00000000,29.55000000,7,8,8,1.87500000,12515.00000000,30525.00000000,212,1032.99492386,0.22446820,0.29384584,28,0.94754653,0.68181818,400.00000000,-25.00000000,2.00000000,0,warmup,,,,,
pg-dbf97366271fbd5f,LOLTMNT05_85165,2024-09-30T18:30:39,2024-09-30,2024,Unknown,0,14.18,Blue,oe:team:30fa9a41992f6d79206892a5af03a43,All for One Gaming,name-team-94cd00fd2b536ea9,Foxnyr Esports,oe:player:20cdf5972da68ab707cded4dd74d57e,Seraphya,sup,Lulu,name-player-364552794256d3fa,Blitzcrank,sup:Lulu,lineup-7116e4492f85a928,0,1773.00000000,29.55000000,0,8,18,2.25000000,7323.00000000,5524.00000000,27,186.93739425,0.13134484,0.05317623,65,2.19966159,0.81818182,-113.00000000,-513.00000000,8.00000000,0,warmup,,,,,
pg-e71736e639b92725,LOLTMNT05_85165,2024-09-30T18:30:39,2024-09-30,2024,Unknown,0,14.18,Blue,oe:team:30fa9a41992f6d79206892a5af03a43,All for One Gaming,name-team-94cd00fd2b536ea9,Foxnyr Esports,oe:player:0ca1c9160623ef369d846ce506df20f,Rem,top,Yone,name-player-ab67dcd647e68aa4,K'Sante,top:Yone,lineup-7116e4492f85a928,0,1773.00000000,29.55000000,4,7,5,1.28571429,12762.00000000,32197.00000000,254,1089.57698816,0.22889838,0.30994118,15,0.50761421,0.40909091,1049.00000000,927.00000000,7.00000000,0,warmup,,,,,
pg-dd7c88b453cd221e,LOLTMNT05_85165,2024-09-30T18:30:39,2024-09-30,2024,Unknown,0,14.18,Red,name-team-94cd00fd2b536ea9,Foxnyr Esports,oe:team:30fa9a41992f6d79206892a5af03a43,All for One Gaming,oe:player:a238e2ff1b33deb842248e99ee43b3b,Marth,bot,Varus,oe:player:b7ba183b22675d06d42bd783276a010,Jinx,bot:Varus,lineup-f1cfc30b520e0c8a,1,1773.00000000,29.55000000,15,6,13,4.66666667,16348.00000000,39496.00000000,243,1336.58206430,0.26836515,0.37055523,22,0.74450085,0.80000000,1126.00000000,-43.00000000,-13.00000000,0,warmup,,,,,
pg-78d64a5d978d1bd3,LOLTMNT05_85165,2024-09-30T18:30:39,2024-09-30,2024,Unknown,0,14.18,Red,name-team-94cd00fd2b536ea9,Foxnyr Esports,oe:team:30fa9a41992f6d79206892a5af03a43,All for One Gaming,name-player-03e96b2e7c21f1df,FXN Kyumaru,jng,Xin Zhao,oe:player:0d7c1887f1bc9cfeffde4e06b426dbb,Wukong,jng:Xin Zhao,lineup-f1cfc30b520e0c8a,1,1773.00000000,29.55000000,4,8,15,2.37500000,10117.00000000,16891.00000000,137,571.60744501,0.16607843,0.15847297,28,0.94754653,0.54285714,-2200.00000000,-606.00000000,-32.00000000,0,warmup,,,,,
pg-499ea757df634ca8,LOLTMNT05_85165,2024-09-30T18:30:39,2024-09-30,2024,Unknown,0,14.18,Red,name-team-94cd00fd2b536ea9,Foxnyr Esports,oe:team:30fa9a41992f6d79206892a5af03a43,All for One Gaming,name-player-e23c98ad4687f95b,FXN Brozart,mid,Zilean,oe:player:4e24975f772fe41fcf838ea9dbe138f,Syndra,mid:Zilean,lineup-f1cfc30b520e0c8a,1,1773.00000000,29.55000000,4,1,20,24.00000000,12799.00000000,15820.00000000,248,535.36379019,0.21010555,0.14842475,24,0.81218274,0.68571429,-400.00000000,25.00000000,-2.00000000,0,warmup,,,,,
pg-8ce281658e0631a6,LOLTMNT05_85165,2024-09-30T18:30:39,2024-09-30,2024,Unknown,0,14.18,Red,name-team-94cd00fd2b536ea9,Foxnyr Esports,oe:team:30fa9a41992f6d79206892a5af03a43,All for One Gaming,name-player-364552794256d3fa,FXN Maxiethundr,sup,Blitzcrank,oe:player:20cdf5972da68ab707cded4dd74d57e,Lulu,sup:Blitzcrank,lineup-f1cfc30b520e0c8a,1,1773.00000000,29.55000000,0,5,24,4.80000000,7605.00000000,7711.00000000,17,260.94754653,0.12484200,0.07234534,79,2.67343486,0.68571429,113.00000000,513.00000000,-8.00000000,0,warmup,,,,,
pg-4123616184085587,LOLTMNT05_85165,2024-09-30T18:30:39,2024-09-30,2024,Unknown,0,14.18,Red,name-team-94cd00fd2b536ea9,Foxnyr Esports,oe:team:30fa9a41992f6d79206892a5af03a43,All for One Gaming,name-player-ab67dcd647e68aa4,FXN Fralimo,top,K'Sante,oe:player:0ca1c9160623ef369d846ce506df20f,Yone,top:K'Sante,lineup-f1cfc30b520e0c8a,1,1773.00000000,29.55000000,12,2,11,11.50000000,14048.00000000,26668.00000000,208,902.47038917,0.23060886,0.25020172,16,0.54145516,0.65714286,-1049.00000000,-927.00000000,-7.00000000,0,warmup,,,,,
pg-6992145824b0e150,LOLTMNT05_84214,2024-09-30T18:48:38,2024-09-30,2024,Unknown,0,14.18,Blue,name-team-290cb1b9e8978f88,Andromeda Nebula,oe:team:e46f2dda10740009ffb0c01498dc5ce,ROSSMANN Centaurs,name-player-c4b565cad9686e93,AOM Fabiqt,bot,Smolder,oe:player:1d08b7a3a79956e521241ad27f2f60d,Syndra,bot:Smolder,lineup-029516070325e8a9,0,1404.00000000,23.40000000,0,5,2,0.40000000,7185.00000000,11694.00000000,177,499.74358974,0.21142924,0.23380518,11,0.47008547,0.28571429,-2297.00000000,-2173.00000000,-37.00000000,0,warmup,,,,,
pg-3490a74686f02a5a,LOLTMNT05_84214,2024-09-30T18:48:38,2024-09-30,2024,Unknown,0,14.18,Blue,name-team-290cb1b9e8978f88,Andromeda Nebula,oe:team:e46f2dda10740009ffb0c01498dc5ce,ROSSMANN Centaurs,name-player-9b99530cfceb1999,AOM Kipapo,jng,Gwen,oe:player:3068654a4082275bbc00789650d1954,Skarner,jng:Gwen,lineup-029516070325e8a9,0,1404.00000000,23.40000000,6,6,0,1.00000000,8595.00000000,13827.00000000,119,590.89743590,0.25292058,0.27645154,13,0.55555556,0.85714286,-645.00000000,-6.00000000,8.00000000,0,warmup,,,,,
pg-5d0f2a7eeaa0070d,LOLTMNT05_84214,2024-09-30T18:48:38,2024-09-30,2024,Unknown,0,14.18,Blue,name-team-290cb1b9e8978f88,Andromeda Nebula,oe:team:e46f2dda10740009ffb0c01498dc5ce,ROSSMANN Centaurs,name-player-4519a4ead78266a3,AOM Arcanum,mid,Yone,oe:player:f80c460f82b1017b588882292444e60,Jayce,mid:Yone,lineup-029516070325e8a9,0,1404.00000000,23.40000000,0,6,2,0.33333333,6910.00000000,10338.00000000,172,441.79487179,0.20333696,0.20669386,24,1.02564103,0.28571429,-3899.00000000,-1819.00000000,-35.00000000,0,warmup,,,,,
pg-e268725e1ce41726,LOLTMNT05_84214,2024-09-30T18:48:38,2024-09-30,2024,Unknown,0,14.18,Blue,name-team-290cb1b9e8978f88,Andromeda Nebula,oe:team:e46f2dda10740009ffb0c01498dc5ce,ROSSMANN Centaurs,name-player-f6f61cbab413cde5,AOM amboor,sup,Thresh,oe:player:08904f9c78637b75c0de4d1734f318c,Nautilus,sup:Thresh,lineup-029516070325e8a9,0,1404.00000000,23.40000000,0,7,3,0.42857143,4853.00000000,5086.00000000,13,217.35042735,0.14280670,0.10168746,46,1.96581197,0.42857143,-914.00000000,-354.00000000,-12.00000000,0,warmup,,,,,
pg-a6ae9070765f6afe,LOLTMNT05_84214,2024-09-30T18:48:38,2024-09-30,2024,Unknown,0,14.18,Blue,name-team-290cb1b9e8978f88,Andromeda Nebula,oe:team:e46f2dda10740009ffb0c01498dc5ce,ROSSMANN Centaurs,name-player-57bc9c1151d7b5c6,AOM amicusp,top,Camille,oe:player:0f5f13ceea0f4fdc6eff8145fe20692,Jax,top:Camille,lineup-029516070325e8a9,0,1404.00000000,23.40000000,1,5,2,0.60000000,6440.00000000,9071.00000000,126,387.64957265,0.18950652,0.18136196,9,0.38461538,0.42857143,-1732.00000000,-1599.00000000,-45.00000000,0,warmup,,,,,
pg-38d1bf15b904dfe7,LOLTMNT05_84214,2024-09-30T18:48:38,2024-09-30,2024,Unknown,0,14.18,Red,oe:team:e46f2dda10740009ffb0c01498dc5ce,ROSSMANN Centaurs,name-team-290cb1b9e8978f88,Andromeda Nebula,oe:player:1d08b7a3a79956e521241ad27f2f60d,Varry,bot,Syndra,name-player-c4b565cad9686e93,Smolder,bot:Syndra,lineup-b3cb346d12213755,1,1404.00000000,23.40000000,7,0,6,13.00000000,11681.00000000,19941.00000000,247,852.17948718,0.21812037,0.23657049,29,1.23931624,0.44827586,2297.00000000,2173.00000000,37.00000000,0,warmup,,,,,
pg-928171afbffda12a,LOLTMNT05_84214,2024-09-30T18:48:38,2024-09-30,2024,Unknown,0,14.18,Red,oe:team:e46f2dda10740009ffb0c01498dc5ce,ROSSMANN Centaurs,name-team-290cb1b9e8978f88,Andromeda Nebula,oe:player:3068654a4082275bbc00789650d1954,Xagog,jng,Skarner,name-player-9b99530cfceb1999,Gwen,jng:Skarner,lineup-b3cb346d12213755,1,1404.00000000,23.40000000,7,1,10,17.00000000,10414.00000000,15836.00000000,131,676.75213675,0.19446156,0.18787074,18,0.76923077,0.58620690,645.00000000,6.00000000,-8.00000000,0,warmup,,,,,
pg-ea849d11dc020a40,LOLTMNT05_84214,2024-09-30T18:48:38,2024-09-30,2024,Unknown,0,14.18,Red,oe:team:e46f2dda10740009ffb0c01498dc5ce,ROSSMANN Centaurs,name-team-290cb1b9e8978f88,Andromeda Nebula,oe:player:f80c460f82b1017b588882292444e60,goose,mid,Jayce,name-player-4519a4ead78266a3,Yone,mid:Jayce,lineup-b3cb346d12213755,1,1404.00000000,23.40000000,11,1,2,13.00000000,13793.00000000,24289.00000000,233,1037.99145299,0.25755793,0.28815309,12,0.51282051,0.44827586,3899.00000000,1819.00000000,35.00000000,0,warmup,,,,,
pg-6f9acfe824077366,LOLTMNT05_84214,2024-09-30T18:48:38,2024-09-30,2024,Unknown,0,14.18,Red,oe:team:e46f2dda10740009ffb0c01498dc5ce,ROSSMANN Centaurs,name-team-290cb1b9e8978f88,Andromeda Nebula,oe:player:08904f9c78637b75c0de4d1734f318c,Wildenbruch,sup,Nautilus,name-player-f6f61cbab413cde5,Thresh,sup:Nautilus,lineup-b3cb346d12213755,1,1404.00000000,23.40000000,0,2,13,6.50000000,6995.00000000,5986.00000000,27,255.81196581,0.13061827,0.07101504,66,2.82051282,0.44827586,914.00000000,354.00000000,12.00000000,0,warmup,,,,,
pg-cb2069b28afb2575,LOLTMNT05_84214,2024-09-30T18:48:38,2024-09-30,2024,Unknown,0,14.18,Red,oe:team:e46f2dda10740009ffb0c01498dc5ce,ROSSMANN Centaurs,name-team-290cb1b9e8978f88,Andromeda Nebula,oe:player:0f5f13ceea0f4fdc6eff8145fe20692,Vikes,top,Jax,name-player-57bc9c1151d7b5c6,Camille,top:Jax,lineup-b3cb346d12213755,1,1404.00000000,23.40000000,4,3,3,2.33333333,10670.00000000,18240.00000000,186,779.48717949,0.19924187,0.21639064,11,0.47008547,0.24137931,1732.00000000,1599.00000000,45.00000000,0,warmup,,,,,
pg-b20b2edb09ca7149,LOLTMNT02_172848,2024-09-30T18:50:29,2024-09-30,2024,Unknown,0,14.18,Blue,oe:team:980ab072663574c2e4fca71f275d302,Eintracht Spandau,oe:team:20ac802b980b4a0e33e933f3a5f9505,Team Mentality,oe:player:9ea5afea85321b13df74acb62bfb530,Fun K3y,bot,Kai'Sa,oe:player:6170acc7982df44bea9133f93176f88,Jhin,bot:Kai'Sa,lineup-7806ec98ee9cc07b,1,1331.00000000,22.18333333,4,3,6,3.33333333,10287.00000000,10276.00000000,205,463.23065364,0.20056541,0.13373417,22,0.99173554,0.31250000,1301.00000000,14.00000000,3.00000000,0,warmup,,,,,
pg-980703b421e04891,LOLTMNT02_172848,2024-09-30T18:50:29,2024-09-30,2024,Unknown,0,14.18,Blue,oe:team:980ab072663574c2e4fca71f275d302,Eintracht Spandau,oe:team:20ac802b980b4a0e33e933f3a5f9505,Team Mentality,oe:player:25372337c424d854728ed2a7775efb6,Zanzarah,jng,Sejuani,oe:player:4ab250820a1b574c893716ba9134180,Amumu,jng:Sejuani,lineup-7806ec98ee9cc07b,1,1331.00000000,22.18333333,4,1,15,19.00000000,9128.00000000,11707.00000000,124,527.73854245,0.17796841,0.15235753,31,1.39744553,0.59375000,1628.00000000,875.00000000,12.00000000,0,warmup,,,,,
pg-81a5fd780d629ecf,LOLTMNT02_172848,2024-09-30T18:50:29,2024-09-30,2024,Unknown,0,14.18,Blue,oe:team:980ab072663574c2e4fca71f275d302,Eintracht Spandau,oe:team:20ac802b980b4a0e33e933f3a5f9505,Team Mentality,oe:player:b6ebe3c8487ddc3a23c586e650c4528,PowerOfEvil,mid,Hwei,oe:player:ffa51c3e9e63cddfc4e8c4adcf6f016,Ryze,mid:Hwei,lineup-7806ec98ee9cc07b,1,1331.00000000,22.18333333,11,0,12,23.00000000,14038.00000000,32338.00000000,206,1457.76108189,0.27369858,0.42085399,20,0.90157776,0.71875000,3991.00000000,1243.00000000,35.00000000,0,warmup,,,,,
pg-1ed56dd6a71e649b,LOLTMNT02_172848,2024-09-30T18:50:29,2024-09-30,2024,Unknown,0,14.18,Blue,oe:team:980ab072663574c2e4fca71f275d302,Eintracht Spandau,oe:team:20ac802b980b4a0e33e933f3a5f9505,Team Mentality,oe:player:a291e13e72870a901a7a03a59d9c6be,Lilipp,sup,Pyke,oe:player:55a76357763a7268e85b78272f7179a,Poppy,sup:Pyke,lineup-7806ec98ee9cc07b,1,1331.00000000,22.18333333,7,1,9,16.00000000,8404.00000000,10566.00000000,35,476.30353118,0.16385260,0.13750830,99,4.46280992,0.50000000,2398.00000000,1983.00000000,4.00000000,0,warmup,,,,,
pg-ca5aee345eb3c8e6,LOLTMNT02_172848,2024-09-30T18:50:29,2024-09-30,2024,Unknown,0,14.18,Blue,oe:team:980ab072663574c2e4fca71f275d302,Eintracht Spandau,oe:team:20ac802b980b4a0e33e933f3a5f9505,Team Mentality,oe:player:3ef7267325e7c72a8ca898504722520,Vertigo,top,Jax,oe:player:b5eb44eff14a0f0624058aa192e3e5e,Kennen,top:Jax,lineup-7806ec98ee9cc07b,1,1331.00000000,22.18333333,6,1,4,10.00000000,9433.00000000,11952.00000000,157,538.78287002,0.18391499,0.15554601,8,0.36063110,0.31250000,1617.00000000,1270.00000000,4.00000000,0,warmup,,,,,
pg-9bcc923a6e9e8479,LOLTMNT02_172848,2024-09-30T18:50:29,2024-09-30,2024,Unknown,0,14.18,Red,oe:team:20ac802b980b4a0e33e933f3a5f9505,Team Mentality,oe:team:980ab072663574c2e4fca71f275d302,Eintracht Spandau,oe:player:6170acc7982df44bea9133f93176f88,Sheja,bot,Jhin,oe:player:9ea5afea85321b13df74acb62bfb530,Kai'Sa,bot:Jhin,lineup-a67825ca9783cd72,0,1331.00000000,22.18333333,1,4,1,0.50000000,7381.00000000,9968.00000000,181,449.34635612,0.22395170,0.19641766,9,0.40570999,0.33333333,-1301.00000000,-14.00000000,-3.00000000,0,warmup,,,,,
pg-ee8d561cdd1e6a58,LOLTMNT02_172848,2024-09-30T18:50:29,2024-09-30,2024,Unknown,0,14.18,Red,oe:team:20ac802b980b4a0e33e933f3a5f9505,Team Mentality,oe:team:980ab072663574c2e4fca71f275d302,Eintracht Spandau,oe:player:4ab250820a1b574c893716ba9134180,Striker,jng,Amumu,oe:player:25372337c424d854728ed2a7775efb6,Sejuani,jng:Amumu,lineup-a67825ca9783cd72,0,1331.00000000,22.18333333,1,14,1,0.14285714,6124.00000000,9763.00000000,101,440.10518407,0.18581225,0.19237817,10,0.45078888,0.33333333,-1628.00000000,-875.00000000,-12.00000000,0,warmup,,,,,
pg-932a2619e5f80ac9,LOLTMNT02_172848,2024-09-30T18:50:29,2024-09-30,2024,Unknown,0,14.18,Red,oe:team:20ac802b980b4a0e33e933f3a5f9505,Team Mentality,oe:team:980ab072663574c2e4fca71f275d302,Eintracht Spandau,oe:player:ffa51c3e9e63cddfc4e8c4adcf6f016,Unchained,mid,Ryze,oe:player:b6ebe3c8487ddc3a23c586e650c4528,Hwei,mid:Ryze,lineup-a67825ca9783cd72,0,1331.00000000,22.18333333,2,5,2,0.80000000,7694.00000000,7208.00000000,161,324.92862509,0.23344863,0.14203236,13,0.58602554,0.66666667,-3991.00000000,-1243.00000000,-35.00000000,0,warmup,,,,,
pg-5a42a028dc2e8ad7,LOLTMNT02_172848,2024-09-30T18:50:29,2024-09-30,2024,Unknown,0,14.18,Red,oe:team:20ac802b980b4a0e33e933f3a5f9505,Team Mentality,oe:team:980ab072663574c2e4fca71f275d302,Eintracht Spandau,oe:player:55a76357763a7268e85b78272f7179a,Turtlaren,sup,Poppy,oe:player:a291e13e72870a901a7a03a59d9c6be,Pyke,sup:Poppy,lineup-a67825ca9783cd72,0,1331.00000000,22.18333333,1,3,1,0.66666667,4913.00000000,4367.00000000,33,196.85950413,0.14906851,0.08605096,53,2.38918107,0.33333333,-2398.00000000,-1983.00000000,-4.00000000,0,warmup,,,,,
pg-b1b12628cd745e70,LOLTMNT02_172848,2024-09-30T18:50:29,2024-09-30,2024,Unknown,0,14.18,Red,oe:team:20ac802b980b4a0e33e933f3a5f9505,Team Mentality,oe:team:980ab072663574c2e4fca71f275d302,Eintracht Spandau,oe:player:b5eb44eff14a0f0624058aa192e3e5e,GentlemanHero,top,Kennen,oe:player:3ef7267325e7c72a8ca898504722520,Jax,top:Kennen,lineup-a67825ca9783cd72,0,1331.00000000,22.18333333,1,6,0,0.16666667,6846.00000000,19443.00000000,163,876.46882044,0.20771891,0.38312085,14,0.63110443,0.16666667,-1617.00000000,-1270.00000000,-4.00000000,0,warmup,,,,,
pg-b36e6a3db84160eb,LOLTMNT02_172852,2024-09-30T19:09:27,2024-09-30,2024,Unknown,0,14.18,Blue,oe:team:a1934e3feca7db728021f9c61a6bc27,Austrian Force willhaben,oe:team:8985b977176fb8fc36c973d03c01654,Entropy x Teufel,oe:player:40fa7615556f33971d67c95a702fbcc,Woolite,bot,Jhin,oe:player:111f8e46b9fac23eb97b37c15c16d1c,Sivir,bot:Jhin,lineup-54e67b5d765adf4b,1,1649.00000000,27.48333333,2,2,10,6.00000000,11904.00000000,17379.00000000,252,632.34687690,0.20753500,0.20388794,27,0.98241358,0.57142857,-1513.00000000,-386.00000000,4.00000000,0,warmup,,,,,
pg-b58451d9ebed6050,LOLTMNT02_172852,2024-09-30T19:09:27,2024-09-30,2024,Unknown,0,14.18,Blue,oe:team:a1934e3feca7db728021f9c61a6bc27,Austrian Force willhaben,oe:team:8985b977176fb8fc36c973d03c01654,Entropy x Teufel,oe:player:6b7ca7e0fcad1f113f17bc2d30adbf5,adi1,jng,Hecarim,oe:player:161d1a55c06aca37d588f0545e35b45,Sejuani,jng:Hecarim,lineup-54e67b5d765adf4b,1,1649.00000000,27.48333333,4,4,11,3.75000000,11724.00000000,14831.00000000,202,539.63614312,0.20439687,0.17399517,28,1.01879927,0.71428571,1151.00000000,1333.00000000,26.00000000,0,warmup,,,,,
pg-019c4181dc9c9787,LOLTMNT02_172852,2024-09-30T19:09:27,2024-09-30,2024,Unknown,0,14.18,Blue,oe:team:a1934e3feca7db728021f9c61a6bc27,Austrian Force willhaben,oe:team:8985b977176fb8fc36c973d03c01654,Entropy x Teufel,oe:player:7e33124e33721ef8f70d2dd843b57da,ESCIK,mid,Orianna,oe:player:b6d3661d0e5b3a8a54971329bdaed35,Veigar,mid:Orianna,lineup-54e67b5d765adf4b,1,1649.00000000,27.48333333,8,4,7,3.75000000,12817.00000000,23986.00000000,241,872.74711947,0.22345229,0.28140031,37,1.34627047,0.71428571,274.00000000,453.00000000,6.00000000,0,warmup,,,,,
pg-11b4b5935e02782c,LOLTMNT02_172852,2024-09-30T19:09:27,2024-09-30,2024,Unknown,0,14.18,Blue,oe:team:a1934e3feca7db728021f9c61a6bc27,Austrian Force willhaben,oe:team:8985b977176fb8fc36c973d03c01654,Entropy x Teufel,oe:player:280a58c350eef8f164e753447b2a306,Vander,sup,Nautilus,oe:player:dfaae08dcfa7836a7d4b41479cd7dc3,Leona,sup:Nautilus,lineup-54e67b5d765adf4b,1,1649.00000000,27.48333333,1,3,11,4.00000000,7517.00000000,6210.00000000,22,225.95512432,0.13105180,0.07285483,95,3.45664039,0.57142857,364.00000000,-155.00000000,0.00000000,0,warmup,,,,,
pg-32cbd5cdff8fc6e8,LOLTMNT02_172852,2024-09-30T19:09:27,2024-09-30,2024,Unknown,0,14.18,Blue,oe:team:a1934e3feca7db728021f9c61a6bc27,Austrian Force willhaben,oe:team:8985b977176fb8fc36c973d03c01654,Entropy x Teufel,oe:player:1725cf69407d2dcdf2873d0669409e8,Tracyn,top,Jax,oe:player:46c8f3a5fb8d9cf794de4991ee30c40,Renekton,top:Jax,lineup-54e67b5d765adf4b,1,1649.00000000,27.48333333,6,5,5,2.20000000,13397.00000000,22832.00000000,199,830.75803517,0.23356404,0.26786175,22,0.80048514,0.52380952,1742.00000000,224.00000000,10.00000000,0,warmup,,,,,
pg-5407d15ec4d6b78f,LOLTMNT02_172852,2024-09-30T19:09:27,2024-09-30,2024,Unknown,0,14.18,Red,oe:team:8985b977176fb8fc36c973d03c01654,Entropy x Teufel,oe:team:a1934e3feca7db728021f9c61a6bc27,Austrian Force willhaben,oe:player:111f8e46b9fac23eb97b37c15c16d1c,Effortless,bot,Sivir,oe:player:40fa7615556f33971d67c95a702fbcc,Jhin,bot:Sivir,lineup-474b183d963352a4,0,1649.00000000,27.48333333,8,2,3,5.50000000,13405.00000000,24109.00000000,266,877.22255913,0.27237077,0.32347614,31,1.12795634,0.61111111,1513.00000000,386.00000000,-4.00000000,0,warmup,,,,,
pg-f142cae4147d2536,LOLTMNT02_172852,2024-09-30T19:09:27,2024-09-30,2024,Unknown,0,14.18,Red,oe:team:8985b977176fb8fc36c973d03c01654,Entropy x Teufel,oe:team:a1934e3feca7db728021f9c61a6bc27,Austrian Force willhaben,oe:player:161d1a55c06aca37d588f0545e35b45,Inition,jng,Sejuani,oe:player:6b7ca7e0fcad1f113f17bc2d30adbf5,Hecarim,jng:Sejuani,lineup-474b183d963352a4,0,1649.00000000,27.48333333,2,4,8,2.50000000,8805.00000000,9122.00000000,150,331.91024864,0.17890523,0.12239202,34,1.23711340,0.55555556,-1151.00000000,-1333.00000000,-26.00000000,0,warmup,,,,,
pg-c379253e0c8522d7,LOLTMNT02_172852,2024-09-30T19:09:27,2024-09-30,2024,Unknown,0,14.18,Red,oe:team:8985b977176fb8fc36c973d03c01654,Entropy x Teufel,oe:team:a1934e3feca7db728021f9c61a6bc27,Austrian Force willhaben,oe:player:b6d3661d0e5b3a8a54971329bdaed35,Peaker,mid,Veigar,oe:player:7e33124e33721ef8f70d2dd843b57da,Orianna,mid:Veigar,lineup-474b183d963352a4,0,1649.00000000,27.48333333,5,5,6,2.20000000,11102.00000000,18383.00000000,195,668.87810794,0.22557705,0.24664905,21,0.76409945,0.61111111,-274.00000000,-453.00000000,-6.00000000,0,warmup,,,,,
pg-904e948e7aa1096c,LOLTMNT02_172852,2024-09-30T19:09:27,2024-09-30,2024,Unknown,0,14.18,Red,oe:team:8985b977176fb8fc36c973d03c01654,Entropy x Teufel,oe:team:a1934e3feca7db728021f9c61a6bc27,Austrian Force willhaben,oe:player:dfaae08dcfa7836a7d4b41479cd7dc3,Staargazing,sup,Leona,oe:player:280a58c350eef8f164e753447b2a306,Nautilus,sup:Leona,lineup-474b183d963352a4,0,1649.00000000,27.48333333,1,5,13,2.80000000,6868.00000000,7604.00000000,25,276.67677380,0.13954811,0.10202466,82,2.98362644,0.77777778,-364.00000000,155.00000000,0.00000000,0,warmup,,,,,
pg-36c6f508ddca3107,LOLTMNT02_172852,2024-09-30T19:09:27,2024-09-30,2024,Unknown,0,14.18,Red,oe:team:8985b977176fb8fc36c973d03c01654,Entropy x Teufel,oe:team:a1934e3feca7db728021f9c61a6bc27,Austrian Force willhaben,oe:player:46c8f3a5fb8d9cf794de4991ee30c40,Obelisk,top,Renekton,oe:player:1725cf69407d2dcdf2873d0669409e8,Jax,top:Renekton,lineup-474b183d963352a4,0,1649.00000000,27.48333333,2,5,2,0.80000000,9036.00000000,15313.00000000,196,557.17404488,0.18359883,0.20545813,30,1.09157065,0.22222222,-1742.00000000,-224.00000000,-10.00000000,0,warmup,,,,,
pg-34a02f14bc22c53a,LOLTMNT05_85167,2024-09-30T19:30:19,2024-09-30,2024,Unknown,0,14.18,Blue,oe:team:0410783728358f6e711de31a6f1e8f9,Kaufland Hangry Knights,oe:team:26ff1a9f7fb8e976fbdcc5d2a8ac397,E WIE EINFACH E-SPORTS,oe:player:1a38c55db5f8af06ebac94d8530ff71,Avra,bot,Jhin,oe:player:08cc98f89d63a05973e5db39e6b9945,Jinx,bot:Jhin,lineup-6218d111695859c5,0,1511.00000000,25.18333333,3,4,5,2.00000000,10167.00000000,15550.00000000,221,617.47187293,0.25050510,0.27812058,17,0.67504964,0.66666667,-611.00000000,231.00000000,7.00000000,0,warmup,,,,,
pg-ab5e71cf3c1b3071,LOLTMNT05_85167,2024-09-30T19:30:19,2024-09-30,2024,Unknown,0,14.18,Blue,oe:team:0410783728358f6e711de31a6f1e8f9,Kaufland Hangry Knights,oe:team:26ff1a9f7fb8e976fbdcc5d2a8ac397,E WIE EINFACH E-SPORTS,oe:player:e8ff461b567776b254963373be94961,Toni,jng,Sejuani,oe:player:3e1b1e0f9c925b2f504d78f3bd5da22,Jarvan IV,jng:Sejuani,lineup-6218d111695859c5,0,1511.00000000,25.18333333,0,6,6,1.00000000,6558.00000000,4572.00000000,96,181.54864328,0.16158281,0.08177282,19,0.75446724,0.50000000,-1810.00000000,-1295.00000000,-23.00000000,0,warmup,,,,,
pg-01072094376fa392,LOLTMNT05_85167,2024-09-30T19:30:19,2024-09-30,2024,Unknown,0,14.18,Blue,oe:team:0410783728358f6e711de31a6f1e8f9,Kaufland Hangry Knights,oe:team:26ff1a9f7fb8e976fbdcc5d2a8ac397,E WIE EINFACH E-SPORTS,oe:player:d7432b52de9ff23e6aa98374fe63375,Nite,mid,Orianna,oe:player:2ca9469819fb0fb61ff98e914a7ccca,Akali,mid:Orianna,lineup-6218d111695859c5,0,1511.00000000,25.18333333,4,4,3,1.75000000,9960.00000000,15918.00000000,213,632.08471211,0.24540482,0.28470247,19,0.75446724,0.58333333,-852.00000000,-1137.00000000,-12.00000000,0,warmup,,,,,
pg-e2940c4ac6a3f6a7,LOLTMNT05_85167,2024-09-30T19:30:19,2024-09-30,2024,Unknown,0,14.18,Blue,oe:team:0410783728358f6e711de31a6f1e8f9,Kaufland Hangry Knights,oe:team:26ff1a9f7fb8e976fbdcc5d2a8ac397,E WIE EINFACH E-SPORTS,oe:player:6369ba49db4cf35b35a7c47e3d4a4fd,Visdom,sup,Alistar,oe:player:87f462541b21fed4081f063502bf4da,Rell,sup:Alistar,lineup-6218d111695859c5,0,1511.00000000,25.18333333,3,5,4,1.40000000,6638.00000000,5074.00000000,27,201.48246195,0.16355393,0.09075137,63,2.50165453,0.58333333,478.00000000,720.00000000,7.00000000,0,warmup,,,,,
pg-3013e53a1c372381,LOLTMNT05_85167,2024-09-30T19:30:19,2024-09-30,2024,Unknown,0,14.18,Blue,oe:team:0410783728358f6e711de31a6f1e8f9,Kaufland Hangry Knights,oe:team:26ff1a9f7fb8e976fbdcc5d2a8ac397,E WIE EINFACH E-SPORTS,oe:player:74cc915f83955219866a1bc32a90285,Sven,top,K'Sante,oe:player:0fcaa97e5408efcaa78f5517e34cb02,Volibear,top:K'Sante,lineup-6218d111695859c5,0,1511.00000000,25.18333333,2,6,4,1.00000000,7263.00000000,14797.00000000,141,587.57114494,0.17895333,0.26465275,24,0.95301125,0.50000000,-1102.00000000,-281.00000000,-27.00000000,0,warmup,,,,,
pg-25aad095573f5433,LOLTMNT05_85167,2024-09-30T19:30:19,2024-09-30,2024,Unknown,0,14.18,Red,oe:team:26ff1a9f7fb8e976fbdcc5d2a8ac397,E WIE EINFACH E-SPORTS,oe:team:0410783728358f6e711de31a6f1e8f9,Kaufland Hangry Knights,oe:player:08cc98f89d63a05973e5db39e6b9945,Noz2k,bot,Jinx,oe:player:1a38c55db5f8af06ebac94d8530ff71,Jhin,bot:Jinx,lineup-faa4d797b1949e70,1,1511.00000000,25.18333333,9,2,11,10.00000000,13413.00000000,22137.00000000,220,879.03375248,0.24563235,0.30798876,22,0.87359365,0.80000000,611.00000000,-231.00000000,-7.00000000,0,warmup,,,,,
pg-f6eb6224a528482c,LOLTMNT05_85167,2024-09-30T19:30:19,2024-09-30,2024,Unknown,0,14.18,Red,oe:team:26ff1a9f7fb8e976fbdcc5d2a8ac397,E WIE EINFACH E-SPORTS,oe:team:0410783728358f6e711de31a6f1e8f9,Kaufland Hangry Knights,oe:player:3e1b1e0f9c925b2f504d78f3bd5da22,D4nKa,jng,Jarvan IV,oe:player:e8ff461b567776b254963373be94961,Sejuani,jng:Jarvan IV,lineup-faa4d797b1949e70,1,1511.00000000,25.18333333,5,4,18,5.75000000,11520.00000000,12708.00000000,155,504.61945731,0.21096583,0.17680450,24,0.95301125,0.92000000,1810.00000000,1295.00000000,23.00000000,0,warmup,,,,,
pg-43dcf2455acf104d,LOLTMNT05_85167,2024-09-30T19:30:19,2024-09-30,2024,Unknown,0,14.18,Red,oe:team:26ff1a9f7fb8e976fbdcc5d2a8ac397,E WIE EINFACH E-SPORTS,oe:team:0410783728358f6e711de31a6f1e8f9,Kaufland Hangry Knights,oe:player:2ca9469819fb0fb61ff98e914a7ccca,Relative,mid,Akali,oe:player:d7432b52de9ff23e6aa98374fe63375,Orianna,mid:Akali,lineup-faa4d797b1949e70,1,1511.00000000,25.18333333,3,1,9,12.00000000,10349.00000000,13478.00000000,214,535.19523494,0.18952130,0.18751739,32,1.27068167,0.48000000,852.00000000,1137.00000000,12.00000000,0,warmup,,,,,
pg-fee2f33d1a82ebc5,LOLTMNT05_85167,2024-09-30T19:30:19,2024-09-30,2024,Unknown,0,14.18,Red,oe:team:26ff1a9f7fb8e976fbdcc5d2a8ac397,E WIE EINFACH E-SPORTS,oe:team:0410783728358f6e711de31a6f1e8f9,Kaufland Hangry Knights,oe:player:87f462541b21fed4081f063502bf4da,Tockimo,sup,Rell,oe:player:6369ba49db4cf35b35a7c47e3d4a4fd,Alistar,sup:Rell,lineup-faa4d797b1949e70,1,1511.00000000,25.18333333,1,3,13,4.66666667,7396.00000000,3283.00000000,19,130.36399735,0.13544299,0.04567589,69,2.73990735,0.56000000,-478.00000000,-720.00000000,-7.00000000,0,warmup,,,,,
pg-95afc05a2af56e1b,LOLTMNT05_85167,2024-09-30T19:30:19,2024-09-30,2024,Unknown,0,14.18,Red,oe:team:26ff1a9f7fb8e976fbdcc5d2a8ac397,E WIE EINFACH E-SPORTS,oe:team:0410783728358f6e711de31a6f1e8f9,Kaufland Hangry Knights,oe:player:0fcaa97e5408efcaa78f5517e34cb02,Flamer,top,Volibear,oe:player:74cc915f83955219866a1bc32a90285,K'Sante,top:Volibear,lineup-faa4d797b1949e70,1,1511.00000000,25.18333333,7,2,8,7.50000000,11928.00000000,20270.00000000,176,804.89741893,0.21843753,0.28201347,15,0.59563203,0.60000000,1102.00000000,281.00000000,27.00000000,0,warmup,,,,,
pg-3586f73de3dd85e3,LOLTMNT02_172868,2024-09-30T19:47:36,2024-09-30,2024,Unknown,0,14.18,Blue,oe:team:e6423e34fc74500296fbaa43fac025d,TeamOrangeGaming,name-team-b00e02d31d63590c,AIX eSports,oe:player:0390cca04f471c49b53ca4bdd4439ae,Rispy,bot,Ashe,oe:player:40db945ac8a9a1ec8bbf8f3c3c4e003,Ezreal,bot:Ashe,lineup-fe09a7c020118a2c,1,1643.00000000,27.38333333,6,1,7,13.00000000,12760.00000000,19310.00000000,232,705.17346318,0.21022802,0.18957020,41,1.49726111,0.43333333,1111.00000000,1302.00000000,22.00000000,0,warmup,,,,,
pg-1066781ee96cf08a,LOLTMNT02_172868,2024-09-30T19:47:36,2024-09-30,2024,Unknown,0,14.18,Blue,oe:team:e6423e34fc74500296fbaa43fac025d,TeamOrangeGaming,name-team-b00e02d31d63590c,AIX eSports,oe:player:88aaf97f9ff17ebf5822aa555db972e,Deletus,jng,Taliyah,oe:player:396a806cfe4ad5c04ecba5f82ab0c60,Sejuani,jng:Taliyah,lineup-fe09a7c020118a2c,1,1643.00000000,27.38333333,8,4,13,5.25000000,12980.00000000,28516.00000000,212,1041.36335971,0.21385264,0.27994738,20,0.73037127,0.70000000,2196.00000000,2118.00000000,29.00000000,0,warmup,,,,,
pg-c12862b2d9674203,LOLTMNT02_172868,2024-09-30T19:47:36,2024-09-30,2024,Unknown,0,14.18,Blue,oe:team:e6423e34fc74500296fbaa43fac025d,TeamOrangeGaming,name-team-b00e02d31d63590c,AIX eSports,oe:player:4f6d6b2c4c29033ff5437cee2a7587e,Macaquinho,mid,Yone,oe:player:e130e2c7551384e1262e534a35d1cec,Ahri,mid:Yone,lineup-fe09a7c020118a2c,1,1643.00000000,27.38333333,9,1,8,17.00000000,14720.00000000,22132.00000000,242,808.22884967,0.24252010,0.21727435,28,1.02251978,0.56666667,1578.00000000,796.00000000,12.00000000,0,warmup,,,,,
pg-b5c1aeefe348909c,LOLTMNT02_172868,2024-09-30T19:47:36,2024-09-30,2024,Unknown,0,14.18,Blue,oe:team:e6423e34fc74500296fbaa43fac025d,TeamOrangeGaming,name-team-b00e02d31d63590c,AIX eSports,oe:player:9142091a7a92ae3db251d989f53439c,Kidiro,sup,Poppy,name-player-35ad7290bebc1bbf,Rell,sup:Poppy,lineup-fe09a7c020118a2c,1,1643.00000000,27.38333333,6,3,11,5.66666667,10268.00000000,15052.00000000,27,549.67741935,0.16917095,0.14776855,100,3.65185636,0.56666667,1701.00000000,327.00000000,-2.00000000,0,warmup,,,,,
pg-c5591edf5ef88ecc,LOLTMNT02_172868,2024-09-30T19:47:36,2024-09-30,2024,Unknown,0,14.18,Blue,oe:team:e6423e34fc74500296fbaa43fac025d,TeamOrangeGaming,name-team-b00e02d31d63590c,AIX eSports,oe:player:a8c7815094d487c4c9a3a7276986005,Niqkl,top,Renekton,oe:player:85940c01bc7a2392ac8be57e96545f4,Jax,top:Renekton,lineup-fe09a7c020118a2c,1,1643.00000000,27.38333333,1,4,7,2.00000000,9968.00000000,16852.00000000,195,615.41083384,0.16422829,0.16543952,17,0.62081558,0.26666667,-1306.00000000,-155.00000000,-10.00000000,0,warmup,,,,,
pg-f211633c4f8a4a0e,LOLTMNT02_172868,2024-09-30T19:47:36,2024-09-30,2024,Unknown,0,14.18,Red,name-team-b00e02d31d63590c,AIX eSports,oe:team:e6423e34fc74500296fbaa43fac025d,TeamOrangeGaming,oe:player:40db945ac8a9a1ec8bbf8f3c3c4e003,PIM,bot,Ezreal,oe:player:0390cca04f471c49b53ca4bdd4439ae,Ashe,bot:Ezreal,lineup-6a71ae141d9255e6,0,1643.00000000,27.38333333,2,6,3,0.83333333,10376.00000000,10813.00000000,187,394.87522824,0.22411819,0.17893134,13,0.47474133,0.38461538,-1111.00000000,-1302.00000000,-22.00000000,0,warmup,,,,,
pg-b8781a36113237b2,LOLTMNT02_172868,2024-09-30T19:47:36,2024-09-30,2024,Unknown,0,14.18,Red,name-team-b00e02d31d63590c,AIX eSports,oe:team:e6423e34fc74500296fbaa43fac025d,TeamOrangeGaming,oe:player:396a806cfe4ad5c04ecba5f82ab0c60,WeSeR,jng,Sejuani,oe:player:88aaf97f9ff17ebf5822aa555db972e,Taliyah,jng:Sejuani,lineup-6a71ae141d9255e6,0,1643.00000000,27.38333333,1,4,5,1.50000000,8293.00000000,7670.00000000,127,280.09738284,0.17912608,0.12692161,34,1.24163116,0.46153846,-2196.00000000,-2118.00000000,-29.00000000,0,warmup,,,,,
pg-aa54fe2c1485aaf1,LOLTMNT02_172868,2024-09-30T19:47:36,2024-09-30,2024,Unknown,0,14.18,Red,name-team-b00e02d31d63590c,AIX eSports,oe:team:e6423e34fc74500296fbaa43fac025d,TeamOrangeGaming,oe:player:e130e2c7551384e1262e534a35d1cec,Lebronzey,mid,Ahri,oe:player:4f6d6b2c4c29033ff5437cee2a7587e,Yone,mid:Ahri,lineup-6a71ae141d9255e6,0,1643.00000000,27.38333333,4,6,5,1.50000000,10062.00000000,19258.00000000,191,703.27449787,0.21733590,0.31867750,25,0.91296409,0.69230769,-1578.00000000,-796.00000000,-12.00000000,0,warmup,,,,,
pg-89208d53f815ab70,LOLTMNT02_172868,2024-09-30T19:47:36,2024-09-30,2024,Unknown,0,14.18,Red,name-team-b00e02d31d63590c,AIX eSports,oe:team:e6423e34fc74500296fbaa43fac025d,TeamOrangeGaming,name-player-35ad7290bebc1bbf,AIX Don,sup,Rell,oe:player:9142091a7a92ae3db251d989f53439c,Poppy,sup:Rell,lineup-6a71ae141d9255e6,0,1643.00000000,27.38333333,1,9,5,0.66666667,6532.00000000,4316.00000000,20,157.61412051,0.14108906,0.07142030,80,2.92148509,0.46153846,-1701.00000000,-327.00000000,2.00000000,0,warmup,,,,,
pg-0731a72635959531,LOLTMNT02_172868,2024-09-30T19:47:36,2024-09-30,2024,Unknown,0,14.18,Red,name-team-b00e02d31d63590c,AIX eSports,oe:team:e6423e34fc74500296fbaa43fac025d,TeamOrangeGaming,oe:player:85940c01bc7a2392ac8be57e96545f4,Anto,top,Jax,oe:player:a8c7815094d487c4c9a3a7276986005,Renekton,top:Jax,lineup-6a71ae141d9255e6,0,1643.00000000,27.38333333,5,5,2,1.40000000,11034.00000000,18374.00000000,202,670.99208764,0.23833078,0.30404925,22,0.80340840,0.53846154,1306.00000000,155.00000000,10.00000000,0,warmup,,,,,
pg-07df9c5f9bbbac8e,LOLTMNT05_84220,2024-09-30T19:49:13,2024-09-30,2024,Unknown,0,14.18,Blue,oe:team:573f080fbc713a0b7ab0768e157e84b,RNL ROAR,oe:team:3de935df8f40fbb4d0e564d4a20e6cb,Berlin International Gaming,oe:player:45df7c1539514a00818b38a127ce0df,TLamp,bot,Zeri,oe:player:71b8101d78beb04a089caa90a8d9310,Kai'Sa,bot:Zeri,lineup-fcff6d029d750ef5,0,1466.00000000,24.43333333,2,5,3,1.00000000,9913.00000000,15010.00000000,227,614.32469304,0.23253032,0.26106618,34,1.39154161,0.41666667,-41.00000000,-878.00000000,-17.00000000,0,warmup,,,,,
pg-a5c07f4c7a0ad9fe,LOLTMNT05_84220,2024-09-30T19:49:13,2024-09-30,2024,Unknown,0,14.18,Blue,oe:team:573f080fbc713a0b7ab0768e157e84b,RNL ROAR,oe:team:3de935df8f40fbb4d0e564d4a20e6cb,Berlin International Gaming,oe:player:c7d9dc96ddd149b1f0e8fc05cc98bdb,WarShogun,jng,Viego,oe:player:3597a9b82f5f462aaa8a0fa552a9bac,Jarvan IV,jng:Viego,lineup-fcff6d029d750ef5,0,1466.00000000,24.43333333,7,6,4,1.83333333,10327.00000000,15396.00000000,156,630.12278308,0.24224156,0.26777981,21,0.85948158,0.91666667,2465.00000000,2186.00000000,34.00000000,0,warmup,,,,,
pg-74ad4e48a55e948a,LOLTMNT05_84220,2024-09-30T19:49:13,2024-09-30,2024,Unknown,0,14.18,Blue,oe:team:573f080fbc713a0b7ab0768e157e84b,RNL ROAR,oe:team:3de935df8f40fbb4d0e564d4a20e6cb,Berlin International Gaming,oe:player:87606cbadadd5442d24caadd3d1ae7e,Honest,mid,Orianna,oe:player:2096ff50c6496d70e4b39793390c9ce,LeBlanc,mid:Orianna,lineup-fcff6d029d750ef5,0,1466.00000000,24.43333333,0,5,5,1.00000000,7569.00000000,10577.00000000,166,432.89222374,0.17754686,0.18396382,16,0.65484311,0.41666667,-3094.00000000,-1693.00000000,-26.00000000,0,warmup,,,,,
pg-5e040976799d7d38,LOLTMNT05_84220,2024-09-30T19:49:13,2024-09-30,2024,Unknown,0,14.18,Blue,oe:team:573f080fbc713a0b7ab0768e157e84b,RNL ROAR,oe:team:3de935df8f40fbb4d0e564d4a20e6cb,Berlin International Gaming,oe:player:c44688b5061756b3cca2b86c016a153,Luis,sup,Leona,oe:player:74f3f60a44ee916ecc257a5381be756,Rell,sup:Leona,lineup-fcff6d029d750ef5,0,1466.00000000,24.43333333,0,7,3,0.42857143,5121.00000000,4882.00000000,27,199.80900409,0.12012385,0.08491173,64,2.61937244,0.25000000,-569.00000000,-432.00000000,1.00000000,0,warmup,,,,,
pg-5db99b68e578b80a,LOLTMNT05_84220,2024-09-30T19:49:13,2024-09-30,2024,Unknown,0,14.18,Blue,oe:team:573f080fbc713a0b7ab0768e157e84b,RNL ROAR,oe:team:3de935df8f40fbb4d0e564d4a20e6cb,Berlin International Gaming,oe:player:a29d50ec9ee6f5afcb6ddee443f6255,lupi,top,Jax,oe:player:e0b008815ab05c5cdaf4d46ab61ff63,Gnar,top:Jax,lineup-fcff6d029d750ef5,0,1466.00000000,24.43333333,3,5,3,1.20000000,9701.00000000,11630.00000000,187,475.98908595,0.22755741,0.20227846,11,0.45020464,0.50000000,1085.00000000,1144.00000000,-20.00000000,0,warmup,,,,,
pg-0647576bffd197c8,LOLTMNT05_84220,2024-09-30T19:49:13,2024-09-30,2024,Unknown,0,14.18,Red,oe:team:3de935df8f40fbb4d0e564d4a20e6cb,Berlin International Gaming,oe:team:573f080fbc713a0b7ab0768e157e84b,RNL ROAR,oe:player:71b8101d78beb04a089caa90a8d9310,Jeskla,bot,Kai'Sa,oe:player:45df7c1539514a00818b38a127ce0df,Zeri,bot:Kai'Sa,lineup-82727a2573d80da3,1,1466.00000000,24.43333333,5,0,8,13.00000000,14307.00000000,17238.00000000,282,705.51159618,0.25717675,0.20066820,21,0.85948158,0.46428571,41.00000000,878.00000000,17.00000000,0,warmup,,,,,
pg-02f81772cb31ae8f,LOLTMNT05_84220,2024-09-30T19:49:13,2024-09-30,2024,Unknown,0,14.18,Red,oe:team:3de935df8f40fbb4d0e564d4a20e6cb,Berlin International Gaming,oe:team:573f080fbc713a0b7ab0768e157e84b,RNL ROAR,oe:player:3597a9b82f5f462aaa8a0fa552a9bac,Densi,jng,Jarvan IV,oe:player:c7d9dc96ddd149b1f0e8fc05cc98bdb,Viego,jng:Jarvan IV,lineup-82727a2573d80da3,1,1466.00000000,24.43333333,3,4,16,4.75000000,9426.00000000,9516.00000000,124,389.46793997,0.16943790,0.11077611,17,0.69577080,0.67857143,-2465.00000000,-2186.00000000,-34.00000000,0,warmup,,,,,
pg-80e5538598850753,LOLTMNT05_84220,2024-09-30T19:49:13,2024-09-30,2024,Unknown,0,14.18,Red,oe:team:3de935df8f40fbb4d0e564d4a20e6cb,Berlin International Gaming,oe:team:573f080fbc713a0b7ab0768e157e84b,RNL ROAR,oe:player:2096ff50c6496d70e4b39793390c9ce,Sencux,mid,LeBlanc,oe:player:87606cbadadd5442d24caadd3d1ae7e,Orianna,mid:LeBlanc,lineup-82727a2573d80da3,1,1466.00000000,24.43333333,15,2,6,10.50000000,14721.00000000,30504.00000000,202,1248.45839018,0.26461865,0.35509819,14,0.57298772,0.75000000,3094.00000000,1693.00000000,26.00000000,0,warmup,,,,,
pg-84589bae30ab9d44,LOLTMNT05_84220,2024-09-30T19:49:13,2024-09-30,2024,Unknown,0,14.18,Red,oe:team:3de935df8f40fbb4d0e564d4a20e6cb,Berlin International Gaming,oe:team:573f080fbc713a0b7ab0768e157e84b,RNL ROAR,oe:player:74f3f60a44ee916ecc257a5381be756,Lekcyc,sup,Rell,oe:player:c44688b5061756b3cca2b86c016a153,Leona,sup:Rell,lineup-82727a2573d80da3,1,1466.00000000,24.43333333,2,2,13,7.50000000,6871.00000000,5924.00000000,28,242.45566166,0.12351027,0.06896150,71,2.90586630,0.53571429,569.00000000,432.00000000,-1.00000000,0,warmup,,,,,
pg-f396826ab2230c22,LOLTMNT05_84220,2024-09-30T19:49:13,2024-09-30,2024,Unknown,0,14.18,Red,oe:team:3de935df8f40fbb4d0e564d4a20e6cb,Berlin International Gaming,oe:team:573f080fbc713a0b7ab0768e157e84b,RNL ROAR,oe:player:e0b008815ab05c5cdaf4d46ab61ff63,Vizicsacsi,top,Gnar,oe:player:a29d50ec9ee6f5afcb6ddee443f6255,Jax,top:Gnar,lineup-82727a2573d80da3,1,1466.00000000,24.43333333,3,4,7,2.50000000,10306.00000000,22721.00000000,206,929.91814461,0.18525642,0.26449600,27,1.10504775,0.35714286,-1085.00000000,-1144.00000000,20.00000000,0,warmup,,,,,
pg-d876512a16281b45,LOLTMNT02_173563,2024-09-30T20:03:17,2024-09-30,2024,Unknown,0,14.18,Blue,oe:team:659132057bf3872268ec0676b57862b,VININE,oe:team:e11d88a3cdcd9d6fbb73a26b0f8a300,DKB XPERION NXT,oe:player:647414e68f7beb0742f4a0cc5523ac5,Sola,bot,Kai'Sa,oe:player:9f8d365508ded3ca9701eff2003d6ad,Ezreal,bot:Kai'Sa,lineup-3dcc392eae23e239,0,2196.00000000,36.60000000,8,8,6,1.75000000,16420.00000000,34746.00000000,292,949.34426230,0.24395317,0.26851000,24,0.65573770,0.63636364,-2044.00000000,-1898.00000000,-27.00000000,0,warmup,,,,,
pg-3c58999ee3753129,LOLTMNT02_173563,2024-09-30T20:03:17,2024-09-30,2024,Unknown,0,14.18,Blue,oe:team:659132057bf3872268ec0676b57862b,VININE,oe:team:e11d88a3cdcd9d6fbb73a26b0f8a300,DKB XPERION NXT,oe:player:1a14d03bc1d87f1604660783edbbcdd,Autophil,jng,Amumu,oe:player:30f18a468db8d9e940f0818a682318b,Jarvan IV,jng:Amumu,lineup-3dcc392eae23e239,0,2196.00000000,36.60000000,3,6,12,2.50000000,13448.00000000,30007.00000000,227,819.86338798,0.19979794,0.23188798,35,0.95628415,0.68181818,-1359.00000000,-813.00000000,-10.00000000,0,warmup,,,,,
pg-20a47c82f470cb18,LOLTMNT02_173563,2024-09-30T20:03:17,2024-09-30,2024,Unknown,0,14.18,Blue,oe:team:659132057bf3872268ec0676b57862b,VININE,oe:team:e11d88a3cdcd9d6fbb73a26b0f8a300,DKB XPERION NXT,oe:player:1e649d109aa635c132bb40ea7a78cf5,Bladeshow,mid,Yone,oe:player:ff71e751aa5f67010f80aad602ecdfe,LeBlanc,mid:Yone,lineup-3dcc392eae23e239,0,2196.00000000,36.60000000,3,9,5,0.88888889,14730.00000000,23698.00000000,284,647.48633880,0.21884471,0.18313331,28,0.76502732,0.36363636,-2527.00000000,-1668.00000000,-39.00000000,0,warmup,,,,,
pg-f779e1304fc245b4,LOLTMNT02_173563,2024-09-30T20:03:17,2024-09-30,2024,Unknown,0,14.18,Blue,oe:team:659132057bf3872268ec0676b57862b,VININE,oe:team:e11d88a3cdcd9d6fbb73a26b0f8a300,DKB XPERION NXT,oe:player:673ed98a945993e162019b463e02c90,Kutcher,sup,Nautilus,oe:player:21177b451d4c05fc389ac6cc767dfce,Rell,sup:Nautilus,lineup-3dcc392eae23e239,0,2196.00000000,36.60000000,1,9,9,1.11111111,8542.00000000,7860.00000000,43,214.75409836,0.12690913,0.06074048,84,2.29508197,0.45454545,-1020.00000000,-131.00000000,8.00000000,0,warmup,,,,,
pg-d170c0f9050603ba,LOLTMNT02_173563,2024-09-30T20:03:17,2024-09-30,2024,Unknown,0,14.18,Blue,oe:team:659132057bf3872268ec0676b57862b,VININE,oe:team:e11d88a3cdcd9d6fbb73a26b0f8a300,DKB XPERION NXT,oe:player:abe5156b7e4b82b118cae3f52432995,Kamon,top,Renekton,oe:player:9f19603cf47eb7f0b95afbbd249f69c,Jax,top:Renekton,lineup-3dcc392eae23e239,0,2196.00000000,36.60000000,7,3,10,5.66666667,14168.00000000,33092.00000000,226,904.15300546,0.21049504,0.25572823,41,1.12021858,0.77272727,1175.00000000,293.00000000,24.00000000,0,warmup,,,,,
pg-695ff7fc122fbf77,LOLTMNT02_173563,2024-09-30T20:03:17,2024-09-30,2024,Unknown,0,14.18,Red,oe:team:e11d88a3cdcd9d6fbb73a26b0f8a300,DKB XPERION NXT,oe:team:659132057bf3872268ec0676b57862b,VININE,oe:player:9f8d365508ded3ca9701eff2003d6ad,looki,bot,Ezreal,oe:player:647414e68f7beb0742f4a0cc5523ac5,Kai'Sa,bot:Ezreal,lineup-adb44e46dfba6b7e,1,2196.00000000,36.60000000,12,4,8,5.00000000,17387.00000000,50767.00000000,288,1387.07650273,0.23130546,0.31042558,36,0.98360656,0.57142857,2044.00000000,1898.00000000,27.00000000,0,warmup,,,,,
pg-a1a5ddf81c6546de,LOLTMNT02_173563,2024-09-30T20:03:17,2024-09-30,2024,Unknown,0,14.18,Red,oe:team:e11d88a3cdcd9d6fbb73a26b0f8a300,DKB XPERION NXT,oe:team:659132057bf3872268ec0676b57862b,VININE,oe:player:30f18a468db8d9e940f0818a682318b,Techoteco,jng,Jarvan IV,oe:player:1a14d03bc1d87f1604660783edbbcdd,Amumu,jng:Jarvan IV,lineup-adb44e46dfba6b7e,1,2196.00000000,36.60000000,6,5,18,4.80000000,15168.00000000,18705.00000000,224,511.06557377,0.20178531,0.11437569,37,1.01092896,0.68571429,1359.00000000,813.00000000,10.00000000,0,warmup,,,,,
pg-ffe93d4424ac9538,LOLTMNT02_173563,2024-09-30T20:03:17,2024-09-30,2024,Unknown,0,14.18,Red,oe:team:e11d88a3cdcd9d6fbb73a26b0f8a300,DKB XPERION NXT,oe:team:659132057bf3872268ec0676b57862b,VININE,oe:player:ff71e751aa5f67010f80aad602ecdfe,Luke,mid,LeBlanc,oe:player:1e649d109aa635c132bb40ea7a78cf5,Yone,mid:LeBlanc,lineup-adb44e46dfba6b7e,1,2196.00000000,36.60000000,10,3,9,6.33333333,17825.00000000,53186.00000000,268,1453.16939891,0.23713233,0.32521707,25,0.68306011,0.54285714,2527.00000000,1668.00000000,39.00000000,0,warmup,,,,,
pg-e735d828295fdbde,LOLTMNT02_173563,2024-09-30T20:03:17,2024-09-30,2024,Unknown,0,14.18,Red,oe:team:e11d88a3cdcd9d6fbb73a26b0f8a300,DKB XPERION NXT,oe:team:659132057bf3872268ec0676b57862b,VININE,oe:player:21177b451d4c05fc389ac6cc767dfce,Ephekles,sup,Rell,oe:player:673ed98a945993e162019b463e02c90,Nautilus,sup:Rell,lineup-adb44e46dfba6b7e,1,2196.00000000,36.60000000,1,4,24,6.25000000,9871.00000000,7134.00000000,28,194.91803279,0.13131743,0.04362236,119,3.25136612,0.71428571,1020.00000000,131.00000000,-8.00000000,0,warmup,,,,,
pg-2ea52f6fb07c5744,LOLTMNT02_173563,2024-09-30T20:03:17,2024-09-30,2024,Unknown,0,14.18,Red,oe:team:e11d88a3cdcd9d6fbb73a26b0f8a300,DKB XPERION NXT,oe:team:659132057bf3872268ec0676b57862b,VININE,oe:player:9f19603cf47eb7f0b95afbbd249f69c,Tayto,top,Jax,oe:player:abe5156b7e4b82b118cae3f52432995,Renekton,top:Jax,lineup-adb44e46dfba6b7e,1,2196.00000000,36.60000000,6,6,10,2.66666667,14918.00000000,33748.00000000,230,922.07650273,0.19845947,0.20635930,46,1.25683060,0.45714286,-1175.00000000,-293.00000000,-24.00000000,0,warmup,,,,,
pg-cd461d10f60bd83d,LOLTMNT05_87004,2024-10-01T15:09:47,2024-10-01,2024,Unknown,0,14.18,Blue,oe:team:cc901dfa35cb4e6d7c5684d57361771,EPIC-DUDES,name-team-fcd6aea04154f147,DKB XPERION NXT RAW,oe:player:d721fbb8eedd948e422f3710f72a3a6,Mind,bot,Ezreal,oe:player:307bc10d48d7b6d1af5fd1dae30b77e,Kai'Sa,bot:Ezreal,lineup-d973ad6455e08f78,1,1347.00000000,22.45000000,7,1,9,16.00000000,10813.00000000,17388.00000000,174,774.52115813,0.19666794,0.21087099,19,0.84632517,0.53333333,-250.00000000,443.00000000,-12.00000000,0,warmup,,,,,
pg-03de24ca3e18323f,LOLTMNT05_87004,2024-10-01T15:09:47,2024-10-01,2024,Unknown,0,14.18,Blue,oe:team:cc901dfa35cb4e6d7c5684d57361771,EPIC-DUDES,name-team-fcd6aea04154f147,DKB XPERION NXT RAW,oe:player:9c44293e765f6adb67f24410977ef10,Nasut,jng,Karthus,oe:player:45cf8adbf60961e7ffec251ac8c90f8,Jarvan IV,jng:Karthus,lineup-d973ad6455e08f78,1,1347.00000000,22.45000000,6,4,18,6.00000000,11910.00000000,23883.00000000,180,1063.83073497,0.21662029,0.28963836,7,0.31180401,0.80000000,1553.00000000,1725.00000000,42.00000000,0,warmup,,,,,
pg-9f31090b27ab70ff,LOLTMNT05_87004,2024-10-01T15:09:47,2024-10-01,2024,Unknown,0,14.18,Blue,oe:team:cc901dfa35cb4e6d7c5684d57361771,EPIC-DUDES,name-team-fcd6aea04154f147,DKB XPERION NXT RAW,oe:player:b3930e087fe235378c3be105e7f5972,Ivok,mid,Naafiri,oe:player:818cb88630bd9c5388f0a10f7ffbd67,Orianna,mid:Naafiri,lineup-d973ad6455e08f78,1,1347.00000000,22.45000000,12,2,7,9.50000000,13369.00000000,22342.00000000,184,995.18930958,0.24315673,0.27095006,7,0.31180401,0.63333333,660.00000000,549.00000000,3.00000000,0,warmup,,,,,
pg-5101613335cd1ebb,LOLTMNT05_87004,2024-10-01T15:09:47,2024-10-01,2024,Unknown,0,14.18,Blue,oe:team:cc901dfa35cb4e6d7c5684d57361771,EPIC-DUDES,name-team-fcd6aea04154f147,DKB XPERION NXT RAW,oe:player:fdb2a693a5b128e3d3eed88c2bb7df6,Lxf7Tocke,sup,Leona,oe:player:b8325d5a974eac1dbce808677f1dec4,Nautilus,sup:Leona,lineup-d973ad6455e08f78,1,1347.00000000,22.45000000,1,4,16,4.25000000,7123.00000000,5736.00000000,26,255.50111359,0.12955385,0.06956269,69,3.07349666,0.56666667,378.00000000,-226.00000000,4.00000000,0,warmup,,,,,
pg-41f0aeb705163c34,LOLTMNT05_87004,2024-10-01T15:09:47,2024-10-01,2024,Unknown,0,14.18,Blue,oe:team:cc901dfa35cb4e6d7c5684d57361771,EPIC-DUDES,name-team-fcd6aea04154f147,DKB XPERION NXT RAW,oe:player:5c7b52c9f2f0ebfdd2128ceb0171c54,Kirito,top,Garen,oe:player:5aa54e3d3da32bc6cc40212b1a512af,Shen,top:Garen,lineup-d973ad6455e08f78,1,1347.00000000,22.45000000,4,3,5,3.00000000,11766.00000000,13109.00000000,200,583.91982183,0.21400120,0.15897790,21,0.93541203,0.30000000,1779.00000000,941.00000000,21.00000000,0,warmup,,,,,
pg-49b9e8a6ab25b1c5,LOLTMNT05_87004,2024-10-01T15:09:47,2024-10-01,2024,Unknown,0,14.18,Red,name-team-fcd6aea04154f147,DKB XPERION NXT RAW,oe:team:cc901dfa35cb4e6d7c5684d57361771,EPIC-DUDES,oe:player:307bc10d48d7b6d1af5fd1dae30b77e,Miella,bot,Kai'Sa,oe:player:d721fbb8eedd948e422f3710f72a3a6,Ezreal,bot:Kai'Sa,lineup-3974b92fc2bedc4c,0,1347.00000000,22.45000000,6,4,1,1.75000000,11023.00000000,13161.00000000,199,586.23608018,0.28199749,0.24938889,12,0.53452116,0.50000000,250.00000000,-443.00000000,12.00000000,0,warmup,,,,,
pg-7e2d4bb235826d9d,LOLTMNT05_87004,2024-10-01T15:09:47,2024-10-01,2024,Unknown,0,14.18,Red,name-team-fcd6aea04154f147,DKB XPERION NXT RAW,oe:team:cc901dfa35cb4e6d7c5684d57361771,EPIC-DUDES,oe:player:45cf8adbf60961e7ffec251ac8c90f8,Hummelu,jng,Jarvan IV,oe:player:9c44293e765f6adb67f24410977ef10,Karthus,jng:Jarvan IV,lineup-3974b92fc2bedc4c,0,1347.00000000,22.45000000,2,7,10,1.71428571,7308.00000000,8490.00000000,95,378.17371938,0.18695797,0.16087772,16,0.71269488,0.85714286,-1553.00000000,-1725.00000000,-42.00000000,0,warmup,,,,,
pg-985f54c02a8bedfb,LOLTMNT05_87004,2024-10-01T15:09:47,2024-10-01,2024,Unknown,0,14.18,Red,name-team-fcd6aea04154f147,DKB XPERION NXT RAW,oe:team:cc901dfa35cb4e6d7c5684d57361771,EPIC-DUDES,oe:player:818cb88630bd9c5388f0a10f7ffbd67,Furkaan,mid,Orianna,oe:player:b3930e087fe235378c3be105e7f5972,Naafiri,mid:Orianna,lineup-3974b92fc2bedc4c,0,1347.00000000,22.45000000,4,7,7,1.57142857,8319.00000000,15999.00000000,159,712.65033408,0.21282202,0.30316639,10,0.44543430,0.78571429,-660.00000000,-549.00000000,-3.00000000,0,warmup,,,,,
pg-c21e8100470511b1,LOLTMNT05_87004,2024-10-01T15:09:47,2024-10-01,2024,Unknown,0,14.18,Red,name-team-fcd6aea04154f147,DKB XPERION NXT RAW,oe:team:cc901dfa35cb4e6d7c5684d57361771,EPIC-DUDES,oe:player:b8325d5a974eac1dbce808677f1dec4,Don Arts,sup,Nautilus,oe:player:fdb2a693a5b128e3d3eed88c2bb7df6,Leona,sup:Nautilus,lineup-3974b92fc2bedc4c,0,1347.00000000,22.45000000,2,8,9,1.37500000,5821.00000000,5959.00000000,19,265.43429844,0.14891657,0.11291759,50,2.22717149,0.78571429,-378.00000000,226.00000000,-4.00000000,0,warmup,,,,,
pg-cf1d908f5fe49638,LOLTMNT05_87004,2024-10-01T15:09:47,2024-10-01,2024,Unknown,0,14.18,Red,name-team-fcd6aea04154f147,DKB XPERION NXT RAW,oe:team:cc901dfa35cb4e6d7c5684d57361771,EPIC-DUDES,oe:player:5aa54e3d3da32bc6cc40212b1a512af,R4GN4X,top,Shen,oe:player:5c7b52c9f2f0ebfdd2128ceb0171c54,Garen,top:Shen,lineup-3974b92fc2bedc4c,0,1347.00000000,22.45000000,0,4,8,2.00000000,6618.00000000,9164.00000000,140,408.19599109,0.16930594,0.17364940,11,0.48997773,0.57142857,-1779.00000000,-941.00000000,-21.00000000,0,warmup,,,,,
pg-96c4fc1fc07d7aa3,LOLTMNT05_86001,2024-10-01T15:10:10,2024-10-01,2024,Unknown,0,14.18,Blue,name-team-b5899d7af81d1ef7,AceGaming Spades,oe:team:1d0f5e58f39613aff1a3dd4ed85933e,FC Schalke 04 Esports,oe:player:65314e903461a614229ea5a2099d758,Manuel,bot,Ziggs,oe:player:d12b043b44563dd9443919f8637de22,Jhin,bot:Ziggs,lineup-12a188b02c1bc442,0,1777.00000000,29.61666667,2,3,1,1.00000000,10855.00000000,12577.00000000,273,424.65953855,0.22307850,0.17735817,17,0.57400113,0.33333333,-511.00000000,-142.00000000,-5.00000000,0,warmup,,,,,
pg-5709d907837e9bcf,LOLTMNT05_86001,2024-10-01T15:10:10,2024-10-01,2024,Unknown,0,14.18,Blue,name-team-b5899d7af81d1ef7,AceGaming Spades,oe:team:1d0f5e58f39613aff1a3dd4ed85933e,FC Schalke 04 Esports,oe:player:482b141d4b188343467b04cabf7cdbb,Faded,jng,Jarvan IV,oe:player:702efc23873d774e479682ef680d911,Zac,jng:Jarvan IV,lineup-12a188b02c1bc442,0,1777.00000000,29.61666667,2,3,5,2.33333333,9768.00000000,13596.00000000,167,459.06584131,0.20073983,0.19172789,35,1.18176702,0.77777778,-4.00000000,-605.00000000,-16.00000000,0,warmup,,,,,
pg-451412d966b51cdf,LOLTMNT05_86001,2024-10-01T15:10:10,2024-10-01,2024,Unknown,0,14.18,Blue,name-team-b5899d7af81d1ef7,AceGaming Spades,oe:team:1d0f5e58f39613aff1a3dd4ed85933e,FC Schalke 04 Esports,name-player-c04a78abca42b030,ACE Hadonski,mid,Orianna,oe:player:58d68cedf0a0b1b3d7d9646f5f9e8d3,Yone,mid:Orianna,lineup-12a188b02c1bc442,0,1777.00000000,29.61666667,2,3,1,1.00000000,10428.00000000,19497.00000000,257,658.31176140,0.21430333,0.27494254,21,0.70906021,0.33333333,-58.00000000,204.00000000,18.00000000,0,warmup,,,,,
pg-7d41c720100e966f,LOLTMNT05_86001,2024-10-01T15:10:10,2024-10-01,2024,Unknown,0,14.18,Blue,name-team-b5899d7af81d1ef7,AceGaming Spades,oe:team:1d0f5e58f39613aff1a3dd4ed85933e,FC Schalke 04 Esports,oe:player:a5f90f452a0b89150a5694cb324b94d,Tommygun,sup,Poppy,oe:player:ae20b1872a922cdc5b8707fbe66c4f0,Karma,sup:Poppy,lineup-12a188b02c1bc442,0,1777.00000000,29.61666667,1,6,3,0.66666667,6517.00000000,7008.00000000,26,236.62352279,0.13392931,0.09882532,100,3.37647721,0.44444444,280.00000000,-516.00000000,-5.00000000,0,warmup,,,,,
pg-62fb49a789b19e36,LOLTMNT05_86001,2024-10-01T15:10:10,2024-10-01,2024,Unknown,0,14.18,Blue,name-team-b5899d7af81d1ef7,AceGaming Spades,oe:team:1d0f5e58f39613aff1a3dd4ed85933e,FC Schalke 04 Esports,oe:player:0be44816ee64861caafa28454f596a1,Rain,top,Aatrox,oe:player:1f8b2df4c6ee43a1c1dc29817c0a201,Rumble,top:Aatrox,lineup-12a188b02c1bc442,0,1777.00000000,29.61666667,2,3,2,1.33333333,11092.00000000,18235.00000000,228,615.70061902,0.22794903,0.25714608,28,0.94541362,0.44444444,747.00000000,1190.00000000,1.00000000,0,warmup,,,,,
pg-8ab2671c663d59d2,LOLTMNT05_86001,2024-10-01T15:10:10,2024-10-01,2024,Unknown,0,14.18,Red,oe:team:1d0f5e58f39613aff1a3dd4ed85933e,FC Schalke 04 Esports,name-team-b5899d7af81d1ef7,AceGaming Spades,oe:player:d12b043b44563dd9443919f8637de22,Peco,bot,Jhin,oe:player:65314e903461a614229ea5a2099d758,Ziggs,bot:Jhin,lineup-67e3c4b343d8cf0b,1,1777.00000000,29.61666667,5,0,7,12.00000000,14483.00000000,24271.00000000,302,819.50478334,0.24720079,0.25524777,17,0.57400113,0.66666667,511.00000000,142.00000000,5.00000000,0,warmup,,,,,
pg-d6216a3d16fba726,LOLTMNT05_86001,2024-10-01T15:10:10,2024-10-01,2024,Unknown,0,14.18,Red,oe:team:1d0f5e58f39613aff1a3dd4ed85933e,FC Schalke 04 Esports,name-team-b5899d7af81d1ef7,AceGaming Spades,oe:player:702efc23873d774e479682ef680d911,Cboi,jng,Zac,oe:player:482b141d4b188343467b04cabf7cdbb,Jarvan IV,jng:Zac,lineup-67e3c4b343d8cf0b,1,1777.00000000,29.61666667,2,1,9,11.00000000,10592.00000000,13440.00000000,205,453.79853686,0.18078787,0.14134276,31,1.04670793,0.61111111,4.00000000,605.00000000,16.00000000,0,warmup,,,,,
pg-6c938506bc96b546,LOLTMNT05_86001,2024-10-01T15:10:10,2024-10-01,2024,Unknown,0,14.18,Red,oe:team:1d0f5e58f39613aff1a3dd4ed85933e,FC Schalke 04 Esports,name-team-b5899d7af81d1ef7,AceGaming Spades,oe:player:58d68cedf0a0b1b3d7d9646f5f9e8d3,Simpli,mid,Yone,name-player-c04a78abca42b030,Orianna,mid:Yone,lineup-67e3c4b343d8cf0b,1,1777.00000000,29.61666667,5,2,4,4.50000000,12907.00000000,28821.00000000,272,973.13449634,0.22030109,0.30309818,20,0.67529544,0.50000000,58.00000000,-204.00000000,-18.00000000,0,warmup,,,,,
pg-e193df5f4ee88caa,LOLTMNT05_86001,2024-10-01T15:10:10,2024-10-01,2024,Unknown,0,14.18,Red,oe:team:1d0f5e58f39613aff1a3dd4ed85933e,FC Schalke 04 Esports,name-team-b5899d7af81d1ef7,AceGaming Spades,oe:player:ae20b1872a922cdc5b8707fbe66c4f0,Twiizt,sup,Karma,oe:player:a5f90f452a0b89150a5694cb324b94d,Poppy,sup:Karma,lineup-67e3c4b343d8cf0b,1,1777.00000000,29.61666667,0,3,14,4.66666667,7754.00000000,7840.00000000,38,264.71581317,0.13234792,0.08244994,107,3.61283061,0.77777778,-280.00000000,516.00000000,5.00000000,0,warmup,,,,,
pg-b38b3bc07c060e85,LOLTMNT05_86001,2024-10-01T15:10:10,2024-10-01,2024,Unknown,0,14.18,Red,oe:team:1d0f5e58f39613aff1a3dd4ed85933e,FC Schalke 04 Esports,name-team-b5899d7af81d1ef7,AceGaming Spades,oe:player:1f8b2df4c6ee43a1c1dc29817c0a201,Sacre,top,Rumble,oe:player:0be44816ee64861caafa28454f596a1,Aatrox,top:Rumble,lineup-67e3c4b343d8cf0b,1,1777.00000000,29.61666667,6,3,4,3.33333333,12852.00000000,20716.00000000,242,699.47101857,0.21936233,0.21786135,25,0.84411930,0.55555556,-747.00000000,-1190.00000000,-1.00000000,0,warmup,,,,,
pg-795e98418f555ee1,LOLTMNT02_172939,2024-10-01T15:11:57,2024-10-01,2024,Unknown,0,14.18,Blue,oe:team:aa8c3b781d96ddb7a24ab3240918988,SK Gaming Prime,oe:team:423471551f6ba1b127ed1c884aaa67a,regnum4games,oe:player:ba3d4084a218c919db12a8776d46ed8,Zavee,bot,Jhin,oe:player:dbcf00ee0e5f12c51952d7689cc1366,Lucian,bot:Jhin,lineup-f58305abcb1d4720,0,2007.00000000,33.45000000,6,3,9,5.00000000,14412.00000000,28074.00000000,308,839.28251121,0.24755230,0.32772609,33,0.98654709,0.83333333,-117.00000000,-53.00000000,10.00000000,0,warmup,,,,,
pg-8742f6a6cf89e5d1,LOLTMNT02_172939,2024-10-01T15:11:57,2024-10-01,2024,Unknown,0,14.18,Blue,oe:team:aa8c3b781d96ddb7a24ab3240918988,SK Gaming Prime,oe:team:423471551f6ba1b127ed1c884aaa67a,regnum4games,oe:player:a3659e9d07c9807e77df85548df86fb,Emprez,jng,Vi,oe:player:d267ada2593780f4b32830a0d68c378,Viego,jng:Vi,lineup-f58305abcb1d4720,0,2007.00000000,33.45000000,1,6,11,2.00000000,10245.00000000,8580.00000000,192,256.50224215,0.17597650,0.10015993,43,1.28550075,0.66666667,-673.00000000,-793.00000000,-10.00000000,0,warmup,,,,,
pg-239abea567cada81,LOLTMNT02_172939,2024-10-01T15:11:57,2024-10-01,2024,Unknown,0,14.18,Blue,oe:team:aa8c3b781d96ddb7a24ab3240918988,SK Gaming Prime,oe:team:423471551f6ba1b127ed1c884aaa67a,regnum4games,oe:player:758a9b0b73aeb3ed8f73f01edbd61c3,Apollonia,mid,Ahri,oe:player:b6e48b3f25c34b7326992303b80b46a,Syndra,mid:Ahri,lineup-f58305abcb1d4720,0,2007.00000000,33.45000000,3,2,10,6.50000000,11497.00000000,17559.00000000,230,524.93273543,0.19748188,0.20497764,29,0.86696562,0.72222222,-30.00000000,704.00000000,-15.00000000,0,warmup,,,,,
pg-d175378584a00a65,LOLTMNT02_172939,2024-10-01T15:11:57,2024-10-01,2024,Unknown,0,14.18,Blue,oe:team:aa8c3b781d96ddb7a24ab3240918988,SK Gaming Prime,oe:team:423471551f6ba1b127ed1c884aaa67a,regnum4games,oe:player:010d6a16efd32515e12371cf630f30e,Lumi,sup,Karma,oe:player:a6345ed4722279338a3de46e175e32e,Tahm Kench,sup:Karma,lineup-f58305abcb1d4720,0,2007.00000000,33.45000000,2,5,12,2.80000000,7950.00000000,13414.00000000,30,401.01644245,0.13655570,0.15659036,114,3.40807175,0.77777778,251.00000000,256.00000000,0.00000000,0,warmup,,,,,
pg-8c1107060f8d2f03,LOLTMNT02_172939,2024-10-01T15:11:57,2024-10-01,2024,Unknown,0,14.18,Blue,oe:team:aa8c3b781d96ddb7a24ab3240918988,SK Gaming Prime,oe:team:423471551f6ba1b127ed1c884aaa67a,regnum4games,oe:player:59cbe5a825cd647e4dfc16acfdc6723,Sanah,top,Darius,oe:player:24bb48091f3f1bb7302ac7f785f9d6d,K'Sante,top:Darius,lineup-f58305abcb1d4720,0,2007.00000000,33.45000000,6,5,5,2.20000000,14114.00000000,18036.00000000,256,539.19282511,0.24243361,0.21054598,32,0.95665172,0.61111111,-168.00000000,-464.00000000,-18.00000000,0,warmup,,,,,
pg-1985580670319d9f,LOLTMNT02_172939,2024-10-01T15:11:57,2024-10-01,2024,Unknown,0,14.18,Red,oe:team:423471551f6ba1b127ed1c884aaa67a,regnum4games,oe:team:aa8c3b781d96ddb7a24ab3240918988,SK Gaming Prime,oe:player:dbcf00ee0e5f12c51952d7689cc1366,Relentless,bot,Lucian,oe:player:ba3d4084a218c919db12a8776d46ed8,Jhin,bot:Lucian,lineup-cd8beb8f9e8f2b6c,1,2007.00000000,33.45000000,5,2,9,7.00000000,15727.00000000,23139.00000000,287,691.74887892,0.22721297,0.26749980,16,0.47832586,0.66666667,117.00000000,53.00000000,-10.00000000,0,warmup,,,,,
pg-334ce7ef71fb4cd3,LOLTMNT02_172939,2024-10-01T15:11:57,2024-10-01,2024,Unknown,0,14.18,Red,oe:team:423471551f6ba1b127ed1c884aaa67a,regnum4games,oe:team:aa8c3b781d96ddb7a24ab3240918988,SK Gaming Prime,oe:player:d267ada2593780f4b32830a0d68c378,Fishue,jng,Viego,oe:player:a3659e9d07c9807e77df85548df86fb,Vi,jng:Viego,lineup-cd8beb8f9e8f2b6c,1,2007.00000000,33.45000000,7,3,4,3.66666667,14073.00000000,13660.00000000,240,408.37070254,0.20331710,0.15791725,39,1.16591928,0.52380952,673.00000000,793.00000000,10.00000000,0,warmup,,,,,
pg-37bed55599eae75c,LOLTMNT02_172939,2024-10-01T15:11:57,2024-10-01,2024,Unknown,0,14.18,Red,oe:team:423471551f6ba1b127ed1c884aaa67a,regnum4games,oe:team:aa8c3b781d96ddb7a24ab3240918988,SK Gaming Prime,oe:player:b6e48b3f25c34b7326992303b80b46a,Jonny227,mid,Syndra,oe:player:758a9b0b73aeb3ed8f73f01edbd61c3,Ahri,mid:Syndra,lineup-cd8beb8f9e8f2b6c,1,2007.00000000,33.45000000,6,5,6,2.40000000,14271.00000000,28306.00000000,236,846.21823617,0.20617767,0.32723321,44,1.31539611,0.57142857,30.00000000,-704.00000000,15.00000000,0,warmup,,,,,
pg-6a25161e76726d42,LOLTMNT02_172939,2024-10-01T15:11:57,2024-10-01,2024,Unknown,0,14.18,Red,oe:team:423471551f6ba1b127ed1c884aaa67a,regnum4games,oe:team:aa8c3b781d96ddb7a24ab3240918988,SK Gaming Prime,oe:player:a6345ed4722279338a3de46e175e32e,malteshadow,sup,Tahm Kench,oe:player:010d6a16efd32515e12371cf630f30e,Karma,sup:Tahm Kench,lineup-cd8beb8f9e8f2b6c,1,2007.00000000,33.45000000,0,6,15,2.50000000,9037.00000000,7358.00000000,27,219.97010463,0.13056041,0.08506260,90,2.69058296,0.71428571,-251.00000000,-256.00000000,0.00000000,0,warmup,,,,,
pg-7e52832029c6f1ac,LOLTMNT02_172939,2024-10-01T15:11:57,2024-10-01,2024,Unknown,0,14.18,Red,oe:team:423471551f6ba1b127ed1c884aaa67a,regnum4games,oe:team:aa8c3b781d96ddb7a24ab3240918988,SK Gaming Prime,oe:player:24bb48091f3f1bb7302ac7f785f9d6d,FengDere,top,K'Sante,oe:player:59cbe5a825cd647e4dfc16acfdc6723,Darius,top:K'Sante,lineup-cd8beb8f9e8f2b6c,1,2007.00000000,33.45000000,3,2,9,6.00000000,16109.00000000,14038.00000000,293,419.67115097,0.23273184,0.16228714,36,1.07623318,0.57142857,168.00000000,464.00000000,18.00000000,0,warmup,,,,,
pg-05485ba823558a26,LOLTMNT02_174009,2024-10-01T15:15:39,2024-10-01,2024,Unknown,0,14.18,Blue,oe:team:b23a51e14c53108a0de36eb92df2c5a,VfB eSports,oe:team:48199c3e87ac9d14cdf50169f8eaabc,Eintracht Frankfurt,oe:player:b20e9714c68983eeabfe65ac88fa7ea,Riku,bot,Jhin,oe:player:f0523a8a7089a6b90c4c1606ebd9605,Ezreal,bot:Jhin,lineup-2df755ed9a8c5eca,1,2048.00000000,34.13333333,5,2,13,9.00000000,15924.00000000,22054.00000000,326,646.11328125,0.24399736,0.23497699,26,0.76171875,0.81818182,408.00000000,368.00000000,-6.00000000,0,warmup,,,,,
pg-d16c717c44d2568f,LOLTMNT02_174009,2024-10-01T15:15:39,2024-10-01,2024,Unknown,0,14.18,Blue,oe:team:b23a51e14c53108a0de36eb92df2c5a,VfB eSports,oe:team:48199c3e87ac9d14cdf50169f8eaabc,Eintracht Frankfurt,oe:player:27a9c63188ab92f603ab1fd42cb889a,Obsess,jng,Skarner,oe:player:b0a4ae62486ca215c199e72698738b7,Vi,jng:Skarner,lineup-2df755ed9a8c5eca,1,2048.00000000,34.13333333,6,3,13,6.33333333,12717.00000000,20783.00000000,212,608.87695312,0.19485773,0.22143496,43,1.25976562,0.86363636,1260.00000000,890.00000000,15.00000000,0,warmup,,,,,
pg-e03f8a5b497f45ba,LOLTMNT02_174009,2024-10-01T15:15:39,2024-10-01,2024,Unknown,0,14.18,Blue,oe:team:b23a51e14c53108a0de36eb92df2c5a,VfB eSports,oe:team:48199c3e87ac9d14cdf50169f8eaabc,Eintracht Frankfurt,oe:player:e0e640fe2ff7ea695737bd648263858,Baumi,mid,Akali,oe:player:eb26eb96a04224878fb492a5a8cefa8,Orianna,mid:Akali,lineup-2df755ed9a8c5eca,1,2048.00000000,34.13333333,10,3,7,5.66666667,16008.00000000,27895.00000000,257,817.23632812,0.24528446,0.29721062,21,0.61523438,0.77272727,305.00000000,69.00000000,-28.00000000,0,warmup,,,,,
pg-7258527a7470b27f,LOLTMNT02_174009,2024-10-01T15:15:39,2024-10-01,2024,Unknown,0,14.18,Blue,oe:team:b23a51e14c53108a0de36eb92df2c5a,VfB eSports,oe:team:48199c3e87ac9d14cdf50169f8eaabc,Eintracht Frankfurt,oe:player:77578ad4690f7b33c88d56e59be2ba1,MaxSchallah,sup,Alistar,oe:player:64ecd619b953ca23acb0546a472c483,Leona,sup:Alistar,lineup-2df755ed9a8c5eca,1,2048.00000000,34.13333333,1,2,20,10.50000000,8704.00000000,5968.00000000,33,174.84375000,0.13336806,0.06358677,111,3.25195312,0.95454545,303.00000000,113.00000000,-5.00000000,0,warmup,,,,,
pg-a51c04afb63b69da,LOLTMNT02_174009,2024-10-01T15:15:39,2024-10-01,2024,Unknown,0,14.18,Blue,oe:team:b23a51e14c53108a0de36eb92df2c5a,VfB eSports,oe:team:48199c3e87ac9d14cdf50169f8eaabc,Eintracht Frankfurt,oe:player:422d7cc4063f8801a9427860bfd855b,Satorius,top,Rumble,oe:player:5be118a1aa52664e1dff15ff96c1e67,Karma,top:Rumble,lineup-2df755ed9a8c5eca,1,2048.00000000,34.13333333,0,3,12,4.00000000,11910.00000000,17156.00000000,262,502.61718750,0.18249238,0.18279066,44,1.28906250,0.54545455,-431.00000000,154.00000000,-7.00000000,0,warmup,,,,,
pg-b6e7f0b21ff5e187,LOLTMNT02_174009,2024-10-01T15:15:39,2024-10-01,2024,Unknown,0,14.18,Red,oe:team:48199c3e87ac9d14cdf50169f8eaabc,Eintracht Frankfurt,oe:team:b23a51e14c53108a0de36eb92df2c5a,VfB eSports,oe:player:f0523a8a7089a6b90c4c1606ebd9605,DizL,bot,Ezreal,oe:player:b20e9714c68983eeabfe65ac88fa7ea,Jhin,bot:Ezreal,lineup-9fa2c882d9da2bcd,0,2048.00000000,34.13333333,5,4,1,1.50000000,15468.00000000,38227.00000000,345,1119.93164062,0.26124407,0.35400615,25,0.73242188,0.46153846,-408.00000000,-368.00000000,6.00000000,0,warmup,,,,,
pg-b973ee3dc8b9bcf7,LOLTMNT02_174009,2024-10-01T15:15:39,2024-10-01,2024,Unknown,0,14.18,Red,oe:team:48199c3e87ac9d14cdf50169f8eaabc,Eintracht Frankfurt,oe:team:b23a51e14c53108a0de36eb92df2c5a,VfB eSports,oe:player:b0a4ae62486ca215c199e72698738b7,Pabu,jng,Vi,oe:player:27a9c63188ab92f603ab1fd42cb889a,Skarner,jng:Vi,lineup-9fa2c882d9da2bcd,0,2048.00000000,34.13333333,3,5,3,1.20000000,10048.00000000,11368.00000000,179,333.04687500,0.16970393,0.10527486,63,1.84570312,0.46153846,-1260.00000000,-890.00000000,-15.00000000,0,warmup,,,,,
pg-796fdecac679ec22,LOLTMNT02_174009,2024-10-01T15:15:39,2024-10-01,2024,Unknown,0,14.18,Red,oe:team:48199c3e87ac9d14cdf50169f8eaabc,Eintracht Frankfurt,oe:team:b23a51e14c53108a0de36eb92df2c5a,VfB eSports,oe:player:eb26eb96a04224878fb492a5a8cefa8,ZaZee,mid,Orianna,oe:player:e0e640fe2ff7ea695737bd648263858,Akali,mid:Orianna,lineup-9fa2c882d9da2bcd,0,2048.00000000,34.13333333,1,3,5,2.00000000,13373.00000000,23558.00000000,307,690.17578125,0.22586093,0.21816195,23,0.67382812,0.46153846,-305.00000000,-69.00000000,28.00000000,0,warmup,,,,,
pg-605df24031671319,LOLTMNT02_174009,2024-10-01T15:15:39,2024-10-01,2024,Unknown,0,14.18,Red,oe:team:48199c3e87ac9d14cdf50169f8eaabc,Eintracht Frankfurt,oe:team:b23a51e14c53108a0de36eb92df2c5a,VfB eSports,oe:player:64ecd619b953ca23acb0546a472c483,Tore,sup,Leona,oe:player:77578ad4690f7b33c88d56e59be2ba1,Alistar,sup:Leona,lineup-9fa2c882d9da2bcd,0,2048.00000000,34.13333333,3,6,5,1.33333333,8189.00000000,8960.00000000,42,262.50000000,0.13830668,0.08297526,109,3.19335938,0.61538462,-303.00000000,-113.00000000,5.00000000,0,warmup,,,,,
pg-c006ff743750c767,LOLTMNT02_174009,2024-10-01T15:15:39,2024-10-01,2024,Unknown,0,14.18,Red,oe:team:48199c3e87ac9d14cdf50169f8eaabc,Eintracht Frankfurt,oe:team:b23a51e14c53108a0de36eb92df2c5a,VfB eSports,oe:player:5be118a1aa52664e1dff15ff96c1e67,Agresivoo,top,Karma,oe:player:422d7cc4063f8801a9427860bfd855b,Rumble,top:Karma,lineup-9fa2c882d9da2bcd,0,2048.00000000,34.13333333,1,4,8,2.25000000,12131.00000000,25871.00000000,256,757.93945312,0.20488439,0.23958179,37,1.08398438,0.69230769,431.00000000,-154.00000000,7.00000000,0,warmup,,,,,
pg-4cadb706f753fade,LOLTMNT05_86035,2024-10-01T16:01:57,2024-10-01,2024,Unknown,0,14.18,Blue,oe:team:6a060bd74c9041bf0aa89adf9d15d12,Unicorns of Love Sexy Edition,name-team-a8a1420921688a1b,Frontier x Veni,oe:player:3a3cf889f1996110ab52915425d60b5,xMatty,bot,Ezreal,oe:player:1af2bedc4f0d54942edcce745cb3344,Jhin,bot:Ezreal,lineup-003c4b7dcdab2ee4,1,1090.00000000,18.16666667,9,0,5,14.00000000,10413.00000000,19557.00000000,169,1076.53211009,0.24706385,0.36706081,5,0.27522936,0.70000000,3934.00000000,1809.00000000,58.00000000,0,warmup,,,,,
pg-5bbc35936ba91f64,LOLTMNT05_86035,2024-10-01T16:01:57,2024-10-01,2024,Unknown,0,14.18,Blue,oe:team:6a060bd74c9041bf0aa89adf9d15d12,Unicorns of Love Sexy Edition,name-team-a8a1420921688a1b,Frontier x Veni,oe:player:6fc5fe723eed4ba4c230292be365c66,Lurox,jng,Jarvan IV,oe:player:077c8e531f00e3df16e2318b49f5f39,Xin Zhao,jng:Jarvan IV,lineup-003c4b7dcdab2ee4,1,1090.00000000,18.16666667,2,1,12,14.00000000,8150.00000000,5833.00000000,122,321.08256881,0.19337082,0.10947823,17,0.93577982,0.70000000,2562.00000000,1626.00000000,32.00000000,0,warmup,,,,,
pg-8fe164b66ba17220,LOLTMNT05_86035,2024-10-01T16:01:57,2024-10-01,2024,Unknown,0,14.18,Blue,oe:team:6a060bd74c9041bf0aa89adf9d15d12,Unicorns of Love Sexy Edition,name-team-a8a1420921688a1b,Frontier x Veni,oe:player:157108ff2b64591e5703c64dbae3a2e,TolanD,mid,LeBlanc,oe:player:8bcb106e4ab51f90f4143c16f170c42,Hwei,mid:LeBlanc,lineup-003c4b7dcdab2ee4,1,1090.00000000,18.16666667,3,0,1,4.00000000,8310.00000000,12955.00000000,173,713.11926606,0.19716706,0.24314940,24,1.32110092,0.20000000,2250.00000000,294.00000000,18.00000000,0,warmup,,,,,
pg-35df9c60a8d521d7,LOLTMNT05_86035,2024-10-01T16:01:57,2024-10-01,2024,Unknown,0,14.18,Blue,oe:team:6a060bd74c9041bf0aa89adf9d15d12,Unicorns of Love Sexy Edition,name-team-a8a1420921688a1b,Frontier x Veni,oe:player:973547129a691fb61e886add170ac7a,Piero,sup,Rakan,name-player-6a98173ab96a7321,Alistar,sup:Rakan,lineup-003c4b7dcdab2ee4,1,1090.00000000,18.16666667,2,0,13,15.00000000,6930.00000000,4012.00000000,19,220.84403670,0.16442451,0.07530030,54,2.97247706,0.75000000,2611.00000000,1013.00000000,-2.00000000,0,warmup,,,,,
pg-9df7083137df2af5,LOLTMNT05_86035,2024-10-01T16:01:57,2024-10-01,2024,Unknown,0,14.18,Blue,oe:team:6a060bd74c9041bf0aa89adf9d15d12,Unicorns of Love Sexy Edition,name-team-a8a1420921688a1b,Frontier x Veni,oe:player:11b40dd5fcd01f1fca9496859ccd862,Shelfmade,top,K'Sante,name-player-7d0ca39eae2973c0,Gwen,top:K'Sante,lineup-003c4b7dcdab2ee4,1,1090.00000000,18.16666667,4,0,4,8.00000000,8344.00000000,10923.00000000,136,601.26605505,0.19797376,0.20501126,11,0.60550459,0.40000000,3083.00000000,2956.00000000,35.00000000,0,warmup,,,,,
pg-0fbeef67a455fca3,LOLTMNT05_86035,2024-10-01T16:01:57,2024-10-01,2024,Unknown,0,14.18,Red,name-team-a8a1420921688a1b,Frontier x Veni,oe:team:6a060bd74c9041bf0aa89adf9d15d12,Unicorns of Love Sexy Edition,oe:player:1af2bedc4f0d54942edcce745cb3344,Henry Snow,bot,Jhin,oe:player:3a3cf889f1996110ab52915425d60b5,Ezreal,bot:Jhin,lineup-e3da1e54a7ea4697,0,1090.00000000,18.16666667,1,5,0,0.20000000,5441.00000000,6106.00000000,112,336.11009174,0.22070336,0.23692379,5,0.27522936,1.00000000,-3934.00000000,-1809.00000000,-58.00000000,0,warmup,,,,,
pg-f3223325bcf378b5,LOLTMNT05_86035,2024-10-01T16:01:57,2024-10-01,2024,Unknown,0,14.18,Red,name-team-a8a1420921688a1b,Frontier x Veni,oe:team:6a060bd74c9041bf0aa89adf9d15d12,Unicorns of Love Sexy Edition,oe:player:077c8e531f00e3df16e2318b49f5f39,Spy,jng,Xin Zhao,oe:player:6fc5fe723eed4ba4c230292be365c66,Jarvan IV,jng:Xin Zhao,lineup-e3da1e54a7ea4697,0,1090.00000000,18.16666667,0,4,0,0.00000000,4714.00000000,4878.00000000,92,268.51376147,0.19121405,0.18927518,12,0.66055046,0.00000000,-2562.00000000,-1626.00000000,-32.00000000,0,warmup,,,,,
pg-2785a6248808c23b,LOLTMNT05_86035,2024-10-01T16:01:57,2024-10-01,2024,Unknown,0,14.18,Red,name-team-a8a1420921688a1b,Frontier x Veni,oe:team:6a060bd74c9041bf0aa89adf9d15d12,Unicorns of Love Sexy Edition,oe:player:8bcb106e4ab51f90f4143c16f170c42,Poro,mid,Hwei,oe:player:157108ff2b64591e5703c64dbae3a2e,LeBlanc,mid:Hwei,lineup-e3da1e54a7ea4697,0,1090.00000000,18.16666667,0,2,0,0.00000000,5561.00000000,6173.00000000,153,339.79816514,0.22557092,0.23952351,6,0.33027523,0.00000000,-2250.00000000,-294.00000000,-18.00000000,0,warmup,,,,,
pg-7a2bedb6c063319e,LOLTMNT05_86035,2024-10-01T16:01:57,2024-10-01,2024,Unknown,0,14.18,Red,name-team-a8a1420921688a1b,Frontier x Veni,oe:team:6a060bd74c9041bf0aa89adf9d15d12,Unicorns of Love Sexy Edition,name-player-6a98173ab96a7321,FXV ichdeutsch,sup,Alistar,oe:player:973547129a691fb61e886add170ac7a,Rakan,sup:Alistar,lineup-e3da1e54a7ea4697,0,1090.00000000,18.16666667,0,4,1,0.25000000,3959.00000000,1456.00000000,25,80.14678899,0.16058897,0.05649542,32,1.76146789,1.00000000,-2611.00000000,-1013.00000000,2.00000000,0,warmup,,,,,
pg-c91f75a4539d55af,LOLTMNT05_86035,2024-10-01T16:01:57,2024-10-01,2024,Unknown,0,14.18,Red,name-team-a8a1420921688a1b,Frontier x Veni,oe:team:6a060bd74c9041bf0aa89adf9d15d12,Unicorns of Love Sexy Edition,name-player-7d0ca39eae2973c0,FXV Jordaen,top,Gwen,oe:player:11b40dd5fcd01f1fca9496859ccd862,K'Sante,top:Gwen,lineup-e3da1e54a7ea4697,0,1090.00000000,18.16666667,0,5,0,0.00000000,4978.00000000,7159.00000000,108,394.07339450,0.20192269,0.27778209,10,0.55045872,0.00000000,-3083.00000000,-2956.00000000,-35.00000000,0,warmup,,,,,
pg-6b6b0dcebf996d05,LOLTMNT05_87024,2024-10-01T16:03:23,2024-10-01,2024,Unknown,0,14.18,Blue,oe:team:1ed1de7cdce5070e3a31b5db92b6035,eSports Cologne e.V.,oe:team:7c4854374e4daa6b00206eb922359a9,MOUZ NXT,oe:player:304b48562aae432519195b02fd3a214,Kasi,bot,Ashe,oe:player:6e23b629fe2fc16824ea86bf61cbc4c,Ezreal,bot:Ashe,lineup-d39a29ca7c3b8c5e,0,1524.00000000,25.40000000,4,5,11,3.00000000,10651.00000000,15395.00000000,201,606.10236220,0.22060438,0.21087308,19,0.74803150,0.68181818,-441.00000000,229.00000000,20.00000000,0,warmup,,,,,
pg-ceaafe4b69816292,LOLTMNT05_87024,2024-10-01T16:03:23,2024-10-01,2024,Unknown,0,14.18,Blue,oe:team:1ed1de7cdce5070e3a31b5db92b6035,eSports Cologne e.V.,oe:team:7c4854374e4daa6b00206eb922359a9,MOUZ NXT,oe:player:771b79f3c7a45f5877016d050f12b81,F1VTY,jng,Sejuani,oe:player:a04f4a8e24d54ff98fc27a5aa5a0c3c,Jarvan IV,jng:Sejuani,lineup-d39a29ca7c3b8c5e,0,1524.00000000,25.40000000,3,5,11,2.80000000,8583.00000000,14004.00000000,107,551.33858268,0.17777179,0.19181985,24,0.94488189,0.63636364,-915.00000000,-776.00000000,-7.00000000,0,warmup,,,,,
pg-8d17859a2adf99da,LOLTMNT05_87024,2024-10-01T16:03:23,2024-10-01,2024,Unknown,0,14.18,Blue,oe:team:1ed1de7cdce5070e3a31b5db92b6035,eSports Cologne e.V.,oe:team:7c4854374e4daa6b00206eb922359a9,MOUZ NXT,oe:player:0a759ccee56f7553c9719e0011244dd,On3Sh0t,mid,Sylas,oe:player:4817eee6e21d12824c37bfbdaf2c325,Hwei,mid:Sylas,lineup-d39a29ca7c3b8c5e,0,1524.00000000,25.40000000,6,6,7,2.16666667,10844.00000000,13357.00000000,165,525.86614173,0.22460181,0.18295757,13,0.51181102,0.59090909,-1280.00000000,-1389.00000000,-43.00000000,0,warmup,,,,,
pg-3907562119ca6477,LOLTMNT05_87024,2024-10-01T16:03:23,2024-10-01,2024,Unknown,0,14.18,Blue,oe:team:1ed1de7cdce5070e3a31b5db92b6035,eSports Cologne e.V.,oe:team:7c4854374e4daa6b00206eb922359a9,MOUZ NXT,oe:player:a7eeda89dab95c659a987fdb3952792,Kolios,sup,Leona,oe:player:c740f85027b40c5b52e03b0233888f2,Nautilus,sup:Leona,lineup-d39a29ca7c3b8c5e,0,1524.00000000,25.40000000,2,11,12,1.27272727,6659.00000000,6732.00000000,15,265.03937008,0.13792175,0.09221160,57,2.24409449,0.63636364,-1080.00000000,-127.00000000,5.00000000,0,warmup,,,,,
pg-0f447ca27e192785,LOLTMNT05_87024,2024-10-01T16:03:23,2024-10-01,2024,Unknown,0,14.18,Blue,oe:team:1ed1de7cdce5070e3a31b5db92b6035,eSports Cologne e.V.,oe:team:7c4854374e4daa6b00206eb922359a9,MOUZ NXT,oe:player:1d5a567298105307cd8fc16c22e1d78,Kayleqlated,top,Volibear,oe:player:51777d50bf7bf71ff70b8a32726e40c,Aatrox,top:Volibear,lineup-d39a29ca7c3b8c5e,0,1524.00000000,25.40000000,7,8,4,1.37500000,11544.00000000,23518.00000000,190,925.90551181,0.23910027,0.32213791,12,0.47244094,0.50000000,-870.00000000,-204.00000000,-17.00000000,0,warmup,,,,,
pg-4fd449879ccb3c5e,LOLTMNT05_87024,2024-10-01T16:03:23,2024-10-01,2024,Unknown,0,14.18,Red,oe:team:7c4854374e4daa6b00206eb922359a9,MOUZ NXT,oe:team:1ed1de7cdce5070e3a31b5db92b6035,eSports Cologne e.V.,oe:player:6e23b629fe2fc16824ea86bf61cbc4c,Dreilix,bot,Ezreal,oe:player:304b48562aae432519195b02fd3a214,Ashe,bot:Ezreal,lineup-94d5b2805c8c75ce,1,1524.00000000,25.40000000,9,4,13,5.50000000,11988.00000000,26619.00000000,178,1047.99212598,0.20520370,0.24800157,14,0.55118110,0.62857143,441.00000000,-229.00000000,-20.00000000,0,warmup,,,,,
pg-0f2e32852c3bffdd,LOLTMNT05_87024,2024-10-01T16:03:23,2024-10-01,2024,Unknown,0,14.18,Red,oe:team:7c4854374e4daa6b00206eb922359a9,MOUZ NXT,oe:team:1ed1de7cdce5070e3a31b5db92b6035,eSports Cologne e.V.,oe:player:a04f4a8e24d54ff98fc27a5aa5a0c3c,Afroboi,jng,Jarvan IV,oe:player:771b79f3c7a45f5877016d050f12b81,Sejuani,jng:Jarvan IV,lineup-94d5b2805c8c75ce,1,1524.00000000,25.40000000,5,4,21,6.50000000,11496.00000000,13670.00000000,128,538.18897638,0.19678192,0.12735946,32,1.25984252,0.74285714,915.00000000,776.00000000,7.00000000,0,warmup,,,,,
pg-a216b4c6082b41a1,LOLTMNT05_87024,2024-10-01T16:03:23,2024-10-01,2024,Unknown,0,14.18,Red,oe:team:7c4854374e4daa6b00206eb922359a9,MOUZ NXT,oe:team:1ed1de7cdce5070e3a31b5db92b6035,eSports Cologne e.V.,oe:player:4817eee6e21d12824c37bfbdaf2c325,Kaymin,mid,Hwei,oe:player:0a759ccee56f7553c9719e0011244dd,Sylas,mid:Hwei,lineup-94d5b2805c8c75ce,1,1524.00000000,25.40000000,9,3,17,8.66666667,13563.00000000,32819.00000000,216,1292.08661417,0.23216364,0.30576518,29,1.14173228,0.74285714,1280.00000000,1389.00000000,43.00000000,0,warmup,,,,,
pg-b50d14df79004869,LOLTMNT05_87024,2024-10-01T16:03:23,2024-10-01,2024,Unknown,0,14.18,Red,oe:team:7c4854374e4daa6b00206eb922359a9,MOUZ NXT,oe:team:1ed1de7cdce5070e3a31b5db92b6035,eSports Cologne e.V.,oe:player:c740f85027b40c5b52e03b0233888f2,Nio,sup,Nautilus,oe:player:a7eeda89dab95c659a987fdb3952792,Leona,sup:Nautilus,lineup-94d5b2805c8c75ce,1,1524.00000000,25.40000000,5,5,15,4.00000000,8103.00000000,8180.00000000,16,322.04724409,0.13870250,0.07621071,70,2.75590551,0.57142857,1080.00000000,127.00000000,-5.00000000,0,warmup,,,,,
pg-993131d0429cd35c,LOLTMNT05_87024,2024-10-01T16:03:23,2024-10-01,2024,Unknown,0,14.18,Red,oe:team:7c4854374e4daa6b00206eb922359a9,MOUZ NXT,oe:team:1ed1de7cdce5070e3a31b5db92b6035,eSports Cologne e.V.,oe:player:51777d50bf7bf71ff70b8a32726e40c,Fornoreason,top,Aatrox,oe:player:1d5a567298105307cd8fc16c22e1d78,Volibear,top:Aatrox,lineup-94d5b2805c8c75ce,1,1524.00000000,25.40000000,7,6,7,2.33333333,13270.00000000,26046.00000000,244,1025.43307087,0.22714824,0.24266309,17,0.66929134,0.40000000,870.00000000,204.00000000,17.00000000,0,warmup,,,,,
pg-080716ea51f2ad89,LOLTMNT05_87036,2024-10-01T16:14:17,2024-10-01,2024,Unknown,0,14.18,Blue,oe:team:2ae1a4c6fe17bf70dd4b5520d60f55b,NNO Prime,name-team-008bbba56a19edbc,Bootz Gaming,oe:player:90704735ca9fc01f2244f23f6e5d635,Shiganari,bot,Ashe,name-player-b905b46b46d7de26,Varus,bot:Ashe,lineup-12e790c5321078fe,1,1421.00000000,23.68333333,5,1,8,13.00000000,11906.00000000,18160.00000000,231,766.78395496,0.22821982,0.26165639,20,0.84447572,0.59090909,912.00000000,411.00000000,50.00000000,0,warmup,,,,,
pg-c88938cc5dce74c5,LOLTMNT05_87036,2024-10-01T16:14:17,2024-10-01,2024,Unknown,0,14.18,Blue,oe:team:2ae1a4c6fe17bf70dd4b5520d60f55b,NNO Prime,name-team-008bbba56a19edbc,Bootz Gaming,oe:player:e041923a70bcde3b24d608958f8edc8,Shlatan,jng,Wukong,name-player-9e0eb499ee4efc3f,Vi,jng:Wukong,lineup-12e790c5321078fe,1,1421.00000000,23.68333333,6,1,10,16.00000000,10153.00000000,9540.00000000,135,402.81491907,0.19461749,0.13745605,28,1.18226601,0.72727273,-904.00000000,-883.00000000,-10.00000000,0,warmup,,,,,
pg-bf5d7119c3d3c7cc,LOLTMNT05_87036,2024-10-01T16:14:17,2024-10-01,2024,Unknown,0,14.18,Blue,oe:team:2ae1a4c6fe17bf70dd4b5520d60f55b,NNO Prime,name-team-008bbba56a19edbc,Bootz Gaming,oe:player:e3b8d5a9290fe0c7458dc01db4dc9dc,Serin,mid,LeBlanc,oe:player:d2b7b23dfedaadfe856dbc241a2ca26,Vex,mid:LeBlanc,lineup-12e790c5321078fe,1,1421.00000000,23.68333333,9,0,5,14.00000000,12611.00000000,24543.00000000,213,1036.29838142,0.24173360,0.35362515,42,1.77339901,0.63636364,1985.00000000,835.00000000,35.00000000,0,warmup,,,,,
pg-cf85ee345c7c0d7e,LOLTMNT05_87036,2024-10-01T16:14:17,2024-10-01,2024,Unknown,0,14.18,Blue,oe:team:2ae1a4c6fe17bf70dd4b5520d60f55b,NNO Prime,name-team-008bbba56a19edbc,Bootz Gaming,oe:player:35650a63e482edbdb82b6950955e052,Lucky,sup,Renata Glasc,oe:player:e0ce529d9b78743caacc7e9730f8b1a,Poppy,sup:Renata Glasc,lineup-12e790c5321078fe,1,1421.00000000,23.68333333,0,2,19,9.50000000,7084.00000000,7131.00000000,26,301.09781844,0.13578945,0.10274624,87,3.67346939,0.86363636,687.00000000,319.00000000,-5.00000000,0,warmup,,,,,
pg-efa79d34310d65e5,LOLTMNT05_87036,2024-10-01T16:14:17,2024-10-01,2024,Unknown,0,14.18,Blue,oe:team:2ae1a4c6fe17bf70dd4b5520d60f55b,NNO Prime,name-team-008bbba56a19edbc,Bootz Gaming,oe:player:1d17186c66b693755087b8af8d0c611,Scarface,top,Gnar,name-player-002e1615b5b237af,Malphite,top:Gnar,lineup-12e790c5321078fe,1,1421.00000000,23.68333333,2,5,9,2.20000000,10415.00000000,10030.00000000,201,423.50457424,0.19963963,0.14451617,13,0.54890922,0.50000000,534.00000000,1156.00000000,42.00000000,0,warmup,,,,,
pg-17073c77c04d0a4d,LOLTMNT05_87036,2024-10-01T16:14:17,2024-10-01,2024,Unknown,0,14.18,Red,name-team-008bbba56a19edbc,Bootz Gaming,oe:team:2ae1a4c6fe17bf70dd4b5520d60f55b,NNO Prime,name-player-b905b46b46d7de26,BTZ Baki,bot,Varus,oe:player:90704735ca9fc01f2244f23f6e5d635,Ashe,bot:Varus,lineup-d40b0fe13eaa1118,0,1421.00000000,23.68333333,3,2,2,2.50000000,8147.00000000,13622.00000000,141,575.17241379,0.22034403,0.23175732,16,0.67558058,0.55555556,-912.00000000,-411.00000000,-50.00000000,0,warmup,,,,,
pg-4773365f72cbf497,LOLTMNT05_87036,2024-10-01T16:14:17,2024-10-01,2024,Unknown,0,14.18,Red,name-team-008bbba56a19edbc,Bootz Gaming,oe:team:2ae1a4c6fe17bf70dd4b5520d60f55b,NNO Prime,name-player-9e0eb499ee4efc3f,BTZ KillaKanikl,jng,Vi,oe:player:e041923a70bcde3b24d608958f8edc8,Wukong,jng:Vi,lineup-d40b0fe13eaa1118,0,1421.00000000,23.68333333,3,5,6,1.80000000,8337.00000000,11337.00000000,130,478.69106263,0.22548277,0.19288157,16,0.67558058,1.00000000,904.00000000,883.00000000,10.00000000,0,warmup,,,,,
pg-bbbd285d48a5a627,LOLTMNT05_87036,2024-10-01T16:14:17,2024-10-01,2024,Unknown,0,14.18,Red,name-team-008bbba56a19edbc,Bootz Gaming,oe:team:2ae1a4c6fe17bf70dd4b5520d60f55b,NNO Prime,oe:player:d2b7b23dfedaadfe856dbc241a2ca26,Jakoo,mid,Vex,oe:player:e3b8d5a9290fe0c7458dc01db4dc9dc,LeBlanc,mid:Vex,lineup-d40b0fe13eaa1118,0,1421.00000000,23.68333333,3,6,1,0.66666667,8360.00000000,19188.00000000,171,810.19000704,0.22610483,0.32645423,15,0.63335679,0.44444444,-1985.00000000,-835.00000000,-35.00000000,0,warmup,,,,,
pg-c2e10f73874de15e,LOLTMNT05_87036,2024-10-01T16:14:17,2024-10-01,2024,Unknown,0,14.18,Red,name-team-008bbba56a19edbc,Bootz Gaming,oe:team:2ae1a4c6fe17bf70dd4b5520d60f55b,NNO Prime,oe:player:e0ce529d9b78743caacc7e9730f8b1a,Tiger1,sup,Poppy,oe:player:35650a63e482edbdb82b6950955e052,Renata Glasc,sup:Poppy,lineup-d40b0fe13eaa1118,0,1421.00000000,23.68333333,0,5,3,0.60000000,4958.00000000,4494.00000000,27,189.75369458,0.13409423,0.07645848,51,2.15341309,0.33333333,-687.00000000,-319.00000000,5.00000000,0,warmup,,,,,
pg-6088fcac2c151ee7,LOLTMNT05_87036,2024-10-01T16:14:17,2024-10-01,2024,Unknown,0,14.18,Red,name-team-008bbba56a19edbc,Bootz Gaming,oe:team:2ae1a4c6fe17bf70dd4b5520d60f55b,NNO Prime,name-player-002e1615b5b237af,BTZ Darky,top,Malphite,oe:player:1d17186c66b693755087b8af8d0c611,Gnar,top:Malphite,lineup-d40b0fe13eaa1118,0,1421.00000000,23.68333333,0,4,5,1.25000000,7172.00000000,10136.00000000,137,427.98029557,0.19397414,0.17244841,18,0.76002815,0.55555556,-534.00000000,-1156.00000000,-42.00000000,0,warmup,,,,,
pg-c66c0a061c77b678,LOLTMNT05_87033,2024-10-01T16:28:51,2024-10-01,2024,Unknown,0,14.18,Blue,oe:team:6aac0384f6e7dccbfa6079a80a7699b,Direct Rising eSports,oe:team:7ce620feffbc833577b805ce32faa31,WeSports,name-player-05ac6b53132069ed,DR Blutlotus,bot,Ashe,oe:player:99fa5f1f22f7de8c29316bb51ea23e0,Jinx,bot:Ashe,lineup-c62dae5d8a6493d5,0,1825.00000000,30.41666667,2,5,0,0.40000000,10682.00000000,8923.00000000,261,293.35890411,0.24301574,0.18556337,33,1.08493151,0.50000000,-1132.00000000,-349.00000000,-22.00000000,0,warmup,,,,,
pg-e4e4929bbdd07837,LOLTMNT05_87033,2024-10-01T16:28:51,2024-10-01,2024,Unknown,0,14.18,Blue,oe:team:6aac0384f6e7dccbfa6079a80a7699b,Direct Rising eSports,oe:team:7ce620feffbc833577b805ce32faa31,WeSports,name-player-792f698d9cfc2faa,DR Stefwhynot,jng,Xin Zhao,name-player-2d85bbcef17b886f,Jarvan IV,jng:Xin Zhao,lineup-c62dae5d8a6493d5,0,1825.00000000,30.41666667,0,3,2,0.66666667,8665.00000000,8684.00000000,172,285.50136986,0.19712895,0.18059310,31,1.01917808,0.50000000,-564.00000000,-402.00000000,-19.00000000,0,warmup,,,,,
pg-fcfab63f4cd4c72f,LOLTMNT05_87033,2024-10-01T16:28:51,2024-10-01,2024,Unknown,0,14.18,Blue,oe:team:6aac0384f6e7dccbfa6079a80a7699b,Direct Rising eSports,oe:team:7ce620feffbc833577b805ce32faa31,WeSports,name-player-48fc84c448be31d4,DR WildWolf,mid,Ziggs,oe:player:6cb01b90479b4f67db603e6f9591124,Ahri,mid:Ziggs,lineup-c62dae5d8a6493d5,0,1825.00000000,30.41666667,2,3,0,0.66666667,10731.00000000,21255.00000000,245,698.79452055,0.24413049,0.44202055,26,0.85479452,0.50000000,-448.00000000,-852.00000000,-9.00000000,0,warmup,,,,,
pg-2e1696d767fddf5e,LOLTMNT05_87033,2024-10-01T16:28:51,2024-10-01,2024,Unknown,0,14.18,Blue,oe:team:6aac0384f6e7dccbfa6079a80a7699b,Direct Rising eSports,oe:team:7ce620feffbc833577b805ce32faa31,WeSports,name-player-18c3a950e3ec09c2,DR Schlaf gut,sup,Milio,oe:player:22a7c67bd0f00882e2a6217d6d72a25,Blitzcrank,sup:Milio,lineup-c62dae5d8a6493d5,0,1825.00000000,30.41666667,0,4,3,0.75000000,6305.00000000,2647.00000000,31,87.02465753,0.14343889,0.05504721,97,3.18904110,0.75000000,-108.00000000,169.00000000,10.00000000,0,warmup,,,,,
pg-340e39d1f87809ec,LOLTMNT05_87033,2024-10-01T16:28:51,2024-10-01,2024,Unknown,0,14.18,Blue,oe:team:6aac0384f6e7dccbfa6079a80a7699b,Direct Rising eSports,oe:team:7ce620feffbc833577b805ce32faa31,WeSports,name-player-42a775ec72a8240c,DR Gego,top,Malphite,name-player-a624051aef0cec36,Gnar,top:Malphite,lineup-c62dae5d8a6493d5,0,1825.00000000,30.41666667,0,3,1,0.33333333,7573.00000000,6577.00000000,146,216.23013699,0.17228592,0.13677578,22,0.72328767,0.25000000,-868.00000000,-339.00000000,-44.00000000,0,warmup,,,,,
pg-fb25fb447adc782d,LOLTMNT05_87033,2024-10-01T16:28:51,2024-10-01,2024,Unknown,0,14.18,Red,oe:team:7ce620feffbc833577b805ce32faa31,WeSports,oe:team:6aac0384f6e7dccbfa6079a80a7699b,Direct Rising eSports,oe:player:99fa5f1f22f7de8c29316bb51ea23e0,Limitless,bot,Jinx,name-player-05ac6b53132069ed,Ashe,bot:Jinx,lineup-fc8ab18485a7d8f9,1,1825.00000000,30.41666667,2,1,7,9.00000000,15548.00000000,9476.00000000,338,311.53972603,0.24809319,0.15561467,22,0.72328767,0.50000000,1132.00000000,349.00000000,22.00000000,0,warmup,,,,,
pg-34df4fd03862d6cf,LOLTMNT05_87033,2024-10-01T16:28:51,2024-10-01,2024,Unknown,0,14.18,Red,oe:team:7ce620feffbc833577b805ce32faa31,WeSports,oe:team:6aac0384f6e7dccbfa6079a80a7699b,Direct Rising eSports,name-player-2d85bbcef17b886f,WES Sunam,jng,Jarvan IV,name-player-792f698d9cfc2faa,Xin Zhao,jng:Jarvan IV,lineup-fc8ab18485a7d8f9,1,1825.00000000,30.41666667,4,0,11,15.00000000,12180.00000000,4948.00000000,198,162.67397260,0.19435136,0.08125595,52,1.70958904,0.83333333,564.00000000,402.00000000,19.00000000,0,warmup,,,,,
pg-c07db2b8c7c730dc,LOLTMNT05_87033,2024-10-01T16:28:51,2024-10-01,2024,Unknown,0,14.18,Red,oe:team:7ce620feffbc833577b805ce32faa31,WeSports,oe:team:6aac0384f6e7dccbfa6079a80a7699b,Direct Rising eSports,oe:player:6cb01b90479b4f67db603e6f9591124,Lychee,mid,Ahri,name-player-48fc84c448be31d4,Ziggs,mid:Ahri,lineup-fc8ab18485a7d8f9,1,1825.00000000,30.41666667,10,0,5,15.00000000,15870.00000000,24622.00000000,291,809.49041096,0.25323121,0.40434197,44,1.44657534,0.83333333,448.00000000,852.00000000,9.00000000,0,warmup,,,,,
pg-5fb2d6f50ef0fe90,LOLTMNT05_87033,2024-10-01T16:28:51,2024-10-01,2024,Unknown,0,14.18,Red,oe:team:7ce620feffbc833577b805ce32faa31,WeSports,oe:team:6aac0384f6e7dccbfa6079a80a7699b,Direct Rising eSports,oe:player:22a7c67bd0f00882e2a6217d6d72a25,Matinger,sup,Blitzcrank,name-player-18c3a950e3ec09c2,Milio,sup:Blitzcrank,lineup-fc8ab18485a7d8f9,1,1825.00000000,30.41666667,1,2,8,4.50000000,7656.00000000,4117.00000000,19,135.35342466,0.12216371,0.06760929,85,2.79452055,0.50000000,108.00000000,-169.00000000,-10.00000000,0,warmup,,,,,
pg-866faf706abcac86,LOLTMNT05_87033,2024-10-01T16:28:51,2024-10-01,2024,Unknown,0,14.18,Red,oe:team:7ce620feffbc833577b805ce32faa31,WeSports,oe:team:6aac0384f6e7dccbfa6079a80a7699b,Direct Rising eSports,name-player-a624051aef0cec36,WES Psychosis,top,Gnar,name-player-42a775ec72a8240c,Malphite,top:Gnar,lineup-fc8ab18485a7d8f9,1,1825.00000000,30.41666667,1,1,6,7.00000000,11416.00000000,17731.00000000,237,582.93698630,0.18216052,0.29117811,32,1.05205479,0.38888889,868.00000000,339.00000000,44.00000000,0,warmup,,,,,
pg-6f74e7d6de279263,LOLTMNT05_86047,2024-10-01T16:48:52,2024-10-01,2024,Unknown,0,14.18,Blue,name-team-fcd6aea04154f147,DKB XPERION NXT RAW,oe:team:6a060bd74c9041bf0aa89adf9d15d12,Unicorns of Love Sexy Edition,oe:player:307bc10d48d7b6d1af5fd1dae30b77e,Miella,bot,Miss Fortune,oe:player:3a3cf889f1996110ab52915425d60b5,Kai'Sa,bot:Miss Fortune,lineup-3974b92fc2bedc4c,1,1805.00000000,30.08333333,2,1,6,8.00000000,12855.00000000,13447.00000000,267,446.99168975,0.20243776,0.18599665,27,0.89750693,0.29629630,-810.00000000,-1005.00000000,-35.00000000,0,warmup,,,,,
pg-e2da50b86048a296,LOLTMNT05_86047,2024-10-01T16:48:52,2024-10-01,2024,Unknown,0,14.18,Blue,name-team-fcd6aea04154f147,DKB XPERION NXT RAW,oe:team:6a060bd74c9041bf0aa89adf9d15d12,Unicorns of Love Sexy Edition,oe:player:45cf8adbf60961e7ffec251ac8c90f8,Hummelu,jng,Jarvan IV,oe:player:6fc5fe723eed4ba4c230292be365c66,Gwen,jng:Jarvan IV,lineup-3974b92fc2bedc4c,1,1805.00000000,30.08333333,3,1,16,19.00000000,11983.00000000,11470.00000000,163,381.27423823,0.18870569,0.15865112,33,1.09695291,0.70370370,170.00000000,-931.00000000,-32.00000000,0,warmup,,,,,
pg-164446c11e40e594,LOLTMNT05_86047,2024-10-01T16:48:52,2024-10-01,2024,Unknown,0,14.18,Blue,name-team-fcd6aea04154f147,DKB XPERION NXT RAW,oe:team:6a060bd74c9041bf0aa89adf9d15d12,Unicorns of Love Sexy Edition,oe:player:818cb88630bd9c5388f0a10f7ffbd67,Furkaan,mid,Syndra,oe:player:157108ff2b64591e5703c64dbae3a2e,Yone,mid:Syndra,lineup-3974b92fc2bedc4c,1,1805.00000000,30.08333333,7,3,4,3.66666667,14814.00000000,17090.00000000,269,568.08864266,0.23328766,0.23638602,22,0.73130194,0.40740741,1565.00000000,312.00000000,1.00000000,0,warmup,,,,,
pg-dac604b4877cecd8,LOLTMNT05_86047,2024-10-01T16:48:52,2024-10-01,2024,Unknown,0,14.18,Blue,name-team-fcd6aea04154f147,DKB XPERION NXT RAW,oe:team:6a060bd74c9041bf0aa89adf9d15d12,Unicorns of Love Sexy Edition,oe:player:b8325d5a974eac1dbce808677f1dec4,Don Arts,sup,Alistar,oe:player:973547129a691fb61e886add170ac7a,Rell,sup:Alistar,lineup-3974b92fc2bedc4c,1,1805.00000000,30.08333333,1,3,8,3.00000000,8020.00000000,3910.00000000,21,129.97229917,0.12629722,0.05408247,94,3.12465374,0.33333333,-230.00000000,405.00000000,1.00000000,0,warmup,,,,,
pg-61fd4dd9b7d4fa1f,LOLTMNT05_86047,2024-10-01T16:48:52,2024-10-01,2024,Unknown,0,14.18,Blue,name-team-fcd6aea04154f147,DKB XPERION NXT RAW,oe:team:6a060bd74c9041bf0aa89adf9d15d12,Unicorns of Love Sexy Edition,oe:player:5aa54e3d3da32bc6cc40212b1a512af,R4GN4X,top,Urgot,oe:player:11b40dd5fcd01f1fca9496859ccd862,Gnar,top:Urgot,lineup-3974b92fc2bedc4c,1,1805.00000000,30.08333333,14,2,2,8.00000000,15829.00000000,26380.00000000,234,876.89750693,0.24927167,0.36488374,35,1.16343490,0.59259259,1952.00000000,811.00000000,13.00000000,0,warmup,,,,,
pg-89326f2584e4947e,LOLTMNT05_86047,2024-10-01T16:48:52,2024-10-01,2024,Unknown,0,14.18,Red,oe:team:6a060bd74c9041bf0aa89adf9d15d12,Unicorns of Love Sexy Edition,name-team-fcd6aea04154f147,DKB XPERION NXT RAW,oe:player:3a3cf889f1996110ab52915425d60b5,xMatty,bot,Kai'Sa,oe:player:307bc10d48d7b6d1af5fd1dae30b77e,Miss Fortune,bot:Kai'Sa,lineup-003c4b7dcdab2ee4,0,1805.00000000,30.08333333,2,4,2,1.00000000,11041.00000000,20769.00000000,263,690.38227147,0.21016065,0.35070330,20,0.66481994,0.40000000,810.00000000,1005.00000000,35.00000000,0,warmup,,,,,
pg-9bbb54a1bb2fa7fd,LOLTMNT05_86047,2024-10-01T16:48:52,2024-10-01,2024,Unknown,0,14.18,Red,oe:team:6a060bd74c9041bf0aa89adf9d15d12,Unicorns of Love Sexy Edition,name-team-fcd6aea04154f147,DKB XPERION NXT RAW,oe:player:6fc5fe723eed4ba4c230292be365c66,Lurox,jng,Gwen,oe:player:45cf8adbf60961e7ffec251ac8c90f8,Jarvan IV,jng:Gwen,lineup-003c4b7dcdab2ee4,0,1805.00000000,30.08333333,2,4,3,1.25000000,11123.00000000,8787.00000000,226,292.08864266,0.21172149,0.14837642,41,1.36288089,0.50000000,-170.00000000,931.00000000,32.00000000,0,warmup,,,,,
pg-5eb057a723fa6e32,LOLTMNT05_86047,2024-10-01T16:48:52,2024-10-01,2024,Unknown,0,14.18,Red,oe:team:6a060bd74c9041bf0aa89adf9d15d12,Unicorns of Love Sexy Edition,name-team-fcd6aea04154f147,DKB XPERION NXT RAW,oe:player:157108ff2b64591e5703c64dbae3a2e,TolanD,mid,Yone,oe:player:818cb88630bd9c5388f0a10f7ffbd67,Syndra,mid:Yone,lineup-003c4b7dcdab2ee4,0,1805.00000000,30.08333333,4,5,1,1.00000000,12533.00000000,14945.00000000,295,496.78670360,0.23856023,0.25235980,22,0.73130194,0.50000000,-1565.00000000,-312.00000000,-1.00000000,0,warmup,,,,,
pg-07aef6052dd9cfe5,LOLTMNT05_86047,2024-10-01T16:48:52,2024-10-01,2024,Unknown,0,14.18,Red,oe:team:6a060bd74c9041bf0aa89adf9d15d12,Unicorns of Love Sexy Edition,name-team-fcd6aea04154f147,DKB XPERION NXT RAW,oe:player:973547129a691fb61e886add170ac7a,Piero,sup,Rell,oe:player:b8325d5a974eac1dbce808677f1dec4,Alistar,sup:Rell,lineup-003c4b7dcdab2ee4,0,1805.00000000,30.08333333,0,7,7,1.00000000,7133.00000000,4000.00000000,25,132.96398892,0.13577356,0.06754361,117,3.88919668,0.70000000,230.00000000,-405.00000000,-1.00000000,0,warmup,,,,,
pg-e879a822d040dc94,LOLTMNT05_86047,2024-10-01T16:48:52,2024-10-01,2024,Unknown,0,14.18,Red,oe:team:6a060bd74c9041bf0aa89adf9d15d12,Unicorns of Love Sexy Edition,name-team-fcd6aea04154f147,DKB XPERION NXT RAW,oe:player:11b40dd5fcd01f1fca9496859ccd862,Shelfmade,top,Gnar,oe:player:5aa54e3d3da32bc6cc40212b1a512af,Urgot,top:Gnar,lineup-003c4b7dcdab2ee4,0,1805.00000000,30.08333333,2,7,2,0.57142857,10706.00000000,10720.00000000,217,356.34349030,0.20378407,0.18101687,19,0.63157895,0.40000000,-1952.00000000,-811.00000000,-13.00000000,0,warmup,,,,,
pg-6d5993455c4a229c,LOLTMNT05_87037,2024-10-01T16:57:57,2024-10-01,2024,Unknown,0,14.18,Blue,oe:team:1d0f5e58f39613aff1a3dd4ed85933e,FC Schalke 04 Esports,oe:team:1ed1de7cdce5070e3a31b5db92b6035,eSports Cologne e.V.,oe:player:d12b043b44563dd9443919f8637de22,Peco,bot,Jinx,oe:player:304b48562aae432519195b02fd3a214,Varus,bot:Jinx,lineup-67e3c4b343d8cf0b,1,1522.00000000,25.36666667,10,2,1,5.50000000,12923.00000000,21358.00000000,213,841.97109067,0.24172309,0.29032828,15,0.59132720,0.52380952,845.00000000,-413.00000000,-10.00000000,0,warmup,,,,,
pg-f5052f99c0ef222d,LOLTMNT05_87037,2024-10-01T16:57:57,2024-10-01,2024,Unknown,0,14.18,Blue,oe:team:1d0f5e58f39613aff1a3dd4ed85933e,FC Schalke 04 Esports,oe:team:1ed1de7cdce5070e3a31b5db92b6035,eSports Cologne e.V.,oe:player:702efc23873d774e479682ef680d911,Cboi,jng,Viego,oe:player:771b79f3c7a45f5877016d050f12b81,Sejuani,jng:Viego,lineup-67e3c4b343d8cf0b,1,1522.00000000,25.36666667,4,3,10,4.66666667,10908.00000000,13964.00000000,199,550.48620237,0.20403277,0.18981853,23,0.90670171,0.66666667,502.00000000,1453.00000000,37.00000000,0,warmup,,,,,
pg-d837bd9e3966d50b,LOLTMNT05_87037,2024-10-01T16:57:57,2024-10-01,2024,Unknown,0,14.18,Blue,oe:team:1d0f5e58f39613aff1a3dd4ed85933e,FC Schalke 04 Esports,oe:team:1ed1de7cdce5070e3a31b5db92b6035,eSports Cologne e.V.,oe:player:58d68cedf0a0b1b3d7d9646f5f9e8d3,Simpli,mid,Aurora,oe:player:0a759ccee56f7553c9719e0011244dd,Orianna,mid:Aurora,lineup-67e3c4b343d8cf0b,1,1522.00000000,25.36666667,5,2,8,6.50000000,11453.00000000,22864.00000000,200,901.34034166,0.21422693,0.31079997,27,1.06438896,0.61904762,1549.00000000,1045.00000000,17.00000000,0,warmup,,,,,
pg-1e17ee56d3bbac7c,LOLTMNT05_87037,2024-10-01T16:57:57,2024-10-01,2024,Unknown,0,14.18,Blue,oe:team:1d0f5e58f39613aff1a3dd4ed85933e,FC Schalke 04 Esports,oe:team:1ed1de7cdce5070e3a31b5db92b6035,eSports Cologne e.V.,oe:player:ae20b1872a922cdc5b8707fbe66c4f0,Twiizt,sup,Rakan,oe:player:a7eeda89dab95c659a987fdb3952792,Senna,sup:Rakan,lineup-67e3c4b343d8cf0b,1,1522.00000000,25.36666667,0,0,16,16.00000000,6975.00000000,5836.00000000,32,230.06570302,0.13046650,0.07933120,96,3.78449409,0.76190476,-312.00000000,86.00000000,3.00000000,0,warmup,,,,,
pg-3d04915a6395cf3f,LOLTMNT05_87037,2024-10-01T16:57:57,2024-10-01,2024,Unknown,0,14.18,Blue,oe:team:1d0f5e58f39613aff1a3dd4ed85933e,FC Schalke 04 Esports,oe:team:1ed1de7cdce5070e3a31b5db92b6035,eSports Cologne e.V.,oe:player:1f8b2df4c6ee43a1c1dc29817c0a201,Sacre,top,K'Sante,oe:player:1d5a567298105307cd8fc16c22e1d78,Renekton,top:K'Sante,lineup-67e3c4b343d8cf0b,1,1522.00000000,25.36666667,2,0,11,13.00000000,11203.00000000,9543.00000000,201,376.20236531,0.20955071,0.12972201,15,0.59132720,0.61904762,-410.00000000,199.00000000,-6.00000000,0,warmup,,,,,
pg-7449e79afcde9cb0,LOLTMNT05_87037,2024-10-01T16:57:57,2024-10-01,2024,Unknown,0,14.18,Red,oe:team:1ed1de7cdce5070e3a31b5db92b6035,eSports Cologne e.V.,oe:team:1d0f5e58f39613aff1a3dd4ed85933e,FC Schalke 04 Esports,oe:player:304b48562aae432519195b02fd3a214,Kasi,bot,Varus,oe:player:d12b043b44563dd9443919f8637de22,Jinx,bot:Varus,lineup-d39a29ca7c3b8c5e,0,1522.00000000,25.36666667,1,4,1,0.50000000,8372.00000000,11012.00000000,202,434.11300920,0.21242800,0.21562983,17,0.67017083,0.28571429,-845.00000000,413.00000000,10.00000000,0,warmup,,,,,
pg-26520d478fe46de6,LOLTMNT05_87037,2024-10-01T16:57:57,2024-10-01,2024,Unknown,0,14.18,Red,oe:team:1ed1de7cdce5070e3a31b5db92b6035,eSports Cologne e.V.,oe:team:1d0f5e58f39613aff1a3dd4ed85933e,FC Schalke 04 Esports,oe:player:771b79f3c7a45f5877016d050f12b81,F1VTY,jng,Sejuani,oe:player:702efc23873d774e479682ef680d911,Viego,jng:Sejuani,lineup-d39a29ca7c3b8c5e,0,1522.00000000,25.36666667,1,4,5,1.50000000,7264.00000000,7721.00000000,117,304.37582129,0.18431402,0.15118761,31,1.22207622,0.85714286,-502.00000000,-1453.00000000,-37.00000000,0,warmup,,,,,
pg-dc092c45842ba05b,LOLTMNT05_87037,2024-10-01T16:57:57,2024-10-01,2024,Unknown,0,14.18,Red,oe:team:1ed1de7cdce5070e3a31b5db92b6035,eSports Cologne e.V.,oe:team:1d0f5e58f39613aff1a3dd4ed85933e,FC Schalke 04 Esports,oe:player:0a759ccee56f7553c9719e0011244dd,On3Sh0t,mid,Orianna,oe:player:58d68cedf0a0b1b3d7d9646f5f9e8d3,Aurora,mid:Orianna,lineup-d39a29ca7c3b8c5e,0,1522.00000000,25.36666667,0,5,0,0.00000000,7553.00000000,12193.00000000,181,480.67017083,0.19164700,0.23875541,16,0.63074901,0.00000000,-1549.00000000,-1045.00000000,-17.00000000,0,warmup,,,,,
pg-c858dc3d701ebc6f,LOLTMNT05_87037,2024-10-01T16:57:57,2024-10-01,2024,Unknown,0,14.18,Red,oe:team:1ed1de7cdce5070e3a31b5db92b6035,eSports Cologne e.V.,oe:team:1d0f5e58f39613aff1a3dd4ed85933e,FC Schalke 04 Esports,oe:player:a7eeda89dab95c659a987fdb3952792,Kolios,sup,Senna,oe:player:ae20b1872a922cdc5b8707fbe66c4f0,Rakan,sup:Senna,lineup-d39a29ca7c3b8c5e,0,1522.00000000,25.36666667,0,6,4,0.66666667,5977.00000000,6349.00000000,31,250.28909330,0.15165817,0.12432200,63,2.48357424,0.57142857,312.00000000,-86.00000000,-3.00000000,0,warmup,,,,,
pg-15cdfc9062e52a5b,LOLTMNT05_87037,2024-10-01T16:57:57,2024-10-01,2024,Unknown,0,14.18,Red,oe:team:1ed1de7cdce5070e3a31b5db92b6035,eSports Cologne e.V.,oe:team:1d0f5e58f39613aff1a3dd4ed85933e,FC Schalke 04 Esports,oe:player:1d5a567298105307cd8fc16c22e1d78,Kayleqlated,top,Renekton,oe:player:1f8b2df4c6ee43a1c1dc29817c0a201,K'Sante,top:Renekton,lineup-d39a29ca7c3b8c5e,0,1522.00000000,25.36666667,5,2,2,3.50000000,10245.00000000,13794.00000000,213,543.78449409,0.25995281,0.27010515,19,0.74901445,1.00000000,410.00000000,-199.00000000,6.00000000,0,warmup,,,,,
pg-d547e828332e3abd,LOLTMNT05_87038,2024-10-01T17:01:00,2024-10-01,2024,Unknown,0,14.18,Blue,oe:team:48199c3e87ac9d14cdf50169f8eaabc,Eintracht Frankfurt,oe:team:2ae1a4c6fe17bf70dd4b5520d60f55b,NNO Prime,oe:player:f0523a8a7089a6b90c4c1606ebd9605,DizL,bot,Ezreal,oe:player:90704735ca9fc01f2244f23f6e5d635,Ashe,bot:Ezreal,lineup-9fa2c882d9da2bcd,0,1506.00000000,25.10000000,0,5,6,1.20000000,9543.00000000,14847.00000000,220,591.51394422,0.22064740,0.24367307,13,0.51792829,0.50000000,682.00000000,-46.00000000,10.00000000,0,warmup,,,,,
pg-ee1613b42c2e4e47,LOLTMNT05_87038,2024-10-01T17:01:00,2024-10-01,2024,Unknown,0,14.18,Blue,oe:team:48199c3e87ac9d14cdf50169f8eaabc,Eintracht Frankfurt,oe:team:2ae1a4c6fe17bf70dd4b5520d60f55b,NNO Prime,oe:player:b0a4ae62486ca215c199e72698738b7,Pabu,jng,Wukong,oe:player:e041923a70bcde3b24d608958f8edc8,Viego,jng:Wukong,lineup-9fa2c882d9da2bcd,0,1506.00000000,25.10000000,1,7,8,1.28571429,7775.00000000,8399.00000000,138,334.62151394,0.17976879,0.13784671,31,1.23505976,0.75000000,-1651.00000000,-2343.00000000,-30.00000000,0,warmup,,,,,
pg-1300e523e126f23a,LOLTMNT05_87038,2024-10-01T17:01:00,2024-10-01,2024,Unknown,0,14.18,Blue,oe:team:48199c3e87ac9d14cdf50169f8eaabc,Eintracht Frankfurt,oe:team:2ae1a4c6fe17bf70dd4b5520d60f55b,NNO Prime,oe:player:eb26eb96a04224878fb492a5a8cefa8,ZaZee,mid,Yone,oe:player:e3b8d5a9290fe0c7458dc01db4dc9dc,Orianna,mid:Yone,lineup-9fa2c882d9da2bcd,0,1506.00000000,25.10000000,2,8,5,0.87500000,8498.00000000,9015.00000000,159,359.16334661,0.19648555,0.14795667,17,0.67729084,0.58333333,-1830.00000000,-1611.00000000,-48.00000000,0,warmup,,,,,
pg-c25b5116b4ae3f23,LOLTMNT05_87038,2024-10-01T17:01:00,2024-10-01,2024,Unknown,0,14.18,Blue,oe:team:48199c3e87ac9d14cdf50169f8eaabc,Eintracht Frankfurt,oe:team:2ae1a4c6fe17bf70dd4b5520d60f55b,NNO Prime,oe:player:64ecd619b953ca23acb0546a472c483,Tore,sup,Rakan,oe:player:35650a63e482edbdb82b6950955e052,Poppy,sup:Rakan,lineup-9fa2c882d9da2bcd,0,1506.00000000,25.10000000,1,5,2,0.60000000,5796.00000000,3376.00000000,35,134.50199203,0.13401156,0.05540785,74,2.94820717,0.25000000,-967.00000000,-609.00000000,5.00000000,0,warmup,,,,,
pg-67b98ca505976879,LOLTMNT05_87038,2024-10-01T17:01:00,2024-10-01,2024,Unknown,0,14.18,Blue,oe:team:48199c3e87ac9d14cdf50169f8eaabc,Eintracht Frankfurt,oe:team:2ae1a4c6fe17bf70dd4b5520d60f55b,NNO Prime,oe:player:5be118a1aa52664e1dff15ff96c1e67,Agresivoo,top,Aurora,oe:player:1d17186c66b693755087b8af8d0c611,Camille,top:Aurora,lineup-9fa2c882d9da2bcd,0,1506.00000000,25.10000000,8,4,3,2.75000000,11638.00000000,25293.00000000,194,1007.68924303,0.26908671,0.41511571,21,0.83665339,0.91666667,1641.00000000,1187.00000000,43.00000000,0,warmup,,,,,
pg-b99acd25865278ed,LOLTMNT05_87038,2024-10-01T17:01:00,2024-10-01,2024,Unknown,0,14.18,Red,oe:team:2ae1a4c6fe17bf70dd4b5520d60f55b,NNO Prime,oe:team:48199c3e87ac9d14cdf50169f8eaabc,Eintracht Frankfurt,oe:player:90704735ca9fc01f2244f23f6e5d635,Shiganari,bot,Ashe,oe:player:f0523a8a7089a6b90c4c1606ebd9605,Ezreal,bot:Ashe,lineup-12e790c5321078fe,1,1506.00000000,25.10000000,5,1,10,15.00000000,11709.00000000,12763.00000000,231,508.48605578,0.21009097,0.14876332,32,1.27490040,0.51724138,-682.00000000,46.00000000,-10.00000000,0,warmup,,,,,
pg-5241a5bfb1eff801,LOLTMNT05_87038,2024-10-01T17:01:00,2024-10-01,2024,Unknown,0,14.18,Red,oe:team:2ae1a4c6fe17bf70dd4b5520d60f55b,NNO Prime,oe:team:48199c3e87ac9d14cdf50169f8eaabc,Eintracht Frankfurt,oe:player:e041923a70bcde3b24d608958f8edc8,Shlatan,jng,Viego,oe:player:b0a4ae62486ca215c199e72698738b7,Wukong,jng:Viego,lineup-12e790c5321078fe,1,1506.00000000,25.10000000,7,4,14,5.25000000,12017.00000000,19246.00000000,175,766.77290837,0.21561732,0.22432804,35,1.39442231,0.72413793,1651.00000000,2343.00000000,30.00000000,0,warmup,,,,,
pg-78e101402d65eaa5,LOLTMNT05_87038,2024-10-01T17:01:00,2024-10-01,2024,Unknown,0,14.18,Red,oe:team:2ae1a4c6fe17bf70dd4b5520d60f55b,NNO Prime,oe:team:48199c3e87ac9d14cdf50169f8eaabc,Eintracht Frankfurt,oe:player:e3b8d5a9290fe0c7458dc01db4dc9dc,Serin,mid,Orianna,oe:player:eb26eb96a04224878fb492a5a8cefa8,Yone,mid:Orianna,lineup-12e790c5321078fe,1,1506.00000000,25.10000000,5,2,13,9.00000000,12514.00000000,25492.00000000,209,1015.61752988,0.22453484,0.29713034,24,0.95617530,0.62068966,1830.00000000,1611.00000000,48.00000000,0,warmup,,,,,
pg-9f5d18f3cc4e47dc,LOLTMNT05_87038,2024-10-01T17:01:00,2024-10-01,2024,Unknown,0,14.18,Red,oe:team:2ae1a4c6fe17bf70dd4b5520d60f55b,NNO Prime,oe:team:48199c3e87ac9d14cdf50169f8eaabc,Eintracht Frankfurt,oe:player:35650a63e482edbdb82b6950955e052,Lucky,sup,Poppy,oe:player:64ecd619b953ca23acb0546a472c483,Rakan,sup:Poppy,lineup-12e790c5321078fe,1,1506.00000000,25.10000000,6,3,11,5.66666667,8488.00000000,10056.00000000,28,400.63745020,0.15229756,0.11721099,79,3.14741036,0.58620690,967.00000000,609.00000000,-5.00000000,0,warmup,,,,,
pg-c45bc74b655e454d,LOLTMNT05_87038,2024-10-01T17:01:00,2024-10-01,2024,Unknown,0,14.18,Red,oe:team:2ae1a4c6fe17bf70dd4b5520d60f55b,NNO Prime,oe:team:48199c3e87ac9d14cdf50169f8eaabc,Eintracht Frankfurt,oe:player:1d17186c66b693755087b8af8d0c611,Scarface,top,Camille,oe:player:5be118a1aa52664e1dff15ff96c1e67,Aurora,top:Camille,lineup-12e790c5321078fe,1,1506.00000000,25.10000000,6,2,9,7.50000000,11005.00000000,18237.00000000,151,726.57370518,0.19745931,0.21256731,17,0.67729084,0.51724138,-1641.00000000,-1187.00000000,-43.00000000,0,warmup,,,,,
pg-2e11f3f2ef39f1f2,LOLTMNT02_172989,2024-10-01T17:36:59,2024-10-01,2024,Unknown,0,14.18,Blue,oe:team:423471551f6ba1b127ed1c884aaa67a,regnum4games,oe:team:6aac0384f6e7dccbfa6079a80a7699b,Direct Rising eSports,oe:player:dbcf00ee0e5f12c51952d7689cc1366,Relentless,bot,Lucian,name-player-722f6cc9a6136c89,Jinx,bot:Lucian,lineup-734ad7ade6f5f814,1,1356.00000000,22.60000000,7,1,4,11.00000000,12158.00000000,15450.00000000,227,683.62831858,0.24655756,0.24112368,10,0.44247788,0.47826087,3030.00000000,1109.00000000,51.00000000,0,warmup,,,,,
pg-2b3ad55ea9126005,LOLTMNT02_172989,2024-10-01T17:36:59,2024-10-01,2024,Unknown,0,14.18,Blue,oe:team:423471551f6ba1b127ed1c884aaa67a,regnum4games,oe:team:6aac0384f6e7dccbfa6079a80a7699b,Direct Rising eSports,oe:player:d267ada2593780f4b32830a0d68c378,Fishue,jng,Taliyah,name-player-792f698d9cfc2faa,Sejuani,jng:Taliyah,lineup-734ad7ade6f5f814,1,1356.00000000,22.60000000,4,1,10,14.00000000,10286.00000000,16090.00000000,161,711.94690265,0.20859443,0.25111198,26,1.15044248,0.60869565,1592.00000000,1149.00000000,27.00000000,0,warmup,,,,,
pg-180eda8474d1de1e,LOLTMNT02_172989,2024-10-01T17:36:59,2024-10-01,2024,Unknown,0,14.18,Blue,oe:team:423471551f6ba1b127ed1c884aaa67a,regnum4games,oe:team:6aac0384f6e7dccbfa6079a80a7699b,Direct Rising eSports,oe:player:b6e48b3f25c34b7326992303b80b46a,Jonny227,mid,Sylas,name-player-48fc84c448be31d4,Orianna,mid:Sylas,lineup-734ad7ade6f5f814,1,1356.00000000,22.60000000,7,6,7,2.33333333,9128.00000000,15974.00000000,125,706.81415929,0.18511083,0.24930160,14,0.61946903,0.60869565,602.00000000,483.00000000,14.00000000,0,warmup,,,,,
pg-d57d3f68fb686272,LOLTMNT02_172989,2024-10-01T17:36:59,2024-10-01,2024,Unknown,0,14.18,Blue,oe:team:423471551f6ba1b127ed1c884aaa67a,regnum4games,oe:team:6aac0384f6e7dccbfa6079a80a7699b,Direct Rising eSports,name-player-f3da89fa1470b5c8,A41G Cogabrom,sup,Milio,name-player-18c3a950e3ec09c2,Nautilus,sup:Milio,lineup-734ad7ade6f5f814,1,1356.00000000,22.60000000,0,1,11,11.00000000,7103.00000000,2605.00000000,31,115.26548673,0.14404494,0.04065548,34,1.50442478,0.47826087,710.00000000,1850.00000000,11.00000000,0,warmup,,,,,
pg-61b020713f2def65,LOLTMNT02_172989,2024-10-01T17:36:59,2024-10-01,2024,Unknown,0,14.18,Blue,oe:team:423471551f6ba1b127ed1c884aaa67a,regnum4games,oe:team:6aac0384f6e7dccbfa6079a80a7699b,Direct Rising eSports,oe:player:24bb48091f3f1bb7302ac7f785f9d6d,FengDere,top,Gnar,name-player-42a775ec72a8240c,Gwen,top:Gnar,lineup-734ad7ade6f5f814,1,1356.00000000,22.60000000,5,1,5,10.00000000,10636.00000000,13956.00000000,176,617.52212389,0.21569224,0.21780726,7,0.30973451,0.43478261,2370.00000000,1221.00000000,29.00000000,0,warmup,,,,,
pg-e8ff7716af311356,LOLTMNT02_172989,2024-10-01T17:36:59,2024-10-01,2024,Unknown,0,14.18,Red,oe:team:6aac0384f6e7dccbfa6079a80a7699b,Direct Rising eSports,oe:team:423471551f6ba1b127ed1c884aaa67a,regnum4games,name-player-722f6cc9a6136c89,DR Heat1,bot,Jinx,oe:player:dbcf00ee0e5f12c51952d7689cc1366,Lucian,bot:Jinx,lineup-3ce8613501f9bfd8,0,1356.00000000,22.60000000,1,4,2,0.75000000,6305.00000000,6925.00000000,132,306.41592920,0.18964687,0.16729882,9,0.39823009,0.30000000,-3030.00000000,-1109.00000000,-51.00000000,0,warmup,,,,,
pg-3e3d5026837d2703,LOLTMNT02_172989,2024-10-01T17:36:59,2024-10-01,2024,Unknown,0,14.18,Red,oe:team:6aac0384f6e7dccbfa6079a80a7699b,Direct Rising eSports,oe:team:423471551f6ba1b127ed1c884aaa67a,regnum4games,name-player-792f698d9cfc2faa,DR Stefwhynot,jng,Sejuani,oe:player:d267ada2593780f4b32830a0d68c378,Taliyah,jng:Sejuani,lineup-3ce8613501f9bfd8,0,1356.00000000,22.60000000,0,5,7,1.40000000,6232.00000000,6550.00000000,103,289.82300885,0.18745112,0.15823932,20,0.88495575,0.70000000,-1592.00000000,-1149.00000000,-27.00000000,0,warmup,,,,,
pg-6d6b75d29e5e487f,LOLTMNT02_172989,2024-10-01T17:36:59,2024-10-01,2024,Unknown,0,14.18,Red,oe:team:6aac0384f6e7dccbfa6079a80a7699b,Direct Rising eSports,oe:team:423471551f6ba1b127ed1c884aaa67a,regnum4games,name-player-48fc84c448be31d4,DR WildWolf,mid,Orianna,oe:player:b6e48b3f25c34b7326992303b80b46a,Sylas,mid:Orianna,lineup-3ce8613501f9bfd8,0,1356.00000000,22.60000000,6,4,4,2.50000000,8530.00000000,15151.00000000,133,670.39823009,0.25657222,0.36602807,13,0.57522124,1.00000000,-602.00000000,-483.00000000,-14.00000000,0,warmup,,,,,
pg-0aa37feb8d395e38,LOLTMNT02_172989,2024-10-01T17:36:59,2024-10-01,2024,Unknown,0,14.18,Red,oe:team:6aac0384f6e7dccbfa6079a80a7699b,Direct Rising eSports,oe:team:423471551f6ba1b127ed1c884aaa67a,regnum4games,name-player-18c3a950e3ec09c2,DR Schlaf gut,sup,Nautilus,name-player-f3da89fa1470b5c8,Milio,sup:Nautilus,lineup-3ce8613501f9bfd8,0,1356.00000000,22.60000000,1,5,6,1.40000000,5025.00000000,4779.00000000,20,211.46017699,0.15114600,0.11545430,53,2.34513274,0.70000000,-710.00000000,-1850.00000000,-11.00000000,0,warmup,,,,,
pg-4209461fd8b61b7d,LOLTMNT02_172989,2024-10-01T17:36:59,2024-10-01,2024,Unknown,0,14.18,Red,oe:team:6aac0384f6e7dccbfa6079a80a7699b,Direct Rising eSports,oe:team:423471551f6ba1b127ed1c884aaa67a,regnum4games,name-player-42a775ec72a8240c,DR Gego,top,Gwen,oe:player:24bb48091f3f1bb7302ac7f785f9d6d,Gnar,top:Gwen,lineup-3ce8613501f9bfd8,0,1356.00000000,22.60000000,2,5,0,0.40000000,7154.00000000,7988.00000000,129,353.45132743,0.21518378,0.19297949,10,0.44247788,0.20000000,-2370.00000000,-1221.00000000,-29.00000000,0,warmup,,,,,
pg-231316b8f7712992,LOLTMNT05_87044,2024-10-01T17:47:41,2024-10-01,2024,Unknown,0,14.18,Blue,name-team-a8a1420921688a1b,Frontier x Veni,oe:team:cc901dfa35cb4e6d7c5684d57361771,EPIC-DUDES,oe:player:1af2bedc4f0d54942edcce745cb3344,Henry Snow,bot,Ashe,oe:player:d721fbb8eedd948e422f3710f72a3a6,Ezreal,bot:Ashe,lineup-e3da1e54a7ea4697,1,1419.00000000,23.65000000,1,2,7,4.00000000,8782.00000000,6240.00000000,176,263.84778013,0.17181875,0.09507847,15,0.63424947,0.33333333,-1211.00000000,-1109.00000000,-39.00000000,0,warmup,,,,,
pg-59d848b1e13c49ec,LOLTMNT05_87044,2024-10-01T17:47:41,2024-10-01,2024,Unknown,0,14.18,Blue,name-team-a8a1420921688a1b,Frontier x Veni,oe:team:cc901dfa35cb4e6d7c5684d57361771,EPIC-DUDES,oe:player:077c8e531f00e3df16e2318b49f5f39,Spy,jng,Bel'Veth,oe:player:9c44293e765f6adb67f24410977ef10,Wukong,jng:Bel'Veth,lineup-e3da1e54a7ea4697,1,1419.00000000,23.65000000,12,2,9,10.50000000,13434.00000000,17218.00000000,196,728.03382664,0.26283456,0.26234954,29,1.22621564,0.87500000,2612.00000000,3020.00000000,43.00000000,0,warmup,,,,,
pg-45e8a0b1bd4d4317,LOLTMNT05_87044,2024-10-01T17:47:41,2024-10-01,2024,Unknown,0,14.18,Blue,name-team-a8a1420921688a1b,Frontier x Veni,oe:team:cc901dfa35cb4e6d7c5684d57361771,EPIC-DUDES,oe:player:8bcb106e4ab51f90f4143c16f170c42,Poro,mid,Orianna,oe:player:b3930e087fe235378c3be105e7f5972,Akali,mid:Orianna,lineup-e3da1e54a7ea4697,1,1419.00000000,23.65000000,3,4,10,3.25000000,8435.00000000,13066.00000000,173,552.47357294,0.16502974,0.19908578,19,0.80338266,0.54166667,-1474.00000000,-1071.00000000,-22.00000000,0,warmup,,,,,
pg-d0a5d43eae36244c,LOLTMNT05_87044,2024-10-01T17:47:41,2024-10-01,2024,Unknown,0,14.18,Blue,name-team-a8a1420921688a1b,Frontier x Veni,oe:team:cc901dfa35cb4e6d7c5684d57361771,EPIC-DUDES,name-player-6a98173ab96a7321,FXV ichdeutsch,sup,Rell,oe:player:fdb2a693a5b128e3d3eed88c2bb7df6,Leona,sup:Rell,lineup-e3da1e54a7ea4697,1,1419.00000000,23.65000000,2,2,14,8.00000000,6847.00000000,3388.00000000,25,143.25581395,0.13396071,0.05162273,53,2.24101480,0.66666667,-151.00000000,420.00000000,-3.00000000,0,warmup,,,,,
pg-87a280693f7c5876,LOLTMNT05_87044,2024-10-01T17:47:41,2024-10-01,2024,Unknown,0,14.18,Blue,name-team-a8a1420921688a1b,Frontier x Veni,oe:team:cc901dfa35cb4e6d7c5684d57361771,EPIC-DUDES,name-player-7d0ca39eae2973c0,FXV Jordaen,top,Renekton,oe:player:5c7b52c9f2f0ebfdd2128ceb0171c54,Malphite,top:Renekton,lineup-e3da1e54a7ea4697,1,1419.00000000,23.65000000,6,0,14,20.00000000,13614.00000000,25718.00000000,202,1087.44186047,0.26635624,0.39186348,19,0.80338266,0.83333333,4481.00000000,1898.00000000,26.00000000,0,warmup,,,,,
pg-93af754fa7a293b0,LOLTMNT05_87044,2024-10-01T17:47:41,2024-10-01,2024,Unknown,0,14.18,Red,oe:team:cc901dfa35cb4e6d7c5684d57361771,EPIC-DUDES,name-team-a8a1420921688a1b,Frontier x Veni,oe:player:d721fbb8eedd948e422f3710f72a3a6,Mind,bot,Ezreal,oe:player:1af2bedc4f0d54942edcce745cb3344,Ashe,bot:Ezreal,lineup-d973ad6455e08f78,0,1419.00000000,23.65000000,2,3,0,0.66666667,9117.00000000,10897.00000000,232,460.76109937,0.23921599,0.23519382,23,0.97251586,0.20000000,1211.00000000,1109.00000000,39.00000000,0,warmup,,,,,
pg-f38cd5bff22aacb3,LOLTMNT05_87044,2024-10-01T17:47:41,2024-10-01,2024,Unknown,0,14.18,Red,oe:team:cc901dfa35cb4e6d7c5684d57361771,EPIC-DUDES,name-team-a8a1420921688a1b,Frontier x Veni,oe:player:9c44293e765f6adb67f24410977ef10,Nasut,jng,Wukong,oe:player:077c8e531f00e3df16e2318b49f5f39,Bel'Veth,jng:Wukong,lineup-d973ad6455e08f78,0,1419.00000000,23.65000000,3,7,4,1.00000000,7323.00000000,10049.00000000,114,424.90486258,0.19214421,0.21689113,23,0.97251586,0.70000000,-2612.00000000,-3020.00000000,-43.00000000,0,warmup,,,,,
pg-04dbb5120696e296,LOLTMNT05_87044,2024-10-01T17:47:41,2024-10-01,2024,Unknown,0,14.18,Red,oe:team:cc901dfa35cb4e6d7c5684d57361771,EPIC-DUDES,name-team-a8a1420921688a1b,Frontier x Veni,oe:player:b3930e087fe235378c3be105e7f5972,Ivok,mid,Akali,oe:player:8bcb106e4ab51f90f4143c16f170c42,Orianna,mid:Akali,lineup-d973ad6455e08f78,0,1419.00000000,23.65000000,2,4,3,1.25000000,8975.00000000,10947.00000000,197,462.87526427,0.23549013,0.23627299,9,0.38054968,0.50000000,1474.00000000,1071.00000000,22.00000000,0,warmup,,,,,
pg-54ee7057ff18bccf,LOLTMNT05_87044,2024-10-01T17:47:41,2024-10-01,2024,Unknown,0,14.18,Red,oe:team:cc901dfa35cb4e6d7c5684d57361771,EPIC-DUDES,name-team-a8a1420921688a1b,Frontier x Veni,oe:player:fdb2a693a5b128e3d3eed88c2bb7df6,Lxf7Tocke,sup,Leona,name-player-6a98173ab96a7321,Rell,sup:Leona,lineup-d973ad6455e08f78,0,1419.00000000,23.65000000,2,3,4,2.00000000,5752.00000000,4969.00000000,27,210.10570825,0.15092359,0.10724769,64,2.70613108,0.60000000,151.00000000,-420.00000000,3.00000000,0,warmup,,,,,
pg-bbb8c8039029fa76,LOLTMNT05_87044,2024-10-01T17:47:41,2024-10-01,2024,Unknown,0,14.18,Red,oe:team:cc901dfa35cb4e6d7c5684d57361771,EPIC-DUDES,name-team-a8a1420921688a1b,Frontier x Veni,oe:player:5c7b52c9f2f0ebfdd2128ceb0171c54,Kirito,top,Malphite,name-player-7d0ca39eae2973c0,Renekton,top:Malphite,lineup-d973ad6455e08f78,0,1419.00000000,23.65000000,1,7,3,0.57142857,6945.00000000,9470.00000000,150,400.42283298,0.18222607,0.20439437,14,0.59196617,0.40000000,-4481.00000000,-1898.00000000,-26.00000000,0,warmup,,,,,
pg-4a4147f7ffbe698e,LOLTMNT05_86054,2024-10-01T17:49:29,2024-10-01,2024,Unknown,0,14.18,Blue,oe:team:7c4854374e4daa6b00206eb922359a9,MOUZ NXT,name-team-b5899d7af81d1ef7,AceGaming Spades,oe:player:6e23b629fe2fc16824ea86bf61cbc4c,Dreilix,bot,Kai'Sa,oe:player:65314e903461a614229ea5a2099d758,Ezreal,bot:Kai'Sa,lineup-94d5b2805c8c75ce,1,1464.00000000,24.40000000,14,3,6,6.66666667,13304.00000000,26491.00000000,179,1085.69672131,0.23689881,0.29833551,21,0.86065574,0.64516129,-224.00000000,-219.00000000,-4.00000000,0,warmup,,,,,
pg-e26e5cd02c26e690,LOLTMNT05_86054,2024-10-01T17:49:29,2024-10-01,2024,Unknown,0,14.18,Blue,oe:team:7c4854374e4daa6b00206eb922359a9,MOUZ NXT,name-team-b5899d7af81d1ef7,AceGaming Spades,oe:player:a04f4a8e24d54ff98fc27a5aa5a0c3c,Afroboi,jng,Jarvan IV,oe:player:482b141d4b188343467b04cabf7cdbb,Gragas,jng:Jarvan IV,lineup-94d5b2805c8c75ce,1,1464.00000000,24.40000000,1,2,25,13.00000000,10759.00000000,15481.00000000,123,634.46721311,0.19158105,0.17434344,17,0.69672131,0.83870968,1312.00000000,343.00000000,7.00000000,0,warmup,,,,,
pg-e13a810a84bf8f57,LOLTMNT05_86054,2024-10-01T17:49:29,2024-10-01,2024,Unknown,0,14.18,Blue,oe:team:7c4854374e4daa6b00206eb922359a9,MOUZ NXT,name-team-b5899d7af81d1ef7,AceGaming Spades,oe:player:4817eee6e21d12824c37bfbdaf2c325,Kaymin,mid,Renekton,name-player-c04a78abca42b030,Yone,mid:Renekton,lineup-94d5b2805c8c75ce,1,1464.00000000,24.40000000,13,2,8,10.50000000,13407.00000000,21406.00000000,172,877.29508197,0.23873288,0.24106942,27,1.10655738,0.67741935,1404.00000000,-315.00000000,-8.00000000,0,warmup,,,,,
pg-e277eea831566729,LOLTMNT05_86054,2024-10-01T17:49:29,2024-10-01,2024,Unknown,0,14.18,Blue,oe:team:7c4854374e4daa6b00206eb922359a9,MOUZ NXT,name-team-b5899d7af81d1ef7,AceGaming Spades,oe:player:c740f85027b40c5b52e03b0233888f2,Nio,sup,Leona,oe:player:a5f90f452a0b89150a5694cb324b94d,Alistar,sup:Leona,lineup-94d5b2805c8c75ce,1,1464.00000000,24.40000000,1,7,18,2.71428571,7161.00000000,10249.00000000,21,420.04098361,0.12751295,0.11542187,62,2.54098361,0.61290323,-370.00000000,111.00000000,0.00000000,0,warmup,,,,,
pg-2edd9c456e4a6cbc,LOLTMNT05_86054,2024-10-01T17:49:29,2024-10-01,2024,Unknown,0,14.18,Blue,oe:team:7c4854374e4daa6b00206eb922359a9,MOUZ NXT,name-team-b5899d7af81d1ef7,AceGaming Spades,oe:player:51777d50bf7bf71ff70b8a32726e40c,Fornoreason,top,Aatrox,oe:player:0be44816ee64861caafa28454f596a1,Camille,top:Aatrox,lineup-94d5b2805c8c75ce,1,1464.00000000,24.40000000,2,2,6,4.00000000,11528.00000000,15169.00000000,255,621.68032787,0.20527431,0.17082977,11,0.45081967,0.25806452,-1270.00000000,1485.00000000,52.00000000,0,warmup,,,,,
pg-0ec2e82d7c7aa22a,LOLTMNT05_86054,2024-10-01T17:49:29,2024-10-01,2024,Unknown,0,14.18,Red,name-team-b5899d7af81d1ef7,AceGaming Spades,oe:team:7c4854374e4daa6b00206eb922359a9,MOUZ NXT,oe:player:65314e903461a614229ea5a2099d758,Manuel,bot,Ezreal,oe:player:6e23b629fe2fc16824ea86bf61cbc4c,Kai'Sa,bot:Ezreal,lineup-12a188b02c1bc442,0,1464.00000000,24.40000000,3,6,1,0.66666667,8914.00000000,20861.00000000,174,854.95901639,0.21901182,0.26708576,7,0.28688525,0.28571429,224.00000000,219.00000000,4.00000000,0,warmup,,,,,
pg-be4251c0ab0d839b,LOLTMNT05_86054,2024-10-01T17:49:29,2024-10-01,2024,Unknown,0,14.18,Red,name-team-b5899d7af81d1ef7,AceGaming Spades,oe:team:7c4854374e4daa6b00206eb922359a9,MOUZ NXT,oe:player:482b141d4b188343467b04cabf7cdbb,Faded,jng,Gragas,oe:player:a04f4a8e24d54ff98fc27a5aa5a0c3c,Jarvan IV,jng:Gragas,lineup-12a188b02c1bc442,0,1464.00000000,24.40000000,2,7,5,1.00000000,6791.00000000,16509.00000000,104,676.59836066,0.16685094,0.21136660,19,0.77868852,0.50000000,-1312.00000000,-343.00000000,-7.00000000,0,warmup,,,,,
pg-988a7a0e22ab7308,LOLTMNT05_86054,2024-10-01T17:49:29,2024-10-01,2024,Unknown,0,14.18,Red,name-team-b5899d7af81d1ef7,AceGaming Spades,oe:team:7c4854374e4daa6b00206eb922359a9,MOUZ NXT,name-player-c04a78abca42b030,ACE Hadonski,mid,Yone,oe:player:4817eee6e21d12824c37bfbdaf2c325,Renekton,mid:Yone,lineup-12a188b02c1bc442,0,1464.00000000,24.40000000,1,6,8,1.50000000,9018.00000000,13711.00000000,213,561.92622951,0.22156704,0.17554349,15,0.61475410,0.64285714,-1404.00000000,315.00000000,8.00000000,0,warmup,,,,,
pg-ffdd22aa1e89cc2c,LOLTMNT05_86054,2024-10-01T17:49:29,2024-10-01,2024,Unknown,0,14.18,Red,name-team-b5899d7af81d1ef7,AceGaming Spades,oe:team:7c4854374e4daa6b00206eb922359a9,MOUZ NXT,oe:player:a5f90f452a0b89150a5694cb324b94d,Tommygun,sup,Alistar,oe:player:c740f85027b40c5b52e03b0233888f2,Leona,sup:Alistar,lineup-12a188b02c1bc442,0,1464.00000000,24.40000000,0,6,11,1.83333333,5819.00000000,7203.00000000,19,295.20491803,0.14296946,0.09222083,59,2.41803279,0.78571429,370.00000000,-111.00000000,0.00000000,0,warmup,,,,,
pg-5c292dc6ac572601,LOLTMNT05_86054,2024-10-01T17:49:29,2024-10-01,2024,Unknown,0,14.18,Red,name-team-b5899d7af81d1ef7,AceGaming Spades,oe:team:7c4854374e4daa6b00206eb922359a9,MOUZ NXT,oe:player:0be44816ee64861caafa28454f596a1,Rain,top,Camille,oe:player:51777d50bf7bf71ff70b8a32726e40c,Aatrox,top:Camille,lineup-12a188b02c1bc442,0,1464.00000000,24.40000000,8,6,1,1.50000000,10159.00000000,19822.00000000,163,812.37704918,0.24960075,0.25378332,17,0.69672131,0.64285714,1270.00000000,-1485.00000000,-52.00000000,0,warmup,,,,,
pg-837dc6b284200c07,LOLTMNT05_86056,2024-10-01T17:52:30,2024-10-01,2024,Unknown,0,14.18,Blue,name-team-008bbba56a19edbc,Bootz Gaming,oe:team:b23a51e14c53108a0de36eb92df2c5a,VfB eSports,name-player-b905b46b46d7de26,BTZ Baki,bot,Ashe,oe:player:b20e9714c68983eeabfe65ac88fa7ea,Varus,bot:Ashe,lineup-d40b0fe13eaa1118,1,1821.00000000,30.35000000,9,2,15,12.00000000,14426.00000000,29236.00000000,206,963.29489292,0.23491671,0.28917617,39,1.28500824,0.77419355,-2425.00000000,-634.00000000,-30.00000000,0,warmup,,,,,
pg-5e6d73004d31d7e2,LOLTMNT05_86056,2024-10-01T17:52:30,2024-10-01,2024,Unknown,0,14.18,Blue,name-team-008bbba56a19edbc,Bootz Gaming,oe:team:b23a51e14c53108a0de36eb92df2c5a,VfB eSports,name-player-9e0eb499ee4efc3f,BTZ KillaKanikl,jng,Vi,oe:player:27a9c63188ab92f603ab1fd42cb889a,Volibear,jng:Vi,lineup-d40b0fe13eaa1118,1,1821.00000000,30.35000000,7,5,15,4.40000000,12461.00000000,20006.00000000,180,659.17627677,0.20291814,0.19788133,45,1.48270181,0.70967742,-78.00000000,-805.00000000,-19.00000000,0,warmup,,,,,
pg-0d7894c7a64dc409,LOLTMNT05_86056,2024-10-01T17:52:30,2024-10-01,2024,Unknown,0,14.18,Blue,name-team-008bbba56a19edbc,Bootz Gaming,oe:team:b23a51e14c53108a0de36eb92df2c5a,VfB eSports,oe:player:d2b7b23dfedaadfe856dbc241a2ca26,Jakoo,mid,Orianna,oe:player:e0e640fe2ff7ea695737bd648263858,Syndra,mid:Orianna,lineup-d40b0fe13eaa1118,1,1821.00000000,30.35000000,7,3,8,5.00000000,13267.00000000,28884.00000000,227,951.69686985,0.21604325,0.28569450,25,0.82372323,0.48387097,1161.00000000,785.00000000,40.00000000,0,warmup,,,,,
pg-cca20da0df69c06a,LOLTMNT05_86056,2024-10-01T17:52:30,2024-10-01,2024,Unknown,0,14.18,Blue,name-team-008bbba56a19edbc,Bootz Gaming,oe:team:b23a51e14c53108a0de36eb92df2c5a,VfB eSports,oe:player:e0ce529d9b78743caacc7e9730f8b1a,Tiger1,sup,Rell,oe:player:77578ad4690f7b33c88d56e59be2ba1,Poppy,sup:Rell,lineup-d40b0fe13eaa1118,1,1821.00000000,30.35000000,1,6,24,4.16666667,8689.00000000,7103.00000000,27,234.03624382,0.14149392,0.07025648,95,3.13014827,0.80645161,-328.00000000,-532.00000000,-5.00000000,0,warmup,,,,,
pg-b5c981ef1d159bfe,LOLTMNT05_86056,2024-10-01T17:52:30,2024-10-01,2024,Unknown,0,14.18,Blue,name-team-008bbba56a19edbc,Bootz Gaming,oe:team:b23a51e14c53108a0de36eb92df2c5a,VfB eSports,name-player-002e1615b5b237af,BTZ Darky,top,K'Sante,oe:player:422d7cc4063f8801a9427860bfd855b,Renekton,top:K'Sante,lineup-d40b0fe13eaa1118,1,1821.00000000,30.35000000,7,1,7,14.00000000,12566.00000000,15872.00000000,217,522.96540362,0.20462799,0.15699152,32,1.05436573,0.45161290,857.00000000,690.00000000,3.00000000,0,warmup,,,,,
pg-d3ddda6f7344c760,LOLTMNT05_86056,2024-10-01T17:52:30,2024-10-01,2024,Unknown,0,14.18,Red,oe:team:b23a51e14c53108a0de36eb92df2c5a,VfB eSports,name-team-008bbba56a19edbc,Bootz Gaming,oe:player:b20e9714c68983eeabfe65ac88fa7ea,Riku,bot,Varus,name-player-b905b46b46d7de26,Ashe,bot:Varus,lineup-2df755ed9a8c5eca,0,1821.00000000,30.35000000,6,5,9,3.00000000,12826.00000000,38720.00000000,232,1275.78253707,0.25045889,0.43462156,21,0.69192751,0.88235294,2425.00000000,634.00000000,30.00000000,0,warmup,,,,,
pg-f061096490d44538,LOLTMNT05_86056,2024-10-01T17:52:30,2024-10-01,2024,Unknown,0,14.18,Red,oe:team:b23a51e14c53108a0de36eb92df2c5a,VfB eSports,name-team-008bbba56a19edbc,Bootz Gaming,oe:player:27a9c63188ab92f603ab1fd42cb889a,Obsess,jng,Volibear,name-player-9e0eb499ee4efc3f,Vi,jng:Volibear,lineup-2df755ed9a8c5eca,0,1821.00000000,30.35000000,7,6,3,1.66666667,12031.00000000,14563.00000000,196,479.83525535,0.23493458,0.16346575,31,1.02141680,0.58823529,78.00000000,805.00000000,19.00000000,0,warmup,,,,,
pg-17c97c401b4fe0bb,LOLTMNT05_86056,2024-10-01T17:52:30,2024-10-01,2024,Unknown,0,14.18,Red,oe:team:b23a51e14c53108a0de36eb92df2c5a,VfB eSports,name-team-008bbba56a19edbc,Bootz Gaming,oe:player:e0e640fe2ff7ea695737bd648263858,Baumi,mid,Syndra,oe:player:d2b7b23dfedaadfe856dbc241a2ca26,Orianna,mid:Syndra,lineup-2df755ed9a8c5eca,0,1821.00000000,30.35000000,2,7,6,1.14285714,9031.00000000,15881.00000000,155,523.26194399,0.17635227,0.17825994,19,0.62602965,0.47058824,-1161.00000000,-785.00000000,-40.00000000,0,warmup,,,,,
pg-60753f0e49ec7ea8,LOLTMNT05_86056,2024-10-01T17:52:30,2024-10-01,2024,Unknown,0,14.18,Red,oe:team:b23a51e14c53108a0de36eb92df2c5a,VfB eSports,name-team-008bbba56a19edbc,Bootz Gaming,oe:player:77578ad4690f7b33c88d56e59be2ba1,MaxSchallah,sup,Poppy,oe:player:e0ce529d9b78743caacc7e9730f8b1a,Rell,sup:Poppy,lineup-2df755ed9a8c5eca,0,1821.00000000,30.35000000,1,10,9,1.00000000,7463.00000000,10081.00000000,37,332.15815486,0.14573326,0.11315651,99,3.26194399,0.58823529,328.00000000,532.00000000,5.00000000,0,warmup,,,,,
pg-2a3f3575c7da60e9,LOLTMNT05_86056,2024-10-01T17:52:30,2024-10-01,2024,Unknown,0,14.18,Red,oe:team:b23a51e14c53108a0de36eb92df2c5a,VfB eSports,name-team-008bbba56a19edbc,Bootz Gaming,oe:player:422d7cc4063f8801a9427860bfd855b,Satorius,top,Renekton,name-player-002e1615b5b237af,K'Sante,top:Renekton,lineup-2df755ed9a8c5eca,0,1821.00000000,30.35000000,1,3,5,2.00000000,9859.00000000,9844.00000000,217,324.34925865,0.19252099,0.11049625,42,1.38385502,0.35294118,-857.00000000,-690.00000000,-3.00000000,0,warmup,,,,,
pg-bc0995de2ad1e6b3,LOLTMNT02_175016,2024-10-01T18:24:25,2024-10-01,2024,Unknown,0,14.18,Blue,oe:team:7ce620feffbc833577b805ce32faa31,WeSports,oe:team:aa8c3b781d96ddb7a24ab3240918988,SK Gaming Prime,oe:player:99fa5f1f22f7de8c29316bb51ea23e0,Limitless,bot,Kalista,oe:player:ba3d4084a218c919db12a8776d46ed8,Ashe,bot:Kalista,lineup-fc8ab18485a7d8f9,0,1820.00000000,30.33333333,3,3,3,2.00000000,13225.00000000,13781.00000000,259,454.31868132,0.25343017,0.21634563,19,0.62637363,0.75000000,396.00000000,492.00000000,6.00000000,0,warmup,,,,,
pg-10025a6e0676b2ca,LOLTMNT02_175016,2024-10-01T18:24:25,2024-10-01,2024,Unknown,0,14.18,Blue,oe:team:7ce620feffbc833577b805ce32faa31,WeSports,oe:team:aa8c3b781d96ddb7a24ab3240918988,SK Gaming Prime,name-player-2d85bbcef17b886f,WES Sunam,jng,Udyr,oe:player:a3659e9d07c9807e77df85548df86fb,Poppy,jng:Udyr,lineup-fc8ab18485a7d8f9,0,1820.00000000,30.33333333,1,7,4,0.71428571,9641.00000000,8155.00000000,177,268.84615385,0.18475011,0.12802399,30,0.98901099,0.62500000,-351.00000000,392.00000000,-1.00000000,0,warmup,,,,,
pg-a20b7f1d77f1a75a,LOLTMNT02_175016,2024-10-01T18:24:25,2024-10-01,2024,Unknown,0,14.18,Blue,oe:team:7ce620feffbc833577b805ce32faa31,WeSports,oe:team:aa8c3b781d96ddb7a24ab3240918988,SK Gaming Prime,oe:player:6cb01b90479b4f67db603e6f9591124,Lychee,mid,Syndra,oe:player:758a9b0b73aeb3ed8f73f01edbd61c3,Hwei,mid:Syndra,lineup-fc8ab18485a7d8f9,0,1820.00000000,30.33333333,0,6,3,0.50000000,10310.00000000,18334.00000000,218,604.41758242,0.19757014,0.28782241,30,0.98901099,0.37500000,-53.00000000,142.00000000,17.00000000,0,warmup,,,,,
pg-db66aa7b1d1e09d2,LOLTMNT02_175016,2024-10-01T18:24:25,2024-10-01,2024,Unknown,0,14.18,Blue,oe:team:7ce620feffbc833577b805ce32faa31,WeSports,oe:team:aa8c3b781d96ddb7a24ab3240918988,SK Gaming Prime,oe:player:22a7c67bd0f00882e2a6217d6d72a25,Matinger,sup,Zac,oe:player:010d6a16efd32515e12371cf630f30e,Rell,sup:Zac,lineup-fc8ab18485a7d8f9,0,1820.00000000,30.33333333,2,4,5,1.75000000,7570.00000000,7667.00000000,29,252.75824176,0.14506362,0.12036296,99,3.26373626,0.87500000,-234.00000000,-564.00000000,-12.00000000,0,warmup,,,,,
pg-5ed87dc2ed636d8f,LOLTMNT02_175016,2024-10-01T18:24:25,2024-10-01,2024,Unknown,0,14.18,Blue,oe:team:7ce620feffbc833577b805ce32faa31,WeSports,oe:team:aa8c3b781d96ddb7a24ab3240918988,SK Gaming Prime,name-player-a624051aef0cec36,WES Psychosis,top,Zeri,oe:player:59cbe5a825cd647e4dfc16acfdc6723,Darius,top:Zeri,lineup-fc8ab18485a7d8f9,0,1820.00000000,30.33333333,2,3,2,1.33333333,11438.00000000,15762.00000000,261,519.62637363,0.21918596,0.24744501,44,1.45054945,0.50000000,787.00000000,120.00000000,20.00000000,0,warmup,,,,,
pg-d408caf0bb92e16a,LOLTMNT02_175016,2024-10-01T18:24:25,2024-10-01,2024,Unknown,0,14.18,Red,oe:team:aa8c3b781d96ddb7a24ab3240918988,SK Gaming Prime,oe:team:7ce620feffbc833577b805ce32faa31,WeSports,oe:player:ba3d4084a218c919db12a8776d46ed8,Zavee,bot,Ashe,oe:player:99fa5f1f22f7de8c29316bb51ea23e0,Kalista,bot:Ashe,lineup-f58305abcb1d4720,1,1820.00000000,30.33333333,5,1,12,17.00000000,13968.00000000,16350.00000000,268,539.01098901,0.23794760,0.23238296,41,1.35164835,0.73913043,-396.00000000,-492.00000000,-6.00000000,0,warmup,,,,,
pg-0438d20c08849d3a,LOLTMNT02_175016,2024-10-01T18:24:25,2024-10-01,2024,Unknown,0,14.18,Red,oe:team:aa8c3b781d96ddb7a24ab3240918988,SK Gaming Prime,oe:team:7ce620feffbc833577b805ce32faa31,WeSports,oe:player:a3659e9d07c9807e77df85548df86fb,Emprez,jng,Poppy,name-player-2d85bbcef17b886f,Udyr,jng:Poppy,lineup-f58305abcb1d4720,1,1820.00000000,30.33333333,7,0,9,16.00000000,12263.00000000,9004.00000000,186,296.83516484,0.20890259,0.12797408,35,1.15384615,0.69565217,351.00000000,-392.00000000,1.00000000,0,warmup,,,,,
pg-3429bf3d5ea342c2,LOLTMNT02_175016,2024-10-01T18:24:25,2024-10-01,2024,Unknown,0,14.18,Red,oe:team:aa8c3b781d96ddb7a24ab3240918988,SK Gaming Prime,oe:team:7ce620feffbc833577b805ce32faa31,WeSports,oe:player:758a9b0b73aeb3ed8f73f01edbd61c3,Apollonia,mid,Hwei,oe:player:6cb01b90479b4f67db603e6f9591124,Syndra,mid:Hwei,lineup-f58305abcb1d4720,1,1820.00000000,30.33333333,3,2,13,8.00000000,11056.00000000,22638.00000000,212,746.30769231,0.18834111,0.32175446,36,1.18681319,0.69565217,53.00000000,-142.00000000,-17.00000000,0,warmup,,,,,
pg-1be855a8d3c3b27b,LOLTMNT02_175016,2024-10-01T18:24:25,2024-10-01,2024,Unknown,0,14.18,Red,oe:team:aa8c3b781d96ddb7a24ab3240918988,SK Gaming Prime,oe:team:7ce620feffbc833577b805ce32faa31,WeSports,oe:player:010d6a16efd32515e12371cf630f30e,Lumi,sup,Rell,oe:player:22a7c67bd0f00882e2a6217d6d72a25,Zac,sup:Rell,lineup-f58305abcb1d4720,1,1820.00000000,30.33333333,1,2,19,10.00000000,7968.00000000,6970.00000000,26,229.78021978,0.13573643,0.09906478,80,2.63736264,0.86956522,234.00000000,564.00000000,12.00000000,0,warmup,,,,,
pg-d0031b5b86d0164f,LOLTMNT02_175016,2024-10-01T18:24:25,2024-10-01,2024,Unknown,0,14.18,Red,oe:team:aa8c3b781d96ddb7a24ab3240918988,SK Gaming Prime,oe:team:7ce620feffbc833577b805ce32faa31,WeSports,oe:player:59cbe5a825cd647e4dfc16acfdc6723,Sanah,top,Darius,name-player-a624051aef0cec36,Zeri,top:Darius,lineup-f58305abcb1d4720,1,1820.00000000,30.33333333,7,4,5,3.00000000,13447.00000000,15396.00000000,239,507.56043956,0.22907226,0.21882373,23,0.75824176,0.52173913,-787.00000000,-120.00000000,-20.00000000,0,warmup,,,,,
pg-83dcc5c57ac6fcfb,LOLTMNT05_86061,2024-10-01T18:37:37,2024-10-01,2024,Unknown,0,14.18,Blue,name-team-fcd6aea04154f147,DKB XPERION NXT RAW,name-team-a8a1420921688a1b,Frontier x Veni,oe:player:307bc10d48d7b6d1af5fd1dae30b77e,Miella,bot,Kai'Sa,oe:player:1af2bedc4f0d54942edcce745cb3344,Ezreal,bot:Kai'Sa,lineup-3974b92fc2bedc4c,0,1666.00000000,27.76666667,9,6,2,1.83333333,14153.00000000,26873.00000000,285,967.81512605,0.28411121,0.34906347,23,0.82833133,0.61111111,1962.00000000,770.00000000,18.00000000,0,warmup,,,,,
pg-ed7db6049505559e,LOLTMNT05_86061,2024-10-01T18:37:37,2024-10-01,2024,Unknown,0,14.18,Blue,name-team-fcd6aea04154f147,DKB XPERION NXT RAW,name-team-a8a1420921688a1b,Frontier x Veni,oe:player:45cf8adbf60961e7ffec251ac8c90f8,Hummelu,jng,Jarvan IV,oe:player:077c8e531f00e3df16e2318b49f5f39,Viego,jng:Jarvan IV,lineup-3974b92fc2bedc4c,0,1666.00000000,27.76666667,3,7,8,1.57142857,9109.00000000,10526.00000000,121,379.08763505,0.18285657,0.13672616,31,1.11644658,0.61111111,1288.00000000,-334.00000000,-23.00000000,0,warmup,,,,,
pg-20ac4098fa3fed34,LOLTMNT05_86061,2024-10-01T18:37:37,2024-10-01,2024,Unknown,0,14.18,Blue,name-team-fcd6aea04154f147,DKB XPERION NXT RAW,name-team-a8a1420921688a1b,Frontier x Veni,oe:player:818cb88630bd9c5388f0a10f7ffbd67,Furkaan,mid,LeBlanc,oe:player:8bcb106e4ab51f90f4143c16f170c42,Lissandra,mid:LeBlanc,lineup-3974b92fc2bedc4c,0,1666.00000000,27.76666667,3,3,4,2.33333333,11754.00000000,20942.00000000,183,754.21368547,0.23595303,0.27202348,21,0.75630252,0.38888889,877.00000000,1551.00000000,17.00000000,0,warmup,,,,,
pg-baa177bef3681850,LOLTMNT05_86061,2024-10-01T18:37:37,2024-10-01,2024,Unknown,0,14.18,Blue,name-team-fcd6aea04154f147,DKB XPERION NXT RAW,name-team-a8a1420921688a1b,Frontier x Veni,oe:player:b8325d5a974eac1dbce808677f1dec4,Don Arts,sup,Alistar,name-player-6a98173ab96a7321,Leona,sup:Alistar,lineup-3974b92fc2bedc4c,0,1666.00000000,27.76666667,0,6,8,1.33333333,6235.00000000,4540.00000000,14,163.50540216,0.12516310,0.05897176,64,2.30492197,0.44444444,298.00000000,-585.00000000,-17.00000000,0,warmup,,,,,
pg-c476ced30f2a857a,LOLTMNT05_86061,2024-10-01T18:37:37,2024-10-01,2024,Unknown,0,14.18,Blue,name-team-fcd6aea04154f147,DKB XPERION NXT RAW,name-team-a8a1420921688a1b,Frontier x Veni,oe:player:5aa54e3d3da32bc6cc40212b1a512af,R4GN4X,top,Shen,name-player-7d0ca39eae2973c0,Gwen,top:Shen,lineup-3974b92fc2bedc4c,0,1666.00000000,27.76666667,3,5,6,1.80000000,8564.00000000,14105.00000000,146,507.98319328,0.17191609,0.18321513,17,0.61224490,0.50000000,-1404.00000000,-744.00000000,-32.00000000,0,warmup,,,,,
pg-f0755f20563d465a,LOLTMNT05_86061,2024-10-01T18:37:37,2024-10-01,2024,Unknown,0,14.18,Red,name-team-a8a1420921688a1b,Frontier x Veni,name-team-fcd6aea04154f147,DKB XPERION NXT RAW,oe:player:1af2bedc4f0d54942edcce745cb3344,Henry Snow,bot,Ezreal,oe:player:307bc10d48d7b6d1af5fd1dae30b77e,Kai'Sa,bot:Ezreal,lineup-e3da1e54a7ea4697,1,1666.00000000,27.76666667,8,1,12,20.00000000,13402.00000000,30405.00000000,232,1095.01800720,0.23432938,0.31232024,21,0.75630252,0.76923077,-1962.00000000,-770.00000000,-18.00000000,0,warmup,,,,,
pg-591b3b0c9c08d7b5,LOLTMNT05_86061,2024-10-01T18:37:37,2024-10-01,2024,Unknown,0,14.18,Red,name-team-a8a1420921688a1b,Frontier x Veni,name-team-fcd6aea04154f147,DKB XPERION NXT RAW,oe:player:077c8e531f00e3df16e2318b49f5f39,Spy,jng,Viego,oe:player:45cf8adbf60961e7ffec251ac8c90f8,Jarvan IV,jng:Viego,lineup-e3da1e54a7ea4697,1,1666.00000000,27.76666667,5,4,15,5.00000000,11632.00000000,17753.00000000,186,639.36374550,0.20338153,0.18235886,29,1.04441777,0.76923077,-1288.00000000,334.00000000,23.00000000,0,warmup,,,,,
pg-6724f53c458f3fc1,LOLTMNT05_86061,2024-10-01T18:37:37,2024-10-01,2024,Unknown,0,14.18,Red,name-team-a8a1420921688a1b,Frontier x Veni,name-team-fcd6aea04154f147,DKB XPERION NXT RAW,oe:player:8bcb106e4ab51f90f4143c16f170c42,Poro,mid,Lissandra,oe:player:818cb88630bd9c5388f0a10f7ffbd67,LeBlanc,mid:Lissandra,lineup-e3da1e54a7ea4697,1,1666.00000000,27.76666667,4,5,15,3.80000000,11257.00000000,17878.00000000,209,643.86554622,0.19682479,0.18364286,24,0.86434574,0.73076923,-877.00000000,-1551.00000000,-17.00000000,0,warmup,,,,,
pg-ae0834e85e2dc5d1,LOLTMNT05_86061,2024-10-01T18:37:37,2024-10-01,2024,Unknown,0,14.18,Red,name-team-a8a1420921688a1b,Frontier x Veni,name-team-fcd6aea04154f147,DKB XPERION NXT RAW,name-player-6a98173ab96a7321,FXV ichdeutsch,sup,Leona,oe:player:b8325d5a974eac1dbce808677f1dec4,Alistar,sup:Leona,lineup-e3da1e54a7ea4697,1,1666.00000000,27.76666667,1,4,20,5.25000000,8024.00000000,6467.00000000,42,232.90516206,0.14029689,0.06642904,66,2.37695078,0.80769231,-298.00000000,585.00000000,17.00000000,0,warmup,,,,,
pg-e06e63c705db850f,LOLTMNT05_86061,2024-10-01T18:37:37,2024-10-01,2024,Unknown,0,14.18,Red,name-team-a8a1420921688a1b,Frontier x Veni,name-team-fcd6aea04154f147,DKB XPERION NXT RAW,name-player-7d0ca39eae2973c0,FXV Jordaen,top,Gwen,oe:player:5aa54e3d3da32bc6cc40212b1a512af,Shen,top:Gwen,lineup-e3da1e54a7ea4697,1,1666.00000000,27.76666667,8,4,6,3.50000000,12878.00000000,24849.00000000,192,894.92196879,0.22516742,0.25524899,13,0.46818727,0.53846154,1404.00000000,744.00000000,32.00000000,0,warmup,,,,,
pg-cb5c195c027b047d,LOLTMNT05_86062,2024-10-01T18:41:46,2024-10-01,2024,Unknown,0,14.18,Blue,oe:team:1d0f5e58f39613aff1a3dd4ed85933e,FC Schalke 04 Esports,oe:team:7c4854374e4daa6b00206eb922359a9,MOUZ NXT,oe:player:d12b043b44563dd9443919f8637de22,Peco,bot,Jinx,oe:player:6e23b629fe2fc16824ea86bf61cbc4c,Ziggs,bot:Jinx,lineup-67e3c4b343d8cf0b,1,1807.00000000,30.11666667,8,3,9,5.66666667,14020.00000000,29862.00000000,258,991.54399557,0.21964249,0.27901110,20,0.66408412,0.54838710,-1427.00000000,527.00000000,13.00000000,0,warmup,,,,,
pg-be72cb2d12bd65f0,LOLTMNT05_86062,2024-10-01T18:41:46,2024-10-01,2024,Unknown,0,14.18,Blue,oe:team:1d0f5e58f39613aff1a3dd4ed85933e,FC Schalke 04 Esports,oe:team:7c4854374e4daa6b00206eb922359a9,MOUZ NXT,oe:player:702efc23873d774e479682ef680d911,Cboi,jng,Viego,oe:player:a04f4a8e24d54ff98fc27a5aa5a0c3c,Maokai,jng:Viego,lineup-67e3c4b343d8cf0b,1,1807.00000000,30.11666667,6,1,10,16.00000000,13603.00000000,14755.00000000,240,489.92805755,0.21310962,0.13786112,40,1.32816823,0.51612903,2098.00000000,2769.00000000,57.00000000,0,warmup,,,,,
pg-ef5c272130162d56,LOLTMNT05_86062,2024-10-01T18:41:46,2024-10-01,2024,Unknown,0,14.18,Blue,oe:team:1d0f5e58f39613aff1a3dd4ed85933e,FC Schalke 04 Esports,oe:team:7c4854374e4daa6b00206eb922359a9,MOUZ NXT,oe:player:58d68cedf0a0b1b3d7d9646f5f9e8d3,Simpli,mid,Aurora,oe:player:4817eee6e21d12824c37bfbdaf2c325,Yone,mid:Aurora,lineup-67e3c4b343d8cf0b,1,1807.00000000,30.11666667,9,2,12,10.50000000,12773.00000000,38158.00000000,185,1267.00608744,0.20010653,0.35652353,17,0.56447150,0.67741935,-136.00000000,-710.00000000,-11.00000000,0,warmup,,,,,
pg-ad81b76df9370f5c,LOLTMNT05_86062,2024-10-01T18:41:46,2024-10-01,2024,Unknown,0,14.18,Blue,oe:team:1d0f5e58f39613aff1a3dd4ed85933e,FC Schalke 04 Esports,oe:team:7c4854374e4daa6b00206eb922359a9,MOUZ NXT,oe:player:ae20b1872a922cdc5b8707fbe66c4f0,Twiizt,sup,Rakan,oe:player:c740f85027b40c5b52e03b0233888f2,Rell,sup:Rakan,lineup-67e3c4b343d8cf0b,1,1807.00000000,30.11666667,4,4,16,5.00000000,9277.00000000,5805.00000000,18,192.75041505,0.14533691,0.05423814,122,4.05091312,0.64516129,825.00000000,497.00000000,1.00000000,0,warmup,,,,,
pg-935d6c7db617664d,LOLTMNT05_86062,2024-10-01T18:41:46,2024-10-01,2024,Unknown,0,14.18,Blue,oe:team:1d0f5e58f39613aff1a3dd4ed85933e,FC Schalke 04 Esports,oe:team:7c4854374e4daa6b00206eb922359a9,MOUZ NXT,oe:player:1f8b2df4c6ee43a1c1dc29817c0a201,Sacre,top,K'Sante,oe:player:51777d50bf7bf71ff70b8a32726e40c,Aatrox,top:K'Sante,lineup-67e3c4b343d8cf0b,1,1807.00000000,30.11666667,4,0,13,17.00000000,14158.00000000,18448.00000000,250,612.55118982,0.22180445,0.17236611,21,0.69728832,0.54838710,1266.00000000,1441.00000000,24.00000000,0,warmup,,,,,
pg-8ea76c1ac3d34b01,LOLTMNT05_86062,2024-10-01T18:41:46,2024-10-01,2024,Unknown,0,14.18,Red,oe:team:7c4854374e4daa6b00206eb922359a9,MOUZ NXT,oe:team:1d0f5e58f39613aff1a3dd4ed85933e,FC Schalke 04 Esports,oe:player:6e23b629fe2fc16824ea86bf61cbc4c,Dreilix,bot,Ziggs,oe:player:d12b043b44563dd9443919f8637de22,Jinx,bot:Ziggs,lineup-94d5b2805c8c75ce,0,1807.00000000,30.11666667,4,5,3,1.40000000,13105.00000000,30570.00000000,227,1015.05257333,0.26739987,0.34463710,13,0.43165468,0.70000000,1427.00000000,-527.00000000,-13.00000000,0,warmup,,,,,
pg-ac14050ac7eb6bfc,LOLTMNT05_86062,2024-10-01T18:41:46,2024-10-01,2024,Unknown,0,14.18,Red,oe:team:7c4854374e4daa6b00206eb922359a9,MOUZ NXT,oe:team:1d0f5e58f39613aff1a3dd4ed85933e,FC Schalke 04 Esports,oe:player:a04f4a8e24d54ff98fc27a5aa5a0c3c,Afroboi,jng,Maokai,oe:player:702efc23873d774e479682ef680d911,Viego,jng:Maokai,lineup-94d5b2805c8c75ce,0,1807.00000000,30.11666667,1,6,4,0.83333333,7614.00000000,7954.00000000,109,264.10625346,0.15535922,0.08967103,23,0.76369673,0.50000000,-2098.00000000,-2769.00000000,-57.00000000,0,warmup,,,,,
pg-eddf53186607a575,LOLTMNT05_86062,2024-10-01T18:41:46,2024-10-01,2024,Unknown,0,14.18,Red,oe:team:7c4854374e4daa6b00206eb922359a9,MOUZ NXT,oe:team:1d0f5e58f39613aff1a3dd4ed85933e,FC Schalke 04 Esports,oe:player:4817eee6e21d12824c37bfbdaf2c325,Kaymin,mid,Yone,oe:player:58d68cedf0a0b1b3d7d9646f5f9e8d3,Aurora,mid:Yone,lineup-94d5b2805c8c75ce,0,1807.00000000,30.11666667,5,5,2,1.40000000,12039.00000000,28422.00000000,234,943.72993913,0.24564876,0.32042119,29,0.96292197,0.70000000,136.00000000,710.00000000,11.00000000,0,warmup,,,,,
pg-a2ea451c108350ac,LOLTMNT05_86062,2024-10-01T18:41:46,2024-10-01,2024,Unknown,0,14.18,Red,oe:team:7c4854374e4daa6b00206eb922359a9,MOUZ NXT,oe:team:1d0f5e58f39613aff1a3dd4ed85933e,FC Schalke 04 Esports,oe:player:c740f85027b40c5b52e03b0233888f2,Nio,sup,Rell,oe:player:ae20b1872a922cdc5b8707fbe66c4f0,Rakan,sup:Rell,lineup-94d5b2805c8c75ce,0,1807.00000000,30.11666667,0,10,7,0.70000000,6767.00000000,7301.00000000,19,242.42390703,0.13807668,0.08230931,95,3.15439956,0.70000000,-825.00000000,-497.00000000,-1.00000000,0,warmup,,,,,
pg-546696dcc2887cd2,LOLTMNT05_86062,2024-10-01T18:41:46,2024-10-01,2024,Unknown,0,14.18,Red,oe:team:7c4854374e4daa6b00206eb922359a9,MOUZ NXT,oe:team:1d0f5e58f39613aff1a3dd4ed85933e,FC Schalke 04 Esports,oe:player:51777d50bf7bf71ff70b8a32726e40c,Fornoreason,top,Aatrox,oe:player:1f8b2df4c6ee43a1c1dc29817c0a201,K'Sante,top:Aatrox,lineup-94d5b2805c8c75ce,0,1807.00000000,30.11666667,0,5,3,0.60000000,9484.00000000,14455.00000000,215,479.96679579,0.19351548,0.16296138,13,0.43165468,0.30000000,-1266.00000000,-1441.00000000,-24.00000000,0,warmup,,,,,
pg-367cc5d82df54d32,LOLTMNT05_86063,2024-10-01T18:52:38,2024-10-01,2024,Unknown,0,14.18,Blue,oe:team:48199c3e87ac9d14cdf50169f8eaabc,Eintracht Frankfurt,name-team-008bbba56a19edbc,Bootz Gaming,oe:player:f0523a8a7089a6b90c4c1606ebd9605,DizL,bot,Ashe,name-player-b905b46b46d7de26,Jhin,bot:Ashe,lineup-9fa2c882d9da2bcd,1,2078.00000000,34.63333333,2,3,6,2.66666667,14707.00000000,24412.00000000,340,704.87006737,0.21160847,0.23138679,38,1.09720885,0.38095238,1353.00000000,292.00000000,40.00000000,0,warmup,,,,,
pg-28532e23d510644a,LOLTMNT05_86063,2024-10-01T18:52:38,2024-10-01,2024,Unknown,0,14.18,Blue,oe:team:48199c3e87ac9d14cdf50169f8eaabc,Eintracht Frankfurt,name-team-008bbba56a19edbc,Bootz Gaming,oe:player:b0a4ae62486ca215c199e72698738b7,Pabu,jng,Skarner,name-player-9e0eb499ee4efc3f,Vi,jng:Skarner,lineup-9fa2c882d9da2bcd,1,2078.00000000,34.63333333,1,2,13,7.00000000,12042.00000000,17636.00000000,208,509.22040423,0.17326369,0.16716112,36,1.03946102,0.66666667,50.00000000,680.00000000,8.00000000,0,warmup,,,,,
pg-25596c14af4abc0d,LOLTMNT05_86063,2024-10-01T18:52:38,2024-10-01,2024,Unknown,0,14.18,Blue,oe:team:48199c3e87ac9d14cdf50169f8eaabc,Eintracht Frankfurt,name-team-008bbba56a19edbc,Bootz Gaming,oe:player:eb26eb96a04224878fb492a5a8cefa8,ZaZee,mid,Akali,oe:player:d2b7b23dfedaadfe856dbc241a2ca26,Syndra,mid:Akali,lineup-9fa2c882d9da2bcd,1,2078.00000000,34.63333333,12,4,4,4.00000000,16507.00000000,31130.00000000,254,898.84504331,0.23750737,0.29506270,46,1.32820019,0.76190476,1743.00000000,2165.00000000,38.00000000,0,warmup,,,,,
pg-3a02e70e02f5dc45,LOLTMNT05_86063,2024-10-01T18:52:38,2024-10-01,2024,Unknown,0,14.18,Blue,oe:team:48199c3e87ac9d14cdf50169f8eaabc,Eintracht Frankfurt,name-team-008bbba56a19edbc,Bootz Gaming,oe:player:64ecd619b953ca23acb0546a472c483,Tore,sup,Braum,oe:player:e0ce529d9b78743caacc7e9730f8b1a,Rakan,sup:Braum,lineup-9fa2c882d9da2bcd,1,2078.00000000,34.63333333,3,4,13,4.00000000,10318.00000000,8679.00000000,46,250.59672762,0.14845830,0.08226306,95,2.74302214,0.76190476,758.00000000,-746.00000000,-4.00000000,0,warmup,,,,,
pg-35540ef7a000f749,LOLTMNT05_86063,2024-10-01T18:52:38,2024-10-01,2024,Unknown,0,14.18,Blue,oe:team:48199c3e87ac9d14cdf50169f8eaabc,Eintracht Frankfurt,name-team-008bbba56a19edbc,Bootz Gaming,oe:player:5be118a1aa52664e1dff15ff96c1e67,Agresivoo,top,Yone,name-player-002e1615b5b237af,Ornn,top:Yone,lineup-9fa2c882d9da2bcd,1,2078.00000000,34.63333333,3,2,10,6.50000000,15927.00000000,23646.00000000,296,682.75264678,0.22916217,0.22412633,22,0.63522618,0.61904762,1961.00000000,26.00000000,40.00000000,0,warmup,,,,,
pg-f21f3b5930b7e854,LOLTMNT05_86063,2024-10-01T18:52:38,2024-10-01,2024,Unknown,0,14.18,Red,name-team-008bbba56a19edbc,Bootz Gaming,oe:team:48199c3e87ac9d14cdf50169f8eaabc,Eintracht Frankfurt,name-player-b905b46b46d7de26,BTZ Baki,bot,Jhin,oe:player:f0523a8a7089a6b90c4c1606ebd9605,Ashe,bot:Jhin,lineup-d40b0fe13eaa1118,0,2078.00000000,34.63333333,7,4,4,2.75000000,14590.00000000,29119.00000000,285,840.77959577,0.25752361,0.29998249,10,0.28873917,0.73333333,-1353.00000000,-292.00000000,-40.00000000,0,warmup,,,,,
pg-78f9d6118fb224fa,LOLTMNT05_86063,2024-10-01T18:52:38,2024-10-01,2024,Unknown,0,14.18,Red,name-team-008bbba56a19edbc,Bootz Gaming,oe:team:48199c3e87ac9d14cdf50169f8eaabc,Eintracht Frankfurt,name-player-9e0eb499ee4efc3f,BTZ KillaKanikl,jng,Vi,oe:player:b0a4ae62486ca215c199e72698738b7,Skarner,jng:Vi,lineup-d40b0fe13eaa1118,0,2078.00000000,34.63333333,4,3,8,4.00000000,10960.00000000,12078.00000000,193,348.73917228,0.19345159,0.12442695,30,0.86621752,0.80000000,-50.00000000,-680.00000000,-8.00000000,0,warmup,,,,,
pg-50f161bd9849875e,LOLTMNT05_86063,2024-10-01T18:52:38,2024-10-01,2024,Unknown,0,14.18,Red,name-team-008bbba56a19edbc,Bootz Gaming,oe:team:48199c3e87ac9d14cdf50169f8eaabc,Eintracht Frankfurt,oe:player:d2b7b23dfedaadfe856dbc241a2ca26,Jakoo,mid,Syndra,oe:player:eb26eb96a04224878fb492a5a8cefa8,Akali,mid:Syndra,lineup-d40b0fe13eaa1118,0,2078.00000000,34.63333333,3,7,6,1.28571429,11831.00000000,27819.00000000,239,803.24350337,0.20882535,0.28658995,21,0.60635226,0.60000000,-1743.00000000,-2165.00000000,-38.00000000,0,warmup,,,,,
pg-654d30b6b10263b9,LOLTMNT05_86063,2024-10-01T18:52:38,2024-10-01,2024,Unknown,0,14.18,Red,name-team-008bbba56a19edbc,Bootz Gaming,oe:team:48199c3e87ac9d14cdf50169f8eaabc,Eintracht Frankfurt,oe:player:e0ce529d9b78743caacc7e9730f8b1a,Tiger1,sup,Rakan,oe:player:64ecd619b953ca23acb0546a472c483,Braum,sup:Rakan,lineup-d40b0fe13eaa1118,0,2078.00000000,34.63333333,0,2,12,6.00000000,7765.00000000,8327.00000000,52,240.43310876,0.13705763,0.08578434,114,3.29162656,0.80000000,-758.00000000,746.00000000,4.00000000,0,warmup,,,,,
pg-75d16bea547d6e09,LOLTMNT05_86063,2024-10-01T18:52:38,2024-10-01,2024,Unknown,0,14.18,Red,name-team-008bbba56a19edbc,Bootz Gaming,oe:team:48199c3e87ac9d14cdf50169f8eaabc,Eintracht Frankfurt,name-player-002e1615b5b237af,BTZ Darky,top,Ornn,oe:player:5be118a1aa52664e1dff15ff96c1e67,Yone,top:Ornn,lineup-d40b0fe13eaa1118,0,2078.00000000,34.63333333,1,5,9,2.00000000,11509.00000000,19726.00000000,222,569.56689124,0.20314182,0.20321627,26,0.75072185,0.66666667,-1961.00000000,-26.00000000,-40.00000000,0,warmup,,,,,
pg-8bb2f6ee2c51a6ed,LOLTMNT02_174124,2024-10-01T19:17:46,2024-10-01,2024,Unknown,0,14.18,Blue,oe:team:6aac0384f6e7dccbfa6079a80a7699b,Direct Rising eSports,oe:team:aa8c3b781d96ddb7a24ab3240918988,SK Gaming Prime,name-player-722f6cc9a6136c89,DR Heat1,bot,Smolder,oe:player:ba3d4084a218c919db12a8776d46ed8,Kai'Sa,bot:Smolder,lineup-3ce8613501f9bfd8,0,1463.00000000,24.38333333,0,6,0,0.00000000,7196.00000000,6235.00000000,174,255.70745044,0.20554127,0.26344699,5,0.20505810,0.00000000,-1660.00000000,-1581.00000000,-31.00000000,0,warmup,,,,,
pg-7f530c338ad3c54d,LOLTMNT02_174124,2024-10-01T19:17:46,2024-10-01,2024,Unknown,0,14.18,Blue,oe:team:6aac0384f6e7dccbfa6079a80a7699b,Direct Rising eSports,oe:team:aa8c3b781d96ddb7a24ab3240918988,SK Gaming Prime,name-player-792f698d9cfc2faa,DR Stefwhynot,jng,Jarvan IV,oe:player:a3659e9d07c9807e77df85548df86fb,Xin Zhao,jng:Jarvan IV,lineup-3ce8613501f9bfd8,0,1463.00000000,24.38333333,0,4,1,0.25000000,6850.00000000,1477.00000000,132,60.57416268,0.19565838,0.06240757,30,1.23034860,1.00000000,-403.00000000,-1011.00000000,-9.00000000,0,warmup,,,,,
pg-14eb131815abb7ad,LOLTMNT02_174124,2024-10-01T19:17:46,2024-10-01,2024,Unknown,0,14.18,Blue,oe:team:6aac0384f6e7dccbfa6079a80a7699b,Direct Rising eSports,oe:team:aa8c3b781d96ddb7a24ab3240918988,SK Gaming Prime,name-player-48fc84c448be31d4,DR WildWolf,mid,Orianna,oe:player:758a9b0b73aeb3ed8f73f01edbd61c3,Neeko,mid:Orianna,lineup-3ce8613501f9bfd8,0,1463.00000000,24.38333333,1,3,0,0.33333333,8022.00000000,8523.00000000,201,349.54203691,0.22913453,0.36012169,21,0.86124402,1.00000000,409.00000000,-7.00000000,20.00000000,0,warmup,,,,,
pg-58b35017263f600a,LOLTMNT02_174124,2024-10-01T19:17:46,2024-10-01,2024,Unknown,0,14.18,Blue,oe:team:6aac0384f6e7dccbfa6079a80a7699b,Direct Rising eSports,oe:team:aa8c3b781d96ddb7a24ab3240918988,SK Gaming Prime,name-player-18c3a950e3ec09c2,DR Schlaf gut,sup,Alistar,oe:player:010d6a16efd32515e12371cf630f30e,Rell,sup:Alistar,lineup-3ce8613501f9bfd8,0,1463.00000000,24.38333333,0,3,0,0.00000000,5017.00000000,1797.00000000,29,73.69788107,0.14330191,0.07592851,64,2.62474368,0.00000000,-534.00000000,-274.00000000,4.00000000,0,warmup,,,,,
pg-d2cdcfaa8e7ba815,LOLTMNT02_174124,2024-10-01T19:17:46,2024-10-01,2024,Unknown,0,14.18,Blue,oe:team:6aac0384f6e7dccbfa6079a80a7699b,Direct Rising eSports,oe:team:aa8c3b781d96ddb7a24ab3240918988,SK Gaming Prime,name-player-42a775ec72a8240c,DR Gego,top,K'Sante,oe:player:59cbe5a825cd647e4dfc16acfdc6723,Sett,top:K'Sante,lineup-3ce8613501f9bfd8,0,1463.00000000,24.38333333,0,4,1,0.25000000,7925.00000000,5635.00000000,185,231.10047847,0.22636390,0.23809524,12,0.49213944,1.00000000,-191.00000000,629.00000000,3.00000000,0,warmup,,,,,
pg-43b25928e31848b2,LOLTMNT02_174124,2024-10-01T19:17:46,2024-10-01,2024,Unknown,0,14.18,Red,oe:team:aa8c3b781d96ddb7a24ab3240918988,SK Gaming Prime,oe:team:6aac0384f6e7dccbfa6079a80a7699b,Direct Rising eSports,oe:player:ba3d4084a218c919db12a8776d46ed8,Zavee,bot,Kai'Sa,name-player-722f6cc9a6136c89,Smolder,bot:Kai'Sa,lineup-f58305abcb1d4720,1,1463.00000000,24.38333333,10,0,5,15.00000000,13257.00000000,15493.00000000,251,635.39302802,0.25953406,0.27114106,22,0.90225564,0.75000000,1660.00000000,1581.00000000,31.00000000,0,warmup,,,,,
pg-e5250b435726ee6c,LOLTMNT02_174124,2024-10-01T19:17:46,2024-10-01,2024,Unknown,0,14.18,Red,oe:team:aa8c3b781d96ddb7a24ab3240918988,SK Gaming Prime,oe:team:6aac0384f6e7dccbfa6079a80a7699b,Direct Rising eSports,oe:player:a3659e9d07c9807e77df85548df86fb,Emprez,jng,Xin Zhao,name-player-792f698d9cfc2faa,Jarvan IV,jng:Xin Zhao,lineup-f58305abcb1d4720,1,1463.00000000,24.38333333,5,0,10,15.00000000,10086.00000000,12290.00000000,159,504.03280930,0.19745497,0.21508575,29,1.18933698,0.75000000,403.00000000,1011.00000000,9.00000000,0,warmup,,,,,
pg-f9d5adc464a172f1,LOLTMNT02_174124,2024-10-01T19:17:46,2024-10-01,2024,Unknown,0,14.18,Red,oe:team:aa8c3b781d96ddb7a24ab3240918988,SK Gaming Prime,oe:team:6aac0384f6e7dccbfa6079a80a7699b,Direct Rising eSports,oe:player:758a9b0b73aeb3ed8f73f01edbd61c3,Apollonia,mid,Neeko,name-player-48fc84c448be31d4,Orianna,mid:Neeko,lineup-f58305abcb1d4720,1,1463.00000000,24.38333333,2,0,12,14.00000000,9747.00000000,13302.00000000,191,545.53656869,0.19081832,0.23279664,23,0.94326726,0.70000000,-409.00000000,7.00000000,-20.00000000,0,warmup,,,,,
pg-7ad3294532998e60,LOLTMNT02_174124,2024-10-01T19:17:46,2024-10-01,2024,Unknown,0,14.18,Red,oe:team:aa8c3b781d96ddb7a24ab3240918988,SK Gaming Prime,oe:team:6aac0384f6e7dccbfa6079a80a7699b,Direct Rising eSports,oe:player:010d6a16efd32515e12371cf630f30e,Lumi,sup,Rell,name-player-18c3a950e3ec09c2,Alistar,sup:Rell,lineup-f58305abcb1d4720,1,1463.00000000,24.38333333,0,0,16,16.00000000,7197.00000000,4346.00000000,24,178.23650034,0.14089663,0.07605880,82,3.36295284,0.80000000,534.00000000,274.00000000,-4.00000000,0,warmup,,,,,
pg-aa3858b006154467,LOLTMNT02_174124,2024-10-01T19:17:46,2024-10-01,2024,Unknown,0,14.18,Red,oe:team:aa8c3b781d96ddb7a24ab3240918988,SK Gaming Prime,oe:team:6aac0384f6e7dccbfa6079a80a7699b,Direct Rising eSports,oe:player:59cbe5a825cd647e4dfc16acfdc6723,Sanah,top,Sett,name-player-42a775ec72a8240c,K'Sante,top:Sett,lineup-f58305abcb1d4720,1,1463.00000000,24.38333333,3,1,6,9.00000000,10793.00000000,11709.00000000,189,480.20505810,0.21129601,0.20491775,19,0.77922078,0.45000000,191.00000000,-629.00000000,-3.00000000,0,warmup,,,,,
pg-8434354926fd9d8a,LOLTMNT05_87055,2024-10-01T19:36:11,2024-10-01,2024,Unknown,0,14.18,Blue,oe:team:6a060bd74c9041bf0aa89adf9d15d12,Unicorns of Love Sexy Edition,oe:team:cc901dfa35cb4e6d7c5684d57361771,EPIC-DUDES,oe:player:3a3cf889f1996110ab52915425d60b5,xMatty,bot,Ziggs,oe:player:d721fbb8eedd948e422f3710f72a3a6,Jhin,bot:Ziggs,lineup-003c4b7dcdab2ee4,0,2002.00000000,33.36666667,4,8,5,1.12500000,14416.00000000,30776.00000000,294,922.35764236,0.22605532,0.31612791,23,0.68931069,0.50000000,240.00000000,-131.00000000,18.00000000,0,warmup,,,,,
pg-8530cfad37743486,LOLTMNT05_87055,2024-10-01T19:36:11,2024-10-01,2024,Unknown,0,14.18,Blue,oe:team:6a060bd74c9041bf0aa89adf9d15d12,Unicorns of Love Sexy Edition,oe:team:cc901dfa35cb4e6d7c5684d57361771,EPIC-DUDES,oe:player:6fc5fe723eed4ba4c230292be365c66,Lurox,jng,Skarner,oe:player:9c44293e765f6adb67f24410977ef10,Karthus,jng:Skarner,lineup-003c4b7dcdab2ee4,0,2002.00000000,33.36666667,4,2,7,5.50000000,11668.00000000,11891.00000000,194,356.37362637,0.18296431,0.12214313,30,0.89910090,0.61111111,-1016.00000000,-677.00000000,-11.00000000,0,warmup,,,,,
pg-265da6909e25cf1b,LOLTMNT05_87055,2024-10-01T19:36:11,2024-10-01,2024,Unknown,0,14.18,Blue,oe:team:6a060bd74c9041bf0aa89adf9d15d12,Unicorns of Love Sexy Edition,oe:team:cc901dfa35cb4e6d7c5684d57361771,EPIC-DUDES,oe:player:157108ff2b64591e5703c64dbae3a2e,TolanD,mid,Yone,oe:player:b3930e087fe235378c3be105e7f5972,Garen,mid:Yone,lineup-003c4b7dcdab2ee4,0,2002.00000000,33.36666667,3,7,8,1.57142857,13172.00000000,27903.00000000,296,836.25374625,0.20654833,0.28661675,28,0.83916084,0.61111111,1237.00000000,-163.00000000,38.00000000,0,warmup,,,,,
pg-c286c305065eb942,LOLTMNT05_87055,2024-10-01T19:36:11,2024-10-01,2024,Unknown,0,14.18,Blue,oe:team:6a060bd74c9041bf0aa89adf9d15d12,Unicorns of Love Sexy Edition,oe:team:cc901dfa35cb4e6d7c5684d57361771,EPIC-DUDES,oe:player:973547129a691fb61e886add170ac7a,Piero,sup,Blitzcrank,oe:player:fdb2a693a5b128e3d3eed88c2bb7df6,Zilean,sup:Blitzcrank,lineup-003c4b7dcdab2ee4,0,2002.00000000,33.36666667,2,6,10,2.00000000,8898.00000000,7137.00000000,35,213.89610390,0.13952832,0.07331053,118,3.53646354,0.66666667,325.00000000,-619.00000000,9.00000000,0,warmup,,,,,
pg-02ea1bd94de3d2b5,LOLTMNT05_87055,2024-10-01T19:36:11,2024-10-01,2024,Unknown,0,14.18,Blue,oe:team:6a060bd74c9041bf0aa89adf9d15d12,Unicorns of Love Sexy Edition,oe:team:cc901dfa35cb4e6d7c5684d57361771,EPIC-DUDES,oe:player:11b40dd5fcd01f1fca9496859ccd862,Shelfmade,top,Gnar,oe:player:5c7b52c9f2f0ebfdd2128ceb0171c54,Malphite,top:Gnar,lineup-003c4b7dcdab2ee4,0,2002.00000000,33.36666667,5,5,7,2.40000000,15618.00000000,19646.00000000,256,588.79120879,0.24490372,0.20180169,25,0.74925075,0.66666667,-502.00000000,-524.00000000,2.00000000,0,warmup,,,,,
pg-5fc8f388dcc00a38,LOLTMNT05_87055,2024-10-01T19:36:11,2024-10-01,2024,Unknown,0,14.18,Red,oe:team:cc901dfa35cb4e6d7c5684d57361771,EPIC-DUDES,oe:team:6a060bd74c9041bf0aa89adf9d15d12,Unicorns of Love Sexy Edition,oe:player:d721fbb8eedd948e422f3710f72a3a6,Mind,bot,Jhin,oe:player:3a3cf889f1996110ab52915425d60b5,Ziggs,bot:Jhin,lineup-d973ad6455e08f78,1,2002.00000000,33.36666667,6,4,10,4.00000000,16394.00000000,23583.00000000,268,706.78321678,0.24807445,0.20903950,27,0.80919081,0.57142857,-240.00000000,131.00000000,-18.00000000,0,warmup,,,,,
pg-e6ace9d22e9ba9fe,LOLTMNT05_87055,2024-10-01T19:36:11,2024-10-01,2024,Unknown,0,14.18,Red,oe:team:cc901dfa35cb4e6d7c5684d57361771,EPIC-DUDES,oe:team:6a060bd74c9041bf0aa89adf9d15d12,Unicorns of Love Sexy Edition,oe:player:9c44293e765f6adb67f24410977ef10,Nasut,jng,Karthus,oe:player:6fc5fe723eed4ba4c230292be365c66,Skarner,jng:Karthus,lineup-d973ad6455e08f78,1,2002.00000000,33.36666667,7,6,9,2.66666667,13946.00000000,35937.00000000,248,1077.03296703,0.21103125,0.31854524,29,0.86913087,0.57142857,1016.00000000,677.00000000,11.00000000,0,warmup,,,,,
pg-c7dbff5fd110313c,LOLTMNT05_87055,2024-10-01T19:36:11,2024-10-01,2024,Unknown,0,14.18,Red,oe:team:cc901dfa35cb4e6d7c5684d57361771,EPIC-DUDES,oe:team:6a060bd74c9041bf0aa89adf9d15d12,Unicorns of Love Sexy Edition,oe:player:b3930e087fe235378c3be105e7f5972,Ivok,mid,Garen,oe:player:157108ff2b64591e5703c64dbae3a2e,Yone,mid:Garen,lineup-d973ad6455e08f78,1,2002.00000000,33.36666667,7,3,4,3.66666667,13472.00000000,26231.00000000,244,786.14385614,0.20385867,0.23251135,31,0.92907093,0.39285714,-1237.00000000,163.00000000,-38.00000000,0,warmup,,,,,
pg-cee8c67e1a7aaf03,LOLTMNT05_87055,2024-10-01T19:36:11,2024-10-01,2024,Unknown,0,14.18,Red,oe:team:cc901dfa35cb4e6d7c5684d57361771,EPIC-DUDES,oe:team:6a060bd74c9041bf0aa89adf9d15d12,Unicorns of Love Sexy Edition,oe:player:fdb2a693a5b128e3d3eed88c2bb7df6,Lxf7Tocke,sup,Zilean,oe:player:973547129a691fb61e886add170ac7a,Blitzcrank,sup:Zilean,lineup-d973ad6455e08f78,1,2002.00000000,33.36666667,2,3,19,7.00000000,9228.00000000,6343.00000000,30,190.09990010,0.13963834,0.05622429,108,3.23676324,0.75000000,-325.00000000,619.00000000,-9.00000000,0,warmup,,,,,
pg-42cb4edafe15c6e2,LOLTMNT05_87055,2024-10-01T19:36:11,2024-10-01,2024,Unknown,0,14.18,Red,oe:team:cc901dfa35cb4e6d7c5684d57361771,EPIC-DUDES,oe:team:6a060bd74c9041bf0aa89adf9d15d12,Unicorns of Love Sexy Edition,oe:player:5c7b52c9f2f0ebfdd2128ceb0171c54,Kirito,top,Malphite,oe:player:11b40dd5fcd01f1fca9496859ccd862,Gnar,top:Malphite,lineup-d973ad6455e08f78,1,2002.00000000,33.36666667,6,2,12,9.00000000,13045.00000000,20722.00000000,242,621.03896104,0.19739729,0.18367962,22,0.65934066,0.64285714,502.00000000,524.00000000,-2.00000000,0,warmup,,,,,
pg-6adf9406f1a854a0,LOLTMNT05_87056,2024-10-01T19:38:37,2024-10-01,2024,Unknown,0,14.18,Blue,oe:team:1ed1de7cdce5070e3a31b5db92b6035,eSports Cologne e.V.,name-team-b5899d7af81d1ef7,AceGaming Spades,oe:player:304b48562aae432519195b02fd3a214,Kasi,bot,Ziggs,oe:player:65314e903461a614229ea5a2099d758,Jhin,bot:Ziggs,lineup-d39a29ca7c3b8c5e,0,2116.00000000,35.26666667,1,3,5,2.00000000,14982.00000000,23313.00000000,322,661.04914934,0.24667413,0.33243498,35,0.99243856,0.75000000,1250.00000000,65.00000000,1.00000000,0,warmup,,,,,
pg-ad0f49b1d036bc73,LOLTMNT05_87056,2024-10-01T19:38:37,2024-10-01,2024,Unknown,0,14.18,Blue,oe:team:1ed1de7cdce5070e3a31b5db92b6035,eSports Cologne e.V.,name-team-b5899d7af81d1ef7,AceGaming Spades,oe:player:771b79f3c7a45f5877016d050f12b81,F1VTY,jng,Vi,oe:player:482b141d4b188343467b04cabf7cdbb,Amumu,jng:Vi,lineup-d39a29ca7c3b8c5e,0,2116.00000000,35.26666667,2,2,5,3.50000000,12239.00000000,10683.00000000,221,302.92060491,0.20151146,0.15233573,59,1.67296786,0.87500000,-104.00000000,-594.00000000,-5.00000000,0,warmup,,,,,
pg-c9896f17c56b0cf5,LOLTMNT05_87056,2024-10-01T19:38:37,2024-10-01,2024,Unknown,0,14.18,Blue,oe:team:1ed1de7cdce5070e3a31b5db92b6035,eSports Cologne e.V.,name-team-b5899d7af81d1ef7,AceGaming Spades,oe:player:0a759ccee56f7553c9719e0011244dd,On3Sh0t,mid,Syndra,name-player-c04a78abca42b030,Yone,mid:Syndra,lineup-d39a29ca7c3b8c5e,0,2116.00000000,35.26666667,4,3,2,2.00000000,13619.00000000,22870.00000000,287,648.48771267,0.22423274,0.32611796,29,0.82230624,0.75000000,1350.00000000,618.00000000,28.00000000,0,warmup,,,,,
pg-d05a1ecf75557aac,LOLTMNT05_87056,2024-10-01T19:38:37,2024-10-01,2024,Unknown,0,14.18,Blue,oe:team:1ed1de7cdce5070e3a31b5db92b6035,eSports Cologne e.V.,name-team-b5899d7af81d1ef7,AceGaming Spades,oe:player:a7eeda89dab95c659a987fdb3952792,Kolios,sup,Rell,oe:player:a5f90f452a0b89150a5694cb324b94d,Bard,sup:Rell,lineup-d39a29ca7c3b8c5e,0,2116.00000000,35.26666667,1,1,5,6.00000000,7844.00000000,4274.00000000,25,121.19092628,0.12914910,0.06094570,106,3.00567108,0.75000000,237.00000000,-925.00000000,-3.00000000,0,warmup,,,,,
pg-b3fec6c219240a3b,LOLTMNT05_87056,2024-10-01T19:38:37,2024-10-01,2024,Unknown,0,14.18,Blue,oe:team:1ed1de7cdce5070e3a31b5db92b6035,eSports Cologne e.V.,name-team-b5899d7af81d1ef7,AceGaming Spades,oe:player:1d5a567298105307cd8fc16c22e1d78,Kayleqlated,top,Darius,oe:player:0be44816ee64861caafa28454f596a1,Gnar,top:Darius,lineup-d39a29ca7c3b8c5e,0,2116.00000000,35.26666667,0,7,3,0.42857143,12052.00000000,8988.00000000,261,254.85822306,0.19843256,0.12816564,27,0.76559546,0.37500000,-965.00000000,-1450.00000000,-29.00000000,0,warmup,,,,,
pg-d3d1b31fed29da85,LOLTMNT05_87056,2024-10-01T19:38:37,2024-10-01,2024,Unknown,0,14.18,Red,name-team-b5899d7af81d1ef7,AceGaming Spades,oe:team:1ed1de7cdce5070e3a31b5db92b6035,eSports Cologne e.V.,oe:player:65314e903461a614229ea5a2099d758,Manuel,bot,Jhin,oe:player:304b48562aae432519195b02fd3a214,Ziggs,bot:Jhin,lineup-12a188b02c1bc442,1,2116.00000000,35.26666667,4,0,4,8.00000000,14555.00000000,15862.00000000,316,449.77315690,0.21952250,0.20487452,33,0.93572779,0.50000000,-1250.00000000,-65.00000000,-1.00000000,0,warmup,,,,,
pg-5f68267a39fdfb60,LOLTMNT05_87056,2024-10-01T19:38:37,2024-10-01,2024,Unknown,0,14.18,Red,name-team-b5899d7af81d1ef7,AceGaming Spades,oe:team:1ed1de7cdce5070e3a31b5db92b6035,eSports Cologne e.V.,oe:player:482b141d4b188343467b04cabf7cdbb,Faded,jng,Amumu,oe:player:771b79f3c7a45f5877016d050f12b81,Vi,jng:Amumu,lineup-12a188b02c1bc442,1,2116.00000000,35.26666667,2,4,7,2.25000000,12727.00000000,16715.00000000,233,473.96030246,0.19195210,0.21589192,47,1.33270321,0.56250000,104.00000000,594.00000000,5.00000000,0,warmup,,,,,
pg-640222ce9a6f5c5a,LOLTMNT05_87056,2024-10-01T19:38:37,2024-10-01,2024,Unknown,0,14.18,Red,name-team-b5899d7af81d1ef7,AceGaming Spades,oe:team:1ed1de7cdce5070e3a31b5db92b6035,eSports Cologne e.V.,name-player-c04a78abca42b030,ACE Hadonski,mid,Yone,oe:player:0a759ccee56f7553c9719e0011244dd,Syndra,mid:Yone,lineup-12a188b02c1bc442,1,2116.00000000,35.26666667,2,2,3,2.50000000,13746.00000000,8677.00000000,285,246.03969754,0.20732094,0.11207264,37,1.04914934,0.31250000,-1350.00000000,-618.00000000,-28.00000000,0,warmup,,,,,
pg-66943fe50cff7a1d,LOLTMNT05_87056,2024-10-01T19:38:37,2024-10-01,2024,Unknown,0,14.18,Red,name-team-b5899d7af81d1ef7,AceGaming Spades,oe:team:1ed1de7cdce5070e3a31b5db92b6035,eSports Cologne e.V.,oe:player:a5f90f452a0b89150a5694cb324b94d,Tommygun,sup,Bard,oe:player:a7eeda89dab95c659a987fdb3952792,Rell,sup:Bard,lineup-12a188b02c1bc442,1,2116.00000000,35.26666667,1,2,12,6.50000000,9233.00000000,12602.00000000,39,357.33459357,0.13925463,0.16276817,166,4.70699433,0.81250000,-237.00000000,925.00000000,3.00000000,0,warmup,,,,,
pg-2de6db100b11e2e6,LOLTMNT05_87056,2024-10-01T19:38:37,2024-10-01,2024,Unknown,0,14.18,Red,name-team-b5899d7af81d1ef7,AceGaming Spades,oe:team:1ed1de7cdce5070e3a31b5db92b6035,eSports Cologne e.V.,oe:player:0be44816ee64861caafa28454f596a1,Rain,top,Gnar,oe:player:1d5a567298105307cd8fc16c22e1d78,Darius,top:Gnar,lineup-12a188b02c1bc442,1,2116.00000000,35.26666667,7,0,6,13.00000000,16042.00000000,23567.00000000,287,668.25141777,0.24194984,0.30439275,38,1.07750473,0.81250000,965.00000000,1450.00000000,29.00000000,0,warmup,,,,,
pg-598a8187f21c8264,LOLTMNT05_87059,2024-10-01T19:55:51,2024-10-01,2024,Unknown,0,14.18,Blue,oe:team:2ae1a4c6fe17bf70dd4b5520d60f55b,NNO Prime,oe:team:b23a51e14c53108a0de36eb92df2c5a,VfB eSports,oe:player:90704735ca9fc01f2244f23f6e5d635,Shiganari,bot,Ziggs,oe:player:b20e9714c68983eeabfe65ac88fa7ea,Jhin,bot:Ziggs,lineup-12e790c5321078fe,1,1196.00000000,19.93333333,2,0,5,7.00000000,9222.00000000,15199.00000000,164,762.49163880,0.20852459,0.24981509,14,0.70234114,0.33333333,1305.00000000,-52.00000000,-13.00000000,0,warmup,,,,,
pg-548f586a9587be5e,LOLTMNT05_87059,2024-10-01T19:55:51,2024-10-01,2024,Unknown,0,14.18,Blue,oe:team:2ae1a4c6fe17bf70dd4b5520d60f55b,NNO Prime,oe:team:b23a51e14c53108a0de36eb92df2c5a,VfB eSports,oe:player:e041923a70bcde3b24d608958f8edc8,Shlatan,jng,Sejuani,oe:player:27a9c63188ab92f603ab1fd42cb889a,Jarvan IV,jng:Sejuani,lineup-12e790c5321078fe,1,1196.00000000,19.93333333,1,0,14,15.00000000,8147.00000000,11093.00000000,102,556.50501672,0.18421707,0.18232771,23,1.15384615,0.71428571,2367.00000000,1216.00000000,8.00000000,0,warmup,,,,,
pg-277030093248e955,LOLTMNT05_87059,2024-10-01T19:55:51,2024-10-01,2024,Unknown,0,14.18,Blue,oe:team:2ae1a4c6fe17bf70dd4b5520d60f55b,NNO Prime,oe:team:b23a51e14c53108a0de36eb92df2c5a,VfB eSports,oe:player:e3b8d5a9290fe0c7458dc01db4dc9dc,Serin,mid,Yone,oe:player:e0e640fe2ff7ea695737bd648263858,Aurora,mid:Yone,lineup-12e790c5321078fe,1,1196.00000000,19.93333333,11,0,3,14.00000000,12410.00000000,19080.00000000,215,957.19063545,0.28061051,0.31360431,19,0.95317726,0.66666667,3046.00000000,2226.00000000,53.00000000,0,warmup,,,,,
pg-446c7a7cc8e628cf,LOLTMNT05_87059,2024-10-01T19:55:51,2024-10-01,2024,Unknown,0,14.18,Blue,oe:team:2ae1a4c6fe17bf70dd4b5520d60f55b,NNO Prime,oe:team:b23a51e14c53108a0de36eb92df2c5a,VfB eSports,oe:player:35650a63e482edbdb82b6950955e052,Lucky,sup,Rell,oe:player:77578ad4690f7b33c88d56e59be2ba1,Alistar,sup:Rell,lineup-12e790c5321078fe,1,1196.00000000,19.93333333,3,1,9,12.00000000,6245.00000000,5762.00000000,15,289.06354515,0.14120972,0.09470587,53,2.65886288,0.57142857,1328.00000000,280.00000000,-4.00000000,0,warmup,,,,,
pg-10d1627d34ee82dc,LOLTMNT05_87059,2024-10-01T19:55:51,2024-10-01,2024,Unknown,0,14.18,Blue,oe:team:2ae1a4c6fe17bf70dd4b5520d60f55b,NNO Prime,oe:team:b23a51e14c53108a0de36eb92df2c5a,VfB eSports,oe:player:1d17186c66b693755087b8af8d0c611,Scarface,top,K'Sante,oe:player:422d7cc4063f8801a9427860bfd855b,Rumble,top:K'Sante,lineup-12e790c5321078fe,1,1196.00000000,19.93333333,4,1,6,10.00000000,8201.00000000,9707.00000000,148,486.97324415,0.18543810,0.15954702,14,0.70234114,0.47619048,2065.00000000,1822.00000000,17.00000000,0,warmup,,,,,
pg-d759c2ac940bf5de,LOLTMNT05_87059,2024-10-01T19:55:51,2024-10-01,2024,Unknown,0,14.18,Red,oe:team:b23a51e14c53108a0de36eb92df2c5a,VfB eSports,oe:team:2ae1a4c6fe17bf70dd4b5520d60f55b,NNO Prime,oe:player:b20e9714c68983eeabfe65ac88fa7ea,Riku,bot,Jhin,oe:player:90704735ca9fc01f2244f23f6e5d635,Ziggs,bot:Jhin,lineup-2df755ed9a8c5eca,0,1196.00000000,19.93333333,0,1,1,1.00000000,6755.00000000,11385.00000000,190,571.15384615,0.24378361,0.25615930,6,0.30100334,0.50000000,-1305.00000000,52.00000000,13.00000000,0,warmup,,,,,
pg-fb71525780c3c577,LOLTMNT05_87059,2024-10-01T19:55:51,2024-10-01,2024,Unknown,0,14.18,Red,oe:team:b23a51e14c53108a0de36eb92df2c5a,VfB eSports,oe:team:2ae1a4c6fe17bf70dd4b5520d60f55b,NNO Prime,oe:player:27a9c63188ab92f603ab1fd42cb889a,Obsess,jng,Jarvan IV,oe:player:e041923a70bcde3b24d608958f8edc8,Sejuani,jng:Jarvan IV,lineup-2df755ed9a8c5eca,0,1196.00000000,19.93333333,0,7,2,0.28571429,4913.00000000,4883.00000000,90,244.96655518,0.17730701,0.10986613,16,0.80267559,1.00000000,-2367.00000000,-1216.00000000,-8.00000000,0,warmup,,,,,
pg-84e89af2f0ee8bfa,LOLTMNT05_87059,2024-10-01T19:55:51,2024-10-01,2024,Unknown,0,14.18,Red,oe:team:b23a51e14c53108a0de36eb92df2c5a,VfB eSports,oe:team:2ae1a4c6fe17bf70dd4b5520d60f55b,NNO Prime,oe:player:e0e640fe2ff7ea695737bd648263858,Baumi,mid,Aurora,oe:player:e3b8d5a9290fe0c7458dc01db4dc9dc,Yone,mid:Aurora,lineup-2df755ed9a8c5eca,0,1196.00000000,19.93333333,1,4,1,0.50000000,5947.00000000,9569.00000000,131,480.05016722,0.21462341,0.21529981,7,0.35117057,1.00000000,-3046.00000000,-2226.00000000,-53.00000000,0,warmup,,,,,
pg-d554dfbcc65ce8f3,LOLTMNT05_87059,2024-10-01T19:55:51,2024-10-01,2024,Unknown,0,14.18,Red,oe:team:b23a51e14c53108a0de36eb92df2c5a,VfB eSports,oe:team:2ae1a4c6fe17bf70dd4b5520d60f55b,NNO Prime,oe:player:77578ad4690f7b33c88d56e59be2ba1,MaxSchallah,sup,Alistar,oe:player:35650a63e482edbdb82b6950955e052,Rell,sup:Alistar,lineup-2df755ed9a8c5eca,0,1196.00000000,19.93333333,1,5,0,0.20000000,4483.00000000,4427.00000000,18,222.09030100,0.16178859,0.09960625,30,1.50501672,0.50000000,-1328.00000000,-280.00000000,4.00000000,0,warmup,,,,,
pg-055396dc0702f075,LOLTMNT05_87059,2024-10-01T19:55:51,2024-10-01,2024,Unknown,0,14.18,Red,oe:team:b23a51e14c53108a0de36eb92df2c5a,VfB eSports,oe:team:2ae1a4c6fe17bf70dd4b5520d60f55b,NNO Prime,oe:player:422d7cc4063f8801a9427860bfd855b,Satorius,top,Rumble,oe:player:1d17186c66b693755087b8af8d0c611,K'Sante,top:Rumble,lineup-2df755ed9a8c5eca,0,1196.00000000,19.93333333,0,4,2,0.50000000,5611.00000000,14181.00000000,137,711.42140468,0.20249738,0.31906851,9,0.45150502,1.00000000,-2065.00000000,-1822.00000000,-17.00000000,0,warmup,,,,,
pg-a121090e0bb7c257,LOLTMNT02_174136,2024-10-01T20:07:57,2024-10-01,2024,Unknown,0,14.18,Blue,oe:team:423471551f6ba1b127ed1c884aaa67a,regnum4games,oe:team:7ce620feffbc833577b805ce32faa31,WeSports,oe:player:dbcf00ee0e5f12c51952d7689cc1366,Relentless,bot,Jhin,oe:player:99fa5f1f22f7de8c29316bb51ea23e0,Kai'Sa,bot:Jhin,lineup-cd8beb8f9e8f2b6c,0,1508.00000000,25.13333333,2,6,0,0.33333333,9701.00000000,9535.00000000,185,379.37665782,0.21929111,0.17254171,9,0.35809019,0.33333333,-3219.00000000,-1761.00000000,-27.00000000,0,warmup,,,,,
pg-c0308dd86c3a8a77,LOLTMNT02_174136,2024-10-01T20:07:57,2024-10-01,2024,Unknown,0,14.18,Blue,oe:team:423471551f6ba1b127ed1c884aaa67a,regnum4games,oe:team:7ce620feffbc833577b805ce32faa31,WeSports,oe:player:d267ada2593780f4b32830a0d68c378,Fishue,jng,Xin Zhao,name-player-2d85bbcef17b886f,Sejuani,jng:Xin Zhao,lineup-cd8beb8f9e8f2b6c,0,1508.00000000,25.13333333,1,8,2,0.37500000,8759.00000000,8103.00000000,128,322.40053050,0.19799720,0.14662879,7,0.27851459,0.50000000,-688.00000000,-811.00000000,1.00000000,0,warmup,,,,,
pg-bf0d8945d3c5d5fd,LOLTMNT02_174136,2024-10-01T20:07:57,2024-10-01,2024,Unknown,0,14.18,Blue,oe:team:423471551f6ba1b127ed1c884aaa67a,regnum4games,oe:team:7ce620feffbc833577b805ce32faa31,WeSports,oe:player:b6e48b3f25c34b7326992303b80b46a,Jonny227,mid,Syndra,oe:player:6cb01b90479b4f67db603e6f9591124,Sylas,mid:Syndra,lineup-cd8beb8f9e8f2b6c,0,1508.00000000,25.13333333,1,9,1,0.22222222,8805.00000000,13753.00000000,158,547.20159151,0.19903703,0.24886902,22,0.87533156,0.33333333,-873.00000000,-532.00000000,27.00000000,0,warmup,,,,,
pg-61e7184b381ca397,LOLTMNT02_174136,2024-10-01T20:07:57,2024-10-01,2024,Unknown,0,14.18,Blue,oe:team:423471551f6ba1b127ed1c884aaa67a,regnum4games,oe:team:7ce620feffbc833577b805ce32faa31,WeSports,oe:player:a6345ed4722279338a3de46e175e32e,malteshadow,sup,Karma,oe:player:22a7c67bd0f00882e2a6217d6d72a25,Braum,sup:Karma,lineup-cd8beb8f9e8f2b6c,0,1508.00000000,25.13333333,0,8,4,0.50000000,6096.00000000,8125.00000000,14,323.27586207,0.13780008,0.14702689,58,2.30769231,0.66666667,-1103.00000000,-1388.00000000,-6.00000000,0,warmup,,,,,
pg-63d822f27369a622,LOLTMNT02_174136,2024-10-01T20:07:57,2024-10-01,2024,Unknown,0,14.18,Blue,oe:team:423471551f6ba1b127ed1c884aaa67a,regnum4games,oe:team:7ce620feffbc833577b805ce32faa31,WeSports,oe:player:24bb48091f3f1bb7302ac7f785f9d6d,FengDere,top,Gwen,name-player-a624051aef0cec36,K'Sante,top:Gwen,lineup-cd8beb8f9e8f2b6c,0,1508.00000000,25.13333333,2,4,1,0.75000000,10877.00000000,15746.00000000,224,626.49867374,0.24587459,0.28493359,16,0.63660477,0.50000000,193.00000000,-148.00000000,-13.00000000,0,warmup,,,,,
pg-120b4dcedaf09f8e,LOLTMNT02_174136,2024-10-01T20:07:57,2024-10-01,2024,Unknown,0,14.18,Red,oe:team:7ce620feffbc833577b805ce32faa31,WeSports,oe:team:423471551f6ba1b127ed1c884aaa67a,regnum4games,oe:player:99fa5f1f22f7de8c29316bb51ea23e0,Limitless,bot,Kai'Sa,oe:player:dbcf00ee0e5f12c51952d7689cc1366,Jhin,bot:Kai'Sa,lineup-fc8ab18485a7d8f9,1,1508.00000000,25.13333333,17,2,6,11.50000000,15714.00000000,23459.00000000,229,933.38196286,0.27593110,0.31236601,8,0.31830239,0.65714286,3219.00000000,1761.00000000,27.00000000,0,warmup,,,,,
pg-c2f0dc6888711935,LOLTMNT02_174136,2024-10-01T20:07:57,2024-10-01,2024,Unknown,0,14.18,Red,oe:team:7ce620feffbc833577b805ce32faa31,WeSports,oe:team:423471551f6ba1b127ed1c884aaa67a,regnum4games,name-player-2d85bbcef17b886f,WES Sunam,jng,Sejuani,oe:player:d267ada2593780f4b32830a0d68c378,Xin Zhao,jng:Sejuani,lineup-fc8ab18485a7d8f9,1,1508.00000000,25.13333333,5,0,15,20.00000000,10358.00000000,10011.00000000,151,398.31564987,0.18188203,0.13330049,24,0.95490716,0.57142857,688.00000000,811.00000000,-1.00000000,0,warmup,,,,,
pg-d610a51ef700844f,LOLTMNT02_174136,2024-10-01T20:07:57,2024-10-01,2024,Unknown,0,14.18,Red,oe:team:7ce620feffbc833577b805ce32faa31,WeSports,oe:team:423471551f6ba1b127ed1c884aaa67a,regnum4games,oe:player:6cb01b90479b4f67db603e6f9591124,Lychee,mid,Sylas,oe:player:b6e48b3f25c34b7326992303b80b46a,Syndra,mid:Sylas,lineup-fc8ab18485a7d8f9,1,1508.00000000,25.13333333,10,1,10,20.00000000,12645.00000000,26015.00000000,153,1035.07957560,0.22204077,0.34640018,24,0.95490716,0.57142857,873.00000000,532.00000000,-27.00000000,0,warmup,,,,,
pg-b00d6e32ec5819e0,LOLTMNT02_174136,2024-10-01T20:07:57,2024-10-01,2024,Unknown,0,14.18,Red,oe:team:7ce620feffbc833577b805ce32faa31,WeSports,oe:team:423471551f6ba1b127ed1c884aaa67a,regnum4games,oe:player:22a7c67bd0f00882e2a6217d6d72a25,Matinger,sup,Braum,oe:player:a6345ed4722279338a3de46e175e32e,Karma,sup:Braum,lineup-fc8ab18485a7d8f9,1,1508.00000000,25.13333333,1,1,21,22.00000000,8121.00000000,4908.00000000,19,195.27851459,0.14260127,0.06535199,74,2.94429708,0.62857143,1103.00000000,1388.00000000,6.00000000,0,warmup,,,,,
pg-4f2ee9679b005c90,LOLTMNT02_174136,2024-10-01T20:07:57,2024-10-01,2024,Unknown,0,14.18,Red,oe:team:7ce620feffbc833577b805ce32faa31,WeSports,oe:team:423471551f6ba1b127ed1c884aaa67a,regnum4games,name-player-a624051aef0cec36,WES Psychosis,top,K'Sante,oe:player:24bb48091f3f1bb7302ac7f785f9d6d,Gwen,top:K'Sante,lineup-fc8ab18485a7d8f9,1,1508.00000000,25.13333333,2,2,3,2.50000000,10111.00000000,10708.00000000,233,426.04774536,0.17754482,0.14258132,15,0.59681698,0.14285714,-193.00000000,148.00000000,13.00000000,0,warmup,,,,,
pg-914882599d9c7ae5,LOLTMNT05_89416,2024-10-08T15:07:24,2024-10-08,2024,Unknown,0,14.18,Blue,oe:team:e11d88a3cdcd9d6fbb73a26b0f8a300,DKB XPERION NXT,oe:team:659132057bf3872268ec0676b57862b,VININE,oe:player:9f8d365508ded3ca9701eff2003d6ad,looki,bot,Ziggs,oe:player:647414e68f7beb0742f4a0cc5523ac5,Miss Fortune,bot:Ziggs,lineup-adb44e46dfba6b7e,1,1757.00000000,29.28333333,3,0,3,6.00000000,13880.00000000,12729.00000000,283,434.68412066,0.22903912,0.22836383,20,0.68298236,0.37500000,1226.00000000,655.00000000,-3.00000000,0,warmup,,,,,
pg-8e9f11d1ab67e9da,LOLTMNT05_89416,2024-10-08T15:07:24,2024-10-08,2024,Unknown,0,14.18,Blue,oe:team:e11d88a3cdcd9d6fbb73a26b0f8a300,DKB XPERION NXT,oe:team:659132057bf3872268ec0676b57862b,VININE,oe:player:30f18a468db8d9e940f0818a682318b,Techoteco,jng,Jarvan IV,oe:player:1a14d03bc1d87f1604660783edbbcdd,Amumu,jng:Jarvan IV,lineup-adb44e46dfba6b7e,1,1757.00000000,29.28333333,4,3,5,3.00000000,12292.00000000,6265.00000000,207,213.94422311,0.20283494,0.11239684,32,1.09277177,0.56250000,385.00000000,-227.00000000,-3.00000000,0,warmup,,,,,
pg-2612f875184d1854,LOLTMNT05_89416,2024-10-08T15:07:24,2024-10-08,2024,Unknown,0,14.18,Blue,oe:team:e11d88a3cdcd9d6fbb73a26b0f8a300,DKB XPERION NXT,oe:team:659132057bf3872268ec0676b57862b,VININE,oe:player:ff71e751aa5f67010f80aad602ecdfe,Luke,mid,Sylas,oe:player:1e649d109aa635c132bb40ea7a78cf5,Smolder,mid:Sylas,lineup-adb44e46dfba6b7e,1,1757.00000000,29.28333333,3,1,3,6.00000000,12444.00000000,15086.00000000,227,515.17359135,0.20534315,0.27064944,17,0.58053500,0.37500000,879.00000000,325.00000000,-4.00000000,0,warmup,,,,,
pg-5559600a6d892e29,LOLTMNT05_89416,2024-10-08T15:07:24,2024-10-08,2024,Unknown,0,14.18,Blue,oe:team:e11d88a3cdcd9d6fbb73a26b0f8a300,DKB XPERION NXT,oe:team:659132057bf3872268ec0676b57862b,VININE,oe:player:21177b451d4c05fc389ac6cc767dfce,Ephekles,sup,Poppy,oe:player:673ed98a945993e162019b463e02c90,Nami,sup:Poppy,lineup-adb44e46dfba6b7e,1,1757.00000000,29.28333333,3,2,8,5.50000000,8694.00000000,10224.00000000,25,349.14058054,0.14346298,0.18342304,124,4.23449061,0.68750000,1806.00000000,254.00000000,0.00000000,0,warmup,,,,,
pg-fc1d0e1d3cf96dc0,LOLTMNT05_89416,2024-10-08T15:07:24,2024-10-08,2024,Unknown,0,14.18,Blue,oe:team:e11d88a3cdcd9d6fbb73a26b0f8a300,DKB XPERION NXT,oe:team:659132057bf3872268ec0676b57862b,VININE,oe:player:9f19603cf47eb7f0b95afbbd249f69c,Tayto,top,Gnar,oe:player:abe5156b7e4b82b118cae3f52432995,Renekton,top:Gnar,lineup-adb44e46dfba6b7e,1,1757.00000000,29.28333333,3,2,1,2.00000000,13291.00000000,11436.00000000,260,390.52931133,0.21931981,0.20516685,30,1.02447353,0.25000000,742.00000000,848.00000000,-4.00000000,0,warmup,,,,,
pg-96a21b41fec1b939,LOLTMNT05_89416,2024-10-08T15:07:24,2024-10-08,2024,Unknown,0,14.18,Red,oe:team:659132057bf3872268ec0676b57862b,VININE,oe:team:e11d88a3cdcd9d6fbb73a26b0f8a300,DKB XPERION NXT,oe:player:647414e68f7beb0742f4a0cc5523ac5,Sola,bot,Miss Fortune,oe:player:9f8d365508ded3ca9701eff2003d6ad,Ziggs,bot:Miss Fortune,lineup-3dcc392eae23e239,0,1757.00000000,29.28333333,1,3,2,1.00000000,10681.00000000,7325.00000000,271,250.14228799,0.22674875,0.17300834,25,0.85372795,0.37500000,-1226.00000000,-655.00000000,3.00000000,0,warmup,,,,,
pg-741323e46391fe84,LOLTMNT05_89416,2024-10-08T15:07:24,2024-10-08,2024,Unknown,0,14.18,Red,oe:team:659132057bf3872268ec0676b57862b,VININE,oe:team:e11d88a3cdcd9d6fbb73a26b0f8a300,DKB XPERION NXT,oe:player:1a14d03bc1d87f1604660783edbbcdd,Autophil,jng,Amumu,oe:player:30f18a468db8d9e940f0818a682318b,Jarvan IV,jng:Amumu,lineup-3dcc392eae23e239,0,1757.00000000,29.28333333,4,5,4,1.60000000,9811.00000000,12514.00000000,179,427.34206033,0.20827938,0.29556674,33,1.12692089,1.00000000,-385.00000000,227.00000000,3.00000000,0,warmup,,,,,
pg-879884707f95a18c,LOLTMNT05_89416,2024-10-08T15:07:24,2024-10-08,2024,Unknown,0,14.18,Red,oe:team:659132057bf3872268ec0676b57862b,VININE,oe:team:e11d88a3cdcd9d6fbb73a26b0f8a300,DKB XPERION NXT,oe:player:1e649d109aa635c132bb40ea7a78cf5,Bladeshow,mid,Smolder,oe:player:ff71e751aa5f67010f80aad602ecdfe,Sylas,mid:Smolder,lineup-3dcc392eae23e239,0,1757.00000000,29.28333333,2,3,0,0.66666667,11301.00000000,10623.00000000,303,362.76607854,0.23991084,0.25090342,18,0.61468412,0.25000000,-879.00000000,-325.00000000,4.00000000,0,warmup,,,,,
pg-f515d0f94bb66fac,LOLTMNT05_89416,2024-10-08T15:07:24,2024-10-08,2024,Unknown,0,14.18,Red,oe:team:659132057bf3872268ec0676b57862b,VININE,oe:team:e11d88a3cdcd9d6fbb73a26b0f8a300,DKB XPERION NXT,oe:player:673ed98a945993e162019b463e02c90,Kutcher,sup,Nami,oe:player:21177b451d4c05fc389ac6cc767dfce,Poppy,sup:Nami,lineup-3dcc392eae23e239,0,1757.00000000,29.28333333,0,1,3,3.00000000,5769.00000000,3196.00000000,23,109.14058054,0.12247108,0.07548596,58,1.98064883,0.37500000,-1806.00000000,-254.00000000,0.00000000,0,warmup,,,,,
pg-f5b73239b133f2d3,LOLTMNT05_89416,2024-10-08T15:07:24,2024-10-08,2024,Unknown,0,14.18,Red,oe:team:659132057bf3872268ec0676b57862b,VININE,oe:team:e11d88a3cdcd9d6fbb73a26b0f8a300,DKB XPERION NXT,oe:player:abe5156b7e4b82b118cae3f52432995,Kamon,top,Renekton,oe:player:9f19603cf47eb7f0b95afbbd249f69c,Gnar,top:Renekton,lineup-3dcc392eae23e239,0,1757.00000000,29.28333333,1,4,4,1.25000000,9543.00000000,8681.00000000,220,296.44849175,0.20258996,0.20503555,18,0.61468412,0.62500000,-742.00000000,-848.00000000,4.00000000,0,warmup,,,,,
pg-668174e523bb4250,LOLTMNT05_88435,2024-10-08T15:08:19,2024-10-08,2024,Unknown,0,14.18,Blue,name-team-94cd00fd2b536ea9,Foxnyr Esports,oe:team:0410783728358f6e711de31a6f1e8f9,Kaufland Hangry Knights,oe:player:a238e2ff1b33deb842248e99ee43b3b,Marth,bot,Varus,oe:player:1a38c55db5f8af06ebac94d8530ff71,Zeri,bot:Varus,lineup-f1cfc30b520e0c8a,0,1341.00000000,22.35000000,3,10,2,0.50000000,8213.00000000,13008.00000000,152,582.01342282,0.23109173,0.27346690,14,0.62639821,0.50000000,-3377.00000000,-911.00000000,-33.00000000,0,warmup,,,,,
pg-4172e4418a7cb316,LOLTMNT05_88435,2024-10-08T15:08:19,2024-10-08,2024,Unknown,0,14.18,Blue,name-team-94cd00fd2b536ea9,Foxnyr Esports,oe:team:0410783728358f6e711de31a6f1e8f9,Kaufland Hangry Knights,name-player-03e96b2e7c21f1df,FXN Kyumaru,jng,Skarner,oe:player:e8ff461b567776b254963373be94961,Ivern,jng:Skarner,lineup-f1cfc30b520e0c8a,0,1341.00000000,22.35000000,2,6,1,0.50000000,6414.00000000,4548.00000000,103,203.48993289,0.18047271,0.09561250,13,0.58165548,0.30000000,-1908.00000000,-892.00000000,-4.00000000,0,warmup,,,,,
pg-1c5665d0860e5c8a,LOLTMNT05_88435,2024-10-08T15:08:19,2024-10-08,2024,Unknown,0,14.18,Blue,name-team-94cd00fd2b536ea9,Foxnyr Esports,oe:team:0410783728358f6e711de31a6f1e8f9,Kaufland Hangry Knights,name-player-e23c98ad4687f95b,FXN Brozart,mid,Ahri,oe:player:d7432b52de9ff23e6aa98374fe63375,Yone,mid:Ahri,lineup-f1cfc30b520e0c8a,0,1341.00000000,22.35000000,0,7,3,0.42857143,7642.00000000,14511.00000000,186,649.26174497,0.21502532,0.30506444,11,0.49217002,0.30000000,-1964.00000000,-1218.00000000,-24.00000000,0,warmup,,,,,
pg-6815cc437dad2b0e,LOLTMNT05_88435,2024-10-08T15:08:19,2024-10-08,2024,Unknown,0,14.18,Blue,name-team-94cd00fd2b536ea9,Foxnyr Esports,oe:team:0410783728358f6e711de31a6f1e8f9,Kaufland Hangry Knights,name-player-364552794256d3fa,FXN Maxiethundr,sup,Nautilus,oe:player:6369ba49db4cf35b35a7c47e3d4a4fd,Alistar,sup:Nautilus,lineup-f1cfc30b520e0c8a,0,1341.00000000,22.35000000,1,8,2,0.37500000,5242.00000000,4464.00000000,26,199.73154362,0.14749578,0.09384657,51,2.28187919,0.30000000,-920.00000000,-786.00000000,10.00000000,0,warmup,,,,,
pg-4129adbd128fafc9,LOLTMNT05_88435,2024-10-08T15:08:19,2024-10-08,2024,Unknown,0,14.18,Blue,name-team-94cd00fd2b536ea9,Foxnyr Esports,oe:team:0410783728358f6e711de31a6f1e8f9,Kaufland Hangry Knights,name-player-ab67dcd647e68aa4,FXN Fralimo,top,Tahm Kench,oe:player:74cc915f83955219866a1bc32a90285,Udyr,top:Tahm Kench,lineup-f1cfc30b520e0c8a,0,1341.00000000,22.35000000,4,2,0,2.00000000,8029.00000000,11036.00000000,145,493.78076063,0.22591446,0.23200959,7,0.31319911,0.40000000,465.00000000,1311.00000000,-11.00000000,0,warmup,,,,,
pg-e5bbfe1cb2810607,LOLTMNT05_88435,2024-10-08T15:08:19,2024-10-08,2024,Unknown,0,14.18,Red,oe:team:0410783728358f6e711de31a6f1e8f9,Kaufland Hangry Knights,name-team-94cd00fd2b536ea9,Foxnyr Esports,oe:player:1a38c55db5f8af06ebac94d8530ff71,Avra,bot,Zeri,oe:player:a238e2ff1b33deb842248e99ee43b3b,Varus,bot:Zeri,lineup-6218d111695859c5,1,1341.00000000,22.35000000,18,0,8,26.00000000,15855.00000000,26252.00000000,252,1174.58612975,0.28788539,0.31228216,23,1.02908277,0.78787879,3377.00000000,911.00000000,33.00000000,0,warmup,,,,,
pg-9c2480ab4450c2de,LOLTMNT05_88435,2024-10-08T15:08:19,2024-10-08,2024,Unknown,0,14.18,Red,oe:team:0410783728358f6e711de31a6f1e8f9,Kaufland Hangry Knights,name-team-94cd00fd2b536ea9,Foxnyr Esports,oe:player:e8ff461b567776b254963373be94961,Toni,jng,Ivern,name-player-03e96b2e7c21f1df,Skarner,jng:Ivern,lineup-6218d111695859c5,1,1341.00000000,22.35000000,3,1,27,30.00000000,9959.00000000,10126.00000000,101,453.06487696,0.18082943,0.12045441,24,1.07382550,0.90909091,1908.00000000,892.00000000,4.00000000,0,warmup,,,,,
pg-d492d418bd278034,LOLTMNT05_88435,2024-10-08T15:08:19,2024-10-08,2024,Unknown,0,14.18,Red,oe:team:0410783728358f6e711de31a6f1e8f9,Kaufland Hangry Knights,name-team-94cd00fd2b536ea9,Foxnyr Esports,oe:player:d7432b52de9ff23e6aa98374fe63375,Nite,mid,Yone,name-player-e23c98ad4687f95b,Ahri,mid:Yone,lineup-6218d111695859c5,1,1341.00000000,22.35000000,4,4,3,1.75000000,11260.00000000,15186.00000000,228,679.46308725,0.20445219,0.18064593,10,0.44742729,0.21212121,1964.00000000,1218.00000000,24.00000000,0,warmup,,,,,
pg-6c1eda3750872a7e,LOLTMNT05_88435,2024-10-08T15:08:19,2024-10-08,2024,Unknown,0,14.18,Red,oe:team:0410783728358f6e711de31a6f1e8f9,Kaufland Hangry Knights,name-team-94cd00fd2b536ea9,Foxnyr Esports,oe:player:6369ba49db4cf35b35a7c47e3d4a4fd,Visdom,sup,Alistar,name-player-364552794256d3fa,Nautilus,sup:Alistar,lineup-6218d111695859c5,1,1341.00000000,22.35000000,3,2,24,13.50000000,7686.00000000,8649.00000000,15,386.97986577,0.13955769,0.10288467,46,2.05816555,0.81818182,920.00000000,786.00000000,-10.00000000,0,warmup,,,,,
pg-8cd7242b76a2e12a,LOLTMNT05_88435,2024-10-08T15:08:19,2024-10-08,2024,Unknown,0,14.18,Red,oe:team:0410783728358f6e711de31a6f1e8f9,Kaufland Hangry Knights,name-team-94cd00fd2b536ea9,Foxnyr Esports,oe:player:74cc915f83955219866a1bc32a90285,Sven,top,Udyr,name-player-ab67dcd647e68aa4,Tahm Kench,top:Udyr,lineup-6218d111695859c5,1,1341.00000000,22.35000000,5,3,12,5.66666667,10314.00000000,23852.00000000,173,1067.20357942,0.18727530,0.28373283,13,0.58165548,0.51515152,-465.00000000,-1311.00000000,11.00000000,0,warmup,,,,,
pg-34c5a2bb3a512ed7,LOLTMNT05_89408,2024-10-08T15:10:05,2024-10-08,2024,Unknown,0,14.18,Blue,oe:team:3de935df8f40fbb4d0e564d4a20e6cb,Berlin International Gaming,oe:team:573f080fbc713a0b7ab0768e157e84b,RNL ROAR,oe:player:71b8101d78beb04a089caa90a8d9310,Jeskla,bot,Kai'Sa,oe:player:45df7c1539514a00818b38a127ce0df,Ziggs,bot:Kai'Sa,lineup-82727a2573d80da3,1,1648.00000000,27.46666667,6,3,7,4.33333333,13291.00000000,19649.00000000,253,715.37621359,0.21908121,0.23810620,47,1.71116505,0.48148148,155.00000000,-85.00000000,7.00000000,0,warmup,,,,,
pg-28afbd6626d4fa98,LOLTMNT05_89408,2024-10-08T15:10:05,2024-10-08,2024,Unknown,0,14.18,Blue,oe:team:3de935df8f40fbb4d0e564d4a20e6cb,Berlin International Gaming,oe:team:573f080fbc713a0b7ab0768e157e84b,RNL ROAR,oe:player:3597a9b82f5f462aaa8a0fa552a9bac,Densi,jng,Wukong,oe:player:c7d9dc96ddd149b1f0e8fc05cc98bdb,Jarvan IV,jng:Wukong,lineup-82727a2573d80da3,1,1648.00000000,27.46666667,1,1,14,15.00000000,10984.00000000,8095.00000000,175,294.72087379,0.18105395,0.09809505,31,1.12864078,0.55555556,-184.00000000,-875.00000000,-31.00000000,0,warmup,,,,,
pg-14db4a39396d6a13,LOLTMNT05_89408,2024-10-08T15:10:05,2024-10-08,2024,Unknown,0,14.18,Blue,oe:team:3de935df8f40fbb4d0e564d4a20e6cb,Berlin International Gaming,oe:team:573f080fbc713a0b7ab0768e157e84b,RNL ROAR,oe:player:2096ff50c6496d70e4b39793390c9ce,Sencux,mid,Sylas,oe:player:87606cbadadd5442d24caadd3d1ae7e,Ryze,mid:Sylas,lineup-82727a2573d80da3,1,1648.00000000,27.46666667,12,4,6,4.50000000,13926.00000000,29727.00000000,213,1082.29368932,0.22954819,0.36023121,25,0.91019417,0.66666667,-1257.00000000,-972.00000000,-27.00000000,0,warmup,,,,,
pg-a1fd69afc0f95c46,LOLTMNT05_89408,2024-10-08T15:10:05,2024-10-08,2024,Unknown,0,14.18,Blue,oe:team:3de935df8f40fbb4d0e564d4a20e6cb,Berlin International Gaming,oe:team:573f080fbc713a0b7ab0768e157e84b,RNL ROAR,oe:player:74f3f60a44ee916ecc257a5381be756,Lekcyc,sup,Leona,oe:player:c44688b5061756b3cca2b86c016a153,Rell,sup:Leona,lineup-82727a2573d80da3,1,1648.00000000,27.46666667,4,3,16,6.66666667,9059.00000000,8487.00000000,29,308.99271845,0.14932336,0.10284530,104,3.78640777,0.74074074,441.00000000,429.00000000,2.00000000,0,warmup,,,,,
pg-9b3be84aa7593b82,LOLTMNT05_89408,2024-10-08T15:10:05,2024-10-08,2024,Unknown,0,14.18,Blue,oe:team:3de935df8f40fbb4d0e564d4a20e6cb,Berlin International Gaming,oe:team:573f080fbc713a0b7ab0768e157e84b,RNL ROAR,oe:player:e0b008815ab05c5cdaf4d46ab61ff63,Vizicsacsi,top,Renekton,oe:player:a29d50ec9ee6f5afcb6ddee443f6255,Gnar,top:Renekton,lineup-82727a2573d80da3,1,1648.00000000,27.46666667,4,3,8,4.00000000,13407.00000000,16564.00000000,252,603.05825243,0.22099329,0.20072223,30,1.09223301,0.44444444,-153.00000000,-343.00000000,-1.00000000,0,warmup,,,,,
pg-89be586d9339a382,LOLTMNT05_89408,2024-10-08T15:10:05,2024-10-08,2024,Unknown,0,14.18,Red,oe:team:573f080fbc713a0b7ab0768e157e84b,RNL ROAR,oe:team:3de935df8f40fbb4d0e564d4a20e6cb,Berlin International Gaming,oe:player:45df7c1539514a00818b38a127ce0df,TLamp,bot,Ziggs,oe:player:71b8101d78beb04a089caa90a8d9310,Kai'Sa,bot:Ziggs,lineup-fcff6d029d750ef5,0,1648.00000000,27.46666667,2,6,3,0.83333333,9825.00000000,19592.00000000,224,713.30097087,0.19738428,0.22332155,22,0.80097087,0.35714286,-155.00000000,85.00000000,-7.00000000,0,warmup,,,,,
pg-464867ac6553a909,LOLTMNT05_89408,2024-10-08T15:10:05,2024-10-08,2024,Unknown,0,14.18,Red,oe:team:573f080fbc713a0b7ab0768e157e84b,RNL ROAR,oe:team:3de935df8f40fbb4d0e564d4a20e6cb,Berlin International Gaming,oe:player:c7d9dc96ddd149b1f0e8fc05cc98bdb,WarShogun,jng,Jarvan IV,oe:player:3597a9b82f5f462aaa8a0fa552a9bac,Wukong,jng:Jarvan IV,lineup-fcff6d029d750ef5,0,1648.00000000,27.46666667,1,5,6,1.40000000,8860.00000000,7065.00000000,180,257.22087379,0.17799743,0.08053118,29,1.05582524,0.50000000,184.00000000,875.00000000,31.00000000,0,warmup,,,,,
pg-dfd20568105092e4,LOLTMNT05_89408,2024-10-08T15:10:05,2024-10-08,2024,Unknown,0,14.18,Red,oe:team:573f080fbc713a0b7ab0768e157e84b,RNL ROAR,oe:team:3de935df8f40fbb4d0e564d4a20e6cb,Berlin International Gaming,oe:player:87606cbadadd5442d24caadd3d1ae7e,Honest,mid,Ryze,oe:player:2096ff50c6496d70e4b39793390c9ce,Sylas,mid:Ryze,lineup-fcff6d029d750ef5,0,1648.00000000,27.46666667,5,7,4,1.28571429,11983.00000000,32589.00000000,229,1186.49271845,0.24073851,0.37146928,18,0.65533981,0.64285714,1257.00000000,972.00000000,27.00000000,0,warmup,,,,,
pg-03fa6881385e3497,LOLTMNT05_89408,2024-10-08T15:10:05,2024-10-08,2024,Unknown,0,14.18,Red,oe:team:573f080fbc713a0b7ab0768e157e84b,RNL ROAR,oe:team:3de935df8f40fbb4d0e564d4a20e6cb,Berlin International Gaming,oe:player:c44688b5061756b3cca2b86c016a153,Luis,sup,Rell,oe:player:74f3f60a44ee916ecc257a5381be756,Leona,sup:Rell,lineup-fcff6d029d750ef5,0,1648.00000000,27.46666667,1,6,8,1.50000000,6638.00000000,4861.00000000,23,176.97815534,0.13335744,0.05540864,83,3.02184466,0.64285714,-441.00000000,-429.00000000,-2.00000000,0,warmup,,,,,
pg-da14ac7c94e17502,LOLTMNT05_89408,2024-10-08T15:10:05,2024-10-08,2024,Unknown,0,14.18,Red,oe:team:573f080fbc713a0b7ab0768e157e84b,RNL ROAR,oe:team:3de935df8f40fbb4d0e564d4a20e6cb,Berlin International Gaming,oe:player:a29d50ec9ee6f5afcb6ddee443f6255,lupi,top,Gnar,oe:player:e0b008815ab05c5cdaf4d46ab61ff63,Renekton,top:Gnar,lineup-fcff6d029d750ef5,0,1648.00000000,27.46666667,5,3,0,1.66666667,12470.00000000,23623.00000000,250,860.06067961,0.25052234,0.26926935,20,0.72815534,0.35714286,153.00000000,343.00000000,1.00000000,0,warmup,,,,,
pg-b1e025db5e6d8059,LOLTMNT02_177025,2024-10-08T15:11:06,2024-10-08,2024,Unknown,0,14.18,Blue,oe:team:980ab072663574c2e4fca71f275d302,Eintracht Spandau,name-team-b00e02d31d63590c,AIX eSports,oe:player:9ea5afea85321b13df74acb62bfb530,Fun K3y,bot,Vayne,name-player-ee8d52a50a86bd3f,Jhin,bot:Vayne,lineup-7806ec98ee9cc07b,1,1439.00000000,23.98333333,10,3,6,5.33333333,12591.00000000,22682.00000000,197,945.74009729,0.22950312,0.26736291,21,0.87560806,0.61538462,928.00000000,1103.00000000,37.00000000,0,warmup,,,,,
pg-26860cf44e5ea5a8,LOLTMNT02_177025,2024-10-08T15:11:06,2024-10-08,2024,Unknown,0,14.18,Blue,oe:team:980ab072663574c2e4fca71f275d302,Eintracht Spandau,name-team-b00e02d31d63590c,AIX eSports,oe:player:25372337c424d854728ed2a7775efb6,Zanzarah,jng,Maokai,oe:player:b401584337ccf62f7c91e9759734808,Sejuani,jng:Maokai,lineup-7806ec98ee9cc07b,1,1439.00000000,23.98333333,2,3,16,6.00000000,9498.00000000,13210.00000000,128,550.79916609,0.17312530,0.15571220,19,0.79221682,0.69230769,756.00000000,115.00000000,0.00000000,0,warmup,,,,,
pg-185de27bf7563ad5,LOLTMNT02_177025,2024-10-08T15:11:06,2024-10-08,2024,Unknown,0,14.18,Blue,oe:team:980ab072663574c2e4fca71f275d302,Eintracht Spandau,name-team-b00e02d31d63590c,AIX eSports,oe:player:b6ebe3c8487ddc3a23c586e650c4528,PowerOfEvil,mid,Yone,oe:player:e130e2c7551384e1262e534a35d1cec,Sylas,mid:Yone,lineup-7806ec98ee9cc07b,1,1439.00000000,23.98333333,7,3,8,5.00000000,12657.00000000,22527.00000000,220,939.27727589,0.23070614,0.26553586,30,1.25086866,0.57692308,1116.00000000,1503.00000000,38.00000000,0,warmup,,,,,
pg-11c40367bc1b6d4d,LOLTMNT02_177025,2024-10-08T15:11:06,2024-10-08,2024,Unknown,0,14.18,Blue,oe:team:980ab072663574c2e4fca71f275d302,Eintracht Spandau,name-team-b00e02d31d63590c,AIX eSports,oe:player:a291e13e72870a901a7a03a59d9c6be,Lilipp,sup,Lulu,name-player-35ad7290bebc1bbf,Rakan,sup:Lulu,lineup-7806ec98ee9cc07b,1,1439.00000000,23.98333333,4,3,21,8.33333333,8687.00000000,12030.00000000,14,501.59833218,0.15834275,0.14180301,60,2.50173732,0.96153846,333.00000000,-375.00000000,-16.00000000,0,warmup,,,,,
pg-a6d36c9c013b44d9,LOLTMNT02_177025,2024-10-08T15:11:06,2024-10-08,2024,Unknown,0,14.18,Blue,oe:team:980ab072663574c2e4fca71f275d302,Eintracht Spandau,name-team-b00e02d31d63590c,AIX eSports,oe:player:3ef7267325e7c72a8ca898504722520,Vertigo,top,Jax,oe:player:85940c01bc7a2392ac8be57e96545f4,K'Sante,top:Jax,lineup-7806ec98ee9cc07b,1,1439.00000000,23.98333333,3,0,6,9.00000000,11429.00000000,14387.00000000,246,599.87491313,0.20832270,0.16958602,18,0.75052120,0.34615385,1214.00000000,759.00000000,39.00000000,0,warmup,,,,,
pg-2169c4279932e1a8,LOLTMNT02_177025,2024-10-08T15:11:06,2024-10-08,2024,Unknown,0,14.18,Red,name-team-b00e02d31d63590c,AIX eSports,oe:team:980ab072663574c2e4fca71f275d302,Eintracht Spandau,name-player-ee8d52a50a86bd3f,AIX TrippleJ,bot,Jhin,oe:player:9ea5afea85321b13df74acb62bfb530,Vayne,bot:Jhin,lineup-36efe75e6fdf2999,0,1439.00000000,23.98333333,3,3,2,1.66666667,8728.00000000,11360.00000000,187,473.66226546,0.23630703,0.23215417,9,0.37526060,0.41666667,-928.00000000,-1103.00000000,-37.00000000,0,warmup,,,,,
pg-bf23b7f8ce34f76b,LOLTMNT02_177025,2024-10-08T15:11:06,2024-10-08,2024,Unknown,0,14.18,Red,name-team-b00e02d31d63590c,AIX eSports,oe:team:980ab072663574c2e4fca71f275d302,Eintracht Spandau,oe:player:b401584337ccf62f7c91e9759734808,ShinyQB,jng,Sejuani,oe:player:25372337c424d854728ed2a7775efb6,Maokai,jng:Sejuani,lineup-36efe75e6fdf2999,0,1439.00000000,23.98333333,0,6,5,0.83333333,6762.00000000,4943.00000000,128,206.10145935,0.18307838,0.10101567,24,1.00069493,0.41666667,-756.00000000,-115.00000000,0.00000000,0,warmup,,,,,
pg-7da9fd3f348dc67f,LOLTMNT02_177025,2024-10-08T15:11:06,2024-10-08,2024,Unknown,0,14.18,Red,name-team-b00e02d31d63590c,AIX eSports,oe:team:980ab072663574c2e4fca71f275d302,Eintracht Spandau,oe:player:e130e2c7551384e1262e534a35d1cec,Lebronzey,mid,Sylas,oe:player:b6ebe3c8487ddc3a23c586e650c4528,Yone,mid:Sylas,lineup-36efe75e6fdf2999,0,1439.00000000,23.98333333,7,8,1,1.00000000,8844.00000000,18258.00000000,141,761.27866574,0.23944768,0.37312243,18,0.75052120,0.66666667,-1116.00000000,-1503.00000000,-38.00000000,0,warmup,,,,,
pg-ca3f2304489acd63,LOLTMNT02_177025,2024-10-08T15:11:06,2024-10-08,2024,Unknown,0,14.18,Red,name-team-b00e02d31d63590c,AIX eSports,oe:team:980ab072663574c2e4fca71f275d302,Eintracht Spandau,name-player-35ad7290bebc1bbf,AIX Don,sup,Rakan,oe:player:a291e13e72870a901a7a03a59d9c6be,Lulu,sup:Rakan,lineup-36efe75e6fdf2999,0,1439.00000000,23.98333333,2,5,5,1.40000000,6112.00000000,5352.00000000,31,223.15496873,0.16547990,0.10937404,78,3.25225851,0.58333333,-333.00000000,375.00000000,16.00000000,0,warmup,,,,,
pg-9b45d50f4d5772d9,LOLTMNT02_177025,2024-10-08T15:11:06,2024-10-08,2024,Unknown,0,14.18,Red,name-team-b00e02d31d63590c,AIX eSports,oe:team:980ab072663574c2e4fca71f275d302,Eintracht Spandau,oe:player:85940c01bc7a2392ac8be57e96545f4,Anto,top,K'Sante,oe:player:3ef7267325e7c72a8ca898504722520,Jax,top:K'Sante,lineup-36efe75e6fdf2999,0,1439.00000000,23.98333333,0,4,1,0.25000000,6489.00000000,9020.00000000,152,376.09451008,0.17568702,0.18433368,12,0.50034746,0.08333333,-1214.00000000,-759.00000000,-39.00000000,0,warmup,,,,,
pg-a5f06cc3c0e4f673,LOLTMNT05_89423,2024-10-08T15:59:34,2024-10-08,2024,Unknown,0,14.18,Blue,oe:team:20ac802b980b4a0e33e933f3a5f9505,Team Mentality,oe:team:980ab072663574c2e4fca71f275d302,Eintracht Spandau,oe:player:6170acc7982df44bea9133f93176f88,Sheja,bot,Ashe,oe:player:9ea5afea85321b13df74acb62bfb530,Seraphine,bot:Ashe,lineup-a67825ca9783cd72,0,1369.00000000,22.81666667,1,6,1,0.33333333,6987.00000000,9214.00000000,151,403.82761140,0.19092251,0.14614030,11,0.48210373,0.28571429,-2641.00000000,-1794.00000000,-52.00000000,0,warmup,,,,,
pg-5036f8a70e739ba0,LOLTMNT05_89423,2024-10-08T15:59:34,2024-10-08,2024,Unknown,0,14.18,Blue,oe:team:20ac802b980b4a0e33e933f3a5f9505,Team Mentality,oe:team:980ab072663574c2e4fca71f275d302,Eintracht Spandau,oe:player:4ab250820a1b574c893716ba9134180,Striker,jng,Karthus,oe:player:25372337c424d854728ed2a7775efb6,Sejuani,jng:Karthus,lineup-a67825ca9783cd72,0,1369.00000000,22.81666667,1,11,3,0.36363636,7721.00000000,17481.00000000,153,766.15047480,0.21097934,0.27726054,11,0.48210373,0.57142857,-569.00000000,11.00000000,31.00000000,0,warmup,,,,,
pg-5ac3d81fe0689b95,LOLTMNT05_89423,2024-10-08T15:59:34,2024-10-08,2024,Unknown,0,14.18,Blue,oe:team:20ac802b980b4a0e33e933f3a5f9505,Team Mentality,oe:team:980ab072663574c2e4fca71f275d302,Eintracht Spandau,oe:player:ffa51c3e9e63cddfc4e8c4adcf6f016,Unchained,mid,Sion,oe:player:b6ebe3c8487ddc3a23c586e650c4528,Yone,mid:Sion,lineup-a67825ca9783cd72,0,1369.00000000,22.81666667,0,3,4,1.33333333,7294.00000000,10474.00000000,183,459.05040175,0.19931140,0.16612476,10,0.43827611,0.57142857,-2957.00000000,-820.00000000,-12.00000000,0,warmup,,,,,
pg-13892ad283fb1916,LOLTMNT05_89423,2024-10-08T15:59:34,2024-10-08,2024,Unknown,0,14.18,Blue,oe:team:20ac802b980b4a0e33e933f3a5f9505,Team Mentality,oe:team:980ab072663574c2e4fca71f275d302,Eintracht Spandau,oe:player:55a76357763a7268e85b78272f7179a,Turtlaren,sup,Janna,oe:player:a291e13e72870a901a7a03a59d9c6be,Pyke,sup:Janna,lineup-a67825ca9783cd72,0,1369.00000000,22.81666667,0,5,2,0.40000000,4679.00000000,4818.00000000,15,211.16143170,0.12785550,0.07641676,54,2.36669102,0.28571429,-2372.00000000,-1500.00000000,-9.00000000,0,warmup,,,,,
pg-9656bd3e72d59c32,LOLTMNT05_89423,2024-10-08T15:59:34,2024-10-08,2024,Unknown,0,14.18,Blue,oe:team:20ac802b980b4a0e33e933f3a5f9505,Team Mentality,oe:team:980ab072663574c2e4fca71f275d302,Eintracht Spandau,oe:player:b5eb44eff14a0f0624058aa192e3e5e,GentlemanHero,top,Olaf,oe:player:3ef7267325e7c72a8ca898504722520,Camille,top:Olaf,lineup-a67825ca9783cd72,0,1369.00000000,22.81666667,5,10,2,0.70000000,9915.00000000,21062.00000000,161,923.09715121,0.27093125,0.33405764,8,0.35062089,1.00000000,-1118.00000000,-1798.00000000,-24.00000000,0,warmup,,,,,
pg-cf250d5927cf3eed,LOLTMNT05_89423,2024-10-08T15:59:34,2024-10-08,2024,Unknown,0,14.18,Red,oe:team:980ab072663574c2e4fca71f275d302,Eintracht Spandau,oe:team:20ac802b980b4a0e33e933f3a5f9505,Team Mentality,oe:player:9ea5afea85321b13df74acb62bfb530,Fun K3y,bot,Seraphine,oe:player:6170acc7982df44bea9133f93176f88,Ashe,bot:Seraphine,lineup-7806ec98ee9cc07b,1,1369.00000000,22.81666667,7,2,10,8.50000000,12042.00000000,23058.00000000,227,1010.57706355,0.21634149,0.24918139,15,0.65741417,0.48571429,2641.00000000,1794.00000000,52.00000000,0,warmup,,,,,
pg-1fadff9c0bda4c9e,LOLTMNT05_89423,2024-10-08T15:59:34,2024-10-08,2024,Unknown,0,14.18,Red,oe:team:980ab072663574c2e4fca71f275d302,Eintracht Spandau,oe:team:20ac802b980b4a0e33e933f3a5f9505,Team Mentality,oe:player:25372337c424d854728ed2a7775efb6,Zanzarah,jng,Sejuani,oe:player:4ab250820a1b574c893716ba9134180,Karthus,jng:Sejuani,lineup-7806ec98ee9cc07b,1,1369.00000000,22.81666667,4,2,15,9.50000000,8928.00000000,10238.00000000,96,448.70708546,0.16039668,0.11063922,22,0.96420745,0.54285714,569.00000000,-11.00000000,-31.00000000,0,warmup,,,,,
pg-67498dd2152c6785,LOLTMNT05_89423,2024-10-08T15:59:34,2024-10-08,2024,Unknown,0,14.18,Red,oe:team:980ab072663574c2e4fca71f275d302,Eintracht Spandau,oe:team:20ac802b980b4a0e33e933f3a5f9505,Team Mentality,oe:player:b6ebe3c8487ddc3a23c586e650c4528,PowerOfEvil,mid,Yone,oe:player:ffa51c3e9e63cddfc4e8c4adcf6f016,Sion,mid:Yone,lineup-7806ec98ee9cc07b,1,1369.00000000,22.81666667,8,1,7,15.00000000,14028.00000000,26377.00000000,247,1156.04090577,0.25202113,0.28504890,25,1.09569028,0.42857143,2957.00000000,820.00000000,12.00000000,0,warmup,,,,,
pg-5e5d81f23c84f9af,LOLTMNT05_89423,2024-10-08T15:59:34,2024-10-08,2024,Unknown,0,14.18,Red,oe:team:980ab072663574c2e4fca71f275d302,Eintracht Spandau,oe:team:20ac802b980b4a0e33e933f3a5f9505,Team Mentality,oe:player:a291e13e72870a901a7a03a59d9c6be,Lilipp,sup,Pyke,oe:player:55a76357763a7268e85b78272f7179a,Janna,sup:Pyke,lineup-7806ec98ee9cc07b,1,1369.00000000,22.81666667,7,0,12,19.00000000,9544.00000000,12337.00000000,33,540.70124178,0.17146348,0.13332253,118,5.17165814,0.54285714,2372.00000000,1500.00000000,9.00000000,0,warmup,,,,,
pg-ae0a38d4af8839b8,LOLTMNT05_89423,2024-10-08T15:59:34,2024-10-08,2024,Unknown,0,14.18,Red,oe:team:980ab072663574c2e4fca71f275d302,Eintracht Spandau,oe:team:20ac802b980b4a0e33e933f3a5f9505,Team Mentality,oe:player:3ef7267325e7c72a8ca898504722520,Vertigo,top,Camille,oe:player:b5eb44eff14a0f0624058aa192e3e5e,Olaf,top:Camille,lineup-7806ec98ee9cc07b,1,1369.00000000,22.81666667,9,2,3,6.00000000,11120.00000000,20525.00000000,201,899.56172389,0.19977723,0.22180796,17,0.74506939,0.34285714,1118.00000000,1798.00000000,24.00000000,0,warmup,,,,,
pg-4c4efd54a558bc98,LOLTMNT05_89422,2024-10-08T16:00:29,2024-10-08,2024,Unknown,0,14.18,Blue,name-team-94cd00fd2b536ea9,Foxnyr Esports,oe:team:30fa9a41992f6d79206892a5af03a43,All for One Gaming,oe:player:a238e2ff1b33deb842248e99ee43b3b,Marth,bot,Varus,oe:player:b7ba183b22675d06d42bd783276a010,Miss Fortune,bot:Varus,lineup-f1cfc30b520e0c8a,0,2144.00000000,35.73333333,11,4,5,4.00000000,16724.00000000,23660.00000000,278,662.12686567,0.22560976,0.25701188,43,1.20335821,0.51612903,3096.00000000,482.00000000,11.00000000,0,warmup,,,,,
pg-eaf7054e09bda3f7,LOLTMNT05_89422,2024-10-08T16:00:29,2024-10-08,2024,Unknown,0,14.18,Blue,name-team-94cd00fd2b536ea9,Foxnyr Esports,oe:team:30fa9a41992f6d79206892a5af03a43,All for One Gaming,name-player-03e96b2e7c21f1df,FXN Kyumaru,jng,Jarvan IV,oe:player:0d7c1887f1bc9cfeffde4e06b426dbb,Lee Sin,jng:Jarvan IV,lineup-f1cfc30b520e0c8a,0,2144.00000000,35.73333333,4,3,13,5.66666667,14443.00000000,11376.00000000,239,318.35820896,0.19483866,0.12357427,42,1.17537313,0.54838710,1583.00000000,366.00000000,11.00000000,0,warmup,,,,,
pg-80da7817335a00b9,LOLTMNT05_89422,2024-10-08T16:00:29,2024-10-08,2024,Unknown,0,14.18,Blue,name-team-94cd00fd2b536ea9,Foxnyr Esports,oe:team:30fa9a41992f6d79206892a5af03a43,All for One Gaming,name-player-e23c98ad4687f95b,FXN Brozart,mid,Syndra,oe:player:4e24975f772fe41fcf838ea9dbe138f,Aurora,mid:Syndra,lineup-f1cfc30b520e0c8a,0,2144.00000000,35.73333333,5,5,7,2.40000000,16601.00000000,24268.00000000,318,679.14179104,0.22395046,0.26361642,25,0.69962687,0.38709677,-49.00000000,-260.00000000,9.00000000,0,warmup,,,,,
pg-b63c83d9d50e6cc6,LOLTMNT05_89422,2024-10-08T16:00:29,2024-10-08,2024,Unknown,0,14.18,Blue,name-team-94cd00fd2b536ea9,Foxnyr Esports,oe:team:30fa9a41992f6d79206892a5af03a43,All for One Gaming,name-player-364552794256d3fa,FXN Maxiethundr,sup,Leona,oe:player:20cdf5972da68ab707cded4dd74d57e,Nautilus,sup:Leona,lineup-f1cfc30b520e0c8a,0,2144.00000000,35.73333333,2,5,14,3.20000000,9589.00000000,9600.00000000,20,268.65671642,0.12935733,0.10428208,136,3.80597015,0.51612903,260.00000000,243.00000000,0.00000000,0,warmup,,,,,
pg-19b8ee93743a3c36,LOLTMNT05_89422,2024-10-08T16:00:29,2024-10-08,2024,Unknown,0,14.18,Blue,name-team-94cd00fd2b536ea9,Foxnyr Esports,oe:team:30fa9a41992f6d79206892a5af03a43,All for One Gaming,name-player-ab67dcd647e68aa4,FXN Fralimo,top,Mordekaiser,oe:player:0ca1c9160623ef369d846ce506df20f,Gwen,top:Mordekaiser,lineup-f1cfc30b520e0c8a,0,2144.00000000,35.73333333,9,4,3,3.00000000,16771.00000000,23154.00000000,263,647.96641791,0.22624379,0.25151535,24,0.67164179,0.38709677,1215.00000000,1421.00000000,-18.00000000,0,warmup,,,,,
pg-e0d20518a12c442b,LOLTMNT05_89422,2024-10-08T16:00:29,2024-10-08,2024,Unknown,0,14.18,Red,oe:team:30fa9a41992f6d79206892a5af03a43,All for One Gaming,name-team-94cd00fd2b536ea9,Foxnyr Esports,oe:player:b7ba183b22675d06d42bd783276a010,Kazing,bot,Miss Fortune,oe:player:a238e2ff1b33deb842248e99ee43b3b,Varus,bot:Miss Fortune,lineup-7116e4492f85a928,1,2144.00000000,35.73333333,4,5,5,1.80000000,14659.00000000,20087.00000000,304,562.13619403,0.20222379,0.19261823,31,0.86753731,0.42857143,-3096.00000000,-482.00000000,-11.00000000,0,warmup,,,,,
pg-eaaaae88da7df3d8,LOLTMNT05_89422,2024-10-08T16:00:29,2024-10-08,2024,Unknown,0,14.18,Red,oe:team:30fa9a41992f6d79206892a5af03a43,All for One Gaming,name-team-94cd00fd2b536ea9,Foxnyr Esports,oe:player:0d7c1887f1bc9cfeffde4e06b426dbb,Pasu,jng,Lee Sin,name-player-03e96b2e7c21f1df,Jarvan IV,jng:Lee Sin,lineup-7116e4492f85a928,1,2144.00000000,35.73333333,3,7,11,2.00000000,12838.00000000,9489.00000000,192,265.55037313,0.17710273,0.09099191,32,0.89552239,0.66666667,-1583.00000000,-366.00000000,-11.00000000,0,warmup,,,,,
pg-3b8f0a3476aa0c61,LOLTMNT05_89422,2024-10-08T16:00:29,2024-10-08,2024,Unknown,0,14.18,Red,oe:team:30fa9a41992f6d79206892a5af03a43,All for One Gaming,name-team-94cd00fd2b536ea9,Foxnyr Esports,oe:player:4e24975f772fe41fcf838ea9dbe138f,Fooneses,mid,Aurora,name-player-e23c98ad4687f95b,Syndra,mid:Aurora,lineup-7116e4492f85a928,1,2144.00000000,35.73333333,5,2,6,5.50000000,15231.00000000,25488.00000000,314,713.28358209,0.21011464,0.24440950,35,0.97947761,0.52380952,49.00000000,260.00000000,-9.00000000,0,warmup,,,,,
pg-47bb965bec4cceb2,LOLTMNT05_89422,2024-10-08T16:00:29,2024-10-08,2024,Unknown,0,14.18,Red,oe:team:30fa9a41992f6d79206892a5af03a43,All for One Gaming,name-team-94cd00fd2b536ea9,Foxnyr Esports,oe:player:20cdf5972da68ab707cded4dd74d57e,Seraphya,sup,Nautilus,name-player-364552794256d3fa,Leona,sup:Nautilus,lineup-7116e4492f85a928,1,2144.00000000,35.73333333,1,12,16,1.41666667,10041.00000000,10869.00000000,31,304.16977612,0.13851757,0.10422500,102,2.85447761,0.80952381,-260.00000000,-243.00000000,0.00000000,0,warmup,,,,,
pg-e9f93dc2a99dcd7c,LOLTMNT05_89422,2024-10-08T16:00:29,2024-10-08,2024,Unknown,0,14.18,Red,oe:team:30fa9a41992f6d79206892a5af03a43,All for One Gaming,name-team-94cd00fd2b536ea9,Foxnyr Esports,oe:player:0ca1c9160623ef369d846ce506df20f,Rem,top,Gwen,name-player-ab67dcd647e68aa4,Mordekaiser,top:Gwen,lineup-7116e4492f85a928,1,2144.00000000,35.73333333,8,5,4,2.40000000,19720.00000000,38351.00000000,358,1073.25559701,0.27204128,0.36775536,19,0.53171642,0.57142857,-1215.00000000,-1421.00000000,18.00000000,0,warmup,,,,,
pg-40eb94d877fcec5a,LOLTMNT05_88452,2024-10-08T16:01:22,2024-10-08,2024,Unknown,0,14.18,Blue,oe:team:e46f2dda10740009ffb0c01498dc5ce,ROSSMANN Centaurs,name-team-290cb1b9e8978f88,Andromeda Nebula,oe:player:1d08b7a3a79956e521241ad27f2f60d,Varry,bot,Seraphine,name-player-c4b565cad9686e93,Kai'Sa,bot:Seraphine,lineup-b3cb346d12213755,1,1415.00000000,23.58333333,7,3,12,6.33333333,12586.00000000,12012.00000000,184,509.34275618,0.23343287,0.17479119,11,0.46643110,0.59375000,-1300.00000000,814.00000000,-23.00000000,0,warmup,,,,,
pg-e15dd89a0ca998bf,LOLTMNT05_88452,2024-10-08T16:01:22,2024-10-08,2024,Unknown,0,14.18,Blue,oe:team:e46f2dda10740009ffb0c01498dc5ce,ROSSMANN Centaurs,name-team-290cb1b9e8978f88,Andromeda Nebula,oe:player:3068654a4082275bbc00789650d1954,Xagog,jng,Xin Zhao,name-player-9b99530cfceb1999,Amumu,jng:Xin Zhao,lineup-b3cb346d12213755,1,1415.00000000,23.58333333,14,1,6,20.00000000,13423.00000000,23392.00000000,155,991.88692580,0.24895673,0.34038590,27,1.14487633,0.62500000,1716.00000000,1292.00000000,13.00000000,0,warmup,,,,,
pg-0c2a5a0cdab05427,LOLTMNT05_88452,2024-10-08T16:01:22,2024-10-08,2024,Unknown,0,14.18,Blue,oe:team:e46f2dda10740009ffb0c01498dc5ce,ROSSMANN Centaurs,name-team-290cb1b9e8978f88,Andromeda Nebula,oe:player:f80c460f82b1017b588882292444e60,goose,mid,Syndra,name-player-6d455c8627cc2b88,Hwei,mid:Syndra,lineup-b3cb346d12213755,1,1415.00000000,23.58333333,4,4,6,2.50000000,9938.00000000,12505.00000000,190,530.24734982,0.18432034,0.18196502,13,0.55123675,0.31250000,1285.00000000,923.00000000,35.00000000,0,warmup,,,,,
pg-e4dc12c08de5203e,LOLTMNT05_88452,2024-10-08T16:01:22,2024-10-08,2024,Unknown,0,14.18,Blue,oe:team:e46f2dda10740009ffb0c01498dc5ce,ROSSMANN Centaurs,name-team-290cb1b9e8978f88,Andromeda Nebula,oe:player:08904f9c78637b75c0de4d1734f318c,Wildenbruch,sup,Leona,name-player-f6f61cbab413cde5,Rell,sup:Leona,lineup-b3cb346d12213755,1,1415.00000000,23.58333333,2,2,12,7.00000000,7402.00000000,5543.00000000,17,235.03886926,0.13728509,0.08065830,67,2.84098940,0.43750000,827.00000000,-1062.00000000,-7.00000000,0,warmup,,,,,
pg-ec6fc7d8d680625a,LOLTMNT05_88452,2024-10-08T16:01:22,2024-10-08,2024,Unknown,0,14.18,Blue,oe:team:e46f2dda10740009ffb0c01498dc5ce,ROSSMANN Centaurs,name-team-290cb1b9e8978f88,Andromeda Nebula,oe:player:0f5f13ceea0f4fdc6eff8145fe20692,Vikes,top,Renekton,name-player-57bc9c1151d7b5c6,Gangplank,top:Renekton,lineup-b3cb346d12213755,1,1415.00000000,23.58333333,5,5,5,2.00000000,10568.00000000,15270.00000000,180,647.49116608,0.19600497,0.22219959,14,0.59363958,0.31250000,1877.00000000,1752.00000000,35.00000000,0,warmup,,,,,
pg-b66ae45bb3758dde,LOLTMNT05_88452,2024-10-08T16:01:22,2024-10-08,2024,Unknown,0,14.18,Red,name-team-290cb1b9e8978f88,Andromeda Nebula,oe:team:e46f2dda10740009ffb0c01498dc5ce,ROSSMANN Centaurs,name-player-c4b565cad9686e93,AOM Fabiqt,bot,Kai'Sa,oe:player:1d08b7a3a79956e521241ad27f2f60d,Seraphine,bot:Kai'Sa,lineup-e28719333653ab0d,0,1415.00000000,23.58333333,10,3,1,3.66666667,12615.00000000,19668.00000000,215,833.97879859,0.30230775,0.32257959,13,0.55123675,0.73333333,1300.00000000,-814.00000000,23.00000000,0,warmup,,,,,
pg-cdb8c6316b2f50d6,LOLTMNT05_88452,2024-10-08T16:01:22,2024-10-08,2024,Unknown,0,14.18,Red,name-team-290cb1b9e8978f88,Andromeda Nebula,oe:team:e46f2dda10740009ffb0c01498dc5ce,ROSSMANN Centaurs,name-player-9b99530cfceb1999,AOM Kipapo,jng,Amumu,oe:player:3068654a4082275bbc00789650d1954,Xin Zhao,jng:Amumu,lineup-e28719333653ab0d,0,1415.00000000,23.58333333,4,9,9,1.44444444,8771.00000000,13866.00000000,135,587.95759717,0.21018956,0.22741959,20,0.84805654,0.86666667,-1716.00000000,-1292.00000000,-13.00000000,0,warmup,,,,,
pg-ab2c931b1ff97101,LOLTMNT05_88452,2024-10-08T16:01:22,2024-10-08,2024,Unknown,0,14.18,Red,name-team-290cb1b9e8978f88,Andromeda Nebula,oe:team:e46f2dda10740009ffb0c01498dc5ce,ROSSMANN Centaurs,name-player-6d455c8627cc2b88,AOM Shadowgream,mid,Hwei,oe:player:f80c460f82b1017b588882292444e60,Syndra,mid:Hwei,lineup-e28719333653ab0d,0,1415.00000000,23.58333333,1,6,5,1.00000000,7450.00000000,10604.00000000,137,449.63957597,0.17853291,0.17391875,22,0.93286219,0.40000000,-1285.00000000,-923.00000000,-35.00000000,0,warmup,,,,,
pg-cf9ab0e65b06206f,LOLTMNT05_88452,2024-10-08T16:01:22,2024-10-08,2024,Unknown,0,14.18,Red,name-team-290cb1b9e8978f88,Andromeda Nebula,oe:team:e46f2dda10740009ffb0c01498dc5ce,ROSSMANN Centaurs,name-player-f6f61cbab413cde5,AOM amboor,sup,Rell,oe:player:08904f9c78637b75c0de4d1734f318c,Leona,sup:Rell,lineup-e28719333653ab0d,0,1415.00000000,23.58333333,0,7,8,1.14285714,5233.00000000,2532.00000000,25,107.36395760,0.12540440,0.04152794,53,2.24734982,0.53333333,-827.00000000,1062.00000000,7.00000000,0,warmup,,,,,
pg-6cffd896315d32fd,LOLTMNT05_88452,2024-10-08T16:01:22,2024-10-08,2024,Unknown,0,14.18,Red,name-team-290cb1b9e8978f88,Andromeda Nebula,oe:team:e46f2dda10740009ffb0c01498dc5ce,ROSSMANN Centaurs,name-player-57bc9c1151d7b5c6,AOM amicusp,top,Gangplank,oe:player:0f5f13ceea0f4fdc6eff8145fe20692,Renekton,top:Gangplank,lineup-e28719333653ab0d,0,1415.00000000,23.58333333,0,7,6,0.85714286,7660.00000000,14301.00000000,153,606.40282686,0.18356539,0.23455413,20,0.84805654,0.40000000,-1877.00000000,-1752.00000000,-35.00000000,0,warmup,,,,,
pg-1f65ec523ee84c97,LOLTMNT05_88455,2024-10-08T16:02:11,2024-10-08,2024,Unknown,0,14.18,Blue,oe:team:8985b977176fb8fc36c973d03c01654,Entropy x Teufel,oe:team:a1934e3feca7db728021f9c61a6bc27,Austrian Force willhaben,oe:player:111f8e46b9fac23eb97b37c15c16d1c,Effortless,bot,Ziggs,oe:player:40fa7615556f33971d67c95a702fbcc,Jhin,bot:Ziggs,lineup-474b183d963352a4,0,1826.00000000,30.43333333,2,6,6,1.33333333,10983.00000000,20145.00000000,245,661.93866375,0.20717169,0.26601083,19,0.62431544,0.47058824,300.00000000,339.00000000,3.00000000,0,warmup,,,,,
pg-46234a7c6c74c9f4,LOLTMNT05_88455,2024-10-08T16:02:11,2024-10-08,2024,Unknown,0,14.18,Blue,oe:team:8985b977176fb8fc36c973d03c01654,Entropy x Teufel,oe:team:a1934e3feca7db728021f9c61a6bc27,Austrian Force willhaben,oe:player:161d1a55c06aca37d588f0545e35b45,Inition,jng,Sejuani,oe:player:6b7ca7e0fcad1f113f17bc2d30adbf5,Wukong,jng:Sejuani,lineup-474b183d963352a4,0,1826.00000000,30.43333333,2,2,6,4.00000000,10497.00000000,9091.00000000,174,298.71851041,0.19800430,0.12004490,34,1.11719606,0.47058824,-197.00000000,-373.00000000,-3.00000000,0,warmup,,,,,
pg-b126d1f35d11f3f7,LOLTMNT05_88455,2024-10-08T16:02:11,2024-10-08,2024,Unknown,0,14.18,Blue,oe:team:8985b977176fb8fc36c973d03c01654,Entropy x Teufel,oe:team:a1934e3feca7db728021f9c61a6bc27,Austrian Force willhaben,oe:player:b6d3661d0e5b3a8a54971329bdaed35,Peaker,mid,Nasus,oe:player:7e33124e33721ef8f70d2dd843b57da,Smolder,mid:Nasus,lineup-474b183d963352a4,0,1826.00000000,30.43333333,3,6,4,1.16666667,10267.00000000,18812.00000000,209,618.13800657,0.19366582,0.24840882,21,0.69003286,0.41176471,-834.00000000,-456.00000000,-18.00000000,0,warmup,,,,,
pg-5890d4ea15a93590,LOLTMNT05_88455,2024-10-08T16:02:11,2024-10-08,2024,Unknown,0,14.18,Blue,oe:team:8985b977176fb8fc36c973d03c01654,Entropy x Teufel,oe:team:a1934e3feca7db728021f9c61a6bc27,Austrian Force willhaben,oe:player:dfaae08dcfa7836a7d4b41479cd7dc3,Staargazing,sup,Leona,oe:player:280a58c350eef8f164e753447b2a306,Rell,sup:Leona,lineup-474b183d963352a4,0,1826.00000000,30.43333333,2,8,7,1.12500000,7791.00000000,7475.00000000,21,245.61883899,0.14696118,0.09870593,91,2.99014239,0.52941176,-193.00000000,-315.00000000,-5.00000000,0,warmup,,,,,
pg-a7965614357e7427,LOLTMNT05_88455,2024-10-08T16:02:11,2024-10-08,2024,Unknown,0,14.18,Blue,oe:team:8985b977176fb8fc36c973d03c01654,Entropy x Teufel,oe:team:a1934e3feca7db728021f9c61a6bc27,Austrian Force willhaben,oe:player:46c8f3a5fb8d9cf794de4991ee30c40,Obelisk,top,Renekton,oe:player:1725cf69407d2dcdf2873d0669409e8,Aurora,top:Renekton,lineup-474b183d963352a4,0,1826.00000000,30.43333333,8,5,3,2.20000000,13476.00000000,20207.00000000,217,663.97590361,0.25419700,0.26682953,41,1.34720701,0.64705882,-411.00000000,-1119.00000000,-22.00000000,0,warmup,,,,,
pg-b57336e209c33fd6,LOLTMNT05_88455,2024-10-08T16:02:11,2024-10-08,2024,Unknown,0,14.18,Red,oe:team:a1934e3feca7db728021f9c61a6bc27,Austrian Force willhaben,oe:team:8985b977176fb8fc36c973d03c01654,Entropy x Teufel,oe:player:40fa7615556f33971d67c95a702fbcc,Woolite,bot,Jhin,oe:player:111f8e46b9fac23eb97b37c15c16d1c,Ziggs,bot:Jhin,lineup-54e67b5d765adf4b,1,1826.00000000,30.43333333,5,2,12,8.50000000,12521.00000000,21036.00000000,263,691.21577218,0.21156413,0.17309306,44,1.44578313,0.62962963,-300.00000000,-339.00000000,-3.00000000,0,warmup,,,,,
pg-9fa2ac8234074523,LOLTMNT05_88455,2024-10-08T16:02:11,2024-10-08,2024,Unknown,0,14.18,Red,oe:team:a1934e3feca7db728021f9c61a6bc27,Austrian Force willhaben,oe:team:8985b977176fb8fc36c973d03c01654,Entropy x Teufel,oe:player:6b7ca7e0fcad1f113f17bc2d30adbf5,adi1,jng,Wukong,oe:player:161d1a55c06aca37d588f0545e35b45,Sejuani,jng:Wukong,lineup-54e67b5d765adf4b,1,1826.00000000,30.43333333,4,4,13,4.25000000,10968.00000000,19193.00000000,183,630.65717415,0.18532349,0.15792808,40,1.31434830,0.62962963,197.00000000,373.00000000,3.00000000,0,warmup,,,,,
pg-e47d8fffcfcfb51a,LOLTMNT05_88455,2024-10-08T16:02:11,2024-10-08,2024,Unknown,0,14.18,Red,oe:team:a1934e3feca7db728021f9c61a6bc27,Austrian Force willhaben,oe:team:8985b977176fb8fc36c973d03c01654,Entropy x Teufel,oe:player:7e33124e33721ef8f70d2dd843b57da,ESCIK,mid,Smolder,oe:player:b6d3661d0e5b3a8a54971329bdaed35,Nasus,mid:Smolder,lineup-54e67b5d765adf4b,1,1826.00000000,30.43333333,10,3,9,6.33333333,14694.00000000,34535.00000000,281,1134.77546550,0.24828076,0.28416852,16,0.52573932,0.70370370,834.00000000,456.00000000,18.00000000,0,warmup,,,,,
pg-6d913d8015755f1c,LOLTMNT05_88455,2024-10-08T16:02:11,2024-10-08,2024,Unknown,0,14.18,Red,oe:team:a1934e3feca7db728021f9c61a6bc27,Austrian Force willhaben,oe:team:8985b977176fb8fc36c973d03c01654,Entropy x Teufel,oe:player:280a58c350eef8f164e753447b2a306,Vander,sup,Rell,oe:player:dfaae08dcfa7836a7d4b41479cd7dc3,Leona,sup:Rell,lineup-54e67b5d765adf4b,1,1826.00000000,30.43333333,1,4,18,4.75000000,8110.00000000,5645.00000000,30,185.48740416,0.13703259,0.04644944,112,3.68017525,0.70370370,193.00000000,315.00000000,5.00000000,0,warmup,,,,,
pg-b32019a4fd353842,LOLTMNT05_88455,2024-10-08T16:02:11,2024-10-08,2024,Unknown,0,14.18,Red,oe:team:a1934e3feca7db728021f9c61a6bc27,Austrian Force willhaben,oe:team:8985b977176fb8fc36c973d03c01654,Entropy x Teufel,oe:player:1725cf69407d2dcdf2873d0669409e8,Tracyn,top,Aurora,oe:player:46c8f3a5fb8d9cf794de4991ee30c40,Renekton,top:Aurora,lineup-54e67b5d765adf4b,1,1826.00000000,30.43333333,7,4,11,4.50000000,12890.00000000,41121.00000000,234,1351.18291347,0.21779903,0.33836090,19,0.62431544,0.66666667,411.00000000,1119.00000000,22.00000000,0,warmup,,,,,
pg-35580b41943e55a3,LOLTMNT05_89428,2024-10-08T16:51:52,2024-10-08,2024,Unknown,0,14.18,Blue,oe:team:3de935df8f40fbb4d0e564d4a20e6cb,Berlin International Gaming,oe:team:e46f2dda10740009ffb0c01498dc5ce,ROSSMANN Centaurs,oe:player:71b8101d78beb04a089caa90a8d9310,Jeskla,bot,Jhin,oe:player:1d08b7a3a79956e521241ad27f2f60d,Varus,bot:Jhin,lineup-82727a2573d80da3,1,1600.00000000,26.66666667,9,3,7,5.33333333,13012.00000000,29245.00000000,218,1096.68750000,0.22484491,0.19121128,20,0.75000000,0.55172414,-234.00000000,351.00000000,16.00000000,0,warmup,,,,,
pg-7d90b7ff56171848,LOLTMNT05_89428,2024-10-08T16:51:52,2024-10-08,2024,Unknown,0,14.18,Blue,oe:team:3de935df8f40fbb4d0e564d4a20e6cb,Berlin International Gaming,oe:team:e46f2dda10740009ffb0c01498dc5ce,ROSSMANN Centaurs,oe:player:3597a9b82f5f462aaa8a0fa552a9bac,Densi,jng,Brand,oe:player:3068654a4082275bbc00789650d1954,Skarner,jng:Brand,lineup-82727a2573d80da3,1,1600.00000000,26.66666667,8,4,9,4.25000000,12818.00000000,46050.00000000,149,1726.87500000,0.22149263,0.30108666,18,0.67500000,0.58620690,606.00000000,-98.00000000,-10.00000000,0,warmup,,,,,
pg-4197a83c63965641,LOLTMNT05_89428,2024-10-08T16:51:52,2024-10-08,2024,Unknown,0,14.18,Blue,oe:team:3de935df8f40fbb4d0e564d4a20e6cb,Berlin International Gaming,oe:team:e46f2dda10740009ffb0c01498dc5ce,ROSSMANN Centaurs,oe:player:2096ff50c6496d70e4b39793390c9ce,Sencux,mid,Yone,oe:player:f80c460f82b1017b588882292444e60,Sylas,mid:Yone,lineup-82727a2573d80da3,1,1600.00000000,26.66666667,6,6,10,2.66666667,12025.00000000,34301.00000000,198,1286.28750000,0.20778974,0.22426870,23,0.86250000,0.55172414,-56.00000000,-596.00000000,3.00000000,0,warmup,,,,,
pg-9e7427da35b7f930,LOLTMNT05_89428,2024-10-08T16:51:52,2024-10-08,2024,Unknown,0,14.18,Blue,oe:team:3de935df8f40fbb4d0e564d4a20e6cb,Berlin International Gaming,oe:team:e46f2dda10740009ffb0c01498dc5ce,ROSSMANN Centaurs,oe:player:74f3f60a44ee916ecc257a5381be756,Lekcyc,sup,Alistar,oe:player:08904f9c78637b75c0de4d1734f318c,Leona,sup:Alistar,lineup-82727a2573d80da3,1,1600.00000000,26.66666667,1,7,13,2.00000000,7491.00000000,6991.00000000,23,262.16250000,0.12944307,0.04570894,70,2.62500000,0.48275862,-703.00000000,-26.00000000,-3.00000000,0,warmup,,,,,
pg-15f54bd8545f0084,LOLTMNT05_89428,2024-10-08T16:51:52,2024-10-08,2024,Unknown,0,14.18,Blue,oe:team:3de935df8f40fbb4d0e564d4a20e6cb,Berlin International Gaming,oe:team:e46f2dda10740009ffb0c01498dc5ce,ROSSMANN Centaurs,oe:player:e0b008815ab05c5cdaf4d46ab61ff63,Vizicsacsi,top,Poppy,oe:player:0f5f13ceea0f4fdc6eff8145fe20692,Dr. Mundo,top:Poppy,lineup-82727a2573d80da3,1,1600.00000000,26.66666667,5,4,14,4.75000000,12525.00000000,36359.00000000,182,1363.46250000,0.21642965,0.23772443,23,0.86250000,0.65517241,972.00000000,760.00000000,18.00000000,0,warmup,,,,,
pg-9745599af5454ed7,LOLTMNT05_89428,2024-10-08T16:51:52,2024-10-08,2024,Unknown,0,14.18,Red,oe:team:e46f2dda10740009ffb0c01498dc5ce,ROSSMANN Centaurs,oe:team:3de935df8f40fbb4d0e564d4a20e6cb,Berlin International Gaming,oe:player:1d08b7a3a79956e521241ad27f2f60d,Varry,bot,Varus,oe:player:71b8101d78beb04a089caa90a8d9310,Jhin,bot:Varus,lineup-b3cb346d12213755,0,1600.00000000,26.66666667,6,7,10,2.28571429,12003.00000000,31683.00000000,206,1188.11250000,0.23461689,0.33020323,22,0.82500000,0.66666667,234.00000000,-351.00000000,-16.00000000,0,warmup,,,,,
pg-74a70d6aa5593060,LOLTMNT05_89428,2024-10-08T16:51:52,2024-10-08,2024,Unknown,0,14.18,Red,oe:team:e46f2dda10740009ffb0c01498dc5ce,ROSSMANN Centaurs,oe:team:3de935df8f40fbb4d0e564d4a20e6cb,Berlin International Gaming,oe:player:3068654a4082275bbc00789650d1954,Xagog,jng,Skarner,oe:player:3597a9b82f5f462aaa8a0fa552a9bac,Brand,jng:Skarner,lineup-b3cb346d12213755,0,1600.00000000,26.66666667,4,7,13,2.42857143,9939.00000000,15239.00000000,148,571.46250000,0.19427287,0.15882230,27,1.01250000,0.70833333,-606.00000000,98.00000000,10.00000000,0,warmup,,,,,
pg-cb463bce095ad70c,LOLTMNT05_89428,2024-10-08T16:51:52,2024-10-08,2024,Unknown,0,14.18,Red,oe:team:e46f2dda10740009ffb0c01498dc5ce,ROSSMANN Centaurs,oe:team:3de935df8f40fbb4d0e564d4a20e6cb,Berlin International Gaming,oe:player:f80c460f82b1017b588882292444e60,goose,mid,Sylas,oe:player:2096ff50c6496d70e4b39793390c9ce,Yone,mid:Sylas,lineup-b3cb346d12213755,0,1600.00000000,26.66666667,5,5,4,1.80000000,10097.00000000,15063.00000000,171,564.86250000,0.19736122,0.15698801,23,0.86250000,0.37500000,56.00000000,596.00000000,-3.00000000,0,warmup,,,,,
pg-c631ba404e97c131,LOLTMNT05_89428,2024-10-08T16:51:52,2024-10-08,2024,Unknown,0,14.18,Red,oe:team:e46f2dda10740009ffb0c01498dc5ce,ROSSMANN Centaurs,oe:team:3de935df8f40fbb4d0e564d4a20e6cb,Berlin International Gaming,oe:player:08904f9c78637b75c0de4d1734f318c,Wildenbruch,sup,Leona,oe:player:74f3f60a44ee916ecc257a5381be756,Alistar,sup:Leona,lineup-b3cb346d12213755,0,1600.00000000,26.66666667,4,4,12,4.00000000,7719.00000000,9995.00000000,29,374.81250000,0.15087959,0.10416884,81,3.03750000,0.66666667,703.00000000,26.00000000,3.00000000,0,warmup,,,,,
pg-701f582ed35ec883,LOLTMNT05_89428,2024-10-08T16:51:52,2024-10-08,2024,Unknown,0,14.18,Red,oe:team:e46f2dda10740009ffb0c01498dc5ce,ROSSMANN Centaurs,oe:team:3de935df8f40fbb4d0e564d4a20e6cb,Berlin International Gaming,oe:player:0f5f13ceea0f4fdc6eff8145fe20692,Vikes,top,Dr. Mundo,oe:player:e0b008815ab05c5cdaf4d46ab61ff63,Poppy,top:Dr. Mundo,lineup-b3cb346d12213755,0,1600.00000000,26.66666667,5,6,5,1.66666667,11402.00000000,23970.00000000,215,898.87500000,0.22286943,0.24981761,23,0.86250000,0.41666667,-972.00000000,-760.00000000,-18.00000000,0,warmup,,,,,
pg-47377d539f59f299,LOLTMNT05_88460,2024-10-08T16:58:20,2024-10-08,2024,Unknown,0,14.18,Blue,oe:team:26ff1a9f7fb8e976fbdcc5d2a8ac397,E WIE EINFACH E-SPORTS,name-team-94cd00fd2b536ea9,Foxnyr Esports,oe:player:08cc98f89d63a05973e5db39e6b9945,Noz2k,bot,Ezreal,oe:player:a238e2ff1b33deb842248e99ee43b3b,Ashe,bot:Ezreal,lineup-faa4d797b1949e70,1,1373.00000000,22.88333333,12,3,10,7.33333333,12480.00000000,28390.00000000,177,1240.64093227,0.22971157,0.33621506,23,1.00509832,0.64705882,798.00000000,362.00000000,8.00000000,0,warmup,,,,,
pg-7cd912d188dd5531,LOLTMNT05_88460,2024-10-08T16:58:20,2024-10-08,2024,Unknown,0,14.18,Blue,oe:team:26ff1a9f7fb8e976fbdcc5d2a8ac397,E WIE EINFACH E-SPORTS,name-team-94cd00fd2b536ea9,Foxnyr Esports,oe:player:3e1b1e0f9c925b2f504d78f3bd5da22,D4nKa,jng,Sejuani,name-player-03e96b2e7c21f1df,Viego,jng:Sejuani,lineup-faa4d797b1949e70,1,1373.00000000,22.88333333,5,1,19,24.00000000,9596.00000000,11977.00000000,134,523.39402768,0.17662758,0.14184036,23,1.00509832,0.70588235,-550.00000000,-386.00000000,-16.00000000,0,warmup,,,,,
pg-76d816502a4bee8d,LOLTMNT05_88460,2024-10-08T16:58:20,2024-10-08,2024,Unknown,0,14.18,Blue,oe:team:26ff1a9f7fb8e976fbdcc5d2a8ac397,E WIE EINFACH E-SPORTS,name-team-94cd00fd2b536ea9,Foxnyr Esports,oe:player:2ca9469819fb0fb61ff98e914a7ccca,Relative,mid,Aurora,name-player-e23c98ad4687f95b,Ahri,mid:Aurora,lineup-faa4d797b1949e70,1,1373.00000000,22.88333333,6,2,14,10.00000000,10811.00000000,20617.00000000,172,900.96139840,0.19899133,0.24416153,15,0.65549891,0.58823529,-488.00000000,-788.00000000,-21.00000000,0,warmup,,,,,
pg-d3a255eb3902454d,LOLTMNT05_88460,2024-10-08T16:58:20,2024-10-08,2024,Unknown,0,14.18,Blue,oe:team:26ff1a9f7fb8e976fbdcc5d2a8ac397,E WIE EINFACH E-SPORTS,name-team-94cd00fd2b536ea9,Foxnyr Esports,oe:player:87f462541b21fed4081f063502bf4da,Tockimo,sup,Nautilus,name-player-364552794256d3fa,Bard,sup:Nautilus,lineup-faa4d797b1949e70,1,1373.00000000,22.88333333,4,3,23,9.00000000,8143.00000000,9626.00000000,31,420.65549891,0.14988312,0.11399811,67,2.92789512,0.79411765,1043.00000000,264.00000000,11.00000000,0,warmup,,,,,
pg-1ff60cc6d3877761,LOLTMNT05_88460,2024-10-08T16:58:20,2024-10-08,2024,Unknown,0,14.18,Blue,oe:team:26ff1a9f7fb8e976fbdcc5d2a8ac397,E WIE EINFACH E-SPORTS,name-team-94cd00fd2b536ea9,Foxnyr Esports,oe:player:0fcaa97e5408efcaa78f5517e34cb02,Flamer,top,Renekton,name-player-ab67dcd647e68aa4,Darius,top:Renekton,lineup-faa4d797b1949e70,1,1373.00000000,22.88333333,7,1,4,11.00000000,13299.00000000,13830.00000000,215,604.36999272,0.24478639,0.16378494,23,1.00509832,0.32352941,3169.00000000,1528.00000000,49.00000000,0,warmup,,,,,
pg-a503bf390f3cb558,LOLTMNT05_88460,2024-10-08T16:58:20,2024-10-08,2024,Unknown,0,14.18,Red,name-team-94cd00fd2b536ea9,Foxnyr Esports,oe:team:26ff1a9f7fb8e976fbdcc5d2a8ac397,E WIE EINFACH E-SPORTS,oe:player:a238e2ff1b33deb842248e99ee43b3b,Marth,bot,Ashe,oe:player:08cc98f89d63a05973e5db39e6b9945,Ezreal,bot:Ashe,lineup-f1cfc30b520e0c8a,0,1373.00000000,22.88333333,1,7,5,0.85714286,7433.00000000,12664.00000000,170,553.41587764,0.20617441,0.24280538,18,0.78659869,0.60000000,-798.00000000,-362.00000000,-8.00000000,0,warmup,,,,,
pg-d429dd7d230a8858,LOLTMNT05_88460,2024-10-08T16:58:20,2024-10-08,2024,Unknown,0,14.18,Red,name-team-94cd00fd2b536ea9,Foxnyr Esports,oe:team:26ff1a9f7fb8e976fbdcc5d2a8ac397,E WIE EINFACH E-SPORTS,name-player-03e96b2e7c21f1df,FXN Kyumaru,jng,Viego,oe:player:3e1b1e0f9c925b2f504d78f3bd5da22,Sejuani,jng:Viego,lineup-f1cfc30b520e0c8a,0,1373.00000000,22.88333333,6,7,1,1.00000000,9143.00000000,11124.00000000,145,486.11798980,0.25360590,0.21327914,14,0.61179898,0.70000000,550.00000000,386.00000000,16.00000000,0,warmup,,,,,
pg-2a7b89083e3ac3ed,LOLTMNT05_88460,2024-10-08T16:58:20,2024-10-08,2024,Unknown,0,14.18,Red,name-team-94cd00fd2b536ea9,Foxnyr Esports,oe:team:26ff1a9f7fb8e976fbdcc5d2a8ac397,E WIE EINFACH E-SPORTS,name-player-e23c98ad4687f95b,FXN Brozart,mid,Ahri,oe:player:2ca9469819fb0fb61ff98e914a7ccca,Aurora,mid:Ahri,lineup-f1cfc30b520e0c8a,0,1373.00000000,22.88333333,3,7,4,1.00000000,7854.00000000,13200.00000000,167,576.83903860,0.21785199,0.25308204,13,0.56809905,0.70000000,488.00000000,788.00000000,21.00000000,0,warmup,,,,,
pg-23be615dd57584a7,LOLTMNT05_88460,2024-10-08T16:58:20,2024-10-08,2024,Unknown,0,14.18,Red,name-team-94cd00fd2b536ea9,Foxnyr Esports,oe:team:26ff1a9f7fb8e976fbdcc5d2a8ac397,E WIE EINFACH E-SPORTS,name-player-364552794256d3fa,FXN Maxiethundr,sup,Bard,oe:player:87f462541b21fed4081f063502bf4da,Nautilus,sup:Bard,lineup-f1cfc30b520e0c8a,0,1373.00000000,22.88333333,0,6,6,1.00000000,5418.00000000,9046.00000000,32,395.30954115,0.15028292,0.17343789,76,3.32119446,0.60000000,-1043.00000000,-264.00000000,-11.00000000,0,warmup,,,,,
pg-b270abf0417a8686,LOLTMNT05_88460,2024-10-08T16:58:20,2024-10-08,2024,Unknown,0,14.18,Red,name-team-94cd00fd2b536ea9,Foxnyr Esports,oe:team:26ff1a9f7fb8e976fbdcc5d2a8ac397,E WIE EINFACH E-SPORTS,name-player-ab67dcd647e68aa4,FXN Fralimo,top,Darius,oe:player:0fcaa97e5408efcaa78f5517e34cb02,Renekton,top:Darius,lineup-f1cfc30b520e0c8a,0,1373.00000000,22.88333333,0,7,1,0.14285714,6204.00000000,6123.00000000,137,267.57465404,0.17208477,0.11739556,7,0.30589949,0.10000000,-3169.00000000,-1528.00000000,-49.00000000,0,warmup,,,,,
pg-dd179e94f656bb1d,LOLTMNT05_88459,2024-10-08T16:59:00,2024-10-08,2024,Unknown,0,14.18,Blue,oe:team:e11d88a3cdcd9d6fbb73a26b0f8a300,DKB XPERION NXT,oe:team:8985b977176fb8fc36c973d03c01654,Entropy x Teufel,oe:player:9f8d365508ded3ca9701eff2003d6ad,looki,bot,Ezreal,oe:player:111f8e46b9fac23eb97b37c15c16d1c,Kai'Sa,bot:Ezreal,lineup-adb44e46dfba6b7e,1,1876.00000000,31.26666667,5,3,8,4.33333333,14124.00000000,32346.00000000,256,1034.52025586,0.22028479,0.31351226,36,1.15138593,0.50000000,-69.00000000,1016.00000000,-17.00000000,0,warmup,,,,,
pg-507e6cf5b47d4ce5,LOLTMNT05_88459,2024-10-08T16:59:00,2024-10-08,2024,Unknown,0,14.18,Blue,oe:team:e11d88a3cdcd9d6fbb73a26b0f8a300,DKB XPERION NXT,oe:team:8985b977176fb8fc36c973d03c01654,Entropy x Teufel,oe:player:30f18a468db8d9e940f0818a682318b,Techoteco,jng,Jarvan IV,oe:player:161d1a55c06aca37d588f0545e35b45,Sejuani,jng:Jarvan IV,lineup-adb44e46dfba6b7e,1,1876.00000000,31.26666667,5,2,15,10.00000000,13450.00000000,15299.00000000,211,489.30703625,0.20977276,0.14828492,35,1.11940299,0.76923077,1733.00000000,1651.00000000,30.00000000,0,warmup,,,,,
pg-ff5f3dc82337b7eb,LOLTMNT05_88459,2024-10-08T16:59:00,2024-10-08,2024,Unknown,0,14.18,Blue,oe:team:e11d88a3cdcd9d6fbb73a26b0f8a300,DKB XPERION NXT,oe:team:8985b977176fb8fc36c973d03c01654,Entropy x Teufel,oe:player:ff71e751aa5f67010f80aad602ecdfe,Luke,mid,LeBlanc,oe:player:b6d3661d0e5b3a8a54971329bdaed35,Vex,mid:LeBlanc,lineup-adb44e46dfba6b7e,1,1876.00000000,31.26666667,5,3,7,4.00000000,14205.00000000,23011.00000000,263,735.95948827,0.22154811,0.22303316,26,0.83155650,0.46153846,480.00000000,-20.00000000,15.00000000,0,warmup,,,,,
pg-b7f6a789af2c9f9e,LOLTMNT05_88459,2024-10-08T16:59:00,2024-10-08,2024,Unknown,0,14.18,Blue,oe:team:e11d88a3cdcd9d6fbb73a26b0f8a300,DKB XPERION NXT,oe:team:8985b977176fb8fc36c973d03c01654,Entropy x Teufel,oe:player:21177b451d4c05fc389ac6cc767dfce,Ephekles,sup,Poppy,oe:player:dfaae08dcfa7836a7d4b41479cd7dc3,Neeko,sup:Poppy,lineup-adb44e46dfba6b7e,1,1876.00000000,31.26666667,6,6,10,2.66666667,9591.00000000,11857.00000000,33,379.22174840,0.14958591,0.11492348,114,3.64605544,0.61538462,444.00000000,-467.00000000,7.00000000,0,warmup,,,,,
pg-dd24adcacb049e65,LOLTMNT05_88459,2024-10-08T16:59:00,2024-10-08,2024,Unknown,0,14.18,Blue,oe:team:e11d88a3cdcd9d6fbb73a26b0f8a300,DKB XPERION NXT,oe:team:8985b977176fb8fc36c973d03c01654,Entropy x Teufel,oe:player:9f19603cf47eb7f0b95afbbd249f69c,Tayto,top,Zac,oe:player:46c8f3a5fb8d9cf794de4991ee30c40,Jax,top:Zac,lineup-adb44e46dfba6b7e,1,1876.00000000,31.26666667,5,6,8,2.16666667,12747.00000000,20660.00000000,202,660.76759062,0.19880843,0.20024619,30,0.95948827,0.50000000,1621.00000000,1271.00000000,14.00000000,0,warmup,,,,,
pg-d3b2603ff8ac8818,LOLTMNT05_88459,2024-10-08T16:59:00,2024-10-08,2024,Unknown,0,14.18,Red,oe:team:8985b977176fb8fc36c973d03c01654,Entropy x Teufel,oe:team:e11d88a3cdcd9d6fbb73a26b0f8a300,DKB XPERION NXT,oe:player:111f8e46b9fac23eb97b37c15c16d1c,Effortless,bot,Kai'Sa,oe:player:9f8d365508ded3ca9701eff2003d6ad,Ezreal,bot:Kai'Sa,lineup-474b183d963352a4,0,1876.00000000,31.26666667,6,4,7,3.25000000,14535.00000000,26948.00000000,281,861.87633262,0.26922649,0.30909696,24,0.76759062,0.65000000,69.00000000,-1016.00000000,17.00000000,0,warmup,,,,,
pg-10b36ae5db0c4973,LOLTMNT05_88459,2024-10-08T16:59:00,2024-10-08,2024,Unknown,0,14.18,Red,oe:team:8985b977176fb8fc36c973d03c01654,Entropy x Teufel,oe:team:e11d88a3cdcd9d6fbb73a26b0f8a300,DKB XPERION NXT,oe:player:161d1a55c06aca37d588f0545e35b45,Inition,jng,Sejuani,oe:player:30f18a468db8d9e940f0818a682318b,Jarvan IV,jng:Sejuani,lineup-474b183d963352a4,0,1876.00000000,31.26666667,4,1,13,17.00000000,10369.00000000,11970.00000000,157,382.83582090,0.19206120,0.13729741,34,1.08742004,0.85000000,-1733.00000000,-1651.00000000,-30.00000000,0,warmup,,,,,
pg-eb678cfe03d8fe84,LOLTMNT05_88459,2024-10-08T16:59:00,2024-10-08,2024,Unknown,0,14.18,Red,oe:team:8985b977176fb8fc36c973d03c01654,Entropy x Teufel,oe:team:e11d88a3cdcd9d6fbb73a26b0f8a300,DKB XPERION NXT,oe:player:b6d3661d0e5b3a8a54971329bdaed35,Peaker,mid,Vex,oe:player:ff71e751aa5f67010f80aad602ecdfe,LeBlanc,mid:Vex,lineup-474b183d963352a4,0,1876.00000000,31.26666667,5,6,7,2.00000000,11435.00000000,20458.00000000,198,654.30703625,0.21180633,0.23465584,27,0.86353945,0.60000000,-480.00000000,20.00000000,-15.00000000,0,warmup,,,,,
pg-6de360e37c489d95,LOLTMNT05_88459,2024-10-08T16:59:00,2024-10-08,2024,Unknown,0,14.18,Red,oe:team:8985b977176fb8fc36c973d03c01654,Entropy x Teufel,oe:team:e11d88a3cdcd9d6fbb73a26b0f8a300,DKB XPERION NXT,oe:player:dfaae08dcfa7836a7d4b41479cd7dc3,Staargazing,sup,Neeko,oe:player:21177b451d4c05fc389ac6cc767dfce,Poppy,sup:Neeko,lineup-474b183d963352a4,0,1876.00000000,31.26666667,2,7,10,1.71428571,7446.00000000,9441.00000000,22,301.95095949,0.13791954,0.10828946,72,2.30277186,0.60000000,-444.00000000,467.00000000,-7.00000000,0,warmup,,,,,
pg-aec2322ec6941867,LOLTMNT05_88459,2024-10-08T16:59:00,2024-10-08,2024,Unknown,0,14.18,Red,oe:team:8985b977176fb8fc36c973d03c01654,Entropy x Teufel,oe:team:e11d88a3cdcd9d6fbb73a26b0f8a300,DKB XPERION NXT,oe:player:46c8f3a5fb8d9cf794de4991ee30c40,Obelisk,top,Jax,oe:player:9f19603cf47eb7f0b95afbbd249f69c,Zac,top:Jax,lineup-474b183d963352a4,0,1876.00000000,31.26666667,3,8,7,1.25000000,10203.00000000,18366.00000000,170,587.39872068,0.18898644,0.21066034,29,0.92750533,0.50000000,-1621.00000000,-1271.00000000,-14.00000000,0,warmup,,,,,
pg-50b9c58352762893,LOLTMNT02_177086,2024-10-08T17:01:51,2024-10-08,2024,Unknown,0,14.18,Blue,name-team-b00e02d31d63590c,AIX eSports,oe:team:20ac802b980b4a0e33e933f3a5f9505,Team Mentality,name-player-ee8d52a50a86bd3f,AIX TrippleJ,bot,Jhin,oe:player:6170acc7982df44bea9133f93176f88,Kai'Sa,bot:Jhin,lineup-36efe75e6fdf2999,0,1352.00000000,22.53333333,2,4,2,1.00000000,8533.00000000,9564.00000000,181,424.43786982,0.20983647,0.19489332,11,0.48816568,0.26666667,710.00000000,1250.00000000,33.00000000,0,warmup,,,,,
pg-657aa7076852383c,LOLTMNT02_177086,2024-10-08T17:01:51,2024-10-08,2024,Unknown,0,14.18,Blue,name-team-b00e02d31d63590c,AIX eSports,oe:team:20ac802b980b4a0e33e933f3a5f9505,Team Mentality,oe:player:b401584337ccf62f7c91e9759734808,ShinyQB,jng,Vi,oe:player:4ab250820a1b574c893716ba9134180,Amumu,jng:Vi,lineup-36efe75e6fdf2999,0,1352.00000000,22.53333333,6,4,3,2.25000000,9101.00000000,8895.00000000,125,394.74852071,0.22380425,0.18126057,18,0.79881657,0.60000000,1099.00000000,-215.00000000,-6.00000000,0,warmup,,,,,
pg-710b85068ec38a93,LOLTMNT02_177086,2024-10-08T17:01:51,2024-10-08,2024,Unknown,0,14.18,Blue,name-team-b00e02d31d63590c,AIX eSports,oe:team:20ac802b980b4a0e33e933f3a5f9505,Team Mentality,oe:player:e130e2c7551384e1262e534a35d1cec,Lebronzey,mid,Ahri,oe:player:ffa51c3e9e63cddfc4e8c4adcf6f016,Ryze,mid:Ahri,lineup-36efe75e6fdf2999,0,1352.00000000,22.53333333,5,4,6,2.75000000,9754.00000000,15022.00000000,173,666.65680473,0.23986229,0.30611538,22,0.97633136,0.73333333,1350.00000000,516.00000000,3.00000000,0,warmup,,,,,
pg-ed93c2461cb43574,LOLTMNT02_177086,2024-10-08T17:01:51,2024-10-08,2024,Unknown,0,14.18,Blue,name-team-b00e02d31d63590c,AIX eSports,oe:team:20ac802b980b4a0e33e933f3a5f9505,Team Mentality,name-player-35ad7290bebc1bbf,AIX Don,sup,Nautilus,oe:player:55a76357763a7268e85b78272f7179a,Poppy,sup:Nautilus,lineup-36efe75e6fdf2999,0,1352.00000000,22.53333333,1,5,7,1.60000000,5638.00000000,5455.00000000,15,242.08579882,0.13864503,0.11116092,65,2.88461538,0.53333333,104.00000000,-294.00000000,-8.00000000,0,warmup,,,,,
pg-609df52fcce7e24a,LOLTMNT02_177086,2024-10-08T17:01:51,2024-10-08,2024,Unknown,0,14.18,Blue,name-team-b00e02d31d63590c,AIX eSports,oe:team:20ac802b980b4a0e33e933f3a5f9505,Team Mentality,oe:player:85940c01bc7a2392ac8be57e96545f4,Anto,top,Renekton,oe:player:b5eb44eff14a0f0624058aa192e3e5e,Fiora,top:Renekton,lineup-36efe75e6fdf2999,0,1352.00000000,22.53333333,1,7,1,0.28571429,7639.00000000,10137.00000000,145,449.86686391,0.18785196,0.20656980,11,0.48816568,0.13333333,-4201.00000000,-2450.00000000,-53.00000000,0,warmup,,,,,
pg-e7f771921ed7020e,LOLTMNT02_177086,2024-10-08T17:01:51,2024-10-08,2024,Unknown,0,14.18,Red,oe:team:20ac802b980b4a0e33e933f3a5f9505,Team Mentality,name-team-b00e02d31d63590c,AIX eSports,oe:player:6170acc7982df44bea9133f93176f88,Sheja,bot,Kai'Sa,name-player-ee8d52a50a86bd3f,Jhin,bot:Kai'Sa,lineup-a67825ca9783cd72,1,1352.00000000,22.53333333,12,1,1,13.00000000,12524.00000000,18610.00000000,163,825.88757396,0.24282141,0.26637086,11,0.48816568,0.54166667,-710.00000000,-1250.00000000,-33.00000000,0,warmup,,,,,
pg-467a0c21d33da87a,LOLTMNT02_177086,2024-10-08T17:01:51,2024-10-08,2024,Unknown,0,14.18,Red,oe:team:20ac802b980b4a0e33e933f3a5f9505,Team Mentality,name-team-b00e02d31d63590c,AIX eSports,oe:player:4ab250820a1b574c893716ba9134180,Striker,jng,Amumu,oe:player:b401584337ccf62f7c91e9759734808,Vi,jng:Amumu,lineup-a67825ca9783cd72,1,1352.00000000,22.53333333,2,5,13,3.00000000,9536.00000000,16826.00000000,175,746.71597633,0.18488861,0.24083590,13,0.57692308,0.62500000,-1099.00000000,215.00000000,6.00000000,0,warmup,,,,,
pg-de689c4bdd8b0e62,LOLTMNT02_177086,2024-10-08T17:01:51,2024-10-08,2024,Unknown,0,14.18,Red,oe:team:20ac802b980b4a0e33e933f3a5f9505,Team Mentality,name-team-b00e02d31d63590c,AIX eSports,oe:player:ffa51c3e9e63cddfc4e8c4adcf6f016,Unchained,mid,Ryze,oe:player:e130e2c7551384e1262e534a35d1cec,Ahri,mid:Ryze,lineup-a67825ca9783cd72,1,1352.00000000,22.53333333,2,5,4,1.20000000,8561.00000000,10007.00000000,191,444.09763314,0.16598484,0.14323338,18,0.79881657,0.25000000,-1350.00000000,-516.00000000,-3.00000000,0,warmup,,,,,
pg-03955585ee7b8fb9,LOLTMNT02_177086,2024-10-08T17:01:51,2024-10-08,2024,Unknown,0,14.18,Red,oe:team:20ac802b980b4a0e33e933f3a5f9505,Team Mentality,name-team-b00e02d31d63590c,AIX eSports,oe:player:55a76357763a7268e85b78272f7179a,Turtlaren,sup,Poppy,name-player-35ad7290bebc1bbf,Nautilus,sup:Poppy,lineup-a67825ca9783cd72,1,1352.00000000,22.53333333,2,3,12,4.66666667,7289.00000000,6680.00000000,25,296.44970414,0.14132268,0.09561297,53,2.35207101,0.58333333,-104.00000000,294.00000000,8.00000000,0,warmup,,,,,
pg-07436f69ebf59506,LOLTMNT02_177086,2024-10-08T17:01:51,2024-10-08,2024,Unknown,0,14.18,Red,oe:team:20ac802b980b4a0e33e933f3a5f9505,Team Mentality,name-team-b00e02d31d63590c,AIX eSports,oe:player:b5eb44eff14a0f0624058aa192e3e5e,GentlemanHero,top,Fiora,oe:player:85940c01bc7a2392ac8be57e96545f4,Renekton,top:Fiora,lineup-a67825ca9783cd72,1,1352.00000000,22.53333333,6,1,3,9.00000000,13667.00000000,17742.00000000,204,787.36686391,0.26498245,0.25394690,15,0.66568047,0.37500000,4201.00000000,2450.00000000,53.00000000,0,warmup,,,,,
pg-71655d7e90989486,LOLTMNT05_88465,2024-10-08T17:50:19,2024-10-08,2024,Unknown,0,14.18,Blue,oe:team:573f080fbc713a0b7ab0768e157e84b,RNL ROAR,name-team-290cb1b9e8978f88,Andromeda Nebula,oe:player:45df7c1539514a00818b38a127ce0df,TLamp,bot,Kai'Sa,name-player-c4b565cad9686e93,Jhin,bot:Kai'Sa,lineup-fcff6d029d750ef5,1,1387.00000000,23.11666667,6,4,4,2.50000000,10336.00000000,19718.00000000,161,852.97764960,0.20186711,0.26832322,16,0.69214131,0.43478261,-1650.00000000,-873.00000000,-48.00000000,0,warmup,,,,,
pg-4772701f00f04cb1,LOLTMNT05_88465,2024-10-08T17:50:19,2024-10-08,2024,Unknown,0,14.18,Blue,oe:team:573f080fbc713a0b7ab0768e157e84b,RNL ROAR,name-team-290cb1b9e8978f88,Andromeda Nebula,oe:player:c7d9dc96ddd149b1f0e8fc05cc98bdb,WarShogun,jng,Vi,name-player-9b99530cfceb1999,Nidalee,jng:Vi,lineup-fcff6d029d750ef5,1,1387.00000000,23.11666667,2,2,8,5.00000000,8591.00000000,7699.00000000,135,333.04974766,0.16778641,0.10476826,27,1.16798846,0.43478261,331.00000000,226.00000000,9.00000000,0,warmup,,,,,
pg-c23f55d62c091e9d,LOLTMNT05_88465,2024-10-08T17:50:19,2024-10-08,2024,Unknown,0,14.18,Blue,oe:team:573f080fbc713a0b7ab0768e157e84b,RNL ROAR,name-team-290cb1b9e8978f88,Andromeda Nebula,oe:player:87606cbadadd5442d24caadd3d1ae7e,Honest,mid,Syndra,name-player-6d455c8627cc2b88,Vex,mid:Syndra,lineup-fcff6d029d750ef5,1,1387.00000000,23.11666667,7,0,3,10.00000000,12800.00000000,18139.00000000,232,784.67195386,0.24999023,0.24683613,13,0.56236482,0.43478261,2063.00000000,1647.00000000,65.00000000,0,warmup,,,,,
pg-a0f0a2a3e6e9b314,LOLTMNT05_88465,2024-10-08T17:50:19,2024-10-08,2024,Unknown,0,14.18,Blue,oe:team:573f080fbc713a0b7ab0768e157e84b,RNL ROAR,name-team-290cb1b9e8978f88,Andromeda Nebula,oe:player:c44688b5061756b3cca2b86c016a153,Luis,sup,Rakan,name-player-f6f61cbab413cde5,Zilean,sup:Rakan,lineup-fcff6d029d750ef5,1,1387.00000000,23.11666667,1,1,18,19.00000000,7691.00000000,7897.00000000,27,341.61499640,0.15020898,0.10746265,74,3.20115357,0.82608696,-368.00000000,-1041.00000000,9.00000000,0,warmup,,,,,
pg-506e01ab1f2ba89f,LOLTMNT05_88465,2024-10-08T17:50:19,2024-10-08,2024,Unknown,0,14.18,Blue,oe:team:573f080fbc713a0b7ab0768e157e84b,RNL ROAR,name-team-290cb1b9e8978f88,Andromeda Nebula,oe:player:a29d50ec9ee6f5afcb6ddee443f6255,lupi,top,Yone,name-player-57bc9c1151d7b5c6,Gnar,top:Yone,lineup-fcff6d029d750ef5,1,1387.00000000,23.11666667,7,1,5,12.00000000,11784.00000000,20033.00000000,230,866.60418169,0.23014726,0.27260975,15,0.64888248,0.52173913,595.00000000,1076.00000000,36.00000000,0,warmup,,,,,
pg-fb1f863b1a3a56a4,LOLTMNT05_88465,2024-10-08T17:50:19,2024-10-08,2024,Unknown,0,14.18,Red,name-team-290cb1b9e8978f88,Andromeda Nebula,oe:team:573f080fbc713a0b7ab0768e157e84b,RNL ROAR,name-player-c4b565cad9686e93,AOM Fabiqt,bot,Jhin,oe:player:45df7c1539514a00818b38a127ce0df,Kai'Sa,bot:Jhin,lineup-e28719333653ab0d,0,1387.00000000,23.11666667,2,4,5,1.75000000,9145.00000000,14518.00000000,199,628.03172314,0.25752584,0.33862804,15,0.64888248,0.87500000,1650.00000000,873.00000000,48.00000000,0,warmup,,,,,
pg-534f6f5820f31afd,LOLTMNT05_88465,2024-10-08T17:50:19,2024-10-08,2024,Unknown,0,14.18,Red,name-team-290cb1b9e8978f88,Andromeda Nebula,oe:team:573f080fbc713a0b7ab0768e157e84b,RNL ROAR,name-player-9b99530cfceb1999,AOM Kipapo,jng,Nidalee,oe:player:c7d9dc96ddd149b1f0e8fc05cc98bdb,Vi,jng:Nidalee,lineup-e28719333653ab0d,0,1387.00000000,23.11666667,2,8,2,0.50000000,6649.00000000,8198.00000000,111,354.63590483,0.18723776,0.19121592,18,0.77865898,0.50000000,-331.00000000,-226.00000000,-9.00000000,0,warmup,,,,,
pg-d859bf949148e458,LOLTMNT05_88465,2024-10-08T17:50:19,2024-10-08,2024,Unknown,0,14.18,Red,name-team-290cb1b9e8978f88,Andromeda Nebula,oe:team:573f080fbc713a0b7ab0768e157e84b,RNL ROAR,name-player-6d455c8627cc2b88,AOM Shadowgream,mid,Vex,oe:player:87606cbadadd5442d24caadd3d1ae7e,Syndra,mid:Vex,lineup-e28719333653ab0d,0,1387.00000000,23.11666667,0,2,0,0.00000000,6471.00000000,5093.00000000,125,220.31723143,0.18222523,0.11879271,34,1.47080029,0.00000000,-2063.00000000,-1647.00000000,-65.00000000,0,warmup,,,,,
pg-c28fc43406e03f5f,LOLTMNT05_88465,2024-10-08T17:50:19,2024-10-08,2024,Unknown,0,14.18,Red,name-team-290cb1b9e8978f88,Andromeda Nebula,oe:team:573f080fbc713a0b7ab0768e157e84b,RNL ROAR,name-player-f6f61cbab413cde5,AOM amboor,sup,Zilean,oe:player:c44688b5061756b3cca2b86c016a153,Rakan,sup:Zilean,lineup-e28719333653ab0d,0,1387.00000000,23.11666667,3,4,3,1.50000000,5773.00000000,4593.00000000,19,198.68781543,0.16256934,0.10713036,60,2.59552992,0.75000000,368.00000000,1041.00000000,-9.00000000,0,warmup,,,,,
pg-884d78b37cf7977b,LOLTMNT05_88465,2024-10-08T17:50:19,2024-10-08,2024,Unknown,0,14.18,Red,name-team-290cb1b9e8978f88,Andromeda Nebula,oe:team:573f080fbc713a0b7ab0768e157e84b,RNL ROAR,name-player-57bc9c1151d7b5c6,AOM amicusp,top,Gnar,oe:player:a29d50ec9ee6f5afcb6ddee443f6255,Yone,top:Gnar,lineup-e28719333653ab0d,0,1387.00000000,23.11666667,1,5,0,0.20000000,7473.00000000,10471.00000000,177,452.96322999,0.21044183,0.24423297,12,0.51910598,0.12500000,-595.00000000,-1076.00000000,-36.00000000,0,warmup,,,,,
pg-560f362b8f908bc9,LOLTMNT05_88469,2024-10-08T17:52:22,2024-10-08,2024,Unknown,0,14.18,Blue,oe:team:e6423e34fc74500296fbaa43fac025d,TeamOrangeGaming,oe:team:980ab072663574c2e4fca71f275d302,Eintracht Spandau,oe:player:0390cca04f471c49b53ca4bdd4439ae,Rispy,bot,Jhin,oe:player:9ea5afea85321b13df74acb62bfb530,Kai'Sa,bot:Jhin,lineup-fe09a7c020118a2c,0,2069.00000000,34.48333333,7,6,8,2.50000000,13884.00000000,20850.00000000,273,604.63992267,0.22896534,0.21692312,17,0.49299178,0.62500000,109.00000000,-536.00000000,-25.00000000,0,warmup,,,,,
pg-a235dfb8ab86f3a9,LOLTMNT05_88469,2024-10-08T17:52:22,2024-10-08,2024,Unknown,0,14.18,Blue,oe:team:e6423e34fc74500296fbaa43fac025d,TeamOrangeGaming,oe:team:980ab072663574c2e4fca71f275d302,Eintracht Spandau,oe:player:88aaf97f9ff17ebf5822aa555db972e,Deletus,jng,Taliyah,oe:player:25372337c424d854728ed2a7775efb6,Lee Sin,jng:Taliyah,lineup-fe09a7c020118a2c,0,2069.00000000,34.48333333,10,8,10,2.50000000,14690.00000000,36709.00000000,210,1064.54325761,0.24225733,0.38191995,23,0.66698888,0.83333333,1377.00000000,1253.00000000,18.00000000,0,warmup,,,,,
pg-6f8b827f9db67e3d,LOLTMNT05_88469,2024-10-08T17:52:22,2024-10-08,2024,Unknown,0,14.18,Blue,oe:team:e6423e34fc74500296fbaa43fac025d,TeamOrangeGaming,oe:team:980ab072663574c2e4fca71f275d302,Eintracht Spandau,oe:player:4f6d6b2c4c29033ff5437cee2a7587e,Macaquinho,mid,LeBlanc,oe:player:b6ebe3c8487ddc3a23c586e650c4528,Ryze,mid:LeBlanc,lineup-fe09a7c020118a2c,0,2069.00000000,34.48333333,3,8,7,1.25000000,11272.00000000,14349.00000000,230,416.11406477,0.18589004,0.14928681,39,1.13098115,0.41666667,-2238.00000000,-1284.00000000,-40.00000000,0,warmup,,,,,
pg-2e10b5813138b537,LOLTMNT05_88469,2024-10-08T17:52:22,2024-10-08,2024,Unknown,0,14.18,Blue,oe:team:e6423e34fc74500296fbaa43fac025d,TeamOrangeGaming,oe:team:980ab072663574c2e4fca71f275d302,Eintracht Spandau,oe:player:9142091a7a92ae3db251d989f53439c,Kidiro,sup,Poppy,oe:player:a291e13e72870a901a7a03a59d9c6be,Nautilus,sup:Poppy,lineup-fe09a7c020118a2c,0,2069.00000000,34.48333333,2,8,11,1.62500000,7944.00000000,9090.00000000,22,263.60560657,0.13100696,0.09457224,94,2.72595457,0.54166667,-871.00000000,-453.00000000,0.00000000,0,warmup,,,,,
pg-c31ad6e9ca89e7fe,LOLTMNT05_88469,2024-10-08T17:52:22,2024-10-08,2024,Unknown,0,14.18,Blue,oe:team:e6423e34fc74500296fbaa43fac025d,TeamOrangeGaming,oe:team:980ab072663574c2e4fca71f275d302,Eintracht Spandau,oe:player:a8c7815094d487c4c9a3a7276986005,Niqkl,top,K'Sante,oe:player:3ef7267325e7c72a8ca898504722520,Garen,top:K'Sante,lineup-fe09a7c020118a2c,0,2069.00000000,34.48333333,2,1,2,4.00000000,12848.00000000,15119.00000000,301,438.44369261,0.21188034,0.15729788,18,0.52199130,0.16666667,-17.00000000,-121.00000000,-10.00000000,0,warmup,,,,,
pg-888d9ba5317f20b5,LOLTMNT05_88469,2024-10-08T17:52:22,2024-10-08,2024,Unknown,0,14.18,Red,oe:team:980ab072663574c2e4fca71f275d302,Eintracht Spandau,oe:team:e6423e34fc74500296fbaa43fac025d,TeamOrangeGaming,oe:player:9ea5afea85321b13df74acb62bfb530,Fun K3y,bot,Kai'Sa,oe:player:0390cca04f471c49b53ca4bdd4439ae,Jhin,bot:Kai'Sa,lineup-7806ec98ee9cc07b,1,2069.00000000,34.48333333,6,4,9,3.75000000,16761.00000000,32409.00000000,311,939.84533591,0.23020190,0.27573914,40,1.15998067,0.48387097,-109.00000000,536.00000000,25.00000000,0,warmup,,,,,
pg-1a54b1d98714cdc1,LOLTMNT05_88469,2024-10-08T17:52:22,2024-10-08,2024,Unknown,0,14.18,Red,oe:team:980ab072663574c2e4fca71f275d302,Eintracht Spandau,oe:team:e6423e34fc74500296fbaa43fac025d,TeamOrangeGaming,oe:player:25372337c424d854728ed2a7775efb6,Zanzarah,jng,Lee Sin,oe:player:88aaf97f9ff17ebf5822aa555db972e,Taliyah,jng:Lee Sin,lineup-7806ec98ee9cc07b,1,2069.00000000,34.48333333,5,7,5,1.42857143,12078.00000000,9538.00000000,187,276.59739004,0.16588381,0.08115030,55,1.59497342,0.32258065,-1377.00000000,-1253.00000000,-18.00000000,0,warmup,,,,,
pg-50fe3495d8d9686d,LOLTMNT05_88469,2024-10-08T17:52:22,2024-10-08,2024,Unknown,0,14.18,Red,oe:team:980ab072663574c2e4fca71f275d302,Eintracht Spandau,oe:team:e6423e34fc74500296fbaa43fac025d,TeamOrangeGaming,oe:player:b6ebe3c8487ddc3a23c586e650c4528,PowerOfEvil,mid,Ryze,oe:player:4f6d6b2c4c29033ff5437cee2a7587e,LeBlanc,mid:Ryze,lineup-7806ec98ee9cc07b,1,2069.00000000,34.48333333,9,2,11,10.00000000,19292.00000000,37458.00000000,354,1086.26389560,0.26496360,0.31869656,39,1.13098115,0.64516129,2238.00000000,1284.00000000,40.00000000,0,warmup,,,,,
pg-a11bb76288f3c021,LOLTMNT05_88469,2024-10-08T17:52:22,2024-10-08,2024,Unknown,0,14.18,Red,oe:team:980ab072663574c2e4fca71f275d302,Eintracht Spandau,oe:team:e6423e34fc74500296fbaa43fac025d,TeamOrangeGaming,oe:player:a291e13e72870a901a7a03a59d9c6be,Lilipp,sup,Nautilus,oe:player:9142091a7a92ae3db251d989f53439c,Poppy,sup:Nautilus,lineup-7806ec98ee9cc07b,1,2069.00000000,34.48333333,2,9,9,1.22222222,9237.00000000,10029.00000000,30,290.83615273,0.12686444,0.08532777,124,3.59594007,0.35483871,871.00000000,453.00000000,0.00000000,0,warmup,,,,,
pg-829677df794a221a,LOLTMNT05_88469,2024-10-08T17:52:22,2024-10-08,2024,Unknown,0,14.18,Red,oe:team:980ab072663574c2e4fca71f275d302,Eintracht Spandau,oe:team:e6423e34fc74500296fbaa43fac025d,TeamOrangeGaming,oe:player:3ef7267325e7c72a8ca898504722520,Vertigo,top,Garen,oe:player:a8c7815094d487c4c9a3a7276986005,K'Sante,top:Garen,lineup-7806ec98ee9cc07b,1,2069.00000000,34.48333333,9,2,2,5.50000000,15442.00000000,28101.00000000,293,814.91541808,0.21208625,0.23908623,24,0.69598840,0.35483871,17.00000000,121.00000000,10.00000000,0,warmup,,,,,
pg-7878591777aba812,LOLTMNT05_89442,2024-10-08T17:54:52,2024-10-08,2024,Unknown,0,14.18,Blue,oe:team:659132057bf3872268ec0676b57862b,VININE,oe:team:a1934e3feca7db728021f9c61a6bc27,Austrian Force willhaben,oe:player:647414e68f7beb0742f4a0cc5523ac5,Sola,bot,Jhin,oe:player:40fa7615556f33971d67c95a702fbcc,Kai'Sa,bot:Jhin,lineup-3dcc392eae23e239,0,1656.00000000,27.60000000,2,5,8,2.00000000,9928.00000000,15527.00000000,217,562.57246377,0.22007448,0.20675650,10,0.36231884,0.62500000,-1585.00000000,-255.00000000,-9.00000000,0,warmup,,,,,
pg-bea9a441bfca7693,LOLTMNT05_89442,2024-10-08T17:54:52,2024-10-08,2024,Unknown,0,14.18,Blue,oe:team:659132057bf3872268ec0676b57862b,VININE,oe:team:a1934e3feca7db728021f9c61a6bc27,Austrian Force willhaben,oe:player:1a14d03bc1d87f1604660783edbbcdd,Autophil,jng,Teemo,oe:player:6b7ca7e0fcad1f113f17bc2d30adbf5,Vi,jng:Teemo,lineup-3dcc392eae23e239,0,1656.00000000,27.60000000,9,5,5,2.80000000,11569.00000000,27300.00000000,153,989.13043478,0.25645061,0.36352499,30,1.08695652,0.87500000,1632.00000000,-214.00000000,-13.00000000,0,warmup,,,,,
pg-b0b48f2e82cb406e,LOLTMNT05_89442,2024-10-08T17:54:52,2024-10-08,2024,Unknown,0,14.18,Blue,oe:team:659132057bf3872268ec0676b57862b,VININE,oe:team:a1934e3feca7db728021f9c61a6bc27,Austrian Force willhaben,oe:player:1e649d109aa635c132bb40ea7a78cf5,Bladeshow,mid,Pyke,oe:player:7e33124e33721ef8f70d2dd843b57da,Aurora,mid:Pyke,lineup-3dcc392eae23e239,0,1656.00000000,27.60000000,2,3,7,3.00000000,7966.00000000,9410.00000000,130,340.94202899,0.17658273,0.12530294,28,1.01449275,0.56250000,-688.00000000,-1889.00000000,-24.00000000,0,warmup,,,,,
pg-d187154d27de8bdb,LOLTMNT05_89442,2024-10-08T17:54:52,2024-10-08,2024,Unknown,0,14.18,Blue,oe:team:659132057bf3872268ec0676b57862b,VININE,oe:team:a1934e3feca7db728021f9c61a6bc27,Austrian Force willhaben,oe:player:673ed98a945993e162019b463e02c90,Kutcher,sup,Taric,oe:player:280a58c350eef8f164e753447b2a306,Nautilus,sup:Taric,lineup-3dcc392eae23e239,0,1656.00000000,27.60000000,1,6,13,2.33333333,7121.00000000,5943.00000000,34,215.32608696,0.15785157,0.07913659,54,1.95652174,0.87500000,-111.00000000,570.00000000,3.00000000,0,warmup,,,,,
pg-a3d1b709dfa566cc,LOLTMNT05_89442,2024-10-08T17:54:52,2024-10-08,2024,Unknown,0,14.18,Blue,oe:team:659132057bf3872268ec0676b57862b,VININE,oe:team:a1934e3feca7db728021f9c61a6bc27,Austrian Force willhaben,oe:player:abe5156b7e4b82b118cae3f52432995,Kamon,top,Sylas,oe:player:1725cf69407d2dcdf2873d0669409e8,Yone,top:Sylas,lineup-3dcc392eae23e239,0,1656.00000000,27.60000000,2,8,7,1.12500000,8528.00000000,16918.00000000,151,612.97101449,0.18904061,0.22527897,14,0.50724638,0.56250000,-76.00000000,687.00000000,-8.00000000,0,warmup,,,,,
pg-0e23a32b823c994f,LOLTMNT05_89442,2024-10-08T17:54:52,2024-10-08,2024,Unknown,0,14.18,Red,oe:team:a1934e3feca7db728021f9c61a6bc27,Austrian Force willhaben,oe:team:659132057bf3872268ec0676b57862b,VININE,oe:player:40fa7615556f33971d67c95a702fbcc,Woolite,bot,Kai'Sa,oe:player:647414e68f7beb0742f4a0cc5523ac5,Jhin,bot:Kai'Sa,lineup-54e67b5d765adf4b,1,1656.00000000,27.60000000,8,1,8,16.00000000,15263.00000000,38519.00000000,270,1395.61594203,0.26513914,0.33778818,14,0.50724638,0.59259259,1585.00000000,255.00000000,9.00000000,0,warmup,,,,,
pg-22c566360a7ccf10,LOLTMNT05_89442,2024-10-08T17:54:52,2024-10-08,2024,Unknown,0,14.18,Red,oe:team:a1934e3feca7db728021f9c61a6bc27,Austrian Force willhaben,oe:team:659132057bf3872268ec0676b57862b,VININE,oe:player:6b7ca7e0fcad1f113f17bc2d30adbf5,adi1,jng,Vi,oe:player:1a14d03bc1d87f1604660783edbbcdd,Teemo,jng:Vi,lineup-54e67b5d765adf4b,1,1656.00000000,27.60000000,4,4,13,4.25000000,11385.00000000,14204.00000000,183,514.63768116,0.19777299,0.12456043,45,1.63043478,0.62962963,-1632.00000000,214.00000000,13.00000000,0,warmup,,,,,
pg-f77f7239ce628e51,LOLTMNT05_89442,2024-10-08T17:54:52,2024-10-08,2024,Unknown,0,14.18,Red,oe:team:a1934e3feca7db728021f9c61a6bc27,Austrian Force willhaben,oe:team:659132057bf3872268ec0676b57862b,VININE,oe:player:7e33124e33721ef8f70d2dd843b57da,ESCIK,mid,Aurora,oe:player:1e649d109aa635c132bb40ea7a78cf5,Pyke,mid:Aurora,lineup-54e67b5d765adf4b,1,1656.00000000,27.60000000,7,3,12,6.33333333,11902.00000000,24942.00000000,193,903.69565217,0.20675399,0.21872616,13,0.47101449,0.70370370,688.00000000,1889.00000000,24.00000000,0,warmup,,,,,
pg-1c12b278e9896aab,LOLTMNT05_89442,2024-10-08T17:54:52,2024-10-08,2024,Unknown,0,14.18,Red,oe:team:a1934e3feca7db728021f9c61a6bc27,Austrian Force willhaben,oe:team:659132057bf3872268ec0676b57862b,VININE,oe:player:280a58c350eef8f164e753447b2a306,Vander,sup,Nautilus,oe:player:673ed98a945993e162019b463e02c90,Taric,sup:Nautilus,lineup-54e67b5d765adf4b,1,1656.00000000,27.60000000,4,3,16,6.66666667,8468.00000000,9125.00000000,26,330.61594203,0.14710072,0.08002070,80,2.89855072,0.74074074,111.00000000,-570.00000000,-3.00000000,0,warmup,,,,,
pg-37acd9cc02351653,LOLTMNT05_89442,2024-10-08T17:54:52,2024-10-08,2024,Unknown,0,14.18,Red,oe:team:a1934e3feca7db728021f9c61a6bc27,Austrian Force willhaben,oe:team:659132057bf3872268ec0676b57862b,VININE,oe:player:1725cf69407d2dcdf2873d0669409e8,Tracyn,top,Yone,oe:player:abe5156b7e4b82b118cae3f52432995,Sylas,top:Yone,lineup-54e67b5d765adf4b,1,1656.00000000,27.60000000,4,5,6,2.00000000,10548.00000000,27243.00000000,190,987.06521739,0.18323316,0.23890453,11,0.39855072,0.37037037,76.00000000,-687.00000000,8.00000000,0,warmup,,,,,
pg-384f14d988d40a57,LOLTMNT05_89441,2024-10-08T17:55:14,2024-10-08,2024,Unknown,0,14.18,Blue,oe:team:0410783728358f6e711de31a6f1e8f9,Kaufland Hangry Knights,oe:team:30fa9a41992f6d79206892a5af03a43,All for One Gaming,oe:player:1a38c55db5f8af06ebac94d8530ff71,Avra,bot,Kai'Sa,oe:player:b7ba183b22675d06d42bd783276a010,Xayah,bot:Kai'Sa,lineup-6218d111695859c5,1,2150.00000000,35.83333333,7,8,1,1.00000000,16021.00000000,22420.00000000,336,625.67441860,0.23939811,0.26150042,43,1.20000000,0.53333333,1810.00000000,416.00000000,27.00000000,0,warmup,,,,,
pg-d1fc9285161d3e54,LOLTMNT05_89441,2024-10-08T17:55:14,2024-10-08,2024,Unknown,0,14.18,Blue,oe:team:0410783728358f6e711de31a6f1e8f9,Kaufland Hangry Knights,oe:team:30fa9a41992f6d79206892a5af03a43,All for One Gaming,oe:player:e8ff461b567776b254963373be94961,Toni,jng,Sejuani,oe:player:0d7c1887f1bc9cfeffde4e06b426dbb,Vi,jng:Sejuani,lineup-6218d111695859c5,1,2150.00000000,35.83333333,0,4,12,3.00000000,10762.00000000,12798.00000000,167,357.15348837,0.16081408,0.14927218,56,1.56279070,0.80000000,-237.00000000,-574.00000000,-25.00000000,0,warmup,,,,,
pg-307e6af3d69e62c6,LOLTMNT05_89441,2024-10-08T17:55:14,2024-10-08,2024,Unknown,0,14.18,Blue,oe:team:0410783728358f6e711de31a6f1e8f9,Kaufland Hangry Knights,oe:team:30fa9a41992f6d79206892a5af03a43,All for One Gaming,oe:player:d7432b52de9ff23e6aa98374fe63375,Nite,mid,Sylas,oe:player:4e24975f772fe41fcf838ea9dbe138f,Aurora,mid:Sylas,lineup-6218d111695859c5,1,2150.00000000,35.83333333,3,9,6,1.00000000,12604.00000000,21445.00000000,248,598.46511628,0.18833866,0.25012830,35,0.97674419,0.60000000,432.00000000,38.00000000,6.00000000,0,warmup,,,,,
pg-e49da9953baceddb,LOLTMNT05_89441,2024-10-08T17:55:14,2024-10-08,2024,Unknown,0,14.18,Blue,oe:team:0410783728358f6e711de31a6f1e8f9,Kaufland Hangry Knights,oe:team:30fa9a41992f6d79206892a5af03a43,All for One Gaming,oe:player:6369ba49db4cf35b35a7c47e3d4a4fd,Visdom,sup,Rell,oe:player:20cdf5972da68ab707cded4dd74d57e,Leona,sup:Rell,lineup-6218d111695859c5,1,2150.00000000,35.83333333,2,5,8,2.00000000,9150.00000000,5917.00000000,36,165.12558140,0.13672634,0.06901418,116,3.23720930,0.66666667,1031.00000000,666.00000000,2.00000000,0,warmup,,,,,
pg-acb679e8e25beb03,LOLTMNT05_89441,2024-10-08T17:55:14,2024-10-08,2024,Unknown,0,14.18,Blue,oe:team:0410783728358f6e711de31a6f1e8f9,Kaufland Hangry Knights,oe:team:30fa9a41992f6d79206892a5af03a43,All for One Gaming,oe:player:74cc915f83955219866a1bc32a90285,Sven,top,Tryndamere,oe:player:0ca1c9160623ef369d846ce506df20f,Ornn,top:Tryndamere,lineup-6218d111695859c5,1,2150.00000000,35.83333333,3,2,4,3.50000000,18385.00000000,23156.00000000,394,646.21395349,0.27472281,0.27008491,25,0.69767442,0.46666667,1729.00000000,967.00000000,20.00000000,0,warmup,,,,,
pg-f99ff04a273e3c40,LOLTMNT05_89441,2024-10-08T17:55:14,2024-10-08,2024,Unknown,0,14.18,Red,oe:team:30fa9a41992f6d79206892a5af03a43,All for One Gaming,oe:team:0410783728358f6e711de31a6f1e8f9,Kaufland Hangry Knights,oe:player:b7ba183b22675d06d42bd783276a010,Kazing,bot,Xayah,oe:player:1a38c55db5f8af06ebac94d8530ff71,Kai'Sa,bot:Xayah,lineup-7116e4492f85a928,0,2150.00000000,35.83333333,7,3,8,5.00000000,15690.00000000,25267.00000000,274,705.12558140,0.21998514,0.20483989,37,1.03255814,0.53571429,-1810.00000000,-416.00000000,-27.00000000,0,warmup,,,,,
pg-c95777dd0547a1fc,LOLTMNT05_89441,2024-10-08T17:55:14,2024-10-08,2024,Unknown,0,14.18,Red,oe:team:30fa9a41992f6d79206892a5af03a43,All for One Gaming,oe:team:0410783728358f6e711de31a6f1e8f9,Kaufland Hangry Knights,oe:player:0d7c1887f1bc9cfeffde4e06b426dbb,Pasu,jng,Vi,oe:player:e8ff461b567776b254963373be94961,Sejuani,jng:Vi,lineup-7116e4492f85a928,0,2150.00000000,35.83333333,7,3,15,7.33333333,14225.00000000,24710.00000000,190,689.58139535,0.19944478,0.20032428,60,1.67441860,0.78571429,237.00000000,574.00000000,25.00000000,0,warmup,,,,,
pg-3330c96a665e4832,LOLTMNT05_89441,2024-10-08T17:55:14,2024-10-08,2024,Unknown,0,14.18,Red,oe:team:30fa9a41992f6d79206892a5af03a43,All for One Gaming,oe:team:0410783728358f6e711de31a6f1e8f9,Kaufland Hangry Knights,oe:player:4e24975f772fe41fcf838ea9dbe138f,Fooneses,mid,Aurora,oe:player:d7432b52de9ff23e6aa98374fe63375,Sylas,mid:Aurora,lineup-7116e4492f85a928,0,2150.00000000,35.83333333,8,0,8,16.00000000,17142.00000000,29858.00000000,309,833.24651163,0.24034323,0.24205918,43,1.20000000,0.57142857,-432.00000000,-38.00000000,-6.00000000,0,warmup,,,,,
pg-42a4332ac37ba693,LOLTMNT05_89441,2024-10-08T17:55:14,2024-10-08,2024,Unknown,0,14.18,Red,oe:team:30fa9a41992f6d79206892a5af03a43,All for One Gaming,oe:team:0410783728358f6e711de31a6f1e8f9,Kaufland Hangry Knights,oe:player:20cdf5972da68ab707cded4dd74d57e,Seraphya,sup,Leona,oe:player:6369ba49db4cf35b35a7c47e3d4a4fd,Rell,sup:Leona,lineup-7116e4492f85a928,0,2150.00000000,35.83333333,3,6,18,3.50000000,10250.00000000,12310.00000000,36,343.53488372,0.14371241,0.09979732,118,3.29302326,0.75000000,-1031.00000000,-666.00000000,-2.00000000,0,warmup,,,,,
pg-e5d29cd2f9a270f8,LOLTMNT05_89441,2024-10-08T17:55:14,2024-10-08,2024,Unknown,0,14.18,Red,oe:team:30fa9a41992f6d79206892a5af03a43,All for One Gaming,oe:team:0410783728358f6e711de31a6f1e8f9,Kaufland Hangry Knights,oe:player:0ca1c9160623ef369d846ce506df20f,Rem,top,Ornn,oe:player:74cc915f83955219866a1bc32a90285,Tryndamere,top:Ornn,lineup-7116e4492f85a928,0,2150.00000000,35.83333333,3,3,14,5.66666667,14016.00000000,31205.00000000,250,870.83720930,0.19651445,0.25297933,32,0.89302326,0.60714286,-1729.00000000,-967.00000000,-20.00000000,0,warmup,,,,,
pg-3e10ff3492a8e91f,LOLTMNT05_89444,2024-10-08T18:39:54,2024-10-08,2024,Unknown,0,14.18,Blue,oe:team:e46f2dda10740009ffb0c01498dc5ce,ROSSMANN Centaurs,oe:team:573f080fbc713a0b7ab0768e157e84b,RNL ROAR,oe:player:1d08b7a3a79956e521241ad27f2f60d,Varry,bot,Varus,oe:player:45df7c1539514a00818b38a127ce0df,Ezreal,bot:Varus,lineup-b3cb346d12213755,1,2188.00000000,36.46666667,8,6,12,3.33333333,15799.00000000,34298.00000000,251,940.53016453,0.20397914,0.24244352,46,1.26142596,0.60606061,-602.00000000,69.00000000,-10.00000000,0,warmup,,,,,
pg-f7abdb83dfb727cc,LOLTMNT05_89444,2024-10-08T18:39:54,2024-10-08,2024,Unknown,0,14.18,Blue,oe:team:e46f2dda10740009ffb0c01498dc5ce,ROSSMANN Centaurs,oe:team:573f080fbc713a0b7ab0768e157e84b,RNL ROAR,oe:player:3068654a4082275bbc00789650d1954,Xagog,jng,Lillia,oe:player:c7d9dc96ddd149b1f0e8fc05cc98bdb,Ivern,jng:Lillia,lineup-b3cb346d12213755,1,2188.00000000,36.46666667,13,2,18,15.50000000,19859.00000000,59334.00000000,310,1627.07495430,0.25639735,0.41941641,47,1.28884826,0.93939394,1273.00000000,1483.00000000,33.00000000,0,warmup,,,,,
pg-31cbe96c82879ea7,LOLTMNT05_89444,2024-10-08T18:39:54,2024-10-08,2024,Unknown,0,14.18,Blue,oe:team:e46f2dda10740009ffb0c01498dc5ce,ROSSMANN Centaurs,oe:team:573f080fbc713a0b7ab0768e157e84b,RNL ROAR,oe:player:f80c460f82b1017b588882292444e60,goose,mid,K'Sante,oe:player:87606cbadadd5442d24caadd3d1ae7e,Lissandra,mid:K'Sante,lineup-b3cb346d12213755,1,2188.00000000,36.46666667,4,7,11,2.14285714,13646.00000000,17523.00000000,234,480.52102377,0.17618199,0.12386547,20,0.54844607,0.45454545,75.00000000,-18.00000000,-8.00000000,0,warmup,,,,,
pg-5537704a12b21c1f,LOLTMNT05_89444,2024-10-08T18:39:54,2024-10-08,2024,Unknown,0,14.18,Blue,oe:team:e46f2dda10740009ffb0c01498dc5ce,ROSSMANN Centaurs,oe:team:573f080fbc713a0b7ab0768e157e84b,RNL ROAR,oe:player:08904f9c78637b75c0de4d1734f318c,Wildenbruch,sup,Rell,oe:player:c44688b5061756b3cca2b86c016a153,Leona,sup:Rell,lineup-b3cb346d12213755,1,2188.00000000,36.46666667,0,7,20,2.85714286,9541.00000000,9959.00000000,33,273.09872029,0.12318279,0.07039755,131,3.59232176,0.60606061,-64.00000000,-245.00000000,5.00000000,0,warmup,,,,,
pg-c65c94b538ad92ff,LOLTMNT05_89444,2024-10-08T18:39:54,2024-10-08,2024,Unknown,0,14.18,Blue,oe:team:e46f2dda10740009ffb0c01498dc5ce,ROSSMANN Centaurs,oe:team:573f080fbc713a0b7ab0768e157e84b,RNL ROAR,oe:player:0f5f13ceea0f4fdc6eff8145fe20692,Vikes,top,Yasuo,oe:player:a29d50ec9ee6f5afcb6ddee443f6255,Gnar,top:Yasuo,lineup-b3cb346d12213755,1,2188.00000000,36.46666667,8,6,9,2.83333333,18609.00000000,20354.00000000,329,558.15356490,0.24025873,0.14387706,32,0.87751371,0.51515152,1396.00000000,329.00000000,9.00000000,0,warmup,,,,,
pg-f8d1dd290ac1e25c,LOLTMNT05_89444,2024-10-08T18:39:54,2024-10-08,2024,Unknown,0,14.18,Red,oe:team:573f080fbc713a0b7ab0768e157e84b,RNL ROAR,oe:team:e46f2dda10740009ffb0c01498dc5ce,ROSSMANN Centaurs,oe:player:45df7c1539514a00818b38a127ce0df,TLamp,bot,Ezreal,oe:player:1d08b7a3a79956e521241ad27f2f60d,Varus,bot:Ezreal,lineup-fcff6d029d750ef5,0,2188.00000000,36.46666667,13,4,10,5.75000000,18676.00000000,59083.00000000,302,1620.19195612,0.26151735,0.39583417,36,0.98720293,0.85185185,602.00000000,-69.00000000,10.00000000,0,warmup,,,,,
pg-2af94831a341d94a,LOLTMNT05_89444,2024-10-08T18:39:54,2024-10-08,2024,Unknown,0,14.18,Red,oe:team:573f080fbc713a0b7ab0768e157e84b,RNL ROAR,oe:team:e46f2dda10740009ffb0c01498dc5ce,ROSSMANN Centaurs,oe:player:c7d9dc96ddd149b1f0e8fc05cc98bdb,WarShogun,jng,Ivern,oe:player:3068654a4082275bbc00789650d1954,Lillia,jng:Ivern,lineup-fcff6d029d750ef5,0,2188.00000000,36.46666667,2,6,20,3.66666667,12766.00000000,10899.00000000,184,298.87568556,0.17876047,0.07301925,30,0.82266910,0.81481481,-1273.00000000,-1483.00000000,-33.00000000,0,warmup,,,,,
pg-b789a04d4266a2dd,LOLTMNT05_89444,2024-10-08T18:39:54,2024-10-08,2024,Unknown,0,14.18,Red,oe:team:573f080fbc713a0b7ab0768e157e84b,RNL ROAR,oe:team:e46f2dda10740009ffb0c01498dc5ce,ROSSMANN Centaurs,oe:player:87606cbadadd5442d24caadd3d1ae7e,Honest,mid,Lissandra,oe:player:f80c460f82b1017b588882292444e60,K'Sante,mid:Lissandra,lineup-fcff6d029d750ef5,0,2188.00000000,36.46666667,6,8,13,2.37500000,16390.00000000,33162.00000000,281,909.37842779,0.22950682,0.22217309,27,0.74040219,0.70370370,-75.00000000,18.00000000,8.00000000,0,warmup,,,,,
pg-b1390c86865c7d46,LOLTMNT05_89444,2024-10-08T18:39:54,2024-10-08,2024,Unknown,0,14.18,Red,oe:team:573f080fbc713a0b7ab0768e157e84b,RNL ROAR,oe:team:e46f2dda10740009ffb0c01498dc5ce,ROSSMANN Centaurs,oe:player:c44688b5061756b3cca2b86c016a153,Luis,sup,Leona,oe:player:08904f9c78637b75c0de4d1734f318c,Rell,sup:Leona,lineup-fcff6d029d750ef5,0,2188.00000000,36.46666667,1,7,22,3.28571429,9639.00000000,14298.00000000,31,392.08409506,0.13497353,0.09579129,144,3.94881170,0.85185185,64.00000000,245.00000000,-5.00000000,0,warmup,,,,,
pg-717babecf9610c07,LOLTMNT05_89444,2024-10-08T18:39:54,2024-10-08,2024,Unknown,0,14.18,Red,oe:team:573f080fbc713a0b7ab0768e157e84b,RNL ROAR,oe:team:e46f2dda10740009ffb0c01498dc5ce,ROSSMANN Centaurs,oe:player:a29d50ec9ee6f5afcb6ddee443f6255,lupi,top,Gnar,oe:player:0f5f13ceea0f4fdc6eff8145fe20692,Yasuo,top:Gnar,lineup-fcff6d029d750ef5,0,2188.00000000,36.46666667,5,10,10,1.50000000,13943.00000000,31820.00000000,263,872.57769653,0.19524183,0.21318219,30,0.82266910,0.55555556,-1396.00000000,-329.00000000,-9.00000000,0,warmup,,,,,
pg-222eee5b80089398,LOLTMNT05_88472,2024-10-08T18:43:34,2024-10-08,2024,Unknown,0,14.18,Blue,oe:team:8985b977176fb8fc36c973d03c01654,Entropy x Teufel,oe:team:659132057bf3872268ec0676b57862b,VININE,oe:player:111f8e46b9fac23eb97b37c15c16d1c,Effortless,bot,Jhin,oe:player:647414e68f7beb0742f4a0cc5523ac5,Ezreal,bot:Jhin,lineup-474b183d963352a4,1,1704.00000000,28.40000000,5,1,4,9.00000000,14027.00000000,20986.00000000,276,738.94366197,0.24936002,0.23171284,19,0.66901408,0.40909091,726.00000000,-349.00000000,36.00000000,0,warmup,,,,,
pg-df35a3d61f7ace4e,LOLTMNT05_88472,2024-10-08T18:43:34,2024-10-08,2024,Unknown,0,14.18,Blue,oe:team:8985b977176fb8fc36c973d03c01654,Entropy x Teufel,oe:team:659132057bf3872268ec0676b57862b,VININE,oe:player:161d1a55c06aca37d588f0545e35b45,Inition,jng,Sejuani,oe:player:1a14d03bc1d87f1604660783edbbcdd,Karthus,jng:Sejuani,lineup-474b183d963352a4,1,1704.00000000,28.40000000,2,3,10,4.00000000,9943.00000000,8173.00000000,182,287.78169014,0.17675816,0.09024059,39,1.37323944,0.54545455,-814.00000000,-1870.00000000,-24.00000000,0,warmup,,,,,
pg-20e8182d61a0a67c,LOLTMNT05_88472,2024-10-08T18:43:34,2024-10-08,2024,Unknown,0,14.18,Blue,oe:team:8985b977176fb8fc36c973d03c01654,Entropy x Teufel,oe:team:659132057bf3872268ec0676b57862b,VININE,oe:player:b6d3661d0e5b3a8a54971329bdaed35,Peaker,mid,Ziggs,oe:player:1e649d109aa635c132bb40ea7a78cf5,Smolder,mid:Ziggs,lineup-474b183d963352a4,1,1704.00000000,28.40000000,7,4,3,2.50000000,13493.00000000,22943.00000000,217,807.85211268,0.23986703,0.25332067,24,0.84507042,0.45454545,1832.00000000,-70.00000000,-1.00000000,0,warmup,,,,,
pg-57c3f19570540aac,LOLTMNT05_88472,2024-10-08T18:43:34,2024-10-08,2024,Unknown,0,14.18,Blue,oe:team:8985b977176fb8fc36c973d03c01654,Entropy x Teufel,oe:team:659132057bf3872268ec0676b57862b,VININE,oe:player:dfaae08dcfa7836a7d4b41479cd7dc3,Staargazing,sup,Ashe,oe:player:673ed98a945993e162019b463e02c90,Poppy,sup:Ashe,lineup-474b183d963352a4,1,1704.00000000,28.40000000,0,4,11,2.75000000,7585.00000000,10551.00000000,34,371.51408451,0.13483965,0.11649681,95,3.34507042,0.50000000,-84.00000000,1154.00000000,4.00000000,0,warmup,,,,,
pg-f0f6da0ba3db9947,LOLTMNT05_88472,2024-10-08T18:43:34,2024-10-08,2024,Unknown,0,14.18,Blue,oe:team:8985b977176fb8fc36c973d03c01654,Entropy x Teufel,oe:team:659132057bf3872268ec0676b57862b,VININE,oe:player:46c8f3a5fb8d9cf794de4991ee30c40,Obelisk,top,Jax,oe:player:abe5156b7e4b82b118cae3f52432995,Renekton,top:Jax,lineup-474b183d963352a4,1,1704.00000000,28.40000000,8,9,3,1.22222222,11204.00000000,27916.00000000,164,982.95774648,0.19917514,0.30822909,25,0.88028169,0.50000000,-589.00000000,-960.00000000,-30.00000000,0,warmup,,,,,
pg-b3ab10448cf4e418,LOLTMNT05_88472,2024-10-08T18:43:34,2024-10-08,2024,Unknown,0,14.18,Red,oe:team:659132057bf3872268ec0676b57862b,VININE,oe:team:8985b977176fb8fc36c973d03c01654,Entropy x Teufel,oe:player:647414e68f7beb0742f4a0cc5523ac5,Sola,bot,Ezreal,oe:player:111f8e46b9fac23eb97b37c15c16d1c,Jhin,bot:Ezreal,lineup-3dcc392eae23e239,0,1704.00000000,28.40000000,2,4,4,1.50000000,10073.00000000,18126.00000000,209,638.23943662,0.18070430,0.21989033,19,0.66901408,0.28571429,-726.00000000,349.00000000,-36.00000000,0,warmup,,,,,
pg-96c6a9677bee6122,LOLTMNT05_88472,2024-10-08T18:43:34,2024-10-08,2024,Unknown,0,14.18,Red,oe:team:659132057bf3872268ec0676b57862b,VININE,oe:team:8985b977176fb8fc36c973d03c01654,Entropy x Teufel,oe:player:1a14d03bc1d87f1604660783edbbcdd,Autophil,jng,Karthus,oe:player:161d1a55c06aca37d588f0545e35b45,Sejuani,jng:Karthus,lineup-3dcc392eae23e239,0,1704.00000000,28.40000000,10,5,6,3.20000000,14102.00000000,34381.00000000,218,1210.59859155,0.25298244,0.41708317,31,1.09154930,0.76190476,814.00000000,1870.00000000,24.00000000,0,warmup,,,,,
pg-7ce473bc51ffa457,LOLTMNT05_88472,2024-10-08T18:43:34,2024-10-08,2024,Unknown,0,14.18,Red,oe:team:659132057bf3872268ec0676b57862b,VININE,oe:team:8985b977176fb8fc36c973d03c01654,Entropy x Teufel,oe:player:1e649d109aa635c132bb40ea7a78cf5,Bladeshow,mid,Smolder,oe:player:b6d3661d0e5b3a8a54971329bdaed35,Ziggs,mid:Smolder,lineup-3dcc392eae23e239,0,1704.00000000,28.40000000,4,3,2,2.00000000,12375.00000000,9634.00000000,254,339.22535211,0.22200097,0.11687209,27,0.95070423,0.28571429,-1832.00000000,70.00000000,1.00000000,0,warmup,,,,,
pg-6968c3e83685da45,LOLTMNT05_88472,2024-10-08T18:43:34,2024-10-08,2024,Unknown,0,14.18,Red,oe:team:659132057bf3872268ec0676b57862b,VININE,oe:team:8985b977176fb8fc36c973d03c01654,Entropy x Teufel,oe:player:673ed98a945993e162019b463e02c90,Kutcher,sup,Poppy,oe:player:dfaae08dcfa7836a7d4b41479cd7dc3,Ashe,sup:Poppy,lineup-3dcc392eae23e239,0,1704.00000000,28.40000000,3,4,5,2.00000000,7146.00000000,7948.00000000,17,279.85915493,0.12819547,0.09641887,69,2.42957746,0.38095238,84.00000000,-1154.00000000,-4.00000000,0,warmup,,,,,
pg-c110f529f404791a,LOLTMNT05_88472,2024-10-08T18:43:34,2024-10-08,2024,Unknown,0,14.18,Red,oe:team:659132057bf3872268ec0676b57862b,VININE,oe:team:8985b977176fb8fc36c973d03c01654,Entropy x Teufel,oe:player:abe5156b7e4b82b118cae3f52432995,Kamon,top,Renekton,oe:player:46c8f3a5fb8d9cf794de4991ee30c40,Jax,top:Renekton,lineup-3dcc392eae23e239,0,1704.00000000,28.40000000,2,6,5,1.16666667,12047.00000000,12343.00000000,230,434.61267606,0.21611682,0.14973554,26,0.91549296,0.33333333,589.00000000,960.00000000,30.00000000,0,warmup,,,,,
pg-114e46e6aaed94bf,LOLTMNT02_176748,2024-10-08T18:53:02,2024-10-08,2024,Unknown,0,14.18,Blue,oe:team:20ac802b980b4a0e33e933f3a5f9505,Team Mentality,oe:team:e6423e34fc74500296fbaa43fac025d,TeamOrangeGaming,oe:player:6170acc7982df44bea9133f93176f88,Sheja,bot,Jhin,oe:player:0390cca04f471c49b53ca4bdd4439ae,Ashe,bot:Jhin,lineup-a67825ca9783cd72,1,1453.00000000,24.21666667,3,0,13,16.00000000,10270.00000000,15980.00000000,176,659.87611838,0.19100936,0.19917488,17,0.70199587,0.61538462,-242.00000000,495.00000000,4.00000000,0,warmup,,,,,
pg-17a8c13c38cfc680,LOLTMNT02_176748,2024-10-08T18:53:02,2024-10-08,2024,Unknown,0,14.18,Blue,oe:team:20ac802b980b4a0e33e933f3a5f9505,Team Mentality,oe:team:e6423e34fc74500296fbaa43fac025d,TeamOrangeGaming,oe:player:4ab250820a1b574c893716ba9134180,Striker,jng,Shyvana,oe:player:88aaf97f9ff17ebf5822aa555db972e,Nidalee,jng:Shyvana,lineup-a67825ca9783cd72,1,1453.00000000,24.21666667,6,1,10,16.00000000,12185.00000000,22447.00000000,241,926.92360633,0.22662600,0.27977964,22,0.90846524,0.61538462,1185.00000000,1702.00000000,51.00000000,0,warmup,,,,,
pg-3285cd3aa85d7ce4,LOLTMNT02_176748,2024-10-08T18:53:02,2024-10-08,2024,Unknown,0,14.18,Blue,oe:team:20ac802b980b4a0e33e933f3a5f9505,Team Mentality,oe:team:e6423e34fc74500296fbaa43fac025d,TeamOrangeGaming,oe:player:ffa51c3e9e63cddfc4e8c4adcf6f016,Unchained,mid,Cassiopeia,oe:player:4f6d6b2c4c29033ff5437cee2a7587e,Yone,mid:Cassiopeia,lineup-a67825ca9783cd72,1,1453.00000000,24.21666667,9,1,5,14.00000000,11658.00000000,15749.00000000,173,650.33723331,0.21682445,0.19629570,24,0.99105299,0.53846154,706.00000000,310.00000000,39.00000000,0,warmup,,,,,
pg-f72390f794ef4884,LOLTMNT02_176748,2024-10-08T18:53:02,2024-10-08,2024,Unknown,0,14.18,Blue,oe:team:20ac802b980b4a0e33e933f3a5f9505,Team Mentality,oe:team:e6423e34fc74500296fbaa43fac025d,TeamOrangeGaming,oe:player:55a76357763a7268e85b78272f7179a,Turtlaren,sup,Poppy,oe:player:9142091a7a92ae3db251d989f53439c,Leona,sup:Poppy,lineup-a67825ca9783cd72,1,1453.00000000,24.21666667,2,3,12,4.66666667,7233.00000000,6149.00000000,20,253.91603579,0.13452489,0.07664120,65,2.68410186,0.53846154,-16.00000000,-686.00000000,-7.00000000,0,warmup,,,,,
pg-9fdb4f6d072287c8,LOLTMNT02_176748,2024-10-08T18:53:02,2024-10-08,2024,Unknown,0,14.18,Blue,oe:team:20ac802b980b4a0e33e933f3a5f9505,Team Mentality,oe:team:e6423e34fc74500296fbaa43fac025d,TeamOrangeGaming,oe:player:b5eb44eff14a0f0624058aa192e3e5e,GentlemanHero,top,Jax,oe:player:a8c7815094d487c4c9a3a7276986005,Sejuani,top:Jax,lineup-a67825ca9783cd72,1,1453.00000000,24.21666667,6,5,5,2.20000000,12421.00000000,19906.00000000,193,821.99587061,0.23101531,0.24810859,11,0.45423262,0.42307692,1746.00000000,926.00000000,21.00000000,0,warmup,,,,,
pg-eee91f45095acc4e,LOLTMNT02_176748,2024-10-08T18:53:02,2024-10-08,2024,Unknown,0,14.18,Red,oe:team:e6423e34fc74500296fbaa43fac025d,TeamOrangeGaming,oe:team:20ac802b980b4a0e33e933f3a5f9505,Team Mentality,oe:player:0390cca04f471c49b53ca4bdd4439ae,Rispy,bot,Ashe,oe:player:6170acc7982df44bea9133f93176f88,Jhin,bot:Ashe,lineup-fe09a7c020118a2c,0,1453.00000000,24.21666667,0,2,4,2.00000000,8263.00000000,10102.00000000,188,417.15072264,0.20455502,0.20496693,25,1.03234687,0.40000000,242.00000000,-495.00000000,-4.00000000,0,warmup,,,,,
pg-40e00820851c10f3,LOLTMNT02_176748,2024-10-08T18:53:02,2024-10-08,2024,Unknown,0,14.18,Red,oe:team:e6423e34fc74500296fbaa43fac025d,TeamOrangeGaming,oe:team:20ac802b980b4a0e33e933f3a5f9505,Team Mentality,oe:player:88aaf97f9ff17ebf5822aa555db972e,Deletus,jng,Nidalee,oe:player:4ab250820a1b574c893716ba9134180,Shyvana,jng:Nidalee,lineup-fe09a7c020118a2c,0,1453.00000000,24.21666667,3,8,4,0.87500000,9138.00000000,10654.00000000,140,439.94494150,0.22621612,0.21616686,12,0.49552650,0.70000000,-1185.00000000,-1702.00000000,-51.00000000,0,warmup,,,,,
pg-751d135082734a61,LOLTMNT02_176748,2024-10-08T18:53:02,2024-10-08,2024,Unknown,0,14.18,Red,oe:team:e6423e34fc74500296fbaa43fac025d,TeamOrangeGaming,oe:team:20ac802b980b4a0e33e933f3a5f9505,Team Mentality,oe:player:4f6d6b2c4c29033ff5437cee2a7587e,Macaquinho,mid,Yone,oe:player:ffa51c3e9e63cddfc4e8c4adcf6f016,Cassiopeia,mid:Yone,lineup-fe09a7c020118a2c,0,1453.00000000,24.21666667,3,4,3,1.50000000,8969.00000000,16982.00000000,165,701.25258087,0.22203243,0.34456032,14,0.57811425,0.60000000,-706.00000000,-310.00000000,-39.00000000,0,warmup,,,,,
pg-068f9584c89ae7cd,LOLTMNT02_176748,2024-10-08T18:53:02,2024-10-08,2024,Unknown,0,14.18,Red,oe:team:e6423e34fc74500296fbaa43fac025d,TeamOrangeGaming,oe:team:20ac802b980b4a0e33e933f3a5f9505,Team Mentality,oe:player:9142091a7a92ae3db251d989f53439c,Kidiro,sup,Leona,oe:player:55a76357763a7268e85b78272f7179a,Poppy,sup:Leona,lineup-fe09a7c020118a2c,0,1453.00000000,24.21666667,2,7,4,0.85714286,6125.00000000,5138.00000000,29,212.16792842,0.15162768,0.10424867,51,2.10598761,0.60000000,16.00000000,686.00000000,7.00000000,0,warmup,,,,,
pg-a819498dcd730c1e,LOLTMNT02_176748,2024-10-08T18:53:02,2024-10-08,2024,Unknown,0,14.18,Red,oe:team:e6423e34fc74500296fbaa43fac025d,TeamOrangeGaming,oe:team:20ac802b980b4a0e33e933f3a5f9505,Team Mentality,oe:player:a8c7815094d487c4c9a3a7276986005,Niqkl,top,Sejuani,oe:player:b5eb44eff14a0f0624058aa192e3e5e,Jax,top:Sejuani,lineup-fe09a7c020118a2c,0,1453.00000000,24.21666667,2,5,2,0.80000000,7900.00000000,6410.00000000,136,264.69373710,0.19556876,0.13005722,12,0.49552650,0.40000000,-1746.00000000,-926.00000000,-21.00000000,0,warmup,,,,,
pg-13839ba7e9021c79,LOLTMNT05_88473,2024-10-08T18:58:38,2024-10-08,2024,Unknown,0,14.18,Blue,oe:team:26ff1a9f7fb8e976fbdcc5d2a8ac397,E WIE EINFACH E-SPORTS,oe:team:0410783728358f6e711de31a6f1e8f9,Kaufland Hangry Knights,oe:player:08cc98f89d63a05973e5db39e6b9945,Noz2k,bot,Kai'Sa,oe:player:1a38c55db5f8af06ebac94d8530ff71,Kalista,bot:Kai'Sa,lineup-faa4d797b1949e70,1,1866.00000000,31.10000000,4,2,8,6.00000000,13734.00000000,20321.00000000,291,653.40836013,0.23316696,0.23754471,28,0.90032154,0.60000000,-924.00000000,353.00000000,-17.00000000,0,warmup,,,,,
pg-e3fdd822306ea247,LOLTMNT05_88473,2024-10-08T18:58:38,2024-10-08,2024,Unknown,0,14.18,Blue,oe:team:26ff1a9f7fb8e976fbdcc5d2a8ac397,E WIE EINFACH E-SPORTS,oe:team:0410783728358f6e711de31a6f1e8f9,Kaufland Hangry Knights,oe:player:3e1b1e0f9c925b2f504d78f3bd5da22,D4nKa,jng,Skarner,oe:player:e8ff461b567776b254963373be94961,Sejuani,jng:Skarner,lineup-faa4d797b1949e70,1,1866.00000000,31.10000000,0,2,18,9.00000000,9802.00000000,10417.00000000,161,334.95176849,0.16641201,0.12177074,23,0.73954984,0.90000000,-519.00000000,-5.00000000,-6.00000000,0,warmup,,,,,
pg-683f00796e158451,LOLTMNT05_88473,2024-10-08T18:58:38,2024-10-08,2024,Unknown,0,14.18,Blue,oe:team:26ff1a9f7fb8e976fbdcc5d2a8ac397,E WIE EINFACH E-SPORTS,oe:team:0410783728358f6e711de31a6f1e8f9,Kaufland Hangry Knights,oe:player:2ca9469819fb0fb61ff98e914a7ccca,Relative,mid,Akali,oe:player:d7432b52de9ff23e6aa98374fe63375,Yone,mid:Akali,lineup-faa4d797b1949e70,1,1866.00000000,31.10000000,8,2,7,7.50000000,13156.00000000,24168.00000000,222,777.10610932,0.22335405,0.28251467,26,0.83601286,0.75000000,-653.00000000,-291.00000000,-12.00000000,0,warmup,,,,,
pg-44bdd576da3f7e00,LOLTMNT05_88473,2024-10-08T18:58:38,2024-10-08,2024,Unknown,0,14.18,Blue,oe:team:26ff1a9f7fb8e976fbdcc5d2a8ac397,E WIE EINFACH E-SPORTS,oe:team:0410783728358f6e711de31a6f1e8f9,Kaufland Hangry Knights,oe:player:87f462541b21fed4081f063502bf4da,Tockimo,sup,Nautilus,oe:player:6369ba49db4cf35b35a7c47e3d4a4fd,Poppy,sup:Nautilus,lineup-faa4d797b1949e70,1,1866.00000000,31.10000000,3,2,14,8.50000000,8736.00000000,4774.00000000,54,153.50482315,0.14831415,0.05580623,103,3.31189711,0.85000000,-256.00000000,-130.00000000,11.00000000,0,warmup,,,,,
pg-dc11c01e4321d346,LOLTMNT05_88473,2024-10-08T18:58:38,2024-10-08,2024,Unknown,0,14.18,Blue,oe:team:26ff1a9f7fb8e976fbdcc5d2a8ac397,E WIE EINFACH E-SPORTS,oe:team:0410783728358f6e711de31a6f1e8f9,Kaufland Hangry Knights,oe:player:0fcaa97e5408efcaa78f5517e34cb02,Flamer,top,Aurora,oe:player:74cc915f83955219866a1bc32a90285,Kennen,top:Aurora,lineup-faa4d797b1949e70,1,1866.00000000,31.10000000,5,2,12,8.50000000,13474.00000000,25866.00000000,258,831.70418006,0.22875284,0.30236364,32,1.02893891,0.85000000,-371.00000000,-724.00000000,-2.00000000,0,warmup,,,,,
pg-e0740a7fd8ebe654,LOLTMNT05_88473,2024-10-08T18:58:38,2024-10-08,2024,Unknown,0,14.18,Red,oe:team:0410783728358f6e711de31a6f1e8f9,Kaufland Hangry Knights,oe:team:26ff1a9f7fb8e976fbdcc5d2a8ac397,E WIE EINFACH E-SPORTS,oe:player:1a38c55db5f8af06ebac94d8530ff71,Avra,bot,Kalista,oe:player:08cc98f89d63a05973e5db39e6b9945,Kai'Sa,bot:Kalista,lineup-6218d111695859c5,0,1866.00000000,31.10000000,1,3,3,1.33333333,12516.00000000,9327.00000000,326,299.90353698,0.23395704,0.14140817,26,0.83601286,0.40000000,924.00000000,-353.00000000,17.00000000,0,warmup,,,,,
pg-10cd64a8cc84909e,LOLTMNT05_88473,2024-10-08T18:58:38,2024-10-08,2024,Unknown,0,14.18,Red,oe:team:0410783728358f6e711de31a6f1e8f9,Kaufland Hangry Knights,oe:team:26ff1a9f7fb8e976fbdcc5d2a8ac397,E WIE EINFACH E-SPORTS,oe:player:e8ff461b567776b254963373be94961,Toni,jng,Sejuani,oe:player:3e1b1e0f9c925b2f504d78f3bd5da22,Skarner,jng:Sejuani,lineup-6218d111695859c5,0,1866.00000000,31.10000000,1,4,6,1.75000000,8952.00000000,8896.00000000,157,286.04501608,0.16733649,0.13487371,34,1.09324759,0.70000000,519.00000000,5.00000000,6.00000000,0,warmup,,,,,
pg-dba472c00a3c8d37,LOLTMNT05_88473,2024-10-08T18:58:38,2024-10-08,2024,Unknown,0,14.18,Red,oe:team:0410783728358f6e711de31a6f1e8f9,Kaufland Hangry Knights,oe:team:26ff1a9f7fb8e976fbdcc5d2a8ac397,E WIE EINFACH E-SPORTS,oe:player:d7432b52de9ff23e6aa98374fe63375,Nite,mid,Yone,oe:player:2ca9469819fb0fb61ff98e914a7ccca,Akali,mid:Yone,lineup-6218d111695859c5,0,1866.00000000,31.10000000,5,3,1,2.00000000,13109.00000000,19981.00000000,288,642.47588424,0.24504178,0.30293520,26,0.83601286,0.60000000,653.00000000,291.00000000,12.00000000,0,warmup,,,,,
pg-cb75f3d58c1fd677,LOLTMNT05_88473,2024-10-08T18:58:38,2024-10-08,2024,Unknown,0,14.18,Red,oe:team:0410783728358f6e711de31a6f1e8f9,Kaufland Hangry Knights,oe:team:26ff1a9f7fb8e976fbdcc5d2a8ac397,E WIE EINFACH E-SPORTS,oe:player:6369ba49db4cf35b35a7c47e3d4a4fd,Visdom,sup,Poppy,oe:player:87f462541b21fed4081f063502bf4da,Nautilus,sup:Poppy,lineup-6218d111695859c5,0,1866.00000000,31.10000000,0,4,4,1.00000000,6827.00000000,4290.00000000,37,137.94212219,0.12761463,0.06504139,106,3.40836013,0.40000000,256.00000000,130.00000000,-11.00000000,0,warmup,,,,,
pg-1810c4fb71725258,LOLTMNT05_88473,2024-10-08T18:58:38,2024-10-08,2024,Unknown,0,14.18,Red,oe:team:0410783728358f6e711de31a6f1e8f9,Kaufland Hangry Knights,oe:team:26ff1a9f7fb8e976fbdcc5d2a8ac397,E WIE EINFACH E-SPORTS,oe:player:74cc915f83955219866a1bc32a90285,Sven,top,Kennen,oe:player:0fcaa97e5408efcaa78f5517e34cb02,Aurora,top:Kennen,lineup-6218d111695859c5,0,1866.00000000,31.10000000,3,6,4,1.16666667,12093.00000000,23464.00000000,228,754.46945338,0.22605006,0.35574153,25,0.80385852,0.70000000,371.00000000,724.00000000,2.00000000,0,warmup,,,,,
pg-693e45b7712d8677,LOLTMNT05_88476,2024-10-08T19:35:24,2024-10-08,2024,Unknown,0,14.18,Blue,oe:team:a1934e3feca7db728021f9c61a6bc27,Austrian Force willhaben,oe:team:e11d88a3cdcd9d6fbb73a26b0f8a300,DKB XPERION NXT,oe:player:40fa7615556f33971d67c95a702fbcc,Woolite,bot,Ziggs,oe:player:9f8d365508ded3ca9701eff2003d6ad,Kai'Sa,bot:Ziggs,lineup-54e67b5d765adf4b,1,1973.00000000,32.88333333,6,7,16,3.14285714,15797.00000000,35570.00000000,290,1081.70299037,0.21656636,0.27925856,40,1.21642169,0.64705882,-820.00000000,-1231.00000000,-11.00000000,0,warmup,,,,,
pg-dff3dc029b07411e,LOLTMNT05_88476,2024-10-08T19:35:24,2024-10-08,2024,Unknown,0,14.18,Blue,oe:team:a1934e3feca7db728021f9c61a6bc27,Austrian Force willhaben,oe:team:e11d88a3cdcd9d6fbb73a26b0f8a300,DKB XPERION NXT,oe:player:6b7ca7e0fcad1f113f17bc2d30adbf5,adi1,jng,Skarner,oe:player:30f18a468db8d9e940f0818a682318b,Brand,jng:Skarner,lineup-54e67b5d765adf4b,1,1973.00000000,32.88333333,5,2,20,12.50000000,13567.00000000,19232.00000000,201,584.85554992,0.18599454,0.15098961,42,1.27724278,0.73529412,660.00000000,-406.00000000,-26.00000000,0,warmup,,,,,
pg-5c9a1bd1eefe510e,LOLTMNT05_88476,2024-10-08T19:35:24,2024-10-08,2024,Unknown,0,14.18,Blue,oe:team:a1934e3feca7db728021f9c61a6bc27,Austrian Force willhaben,oe:team:e11d88a3cdcd9d6fbb73a26b0f8a300,DKB XPERION NXT,oe:player:7e33124e33721ef8f70d2dd843b57da,ESCIK,mid,Tristana,oe:player:ff71e751aa5f67010f80aad602ecdfe,Neeko,mid:Tristana,lineup-54e67b5d765adf4b,1,1973.00000000,32.88333333,13,4,9,5.50000000,17302.00000000,30650.00000000,256,932.08312215,0.23719891,0.24063185,37,1.12519007,0.64705882,875.00000000,350.00000000,21.00000000,0,warmup,,,,,
pg-fd657cd3d95b85a5,LOLTMNT05_88476,2024-10-08T19:35:24,2024-10-08,2024,Unknown,0,14.18,Blue,oe:team:a1934e3feca7db728021f9c61a6bc27,Austrian Force willhaben,oe:team:e11d88a3cdcd9d6fbb73a26b0f8a300,DKB XPERION NXT,oe:player:280a58c350eef8f164e753447b2a306,Vander,sup,Nautilus,oe:player:21177b451d4c05fc389ac6cc767dfce,Poppy,sup:Nautilus,lineup-54e67b5d765adf4b,1,1973.00000000,32.88333333,2,6,20,3.66666667,9748.00000000,6708.00000000,33,203.99391789,0.13363859,0.05266422,123,3.74049671,0.64705882,-546.00000000,-446.00000000,3.00000000,0,warmup,,,,,
pg-10982091161704f9,LOLTMNT05_88476,2024-10-08T19:35:24,2024-10-08,2024,Unknown,0,14.18,Blue,oe:team:a1934e3feca7db728021f9c61a6bc27,Austrian Force willhaben,oe:team:e11d88a3cdcd9d6fbb73a26b0f8a300,DKB XPERION NXT,oe:player:1725cf69407d2dcdf2873d0669409e8,Tracyn,top,Gnar,oe:player:9f19603cf47eb7f0b95afbbd249f69c,Gangplank,top:Gnar,lineup-54e67b5d765adf4b,1,1973.00000000,32.88333333,8,6,6,2.33333333,16529.00000000,35213.00000000,278,1070.84642676,0.22660159,0.27645576,29,0.88190573,0.41176471,921.00000000,934.00000000,26.00000000,0,warmup,,,,,
pg-f0a0a7a693405194,LOLTMNT05_88476,2024-10-08T19:35:24,2024-10-08,2024,Unknown,0,14.18,Red,oe:team:e11d88a3cdcd9d6fbb73a26b0f8a300,DKB XPERION NXT,oe:team:a1934e3feca7db728021f9c61a6bc27,Austrian Force willhaben,oe:player:9f8d365508ded3ca9701eff2003d6ad,looki,bot,Kai'Sa,oe:player:40fa7615556f33971d67c95a702fbcc,Ziggs,bot:Kai'Sa,lineup-adb44e46dfba6b7e,0,1973.00000000,32.88333333,4,4,9,3.25000000,13162.00000000,13770.00000000,249,418.75316776,0.21316015,0.12096137,27,0.82108464,0.52000000,820.00000000,1231.00000000,11.00000000,0,warmup,,,,,
pg-580acb91ec2edefc,LOLTMNT05_88476,2024-10-08T19:35:24,2024-10-08,2024,Unknown,0,14.18,Red,oe:team:e11d88a3cdcd9d6fbb73a26b0f8a300,DKB XPERION NXT,oe:team:a1934e3feca7db728021f9c61a6bc27,Austrian Force willhaben,oe:player:30f18a468db8d9e940f0818a682318b,Techoteco,jng,Brand,oe:player:6b7ca7e0fcad1f113f17bc2d30adbf5,Skarner,jng:Brand,lineup-adb44e46dfba6b7e,0,1973.00000000,32.88333333,4,7,7,1.57142857,11739.00000000,29374.00000000,227,893.27927015,0.19011450,0.25803335,29,0.88190573,0.44000000,-660.00000000,406.00000000,26.00000000,0,warmup,,,,,
pg-06151aac6d474cca,LOLTMNT05_88476,2024-10-08T19:35:24,2024-10-08,2024,Unknown,0,14.18,Red,oe:team:e11d88a3cdcd9d6fbb73a26b0f8a300,DKB XPERION NXT,oe:team:a1934e3feca7db728021f9c61a6bc27,Austrian Force willhaben,oe:player:ff71e751aa5f67010f80aad602ecdfe,Luke,mid,Neeko,oe:player:7e33124e33721ef8f70d2dd843b57da,Tristana,mid:Neeko,lineup-adb44e46dfba6b7e,0,1973.00000000,32.88333333,3,5,9,2.40000000,11697.00000000,21762.00000000,222,661.79422200,0.18943430,0.19116639,22,0.66903193,0.48000000,-875.00000000,-350.00000000,-21.00000000,0,warmup,,,,,
pg-3ff1afc81e42bbeb,LOLTMNT05_88476,2024-10-08T19:35:24,2024-10-08,2024,Unknown,0,14.18,Red,oe:team:e11d88a3cdcd9d6fbb73a26b0f8a300,DKB XPERION NXT,oe:team:a1934e3feca7db728021f9c61a6bc27,Austrian Force willhaben,oe:player:21177b451d4c05fc389ac6cc767dfce,Ephekles,sup,Poppy,oe:player:280a58c350eef8f164e753447b2a306,Nautilus,sup:Poppy,lineup-adb44e46dfba6b7e,0,1973.00000000,32.88333333,2,10,9,1.10000000,7780.00000000,9147.00000000,26,278.16523061,0.12599802,0.08035103,110,3.34515966,0.44000000,546.00000000,446.00000000,-3.00000000,0,warmup,,,,,
pg-59b026fa473fda3b,LOLTMNT05_88476,2024-10-08T19:35:24,2024-10-08,2024,Unknown,0,14.18,Red,oe:team:e11d88a3cdcd9d6fbb73a26b0f8a300,DKB XPERION NXT,oe:team:a1934e3feca7db728021f9c61a6bc27,Austrian Force willhaben,oe:player:9f19603cf47eb7f0b95afbbd249f69c,Tayto,top,Gangplank,oe:player:1725cf69407d2dcdf2873d0669409e8,Gnar,top:Gangplank,lineup-adb44e46dfba6b7e,0,1973.00000000,32.88333333,12,8,2,1.75000000,17369.00000000,39785.00000000,231,1209.88342625,0.28129302,0.34948787,21,0.63862139,0.56000000,-921.00000000,-934.00000000,-26.00000000,0,warmup,,,,,
pg-c82146e85a43ab42,LOLTMNT05_89447,2024-10-08T19:39:03,2024-10-08,2024,Unknown,0,14.18,Blue,name-team-290cb1b9e8978f88,Andromeda Nebula,oe:team:3de935df8f40fbb4d0e564d4a20e6cb,Berlin International Gaming,name-player-c4b565cad9686e93,AOM Fabiqt,bot,Miss Fortune,oe:player:71b8101d78beb04a089caa90a8d9310,Kai'Sa,bot:Miss Fortune,lineup-e28719333653ab0d,0,1192.00000000,19.86666667,4,5,1,1.00000000,7128.00000000,11722.00000000,134,590.03355705,0.23190292,0.29667687,11,0.55369128,0.45454545,-340.00000000,-39.00000000,4.00000000,0,warmup,,,,,
pg-471e658e39206035,LOLTMNT05_89447,2024-10-08T19:39:03,2024-10-08,2024,Unknown,0,14.18,Blue,name-team-290cb1b9e8978f88,Andromeda Nebula,oe:team:3de935df8f40fbb4d0e564d4a20e6cb,Berlin International Gaming,name-player-9b99530cfceb1999,AOM Kipapo,jng,Viego,oe:player:3597a9b82f5f462aaa8a0fa552a9bac,Vi,jng:Viego,lineup-e28719333653ab0d,0,1192.00000000,19.86666667,3,7,2,0.71428571,6743.00000000,5796.00000000,110,291.74496644,0.21937730,0.14669333,16,0.80536913,0.45454545,-2080.00000000,-831.00000000,-6.00000000,0,warmup,,,,,
pg-1e19f652c0752ea9,LOLTMNT05_89447,2024-10-08T19:39:03,2024-10-08,2024,Unknown,0,14.18,Blue,name-team-290cb1b9e8978f88,Andromeda Nebula,oe:team:3de935df8f40fbb4d0e564d4a20e6cb,Berlin International Gaming,name-player-6d455c8627cc2b88,AOM Shadowgream,mid,Viktor,oe:player:2096ff50c6496d70e4b39793390c9ce,Orianna,mid:Viktor,lineup-e28719333653ab0d,0,1192.00000000,19.86666667,1,8,2,0.37500000,5691.00000000,7520.00000000,106,378.52348993,0.18515145,0.19032674,17,0.85570470,0.27272727,-4069.00000000,-2978.00000000,-75.00000000,0,warmup,,,,,
pg-50b0c5446e9c1e8b,LOLTMNT05_89447,2024-10-08T19:39:03,2024-10-08,2024,Unknown,0,14.18,Blue,name-team-290cb1b9e8978f88,Andromeda Nebula,oe:team:3de935df8f40fbb4d0e564d4a20e6cb,Berlin International Gaming,name-player-f6f61cbab413cde5,AOM amboor,sup,Braum,oe:player:74f3f60a44ee916ecc257a5381be756,Rell,sup:Braum,lineup-e28719333653ab0d,0,1192.00000000,19.86666667,1,6,6,1.16666667,4997.00000000,4787.00000000,17,240.95637584,0.16257280,0.12115613,49,2.46644295,0.63636364,-991.00000000,-626.00000000,-19.00000000,0,warmup,,,,,
pg-750b05e3422b6461,LOLTMNT05_89447,2024-10-08T19:39:03,2024-10-08,2024,Unknown,0,14.18,Blue,name-team-290cb1b9e8978f88,Andromeda Nebula,oe:team:3de935df8f40fbb4d0e564d4a20e6cb,Berlin International Gaming,name-player-57bc9c1151d7b5c6,AOM amicusp,top,Gragas,oe:player:e0b008815ab05c5cdaf4d46ab61ff63,Gnar,top:Gragas,lineup-e28719333653ab0d,0,1192.00000000,19.86666667,2,8,5,0.87500000,6178.00000000,9686.00000000,100,487.55033557,0.20099554,0.24514692,6,0.30201342,0.63636364,-1247.00000000,-1645.00000000,-38.00000000,0,warmup,,,,,
pg-6036e8a7196611e4,LOLTMNT05_89447,2024-10-08T19:39:03,2024-10-08,2024,Unknown,0,14.18,Red,oe:team:3de935df8f40fbb4d0e564d4a20e6cb,Berlin International Gaming,name-team-290cb1b9e8978f88,Andromeda Nebula,oe:player:71b8101d78beb04a089caa90a8d9310,Jeskla,bot,Kai'Sa,name-player-c4b565cad9686e93,Miss Fortune,bot:Kai'Sa,lineup-82727a2573d80da3,1,1192.00000000,19.86666667,9,3,8,5.66666667,10064.00000000,16191.00000000,138,814.98322148,0.20227519,0.22919468,23,1.15771812,0.50000000,340.00000000,39.00000000,-4.00000000,0,warmup,,,,,
pg-3e0287c6cee93d0e,LOLTMNT05_89447,2024-10-08T19:39:03,2024-10-08,2024,Unknown,0,14.18,Red,oe:team:3de935df8f40fbb4d0e564d4a20e6cb,Berlin International Gaming,name-team-290cb1b9e8978f88,Andromeda Nebula,oe:player:3597a9b82f5f462aaa8a0fa552a9bac,Densi,jng,Vi,name-player-9b99530cfceb1999,Viego,jng:Vi,lineup-82727a2573d80da3,1,1192.00000000,19.86666667,8,0,12,20.00000000,10180.00000000,9447.00000000,121,475.52013423,0.20460666,0.13372875,13,0.65436242,0.58823529,2080.00000000,831.00000000,6.00000000,0,warmup,,,,,
pg-057e185eb781d6a7,LOLTMNT05_89447,2024-10-08T19:39:03,2024-10-08,2024,Unknown,0,14.18,Red,oe:team:3de935df8f40fbb4d0e564d4a20e6cb,Berlin International Gaming,name-team-290cb1b9e8978f88,Andromeda Nebula,oe:player:2096ff50c6496d70e4b39793390c9ce,Sencux,mid,Orianna,name-player-6d455c8627cc2b88,Viktor,mid:Orianna,lineup-82727a2573d80da3,1,1192.00000000,19.86666667,9,0,13,22.00000000,12409.00000000,18482.00000000,194,930.30201342,0.24940708,0.26162536,22,1.10738255,0.64705882,4069.00000000,2978.00000000,75.00000000,0,warmup,,,,,
pg-e54ff7132cac7603,LOLTMNT05_89447,2024-10-08T19:39:03,2024-10-08,2024,Unknown,0,14.18,Red,oe:team:3de935df8f40fbb4d0e564d4a20e6cb,Berlin International Gaming,name-team-290cb1b9e8978f88,Andromeda Nebula,oe:player:74f3f60a44ee916ecc257a5381be756,Lekcyc,sup,Rell,name-player-f6f61cbab413cde5,Braum,sup:Rell,lineup-82727a2573d80da3,1,1192.00000000,19.86666667,2,4,17,4.75000000,6819.00000000,7137.00000000,33,359.24496644,0.13705431,0.10102912,56,2.81879195,0.55882353,991.00000000,626.00000000,19.00000000,0,warmup,,,,,
pg-b310746bafb9b2c6,LOLTMNT05_89447,2024-10-08T19:39:03,2024-10-08,2024,Unknown,0,14.18,Red,oe:team:3de935df8f40fbb4d0e564d4a20e6cb,Berlin International Gaming,name-team-290cb1b9e8978f88,Andromeda Nebula,oe:player:e0b008815ab05c5cdaf4d46ab61ff63,Vizicsacsi,top,Gnar,name-player-57bc9c1151d7b5c6,Gragas,top:Gnar,lineup-82727a2573d80da3,1,1192.00000000,19.86666667,6,4,13,4.75000000,10282.00000000,19386.00000000,154,975.80536913,0.20665675,0.27442209,20,1.00671141,0.55882353,1247.00000000,1645.00000000,38.00000000,0,warmup,,,,,
pg-e500a9d070a3be9b,LOLTMNT02_176778,2024-10-08T19:42:15,2024-10-08,2024,Unknown,0,14.18,Blue,name-team-b00e02d31d63590c,AIX eSports,oe:team:e6423e34fc74500296fbaa43fac025d,TeamOrangeGaming,name-player-ee8d52a50a86bd3f,AIX TrippleJ,bot,Nilah,oe:player:0390cca04f471c49b53ca4bdd4439ae,Ezreal,bot:Nilah,lineup-36efe75e6fdf2999,0,1372.00000000,22.86666667,4,4,3,1.75000000,10102.00000000,10807.00000000,207,472.60932945,0.25280280,0.18428143,7,0.30612245,0.46666667,560.00000000,871.00000000,25.00000000,0,warmup,,,,,
pg-dd7d2a0622f6ec27,LOLTMNT02_176778,2024-10-08T19:42:15,2024-10-08,2024,Unknown,0,14.18,Blue,name-team-b00e02d31d63590c,AIX eSports,oe:team:e6423e34fc74500296fbaa43fac025d,TeamOrangeGaming,oe:player:b401584337ccf62f7c91e9759734808,ShinyQB,jng,Vi,oe:player:88aaf97f9ff17ebf5822aa555db972e,Rengar,jng:Vi,lineup-36efe75e6fdf2999,0,1372.00000000,22.86666667,3,10,5,0.80000000,8034.00000000,9388.00000000,111,410.55393586,0.20105105,0.16008458,10,0.43731778,0.53333333,-3143.00000000,-932.00000000,-14.00000000,0,warmup,,,,,
pg-2c92c2d6b61c2d74,LOLTMNT02_176778,2024-10-08T19:42:15,2024-10-08,2024,Unknown,0,14.18,Blue,name-team-b00e02d31d63590c,AIX eSports,oe:team:e6423e34fc74500296fbaa43fac025d,TeamOrangeGaming,oe:player:e130e2c7551384e1262e534a35d1cec,Lebronzey,mid,Akali,oe:player:4f6d6b2c4c29033ff5437cee2a7587e,Ahri,mid:Akali,lineup-36efe75e6fdf2999,0,1372.00000000,22.86666667,4,9,3,0.77777778,8092.00000000,14159.00000000,132,619.19825073,0.20250250,0.24143987,17,0.74344023,0.46666667,-3598.00000000,-2271.00000000,-36.00000000,0,warmup,,,,,
pg-fc3d1475c96b526b,LOLTMNT02_176778,2024-10-08T19:42:15,2024-10-08,2024,Unknown,0,14.18,Blue,name-team-b00e02d31d63590c,AIX eSports,oe:team:e6423e34fc74500296fbaa43fac025d,TeamOrangeGaming,name-player-35ad7290bebc1bbf,AIX Don,sup,Alistar,oe:player:9142091a7a92ae3db251d989f53439c,Rell,sup:Alistar,lineup-36efe75e6fdf2999,0,1372.00000000,22.86666667,1,8,6,0.87500000,5326.00000000,4125.00000000,19,180.39358601,0.13328328,0.07033968,56,2.44897959,0.46666667,-2105.00000000,-105.00000000,7.00000000,0,warmup,,,,,
pg-202b56f99090775a,LOLTMNT02_176778,2024-10-08T19:42:15,2024-10-08,2024,Unknown,0,14.18,Blue,name-team-b00e02d31d63590c,AIX eSports,oe:team:e6423e34fc74500296fbaa43fac025d,TeamOrangeGaming,oe:player:85940c01bc7a2392ac8be57e96545f4,Anto,top,Aurora,oe:player:a8c7815094d487c4c9a3a7276986005,Ornn,top:Aurora,lineup-36efe75e6fdf2999,0,1372.00000000,22.86666667,3,4,5,2.00000000,8406.00000000,20165.00000000,134,881.85131195,0.21036036,0.34385444,8,0.34985423,0.53333333,28.00000000,-244.00000000,-5.00000000,0,warmup,,,,,
pg-3be78bae20b8f3cd,LOLTMNT02_176778,2024-10-08T19:42:15,2024-10-08,2024,Unknown,0,14.18,Red,oe:team:e6423e34fc74500296fbaa43fac025d,TeamOrangeGaming,name-team-b00e02d31d63590c,AIX eSports,oe:player:0390cca04f471c49b53ca4bdd4439ae,Rispy,bot,Ezreal,name-player-ee8d52a50a86bd3f,Nilah,bot:Ezreal,lineup-fe09a7c020118a2c,1,1372.00000000,22.86666667,5,3,12,5.66666667,10083.00000000,13731.00000000,159,600.48104956,0.18957996,0.18241843,14,0.61224490,0.50000000,-560.00000000,-871.00000000,-25.00000000,0,warmup,,,,,
pg-270eb83d91260859,LOLTMNT02_176778,2024-10-08T19:42:15,2024-10-08,2024,Unknown,0,14.18,Red,oe:team:e6423e34fc74500296fbaa43fac025d,TeamOrangeGaming,name-team-b00e02d31d63590c,AIX eSports,oe:player:88aaf97f9ff17ebf5822aa555db972e,Deletus,jng,Rengar,oe:player:b401584337ccf62f7c91e9759734808,Vi,jng:Rengar,lineup-fe09a7c020118a2c,1,1372.00000000,22.86666667,13,4,5,4.50000000,14078.00000000,19430.00000000,160,849.70845481,0.26469372,0.25813051,11,0.48104956,0.52941176,3143.00000000,932.00000000,14.00000000,0,warmup,,,,,
pg-c321c355f2dcfe80,LOLTMNT02_176778,2024-10-08T19:42:15,2024-10-08,2024,Unknown,0,14.18,Red,oe:team:e6423e34fc74500296fbaa43fac025d,TeamOrangeGaming,name-team-b00e02d31d63590c,AIX eSports,oe:player:4f6d6b2c4c29033ff5437cee2a7587e,Macaquinho,mid,Ahri,oe:player:e130e2c7551384e1262e534a35d1cec,Akali,mid:Ahri,lineup-fe09a7c020118a2c,1,1372.00000000,22.86666667,12,2,11,11.50000000,12342.00000000,27392.00000000,157,1197.90087464,0.23205355,0.36390690,19,0.83090379,0.67647059,3598.00000000,2271.00000000,36.00000000,0,warmup,,,,,
pg-0c737608df9f2c09,LOLTMNT02_176778,2024-10-08T19:42:15,2024-10-08,2024,Unknown,0,14.18,Red,oe:team:e6423e34fc74500296fbaa43fac025d,TeamOrangeGaming,name-team-b00e02d31d63590c,AIX eSports,oe:player:9142091a7a92ae3db251d989f53439c,Kidiro,sup,Rell,name-player-35ad7290bebc1bbf,Alistar,sup:Rell,lineup-fe09a7c020118a2c,1,1372.00000000,22.86666667,1,2,27,14.00000000,8265.00000000,5919.00000000,16,258.84839650,0.15539804,0.07863482,70,3.06122449,0.82352941,2105.00000000,105.00000000,-7.00000000,0,warmup,,,,,
pg-4a6b48d0a37d30ba,LOLTMNT02_176778,2024-10-08T19:42:15,2024-10-08,2024,Unknown,0,14.18,Red,oe:team:e6423e34fc74500296fbaa43fac025d,TeamOrangeGaming,name-team-b00e02d31d63590c,AIX eSports,oe:player:a8c7815094d487c4c9a3a7276986005,Niqkl,top,Ornn,oe:player:85940c01bc7a2392ac8be57e96545f4,Aurora,top:Ornn,lineup-fe09a7c020118a2c,1,1372.00000000,22.86666667,3,4,9,3.00000000,8418.00000000,8800.00000000,119,384.83965015,0.15827473,0.11690934,5,0.21865889,0.35294118,-28.00000000,244.00000000,5.00000000,0,warmup,,,,,
pg-a9597a7d0d55578f,LOLTMNT05_88477,2024-10-08T19:53:10,2024-10-08,2024,Unknown,0,14.18,Blue,oe:team:30fa9a41992f6d79206892a5af03a43,All for One Gaming,oe:team:26ff1a9f7fb8e976fbdcc5d2a8ac397,E WIE EINFACH E-SPORTS,oe:player:b7ba183b22675d06d42bd783276a010,Kazing,bot,Kai'Sa,oe:player:08cc98f89d63a05973e5db39e6b9945,Ezreal,bot:Kai'Sa,lineup-7116e4492f85a928,0,1088.00000000,18.13333333,1,7,3,0.57142857,5331.00000000,10056.00000000,103,554.55882353,0.19809743,0.24174820,10,0.55147059,0.57142857,-3400.00000000,-2075.00000000,-53.00000000,0,warmup,,,,,
pg-0f0da58eb544ea2d,LOLTMNT05_88477,2024-10-08T19:53:10,2024-10-08,2024,Unknown,0,14.18,Blue,oe:team:30fa9a41992f6d79206892a5af03a43,All for One Gaming,oe:team:26ff1a9f7fb8e976fbdcc5d2a8ac397,E WIE EINFACH E-SPORTS,oe:player:0d7c1887f1bc9cfeffde4e06b426dbb,Pasu,jng,Viego,oe:player:3e1b1e0f9c925b2f504d78f3bd5da22,Jarvan IV,jng:Viego,lineup-7116e4492f85a928,0,1088.00000000,18.13333333,5,7,2,1.00000000,6971.00000000,10841.00000000,78,597.84926471,0.25903905,0.26061976,12,0.66176471,1.00000000,-921.00000000,-382.00000000,9.00000000,0,warmup,,,,,
pg-4e476349353eb024,LOLTMNT05_88477,2024-10-08T19:53:10,2024-10-08,2024,Unknown,0,14.18,Blue,oe:team:30fa9a41992f6d79206892a5af03a43,All for One Gaming,oe:team:26ff1a9f7fb8e976fbdcc5d2a8ac397,E WIE EINFACH E-SPORTS,oe:player:4e24975f772fe41fcf838ea9dbe138f,Fooneses,mid,Syndra,oe:player:2ca9469819fb0fb61ff98e914a7ccca,Akali,mid:Syndra,lineup-7116e4492f85a928,0,1088.00000000,18.13333333,1,7,2,0.42857143,5196.00000000,10503.00000000,90,579.20955882,0.19308090,0.25249417,10,0.55147059,0.42857143,-1646.00000000,-1952.00000000,-18.00000000,0,warmup,,,,,
pg-d42f99013561dd1e,LOLTMNT05_88477,2024-10-08T19:53:10,2024-10-08,2024,Unknown,0,14.18,Blue,oe:team:30fa9a41992f6d79206892a5af03a43,All for One Gaming,oe:team:26ff1a9f7fb8e976fbdcc5d2a8ac397,E WIE EINFACH E-SPORTS,oe:player:20cdf5972da68ab707cded4dd74d57e,Seraphya,sup,Rakan,oe:player:87f462541b21fed4081f063502bf4da,Karma,sup:Rakan,lineup-7116e4492f85a928,0,1088.00000000,18.13333333,0,7,5,0.71428571,3979.00000000,3614.00000000,18,199.30147059,0.14785775,0.08688127,26,1.43382353,0.71428571,-1989.00000000,-1054.00000000,10.00000000,0,warmup,,,,,
pg-702bab96724094cc,LOLTMNT05_88477,2024-10-08T19:53:10,2024-10-08,2024,Unknown,0,14.18,Blue,oe:team:30fa9a41992f6d79206892a5af03a43,All for One Gaming,oe:team:26ff1a9f7fb8e976fbdcc5d2a8ac397,E WIE EINFACH E-SPORTS,oe:player:0ca1c9160623ef369d846ce506df20f,Rem,top,Lee Sin,oe:player:0fcaa97e5408efcaa78f5517e34cb02,Volibear,top:Lee Sin,lineup-7116e4492f85a928,0,1088.00000000,18.13333333,0,9,3,0.33333333,5434.00000000,6583.00000000,115,363.03308824,0.20192486,0.15825661,8,0.44117647,0.42857143,-4092.00000000,-1611.00000000,-31.00000000,0,warmup,,,,,
pg-400c73314ea21e48,LOLTMNT05_88477,2024-10-08T19:53:10,2024-10-08,2024,Unknown,0,14.18,Red,oe:team:26ff1a9f7fb8e976fbdcc5d2a8ac397,E WIE EINFACH E-SPORTS,oe:team:30fa9a41992f6d79206892a5af03a43,All for One Gaming,oe:player:08cc98f89d63a05973e5db39e6b9945,Noz2k,bot,Ezreal,oe:player:b7ba183b22675d06d42bd783276a010,Kai'Sa,bot:Ezreal,lineup-faa4d797b1949e70,1,1088.00000000,18.13333333,12,0,10,22.00000000,10999.00000000,17500.00000000,174,965.07352941,0.24041005,0.24417128,9,0.49632353,0.59459459,3400.00000000,2075.00000000,53.00000000,0,warmup,,,,,
pg-e912d119d48f9f7c,LOLTMNT05_88477,2024-10-08T19:53:10,2024-10-08,2024,Unknown,0,14.18,Red,oe:team:26ff1a9f7fb8e976fbdcc5d2a8ac397,E WIE EINFACH E-SPORTS,oe:team:30fa9a41992f6d79206892a5af03a43,All for One Gaming,oe:player:3e1b1e0f9c925b2f504d78f3bd5da22,D4nKa,jng,Jarvan IV,oe:player:0d7c1887f1bc9cfeffde4e06b426dbb,Viego,jng:Jarvan IV,lineup-faa4d797b1949e70,1,1088.00000000,18.13333333,9,1,19,28.00000000,9493.00000000,14837.00000000,76,818.21691176,0.20749273,0.20701539,11,0.60661765,0.75675676,921.00000000,382.00000000,-9.00000000,0,warmup,,,,,
pg-34c47253aaeece96,LOLTMNT05_88477,2024-10-08T19:53:10,2024-10-08,2024,Unknown,0,14.18,Red,oe:team:26ff1a9f7fb8e976fbdcc5d2a8ac397,E WIE EINFACH E-SPORTS,oe:team:30fa9a41992f6d79206892a5af03a43,All for One Gaming,oe:player:2ca9469819fb0fb61ff98e914a7ccca,Relative,mid,Akali,oe:player:4e24975f772fe41fcf838ea9dbe138f,Syndra,mid:Akali,lineup-faa4d797b1949e70,1,1088.00000000,18.13333333,7,2,5,6.00000000,8218.00000000,12478.00000000,123,688.12500000,0.17962449,0.17410110,8,0.44117647,0.32432432,1646.00000000,1952.00000000,18.00000000,0,warmup,,,,,
pg-ef62833706025cc8,LOLTMNT05_88477,2024-10-08T19:53:10,2024-10-08,2024,Unknown,0,14.18,Red,oe:team:26ff1a9f7fb8e976fbdcc5d2a8ac397,E WIE EINFACH E-SPORTS,oe:team:30fa9a41992f6d79206892a5af03a43,All for One Gaming,oe:player:87f462541b21fed4081f063502bf4da,Tockimo,sup,Karma,oe:player:20cdf5972da68ab707cded4dd74d57e,Rakan,sup:Karma,lineup-faa4d797b1949e70,1,1088.00000000,18.13333333,2,0,25,27.00000000,6753.00000000,9103.00000000,9,502.00367647,0.14760333,0.12701092,38,2.09558824,0.72972973,1989.00000000,1054.00000000,-10.00000000,0,warmup,,,,,
pg-ecb58ee04f69a136,LOLTMNT05_88477,2024-10-08T19:53:10,2024-10-08,2024,Unknown,0,14.18,Red,oe:team:26ff1a9f7fb8e976fbdcc5d2a8ac397,E WIE EINFACH E-SPORTS,oe:team:30fa9a41992f6d79206892a5af03a43,All for One Gaming,oe:player:0fcaa97e5408efcaa78f5517e34cb02,Flamer,top,Volibear,oe:player:0ca1c9160623ef369d846ce506df20f,Lee Sin,top:Volibear,lineup-faa4d797b1949e70,1,1088.00000000,18.13333333,7,4,1,2.00000000,10288.00000000,17753.00000000,147,979.02573529,0.22486940,0.24770130,7,0.38602941,0.21621622,4092.00000000,1611.00000000,31.00000000,0,warmup,,,,,
pg-dfe95b03858cfcb6,LOLTMNT05_89457,2024-10-09T15:07:56,2024-10-09,2024,Unknown,0,14.18,Blue,name-team-b5899d7af81d1ef7,AceGaming Spades,oe:team:1ed1de7cdce5070e3a31b5db92b6035,eSports Cologne e.V.,oe:player:65314e903461a614229ea5a2099d758,Manuel,bot,Ziggs,oe:player:304b48562aae432519195b02fd3a214,Ezreal,bot:Ziggs,lineup-12a188b02c1bc442,0,2090.00000000,34.83333333,5,4,7,3.00000000,14347.00000000,31180.00000000,289,895.11961722,0.23533947,0.27330739,24,0.68899522,0.52173913,-462.00000000,470.00000000,-13.00000000,0,warmup,,,,,
pg-95495ea1611d39f9,LOLTMNT05_89457,2024-10-09T15:07:56,2024-10-09,2024,Unknown,0,14.18,Blue,name-team-b5899d7af81d1ef7,AceGaming Spades,oe:team:1ed1de7cdce5070e3a31b5db92b6035,eSports Cologne e.V.,oe:player:482b141d4b188343467b04cabf7cdbb,Faded,jng,Vi,oe:player:771b79f3c7a45f5877016d050f12b81,Nocturne,jng:Vi,lineup-12a188b02c1bc442,0,2090.00000000,34.83333333,2,6,13,2.50000000,11155.00000000,15990.00000000,191,459.04306220,0.18297984,0.14015988,43,1.23444976,0.65217391,200.00000000,99.00000000,-14.00000000,0,warmup,,,,,
pg-d3a5c451a94d1754,LOLTMNT05_89457,2024-10-09T15:07:56,2024-10-09,2024,Unknown,0,14.18,Blue,name-team-b5899d7af81d1ef7,AceGaming Spades,oe:team:1ed1de7cdce5070e3a31b5db92b6035,eSports Cologne e.V.,name-player-c04a78abca42b030,ACE Hadonski,mid,Lissandra,oe:player:0a759ccee56f7553c9719e0011244dd,LeBlanc,mid:Lissandra,lineup-12a188b02c1bc442,0,2090.00000000,34.83333333,7,3,7,4.66666667,14256.00000000,23115.00000000,261,663.58851675,0.23384676,0.20261386,24,0.68899522,0.60869565,-591.00000000,-368.00000000,-19.00000000,0,warmup,,,,,
pg-3bb8ef7c38606d40,LOLTMNT05_89457,2024-10-09T15:07:56,2024-10-09,2024,Unknown,0,14.18,Blue,name-team-b5899d7af81d1ef7,AceGaming Spades,oe:team:1ed1de7cdce5070e3a31b5db92b6035,eSports Cologne e.V.,oe:player:a5f90f452a0b89150a5694cb324b94d,Tommygun,sup,Nautilus,oe:player:a7eeda89dab95c659a987fdb3952792,Rell,sup:Nautilus,lineup-12a188b02c1bc442,0,2090.00000000,34.83333333,0,5,13,2.60000000,7352.00000000,8221.00000000,27,236.00956938,0.12059774,0.07206094,90,2.58373206,0.56521739,-9.00000000,-820.00000000,-4.00000000,0,warmup,,,,,
pg-8466fadc3039e840,LOLTMNT05_89457,2024-10-09T15:07:56,2024-10-09,2024,Unknown,0,14.18,Blue,name-team-b5899d7af81d1ef7,AceGaming Spades,oe:team:1ed1de7cdce5070e3a31b5db92b6035,eSports Cologne e.V.,oe:player:0be44816ee64861caafa28454f596a1,Rain,top,Jayce,oe:player:1d5a567298105307cd8fc16c22e1d78,Udyr,top:Jayce,lineup-12a188b02c1bc442,0,2090.00000000,34.83333333,9,8,4,1.62500000,13853.00000000,35578.00000000,244,1021.37799043,0.22723619,0.31185793,61,1.75119617,0.56521739,2852.00000000,534.00000000,26.00000000,0,warmup,,,,,
pg-457cba8467112782,LOLTMNT05_89457,2024-10-09T15:07:56,2024-10-09,2024,Unknown,0,14.18,Red,oe:team:1ed1de7cdce5070e3a31b5db92b6035,eSports Cologne e.V.,name-team-b5899d7af81d1ef7,AceGaming Spades,oe:player:304b48562aae432519195b02fd3a214,Kasi,bot,Ezreal,oe:player:65314e903461a614229ea5a2099d758,Ziggs,bot:Ezreal,lineup-d39a29ca7c3b8c5e,1,2090.00000000,34.83333333,10,3,7,5.66666667,18565.00000000,39764.00000000,330,1141.55023923,0.26981659,0.38228734,24,0.68899522,0.65384615,462.00000000,-470.00000000,13.00000000,0,warmup,,,,,
pg-5d6d67fe3c84bf49,LOLTMNT05_89457,2024-10-09T15:07:56,2024-10-09,2024,Unknown,0,14.18,Red,oe:team:1ed1de7cdce5070e3a31b5db92b6035,eSports Cologne e.V.,name-team-b5899d7af81d1ef7,AceGaming Spades,oe:player:771b79f3c7a45f5877016d050f12b81,F1VTY,jng,Nocturne,oe:player:482b141d4b188343467b04cabf7cdbb,Vi,jng:Nocturne,lineup-d39a29ca7c3b8c5e,1,2090.00000000,34.83333333,2,4,12,3.50000000,11609.00000000,10792.00000000,188,309.81818182,0.16872075,0.10375327,54,1.55023923,0.53846154,-200.00000000,-99.00000000,14.00000000,0,warmup,,,,,
pg-6ef1c9bc4c792030,LOLTMNT05_89457,2024-10-09T15:07:56,2024-10-09,2024,Unknown,0,14.18,Red,oe:team:1ed1de7cdce5070e3a31b5db92b6035,eSports Cologne e.V.,name-team-b5899d7af81d1ef7,AceGaming Spades,oe:player:0a759ccee56f7553c9719e0011244dd,On3Sh0t,mid,LeBlanc,name-player-c04a78abca42b030,Lissandra,mid:LeBlanc,lineup-d39a29ca7c3b8c5e,1,2090.00000000,34.83333333,11,3,6,5.66666667,17930.00000000,27301.00000000,271,783.76076555,0.26058774,0.26246924,22,0.63157895,0.65384615,591.00000000,368.00000000,19.00000000,0,warmup,,,,,
pg-ba4e9ff268800de4,LOLTMNT05_89457,2024-10-09T15:07:56,2024-10-09,2024,Unknown,0,14.18,Red,oe:team:1ed1de7cdce5070e3a31b5db92b6035,eSports Cologne e.V.,name-team-b5899d7af81d1ef7,AceGaming Spades,oe:player:a7eeda89dab95c659a987fdb3952792,Kolios,sup,Rell,oe:player:a5f90f452a0b89150a5694cb324b94d,Nautilus,sup:Rell,lineup-d39a29ca7c3b8c5e,1,2090.00000000,34.83333333,0,9,11,1.22222222,8022.00000000,6480.00000000,26,186.02870813,0.11658867,0.06229811,92,2.64114833,0.42307692,9.00000000,820.00000000,4.00000000,0,warmup,,,,,
pg-099bb0c434c0ec07,LOLTMNT05_89457,2024-10-09T15:07:56,2024-10-09,2024,Unknown,0,14.18,Red,oe:team:1ed1de7cdce5070e3a31b5db92b6035,eSports Cologne e.V.,name-team-b5899d7af81d1ef7,AceGaming Spades,oe:player:1d5a567298105307cd8fc16c22e1d78,Kayleqlated,top,Udyr,oe:player:0be44816ee64861caafa28454f596a1,Jayce,top:Udyr,lineup-d39a29ca7c3b8c5e,1,2090.00000000,34.83333333,3,4,9,3.00000000,12680.00000000,19679.00000000,233,564.94736842,0.18428625,0.18919205,31,0.88995215,0.46153846,-2852.00000000,-534.00000000,-26.00000000,0,warmup,,,,,
pg-931ea5e45c8436b0,LOLTMNT05_88486,2024-10-09T15:08:07,2024-10-09,2024,Unknown,0,14.18,Blue,oe:team:b23a51e14c53108a0de36eb92df2c5a,VfB eSports,oe:team:2ae1a4c6fe17bf70dd4b5520d60f55b,NNO Prime,oe:player:b20e9714c68983eeabfe65ac88fa7ea,Riku,bot,Samira,oe:player:90704735ca9fc01f2244f23f6e5d635,Ezreal,bot:Samira,lineup-2df755ed9a8c5eca,0,1532.00000000,25.53333333,8,10,7,1.50000000,13487.00000000,20716.00000000,186,811.33159269,0.28919719,0.32991464,6,0.23498695,0.78947368,1164.00000000,-1175.00000000,-12.00000000,0,warmup,,,,,
pg-8be6dc5abe532a81,LOLTMNT05_88486,2024-10-09T15:08:07,2024-10-09,2024,Unknown,0,14.18,Blue,oe:team:b23a51e14c53108a0de36eb92df2c5a,VfB eSports,oe:team:2ae1a4c6fe17bf70dd4b5520d60f55b,NNO Prime,oe:player:27a9c63188ab92f603ab1fd42cb889a,Obsess,jng,Wukong,oe:player:e041923a70bcde3b24d608958f8edc8,Vi,jng:Wukong,lineup-2df755ed9a8c5eca,0,1532.00000000,25.53333333,5,9,4,1.00000000,9519.00000000,11168.00000000,122,437.38903394,0.20411270,0.17785705,17,0.66579634,0.47368421,-910.00000000,-848.00000000,-14.00000000,0,warmup,,,,,
pg-185991783547df92,LOLTMNT05_88486,2024-10-09T15:08:07,2024-10-09,2024,Unknown,0,14.18,Blue,oe:team:b23a51e14c53108a0de36eb92df2c5a,VfB eSports,oe:team:2ae1a4c6fe17bf70dd4b5520d60f55b,NNO Prime,oe:player:e0e640fe2ff7ea695737bd648263858,Baumi,mid,Akali,oe:player:e3b8d5a9290fe0c7458dc01db4dc9dc,LeBlanc,mid:Akali,lineup-2df755ed9a8c5eca,0,1532.00000000,25.53333333,3,7,1,0.57142857,8142.00000000,8688.00000000,155,340.26109661,0.17458616,0.13836157,10,0.39164491,0.21052632,-1769.00000000,-1334.00000000,-29.00000000,0,warmup,,,,,
pg-4f2ad0e8855176f5,LOLTMNT05_88486,2024-10-09T15:08:07,2024-10-09,2024,Unknown,0,14.18,Blue,oe:team:b23a51e14c53108a0de36eb92df2c5a,VfB eSports,oe:team:2ae1a4c6fe17bf70dd4b5520d60f55b,NNO Prime,oe:player:77578ad4690f7b33c88d56e59be2ba1,MaxSchallah,sup,Leona,oe:player:35650a63e482edbdb82b6950955e052,Poppy,sup:Leona,lineup-2df755ed9a8c5eca,0,1532.00000000,25.53333333,1,7,8,1.28571429,6846.00000000,7558.00000000,31,296.00522193,0.14679647,0.12036565,69,2.70234987,0.47368421,146.00000000,658.00000000,0.00000000,0,warmup,,,,,
pg-21d827b5f8d1db9c,LOLTMNT05_88486,2024-10-09T15:08:07,2024-10-09,2024,Unknown,0,14.18,Blue,oe:team:b23a51e14c53108a0de36eb92df2c5a,VfB eSports,oe:team:2ae1a4c6fe17bf70dd4b5520d60f55b,NNO Prime,oe:player:422d7cc4063f8801a9427860bfd855b,Satorius,top,Rumble,oe:player:1d17186c66b693755087b8af8d0c611,K'Sante,top:Rumble,lineup-2df755ed9a8c5eca,0,1532.00000000,25.53333333,2,8,6,1.00000000,8642.00000000,14662.00000000,125,574.22976501,0.18530749,0.23350108,24,0.93994778,0.42105263,-1562.00000000,-1265.00000000,-37.00000000,0,warmup,,,,,
pg-f165b1e1ac80c033,LOLTMNT05_88486,2024-10-09T15:08:07,2024-10-09,2024,Unknown,0,14.18,Red,oe:team:2ae1a4c6fe17bf70dd4b5520d60f55b,NNO Prime,oe:team:b23a51e14c53108a0de36eb92df2c5a,VfB eSports,oe:player:90704735ca9fc01f2244f23f6e5d635,Shiganari,bot,Ezreal,oe:player:b20e9714c68983eeabfe65ac88fa7ea,Samira,bot:Ezreal,lineup-12e790c5321078fe,1,1532.00000000,25.53333333,12,2,10,11.00000000,13618.00000000,34643.00000000,206,1356.77545692,0.22595739,0.29630928,15,0.58746736,0.53658537,-1164.00000000,1175.00000000,12.00000000,0,warmup,,,,,
pg-a97d5d9560fc62d7,LOLTMNT05_88486,2024-10-09T15:08:07,2024-10-09,2024,Unknown,0,14.18,Red,oe:team:2ae1a4c6fe17bf70dd4b5520d60f55b,NNO Prime,oe:team:b23a51e14c53108a0de36eb92df2c5a,VfB eSports,oe:player:e041923a70bcde3b24d608958f8edc8,Shlatan,jng,Vi,oe:player:27a9c63188ab92f603ab1fd42cb889a,Wukong,jng:Vi,lineup-12e790c5321078fe,1,1532.00000000,25.53333333,7,4,19,6.50000000,12085.00000000,20070.00000000,141,786.03133159,0.20052101,0.17166317,32,1.25326371,0.63414634,910.00000000,848.00000000,14.00000000,0,warmup,,,,,
pg-c92855878d101582,LOLTMNT05_88486,2024-10-09T15:08:07,2024-10-09,2024,Unknown,0,14.18,Red,oe:team:2ae1a4c6fe17bf70dd4b5520d60f55b,NNO Prime,oe:team:b23a51e14c53108a0de36eb92df2c5a,VfB eSports,oe:player:e3b8d5a9290fe0c7458dc01db4dc9dc,Serin,mid,LeBlanc,oe:player:e0e640fe2ff7ea695737bd648263858,Akali,mid:LeBlanc,lineup-12e790c5321078fe,1,1532.00000000,25.53333333,13,4,11,6.00000000,14873.00000000,35008.00000000,204,1371.07049608,0.24678104,0.29943121,22,0.86161880,0.58536585,1769.00000000,1334.00000000,29.00000000,0,warmup,,,,,
pg-0b679d4607a32629,LOLTMNT05_88486,2024-10-09T15:08:07,2024-10-09,2024,Unknown,0,14.18,Red,oe:team:2ae1a4c6fe17bf70dd4b5520d60f55b,NNO Prime,oe:team:b23a51e14c53108a0de36eb92df2c5a,VfB eSports,oe:player:35650a63e482edbdb82b6950955e052,Lucky,sup,Poppy,oe:player:77578ad4690f7b33c88d56e59be2ba1,Leona,sup:Poppy,lineup-12e790c5321078fe,1,1532.00000000,25.53333333,1,6,22,3.83333333,7971.00000000,12806.00000000,28,501.54046997,0.13225924,0.10953257,71,2.78067885,0.56097561,-146.00000000,-658.00000000,0.00000000,0,warmup,,,,,
pg-130c3e4d344b374d,LOLTMNT05_88486,2024-10-09T15:08:07,2024-10-09,2024,Unknown,0,14.18,Red,oe:team:2ae1a4c6fe17bf70dd4b5520d60f55b,NNO Prime,oe:team:b23a51e14c53108a0de36eb92df2c5a,VfB eSports,oe:player:1d17186c66b693755087b8af8d0c611,Scarface,top,K'Sante,oe:player:422d7cc4063f8801a9427860bfd855b,Rumble,top:K'Sante,lineup-12e790c5321078fe,1,1532.00000000,25.53333333,8,3,15,7.66666667,11721.00000000,14388.00000000,162,563.49869452,0.19448132,0.12306376,26,1.01827676,0.56097561,1562.00000000,1265.00000000,37.00000000,0,warmup,,,,,
pg-a845e7e674db0fd9,LOLTMNT05_89463,2024-10-09T15:10:04,2024-10-09,2024,Unknown,0,14.18,Blue,oe:team:7ce620feffbc833577b805ce32faa31,WeSports,oe:team:423471551f6ba1b127ed1c884aaa67a,regnum4games,oe:player:99fa5f1f22f7de8c29316bb51ea23e0,Limitless,bot,Draven,oe:player:dbcf00ee0e5f12c51952d7689cc1366,Jhin,bot:Draven,lineup-fc8ab18485a7d8f9,1,2588.00000000,43.13333333,9,2,5,7.00000000,24321.00000000,29518.00000000,443,684.34312210,0.28854641,0.34385630,29,0.67233385,0.73684211,-290.00000000,174.00000000,4.00000000,0,warmup,,,,,
pg-63b6c9524c4c8d6a,LOLTMNT05_89463,2024-10-09T15:10:04,2024-10-09,2024,Unknown,0,14.18,Blue,oe:team:7ce620feffbc833577b805ce32faa31,WeSports,oe:team:423471551f6ba1b127ed1c884aaa67a,regnum4games,name-player-2d85bbcef17b886f,WES Sunam,jng,Jarvan IV,oe:player:d267ada2593780f4b32830a0d68c378,Lillia,jng:Jarvan IV,lineup-fc8ab18485a7d8f9,1,2588.00000000,43.13333333,0,2,15,7.50000000,14514.00000000,10659.00000000,252,247.11746522,0.17219533,0.12416709,59,1.36785162,0.78947368,-1057.00000000,-1295.00000000,-27.00000000,0,warmup,,,,,
pg-f9fd1612f7a6f111,LOLTMNT05_89463,2024-10-09T15:10:04,2024-10-09,2024,Unknown,0,14.18,Blue,oe:team:7ce620feffbc833577b805ce32faa31,WeSports,oe:team:423471551f6ba1b127ed1c884aaa67a,regnum4games,oe:player:6cb01b90479b4f67db603e6f9591124,Lychee,mid,Sylas,oe:player:b6e48b3f25c34b7326992303b80b46a,Hwei,mid:Sylas,lineup-fc8ab18485a7d8f9,1,2588.00000000,43.13333333,7,4,4,2.75000000,19550.00000000,24605.00000000,390,570.44049459,0.23194286,0.28662457,43,0.99690881,0.57894737,-99.00000000,-284.00000000,0.00000000,0,warmup,,,,,
pg-90f4028ff3e5c8b8,LOLTMNT05_89463,2024-10-09T15:10:04,2024-10-09,2024,Unknown,0,14.18,Blue,oe:team:7ce620feffbc833577b805ce32faa31,WeSports,oe:team:423471551f6ba1b127ed1c884aaa67a,regnum4games,oe:player:22a7c67bd0f00882e2a6217d6d72a25,Matinger,sup,Leona,oe:player:a6345ed4722279338a3de46e175e32e,Thresh,sup:Leona,lineup-fc8ab18485a7d8f9,1,2588.00000000,43.13333333,1,4,11,3.00000000,10771.00000000,7019.00000000,36,162.72797527,0.12778806,0.08176460,131,3.03709428,0.63157895,-396.00000000,-71.00000000,-9.00000000,0,warmup,,,,,
pg-db4a38853ed8d566,LOLTMNT05_89463,2024-10-09T15:10:04,2024-10-09,2024,Unknown,0,14.18,Blue,oe:team:7ce620feffbc833577b805ce32faa31,WeSports,oe:team:423471551f6ba1b127ed1c884aaa67a,regnum4games,name-player-a624051aef0cec36,WES Psychosis,top,K'Sante,oe:player:24bb48091f3f1bb7302ac7f785f9d6d,Smolder,top:K'Sante,lineup-fc8ab18485a7d8f9,1,2588.00000000,43.13333333,2,4,3,1.25000000,15132.00000000,14043.00000000,298,325.57187017,0.17952733,0.16358744,44,1.02009274,0.26315789,-312.00000000,57.00000000,-12.00000000,0,warmup,,,,,
pg-80c501a89848e129,LOLTMNT05_89463,2024-10-09T15:10:04,2024-10-09,2024,Unknown,0,14.18,Red,oe:team:423471551f6ba1b127ed1c884aaa67a,regnum4games,oe:team:7ce620feffbc833577b805ce32faa31,WeSports,oe:player:dbcf00ee0e5f12c51952d7689cc1366,Relentless,bot,Jhin,oe:player:99fa5f1f22f7de8c29316bb51ea23e0,Draven,bot:Jhin,lineup-cd8beb8f9e8f2b6c,0,2588.00000000,43.13333333,2,4,9,2.75000000,16719.00000000,20242.00000000,361,469.28902628,0.23038128,0.16276938,27,0.62596600,0.68750000,290.00000000,-174.00000000,-4.00000000,0,warmup,,,,,
pg-d9bf7bc31467c109,LOLTMNT05_89463,2024-10-09T15:10:04,2024-10-09,2024,Unknown,0,14.18,Red,oe:team:423471551f6ba1b127ed1c884aaa67a,regnum4games,oe:team:7ce620feffbc833577b805ce32faa31,WeSports,oe:player:d267ada2593780f4b32830a0d68c378,Fishue,jng,Lillia,name-player-2d85bbcef17b886f,Jarvan IV,jng:Lillia,lineup-cd8beb8f9e8f2b6c,0,2588.00000000,43.13333333,5,3,8,4.33333333,15752.00000000,24142.00000000,312,559.70633694,0.21705640,0.19412995,50,1.15919629,0.81250000,1057.00000000,1295.00000000,27.00000000,0,warmup,,,,,
pg-8a86367687874e09,LOLTMNT05_89463,2024-10-09T15:10:04,2024-10-09,2024,Unknown,0,14.18,Red,oe:team:423471551f6ba1b127ed1c884aaa67a,regnum4games,oe:team:7ce620feffbc833577b805ce32faa31,WeSports,oe:player:b6e48b3f25c34b7326992303b80b46a,Jonny227,mid,Hwei,oe:player:6cb01b90479b4f67db603e6f9591124,Sylas,mid:Hwei,lineup-cd8beb8f9e8f2b6c,0,2588.00000000,43.13333333,1,5,10,2.20000000,12550.00000000,26540.00000000,254,615.30139104,0.17293409,0.21341267,34,0.78825348,0.68750000,99.00000000,284.00000000,0.00000000,0,warmup,,,,,
pg-0663bee8832529b0,LOLTMNT05_89463,2024-10-09T15:10:04,2024-10-09,2024,Unknown,0,14.18,Red,oe:team:423471551f6ba1b127ed1c884aaa67a,regnum4games,oe:team:7ce620feffbc833577b805ce32faa31,WeSports,oe:player:a6345ed4722279338a3de46e175e32e,malteshadow,sup,Thresh,oe:player:22a7c67bd0f00882e2a6217d6d72a25,Leona,sup:Thresh,lineup-cd8beb8f9e8f2b6c,0,2588.00000000,43.13333333,3,5,5,1.60000000,9756.00000000,5601.00000000,35,129.85316847,0.13443386,0.04503860,119,2.75888717,0.50000000,396.00000000,71.00000000,9.00000000,0,warmup,,,,,
pg-c491026282685a42,LOLTMNT05_89463,2024-10-09T15:10:04,2024-10-09,2024,Unknown,0,14.18,Red,oe:team:423471551f6ba1b127ed1c884aaa67a,regnum4games,oe:team:7ce620feffbc833577b805ce32faa31,WeSports,oe:player:24bb48091f3f1bb7302ac7f785f9d6d,FengDere,top,Smolder,name-player-a624051aef0cec36,K'Sante,top:Smolder,lineup-cd8beb8f9e8f2b6c,0,2588.00000000,43.13333333,5,2,5,5.00000000,17794.00000000,47835.00000000,380,1109.00309119,0.24519436,0.38464940,34,0.78825348,0.62500000,312.00000000,-57.00000000,12.00000000,0,warmup,,,,,
pg-d5b1afdd6aabfb05,LOLTMNT05_89458,2024-10-09T15:12:45,2024-10-09,2024,Unknown,0,14.18,Blue,oe:team:cc901dfa35cb4e6d7c5684d57361771,EPIC-DUDES,oe:team:6a060bd74c9041bf0aa89adf9d15d12,Unicorns of Love Sexy Edition,oe:player:d721fbb8eedd948e422f3710f72a3a6,Mind,bot,Jhin,oe:player:3a3cf889f1996110ab52915425d60b5,Kai'Sa,bot:Jhin,lineup-d973ad6455e08f78,0,1213.00000000,20.21666667,0,7,1,0.14285714,6216.00000000,8597.00000000,133,425.24319868,0.19544711,0.20958069,7,0.34624897,0.14285714,-1451.00000000,-849.00000000,-23.00000000,0,warmup,,,,,
pg-7d7bf0b32718995a,LOLTMNT05_89458,2024-10-09T15:12:45,2024-10-09,2024,Unknown,0,14.18,Blue,oe:team:cc901dfa35cb4e6d7c5684d57361771,EPIC-DUDES,oe:team:6a060bd74c9041bf0aa89adf9d15d12,Unicorns of Love Sexy Edition,oe:player:9c44293e765f6adb67f24410977ef10,Nasut,jng,Warwick,oe:player:6fc5fe723eed4ba4c230292be365c66,Skarner,jng:Warwick,lineup-d973ad6455e08f78,0,1213.00000000,20.21666667,2,5,3,1.00000000,6356.00000000,7093.00000000,108,350.84913438,0.19984908,0.17291565,19,0.93981863,0.71428571,-79.00000000,-750.00000000,-5.00000000,0,warmup,,,,,
pg-1c110c0227283d35,LOLTMNT05_89458,2024-10-09T15:12:45,2024-10-09,2024,Unknown,0,14.18,Blue,oe:team:cc901dfa35cb4e6d7c5684d57361771,EPIC-DUDES,oe:team:6a060bd74c9041bf0aa89adf9d15d12,Unicorns of Love Sexy Edition,oe:player:b3930e087fe235378c3be105e7f5972,Ivok,mid,LeBlanc,oe:player:157108ff2b64591e5703c64dbae3a2e,Orianna,mid:LeBlanc,lineup-d973ad6455e08f78,0,1213.00000000,20.21666667,3,4,3,1.50000000,7636.00000000,10545.00000000,159,521.59934048,0.24009559,0.25706972,10,0.49464138,0.85714286,540.00000000,63.00000000,1.00000000,0,warmup,,,,,
pg-f473027fc2210d24,LOLTMNT05_89458,2024-10-09T15:12:45,2024-10-09,2024,Unknown,0,14.18,Blue,oe:team:cc901dfa35cb4e6d7c5684d57361771,EPIC-DUDES,oe:team:6a060bd74c9041bf0aa89adf9d15d12,Unicorns of Love Sexy Edition,oe:player:fdb2a693a5b128e3d3eed88c2bb7df6,Lxf7Tocke,sup,Leona,oe:player:973547129a691fb61e886add170ac7a,Rell,sup:Leona,lineup-d973ad6455e08f78,0,1213.00000000,20.21666667,2,6,2,0.66666667,5086.00000000,4867.00000000,26,240.74196208,0.15991699,0.11864944,39,1.92910140,0.57142857,-384.00000000,-408.00000000,10.00000000,0,warmup,,,,,
pg-186540f9f9713d3c,LOLTMNT05_89458,2024-10-09T15:12:45,2024-10-09,2024,Unknown,0,14.18,Blue,oe:team:cc901dfa35cb4e6d7c5684d57361771,EPIC-DUDES,oe:team:6a060bd74c9041bf0aa89adf9d15d12,Unicorns of Love Sexy Edition,oe:player:5c7b52c9f2f0ebfdd2128ceb0171c54,Kirito,top,Ornn,oe:player:11b40dd5fcd01f1fca9496859ccd862,Dr. Mundo,top:Ornn,lineup-d973ad6455e08f78,0,1213.00000000,20.21666667,0,4,2,0.50000000,6510.00000000,9918.00000000,159,490.58532564,0.20469123,0.24178450,11,0.54410552,0.28571429,-2714.00000000,-1586.00000000,-23.00000000,0,warmup,,,,,
pg-12036b6a42428c34,LOLTMNT05_89458,2024-10-09T15:12:45,2024-10-09,2024,Unknown,0,14.18,Red,oe:team:6a060bd74c9041bf0aa89adf9d15d12,Unicorns of Love Sexy Edition,oe:team:cc901dfa35cb4e6d7c5684d57361771,EPIC-DUDES,oe:player:3a3cf889f1996110ab52915425d60b5,xMatty,bot,Kai'Sa,oe:player:d721fbb8eedd948e422f3710f72a3a6,Jhin,bot:Kai'Sa,lineup-003c4b7dcdab2ee4,1,1213.00000000,20.21666667,11,1,3,14.00000000,10820.00000000,14894.00000000,170,736.71887881,0.24397393,0.21377311,23,1.13767519,0.53846154,1451.00000000,849.00000000,23.00000000,0,warmup,,,,,
pg-95854f7e7863adef,LOLTMNT05_89458,2024-10-09T15:12:45,2024-10-09,2024,Unknown,0,14.18,Red,oe:team:6a060bd74c9041bf0aa89adf9d15d12,Unicorns of Love Sexy Edition,oe:team:cc901dfa35cb4e6d7c5684d57361771,EPIC-DUDES,oe:player:6fc5fe723eed4ba4c230292be365c66,Lurox,jng,Skarner,oe:player:9c44293e765f6adb67f24410977ef10,Warwick,jng:Skarner,lineup-003c4b7dcdab2ee4,1,1213.00000000,20.21666667,4,1,13,17.00000000,8243.00000000,15829.00000000,123,782.96784831,0.18586665,0.22719313,10,0.49464138,0.65384615,79.00000000,750.00000000,5.00000000,0,warmup,,,,,
pg-2270196ca33e8c62,LOLTMNT05_89458,2024-10-09T15:12:45,2024-10-09,2024,Unknown,0,14.18,Red,oe:team:6a060bd74c9041bf0aa89adf9d15d12,Unicorns of Love Sexy Edition,oe:team:cc901dfa35cb4e6d7c5684d57361771,EPIC-DUDES,oe:player:157108ff2b64591e5703c64dbae3a2e,TolanD,mid,Orianna,oe:player:b3930e087fe235378c3be105e7f5972,LeBlanc,mid:Orianna,lineup-003c4b7dcdab2ee4,1,1213.00000000,20.21666667,4,3,11,5.00000000,8263.00000000,16844.00000000,160,833.17394889,0.18631762,0.24176140,18,0.89035449,0.57692308,-540.00000000,-63.00000000,-1.00000000,0,warmup,,,,,
pg-5f1bf5d0b8e52d43,LOLTMNT05_89458,2024-10-09T15:12:45,2024-10-09,2024,Unknown,0,14.18,Red,oe:team:6a060bd74c9041bf0aa89adf9d15d12,Unicorns of Love Sexy Edition,oe:team:cc901dfa35cb4e6d7c5684d57361771,EPIC-DUDES,oe:player:973547129a691fb61e886add170ac7a,Piero,sup,Rell,oe:player:fdb2a693a5b128e3d3eed88c2bb7df6,Leona,sup:Rell,lineup-003c4b7dcdab2ee4,1,1213.00000000,20.21666667,1,1,19,20.00000000,6646.00000000,6277.00000000,21,310.48639736,0.14985682,0.09009358,58,2.86892003,0.76923077,384.00000000,408.00000000,-10.00000000,0,warmup,,,,,
pg-4d00f73f07ae440c,LOLTMNT05_89458,2024-10-09T15:12:45,2024-10-09,2024,Unknown,0,14.18,Red,oe:team:6a060bd74c9041bf0aa89adf9d15d12,Unicorns of Love Sexy Edition,oe:team:cc901dfa35cb4e6d7c5684d57361771,EPIC-DUDES,oe:player:11b40dd5fcd01f1fca9496859ccd862,Shelfmade,top,Dr. Mundo,oe:player:5c7b52c9f2f0ebfdd2128ceb0171c54,Ornn,top:Dr. Mundo,lineup-003c4b7dcdab2ee4,1,1213.00000000,20.21666667,6,1,3,9.00000000,10377.00000000,15828.00000000,184,782.91838417,0.23398498,0.22717878,13,0.64303380,0.34615385,2714.00000000,1586.00000000,23.00000000,0,warmup,,,,,
pg-23c5fdda2ab185f6,LOLTMNT05_89470,2024-10-09T15:57:50,2024-10-09,2024,Unknown,0,14.18,Blue,name-team-008bbba56a19edbc,Bootz Gaming,oe:team:48199c3e87ac9d14cdf50169f8eaabc,Eintracht Frankfurt,name-player-b905b46b46d7de26,BTZ Baki,bot,Jhin,oe:player:f0523a8a7089a6b90c4c1606ebd9605,Kai'Sa,bot:Jhin,lineup-2fa28999a68f34a2,0,1426.00000000,23.76666667,0,4,1,0.25000000,7244.00000000,10851.00000000,174,456.56381487,0.20936416,0.23949413,14,0.58906031,0.33333333,-1149.00000000,-857.00000000,-31.00000000,0,warmup,,,,,
pg-b94954b2f9920b49,LOLTMNT05_89470,2024-10-09T15:57:50,2024-10-09,2024,Unknown,0,14.18,Blue,name-team-008bbba56a19edbc,Bootz Gaming,oe:team:48199c3e87ac9d14cdf50169f8eaabc,Eintracht Frankfurt,name-player-9d87c12ad3997d9e,BTZ Beluga,jng,Nocturne,oe:player:b0a4ae62486ca215c199e72698738b7,Sejuani,jng:Nocturne,lineup-2fa28999a68f34a2,0,1426.00000000,23.76666667,0,4,0,0.00000000,7031.00000000,5942.00000000,164,250.01402525,0.20320809,0.13114682,34,1.43057504,0.00000000,-337.00000000,-427.00000000,8.00000000,0,warmup,,,,,
pg-a0c30797f2f656b1,LOLTMNT05_89470,2024-10-09T15:57:50,2024-10-09,2024,Unknown,0,14.18,Blue,name-team-008bbba56a19edbc,Bootz Gaming,oe:team:48199c3e87ac9d14cdf50169f8eaabc,Eintracht Frankfurt,oe:player:d2b7b23dfedaadfe856dbc241a2ca26,Jakoo,mid,Syndra,oe:player:eb26eb96a04224878fb492a5a8cefa8,Ahri,mid:Syndra,lineup-2fa28999a68f34a2,0,1426.00000000,23.76666667,1,5,1,0.40000000,7676.00000000,13049.00000000,187,549.04628331,0.22184971,0.28800653,13,0.54698457,0.66666667,-965.00000000,101.00000000,-10.00000000,0,warmup,,,,,
pg-18c6406cdf6e6ade,LOLTMNT05_89470,2024-10-09T15:57:50,2024-10-09,2024,Unknown,0,14.18,Blue,name-team-008bbba56a19edbc,Bootz Gaming,oe:team:48199c3e87ac9d14cdf50169f8eaabc,Eintracht Frankfurt,oe:player:e0ce529d9b78743caacc7e9730f8b1a,Tiger1,sup,Rell,oe:player:64ecd619b953ca23acb0546a472c483,Rakan,sup:Rell,lineup-2fa28999a68f34a2,0,1426.00000000,23.76666667,1,3,0,0.33333333,5290.00000000,4255.00000000,41,179.03225806,0.15289017,0.09391277,61,2.56661992,0.33333333,91.00000000,596.00000000,10.00000000,0,warmup,,,,,
pg-44525e5e70448ea8,LOLTMNT05_89470,2024-10-09T15:57:50,2024-10-09,2024,Unknown,0,14.18,Blue,name-team-008bbba56a19edbc,Bootz Gaming,oe:team:48199c3e87ac9d14cdf50169f8eaabc,Eintracht Frankfurt,name-player-5ff0d8f51da4d8e4,BTZ Selengrab,top,Ornn,oe:player:5be118a1aa52664e1dff15ff96c1e67,Renekton,top:Ornn,lineup-2fa28999a68f34a2,0,1426.00000000,23.76666667,1,4,0,0.25000000,7359.00000000,11211.00000000,177,471.71107994,0.21268786,0.24743975,10,0.42075736,0.33333333,-1350.00000000,182.00000000,-18.00000000,0,warmup,,,,,
pg-779ce765698837b2,LOLTMNT05_89470,2024-10-09T15:57:50,2024-10-09,2024,Unknown,0,14.18,Red,oe:team:48199c3e87ac9d14cdf50169f8eaabc,Eintracht Frankfurt,name-team-008bbba56a19edbc,Bootz Gaming,oe:player:f0523a8a7089a6b90c4c1606ebd9605,DizL,bot,Kai'Sa,name-player-b905b46b46d7de26,Jhin,bot:Kai'Sa,lineup-9fa2c882d9da2bcd,1,1426.00000000,23.76666667,5,0,8,13.00000000,11575.00000000,15232.00000000,220,640.89761571,0.22716568,0.22686923,18,0.75736325,0.65000000,1149.00000000,857.00000000,31.00000000,0,warmup,,,,,
pg-20a0d83b4aec7542,LOLTMNT05_89470,2024-10-09T15:57:50,2024-10-09,2024,Unknown,0,14.18,Red,oe:team:48199c3e87ac9d14cdf50169f8eaabc,Eintracht Frankfurt,name-team-008bbba56a19edbc,Bootz Gaming,oe:player:b0a4ae62486ca215c199e72698738b7,Pabu,jng,Sejuani,name-player-9d87c12ad3997d9e,Nocturne,jng:Sejuani,lineup-9fa2c882d9da2bcd,1,1426.00000000,23.76666667,0,0,16,16.00000000,9067.00000000,7489.00000000,153,315.10518934,0.17794481,0.11154304,19,0.79943899,0.80000000,337.00000000,427.00000000,-8.00000000,0,warmup,,,,,
pg-8498fbb227953f6d,LOLTMNT05_89470,2024-10-09T15:57:50,2024-10-09,2024,Unknown,0,14.18,Red,oe:team:48199c3e87ac9d14cdf50169f8eaabc,Eintracht Frankfurt,name-team-008bbba56a19edbc,Bootz Gaming,oe:player:eb26eb96a04224878fb492a5a8cefa8,ZaZee,mid,Ahri,oe:player:d2b7b23dfedaadfe856dbc241a2ca26,Syndra,mid:Ahri,lineup-9fa2c882d9da2bcd,1,1426.00000000,23.76666667,6,1,11,17.00000000,11333.00000000,17277.00000000,208,726.94249649,0.22241630,0.25732797,22,0.92566620,0.85000000,965.00000000,-101.00000000,10.00000000,0,warmup,,,,,
pg-4e7ad008005a44f2,LOLTMNT05_89470,2024-10-09T15:57:50,2024-10-09,2024,Unknown,0,14.18,Red,oe:team:48199c3e87ac9d14cdf50169f8eaabc,Eintracht Frankfurt,name-team-008bbba56a19edbc,Bootz Gaming,oe:player:64ecd619b953ca23acb0546a472c483,Tore,sup,Rakan,oe:player:e0ce529d9b78743caacc7e9730f8b1a,Rell,sup:Rakan,lineup-9fa2c882d9da2bcd,1,1426.00000000,23.76666667,1,1,16,17.00000000,7029.00000000,6983.00000000,31,293.81486676,0.13794795,0.10400655,97,4.08134642,0.85000000,-91.00000000,-596.00000000,-10.00000000,0,warmup,,,,,
pg-7146e633c6e14f70,LOLTMNT05_89470,2024-10-09T15:57:50,2024-10-09,2024,Unknown,0,14.18,Red,oe:team:48199c3e87ac9d14cdf50169f8eaabc,Eintracht Frankfurt,name-team-008bbba56a19edbc,Bootz Gaming,oe:player:5be118a1aa52664e1dff15ff96c1e67,Agresivoo,top,Renekton,name-player-5ff0d8f51da4d8e4,Ornn,top:Renekton,lineup-9fa2c882d9da2bcd,1,1426.00000000,23.76666667,8,1,4,12.00000000,11950.00000000,20159.00000000,220,848.20476858,0.23452526,0.30025320,21,0.88359046,0.60000000,1350.00000000,-182.00000000,18.00000000,0,warmup,,,,,
pg-f4c85bc11e2efeb5,LOLTMNT05_89467,2024-10-09T15:58:03,2024-10-09,2024,Unknown,0,14.18,Blue,name-team-a8a1420921688a1b,Frontier x Veni,name-team-fcd6aea04154f147,DKB XPERION NXT RAW,oe:player:1af2bedc4f0d54942edcce745cb3344,Henry Snow,bot,Ashe,oe:player:307bc10d48d7b6d1af5fd1dae30b77e,Jinx,bot:Ashe,lineup-e3da1e54a7ea4697,0,1740.00000000,29.00000000,2,5,3,1.00000000,10407.00000000,11398.00000000,233,393.03448276,0.21791114,0.21421591,28,0.96551724,0.71428571,170.00000000,-28.00000000,-10.00000000,0,warmup,,,,,
pg-8b7c12470edafb62,LOLTMNT05_89467,2024-10-09T15:58:03,2024-10-09,2024,Unknown,0,14.18,Blue,name-team-a8a1420921688a1b,Frontier x Veni,name-team-fcd6aea04154f147,DKB XPERION NXT RAW,oe:player:077c8e531f00e3df16e2318b49f5f39,Spy,jng,Bel'Veth,oe:player:45cf8adbf60961e7ffec251ac8c90f8,Udyr,jng:Bel'Veth,lineup-e3da1e54a7ea4697,0,1740.00000000,29.00000000,3,3,1,1.33333333,9681.00000000,9077.00000000,175,313.00000000,0.20270949,0.17059465,31,1.06896552,0.57142857,-134.00000000,-408.00000000,-14.00000000,0,warmup,,,,,
pg-190347eea2e8b9a4,LOLTMNT05_89467,2024-10-09T15:58:03,2024-10-09,2024,Unknown,0,14.18,Blue,name-team-a8a1420921688a1b,Frontier x Veni,name-team-fcd6aea04154f147,DKB XPERION NXT RAW,oe:player:8bcb106e4ab51f90f4143c16f170c42,Poro,mid,Syndra,oe:player:b8325d5a974eac1dbce808677f1dec4,Karma,mid:Syndra,lineup-e3da1e54a7ea4697,0,1740.00000000,29.00000000,2,2,1,1.50000000,9893.00000000,15153.00000000,228,522.51724138,0.20714854,0.28478800,22,0.75862069,0.42857143,-558.00000000,-122.00000000,11.00000000,0,warmup,,,,,
pg-3e4c9a44f1b86dfb,LOLTMNT05_89467,2024-10-09T15:58:03,2024-10-09,2024,Unknown,0,14.18,Blue,name-team-a8a1420921688a1b,Frontier x Veni,name-team-fcd6aea04154f147,DKB XPERION NXT RAW,name-player-6a98173ab96a7321,FXV ichdeutsch,sup,Braum,oe:player:7d175e5e531838434b46cce41dfc805,Rell,sup:Braum,lineup-e3da1e54a7ea4697,0,1740.00000000,29.00000000,0,6,1,0.16666667,5833.00000000,2941.00000000,25,101.41379310,0.12213661,0.05527364,82,2.82758621,0.14285714,-520.00000000,125.00000000,-3.00000000,0,warmup,,,,,
pg-26092b0ea2c3dcf5,LOLTMNT05_89467,2024-10-09T15:58:03,2024-10-09,2024,Unknown,0,14.18,Blue,name-team-a8a1420921688a1b,Frontier x Veni,name-team-fcd6aea04154f147,DKB XPERION NXT RAW,name-player-7d0ca39eae2973c0,FXV Jordaen,top,Renekton,oe:player:5aa54e3d3da32bc6cc40212b1a512af,K'Sante,top:Renekton,lineup-e3da1e54a7ea4697,0,1740.00000000,29.00000000,0,3,5,1.66666667,11944.00000000,14639.00000000,256,504.79310345,0.25009423,0.27512780,23,0.79310345,0.71428571,-218.00000000,279.00000000,3.00000000,0,warmup,,,,,
pg-d43a8255e0747552,LOLTMNT05_89467,2024-10-09T15:58:03,2024-10-09,2024,Unknown,0,14.18,Red,name-team-fcd6aea04154f147,DKB XPERION NXT RAW,name-team-a8a1420921688a1b,Frontier x Veni,oe:player:307bc10d48d7b6d1af5fd1dae30b77e,Miella,bot,Jinx,oe:player:1af2bedc4f0d54942edcce745cb3344,Ashe,bot:Jinx,lineup-2225d6daff9ebbd6,1,1740.00000000,29.00000000,5,1,7,12.00000000,13780.00000000,15968.00000000,301,550.62068966,0.24275094,0.21300891,33,1.13793103,0.63157895,-170.00000000,28.00000000,10.00000000,0,warmup,,,,,
pg-f91d859606d91e37,LOLTMNT05_89467,2024-10-09T15:58:03,2024-10-09,2024,Unknown,0,14.18,Red,name-team-fcd6aea04154f147,DKB XPERION NXT RAW,name-team-a8a1420921688a1b,Frontier x Veni,oe:player:45cf8adbf60961e7ffec251ac8c90f8,Hummelu,jng,Udyr,oe:player:077c8e531f00e3df16e2318b49f5f39,Bel'Veth,jng:Udyr,lineup-2225d6daff9ebbd6,1,1740.00000000,29.00000000,2,1,7,9.00000000,10336.00000000,11608.00000000,206,400.27586207,0.18208082,0.15484766,30,1.03448276,0.47368421,134.00000000,408.00000000,14.00000000,0,warmup,,,,,
pg-6ee8e73693ae177a,LOLTMNT05_89467,2024-10-09T15:58:03,2024-10-09,2024,Unknown,0,14.18,Red,name-team-fcd6aea04154f147,DKB XPERION NXT RAW,name-team-a8a1420921688a1b,Frontier x Veni,oe:player:b8325d5a974eac1dbce808677f1dec4,Don Arts,mid,Karma,oe:player:8bcb106e4ab51f90f4143c16f170c42,Syndra,mid:Karma,lineup-2225d6daff9ebbd6,1,1740.00000000,29.00000000,7,2,8,7.50000000,12742.00000000,26738.00000000,208,922.00000000,0.22446535,0.35667787,26,0.89655172,0.78947368,558.00000000,122.00000000,-11.00000000,0,warmup,,,,,
pg-c18574e4298abad3,LOLTMNT05_89467,2024-10-09T15:58:03,2024-10-09,2024,Unknown,0,14.18,Red,name-team-fcd6aea04154f147,DKB XPERION NXT RAW,name-team-a8a1420921688a1b,Frontier x Veni,oe:player:7d175e5e531838434b46cce41dfc805,Fabiox,sup,Rell,name-player-6a98173ab96a7321,Braum,sup:Rell,lineup-2225d6daff9ebbd6,1,1740.00000000,29.00000000,1,1,15,16.00000000,7563.00000000,5197.00000000,28,179.20689655,0.13323116,0.06932661,102,3.51724138,0.84210526,520.00000000,-125.00000000,3.00000000,0,warmup,,,,,
pg-67df5caade0dfc97,LOLTMNT05_89467,2024-10-09T15:58:03,2024-10-09,2024,Unknown,0,14.18,Red,name-team-fcd6aea04154f147,DKB XPERION NXT RAW,name-team-a8a1420921688a1b,Frontier x Veni,oe:player:5aa54e3d3da32bc6cc40212b1a512af,R4GN4X,top,K'Sante,name-player-7d0ca39eae2973c0,Renekton,top:K'Sante,lineup-2225d6daff9ebbd6,1,1740.00000000,29.00000000,4,2,7,5.50000000,12345.00000000,15453.00000000,227,532.86206897,0.21747173,0.20613895,29,1.00000000,0.57894737,218.00000000,-279.00000000,-3.00000000,0,warmup,,,,,
pg-8667176a9454ef49,LOLTMNT05_88514,2024-10-09T16:05:36,2024-10-09,2024,Unknown,0,14.18,Blue,oe:team:7c4854374e4daa6b00206eb922359a9,MOUZ NXT,oe:team:1d0f5e58f39613aff1a3dd4ed85933e,FC Schalke 04 Esports,oe:player:6e23b629fe2fc16824ea86bf61cbc4c,Dreilix,bot,Jinx,oe:player:d12b043b44563dd9443919f8637de22,Kai'Sa,bot:Jinx,lineup-94d5b2805c8c75ce,0,1921.00000000,32.01666667,5,9,8,1.44444444,12738.00000000,19561.00000000,264,610.96304008,0.22397271,0.20424550,24,0.74960958,0.54166667,-1934.00000000,636.00000000,10.00000000,0,warmup,,,,,
pg-7c5504c10834c25f,LOLTMNT05_88514,2024-10-09T16:05:36,2024-10-09,2024,Unknown,0,14.18,Blue,oe:team:7c4854374e4daa6b00206eb922359a9,MOUZ NXT,oe:team:1d0f5e58f39613aff1a3dd4ed85933e,FC Schalke 04 Esports,oe:player:a04f4a8e24d54ff98fc27a5aa5a0c3c,Afroboi,jng,Skarner,oe:player:702efc23873d774e479682ef680d911,Wukong,jng:Skarner,lineup-94d5b2805c8c75ce,0,1921.00000000,32.01666667,5,7,9,2.00000000,10370.00000000,14584.00000000,136,455.51275377,0.18233608,0.15227833,40,1.24934930,0.58333333,-894.00000000,-597.00000000,-15.00000000,0,warmup,,,,,
pg-b592350140c6cc34,LOLTMNT05_88514,2024-10-09T16:05:36,2024-10-09,2024,Unknown,0,14.18,Blue,oe:team:7c4854374e4daa6b00206eb922359a9,MOUZ NXT,oe:team:1d0f5e58f39613aff1a3dd4ed85933e,FC Schalke 04 Esports,oe:player:4817eee6e21d12824c37bfbdaf2c325,Kaymin,mid,Syndra,oe:player:58d68cedf0a0b1b3d7d9646f5f9e8d3,Hwei,mid:Syndra,lineup-94d5b2805c8c75ce,0,1921.00000000,32.01666667,7,8,9,2.00000000,13928.00000000,33142.00000000,233,1035.14836023,0.24489652,0.34605104,29,0.90577824,0.66666667,925.00000000,81.00000000,4.00000000,0,warmup,,,,,
pg-0f15d19638625809,LOLTMNT05_88514,2024-10-09T16:05:36,2024-10-09,2024,Unknown,0,14.18,Blue,oe:team:7c4854374e4daa6b00206eb922359a9,MOUZ NXT,oe:team:1d0f5e58f39613aff1a3dd4ed85933e,FC Schalke 04 Esports,oe:player:c740f85027b40c5b52e03b0233888f2,Nio,sup,Alistar,oe:player:ae20b1872a922cdc5b8707fbe66c4f0,Rell,sup:Alistar,lineup-94d5b2805c8c75ce,0,1921.00000000,32.01666667,3,13,13,1.23076923,7970.00000000,9435.00000000,12,294.69026549,0.14013680,0.09851522,84,2.62363352,0.66666667,-602.00000000,-344.00000000,-1.00000000,0,warmup,,,,,
pg-e0013c43a7b64652,LOLTMNT05_88514,2024-10-09T16:05:36,2024-10-09,2024,Unknown,0,14.18,Blue,oe:team:7c4854374e4daa6b00206eb922359a9,MOUZ NXT,oe:team:1d0f5e58f39613aff1a3dd4ed85933e,FC Schalke 04 Esports,oe:player:51777d50bf7bf71ff70b8a32726e40c,Fornoreason,top,Camille,oe:player:1f8b2df4c6ee43a1c1dc29817c0a201,Shen,top:Camille,lineup-94d5b2805c8c75ce,0,1921.00000000,32.01666667,4,6,8,2.00000000,11867.00000000,19050.00000000,214,595.00260281,0.20865789,0.19890991,25,0.78084331,0.50000000,-113.00000000,-552.00000000,-27.00000000,0,warmup,,,,,
pg-ba9c682a2cad59c9,LOLTMNT05_88514,2024-10-09T16:05:36,2024-10-09,2024,Unknown,0,14.18,Red,oe:team:1d0f5e58f39613aff1a3dd4ed85933e,FC Schalke 04 Esports,oe:team:7c4854374e4daa6b00206eb922359a9,MOUZ NXT,oe:player:d12b043b44563dd9443919f8637de22,Peco,bot,Kai'Sa,oe:player:6e23b629fe2fc16824ea86bf61cbc4c,Jinx,bot:Kai'Sa,lineup-67e3c4b343d8cf0b,1,1921.00000000,32.01666667,17,7,11,4.00000000,18486.00000000,46990.00000000,244,1467.67308693,0.25494766,0.30943585,19,0.59344092,0.65116279,1934.00000000,-636.00000000,-10.00000000,0,warmup,,,,,
pg-1a98498dfbd8b9dc,LOLTMNT05_88514,2024-10-09T16:05:36,2024-10-09,2024,Unknown,0,14.18,Red,oe:team:1d0f5e58f39613aff1a3dd4ed85933e,FC Schalke 04 Esports,oe:team:7c4854374e4daa6b00206eb922359a9,MOUZ NXT,oe:player:702efc23873d774e479682ef680d911,Cboi,jng,Wukong,oe:player:a04f4a8e24d54ff98fc27a5aa5a0c3c,Skarner,jng:Wukong,lineup-67e3c4b343d8cf0b,1,1921.00000000,32.01666667,15,5,18,6.60000000,17309.00000000,40419.00000000,221,1262.43623113,0.23871519,0.26616488,28,0.87454451,0.76744186,894.00000000,597.00000000,15.00000000,0,warmup,,,,,
pg-af3b60503e19dade,LOLTMNT05_88514,2024-10-09T16:05:36,2024-10-09,2024,Unknown,0,14.18,Red,oe:team:1d0f5e58f39613aff1a3dd4ed85933e,FC Schalke 04 Esports,oe:team:7c4854374e4daa6b00206eb922359a9,MOUZ NXT,oe:player:58d68cedf0a0b1b3d7d9646f5f9e8d3,Simpli,mid,Hwei,oe:player:4817eee6e21d12824c37bfbdaf2c325,Syndra,mid:Hwei,lineup-67e3c4b343d8cf0b,1,1921.00000000,32.01666667,7,6,17,4.00000000,14622.00000000,29595.00000000,234,924.36231130,0.20165773,0.19488730,51,1.59292035,0.55813953,-925.00000000,-81.00000000,-4.00000000,0,warmup,,,,,
pg-669cbd0534bdfa2c,LOLTMNT05_88514,2024-10-09T16:05:36,2024-10-09,2024,Unknown,0,14.18,Red,oe:team:1d0f5e58f39613aff1a3dd4ed85933e,FC Schalke 04 Esports,oe:team:7c4854374e4daa6b00206eb922359a9,MOUZ NXT,oe:player:ae20b1872a922cdc5b8707fbe66c4f0,Twiizt,sup,Rell,oe:player:c740f85027b40c5b52e03b0233888f2,Alistar,sup:Rell,lineup-67e3c4b343d8cf0b,1,1921.00000000,32.01666667,0,6,31,5.16666667,9325.00000000,8608.00000000,22,268.85996877,0.12860472,0.05668491,116,3.62311296,0.72093023,602.00000000,344.00000000,1.00000000,0,warmup,,,,,
pg-a5b12442fc4975f3,LOLTMNT05_88514,2024-10-09T16:05:36,2024-10-09,2024,Unknown,0,14.18,Red,oe:team:1d0f5e58f39613aff1a3dd4ed85933e,FC Schalke 04 Esports,oe:team:7c4854374e4daa6b00206eb922359a9,MOUZ NXT,oe:player:1f8b2df4c6ee43a1c1dc29817c0a201,Sacre,top,Shen,oe:player:51777d50bf7bf71ff70b8a32726e40c,Camille,top:Shen,lineup-67e3c4b343d8cf0b,1,1921.00000000,32.01666667,4,0,20,24.00000000,12767.00000000,26245.00000000,192,819.72930765,0.17607469,0.17282707,30,0.93701197,0.55813953,113.00000000,552.00000000,27.00000000,0,warmup,,,,,
pg-480f90ae6d77abd3,LOLTMNT02_176900,2024-10-09T16:13:53,2024-10-09,2024,Unknown,0,14.18,Blue,oe:team:aa8c3b781d96ddb7a24ab3240918988,SK Gaming Prime,oe:team:6aac0384f6e7dccbfa6079a80a7699b,Direct Rising eSports,oe:player:ba3d4084a218c919db12a8776d46ed8,Zavee,bot,Kai'Sa,name-player-722f6cc9a6136c89,Ezreal,bot:Kai'Sa,lineup-f58305abcb1d4720,1,1386.00000000,23.10000000,9,2,9,9.00000000,12514.00000000,19202.00000000,201,831.25541126,0.24746875,0.32359831,22,0.95238095,0.78260870,1437.00000000,658.00000000,6.00000000,0,warmup,,,,,
pg-ba1fde1c3b520ea7,LOLTMNT02_176900,2024-10-09T16:13:53,2024-10-09,2024,Unknown,0,14.18,Blue,oe:team:aa8c3b781d96ddb7a24ab3240918988,SK Gaming Prime,oe:team:6aac0384f6e7dccbfa6079a80a7699b,Direct Rising eSports,oe:player:a3659e9d07c9807e77df85548df86fb,Emprez,jng,Jarvan IV,name-player-05ac6b53132069ed,Vi,jng:Jarvan IV,lineup-f58305abcb1d4720,1,1386.00000000,23.10000000,8,0,14,22.00000000,11319.00000000,16894.00000000,154,731.34199134,0.22383721,0.28470315,31,1.34199134,0.95652174,1549.00000000,2100.00000000,37.00000000,0,warmup,,,,,
pg-fc456e1748c2380c,LOLTMNT02_176900,2024-10-09T16:13:53,2024-10-09,2024,Unknown,0,14.18,Blue,oe:team:aa8c3b781d96ddb7a24ab3240918988,SK Gaming Prime,oe:team:6aac0384f6e7dccbfa6079a80a7699b,Direct Rising eSports,oe:player:758a9b0b73aeb3ed8f73f01edbd61c3,Apollonia,mid,Neeko,name-player-48fc84c448be31d4,Orianna,mid:Neeko,lineup-f58305abcb1d4720,1,1386.00000000,23.10000000,4,0,9,13.00000000,9569.00000000,11026.00000000,184,477.31601732,0.18923034,0.18581371,18,0.77922078,0.56521739,931.00000000,957.00000000,15.00000000,0,warmup,,,,,
pg-d0238e86fffcc05e,LOLTMNT02_176900,2024-10-09T16:13:53,2024-10-09,2024,Unknown,0,14.18,Blue,oe:team:aa8c3b781d96ddb7a24ab3240918988,SK Gaming Prime,oe:team:6aac0384f6e7dccbfa6079a80a7699b,Direct Rising eSports,oe:player:010d6a16efd32515e12371cf630f30e,Lumi,sup,Rell,name-player-18c3a950e3ec09c2,Thresh,sup:Rell,lineup-f58305abcb1d4720,1,1386.00000000,23.10000000,1,2,20,10.50000000,7649.00000000,4365.00000000,23,188.96103896,0.15126167,0.07356039,72,3.11688312,0.91304348,616.00000000,540.00000000,1.00000000,0,warmup,,,,,
pg-86f72d95eecc63ef,LOLTMNT02_176900,2024-10-09T16:13:53,2024-10-09,2024,Unknown,0,14.18,Blue,oe:team:aa8c3b781d96ddb7a24ab3240918988,SK Gaming Prime,oe:team:6aac0384f6e7dccbfa6079a80a7699b,Direct Rising eSports,oe:player:59cbe5a825cd647e4dfc16acfdc6723,Sanah,top,Sett,name-player-42a775ec72a8240c,K'Sante,top:Sett,lineup-f58305abcb1d4720,1,1386.00000000,23.10000000,1,1,6,7.00000000,9517.00000000,7852.00000000,170,339.91341991,0.18820202,0.13232444,18,0.77922078,0.30434783,273.00000000,-216.00000000,22.00000000,0,warmup,,,,,
pg-c49d7180c2f84094,LOLTMNT02_176900,2024-10-09T16:13:53,2024-10-09,2024,Unknown,0,14.18,Red,oe:team:6aac0384f6e7dccbfa6079a80a7699b,Direct Rising eSports,oe:team:aa8c3b781d96ddb7a24ab3240918988,SK Gaming Prime,name-player-722f6cc9a6136c89,DR Heat1,bot,Ezreal,oe:player:ba3d4084a218c919db12a8776d46ed8,Kai'Sa,bot:Ezreal,lineup-c8b08d3c3202c5fd,0,1386.00000000,23.10000000,2,3,1,1.00000000,8573.00000000,15143.00000000,182,655.54112554,0.24917890,0.44582818,6,0.25974026,0.60000000,-1437.00000000,-658.00000000,-6.00000000,0,warmup,,,,,
pg-4924209221c0b145,LOLTMNT02_176900,2024-10-09T16:13:53,2024-10-09,2024,Unknown,0,14.18,Red,oe:team:6aac0384f6e7dccbfa6079a80a7699b,Direct Rising eSports,oe:team:aa8c3b781d96ddb7a24ab3240918988,SK Gaming Prime,name-player-05ac6b53132069ed,DR Blutlotus,jng,Vi,oe:player:a3659e9d07c9807e77df85548df86fb,Jarvan IV,jng:Vi,lineup-c8b08d3c3202c5fd,0,1386.00000000,23.10000000,2,6,1,0.50000000,6958.00000000,4630.00000000,116,200.43290043,0.20223805,0.13631278,25,1.08225108,0.60000000,-1549.00000000,-2100.00000000,-37.00000000,0,warmup,,,,,
pg-e87d87c715dc48ef,LOLTMNT02_176900,2024-10-09T16:13:53,2024-10-09,2024,Unknown,0,14.18,Red,oe:team:6aac0384f6e7dccbfa6079a80a7699b,Direct Rising eSports,oe:team:aa8c3b781d96ddb7a24ab3240918988,SK Gaming Prime,name-player-48fc84c448be31d4,DR WildWolf,mid,Orianna,oe:player:758a9b0b73aeb3ed8f73f01edbd61c3,Neeko,mid:Orianna,lineup-c8b08d3c3202c5fd,0,1386.00000000,23.10000000,0,4,1,0.25000000,7068.00000000,6034.00000000,173,261.21212121,0.20543526,0.17764824,16,0.69264069,0.20000000,-931.00000000,-957.00000000,-15.00000000,0,warmup,,,,,
pg-cdc57083184f1566,LOLTMNT02_176900,2024-10-09T16:13:53,2024-10-09,2024,Unknown,0,14.18,Red,oe:team:6aac0384f6e7dccbfa6079a80a7699b,Direct Rising eSports,oe:team:aa8c3b781d96ddb7a24ab3240918988,SK Gaming Prime,name-player-18c3a950e3ec09c2,DR Schlaf gut,sup,Thresh,oe:player:010d6a16efd32515e12371cf630f30e,Rell,sup:Thresh,lineup-c8b08d3c3202c5fd,0,1386.00000000,23.10000000,0,7,3,0.42857143,4813.00000000,3214.00000000,24,139.13419913,0.13989246,0.09462404,61,2.64069264,0.60000000,-616.00000000,-540.00000000,-1.00000000,0,warmup,,,,,
pg-b12b3dddd2b8807d,LOLTMNT02_176900,2024-10-09T16:13:53,2024-10-09,2024,Unknown,0,14.18,Red,oe:team:6aac0384f6e7dccbfa6079a80a7699b,Direct Rising eSports,oe:team:aa8c3b781d96ddb7a24ab3240918988,SK Gaming Prime,name-player-42a775ec72a8240c,DR Gego,top,K'Sante,oe:player:59cbe5a825cd647e4dfc16acfdc6723,Sett,top:K'Sante,lineup-c8b08d3c3202c5fd,0,1386.00000000,23.10000000,1,3,1,0.66666667,6993.00000000,4945.00000000,145,214.06926407,0.20325534,0.14558676,13,0.56277056,0.40000000,-273.00000000,216.00000000,-22.00000000,0,warmup,,,,,
pg-58361993e4b5e04a,LOLTMNT05_88515,2024-10-09T16:48:02,2024-10-09,2024,Unknown,0,14.18,Blue,oe:team:b23a51e14c53108a0de36eb92df2c5a,VfB eSports,name-team-008bbba56a19edbc,Bootz Gaming,oe:player:b20e9714c68983eeabfe65ac88fa7ea,Riku,bot,Zeri,name-player-b905b46b46d7de26,Kai'Sa,bot:Zeri,lineup-2df755ed9a8c5eca,1,1539.00000000,25.65000000,6,3,5,3.66666667,13052.00000000,18757.00000000,248,731.26705653,0.22602823,0.19131402,20,0.77972710,0.47826087,2938.00000000,467.00000000,48.00000000,0,warmup,,,,,
pg-65383512f08da4ce,LOLTMNT05_88515,2024-10-09T16:48:02,2024-10-09,2024,Unknown,0,14.18,Blue,oe:team:b23a51e14c53108a0de36eb92df2c5a,VfB eSports,name-team-008bbba56a19edbc,Bootz Gaming,oe:player:27a9c63188ab92f603ab1fd42cb889a,Obsess,jng,Udyr,name-player-9d87c12ad3997d9e,Sejuani,jng:Udyr,lineup-2df755ed9a8c5eca,1,1539.00000000,25.65000000,7,1,12,19.00000000,12516.00000000,22099.00000000,231,861.55945419,0.21674604,0.22540110,31,1.20857700,0.82608696,1836.00000000,2363.00000000,49.00000000,0,warmup,,,,,
pg-e0f06fb2a63cd8e0,LOLTMNT05_88515,2024-10-09T16:48:02,2024-10-09,2024,Unknown,0,14.18,Blue,oe:team:b23a51e14c53108a0de36eb92df2c5a,VfB eSports,name-team-008bbba56a19edbc,Bootz Gaming,oe:player:e0e640fe2ff7ea695737bd648263858,Baumi,mid,Yone,oe:player:d2b7b23dfedaadfe856dbc241a2ca26,Akali,mid:Yone,lineup-2df755ed9a8c5eca,1,1539.00000000,25.65000000,5,1,10,15.00000000,13371.00000000,22497.00000000,220,877.07602339,0.23155252,0.22946054,9,0.35087719,0.65217391,-630.00000000,-56.00000000,-6.00000000,0,warmup,,,,,
pg-e19434c302999d82,LOLTMNT05_88515,2024-10-09T16:48:02,2024-10-09,2024,Unknown,0,14.18,Blue,oe:team:b23a51e14c53108a0de36eb92df2c5a,VfB eSports,name-team-008bbba56a19edbc,Bootz Gaming,oe:player:77578ad4690f7b33c88d56e59be2ba1,MaxSchallah,sup,Rakan,oe:player:e0ce529d9b78743caacc7e9730f8b1a,Seraphine,sup:Rakan,lineup-2df755ed9a8c5eca,1,1539.00000000,25.65000000,0,1,14,14.00000000,7685.00000000,6991.00000000,38,272.55360624,0.13308512,0.07130545,100,3.89863548,0.60869565,625.00000000,691.00000000,3.00000000,0,warmup,,,,,
pg-a7e685b5265bc12a,LOLTMNT05_88515,2024-10-09T16:48:02,2024-10-09,2024,Unknown,0,14.18,Blue,oe:team:b23a51e14c53108a0de36eb92df2c5a,VfB eSports,name-team-008bbba56a19edbc,Bootz Gaming,oe:player:422d7cc4063f8801a9427860bfd855b,Satorius,top,Illaoi,name-player-5ff0d8f51da4d8e4,Renekton,top:Illaoi,lineup-2df755ed9a8c5eca,1,1539.00000000,25.65000000,5,0,3,8.00000000,11121.00000000,27699.00000000,209,1079.88304094,0.19258810,0.28251889,20,0.77972710,0.34782609,1164.00000000,1425.00000000,17.00000000,0,warmup,,,,,
pg-757f6f5635b541d8,LOLTMNT05_88515,2024-10-09T16:48:02,2024-10-09,2024,Unknown,0,14.18,Red,name-team-008bbba56a19edbc,Bootz Gaming,oe:team:b23a51e14c53108a0de36eb92df2c5a,VfB eSports,name-player-b905b46b46d7de26,BTZ Baki,bot,Kai'Sa,oe:player:b20e9714c68983eeabfe65ac88fa7ea,Zeri,bot:Kai'Sa,lineup-2fa28999a68f34a2,0,1539.00000000,25.65000000,1,3,3,1.33333333,8804.00000000,12442.00000000,202,485.06822612,0.21693278,0.21123222,9,0.35087719,0.66666667,-2938.00000000,-467.00000000,-48.00000000,0,warmup,,,,,
pg-79e1c4ab794c17b9,LOLTMNT05_88515,2024-10-09T16:48:02,2024-10-09,2024,Unknown,0,14.18,Red,name-team-008bbba56a19edbc,Bootz Gaming,oe:team:b23a51e14c53108a0de36eb92df2c5a,VfB eSports,name-player-9d87c12ad3997d9e,BTZ Beluga,jng,Sejuani,oe:player:27a9c63188ab92f603ab1fd42cb889a,Udyr,jng:Sejuani,lineup-2fa28999a68f34a2,0,1539.00000000,25.65000000,2,7,3,0.71428571,8049.00000000,8631.00000000,133,336.49122807,0.19832939,0.14653153,28,1.09161793,0.83333333,-1836.00000000,-2363.00000000,-49.00000000,0,warmup,,,,,
pg-1b54a43cf3c2eed8,LOLTMNT05_88515,2024-10-09T16:48:02,2024-10-09,2024,Unknown,0,14.18,Red,name-team-008bbba56a19edbc,Bootz Gaming,oe:team:b23a51e14c53108a0de36eb92df2c5a,VfB eSports,oe:player:d2b7b23dfedaadfe856dbc241a2ca26,Jakoo,mid,Akali,oe:player:e0e640fe2ff7ea695737bd648263858,Yone,mid:Akali,lineup-2fa28999a68f34a2,0,1539.00000000,25.65000000,2,3,1,1.00000000,9337.00000000,16035.00000000,201,625.14619883,0.23006604,0.27223184,9,0.35087719,0.50000000,630.00000000,56.00000000,6.00000000,0,warmup,,,,,
pg-f59840f49c1dbd23,LOLTMNT05_88515,2024-10-09T16:48:02,2024-10-09,2024,Unknown,0,14.18,Red,name-team-008bbba56a19edbc,Bootz Gaming,oe:team:b23a51e14c53108a0de36eb92df2c5a,VfB eSports,oe:player:e0ce529d9b78743caacc7e9730f8b1a,Tiger1,sup,Seraphine,oe:player:77578ad4690f7b33c88d56e59be2ba1,Rakan,sup:Seraphine,lineup-2fa28999a68f34a2,0,1539.00000000,25.65000000,0,4,4,1.00000000,6015.00000000,6046.00000000,42,235.71150097,0.14821112,0.10264507,57,2.22222222,0.66666667,-625.00000000,-691.00000000,-3.00000000,0,warmup,,,,,
pg-1fae752b3b2c3814,LOLTMNT05_88515,2024-10-09T16:48:02,2024-10-09,2024,Unknown,0,14.18,Red,name-team-008bbba56a19edbc,Bootz Gaming,oe:team:b23a51e14c53108a0de36eb92df2c5a,VfB eSports,name-player-5ff0d8f51da4d8e4,BTZ Selengrab,top,Renekton,oe:player:422d7cc4063f8801a9427860bfd855b,Illaoi,top:Renekton,lineup-2fa28999a68f34a2,0,1539.00000000,25.65000000,1,6,2,0.50000000,8379.00000000,15748.00000000,180,613.95711501,0.20646067,0.26735934,19,0.74074074,0.50000000,-1164.00000000,-1425.00000000,-17.00000000,0,warmup,,,,,
pg-02d6325181f48ff3,LOLTMNT05_88516,2024-10-09T16:53:48,2024-10-09,2024,Unknown,0,14.18,Blue,oe:team:cc901dfa35cb4e6d7c5684d57361771,EPIC-DUDES,name-team-a8a1420921688a1b,Frontier x Veni,oe:player:d721fbb8eedd948e422f3710f72a3a6,Mind,bot,Senna,oe:player:1af2bedc4f0d54942edcce745cb3344,Jhin,bot:Senna,lineup-d973ad6455e08f78,0,1371.00000000,22.85000000,0,5,3,0.60000000,8455.00000000,13500.00000000,189,590.80962801,0.21795731,0.26395542,9,0.39387309,0.33333333,1353.00000000,109.00000000,24.00000000,0,warmup,,,,,
pg-d787e26016d97d87,LOLTMNT05_88516,2024-10-09T16:53:48,2024-10-09,2024,Unknown,0,14.18,Blue,oe:team:cc901dfa35cb4e6d7c5684d57361771,EPIC-DUDES,name-team-a8a1420921688a1b,Frontier x Veni,oe:player:9c44293e765f6adb67f24410977ef10,Nasut,jng,Viego,oe:player:077c8e531f00e3df16e2318b49f5f39,Skarner,jng:Viego,lineup-d973ad6455e08f78,0,1371.00000000,22.85000000,3,5,3,1.20000000,7882.00000000,7781.00000000,148,340.52516411,0.20318622,0.15213608,23,1.00656455,0.66666667,116.00000000,-390.00000000,22.00000000,0,warmup,,,,,
pg-ffff370be9be5614,LOLTMNT05_88516,2024-10-09T16:53:48,2024-10-09,2024,Unknown,0,14.18,Blue,oe:team:cc901dfa35cb4e6d7c5684d57361771,EPIC-DUDES,name-team-a8a1420921688a1b,Frontier x Veni,oe:player:b3930e087fe235378c3be105e7f5972,Ivok,mid,Sylas,oe:player:8bcb106e4ab51f90f4143c16f170c42,Ahri,mid:Sylas,lineup-d973ad6455e08f78,0,1371.00000000,22.85000000,2,3,4,2.00000000,8688.00000000,14812.00000000,188,648.22757112,0.22396370,0.28960798,8,0.35010941,0.66666667,-1305.00000000,-479.00000000,-16.00000000,0,warmup,,,,,
pg-99316a2b0341753a,LOLTMNT05_88516,2024-10-09T16:53:48,2024-10-09,2024,Unknown,0,14.18,Blue,oe:team:cc901dfa35cb4e6d7c5684d57361771,EPIC-DUDES,name-team-a8a1420921688a1b,Frontier x Veni,oe:player:fdb2a693a5b128e3d3eed88c2bb7df6,Lxf7Tocke,sup,Zilean,name-player-6a98173ab96a7321,Leona,sup:Zilean,lineup-d973ad6455e08f78,0,1371.00000000,22.85000000,2,4,2,1.00000000,5963.00000000,5184.00000000,29,226.87089716,0.15371726,0.10135888,64,2.80087527,0.44444444,-233.00000000,439.00000000,2.00000000,0,warmup,,,,,
pg-4af7c6a35dc1eae2,LOLTMNT05_88516,2024-10-09T16:53:48,2024-10-09,2024,Unknown,0,14.18,Blue,oe:team:cc901dfa35cb4e6d7c5684d57361771,EPIC-DUDES,name-team-a8a1420921688a1b,Frontier x Veni,oe:player:5c7b52c9f2f0ebfdd2128ceb0171c54,Kirito,top,K'Sante,name-player-7d0ca39eae2973c0,Gwen,top:K'Sante,lineup-d973ad6455e08f78,0,1371.00000000,22.85000000,2,4,3,1.25000000,7804.00000000,9868.00000000,182,431.85995624,0.20117550,0.19294164,17,0.74398249,0.55555556,-2040.00000000,-740.00000000,-13.00000000,0,warmup,,,,,
pg-0221bc1804b882eb,LOLTMNT05_88516,2024-10-09T16:53:48,2024-10-09,2024,Unknown,0,14.18,Red,name-team-a8a1420921688a1b,Frontier x Veni,oe:team:cc901dfa35cb4e6d7c5684d57361771,EPIC-DUDES,oe:player:1af2bedc4f0d54942edcce745cb3344,Henry Snow,bot,Jhin,oe:player:d721fbb8eedd948e422f3710f72a3a6,Senna,bot:Jhin,lineup-e3da1e54a7ea4697,1,1371.00000000,22.85000000,2,2,5,3.50000000,8488.00000000,11259.00000000,157,492.73522976,0.17317854,0.15994943,10,0.43763676,0.33333333,-1353.00000000,-109.00000000,-24.00000000,0,warmup,,,,,
pg-1a4024989878f5b1,LOLTMNT05_88516,2024-10-09T16:53:48,2024-10-09,2024,Unknown,0,14.18,Red,name-team-a8a1420921688a1b,Frontier x Veni,oe:team:cc901dfa35cb4e6d7c5684d57361771,EPIC-DUDES,oe:player:077c8e531f00e3df16e2318b49f5f39,Spy,jng,Skarner,oe:player:9c44293e765f6adb67f24410977ef10,Viego,jng:Skarner,lineup-e3da1e54a7ea4697,1,1371.00000000,22.85000000,5,1,9,14.00000000,9454.00000000,11583.00000000,119,506.91466083,0.19288760,0.16455229,21,0.91903720,0.66666667,-116.00000000,390.00000000,-22.00000000,0,warmup,,,,,
pg-7fbe89055d29c0bf,LOLTMNT05_88516,2024-10-09T16:53:48,2024-10-09,2024,Unknown,0,14.18,Red,name-team-a8a1420921688a1b,Frontier x Veni,oe:team:cc901dfa35cb4e6d7c5684d57361771,EPIC-DUDES,oe:player:8bcb106e4ab51f90f4143c16f170c42,Poro,mid,Ahri,oe:player:b3930e087fe235378c3be105e7f5972,Sylas,mid:Ahri,lineup-e3da1e54a7ea4697,1,1371.00000000,22.85000000,5,2,3,4.00000000,10401.00000000,11257.00000000,208,492.64770241,0.21220901,0.15992101,19,0.83150985,0.38095238,1305.00000000,479.00000000,16.00000000,0,warmup,,,,,
pg-fae856aa89cd8f26,LOLTMNT05_88516,2024-10-09T16:53:48,2024-10-09,2024,Unknown,0,14.18,Red,name-team-a8a1420921688a1b,Frontier x Veni,oe:team:cc901dfa35cb4e6d7c5684d57361771,EPIC-DUDES,name-player-6a98173ab96a7321,FXV ichdeutsch,sup,Leona,oe:player:fdb2a693a5b128e3d3eed88c2bb7df6,Zilean,sup:Leona,lineup-e3da1e54a7ea4697,1,1371.00000000,22.85000000,1,1,11,12.00000000,7145.00000000,8594.00000000,31,376.10503282,0.14577765,0.12208947,61,2.66958425,0.57142857,233.00000000,-439.00000000,-2.00000000,0,warmup,,,,,
pg-031ae7f8a402cffa,LOLTMNT05_88516,2024-10-09T16:53:48,2024-10-09,2024,Unknown,0,14.18,Red,name-team-a8a1420921688a1b,Frontier x Veni,oe:team:cc901dfa35cb4e6d7c5684d57361771,EPIC-DUDES,name-player-7d0ca39eae2973c0,FXV Jordaen,top,Gwen,oe:player:5c7b52c9f2f0ebfdd2128ceb0171c54,K'Sante,top:Gwen,lineup-e3da1e54a7ea4697,1,1371.00000000,22.85000000,8,3,5,4.33333333,13525.00000000,27698.00000000,202,1212.16630197,0.27594720,0.39348780,13,0.56892779,0.61904762,2040.00000000,740.00000000,13.00000000,0,warmup,,,,,
pg-1d9de6620bd6c9d5,LOLTMNT05_89476,2024-10-09T17:04:17,2024-10-09,2024,Unknown,0,14.18,Blue,name-team-b5899d7af81d1ef7,AceGaming Spades,oe:team:7c4854374e4daa6b00206eb922359a9,MOUZ NXT,oe:player:65314e903461a614229ea5a2099d758,Manuel,bot,Kai'Sa,oe:player:6e23b629fe2fc16824ea86bf61cbc4c,Jhin,bot:Kai'Sa,lineup-12a188b02c1bc442,0,1595.00000000,26.58333333,7,5,3,2.00000000,12166.00000000,20225.00000000,211,760.81504702,0.25495086,0.24601331,10,0.37617555,0.58823529,-1091.00000000,-971.00000000,-8.00000000,0,warmup,,,,,
pg-e347d14083ac1e1d,LOLTMNT05_89476,2024-10-09T17:04:17,2024-10-09,2024,Unknown,0,14.18,Blue,name-team-b5899d7af81d1ef7,AceGaming Spades,oe:team:7c4854374e4daa6b00206eb922359a9,MOUZ NXT,oe:player:482b141d4b188343467b04cabf7cdbb,Faded,jng,Skarner,oe:player:a04f4a8e24d54ff98fc27a5aa5a0c3c,Nocturne,jng:Skarner,lineup-12a188b02c1bc442,0,1595.00000000,26.58333333,5,9,4,1.00000000,9326.00000000,24902.00000000,128,936.75235110,0.19543578,0.30290350,15,0.56426332,0.52941176,-2386.00000000,-1081.00000000,-11.00000000,0,warmup,,,,,
pg-08f73f3cd31514eb,LOLTMNT05_89476,2024-10-09T17:04:17,2024-10-09,2024,Unknown,0,14.18,Blue,name-team-b5899d7af81d1ef7,AceGaming Spades,oe:team:7c4854374e4daa6b00206eb922359a9,MOUZ NXT,name-player-c04a78abca42b030,ACE Hadonski,mid,LeBlanc,oe:player:4817eee6e21d12824c37bfbdaf2c325,Orianna,mid:LeBlanc,lineup-12a188b02c1bc442,0,1595.00000000,26.58333333,3,7,3,0.85714286,10335.00000000,13334.00000000,174,501.59247649,0.21658040,0.16219241,21,0.78996865,0.35294118,-1142.00000000,-1071.00000000,-20.00000000,0,warmup,,,,,
pg-2d4e3f5d4f08a561,LOLTMNT05_89476,2024-10-09T17:04:17,2024-10-09,2024,Unknown,0,14.18,Blue,name-team-b5899d7af81d1ef7,AceGaming Spades,oe:team:7c4854374e4daa6b00206eb922359a9,MOUZ NXT,oe:player:a5f90f452a0b89150a5694cb324b94d,Tommygun,sup,Alistar,oe:player:c740f85027b40c5b52e03b0233888f2,Nautilus,sup:Alistar,lineup-12a188b02c1bc442,0,1595.00000000,26.58333333,1,9,7,0.88888889,6521.00000000,5164.00000000,22,194.25705329,0.13665416,0.06281398,58,2.18181818,0.47058824,-621.00000000,-1000.00000000,-2.00000000,0,warmup,,,,,
pg-bf1a21893c99c938,LOLTMNT05_89476,2024-10-09T17:04:17,2024-10-09,2024,Unknown,0,14.18,Blue,name-team-b5899d7af81d1ef7,AceGaming Spades,oe:team:7c4854374e4daa6b00206eb922359a9,MOUZ NXT,oe:player:0be44816ee64861caafa28454f596a1,Rain,top,Aurora,oe:player:51777d50bf7bf71ff70b8a32726e40c,Camille,top:Aurora,lineup-12a188b02c1bc442,0,1595.00000000,26.58333333,1,5,6,1.40000000,9371.00000000,18586.00000000,177,699.15987461,0.19637880,0.22607680,23,0.86520376,0.41176471,954.00000000,588.00000000,18.00000000,0,warmup,,,,,
pg-b6494d1036f22456,LOLTMNT05_89476,2024-10-09T17:04:17,2024-10-09,2024,Unknown,0,14.18,Red,oe:team:7c4854374e4daa6b00206eb922359a9,MOUZ NXT,name-team-b5899d7af81d1ef7,AceGaming Spades,oe:player:6e23b629fe2fc16824ea86bf61cbc4c,Dreilix,bot,Jhin,oe:player:65314e903461a614229ea5a2099d758,Kai'Sa,bot:Jhin,lineup-94d5b2805c8c75ce,1,1595.00000000,26.58333333,6,2,19,12.50000000,11898.00000000,27984.00000000,185,1052.68965517,0.21460652,0.23470800,13,0.48902821,0.71428571,1091.00000000,971.00000000,8.00000000,0,warmup,,,,,
pg-c71f3751cfaf1ed1,LOLTMNT05_89476,2024-10-09T17:04:17,2024-10-09,2024,Unknown,0,14.18,Red,oe:team:7c4854374e4daa6b00206eb922359a9,MOUZ NXT,name-team-b5899d7af81d1ef7,AceGaming Spades,oe:player:a04f4a8e24d54ff98fc27a5aa5a0c3c,Afroboi,jng,Nocturne,oe:player:482b141d4b188343467b04cabf7cdbb,Skarner,jng:Nocturne,lineup-94d5b2805c8c75ce,1,1595.00000000,26.58333333,8,3,12,6.66666667,11847.00000000,21255.00000000,165,799.56112853,0.21368662,0.17827039,16,0.60188088,0.57142857,2386.00000000,1081.00000000,11.00000000,0,warmup,,,,,
pg-a529c62b1e5dd6ef,LOLTMNT05_89476,2024-10-09T17:04:17,2024-10-09,2024,Unknown,0,14.18,Red,oe:team:7c4854374e4daa6b00206eb922359a9,MOUZ NXT,name-team-b5899d7af81d1ef7,AceGaming Spades,oe:player:4817eee6e21d12824c37bfbdaf2c325,Kaymin,mid,Orianna,name-player-c04a78abca42b030,LeBlanc,mid:Orianna,lineup-94d5b2805c8c75ce,1,1595.00000000,26.58333333,13,3,17,10.00000000,14322.00000000,35389.00000000,215,1331.24764890,0.25832867,0.29681537,22,0.82758621,0.85714286,1142.00000000,1071.00000000,20.00000000,0,warmup,,,,,
pg-5356d1aedb965e06,LOLTMNT05_89476,2024-10-09T17:04:17,2024-10-09,2024,Unknown,0,14.18,Red,oe:team:7c4854374e4daa6b00206eb922359a9,MOUZ NXT,name-team-b5899d7af81d1ef7,AceGaming Spades,oe:player:c740f85027b40c5b52e03b0233888f2,Nio,sup,Nautilus,oe:player:a5f90f452a0b89150a5694cb324b94d,Alistar,sup:Nautilus,lineup-94d5b2805c8c75ce,1,1595.00000000,26.58333333,1,4,20,5.25000000,7429.00000000,12294.00000000,22,462.47021944,0.13399830,0.10311250,67,2.52037618,0.60000000,621.00000000,1000.00000000,2.00000000,0,warmup,,,,,
pg-9a06f3b3d6a6d286,LOLTMNT05_89476,2024-10-09T17:04:17,2024-10-09,2024,Unknown,0,14.18,Red,oe:team:7c4854374e4daa6b00206eb922359a9,MOUZ NXT,name-team-b5899d7af81d1ef7,AceGaming Spades,oe:player:51777d50bf7bf71ff70b8a32726e40c,Fornoreason,top,Camille,oe:player:0be44816ee64861caafa28454f596a1,Aurora,top:Camille,lineup-94d5b2805c8c75ce,1,1595.00000000,26.58333333,7,6,7,2.33333333,9945.00000000,22307.00000000,136,839.13479624,0.17937988,0.18709374,11,0.41379310,0.40000000,-954.00000000,-588.00000000,-18.00000000,0,warmup,,,,,
pg-2bad0b110fbbc7a6,LOLTMNT02_176927,2024-10-09T17:05:06,2024-10-09,2024,Unknown,0,14.18,Blue,oe:team:aa8c3b781d96ddb7a24ab3240918988,SK Gaming Prime,oe:team:7ce620feffbc833577b805ce32faa31,WeSports,oe:player:ba3d4084a218c919db12a8776d46ed8,Zavee,bot,Kai'Sa,oe:player:99fa5f1f22f7de8c29316bb51ea23e0,Xayah,bot:Kai'Sa,lineup-f58305abcb1d4720,1,1663.00000000,27.71666667,4,1,12,16.00000000,12606.00000000,23213.00000000,264,837.51052315,0.21050698,0.23203950,30,1.08238124,0.50000000,-1162.00000000,-651.00000000,-16.00000000,0,warmup,,,,,
pg-da21719e6e9a2586,LOLTMNT02_176927,2024-10-09T17:05:06,2024-10-09,2024,Unknown,0,14.18,Blue,oe:team:aa8c3b781d96ddb7a24ab3240918988,SK Gaming Prime,oe:team:7ce620feffbc833577b805ce32faa31,WeSports,oe:player:a3659e9d07c9807e77df85548df86fb,Emprez,jng,Jarvan IV,name-player-2d85bbcef17b886f,Sejuani,jng:Jarvan IV,lineup-f58305abcb1d4720,1,1663.00000000,27.71666667,6,3,15,7.00000000,11176.00000000,15974.00000000,158,576.33193025,0.18662748,0.15967773,26,0.93806374,0.65625000,1978.00000000,1062.00000000,15.00000000,0,warmup,,,,,
pg-406bf4db981fc2e8,LOLTMNT02_176927,2024-10-09T17:05:06,2024-10-09,2024,Unknown,0,14.18,Blue,oe:team:aa8c3b781d96ddb7a24ab3240918988,SK Gaming Prime,oe:team:7ce620feffbc833577b805ce32faa31,WeSports,oe:player:758a9b0b73aeb3ed8f73f01edbd61c3,Apollonia,mid,Vex,oe:player:6cb01b90479b4f67db603e6f9591124,Sylas,mid:Vex,lineup-f58305abcb1d4720,1,1663.00000000,27.71666667,7,2,11,9.00000000,12037.00000000,26558.00000000,225,958.19603127,0.20100528,0.26547646,23,0.82982562,0.56250000,547.00000000,1343.00000000,10.00000000,0,warmup,,,,,
pg-a759bfbede873188,LOLTMNT02_176927,2024-10-09T17:05:06,2024-10-09,2024,Unknown,0,14.18,Blue,oe:team:aa8c3b781d96ddb7a24ab3240918988,SK Gaming Prime,oe:team:7ce620feffbc833577b805ce32faa31,WeSports,oe:player:010d6a16efd32515e12371cf630f30e,Lumi,sup,Rakan,oe:player:22a7c67bd0f00882e2a6217d6d72a25,Nautilus,sup:Rakan,lineup-f58305abcb1d4720,1,1663.00000000,27.71666667,0,2,15,7.50000000,7097.00000000,4999.00000000,37,180.36079375,0.11851246,0.04997051,100,3.60793746,0.46875000,-16.00000000,-152.00000000,-4.00000000,0,warmup,,,,,
pg-1b83820940871f5b,LOLTMNT02_176927,2024-10-09T17:05:06,2024-10-09,2024,Unknown,0,14.18,Blue,oe:team:aa8c3b781d96ddb7a24ab3240918988,SK Gaming Prime,oe:team:7ce620feffbc833577b805ce32faa31,WeSports,oe:player:59cbe5a825cd647e4dfc16acfdc6723,Sanah,top,Darius,name-player-a624051aef0cec36,Udyr,top:Darius,lineup-f58305abcb1d4720,1,1663.00000000,27.71666667,15,0,1,16.00000000,16968.00000000,29295.00000000,248,1056.94527962,0.28334781,0.29283579,15,0.54119062,0.50000000,3852.00000000,2619.00000000,42.00000000,0,warmup,,,,,
pg-0fbd5692afac7c89,LOLTMNT02_176927,2024-10-09T17:05:06,2024-10-09,2024,Unknown,0,14.18,Red,oe:team:7ce620feffbc833577b805ce32faa31,WeSports,oe:team:aa8c3b781d96ddb7a24ab3240918988,SK Gaming Prime,oe:player:99fa5f1f22f7de8c29316bb51ea23e0,Limitless,bot,Xayah,oe:player:ba3d4084a218c919db12a8776d46ed8,Kai'Sa,bot:Xayah,lineup-fc8ab18485a7d8f9,0,1663.00000000,27.71666667,5,5,2,1.40000000,13838.00000000,17218.00000000,305,621.21467228,0.30810678,0.39444686,16,0.57726999,0.87500000,1162.00000000,651.00000000,16.00000000,0,warmup,,,,,
pg-b474cd268b4d16a1,LOLTMNT02_176927,2024-10-09T17:05:06,2024-10-09,2024,Unknown,0,14.18,Red,oe:team:7ce620feffbc833577b805ce32faa31,WeSports,oe:team:aa8c3b781d96ddb7a24ab3240918988,SK Gaming Prime,name-player-2d85bbcef17b886f,WES Sunam,jng,Sejuani,oe:player:a3659e9d07c9807e77df85548df86fb,Jarvan IV,jng:Sejuani,lineup-fc8ab18485a7d8f9,0,1663.00000000,27.71666667,1,3,6,2.33333333,8380.00000000,4576.00000000,154,165.09921828,0.18658295,0.10483150,32,1.15453999,0.87500000,-1978.00000000,-1062.00000000,-15.00000000,0,warmup,,,,,
pg-c6d6d5193b9f8e7c,LOLTMNT02_176927,2024-10-09T17:05:06,2024-10-09,2024,Unknown,0,14.18,Red,oe:team:7ce620feffbc833577b805ce32faa31,WeSports,oe:team:aa8c3b781d96ddb7a24ab3240918988,SK Gaming Prime,oe:player:6cb01b90479b4f67db603e6f9591124,Lychee,mid,Sylas,oe:player:758a9b0b73aeb3ed8f73f01edbd61c3,Vex,mid:Sylas,lineup-fc8ab18485a7d8f9,0,1663.00000000,27.71666667,1,9,2,0.33333333,8291.00000000,10344.00000000,187,373.20505111,0.18460134,0.23697052,14,0.50511124,0.37500000,-547.00000000,-1343.00000000,-10.00000000,0,warmup,,,,,
pg-c92b3fda87503042,LOLTMNT02_176927,2024-10-09T17:05:06,2024-10-09,2024,Unknown,0,14.18,Red,oe:team:7ce620feffbc833577b805ce32faa31,WeSports,oe:team:aa8c3b781d96ddb7a24ab3240918988,SK Gaming Prime,oe:player:22a7c67bd0f00882e2a6217d6d72a25,Matinger,sup,Nautilus,oe:player:010d6a16efd32515e12371cf630f30e,Rakan,sup:Nautilus,lineup-fc8ab18485a7d8f9,0,1663.00000000,27.71666667,1,5,6,1.40000000,6356.00000000,4959.00000000,38,178.91761876,0.14151805,0.11360564,73,2.63379435,0.87500000,16.00000000,152.00000000,4.00000000,0,warmup,,,,,
pg-9dfca3c1f56ef75b,LOLTMNT02_176927,2024-10-09T17:05:06,2024-10-09,2024,Unknown,0,14.18,Red,oe:team:7ce620feffbc833577b805ce32faa31,WeSports,oe:team:aa8c3b781d96ddb7a24ab3240918988,SK Gaming Prime,name-player-a624051aef0cec36,WES Psychosis,top,Udyr,oe:player:59cbe5a825cd647e4dfc16acfdc6723,Darius,top:Udyr,lineup-fc8ab18485a7d8f9,0,1663.00000000,27.71666667,0,10,0,0.00000000,8048.00000000,6554.00000000,195,236.46422129,0.17919088,0.15014547,16,0.57726999,0.00000000,-3852.00000000,-2619.00000000,-42.00000000,0,warmup,,,,,
pg-ddea89ac1ccc6efe,LOLTMNT05_89481,2024-10-09T17:43:12,2024-10-09,2024,Unknown,0,14.18,Blue,oe:team:6a060bd74c9041bf0aa89adf9d15d12,Unicorns of Love Sexy Edition,name-team-fcd6aea04154f147,DKB XPERION NXT RAW,oe:player:3a3cf889f1996110ab52915425d60b5,xMatty,bot,Miss Fortune,oe:player:307bc10d48d7b6d1af5fd1dae30b77e,Kai'Sa,bot:Miss Fortune,lineup-003c4b7dcdab2ee4,1,1438.00000000,23.96666667,10,3,11,7.00000000,14410.00000000,27610.00000000,205,1152.01668985,0.26455901,0.31728338,27,1.12656467,0.80769231,1083.00000000,96.00000000,12.00000000,0,warmup,,,,,
pg-3bf89d96cea5555e,LOLTMNT05_89481,2024-10-09T17:43:12,2024-10-09,2024,Unknown,0,14.18,Blue,oe:team:6a060bd74c9041bf0aa89adf9d15d12,Unicorns of Love Sexy Edition,name-team-fcd6aea04154f147,DKB XPERION NXT RAW,oe:player:6fc5fe723eed4ba4c230292be365c66,Lurox,jng,Skarner,oe:player:45cf8adbf60961e7ffec251ac8c90f8,Xin Zhao,jng:Skarner,lineup-003c4b7dcdab2ee4,1,1438.00000000,23.96666667,4,1,15,19.00000000,10063.00000000,11268.00000000,148,470.15299026,0.18475068,0.12948747,32,1.33518776,0.73076923,-384.00000000,438.00000000,18.00000000,0,warmup,,,,,
pg-d9e425b80627815f,LOLTMNT05_89481,2024-10-09T17:43:12,2024-10-09,2024,Unknown,0,14.18,Blue,oe:team:6a060bd74c9041bf0aa89adf9d15d12,Unicorns of Love Sexy Edition,name-team-fcd6aea04154f147,DKB XPERION NXT RAW,oe:player:157108ff2b64591e5703c64dbae3a2e,TolanD,mid,Orianna,oe:player:b8325d5a974eac1dbce808677f1dec4,Karma,mid:Orianna,lineup-003c4b7dcdab2ee4,1,1438.00000000,23.96666667,5,2,10,7.50000000,11316.00000000,24247.00000000,210,1011.69680111,0.20775501,0.27863709,30,1.25173853,0.57692308,575.00000000,632.00000000,22.00000000,0,warmup,,,,,
pg-056ad15e3ebbb3c6,LOLTMNT05_89481,2024-10-09T17:43:12,2024-10-09,2024,Unknown,0,14.18,Blue,oe:team:6a060bd74c9041bf0aa89adf9d15d12,Unicorns of Love Sexy Edition,name-team-fcd6aea04154f147,DKB XPERION NXT RAW,oe:player:973547129a691fb61e886add170ac7a,Piero,sup,Rell,oe:player:7d175e5e531838434b46cce41dfc805,Poppy,sup:Rell,lineup-003c4b7dcdab2ee4,1,1438.00000000,23.96666667,3,5,20,4.60000000,8253.00000000,5248.00000000,26,218.97079277,0.15152016,0.06030798,85,3.54659249,0.88461538,182.00000000,494.00000000,3.00000000,0,warmup,,,,,
pg-51beead4447f0a76,LOLTMNT05_89481,2024-10-09T17:43:12,2024-10-09,2024,Unknown,0,14.18,Blue,oe:team:6a060bd74c9041bf0aa89adf9d15d12,Unicorns of Love Sexy Edition,name-team-fcd6aea04154f147,DKB XPERION NXT RAW,oe:player:11b40dd5fcd01f1fca9496859ccd862,Shelfmade,top,Renekton,oe:player:5aa54e3d3da32bc6cc40212b1a512af,K'Sante,top:Renekton,lineup-003c4b7dcdab2ee4,1,1438.00000000,23.96666667,4,2,8,6.00000000,10426.00000000,18647.00000000,177,778.03894298,0.19141514,0.21428407,22,0.91794159,0.46153846,1570.00000000,1392.00000000,47.00000000,0,warmup,,,,,
pg-b06092597c2b416b,LOLTMNT05_89481,2024-10-09T17:43:12,2024-10-09,2024,Unknown,0,14.18,Red,name-team-fcd6aea04154f147,DKB XPERION NXT RAW,oe:team:6a060bd74c9041bf0aa89adf9d15d12,Unicorns of Love Sexy Edition,oe:player:307bc10d48d7b6d1af5fd1dae30b77e,Miella,bot,Kai'Sa,oe:player:3a3cf889f1996110ab52915425d60b5,Miss Fortune,bot:Kai'Sa,lineup-2225d6daff9ebbd6,0,1438.00000000,23.96666667,8,6,0,1.33333333,12019.00000000,19063.00000000,204,795.39638387,0.29978549,0.29577050,11,0.45897079,0.61538462,-1083.00000000,-96.00000000,-12.00000000,0,warmup,,,,,
pg-0105e414f6acac79,LOLTMNT05_89481,2024-10-09T17:43:12,2024-10-09,2024,Unknown,0,14.18,Red,name-team-fcd6aea04154f147,DKB XPERION NXT RAW,oe:team:6a060bd74c9041bf0aa89adf9d15d12,Unicorns of Love Sexy Edition,oe:player:45cf8adbf60961e7ffec251ac8c90f8,Hummelu,jng,Xin Zhao,oe:player:6fc5fe723eed4ba4c230292be365c66,Skarner,jng:Xin Zhao,lineup-2225d6daff9ebbd6,0,1438.00000000,23.96666667,2,5,9,2.20000000,7786.00000000,10198.00000000,115,425.50764951,0.19420333,0.15822628,25,1.04311544,0.84615385,384.00000000,-438.00000000,-18.00000000,0,warmup,,,,,
pg-424c5371fab18940,LOLTMNT05_89481,2024-10-09T17:43:12,2024-10-09,2024,Unknown,0,14.18,Red,name-team-fcd6aea04154f147,DKB XPERION NXT RAW,oe:team:6a060bd74c9041bf0aa89adf9d15d12,Unicorns of Love Sexy Edition,oe:player:b8325d5a974eac1dbce808677f1dec4,Don Arts,mid,Karma,oe:player:157108ff2b64591e5703c64dbae3a2e,Orianna,mid:Karma,lineup-2225d6daff9ebbd6,0,1438.00000000,23.96666667,2,4,5,1.75000000,7992.00000000,15587.00000000,164,650.36161335,0.19934151,0.24183889,16,0.66759388,0.53846154,-575.00000000,-632.00000000,-22.00000000,0,warmup,,,,,
pg-9ae20519402dc8c9,LOLTMNT05_89481,2024-10-09T17:43:12,2024-10-09,2024,Unknown,0,14.18,Red,name-team-fcd6aea04154f147,DKB XPERION NXT RAW,oe:team:6a060bd74c9041bf0aa89adf9d15d12,Unicorns of Love Sexy Edition,oe:player:7d175e5e531838434b46cce41dfc805,Fabiox,sup,Poppy,oe:player:973547129a691fb61e886add170ac7a,Rell,sup:Poppy,lineup-2225d6daff9ebbd6,0,1438.00000000,23.96666667,1,7,9,1.42857143,6089.00000000,9295.00000000,16,387.83031989,0.15187569,0.14421585,66,2.75382476,0.76923077,-182.00000000,-494.00000000,-3.00000000,0,warmup,,,,,
pg-e88ee10eab970ab4,LOLTMNT05_89481,2024-10-09T17:43:12,2024-10-09,2024,Unknown,0,14.18,Red,name-team-fcd6aea04154f147,DKB XPERION NXT RAW,oe:team:6a060bd74c9041bf0aa89adf9d15d12,Unicorns of Love Sexy Edition,oe:player:5aa54e3d3da32bc6cc40212b1a512af,R4GN4X,top,K'Sante,oe:player:11b40dd5fcd01f1fca9496859ccd862,Renekton,top:K'Sante,lineup-2225d6daff9ebbd6,0,1438.00000000,23.96666667,0,4,3,0.75000000,6206.00000000,10309.00000000,134,430.13908206,0.15479397,0.15994849,19,0.79276773,0.23076923,-1570.00000000,-1392.00000000,-47.00000000,0,warmup,,,,,
pg-02af52ddf7ef0981,LOLTMNT05_89490,2024-10-09T17:51:47,2024-10-09,2024,Unknown,0,14.18,Blue,oe:team:1ed1de7cdce5070e3a31b5db92b6035,eSports Cologne e.V.,oe:team:1d0f5e58f39613aff1a3dd4ed85933e,FC Schalke 04 Esports,oe:player:304b48562aae432519195b02fd3a214,Kasi,bot,Twitch,oe:player:d12b043b44563dd9443919f8637de22,Kai'Sa,bot:Twitch,lineup-d39a29ca7c3b8c5e,0,1371.00000000,22.85000000,3,9,1,0.44444444,8387.00000000,13030.00000000,160,570.24070022,0.22904662,0.29702068,9,0.39387309,0.40000000,-1447.00000000,-1959.00000000,-25.00000000,0,warmup,,,,,
pg-1c7f4146306162bd,LOLTMNT05_89490,2024-10-09T17:51:47,2024-10-09,2024,Unknown,0,14.18,Blue,oe:team:1ed1de7cdce5070e3a31b5db92b6035,eSports Cologne e.V.,oe:team:1d0f5e58f39613aff1a3dd4ed85933e,FC Schalke 04 Esports,oe:player:771b79f3c7a45f5877016d050f12b81,F1VTY,jng,Vi,oe:player:702efc23873d774e479682ef680d911,Wukong,jng:Vi,lineup-d39a29ca7c3b8c5e,0,1371.00000000,22.85000000,1,9,2,0.33333333,6440.00000000,6784.00000000,102,296.89277899,0.17587459,0.15464223,16,0.70021882,0.30000000,-2661.00000000,-1869.00000000,-46.00000000,0,warmup,,,,,
pg-4fa26eb418fbe0f4,LOLTMNT05_89490,2024-10-09T17:51:47,2024-10-09,2024,Unknown,0,14.18,Blue,oe:team:1ed1de7cdce5070e3a31b5db92b6035,eSports Cologne e.V.,oe:team:1d0f5e58f39613aff1a3dd4ed85933e,FC Schalke 04 Esports,oe:player:0a759ccee56f7553c9719e0011244dd,On3Sh0t,mid,LeBlanc,oe:player:58d68cedf0a0b1b3d7d9646f5f9e8d3,Smolder,mid:LeBlanc,lineup-d39a29ca7c3b8c5e,0,1371.00000000,22.85000000,2,2,0,1.00000000,8008.00000000,11237.00000000,174,491.77242888,0.21869623,0.25614899,14,0.61269147,0.20000000,-138.00000000,770.00000000,-8.00000000,0,warmup,,,,,
pg-484ec9c682d20252,LOLTMNT05_89490,2024-10-09T17:51:47,2024-10-09,2024,Unknown,0,14.18,Blue,oe:team:1ed1de7cdce5070e3a31b5db92b6035,eSports Cologne e.V.,oe:team:1d0f5e58f39613aff1a3dd4ed85933e,FC Schalke 04 Esports,oe:player:a7eeda89dab95c659a987fdb3952792,Kolios,sup,Leona,oe:player:ae20b1872a922cdc5b8707fbe66c4f0,Rell,sup:Leona,lineup-d39a29ca7c3b8c5e,0,1371.00000000,22.85000000,0,9,2,0.22222222,5024.00000000,3349.00000000,25,146.56455142,0.13720403,0.07634092,62,2.71334792,0.20000000,-1662.00000000,-674.00000000,-3.00000000,0,warmup,,,,,
pg-1966d82dae7b7e09,LOLTMNT05_89490,2024-10-09T17:51:47,2024-10-09,2024,Unknown,0,14.18,Blue,oe:team:1ed1de7cdce5070e3a31b5db92b6035,eSports Cologne e.V.,oe:team:1d0f5e58f39613aff1a3dd4ed85933e,FC Schalke 04 Esports,oe:player:1d5a567298105307cd8fc16c22e1d78,Kayleqlated,top,Udyr,oe:player:1f8b2df4c6ee43a1c1dc29817c0a201,Rumble,top:Udyr,lineup-d39a29ca7c3b8c5e,0,1371.00000000,22.85000000,4,5,0,0.80000000,8758.00000000,9469.00000000,168,414.39824945,0.23917852,0.21584718,14,0.61269147,0.40000000,-1268.00000000,64.00000000,-7.00000000,0,warmup,,,,,
pg-d8d821116a779f9f,LOLTMNT05_89490,2024-10-09T17:51:47,2024-10-09,2024,Unknown,0,14.18,Red,oe:team:1d0f5e58f39613aff1a3dd4ed85933e,FC Schalke 04 Esports,oe:team:1ed1de7cdce5070e3a31b5db92b6035,eSports Cologne e.V.,oe:player:d12b043b44563dd9443919f8637de22,Peco,bot,Kai'Sa,oe:player:304b48562aae432519195b02fd3a214,Twitch,bot:Kai'Sa,lineup-67e3c4b343d8cf0b,1,1371.00000000,22.85000000,11,3,12,7.66666667,12097.00000000,25591.00000000,200,1119.95623632,0.22615019,0.35354987,14,0.61269147,0.67647059,1447.00000000,1959.00000000,25.00000000,0,warmup,,,,,
pg-590506c4b08e44a3,LOLTMNT05_89490,2024-10-09T17:51:47,2024-10-09,2024,Unknown,0,14.18,Red,oe:team:1d0f5e58f39613aff1a3dd4ed85933e,FC Schalke 04 Esports,oe:team:1ed1de7cdce5070e3a31b5db92b6035,eSports Cologne e.V.,oe:player:702efc23873d774e479682ef680d911,Cboi,jng,Wukong,oe:player:771b79f3c7a45f5877016d050f12b81,Vi,jng:Wukong,lineup-67e3c4b343d8cf0b,1,1371.00000000,22.85000000,10,1,10,20.00000000,12438.00000000,16758.00000000,172,733.39168490,0.23252510,0.23151845,22,0.96280088,0.58823529,2661.00000000,1869.00000000,46.00000000,0,warmup,,,,,
pg-3967740df0c09573,LOLTMNT05_89490,2024-10-09T17:51:47,2024-10-09,2024,Unknown,0,14.18,Red,oe:team:1d0f5e58f39613aff1a3dd4ed85933e,FC Schalke 04 Esports,oe:team:1ed1de7cdce5070e3a31b5db92b6035,eSports Cologne e.V.,oe:player:58d68cedf0a0b1b3d7d9646f5f9e8d3,Simpli,mid,Smolder,oe:player:0a759ccee56f7553c9719e0011244dd,LeBlanc,mid:Smolder,lineup-67e3c4b343d8cf0b,1,1371.00000000,22.85000000,0,2,10,5.00000000,9175.00000000,10669.00000000,195,466.91466083,0.17152418,0.14739649,9,0.39387309,0.29411765,138.00000000,-770.00000000,8.00000000,0,warmup,,,,,
pg-36d658b0eb1b7632,LOLTMNT05_89490,2024-10-09T17:51:47,2024-10-09,2024,Unknown,0,14.18,Red,oe:team:1d0f5e58f39613aff1a3dd4ed85933e,FC Schalke 04 Esports,oe:team:1ed1de7cdce5070e3a31b5db92b6035,eSports Cologne e.V.,oe:player:ae20b1872a922cdc5b8707fbe66c4f0,Twiizt,sup,Rell,oe:player:a7eeda89dab95c659a987fdb3952792,Leona,sup:Rell,lineup-67e3c4b343d8cf0b,1,1371.00000000,22.85000000,3,2,21,12.00000000,7635.00000000,4189.00000000,24,183.32603939,0.14273429,0.05787270,74,3.23851204,0.70588235,1662.00000000,674.00000000,3.00000000,0,warmup,,,,,
pg-b3ad0cb81abbefda,LOLTMNT05_89490,2024-10-09T17:51:47,2024-10-09,2024,Unknown,0,14.18,Red,oe:team:1d0f5e58f39613aff1a3dd4ed85933e,FC Schalke 04 Esports,oe:team:1ed1de7cdce5070e3a31b5db92b6035,eSports Cologne e.V.,oe:player:1f8b2df4c6ee43a1c1dc29817c0a201,Sacre,top,Rumble,oe:player:1d5a567298105307cd8fc16c22e1d78,Udyr,top:Rumble,lineup-67e3c4b343d8cf0b,1,1371.00000000,22.85000000,10,3,4,4.66666667,12146.00000000,15176.00000000,182,664.15754923,0.22706624,0.20966249,14,0.61269147,0.41176471,1268.00000000,-64.00000000,7.00000000,0,warmup,,,,,
pg-d859762d24f5e6d0,LOLTMNT05_89486,2024-10-09T17:53:11,2024-10-09,2024,Unknown,0,14.18,Blue,oe:team:2ae1a4c6fe17bf70dd4b5520d60f55b,NNO Prime,oe:team:48199c3e87ac9d14cdf50169f8eaabc,Eintracht Frankfurt,oe:player:90704735ca9fc01f2244f23f6e5d635,Shiganari,bot,Ezreal,oe:player:f0523a8a7089a6b90c4c1606ebd9605,Jhin,bot:Ezreal,lineup-12e790c5321078fe,1,2214.00000000,36.90000000,6,6,14,3.33333333,15525.00000000,39904.00000000,279,1081.40921409,0.21088306,0.26557696,23,0.62330623,0.57142857,-148.00000000,359.00000000,12.00000000,0,warmup,,,,,
pg-b46804a635348891,LOLTMNT05_89486,2024-10-09T17:53:11,2024-10-09,2024,Unknown,0,14.18,Blue,oe:team:2ae1a4c6fe17bf70dd4b5520d60f55b,NNO Prime,oe:team:48199c3e87ac9d14cdf50169f8eaabc,Eintracht Frankfurt,oe:player:e041923a70bcde3b24d608958f8edc8,Shlatan,jng,Vi,oe:player:b0a4ae62486ca215c199e72698738b7,Maokai,jng:Vi,lineup-12e790c5321078fe,1,2214.00000000,36.90000000,12,5,14,5.20000000,15913.00000000,24742.00000000,195,670.51490515,0.21615344,0.16466783,42,1.13821138,0.74285714,936.00000000,583.00000000,-2.00000000,0,warmup,,,,,
pg-c4455acc7a86795a,LOLTMNT05_89486,2024-10-09T17:53:11,2024-10-09,2024,Unknown,0,14.18,Blue,oe:team:2ae1a4c6fe17bf70dd4b5520d60f55b,NNO Prime,oe:team:48199c3e87ac9d14cdf50169f8eaabc,Eintracht Frankfurt,oe:player:e3b8d5a9290fe0c7458dc01db4dc9dc,Serin,mid,Sylas,oe:player:eb26eb96a04224878fb492a5a8cefa8,Syndra,mid:Sylas,lineup-12e790c5321078fe,1,2214.00000000,36.90000000,10,3,14,8.00000000,18359.00000000,42022.00000000,307,1138.80758808,0.24937856,0.27967309,30,0.81300813,0.68571429,1177.00000000,431.00000000,10.00000000,0,warmup,,,,,
pg-b7bfddace103fa5b,LOLTMNT05_89486,2024-10-09T17:53:11,2024-10-09,2024,Unknown,0,14.18,Blue,oe:team:2ae1a4c6fe17bf70dd4b5520d60f55b,NNO Prime,oe:team:48199c3e87ac9d14cdf50169f8eaabc,Eintracht Frankfurt,oe:player:35650a63e482edbdb82b6950955e052,Lucky,sup,Leona,oe:player:64ecd619b953ca23acb0546a472c483,Rell,sup:Leona,lineup-12e790c5321078fe,1,2214.00000000,36.90000000,3,4,22,6.25000000,10051.00000000,11425.00000000,42,309.62059621,0.13652726,0.07603791,129,3.49593496,0.71428571,290.00000000,-108.00000000,10.00000000,0,warmup,,,,,
pg-c56c059b3b48aca3,LOLTMNT05_89486,2024-10-09T17:53:11,2024-10-09,2024,Unknown,0,14.18,Blue,oe:team:2ae1a4c6fe17bf70dd4b5520d60f55b,NNO Prime,oe:team:48199c3e87ac9d14cdf50169f8eaabc,Eintracht Frankfurt,oe:player:1d17186c66b693755087b8af8d0c611,Scarface,top,Jax,oe:player:5be118a1aa52664e1dff15ff96c1e67,Renekton,top:Jax,lineup-12e790c5321078fe,1,2214.00000000,36.90000000,4,5,10,2.80000000,13771.00000000,32161.00000000,263,871.57181572,0.18705769,0.21404422,37,1.00271003,0.40000000,-415.00000000,728.00000000,-12.00000000,0,warmup,,,,,
pg-9918ba3ff6c96d51,LOLTMNT05_89486,2024-10-09T17:53:11,2024-10-09,2024,Unknown,0,14.18,Red,oe:team:48199c3e87ac9d14cdf50169f8eaabc,Eintracht Frankfurt,oe:team:2ae1a4c6fe17bf70dd4b5520d60f55b,NNO Prime,oe:player:f0523a8a7089a6b90c4c1606ebd9605,DizL,bot,Jhin,oe:player:90704735ca9fc01f2244f23f6e5d635,Ezreal,bot:Jhin,lineup-9fa2c882d9da2bcd,0,2214.00000000,36.90000000,11,5,7,3.60000000,16248.00000000,44922.00000000,264,1217.39837398,0.24668266,0.29220792,34,0.92140921,0.78260870,148.00000000,-359.00000000,-12.00000000,0,warmup,,,,,
pg-a17da0105de55ae4,LOLTMNT05_89486,2024-10-09T17:53:11,2024-10-09,2024,Unknown,0,14.18,Red,oe:team:48199c3e87ac9d14cdf50169f8eaabc,Eintracht Frankfurt,oe:team:2ae1a4c6fe17bf70dd4b5520d60f55b,NNO Prime,oe:player:b0a4ae62486ca215c199e72698738b7,Pabu,jng,Maokai,oe:player:e041923a70bcde3b24d608958f8edc8,Vi,jng:Maokai,lineup-9fa2c882d9da2bcd,0,2214.00000000,36.90000000,1,9,11,1.33333333,10165.00000000,17539.00000000,153,475.31165312,0.15432849,0.11408741,65,1.76151762,0.52173913,-936.00000000,-583.00000000,2.00000000,0,warmup,,,,,
pg-c55f2a69843ee7b3,LOLTMNT05_89486,2024-10-09T17:53:11,2024-10-09,2024,Unknown,0,14.18,Red,oe:team:48199c3e87ac9d14cdf50169f8eaabc,Eintracht Frankfurt,oe:team:2ae1a4c6fe17bf70dd4b5520d60f55b,NNO Prime,oe:player:eb26eb96a04224878fb492a5a8cefa8,ZaZee,mid,Syndra,oe:player:e3b8d5a9290fe0c7458dc01db4dc9dc,Sylas,mid:Syndra,lineup-9fa2c882d9da2bcd,0,2214.00000000,36.90000000,9,4,6,3.75000000,15895.00000000,39094.00000000,278,1059.45799458,0.24132329,0.25429804,23,0.62330623,0.65217391,-1177.00000000,-431.00000000,-10.00000000,0,warmup,,,,,
pg-a8cf9bfbf27d6d6d,LOLTMNT05_89486,2024-10-09T17:53:11,2024-10-09,2024,Unknown,0,14.18,Red,oe:team:48199c3e87ac9d14cdf50169f8eaabc,Eintracht Frankfurt,oe:team:2ae1a4c6fe17bf70dd4b5520d60f55b,NNO Prime,oe:player:64ecd619b953ca23acb0546a472c483,Tore,sup,Rell,oe:player:35650a63e482edbdb82b6950955e052,Leona,sup:Rell,lineup-9fa2c882d9da2bcd,0,2214.00000000,36.90000000,0,9,18,2.00000000,8896.00000000,13020.00000000,29,352.84552846,0.13506210,0.08469229,126,3.41463415,0.78260870,-290.00000000,108.00000000,-10.00000000,0,warmup,,,,,
pg-f7f8961e013774e7,LOLTMNT05_89486,2024-10-09T17:53:11,2024-10-09,2024,Unknown,0,14.18,Red,oe:team:48199c3e87ac9d14cdf50169f8eaabc,Eintracht Frankfurt,oe:team:2ae1a4c6fe17bf70dd4b5520d60f55b,NNO Prime,oe:player:5be118a1aa52664e1dff15ff96c1e67,Agresivoo,top,Renekton,oe:player:1d17186c66b693755087b8af8d0c611,Jax,top:Renekton,lineup-9fa2c882d9da2bcd,0,2214.00000000,36.90000000,2,8,6,1.00000000,14662.00000000,39158.00000000,292,1061.19241192,0.22260347,0.25471434,36,0.97560976,0.34782609,415.00000000,-728.00000000,12.00000000,0,warmup,,,,,
pg-a819a6e050081c34,LOLTMNT02_177288,2024-10-09T17:55:39,2024-10-09,2024,Unknown,0,14.18,Blue,oe:team:6aac0384f6e7dccbfa6079a80a7699b,Direct Rising eSports,oe:team:423471551f6ba1b127ed1c884aaa67a,regnum4games,name-player-722f6cc9a6136c89,DR Heat1,bot,Ezreal,oe:player:dbcf00ee0e5f12c51952d7689cc1366,Kalista,bot:Ezreal,lineup-3ce8613501f9bfd8,0,1319.00000000,21.98333333,0,4,5,1.25000000,7243.00000000,9320.00000000,157,423.95754359,0.20260140,0.17443384,8,0.36391205,0.55555556,-1348.00000000,-1505.00000000,-30.00000000,0,warmup,,,,,
pg-22e8855d45816e51,LOLTMNT02_177288,2024-10-09T17:55:39,2024-10-09,2024,Unknown,0,14.18,Blue,oe:team:6aac0384f6e7dccbfa6079a80a7699b,Direct Rising eSports,oe:team:423471551f6ba1b127ed1c884aaa67a,regnum4games,name-player-792f698d9cfc2faa,DR Stefwhynot,jng,Jarvan IV,oe:player:d267ada2593780f4b32830a0d68c378,Volibear,jng:Jarvan IV,lineup-3ce8613501f9bfd8,0,1319.00000000,21.98333333,1,3,7,2.66666667,6957.00000000,8710.00000000,122,396.20924943,0.19460140,0.16301703,11,0.50037908,0.88888889,-553.00000000,-311.00000000,-7.00000000,0,warmup,,,,,
pg-545d90448e27798d,LOLTMNT02_177288,2024-10-09T17:55:39,2024-10-09,2024,Unknown,0,14.18,Blue,oe:team:6aac0384f6e7dccbfa6079a80a7699b,Direct Rising eSports,oe:team:423471551f6ba1b127ed1c884aaa67a,regnum4games,name-player-48fc84c448be31d4,DR WildWolf,mid,Vel'Koz,oe:player:b6e48b3f25c34b7326992303b80b46a,Yone,mid:Vel'Koz,lineup-3ce8613501f9bfd8,0,1319.00000000,21.98333333,7,5,0,1.40000000,9662.00000000,22281.00000000,157,1013.54056103,0.27026573,0.41701291,19,0.86429113,0.77777778,647.00000000,-134.00000000,-3.00000000,0,warmup,,,,,
pg-5a698c84c65b182a,LOLTMNT02_177288,2024-10-09T17:55:39,2024-10-09,2024,Unknown,0,14.18,Blue,oe:team:6aac0384f6e7dccbfa6079a80a7699b,Direct Rising eSports,oe:team:423471551f6ba1b127ed1c884aaa67a,regnum4games,name-player-18c3a950e3ec09c2,DR Schlaf gut,sup,Thresh,oe:player:a6345ed4722279338a3de46e175e32e,Amumu,sup:Thresh,lineup-3ce8613501f9bfd8,0,1319.00000000,21.98333333,1,4,7,2.00000000,5524.00000000,5169.00000000,22,235.13267627,0.15451748,0.09674340,60,2.72934041,0.88888889,271.00000000,949.00000000,2.00000000,0,warmup,,,,,
pg-2667553ca9911cbe,LOLTMNT02_177288,2024-10-09T17:55:39,2024-10-09,2024,Unknown,0,14.18,Blue,oe:team:6aac0384f6e7dccbfa6079a80a7699b,Direct Rising eSports,oe:team:423471551f6ba1b127ed1c884aaa67a,regnum4games,name-player-42a775ec72a8240c,DR Gego,top,Ornn,oe:player:24bb48091f3f1bb7302ac7f785f9d6d,K'Sante,top:Ornn,lineup-3ce8613501f9bfd8,0,1319.00000000,21.98333333,0,6,1,0.16666667,6364.00000000,7950.00000000,132,361.63760425,0.17801399,0.14879281,7,0.31842305,0.11111111,-3043.00000000,-2771.00000000,-56.00000000,0,warmup,,,,,
pg-6f121abbbe7b53cd,LOLTMNT02_177288,2024-10-09T17:55:39,2024-10-09,2024,Unknown,0,14.18,Red,oe:team:423471551f6ba1b127ed1c884aaa67a,regnum4games,oe:team:6aac0384f6e7dccbfa6079a80a7699b,Direct Rising eSports,oe:player:dbcf00ee0e5f12c51952d7689cc1366,Relentless,bot,Kalista,name-player-722f6cc9a6136c89,Ezreal,bot:Kalista,lineup-cd8beb8f9e8f2b6c,1,1319.00000000,21.98333333,5,0,6,11.00000000,10250.00000000,13720.00000000,170,624.10917362,0.21349274,0.21640379,16,0.72782411,0.50000000,1348.00000000,1505.00000000,30.00000000,0,warmup,,,,,
pg-900e748eb3e54303,LOLTMNT02_177288,2024-10-09T17:55:39,2024-10-09,2024,Unknown,0,14.18,Red,oe:team:423471551f6ba1b127ed1c884aaa67a,regnum4games,oe:team:6aac0384f6e7dccbfa6079a80a7699b,Direct Rising eSports,oe:player:d267ada2593780f4b32830a0d68c378,Fishue,jng,Volibear,name-player-792f698d9cfc2faa,Jarvan IV,jng:Volibear,lineup-cd8beb8f9e8f2b6c,1,1319.00000000,21.98333333,5,1,7,12.00000000,9874.00000000,7401.00000000,135,336.66413950,0.20566120,0.11673502,16,0.72782411,0.54545455,553.00000000,311.00000000,7.00000000,0,warmup,,,,,
pg-5314d65da36db90a,LOLTMNT02_177288,2024-10-09T17:55:39,2024-10-09,2024,Unknown,0,14.18,Red,oe:team:423471551f6ba1b127ed1c884aaa67a,regnum4games,oe:team:6aac0384f6e7dccbfa6079a80a7699b,Direct Rising eSports,oe:player:b6e48b3f25c34b7326992303b80b46a,Jonny227,mid,Yone,name-player-48fc84c448be31d4,Vel'Koz,mid:Yone,lineup-cd8beb8f9e8f2b6c,1,1319.00000000,21.98333333,7,3,6,4.33333333,10792.00000000,21001.00000000,175,955.31463230,0.22478182,0.33124606,16,0.72782411,0.59090909,-647.00000000,134.00000000,3.00000000,0,warmup,,,,,
pg-09c8591129a85caf,LOLTMNT02_177288,2024-10-09T17:55:39,2024-10-09,2024,Unknown,0,14.18,Red,oe:team:423471551f6ba1b127ed1c884aaa67a,regnum4games,oe:team:6aac0384f6e7dccbfa6079a80a7699b,Direct Rising eSports,oe:player:a6345ed4722279338a3de46e175e32e,malteshadow,sup,Amumu,name-player-18c3a950e3ec09c2,Thresh,sup:Amumu,lineup-cd8beb8f9e8f2b6c,1,1319.00000000,21.98333333,1,4,8,2.25000000,5932.00000000,3746.00000000,16,170.40181956,0.12355502,0.05908517,43,1.95602729,0.40909091,-271.00000000,-949.00000000,-2.00000000,0,warmup,,,,,
pg-333ff6ef11255beb,LOLTMNT02_177288,2024-10-09T17:55:39,2024-10-09,2024,Unknown,0,14.18,Red,oe:team:423471551f6ba1b127ed1c884aaa67a,regnum4games,oe:team:6aac0384f6e7dccbfa6079a80a7699b,Direct Rising eSports,oe:player:24bb48091f3f1bb7302ac7f785f9d6d,FengDere,top,K'Sante,name-player-42a775ec72a8240c,Ornn,top:K'Sante,lineup-cd8beb8f9e8f2b6c,1,1319.00000000,21.98333333,4,1,9,13.00000000,11163.00000000,17532.00000000,172,797.51326763,0.23250922,0.27652997,7,0.31842305,0.59090909,3043.00000000,2771.00000000,56.00000000,0,warmup,,,,,
pg-db118ba9013bf636,LOLTMNT05_89495,2024-10-09T18:33:00,2024-10-09,2024,Unknown,0,14.18,Blue,name-team-a8a1420921688a1b,Frontier x Veni,oe:team:6a060bd74c9041bf0aa89adf9d15d12,Unicorns of Love Sexy Edition,oe:player:1af2bedc4f0d54942edcce745cb3344,Henry Snow,bot,Ashe,oe:player:3a3cf889f1996110ab52915425d60b5,Jhin,bot:Ashe,lineup-e3da1e54a7ea4697,0,1468.00000000,24.46666667,2,4,1,0.75000000,8887.00000000,7929.00000000,197,324.07356948,0.20820936,0.17186890,13,0.53133515,0.25000000,-522.00000000,375.00000000,-6.00000000,0,warmup,,,,,
pg-1ee90e7f6b781873,LOLTMNT05_89495,2024-10-09T18:33:00,2024-10-09,2024,Unknown,0,14.18,Blue,name-team-a8a1420921688a1b,Frontier x Veni,oe:team:6a060bd74c9041bf0aa89adf9d15d12,Unicorns of Love Sexy Edition,oe:player:077c8e531f00e3df16e2318b49f5f39,Spy,jng,Wukong,oe:player:6fc5fe723eed4ba4c230292be365c66,Jarvan IV,jng:Wukong,lineup-e3da1e54a7ea4697,0,1468.00000000,24.46666667,4,2,0,2.00000000,9339.00000000,7329.00000000,147,299.55040872,0.21879905,0.15886331,16,0.65395095,0.33333333,396.00000000,-44.00000000,2.00000000,0,warmup,,,,,
pg-1ed250b92bc41e11,LOLTMNT05_89495,2024-10-09T18:33:00,2024-10-09,2024,Unknown,0,14.18,Blue,name-team-a8a1420921688a1b,Frontier x Veni,oe:team:6a060bd74c9041bf0aa89adf9d15d12,Unicorns of Love Sexy Edition,oe:player:8bcb106e4ab51f90f4143c16f170c42,Poro,mid,Hwei,oe:player:157108ff2b64591e5703c64dbae3a2e,Ahri,mid:Hwei,lineup-e3da1e54a7ea4697,0,1468.00000000,24.46666667,1,5,1,0.40000000,8453.00000000,14748.00000000,193,602.77929155,0.19804137,0.31967746,18,0.73569482,0.16666667,-1094.00000000,-72.00000000,-9.00000000,0,warmup,,,,,
pg-482a87fcdc44a851,LOLTMNT05_89495,2024-10-09T18:33:00,2024-10-09,2024,Unknown,0,14.18,Blue,name-team-a8a1420921688a1b,Frontier x Veni,oe:team:6a060bd74c9041bf0aa89adf9d15d12,Unicorns of Love Sexy Edition,name-player-6a98173ab96a7321,FXV ichdeutsch,sup,Leona,oe:player:973547129a691fb61e886add170ac7a,Poppy,sup:Leona,lineup-e3da1e54a7ea4697,0,1468.00000000,24.46666667,1,4,1,0.50000000,5958.00000000,2406.00000000,29,98.33787466,0.13958719,0.05215243,71,2.90190736,0.16666667,-836.00000000,-394.00000000,4.00000000,0,warmup,,,,,
pg-3b595d164c398b60,LOLTMNT05_89495,2024-10-09T18:33:00,2024-10-09,2024,Unknown,0,14.18,Blue,name-team-a8a1420921688a1b,Frontier x Veni,oe:team:6a060bd74c9041bf0aa89adf9d15d12,Unicorns of Love Sexy Edition,name-player-7d0ca39eae2973c0,FXV Jordaen,top,Gwen,oe:player:11b40dd5fcd01f1fca9496859ccd862,Olaf,top:Gwen,lineup-e3da1e54a7ea4697,0,1468.00000000,24.46666667,4,8,1,0.62500000,10046.00000000,13722.00000000,147,560.84468665,0.23536303,0.29743790,11,0.44959128,0.41666667,-2322.00000000,-2307.00000000,-62.00000000,0,warmup,,,,,
pg-ebad0574dc72afe8,LOLTMNT05_89495,2024-10-09T18:33:00,2024-10-09,2024,Unknown,0,14.18,Red,oe:team:6a060bd74c9041bf0aa89adf9d15d12,Unicorns of Love Sexy Edition,name-team-a8a1420921688a1b,Frontier x Veni,oe:player:3a3cf889f1996110ab52915425d60b5,xMatty,bot,Jhin,oe:player:1af2bedc4f0d54942edcce745cb3344,Ashe,bot:Jhin,lineup-003c4b7dcdab2ee4,1,1468.00000000,24.46666667,6,2,6,6.00000000,11888.00000000,13063.00000000,213,533.91008174,0.22206448,0.20253027,12,0.49046322,0.52173913,522.00000000,-375.00000000,6.00000000,0,warmup,,,,,
pg-a6b3c1c2c6cbf70f,LOLTMNT05_89495,2024-10-09T18:33:00,2024-10-09,2024,Unknown,0,14.18,Red,oe:team:6a060bd74c9041bf0aa89adf9d15d12,Unicorns of Love Sexy Edition,name-team-a8a1420921688a1b,Frontier x Veni,oe:player:6fc5fe723eed4ba4c230292be365c66,Lurox,jng,Jarvan IV,oe:player:077c8e531f00e3df16e2318b49f5f39,Wukong,jng:Jarvan IV,lineup-003c4b7dcdab2ee4,1,1468.00000000,24.46666667,6,2,10,8.00000000,11160.00000000,14506.00000000,180,592.88828338,0.20846565,0.22490271,25,1.02179837,0.69565217,-396.00000000,44.00000000,-2.00000000,0,warmup,,,,,
pg-8b52a6e6ed09eaa6,LOLTMNT05_89495,2024-10-09T18:33:00,2024-10-09,2024,Unknown,0,14.18,Red,oe:team:6a060bd74c9041bf0aa89adf9d15d12,Unicorns of Love Sexy Edition,name-team-a8a1420921688a1b,Frontier x Veni,oe:player:157108ff2b64591e5703c64dbae3a2e,TolanD,mid,Ahri,oe:player:8bcb106e4ab51f90f4143c16f170c42,Hwei,mid:Ahri,lineup-003c4b7dcdab2ee4,1,1468.00000000,24.46666667,4,2,8,6.00000000,11514.00000000,13455.00000000,209,549.93188011,0.21507827,0.20860789,36,1.47138965,0.52173913,1094.00000000,72.00000000,9.00000000,0,warmup,,,,,
pg-bde4811d024520d6,LOLTMNT05_89495,2024-10-09T18:33:00,2024-10-09,2024,Unknown,0,14.18,Red,oe:team:6a060bd74c9041bf0aa89adf9d15d12,Unicorns of Love Sexy Edition,name-team-a8a1420921688a1b,Frontier x Veni,oe:player:973547129a691fb61e886add170ac7a,Piero,sup,Poppy,name-player-6a98173ab96a7321,Leona,sup:Poppy,lineup-003c4b7dcdab2ee4,1,1468.00000000,24.46666667,2,1,15,17.00000000,8064.00000000,6044.00000000,23,247.02997275,0.15063324,0.09370688,71,2.90190736,0.73913043,836.00000000,394.00000000,-4.00000000,0,warmup,,,,,
pg-c137ab44d12febc8,LOLTMNT05_89495,2024-10-09T18:33:00,2024-10-09,2024,Unknown,0,14.18,Red,oe:team:6a060bd74c9041bf0aa89adf9d15d12,Unicorns of Love Sexy Edition,name-team-a8a1420921688a1b,Frontier x Veni,oe:player:11b40dd5fcd01f1fca9496859ccd862,Shelfmade,top,Olaf,name-player-7d0ca39eae2973c0,Gwen,top:Olaf,lineup-003c4b7dcdab2ee4,1,1468.00000000,24.46666667,5,7,4,1.28571429,10908.00000000,17431.00000000,184,712.43869210,0.20375836,0.27025225,22,0.89918256,0.39130435,2322.00000000,2307.00000000,62.00000000,0,warmup,,,,,
pg-89426d4b16926f56,LOLTMNT02_177309,2024-10-09T18:39:58,2024-10-09,2024,Unknown,0,14.18,Blue,oe:team:7ce620feffbc833577b805ce32faa31,WeSports,oe:team:6aac0384f6e7dccbfa6079a80a7699b,Direct Rising eSports,oe:player:99fa5f1f22f7de8c29316bb51ea23e0,Limitless,bot,Kai'Sa,name-player-722f6cc9a6136c89,Vayne,bot:Kai'Sa,lineup-fc8ab18485a7d8f9,1,1425.00000000,23.75000000,8,1,5,13.00000000,12403.00000000,15270.00000000,203,642.94736842,0.24348253,0.19188962,16,0.67368421,0.65000000,1966.00000000,1179.00000000,27.00000000,0,warmup,,,,,
pg-5ab4cbf8a080cd56,LOLTMNT02_177309,2024-10-09T18:39:58,2024-10-09,2024,Unknown,0,14.18,Blue,oe:team:7ce620feffbc833577b805ce32faa31,WeSports,oe:team:6aac0384f6e7dccbfa6079a80a7699b,Direct Rising eSports,name-player-2d85bbcef17b886f,WES Sunam,jng,Skarner,name-player-792f698d9cfc2faa,Vi,jng:Skarner,lineup-fc8ab18485a7d8f9,1,1425.00000000,23.75000000,2,0,6,8.00000000,9692.00000000,8390.00000000,169,353.26315789,0.19026305,0.10543247,39,1.64210526,0.40000000,1271.00000000,2164.00000000,47.00000000,0,warmup,,,,,
pg-202c8dacdc1a1719,LOLTMNT02_177309,2024-10-09T18:39:58,2024-10-09,2024,Unknown,0,14.18,Blue,oe:team:7ce620feffbc833577b805ce32faa31,WeSports,oe:team:6aac0384f6e7dccbfa6079a80a7699b,Direct Rising eSports,oe:player:6cb01b90479b4f67db603e6f9591124,Lychee,mid,Yone,name-player-48fc84c448be31d4,Hwei,mid:Yone,lineup-fc8ab18485a7d8f9,1,1425.00000000,23.75000000,6,3,7,4.33333333,12004.00000000,24456.00000000,206,1029.72631579,0.23564978,0.30732498,9,0.37894737,0.65000000,1213.00000000,-349.00000000,11.00000000,0,warmup,,,,,
pg-c8b0243e707f2381,LOLTMNT02_177309,2024-10-09T18:39:58,2024-10-09,2024,Unknown,0,14.18,Blue,oe:team:7ce620feffbc833577b805ce32faa31,WeSports,oe:team:6aac0384f6e7dccbfa6079a80a7699b,Direct Rising eSports,oe:player:22a7c67bd0f00882e2a6217d6d72a25,Matinger,sup,Poppy,name-player-18c3a950e3ec09c2,Nami,sup:Poppy,lineup-fc8ab18485a7d8f9,1,1425.00000000,23.75000000,2,2,6,4.00000000,7269.00000000,7420.00000000,31,312.42105263,0.14269729,0.09324302,88,3.70526316,0.40000000,729.00000000,222.00000000,3.00000000,0,warmup,,,,,
pg-9c7935ac84a179cb,LOLTMNT02_177309,2024-10-09T18:39:58,2024-10-09,2024,Unknown,0,14.18,Blue,oe:team:7ce620feffbc833577b805ce32faa31,WeSports,oe:team:6aac0384f6e7dccbfa6079a80a7699b,Direct Rising eSports,name-player-a624051aef0cec36,WES Psychosis,top,Aurora,name-player-42a775ec72a8240c,Ornn,top:Aurora,lineup-fc8ab18485a7d8f9,1,1425.00000000,23.75000000,2,3,6,2.66666667,9572.00000000,24041.00000000,173,1012.25263158,0.18790734,0.30210991,14,0.58947368,0.40000000,1923.00000000,936.00000000,40.00000000,0,warmup,,,,,
pg-872959d67f0f8b03,LOLTMNT02_177309,2024-10-09T18:39:58,2024-10-09,2024,Unknown,0,14.18,Red,oe:team:6aac0384f6e7dccbfa6079a80a7699b,Direct Rising eSports,oe:team:7ce620feffbc833577b805ce32faa31,WeSports,name-player-722f6cc9a6136c89,DR Heat1,bot,Vayne,oe:player:99fa5f1f22f7de8c29316bb51ea23e0,Kai'Sa,bot:Vayne,lineup-3ce8613501f9bfd8,0,1425.00000000,23.75000000,0,6,2,0.33333333,6572.00000000,5393.00000000,152,227.07368421,0.18632343,0.10487321,15,0.63157895,0.22222222,-1966.00000000,-1179.00000000,-27.00000000,0,warmup,,,,,
pg-0fd5c3c073824b56,LOLTMNT02_177309,2024-10-09T18:39:58,2024-10-09,2024,Unknown,0,14.18,Red,oe:team:6aac0384f6e7dccbfa6079a80a7699b,Direct Rising eSports,oe:team:7ce620feffbc833577b805ce32faa31,WeSports,name-player-792f698d9cfc2faa,DR Stefwhynot,jng,Vi,name-player-2d85bbcef17b886f,Skarner,jng:Vi,lineup-3ce8613501f9bfd8,0,1425.00000000,23.75000000,1,4,5,1.50000000,6495.00000000,7149.00000000,102,301.01052632,0.18414039,0.13902069,15,0.63157895,0.66666667,-1271.00000000,-2164.00000000,-47.00000000,0,warmup,,,,,
pg-f72b3dccacd25f22,LOLTMNT02_177309,2024-10-09T18:39:58,2024-10-09,2024,Unknown,0,14.18,Red,oe:team:6aac0384f6e7dccbfa6079a80a7699b,Direct Rising eSports,oe:team:7ce620feffbc833577b805ce32faa31,WeSports,name-player-48fc84c448be31d4,DR WildWolf,mid,Hwei,oe:player:6cb01b90479b4f67db603e6f9591124,Yone,mid:Hwei,lineup-3ce8613501f9bfd8,0,1425.00000000,23.75000000,5,2,3,4.00000000,9441.00000000,23799.00000000,181,1002.06315789,0.26766274,0.46279947,11,0.46315789,0.88888889,-1213.00000000,349.00000000,-11.00000000,0,warmup,,,,,
pg-eda60fa89ff4bb4d,LOLTMNT02_177309,2024-10-09T18:39:58,2024-10-09,2024,Unknown,0,14.18,Red,oe:team:6aac0384f6e7dccbfa6079a80a7699b,Direct Rising eSports,oe:team:7ce620feffbc833577b805ce32faa31,WeSports,name-player-18c3a950e3ec09c2,DR Schlaf gut,sup,Nami,oe:player:22a7c67bd0f00882e2a6217d6d72a25,Poppy,sup:Nami,lineup-3ce8613501f9bfd8,0,1425.00000000,23.75000000,0,5,8,1.60000000,5395.00000000,5606.00000000,27,236.04210526,0.15295418,0.10901525,59,2.48421053,0.88888889,-729.00000000,-222.00000000,-3.00000000,0,warmup,,,,,
pg-bd83f05ee15205a5,LOLTMNT02_177309,2024-10-09T18:39:58,2024-10-09,2024,Unknown,0,14.18,Red,oe:team:6aac0384f6e7dccbfa6079a80a7699b,Direct Rising eSports,oe:team:7ce620feffbc833577b805ce32faa31,WeSports,name-player-42a775ec72a8240c,DR Gego,top,Ornn,name-player-a624051aef0cec36,Aurora,top:Ornn,lineup-3ce8613501f9bfd8,0,1425.00000000,23.75000000,3,3,2,1.66666667,7369.00000000,9477.00000000,123,399.03157895,0.20891926,0.18429138,17,0.71578947,0.55555556,-1923.00000000,-936.00000000,-40.00000000,0,warmup,,,,,
pg-d181c68ac151f24a,LOLTMNT05_88535,2024-10-09T18:40:52,2024-10-09,2024,Unknown,0,14.18,Blue,oe:team:7c4854374e4daa6b00206eb922359a9,MOUZ NXT,oe:team:1ed1de7cdce5070e3a31b5db92b6035,eSports Cologne e.V.,oe:player:6e23b629fe2fc16824ea86bf61cbc4c,Dreilix,bot,Ashe,oe:player:304b48562aae432519195b02fd3a214,Ezreal,bot:Ashe,lineup-94d5b2805c8c75ce,1,1270.00000000,21.16666667,4,3,18,7.33333333,10246.00000000,23602.00000000,174,1115.05511811,0.22833330,0.35246856,14,0.66141732,0.88000000,2027.00000000,776.00000000,25.00000000,0,warmup,,,,,
pg-deb12c540913b921,LOLTMNT05_88535,2024-10-09T18:40:52,2024-10-09,2024,Unknown,0,14.18,Blue,oe:team:7c4854374e4daa6b00206eb922359a9,MOUZ NXT,oe:team:1ed1de7cdce5070e3a31b5db92b6035,eSports Cologne e.V.,oe:player:a04f4a8e24d54ff98fc27a5aa5a0c3c,Afroboi,jng,Viego,oe:player:771b79f3c7a45f5877016d050f12b81,Nidalee,jng:Viego,lineup-94d5b2805c8c75ce,1,1270.00000000,21.16666667,9,3,7,5.33333333,9971.00000000,10836.00000000,115,511.93700787,0.22220489,0.16182312,15,0.70866142,0.64000000,1709.00000000,235.00000000,7.00000000,0,warmup,,,,,
pg-b7ac737a900484ea,LOLTMNT05_88535,2024-10-09T18:40:52,2024-10-09,2024,Unknown,0,14.18,Blue,oe:team:7c4854374e4daa6b00206eb922359a9,MOUZ NXT,oe:team:1ed1de7cdce5070e3a31b5db92b6035,eSports Cologne e.V.,oe:player:4817eee6e21d12824c37bfbdaf2c325,Kaymin,mid,Galio,oe:player:0a759ccee56f7553c9719e0011244dd,LeBlanc,mid:Galio,lineup-94d5b2805c8c75ce,1,1270.00000000,21.16666667,10,1,8,18.00000000,10295.00000000,13724.00000000,157,648.37795276,0.22942527,0.20495206,17,0.80314961,0.72000000,2344.00000000,76.00000000,2.00000000,0,warmup,,,,,
pg-539ad2bea9ee74ec,LOLTMNT05_88535,2024-10-09T18:40:52,2024-10-09,2024,Unknown,0,14.18,Blue,oe:team:7c4854374e4daa6b00206eb922359a9,MOUZ NXT,oe:team:1ed1de7cdce5070e3a31b5db92b6035,eSports Cologne e.V.,oe:player:c740f85027b40c5b52e03b0233888f2,Nio,sup,Braum,oe:player:a7eeda89dab95c659a987fdb3952792,Rell,sup:Braum,lineup-94d5b2805c8c75ce,1,1270.00000000,21.16666667,1,1,20,21.00000000,6755.00000000,7268.00000000,15,343.37007874,0.15053596,0.10853917,38,1.79527559,0.84000000,1460.00000000,1446.00000000,4.00000000,0,warmup,,,,,
pg-e49610a710e915d9,LOLTMNT05_88535,2024-10-09T18:40:52,2024-10-09,2024,Unknown,0,14.18,Blue,oe:team:7c4854374e4daa6b00206eb922359a9,MOUZ NXT,oe:team:1ed1de7cdce5070e3a31b5db92b6035,eSports Cologne e.V.,oe:player:51777d50bf7bf71ff70b8a32726e40c,Fornoreason,top,Jax,oe:player:1d5a567298105307cd8fc16c22e1d78,Udyr,top:Jax,lineup-94d5b2805c8c75ce,1,1270.00000000,21.16666667,1,4,6,1.75000000,7606.00000000,11532.00000000,142,544.81889764,0.16950059,0.17221708,10,0.47244094,0.28000000,399.00000000,327.00000000,1.00000000,0,warmup,,,,,
pg-16256ff7474e7121,LOLTMNT05_88535,2024-10-09T18:40:52,2024-10-09,2024,Unknown,0,14.18,Red,oe:team:1ed1de7cdce5070e3a31b5db92b6035,eSports Cologne e.V.,oe:team:7c4854374e4daa6b00206eb922359a9,MOUZ NXT,oe:player:304b48562aae432519195b02fd3a214,Kasi,bot,Ezreal,oe:player:6e23b629fe2fc16824ea86bf61cbc4c,Ashe,bot:Ezreal,lineup-d39a29ca7c3b8c5e,0,1270.00000000,21.16666667,2,4,6,2.00000000,7127.00000000,18552.00000000,153,876.47244094,0.20090771,0.30545311,5,0.23622047,0.66666667,-2027.00000000,-776.00000000,-25.00000000,0,warmup,,,,,
pg-a30af90f5cf04d10,LOLTMNT05_88535,2024-10-09T18:40:52,2024-10-09,2024,Unknown,0,14.18,Red,oe:team:1ed1de7cdce5070e3a31b5db92b6035,eSports Cologne e.V.,oe:team:7c4854374e4daa6b00206eb922359a9,MOUZ NXT,oe:player:771b79f3c7a45f5877016d050f12b81,F1VTY,jng,Nidalee,oe:player:a04f4a8e24d54ff98fc27a5aa5a0c3c,Viego,jng:Nidalee,lineup-d39a29ca7c3b8c5e,0,1270.00000000,21.16666667,3,3,5,2.66666667,7442.00000000,11857.00000000,124,560.17322835,0.20978745,0.19522194,15,0.70866142,0.66666667,-1709.00000000,-235.00000000,-7.00000000,0,warmup,,,,,
pg-137f8b92330385d9,LOLTMNT05_88535,2024-10-09T18:40:52,2024-10-09,2024,Unknown,0,14.18,Red,oe:team:1ed1de7cdce5070e3a31b5db92b6035,eSports Cologne e.V.,oe:team:7c4854374e4daa6b00206eb922359a9,MOUZ NXT,oe:player:0a759ccee56f7553c9719e0011244dd,On3Sh0t,mid,LeBlanc,oe:player:4817eee6e21d12824c37bfbdaf2c325,Galio,mid:LeBlanc,lineup-d39a29ca7c3b8c5e,0,1270.00000000,21.16666667,3,5,2,1.00000000,7806.00000000,8892.00000000,130,420.09448819,0.22004849,0.14640411,8,0.37795276,0.41666667,-2344.00000000,-76.00000000,-2.00000000,0,warmup,,,,,
pg-92af1690e2c67de3,LOLTMNT05_88535,2024-10-09T18:40:52,2024-10-09,2024,Unknown,0,14.18,Red,oe:team:1ed1de7cdce5070e3a31b5db92b6035,eSports Cologne e.V.,oe:team:7c4854374e4daa6b00206eb922359a9,MOUZ NXT,oe:player:a7eeda89dab95c659a987fdb3952792,Kolios,sup,Rell,oe:player:c740f85027b40c5b52e03b0233888f2,Braum,sup:Rell,lineup-d39a29ca7c3b8c5e,0,1270.00000000,21.16666667,1,8,6,0.87500000,5525.00000000,4299.00000000,11,203.10236220,0.15574787,0.07078174,38,1.79527559,0.58333333,-1460.00000000,-1446.00000000,-4.00000000,0,warmup,,,,,
pg-2dcbf12c64f8ffca,LOLTMNT05_88535,2024-10-09T18:40:52,2024-10-09,2024,Unknown,0,14.18,Red,oe:team:1ed1de7cdce5070e3a31b5db92b6035,eSports Cologne e.V.,oe:team:7c4854374e4daa6b00206eb922359a9,MOUZ NXT,oe:player:1d5a567298105307cd8fc16c22e1d78,Kayleqlated,top,Udyr,oe:player:51777d50bf7bf71ff70b8a32726e40c,Jax,top:Udyr,lineup-d39a29ca7c3b8c5e,0,1270.00000000,21.16666667,3,5,3,1.20000000,7574.00000000,17136.00000000,146,809.57480315,0.21350849,0.28213909,8,0.37795276,0.50000000,-399.00000000,-327.00000000,-1.00000000,0,warmup,,,,,
pg-9fd831ab1e4277d9,LOLTMNT05_88536,2024-10-09T18:54:51,2024-10-09,2024,Unknown,0,14.18,Blue,name-team-008bbba56a19edbc,Bootz Gaming,oe:team:2ae1a4c6fe17bf70dd4b5520d60f55b,NNO Prime,name-player-b905b46b46d7de26,BTZ Baki,bot,Ashe,oe:player:1d17186c66b693755087b8af8d0c611,Zeri,bot:Ashe,lineup-2fa28999a68f34a2,0,2138.00000000,35.63333333,7,8,10,2.12500000,13862.00000000,23702.00000000,245,665.16370440,0.20410808,0.18771780,33,0.92609916,0.51515152,-1271.00000000,-941.00000000,-44.00000000,0,warmup,,,,,
pg-78cb64882965915b,LOLTMNT05_88536,2024-10-09T18:54:51,2024-10-09,2024,Unknown,0,14.18,Blue,name-team-008bbba56a19edbc,Bootz Gaming,oe:team:2ae1a4c6fe17bf70dd4b5520d60f55b,NNO Prime,name-player-9d87c12ad3997d9e,BTZ Beluga,jng,Skarner,oe:player:e3b8d5a9290fe0c7458dc01db4dc9dc,Lee Sin,jng:Skarner,lineup-2fa28999a68f34a2,0,2138.00000000,35.63333333,11,4,12,5.75000000,14876.00000000,30322.00000000,203,850.94480823,0.21903850,0.24014763,42,1.17867166,0.69696970,108.00000000,-62.00000000,-10.00000000,0,warmup,,,,,
pg-a0b73dd527248d2b,LOLTMNT05_88536,2024-10-09T18:54:51,2024-10-09,2024,Unknown,0,14.18,Blue,name-team-008bbba56a19edbc,Bootz Gaming,oe:team:2ae1a4c6fe17bf70dd4b5520d60f55b,NNO Prime,oe:player:d2b7b23dfedaadfe856dbc241a2ca26,Jakoo,mid,Orianna,oe:player:e041923a70bcde3b24d608958f8edc8,Sylas,mid:Orianna,lineup-2fa28999a68f34a2,0,2138.00000000,35.63333333,6,5,21,5.40000000,15558.00000000,37205.00000000,274,1044.10664172,0.22908047,0.29466039,36,1.01028999,0.81818182,202.00000000,-94.00000000,22.00000000,0,warmup,,,,,
pg-f8a53f1b999003a4,LOLTMNT05_88536,2024-10-09T18:54:51,2024-10-09,2024,Unknown,0,14.18,Blue,name-team-008bbba56a19edbc,Bootz Gaming,oe:team:2ae1a4c6fe17bf70dd4b5520d60f55b,NNO Prime,oe:player:e0ce529d9b78743caacc7e9730f8b1a,Tiger1,sup,Rakan,oe:player:90704735ca9fc01f2244f23f6e5d635,Pyke,sup:Rakan,lineup-2fa28999a68f34a2,0,2138.00000000,35.63333333,1,6,20,3.50000000,9021.00000000,5755.00000000,39,161.50608045,0.13282780,0.04557910,134,3.76052385,0.63636364,-92.00000000,376.00000000,9.00000000,0,warmup,,,,,
pg-fed659343bb10a2a,LOLTMNT05_88536,2024-10-09T18:54:51,2024-10-09,2024,Unknown,0,14.18,Blue,name-team-008bbba56a19edbc,Bootz Gaming,oe:team:2ae1a4c6fe17bf70dd4b5520d60f55b,NNO Prime,name-player-5ff0d8f51da4d8e4,BTZ Selengrab,top,K'Sante,oe:player:35650a63e482edbdb82b6950955e052,Gnar,top:K'Sante,lineup-2fa28999a68f34a2,0,2138.00000000,35.63333333,8,3,3,3.66666667,14598.00000000,29280.00000000,284,821.70252572,0.21494515,0.23189508,32,0.89803555,0.33333333,-51.00000000,509.00000000,7.00000000,0,warmup,,,,,
pg-2bbf2d9b1d9ad68c,LOLTMNT05_88536,2024-10-09T18:54:51,2024-10-09,2024,Unknown,0,14.18,Red,oe:team:2ae1a4c6fe17bf70dd4b5520d60f55b,NNO Prime,name-team-008bbba56a19edbc,Bootz Gaming,oe:player:1d17186c66b693755087b8af8d0c611,Scarface,bot,Zeri,name-player-b905b46b46d7de26,Ashe,bot:Zeri,lineup-d6d0d64fd0f22d72,1,2138.00000000,35.63333333,3,3,10,4.33333333,18352.00000000,36580.00000000,400,1026.56688494,0.25283461,0.29078133,22,0.61739944,0.50000000,1271.00000000,941.00000000,44.00000000,0,warmup,,,,,
pg-d00b6c528764edb1,LOLTMNT05_88536,2024-10-09T18:54:51,2024-10-09,2024,Unknown,0,14.18,Red,oe:team:2ae1a4c6fe17bf70dd4b5520d60f55b,NNO Prime,name-team-008bbba56a19edbc,Bootz Gaming,oe:player:e3b8d5a9290fe0c7458dc01db4dc9dc,Serin,jng,Lee Sin,name-player-9d87c12ad3997d9e,Skarner,jng:Lee Sin,lineup-d6d0d64fd0f22d72,1,2138.00000000,35.63333333,6,8,10,2.00000000,14731.00000000,23504.00000000,208,659.60710945,0.20294827,0.18683773,23,0.64546305,0.61538462,-108.00000000,62.00000000,10.00000000,0,warmup,,,,,
pg-4d71b7f84fd81d62,LOLTMNT05_88536,2024-10-09T18:54:51,2024-10-09,2024,Unknown,0,14.18,Red,oe:team:2ae1a4c6fe17bf70dd4b5520d60f55b,NNO Prime,name-team-008bbba56a19edbc,Bootz Gaming,oe:player:e041923a70bcde3b24d608958f8edc8,Shlatan,mid,Sylas,oe:player:d2b7b23dfedaadfe856dbc241a2ca26,Orianna,mid:Sylas,lineup-d6d0d64fd0f22d72,1,2138.00000000,35.63333333,7,10,6,1.30000000,12905.00000000,23851.00000000,181,669.34518241,0.17779155,0.18959610,23,0.64546305,0.50000000,-202.00000000,94.00000000,-22.00000000,0,warmup,,,,,
pg-9eed52d0b130771e,LOLTMNT05_88536,2024-10-09T18:54:51,2024-10-09,2024,Unknown,0,14.18,Red,oe:team:2ae1a4c6fe17bf70dd4b5520d60f55b,NNO Prime,name-team-008bbba56a19edbc,Bootz Gaming,oe:player:90704735ca9fc01f2244f23f6e5d635,Shiganari,sup,Pyke,oe:player:e0ce529d9b78743caacc7e9730f8b1a,Rakan,sup:Pyke,lineup-d6d0d64fd0f22d72,1,2138.00000000,35.63333333,4,7,13,2.42857143,10996.00000000,9274.00000000,35,260.26192703,0.15149135,0.07372078,154,4.32179607,0.65384615,92.00000000,-376.00000000,-9.00000000,0,warmup,,,,,
pg-2b3e0c78ba3f3d06,LOLTMNT05_88536,2024-10-09T18:54:51,2024-10-09,2024,Unknown,0,14.18,Red,oe:team:2ae1a4c6fe17bf70dd4b5520d60f55b,NNO Prime,name-team-008bbba56a19edbc,Bootz Gaming,oe:player:35650a63e482edbdb82b6950955e052,Lucky,top,Gnar,name-player-5ff0d8f51da4d8e4,K'Sante,top:Gnar,lineup-d6d0d64fd0f22d72,1,2138.00000000,35.63333333,6,5,9,3.00000000,15601.00000000,32590.00000000,282,914.59307764,0.21493422,0.25906406,32,0.89803555,0.57692308,51.00000000,-509.00000000,-7.00000000,0,warmup,,,,,
pg-fa5b966e9fef4285,LOLTMNT05_89503,2024-10-09T19:23:51,2024-10-09,2024,Unknown,0,14.18,Blue,oe:team:1d0f5e58f39613aff1a3dd4ed85933e,FC Schalke 04 Esports,name-team-b5899d7af81d1ef7,AceGaming Spades,oe:player:d12b043b44563dd9443919f8637de22,Peco,bot,Quinn,oe:player:65314e903461a614229ea5a2099d758,Kalista,bot:Quinn,lineup-67e3c4b343d8cf0b,1,1783.00000000,29.71666667,11,10,11,2.20000000,13254.00000000,37732.00000000,156,1269.72518228,0.19620441,0.29680322,10,0.33651150,0.45833333,427.00000000,1206.00000000,2.00000000,0,warmup,,,,,
pg-3d7143971745a853,LOLTMNT05_89503,2024-10-09T19:23:51,2024-10-09,2024,Unknown,0,14.18,Blue,oe:team:1d0f5e58f39613aff1a3dd4ed85933e,FC Schalke 04 Esports,name-team-b5899d7af81d1ef7,AceGaming Spades,oe:player:702efc23873d774e479682ef680d911,Cboi,jng,Alistar,oe:player:482b141d4b188343467b04cabf7cdbb,Nunu & Willump,jng:Alistar,lineup-67e3c4b343d8cf0b,1,1783.00000000,29.71666667,5,7,20,3.57142857,10050.00000000,10012.00000000,22,336.91531127,0.14877428,0.07875527,100,3.36511497,0.52083333,-1812.00000000,-1863.00000000,-62.00000000,0,warmup,,,,,
pg-0df7d4b162c5ff47,LOLTMNT05_89503,2024-10-09T19:23:51,2024-10-09,2024,Unknown,0,14.18,Blue,oe:team:1d0f5e58f39613aff1a3dd4ed85933e,FC Schalke 04 Esports,name-team-b5899d7af81d1ef7,AceGaming Spades,oe:player:58d68cedf0a0b1b3d7d9646f5f9e8d3,Simpli,mid,Shaco,name-player-c04a78abca42b030,Lucian,mid:Shaco,lineup-67e3c4b343d8cf0b,1,1783.00000000,29.71666667,15,6,9,4.00000000,15606.00000000,25226.00000000,204,848.88390353,0.23102203,0.19842993,30,1.00953449,0.50000000,321.00000000,-876.00000000,-14.00000000,0,warmup,,,,,
pg-ee0e1782a1922806,LOLTMNT05_89503,2024-10-09T19:23:51,2024-10-09,2024,Unknown,0,14.18,Blue,oe:team:1d0f5e58f39613aff1a3dd4ed85933e,FC Schalke 04 Esports,name-team-b5899d7af81d1ef7,AceGaming Spades,oe:player:ae20b1872a922cdc5b8707fbe66c4f0,Twiizt,sup,Orianna,oe:player:a5f90f452a0b89150a5694cb324b94d,Neeko,sup:Orianna,lineup-67e3c4b343d8cf0b,1,1783.00000000,29.71666667,6,7,22,4.00000000,13382.00000000,27532.00000000,178,926.48345485,0.19809924,0.21656913,21,0.70667414,0.58333333,1525.00000000,3657.00000000,105.00000000,0,warmup,,,,,
pg-147132dc2a57859c,LOLTMNT05_89503,2024-10-09T19:23:51,2024-10-09,2024,Unknown,0,14.18,Blue,oe:team:1d0f5e58f39613aff1a3dd4ed85933e,FC Schalke 04 Esports,name-team-b5899d7af81d1ef7,AceGaming Spades,oe:player:1f8b2df4c6ee43a1c1dc29817c0a201,Sacre,top,Veigar,oe:player:0be44816ee64861caafa28454f596a1,Yone,top:Veigar,lineup-67e3c4b343d8cf0b,1,1783.00000000,29.71666667,11,2,15,13.00000000,15260.00000000,26626.00000000,223,895.99551318,0.22590005,0.20944245,16,0.53841840,0.54166667,-1912.00000000,-2157.00000000,-49.00000000,0,warmup,,,,,
pg-59f9e616656aa2a9,LOLTMNT05_89503,2024-10-09T19:23:51,2024-10-09,2024,Unknown,0,14.18,Red,name-team-b5899d7af81d1ef7,AceGaming Spades,oe:team:1d0f5e58f39613aff1a3dd4ed85933e,FC Schalke 04 Esports,oe:player:65314e903461a614229ea5a2099d758,Manuel,bot,Kalista,oe:player:d12b043b44563dd9443919f8637de22,Quinn,bot:Kalista,lineup-12a188b02c1bc442,0,1783.00000000,29.71666667,2,11,7,0.81818182,9699.00000000,11168.00000000,165,375.81604038,0.16474725,0.11852481,17,0.57206955,0.29032258,-427.00000000,-1206.00000000,-2.00000000,0,warmup,,,,,
pg-5dd1b7d04e198abf,LOLTMNT05_89503,2024-10-09T19:23:51,2024-10-09,2024,Unknown,0,14.18,Red,name-team-b5899d7af81d1ef7,AceGaming Spades,oe:team:1d0f5e58f39613aff1a3dd4ed85933e,FC Schalke 04 Esports,oe:player:482b141d4b188343467b04cabf7cdbb,Faded,jng,Nunu & Willump,oe:player:702efc23873d774e479682ef680d911,Alistar,jng:Nunu & Willump,lineup-12a188b02c1bc442,0,1783.00000000,29.71666667,9,13,14,1.76923077,12259.00000000,24041.00000000,112,809.00729108,0.20823142,0.25514460,12,0.40381380,0.74193548,1812.00000000,1863.00000000,62.00000000,0,warmup,,,,,
pg-e464c0d2948d3845,LOLTMNT05_89503,2024-10-09T19:23:51,2024-10-09,2024,Unknown,0,14.18,Red,name-team-b5899d7af81d1ef7,AceGaming Spades,oe:team:1d0f5e58f39613aff1a3dd4ed85933e,FC Schalke 04 Esports,name-player-c04a78abca42b030,ACE Hadonski,mid,Lucian,oe:player:58d68cedf0a0b1b3d7d9646f5f9e8d3,Shaco,mid:Lucian,lineup-12a188b02c1bc442,0,1783.00000000,29.71666667,8,6,6,2.33333333,12791.00000000,18551.00000000,199,624.26247897,0.21726797,0.19687981,18,0.60572070,0.45161290,-321.00000000,876.00000000,14.00000000,0,warmup,,,,,
pg-9f43ba1a36b558ac,LOLTMNT05_89503,2024-10-09T19:23:51,2024-10-09,2024,Unknown,0,14.18,Red,name-team-b5899d7af81d1ef7,AceGaming Spades,oe:team:1d0f5e58f39613aff1a3dd4ed85933e,FC Schalke 04 Esports,oe:player:a5f90f452a0b89150a5694cb324b94d,Tommygun,sup,Neeko,oe:player:ae20b1872a922cdc5b8707fbe66c4f0,Orianna,sup:Neeko,lineup-12a188b02c1bc442,0,1783.00000000,29.71666667,5,11,9,1.27272727,8703.00000000,20446.00000000,38,688.03140774,0.14782919,0.21699124,45,1.51430174,0.45161290,-1525.00000000,-3657.00000000,-105.00000000,0,warmup,,,,,
pg-49c980174331e62f,LOLTMNT05_89503,2024-10-09T19:23:51,2024-10-09,2024,Unknown,0,14.18,Red,name-team-b5899d7af81d1ef7,AceGaming Spades,oe:team:1d0f5e58f39613aff1a3dd4ed85933e,FC Schalke 04 Esports,oe:player:0be44816ee64861caafa28454f596a1,Rain,top,Yone,oe:player:1f8b2df4c6ee43a1c1dc29817c0a201,Veigar,top:Yone,lineup-12a188b02c1bc442,0,1783.00000000,29.71666667,7,8,7,1.75000000,15420.00000000,20019.00000000,270,673.66236680,0.26192417,0.21245954,27,0.90858104,0.45161290,1912.00000000,2157.00000000,49.00000000,0,warmup,,,,,
pg-0e68f31de9536ad6,LOLTMNT05_88537,2024-10-09T19:25:54,2024-10-09,2024,Unknown,0,14.18,Blue,name-team-fcd6aea04154f147,DKB XPERION NXT RAW,oe:team:cc901dfa35cb4e6d7c5684d57361771,EPIC-DUDES,oe:player:307bc10d48d7b6d1af5fd1dae30b77e,Miella,bot,Kai'Sa,oe:player:d721fbb8eedd948e422f3710f72a3a6,Senna,bot:Kai'Sa,lineup-2225d6daff9ebbd6,1,2150.00000000,35.83333333,12,2,12,12.00000000,20204.00000000,52416.00000000,338,1462.77209302,0.29016229,0.36783416,16,0.44651163,0.77419355,-1019.00000000,262.00000000,-15.00000000,0,warmup,,,,,
pg-a5dcd37754e5dff1,LOLTMNT05_88537,2024-10-09T19:25:54,2024-10-09,2024,Unknown,0,14.18,Blue,name-team-fcd6aea04154f147,DKB XPERION NXT RAW,oe:team:cc901dfa35cb4e6d7c5684d57361771,EPIC-DUDES,oe:player:45cf8adbf60961e7ffec251ac8c90f8,Hummelu,jng,Skarner,oe:player:9c44293e765f6adb67f24410977ef10,Warwick,jng:Skarner,lineup-2225d6daff9ebbd6,1,2150.00000000,35.83333333,4,3,22,8.66666667,12362.00000000,28778.00000000,162,803.10697674,0.17753842,0.20195229,25,0.69767442,0.83870968,-170.00000000,-84.00000000,-19.00000000,0,warmup,,,,,
pg-342a344ae0ec08f1,LOLTMNT05_88537,2024-10-09T19:25:54,2024-10-09,2024,Unknown,0,14.18,Blue,name-team-fcd6aea04154f147,DKB XPERION NXT RAW,oe:team:cc901dfa35cb4e6d7c5684d57361771,EPIC-DUDES,oe:player:b8325d5a974eac1dbce808677f1dec4,Don Arts,mid,Syndra,oe:player:b3930e087fe235378c3be105e7f5972,Smolder,mid:Syndra,lineup-2225d6daff9ebbd6,1,2150.00000000,35.83333333,10,6,10,3.33333333,16328.00000000,36982.00000000,280,1032.05581395,0.23449663,0.25952463,34,0.94883721,0.64516129,1594.00000000,321.00000000,6.00000000,0,warmup,,,,,
pg-b2b74bf6c57fe37d,LOLTMNT05_88537,2024-10-09T19:25:54,2024-10-09,2024,Unknown,0,14.18,Blue,name-team-fcd6aea04154f147,DKB XPERION NXT RAW,oe:team:cc901dfa35cb4e6d7c5684d57361771,EPIC-DUDES,oe:player:7d175e5e531838434b46cce41dfc805,Fabiox,sup,Rell,oe:player:fdb2a693a5b128e3d3eed88c2bb7df6,Soraka,sup:Rell,lineup-2225d6daff9ebbd6,1,2150.00000000,35.83333333,2,3,23,8.33333333,9927.00000000,9777.00000000,28,272.84651163,0.14256786,0.06861101,114,3.18139535,0.80645161,-260.00000000,-1380.00000000,-11.00000000,0,warmup,,,,,
pg-5aac959ea29c9bb9,LOLTMNT05_88537,2024-10-09T19:25:54,2024-10-09,2024,Unknown,0,14.18,Blue,name-team-fcd6aea04154f147,DKB XPERION NXT RAW,oe:team:cc901dfa35cb4e6d7c5684d57361771,EPIC-DUDES,oe:player:5aa54e3d3da32bc6cc40212b1a512af,R4GN4X,top,Ornn,oe:player:5c7b52c9f2f0ebfdd2128ceb0171c54,Gwen,top:Ornn,lineup-2225d6daff9ebbd6,1,2150.00000000,35.83333333,3,5,13,3.20000000,10809.00000000,14546.00000000,166,405.93488372,0.15523481,0.10207791,21,0.58604651,0.51612903,-1093.00000000,-1064.00000000,-37.00000000,0,warmup,,,,,
pg-c9a587f2ef00545c,LOLTMNT05_88537,2024-10-09T19:25:54,2024-10-09,2024,Unknown,0,14.18,Red,oe:team:cc901dfa35cb4e6d7c5684d57361771,EPIC-DUDES,name-team-fcd6aea04154f147,DKB XPERION NXT RAW,oe:player:d721fbb8eedd948e422f3710f72a3a6,Mind,bot,Senna,oe:player:307bc10d48d7b6d1af5fd1dae30b77e,Kai'Sa,bot:Senna,lineup-d973ad6455e08f78,0,2150.00000000,35.83333333,4,4,11,3.75000000,16074.00000000,33721.00000000,315,941.05116279,0.23480433,0.29310630,28,0.78139535,0.78947368,1019.00000000,-262.00000000,15.00000000,0,warmup,,,,,
pg-0471a80cefdea3ce,LOLTMNT05_88537,2024-10-09T19:25:54,2024-10-09,2024,Unknown,0,14.18,Red,oe:team:cc901dfa35cb4e6d7c5684d57361771,EPIC-DUDES,name-team-fcd6aea04154f147,DKB XPERION NXT RAW,oe:player:9c44293e765f6adb67f24410977ef10,Nasut,jng,Warwick,oe:player:45cf8adbf60961e7ffec251ac8c90f8,Skarner,jng:Warwick,lineup-d973ad6455e08f78,0,2150.00000000,35.83333333,2,11,7,0.81818182,11917.00000000,13217.00000000,217,368.84651163,0.17408008,0.11488348,28,0.78139535,0.47368421,170.00000000,84.00000000,19.00000000,0,warmup,,,,,
pg-577cce0b369fa7cd,LOLTMNT05_88537,2024-10-09T19:25:54,2024-10-09,2024,Unknown,0,14.18,Red,oe:team:cc901dfa35cb4e6d7c5684d57361771,EPIC-DUDES,name-team-fcd6aea04154f147,DKB XPERION NXT RAW,oe:player:b3930e087fe235378c3be105e7f5972,Ivok,mid,Smolder,oe:player:b8325d5a974eac1dbce808677f1dec4,Syndra,mid:Smolder,lineup-d973ad6455e08f78,0,2150.00000000,35.83333333,7,6,5,2.00000000,15883.00000000,37959.00000000,330,1059.32093023,0.23201426,0.32994341,53,1.47906977,0.63157895,-1594.00000000,-321.00000000,-6.00000000,0,warmup,,,,,
pg-74027fd6c8e2e349,LOLTMNT05_88537,2024-10-09T19:25:54,2024-10-09,2024,Unknown,0,14.18,Red,oe:team:cc901dfa35cb4e6d7c5684d57361771,EPIC-DUDES,name-team-fcd6aea04154f147,DKB XPERION NXT RAW,oe:player:fdb2a693a5b128e3d3eed88c2bb7df6,Lxf7Tocke,sup,Soraka,oe:player:7d175e5e531838434b46cce41dfc805,Rell,sup:Soraka,lineup-d973ad6455e08f78,0,2150.00000000,35.83333333,0,6,16,2.66666667,8675.00000000,9562.00000000,32,266.84651163,0.12672188,0.08311386,95,2.65116279,0.84210526,260.00000000,1380.00000000,11.00000000,0,warmup,,,,,
pg-e5f730a65f3d0ea5,LOLTMNT05_88537,2024-10-09T19:25:54,2024-10-09,2024,Unknown,0,14.18,Red,oe:team:cc901dfa35cb4e6d7c5684d57361771,EPIC-DUDES,name-team-fcd6aea04154f147,DKB XPERION NXT RAW,oe:player:5c7b52c9f2f0ebfdd2128ceb0171c54,Kirito,top,Gwen,oe:player:5aa54e3d3da32bc6cc40212b1a512af,Ornn,top:Gwen,lineup-d973ad6455e08f78,0,2150.00000000,35.83333333,6,4,7,3.25000000,15908.00000000,20588.00000000,292,574.54883721,0.23237945,0.17895295,43,1.20000000,0.68421053,1093.00000000,1064.00000000,37.00000000,0,warmup,,,,,
pg-ade90673a8f0141a,LOLTMNT02_176957,2024-10-09T19:26:00,2024-10-09,2024,Unknown,0,14.18,Blue,oe:team:423471551f6ba1b127ed1c884aaa67a,regnum4games,oe:team:aa8c3b781d96ddb7a24ab3240918988,SK Gaming Prime,oe:player:dbcf00ee0e5f12c51952d7689cc1366,Relentless,bot,Ashe,oe:player:ba3d4084a218c919db12a8776d46ed8,Jhin,bot:Ashe,lineup-cd8beb8f9e8f2b6c,0,2376.00000000,39.60000000,6,5,12,3.60000000,15353.00000000,17816.00000000,269,449.89898990,0.21516060,0.15639320,25,0.63131313,0.85714286,-1180.00000000,-1567.00000000,-22.00000000,0,warmup,,,,,
pg-b058cc6028ffa4ec,LOLTMNT02_176957,2024-10-09T19:26:00,2024-10-09,2024,Unknown,0,14.18,Blue,oe:team:423471551f6ba1b127ed1c884aaa67a,regnum4games,oe:team:aa8c3b781d96ddb7a24ab3240918988,SK Gaming Prime,oe:player:d267ada2593780f4b32830a0d68c378,Fishue,jng,Taliyah,oe:player:a3659e9d07c9807e77df85548df86fb,Nocturne,jng:Taliyah,lineup-cd8beb8f9e8f2b6c,0,2376.00000000,39.60000000,7,5,12,3.80000000,16782.00000000,39070.00000000,299,986.61616162,0.23518695,0.34296599,42,1.06060606,0.90476190,-478.00000000,-453.00000000,-7.00000000,0,warmup,,,,,
pg-dfada57a3efb4fa2,LOLTMNT02_176957,2024-10-09T19:26:00,2024-10-09,2024,Unknown,0,14.18,Blue,oe:team:423471551f6ba1b127ed1c884aaa67a,regnum4games,oe:team:aa8c3b781d96ddb7a24ab3240918988,SK Gaming Prime,oe:player:b6e48b3f25c34b7326992303b80b46a,Jonny227,mid,Sylas,oe:player:758a9b0b73aeb3ed8f73f01edbd61c3,Neeko,mid:Sylas,lineup-cd8beb8f9e8f2b6c,0,2376.00000000,39.60000000,5,6,12,2.83333333,14035.00000000,24370.00000000,238,615.40404040,0.19668984,0.21392581,33,0.83333333,0.80952381,-1461.00000000,-438.00000000,-13.00000000,0,warmup,,,,,
pg-ba0f731bbcef9cff,LOLTMNT02_176957,2024-10-09T19:26:00,2024-10-09,2024,Unknown,0,14.18,Blue,oe:team:423471551f6ba1b127ed1c884aaa67a,regnum4games,oe:team:aa8c3b781d96ddb7a24ab3240918988,SK Gaming Prime,oe:player:a6345ed4722279338a3de46e175e32e,malteshadow,sup,Rell,oe:player:010d6a16efd32515e12371cf630f30e,Nautilus,sup:Rell,lineup-cd8beb8f9e8f2b6c,0,2376.00000000,39.60000000,1,5,18,3.80000000,9619.00000000,6358.00000000,35,160.55555556,0.13480296,0.05581208,101,2.55050505,0.90476190,-150.00000000,-147.00000000,0.00000000,0,warmup,,,,,
pg-965796545c5a4f27,LOLTMNT02_176957,2024-10-09T19:26:00,2024-10-09,2024,Unknown,0,14.18,Blue,oe:team:423471551f6ba1b127ed1c884aaa67a,regnum4games,oe:team:aa8c3b781d96ddb7a24ab3240918988,SK Gaming Prime,oe:player:24bb48091f3f1bb7302ac7f785f9d6d,FengDere,top,Dr. Mundo,oe:player:59cbe5a825cd647e4dfc16acfdc6723,Sett,top:Dr. Mundo,lineup-cd8beb8f9e8f2b6c,0,2376.00000000,39.60000000,2,7,5,1.00000000,15567.00000000,26304.00000000,289,664.24242424,0.21815965,0.23090293,28,0.70707071,0.33333333,-131.00000000,1187.00000000,-4.00000000,0,warmup,,,,,
pg-7e5c4706fe43312a,LOLTMNT02_176957,2024-10-09T19:26:00,2024-10-09,2024,Unknown,0,14.18,Red,oe:team:aa8c3b781d96ddb7a24ab3240918988,SK Gaming Prime,oe:team:423471551f6ba1b127ed1c884aaa67a,regnum4games,oe:player:ba3d4084a218c919db12a8776d46ed8,Zavee,bot,Jhin,oe:player:dbcf00ee0e5f12c51952d7689cc1366,Ashe,bot:Jhin,lineup-f58305abcb1d4720,1,2376.00000000,39.60000000,11,2,13,12.00000000,19787.00000000,61021.00000000,395,1540.93434343,0.27093232,0.40138265,33,0.83333333,0.85714286,1180.00000000,1567.00000000,22.00000000,0,warmup,,,,,
pg-cf23cd05d74370a5,LOLTMNT02_176957,2024-10-09T19:26:00,2024-10-09,2024,Unknown,0,14.18,Red,oe:team:aa8c3b781d96ddb7a24ab3240918988,SK Gaming Prime,oe:team:423471551f6ba1b127ed1c884aaa67a,regnum4games,oe:player:a3659e9d07c9807e77df85548df86fb,Emprez,jng,Nocturne,oe:player:d267ada2593780f4b32830a0d68c378,Taliyah,jng:Nocturne,lineup-f58305abcb1d4720,1,2376.00000000,39.60000000,9,4,13,5.50000000,15282.00000000,21933.00000000,219,553.86363636,0.20924787,0.14427043,35,0.88383838,0.78571429,478.00000000,453.00000000,7.00000000,0,warmup,,,,,
pg-417d2f71ecf211ee,LOLTMNT02_176957,2024-10-09T19:26:00,2024-10-09,2024,Unknown,0,14.18,Red,oe:team:aa8c3b781d96ddb7a24ab3240918988,SK Gaming Prime,oe:team:423471551f6ba1b127ed1c884aaa67a,regnum4games,oe:player:758a9b0b73aeb3ed8f73f01edbd61c3,Apollonia,mid,Neeko,oe:player:b6e48b3f25c34b7326992303b80b46a,Sylas,mid:Neeko,lineup-f58305abcb1d4720,1,2376.00000000,39.60000000,4,4,14,4.50000000,13793.00000000,25543.00000000,240,645.02525253,0.18885983,0.16801621,24,0.60606061,0.64285714,1461.00000000,438.00000000,13.00000000,0,warmup,,,,,
pg-814782704260f3cf,LOLTMNT02_176957,2024-10-09T19:26:00,2024-10-09,2024,Unknown,0,14.18,Red,oe:team:aa8c3b781d96ddb7a24ab3240918988,SK Gaming Prime,oe:team:423471551f6ba1b127ed1c884aaa67a,regnum4games,oe:player:010d6a16efd32515e12371cf630f30e,Lumi,sup,Nautilus,oe:player:a6345ed4722279338a3de46e175e32e,Rell,sup:Nautilus,lineup-f58305abcb1d4720,1,2376.00000000,39.60000000,0,7,17,2.42857143,8866.00000000,7222.00000000,45,182.37373737,0.12139718,0.04750472,113,2.85353535,0.60714286,150.00000000,147.00000000,0.00000000,0,warmup,,,,,
pg-9f34112748c5d99d,LOLTMNT02_176957,2024-10-09T19:26:00,2024-10-09,2024,Unknown,0,14.18,Red,oe:team:aa8c3b781d96ddb7a24ab3240918988,SK Gaming Prime,oe:team:423471551f6ba1b127ed1c884aaa67a,regnum4games,oe:player:59cbe5a825cd647e4dfc16acfdc6723,Sanah,top,Sett,oe:player:24bb48091f3f1bb7302ac7f785f9d6d,Dr. Mundo,top:Sett,lineup-f58305abcb1d4720,1,2376.00000000,39.60000000,4,4,12,4.00000000,15305.00000000,36308.00000000,280,916.86868687,0.20956280,0.23882600,24,0.60606061,0.57142857,131.00000000,-1187.00000000,4.00000000,0,warmup,,,,,
pg-3b182bd70b139a06,LOLTMNT05_89505,2024-10-09T19:53:32,2024-10-09,2024,Unknown,0,14.18,Blue,oe:team:48199c3e87ac9d14cdf50169f8eaabc,Eintracht Frankfurt,oe:team:b23a51e14c53108a0de36eb92df2c5a,VfB eSports,oe:player:f0523a8a7089a6b90c4c1606ebd9605,DizL,bot,Ashe,oe:player:b20e9714c68983eeabfe65ac88fa7ea,Kai'Sa,bot:Ashe,lineup-9fa2c882d9da2bcd,1,1715.00000000,28.58333333,3,1,15,18.00000000,13817.00000000,25786.00000000,265,902.13411079,0.22673121,0.27980208,29,1.01457726,0.60000000,1429.00000000,1250.00000000,17.00000000,0,warmup,,,,,
pg-9832f4f40a683032,LOLTMNT05_89505,2024-10-09T19:53:32,2024-10-09,2024,Unknown,0,14.18,Blue,oe:team:48199c3e87ac9d14cdf50169f8eaabc,Eintracht Frankfurt,oe:team:b23a51e14c53108a0de36eb92df2c5a,VfB eSports,oe:player:b0a4ae62486ca215c199e72698738b7,Pabu,jng,Lee Sin,oe:player:27a9c63188ab92f603ab1fd42cb889a,Nocturne,jng:Lee Sin,lineup-9fa2c882d9da2bcd,1,1715.00000000,28.58333333,8,5,8,3.20000000,12044.00000000,11652.00000000,168,407.65014577,0.19763702,0.12643504,53,1.85422741,0.53333333,1647.00000000,-476.00000000,-7.00000000,0,warmup,,,,,
pg-ec16ee7bd7232370,LOLTMNT05_89505,2024-10-09T19:53:32,2024-10-09,2024,Unknown,0,14.18,Blue,oe:team:48199c3e87ac9d14cdf50169f8eaabc,Eintracht Frankfurt,oe:team:b23a51e14c53108a0de36eb92df2c5a,VfB eSports,oe:player:eb26eb96a04224878fb492a5a8cefa8,ZaZee,mid,LeBlanc,oe:player:e0e640fe2ff7ea695737bd648263858,Akali,mid:LeBlanc,lineup-9fa2c882d9da2bcd,1,1715.00000000,28.58333333,10,0,12,22.00000000,13197.00000000,25729.00000000,191,900.13994169,0.21655727,0.27918358,17,0.59475219,0.73333333,930.00000000,477.00000000,21.00000000,0,warmup,,,,,
pg-ada3fff4a08df345,LOLTMNT05_89505,2024-10-09T19:53:32,2024-10-09,2024,Unknown,0,14.18,Blue,oe:team:48199c3e87ac9d14cdf50169f8eaabc,Eintracht Frankfurt,oe:team:b23a51e14c53108a0de36eb92df2c5a,VfB eSports,oe:player:64ecd619b953ca23acb0546a472c483,Tore,sup,Poppy,oe:player:77578ad4690f7b33c88d56e59be2ba1,Leona,sup:Poppy,lineup-9fa2c882d9da2bcd,1,1715.00000000,28.58333333,6,4,14,5.00000000,10080.00000000,14360.00000000,41,502.39067055,0.16540860,0.15581935,112,3.91836735,0.66666667,1120.00000000,237.00000000,6.00000000,0,warmup,,,,,
pg-2bc570cf8a2baa64,LOLTMNT05_89505,2024-10-09T19:53:32,2024-10-09,2024,Unknown,0,14.18,Blue,oe:team:48199c3e87ac9d14cdf50169f8eaabc,Eintracht Frankfurt,oe:team:b23a51e14c53108a0de36eb92df2c5a,VfB eSports,oe:player:5be118a1aa52664e1dff15ff96c1e67,Agresivoo,top,Volibear,oe:player:422d7cc4063f8801a9427860bfd855b,Sion,top:Volibear,lineup-9fa2c882d9da2bcd,1,1715.00000000,28.58333333,3,4,6,2.25000000,11802.00000000,14631.00000000,224,511.87172012,0.19366590,0.15875996,32,1.11953353,0.30000000,82.00000000,30.00000000,-1.00000000,0,warmup,,,,,
pg-127cc395f84367ae,LOLTMNT05_89505,2024-10-09T19:53:32,2024-10-09,2024,Unknown,0,14.18,Red,oe:team:b23a51e14c53108a0de36eb92df2c5a,VfB eSports,oe:team:48199c3e87ac9d14cdf50169f8eaabc,Eintracht Frankfurt,oe:player:b20e9714c68983eeabfe65ac88fa7ea,Riku,bot,Kai'Sa,oe:player:f0523a8a7089a6b90c4c1606ebd9605,Ashe,bot:Kai'Sa,lineup-2df755ed9a8c5eca,0,1715.00000000,28.58333333,5,5,5,2.00000000,13183.00000000,23232.00000000,276,812.78134111,0.27590465,0.42991173,18,0.62973761,0.71428571,-1429.00000000,-1250.00000000,-17.00000000,0,warmup,,,,,
pg-e26170d21c0583f9,LOLTMNT05_89505,2024-10-09T19:53:32,2024-10-09,2024,Unknown,0,14.18,Red,oe:team:b23a51e14c53108a0de36eb92df2c5a,VfB eSports,oe:team:48199c3e87ac9d14cdf50169f8eaabc,Eintracht Frankfurt,oe:player:27a9c63188ab92f603ab1fd42cb889a,Obsess,jng,Nocturne,oe:player:b0a4ae62486ca215c199e72698738b7,Lee Sin,jng:Nocturne,lineup-2df755ed9a8c5eca,0,1715.00000000,28.58333333,3,7,5,1.14285714,8958.00000000,9278.00000000,154,324.59475219,0.18748038,0.17169082,33,1.15451895,0.57142857,-1647.00000000,476.00000000,7.00000000,0,warmup,,,,,
pg-dbc788553240d139,LOLTMNT05_89505,2024-10-09T19:53:32,2024-10-09,2024,Unknown,0,14.18,Red,oe:team:b23a51e14c53108a0de36eb92df2c5a,VfB eSports,oe:team:48199c3e87ac9d14cdf50169f8eaabc,Eintracht Frankfurt,oe:player:e0e640fe2ff7ea695737bd648263858,Baumi,mid,Akali,oe:player:eb26eb96a04224878fb492a5a8cefa8,LeBlanc,mid:Akali,lineup-2df755ed9a8c5eca,0,1715.00000000,28.58333333,1,7,1,0.28571429,8970.00000000,7002.00000000,202,244.96793003,0.18773153,0.12957309,11,0.38483965,0.14285714,-930.00000000,-477.00000000,-21.00000000,0,warmup,,,,,
pg-abf74dfe4557022f,LOLTMNT05_89505,2024-10-09T19:53:32,2024-10-09,2024,Unknown,0,14.18,Red,oe:team:b23a51e14c53108a0de36eb92df2c5a,VfB eSports,oe:team:48199c3e87ac9d14cdf50169f8eaabc,Eintracht Frankfurt,oe:player:77578ad4690f7b33c88d56e59be2ba1,MaxSchallah,sup,Leona,oe:player:64ecd619b953ca23acb0546a472c483,Poppy,sup:Leona,lineup-2df755ed9a8c5eca,0,1715.00000000,28.58333333,3,7,7,1.42857143,7334.00000000,5425.00000000,40,189.79591837,0.15349197,0.10039046,94,3.28862974,0.71428571,-1120.00000000,-237.00000000,-6.00000000,0,warmup,,,,,
pg-b2def6ac425a5898,LOLTMNT05_89505,2024-10-09T19:53:32,2024-10-09,2024,Unknown,0,14.18,Red,oe:team:b23a51e14c53108a0de36eb92df2c5a,VfB eSports,oe:team:48199c3e87ac9d14cdf50169f8eaabc,Eintracht Frankfurt,oe:player:422d7cc4063f8801a9427860bfd855b,Satorius,top,Sion,oe:player:5be118a1aa52664e1dff15ff96c1e67,Volibear,top:Sion,lineup-2df755ed9a8c5eca,0,1715.00000000,28.58333333,2,4,3,1.25000000,9336.00000000,9102.00000000,181,318.43731778,0.19539147,0.16843391,20,0.69970845,0.35714286,-82.00000000,-30.00000000,1.00000000,0,warmup,,,,,
pg-090b69784073504f,LOLTMNT05_89667,2024-10-14T15:08:02,2024-10-14,2024,Unknown,0,14.18,Blue,oe:team:3de935df8f40fbb4d0e564d4a20e6cb,Berlin International Gaming,name-team-fcd6aea04154f147,DKB XPERION NXT RAW,oe:player:71b8101d78beb04a089caa90a8d9310,Jeskla,bot,Kai'Sa,oe:player:307bc10d48d7b6d1af5fd1dae30b77e,Jinx,bot:Kai'Sa,lineup-82727a2573d80da3,1,1380.00000000,23.00000000,8,1,5,13.00000000,11689.00000000,18010.00000000,221,783.04347826,0.23430484,0.24942180,29,1.26086957,0.61904762,540.00000000,394.00000000,20.00000000,0,warmup,,,,,
pg-b299a79a782e0505,LOLTMNT05_89667,2024-10-14T15:08:02,2024-10-14,2024,Unknown,0,14.18,Blue,oe:team:3de935df8f40fbb4d0e564d4a20e6cb,Berlin International Gaming,name-team-fcd6aea04154f147,DKB XPERION NXT RAW,oe:player:3597a9b82f5f462aaa8a0fa552a9bac,Densi,jng,Viego,oe:player:45cf8adbf60961e7ffec251ac8c90f8,Xin Zhao,jng:Viego,lineup-82727a2573d80da3,1,1380.00000000,23.00000000,6,0,10,16.00000000,10147.00000000,11855.00000000,137,515.43478261,0.20339561,0.16418076,13,0.56521739,0.76190476,653.00000000,392.00000000,8.00000000,0,warmup,,,,,
pg-362da7c6e4b103fa,LOLTMNT05_89667,2024-10-14T15:08:02,2024-10-14,2024,Unknown,0,14.18,Blue,oe:team:3de935df8f40fbb4d0e564d4a20e6cb,Berlin International Gaming,name-team-fcd6aea04154f147,DKB XPERION NXT RAW,oe:player:2096ff50c6496d70e4b39793390c9ce,Sencux,mid,Ahri,oe:player:b8325d5a974eac1dbce808677f1dec4,Sejuani,mid:Ahri,lineup-82727a2573d80da3,1,1380.00000000,23.00000000,5,1,10,15.00000000,11692.00000000,19904.00000000,190,865.39130435,0.23436498,0.27565195,12,0.52173913,0.71428571,3274.00000000,1962.00000000,43.00000000,0,warmup,,,,,
pg-a8f855dcbc7ef06e,LOLTMNT05_89667,2024-10-14T15:08:02,2024-10-14,2024,Unknown,0,14.18,Blue,oe:team:3de935df8f40fbb4d0e564d4a20e6cb,Berlin International Gaming,name-team-fcd6aea04154f147,DKB XPERION NXT RAW,oe:player:74f3f60a44ee916ecc257a5381be756,Lekcyc,sup,Rell,oe:player:7d175e5e531838434b46cce41dfc805,Poppy,sup:Rell,lineup-82727a2573d80da3,1,1380.00000000,23.00000000,1,3,16,5.66666667,6741.00000000,6407.00000000,28,278.56521739,0.13512267,0.08873101,66,2.86956522,0.80952381,127.00000000,317.00000000,1.00000000,0,warmup,,,,,
pg-1acf52d38063a387,LOLTMNT05_89667,2024-10-14T15:08:02,2024-10-14,2024,Unknown,0,14.18,Blue,oe:team:3de935df8f40fbb4d0e564d4a20e6cb,Berlin International Gaming,name-team-fcd6aea04154f147,DKB XPERION NXT RAW,oe:player:e0b008815ab05c5cdaf4d46ab61ff63,Vizicsacsi,top,Gnar,oe:player:5aa54e3d3da32bc6cc40212b1a512af,Gwen,top:Gnar,lineup-82727a2573d80da3,1,1380.00000000,23.00000000,1,3,6,2.33333333,9619.00000000,16031.00000000,194,697.00000000,0.19281190,0.22201449,23,1.00000000,0.33333333,1191.00000000,-5.00000000,20.00000000,0,warmup,,,,,
pg-9bbd131a088825e2,LOLTMNT05_89667,2024-10-14T15:08:02,2024-10-14,2024,Unknown,0,14.18,Red,name-team-fcd6aea04154f147,DKB XPERION NXT RAW,oe:team:3de935df8f40fbb4d0e564d4a20e6cb,Berlin International Gaming,oe:player:307bc10d48d7b6d1af5fd1dae30b77e,Miella,bot,Jinx,oe:player:71b8101d78beb04a089caa90a8d9310,Kai'Sa,bot:Jinx,lineup-2225d6daff9ebbd6,0,1380.00000000,23.00000000,2,3,3,1.66666667,9094.00000000,9982.00000000,218,434.00000000,0.24459387,0.21863501,17,0.73913043,0.62500000,-540.00000000,-394.00000000,-20.00000000,0,warmup,,,,,
pg-d6a16c04fa5516e2,LOLTMNT05_89667,2024-10-14T15:08:02,2024-10-14,2024,Unknown,0,14.18,Red,name-team-fcd6aea04154f147,DKB XPERION NXT RAW,oe:team:3de935df8f40fbb4d0e564d4a20e6cb,Berlin International Gaming,oe:player:45cf8adbf60961e7ffec251ac8c90f8,Hummelu,jng,Xin Zhao,oe:player:3597a9b82f5f462aaa8a0fa552a9bac,Viego,jng:Xin Zhao,lineup-2225d6daff9ebbd6,0,1380.00000000,23.00000000,4,6,2,1.00000000,8062.00000000,9895.00000000,111,430.21739130,0.21683701,0.21672946,24,1.04347826,0.75000000,-653.00000000,-392.00000000,-8.00000000,0,warmup,,,,,
pg-8afaa26e1c5cd900,LOLTMNT05_89667,2024-10-14T15:08:02,2024-10-14,2024,Unknown,0,14.18,Red,name-team-fcd6aea04154f147,DKB XPERION NXT RAW,oe:team:3de935df8f40fbb4d0e564d4a20e6cb,Berlin International Gaming,oe:player:b8325d5a974eac1dbce808677f1dec4,Don Arts,mid,Sejuani,oe:player:2096ff50c6496d70e4b39793390c9ce,Ahri,mid:Sejuani,lineup-2225d6daff9ebbd6,0,1380.00000000,23.00000000,0,4,1,0.25000000,6490.00000000,5643.00000000,143,245.34782609,0.17455621,0.12359821,17,0.73913043,0.12500000,-3274.00000000,-1962.00000000,-43.00000000,0,warmup,,,,,
pg-3d67eccae7dee41a,LOLTMNT05_89667,2024-10-14T15:08:02,2024-10-14,2024,Unknown,0,14.18,Red,name-team-fcd6aea04154f147,DKB XPERION NXT RAW,oe:team:3de935df8f40fbb4d0e564d4a20e6cb,Berlin International Gaming,oe:player:7d175e5e531838434b46cce41dfc805,Fabiox,sup,Poppy,oe:player:74f3f60a44ee916ecc257a5381be756,Rell,sup:Poppy,lineup-2225d6daff9ebbd6,0,1380.00000000,23.00000000,0,4,5,1.25000000,5219.00000000,4845.00000000,26,210.65217391,0.14037117,0.10611968,58,2.52173913,0.62500000,-127.00000000,-317.00000000,-1.00000000,0,warmup,,,,,
pg-f1922348ab5291e0,LOLTMNT05_89667,2024-10-14T15:08:02,2024-10-14,2024,Unknown,0,14.18,Red,name-team-fcd6aea04154f147,DKB XPERION NXT RAW,oe:team:3de935df8f40fbb4d0e564d4a20e6cb,Berlin International Gaming,oe:player:5aa54e3d3da32bc6cc40212b1a512af,R4GN4X,top,Gwen,oe:player:e0b008815ab05c5cdaf4d46ab61ff63,Gnar,top:Gwen,lineup-2225d6daff9ebbd6,0,1380.00000000,23.00000000,2,4,2,1.00000000,8315.00000000,15291.00000000,175,664.82608696,0.22364174,0.33491764,18,0.78260870,0.50000000,-1191.00000000,5.00000000,-20.00000000,0,warmup,,,,,
pg-d82879c991b3a109,LOLTMNT05_89664,2024-10-14T15:08:22,2024-10-14,2024,Unknown,0,14.18,Blue,oe:team:2ae1a4c6fe17bf70dd4b5520d60f55b,NNO Prime,oe:team:7ce620feffbc833577b805ce32faa31,WeSports,oe:player:90704735ca9fc01f2244f23f6e5d635,Shiganari,bot,Jhin,oe:player:99fa5f1f22f7de8c29316bb51ea23e0,Jinx,bot:Jhin,lineup-12e790c5321078fe,1,1340.00000000,22.33333333,6,2,9,7.50000000,10776.00000000,13335.00000000,211,597.08955224,0.21646813,0.20494575,12,0.53731343,0.51724138,-1151.00000000,521.00000000,-6.00000000,0,warmup,,,,,
pg-9a59d27c2d9917b2,LOLTMNT05_89664,2024-10-14T15:08:22,2024-10-14,2024,Unknown,0,14.18,Blue,oe:team:2ae1a4c6fe17bf70dd4b5520d60f55b,NNO Prime,oe:team:7ce620feffbc833577b805ce32faa31,WeSports,oe:player:e041923a70bcde3b24d608958f8edc8,Shlatan,jng,Skarner,name-player-2d85bbcef17b886f,Ivern,jng:Skarner,lineup-12e790c5321078fe,1,1340.00000000,22.33333333,5,2,13,9.00000000,9093.00000000,10386.00000000,112,465.04477612,0.18266005,0.15962254,24,1.07462687,0.62068966,674.00000000,804.00000000,9.00000000,0,warmup,,,,,
pg-e9c5d34b05831f07,LOLTMNT05_89664,2024-10-14T15:08:22,2024-10-14,2024,Unknown,0,14.18,Blue,oe:team:2ae1a4c6fe17bf70dd4b5520d60f55b,NNO Prime,oe:team:7ce620feffbc833577b805ce32faa31,WeSports,oe:player:e3b8d5a9290fe0c7458dc01db4dc9dc,Serin,mid,Orianna,oe:player:6cb01b90479b4f67db603e6f9591124,Syndra,mid:Orianna,lineup-12e790c5321078fe,1,1340.00000000,22.33333333,10,1,9,19.00000000,12032.00000000,22523.00000000,179,1008.49253731,0.24169864,0.34615621,10,0.44776119,0.65517241,2792.00000000,2881.00000000,51.00000000,0,warmup,,,,,
pg-1490086a07ba8e12,LOLTMNT05_89664,2024-10-14T15:08:22,2024-10-14,2024,Unknown,0,14.18,Blue,oe:team:2ae1a4c6fe17bf70dd4b5520d60f55b,NNO Prime,oe:team:7ce620feffbc833577b805ce32faa31,WeSports,oe:player:35650a63e482edbdb82b6950955e052,Lucky,sup,Leona,oe:player:22a7c67bd0f00882e2a6217d6d72a25,Tahm Kench,sup:Leona,lineup-12e790c5321078fe,1,1340.00000000,22.33333333,1,3,14,5.00000000,7007.00000000,4540.00000000,26,203.28358209,0.14075651,0.06977531,66,2.95522388,0.51724138,-408.00000000,-518.00000000,1.00000000,0,warmup,,,,,
pg-cb0cbc774bffedbd,LOLTMNT05_89664,2024-10-14T15:08:22,2024-10-14,2024,Unknown,0,14.18,Blue,oe:team:2ae1a4c6fe17bf70dd4b5520d60f55b,NNO Prime,oe:team:7ce620feffbc833577b805ce32faa31,WeSports,oe:player:1d17186c66b693755087b8af8d0c611,Scarface,top,Jax,name-player-a624051aef0cec36,Gnar,top:Jax,lineup-12e790c5321078fe,1,1340.00000000,22.33333333,7,0,5,12.00000000,10873.00000000,14282.00000000,176,639.49253731,0.21841666,0.21950020,16,0.71641791,0.41379310,2837.00000000,2805.00000000,46.00000000,0,warmup,,,,,
pg-5f6acf343c3642fa,LOLTMNT05_89664,2024-10-14T15:08:22,2024-10-14,2024,Unknown,0,14.18,Red,oe:team:7ce620feffbc833577b805ce32faa31,WeSports,oe:team:2ae1a4c6fe17bf70dd4b5520d60f55b,NNO Prime,oe:player:99fa5f1f22f7de8c29316bb51ea23e0,Limitless,bot,Jinx,oe:player:90704735ca9fc01f2244f23f6e5d635,Jhin,bot:Jinx,lineup-fc8ab18485a7d8f9,0,1340.00000000,22.33333333,6,5,2,1.60000000,9866.00000000,11811.00000000,193,528.85074627,0.28366062,0.31768788,20,0.89552239,1.00000000,1151.00000000,-521.00000000,6.00000000,0,warmup,,,,,
pg-0c1723514ea190e8,LOLTMNT05_89664,2024-10-14T15:08:22,2024-10-14,2024,Unknown,0,14.18,Red,oe:team:7ce620feffbc833577b805ce32faa31,WeSports,oe:team:2ae1a4c6fe17bf70dd4b5520d60f55b,NNO Prime,name-player-2d85bbcef17b886f,WES Sunam,jng,Ivern,oe:player:e041923a70bcde3b24d608958f8edc8,Skarner,jng:Ivern,lineup-fc8ab18485a7d8f9,0,1340.00000000,22.33333333,1,4,6,1.75000000,7022.00000000,2014.00000000,92,90.17910448,0.20189184,0.05417182,16,0.71641791,0.87500000,-674.00000000,-804.00000000,-9.00000000,0,warmup,,,,,
pg-3cbbfed7f81803a1,LOLTMNT05_89664,2024-10-14T15:08:22,2024-10-14,2024,Unknown,0,14.18,Red,oe:team:7ce620feffbc833577b805ce32faa31,WeSports,oe:team:2ae1a4c6fe17bf70dd4b5520d60f55b,NNO Prime,oe:player:6cb01b90479b4f67db603e6f9591124,Lychee,mid,Syndra,oe:player:e3b8d5a9290fe0c7458dc01db4dc9dc,Orianna,mid:Syndra,lineup-fc8ab18485a7d8f9,0,1340.00000000,22.33333333,0,9,4,0.44444444,6500.00000000,11155.00000000,140,499.47761194,0.18688364,0.30004304,10,0.44776119,0.50000000,-2792.00000000,-2881.00000000,-51.00000000,0,warmup,,,,,
pg-fb92e77886196a81,LOLTMNT05_89664,2024-10-14T15:08:22,2024-10-14,2024,Unknown,0,14.18,Red,oe:team:7ce620feffbc833577b805ce32faa31,WeSports,oe:team:2ae1a4c6fe17bf70dd4b5520d60f55b,NNO Prime,oe:player:22a7c67bd0f00882e2a6217d6d72a25,Matinger,sup,Tahm Kench,oe:player:35650a63e482edbdb82b6950955e052,Leona,sup:Tahm Kench,lineup-fc8ab18485a7d8f9,0,1340.00000000,22.33333333,1,3,6,2.33333333,5859.00000000,6464.00000000,28,289.43283582,0.16845404,0.17386626,52,2.32835821,0.87500000,408.00000000,518.00000000,-1.00000000,0,warmup,,,,,
pg-9865ed740c33d2c4,LOLTMNT05_89664,2024-10-14T15:08:22,2024-10-14,2024,Unknown,0,14.18,Red,oe:team:7ce620feffbc833577b805ce32faa31,WeSports,oe:team:2ae1a4c6fe17bf70dd4b5520d60f55b,NNO Prime,name-player-a624051aef0cec36,WES Psychosis,top,Gnar,oe:player:1d17186c66b693755087b8af8d0c611,Jax,top:Gnar,lineup-fc8ab18485a7d8f9,0,1340.00000000,22.33333333,0,8,2,0.25000000,5534.00000000,5734.00000000,104,256.74626866,0.15910986,0.15423100,11,0.49253731,0.25000000,-2837.00000000,-2805.00000000,-46.00000000,0,warmup,,,,,
pg-a81532798e9f42e2,LOLTMNT05_88728,2024-10-14T15:13:40,2024-10-14,2024,Unknown,0,14.18,Blue,oe:team:20ac802b980b4a0e33e933f3a5f9505,Team Mentality,oe:team:26ff1a9f7fb8e976fbdcc5d2a8ac397,E WIE EINFACH E-SPORTS,oe:player:6170acc7982df44bea9133f93176f88,Sheja,bot,Kai'Sa,oe:player:08cc98f89d63a05973e5db39e6b9945,Ezreal,bot:Kai'Sa,lineup-a67825ca9783cd72,0,1612.00000000,26.86666667,3,5,1,0.80000000,10092.00000000,9917.00000000,198,369.11910670,0.22151496,0.15740770,11,0.40942928,0.40000000,466.00000000,-912.00000000,-20.00000000,0,warmup,,,,,
pg-9a034624961ccbcd,LOLTMNT05_88728,2024-10-14T15:13:40,2024-10-14,2024,Unknown,0,14.18,Blue,oe:team:20ac802b980b4a0e33e933f3a5f9505,Team Mentality,oe:team:26ff1a9f7fb8e976fbdcc5d2a8ac397,E WIE EINFACH E-SPORTS,oe:player:4ab250820a1b574c893716ba9134180,Striker,jng,Shyvana,oe:player:3e1b1e0f9c925b2f504d78f3bd5da22,Jarvan IV,jng:Shyvana,lineup-a67825ca9783cd72,0,1612.00000000,26.86666667,3,6,4,1.16666667,9743.00000000,18125.00000000,186,674.62779156,0.21385456,0.28768928,27,1.00496278,0.70000000,-233.00000000,-220.00000000,-1.00000000,0,warmup,,,,,
pg-979b529a14de67ca,LOLTMNT05_88728,2024-10-14T15:13:40,2024-10-14,2024,Unknown,0,14.18,Blue,oe:team:20ac802b980b4a0e33e933f3a5f9505,Team Mentality,oe:team:26ff1a9f7fb8e976fbdcc5d2a8ac397,E WIE EINFACH E-SPORTS,oe:player:ffa51c3e9e63cddfc4e8c4adcf6f016,Unchained,mid,Ryze,oe:player:2ca9469819fb0fb61ff98e914a7ccca,Hwei,mid:Ryze,lineup-a67825ca9783cd72,0,1612.00000000,26.86666667,1,4,4,1.25000000,9386.00000000,12322.00000000,213,458.63523573,0.20601857,0.19558109,27,1.00496278,0.50000000,-1214.00000000,-806.00000000,-25.00000000,0,warmup,,,,,
pg-499cacbbc9ba4754,LOLTMNT05_88728,2024-10-14T15:13:40,2024-10-14,2024,Unknown,0,14.18,Blue,oe:team:20ac802b980b4a0e33e933f3a5f9505,Team Mentality,oe:team:26ff1a9f7fb8e976fbdcc5d2a8ac397,E WIE EINFACH E-SPORTS,oe:player:55a76357763a7268e85b78272f7179a,Turtlaren,sup,Skarner,oe:player:87f462541b21fed4081f063502bf4da,Rell,sup:Skarner,lineup-a67825ca9783cd72,0,1612.00000000,26.86666667,2,5,5,1.40000000,7425.00000000,7265.00000000,26,270.40942928,0.16297548,0.11531380,87,3.23821340,0.70000000,-49.00000000,219.00000000,-4.00000000,0,warmup,,,,,
pg-6287f2cbb0af87a6,LOLTMNT05_88728,2024-10-14T15:13:40,2024-10-14,2024,Unknown,0,14.18,Blue,oe:team:20ac802b980b4a0e33e933f3a5f9505,Team Mentality,oe:team:26ff1a9f7fb8e976fbdcc5d2a8ac397,E WIE EINFACH E-SPORTS,oe:player:b5eb44eff14a0f0624058aa192e3e5e,GentlemanHero,top,K'Sante,oe:player:0fcaa97e5408efcaa78f5517e34cb02,Gnar,top:K'Sante,lineup-a67825ca9783cd72,0,1612.00000000,26.86666667,1,9,4,0.55555556,8913.00000000,15373.00000000,189,572.19602978,0.19563643,0.24400813,9,0.33498759,0.50000000,-1086.00000000,-1074.00000000,-20.00000000,0,warmup,,,,,
pg-f4de7f43d322a32f,LOLTMNT05_88728,2024-10-14T15:13:40,2024-10-14,2024,Unknown,0,14.18,Red,oe:team:26ff1a9f7fb8e976fbdcc5d2a8ac397,E WIE EINFACH E-SPORTS,oe:team:20ac802b980b4a0e33e933f3a5f9505,Team Mentality,oe:player:08cc98f89d63a05973e5db39e6b9945,Noz2k,bot,Ezreal,oe:player:6170acc7982df44bea9133f93176f88,Kai'Sa,bot:Ezreal,lineup-faa4d797b1949e70,1,1612.00000000,26.86666667,3,1,15,18.00000000,11464.00000000,25771.00000000,231,959.21836228,0.19603618,0.24448113,26,0.96774194,0.62068966,-466.00000000,912.00000000,20.00000000,0,warmup,,,,,
pg-57ae83d259b36452,LOLTMNT05_88728,2024-10-14T15:13:40,2024-10-14,2024,Unknown,0,14.18,Red,oe:team:26ff1a9f7fb8e976fbdcc5d2a8ac397,E WIE EINFACH E-SPORTS,oe:team:20ac802b980b4a0e33e933f3a5f9505,Team Mentality,oe:player:3e1b1e0f9c925b2f504d78f3bd5da22,D4nKa,jng,Jarvan IV,oe:player:4ab250820a1b574c893716ba9134180,Shyvana,jng:Jarvan IV,lineup-faa4d797b1949e70,1,1612.00000000,26.86666667,5,4,17,5.50000000,11372.00000000,18355.00000000,167,683.18858561,0.19446297,0.17412794,19,0.70719603,0.75862069,233.00000000,220.00000000,1.00000000,0,warmup,,,,,
pg-2adb927e41321acc,LOLTMNT05_88728,2024-10-14T15:13:40,2024-10-14,2024,Unknown,0,14.18,Red,oe:team:26ff1a9f7fb8e976fbdcc5d2a8ac397,E WIE EINFACH E-SPORTS,oe:team:20ac802b980b4a0e33e933f3a5f9505,Team Mentality,oe:player:2ca9469819fb0fb61ff98e914a7ccca,Relative,mid,Hwei,oe:player:ffa51c3e9e63cddfc4e8c4adcf6f016,Ryze,mid:Hwei,lineup-faa4d797b1949e70,1,1612.00000000,26.86666667,7,2,11,9.00000000,13012.00000000,21078.00000000,242,784.54094293,0.22250722,0.19996016,26,0.96774194,0.62068966,1214.00000000,806.00000000,25.00000000,0,warmup,,,,,
pg-b348b671414ca836,LOLTMNT05_88728,2024-10-14T15:13:40,2024-10-14,2024,Unknown,0,14.18,Red,oe:team:26ff1a9f7fb8e976fbdcc5d2a8ac397,E WIE EINFACH E-SPORTS,oe:team:20ac802b980b4a0e33e933f3a5f9505,Team Mentality,oe:player:87f462541b21fed4081f063502bf4da,Tockimo,sup,Rell,oe:player:55a76357763a7268e85b78272f7179a,Skarner,sup:Rell,lineup-faa4d797b1949e70,1,1612.00000000,26.86666667,5,3,20,8.33333333,8829.00000000,6825.00000000,25,254.03225806,0.15097727,0.06474656,100,3.72208437,0.86206897,49.00000000,-219.00000000,4.00000000,0,warmup,,,,,
pg-5d986264708f5aae,LOLTMNT05_88728,2024-10-14T15:13:40,2024-10-14,2024,Unknown,0,14.18,Red,oe:team:26ff1a9f7fb8e976fbdcc5d2a8ac397,E WIE EINFACH E-SPORTS,oe:team:20ac802b980b4a0e33e933f3a5f9505,Team Mentality,oe:player:0fcaa97e5408efcaa78f5517e34cb02,Flamer,top,Gnar,oe:player:b5eb44eff14a0f0624058aa192e3e5e,K'Sante,top:Gnar,lineup-faa4d797b1949e70,1,1612.00000000,26.86666667,9,0,10,19.00000000,13802.00000000,33382.00000000,247,1242.50620347,0.23601635,0.31668422,25,0.93052109,0.65517241,1086.00000000,1074.00000000,20.00000000,0,warmup,,,,,
pg-6de69878e1119901,LOLTMNT05_89669,2024-10-14T15:16:27,2024-10-14,2024,Unknown,0,14.18,Blue,oe:team:7c4854374e4daa6b00206eb922359a9,MOUZ NXT,oe:team:a1934e3feca7db728021f9c61a6bc27,Austrian Force willhaben,oe:player:6e23b629fe2fc16824ea86bf61cbc4c,Dreilix,bot,Kai'Sa,oe:player:40fa7615556f33971d67c95a702fbcc,Ezreal,bot:Kai'Sa,lineup-94d5b2805c8c75ce,0,1312.00000000,21.86666667,3,4,3,1.50000000,7343.00000000,11441.00000000,141,523.21646341,0.22000180,0.19255108,13,0.59451220,0.85714286,-4546.00000000,-1964.00000000,-62.00000000,0,warmup,,,,,
pg-bf4449bf7a4bee73,LOLTMNT05_89669,2024-10-14T15:16:27,2024-10-14,2024,Unknown,0,14.18,Blue,oe:team:7c4854374e4daa6b00206eb922359a9,MOUZ NXT,oe:team:a1934e3feca7db728021f9c61a6bc27,Austrian Force willhaben,oe:player:a04f4a8e24d54ff98fc27a5aa5a0c3c,Afroboi,jng,Poppy,oe:player:6b7ca7e0fcad1f113f17bc2d30adbf5,Vi,jng:Poppy,lineup-94d5b2805c8c75ce,0,1312.00000000,21.86666667,0,8,7,0.87500000,5493.00000000,5991.00000000,77,273.97865854,0.16457441,0.10082803,21,0.96036585,1.00000000,-1479.00000000,-1558.00000000,-37.00000000,0,warmup,,,,,
pg-190c1fe0b3b0af90,LOLTMNT05_89669,2024-10-14T15:16:27,2024-10-14,2024,Unknown,0,14.18,Blue,oe:team:7c4854374e4daa6b00206eb922359a9,MOUZ NXT,oe:team:a1934e3feca7db728021f9c61a6bc27,Austrian Force willhaben,oe:player:4817eee6e21d12824c37bfbdaf2c325,Kaymin,mid,Swain,oe:player:7e33124e33721ef8f70d2dd843b57da,Ahri,mid:Swain,lineup-94d5b2805c8c75ce,0,1312.00000000,21.86666667,2,8,4,0.75000000,6879.00000000,14262.00000000,143,652.22560976,0.20610001,0.24002827,7,0.32012195,0.85714286,-2153.00000000,-1902.00000000,-32.00000000,0,warmup,,,,,
pg-5fff4746f6b47913,LOLTMNT05_89669,2024-10-14T15:16:27,2024-10-14,2024,Unknown,0,14.18,Blue,oe:team:7c4854374e4daa6b00206eb922359a9,MOUZ NXT,oe:team:a1934e3feca7db728021f9c61a6bc27,Austrian Force willhaben,oe:player:c740f85027b40c5b52e03b0233888f2,Nio,sup,Nautilus,oe:player:280a58c350eef8f164e753447b2a306,Braum,sup:Nautilus,lineup-94d5b2805c8c75ce,0,1312.00000000,21.86666667,0,9,4,0.44444444,4523.00000000,3631.00000000,19,166.05182927,0.13551248,0.06110943,40,1.82926829,0.57142857,-1194.00000000,-662.00000000,3.00000000,0,warmup,,,,,
pg-9cb0502a74ba149b,LOLTMNT05_89669,2024-10-14T15:16:27,2024-10-14,2024,Unknown,0,14.18,Blue,oe:team:7c4854374e4daa6b00206eb922359a9,MOUZ NXT,oe:team:a1934e3feca7db728021f9c61a6bc27,Austrian Force willhaben,oe:player:51777d50bf7bf71ff70b8a32726e40c,Fornoreason,top,Aurora,oe:player:1725cf69407d2dcdf2873d0669409e8,Aatrox,top:Aurora,lineup-94d5b2805c8c75ce,0,1312.00000000,21.86666667,2,2,3,2.50000000,9139.00000000,24093.00000000,187,1101.81402439,0.27381131,0.40548319,9,0.41158537,0.71428571,670.00000000,795.00000000,35.00000000,0,warmup,,,,,
pg-61acc48aacf689ac,LOLTMNT05_89669,2024-10-14T15:16:27,2024-10-14,2024,Unknown,0,14.18,Red,oe:team:a1934e3feca7db728021f9c61a6bc27,Austrian Force willhaben,oe:team:7c4854374e4daa6b00206eb922359a9,MOUZ NXT,oe:player:40fa7615556f33971d67c95a702fbcc,Woolite,bot,Ezreal,oe:player:6e23b629fe2fc16824ea86bf61cbc4c,Kai'Sa,bot:Ezreal,lineup-54e67b5d765adf4b,1,1312.00000000,21.86666667,9,0,8,17.00000000,14222.00000000,24906.00000000,219,1138.99390244,0.27464612,0.27916830,11,0.50304878,0.54838710,4546.00000000,1964.00000000,62.00000000,0,warmup,,,,,
pg-fa62e7ffee43e805,LOLTMNT05_89669,2024-10-14T15:16:27,2024-10-14,2024,Unknown,0,14.18,Red,oe:team:a1934e3feca7db728021f9c61a6bc27,Austrian Force willhaben,oe:team:7c4854374e4daa6b00206eb922359a9,MOUZ NXT,oe:player:6b7ca7e0fcad1f113f17bc2d30adbf5,adi1,jng,Vi,oe:player:a04f4a8e24d54ff98fc27a5aa5a0c3c,Poppy,jng:Vi,lineup-54e67b5d765adf4b,1,1312.00000000,21.86666667,7,2,11,9.00000000,10387.00000000,14027.00000000,144,641.47865854,0.20058707,0.15722692,23,1.05182927,0.58064516,1479.00000000,1558.00000000,37.00000000,0,warmup,,,,,
pg-92e4e382aa16be61,LOLTMNT05_89669,2024-10-14T15:16:27,2024-10-14,2024,Unknown,0,14.18,Red,oe:team:a1934e3feca7db728021f9c61a6bc27,Austrian Force willhaben,oe:team:7c4854374e4daa6b00206eb922359a9,MOUZ NXT,oe:player:7e33124e33721ef8f70d2dd843b57da,ESCIK,mid,Ahri,oe:player:4817eee6e21d12824c37bfbdaf2c325,Swain,mid:Ahri,lineup-54e67b5d765adf4b,1,1312.00000000,21.86666667,8,2,16,12.00000000,11277.00000000,26496.00000000,178,1211.70731707,0.21777417,0.29699042,17,0.77743902,0.77419355,2153.00000000,1902.00000000,32.00000000,0,warmup,,,,,
pg-c5bd9968f335b9e6,LOLTMNT05_89669,2024-10-14T15:16:27,2024-10-14,2024,Unknown,0,14.18,Red,oe:team:a1934e3feca7db728021f9c61a6bc27,Austrian Force willhaben,oe:team:7c4854374e4daa6b00206eb922359a9,MOUZ NXT,oe:player:280a58c350eef8f164e753447b2a306,Vander,sup,Braum,oe:player:c740f85027b40c5b52e03b0233888f2,Nautilus,sup:Braum,lineup-54e67b5d765adf4b,1,1312.00000000,21.86666667,2,1,18,20.00000000,6948.00000000,6735.00000000,16,308.00304878,0.13417531,0.07549179,58,2.65243902,0.64516129,1194.00000000,662.00000000,-3.00000000,0,warmup,,,,,
pg-95b3c502ea777fba,LOLTMNT05_89669,2024-10-14T15:16:27,2024-10-14,2024,Unknown,0,14.18,Red,oe:team:a1934e3feca7db728021f9c61a6bc27,Austrian Force willhaben,oe:team:7c4854374e4daa6b00206eb922359a9,MOUZ NXT,oe:player:1725cf69407d2dcdf2873d0669409e8,Tracyn,top,Aatrox,oe:player:51777d50bf7bf71ff70b8a32726e40c,Aurora,top:Aatrox,lineup-54e67b5d765adf4b,1,1312.00000000,21.86666667,5,2,9,7.00000000,8949.00000000,17051.00000000,158,779.77134146,0.17281733,0.19112257,9,0.41158537,0.45161290,-670.00000000,-795.00000000,-35.00000000,0,warmup,,,,,
pg-8bccc963699ea25a,LOLTMNT05_88734,2024-10-14T15:55:55,2024-10-14,2024,Unknown,0,14.18,Blue,oe:team:7ce620feffbc833577b805ce32faa31,WeSports,oe:team:2ae1a4c6fe17bf70dd4b5520d60f55b,NNO Prime,oe:player:99fa5f1f22f7de8c29316bb51ea23e0,Limitless,bot,Sivir,oe:player:90704735ca9fc01f2244f23f6e5d635,Ziggs,bot:Sivir,lineup-fc8ab18485a7d8f9,0,1353.00000000,22.55000000,1,4,4,1.25000000,8173.00000000,9016.00000000,195,399.82261641,0.22334262,0.13660606,12,0.53215078,0.38461538,-1480.00000000,-992.00000000,-19.00000000,0,warmup,,,,,
pg-2d132c2670afc4bc,LOLTMNT05_88734,2024-10-14T15:55:55,2024-10-14,2024,Unknown,0,14.18,Blue,oe:team:7ce620feffbc833577b805ce32faa31,WeSports,oe:team:2ae1a4c6fe17bf70dd4b5520d60f55b,NNO Prime,name-player-2d85bbcef17b886f,WES Sunam,jng,Jarvan IV,oe:player:e041923a70bcde3b24d608958f8edc8,Sejuani,jng:Jarvan IV,lineup-fc8ab18485a7d8f9,0,1353.00000000,22.55000000,3,3,10,4.33333333,7747.00000000,12025.00000000,99,533.25942350,0.21170137,0.18219697,20,0.88691796,1.00000000,-502.00000000,-216.00000000,-10.00000000,0,warmup,,,,,
pg-be759b27af93db91,LOLTMNT05_88734,2024-10-14T15:55:55,2024-10-14,2024,Unknown,0,14.18,Blue,oe:team:7ce620feffbc833577b805ce32faa31,WeSports,oe:team:2ae1a4c6fe17bf70dd4b5520d60f55b,NNO Prime,oe:player:6cb01b90479b4f67db603e6f9591124,Lychee,mid,Akali,oe:player:e3b8d5a9290fe0c7458dc01db4dc9dc,Renekton,mid:Akali,lineup-fc8ab18485a7d8f9,0,1353.00000000,22.55000000,8,6,2,1.66666667,8630.00000000,21338.00000000,116,946.25277162,0.23583101,0.32330303,21,0.93126386,0.76923077,-1690.00000000,-2358.00000000,-41.00000000,0,warmup,,,,,
pg-e1e88747386cc3d4,LOLTMNT05_88734,2024-10-14T15:55:55,2024-10-14,2024,Unknown,0,14.18,Blue,oe:team:7ce620feffbc833577b805ce32faa31,WeSports,oe:team:2ae1a4c6fe17bf70dd4b5520d60f55b,NNO Prime,oe:player:22a7c67bd0f00882e2a6217d6d72a25,Matinger,sup,Galio,oe:player:35650a63e482edbdb82b6950955e052,Maokai,sup:Galio,lineup-fc8ab18485a7d8f9,0,1353.00000000,22.55000000,0,5,8,1.60000000,4959.00000000,6623.00000000,16,293.70288248,0.13551402,0.10034848,61,2.70509978,0.61538462,-1237.00000000,238.00000000,-4.00000000,0,warmup,,,,,
pg-ef46ac070b356fc8,LOLTMNT05_88734,2024-10-14T15:55:55,2024-10-14,2024,Unknown,0,14.18,Blue,oe:team:7ce620feffbc833577b805ce32faa31,WeSports,oe:team:2ae1a4c6fe17bf70dd4b5520d60f55b,NNO Prime,name-player-a624051aef0cec36,WES Psychosis,top,Poppy,oe:player:1d17186c66b693755087b8af8d0c611,Garen,top:Poppy,lineup-fc8ab18485a7d8f9,0,1353.00000000,22.55000000,1,5,5,1.20000000,7085.00000000,16998.00000000,143,753.79157428,0.19361097,0.25754545,10,0.44345898,0.46153846,-2101.00000000,-837.00000000,2.00000000,0,warmup,,,,,
pg-a8d789ec4e52c0e7,LOLTMNT05_88734,2024-10-14T15:55:55,2024-10-14,2024,Unknown,0,14.18,Red,oe:team:2ae1a4c6fe17bf70dd4b5520d60f55b,NNO Prime,oe:team:7ce620feffbc833577b805ce32faa31,WeSports,oe:player:90704735ca9fc01f2244f23f6e5d635,Shiganari,bot,Ziggs,oe:player:99fa5f1f22f7de8c29316bb51ea23e0,Sivir,bot:Ziggs,lineup-12e790c5321078fe,1,1353.00000000,22.55000000,4,1,8,12.00000000,10520.00000000,26625.00000000,200,1180.70953437,0.22097127,0.28886840,14,0.62084257,0.52173913,1480.00000000,992.00000000,19.00000000,0,warmup,,,,,
pg-00d44af0a44b6c2b,LOLTMNT05_88734,2024-10-14T15:55:55,2024-10-14,2024,Unknown,0,14.18,Red,oe:team:2ae1a4c6fe17bf70dd4b5520d60f55b,NNO Prime,oe:team:7ce620feffbc833577b805ce32faa31,WeSports,oe:player:e041923a70bcde3b24d608958f8edc8,Shlatan,jng,Sejuani,name-player-2d85bbcef17b886f,Jarvan IV,jng:Sejuani,lineup-12e790c5321078fe,1,1353.00000000,22.55000000,3,3,11,4.66666667,8236.00000000,15773.00000000,117,699.46784922,0.17299614,0.17112943,23,1.01995565,0.60869565,502.00000000,216.00000000,10.00000000,0,warmup,,,,,
pg-1484182986339916,LOLTMNT05_88734,2024-10-14T15:55:55,2024-10-14,2024,Unknown,0,14.18,Red,oe:team:2ae1a4c6fe17bf70dd4b5520d60f55b,NNO Prime,oe:team:7ce620feffbc833577b805ce32faa31,WeSports,oe:player:e3b8d5a9290fe0c7458dc01db4dc9dc,Serin,mid,Renekton,oe:player:6cb01b90479b4f67db603e6f9591124,Akali,mid:Renekton,lineup-12e790c5321078fe,1,1353.00000000,22.55000000,9,4,4,3.25000000,10673.00000000,20905.00000000,184,927.05099778,0.22418501,0.22680916,22,0.97560976,0.56521739,1690.00000000,2358.00000000,41.00000000,0,warmup,,,,,
pg-6341403303411836,LOLTMNT05_88734,2024-10-14T15:55:55,2024-10-14,2024,Unknown,0,14.18,Red,oe:team:2ae1a4c6fe17bf70dd4b5520d60f55b,NNO Prime,oe:team:7ce620feffbc833577b805ce32faa31,WeSports,oe:player:35650a63e482edbdb82b6950955e052,Lucky,sup,Maokai,oe:player:22a7c67bd0f00882e2a6217d6d72a25,Galio,sup:Maokai,lineup-12e790c5321078fe,1,1353.00000000,22.55000000,2,4,13,3.75000000,6884.00000000,9136.00000000,23,405.14412417,0.14459755,0.09912119,66,2.92682927,0.65217391,1237.00000000,-238.00000000,4.00000000,0,warmup,,,,,
pg-d6c06b5bd178a89d,LOLTMNT05_88734,2024-10-14T15:55:55,2024-10-14,2024,Unknown,0,14.18,Red,oe:team:2ae1a4c6fe17bf70dd4b5520d60f55b,NNO Prime,oe:team:7ce620feffbc833577b805ce32faa31,WeSports,oe:player:1d17186c66b693755087b8af8d0c611,Scarface,top,Garen,name-player-a624051aef0cec36,Poppy,top:Garen,lineup-12e790c5321078fe,1,1353.00000000,22.55000000,5,1,3,8.00000000,11295.00000000,19731.00000000,169,874.98891353,0.23725004,0.21407182,14,0.62084257,0.34782609,2101.00000000,837.00000000,-2.00000000,0,warmup,,,,,
pg-63d17717712fbf02,LOLTMNT05_88736,2024-10-14T16:01:06,2024-10-14,2024,Unknown,0,14.18,Blue,oe:team:a1934e3feca7db728021f9c61a6bc27,Austrian Force willhaben,oe:team:7c4854374e4daa6b00206eb922359a9,MOUZ NXT,oe:player:40fa7615556f33971d67c95a702fbcc,Woolite,bot,Jhin,oe:player:6e23b629fe2fc16824ea86bf61cbc4c,Ashe,bot:Jhin,lineup-54e67b5d765adf4b,0,1822.00000000,30.36666667,1,5,5,1.20000000,11924.00000000,18761.00000000,264,617.81558727,0.23485386,0.25756806,18,0.59275521,0.54545455,-914.00000000,-483.00000000,14.00000000,0,warmup,,,,,
pg-ff40b92863c78346,LOLTMNT05_88736,2024-10-14T16:01:06,2024-10-14,2024,Unknown,0,14.18,Blue,oe:team:a1934e3feca7db728021f9c61a6bc27,Austrian Force willhaben,oe:team:7c4854374e4daa6b00206eb922359a9,MOUZ NXT,oe:player:6b7ca7e0fcad1f113f17bc2d30adbf5,adi1,jng,Sejuani,oe:player:a04f4a8e24d54ff98fc27a5aa5a0c3c,Jarvan IV,jng:Sejuani,lineup-54e67b5d765adf4b,0,1822.00000000,30.36666667,2,8,5,0.87500000,9503.00000000,12425.00000000,172,409.16575192,0.18717009,0.17058169,54,1.77826564,0.63636364,-2095.00000000,-729.00000000,-6.00000000,0,warmup,,,,,
pg-2a693b02254fa964,LOLTMNT05_88736,2024-10-14T16:01:06,2024-10-14,2024,Unknown,0,14.18,Blue,oe:team:a1934e3feca7db728021f9c61a6bc27,Austrian Force willhaben,oe:team:7c4854374e4daa6b00206eb922359a9,MOUZ NXT,oe:player:7e33124e33721ef8f70d2dd843b57da,ESCIK,mid,LeBlanc,oe:player:4817eee6e21d12824c37bfbdaf2c325,Vex,mid:LeBlanc,lineup-54e67b5d765adf4b,0,1822.00000000,30.36666667,3,6,5,1.33333333,10771.00000000,13753.00000000,240,452.89791438,0.21214449,0.18881368,27,0.88913282,0.72727273,-603.00000000,-723.00000000,-8.00000000,0,warmup,,,,,
pg-8ed63ea9b1588e93,LOLTMNT05_88736,2024-10-14T16:01:06,2024-10-14,2024,Unknown,0,14.18,Blue,oe:team:a1934e3feca7db728021f9c61a6bc27,Austrian Force willhaben,oe:team:7c4854374e4daa6b00206eb922359a9,MOUZ NXT,oe:player:280a58c350eef8f164e753447b2a306,Vander,sup,Alistar,oe:player:c740f85027b40c5b52e03b0233888f2,Rell,sup:Alistar,lineup-54e67b5d765adf4b,0,1822.00000000,30.36666667,0,6,4,0.66666667,6052.00000000,3056.00000000,27,100.63666301,0.11919956,0.04195555,97,3.19429199,0.36363636,-523.00000000,-42.00000000,4.00000000,0,warmup,,,,,
pg-2b4e35b1fbad6842,LOLTMNT05_88736,2024-10-14T16:01:06,2024-10-14,2024,Unknown,0,14.18,Blue,oe:team:a1934e3feca7db728021f9c61a6bc27,Austrian Force willhaben,oe:team:7c4854374e4daa6b00206eb922359a9,MOUZ NXT,oe:player:1725cf69407d2dcdf2873d0669409e8,Tracyn,top,Jax,oe:player:51777d50bf7bf71ff70b8a32726e40c,K'Sante,top:Jax,lineup-54e67b5d765adf4b,0,1822.00000000,30.36666667,5,5,3,1.60000000,12522.00000000,24844.00000000,228,818.13391877,0.24663200,0.34108101,18,0.59275521,0.72727273,1369.00000000,441.00000000,23.00000000,0,warmup,,,,,
pg-65ac34e0df80cd94,LOLTMNT05_88736,2024-10-14T16:01:06,2024-10-14,2024,Unknown,0,14.18,Red,oe:team:7c4854374e4daa6b00206eb922359a9,MOUZ NXT,oe:team:a1934e3feca7db728021f9c61a6bc27,Austrian Force willhaben,oe:player:6e23b629fe2fc16824ea86bf61cbc4c,Dreilix,bot,Ashe,oe:player:40fa7615556f33971d67c95a702fbcc,Jhin,bot:Ashe,lineup-94d5b2805c8c75ce,1,1822.00000000,30.36666667,8,2,10,9.00000000,13327.00000000,22224.00000000,251,731.85510428,0.21001954,0.20160749,32,1.05378705,0.60000000,914.00000000,483.00000000,-14.00000000,0,warmup,,,,,
pg-76aa1691ba6b0866,LOLTMNT05_88736,2024-10-14T16:01:06,2024-10-14,2024,Unknown,0,14.18,Red,oe:team:7c4854374e4daa6b00206eb922359a9,MOUZ NXT,oe:team:a1934e3feca7db728021f9c61a6bc27,Austrian Force willhaben,oe:player:a04f4a8e24d54ff98fc27a5aa5a0c3c,Afroboi,jng,Jarvan IV,oe:player:6b7ca7e0fcad1f113f17bc2d30adbf5,Sejuani,jng:Jarvan IV,lineup-94d5b2805c8c75ce,1,1822.00000000,30.36666667,10,0,16,26.00000000,15045.00000000,26416.00000000,210,869.90120746,0.23709342,0.23963568,50,1.64654226,0.86666667,2095.00000000,729.00000000,6.00000000,0,warmup,,,,,
pg-3a66b777b02cbccf,LOLTMNT05_88736,2024-10-14T16:01:06,2024-10-14,2024,Unknown,0,14.18,Red,oe:team:7c4854374e4daa6b00206eb922359a9,MOUZ NXT,oe:team:a1934e3feca7db728021f9c61a6bc27,Austrian Force willhaben,oe:player:4817eee6e21d12824c37bfbdaf2c325,Kaymin,mid,Vex,oe:player:7e33124e33721ef8f70d2dd843b57da,LeBlanc,mid:Vex,lineup-94d5b2805c8c75ce,1,1822.00000000,30.36666667,9,6,13,3.66666667,14371.00000000,28996.00000000,239,954.86278814,0.22647189,0.26304044,26,0.85620198,0.73333333,603.00000000,723.00000000,8.00000000,0,warmup,,,,,
pg-7a3a4f1abce88db2,LOLTMNT05_88736,2024-10-14T16:01:06,2024-10-14,2024,Unknown,0,14.18,Red,oe:team:7c4854374e4daa6b00206eb922359a9,MOUZ NXT,oe:team:a1934e3feca7db728021f9c61a6bc27,Austrian Force willhaben,oe:player:c740f85027b40c5b52e03b0233888f2,Nio,sup,Rell,oe:player:280a58c350eef8f164e753447b2a306,Alistar,sup:Rell,lineup-94d5b2805c8c75ce,1,1822.00000000,30.36666667,0,2,20,10.00000000,8014.00000000,5184.00000000,27,170.71350165,0.12629223,0.04702723,83,2.73326015,0.66666667,523.00000000,42.00000000,-4.00000000,0,warmup,,,,,
pg-567ec1ea6cf47aa9,LOLTMNT05_88736,2024-10-14T16:01:06,2024-10-14,2024,Unknown,0,14.18,Red,oe:team:7c4854374e4daa6b00206eb922359a9,MOUZ NXT,oe:team:a1934e3feca7db728021f9c61a6bc27,Austrian Force willhaben,oe:player:51777d50bf7bf71ff70b8a32726e40c,Fornoreason,top,K'Sante,oe:player:1725cf69407d2dcdf2873d0669409e8,Jax,top:K'Sante,lineup-94d5b2805c8c75ce,1,1822.00000000,30.36666667,3,1,14,17.00000000,12699.00000000,27414.00000000,241,902.76619100,0.20012292,0.24868915,26,0.85620198,0.56666667,-1369.00000000,-441.00000000,-23.00000000,0,warmup,,,,,
pg-b20fa13c19b23534,LOLTMNT05_89671,2024-10-14T16:01:17,2024-10-14,2024,Unknown,0,14.18,Blue,oe:team:26ff1a9f7fb8e976fbdcc5d2a8ac397,E WIE EINFACH E-SPORTS,oe:team:20ac802b980b4a0e33e933f3a5f9505,Team Mentality,oe:player:08cc98f89d63a05973e5db39e6b9945,Noz2k,bot,Jinx,oe:player:6170acc7982df44bea9133f93176f88,Jhin,bot:Jinx,lineup-faa4d797b1949e70,1,1436.00000000,23.93333333,6,2,7,6.50000000,11322.00000000,18113.00000000,230,756.81058496,0.21500190,0.24977591,19,0.79387187,0.41935484,-413.00000000,-42.00000000,13.00000000,0,warmup,,,,,
pg-057c61b77ea5b211,LOLTMNT05_89671,2024-10-14T16:01:17,2024-10-14,2024,Unknown,0,14.18,Blue,oe:team:26ff1a9f7fb8e976fbdcc5d2a8ac397,E WIE EINFACH E-SPORTS,oe:team:20ac802b980b4a0e33e933f3a5f9505,Team Mentality,oe:player:3e1b1e0f9c925b2f504d78f3bd5da22,D4nKa,jng,Sejuani,oe:player:4ab250820a1b574c893716ba9134180,Amumu,jng:Sejuani,lineup-faa4d797b1949e70,1,1436.00000000,23.93333333,5,3,16,7.00000000,9954.00000000,10115.00000000,124,422.63231198,0.18902393,0.13948453,22,0.91922006,0.67741935,-505.00000000,-411.00000000,-24.00000000,0,warmup,,,,,
pg-032ba2cf5945f024,LOLTMNT05_89671,2024-10-14T16:01:17,2024-10-14,2024,Unknown,0,14.18,Blue,oe:team:26ff1a9f7fb8e976fbdcc5d2a8ac397,E WIE EINFACH E-SPORTS,oe:team:20ac802b980b4a0e33e933f3a5f9505,Team Mentality,oe:player:2ca9469819fb0fb61ff98e914a7ccca,Relative,mid,Sylas,oe:player:ffa51c3e9e63cddfc4e8c4adcf6f016,Vayne,mid:Sylas,lineup-faa4d797b1949e70,1,1436.00000000,23.93333333,11,1,7,18.00000000,12013.00000000,21619.00000000,181,903.30083565,0.22812381,0.29812320,25,1.04456825,0.58064516,1276.00000000,1117.00000000,3.00000000,0,warmup,,,,,
pg-087588cb141756fc,LOLTMNT05_89671,2024-10-14T16:01:17,2024-10-14,2024,Unknown,0,14.18,Blue,oe:team:26ff1a9f7fb8e976fbdcc5d2a8ac397,E WIE EINFACH E-SPORTS,oe:team:20ac802b980b4a0e33e933f3a5f9505,Team Mentality,oe:player:87f462541b21fed4081f063502bf4da,Tockimo,sup,Alistar,oe:player:55a76357763a7268e85b78272f7179a,Leona,sup:Alistar,lineup-faa4d797b1949e70,1,1436.00000000,23.93333333,0,4,20,5.00000000,6719.00000000,5444.00000000,23,227.46518106,0.12759210,0.07507205,59,2.46518106,0.64516129,-148.00000000,732.00000000,1.00000000,0,warmup,,,,,
pg-7a57aaab351a61d2,LOLTMNT05_89671,2024-10-14T16:01:17,2024-10-14,2024,Unknown,0,14.18,Blue,oe:team:26ff1a9f7fb8e976fbdcc5d2a8ac397,E WIE EINFACH E-SPORTS,oe:team:20ac802b980b4a0e33e933f3a5f9505,Team Mentality,oe:player:0fcaa97e5408efcaa78f5517e34cb02,Flamer,top,Renekton,oe:player:b5eb44eff14a0f0624058aa192e3e5e,Kennen,top:Renekton,lineup-faa4d797b1949e70,1,1436.00000000,23.93333333,9,2,6,7.50000000,12652.00000000,17226.00000000,206,719.74930362,0.24025826,0.23754430,11,0.45961003,0.48387097,1592.00000000,2257.00000000,36.00000000,0,warmup,,,,,
pg-abea9733bde8a126,LOLTMNT05_89671,2024-10-14T16:01:17,2024-10-14,2024,Unknown,0,14.18,Red,oe:team:20ac802b980b4a0e33e933f3a5f9505,Team Mentality,oe:team:26ff1a9f7fb8e976fbdcc5d2a8ac397,E WIE EINFACH E-SPORTS,oe:player:6170acc7982df44bea9133f93176f88,Sheja,bot,Jhin,oe:player:08cc98f89d63a05973e5db39e6b9945,Jinx,bot:Jhin,lineup-a67825ca9783cd72,0,1436.00000000,23.93333333,4,4,4,2.00000000,10012.00000000,13310.00000000,186,556.12813370,0.24307461,0.17886900,5,0.20891365,0.66666667,413.00000000,42.00000000,-13.00000000,0,warmup,,,,,
pg-858a95f264978377,LOLTMNT05_89671,2024-10-14T16:01:17,2024-10-14,2024,Unknown,0,14.18,Red,oe:team:20ac802b980b4a0e33e933f3a5f9505,Team Mentality,oe:team:26ff1a9f7fb8e976fbdcc5d2a8ac397,E WIE EINFACH E-SPORTS,oe:player:4ab250820a1b574c893716ba9134180,Striker,jng,Amumu,oe:player:3e1b1e0f9c925b2f504d78f3bd5da22,Sejuani,jng:Amumu,lineup-a67825ca9783cd72,0,1436.00000000,23.93333333,2,6,8,1.66666667,8319.00000000,20889.00000000,162,872.79944290,0.20197140,0.28072085,18,0.75208914,0.83333333,505.00000000,411.00000000,24.00000000,0,warmup,,,,,
pg-1088bc7f47af1961,LOLTMNT05_89671,2024-10-14T16:01:17,2024-10-14,2024,Unknown,0,14.18,Red,oe:team:20ac802b980b4a0e33e933f3a5f9505,Team Mentality,oe:team:26ff1a9f7fb8e976fbdcc5d2a8ac397,E WIE EINFACH E-SPORTS,oe:player:ffa51c3e9e63cddfc4e8c4adcf6f016,Unchained,mid,Vayne,oe:player:2ca9469819fb0fb61ff98e914a7ccca,Sylas,mid:Vayne,lineup-a67825ca9783cd72,0,1436.00000000,23.93333333,3,7,3,0.85714286,8896.00000000,15701.00000000,179,656.03064067,0.21597999,0.21100091,18,0.75208914,0.50000000,-1276.00000000,-1117.00000000,-3.00000000,0,warmup,,,,,
pg-a21c372861efbe43,LOLTMNT05_89671,2024-10-14T16:01:17,2024-10-14,2024,Unknown,0,14.18,Red,oe:team:20ac802b980b4a0e33e933f3a5f9505,Team Mentality,oe:team:26ff1a9f7fb8e976fbdcc5d2a8ac397,E WIE EINFACH E-SPORTS,oe:player:55a76357763a7268e85b78272f7179a,Turtlaren,sup,Leona,oe:player:87f462541b21fed4081f063502bf4da,Alistar,sup:Leona,lineup-a67825ca9783cd72,0,1436.00000000,23.93333333,0,5,10,2.00000000,5621.00000000,7035.00000000,22,293.94150418,0.13646847,0.09454120,63,2.63231198,0.83333333,148.00000000,-732.00000000,-1.00000000,0,warmup,,,,,
pg-36bcbc72db19e644,LOLTMNT05_89671,2024-10-14T16:01:17,2024-10-14,2024,Unknown,0,14.18,Red,oe:team:20ac802b980b4a0e33e933f3a5f9505,Team Mentality,oe:team:26ff1a9f7fb8e976fbdcc5d2a8ac397,E WIE EINFACH E-SPORTS,oe:player:b5eb44eff14a0f0624058aa192e3e5e,GentlemanHero,top,Kennen,oe:player:0fcaa97e5408efcaa78f5517e34cb02,Renekton,top:Kennen,lineup-a67825ca9783cd72,0,1436.00000000,23.93333333,3,9,0,0.33333333,8341.00000000,17477.00000000,190,730.23676880,0.20250552,0.23486803,14,0.58495822,0.25000000,-1592.00000000,-2257.00000000,-36.00000000,0,warmup,,,,,
pg-5142af592408e1e4,LOLTMNT05_89672,2024-10-14T16:01:50,2024-10-14,2024,Unknown,0,14.18,Blue,name-team-fcd6aea04154f147,DKB XPERION NXT RAW,oe:team:3de935df8f40fbb4d0e564d4a20e6cb,Berlin International Gaming,oe:player:307bc10d48d7b6d1af5fd1dae30b77e,Miella,bot,Jhin,oe:player:71b8101d78beb04a089caa90a8d9310,Ashe,bot:Jhin,lineup-2225d6daff9ebbd6,0,1425.00000000,23.75000000,2,2,3,2.50000000,8346.00000000,22035.00000000,171,927.78947368,0.24458576,0.36049670,7,0.29473684,0.71428571,-704.00000000,409.00000000,-22.00000000,0,warmup,,,,,
pg-f611eaee857773de,LOLTMNT05_89672,2024-10-14T16:01:50,2024-10-14,2024,Unknown,0,14.18,Blue,name-team-fcd6aea04154f147,DKB XPERION NXT RAW,oe:team:3de935df8f40fbb4d0e564d4a20e6cb,Berlin International Gaming,oe:player:45cf8adbf60961e7ffec251ac8c90f8,Hummelu,jng,Volibear,oe:player:3597a9b82f5f462aaa8a0fa552a9bac,Vi,jng:Volibear,lineup-2225d6daff9ebbd6,0,1425.00000000,23.75000000,2,6,4,1.00000000,7100.00000000,12462.00000000,105,524.71578947,0.20807080,0.20388064,13,0.54736842,0.85714286,-360.00000000,-704.00000000,-15.00000000,0,warmup,,,,,
pg-14fdd10967c2e079,LOLTMNT05_89672,2024-10-14T16:01:50,2024-10-14,2024,Unknown,0,14.18,Blue,name-team-fcd6aea04154f147,DKB XPERION NXT RAW,oe:team:3de935df8f40fbb4d0e564d4a20e6cb,Berlin International Gaming,oe:player:b8325d5a974eac1dbce808677f1dec4,Don Arts,mid,Karma,oe:player:2096ff50c6496d70e4b39793390c9ce,Ryze,mid:Karma,lineup-2225d6daff9ebbd6,0,1425.00000000,23.75000000,1,11,2,0.27272727,6718.00000000,11287.00000000,127,475.24210526,0.19687601,0.18465742,12,0.50526316,0.42857143,-2648.00000000,-1419.00000000,-42.00000000,0,warmup,,,,,
pg-8be6f3a2dfa03f35,LOLTMNT05_89672,2024-10-14T16:01:50,2024-10-14,2024,Unknown,0,14.18,Blue,name-team-fcd6aea04154f147,DKB XPERION NXT RAW,oe:team:3de935df8f40fbb4d0e564d4a20e6cb,Berlin International Gaming,oe:player:7d175e5e531838434b46cce41dfc805,Fabiox,sup,Leona,oe:player:74f3f60a44ee916ecc257a5381be756,Alistar,sup:Leona,lineup-2225d6daff9ebbd6,0,1425.00000000,23.75000000,0,7,4,0.57142857,5257.00000000,6383.00000000,11,268.75789474,0.15406031,0.10442707,65,2.73684211,0.57142857,-741.00000000,-1715.00000000,-11.00000000,0,warmup,,,,,
pg-3faaf5735a4e7178,LOLTMNT05_89672,2024-10-14T16:01:50,2024-10-14,2024,Unknown,0,14.18,Blue,name-team-fcd6aea04154f147,DKB XPERION NXT RAW,oe:team:3de935df8f40fbb4d0e564d4a20e6cb,Berlin International Gaming,oe:player:5aa54e3d3da32bc6cc40212b1a512af,R4GN4X,top,Renekton,oe:player:e0b008815ab05c5cdaf4d46ab61ff63,K'Sante,top:Renekton,lineup-2225d6daff9ebbd6,0,1425.00000000,23.75000000,2,7,1,0.42857143,6702.00000000,8957.00000000,126,377.13684211,0.19640712,0.14653818,15,0.63157895,0.42857143,-611.00000000,-1216.00000000,-28.00000000,0,warmup,,,,,
pg-b1a9c13756cf539a,LOLTMNT05_89672,2024-10-14T16:01:50,2024-10-14,2024,Unknown,0,14.18,Red,oe:team:3de935df8f40fbb4d0e564d4a20e6cb,Berlin International Gaming,name-team-fcd6aea04154f147,DKB XPERION NXT RAW,oe:player:71b8101d78beb04a089caa90a8d9310,Jeskla,bot,Ashe,oe:player:307bc10d48d7b6d1af5fd1dae30b77e,Jhin,bot:Ashe,lineup-82727a2573d80da3,1,1425.00000000,23.75000000,10,1,10,20.00000000,13584.00000000,23615.00000000,232,994.31578947,0.24715708,0.26370448,30,1.26315789,0.60606061,704.00000000,-409.00000000,22.00000000,0,warmup,,,,,
pg-285cf58899580248,LOLTMNT05_89672,2024-10-14T16:01:50,2024-10-14,2024,Unknown,0,14.18,Red,oe:team:3de935df8f40fbb4d0e564d4a20e6cb,Berlin International Gaming,name-team-fcd6aea04154f147,DKB XPERION NXT RAW,oe:player:3597a9b82f5f462aaa8a0fa552a9bac,Densi,jng,Vi,oe:player:45cf8adbf60961e7ffec251ac8c90f8,Volibear,jng:Vi,lineup-82727a2573d80da3,1,1425.00000000,23.75000000,6,0,19,25.00000000,10767.00000000,18757.00000000,142,789.76842105,0.19590255,0.20945606,40,1.68421053,0.75757576,360.00000000,704.00000000,15.00000000,0,warmup,,,,,
pg-977acef7b933fc6d,LOLTMNT05_89672,2024-10-14T16:01:50,2024-10-14,2024,Unknown,0,14.18,Red,oe:team:3de935df8f40fbb4d0e564d4a20e6cb,Berlin International Gaming,name-team-fcd6aea04154f147,DKB XPERION NXT RAW,oe:player:2096ff50c6496d70e4b39793390c9ce,Sencux,mid,Ryze,oe:player:b8325d5a974eac1dbce808677f1dec4,Karma,mid:Ryze,lineup-82727a2573d80da3,1,1425.00000000,23.75000000,8,2,10,9.00000000,13126.00000000,23303.00000000,225,981.17894737,0.23882389,0.26022043,19,0.80000000,0.54545455,2648.00000000,1419.00000000,42.00000000,0,warmup,,,,,
pg-ce5a56311993cca2,LOLTMNT05_89672,2024-10-14T16:01:50,2024-10-14,2024,Unknown,0,14.18,Red,oe:team:3de935df8f40fbb4d0e564d4a20e6cb,Berlin International Gaming,name-team-fcd6aea04154f147,DKB XPERION NXT RAW,oe:player:74f3f60a44ee916ecc257a5381be756,Lekcyc,sup,Alistar,oe:player:7d175e5e531838434b46cce41dfc805,Leona,sup:Alistar,lineup-82727a2573d80da3,1,1425.00000000,23.75000000,3,2,21,12.00000000,7845.00000000,6506.00000000,30,273.93684211,0.14273758,0.07265134,73,3.07368421,0.72727273,741.00000000,1715.00000000,11.00000000,0,warmup,,,,,
pg-4a4533d71f4280e5,LOLTMNT05_89672,2024-10-14T16:01:50,2024-10-14,2024,Unknown,0,14.18,Red,oe:team:3de935df8f40fbb4d0e564d4a20e6cb,Berlin International Gaming,name-team-fcd6aea04154f147,DKB XPERION NXT RAW,oe:player:e0b008815ab05c5cdaf4d46ab61ff63,Vizicsacsi,top,K'Sante,oe:player:5aa54e3d3da32bc6cc40212b1a512af,Renekton,top:K'Sante,lineup-82727a2573d80da3,1,1425.00000000,23.75000000,6,3,14,6.66666667,9639.00000000,17370.00000000,161,731.36842105,0.17537891,0.19396768,25,1.05263158,0.60606061,611.00000000,1216.00000000,28.00000000,0,warmup,,,,,
pg-63bea93ffe49cf9d,LOLTMNT05_89680,2024-10-14T16:52:15,2024-10-14,2024,Unknown,0,14.18,Blue,oe:team:a1934e3feca7db728021f9c61a6bc27,Austrian Force willhaben,oe:team:7c4854374e4daa6b00206eb922359a9,MOUZ NXT,oe:player:40fa7615556f33971d67c95a702fbcc,Woolite,bot,Jinx,oe:player:6e23b629fe2fc16824ea86bf61cbc4c,Varus,bot:Jinx,lineup-54e67b5d765adf4b,1,1797.00000000,29.95000000,9,2,14,11.50000000,14980.00000000,24788.00000000,298,827.64607679,0.23430413,0.22681978,42,1.40233723,0.60526316,922.00000000,1428.00000000,32.00000000,0,warmup,,,,,
pg-2dc1de741d9ee41c,LOLTMNT05_89680,2024-10-14T16:52:15,2024-10-14,2024,Unknown,0,14.18,Blue,oe:team:a1934e3feca7db728021f9c61a6bc27,Austrian Force willhaben,oe:team:7c4854374e4daa6b00206eb922359a9,MOUZ NXT,oe:player:6b7ca7e0fcad1f113f17bc2d30adbf5,adi1,jng,Volibear,oe:player:a04f4a8e24d54ff98fc27a5aa5a0c3c,Xin Zhao,jng:Volibear,lineup-54e67b5d765adf4b,1,1797.00000000,29.95000000,9,6,17,4.33333333,11979.00000000,20453.00000000,144,682.90484140,0.18736510,0.18715286,34,1.13522538,0.68421053,743.00000000,457.00000000,12.00000000,0,warmup,,,,,
pg-a6d4de81447788a5,LOLTMNT05_89680,2024-10-14T16:52:15,2024-10-14,2024,Unknown,0,14.18,Blue,oe:team:a1934e3feca7db728021f9c61a6bc27,Austrian Force willhaben,oe:team:7c4854374e4daa6b00206eb922359a9,MOUZ NXT,oe:player:7e33124e33721ef8f70d2dd843b57da,ESCIK,mid,Orianna,oe:player:4817eee6e21d12824c37bfbdaf2c325,Xerath,mid:Orianna,lineup-54e67b5d765adf4b,1,1797.00000000,29.95000000,10,1,16,26.00000000,13870.00000000,31217.00000000,206,1042.30383973,0.21694247,0.28564762,49,1.63606010,0.68421053,2355.00000000,10.00000000,9.00000000,0,warmup,,,,,
pg-ec85d9babbe1acbd,LOLTMNT05_89680,2024-10-14T16:52:15,2024-10-14,2024,Unknown,0,14.18,Blue,oe:team:a1934e3feca7db728021f9c61a6bc27,Austrian Force willhaben,oe:team:7c4854374e4daa6b00206eb922359a9,MOUZ NXT,oe:player:280a58c350eef8f164e753447b2a306,Vander,sup,Rakan,oe:player:c740f85027b40c5b52e03b0233888f2,Leona,sup:Rakan,lineup-54e67b5d765adf4b,1,1797.00000000,29.95000000,1,1,28,29.00000000,8718.00000000,7198.00000000,23,240.33388982,0.13635937,0.06586448,96,3.20534224,0.76315789,536.00000000,1821.00000000,1.00000000,0,warmup,,,,,
pg-b10c23498cc97d51,LOLTMNT05_89680,2024-10-14T16:52:15,2024-10-14,2024,Unknown,0,14.18,Blue,oe:team:a1934e3feca7db728021f9c61a6bc27,Austrian Force willhaben,oe:team:7c4854374e4daa6b00206eb922359a9,MOUZ NXT,oe:player:1725cf69407d2dcdf2873d0669409e8,Tracyn,top,Gnar,oe:player:51777d50bf7bf71ff70b8a32726e40c,Rumble,top:Gnar,lineup-54e67b5d765adf4b,1,1797.00000000,29.95000000,9,2,6,7.50000000,14387.00000000,25629.00000000,217,855.72621035,0.22502894,0.23451526,17,0.56761269,0.39473684,1144.00000000,416.00000000,-1.00000000,0,warmup,,,,,
pg-21b7682a3d5ee8e4,LOLTMNT05_89680,2024-10-14T16:52:15,2024-10-14,2024,Unknown,0,14.18,Red,oe:team:7c4854374e4daa6b00206eb922359a9,MOUZ NXT,oe:team:a1934e3feca7db728021f9c61a6bc27,Austrian Force willhaben,oe:player:6e23b629fe2fc16824ea86bf61cbc4c,Dreilix,bot,Varus,oe:player:40fa7615556f33971d67c95a702fbcc,Jinx,bot:Varus,lineup-94d5b2805c8c75ce,0,1797.00000000,29.95000000,1,10,9,1.00000000,10068.00000000,24407.00000000,183,814.92487479,0.20564146,0.25530068,18,0.60100167,0.83333333,-922.00000000,-1428.00000000,-32.00000000,0,warmup,,,,,
pg-69bb094187ba136d,LOLTMNT05_89680,2024-10-14T16:52:15,2024-10-14,2024,Unknown,0,14.18,Red,oe:team:7c4854374e4daa6b00206eb922359a9,MOUZ NXT,oe:team:a1934e3feca7db728021f9c61a6bc27,Austrian Force willhaben,oe:player:a04f4a8e24d54ff98fc27a5aa5a0c3c,Afroboi,jng,Xin Zhao,oe:player:6b7ca7e0fcad1f113f17bc2d30adbf5,Volibear,jng:Xin Zhao,lineup-94d5b2805c8c75ce,0,1797.00000000,29.95000000,4,5,6,2.00000000,9973.00000000,17072.00000000,135,570.01669449,0.20370106,0.17857554,35,1.16861436,0.83333333,-743.00000000,-457.00000000,-12.00000000,0,warmup,,,,,
pg-0c3a533bf4978640,LOLTMNT05_89680,2024-10-14T16:52:15,2024-10-14,2024,Unknown,0,14.18,Red,oe:team:7c4854374e4daa6b00206eb922359a9,MOUZ NXT,oe:team:a1934e3feca7db728021f9c61a6bc27,Austrian Force willhaben,oe:player:4817eee6e21d12824c37bfbdaf2c325,Kaymin,mid,Xerath,oe:player:7e33124e33721ef8f70d2dd843b57da,Orianna,mid:Xerath,lineup-94d5b2805c8c75ce,0,1797.00000000,29.95000000,5,3,2,2.33333333,12172.00000000,27686.00000000,246,924.40734558,0.24861619,0.28959948,18,0.60100167,0.58333333,-2355.00000000,-10.00000000,-9.00000000,0,warmup,,,,,
pg-e2e5e854405f446d,LOLTMNT05_89680,2024-10-14T16:52:15,2024-10-14,2024,Unknown,0,14.18,Red,oe:team:7c4854374e4daa6b00206eb922359a9,MOUZ NXT,oe:team:a1934e3feca7db728021f9c61a6bc27,Austrian Force willhaben,oe:player:c740f85027b40c5b52e03b0233888f2,Nio,sup,Leona,oe:player:280a58c350eef8f164e753447b2a306,Rakan,sup:Leona,lineup-94d5b2805c8c75ce,0,1797.00000000,29.95000000,0,13,7,0.53846154,6352.00000000,7733.00000000,22,258.19699499,0.12974121,0.08088828,94,3.13856427,0.58333333,-536.00000000,-1821.00000000,-1.00000000,0,warmup,,,,,
pg-6b93d3fc153c571f,LOLTMNT05_89680,2024-10-14T16:52:15,2024-10-14,2024,Unknown,0,14.18,Red,oe:team:7c4854374e4daa6b00206eb922359a9,MOUZ NXT,oe:team:a1934e3feca7db728021f9c61a6bc27,Austrian Force willhaben,oe:player:51777d50bf7bf71ff70b8a32726e40c,Fornoreason,top,Rumble,oe:player:1725cf69407d2dcdf2873d0669409e8,Gnar,top:Rumble,lineup-94d5b2805c8c75ce,0,1797.00000000,29.95000000,2,7,4,0.85714286,10394.00000000,18703.00000000,220,624.47412354,0.21230009,0.19563603,19,0.63439065,0.50000000,-1144.00000000,-416.00000000,1.00000000,0,warmup,,,,,
pg-0cc8d8286c96130e,LOLTMNT05_89685,2024-10-14T17:43:42,2024-10-14,2024,Unknown,0,14.18,Blue,oe:team:1d0f5e58f39613aff1a3dd4ed85933e,FC Schalke 04 Esports,oe:team:48199c3e87ac9d14cdf50169f8eaabc,Eintracht Frankfurt,oe:player:d12b043b44563dd9443919f8637de22,Peco,bot,Kai'Sa,oe:player:f0523a8a7089a6b90c4c1606ebd9605,Ezreal,bot:Kai'Sa,lineup-67e3c4b343d8cf0b,0,1974.00000000,32.90000000,7,6,3,1.66666667,13853.00000000,24828.00000000,262,754.65045593,0.24202876,0.34007232,25,0.75987842,0.83333333,987.00000000,529.00000000,-4.00000000,0,warmup,,,,,
pg-a20fd33158bc1db7,LOLTMNT05_89685,2024-10-14T17:43:42,2024-10-14,2024,Unknown,0,14.18,Blue,oe:team:1d0f5e58f39613aff1a3dd4ed85933e,FC Schalke 04 Esports,oe:team:48199c3e87ac9d14cdf50169f8eaabc,Eintracht Frankfurt,oe:player:702efc23873d774e479682ef680d911,Cboi,jng,Vi,oe:player:b0a4ae62486ca215c199e72698738b7,Maokai,jng:Vi,lineup-67e3c4b343d8cf0b,0,1974.00000000,32.90000000,0,3,5,1.66666667,10411.00000000,6114.00000000,224,185.83586626,0.18189283,0.08374425,47,1.42857143,0.41666667,616.00000000,1025.00000000,32.00000000,0,warmup,,,,,
pg-71ac299c8f509677,LOLTMNT05_89685,2024-10-14T17:43:42,2024-10-14,2024,Unknown,0,14.18,Blue,oe:team:1d0f5e58f39613aff1a3dd4ed85933e,FC Schalke 04 Esports,oe:team:48199c3e87ac9d14cdf50169f8eaabc,Eintracht Frankfurt,oe:player:58d68cedf0a0b1b3d7d9646f5f9e8d3,Simpli,mid,Hwei,oe:player:eb26eb96a04224878fb492a5a8cefa8,Azir,mid:Hwei,lineup-67e3c4b343d8cf0b,0,1974.00000000,32.90000000,2,4,5,1.75000000,12777.00000000,22833.00000000,308,694.01215805,0.22322973,0.31274655,20,0.60790274,0.58333333,204.00000000,-377.00000000,-8.00000000,0,warmup,,,,,
pg-b458bd25c4ed7be4,LOLTMNT05_89685,2024-10-14T17:43:42,2024-10-14,2024,Unknown,0,14.18,Blue,oe:team:1d0f5e58f39613aff1a3dd4ed85933e,FC Schalke 04 Esports,oe:team:48199c3e87ac9d14cdf50169f8eaabc,Eintracht Frankfurt,oe:player:ae20b1872a922cdc5b8707fbe66c4f0,Twiizt,sup,Nautilus,oe:player:64ecd619b953ca23acb0546a472c483,Poppy,sup:Nautilus,lineup-67e3c4b343d8cf0b,0,1974.00000000,32.90000000,0,3,7,2.33333333,7429.00000000,4499.00000000,42,136.74772036,0.12979366,0.06162338,112,3.40425532,0.58333333,300.00000000,84.00000000,9.00000000,0,warmup,,,,,
pg-421cd8ff0ba59e64,LOLTMNT05_89685,2024-10-14T17:43:42,2024-10-14,2024,Unknown,0,14.18,Blue,oe:team:1d0f5e58f39613aff1a3dd4ed85933e,FC Schalke 04 Esports,oe:team:48199c3e87ac9d14cdf50169f8eaabc,Eintracht Frankfurt,oe:player:1f8b2df4c6ee43a1c1dc29817c0a201,Sacre,top,Jax,oe:player:5be118a1aa52664e1dff15ff96c1e67,K'Sante,top:Jax,lineup-67e3c4b343d8cf0b,0,1974.00000000,32.90000000,3,3,2,1.66666667,12767.00000000,14734.00000000,269,447.84194529,0.22305502,0.20181350,40,1.21580547,0.41666667,1350.00000000,236.00000000,3.00000000,0,warmup,,,,,
pg-5e3bf08a828bd4cd,LOLTMNT05_89685,2024-10-14T17:43:42,2024-10-14,2024,Unknown,0,14.18,Red,oe:team:48199c3e87ac9d14cdf50169f8eaabc,Eintracht Frankfurt,oe:team:1d0f5e58f39613aff1a3dd4ed85933e,FC Schalke 04 Esports,oe:player:f0523a8a7089a6b90c4c1606ebd9605,DizL,bot,Ezreal,oe:player:d12b043b44563dd9443919f8637de22,Kai'Sa,bot:Ezreal,lineup-9fa2c882d9da2bcd,1,1974.00000000,32.90000000,13,1,4,17.00000000,18074.00000000,33614.00000000,314,1021.70212766,0.28555178,0.41603030,39,1.18541033,0.89473684,-987.00000000,-529.00000000,4.00000000,0,warmup,,,,,
pg-39460247f51fa618,LOLTMNT05_89685,2024-10-14T17:43:42,2024-10-14,2024,Unknown,0,14.18,Red,oe:team:48199c3e87ac9d14cdf50169f8eaabc,Eintracht Frankfurt,oe:team:1d0f5e58f39613aff1a3dd4ed85933e,FC Schalke 04 Esports,oe:player:b0a4ae62486ca215c199e72698738b7,Pabu,jng,Maokai,oe:player:702efc23873d774e479682ef680d911,Vi,jng:Maokai,lineup-9fa2c882d9da2bcd,1,1974.00000000,32.90000000,1,2,13,7.00000000,10392.00000000,8825.00000000,158,268.23708207,0.16418358,0.10922435,47,1.42857143,0.73684211,-616.00000000,-1025.00000000,-32.00000000,0,warmup,,,,,
pg-85dd1361fb63799c,LOLTMNT05_89685,2024-10-14T17:43:42,2024-10-14,2024,Unknown,0,14.18,Red,oe:team:48199c3e87ac9d14cdf50169f8eaabc,Eintracht Frankfurt,oe:team:1d0f5e58f39613aff1a3dd4ed85933e,FC Schalke 04 Esports,oe:player:eb26eb96a04224878fb492a5a8cefa8,ZaZee,mid,Azir,oe:player:58d68cedf0a0b1b3d7d9646f5f9e8d3,Hwei,mid:Azir,lineup-9fa2c882d9da2bcd,1,1974.00000000,32.90000000,3,2,9,6.00000000,14105.00000000,14579.00000000,301,443.13069909,0.22284541,0.18043987,38,1.15501520,0.63157895,-204.00000000,377.00000000,8.00000000,0,warmup,,,,,
pg-2dcb2b6dcec3ce2a,LOLTMNT05_89685,2024-10-14T17:43:42,2024-10-14,2024,Unknown,0,14.18,Red,oe:team:48199c3e87ac9d14cdf50169f8eaabc,Eintracht Frankfurt,oe:team:1d0f5e58f39613aff1a3dd4ed85933e,FC Schalke 04 Esports,oe:player:64ecd619b953ca23acb0546a472c483,Tore,sup,Poppy,oe:player:ae20b1872a922cdc5b8707fbe66c4f0,Nautilus,sup:Poppy,lineup-9fa2c882d9da2bcd,1,1974.00000000,32.90000000,1,5,15,3.20000000,8827.00000000,10630.00000000,39,323.10030395,0.13945809,0.13156429,135,4.10334347,0.84210526,-300.00000000,-84.00000000,-9.00000000,0,warmup,,,,,
pg-347d87682b72c052,LOLTMNT05_89685,2024-10-14T17:43:42,2024-10-14,2024,Unknown,0,14.18,Red,oe:team:48199c3e87ac9d14cdf50169f8eaabc,Eintracht Frankfurt,oe:team:1d0f5e58f39613aff1a3dd4ed85933e,FC Schalke 04 Esports,oe:player:5be118a1aa52664e1dff15ff96c1e67,Agresivoo,top,K'Sante,oe:player:1f8b2df4c6ee43a1c1dc29817c0a201,Jax,top:K'Sante,lineup-9fa2c882d9da2bcd,1,1974.00000000,32.90000000,1,2,11,6.00000000,11897.00000000,13149.00000000,230,399.66565350,0.18796113,0.16274119,43,1.30699088,0.63157895,-1350.00000000,-236.00000000,-3.00000000,0,warmup,,,,,
pg-1a61395a0eb6aeba,LOLTMNT05_89684,2024-10-14T17:45:28,2024-10-14,2024,Unknown,0,14.18,Blue,oe:team:aa8c3b781d96ddb7a24ab3240918988,SK Gaming Prime,oe:team:e11d88a3cdcd9d6fbb73a26b0f8a300,DKB XPERION NXT,oe:player:ba3d4084a218c919db12a8776d46ed8,Zavee,bot,Kai'Sa,oe:player:9f8d365508ded3ca9701eff2003d6ad,Varus,bot:Kai'Sa,lineup-f58305abcb1d4720,0,1189.00000000,19.81666667,1,3,0,0.33333333,7672.00000000,5784.00000000,165,291.87552565,0.26493542,0.19516145,11,0.55508831,1.00000000,-1808.00000000,-1107.00000000,-10.00000000,0,warmup,,,,,
pg-1c3e55a6568637e6,LOLTMNT05_89684,2024-10-14T17:45:28,2024-10-14,2024,Unknown,0,14.18,Blue,oe:team:aa8c3b781d96ddb7a24ab3240918988,SK Gaming Prime,oe:team:e11d88a3cdcd9d6fbb73a26b0f8a300,DKB XPERION NXT,oe:player:a3659e9d07c9807e77df85548df86fb,Emprez,jng,Nocturne,oe:player:30f18a468db8d9e940f0818a682318b,Wukong,jng:Nocturne,lineup-f58305abcb1d4720,0,1189.00000000,19.81666667,0,1,1,1.00000000,5723.00000000,4953.00000000,123,249.94112700,0.19763105,0.16712218,19,0.95878890,1.00000000,-1504.00000000,-1229.00000000,-14.00000000,0,warmup,,,,,
pg-2edcabe26b5ad1c7,LOLTMNT05_89684,2024-10-14T17:45:28,2024-10-14,2024,Unknown,0,14.18,Blue,oe:team:aa8c3b781d96ddb7a24ab3240918988,SK Gaming Prime,oe:team:e11d88a3cdcd9d6fbb73a26b0f8a300,DKB XPERION NXT,oe:player:758a9b0b73aeb3ed8f73f01edbd61c3,Apollonia,mid,Neeko,oe:player:ff71e751aa5f67010f80aad602ecdfe,Ahri,mid:Neeko,lineup-f58305abcb1d4720,0,1189.00000000,19.81666667,0,3,1,0.33333333,6145.00000000,9899.00000000,159,499.52901598,0.21220388,0.33400817,11,0.55508831,1.00000000,-1476.00000000,-1167.00000000,-15.00000000,0,warmup,,,,,
pg-19f03959b50b39b4,LOLTMNT05_89684,2024-10-14T17:45:28,2024-10-14,2024,Unknown,0,14.18,Blue,oe:team:aa8c3b781d96ddb7a24ab3240918988,SK Gaming Prime,oe:team:e11d88a3cdcd9d6fbb73a26b0f8a300,DKB XPERION NXT,oe:player:010d6a16efd32515e12371cf630f30e,Lumi,sup,Rell,oe:player:21177b451d4c05fc389ac6cc767dfce,Alistar,sup:Rell,lineup-f58305abcb1d4720,0,1189.00000000,19.81666667,0,5,1,0.20000000,4164.00000000,4513.00000000,33,227.73759462,0.14379446,0.15227587,49,2.47266611,1.00000000,-916.00000000,-208.00000000,3.00000000,0,warmup,,,,,
pg-643b7d24f598be33,LOLTMNT05_89684,2024-10-14T17:45:28,2024-10-14,2024,Unknown,0,14.18,Blue,oe:team:aa8c3b781d96ddb7a24ab3240918988,SK Gaming Prime,oe:team:e11d88a3cdcd9d6fbb73a26b0f8a300,DKB XPERION NXT,oe:player:59cbe5a825cd647e4dfc16acfdc6723,Sanah,top,Shen,oe:player:9f19603cf47eb7f0b95afbbd249f69c,Jax,top:Shen,lineup-f58305abcb1d4720,0,1189.00000000,19.81666667,0,3,1,0.33333333,5254.00000000,4488.00000000,107,226.47603028,0.18143518,0.15143233,11,0.55508831,1.00000000,-2001.00000000,-608.00000000,-37.00000000,0,warmup,,,,,
pg-c1886f228b5ccfc0,LOLTMNT05_89684,2024-10-14T17:45:28,2024-10-14,2024,Unknown,0,14.18,Red,oe:team:e11d88a3cdcd9d6fbb73a26b0f8a300,DKB XPERION NXT,oe:team:aa8c3b781d96ddb7a24ab3240918988,SK Gaming Prime,oe:player:9f8d365508ded3ca9701eff2003d6ad,looki,bot,Varus,oe:player:ba3d4084a218c919db12a8776d46ed8,Kai'Sa,bot:Varus,lineup-adb44e46dfba6b7e,1,1189.00000000,19.81666667,5,0,6,11.00000000,9800.00000000,11136.00000000,180,561.95121951,0.23291741,0.28559705,16,0.80740118,0.73333333,1808.00000000,1107.00000000,10.00000000,0,warmup,,,,,
pg-ad774253ae4cad46,LOLTMNT05_89684,2024-10-14T17:45:28,2024-10-14,2024,Unknown,0,14.18,Red,oe:team:e11d88a3cdcd9d6fbb73a26b0f8a300,DKB XPERION NXT,oe:team:aa8c3b781d96ddb7a24ab3240918988,SK Gaming Prime,oe:player:30f18a468db8d9e940f0818a682318b,Techoteco,jng,Wukong,oe:player:a3659e9d07c9807e77df85548df86fb,Nocturne,jng:Wukong,lineup-adb44e46dfba6b7e,1,1189.00000000,19.81666667,2,0,9,11.00000000,8481.00000000,7495.00000000,136,378.21698907,0.20156863,0.19221892,20,1.00925147,0.73333333,1504.00000000,1229.00000000,14.00000000,0,warmup,,,,,
pg-c08185d2ec51cd1d,LOLTMNT05_89684,2024-10-14T17:45:28,2024-10-14,2024,Unknown,0,14.18,Red,oe:team:e11d88a3cdcd9d6fbb73a26b0f8a300,DKB XPERION NXT,oe:team:aa8c3b781d96ddb7a24ab3240918988,SK Gaming Prime,oe:player:ff71e751aa5f67010f80aad602ecdfe,Luke,mid,Ahri,oe:player:758a9b0b73aeb3ed8f73f01edbd61c3,Neeko,mid:Ahri,lineup-adb44e46dfba6b7e,1,1189.00000000,19.81666667,6,0,6,12.00000000,9467.00000000,10454.00000000,188,527.53574432,0.22500297,0.26810628,7,0.35323802,0.80000000,1476.00000000,1167.00000000,15.00000000,0,warmup,,,,,
pg-91b7c3a7c6a23f09,LOLTMNT05_89684,2024-10-14T17:45:28,2024-10-14,2024,Unknown,0,14.18,Red,oe:team:e11d88a3cdcd9d6fbb73a26b0f8a300,DKB XPERION NXT,oe:team:aa8c3b781d96ddb7a24ab3240918988,SK Gaming Prime,oe:player:21177b451d4c05fc389ac6cc767dfce,Ephekles,sup,Alistar,oe:player:010d6a16efd32515e12371cf630f30e,Rell,sup:Alistar,lineup-adb44e46dfba6b7e,1,1189.00000000,19.81666667,1,0,13,14.00000000,5961.00000000,3076.00000000,28,155.22287637,0.14167558,0.07888798,55,2.77544155,0.93333333,916.00000000,208.00000000,-3.00000000,0,warmup,,,,,
pg-3871cf4479202ee0,LOLTMNT05_89684,2024-10-14T17:45:28,2024-10-14,2024,Unknown,0,14.18,Red,oe:team:e11d88a3cdcd9d6fbb73a26b0f8a300,DKB XPERION NXT,oe:team:aa8c3b781d96ddb7a24ab3240918988,SK Gaming Prime,oe:player:9f19603cf47eb7f0b95afbbd249f69c,Tayto,top,Jax,oe:player:59cbe5a825cd647e4dfc16acfdc6723,Shen,top:Jax,lineup-adb44e46dfba6b7e,1,1189.00000000,19.81666667,1,1,4,5.00000000,8366.00000000,6831.00000000,152,344.70984020,0.19883541,0.17518978,3,0.15138772,0.33333333,2001.00000000,608.00000000,37.00000000,0,warmup,,,,,
pg-8d44ea2fc6945f7b,LOLTMNT05_88748,2024-10-14T18:08:42,2024-10-14,2024,Unknown,0,14.18,Blue,oe:team:980ab072663574c2e4fca71f275d302,Eintracht Spandau,oe:team:e46f2dda10740009ffb0c01498dc5ce,ROSSMANN Centaurs,oe:player:9ea5afea85321b13df74acb62bfb530,Fun K3y,bot,Kalista,oe:player:1d08b7a3a79956e521241ad27f2f60d,Varus,bot:Kalista,lineup-7806ec98ee9cc07b,1,1286.00000000,21.43333333,7,1,6,13.00000000,10103.00000000,14270.00000000,183,665.78538103,0.21279778,0.22389582,36,1.67962675,0.56521739,486.00000000,346.00000000,8.00000000,0,warmup,,,,,
pg-b416e4b23d39f66a,LOLTMNT05_88748,2024-10-14T18:08:42,2024-10-14,2024,Unknown,0,14.18,Blue,oe:team:980ab072663574c2e4fca71f275d302,Eintracht Spandau,oe:team:e46f2dda10740009ffb0c01498dc5ce,ROSSMANN Centaurs,oe:player:25372337c424d854728ed2a7775efb6,Zanzarah,jng,Vi,oe:player:3068654a4082275bbc00789650d1954,Sejuani,jng:Vi,lineup-7806ec98ee9cc07b,1,1286.00000000,21.43333333,4,0,12,16.00000000,8839.00000000,9440.00000000,121,440.43545879,0.18617436,0.14811328,28,1.30637636,0.69565217,367.00000000,848.00000000,0.00000000,0,warmup,,,,,
pg-43489ebeae49f744,LOLTMNT05_88748,2024-10-14T18:08:42,2024-10-14,2024,Unknown,0,14.18,Blue,oe:team:980ab072663574c2e4fca71f275d302,Eintracht Spandau,oe:team:e46f2dda10740009ffb0c01498dc5ce,ROSSMANN Centaurs,oe:player:b6ebe3c8487ddc3a23c586e650c4528,PowerOfEvil,mid,Yone,oe:player:f80c460f82b1017b588882292444e60,Renekton,mid:Yone,lineup-7806ec98ee9cc07b,1,1286.00000000,21.43333333,4,1,5,9.00000000,11978.00000000,15968.00000000,222,745.00777605,0.25229058,0.25053738,21,0.97978227,0.39130435,1385.00000000,1248.00000000,19.00000000,0,warmup,,,,,
pg-42d18f7cacbdc1d0,LOLTMNT05_88748,2024-10-14T18:08:42,2024-10-14,2024,Unknown,0,14.18,Blue,oe:team:980ab072663574c2e4fca71f275d302,Eintracht Spandau,oe:team:e46f2dda10740009ffb0c01498dc5ce,ROSSMANN Centaurs,oe:player:a291e13e72870a901a7a03a59d9c6be,Lilipp,sup,Neeko,oe:player:08904f9c78637b75c0de4d1734f318c,Karma,sup:Neeko,lineup-7806ec98ee9cc07b,1,1286.00000000,21.43333333,3,2,13,8.00000000,6665.00000000,8647.00000000,27,403.43701400,0.14038376,0.13567114,53,2.47278383,0.69565217,319.00000000,437.00000000,1.00000000,0,warmup,,,,,
pg-cde16e71190c8abd,LOLTMNT05_88748,2024-10-14T18:08:42,2024-10-14,2024,Unknown,0,14.18,Blue,oe:team:980ab072663574c2e4fca71f275d302,Eintracht Spandau,oe:team:e46f2dda10740009ffb0c01498dc5ce,ROSSMANN Centaurs,oe:player:3ef7267325e7c72a8ca898504722520,Vertigo,top,Aurora,oe:player:0f5f13ceea0f4fdc6eff8145fe20692,Olaf,top:Aurora,lineup-7806ec98ee9cc07b,1,1286.00000000,21.43333333,5,0,10,15.00000000,9892.00000000,15410.00000000,176,718.97356143,0.20835352,0.24178238,24,1.11975117,0.65217391,1153.00000000,1670.00000000,7.00000000,0,warmup,,,,,
pg-0c54980270a29d97,LOLTMNT05_88748,2024-10-14T18:08:42,2024-10-14,2024,Unknown,0,14.18,Red,oe:team:e46f2dda10740009ffb0c01498dc5ce,ROSSMANN Centaurs,oe:team:980ab072663574c2e4fca71f275d302,Eintracht Spandau,oe:player:1d08b7a3a79956e521241ad27f2f60d,Varry,bot,Varus,oe:player:9ea5afea85321b13df74acb62bfb530,Kalista,bot:Varus,lineup-b3cb346d12213755,0,1286.00000000,21.43333333,2,4,1,0.75000000,7991.00000000,8343.00000000,180,389.25349922,0.24177054,0.21051171,14,0.65318818,0.75000000,-486.00000000,-346.00000000,-8.00000000,0,warmup,,,,,
pg-f037b086baa5df19,LOLTMNT05_88748,2024-10-14T18:08:42,2024-10-14,2024,Unknown,0,14.18,Red,oe:team:e46f2dda10740009ffb0c01498dc5ce,ROSSMANN Centaurs,oe:team:980ab072663574c2e4fca71f275d302,Eintracht Spandau,oe:player:3068654a4082275bbc00789650d1954,Xagog,jng,Sejuani,oe:player:25372337c424d854728ed2a7775efb6,Vi,jng:Sejuani,lineup-b3cb346d12213755,0,1286.00000000,21.43333333,0,2,3,1.50000000,6094.00000000,8261.00000000,109,385.42768274,0.18437613,0.20844267,29,1.35303266,0.75000000,-367.00000000,-848.00000000,0.00000000,0,warmup,,,,,
pg-54defb20f4c64a69,LOLTMNT05_88748,2024-10-14T18:08:42,2024-10-14,2024,Unknown,0,14.18,Red,oe:team:e46f2dda10740009ffb0c01498dc5ce,ROSSMANN Centaurs,oe:team:980ab072663574c2e4fca71f275d302,Eintracht Spandau,oe:player:f80c460f82b1017b588882292444e60,goose,mid,Renekton,oe:player:b6ebe3c8487ddc3a23c586e650c4528,Yone,mid:Renekton,lineup-b3cb346d12213755,0,1286.00000000,21.43333333,1,6,0,0.16666667,6941.00000000,8767.00000000,172,409.03576983,0.21000242,0.22121013,12,0.55987558,0.25000000,-1385.00000000,-1248.00000000,-19.00000000,0,warmup,,,,,
pg-0bfa44e8ed7e50c1,LOLTMNT05_88748,2024-10-14T18:08:42,2024-10-14,2024,Unknown,0,14.18,Red,oe:team:e46f2dda10740009ffb0c01498dc5ce,ROSSMANN Centaurs,oe:team:980ab072663574c2e4fca71f275d302,Eintracht Spandau,oe:player:08904f9c78637b75c0de4d1734f318c,Wildenbruch,sup,Karma,oe:player:a291e13e72870a901a7a03a59d9c6be,Neeko,sup:Karma,lineup-b3cb346d12213755,0,1286.00000000,21.43333333,1,6,3,0.66666667,5010.00000000,4392.00000000,24,204.91446345,0.15157933,0.11081954,63,2.93934681,1.00000000,-319.00000000,-437.00000000,-1.00000000,0,warmup,,,,,
pg-86c2e63e7dcee500,LOLTMNT05_88748,2024-10-14T18:08:42,2024-10-14,2024,Unknown,0,14.18,Red,oe:team:e46f2dda10740009ffb0c01498dc5ce,ROSSMANN Centaurs,oe:team:980ab072663574c2e4fca71f275d302,Eintracht Spandau,oe:player:0f5f13ceea0f4fdc6eff8145fe20692,Vikes,top,Olaf,oe:player:3ef7267325e7c72a8ca898504722520,Aurora,top:Olaf,lineup-b3cb346d12213755,0,1286.00000000,21.43333333,0,5,1,0.20000000,7016.00000000,9869.00000000,168,460.45101089,0.21227157,0.24901595,17,0.79315708,0.25000000,-1153.00000000,-1670.00000000,-7.00000000,0,warmup,,,,,
pg-2cf23135ca7075b0,LOLTMNT05_88743,2024-10-14T18:09:00,2024-10-14,2024,Unknown,0,14.18,Blue,oe:team:6a060bd74c9041bf0aa89adf9d15d12,Unicorns of Love Sexy Edition,oe:team:0410783728358f6e711de31a6f1e8f9,Kaufland Hangry Knights,oe:player:3a3cf889f1996110ab52915425d60b5,xMatty,bot,Jhin,oe:player:1a38c55db5f8af06ebac94d8530ff71,Ashe,bot:Jhin,lineup-003c4b7dcdab2ee4,1,2066.00000000,34.43333333,8,0,13,21.00000000,17664.00000000,37690.00000000,321,1094.57889642,0.25281237,0.29805540,20,0.58083253,0.67741935,1660.00000000,1930.00000000,24.00000000,0,warmup,,,,,
pg-1c59e266dbbc0455,LOLTMNT05_88743,2024-10-14T18:09:00,2024-10-14,2024,Unknown,0,14.18,Blue,oe:team:6a060bd74c9041bf0aa89adf9d15d12,Unicorns of Love Sexy Edition,oe:team:0410783728358f6e711de31a6f1e8f9,Kaufland Hangry Knights,oe:player:6fc5fe723eed4ba4c230292be365c66,Lurox,jng,Wukong,oe:player:e8ff461b567776b254963373be94961,Jarvan IV,jng:Wukong,lineup-003c4b7dcdab2ee4,1,2066.00000000,34.43333333,5,4,9,3.50000000,12925.00000000,15761.00000000,224,457.72507260,0.18498640,0.12463919,37,1.07454017,0.45161290,942.00000000,141.00000000,9.00000000,0,warmup,,,,,
pg-782d253e3017a920,LOLTMNT05_88743,2024-10-14T18:09:00,2024-10-14,2024,Unknown,0,14.18,Blue,oe:team:6a060bd74c9041bf0aa89adf9d15d12,Unicorns of Love Sexy Edition,oe:team:0410783728358f6e711de31a6f1e8f9,Kaufland Hangry Knights,oe:player:157108ff2b64591e5703c64dbae3a2e,TolanD,mid,Ahri,oe:player:d7432b52de9ff23e6aa98374fe63375,Hwei,mid:Ahri,lineup-003c4b7dcdab2ee4,1,2066.00000000,34.43333333,4,4,16,5.00000000,15321.00000000,34401.00000000,299,999.06098742,0.21927866,0.27204574,44,1.27783156,0.64516129,1007.00000000,239.00000000,8.00000000,0,warmup,,,,,
pg-50ba7011b797f6d5,LOLTMNT05_88743,2024-10-14T18:09:00,2024-10-14,2024,Unknown,0,14.18,Blue,oe:team:6a060bd74c9041bf0aa89adf9d15d12,Unicorns of Love Sexy Edition,oe:team:0410783728358f6e711de31a6f1e8f9,Kaufland Hangry Knights,oe:player:973547129a691fb61e886add170ac7a,Piero,sup,Bard,oe:player:6369ba49db4cf35b35a7c47e3d4a4fd,Milio,sup:Bard,lineup-003c4b7dcdab2ee4,1,2066.00000000,34.43333333,4,3,16,6.66666667,10180.00000000,10558.00000000,36,306.62149080,0.14569916,0.08349347,164,4.76282672,0.64516129,411.00000000,625.00000000,-3.00000000,0,warmup,,,,,
pg-93644ba37fc13e41,LOLTMNT05_88743,2024-10-14T18:09:00,2024-10-14,2024,Unknown,0,14.18,Blue,oe:team:6a060bd74c9041bf0aa89adf9d15d12,Unicorns of Love Sexy Edition,oe:team:0410783728358f6e711de31a6f1e8f9,Kaufland Hangry Knights,oe:player:11b40dd5fcd01f1fca9496859ccd862,Shelfmade,top,K'Sante,oe:player:74cc915f83955219866a1bc32a90285,Illaoi,top:K'Sante,lineup-003c4b7dcdab2ee4,1,2066.00000000,34.43333333,10,1,10,20.00000000,13780.00000000,28043.00000000,178,814.41432720,0.19722341,0.22176619,21,0.60987415,0.64516129,1108.00000000,1280.00000000,-11.00000000,0,warmup,,,,,
pg-bde369f26a030675,LOLTMNT05_88743,2024-10-14T18:09:00,2024-10-14,2024,Unknown,0,14.18,Red,oe:team:0410783728358f6e711de31a6f1e8f9,Kaufland Hangry Knights,oe:team:6a060bd74c9041bf0aa89adf9d15d12,Unicorns of Love Sexy Edition,oe:player:1a38c55db5f8af06ebac94d8530ff71,Avra,bot,Ashe,oe:player:3a3cf889f1996110ab52915425d60b5,Jhin,bot:Ashe,lineup-6218d111695859c5,0,2066.00000000,34.43333333,2,7,8,1.42857143,13656.00000000,28060.00000000,301,814.90803485,0.23220936,0.26029443,32,0.92933204,0.83333333,-1660.00000000,-1930.00000000,-24.00000000,0,warmup,,,,,
pg-227a9df7eb6ad25e,LOLTMNT05_88743,2024-10-14T18:09:00,2024-10-14,2024,Unknown,0,14.18,Red,oe:team:0410783728358f6e711de31a6f1e8f9,Kaufland Hangry Knights,oe:team:6a060bd74c9041bf0aa89adf9d15d12,Unicorns of Love Sexy Edition,oe:player:e8ff461b567776b254963373be94961,Toni,jng,Jarvan IV,oe:player:6fc5fe723eed4ba4c230292be365c66,Wukong,jng:Jarvan IV,lineup-6218d111695859c5,0,2066.00000000,34.43333333,1,5,7,1.60000000,9742.00000000,14677.00000000,170,426.24394966,0.16565492,0.13614902,34,0.98741530,0.66666667,-942.00000000,-141.00000000,-9.00000000,0,warmup,,,,,
pg-eeffdeda2c2e43e9,LOLTMNT05_88743,2024-10-14T18:09:00,2024-10-14,2024,Unknown,0,14.18,Red,oe:team:0410783728358f6e711de31a6f1e8f9,Kaufland Hangry Knights,oe:team:6a060bd74c9041bf0aa89adf9d15d12,Unicorns of Love Sexy Edition,oe:player:d7432b52de9ff23e6aa98374fe63375,Nite,mid,Hwei,oe:player:157108ff2b64591e5703c64dbae3a2e,Ahri,mid:Hwei,lineup-6218d111695859c5,0,2066.00000000,34.43333333,6,4,4,2.50000000,14594.00000000,23934.00000000,310,695.08228461,0.24815930,0.22202020,24,0.69699903,0.83333333,-1007.00000000,-239.00000000,-8.00000000,0,warmup,,,,,
pg-79afc2d18c706721,LOLTMNT05_88743,2024-10-14T18:09:00,2024-10-14,2024,Unknown,0,14.18,Red,oe:team:0410783728358f6e711de31a6f1e8f9,Kaufland Hangry Knights,oe:team:6a060bd74c9041bf0aa89adf9d15d12,Unicorns of Love Sexy Edition,oe:player:6369ba49db4cf35b35a7c47e3d4a4fd,Visdom,sup,Milio,oe:player:973547129a691fb61e886add170ac7a,Bard,sup:Milio,lineup-6218d111695859c5,0,2066.00000000,34.43333333,0,4,9,2.25000000,7585.00000000,6688.00000000,33,194.23039690,0.12897686,0.06204024,88,2.55566312,0.75000000,-411.00000000,-625.00000000,3.00000000,0,warmup,,,,,
pg-400b160e1dcc94fd,LOLTMNT05_88743,2024-10-14T18:09:00,2024-10-14,2024,Unknown,0,14.18,Red,oe:team:0410783728358f6e711de31a6f1e8f9,Kaufland Hangry Knights,oe:team:6a060bd74c9041bf0aa89adf9d15d12,Unicorns of Love Sexy Edition,oe:player:74cc915f83955219866a1bc32a90285,Sven,top,Illaoi,oe:player:11b40dd5fcd01f1fca9496859ccd862,K'Sante,top:Illaoi,lineup-6218d111695859c5,0,2066.00000000,34.43333333,3,11,1,0.36363636,13232.00000000,34442.00000000,272,1000.25169409,0.22499957,0.31949611,13,0.37754114,0.33333333,-1108.00000000,-1280.00000000,11.00000000,0,warmup,,,,,
pg-1b58cf3c9880314b,LOLTMNT05_89693,2024-10-14T18:26:43,2024-10-14,2024,Unknown,0,14.18,Blue,oe:team:e11d88a3cdcd9d6fbb73a26b0f8a300,DKB XPERION NXT,oe:team:aa8c3b781d96ddb7a24ab3240918988,SK Gaming Prime,oe:player:9f8d365508ded3ca9701eff2003d6ad,looki,bot,Jhin,oe:player:ba3d4084a218c919db12a8776d46ed8,Ezreal,bot:Jhin,lineup-adb44e46dfba6b7e,1,1476.00000000,24.60000000,7,1,1,8.00000000,11949.00000000,12944.00000000,206,526.17886179,0.21558863,0.20400637,30,1.21951220,0.42105263,-1265.00000000,-448.00000000,-22.00000000,0,warmup,,,,,
pg-fd90ad2fe971b8ee,LOLTMNT05_89693,2024-10-14T18:26:43,2024-10-14,2024,Unknown,0,14.18,Blue,oe:team:e11d88a3cdcd9d6fbb73a26b0f8a300,DKB XPERION NXT,oe:team:aa8c3b781d96ddb7a24ab3240918988,SK Gaming Prime,oe:player:30f18a468db8d9e940f0818a682318b,Techoteco,jng,Jarvan IV,oe:player:a3659e9d07c9807e77df85548df86fb,Viego,jng:Jarvan IV,lineup-adb44e46dfba6b7e,1,1476.00000000,24.60000000,2,1,11,13.00000000,10790.00000000,10858.00000000,199,441.38211382,0.19467749,0.17112957,22,0.89430894,0.68421053,978.00000000,1311.00000000,28.00000000,0,warmup,,,,,
pg-772b88ac1f066d82,LOLTMNT05_89693,2024-10-14T18:26:43,2024-10-14,2024,Unknown,0,14.18,Blue,oe:team:e11d88a3cdcd9d6fbb73a26b0f8a300,DKB XPERION NXT,oe:team:aa8c3b781d96ddb7a24ab3240918988,SK Gaming Prime,oe:player:ff71e751aa5f67010f80aad602ecdfe,Luke,mid,Syndra,oe:player:758a9b0b73aeb3ed8f73f01edbd61c3,Hwei,mid:Syndra,lineup-adb44e46dfba6b7e,1,1476.00000000,24.60000000,4,1,6,10.00000000,13643.00000000,21497.00000000,241,873.86178862,0.24615246,0.33880755,27,1.09756098,0.52631579,1228.00000000,385.00000000,29.00000000,0,warmup,,,,,
pg-c86a8f4548b24475,LOLTMNT05_89693,2024-10-14T18:26:43,2024-10-14,2024,Unknown,0,14.18,Blue,oe:team:e11d88a3cdcd9d6fbb73a26b0f8a300,DKB XPERION NXT,oe:team:aa8c3b781d96ddb7a24ab3240918988,SK Gaming Prime,oe:player:21177b451d4c05fc389ac6cc767dfce,Ephekles,sup,Bard,oe:player:010d6a16efd32515e12371cf630f30e,Lux,sup:Bard,lineup-adb44e46dfba6b7e,1,1476.00000000,24.60000000,0,3,13,4.33333333,6882.00000000,6500.00000000,27,264.22764228,0.12416779,0.10244448,93,3.78048780,0.68421053,-324.00000000,-1429.00000000,-9.00000000,0,warmup,,,,,
pg-4b8e79c801ff1b66,LOLTMNT05_89693,2024-10-14T18:26:43,2024-10-14,2024,Unknown,0,14.18,Blue,oe:team:e11d88a3cdcd9d6fbb73a26b0f8a300,DKB XPERION NXT,oe:team:aa8c3b781d96ddb7a24ab3240918988,SK Gaming Prime,oe:player:9f19603cf47eb7f0b95afbbd249f69c,Tayto,top,Renekton,oe:player:59cbe5a825cd647e4dfc16acfdc6723,Sett,top:Renekton,lineup-adb44e46dfba6b7e,1,1476.00000000,24.60000000,6,2,2,4.00000000,12161.00000000,11650.00000000,222,473.57723577,0.21941362,0.18361203,27,1.09756098,0.42105263,1486.00000000,804.00000000,32.00000000,0,warmup,,,,,
pg-f2e3a7c8496b09b6,LOLTMNT05_89693,2024-10-14T18:26:43,2024-10-14,2024,Unknown,0,14.18,Red,oe:team:aa8c3b781d96ddb7a24ab3240918988,SK Gaming Prime,oe:team:e11d88a3cdcd9d6fbb73a26b0f8a300,DKB XPERION NXT,oe:player:ba3d4084a218c919db12a8776d46ed8,Zavee,bot,Ezreal,oe:player:9f8d365508ded3ca9701eff2003d6ad,Jhin,bot:Ezreal,lineup-f58305abcb1d4720,0,1476.00000000,24.60000000,5,4,1,1.50000000,9772.00000000,17769.00000000,218,722.31707317,0.25432022,0.33714709,11,0.44715447,0.75000000,1265.00000000,448.00000000,22.00000000,0,warmup,,,,,
pg-0bfdd9f9d33ba1a4,LOLTMNT05_89693,2024-10-14T18:26:43,2024-10-14,2024,Unknown,0,14.18,Red,oe:team:aa8c3b781d96ddb7a24ab3240918988,SK Gaming Prime,oe:team:e11d88a3cdcd9d6fbb73a26b0f8a300,DKB XPERION NXT,oe:player:a3659e9d07c9807e77df85548df86fb,Emprez,jng,Viego,oe:player:30f18a468db8d9e940f0818a682318b,Jarvan IV,jng:Viego,lineup-f58305abcb1d4720,0,1476.00000000,24.60000000,0,3,5,1.66666667,7054.00000000,5485.00000000,139,222.96747967,0.18358318,0.10407180,28,1.13821138,0.62500000,-978.00000000,-1311.00000000,-28.00000000,0,warmup,,,,,
pg-03f2352453e33eee,LOLTMNT05_89693,2024-10-14T18:26:43,2024-10-14,2024,Unknown,0,14.18,Red,oe:team:aa8c3b781d96ddb7a24ab3240918988,SK Gaming Prime,oe:team:e11d88a3cdcd9d6fbb73a26b0f8a300,DKB XPERION NXT,oe:player:758a9b0b73aeb3ed8f73f01edbd61c3,Apollonia,mid,Hwei,oe:player:ff71e751aa5f67010f80aad602ecdfe,Syndra,mid:Hwei,lineup-f58305abcb1d4720,0,1476.00000000,24.60000000,2,2,1,1.50000000,8283.00000000,10597.00000000,175,430.77235772,0.21556839,0.20106633,17,0.69105691,0.37500000,-1228.00000000,-385.00000000,-29.00000000,0,warmup,,,,,
pg-9ba4701ad7059b1a,LOLTMNT05_89693,2024-10-14T18:26:43,2024-10-14,2024,Unknown,0,14.18,Red,oe:team:aa8c3b781d96ddb7a24ab3240918988,SK Gaming Prime,oe:team:e11d88a3cdcd9d6fbb73a26b0f8a300,DKB XPERION NXT,oe:player:010d6a16efd32515e12371cf630f30e,Lumi,sup,Lux,oe:player:21177b451d4c05fc389ac6cc767dfce,Bard,sup:Lux,lineup-f58305abcb1d4720,0,1476.00000000,24.60000000,0,6,7,1.16666667,5990.00000000,8055.00000000,48,327.43902439,0.15589215,0.15283470,59,2.39837398,0.87500000,324.00000000,1429.00000000,9.00000000,0,warmup,,,,,
pg-0bc2f55d0bae84be,LOLTMNT05_89693,2024-10-14T18:26:43,2024-10-14,2024,Unknown,0,14.18,Red,oe:team:aa8c3b781d96ddb7a24ab3240918988,SK Gaming Prime,oe:team:e11d88a3cdcd9d6fbb73a26b0f8a300,DKB XPERION NXT,oe:player:59cbe5a825cd647e4dfc16acfdc6723,Sanah,top,Sett,oe:player:9f19603cf47eb7f0b95afbbd249f69c,Renekton,top:Sett,lineup-f58305abcb1d4720,0,1476.00000000,24.60000000,1,5,0,0.20000000,7325.00000000,10798.00000000,166,438.94308943,0.19063606,0.20488009,11,0.44715447,0.12500000,-1486.00000000,-804.00000000,-32.00000000,0,warmup,,,,,
pg-86235a443f73ea45,LOLTMNT05_89694,2024-10-14T18:38:45,2024-10-14,2024,Unknown,0,14.18,Blue,oe:team:1d0f5e58f39613aff1a3dd4ed85933e,FC Schalke 04 Esports,oe:team:48199c3e87ac9d14cdf50169f8eaabc,Eintracht Frankfurt,oe:player:d12b043b44563dd9443919f8637de22,Peco,bot,Kog'Maw,oe:player:f0523a8a7089a6b90c4c1606ebd9605,Jhin,bot:Kog'Maw,lineup-67e3c4b343d8cf0b,1,1475.00000000,24.58333333,4,3,10,4.66666667,11353.00000000,17866.00000000,230,726.75254237,0.20822787,0.23068381,15,0.61016949,0.63636364,-216.00000000,-771.00000000,-19.00000000,0,warmup,,,,,
pg-d6a546747d07078a,LOLTMNT05_89694,2024-10-14T18:38:45,2024-10-14,2024,Unknown,0,14.18,Blue,oe:team:1d0f5e58f39613aff1a3dd4ed85933e,FC Schalke 04 Esports,oe:team:48199c3e87ac9d14cdf50169f8eaabc,Eintracht Frankfurt,oe:player:702efc23873d774e479682ef680d911,Cboi,jng,Nocturne,oe:player:b0a4ae62486ca215c199e72698738b7,Lee Sin,jng:Nocturne,lineup-67e3c4b343d8cf0b,1,1475.00000000,24.58333333,7,1,10,17.00000000,11673.00000000,16100.00000000,175,654.91525424,0.21409706,0.20788142,54,2.19661017,0.77272727,388.00000000,575.00000000,22.00000000,0,warmup,,,,,
pg-7d30339549bed993,LOLTMNT05_89694,2024-10-14T18:38:45,2024-10-14,2024,Unknown,0,14.18,Blue,oe:team:1d0f5e58f39613aff1a3dd4ed85933e,FC Schalke 04 Esports,oe:team:48199c3e87ac9d14cdf50169f8eaabc,Eintracht Frankfurt,oe:player:58d68cedf0a0b1b3d7d9646f5f9e8d3,Simpli,mid,Orianna,oe:player:eb26eb96a04224878fb492a5a8cefa8,Sylas,mid:Orianna,lineup-67e3c4b343d8cf0b,1,1475.00000000,24.58333333,6,3,7,4.33333333,12815.00000000,22748.00000000,180,925.34237288,0.23504274,0.29371966,19,0.77288136,0.59090909,1512.00000000,668.00000000,20.00000000,0,warmup,,,,,
pg-da2bbdd89915eaa3,LOLTMNT05_89694,2024-10-14T18:38:45,2024-10-14,2024,Unknown,0,14.18,Blue,oe:team:1d0f5e58f39613aff1a3dd4ed85933e,FC Schalke 04 Esports,oe:team:48199c3e87ac9d14cdf50169f8eaabc,Eintracht Frankfurt,oe:player:ae20b1872a922cdc5b8707fbe66c4f0,Twiizt,sup,Braum,oe:player:64ecd619b953ca23acb0546a472c483,Rell,sup:Braum,lineup-67e3c4b343d8cf0b,1,1475.00000000,24.58333333,2,2,14,8.00000000,7645.00000000,5341.00000000,25,217.26101695,0.14021863,0.06896240,74,3.01016949,0.72727273,1060.00000000,181.00000000,-3.00000000,0,warmup,,,,,
pg-6b6d7ec5327e3be9,LOLTMNT05_89694,2024-10-14T18:38:45,2024-10-14,2024,Unknown,0,14.18,Blue,oe:team:1d0f5e58f39613aff1a3dd4ed85933e,FC Schalke 04 Esports,oe:team:48199c3e87ac9d14cdf50169f8eaabc,Eintracht Frankfurt,oe:player:1f8b2df4c6ee43a1c1dc29817c0a201,Sacre,top,Gnar,oe:player:5be118a1aa52664e1dff15ff96c1e67,Renekton,top:Gnar,lineup-67e3c4b343d8cf0b,1,1475.00000000,24.58333333,3,1,2,5.00000000,11036.00000000,15393.00000000,234,626.15593220,0.20241370,0.19875271,19,0.77288136,0.22727273,1420.00000000,1312.00000000,21.00000000,0,warmup,,,,,
pg-b8183e50bfcb4bc7,LOLTMNT05_89694,2024-10-14T18:38:45,2024-10-14,2024,Unknown,0,14.18,Red,oe:team:48199c3e87ac9d14cdf50169f8eaabc,Eintracht Frankfurt,oe:team:1d0f5e58f39613aff1a3dd4ed85933e,FC Schalke 04 Esports,oe:player:f0523a8a7089a6b90c4c1606ebd9605,DizL,bot,Jhin,oe:player:d12b043b44563dd9443919f8637de22,Kog'Maw,bot:Jhin,lineup-9fa2c882d9da2bcd,0,1475.00000000,24.58333333,1,5,4,1.00000000,8900.00000000,7770.00000000,218,316.06779661,0.21402462,0.23188492,10,0.40677966,0.50000000,216.00000000,771.00000000,19.00000000,0,warmup,,,,,
pg-f2ce70453421c274,LOLTMNT05_89694,2024-10-14T18:38:45,2024-10-14,2024,Unknown,0,14.18,Red,oe:team:48199c3e87ac9d14cdf50169f8eaabc,Eintracht Frankfurt,oe:team:1d0f5e58f39613aff1a3dd4ed85933e,FC Schalke 04 Esports,oe:player:b0a4ae62486ca215c199e72698738b7,Pabu,jng,Lee Sin,oe:player:702efc23873d774e479682ef680d911,Nocturne,jng:Lee Sin,lineup-9fa2c882d9da2bcd,0,1475.00000000,24.58333333,6,2,2,4.00000000,9498.00000000,8048.00000000,134,327.37627119,0.22840516,0.24018145,30,1.22033898,0.80000000,-388.00000000,-575.00000000,-22.00000000,0,warmup,,,,,
pg-73d9ccafb815b7f6,LOLTMNT05_89694,2024-10-14T18:38:45,2024-10-14,2024,Unknown,0,14.18,Red,oe:team:48199c3e87ac9d14cdf50169f8eaabc,Eintracht Frankfurt,oe:team:1d0f5e58f39613aff1a3dd4ed85933e,FC Schalke 04 Esports,oe:player:eb26eb96a04224878fb492a5a8cefa8,ZaZee,mid,Sylas,oe:player:58d68cedf0a0b1b3d7d9646f5f9e8d3,Orianna,mid:Sylas,lineup-9fa2c882d9da2bcd,0,1475.00000000,24.58333333,2,5,3,1.00000000,8651.00000000,8404.00000000,166,341.85762712,0.20803674,0.25080578,17,0.69152542,0.50000000,-1512.00000000,-668.00000000,-20.00000000,0,warmup,,,,,
pg-54d9d4499485b0c2,LOLTMNT05_89694,2024-10-14T18:38:45,2024-10-14,2024,Unknown,0,14.18,Red,oe:team:48199c3e87ac9d14cdf50169f8eaabc,Eintracht Frankfurt,oe:team:1d0f5e58f39613aff1a3dd4ed85933e,FC Schalke 04 Esports,oe:player:64ecd619b953ca23acb0546a472c483,Tore,sup,Rell,oe:player:ae20b1872a922cdc5b8707fbe66c4f0,Braum,sup:Rell,lineup-9fa2c882d9da2bcd,0,1475.00000000,24.58333333,0,7,5,0.71428571,5661.00000000,4428.00000000,30,180.12203390,0.13613409,0.13214755,75,3.05084746,0.50000000,-1060.00000000,-181.00000000,3.00000000,0,warmup,,,,,
pg-967c7d9144bae6ae,LOLTMNT05_89694,2024-10-14T18:38:45,2024-10-14,2024,Unknown,0,14.18,Red,oe:team:48199c3e87ac9d14cdf50169f8eaabc,Eintracht Frankfurt,oe:team:1d0f5e58f39613aff1a3dd4ed85933e,FC Schalke 04 Esports,oe:player:5be118a1aa52664e1dff15ff96c1e67,Agresivoo,top,Renekton,oe:player:1f8b2df4c6ee43a1c1dc29817c0a201,Gnar,top:Renekton,lineup-9fa2c882d9da2bcd,0,1475.00000000,24.58333333,1,3,4,1.66666667,8874.00000000,4858.00000000,182,197.61355932,0.21339938,0.14498030,20,0.81355932,0.50000000,-1420.00000000,-1312.00000000,-21.00000000,0,warmup,,,,,
pg-9403dfdd799ff517,LOLTMNT05_89695,2024-10-14T18:54:06,2024-10-14,2024,Unknown,0,14.18,Blue,oe:team:e46f2dda10740009ffb0c01498dc5ce,ROSSMANN Centaurs,oe:team:980ab072663574c2e4fca71f275d302,Eintracht Spandau,oe:player:1d08b7a3a79956e521241ad27f2f60d,Varry,bot,Ziggs,oe:player:9ea5afea85321b13df74acb62bfb530,Ashe,bot:Ziggs,lineup-b3cb346d12213755,0,1473.00000000,24.55000000,1,5,1,0.40000000,7804.00000000,11880.00000000,191,483.91038697,0.20565526,0.24409287,19,0.77393075,0.50000000,-613.00000000,-94.00000000,5.00000000,0,warmup,,,,,
pg-101f01043da8954c,LOLTMNT05_89695,2024-10-14T18:54:06,2024-10-14,2024,Unknown,0,14.18,Blue,oe:team:e46f2dda10740009ffb0c01498dc5ce,ROSSMANN Centaurs,oe:team:980ab072663574c2e4fca71f275d302,Eintracht Spandau,oe:player:3068654a4082275bbc00789650d1954,Xagog,jng,Kindred,oe:player:25372337c424d854728ed2a7775efb6,Viego,jng:Kindred,lineup-b3cb346d12213755,0,1473.00000000,24.55000000,2,7,2,0.57142857,7882.00000000,11340.00000000,140,461.91446029,0.20771075,0.23299774,42,1.71079430,1.00000000,-393.00000000,-29.00000000,-8.00000000,0,warmup,,,,,
pg-daf7165d501e2913,LOLTMNT05_89695,2024-10-14T18:54:06,2024-10-14,2024,Unknown,0,14.18,Blue,oe:team:e46f2dda10740009ffb0c01498dc5ce,ROSSMANN Centaurs,oe:team:980ab072663574c2e4fca71f275d302,Eintracht Spandau,oe:player:f80c460f82b1017b588882292444e60,goose,mid,Ezreal,oe:player:b6ebe3c8487ddc3a23c586e650c4528,Ahri,mid:Ezreal,lineup-b3cb346d12213755,0,1473.00000000,24.55000000,0,3,2,0.66666667,7939.00000000,12868.00000000,208,524.15478615,0.20921285,0.26439285,8,0.32586558,0.50000000,-1558.00000000,-261.00000000,-14.00000000,0,warmup,,,,,
pg-2b520073bd75866d,LOLTMNT05_89695,2024-10-14T18:54:06,2024-10-14,2024,Unknown,0,14.18,Blue,oe:team:e46f2dda10740009ffb0c01498dc5ce,ROSSMANN Centaurs,oe:team:980ab072663574c2e4fca71f275d302,Eintracht Spandau,oe:player:08904f9c78637b75c0de4d1734f318c,Wildenbruch,sup,Leona,oe:player:a291e13e72870a901a7a03a59d9c6be,Poppy,sup:Leona,lineup-b3cb346d12213755,0,1473.00000000,24.55000000,1,7,3,0.57142857,5646.00000000,4613.00000000,27,187.90224033,0.14878647,0.09478118,55,2.24032587,1.00000000,-777.00000000,-1285.00000000,-2.00000000,0,warmup,,,,,
pg-133b20b30fb9e527,LOLTMNT05_89695,2024-10-14T18:54:06,2024-10-14,2024,Unknown,0,14.18,Blue,oe:team:e46f2dda10740009ffb0c01498dc5ce,ROSSMANN Centaurs,oe:team:980ab072663574c2e4fca71f275d302,Eintracht Spandau,oe:player:0f5f13ceea0f4fdc6eff8145fe20692,Vikes,top,Udyr,oe:player:3ef7267325e7c72a8ca898504722520,Gnar,top:Udyr,lineup-b3cb346d12213755,0,1473.00000000,24.55000000,0,3,1,0.33333333,8676.00000000,7969.00000000,211,324.60285132,0.22863467,0.16373536,17,0.69246436,0.25000000,-1367.00000000,-309.00000000,-9.00000000,0,warmup,,,,,
pg-e5960017575202cd,LOLTMNT05_89695,2024-10-14T18:54:06,2024-10-14,2024,Unknown,0,14.18,Red,oe:team:980ab072663574c2e4fca71f275d302,Eintracht Spandau,oe:team:e46f2dda10740009ffb0c01498dc5ce,ROSSMANN Centaurs,oe:player:9ea5afea85321b13df74acb62bfb530,Fun K3y,bot,Ashe,oe:player:1d08b7a3a79956e521241ad27f2f60d,Ziggs,bot:Ashe,lineup-7806ec98ee9cc07b,1,1473.00000000,24.55000000,6,0,6,12.00000000,11454.00000000,13666.00000000,222,556.65987780,0.21595837,0.19777421,37,1.50712831,0.48000000,613.00000000,94.00000000,-5.00000000,0,warmup,,,,,
pg-0095d2fb4250171c,LOLTMNT05_89695,2024-10-14T18:54:06,2024-10-14,2024,Unknown,0,14.18,Red,oe:team:980ab072663574c2e4fca71f275d302,Eintracht Spandau,oe:team:e46f2dda10740009ffb0c01498dc5ce,ROSSMANN Centaurs,oe:player:25372337c424d854728ed2a7775efb6,Zanzarah,jng,Viego,oe:player:3068654a4082275bbc00789650d1954,Kindred,jng:Viego,lineup-7806ec98ee9cc07b,1,1473.00000000,24.55000000,4,2,8,6.00000000,9705.00000000,9385.00000000,143,382.28105906,0.18298201,0.13581962,28,1.14052953,0.48000000,393.00000000,29.00000000,8.00000000,0,warmup,,,,,
pg-d9d18ec0ddc69058,LOLTMNT05_89695,2024-10-14T18:54:06,2024-10-14,2024,Unknown,0,14.18,Red,oe:team:980ab072663574c2e4fca71f275d302,Eintracht Spandau,oe:team:e46f2dda10740009ffb0c01498dc5ce,ROSSMANN Centaurs,oe:player:b6ebe3c8487ddc3a23c586e650c4528,PowerOfEvil,mid,Ahri,oe:player:f80c460f82b1017b588882292444e60,Ezreal,mid:Ahri,lineup-7806ec98ee9cc07b,1,1473.00000000,24.55000000,7,0,8,15.00000000,11868.00000000,20607.00000000,246,839.38900204,0.22376409,0.29822429,25,1.01832994,0.60000000,1558.00000000,261.00000000,14.00000000,0,warmup,,,,,
pg-5cea866001e0ff9f,LOLTMNT05_89695,2024-10-14T18:54:06,2024-10-14,2024,Unknown,0,14.18,Red,oe:team:980ab072663574c2e4fca71f275d302,Eintracht Spandau,oe:team:e46f2dda10740009ffb0c01498dc5ce,ROSSMANN Centaurs,oe:player:a291e13e72870a901a7a03a59d9c6be,Lilipp,sup,Poppy,oe:player:08904f9c78637b75c0de4d1734f318c,Leona,sup:Poppy,lineup-7806ec98ee9cc07b,1,1473.00000000,24.55000000,5,3,8,4.33333333,7835.00000000,10076.00000000,23,410.42769857,0.14772427,0.14581977,81,3.29938900,0.52000000,777.00000000,1285.00000000,2.00000000,0,warmup,,,,,
pg-120b3f2c8fcb0bc5,LOLTMNT05_89695,2024-10-14T18:54:06,2024-10-14,2024,Unknown,0,14.18,Red,oe:team:980ab072663574c2e4fca71f275d302,Eintracht Spandau,oe:team:e46f2dda10740009ffb0c01498dc5ce,ROSSMANN Centaurs,oe:player:3ef7267325e7c72a8ca898504722520,Vertigo,top,Gnar,oe:player:0f5f13ceea0f4fdc6eff8145fe20692,Udyr,top:Gnar,lineup-7806ec98ee9cc07b,1,1473.00000000,24.55000000,3,0,4,7.00000000,12176.00000000,15365.00000000,237,625.86558045,0.22957125,0.22236212,16,0.65173116,0.28000000,1367.00000000,309.00000000,9.00000000,0,warmup,,,,,
pg-1f1968a9e0acfc8e,LOLTMNT05_89698,2024-10-14T19:10:44,2024-10-14,2024,Unknown,0,14.18,Blue,oe:team:0410783728358f6e711de31a6f1e8f9,Kaufland Hangry Knights,oe:team:6a060bd74c9041bf0aa89adf9d15d12,Unicorns of Love Sexy Edition,oe:player:1a38c55db5f8af06ebac94d8530ff71,Avra,bot,Caitlyn,oe:player:3a3cf889f1996110ab52915425d60b5,Kalista,bot:Caitlyn,lineup-6218d111695859c5,0,1879.00000000,31.31666667,12,8,4,2.00000000,17291.00000000,42550.00000000,238,1358.70143693,0.29141316,0.31070868,29,0.92602448,0.76190476,866.00000000,-489.00000000,1.00000000,0,warmup,,,,,
pg-3664ebd9040131a3,LOLTMNT05_89698,2024-10-14T19:10:44,2024-10-14,2024,Unknown,0,14.18,Blue,oe:team:0410783728358f6e711de31a6f1e8f9,Kaufland Hangry Knights,oe:team:6a060bd74c9041bf0aa89adf9d15d12,Unicorns of Love Sexy Edition,oe:player:e8ff461b567776b254963373be94961,Toni,jng,Sejuani,oe:player:6fc5fe723eed4ba4c230292be365c66,Lillia,jng:Sejuani,lineup-6218d111695859c5,0,1879.00000000,31.31666667,4,3,8,4.00000000,9907.00000000,12763.00000000,119,407.54656732,0.16696722,0.09319800,44,1.40500266,0.57142857,-955.00000000,-1541.00000000,-49.00000000,0,warmup,,,,,
pg-558ecc8438b4a64b,LOLTMNT05_89698,2024-10-14T19:10:44,2024-10-14,2024,Unknown,0,14.18,Blue,oe:team:0410783728358f6e711de31a6f1e8f9,Kaufland Hangry Knights,oe:team:6a060bd74c9041bf0aa89adf9d15d12,Unicorns of Love Sexy Edition,oe:player:d7432b52de9ff23e6aa98374fe63375,Nite,mid,Tristana,oe:player:157108ff2b64591e5703c64dbae3a2e,LeBlanc,mid:Tristana,lineup-6218d111695859c5,0,1879.00000000,31.31666667,1,5,3,0.80000000,12358.00000000,28580.00000000,286,912.61309207,0.20827505,0.20869692,22,0.70250133,0.19047619,-392.00000000,-960.00000000,-3.00000000,0,warmup,,,,,
pg-9e23c3c791c5e378,LOLTMNT05_89698,2024-10-14T19:10:44,2024-10-14,2024,Unknown,0,14.18,Blue,oe:team:0410783728358f6e711de31a6f1e8f9,Kaufland Hangry Knights,oe:team:6a060bd74c9041bf0aa89adf9d15d12,Unicorns of Love Sexy Edition,oe:player:6369ba49db4cf35b35a7c47e3d4a4fd,Visdom,sup,Alistar,oe:player:973547129a691fb61e886add170ac7a,Rell,sup:Alistar,lineup-6218d111695859c5,0,1879.00000000,31.31666667,1,6,15,2.66666667,8075.00000000,9703.00000000,29,309.83501863,0.13609168,0.07085326,77,2.45875466,0.76190476,-238.00000000,289.00000000,11.00000000,0,warmup,,,,,
pg-59b5b27724355121,LOLTMNT05_89698,2024-10-14T19:10:44,2024-10-14,2024,Unknown,0,14.18,Blue,oe:team:0410783728358f6e711de31a6f1e8f9,Kaufland Hangry Knights,oe:team:6a060bd74c9041bf0aa89adf9d15d12,Unicorns of Love Sexy Edition,oe:player:74cc915f83955219866a1bc32a90285,Sven,top,Udyr,oe:player:11b40dd5fcd01f1fca9496859ccd862,Dr. Mundo,top:Udyr,lineup-6218d111695859c5,0,1879.00000000,31.31666667,3,7,7,1.42857143,11704.00000000,43349.00000000,234,1384.21500798,0.19725289,0.31654314,17,0.54284194,0.47619048,-107.00000000,-1146.00000000,-7.00000000,0,warmup,,,,,
pg-5752b982149a7774,LOLTMNT05_89698,2024-10-14T19:10:44,2024-10-14,2024,Unknown,0,14.18,Red,oe:team:6a060bd74c9041bf0aa89adf9d15d12,Unicorns of Love Sexy Edition,oe:team:0410783728358f6e711de31a6f1e8f9,Kaufland Hangry Knights,oe:player:3a3cf889f1996110ab52915425d60b5,xMatty,bot,Kalista,oe:player:1a38c55db5f8af06ebac94d8530ff71,Caitlyn,bot:Kalista,lineup-003c4b7dcdab2ee4,1,1879.00000000,31.31666667,11,7,3,2.00000000,14216.00000000,28963.00000000,226,924.84300160,0.22227087,0.25100965,34,1.08568387,0.48275862,-866.00000000,489.00000000,-1.00000000,0,warmup,,,,,
pg-e7bce1add36dbb81,LOLTMNT05_89698,2024-10-14T19:10:44,2024-10-14,2024,Unknown,0,14.18,Red,oe:team:6a060bd74c9041bf0aa89adf9d15d12,Unicorns of Love Sexy Edition,oe:team:0410783728358f6e711de31a6f1e8f9,Kaufland Hangry Knights,oe:player:6fc5fe723eed4ba4c230292be365c66,Lurox,jng,Lillia,oe:player:e8ff461b567776b254963373be94961,Sejuani,jng:Lillia,lineup-003c4b7dcdab2ee4,1,1879.00000000,31.31666667,6,3,9,5.00000000,13657.00000000,27162.00000000,244,867.33368813,0.21353075,0.23540118,16,0.51091006,0.51724138,955.00000000,1541.00000000,49.00000000,0,warmup,,,,,
pg-cf4dfa17bc6e20d8,LOLTMNT05_89698,2024-10-14T19:10:44,2024-10-14,2024,Unknown,0,14.18,Red,oe:team:6a060bd74c9041bf0aa89adf9d15d12,Unicorns of Love Sexy Edition,oe:team:0410783728358f6e711de31a6f1e8f9,Kaufland Hangry Knights,oe:player:157108ff2b64591e5703c64dbae3a2e,TolanD,mid,LeBlanc,oe:player:d7432b52de9ff23e6aa98374fe63375,Tristana,mid:LeBlanc,lineup-003c4b7dcdab2ee4,1,1879.00000000,31.31666667,5,2,4,4.50000000,13359.00000000,24740.00000000,247,789.99467802,0.20887145,0.21441076,44,1.40500266,0.31034483,392.00000000,960.00000000,3.00000000,0,warmup,,,,,
pg-d6930154408ac0a3,LOLTMNT05_89698,2024-10-14T19:10:44,2024-10-14,2024,Unknown,0,14.18,Red,oe:team:6a060bd74c9041bf0aa89adf9d15d12,Unicorns of Love Sexy Edition,oe:team:0410783728358f6e711de31a6f1e8f9,Kaufland Hangry Knights,oe:player:973547129a691fb61e886add170ac7a,Piero,sup,Rell,oe:player:6369ba49db4cf35b35a7c47e3d4a4fd,Alistar,sup:Rell,lineup-003c4b7dcdab2ee4,1,1879.00000000,31.31666667,2,5,20,4.40000000,9594.00000000,9168.00000000,20,292.75146354,0.15000469,0.07945505,110,3.51250665,0.75862069,238.00000000,-289.00000000,-11.00000000,0,warmup,,,,,
pg-13250c035c13bb24,LOLTMNT05_89698,2024-10-14T19:10:44,2024-10-14,2024,Unknown,0,14.18,Red,oe:team:6a060bd74c9041bf0aa89adf9d15d12,Unicorns of Love Sexy Edition,oe:team:0410783728358f6e711de31a6f1e8f9,Kaufland Hangry Knights,oe:player:11b40dd5fcd01f1fca9496859ccd862,Shelfmade,top,Dr. Mundo,oe:player:74cc915f83955219866a1bc32a90285,Udyr,top:Dr. Mundo,lineup-003c4b7dcdab2ee4,1,1879.00000000,31.31666667,5,4,3,2.00000000,13132.00000000,25353.00000000,213,809.56891964,0.20532224,0.21972336,21,0.67056945,0.27586207,107.00000000,1146.00000000,7.00000000,0,warmup,,,,,
pg-599ec85a3a369949,LOLTMNT05_88752,2024-10-14T19:26:10,2024-10-14,2024,Unknown,0,14.18,Blue,oe:team:48199c3e87ac9d14cdf50169f8eaabc,Eintracht Frankfurt,oe:team:1d0f5e58f39613aff1a3dd4ed85933e,FC Schalke 04 Esports,oe:player:f0523a8a7089a6b90c4c1606ebd9605,DizL,bot,Ashe,oe:player:d12b043b44563dd9443919f8637de22,Jinx,bot:Ashe,lineup-9fa2c882d9da2bcd,1,2650.00000000,44.16666667,7,3,18,8.33333333,19934.00000000,52969.00000000,401,1199.29811321,0.23625201,0.31183549,79,1.78867925,0.78125000,-105.00000000,-637.00000000,-7.00000000,0,warmup,,,,,
pg-013ff39efe6c81af,LOLTMNT05_88752,2024-10-14T19:26:10,2024-10-14,2024,Unknown,0,14.18,Blue,oe:team:48199c3e87ac9d14cdf50169f8eaabc,Eintracht Frankfurt,oe:team:1d0f5e58f39613aff1a3dd4ed85933e,FC Schalke 04 Esports,oe:player:b0a4ae62486ca215c199e72698738b7,Pabu,jng,Jarvan IV,oe:player:702efc23873d774e479682ef680d911,Wukong,jng:Jarvan IV,lineup-9fa2c882d9da2bcd,1,2650.00000000,44.16666667,5,5,21,5.20000000,14818.00000000,23492.00000000,196,531.89433962,0.17561866,0.13830050,94,2.12830189,0.81250000,-406.00000000,-1174.00000000,-25.00000000,0,warmup,,,,,
pg-3a0f5da89759dc4f,LOLTMNT05_88752,2024-10-14T19:26:10,2024-10-14,2024,Unknown,0,14.18,Blue,oe:team:48199c3e87ac9d14cdf50169f8eaabc,Eintracht Frankfurt,oe:team:1d0f5e58f39613aff1a3dd4ed85933e,FC Schalke 04 Esports,oe:player:eb26eb96a04224878fb492a5a8cefa8,ZaZee,mid,Ahri,oe:player:58d68cedf0a0b1b3d7d9646f5f9e8d3,Syndra,mid:Ahri,lineup-9fa2c882d9da2bcd,1,2650.00000000,44.16666667,10,3,16,8.66666667,19092.00000000,39989.00000000,346,905.41132075,0.22627287,0.23542052,79,1.78867925,0.81250000,-244.00000000,-304.00000000,2.00000000,0,warmup,,,,,
pg-f70184ab94bab13d,LOLTMNT05_88752,2024-10-14T19:26:10,2024-10-14,2024,Unknown,0,14.18,Blue,oe:team:48199c3e87ac9d14cdf50169f8eaabc,Eintracht Frankfurt,oe:team:1d0f5e58f39613aff1a3dd4ed85933e,FC Schalke 04 Esports,oe:player:64ecd619b953ca23acb0546a472c483,Tore,sup,Rakan,oe:player:ae20b1872a922cdc5b8707fbe66c4f0,Alistar,sup:Rakan,lineup-9fa2c882d9da2bcd,1,2650.00000000,44.16666667,2,5,25,5.40000000,11627.00000000,8788.00000000,42,198.97358491,0.13779985,0.05173612,219,4.95849057,0.84375000,-517.00000000,-482.00000000,-2.00000000,0,warmup,,,,,
pg-4eaf6e4fd4861522,LOLTMNT05_88752,2024-10-14T19:26:10,2024-10-14,2024,Unknown,0,14.18,Blue,oe:team:48199c3e87ac9d14cdf50169f8eaabc,Eintracht Frankfurt,oe:team:1d0f5e58f39613aff1a3dd4ed85933e,FC Schalke 04 Esports,oe:player:5be118a1aa52664e1dff15ff96c1e67,Agresivoo,top,Rumble,oe:player:1f8b2df4c6ee43a1c1dc29817c0a201,Galio,top:Rumble,lineup-9fa2c882d9da2bcd,1,2650.00000000,44.16666667,8,4,12,5.00000000,18905.00000000,44624.00000000,349,1010.35471698,0.22405660,0.26270737,51,1.15471698,0.62500000,692.00000000,1323.00000000,37.00000000,0,warmup,,,,,
pg-88e21c1508143bc9,LOLTMNT05_88752,2024-10-14T19:26:10,2024-10-14,2024,Unknown,0,14.18,Red,oe:team:1d0f5e58f39613aff1a3dd4ed85933e,FC Schalke 04 Esports,oe:team:48199c3e87ac9d14cdf50169f8eaabc,Eintracht Frankfurt,oe:player:d12b043b44563dd9443919f8637de22,Peco,bot,Jinx,oe:player:f0523a8a7089a6b90c4c1606ebd9605,Ashe,bot:Jinx,lineup-67e3c4b343d8cf0b,0,2650.00000000,44.16666667,1,7,8,1.28571429,17524.00000000,41706.00000000,418,944.28679245,0.23357236,0.30963747,33,0.74716981,0.45000000,105.00000000,637.00000000,7.00000000,0,warmup,,,,,
pg-b19a2ac8e1d3f782,LOLTMNT05_88752,2024-10-14T19:26:10,2024-10-14,2024,Unknown,0,14.18,Red,oe:team:1d0f5e58f39613aff1a3dd4ed85933e,FC Schalke 04 Esports,oe:team:48199c3e87ac9d14cdf50169f8eaabc,Eintracht Frankfurt,oe:player:702efc23873d774e479682ef680d911,Cboi,jng,Wukong,oe:player:b0a4ae62486ca215c199e72698738b7,Jarvan IV,jng:Wukong,lineup-67e3c4b343d8cf0b,0,2650.00000000,44.16666667,6,6,8,2.33333333,15028.00000000,25650.00000000,253,580.75471698,0.20030389,0.19043306,73,1.65283019,0.70000000,406.00000000,1174.00000000,25.00000000,0,warmup,,,,,
pg-1b05c7842acec4a8,LOLTMNT05_88752,2024-10-14T19:26:10,2024-10-14,2024,Unknown,0,14.18,Red,oe:team:1d0f5e58f39613aff1a3dd4ed85933e,FC Schalke 04 Esports,oe:team:48199c3e87ac9d14cdf50169f8eaabc,Eintracht Frankfurt,oe:player:58d68cedf0a0b1b3d7d9646f5f9e8d3,Simpli,mid,Syndra,oe:player:eb26eb96a04224878fb492a5a8cefa8,Ahri,mid:Syndra,lineup-67e3c4b343d8cf0b,0,2650.00000000,44.16666667,8,8,6,1.75000000,18455.00000000,34246.00000000,358,775.38113208,0.24598139,0.25425226,50,1.13207547,0.70000000,244.00000000,304.00000000,-2.00000000,0,warmup,,,,,
pg-a3c7ca0b6cb07b7c,LOLTMNT05_88752,2024-10-14T19:26:10,2024-10-14,2024,Unknown,0,14.18,Red,oe:team:1d0f5e58f39613aff1a3dd4ed85933e,FC Schalke 04 Esports,oe:team:48199c3e87ac9d14cdf50169f8eaabc,Eintracht Frankfurt,oe:player:ae20b1872a922cdc5b8707fbe66c4f0,Twiizt,sup,Alistar,oe:player:64ecd619b953ca23acb0546a472c483,Rakan,sup:Alistar,lineup-67e3c4b343d8cf0b,0,2650.00000000,44.16666667,2,6,14,2.66666667,9961.00000000,6484.00000000,30,146.80754717,0.13276731,0.04813910,154,3.48679245,0.80000000,517.00000000,482.00000000,2.00000000,0,warmup,,,,,
pg-c95e033642765ebe,LOLTMNT05_88752,2024-10-14T19:26:10,2024-10-14,2024,Unknown,0,14.18,Red,oe:team:1d0f5e58f39613aff1a3dd4ed85933e,FC Schalke 04 Esports,oe:team:48199c3e87ac9d14cdf50169f8eaabc,Eintracht Frankfurt,oe:player:1f8b2df4c6ee43a1c1dc29817c0a201,Sacre,top,Galio,oe:player:5be118a1aa52664e1dff15ff96c1e67,Rumble,top:Galio,lineup-67e3c4b343d8cf0b,0,2650.00000000,44.16666667,3,5,13,3.20000000,14058.00000000,26607.00000000,268,602.42264151,0.18737504,0.19753811,49,1.10943396,0.80000000,-692.00000000,-1323.00000000,-37.00000000,0,warmup,,,,,
pg-f8499daef5b2a79d,LOLTMNT05_88811,2024-10-16T15:07:49,2024-10-16,2024,Unknown,0,14.18,Blue,oe:team:a1934e3feca7db728021f9c61a6bc27,Austrian Force willhaben,oe:team:26ff1a9f7fb8e976fbdcc5d2a8ac397,E WIE EINFACH E-SPORTS,oe:player:40fa7615556f33971d67c95a702fbcc,Woolite,bot,Kog'Maw,oe:player:08cc98f89d63a05973e5db39e6b9945,Kai'Sa,bot:Kog'Maw,lineup-54e67b5d765adf4b,0,1624.00000000,27.06666667,1,5,6,1.40000000,10130.00000000,18543.00000000,243,685.08620690,0.22505610,0.31237155,20,0.73891626,0.70000000,-212.00000000,-134.00000000,5.00000000,0,warmup,,,,,
pg-bbbb7b8cadf57702,LOLTMNT05_88811,2024-10-16T15:07:49,2024-10-16,2024,Unknown,0,14.18,Blue,oe:team:a1934e3feca7db728021f9c61a6bc27,Austrian Force willhaben,oe:team:26ff1a9f7fb8e976fbdcc5d2a8ac397,E WIE EINFACH E-SPORTS,oe:player:6b7ca7e0fcad1f113f17bc2d30adbf5,adi1,jng,Vi,oe:player:3e1b1e0f9c925b2f504d78f3bd5da22,Sejuani,jng:Vi,lineup-54e67b5d765adf4b,0,1624.00000000,27.06666667,1,7,3,0.57142857,8496.00000000,6453.00000000,148,238.41133005,0.18875386,0.10870591,38,1.40394089,0.40000000,506.00000000,111.00000000,11.00000000,0,warmup,,,,,
pg-5e1518631c71ee6e,LOLTMNT05_88811,2024-10-16T15:07:49,2024-10-16,2024,Unknown,0,14.18,Blue,oe:team:a1934e3feca7db728021f9c61a6bc27,Austrian Force willhaben,oe:team:26ff1a9f7fb8e976fbdcc5d2a8ac397,E WIE EINFACH E-SPORTS,oe:player:7e33124e33721ef8f70d2dd843b57da,ESCIK,mid,Orianna,oe:player:2ca9469819fb0fb61ff98e914a7ccca,Jayce,mid:Orianna,lineup-54e67b5d765adf4b,0,1624.00000000,27.06666667,4,3,4,2.66666667,10830.00000000,19425.00000000,206,717.67241379,0.24060785,0.32722954,41,1.51477833,0.80000000,-1357.00000000,-573.00000000,-15.00000000,0,warmup,,,,,
pg-d3f0cbbb64ffdb70,LOLTMNT05_88811,2024-10-16T15:07:49,2024-10-16,2024,Unknown,0,14.18,Blue,oe:team:a1934e3feca7db728021f9c61a6bc27,Austrian Force willhaben,oe:team:26ff1a9f7fb8e976fbdcc5d2a8ac397,E WIE EINFACH E-SPORTS,oe:player:280a58c350eef8f164e753447b2a306,Vander,sup,Braum,oe:player:87f462541b21fed4081f063502bf4da,Rell,sup:Braum,lineup-54e67b5d765adf4b,0,1624.00000000,27.06666667,0,4,6,1.50000000,6677.00000000,3763.00000000,42,139.02709360,0.14834152,0.06339072,99,3.65763547,0.60000000,-31.00000000,893.00000000,7.00000000,0,warmup,,,,,
pg-77611e6bd7855b27,LOLTMNT05_88811,2024-10-16T15:07:49,2024-10-16,2024,Unknown,0,14.18,Blue,oe:team:a1934e3feca7db728021f9c61a6bc27,Austrian Force willhaben,oe:team:26ff1a9f7fb8e976fbdcc5d2a8ac397,E WIE EINFACH E-SPORTS,oe:player:1725cf69407d2dcdf2873d0669409e8,Tracyn,top,Jax,oe:player:0fcaa97e5408efcaa78f5517e34cb02,Akali,top:Jax,lineup-54e67b5d765adf4b,0,1624.00000000,27.06666667,4,5,0,0.80000000,8878.00000000,11178.00000000,146,412.98029557,0.19724067,0.18830228,24,0.88669951,0.40000000,-490.00000000,-109.00000000,-29.00000000,0,warmup,,,,,
pg-7e7228cbe39436e4,LOLTMNT05_88811,2024-10-16T15:07:49,2024-10-16,2024,Unknown,0,14.18,Red,oe:team:26ff1a9f7fb8e976fbdcc5d2a8ac397,E WIE EINFACH E-SPORTS,oe:team:a1934e3feca7db728021f9c61a6bc27,Austrian Force willhaben,oe:player:08cc98f89d63a05973e5db39e6b9945,Noz2k,bot,Kai'Sa,oe:player:40fa7615556f33971d67c95a702fbcc,Kog'Maw,bot:Kai'Sa,lineup-faa4d797b1949e70,1,1624.00000000,27.06666667,7,2,8,7.50000000,13086.00000000,20101.00000000,242,742.64778325,0.23847359,0.25441405,31,1.14532020,0.62500000,212.00000000,134.00000000,-5.00000000,0,warmup,,,,,
pg-a1ffbe9083a98978,LOLTMNT05_88811,2024-10-16T15:07:49,2024-10-16,2024,Unknown,0,14.18,Red,oe:team:26ff1a9f7fb8e976fbdcc5d2a8ac397,E WIE EINFACH E-SPORTS,oe:team:a1934e3feca7db728021f9c61a6bc27,Austrian Force willhaben,oe:player:3e1b1e0f9c925b2f504d78f3bd5da22,D4nKa,jng,Sejuani,oe:player:6b7ca7e0fcad1f113f17bc2d30adbf5,Vi,jng:Sejuani,lineup-faa4d797b1949e70,1,1624.00000000,27.06666667,0,3,15,5.00000000,8467.00000000,8400.00000000,135,310.34482759,0.15429894,0.10631700,33,1.21921182,0.62500000,-506.00000000,-111.00000000,-11.00000000,0,warmup,,,,,
pg-bf3b575fbb0c54c4,LOLTMNT05_88811,2024-10-16T15:07:49,2024-10-16,2024,Unknown,0,14.18,Red,oe:team:26ff1a9f7fb8e976fbdcc5d2a8ac397,E WIE EINFACH E-SPORTS,oe:team:a1934e3feca7db728021f9c61a6bc27,Austrian Force willhaben,oe:player:2ca9469819fb0fb61ff98e914a7ccca,Relative,mid,Jayce,oe:player:7e33124e33721ef8f70d2dd843b57da,Orianna,mid:Jayce,lineup-faa4d797b1949e70,1,1624.00000000,27.06666667,9,1,10,19.00000000,13769.00000000,23931.00000000,239,884.15024631,0.25092029,0.30288954,38,1.40394089,0.79166667,1357.00000000,573.00000000,15.00000000,0,warmup,,,,,
pg-f91fb1a0c8390c05,LOLTMNT05_88811,2024-10-16T15:07:49,2024-10-16,2024,Unknown,0,14.18,Red,oe:team:26ff1a9f7fb8e976fbdcc5d2a8ac397,E WIE EINFACH E-SPORTS,oe:team:a1934e3feca7db728021f9c61a6bc27,Austrian Force willhaben,oe:player:87f462541b21fed4081f063502bf4da,Tockimo,sup,Rell,oe:player:280a58c350eef8f164e753447b2a306,Braum,sup:Rell,lineup-faa4d797b1949e70,1,1624.00000000,27.06666667,3,3,18,7.00000000,8252.00000000,5649.00000000,23,208.70689655,0.15038087,0.07149818,82,3.02955665,0.87500000,31.00000000,-893.00000000,-7.00000000,0,warmup,,,,,
pg-e0abb765aae654ef,LOLTMNT05_88811,2024-10-16T15:07:49,2024-10-16,2024,Unknown,0,14.18,Red,oe:team:26ff1a9f7fb8e976fbdcc5d2a8ac397,E WIE EINFACH E-SPORTS,oe:team:a1934e3feca7db728021f9c61a6bc27,Austrian Force willhaben,oe:player:0fcaa97e5408efcaa78f5517e34cb02,Flamer,top,Akali,oe:player:1725cf69407d2dcdf2873d0669409e8,Jax,top:Akali,lineup-faa4d797b1949e70,1,1624.00000000,27.06666667,5,1,4,9.00000000,11300.00000000,20928.00000000,199,773.20197044,0.20592630,0.26488122,23,0.84975369,0.37500000,490.00000000,109.00000000,29.00000000,0,warmup,,,,,
pg-b342bb51601786e1,LOLTMNT05_89754,2024-10-16T15:08:50,2024-10-16,2024,Unknown,0,14.18,Blue,oe:team:3de935df8f40fbb4d0e564d4a20e6cb,Berlin International Gaming,oe:team:2ae1a4c6fe17bf70dd4b5520d60f55b,NNO Prime,oe:player:71b8101d78beb04a089caa90a8d9310,Jeskla,bot,Hwei,oe:player:90704735ca9fc01f2244f23f6e5d635,Ziggs,bot:Hwei,lineup-82727a2573d80da3,0,1785.00000000,29.75000000,2,4,6,2.00000000,11988.00000000,33183.00000000,279,1115.39495798,0.23903334,0.34162789,27,0.90756303,0.80000000,579.00000000,711.00000000,29.00000000,0,warmup,,,,,
pg-91929a4da858f7a3,LOLTMNT05_89754,2024-10-16T15:08:50,2024-10-16,2024,Unknown,0,14.18,Blue,oe:team:3de935df8f40fbb4d0e564d4a20e6cb,Berlin International Gaming,oe:team:2ae1a4c6fe17bf70dd4b5520d60f55b,NNO Prime,oe:player:3597a9b82f5f462aaa8a0fa552a9bac,Densi,jng,Ivern,oe:player:e041923a70bcde3b24d608958f8edc8,Sejuani,jng:Ivern,lineup-82727a2573d80da3,0,1785.00000000,29.75000000,2,6,4,1.00000000,8513.00000000,7828.00000000,121,263.12605042,0.16974398,0.08059136,25,0.84033613,0.60000000,-536.00000000,-980.00000000,-28.00000000,0,warmup,,,,,
pg-dc475af1c8e668f8,LOLTMNT05_89754,2024-10-16T15:08:50,2024-10-16,2024,Unknown,0,14.18,Blue,oe:team:3de935df8f40fbb4d0e564d4a20e6cb,Berlin International Gaming,oe:team:2ae1a4c6fe17bf70dd4b5520d60f55b,NNO Prime,oe:player:2096ff50c6496d70e4b39793390c9ce,Sencux,mid,Yone,oe:player:e3b8d5a9290fe0c7458dc01db4dc9dc,Renekton,mid:Yone,lineup-82727a2573d80da3,0,1785.00000000,29.75000000,3,5,3,1.20000000,12131.00000000,23727.00000000,266,797.54621849,0.24188467,0.24427583,26,0.87394958,0.60000000,-1511.00000000,-358.00000000,-14.00000000,0,warmup,,,,,
pg-d40d7d8f6d5424a8,LOLTMNT05_89754,2024-10-16T15:08:50,2024-10-16,2024,Unknown,0,14.18,Blue,oe:team:3de935df8f40fbb4d0e564d4a20e6cb,Berlin International Gaming,oe:team:2ae1a4c6fe17bf70dd4b5520d60f55b,NNO Prime,oe:player:74f3f60a44ee916ecc257a5381be756,Lekcyc,sup,Leona,oe:player:35650a63e482edbdb82b6950955e052,Alistar,sup:Leona,lineup-82727a2573d80da3,0,1785.00000000,29.75000000,0,5,5,1.00000000,6535.00000000,7015.00000000,33,235.79831933,0.13030388,0.07222131,89,2.99159664,0.50000000,-937.00000000,267.00000000,6.00000000,0,warmup,,,,,
pg-31a8f138e9692cb0,LOLTMNT05_89754,2024-10-16T15:08:50,2024-10-16,2024,Unknown,0,14.18,Blue,oe:team:3de935df8f40fbb4d0e564d4a20e6cb,Berlin International Gaming,oe:team:2ae1a4c6fe17bf70dd4b5520d60f55b,NNO Prime,oe:player:e0b008815ab05c5cdaf4d46ab61ff63,Vizicsacsi,top,Poppy,oe:player:1d17186c66b693755087b8af8d0c611,Camille,top:Poppy,lineup-82727a2573d80da3,0,1785.00000000,29.75000000,3,4,4,1.75000000,10985.00000000,25379.00000000,222,853.07563025,0.21903414,0.26128361,31,1.04201681,0.70000000,-1098.00000000,-976.00000000,-18.00000000,0,warmup,,,,,
pg-3c2778b2bda2a1a6,LOLTMNT05_89754,2024-10-16T15:08:50,2024-10-16,2024,Unknown,0,14.18,Red,oe:team:2ae1a4c6fe17bf70dd4b5520d60f55b,NNO Prime,oe:team:3de935df8f40fbb4d0e564d4a20e6cb,Berlin International Gaming,oe:player:90704735ca9fc01f2244f23f6e5d635,Shiganari,bot,Ziggs,oe:player:71b8101d78beb04a089caa90a8d9310,Hwei,bot:Ziggs,lineup-12e790c5321078fe,1,1785.00000000,29.75000000,4,1,8,12.00000000,12678.00000000,36558.00000000,262,1228.84033613,0.20629393,0.34703448,28,0.94117647,0.50000000,-579.00000000,-711.00000000,-29.00000000,0,warmup,,,,,
pg-4a19621e303393d6,LOLTMNT05_89754,2024-10-16T15:08:50,2024-10-16,2024,Unknown,0,14.18,Red,oe:team:2ae1a4c6fe17bf70dd4b5520d60f55b,NNO Prime,oe:team:3de935df8f40fbb4d0e564d4a20e6cb,Berlin International Gaming,oe:player:e041923a70bcde3b24d608958f8edc8,Shlatan,jng,Sejuani,oe:player:3597a9b82f5f462aaa8a0fa552a9bac,Ivern,jng:Sejuani,lineup-12e790c5321078fe,1,1785.00000000,29.75000000,2,2,14,8.00000000,10023.00000000,10427.00000000,154,350.48739496,0.16309229,0.09898048,26,0.87394958,0.66666667,536.00000000,980.00000000,28.00000000,0,warmup,,,,,
pg-973e24cd5d6b05e0,LOLTMNT05_89754,2024-10-16T15:08:50,2024-10-16,2024,Unknown,0,14.18,Red,oe:team:2ae1a4c6fe17bf70dd4b5520d60f55b,NNO Prime,oe:team:3de935df8f40fbb4d0e564d4a20e6cb,Berlin International Gaming,oe:player:e3b8d5a9290fe0c7458dc01db4dc9dc,Serin,mid,Renekton,oe:player:2096ff50c6496d70e4b39793390c9ce,Yone,mid:Renekton,lineup-12e790c5321078fe,1,1785.00000000,29.75000000,9,4,5,3.50000000,15212.00000000,28460.00000000,262,956.63865546,0.24752669,0.27016252,21,0.70588235,0.58333333,1511.00000000,358.00000000,14.00000000,0,warmup,,,,,
pg-a699f44bdca5f46c,LOLTMNT05_89754,2024-10-16T15:08:50,2024-10-16,2024,Unknown,0,14.18,Red,oe:team:2ae1a4c6fe17bf70dd4b5520d60f55b,NNO Prime,oe:team:3de935df8f40fbb4d0e564d4a20e6cb,Berlin International Gaming,oe:player:35650a63e482edbdb82b6950955e052,Lucky,sup,Alistar,oe:player:74f3f60a44ee916ecc257a5381be756,Leona,sup:Alistar,lineup-12e790c5321078fe,1,1785.00000000,29.75000000,2,2,16,9.00000000,8794.00000000,5027.00000000,31,168.97478992,0.14309425,0.04771985,120,4.03361345,0.75000000,937.00000000,-267.00000000,-6.00000000,0,warmup,,,,,
pg-b55b7cf81e7f48e1,LOLTMNT05_89754,2024-10-16T15:08:50,2024-10-16,2024,Unknown,0,14.18,Red,oe:team:2ae1a4c6fe17bf70dd4b5520d60f55b,NNO Prime,oe:team:3de935df8f40fbb4d0e564d4a20e6cb,Berlin International Gaming,oe:player:1d17186c66b693755087b8af8d0c611,Scarface,top,Camille,oe:player:e0b008815ab05c5cdaf4d46ab61ff63,Poppy,top:Camille,lineup-12e790c5321078fe,1,1785.00000000,29.75000000,7,1,5,12.00000000,14749.00000000,24872.00000000,273,836.03361345,0.23999284,0.23610267,32,1.07563025,0.50000000,1098.00000000,976.00000000,18.00000000,0,warmup,,,,,
pg-22159c833b5df41f,LOLTMNT05_89783,2024-10-16T15:55:32,2024-10-16,2024,Unknown,0,14.18,Blue,oe:team:26ff1a9f7fb8e976fbdcc5d2a8ac397,E WIE EINFACH E-SPORTS,oe:team:a1934e3feca7db728021f9c61a6bc27,Austrian Force willhaben,oe:player:08cc98f89d63a05973e5db39e6b9945,Noz2k,bot,Jinx,oe:player:40fa7615556f33971d67c95a702fbcc,Ashe,bot:Jinx,lineup-faa4d797b1949e70,1,1510.00000000,25.16666667,8,1,7,15.00000000,13237.00000000,21655.00000000,232,860.46357616,0.24397751,0.29795812,28,1.11258278,0.62500000,65.00000000,376.00000000,-9.00000000,0,warmup,,,,,
pg-c33019f58e80046b,LOLTMNT05_89783,2024-10-16T15:55:32,2024-10-16,2024,Unknown,0,14.18,Blue,oe:team:26ff1a9f7fb8e976fbdcc5d2a8ac397,E WIE EINFACH E-SPORTS,oe:team:a1934e3feca7db728021f9c61a6bc27,Austrian Force willhaben,oe:player:3e1b1e0f9c925b2f504d78f3bd5da22,D4nKa,jng,Jarvan IV,oe:player:6b7ca7e0fcad1f113f17bc2d30adbf5,Wukong,jng:Jarvan IV,lineup-faa4d797b1949e70,1,1510.00000000,25.16666667,5,3,11,5.33333333,10809.00000000,9871.00000000,146,392.22516556,0.19922588,0.13581827,22,0.87417219,0.66666667,-2122.00000000,-687.00000000,-1.00000000,0,warmup,,,,,
pg-5707d15d3c0bbdd1,LOLTMNT05_89783,2024-10-16T15:55:32,2024-10-16,2024,Unknown,0,14.18,Blue,oe:team:26ff1a9f7fb8e976fbdcc5d2a8ac397,E WIE EINFACH E-SPORTS,oe:team:a1934e3feca7db728021f9c61a6bc27,Austrian Force willhaben,oe:player:2ca9469819fb0fb61ff98e914a7ccca,Relative,mid,Sylas,oe:player:7e33124e33721ef8f70d2dd843b57da,Ahri,mid:Sylas,lineup-faa4d797b1949e70,1,1510.00000000,25.16666667,3,5,11,2.80000000,10209.00000000,12121.00000000,182,481.62913907,0.18816699,0.16677674,19,0.75496689,0.58333333,5.00000000,109.00000000,9.00000000,0,warmup,,,,,
pg-99e1fb92c1afa7d3,LOLTMNT05_89783,2024-10-16T15:55:32,2024-10-16,2024,Unknown,0,14.18,Blue,oe:team:26ff1a9f7fb8e976fbdcc5d2a8ac397,E WIE EINFACH E-SPORTS,oe:team:a1934e3feca7db728021f9c61a6bc27,Austrian Force willhaben,oe:player:87f462541b21fed4081f063502bf4da,Tockimo,sup,Nautilus,oe:player:280a58c350eef8f164e753447b2a306,Leona,sup:Nautilus,lineup-faa4d797b1949e70,1,1510.00000000,25.16666667,2,5,9,2.20000000,7196.00000000,8154.00000000,27,324.00000000,0.13263294,0.11219351,73,2.90066225,0.45833333,1.00000000,-259.00000000,2.00000000,0,warmup,,,,,
pg-4c022595d7b8d055,LOLTMNT05_89783,2024-10-16T15:55:32,2024-10-16,2024,Unknown,0,14.18,Blue,oe:team:26ff1a9f7fb8e976fbdcc5d2a8ac397,E WIE EINFACH E-SPORTS,oe:team:a1934e3feca7db728021f9c61a6bc27,Austrian Force willhaben,oe:player:0fcaa97e5408efcaa78f5517e34cb02,Flamer,top,Volibear,oe:player:1725cf69407d2dcdf2873d0669409e8,Aatrox,top:Volibear,lineup-faa4d797b1949e70,1,1510.00000000,25.16666667,6,2,6,6.00000000,12804.00000000,20877.00000000,232,829.54966887,0.23599668,0.28725336,20,0.79470199,0.50000000,548.00000000,505.00000000,6.00000000,0,warmup,,,,,
pg-9f05a090869a1308,LOLTMNT05_89783,2024-10-16T15:55:32,2024-10-16,2024,Unknown,0,14.18,Red,oe:team:a1934e3feca7db728021f9c61a6bc27,Austrian Force willhaben,oe:team:26ff1a9f7fb8e976fbdcc5d2a8ac397,E WIE EINFACH E-SPORTS,oe:player:40fa7615556f33971d67c95a702fbcc,Woolite,bot,Ashe,oe:player:08cc98f89d63a05973e5db39e6b9945,Jinx,bot:Ashe,lineup-54e67b5d765adf4b,0,1510.00000000,25.16666667,4,5,3,1.40000000,10541.00000000,19406.00000000,217,771.09933775,0.22737764,0.28077435,31,1.23178808,0.43750000,-65.00000000,-376.00000000,9.00000000,0,warmup,,,,,
pg-de5e13e046c45642,LOLTMNT05_89783,2024-10-16T15:55:32,2024-10-16,2024,Unknown,0,14.18,Red,oe:team:a1934e3feca7db728021f9c61a6bc27,Austrian Force willhaben,oe:team:26ff1a9f7fb8e976fbdcc5d2a8ac397,E WIE EINFACH E-SPORTS,oe:player:6b7ca7e0fcad1f113f17bc2d30adbf5,adi1,jng,Wukong,oe:player:3e1b1e0f9c925b2f504d78f3bd5da22,Jarvan IV,jng:Wukong,lineup-54e67b5d765adf4b,0,1510.00000000,25.16666667,9,5,5,2.80000000,11658.00000000,16427.00000000,152,652.72847682,0.25147221,0.23767290,29,1.15231788,0.87500000,2122.00000000,687.00000000,1.00000000,0,warmup,,,,,
pg-1d337303456914ed,LOLTMNT05_89783,2024-10-16T15:55:32,2024-10-16,2024,Unknown,0,14.18,Red,oe:team:a1934e3feca7db728021f9c61a6bc27,Austrian Force willhaben,oe:team:26ff1a9f7fb8e976fbdcc5d2a8ac397,E WIE EINFACH E-SPORTS,oe:player:7e33124e33721ef8f70d2dd843b57da,ESCIK,mid,Ahri,oe:player:2ca9469819fb0fb61ff98e914a7ccca,Sylas,mid:Ahri,lineup-54e67b5d765adf4b,0,1510.00000000,25.16666667,2,2,10,6.00000000,10077.00000000,19142.00000000,199,760.60927152,0.21736880,0.27695468,31,1.23178808,0.75000000,-5.00000000,-109.00000000,-9.00000000,0,warmup,,,,,
pg-5fa28f26b87b2654,LOLTMNT05_89783,2024-10-16T15:55:32,2024-10-16,2024,Unknown,0,14.18,Red,oe:team:a1934e3feca7db728021f9c61a6bc27,Austrian Force willhaben,oe:team:26ff1a9f7fb8e976fbdcc5d2a8ac397,E WIE EINFACH E-SPORTS,oe:player:280a58c350eef8f164e753447b2a306,Vander,sup,Leona,oe:player:87f462541b21fed4081f063502bf4da,Nautilus,sup:Leona,lineup-54e67b5d765adf4b,0,1510.00000000,25.16666667,1,7,9,1.42857143,6163.00000000,5633.00000000,24,223.82781457,0.13294075,0.08150067,67,2.66225166,0.62500000,-1.00000000,259.00000000,-2.00000000,0,warmup,,,,,
pg-166a9e90712acada,LOLTMNT05_89783,2024-10-16T15:55:32,2024-10-16,2024,Unknown,0,14.18,Red,oe:team:a1934e3feca7db728021f9c61a6bc27,Austrian Force willhaben,oe:team:26ff1a9f7fb8e976fbdcc5d2a8ac397,E WIE EINFACH E-SPORTS,oe:player:1725cf69407d2dcdf2873d0669409e8,Tracyn,top,Aatrox,oe:player:0fcaa97e5408efcaa78f5517e34cb02,Volibear,top:Aatrox,lineup-54e67b5d765adf4b,0,1510.00000000,25.16666667,0,5,2,0.40000000,7920.00000000,8508.00000000,199,338.06622517,0.17084061,0.12309740,13,0.51655629,0.12500000,-548.00000000,-505.00000000,-6.00000000,0,warmup,,,,,
pg-1b158cfb3461fbdc,LOLTMNT05_89796,2024-10-16T16:11:08,2024-10-16,2024,Unknown,0,14.18,Blue,oe:team:2ae1a4c6fe17bf70dd4b5520d60f55b,NNO Prime,oe:team:3de935df8f40fbb4d0e564d4a20e6cb,Berlin International Gaming,oe:player:90704735ca9fc01f2244f23f6e5d635,Shiganari,bot,Ezreal,oe:player:71b8101d78beb04a089caa90a8d9310,Jinx,bot:Ezreal,lineup-12e790c5321078fe,1,1567.00000000,26.11666667,8,2,3,5.50000000,13093.00000000,31353.00000000,234,1200.49776643,0.24645647,0.35430722,19,0.72750479,0.57894737,1229.00000000,615.00000000,12.00000000,0,warmup,,,,,
pg-c817cbe94d67f3db,LOLTMNT05_89796,2024-10-16T16:11:08,2024-10-16,2024,Unknown,0,14.18,Blue,oe:team:2ae1a4c6fe17bf70dd4b5520d60f55b,NNO Prime,oe:team:3de935df8f40fbb4d0e564d4a20e6cb,Berlin International Gaming,oe:player:e041923a70bcde3b24d608958f8edc8,Shlatan,jng,Xin Zhao,oe:player:3597a9b82f5f462aaa8a0fa552a9bac,Viego,jng:Xin Zhao,lineup-12e790c5321078fe,1,1567.00000000,26.11666667,2,3,12,4.66666667,9046.00000000,12431.00000000,133,475.97957881,0.17027765,0.14047756,31,1.18698149,0.73684211,-315.00000000,-1189.00000000,-29.00000000,0,warmup,,,,,
pg-87d89b1254a277fb,LOLTMNT05_89796,2024-10-16T16:11:08,2024-10-16,2024,Unknown,0,14.18,Blue,oe:team:2ae1a4c6fe17bf70dd4b5520d60f55b,NNO Prime,oe:team:3de935df8f40fbb4d0e564d4a20e6cb,Berlin International Gaming,oe:player:e3b8d5a9290fe0c7458dc01db4dc9dc,Serin,mid,LeBlanc,oe:player:2096ff50c6496d70e4b39793390c9ce,Lissandra,mid:LeBlanc,lineup-12e790c5321078fe,1,1567.00000000,26.11666667,4,2,7,5.50000000,11508.00000000,16539.00000000,221,633.27377154,0.21662118,0.18690036,31,1.18698149,0.57894737,162.00000000,162.00000000,-6.00000000,0,warmup,,,,,
pg-98b33af29c0de682,LOLTMNT05_89796,2024-10-16T16:11:08,2024-10-16,2024,Unknown,0,14.18,Blue,oe:team:2ae1a4c6fe17bf70dd4b5520d60f55b,NNO Prime,oe:team:3de935df8f40fbb4d0e564d4a20e6cb,Berlin International Gaming,oe:player:35650a63e482edbdb82b6950955e052,Lucky,sup,Braum,oe:player:74f3f60a44ee916ecc257a5381be756,Nautilus,sup:Braum,lineup-12e790c5321078fe,1,1567.00000000,26.11666667,0,2,16,8.00000000,7218.00000000,5480.00000000,22,209.82769623,0.13586824,0.06192720,58,2.22080408,0.84210526,-103.00000000,-221.00000000,0.00000000,0,warmup,,,,,
pg-4397686c6090d888,LOLTMNT05_89796,2024-10-16T16:11:08,2024-10-16,2024,Unknown,0,14.18,Blue,oe:team:2ae1a4c6fe17bf70dd4b5520d60f55b,NNO Prime,oe:team:3de935df8f40fbb4d0e564d4a20e6cb,Berlin International Gaming,oe:player:1d17186c66b693755087b8af8d0c611,Scarface,top,Jax,oe:player:e0b008815ab05c5cdaf4d46ab61ff63,Maokai,top:Jax,lineup-12e790c5321078fe,1,1567.00000000,26.11666667,5,2,8,6.50000000,12260.00000000,22688.00000000,179,868.71729419,0.23077647,0.25638766,27,1.03382259,0.68421053,2404.00000000,1762.00000000,16.00000000,0,warmup,,,,,
pg-443276733d2cebe2,LOLTMNT05_89796,2024-10-16T16:11:08,2024-10-16,2024,Unknown,0,14.18,Red,oe:team:3de935df8f40fbb4d0e564d4a20e6cb,Berlin International Gaming,oe:team:2ae1a4c6fe17bf70dd4b5520d60f55b,NNO Prime,oe:player:71b8101d78beb04a089caa90a8d9310,Jeskla,bot,Jinx,oe:player:90704735ca9fc01f2244f23f6e5d635,Ezreal,bot:Jinx,lineup-82727a2573d80da3,0,1567.00000000,26.11666667,1,2,6,3.50000000,9645.00000000,15936.00000000,210,610.18506701,0.22708544,0.23152695,22,0.84237396,0.63636364,-1229.00000000,-615.00000000,-12.00000000,0,warmup,,,,,
pg-e69715e839c3b0bf,LOLTMNT05_89796,2024-10-16T16:11:08,2024-10-16,2024,Unknown,0,14.18,Red,oe:team:3de935df8f40fbb4d0e564d4a20e6cb,Berlin International Gaming,oe:team:2ae1a4c6fe17bf70dd4b5520d60f55b,NNO Prime,oe:player:3597a9b82f5f462aaa8a0fa552a9bac,Densi,jng,Viego,oe:player:e041923a70bcde3b24d608958f8edc8,Xin Zhao,jng:Viego,lineup-82727a2573d80da3,0,1567.00000000,26.11666667,6,3,3,3.00000000,9972.00000000,14751.00000000,169,564.81174218,0.23478445,0.21431062,22,0.84237396,0.81818182,315.00000000,1189.00000000,29.00000000,0,warmup,,,,,
pg-18e265edbf58d210,LOLTMNT05_89796,2024-10-16T16:11:08,2024-10-16,2024,Unknown,0,14.18,Red,oe:team:3de935df8f40fbb4d0e564d4a20e6cb,Berlin International Gaming,oe:team:2ae1a4c6fe17bf70dd4b5520d60f55b,NNO Prime,oe:player:2096ff50c6496d70e4b39793390c9ce,Sencux,mid,Lissandra,oe:player:e3b8d5a9290fe0c7458dc01db4dc9dc,LeBlanc,mid:Lissandra,lineup-82727a2573d80da3,0,1567.00000000,26.11666667,1,4,6,1.75000000,8960.00000000,16180.00000000,203,619.52776005,0.21095755,0.23507192,19,0.72750479,0.63636364,-162.00000000,-162.00000000,6.00000000,0,warmup,,,,,
pg-e8a6cdb341b14fc5,LOLTMNT05_89796,2024-10-16T16:11:08,2024-10-16,2024,Unknown,0,14.18,Red,oe:team:3de935df8f40fbb4d0e564d4a20e6cb,Berlin International Gaming,oe:team:2ae1a4c6fe17bf70dd4b5520d60f55b,NNO Prime,oe:player:74f3f60a44ee916ecc257a5381be756,Lekcyc,sup,Nautilus,oe:player:35650a63e482edbdb82b6950955e052,Braum,sup:Nautilus,lineup-82727a2573d80da3,0,1567.00000000,26.11666667,3,4,3,1.50000000,6461.00000000,5435.00000000,18,208.10465858,0.15212017,0.07896266,50,1.91448628,0.54545455,103.00000000,221.00000000,0.00000000,0,warmup,,,,,
pg-a134c56336d100cb,LOLTMNT05_89796,2024-10-16T16:11:08,2024-10-16,2024,Unknown,0,14.18,Red,oe:team:3de935df8f40fbb4d0e564d4a20e6cb,Berlin International Gaming,oe:team:2ae1a4c6fe17bf70dd4b5520d60f55b,NNO Prime,oe:player:e0b008815ab05c5cdaf4d46ab61ff63,Vizicsacsi,top,Maokai,oe:player:1d17186c66b693755087b8af8d0c611,Jax,top:Maokai,lineup-82727a2573d80da3,0,1567.00000000,26.11666667,0,6,3,0.50000000,7435.00000000,16528.00000000,160,632.85258456,0.17505239,0.24012785,29,1.11040204,0.27272727,-2404.00000000,-1762.00000000,-16.00000000,0,warmup,,,,,
pg-24b9886cb2bc807c,LOLTMNT05_88851,2024-10-16T17:51:54,2024-10-16,2024,Unknown,0,14.18,Blue,oe:team:48199c3e87ac9d14cdf50169f8eaabc,Eintracht Frankfurt,oe:team:e11d88a3cdcd9d6fbb73a26b0f8a300,DKB XPERION NXT,oe:player:f0523a8a7089a6b90c4c1606ebd9605,DizL,bot,Ezreal,oe:player:9f8d365508ded3ca9701eff2003d6ad,Kai'Sa,bot:Ezreal,lineup-9fa2c882d9da2bcd,1,1837.00000000,30.61666667,6,0,5,11.00000000,15324.00000000,28350.00000000,322,925.96624932,0.25621562,0.31238637,30,0.97985846,0.61111111,864.00000000,-284.00000000,12.00000000,0,warmup,,,,,
pg-1c6aa3be4662df60,LOLTMNT05_88851,2024-10-16T17:51:54,2024-10-16,2024,Unknown,0,14.18,Blue,oe:team:48199c3e87ac9d14cdf50169f8eaabc,Eintracht Frankfurt,oe:team:e11d88a3cdcd9d6fbb73a26b0f8a300,DKB XPERION NXT,oe:player:b0a4ae62486ca215c199e72698738b7,Pabu,jng,Maokai,oe:player:30f18a468db8d9e940f0818a682318b,Vi,jng:Maokai,lineup-9fa2c882d9da2bcd,1,1837.00000000,30.61666667,0,1,11,11.00000000,10629.00000000,8152.00000000,170,266.26020686,0.17771573,0.08982623,39,1.27381600,0.61111111,-797.00000000,-643.00000000,-25.00000000,0,warmup,,,,,
pg-e7a36ebeb73dc2ef,LOLTMNT05_88851,2024-10-16T17:51:54,2024-10-16,2024,Unknown,0,14.18,Blue,oe:team:48199c3e87ac9d14cdf50169f8eaabc,Eintracht Frankfurt,oe:team:e11d88a3cdcd9d6fbb73a26b0f8a300,DKB XPERION NXT,oe:player:eb26eb96a04224878fb492a5a8cefa8,ZaZee,mid,Hwei,oe:player:ff71e751aa5f67010f80aad602ecdfe,Syndra,mid:Hwei,lineup-9fa2c882d9da2bcd,1,1837.00000000,30.61666667,6,1,7,13.00000000,14351.00000000,32277.00000000,268,1054.22972237,0.23994717,0.35565766,47,1.53511159,0.72222222,1342.00000000,1070.00000000,9.00000000,0,warmup,,,,,
pg-9d94364b04cf8bc1,LOLTMNT05_88851,2024-10-16T17:51:54,2024-10-16,2024,Unknown,0,14.18,Blue,oe:team:48199c3e87ac9d14cdf50169f8eaabc,Eintracht Frankfurt,oe:team:e11d88a3cdcd9d6fbb73a26b0f8a300,DKB XPERION NXT,oe:player:64ecd619b953ca23acb0546a472c483,Tore,sup,Nautilus,oe:player:21177b451d4c05fc389ac6cc767dfce,Poppy,sup:Nautilus,lineup-9fa2c882d9da2bcd,1,1837.00000000,30.61666667,2,3,6,2.66666667,8701.00000000,7363.00000000,33,240.48992923,0.14547978,0.08113230,104,3.39684268,0.44444444,1120.00000000,706.00000000,-3.00000000,0,warmup,,,,,
pg-c5b7be34a880fcd1,LOLTMNT05_88851,2024-10-16T17:51:54,2024-10-16,2024,Unknown,0,14.18,Blue,oe:team:48199c3e87ac9d14cdf50169f8eaabc,Eintracht Frankfurt,oe:team:e11d88a3cdcd9d6fbb73a26b0f8a300,DKB XPERION NXT,oe:player:5be118a1aa52664e1dff15ff96c1e67,Agresivoo,top,K'Sante,oe:player:9f19603cf47eb7f0b95afbbd249f69c,Jax,top:K'Sante,lineup-9fa2c882d9da2bcd,1,1837.00000000,30.61666667,4,6,5,1.50000000,10804.00000000,14611.00000000,173,477.22373435,0.18064171,0.16099743,36,1.17583016,0.50000000,891.00000000,375.00000000,-4.00000000,0,warmup,,,,,
pg-41948d5217182498,LOLTMNT05_88851,2024-10-16T17:51:54,2024-10-16,2024,Unknown,0,14.18,Red,oe:team:e11d88a3cdcd9d6fbb73a26b0f8a300,DKB XPERION NXT,oe:team:48199c3e87ac9d14cdf50169f8eaabc,Eintracht Frankfurt,oe:player:9f8d365508ded3ca9701eff2003d6ad,looki,bot,Kai'Sa,oe:player:f0523a8a7089a6b90c4c1606ebd9605,Ezreal,bot:Kai'Sa,lineup-adb44e46dfba6b7e,0,1837.00000000,30.61666667,2,3,7,3.00000000,10957.00000000,21533.00000000,250,703.30974415,0.21235731,0.28526575,15,0.48992923,0.81818182,-864.00000000,284.00000000,-12.00000000,0,warmup,,,,,
pg-cfc73021b2fc936f,LOLTMNT05_88851,2024-10-16T17:51:54,2024-10-16,2024,Unknown,0,14.18,Red,oe:team:e11d88a3cdcd9d6fbb73a26b0f8a300,DKB XPERION NXT,oe:team:48199c3e87ac9d14cdf50169f8eaabc,Eintracht Frankfurt,oe:player:30f18a468db8d9e940f0818a682318b,Techoteco,jng,Vi,oe:player:b0a4ae62486ca215c199e72698738b7,Maokai,jng:Vi,lineup-adb44e46dfba6b7e,0,1837.00000000,30.61666667,4,1,6,10.00000000,12132.00000000,11458.00000000,241,374.24060969,0.23512995,0.15179376,33,1.07784431,0.90909091,797.00000000,643.00000000,25.00000000,0,warmup,,,,,
pg-ec69978e8cdf4492,LOLTMNT05_88851,2024-10-16T17:51:54,2024-10-16,2024,Unknown,0,14.18,Red,oe:team:e11d88a3cdcd9d6fbb73a26b0f8a300,DKB XPERION NXT,oe:team:48199c3e87ac9d14cdf50169f8eaabc,Eintracht Frankfurt,oe:player:ff71e751aa5f67010f80aad602ecdfe,Luke,mid,Syndra,oe:player:eb26eb96a04224878fb492a5a8cefa8,Hwei,mid:Syndra,lineup-adb44e46dfba6b7e,0,1837.00000000,30.61666667,2,6,5,1.16666667,11435.00000000,24984.00000000,259,816.02612956,0.22162141,0.33098405,23,0.75122482,0.63636364,-1342.00000000,-1070.00000000,-9.00000000,0,warmup,,,,,
pg-7084b310961e6beb,LOLTMNT05_88851,2024-10-16T17:51:54,2024-10-16,2024,Unknown,0,14.18,Red,oe:team:e11d88a3cdcd9d6fbb73a26b0f8a300,DKB XPERION NXT,oe:team:48199c3e87ac9d14cdf50169f8eaabc,Eintracht Frankfurt,oe:player:21177b451d4c05fc389ac6cc767dfce,Ephekles,sup,Poppy,oe:player:64ecd619b953ca23acb0546a472c483,Nautilus,sup:Poppy,lineup-adb44e46dfba6b7e,0,1837.00000000,30.61666667,1,4,7,2.00000000,6668.00000000,6208.00000000,41,202.76537833,0.12923232,0.08224259,106,3.46216658,0.72727273,-1120.00000000,-706.00000000,3.00000000,0,warmup,,,,,
pg-cceb313e11d60ef2,LOLTMNT05_88851,2024-10-16T17:51:54,2024-10-16,2024,Unknown,0,14.18,Red,oe:team:e11d88a3cdcd9d6fbb73a26b0f8a300,DKB XPERION NXT,oe:team:48199c3e87ac9d14cdf50169f8eaabc,Eintracht Frankfurt,oe:player:9f19603cf47eb7f0b95afbbd249f69c,Tayto,top,Jax,oe:player:5be118a1aa52664e1dff15ff96c1e67,K'Sante,top:Jax,lineup-adb44e46dfba6b7e,0,1837.00000000,30.61666667,2,4,3,1.25000000,10405.00000000,11301.00000000,221,369.11268372,0.20165901,0.14971385,37,1.20849211,0.45454545,-891.00000000,-375.00000000,4.00000000,0,warmup,,,,,
pg-ea85c2ae54b5f02e,LOLTMNT05_89800,2024-10-16T17:57:02,2024-10-16,2024,Unknown,0,14.18,Blue,oe:team:980ab072663574c2e4fca71f275d302,Eintracht Spandau,oe:team:6a060bd74c9041bf0aa89adf9d15d12,Unicorns of Love Sexy Edition,oe:player:9ea5afea85321b13df74acb62bfb530,Fun K3y,bot,Jinx,oe:player:3a3cf889f1996110ab52915425d60b5,Ezreal,bot:Jinx,lineup-7806ec98ee9cc07b,1,1889.00000000,31.48333333,8,5,18,5.20000000,16288.00000000,36677.00000000,274,1164.96559026,0.23861705,0.33703043,29,0.92112229,0.89655172,-769.00000000,-97.00000000,-7.00000000,0,warmup,,,,,
pg-1a7d45a6dfbc3e10,LOLTMNT05_89800,2024-10-16T17:57:02,2024-10-16,2024,Unknown,0,14.18,Blue,oe:team:980ab072663574c2e4fca71f275d302,Eintracht Spandau,oe:team:6a060bd74c9041bf0aa89adf9d15d12,Unicorns of Love Sexy Edition,oe:player:25372337c424d854728ed2a7775efb6,Zanzarah,jng,Vi,oe:player:6fc5fe723eed4ba4c230292be365c66,Amumu,jng:Vi,lineup-7806ec98ee9cc07b,1,1889.00000000,31.48333333,4,5,11,3.00000000,11513.00000000,11584.00000000,156,367.94070937,0.16866393,0.10644711,46,1.46109052,0.51724138,537.00000000,-494.00000000,-12.00000000,0,warmup,,,,,
pg-eee1bd20d7902b4b,LOLTMNT05_89800,2024-10-16T17:57:02,2024-10-16,2024,Unknown,0,14.18,Blue,oe:team:980ab072663574c2e4fca71f275d302,Eintracht Spandau,oe:team:6a060bd74c9041bf0aa89adf9d15d12,Unicorns of Love Sexy Edition,oe:player:b6ebe3c8487ddc3a23c586e650c4528,PowerOfEvil,mid,Cassiopeia,oe:player:157108ff2b64591e5703c64dbae3a2e,Ahri,mid:Cassiopeia,lineup-7806ec98ee9cc07b,1,1889.00000000,31.48333333,3,2,11,7.00000000,13955.00000000,15680.00000000,295,498.04129169,0.20443891,0.14408586,27,0.85759661,0.48275862,-525.00000000,-583.00000000,-15.00000000,0,warmup,,,,,
pg-703d1da24dfccad1,LOLTMNT05_89800,2024-10-16T17:57:02,2024-10-16,2024,Unknown,0,14.18,Blue,oe:team:980ab072663574c2e4fca71f275d302,Eintracht Spandau,oe:team:6a060bd74c9041bf0aa89adf9d15d12,Unicorns of Love Sexy Edition,oe:player:a291e13e72870a901a7a03a59d9c6be,Lilipp,sup,Poppy,oe:player:973547129a691fb61e886add170ac7a,Leona,sup:Poppy,lineup-7806ec98ee9cc07b,1,1889.00000000,31.48333333,4,3,17,7.00000000,10758.00000000,12202.00000000,39,387.57014293,0.15760328,0.11212600,99,3.14452091,0.72413793,1764.00000000,1348.00000000,11.00000000,0,warmup,,,,,
pg-6ad3cbfc9de7f6d2,LOLTMNT05_89800,2024-10-16T17:57:02,2024-10-16,2024,Unknown,0,14.18,Blue,oe:team:980ab072663574c2e4fca71f275d302,Eintracht Spandau,oe:team:6a060bd74c9041bf0aa89adf9d15d12,Unicorns of Love Sexy Edition,oe:player:3ef7267325e7c72a8ca898504722520,Vertigo,top,Aurora,oe:player:11b40dd5fcd01f1fca9496859ccd862,K'Sante,top:Aurora,lineup-7806ec98ee9cc07b,1,1889.00000000,31.48333333,10,1,8,18.00000000,15746.00000000,32681.00000000,252,1038.04129169,0.23067682,0.30031059,43,1.36580201,0.62068966,692.00000000,370.00000000,22.00000000,0,warmup,,,,,
pg-f22de488b1dab63a,LOLTMNT05_89800,2024-10-16T17:57:02,2024-10-16,2024,Unknown,0,14.18,Red,oe:team:6a060bd74c9041bf0aa89adf9d15d12,Unicorns of Love Sexy Edition,oe:team:980ab072663574c2e4fca71f275d302,Eintracht Spandau,oe:player:3a3cf889f1996110ab52915425d60b5,xMatty,bot,Ezreal,oe:player:9ea5afea85321b13df74acb62bfb530,Jinx,bot:Ezreal,lineup-003c4b7dcdab2ee4,0,1889.00000000,31.48333333,8,3,6,4.66666667,14434.00000000,37866.00000000,293,1202.73160402,0.26056503,0.44280469,28,0.88935945,0.93333333,769.00000000,97.00000000,7.00000000,0,warmup,,,,,
pg-3675df09a790aa51,LOLTMNT05_89800,2024-10-16T17:57:02,2024-10-16,2024,Unknown,0,14.18,Red,oe:team:6a060bd74c9041bf0aa89adf9d15d12,Unicorns of Love Sexy Edition,oe:team:980ab072663574c2e4fca71f275d302,Eintracht Spandau,oe:player:6fc5fe723eed4ba4c230292be365c66,Lurox,jng,Amumu,oe:player:25372337c424d854728ed2a7775efb6,Vi,jng:Amumu,lineup-003c4b7dcdab2ee4,0,1889.00000000,31.48333333,1,8,8,1.12500000,9848.00000000,12832.00000000,179,407.58073055,0.17777778,0.15005730,33,1.04817364,0.60000000,-537.00000000,494.00000000,12.00000000,0,warmup,,,,,
pg-5600faaf655799a8,LOLTMNT05_89800,2024-10-16T17:57:02,2024-10-16,2024,Unknown,0,14.18,Red,oe:team:6a060bd74c9041bf0aa89adf9d15d12,Unicorns of Love Sexy Edition,oe:team:980ab072663574c2e4fca71f275d302,Eintracht Spandau,oe:player:157108ff2b64591e5703c64dbae3a2e,TolanD,mid,Ahri,oe:player:b6ebe3c8487ddc3a23c586e650c4528,Cassiopeia,mid:Ahri,lineup-003c4b7dcdab2ee4,0,1889.00000000,31.48333333,0,4,7,1.75000000,12072.00000000,20790.00000000,302,660.34939121,0.21792581,0.24311809,39,1.23875066,0.46666667,525.00000000,583.00000000,15.00000000,0,warmup,,,,,
pg-3566e119122f4f1f,LOLTMNT05_89800,2024-10-16T17:57:02,2024-10-16,2024,Unknown,0,14.18,Red,oe:team:6a060bd74c9041bf0aa89adf9d15d12,Unicorns of Love Sexy Edition,oe:team:980ab072663574c2e4fca71f275d302,Eintracht Spandau,oe:player:973547129a691fb61e886add170ac7a,Piero,sup,Leona,oe:player:a291e13e72870a901a7a03a59d9c6be,Poppy,sup:Leona,lineup-003c4b7dcdab2ee4,0,1889.00000000,31.48333333,2,7,8,1.42857143,7830.00000000,7699.00000000,33,244.54208576,0.14134850,0.09003204,121,3.84330334,0.66666667,-1764.00000000,-1348.00000000,-11.00000000,0,warmup,,,,,
pg-476f3857d60778c4,LOLTMNT05_89800,2024-10-16T17:57:02,2024-10-16,2024,Unknown,0,14.18,Red,oe:team:6a060bd74c9041bf0aa89adf9d15d12,Unicorns of Love Sexy Edition,oe:team:980ab072663574c2e4fca71f275d302,Eintracht Spandau,oe:player:11b40dd5fcd01f1fca9496859ccd862,Shelfmade,top,K'Sante,oe:player:3ef7267325e7c72a8ca898504722520,Aurora,top:K'Sante,lineup-003c4b7dcdab2ee4,0,1889.00000000,31.48333333,4,7,2,0.85714286,11211.00000000,6327.00000000,198,200.96347274,0.20238289,0.07398789,24,0.76230810,0.40000000,-692.00000000,-370.00000000,-22.00000000,0,warmup,,,,,
pg-35e4ad15d310118c,LOLTMNT05_88859,2024-10-16T18:45:15,2024-10-16,2024,Unknown,0,14.18,Blue,oe:team:e11d88a3cdcd9d6fbb73a26b0f8a300,DKB XPERION NXT,oe:team:48199c3e87ac9d14cdf50169f8eaabc,Eintracht Frankfurt,oe:player:9f8d365508ded3ca9701eff2003d6ad,looki,bot,Lucian,oe:player:f0523a8a7089a6b90c4c1606ebd9605,Jhin,bot:Lucian,lineup-adb44e46dfba6b7e,0,1902.00000000,31.70000000,12,4,6,4.50000000,15677.00000000,30009.00000000,263,946.65615142,0.26354543,0.34565811,15,0.47318612,0.78260870,503.00000000,-232.00000000,-22.00000000,0,warmup,,,,,
pg-afed058dcba83266,LOLTMNT05_88859,2024-10-16T18:45:15,2024-10-16,2024,Unknown,0,14.18,Blue,oe:team:e11d88a3cdcd9d6fbb73a26b0f8a300,DKB XPERION NXT,oe:team:48199c3e87ac9d14cdf50169f8eaabc,Eintracht Frankfurt,oe:player:30f18a468db8d9e940f0818a682318b,Techoteco,jng,Jarvan IV,oe:player:b0a4ae62486ca215c199e72698738b7,Amumu,jng:Jarvan IV,lineup-adb44e46dfba6b7e,0,1902.00000000,31.70000000,4,6,15,3.16666667,11670.00000000,16788.00000000,203,529.58990536,0.19618391,0.19337227,21,0.66246057,0.82608696,1027.00000000,956.00000000,22.00000000,0,warmup,,,,,
pg-0a45d13488d8e85a,LOLTMNT05_88859,2024-10-16T18:45:15,2024-10-16,2024,Unknown,0,14.18,Blue,oe:team:e11d88a3cdcd9d6fbb73a26b0f8a300,DKB XPERION NXT,oe:team:48199c3e87ac9d14cdf50169f8eaabc,Eintracht Frankfurt,oe:player:ff71e751aa5f67010f80aad602ecdfe,Luke,mid,Sylas,oe:player:eb26eb96a04224878fb492a5a8cefa8,Ahri,mid:Sylas,lineup-adb44e46dfba6b7e,0,1902.00000000,31.70000000,5,7,8,1.85714286,11942.00000000,14468.00000000,220,456.40378549,0.20075649,0.16664939,20,0.63091483,0.56521739,-583.00000000,-158.00000000,-13.00000000,0,warmup,,,,,
pg-f570857c101895ce,LOLTMNT05_88859,2024-10-16T18:45:15,2024-10-16,2024,Unknown,0,14.18,Blue,oe:team:e11d88a3cdcd9d6fbb73a26b0f8a300,DKB XPERION NXT,oe:team:48199c3e87ac9d14cdf50169f8eaabc,Eintracht Frankfurt,oe:player:21177b451d4c05fc389ac6cc767dfce,Ephekles,sup,Rell,oe:player:64ecd619b953ca23acb0546a472c483,Rakan,sup:Rell,lineup-adb44e46dfba6b7e,0,1902.00000000,31.70000000,1,4,18,4.75000000,8072.00000000,7430.00000000,39,234.38485804,0.13569808,0.08558232,91,2.87066246,0.82608696,14.00000000,-606.00000000,2.00000000,0,warmup,,,,,
pg-e4984137c859c5c8,LOLTMNT05_88859,2024-10-16T18:45:15,2024-10-16,2024,Unknown,0,14.18,Blue,oe:team:e11d88a3cdcd9d6fbb73a26b0f8a300,DKB XPERION NXT,oe:team:48199c3e87ac9d14cdf50169f8eaabc,Eintracht Frankfurt,oe:player:9f19603cf47eb7f0b95afbbd249f69c,Tayto,top,Ornn,oe:player:5be118a1aa52664e1dff15ff96c1e67,Renekton,top:Ornn,lineup-adb44e46dfba6b7e,0,1902.00000000,31.70000000,1,6,9,1.66666667,12124.00000000,18122.00000000,267,571.67192429,0.20381609,0.20873792,28,0.88328076,0.43478261,-1365.00000000,-791.00000000,-26.00000000,0,warmup,,,,,
pg-ecf69be500dbd9ac,LOLTMNT05_88859,2024-10-16T18:45:15,2024-10-16,2024,Unknown,0,14.18,Red,oe:team:48199c3e87ac9d14cdf50169f8eaabc,Eintracht Frankfurt,oe:team:e11d88a3cdcd9d6fbb73a26b0f8a300,DKB XPERION NXT,oe:player:f0523a8a7089a6b90c4c1606ebd9605,DizL,bot,Jhin,oe:player:9f8d365508ded3ca9701eff2003d6ad,Lucian,bot:Jhin,lineup-9fa2c882d9da2bcd,1,1902.00000000,31.70000000,5,4,15,5.00000000,14128.00000000,22886.00000000,235,721.95583596,0.21313380,0.20644056,22,0.69400631,0.74074074,-503.00000000,232.00000000,22.00000000,0,warmup,,,,,
pg-d9584932f8a45118,LOLTMNT05_88859,2024-10-16T18:45:15,2024-10-16,2024,Unknown,0,14.18,Red,oe:team:48199c3e87ac9d14cdf50169f8eaabc,Eintracht Frankfurt,oe:team:e11d88a3cdcd9d6fbb73a26b0f8a300,DKB XPERION NXT,oe:player:b0a4ae62486ca215c199e72698738b7,Pabu,jng,Amumu,oe:player:30f18a468db8d9e940f0818a682318b,Jarvan IV,jng:Amumu,lineup-9fa2c882d9da2bcd,1,1902.00000000,31.70000000,5,6,17,3.66666667,12729.00000000,19408.00000000,182,612.23974763,0.19202860,0.17506765,26,0.82018927,0.81481481,-1027.00000000,-956.00000000,-22.00000000,0,warmup,,,,,
pg-79cb2647133b6a46,LOLTMNT05_88859,2024-10-16T18:45:15,2024-10-16,2024,Unknown,0,14.18,Red,oe:team:48199c3e87ac9d14cdf50169f8eaabc,Eintracht Frankfurt,oe:team:e11d88a3cdcd9d6fbb73a26b0f8a300,DKB XPERION NXT,oe:player:eb26eb96a04224878fb492a5a8cefa8,ZaZee,mid,Ahri,oe:player:ff71e751aa5f67010f80aad602ecdfe,Sylas,mid:Ahri,lineup-9fa2c882d9da2bcd,1,1902.00000000,31.70000000,9,5,9,3.60000000,13995.00000000,34713.00000000,220,1095.04731861,0.21112737,0.31312466,27,0.85173502,0.66666667,583.00000000,158.00000000,13.00000000,0,warmup,,,,,
pg-3861ff0de735d1bd,LOLTMNT05_88859,2024-10-16T18:45:15,2024-10-16,2024,Unknown,0,14.18,Red,oe:team:48199c3e87ac9d14cdf50169f8eaabc,Eintracht Frankfurt,oe:team:e11d88a3cdcd9d6fbb73a26b0f8a300,DKB XPERION NXT,oe:player:64ecd619b953ca23acb0546a472c483,Tore,sup,Rakan,oe:player:21177b451d4c05fc389ac6cc767dfce,Rell,sup:Rakan,lineup-9fa2c882d9da2bcd,1,1902.00000000,31.70000000,3,6,20,3.83333333,9891.00000000,10318.00000000,41,325.48895899,0.14921478,0.09307234,141,4.44794953,0.85185185,-14.00000000,606.00000000,-2.00000000,0,warmup,,,,,
pg-769c8492c565627a,LOLTMNT05_88859,2024-10-16T18:45:15,2024-10-16,2024,Unknown,0,14.18,Red,oe:team:48199c3e87ac9d14cdf50169f8eaabc,Eintracht Frankfurt,oe:team:e11d88a3cdcd9d6fbb73a26b0f8a300,DKB XPERION NXT,oe:player:5be118a1aa52664e1dff15ff96c1e67,Agresivoo,top,Renekton,oe:player:9f19603cf47eb7f0b95afbbd249f69c,Ornn,top:Renekton,lineup-9fa2c882d9da2bcd,1,1902.00000000,31.70000000,5,2,11,8.00000000,15544.00000000,23535.00000000,262,742.42902208,0.23449545,0.21229479,32,1.00946372,0.59259259,1365.00000000,791.00000000,26.00000000,0,warmup,,,,,
pg-e649e290cf10c6cb,LOLTMNT05_89806,2024-10-16T18:54:47,2024-10-16,2024,Unknown,0,14.18,Blue,oe:team:6a060bd74c9041bf0aa89adf9d15d12,Unicorns of Love Sexy Edition,oe:team:980ab072663574c2e4fca71f275d302,Eintracht Spandau,oe:player:3a3cf889f1996110ab52915425d60b5,xMatty,bot,Xayah,oe:player:9ea5afea85321b13df74acb62bfb530,Kai'Sa,bot:Xayah,lineup-003c4b7dcdab2ee4,1,1852.00000000,30.86666667,16,4,16,8.00000000,17241.00000000,42700.00000000,252,1383.36933045,0.26334601,0.33037006,23,0.74514039,0.82051282,-156.00000000,382.00000000,-5.00000000,0,warmup,,,,,
pg-4fc3a4b9daa589d6,LOLTMNT05_89806,2024-10-16T18:54:47,2024-10-16,2024,Unknown,0,14.18,Blue,oe:team:6a060bd74c9041bf0aa89adf9d15d12,Unicorns of Love Sexy Edition,oe:team:980ab072663574c2e4fca71f275d302,Eintracht Spandau,oe:player:6fc5fe723eed4ba4c230292be365c66,Lurox,jng,Jarvan IV,oe:player:25372337c424d854728ed2a7775efb6,Sejuani,jng:Jarvan IV,lineup-003c4b7dcdab2ee4,1,1852.00000000,30.86666667,7,4,24,7.75000000,13650.00000000,22012.00000000,200,713.13174946,0.20849562,0.17030693,44,1.42548596,0.79487179,858.00000000,1070.00000000,16.00000000,0,warmup,,,,,
pg-7e2c8d777cfd4ba9,LOLTMNT05_89806,2024-10-16T18:54:47,2024-10-16,2024,Unknown,0,14.18,Blue,oe:team:6a060bd74c9041bf0aa89adf9d15d12,Unicorns of Love Sexy Edition,oe:team:980ab072663574c2e4fca71f275d302,Eintracht Spandau,oe:player:157108ff2b64591e5703c64dbae3a2e,TolanD,mid,LeBlanc,oe:player:b6ebe3c8487ddc3a23c586e650c4528,Vex,mid:LeBlanc,lineup-003c4b7dcdab2ee4,1,1852.00000000,30.86666667,7,2,15,11.00000000,12662.00000000,33158.00000000,221,1074.23326134,0.19340451,0.25654357,47,1.52267819,0.56410256,615.00000000,48.00000000,6.00000000,0,warmup,,,,,
pg-0ff259c1b25423c1,LOLTMNT05_89806,2024-10-16T18:54:47,2024-10-16,2024,Unknown,0,14.18,Blue,oe:team:6a060bd74c9041bf0aa89adf9d15d12,Unicorns of Love Sexy Edition,oe:team:980ab072663574c2e4fca71f275d302,Eintracht Spandau,oe:player:973547129a691fb61e886add170ac7a,Piero,sup,Rakan,oe:player:a291e13e72870a901a7a03a59d9c6be,Pyke,sup:Rakan,lineup-003c4b7dcdab2ee4,1,1852.00000000,30.86666667,2,6,30,5.33333333,10156.00000000,12029.00000000,44,389.70842333,0.15512685,0.09306842,149,4.82721382,0.82051282,426.00000000,-109.00000000,1.00000000,0,warmup,,,,,
pg-5dd04c62e0e7c9fb,LOLTMNT05_89806,2024-10-16T18:54:47,2024-10-16,2024,Unknown,0,14.18,Blue,oe:team:6a060bd74c9041bf0aa89adf9d15d12,Unicorns of Love Sexy Edition,oe:team:980ab072663574c2e4fca71f275d302,Eintracht Spandau,oe:player:11b40dd5fcd01f1fca9496859ccd862,Shelfmade,top,Gragas,oe:player:3ef7267325e7c72a8ca898504722520,Renekton,top:Gragas,lineup-003c4b7dcdab2ee4,1,1852.00000000,30.86666667,7,3,11,6.00000000,11760.00000000,19350.00000000,171,626.88984881,0.17962700,0.14971102,31,1.00431965,0.46153846,-1063.00000000,-1345.00000000,-31.00000000,0,warmup,,,,,
pg-f33ea3aea0898636,LOLTMNT05_89806,2024-10-16T18:54:47,2024-10-16,2024,Unknown,0,14.18,Red,oe:team:980ab072663574c2e4fca71f275d302,Eintracht Spandau,oe:team:6a060bd74c9041bf0aa89adf9d15d12,Unicorns of Love Sexy Edition,oe:player:9ea5afea85321b13df74acb62bfb530,Fun K3y,bot,Kai'Sa,oe:player:3a3cf889f1996110ab52915425d60b5,Xayah,bot:Kai'Sa,lineup-7806ec98ee9cc07b,0,1852.00000000,30.86666667,8,8,9,2.12500000,13924.00000000,32065.00000000,212,1038.82289417,0.25324191,0.32218036,21,0.68034557,0.89473684,156.00000000,-382.00000000,5.00000000,0,warmup,,,,,
pg-2feb8b8853909a81,LOLTMNT05_89806,2024-10-16T18:54:47,2024-10-16,2024,Unknown,0,14.18,Red,oe:team:980ab072663574c2e4fca71f275d302,Eintracht Spandau,oe:team:6a060bd74c9041bf0aa89adf9d15d12,Unicorns of Love Sexy Edition,oe:player:25372337c424d854728ed2a7775efb6,Zanzarah,jng,Sejuani,oe:player:6fc5fe723eed4ba4c230292be365c66,Jarvan IV,jng:Sejuani,lineup-7806ec98ee9cc07b,0,1852.00000000,30.86666667,0,8,11,1.37500000,9550.00000000,12757.00000000,145,413.29373650,0.17369005,0.12817885,29,0.93952484,0.57894737,-858.00000000,-1070.00000000,-16.00000000,0,warmup,,,,,
pg-47b27eadbd8be7d9,LOLTMNT05_89806,2024-10-16T18:54:47,2024-10-16,2024,Unknown,0,14.18,Red,oe:team:980ab072663574c2e4fca71f275d302,Eintracht Spandau,oe:team:6a060bd74c9041bf0aa89adf9d15d12,Unicorns of Love Sexy Edition,oe:player:b6ebe3c8487ddc3a23c586e650c4528,PowerOfEvil,mid,Vex,oe:player:157108ff2b64591e5703c64dbae3a2e,LeBlanc,mid:Vex,lineup-7806ec98ee9cc07b,0,1852.00000000,30.86666667,3,10,7,1.00000000,10551.00000000,26162.00000000,224,847.58099352,0.19189568,0.26286863,23,0.74514039,0.52631579,-615.00000000,-48.00000000,-6.00000000,0,warmup,,,,,
pg-c5ce735de1cd2909,LOLTMNT05_89806,2024-10-16T18:54:47,2024-10-16,2024,Unknown,0,14.18,Red,oe:team:980ab072663574c2e4fca71f275d302,Eintracht Spandau,oe:team:6a060bd74c9041bf0aa89adf9d15d12,Unicorns of Love Sexy Edition,oe:player:a291e13e72870a901a7a03a59d9c6be,Lilipp,sup,Pyke,oe:player:973547129a691fb61e886add170ac7a,Rakan,sup:Pyke,lineup-7806ec98ee9cc07b,0,1852.00000000,30.86666667,4,9,8,1.33333333,9020.00000000,11658.00000000,41,377.68898488,0.16405071,0.11713640,128,4.14686825,0.63157895,-426.00000000,109.00000000,-1.00000000,0,warmup,,,,,
pg-ca2298fe5c8f5be9,LOLTMNT05_89806,2024-10-16T18:54:47,2024-10-16,2024,Unknown,0,14.18,Red,oe:team:980ab072663574c2e4fca71f275d302,Eintracht Spandau,oe:team:6a060bd74c9041bf0aa89adf9d15d12,Unicorns of Love Sexy Edition,oe:player:3ef7267325e7c72a8ca898504722520,Vertigo,top,Renekton,oe:player:11b40dd5fcd01f1fca9496859ccd862,Gragas,top:Renekton,lineup-7806ec98ee9cc07b,0,1852.00000000,30.86666667,4,4,5,2.25000000,11938.00000000,16883.00000000,233,546.96544276,0.21712166,0.16963577,19,0.61555076,0.47368421,1063.00000000,1345.00000000,31.00000000,0,warmup,,,,,
pg-08c37bb79511d459,LOLTMNT05_89807,2024-10-16T19:46:24,2024-10-16,2024,Unknown,0,14.18,Blue,oe:team:980ab072663574c2e4fca71f275d302,Eintracht Spandau,oe:team:6a060bd74c9041bf0aa89adf9d15d12,Unicorns of Love Sexy Edition,oe:player:9ea5afea85321b13df74acb62bfb530,Fun K3y,bot,Kalista,oe:player:3a3cf889f1996110ab52915425d60b5,Jhin,bot:Kalista,lineup-7806ec98ee9cc07b,0,2316.00000000,38.60000000,7,5,6,2.60000000,16104.00000000,27469.00000000,275,711.63212435,0.23591456,0.24171308,65,1.68393782,0.68421053,414.00000000,-390.00000000,-8.00000000,0,warmup,,,,,
pg-cffcf8c1e933a868,LOLTMNT05_89807,2024-10-16T19:46:24,2024-10-16,2024,Unknown,0,14.18,Blue,oe:team:980ab072663574c2e4fca71f275d302,Eintracht Spandau,oe:team:6a060bd74c9041bf0aa89adf9d15d12,Unicorns of Love Sexy Edition,oe:player:25372337c424d854728ed2a7775efb6,Zanzarah,jng,Nocturne,oe:player:6fc5fe723eed4ba4c230292be365c66,Viego,jng:Nocturne,lineup-7806ec98ee9cc07b,0,2316.00000000,38.60000000,4,6,12,2.66666667,12825.00000000,14426.00000000,176,373.73056995,0.18787905,0.12694139,52,1.34715026,0.84210526,948.00000000,426.00000000,-14.00000000,0,warmup,,,,,
pg-b1492890a6fc9f0b,LOLTMNT05_89807,2024-10-16T19:46:24,2024-10-16,2024,Unknown,0,14.18,Blue,oe:team:980ab072663574c2e4fca71f275d302,Eintracht Spandau,oe:team:6a060bd74c9041bf0aa89adf9d15d12,Unicorns of Love Sexy Edition,oe:player:b6ebe3c8487ddc3a23c586e650c4528,PowerOfEvil,mid,Orianna,oe:player:157108ff2b64591e5703c64dbae3a2e,Akali,mid:Orianna,lineup-7806ec98ee9cc07b,0,2316.00000000,38.60000000,4,4,11,3.75000000,16031.00000000,36319.00000000,318,940.90673575,0.23484516,0.31958854,46,1.19170984,0.78947368,151.00000000,-57.00000000,-11.00000000,0,warmup,,,,,
pg-f3a77b268d9bdbb6,LOLTMNT05_89807,2024-10-16T19:46:24,2024-10-16,2024,Unknown,0,14.18,Blue,oe:team:980ab072663574c2e4fca71f275d302,Eintracht Spandau,oe:team:6a060bd74c9041bf0aa89adf9d15d12,Unicorns of Love Sexy Edition,oe:player:a291e13e72870a901a7a03a59d9c6be,Lilipp,sup,Neeko,oe:player:973547129a691fb61e886add170ac7a,Alistar,sup:Neeko,lineup-7806ec98ee9cc07b,0,2316.00000000,38.60000000,0,5,13,2.60000000,9450.00000000,15221.00000000,70,394.32642487,0.13843720,0.13393698,136,3.52331606,0.68421053,513.00000000,761.00000000,4.00000000,0,warmup,,,,,
pg-22b449162710ccb1,LOLTMNT05_89807,2024-10-16T19:46:24,2024-10-16,2024,Unknown,0,14.18,Blue,oe:team:980ab072663574c2e4fca71f275d302,Eintracht Spandau,oe:team:6a060bd74c9041bf0aa89adf9d15d12,Unicorns of Love Sexy Edition,oe:player:3ef7267325e7c72a8ca898504722520,Vertigo,top,Camille,oe:player:11b40dd5fcd01f1fca9496859ccd862,Olaf,top:Camille,lineup-7806ec98ee9cc07b,0,2316.00000000,38.60000000,4,7,10,2.00000000,13852.00000000,20208.00000000,259,523.52331606,0.20292403,0.17782002,29,0.75129534,0.73684211,-99.00000000,-330.00000000,-20.00000000,0,warmup,,,,,
pg-e7bfcb77cb6d5f70,LOLTMNT05_89807,2024-10-16T19:46:24,2024-10-16,2024,Unknown,0,14.18,Red,oe:team:6a060bd74c9041bf0aa89adf9d15d12,Unicorns of Love Sexy Edition,oe:team:980ab072663574c2e4fca71f275d302,Eintracht Spandau,oe:player:3a3cf889f1996110ab52915425d60b5,xMatty,bot,Jhin,oe:player:9ea5afea85321b13df74acb62bfb530,Kalista,bot:Jhin,lineup-003c4b7dcdab2ee4,1,2316.00000000,38.60000000,8,2,13,10.50000000,18423.00000000,35571.00000000,338,921.52849741,0.25203152,0.30106899,35,0.90673575,0.77777778,-414.00000000,390.00000000,8.00000000,0,warmup,,,,,
pg-3b1fb76f9c666ba3,LOLTMNT05_89807,2024-10-16T19:46:24,2024-10-16,2024,Unknown,0,14.18,Red,oe:team:6a060bd74c9041bf0aa89adf9d15d12,Unicorns of Love Sexy Edition,oe:team:980ab072663574c2e4fca71f275d302,Eintracht Spandau,oe:player:6fc5fe723eed4ba4c230292be365c66,Lurox,jng,Viego,oe:player:25372337c424d854728ed2a7775efb6,Nocturne,jng:Viego,lineup-003c4b7dcdab2ee4,1,2316.00000000,38.60000000,5,2,11,8.00000000,14731.00000000,14687.00000000,264,380.49222798,0.20152398,0.12430914,60,1.55440415,0.59259259,-948.00000000,-426.00000000,14.00000000,0,warmup,,,,,
pg-9f9b13cc43612390,LOLTMNT05_89807,2024-10-16T19:46:24,2024-10-16,2024,Unknown,0,14.18,Red,oe:team:6a060bd74c9041bf0aa89adf9d15d12,Unicorns of Love Sexy Edition,oe:team:980ab072663574c2e4fca71f275d302,Eintracht Spandau,oe:player:157108ff2b64591e5703c64dbae3a2e,TolanD,mid,Akali,oe:player:b6ebe3c8487ddc3a23c586e650c4528,Orianna,mid:Akali,lineup-003c4b7dcdab2ee4,1,2316.00000000,38.60000000,3,5,13,3.20000000,13921.00000000,28986.00000000,262,750.93264249,0.19044297,0.24533428,53,1.37305699,0.59259259,-151.00000000,57.00000000,11.00000000,0,warmup,,,,,
pg-0ffd2fd61e073677,LOLTMNT05_89807,2024-10-16T19:46:24,2024-10-16,2024,Unknown,0,14.18,Red,oe:team:6a060bd74c9041bf0aa89adf9d15d12,Unicorns of Love Sexy Edition,oe:team:980ab072663574c2e4fca71f275d302,Eintracht Spandau,oe:player:973547129a691fb61e886add170ac7a,Piero,sup,Alistar,oe:player:a291e13e72870a901a7a03a59d9c6be,Neeko,sup:Alistar,lineup-003c4b7dcdab2ee4,1,2316.00000000,38.60000000,1,5,16,3.40000000,9399.00000000,6205.00000000,33,160.75129534,0.12858081,0.05251843,147,3.80829016,0.62962963,-513.00000000,-761.00000000,-4.00000000,0,warmup,,,,,
pg-d62cfb25065b5c2b,LOLTMNT05_89807,2024-10-16T19:46:24,2024-10-16,2024,Unknown,0,14.18,Red,oe:team:6a060bd74c9041bf0aa89adf9d15d12,Unicorns of Love Sexy Edition,oe:team:980ab072663574c2e4fca71f275d302,Eintracht Spandau,oe:player:11b40dd5fcd01f1fca9496859ccd862,Shelfmade,top,Olaf,oe:player:3ef7267325e7c72a8ca898504722520,Camille,top:Olaf,lineup-003c4b7dcdab2ee4,1,2316.00000000,38.60000000,10,6,8,3.00000000,16624.00000000,32700.00000000,240,847.15025907,0.22742072,0.27676916,39,1.01036269,0.66666667,99.00000000,330.00000000,20.00000000,0,warmup,,,,,
pg-cbe535f6edbd7f37,LOLTMNT05_89900,2024-10-21T16:08:18,2024-10-21,2024,Unknown,0,14.18,Blue,oe:team:26ff1a9f7fb8e976fbdcc5d2a8ac397,E WIE EINFACH E-SPORTS,oe:team:2ae1a4c6fe17bf70dd4b5520d60f55b,NNO Prime,oe:player:08cc98f89d63a05973e5db39e6b9945,Noz2k,bot,Kai'Sa,oe:player:90704735ca9fc01f2244f23f6e5d635,Ezreal,bot:Kai'Sa,lineup-faa4d797b1949e70,0,1913.00000000,31.88333333,3,4,4,1.75000000,12843.00000000,16047.00000000,316,503.30371145,0.22990996,0.30234004,33,1.03502352,0.77777778,421.00000000,-624.00000000,-2.00000000,0,warmup,,,,,
pg-c7d59d03ef567d99,LOLTMNT05_89900,2024-10-21T16:08:18,2024-10-21,2024,Unknown,0,14.18,Blue,oe:team:26ff1a9f7fb8e976fbdcc5d2a8ac397,E WIE EINFACH E-SPORTS,oe:team:2ae1a4c6fe17bf70dd4b5520d60f55b,NNO Prime,oe:player:3e1b1e0f9c925b2f504d78f3bd5da22,D4nKa,jng,Jarvan IV,oe:player:e041923a70bcde3b24d608958f8edc8,Vi,jng:Jarvan IV,lineup-faa4d797b1949e70,0,1913.00000000,31.88333333,3,4,3,1.50000000,10615.00000000,8721.00000000,195,273.52848928,0.19002524,0.16431155,43,1.34866702,0.66666667,1207.00000000,841.00000000,9.00000000,0,warmup,,,,,
pg-3387fe04fb595828,LOLTMNT05_89900,2024-10-21T16:08:18,2024-10-21,2024,Unknown,0,14.18,Blue,oe:team:26ff1a9f7fb8e976fbdcc5d2a8ac397,E WIE EINFACH E-SPORTS,oe:team:2ae1a4c6fe17bf70dd4b5520d60f55b,NNO Prime,oe:player:2ca9469819fb0fb61ff98e914a7ccca,Relative,mid,Yone,oe:player:e3b8d5a9290fe0c7458dc01db4dc9dc,Orianna,mid:Yone,lineup-faa4d797b1949e70,0,1913.00000000,31.88333333,0,3,3,1.00000000,11483.00000000,13916.00000000,282,436.46628332,0.20556381,0.26219007,34,1.06638787,0.33333333,-716.00000000,-959.00000000,-24.00000000,0,warmup,,,,,
pg-76d2175c05f1bfa6,LOLTMNT05_89900,2024-10-21T16:08:18,2024-10-21,2024,Unknown,0,14.18,Blue,oe:team:26ff1a9f7fb8e976fbdcc5d2a8ac397,E WIE EINFACH E-SPORTS,oe:team:2ae1a4c6fe17bf70dd4b5520d60f55b,NNO Prime,oe:player:87f462541b21fed4081f063502bf4da,Tockimo,sup,Nautilus,oe:player:35650a63e482edbdb82b6950955e052,Rakan,sup:Nautilus,lineup-faa4d797b1949e70,0,1913.00000000,31.88333333,0,9,7,0.77777778,6939.00000000,4640.00000000,30,145.53058024,0.12421904,0.08742181,108,3.38734971,0.77777778,-536.00000000,282.00000000,-6.00000000,0,warmup,,,,,
pg-6e4b5459f6294e25,LOLTMNT05_89900,2024-10-21T16:08:18,2024-10-21,2024,Unknown,0,14.18,Blue,oe:team:26ff1a9f7fb8e976fbdcc5d2a8ac397,E WIE EINFACH E-SPORTS,oe:team:2ae1a4c6fe17bf70dd4b5520d60f55b,NNO Prime,oe:player:0fcaa97e5408efcaa78f5517e34cb02,Flamer,top,Volibear,oe:player:1d17186c66b693755087b8af8d0c611,Kennen,top:Volibear,lineup-faa4d797b1949e70,0,1913.00000000,31.88333333,3,3,0,1.00000000,13981.00000000,9752.00000000,329,305.86513330,0.25028195,0.18373653,27,0.84683743,0.33333333,1295.00000000,861.00000000,8.00000000,0,warmup,,,,,
pg-cb820eed1a728781,LOLTMNT05_89900,2024-10-21T16:08:18,2024-10-21,2024,Unknown,0,14.18,Red,oe:team:2ae1a4c6fe17bf70dd4b5520d60f55b,NNO Prime,oe:team:26ff1a9f7fb8e976fbdcc5d2a8ac397,E WIE EINFACH E-SPORTS,oe:player:90704735ca9fc01f2244f23f6e5d635,Shiganari,bot,Ezreal,oe:player:08cc98f89d63a05973e5db39e6b9945,Kai'Sa,bot:Ezreal,lineup-12e790c5321078fe,1,1913.00000000,31.88333333,5,2,10,7.50000000,14560.00000000,24156.00000000,301,757.63721903,0.21556957,0.27096818,27,0.84683743,0.65217391,-421.00000000,624.00000000,2.00000000,0,warmup,,,,,
pg-1b2f5f0c5685b35d,LOLTMNT05_89900,2024-10-21T16:08:18,2024-10-21,2024,Unknown,0,14.18,Red,oe:team:2ae1a4c6fe17bf70dd4b5520d60f55b,NNO Prime,oe:team:26ff1a9f7fb8e976fbdcc5d2a8ac397,E WIE EINFACH E-SPORTS,oe:player:e041923a70bcde3b24d608958f8edc8,Shlatan,jng,Vi,oe:player:3e1b1e0f9c925b2f504d78f3bd5da22,Jarvan IV,jng:Vi,lineup-12e790c5321078fe,1,1913.00000000,31.88333333,4,1,13,17.00000000,12722.00000000,14321.00000000,199,449.16884475,0.18835687,0.16064478,49,1.53685311,0.73913043,-1207.00000000,-841.00000000,-9.00000000,0,warmup,,,,,
pg-5115fdffea3bc91c,LOLTMNT05_89900,2024-10-21T16:08:18,2024-10-21,2024,Unknown,0,14.18,Red,oe:team:2ae1a4c6fe17bf70dd4b5520d60f55b,NNO Prime,oe:team:26ff1a9f7fb8e976fbdcc5d2a8ac397,E WIE EINFACH E-SPORTS,oe:player:e3b8d5a9290fe0c7458dc01db4dc9dc,Serin,mid,Orianna,oe:player:2ca9469819fb0fb61ff98e914a7ccca,Yone,mid:Orianna,lineup-12e790c5321078fe,1,1913.00000000,31.88333333,7,0,12,19.00000000,16083.00000000,25820.00000000,332,809.82749608,0.23811850,0.28963398,40,1.25457397,0.82608696,716.00000000,959.00000000,24.00000000,0,warmup,,,,,
pg-5f00a22e0d43d828,LOLTMNT05_89900,2024-10-21T16:08:18,2024-10-21,2024,Unknown,0,14.18,Red,oe:team:2ae1a4c6fe17bf70dd4b5520d60f55b,NNO Prime,oe:team:26ff1a9f7fb8e976fbdcc5d2a8ac397,E WIE EINFACH E-SPORTS,oe:player:35650a63e482edbdb82b6950955e052,Lucky,sup,Rakan,oe:player:87f462541b21fed4081f063502bf4da,Nautilus,sup:Rakan,lineup-12e790c5321078fe,1,1913.00000000,31.88333333,3,4,20,5.75000000,10796.00000000,3897.00000000,43,122.22686879,0.15984128,0.04371431,172,5.39466806,1.00000000,536.00000000,-282.00000000,6.00000000,0,warmup,,,,,
pg-d4ebc1aa06e9f610,LOLTMNT05_89900,2024-10-21T16:08:18,2024-10-21,2024,Unknown,0,14.18,Red,oe:team:2ae1a4c6fe17bf70dd4b5520d60f55b,NNO Prime,oe:team:26ff1a9f7fb8e976fbdcc5d2a8ac397,E WIE EINFACH E-SPORTS,oe:player:1d17186c66b693755087b8af8d0c611,Scarface,top,Kennen,oe:player:0fcaa97e5408efcaa78f5517e34cb02,Volibear,top:Kennen,lineup-12e790c5321078fe,1,1913.00000000,31.88333333,4,2,6,5.00000000,13381.00000000,20953.00000000,276,657.17720857,0.19811377,0.23503876,33,1.03502352,0.43478261,-1295.00000000,-861.00000000,-8.00000000,0,warmup,,,,,
pg-07951d68cfd31381,LOLTMNT05_88962,2024-10-21T17:04:10,2024-10-21,2024,Unknown,0,14.18,Blue,oe:team:26ff1a9f7fb8e976fbdcc5d2a8ac397,E WIE EINFACH E-SPORTS,oe:team:2ae1a4c6fe17bf70dd4b5520d60f55b,NNO Prime,oe:player:08cc98f89d63a05973e5db39e6b9945,Noz2k,bot,Ashe,oe:player:90704735ca9fc01f2244f23f6e5d635,Jhin,bot:Ashe,lineup-faa4d797b1949e70,0,1873.00000000,31.21666667,4,3,8,4.00000000,13183.00000000,15755.00000000,257,504.69834490,0.23560846,0.15488596,38,1.21729845,0.57142857,595.00000000,34.00000000,-1.00000000,0,warmup,,,,,
pg-f5761f6a01d73f3f,LOLTMNT05_88962,2024-10-21T17:04:10,2024-10-21,2024,Unknown,0,14.18,Blue,oe:team:26ff1a9f7fb8e976fbdcc5d2a8ac397,E WIE EINFACH E-SPORTS,oe:team:2ae1a4c6fe17bf70dd4b5520d60f55b,NNO Prime,oe:player:3e1b1e0f9c925b2f504d78f3bd5da22,D4nKa,jng,Xin Zhao,oe:player:e041923a70bcde3b24d608958f8edc8,Nidalee,jng:Xin Zhao,lineup-faa4d797b1949e70,0,1873.00000000,31.21666667,8,3,6,4.66666667,12604.00000000,19874.00000000,191,636.64709023,0.22526049,0.19537947,33,1.05712760,0.66666667,407.00000000,432.00000000,-1.00000000,0,warmup,,,,,
pg-e9329f32996bbcd6,LOLTMNT05_88962,2024-10-21T17:04:10,2024-10-21,2024,Unknown,0,14.18,Blue,oe:team:26ff1a9f7fb8e976fbdcc5d2a8ac397,E WIE EINFACH E-SPORTS,oe:team:2ae1a4c6fe17bf70dd4b5520d60f55b,NNO Prime,oe:player:2ca9469819fb0fb61ff98e914a7ccca,Relative,mid,Ahri,oe:player:e3b8d5a9290fe0c7458dc01db4dc9dc,Sylas,mid:Ahri,lineup-faa4d797b1949e70,0,1873.00000000,31.21666667,5,5,7,2.40000000,11640.00000000,32817.00000000,234,1051.26534971,0.20803174,0.32262092,47,1.50560598,0.57142857,562.00000000,-334.00000000,-15.00000000,0,warmup,,,,,
pg-f275daeafe8ffab3,LOLTMNT05_88962,2024-10-21T17:04:10,2024-10-21,2024,Unknown,0,14.18,Blue,oe:team:26ff1a9f7fb8e976fbdcc5d2a8ac397,E WIE EINFACH E-SPORTS,oe:team:2ae1a4c6fe17bf70dd4b5520d60f55b,NNO Prime,oe:player:87f462541b21fed4081f063502bf4da,Tockimo,sup,Rell,oe:player:35650a63e482edbdb82b6950955e052,Leona,sup:Rell,lineup-faa4d797b1949e70,0,1873.00000000,31.21666667,1,6,15,2.66666667,7585.00000000,7527.00000000,31,241.12119594,0.13556020,0.07399725,107,3.42765617,0.76190476,136.00000000,444.00000000,2.00000000,0,warmup,,,,,
pg-3168cf1354a2dd6a,LOLTMNT05_88962,2024-10-21T17:04:10,2024-10-21,2024,Unknown,0,14.18,Blue,oe:team:26ff1a9f7fb8e976fbdcc5d2a8ac397,E WIE EINFACH E-SPORTS,oe:team:2ae1a4c6fe17bf70dd4b5520d60f55b,NNO Prime,oe:player:0fcaa97e5408efcaa78f5517e34cb02,Flamer,top,Karma,oe:player:1d17186c66b693755087b8af8d0c611,Renekton,top:Karma,lineup-faa4d797b1949e70,0,1873.00000000,31.21666667,3,3,9,4.00000000,10941.00000000,25747.00000000,214,824.78376935,0.19553911,0.25311640,31,0.99305926,0.57142857,549.00000000,586.00000000,12.00000000,0,warmup,,,,,
pg-2e367947455d2f33,LOLTMNT05_88962,2024-10-21T17:04:10,2024-10-21,2024,Unknown,0,14.18,Red,oe:team:2ae1a4c6fe17bf70dd4b5520d60f55b,NNO Prime,oe:team:26ff1a9f7fb8e976fbdcc5d2a8ac397,E WIE EINFACH E-SPORTS,oe:player:90704735ca9fc01f2244f23f6e5d635,Shiganari,bot,Jhin,oe:player:08cc98f89d63a05973e5db39e6b9945,Ashe,bot:Jhin,lineup-12e790c5321078fe,1,1873.00000000,31.21666667,1,3,15,5.33333333,13099.00000000,21591.00000000,281,691.64975974,0.21228082,0.26459235,21,0.67271757,0.80000000,-595.00000000,-34.00000000,1.00000000,0,warmup,,,,,
pg-866fa5effa7e17bc,LOLTMNT05_88962,2024-10-21T17:04:10,2024-10-21,2024,Unknown,0,14.18,Red,oe:team:2ae1a4c6fe17bf70dd4b5520d60f55b,NNO Prime,oe:team:26ff1a9f7fb8e976fbdcc5d2a8ac397,E WIE EINFACH E-SPORTS,oe:player:e041923a70bcde3b24d608958f8edc8,Shlatan,jng,Nidalee,oe:player:3e1b1e0f9c925b2f504d78f3bd5da22,Xin Zhao,jng:Nidalee,lineup-12e790c5321078fe,1,1873.00000000,31.21666667,2,6,15,2.83333333,11912.00000000,14480.00000000,216,463.85477843,0.19304444,0.17744881,32,1.02509343,0.85000000,-407.00000000,-432.00000000,1.00000000,0,warmup,,,,,
pg-6f64efae56680b2a,LOLTMNT05_88962,2024-10-21T17:04:10,2024-10-21,2024,Unknown,0,14.18,Red,oe:team:2ae1a4c6fe17bf70dd4b5520d60f55b,NNO Prime,oe:team:26ff1a9f7fb8e976fbdcc5d2a8ac397,E WIE EINFACH E-SPORTS,oe:player:e3b8d5a9290fe0c7458dc01db4dc9dc,Serin,mid,Sylas,oe:player:2ca9469819fb0fb61ff98e914a7ccca,Ahri,mid:Sylas,lineup-12e790c5321078fe,1,1873.00000000,31.21666667,10,4,8,4.50000000,15188.00000000,23351.00000000,271,748.02989856,0.24613490,0.28616071,23,0.73678590,0.90000000,-562.00000000,334.00000000,15.00000000,0,warmup,,,,,
pg-1fa0b3354ccb1fbb,LOLTMNT05_88962,2024-10-21T17:04:10,2024-10-21,2024,Unknown,0,14.18,Red,oe:team:2ae1a4c6fe17bf70dd4b5520d60f55b,NNO Prime,oe:team:26ff1a9f7fb8e976fbdcc5d2a8ac397,E WIE EINFACH E-SPORTS,oe:player:35650a63e482edbdb82b6950955e052,Lucky,sup,Leona,oe:player:87f462541b21fed4081f063502bf4da,Rell,sup:Leona,lineup-12e790c5321078fe,1,1873.00000000,31.21666667,2,4,15,4.25000000,8194.00000000,5540.00000000,31,177.46930059,0.13279098,0.06789132,101,3.23545115,0.85000000,-136.00000000,-444.00000000,-2.00000000,0,warmup,,,,,
pg-cce329277177efea,LOLTMNT05_88962,2024-10-21T17:04:10,2024-10-21,2024,Unknown,0,14.18,Red,oe:team:2ae1a4c6fe17bf70dd4b5520d60f55b,NNO Prime,oe:team:26ff1a9f7fb8e976fbdcc5d2a8ac397,E WIE EINFACH E-SPORTS,oe:player:1d17186c66b693755087b8af8d0c611,Scarface,top,Renekton,oe:player:0fcaa97e5408efcaa78f5517e34cb02,Karma,top:Renekton,lineup-12e790c5321078fe,1,1873.00000000,31.21666667,5,4,6,2.75000000,13313.00000000,16639.00000000,240,533.01655099,0.21574887,0.20390681,17,0.54458089,0.55000000,-549.00000000,-586.00000000,-12.00000000,0,warmup,,,,,
pg-ca62ca1d0c4c792d,LOLTMNT05_89906,2024-10-21T17:56:10,2024-10-21,2024,Unknown,0,14.18,Blue,oe:team:26ff1a9f7fb8e976fbdcc5d2a8ac397,E WIE EINFACH E-SPORTS,oe:team:2ae1a4c6fe17bf70dd4b5520d60f55b,NNO Prime,oe:player:08cc98f89d63a05973e5db39e6b9945,Noz2k,bot,Kalista,oe:player:90704735ca9fc01f2244f23f6e5d635,Varus,bot:Kalista,lineup-faa4d797b1949e70,0,1725.00000000,28.75000000,4,5,5,1.80000000,12433.00000000,17260.00000000,255,600.34782609,0.25500974,0.26745591,36,1.25217391,0.75000000,253.00000000,-386.00000000,-7.00000000,0,warmup,,,,,
pg-53f7f54fe8a7958b,LOLTMNT05_89906,2024-10-21T17:56:10,2024-10-21,2024,Unknown,0,14.18,Blue,oe:team:26ff1a9f7fb8e976fbdcc5d2a8ac397,E WIE EINFACH E-SPORTS,oe:team:2ae1a4c6fe17bf70dd4b5520d60f55b,NNO Prime,oe:player:3e1b1e0f9c925b2f504d78f3bd5da22,D4nKa,jng,Wukong,oe:player:e041923a70bcde3b24d608958f8edc8,Nocturne,jng:Wukong,lineup-faa4d797b1949e70,0,1725.00000000,28.75000000,2,6,6,1.33333333,9244.00000000,12554.00000000,152,436.66086957,0.18960107,0.19453311,25,0.86956522,0.66666667,-855.00000000,-806.00000000,-10.00000000,0,warmup,,,,,
pg-10bf0820d6196abf,LOLTMNT05_89906,2024-10-21T17:56:10,2024-10-21,2024,Unknown,0,14.18,Blue,oe:team:26ff1a9f7fb8e976fbdcc5d2a8ac397,E WIE EINFACH E-SPORTS,oe:team:2ae1a4c6fe17bf70dd4b5520d60f55b,NNO Prime,oe:player:2ca9469819fb0fb61ff98e914a7ccca,Relative,mid,Akali,oe:player:e3b8d5a9290fe0c7458dc01db4dc9dc,Galio,mid:Akali,lineup-faa4d797b1949e70,0,1725.00000000,28.75000000,2,8,2,0.50000000,9515.00000000,14737.00000000,216,512.59130435,0.19515947,0.22836024,17,0.59130435,0.33333333,-2475.00000000,-438.00000000,7.00000000,0,warmup,,,,,
pg-8f7729986293efd4,LOLTMNT05_89906,2024-10-21T17:56:10,2024-10-21,2024,Unknown,0,14.18,Blue,oe:team:26ff1a9f7fb8e976fbdcc5d2a8ac397,E WIE EINFACH E-SPORTS,oe:team:2ae1a4c6fe17bf70dd4b5520d60f55b,NNO Prime,oe:player:87f462541b21fed4081f063502bf4da,Tockimo,sup,Alistar,oe:player:35650a63e482edbdb82b6950955e052,Neeko,sup:Alistar,lineup-faa4d797b1949e70,0,1725.00000000,28.75000000,2,6,7,1.50000000,7206.00000000,5793.00000000,17,201.49565217,0.14780023,0.08976663,86,2.99130435,0.75000000,-461.00000000,-556.00000000,-11.00000000,0,warmup,,,,,
pg-dbef02af2a8e63db,LOLTMNT05_89906,2024-10-21T17:56:10,2024-10-21,2024,Unknown,0,14.18,Blue,oe:team:26ff1a9f7fb8e976fbdcc5d2a8ac397,E WIE EINFACH E-SPORTS,oe:team:2ae1a4c6fe17bf70dd4b5520d60f55b,NNO Prime,oe:player:0fcaa97e5408efcaa78f5517e34cb02,Flamer,top,Gnar,oe:player:1d17186c66b693755087b8af8d0c611,Camille,top:Gnar,lineup-faa4d797b1949e70,0,1725.00000000,28.75000000,2,6,3,0.83333333,10357.00000000,14190.00000000,222,493.56521739,0.21242949,0.21988409,24,0.83478261,0.41666667,-619.00000000,-1131.00000000,12.00000000,0,warmup,,,,,
pg-9346da7b4f8fc74e,LOLTMNT05_89906,2024-10-21T17:56:10,2024-10-21,2024,Unknown,0,14.18,Red,oe:team:2ae1a4c6fe17bf70dd4b5520d60f55b,NNO Prime,oe:team:26ff1a9f7fb8e976fbdcc5d2a8ac397,E WIE EINFACH E-SPORTS,oe:player:90704735ca9fc01f2244f23f6e5d635,Shiganari,bot,Varus,oe:player:08cc98f89d63a05973e5db39e6b9945,Kalista,bot:Varus,lineup-12e790c5321078fe,1,1725.00000000,28.75000000,8,2,9,8.50000000,14102.00000000,25602.00000000,260,890.50434783,0.22435051,0.25021012,28,0.97391304,0.54838710,-253.00000000,386.00000000,7.00000000,0,warmup,,,,,
pg-127f62f58dafb896,LOLTMNT05_89906,2024-10-21T17:56:10,2024-10-21,2024,Unknown,0,14.18,Red,oe:team:2ae1a4c6fe17bf70dd4b5520d60f55b,NNO Prime,oe:team:26ff1a9f7fb8e976fbdcc5d2a8ac397,E WIE EINFACH E-SPORTS,oe:player:e041923a70bcde3b24d608958f8edc8,Shlatan,jng,Nocturne,oe:player:3e1b1e0f9c925b2f504d78f3bd5da22,Wukong,jng:Nocturne,lineup-12e790c5321078fe,1,1725.00000000,28.75000000,2,3,16,6.00000000,11346.00000000,12955.00000000,211,450.60869565,0.18050496,0.12661011,34,1.18260870,0.58064516,855.00000000,806.00000000,10.00000000,0,warmup,,,,,
pg-eb2968a7d95e4514,LOLTMNT05_89906,2024-10-21T17:56:10,2024-10-21,2024,Unknown,0,14.18,Red,oe:team:2ae1a4c6fe17bf70dd4b5520d60f55b,NNO Prime,oe:team:26ff1a9f7fb8e976fbdcc5d2a8ac397,E WIE EINFACH E-SPORTS,oe:player:e3b8d5a9290fe0c7458dc01db4dc9dc,Serin,mid,Galio,oe:player:2ca9469819fb0fb61ff98e914a7ccca,Akali,mid:Galio,lineup-12e790c5321078fe,1,1725.00000000,28.75000000,7,0,22,29.00000000,15387.00000000,29496.00000000,247,1025.94782609,0.24479374,0.28826645,23,0.80000000,0.93548387,2475.00000000,438.00000000,-7.00000000,0,warmup,,,,,
pg-1d7e4d9483385ad4,LOLTMNT05_89906,2024-10-21T17:56:10,2024-10-21,2024,Unknown,0,14.18,Red,oe:team:2ae1a4c6fe17bf70dd4b5520d60f55b,NNO Prime,oe:team:26ff1a9f7fb8e976fbdcc5d2a8ac397,E WIE EINFACH E-SPORTS,oe:player:35650a63e482edbdb82b6950955e052,Lucky,sup,Neeko,oe:player:87f462541b21fed4081f063502bf4da,Alistar,sup:Neeko,lineup-12e790c5321078fe,1,1725.00000000,28.75000000,8,3,17,8.33333333,10929.00000000,19114.00000000,38,664.83478261,0.17387085,0.18680245,103,3.58260870,0.80645161,461.00000000,556.00000000,11.00000000,0,warmup,,,,,
pg-3bcb08a473b26c0e,LOLTMNT05_89906,2024-10-21T17:56:10,2024-10-21,2024,Unknown,0,14.18,Red,oe:team:2ae1a4c6fe17bf70dd4b5520d60f55b,NNO Prime,oe:team:26ff1a9f7fb8e976fbdcc5d2a8ac397,E WIE EINFACH E-SPORTS,oe:player:1d17186c66b693755087b8af8d0c611,Scarface,top,Camille,oe:player:0fcaa97e5408efcaa78f5517e34cb02,Gnar,top:Camille,lineup-12e790c5321078fe,1,1725.00000000,28.75000000,6,4,11,4.25000000,11093.00000000,15155.00000000,169,527.13043478,0.17647995,0.14811087,25,0.86956522,0.54838710,619.00000000,1131.00000000,-12.00000000,0,warmup,,,,,
pg-66d1021d6edb2997,LOLTMNT05_89908,2024-10-22T16:07:26,2024-10-22,2024,Unknown,0,14.18,Blue,oe:team:48199c3e87ac9d14cdf50169f8eaabc,Eintracht Frankfurt,oe:team:6a060bd74c9041bf0aa89adf9d15d12,Unicorns of Love Sexy Edition,oe:player:f0523a8a7089a6b90c4c1606ebd9605,DizL,bot,Ezreal,oe:player:3a3cf889f1996110ab52915425d60b5,Kai'Sa,bot:Ezreal,lineup-9fa2c882d9da2bcd,1,1779.00000000,29.65000000,10,1,3,13.00000000,15376.00000000,27339.00000000,278,922.05733558,0.25799523,0.34007538,34,1.14671164,0.65000000,251.00000000,-354.00000000,-10.00000000,0,warmup,,,,,
pg-c6372ebdc16edbe5,LOLTMNT05_89908,2024-10-22T16:07:26,2024-10-22,2024,Unknown,0,14.18,Blue,oe:team:48199c3e87ac9d14cdf50169f8eaabc,Eintracht Frankfurt,oe:team:6a060bd74c9041bf0aa89adf9d15d12,Unicorns of Love Sexy Edition,oe:player:b0a4ae62486ca215c199e72698738b7,Pabu,jng,Ivern,oe:player:6fc5fe723eed4ba4c230292be365c66,Kindred,jng:Ivern,lineup-9fa2c882d9da2bcd,1,1779.00000000,29.65000000,0,0,16,16.00000000,10611.00000000,6646.00000000,149,224.14839798,0.17804289,0.08267095,39,1.31534570,0.80000000,187.00000000,-501.00000000,-33.00000000,0,warmup,,,,,
pg-c08e02afab76fd51,LOLTMNT05_89908,2024-10-22T16:07:26,2024-10-22,2024,Unknown,0,14.18,Blue,oe:team:48199c3e87ac9d14cdf50169f8eaabc,Eintracht Frankfurt,oe:team:6a060bd74c9041bf0aa89adf9d15d12,Unicorns of Love Sexy Edition,oe:player:eb26eb96a04224878fb492a5a8cefa8,ZaZee,mid,LeBlanc,oe:player:157108ff2b64591e5703c64dbae3a2e,Galio,mid:LeBlanc,lineup-9fa2c882d9da2bcd,1,1779.00000000,29.65000000,3,0,11,14.00000000,11733.00000000,21532.00000000,240,726.20573356,0.19686902,0.26784093,36,1.21416526,0.70000000,-193.00000000,-299.00000000,-10.00000000,0,warmup,,,,,
pg-43925e7576da5ea0,LOLTMNT05_89908,2024-10-22T16:07:26,2024-10-22,2024,Unknown,0,14.18,Blue,oe:team:48199c3e87ac9d14cdf50169f8eaabc,Eintracht Frankfurt,oe:team:6a060bd74c9041bf0aa89adf9d15d12,Unicorns of Love Sexy Edition,oe:player:64ecd619b953ca23acb0546a472c483,Tore,sup,Braum,oe:player:973547129a691fb61e886add170ac7a,Rakan,sup:Braum,lineup-9fa2c882d9da2bcd,1,1779.00000000,29.65000000,0,3,16,5.33333333,8122.00000000,6000.00000000,30,202.36087690,0.13627974,0.07463522,92,3.10286678,0.80000000,268.00000000,-89.00000000,-10.00000000,0,warmup,,,,,
pg-53edaeab90fe0331,LOLTMNT05_89908,2024-10-22T16:07:26,2024-10-22,2024,Unknown,0,14.18,Blue,oe:team:48199c3e87ac9d14cdf50169f8eaabc,Eintracht Frankfurt,oe:team:6a060bd74c9041bf0aa89adf9d15d12,Unicorns of Love Sexy Edition,oe:player:5be118a1aa52664e1dff15ff96c1e67,Agresivoo,top,K'Sante,oe:player:11b40dd5fcd01f1fca9496859ccd862,Jax,top:K'Sante,lineup-9fa2c882d9da2bcd,1,1779.00000000,29.65000000,7,3,4,3.66666667,13756.00000000,18874.00000000,264,636.55986509,0.23081311,0.23477752,31,1.04553120,0.55000000,1371.00000000,1020.00000000,18.00000000,0,warmup,,,,,
pg-210ccf4e1d4c41a9,LOLTMNT05_89908,2024-10-22T16:07:26,2024-10-22,2024,Unknown,0,14.18,Red,oe:team:6a060bd74c9041bf0aa89adf9d15d12,Unicorns of Love Sexy Edition,oe:team:48199c3e87ac9d14cdf50169f8eaabc,Eintracht Frankfurt,oe:player:3a3cf889f1996110ab52915425d60b5,xMatty,bot,Kai'Sa,oe:player:f0523a8a7089a6b90c4c1606ebd9605,Ezreal,bot:Kai'Sa,lineup-003c4b7dcdab2ee4,0,1779.00000000,29.65000000,4,5,0,0.80000000,11471.00000000,14242.00000000,253,480.33726813,0.23139146,0.26182554,22,0.74198988,0.57142857,-251.00000000,354.00000000,10.00000000,0,warmup,,,,,
pg-f20c2bea01a2deb8,LOLTMNT05_89908,2024-10-22T16:07:26,2024-10-22,2024,Unknown,0,14.18,Red,oe:team:6a060bd74c9041bf0aa89adf9d15d12,Unicorns of Love Sexy Edition,oe:team:48199c3e87ac9d14cdf50169f8eaabc,Eintracht Frankfurt,oe:player:6fc5fe723eed4ba4c230292be365c66,Lurox,jng,Kindred,oe:player:b0a4ae62486ca215c199e72698738b7,Ivern,jng:Kindred,lineup-003c4b7dcdab2ee4,0,1779.00000000,29.65000000,0,3,4,1.33333333,10060.00000000,6734.00000000,239,227.11635750,0.20292895,0.12379814,38,1.28161889,0.57142857,-187.00000000,501.00000000,33.00000000,0,warmup,,,,,
pg-3c465367284552f8,LOLTMNT05_89908,2024-10-22T16:07:26,2024-10-22,2024,Unknown,0,14.18,Red,oe:team:6a060bd74c9041bf0aa89adf9d15d12,Unicorns of Love Sexy Edition,oe:team:48199c3e87ac9d14cdf50169f8eaabc,Eintracht Frankfurt,oe:player:157108ff2b64591e5703c64dbae3a2e,TolanD,mid,Galio,oe:player:eb26eb96a04224878fb492a5a8cefa8,LeBlanc,mid:Galio,lineup-003c4b7dcdab2ee4,0,1779.00000000,29.65000000,0,1,5,5.00000000,10349.00000000,15662.00000000,256,528.22934233,0.20875862,0.28793088,21,0.70826307,0.71428571,193.00000000,299.00000000,10.00000000,0,warmup,,,,,
pg-7104e4f1ba911cc7,LOLTMNT05_89908,2024-10-22T16:07:26,2024-10-22,2024,Unknown,0,14.18,Red,oe:team:6a060bd74c9041bf0aa89adf9d15d12,Unicorns of Love Sexy Edition,oe:team:48199c3e87ac9d14cdf50169f8eaabc,Eintracht Frankfurt,oe:player:973547129a691fb61e886add170ac7a,Piero,sup,Rakan,oe:player:64ecd619b953ca23acb0546a472c483,Braum,sup:Rakan,lineup-003c4b7dcdab2ee4,0,1779.00000000,29.65000000,0,5,5,1.00000000,6818.00000000,3524.00000000,48,118.85328836,0.13753177,0.06478537,121,4.08094435,0.71428571,-268.00000000,89.00000000,10.00000000,0,warmup,,,,,
pg-876ec80a2fe08236,LOLTMNT05_89908,2024-10-22T16:07:26,2024-10-22,2024,Unknown,0,14.18,Red,oe:team:6a060bd74c9041bf0aa89adf9d15d12,Unicorns of Love Sexy Edition,oe:team:48199c3e87ac9d14cdf50169f8eaabc,Eintracht Frankfurt,oe:player:11b40dd5fcd01f1fca9496859ccd862,Shelfmade,top,Jax,oe:player:5be118a1aa52664e1dff15ff96c1e67,K'Sante,top:Jax,lineup-003c4b7dcdab2ee4,0,1779.00000000,29.65000000,3,6,2,0.83333333,10876.00000000,14233.00000000,202,480.03372681,0.21938920,0.26166008,20,0.67453626,0.71428571,-1371.00000000,-1020.00000000,-18.00000000,0,warmup,,,,,
pg-906f6ae9927c0606,LOLTMNT05_88974,2024-10-22T16:58:07,2024-10-22,2024,Unknown,0,14.18,Blue,oe:team:6a060bd74c9041bf0aa89adf9d15d12,Unicorns of Love Sexy Edition,oe:team:48199c3e87ac9d14cdf50169f8eaabc,Eintracht Frankfurt,oe:player:3a3cf889f1996110ab52915425d60b5,xMatty,bot,Kalista,oe:player:f0523a8a7089a6b90c4c1606ebd9605,Jhin,bot:Kalista,lineup-003c4b7dcdab2ee4,1,1494.00000000,24.90000000,13,3,3,5.33333333,14671.00000000,19434.00000000,227,780.48192771,0.27751296,0.35475804,25,1.00401606,0.76190476,2628.00000000,1144.00000000,28.00000000,0,warmup,,,,,
pg-cba6c619c826fc13,LOLTMNT05_88974,2024-10-22T16:58:07,2024-10-22,2024,Unknown,0,14.18,Blue,oe:team:6a060bd74c9041bf0aa89adf9d15d12,Unicorns of Love Sexy Edition,oe:team:48199c3e87ac9d14cdf50169f8eaabc,Eintracht Frankfurt,oe:player:6fc5fe723eed4ba4c230292be365c66,Lurox,jng,Jarvan IV,oe:player:b0a4ae62486ca215c199e72698738b7,Lee Sin,jng:Jarvan IV,lineup-003c4b7dcdab2ee4,1,1494.00000000,24.90000000,3,2,16,9.50000000,10166.00000000,9388.00000000,155,377.02811245,0.19229751,0.17137329,33,1.32530120,0.90476190,136.00000000,191.00000000,11.00000000,0,warmup,,,,,
pg-1ec57e4ae9259ee8,LOLTMNT05_88974,2024-10-22T16:58:07,2024-10-22,2024,Unknown,0,14.18,Blue,oe:team:6a060bd74c9041bf0aa89adf9d15d12,Unicorns of Love Sexy Edition,oe:team:48199c3e87ac9d14cdf50169f8eaabc,Eintracht Frankfurt,oe:player:157108ff2b64591e5703c64dbae3a2e,TolanD,mid,Sylas,oe:player:eb26eb96a04224878fb492a5a8cefa8,Ahri,mid:Sylas,lineup-003c4b7dcdab2ee4,1,1494.00000000,24.90000000,1,3,5,2.00000000,9875.00000000,7205.00000000,206,289.35742972,0.18679302,0.13152370,17,0.68273092,0.28571429,-1746.00000000,-1275.00000000,-18.00000000,0,warmup,,,,,
pg-17c55678599af999,LOLTMNT05_88974,2024-10-22T16:58:07,2024-10-22,2024,Unknown,0,14.18,Blue,oe:team:6a060bd74c9041bf0aa89adf9d15d12,Unicorns of Love Sexy Edition,oe:team:48199c3e87ac9d14cdf50169f8eaabc,Eintracht Frankfurt,oe:player:973547129a691fb61e886add170ac7a,Piero,sup,Rell,oe:player:64ecd619b953ca23acb0546a472c483,Leona,sup:Rell,lineup-003c4b7dcdab2ee4,1,1494.00000000,24.90000000,0,3,15,5.00000000,7120.00000000,4606.00000000,36,184.97991968,0.13468013,0.08408025,87,3.49397590,0.71428571,151.00000000,396.00000000,5.00000000,0,warmup,,,,,
pg-ba53033eb410b683,LOLTMNT05_88974,2024-10-22T16:58:07,2024-10-22,2024,Unknown,0,14.18,Blue,oe:team:6a060bd74c9041bf0aa89adf9d15d12,Unicorns of Love Sexy Edition,oe:team:48199c3e87ac9d14cdf50169f8eaabc,Eintracht Frankfurt,oe:player:11b40dd5fcd01f1fca9496859ccd862,Shelfmade,top,Gwen,oe:player:5be118a1aa52664e1dff15ff96c1e67,Rumble,top:Gwen,lineup-003c4b7dcdab2ee4,1,1494.00000000,24.90000000,4,6,4,1.33333333,11034.00000000,14148.00000000,187,568.19277108,0.20871638,0.25826473,25,1.00401606,0.38095238,-1676.00000000,-1627.00000000,9.00000000,0,warmup,,,,,
pg-215b6ef2eacb15e9,LOLTMNT05_88974,2024-10-22T16:58:07,2024-10-22,2024,Unknown,0,14.18,Red,oe:team:48199c3e87ac9d14cdf50169f8eaabc,Eintracht Frankfurt,oe:team:6a060bd74c9041bf0aa89adf9d15d12,Unicorns of Love Sexy Edition,oe:player:f0523a8a7089a6b90c4c1606ebd9605,DizL,bot,Jhin,oe:player:3a3cf889f1996110ab52915425d60b5,Kalista,bot:Jhin,lineup-9fa2c882d9da2bcd,0,1494.00000000,24.90000000,1,2,9,5.00000000,9731.00000000,10306.00000000,194,413.89558233,0.21383523,0.16308252,21,0.84337349,0.58823529,-2628.00000000,-1144.00000000,-28.00000000,0,warmup,,,,,
pg-0e4abc3d4c3ef0f8,LOLTMNT05_88974,2024-10-22T16:58:07,2024-10-22,2024,Unknown,0,14.18,Red,oe:team:48199c3e87ac9d14cdf50169f8eaabc,Eintracht Frankfurt,oe:team:6a060bd74c9041bf0aa89adf9d15d12,Unicorns of Love Sexy Edition,oe:player:b0a4ae62486ca215c199e72698738b7,Pabu,jng,Lee Sin,oe:player:6fc5fe723eed4ba4c230292be365c66,Jarvan IV,jng:Lee Sin,lineup-9fa2c882d9da2bcd,0,1494.00000000,24.90000000,2,4,9,2.75000000,8377.00000000,6445.00000000,127,258.83534137,0.18408157,0.10198592,36,1.44578313,0.64705882,-136.00000000,-191.00000000,-11.00000000,0,warmup,,,,,
pg-f003c9ad22494640,LOLTMNT05_88974,2024-10-22T16:58:07,2024-10-22,2024,Unknown,0,14.18,Red,oe:team:48199c3e87ac9d14cdf50169f8eaabc,Eintracht Frankfurt,oe:team:6a060bd74c9041bf0aa89adf9d15d12,Unicorns of Love Sexy Edition,oe:player:eb26eb96a04224878fb492a5a8cefa8,ZaZee,mid,Ahri,oe:player:157108ff2b64591e5703c64dbae3a2e,Sylas,mid:Ahri,lineup-9fa2c882d9da2bcd,0,1494.00000000,24.90000000,6,2,7,6.50000000,11544.00000000,23851.00000000,219,957.87148594,0.25367526,0.37741910,39,1.56626506,0.76470588,1746.00000000,1275.00000000,18.00000000,0,warmup,,,,,
pg-5d9f6d8242e5b031,LOLTMNT05_88974,2024-10-22T16:58:07,2024-10-22,2024,Unknown,0,14.18,Red,oe:team:48199c3e87ac9d14cdf50169f8eaabc,Eintracht Frankfurt,oe:team:6a060bd74c9041bf0aa89adf9d15d12,Unicorns of Love Sexy Edition,oe:player:64ecd619b953ca23acb0546a472c483,Tore,sup,Leona,oe:player:973547129a691fb61e886add170ac7a,Rell,sup:Leona,lineup-9fa2c882d9da2bcd,0,1494.00000000,24.90000000,0,7,11,1.57142857,6072.00000000,4456.00000000,31,178.95582329,0.13343002,0.07051191,78,3.13253012,0.64705882,-151.00000000,-396.00000000,-5.00000000,0,warmup,,,,,
pg-eecf4d5380bcd00d,LOLTMNT05_88974,2024-10-22T16:58:07,2024-10-22,2024,Unknown,0,14.18,Red,oe:team:48199c3e87ac9d14cdf50169f8eaabc,Eintracht Frankfurt,oe:team:6a060bd74c9041bf0aa89adf9d15d12,Unicorns of Love Sexy Edition,oe:player:5be118a1aa52664e1dff15ff96c1e67,Agresivoo,top,Rumble,oe:player:11b40dd5fcd01f1fca9496859ccd862,Gwen,top:Rumble,lineup-9fa2c882d9da2bcd,0,1494.00000000,24.90000000,8,6,6,2.33333333,9783.00000000,18137.00000000,139,728.39357430,0.21497792,0.28700055,14,0.56224900,0.82352941,1676.00000000,1627.00000000,-9.00000000,0,warmup,,,,,
pg-2e00a4a6d755390e,LOLTMNT05_89915,2024-10-22T17:44:19,2024-10-22,2024,Unknown,0,14.18,Blue,oe:team:48199c3e87ac9d14cdf50169f8eaabc,Eintracht Frankfurt,oe:team:6a060bd74c9041bf0aa89adf9d15d12,Unicorns of Love Sexy Edition,oe:player:f0523a8a7089a6b90c4c1606ebd9605,DizL,bot,Varus,oe:player:3a3cf889f1996110ab52915425d60b5,Miss Fortune,bot:Varus,lineup-9fa2c882d9da2bcd,0,1721.00000000,28.68333333,4,6,3,1.16666667,10721.00000000,16030.00000000,211,558.86112725,0.22494755,0.21979378,35,1.22022080,0.63636364,-187.00000000,-692.00000000,-13.00000000,0,warmup,,,,,
pg-7a1a353a1eba46c7,LOLTMNT05_89915,2024-10-22T17:44:19,2024-10-22,2024,Unknown,0,14.18,Blue,oe:team:48199c3e87ac9d14cdf50169f8eaabc,Eintracht Frankfurt,oe:team:6a060bd74c9041bf0aa89adf9d15d12,Unicorns of Love Sexy Edition,oe:player:b0a4ae62486ca215c199e72698738b7,Pabu,jng,Maokai,oe:player:6fc5fe723eed4ba4c230292be365c66,Sejuani,jng:Maokai,lineup-9fa2c882d9da2bcd,0,1721.00000000,28.68333333,0,3,7,2.33333333,8107.00000000,11047.00000000,142,385.13654852,0.17010071,0.15146986,44,1.53399187,0.63636364,-1071.00000000,-1232.00000000,-29.00000000,0,warmup,,,,,
pg-350ef4df47431e19,LOLTMNT05_89915,2024-10-22T17:44:19,2024-10-22,2024,Unknown,0,14.18,Blue,oe:team:48199c3e87ac9d14cdf50169f8eaabc,Eintracht Frankfurt,oe:team:6a060bd74c9041bf0aa89adf9d15d12,Unicorns of Love Sexy Edition,oe:player:eb26eb96a04224878fb492a5a8cefa8,ZaZee,mid,Hwei,oe:player:157108ff2b64591e5703c64dbae3a2e,Akali,mid:Hwei,lineup-9fa2c882d9da2bcd,0,1721.00000000,28.68333333,3,5,3,1.20000000,9894.00000000,21555.00000000,192,751.48169669,0.20759547,0.29554928,18,0.62754213,0.54545455,-142.00000000,-287.00000000,-10.00000000,0,warmup,,,,,
pg-30d6a42886f044a5,LOLTMNT05_89915,2024-10-22T17:44:19,2024-10-22,2024,Unknown,0,14.18,Blue,oe:team:48199c3e87ac9d14cdf50169f8eaabc,Eintracht Frankfurt,oe:team:6a060bd74c9041bf0aa89adf9d15d12,Unicorns of Love Sexy Edition,oe:player:64ecd619b953ca23acb0546a472c483,Tore,sup,Alistar,oe:player:973547129a691fb61e886add170ac7a,Nautilus,sup:Alistar,lineup-9fa2c882d9da2bcd,0,1721.00000000,28.68333333,2,5,5,1.40000000,7063.00000000,3285.00000000,31,114.52643812,0.14819555,0.04504196,103,3.59093550,0.63636364,-12.00000000,164.00000000,-4.00000000,0,warmup,,,,,
pg-7d5d58eb066008a3,LOLTMNT05_89915,2024-10-22T17:44:19,2024-10-22,2024,Unknown,0,14.18,Blue,oe:team:48199c3e87ac9d14cdf50169f8eaabc,Eintracht Frankfurt,oe:team:6a060bd74c9041bf0aa89adf9d15d12,Unicorns of Love Sexy Edition,oe:player:5be118a1aa52664e1dff15ff96c1e67,Agresivoo,top,Renekton,oe:player:11b40dd5fcd01f1fca9496859ccd862,Gragas,top:Renekton,lineup-9fa2c882d9da2bcd,0,1721.00000000,28.68333333,2,4,1,0.75000000,11875.00000000,21015.00000000,265,732.65543289,0.24916072,0.28814512,36,1.25508425,0.27272727,2438.00000000,1762.00000000,42.00000000,0,warmup,,,,,
pg-da773309a515b4d3,LOLTMNT05_89915,2024-10-22T17:44:19,2024-10-22,2024,Unknown,0,14.18,Red,oe:team:6a060bd74c9041bf0aa89adf9d15d12,Unicorns of Love Sexy Edition,oe:team:48199c3e87ac9d14cdf50169f8eaabc,Eintracht Frankfurt,oe:player:3a3cf889f1996110ab52915425d60b5,xMatty,bot,Miss Fortune,oe:player:f0523a8a7089a6b90c4c1606ebd9605,Varus,bot:Miss Fortune,lineup-003c4b7dcdab2ee4,1,1721.00000000,28.68333333,12,3,8,6.66666667,15913.00000000,34575.00000000,254,1205.40383498,0.27871092,0.37219842,26,0.90644974,0.86956522,187.00000000,692.00000000,13.00000000,0,warmup,,,,,
pg-cd25bd242c72c576,LOLTMNT05_89915,2024-10-22T17:44:19,2024-10-22,2024,Unknown,0,14.18,Red,oe:team:6a060bd74c9041bf0aa89adf9d15d12,Unicorns of Love Sexy Edition,oe:team:48199c3e87ac9d14cdf50169f8eaabc,Eintracht Frankfurt,oe:player:6fc5fe723eed4ba4c230292be365c66,Lurox,jng,Sejuani,oe:player:b0a4ae62486ca215c199e72698738b7,Maokai,jng:Sejuani,lineup-003c4b7dcdab2ee4,1,1721.00000000,28.68333333,3,0,14,17.00000000,11035.00000000,20431.00000000,182,712.29517722,0.19327437,0.21993886,35,1.22022080,0.73913043,1071.00000000,1232.00000000,29.00000000,0,warmup,,,,,
pg-00b87e33f5689116,LOLTMNT05_89915,2024-10-22T17:44:19,2024-10-22,2024,Unknown,0,14.18,Red,oe:team:6a060bd74c9041bf0aa89adf9d15d12,Unicorns of Love Sexy Edition,oe:team:48199c3e87ac9d14cdf50169f8eaabc,Eintracht Frankfurt,oe:player:157108ff2b64591e5703c64dbae3a2e,TolanD,mid,Akali,oe:player:eb26eb96a04224878fb492a5a8cefa8,Hwei,mid:Akali,lineup-003c4b7dcdab2ee4,1,1721.00000000,28.68333333,5,3,7,4.00000000,12107.00000000,16490.00000000,228,574.89831493,0.21205009,0.17751416,35,1.22022080,0.52173913,142.00000000,287.00000000,10.00000000,0,warmup,,,,,
pg-3e8cf66b98d235a8,LOLTMNT05_89915,2024-10-22T17:44:19,2024-10-22,2024,Unknown,0,14.18,Red,oe:team:6a060bd74c9041bf0aa89adf9d15d12,Unicorns of Love Sexy Edition,oe:team:48199c3e87ac9d14cdf50169f8eaabc,Eintracht Frankfurt,oe:player:973547129a691fb61e886add170ac7a,Piero,sup,Nautilus,oe:player:64ecd619b953ca23acb0546a472c483,Alistar,sup:Nautilus,lineup-003c4b7dcdab2ee4,1,1721.00000000,28.68333333,2,3,17,6.33333333,8082.00000000,7855.00000000,25,273.85241139,0.14155355,0.08455874,98,3.41661825,0.82608696,12.00000000,-164.00000000,4.00000000,0,warmup,,,,,
pg-794e778c41915e12,LOLTMNT05_89915,2024-10-22T17:44:19,2024-10-22,2024,Unknown,0,14.18,Red,oe:team:6a060bd74c9041bf0aa89adf9d15d12,Unicorns of Love Sexy Edition,oe:team:48199c3e87ac9d14cdf50169f8eaabc,Eintracht Frankfurt,oe:player:11b40dd5fcd01f1fca9496859ccd862,Shelfmade,top,Gragas,oe:player:5be118a1aa52664e1dff15ff96c1e67,Renekton,top:Gragas,lineup-003c4b7dcdab2ee4,1,1721.00000000,28.68333333,1,2,10,5.50000000,9958.00000000,13543.00000000,193,472.15572342,0.17441107,0.14578982,21,0.73213248,0.47826087,-2438.00000000,-1762.00000000,-42.00000000,0,warmup,,,,,
pg-4225d16732a6eb9c,LOLTMNT05_89916,2024-10-22T18:36:09,2024-10-22,2024,Unknown,0,14.18,Blue,oe:team:48199c3e87ac9d14cdf50169f8eaabc,Eintracht Frankfurt,oe:team:6a060bd74c9041bf0aa89adf9d15d12,Unicorns of Love Sexy Edition,oe:player:f0523a8a7089a6b90c4c1606ebd9605,DizL,bot,Zeri,oe:player:3a3cf889f1996110ab52915425d60b5,Xayah,bot:Zeri,lineup-9fa2c882d9da2bcd,0,1576.00000000,26.26666667,2,6,2,0.66666667,10073.00000000,18344.00000000,241,698.37563452,0.24737230,0.36303186,26,0.98984772,0.80000000,-754.00000000,-1550.00000000,-7.00000000,0,warmup,,,,,
pg-bca4c08918d2af9c,LOLTMNT05_89916,2024-10-22T18:36:09,2024-10-22,2024,Unknown,0,14.18,Blue,oe:team:48199c3e87ac9d14cdf50169f8eaabc,Eintracht Frankfurt,oe:team:6a060bd74c9041bf0aa89adf9d15d12,Unicorns of Love Sexy Edition,oe:player:b0a4ae62486ca215c199e72698738b7,Pabu,jng,Skarner,oe:player:6fc5fe723eed4ba4c230292be365c66,Vi,jng:Skarner,lineup-9fa2c882d9da2bcd,0,1576.00000000,26.26666667,2,5,2,0.80000000,7740.00000000,7938.00000000,148,302.20812183,0.19007859,0.15709480,27,1.02791878,0.80000000,-1438.00000000,-944.00000000,-8.00000000,0,warmup,,,,,
pg-7d65cb3c3d60af03,LOLTMNT05_89916,2024-10-22T18:36:09,2024-10-22,2024,Unknown,0,14.18,Blue,oe:team:48199c3e87ac9d14cdf50169f8eaabc,Eintracht Frankfurt,oe:team:6a060bd74c9041bf0aa89adf9d15d12,Unicorns of Love Sexy Edition,oe:player:eb26eb96a04224878fb492a5a8cefa8,ZaZee,mid,Azir,oe:player:157108ff2b64591e5703c64dbae3a2e,Orianna,mid:Azir,lineup-9fa2c882d9da2bcd,0,1576.00000000,26.26666667,1,6,1,0.33333333,8452.00000000,12650.00000000,194,481.59898477,0.20756385,0.25034633,16,0.60913706,0.40000000,-1703.00000000,-727.00000000,-24.00000000,0,warmup,,,,,
pg-daf69064a5d32d18,LOLTMNT05_89916,2024-10-22T18:36:09,2024-10-22,2024,Unknown,0,14.18,Blue,oe:team:48199c3e87ac9d14cdf50169f8eaabc,Eintracht Frankfurt,oe:team:6a060bd74c9041bf0aa89adf9d15d12,Unicorns of Love Sexy Edition,oe:player:64ecd619b953ca23acb0546a472c483,Tore,sup,Soraka,oe:player:973547129a691fb61e886add170ac7a,Bard,sup:Soraka,lineup-9fa2c882d9da2bcd,0,1576.00000000,26.26666667,0,8,4,0.50000000,5619.00000000,3642.00000000,30,138.65482234,0.13799116,0.07207599,52,1.97969543,0.80000000,-851.00000000,-739.00000000,12.00000000,0,warmup,,,,,
pg-297aec67ebf880ee,LOLTMNT05_89916,2024-10-22T18:36:09,2024-10-22,2024,Unknown,0,14.18,Blue,oe:team:48199c3e87ac9d14cdf50169f8eaabc,Eintracht Frankfurt,oe:team:6a060bd74c9041bf0aa89adf9d15d12,Unicorns of Love Sexy Edition,oe:player:5be118a1aa52664e1dff15ff96c1e67,Agresivoo,top,Sion,oe:player:11b40dd5fcd01f1fca9496859ccd862,Olaf,top:Sion,lineup-9fa2c882d9da2bcd,0,1576.00000000,26.26666667,0,1,3,3.00000000,8836.00000000,7956.00000000,224,302.89340102,0.21699411,0.15745102,19,0.72335025,0.60000000,-1262.00000000,445.00000000,2.00000000,0,warmup,,,,,
pg-15accc5e375da3d3,LOLTMNT05_89916,2024-10-22T18:36:09,2024-10-22,2024,Unknown,0,14.18,Red,oe:team:6a060bd74c9041bf0aa89adf9d15d12,Unicorns of Love Sexy Edition,oe:team:48199c3e87ac9d14cdf50169f8eaabc,Eintracht Frankfurt,oe:player:3a3cf889f1996110ab52915425d60b5,xMatty,bot,Xayah,oe:player:f0523a8a7089a6b90c4c1606ebd9605,Zeri,bot:Xayah,lineup-003c4b7dcdab2ee4,1,1576.00000000,26.26666667,4,0,10,14.00000000,13039.00000000,24034.00000000,258,915.00000000,0.22715632,0.26070921,19,0.72335025,0.53846154,754.00000000,1550.00000000,7.00000000,0,warmup,,,,,
pg-bc8624eab2dd7dea,LOLTMNT05_89916,2024-10-22T18:36:09,2024-10-22,2024,Unknown,0,14.18,Red,oe:team:6a060bd74c9041bf0aa89adf9d15d12,Unicorns of Love Sexy Edition,oe:team:48199c3e87ac9d14cdf50169f8eaabc,Eintracht Frankfurt,oe:player:6fc5fe723eed4ba4c230292be365c66,Lurox,jng,Vi,oe:player:b0a4ae62486ca215c199e72698738b7,Skarner,jng:Vi,lineup-003c4b7dcdab2ee4,1,1576.00000000,26.26666667,7,2,10,8.50000000,11080.00000000,15627.00000000,174,594.93654822,0.19302800,0.16951414,30,1.14213198,0.65384615,1438.00000000,944.00000000,8.00000000,0,warmup,,,,,
pg-484634ea73e5950a,LOLTMNT05_89916,2024-10-22T18:36:09,2024-10-22,2024,Unknown,0,14.18,Red,oe:team:6a060bd74c9041bf0aa89adf9d15d12,Unicorns of Love Sexy Edition,oe:team:48199c3e87ac9d14cdf50169f8eaabc,Eintracht Frankfurt,oe:player:157108ff2b64591e5703c64dbae3a2e,TolanD,mid,Orianna,oe:player:eb26eb96a04224878fb492a5a8cefa8,Azir,mid:Orianna,lineup-003c4b7dcdab2ee4,1,1576.00000000,26.26666667,3,1,10,13.00000000,12419.00000000,21028.00000000,246,800.55837563,0.21635512,0.22810158,23,0.87563452,0.50000000,1703.00000000,727.00000000,24.00000000,0,warmup,,,,,
pg-9c653a7d1b91a87d,LOLTMNT05_89916,2024-10-22T18:36:09,2024-10-22,2024,Unknown,0,14.18,Red,oe:team:6a060bd74c9041bf0aa89adf9d15d12,Unicorns of Love Sexy Edition,oe:team:48199c3e87ac9d14cdf50169f8eaabc,Eintracht Frankfurt,oe:player:973547129a691fb61e886add170ac7a,Piero,sup,Bard,oe:player:64ecd619b953ca23acb0546a472c483,Soraka,sup:Bard,lineup-003c4b7dcdab2ee4,1,1576.00000000,26.26666667,2,0,18,20.00000000,7984.00000000,10159.00000000,20,386.76395939,0.13909165,0.11019992,115,4.37817259,0.76923077,851.00000000,739.00000000,-12.00000000,0,warmup,,,,,
pg-21ce7c06feba8c79,LOLTMNT05_89916,2024-10-22T18:36:09,2024-10-22,2024,Unknown,0,14.18,Red,oe:team:6a060bd74c9041bf0aa89adf9d15d12,Unicorns of Love Sexy Edition,oe:team:48199c3e87ac9d14cdf50169f8eaabc,Eintracht Frankfurt,oe:player:11b40dd5fcd01f1fca9496859ccd862,Shelfmade,top,Olaf,oe:player:5be118a1aa52664e1dff15ff96c1e67,Sion,top:Olaf,lineup-003c4b7dcdab2ee4,1,1576.00000000,26.26666667,10,2,6,8.00000000,12879.00000000,21339.00000000,220,812.39847716,0.22436891,0.23147515,16,0.60913706,0.61538462,1262.00000000,-445.00000000,-2.00000000,0,warmup,,,,,
pg-dc928e750b09fe20,LOLTMNT05_89975,2024-10-25T16:09:14,2024-10-25,2024,Unknown,0,14.18,Blue,oe:team:6a060bd74c9041bf0aa89adf9d15d12,Unicorns of Love Sexy Edition,oe:team:2ae1a4c6fe17bf70dd4b5520d60f55b,NNO Prime,oe:player:3a3cf889f1996110ab52915425d60b5,xMatty,bot,Kalista,oe:player:90704735ca9fc01f2244f23f6e5d635,Ezreal,bot:Kalista,lineup-003c4b7dcdab2ee4,1,1602.00000000,26.70000000,10,2,2,6.00000000,14198.00000000,21015.00000000,267,787.07865169,0.25662901,0.28088911,18,0.67415730,0.66666667,1068.00000000,-950.00000000,-2.00000000,0,warmup,,,,,
pg-020342e322d5cadf,LOLTMNT05_89975,2024-10-25T16:09:14,2024-10-25,2024,Unknown,0,14.18,Blue,oe:team:6a060bd74c9041bf0aa89adf9d15d12,Unicorns of Love Sexy Edition,oe:team:2ae1a4c6fe17bf70dd4b5520d60f55b,NNO Prime,oe:player:6fc5fe723eed4ba4c230292be365c66,Lurox,jng,Wukong,oe:player:e041923a70bcde3b24d608958f8edc8,Sejuani,jng:Wukong,lineup-003c4b7dcdab2ee4,1,1602.00000000,26.70000000,2,2,9,5.50000000,10116.00000000,10823.00000000,149,405.35580524,0.18284681,0.14466157,30,1.12359551,0.61111111,469.00000000,1077.00000000,11.00000000,0,warmup,,,,,
pg-1a15c38686065142,LOLTMNT05_89975,2024-10-25T16:09:14,2024-10-25,2024,Unknown,0,14.18,Blue,oe:team:6a060bd74c9041bf0aa89adf9d15d12,Unicorns of Love Sexy Edition,oe:team:2ae1a4c6fe17bf70dd4b5520d60f55b,NNO Prime,oe:player:157108ff2b64591e5703c64dbae3a2e,TolanD,mid,LeBlanc,oe:player:e3b8d5a9290fe0c7458dc01db4dc9dc,Galio,mid:LeBlanc,lineup-003c4b7dcdab2ee4,1,1602.00000000,26.70000000,4,1,8,12.00000000,13171.00000000,22629.00000000,252,847.52808989,0.23806597,0.30246204,19,0.71161049,0.66666667,703.00000000,510.00000000,17.00000000,0,warmup,,,,,
pg-13633a8ed746f4a8,LOLTMNT05_89975,2024-10-25T16:09:14,2024-10-25,2024,Unknown,0,14.18,Blue,oe:team:6a060bd74c9041bf0aa89adf9d15d12,Unicorns of Love Sexy Edition,oe:team:2ae1a4c6fe17bf70dd4b5520d60f55b,NNO Prime,oe:player:973547129a691fb61e886add170ac7a,Piero,sup,Rell,oe:player:35650a63e482edbdb82b6950955e052,Leona,sup:Rell,lineup-003c4b7dcdab2ee4,1,1602.00000000,26.70000000,0,2,14,7.00000000,7829.00000000,4775.00000000,31,178.83895131,0.14150926,0.06382325,82,3.07116105,0.77777778,863.00000000,1514.00000000,-1.00000000,0,warmup,,,,,
pg-7cc58fa362f3c3c4,LOLTMNT05_89975,2024-10-25T16:09:14,2024-10-25,2024,Unknown,0,14.18,Blue,oe:team:6a060bd74c9041bf0aa89adf9d15d12,Unicorns of Love Sexy Edition,oe:team:2ae1a4c6fe17bf70dd4b5520d60f55b,NNO Prime,oe:player:11b40dd5fcd01f1fca9496859ccd862,Shelfmade,top,Aurora,oe:player:1d17186c66b693755087b8af8d0c611,Jax,top:Aurora,lineup-003c4b7dcdab2ee4,1,1602.00000000,26.70000000,2,2,9,5.50000000,10011.00000000,15574.00000000,161,583.29588015,0.18094894,0.20816403,19,0.71161049,0.61111111,982.00000000,440.00000000,-2.00000000,0,warmup,,,,,
pg-38deb189b62c440c,LOLTMNT05_89975,2024-10-25T16:09:14,2024-10-25,2024,Unknown,0,14.18,Red,oe:team:2ae1a4c6fe17bf70dd4b5520d60f55b,NNO Prime,oe:team:6a060bd74c9041bf0aa89adf9d15d12,Unicorns of Love Sexy Edition,oe:player:90704735ca9fc01f2244f23f6e5d635,Shiganari,bot,Ezreal,oe:player:3a3cf889f1996110ab52915425d60b5,Kalista,bot:Ezreal,lineup-12e790c5321078fe,0,1602.00000000,26.70000000,2,3,4,2.00000000,11051.00000000,17391.00000000,247,651.34831461,0.25173121,0.31660295,10,0.37453184,0.66666667,-1068.00000000,950.00000000,2.00000000,0,warmup,,,,,
pg-ef63ff7bf5c17f5f,LOLTMNT05_89975,2024-10-25T16:09:14,2024-10-25,2024,Unknown,0,14.18,Red,oe:team:2ae1a4c6fe17bf70dd4b5520d60f55b,NNO Prime,oe:team:6a060bd74c9041bf0aa89adf9d15d12,Unicorns of Love Sexy Edition,oe:player:e041923a70bcde3b24d608958f8edc8,Shlatan,jng,Sejuani,oe:player:6fc5fe723eed4ba4c230292be365c66,Wukong,jng:Sejuani,lineup-12e790c5321078fe,0,1602.00000000,26.70000000,2,4,5,1.75000000,8014.00000000,8254.00000000,137,309.13857678,0.18255125,0.15026397,28,1.04868914,0.77777778,-469.00000000,-1077.00000000,-11.00000000,0,warmup,,,,,
pg-059963afe362ec0e,LOLTMNT05_89975,2024-10-25T16:09:14,2024-10-25,2024,Unknown,0,14.18,Red,oe:team:2ae1a4c6fe17bf70dd4b5520d60f55b,NNO Prime,oe:team:6a060bd74c9041bf0aa89adf9d15d12,Unicorns of Love Sexy Edition,oe:player:e3b8d5a9290fe0c7458dc01db4dc9dc,Serin,mid,Galio,oe:player:157108ff2b64591e5703c64dbae3a2e,LeBlanc,mid:Galio,lineup-12e790c5321078fe,0,1602.00000000,26.70000000,1,3,7,2.66666667,9029.00000000,12527.00000000,212,469.17602996,0.20567198,0.22805389,18,0.67415730,0.88888889,-703.00000000,-510.00000000,-17.00000000,0,warmup,,,,,
pg-3149b7f2a1a2364e,LOLTMNT05_89975,2024-10-25T16:09:14,2024-10-25,2024,Unknown,0,14.18,Red,oe:team:2ae1a4c6fe17bf70dd4b5520d60f55b,NNO Prime,oe:team:6a060bd74c9041bf0aa89adf9d15d12,Unicorns of Love Sexy Edition,oe:player:35650a63e482edbdb82b6950955e052,Lucky,sup,Leona,oe:player:973547129a691fb61e886add170ac7a,Rell,sup:Leona,lineup-12e790c5321078fe,0,1602.00000000,26.70000000,2,3,5,2.33333333,7228.00000000,6425.00000000,42,240.63670412,0.16464692,0.11696705,84,3.14606742,0.77777778,-863.00000000,-1514.00000000,1.00000000,0,warmup,,,,,
pg-3bfb652d95347482,LOLTMNT05_89975,2024-10-25T16:09:14,2024-10-25,2024,Unknown,0,14.18,Red,oe:team:2ae1a4c6fe17bf70dd4b5520d60f55b,NNO Prime,oe:team:6a060bd74c9041bf0aa89adf9d15d12,Unicorns of Love Sexy Edition,oe:player:1d17186c66b693755087b8af8d0c611,Scarface,top,Jax,oe:player:11b40dd5fcd01f1fca9496859ccd862,Aurora,top:Jax,lineup-12e790c5321078fe,0,1602.00000000,26.70000000,2,6,3,0.83333333,8578.00000000,10333.00000000,173,387.00374532,0.19539863,0.18811214,12,0.44943820,0.55555556,-982.00000000,-440.00000000,2.00000000,0,warmup,,,,,
pg-648d627324dae51b,LOLTMNT05_89986,2024-10-25T17:04:07,2024-10-25,2024,Unknown,0,14.18,Blue,oe:team:2ae1a4c6fe17bf70dd4b5520d60f55b,NNO Prime,oe:team:6a060bd74c9041bf0aa89adf9d15d12,Unicorns of Love Sexy Edition,oe:player:90704735ca9fc01f2244f23f6e5d635,Shiganari,bot,Jhin,oe:player:3a3cf889f1996110ab52915425d60b5,Ashe,bot:Jhin,lineup-12e790c5321078fe,1,2404.00000000,40.06666667,11,6,13,4.00000000,21095.00000000,46172.00000000,313,1152.37936772,0.27113350,0.30068705,28,0.69883527,0.82758621,961.00000000,614.00000000,-3.00000000,0,warmup,,,,,
pg-d7a2c35df8589d8d,LOLTMNT05_89986,2024-10-25T17:04:07,2024-10-25,2024,Unknown,0,14.18,Blue,oe:team:2ae1a4c6fe17bf70dd4b5520d60f55b,NNO Prime,oe:team:6a060bd74c9041bf0aa89adf9d15d12,Unicorns of Love Sexy Edition,oe:player:e041923a70bcde3b24d608958f8edc8,Shlatan,jng,Nocturne,oe:player:6fc5fe723eed4ba4c230292be365c66,Vi,jng:Nocturne,lineup-12e790c5321078fe,1,2404.00000000,40.06666667,8,7,11,2.71428571,16164.00000000,25632.00000000,228,639.73377704,0.20775549,0.16692390,49,1.22296173,0.65517241,1152.00000000,336.00000000,15.00000000,0,warmup,,,,,
pg-47b12424f51dcbcd,LOLTMNT05_89986,2024-10-25T17:04:07,2024-10-25,2024,Unknown,0,14.18,Blue,oe:team:2ae1a4c6fe17bf70dd4b5520d60f55b,NNO Prime,oe:team:6a060bd74c9041bf0aa89adf9d15d12,Unicorns of Love Sexy Edition,oe:player:e3b8d5a9290fe0c7458dc01db4dc9dc,Serin,mid,Orianna,oe:player:157108ff2b64591e5703c64dbae3a2e,Akali,mid:Orianna,lineup-12e790c5321078fe,1,2404.00000000,40.06666667,6,7,15,3.00000000,16858.00000000,43549.00000000,285,1086.91347754,0.21667545,0.28360522,60,1.49750416,0.72413793,-92.00000000,-56.00000000,3.00000000,0,warmup,,,,,
pg-5e3a70e3945c1e6a,LOLTMNT05_89986,2024-10-25T17:04:07,2024-10-25,2024,Unknown,0,14.18,Blue,oe:team:2ae1a4c6fe17bf70dd4b5520d60f55b,NNO Prime,oe:team:6a060bd74c9041bf0aa89adf9d15d12,Unicorns of Love Sexy Edition,oe:player:35650a63e482edbdb82b6950955e052,Lucky,sup,Maokai,oe:player:973547129a691fb61e886add170ac7a,Nautilus,sup:Maokai,lineup-12e790c5321078fe,1,2404.00000000,40.06666667,1,6,13,2.33333333,10749.00000000,16148.00000000,42,403.02828619,0.13815663,0.10516102,166,4.14309484,0.48275862,270.00000000,16.00000000,-2.00000000,0,warmup,,,,,
pg-037261661bc06941,LOLTMNT05_89986,2024-10-25T17:04:07,2024-10-25,2024,Unknown,0,14.18,Blue,oe:team:2ae1a4c6fe17bf70dd4b5520d60f55b,NNO Prime,oe:team:6a060bd74c9041bf0aa89adf9d15d12,Unicorns of Love Sexy Edition,oe:player:1d17186c66b693755087b8af8d0c611,Scarface,top,Ornn,oe:player:11b40dd5fcd01f1fca9496859ccd862,Olaf,top:Ornn,lineup-12e790c5321078fe,1,2404.00000000,40.06666667,3,7,13,2.28571429,12937.00000000,22054.00000000,186,550.43261231,0.16627894,0.14362281,40,0.99833611,0.55172414,-2543.00000000,-2022.00000000,-41.00000000,0,warmup,,,,,
pg-f0e0547236acb0d6,LOLTMNT05_89986,2024-10-25T17:04:07,2024-10-25,2024,Unknown,0,14.18,Red,oe:team:6a060bd74c9041bf0aa89adf9d15d12,Unicorns of Love Sexy Edition,oe:team:2ae1a4c6fe17bf70dd4b5520d60f55b,NNO Prime,oe:player:3a3cf889f1996110ab52915425d60b5,xMatty,bot,Ashe,oe:player:90704735ca9fc01f2244f23f6e5d635,Jhin,bot:Ashe,lineup-003c4b7dcdab2ee4,0,2404.00000000,40.06666667,8,5,13,4.20000000,16924.00000000,42274.00000000,301,1055.09151414,0.22758936,0.31874114,44,1.09816972,0.63636364,-961.00000000,-614.00000000,3.00000000,0,warmup,,,,,
pg-7b4853219f09bb91,LOLTMNT05_89986,2024-10-25T17:04:07,2024-10-25,2024,Unknown,0,14.18,Red,oe:team:6a060bd74c9041bf0aa89adf9d15d12,Unicorns of Love Sexy Edition,oe:team:2ae1a4c6fe17bf70dd4b5520d60f55b,NNO Prime,oe:player:6fc5fe723eed4ba4c230292be365c66,Lurox,jng,Vi,oe:player:e041923a70bcde3b24d608958f8edc8,Nocturne,jng:Vi,lineup-003c4b7dcdab2ee4,0,2404.00000000,40.06666667,8,9,17,2.77777778,15805.00000000,21526.00000000,248,537.25457571,0.21254135,0.16230359,50,1.24792013,0.75757576,-1152.00000000,-336.00000000,-15.00000000,0,warmup,,,,,
pg-3ab48ff18833e654,LOLTMNT05_89986,2024-10-25T17:04:07,2024-10-25,2024,Unknown,0,14.18,Red,oe:team:6a060bd74c9041bf0aa89adf9d15d12,Unicorns of Love Sexy Edition,oe:team:2ae1a4c6fe17bf70dd4b5520d60f55b,NNO Prime,oe:player:157108ff2b64591e5703c64dbae3a2e,TolanD,mid,Akali,oe:player:e3b8d5a9290fe0c7458dc01db4dc9dc,Orianna,mid:Akali,lineup-003c4b7dcdab2ee4,0,2404.00000000,40.06666667,6,6,9,2.50000000,13705.00000000,28077.00000000,235,700.75707155,0.18430112,0.21169738,20,0.49916805,0.45454545,92.00000000,56.00000000,-3.00000000,0,warmup,,,,,
pg-bbfbc9d916659956,LOLTMNT05_89986,2024-10-25T17:04:07,2024-10-25,2024,Unknown,0,14.18,Red,oe:team:6a060bd74c9041bf0aa89adf9d15d12,Unicorns of Love Sexy Edition,oe:team:2ae1a4c6fe17bf70dd4b5520d60f55b,NNO Prime,oe:player:973547129a691fb61e886add170ac7a,Piero,sup,Nautilus,oe:player:35650a63e482edbdb82b6950955e052,Maokai,sup:Nautilus,lineup-003c4b7dcdab2ee4,0,2404.00000000,40.06666667,2,6,20,3.66666667,10087.00000000,10624.00000000,41,265.15806988,0.13564724,0.08010375,149,3.71880200,0.66666667,-270.00000000,-16.00000000,2.00000000,0,warmup,,,,,
pg-d87d1760ff03064d,LOLTMNT05_89986,2024-10-25T17:04:07,2024-10-25,2024,Unknown,0,14.18,Red,oe:team:6a060bd74c9041bf0aa89adf9d15d12,Unicorns of Love Sexy Edition,oe:team:2ae1a4c6fe17bf70dd4b5520d60f55b,NNO Prime,oe:player:11b40dd5fcd01f1fca9496859ccd862,Shelfmade,top,Olaf,oe:player:1d17186c66b693755087b8af8d0c611,Ornn,top:Olaf,lineup-003c4b7dcdab2ee4,0,2404.00000000,40.06666667,9,3,10,6.33333333,17841.00000000,30127.00000000,276,751.92179700,0.23992093,0.22715415,28,0.69883527,0.57575758,2543.00000000,2022.00000000,41.00000000,0,warmup,,,,,
pg-cec853fe22f07cfe,LOLTMNT05_89995,2024-10-25T19:57:08,2024-10-25,2024,Unknown,0,14.18,Blue,oe:team:6a060bd74c9041bf0aa89adf9d15d12,Unicorns of Love Sexy Edition,oe:team:2ae1a4c6fe17bf70dd4b5520d60f55b,NNO Prime,oe:player:3a3cf889f1996110ab52915425d60b5,xMatty,bot,Xayah,oe:player:90704735ca9fc01f2244f23f6e5d635,Miss Fortune,bot:Xayah,lineup-003c4b7dcdab2ee4,1,2051.00000000,34.18333333,4,1,8,12.00000000,14983.00000000,18484.00000000,316,540.73135056,0.21908174,0.21481783,30,0.87762067,0.48000000,270.00000000,-56.00000000,-8.00000000,0,warmup,,,,,
pg-997a1bd0b122bb0b,LOLTMNT05_89995,2024-10-25T19:57:08,2024-10-25,2024,Unknown,0,14.18,Blue,oe:team:6a060bd74c9041bf0aa89adf9d15d12,Unicorns of Love Sexy Edition,oe:team:2ae1a4c6fe17bf70dd4b5520d60f55b,NNO Prime,oe:player:6fc5fe723eed4ba4c230292be365c66,Lurox,jng,Jarvan IV,oe:player:e041923a70bcde3b24d608958f8edc8,Kindred,jng:Jarvan IV,lineup-003c4b7dcdab2ee4,1,2051.00000000,34.18333333,5,1,15,20.00000000,13172.00000000,14967.00000000,216,437.84495368,0.19260126,0.17394387,63,1.84300341,0.80000000,1362.00000000,1665.00000000,9.00000000,0,warmup,,,,,
pg-5986c76fd4005ad9,LOLTMNT05_89995,2024-10-25T19:57:08,2024-10-25,2024,Unknown,0,14.18,Blue,oe:team:6a060bd74c9041bf0aa89adf9d15d12,Unicorns of Love Sexy Edition,oe:team:2ae1a4c6fe17bf70dd4b5520d60f55b,NNO Prime,oe:player:157108ff2b64591e5703c64dbae3a2e,TolanD,mid,Yasuo,oe:player:e3b8d5a9290fe0c7458dc01db4dc9dc,Syndra,mid:Yasuo,lineup-003c4b7dcdab2ee4,1,2051.00000000,34.18333333,1,2,9,5.00000000,13712.00000000,14378.00000000,298,420.61433447,0.20049715,0.16709861,51,1.49195514,0.40000000,1250.00000000,959.00000000,16.00000000,0,warmup,,,,,
pg-cdced0540211ffb9,LOLTMNT05_89995,2024-10-25T19:57:08,2024-10-25,2024,Unknown,0,14.18,Blue,oe:team:6a060bd74c9041bf0aa89adf9d15d12,Unicorns of Love Sexy Edition,oe:team:2ae1a4c6fe17bf70dd4b5520d60f55b,NNO Prime,oe:player:973547129a691fb61e886add170ac7a,Piero,sup,Alistar,oe:player:35650a63e482edbdb82b6950955e052,Amumu,sup:Alistar,lineup-003c4b7dcdab2ee4,1,2051.00000000,34.18333333,0,4,15,3.75000000,8674.00000000,5608.00000000,24,164.05655778,0.12683141,0.06517520,130,3.80302292,0.60000000,294.00000000,317.00000000,-6.00000000,0,warmup,,,,,
pg-abd0c6ef10953c83,LOLTMNT05_89995,2024-10-25T19:57:08,2024-10-25,2024,Unknown,0,14.18,Blue,oe:team:6a060bd74c9041bf0aa89adf9d15d12,Unicorns of Love Sexy Edition,oe:team:2ae1a4c6fe17bf70dd4b5520d60f55b,NNO Prime,oe:player:11b40dd5fcd01f1fca9496859ccd862,Shelfmade,top,Gwen,oe:player:1d17186c66b693755087b8af8d0c611,K'Sante,top:Gwen,lineup-003c4b7dcdab2ee4,1,2051.00000000,34.18333333,15,3,1,5.33333333,17849.00000000,32608.00000000,308,953.91516333,0.26098845,0.37896450,51,1.49195514,0.64000000,1655.00000000,1063.00000000,45.00000000,0,warmup,,,,,
pg-ab5ad40cfc52484b,LOLTMNT05_89995,2024-10-25T19:57:08,2024-10-25,2024,Unknown,0,14.18,Red,oe:team:2ae1a4c6fe17bf70dd4b5520d60f55b,NNO Prime,oe:team:6a060bd74c9041bf0aa89adf9d15d12,Unicorns of Love Sexy Edition,oe:player:90704735ca9fc01f2244f23f6e5d635,Shiganari,bot,Miss Fortune,oe:player:3a3cf889f1996110ab52915425d60b5,Xayah,bot:Miss Fortune,lineup-12e790c5321078fe,0,2051.00000000,34.18333333,3,3,2,1.66666667,15625.00000000,17233.00000000,315,504.13456850,0.26380213,0.21870955,36,1.05314481,0.45454545,-270.00000000,56.00000000,8.00000000,0,warmup,,,,,
pg-596e5be147f84d8c,LOLTMNT05_89995,2024-10-25T19:57:08,2024-10-25,2024,Unknown,0,14.18,Red,oe:team:2ae1a4c6fe17bf70dd4b5520d60f55b,NNO Prime,oe:team:6a060bd74c9041bf0aa89adf9d15d12,Unicorns of Love Sexy Edition,oe:player:e041923a70bcde3b24d608958f8edc8,Shlatan,jng,Kindred,oe:player:6fc5fe723eed4ba4c230292be365c66,Jarvan IV,jng:Kindred,lineup-12e790c5321078fe,0,2051.00000000,34.18333333,3,8,7,1.25000000,11088.00000000,20371.00000000,185,595.93369088,0.18720243,0.25853491,55,1.60897123,0.90909091,-1362.00000000,-1665.00000000,-9.00000000,0,warmup,,,,,
pg-18cbd49d56b71e84,LOLTMNT05_89995,2024-10-25T19:57:08,2024-10-25,2024,Unknown,0,14.18,Red,oe:team:2ae1a4c6fe17bf70dd4b5520d60f55b,NNO Prime,oe:team:6a060bd74c9041bf0aa89adf9d15d12,Unicorns of Love Sexy Edition,oe:player:e3b8d5a9290fe0c7458dc01db4dc9dc,Serin,mid,Syndra,oe:player:157108ff2b64591e5703c64dbae3a2e,Yasuo,mid:Syndra,lineup-12e790c5321078fe,0,2051.00000000,34.18333333,4,3,3,2.33333333,13801.00000000,19721.00000000,279,576.91857630,0.23300692,0.25028555,45,1.31643101,0.63636364,-1250.00000000,-959.00000000,-16.00000000,0,warmup,,,,,
pg-402c02c95fcb75b1,LOLTMNT05_89995,2024-10-25T19:57:08,2024-10-25,2024,Unknown,0,14.18,Red,oe:team:2ae1a4c6fe17bf70dd4b5520d60f55b,NNO Prime,oe:team:6a060bd74c9041bf0aa89adf9d15d12,Unicorns of Love Sexy Edition,oe:player:35650a63e482edbdb82b6950955e052,Lucky,sup,Amumu,oe:player:973547129a691fb61e886add170ac7a,Alistar,sup:Amumu,lineup-12e790c5321078fe,0,2051.00000000,34.18333333,0,6,8,1.33333333,7761.00000000,8480.00000000,34,248.07411019,0.13103157,0.10762241,118,3.45197465,0.72727273,-294.00000000,-317.00000000,6.00000000,0,warmup,,,,,
pg-4ddf67b9bfabb0e6,LOLTMNT05_89995,2024-10-25T19:57:08,2024-10-25,2024,Unknown,0,14.18,Red,oe:team:2ae1a4c6fe17bf70dd4b5520d60f55b,NNO Prime,oe:team:6a060bd74c9041bf0aa89adf9d15d12,Unicorns of Love Sexy Edition,oe:player:1d17186c66b693755087b8af8d0c611,Scarface,top,K'Sante,oe:player:11b40dd5fcd01f1fca9496859ccd862,Gwen,top:K'Sante,lineup-12e790c5321078fe,0,2051.00000000,34.18333333,1,5,4,1.00000000,10955.00000000,12989.00000000,207,379.98049732,0.18495695,0.16484758,26,0.76060458,0.45454545,-1655.00000000,-1063.00000000,-45.00000000,0,warmup,,,,,
pg-b76360894a0cfb2a,LOLTMNT05_90052,2024-10-25T20:54:44,2024-10-25,2024,Unknown,0,14.18,Blue,oe:team:2ae1a4c6fe17bf70dd4b5520d60f55b,NNO Prime,oe:team:6a060bd74c9041bf0aa89adf9d15d12,Unicorns of Love Sexy Edition,oe:player:90704735ca9fc01f2244f23f6e5d635,Shiganari,bot,Varus,oe:player:3a3cf889f1996110ab52915425d60b5,Jinx,bot:Varus,lineup-12e790c5321078fe,1,1886.00000000,31.43333333,5,6,7,2.00000000,13766.00000000,23796.00000000,272,757.03075292,0.21647717,0.25676551,32,1.01802757,0.60000000,-744.00000000,-363.00000000,-19.00000000,0,warmup,,,,,
pg-7c2ac1c6b414b835,LOLTMNT05_90052,2024-10-25T20:54:44,2024-10-25,2024,Unknown,0,14.18,Blue,oe:team:2ae1a4c6fe17bf70dd4b5520d60f55b,NNO Prime,oe:team:6a060bd74c9041bf0aa89adf9d15d12,Unicorns of Love Sexy Edition,oe:player:e041923a70bcde3b24d608958f8edc8,Shlatan,jng,Lee Sin,oe:player:6fc5fe723eed4ba4c230292be365c66,Xin Zhao,jng:Lee Sin,lineup-12e790c5321078fe,1,1886.00000000,31.43333333,1,3,11,4.00000000,11191.00000000,17268.00000000,180,549.35312831,0.17598402,0.18632656,42,1.33616119,0.60000000,-642.00000000,-197.00000000,1.00000000,0,warmup,,,,,
pg-12a8ff0795e3617b,LOLTMNT05_90052,2024-10-25T20:54:44,2024-10-25,2024,Unknown,0,14.18,Blue,oe:team:2ae1a4c6fe17bf70dd4b5520d60f55b,NNO Prime,oe:team:6a060bd74c9041bf0aa89adf9d15d12,Unicorns of Love Sexy Edition,oe:player:e3b8d5a9290fe0c7458dc01db4dc9dc,Serin,mid,Cassiopeia,oe:player:157108ff2b64591e5703c64dbae3a2e,Sylas,mid:Cassiopeia,lineup-12e790c5321078fe,1,1886.00000000,31.43333333,10,1,7,17.00000000,17046.00000000,24147.00000000,268,768.19724284,0.26805680,0.26055289,34,1.08165429,0.85000000,-64.00000000,-99.00000000,4.00000000,0,warmup,,,,,
pg-bfca45678f7574e6,LOLTMNT05_90052,2024-10-25T20:54:44,2024-10-25,2024,Unknown,0,14.18,Blue,oe:team:2ae1a4c6fe17bf70dd4b5520d60f55b,NNO Prime,oe:team:6a060bd74c9041bf0aa89adf9d15d12,Unicorns of Love Sexy Edition,oe:player:35650a63e482edbdb82b6950955e052,Lucky,sup,Blitzcrank,oe:player:973547129a691fb61e886add170ac7a,Lulu,sup:Blitzcrank,lineup-12e790c5321078fe,1,1886.00000000,31.43333333,0,5,11,2.20000000,8604.00000000,6180.00000000,34,196.60657476,0.13530217,0.06668393,109,3.46765642,0.55000000,-896.00000000,-993.00000000,2.00000000,0,warmup,,,,,
pg-3ccb73e507e57d68,LOLTMNT05_90052,2024-10-25T20:54:44,2024-10-25,2024,Unknown,0,14.18,Blue,oe:team:2ae1a4c6fe17bf70dd4b5520d60f55b,NNO Prime,oe:team:6a060bd74c9041bf0aa89adf9d15d12,Unicorns of Love Sexy Edition,oe:player:1d17186c66b693755087b8af8d0c611,Scarface,top,Aatrox,oe:player:11b40dd5fcd01f1fca9496859ccd862,Gnar,top:Aatrox,lineup-12e790c5321078fe,1,1886.00000000,31.43333333,4,5,8,2.40000000,12984.00000000,21285.00000000,239,677.14740191,0.20417984,0.22967111,33,1.04984093,0.60000000,-1575.00000000,-1015.00000000,-28.00000000,0,warmup,,,,,
pg-5cf134909c270be1,LOLTMNT05_90052,2024-10-25T20:54:44,2024-10-25,2024,Unknown,0,14.18,Red,oe:team:6a060bd74c9041bf0aa89adf9d15d12,Unicorns of Love Sexy Edition,oe:team:2ae1a4c6fe17bf70dd4b5520d60f55b,NNO Prime,oe:player:3a3cf889f1996110ab52915425d60b5,xMatty,bot,Jinx,oe:player:90704735ca9fc01f2244f23f6e5d635,Varus,bot:Jinx,lineup-003c4b7dcdab2ee4,0,1886.00000000,31.43333333,6,5,7,2.60000000,13288.00000000,17344.00000000,296,551.77094380,0.23803382,0.21910886,28,0.89077413,0.65000000,744.00000000,363.00000000,19.00000000,0,warmup,,,,,
pg-e9fc3ab3491564df,LOLTMNT05_90052,2024-10-25T20:54:44,2024-10-25,2024,Unknown,0,14.18,Red,oe:team:6a060bd74c9041bf0aa89adf9d15d12,Unicorns of Love Sexy Edition,oe:team:2ae1a4c6fe17bf70dd4b5520d60f55b,NNO Prime,oe:player:6fc5fe723eed4ba4c230292be365c66,Lurox,jng,Xin Zhao,oe:player:e041923a70bcde3b24d608958f8edc8,Lee Sin,jng:Xin Zhao,lineup-003c4b7dcdab2ee4,0,1886.00000000,31.43333333,4,5,11,3.00000000,10142.00000000,15285.00000000,145,486.26723224,0.18167813,0.19309726,35,1.11346766,0.75000000,642.00000000,197.00000000,-1.00000000,0,warmup,,,,,
pg-d0bc4cfe4484460e,LOLTMNT05_90052,2024-10-25T20:54:44,2024-10-25,2024,Unknown,0,14.18,Red,oe:team:6a060bd74c9041bf0aa89adf9d15d12,Unicorns of Love Sexy Edition,oe:team:2ae1a4c6fe17bf70dd4b5520d60f55b,NNO Prime,oe:player:157108ff2b64591e5703c64dbae3a2e,TolanD,mid,Sylas,oe:player:e3b8d5a9290fe0c7458dc01db4dc9dc,Cassiopeia,mid:Sylas,lineup-003c4b7dcdab2ee4,0,1886.00000000,31.43333333,3,5,10,2.60000000,10907.00000000,20224.00000000,217,643.39342524,0.19538191,0.25549225,26,0.82714740,0.65000000,64.00000000,99.00000000,-4.00000000,0,warmup,,,,,
pg-b135c137a8d3e517,LOLTMNT05_90052,2024-10-25T20:54:44,2024-10-25,2024,Unknown,0,14.18,Red,oe:team:6a060bd74c9041bf0aa89adf9d15d12,Unicorns of Love Sexy Edition,oe:team:2ae1a4c6fe17bf70dd4b5520d60f55b,NNO Prime,oe:player:973547129a691fb61e886add170ac7a,Piero,sup,Lulu,oe:player:35650a63e482edbdb82b6950955e052,Blitzcrank,sup:Lulu,lineup-003c4b7dcdab2ee4,0,1886.00000000,31.43333333,2,2,16,9.00000000,8311.00000000,9316.00000000,27,296.37327678,0.14887862,0.11769016,124,3.94485684,0.90000000,896.00000000,993.00000000,-2.00000000,0,warmup,,,,,
pg-bd8b1f46a76b29e3,LOLTMNT05_90052,2024-10-25T20:54:44,2024-10-25,2024,Unknown,0,14.18,Red,oe:team:6a060bd74c9041bf0aa89adf9d15d12,Unicorns of Love Sexy Edition,oe:team:2ae1a4c6fe17bf70dd4b5520d60f55b,NNO Prime,oe:player:11b40dd5fcd01f1fca9496859ccd862,Shelfmade,top,Gnar,oe:player:1d17186c66b693755087b8af8d0c611,Aatrox,top:Gnar,lineup-003c4b7dcdab2ee4,0,1886.00000000,31.43333333,5,3,2,2.33333333,13176.00000000,16988.00000000,251,540.44538706,0.23602752,0.21461147,27,0.85896076,0.35000000,1575.00000000,1015.00000000,28.00000000,0,warmup,,,,,
pg-537093f04f48ce98,LOLTMNT05_90053,2024-10-25T21:48:42,2024-10-25,2024,Unknown,0,14.18,Blue,oe:team:6a060bd74c9041bf0aa89adf9d15d12,Unicorns of Love Sexy Edition,oe:team:2ae1a4c6fe17bf70dd4b5520d60f55b,NNO Prime,oe:player:3a3cf889f1996110ab52915425d60b5,xMatty,bot,Ezreal,oe:player:90704735ca9fc01f2244f23f6e5d635,Jhin,bot:Ezreal,lineup-003c4b7dcdab2ee4,1,1668.00000000,27.80000000,3,2,4,3.50000000,12637.00000000,14124.00000000,251,508.05755396,0.22144146,0.20716360,12,0.43165468,0.35000000,820.00000000,211.00000000,18.00000000,0,warmup,,,,,
pg-695baa3855c6c593,LOLTMNT05_90053,2024-10-25T21:48:42,2024-10-25,2024,Unknown,0,14.18,Blue,oe:team:6a060bd74c9041bf0aa89adf9d15d12,Unicorns of Love Sexy Edition,oe:team:2ae1a4c6fe17bf70dd4b5520d60f55b,NNO Prime,oe:player:6fc5fe723eed4ba4c230292be365c66,Lurox,jng,Jarvan IV,oe:player:e041923a70bcde3b24d608958f8edc8,Vi,jng:Jarvan IV,lineup-003c4b7dcdab2ee4,1,1668.00000000,27.80000000,5,0,8,13.00000000,11148.00000000,10638.00000000,181,382.66187050,0.19534933,0.15603274,33,1.18705036,0.65000000,705.00000000,789.00000000,18.00000000,0,warmup,,,,,
pg-a60d4c04b472dd33,LOLTMNT05_90053,2024-10-25T21:48:42,2024-10-25,2024,Unknown,0,14.18,Blue,oe:team:6a060bd74c9041bf0aa89adf9d15d12,Unicorns of Love Sexy Edition,oe:team:2ae1a4c6fe17bf70dd4b5520d60f55b,NNO Prime,oe:player:157108ff2b64591e5703c64dbae3a2e,TolanD,mid,LeBlanc,oe:player:e3b8d5a9290fe0c7458dc01db4dc9dc,Orianna,mid:LeBlanc,lineup-003c4b7dcdab2ee4,1,1668.00000000,27.80000000,4,4,9,3.25000000,11680.00000000,20938.00000000,216,753.16546763,0.20467170,0.30710786,44,1.58273381,0.65000000,1071.00000000,991.00000000,17.00000000,0,warmup,,,,,
pg-043751622a915294,LOLTMNT05_90053,2024-10-25T21:48:42,2024-10-25,2024,Unknown,0,14.18,Blue,oe:team:6a060bd74c9041bf0aa89adf9d15d12,Unicorns of Love Sexy Edition,oe:team:2ae1a4c6fe17bf70dd4b5520d60f55b,NNO Prime,oe:player:973547129a691fb61e886add170ac7a,Piero,sup,Poppy,oe:player:35650a63e482edbdb82b6950955e052,Rell,sup:Poppy,lineup-003c4b7dcdab2ee4,1,1668.00000000,27.80000000,4,2,11,7.50000000,9303.00000000,11588.00000000,24,416.83453237,0.16301891,0.16996685,98,3.52517986,0.75000000,1780.00000000,191.00000000,-7.00000000,0,warmup,,,,,
pg-c96b610f2a4939b2,LOLTMNT05_90053,2024-10-25T21:48:42,2024-10-25,2024,Unknown,0,14.18,Blue,oe:team:6a060bd74c9041bf0aa89adf9d15d12,Unicorns of Love Sexy Edition,oe:team:2ae1a4c6fe17bf70dd4b5520d60f55b,NNO Prime,oe:player:11b40dd5fcd01f1fca9496859ccd862,Shelfmade,top,K'Sante,oe:player:1d17186c66b693755087b8af8d0c611,Gnar,top:K'Sante,lineup-003c4b7dcdab2ee4,1,1668.00000000,27.80000000,4,1,2,6.00000000,12299.00000000,10890.00000000,223,391.72661871,0.21551860,0.15972894,26,0.93525180,0.30000000,1404.00000000,1600.00000000,24.00000000,0,warmup,,,,,
pg-9bf436b5465185f2,LOLTMNT05_90053,2024-10-25T21:48:42,2024-10-25,2024,Unknown,0,14.18,Red,oe:team:2ae1a4c6fe17bf70dd4b5520d60f55b,NNO Prime,oe:team:6a060bd74c9041bf0aa89adf9d15d12,Unicorns of Love Sexy Edition,oe:player:90704735ca9fc01f2244f23f6e5d635,Shiganari,bot,Jhin,oe:player:3a3cf889f1996110ab52915425d60b5,Ezreal,bot:Jhin,lineup-12e790c5321078fe,0,1668.00000000,27.80000000,2,1,3,5.00000000,10419.00000000,11625.00000000,237,418.16546763,0.22976668,0.24617763,15,0.53956835,0.55555556,-820.00000000,-211.00000000,-18.00000000,0,warmup,,,,,
pg-f0333f01ecf148fd,LOLTMNT05_90053,2024-10-25T21:48:42,2024-10-25,2024,Unknown,0,14.18,Red,oe:team:2ae1a4c6fe17bf70dd4b5520d60f55b,NNO Prime,oe:team:6a060bd74c9041bf0aa89adf9d15d12,Unicorns of Love Sexy Edition,oe:player:e041923a70bcde3b24d608958f8edc8,Shlatan,jng,Vi,oe:player:6fc5fe723eed4ba4c230292be365c66,Jarvan IV,jng:Vi,lineup-12e790c5321078fe,0,1668.00000000,27.80000000,1,5,5,1.20000000,8252.00000000,5737.00000000,128,206.36690647,0.18197856,0.12148998,26,0.93525180,0.66666667,-705.00000000,-789.00000000,-18.00000000,0,warmup,,,,,
pg-7317e65a3bf2179b,LOLTMNT05_90053,2024-10-25T21:48:42,2024-10-25,2024,Unknown,0,14.18,Red,oe:team:2ae1a4c6fe17bf70dd4b5520d60f55b,NNO Prime,oe:team:6a060bd74c9041bf0aa89adf9d15d12,Unicorns of Love Sexy Edition,oe:player:e3b8d5a9290fe0c7458dc01db4dc9dc,Serin,mid,Orianna,oe:player:157108ff2b64591e5703c64dbae3a2e,LeBlanc,mid:Orianna,lineup-12e790c5321078fe,0,1668.00000000,27.80000000,4,5,0,0.80000000,9556.00000000,12609.00000000,183,453.56115108,0.21073524,0.26701537,16,0.57553957,0.44444444,-1071.00000000,-991.00000000,-17.00000000,0,warmup,,,,,
pg-e6dba170d8652dff,LOLTMNT05_90053,2024-10-25T21:48:42,2024-10-25,2024,Unknown,0,14.18,Red,oe:team:2ae1a4c6fe17bf70dd4b5520d60f55b,NNO Prime,oe:team:6a060bd74c9041bf0aa89adf9d15d12,Unicorns of Love Sexy Edition,oe:player:35650a63e482edbdb82b6950955e052,Lucky,sup,Rell,oe:player:973547129a691fb61e886add170ac7a,Poppy,sup:Rell,lineup-12e790c5321078fe,0,1668.00000000,27.80000000,0,5,4,0.80000000,6156.00000000,2584.00000000,30,92.94964029,0.13575619,0.05472026,86,3.09352518,0.44444444,-1780.00000000,-191.00000000,7.00000000,0,warmup,,,,,
pg-2fce74f6038897e6,LOLTMNT05_90053,2024-10-25T21:48:42,2024-10-25,2024,Unknown,0,14.18,Red,oe:team:2ae1a4c6fe17bf70dd4b5520d60f55b,NNO Prime,oe:team:6a060bd74c9041bf0aa89adf9d15d12,Unicorns of Love Sexy Edition,oe:player:1d17186c66b693755087b8af8d0c611,Scarface,top,Gnar,oe:player:11b40dd5fcd01f1fca9496859ccd862,K'Sante,top:Gnar,lineup-12e790c5321078fe,0,1668.00000000,27.80000000,2,4,3,1.25000000,10963.00000000,14667.00000000,247,527.58992806,0.24176333,0.31059676,31,1.11510791,0.55555556,-1404.00000000,-1600.00000000,-24.00000000,0,warmup,,,,,
